Ex ID;Start_time;End_time;Injected_value;CACC_spacing;Run_status;Impact_status;Collision_state;Collision_time;collider;victim;Collision_pos;Collision_lane;Accel_0_max;Dcel_0_min;Accel_1_max;Dcel_1_min;Accel_2_max;Dcel_2_min;Accel_3_max;Dcel_3_min;Accel_4_max;Dcel_4_min;Accel_5_max;Dcel_5_min;Accel_6_max;Dcel_6_min;Accel_7_max;Dcel_7_min;controller
1;16.0;22.0;0.5;5;Successful;Effective;collision;20.05;vtypeauto.1;vtypeauto.0;565.04;edge_0_0_0;0.0;-6.0;0.25;-6.96;0.39;-7.46;0.47;-7.65;;;;;;;;;CACC
2;16.0;22.0;0.5;8;Successful;Effective;No;No;No;No;No;No;0.0;-6.0;0.25;-6.96;0.39;-7.46;0.47;-7.65;;;;;;;;;CACC
3;16.0;22.0;0.5;10;Successful;Effective;No;No;No;No;No;No;0.0;-6.0;0.25;-6.96;0.39;-7.46;0.47;-7.65;;;;;;;;;CACC
4;16.0;22.0;0.6;5;Successful;Effective;collision;19.58;vtypeauto.1;vtypeauto.0;558.59;edge_0_0_0;0.0;-6.0;0.25;-7.14;0.39;-7.76;0.47;-7.99;;;;;;;;;CACC
5;16.0;22.0;0.6;8;Successful;Effective;collision;21.80;vtypeauto.1;vtypeauto.0;586.47;edge_0_0_0;0.0;-6.0;0.25;-7.14;0.39;-7.76;0.47;-7.99;;;;;;;;;CACC
6;16.0;22.0;0.6;10;Successful;Effective;No;No;No;No;No;No;0.0;-6.0;0.25;-7.14;0.39;-7.76;0.47;-7.99;;;;;;;;;CACC
7;16.0;22.0;0.7;5;Successful;Effective;collision;19.31;vtypeauto.1;vtypeauto.0;554.26;edge_0_0_0;0.0;-6.0;0.25;-7.33;0.39;-8.06;0.47;-8.34;;;;;;;;;CACC
8;16.0;22.0;0.7;8;Successful;Effective;collision;20.48;vtypeauto.1;vtypeauto.0;578.81;edge_0_0_0;0.0;-6.0;0.25;-7.33;0.39;-8.06;0.47;-8.34;;;;;;;;;CACC
9;16.0;22.0;0.7;10;Successful;Effective;No;No;No;No;No;No;0.0;-6.0;0.25;-7.33;0.39;-8.06;0.47;-8.34;;;;;;;;;CACC
10;16.0;22.0;0.8;5;Successful;Effective;collision;19.15;vtypeauto.1;vtypeauto.0;551.53;edge_0_0_0;0.0;-6.0;0.25;-7.51;0.39;-8.37;0.47;-8.72;;;;;;;;;CACC
11;16.0;22.0;0.8;8;Successful;Effective;collision;20.00;vtypeauto.1;vtypeauto.0;573.42;edge_0_0_0;0.0;-6.0;0.25;-7.51;0.39;-8.37;0.47;-8.72;;;;;;;;;CACC
12;16.0;22.0;0.8;10;Successful;Effective;collision;20.90;vtypeauto.1;vtypeauto.0;588.38;edge_0_0_0;0.0;-6.0;0.25;-7.51;0.39;-8.37;0.47;-8.72;;;;;;;;;CACC
13;16.0;22.0;0.9;5;Successful;Effective;collision;19.04;vtypeauto.1;vtypeauto.0;549.56;edge_0_0_0;0.0;-6.0;0.25;-7.7;0.39;-8.7;0.47;-9.0;;;;;;;;;CACC
14;16.0;22.0;0.9;8;Successful;Effective;collision;19.72;vtypeauto.1;vtypeauto.0;569.64;edge_0_0_0;0.0;-6.0;0.25;-7.7;0.39;-8.7;0.47;-9.0;;;;;;;;;CACC
15;16.0;22.0;0.9;10;Successful;Effective;collision;20.33;vtypeauto.1;vtypeauto.0;583.28;edge_0_0_0;0.0;-6.0;0.25;-7.7;0.39;-8.7;0.47;-9.0;;;;;;;;;CACC
16;16.0;22.0;1.0;5;Successful;Effective;collision;18.96;vtypeauto.1;vtypeauto.0;548.05;edge_0_0_0;0.0;-6.0;0.25;-7.89;0.39;-9.0;0.47;-9.0;;;;;;;;;CACC
17;16.0;22.0;1.0;8;Successful;Effective;collision;19.54;vtypeauto.1;vtypeauto.0;566.96;edge_0_0_0;0.0;-6.0;0.25;-7.89;0.39;-9.0;0.47;-9.0;;;;;;;;;CACC
18;16.0;22.0;1.0;10;Successful;Effective;collision;20.01;vtypeauto.1;vtypeauto.0;579.55;edge_0_0_0;0.0;-6.0;0.25;-7.89;0.39;-9.0;0.47;-9.0;;;;;;;;;CACC
19;16.0;22.0;1.1;5;Successful;Effective;collision;18.91;vtypeauto.1;vtypeauto.0;547.12;edge_0_0_0;0.0;-6.0;0.25;-8.08;0.39;-9.0;0.47;-9.0;;;;;;;;;CACC
20;16.0;22.0;1.1;8;Successful;Effective;collision;19.42;vtypeauto.1;vtypeauto.0;565.09;edge_0_0_0;0.0;-6.0;0.25;-8.08;0.39;-9.0;0.47;-9.0;;;;;;;;;CACC
21;16.0;22.0;1.1;10;Successful;Effective;collision;19.81;vtypeauto.1;vtypeauto.0;576.93;edge_0_0_0;0.0;-6.0;0.25;-8.08;0.39;-9.0;0.47;-9.0;;;;;;;;;CACC
22;16.1;22.1;0.5;5;Successful;Effective;collision;20.05;vtypeauto.1;vtypeauto.0;565.04;edge_0_0_0;0.0;-6.0;0.25;-6.96;0.39;-7.46;0.47;-7.65;;;;;;;;;CACC
23;16.1;22.1;0.5;8;Successful;Effective;No;No;No;No;No;No;0.0;-6.0;0.25;-6.96;0.39;-7.46;0.47;-7.65;;;;;;;;;CACC
24;16.1;22.1;0.5;10;Successful;Effective;No;No;No;No;No;No;0.0;-6.0;0.25;-6.96;0.39;-7.46;0.47;-7.65;;;;;;;;;CACC
25;16.1;22.1;0.6;5;Successful;Effective;collision;19.58;vtypeauto.1;vtypeauto.0;558.59;edge_0_0_0;0.0;-6.0;0.25;-7.14;0.39;-7.76;0.47;-7.99;;;;;;;;;CACC
26;16.1;22.1;0.6;8;Successful;Effective;collision;21.80;vtypeauto.1;vtypeauto.0;586.47;edge_0_0_0;0.0;-6.0;0.25;-7.14;0.39;-7.76;0.47;-7.99;;;;;;;;;CACC
27;16.1;22.1;0.6;10;Successful;Effective;No;No;No;No;No;No;0.0;-6.0;0.25;-7.14;0.39;-7.76;0.47;-7.99;;;;;;;;;CACC
28;16.1;22.1;0.7;5;Successful;Effective;collision;19.31;vtypeauto.1;vtypeauto.0;554.26;edge_0_0_0;0.0;-6.0;0.25;-7.33;0.39;-8.06;0.47;-8.34;;;;;;;;;CACC
29;16.1;22.1;0.7;8;Successful;Effective;collision;20.48;vtypeauto.1;vtypeauto.0;578.81;edge_0_0_0;0.0;-6.0;0.25;-7.33;0.39;-8.06;0.47;-8.34;;;;;;;;;CACC
30;16.1;22.1;0.7;10;Successful;Effective;No;No;No;No;No;No;0.0;-6.0;0.25;-7.33;0.39;-8.06;0.47;-8.34;;;;;;;;;CACC
31;16.1;22.1;0.8;5;Successful;Effective;collision;19.15;vtypeauto.1;vtypeauto.0;551.53;edge_0_0_0;0.0;-6.0;0.25;-7.51;0.39;-8.37;0.47;-8.72;;;;;;;;;CACC
32;16.1;22.1;0.8;8;Successful;Effective;collision;20.00;vtypeauto.1;vtypeauto.0;573.42;edge_0_0_0;0.0;-6.0;0.25;-7.51;0.39;-8.37;0.47;-8.72;;;;;;;;;CACC
33;16.1;22.1;0.8;10;Successful;Effective;collision;20.90;vtypeauto.1;vtypeauto.0;588.38;edge_0_0_0;0.0;-6.0;0.25;-7.51;0.39;-8.37;0.47;-8.72;;;;;;;;;CACC
34;16.1;22.1;0.9;5;Successful;Effective;collision;19.04;vtypeauto.1;vtypeauto.0;549.56;edge_0_0_0;0.0;-6.0;0.25;-7.7;0.39;-8.7;0.47;-9.0;;;;;;;;;CACC
35;16.1;22.1;0.9;8;Successful;Effective;collision;19.72;vtypeauto.1;vtypeauto.0;569.64;edge_0_0_0;0.0;-6.0;0.25;-7.7;0.39;-8.7;0.47;-9.0;;;;;;;;;CACC
36;16.1;22.1;0.9;10;Successful;Effective;collision;20.33;vtypeauto.1;vtypeauto.0;583.28;edge_0_0_0;0.0;-6.0;0.25;-7.7;0.39;-8.7;0.47;-9.0;;;;;;;;;CACC
37;16.1;22.1;1.0;5;Successful;Effective;collision;18.96;vtypeauto.1;vtypeauto.0;548.05;edge_0_0_0;0.0;-6.0;0.25;-7.89;0.39;-9.0;0.47;-9.0;;;;;;;;;CACC
38;16.1;22.1;1.0;8;Successful;Effective;collision;19.54;vtypeauto.1;vtypeauto.0;566.96;edge_0_0_0;0.0;-6.0;0.25;-7.89;0.39;-9.0;0.47;-9.0;;;;;;;;;CACC
39;16.1;22.1;1.0;10;Successful;Effective;collision;20.01;vtypeauto.1;vtypeauto.0;579.55;edge_0_0_0;0.0;-6.0;0.25;-7.89;0.39;-9.0;0.47;-9.0;;;;;;;;;CACC
40;16.1;22.1;1.1;5;Successful;Effective;collision;18.91;vtypeauto.1;vtypeauto.0;547.12;edge_0_0_0;0.0;-6.0;0.25;-8.08;0.39;-9.0;0.47;-9.0;;;;;;;;;CACC
41;16.1;22.1;1.1;8;Successful;Effective;collision;19.42;vtypeauto.1;vtypeauto.0;565.09;edge_0_0_0;0.0;-6.0;0.25;-8.08;0.39;-9.0;0.47;-9.0;;;;;;;;;CACC
42;16.1;22.1;1.1;10;Successful;Effective;collision;19.81;vtypeauto.1;vtypeauto.0;576.93;edge_0_0_0;0.0;-6.0;0.25;-8.08;0.39;-9.0;0.47;-9.0;;;;;;;;;CACC
43;16.2;22.2;0.5;5;Successful;Effective;collision;20.05;vtypeauto.1;vtypeauto.0;565.04;edge_0_0_0;0.0;-6.0;0.25;-6.96;0.39;-7.46;0.47;-7.65;;;;;;;;;CACC
44;16.2;22.2;0.5;8;Successful;Effective;No;No;No;No;No;No;0.0;-6.0;0.25;-6.96;0.39;-7.46;0.47;-7.65;;;;;;;;;CACC
45;16.2;22.2;0.5;10;Successful;Effective;No;No;No;No;No;No;0.0;-6.0;0.25;-6.96;0.39;-7.46;0.47;-7.65;;;;;;;;;CACC
46;16.2;22.2;0.6;5;Successful;Effective;collision;19.58;vtypeauto.1;vtypeauto.0;558.59;edge_0_0_0;0.0;-6.0;0.25;-7.14;0.39;-7.76;0.47;-7.99;;;;;;;;;CACC
47;16.2;22.2;0.6;8;Successful;Effective;collision;21.80;vtypeauto.1;vtypeauto.0;586.47;edge_0_0_0;0.0;-6.0;0.25;-7.14;0.39;-7.76;0.47;-7.99;;;;;;;;;CACC
48;16.2;22.2;0.6;10;Successful;Effective;No;No;No;No;No;No;0.0;-6.0;0.25;-7.14;0.39;-7.76;0.47;-7.99;;;;;;;;;CACC
49;16.2;22.2;0.7;5;Successful;Effective;collision;19.31;vtypeauto.1;vtypeauto.0;554.26;edge_0_0_0;0.0;-6.0;0.25;-7.33;0.39;-8.06;0.47;-8.34;;;;;;;;;CACC
50;16.2;22.2;0.7;8;Successful;Effective;collision;20.48;vtypeauto.1;vtypeauto.0;578.81;edge_0_0_0;0.0;-6.0;0.25;-7.33;0.39;-8.06;0.47;-8.34;;;;;;;;;CACC
51;16.2;22.2;0.7;10;Successful;Effective;No;No;No;No;No;No;0.0;-6.0;0.25;-7.33;0.39;-8.06;0.47;-8.34;;;;;;;;;CACC
52;16.2;22.2;0.8;5;Successful;Effective;collision;19.15;vtypeauto.1;vtypeauto.0;551.53;edge_0_0_0;0.0;-6.0;0.25;-7.51;0.39;-8.37;0.47;-8.72;;;;;;;;;CACC
53;16.2;22.2;0.8;8;Successful;Effective;collision;20.00;vtypeauto.1;vtypeauto.0;573.42;edge_0_0_0;0.0;-6.0;0.25;-7.51;0.39;-8.37;0.47;-8.72;;;;;;;;;CACC
54;16.2;22.2;0.8;10;Successful;Effective;collision;20.90;vtypeauto.1;vtypeauto.0;588.38;edge_0_0_0;0.0;-6.0;0.25;-7.51;0.39;-8.37;0.47;-8.72;;;;;;;;;CACC
55;16.2;22.2;0.9;5;Successful;Effective;collision;19.04;vtypeauto.1;vtypeauto.0;549.56;edge_0_0_0;0.0;-6.0;0.25;-7.7;0.39;-8.7;0.47;-9.0;;;;;;;;;CACC
56;16.2;22.2;0.9;8;Successful;Effective;collision;19.72;vtypeauto.1;vtypeauto.0;569.64;edge_0_0_0;0.0;-6.0;0.25;-7.7;0.39;-8.7;0.47;-9.0;;;;;;;;;CACC
57;16.2;22.2;0.9;10;Successful;Effective;collision;20.33;vtypeauto.1;vtypeauto.0;583.28;edge_0_0_0;0.0;-6.0;0.25;-7.7;0.39;-8.7;0.47;-9.0;;;;;;;;;CACC
58;16.2;22.2;1.0;5;Successful;Effective;collision;18.96;vtypeauto.1;vtypeauto.0;548.05;edge_0_0_0;0.0;-6.0;0.25;-7.89;0.39;-9.0;0.47;-9.0;;;;;;;;;CACC
59;16.2;22.2;1.0;8;Successful;Effective;collision;19.54;vtypeauto.1;vtypeauto.0;566.96;edge_0_0_0;0.0;-6.0;0.25;-7.89;0.39;-9.0;0.47;-9.0;;;;;;;;;CACC
60;16.2;22.2;1.0;10;Successful;Effective;collision;20.01;vtypeauto.1;vtypeauto.0;579.55;edge_0_0_0;0.0;-6.0;0.25;-7.89;0.39;-9.0;0.47;-9.0;;;;;;;;;CACC
61;16.2;22.2;1.1;5;Successful;Effective;collision;18.91;vtypeauto.1;vtypeauto.0;547.12;edge_0_0_0;0.0;-6.0;0.25;-8.08;0.39;-9.0;0.47;-9.0;;;;;;;;;CACC
62;16.2;22.2;1.1;8;Successful;Effective;collision;19.42;vtypeauto.1;vtypeauto.0;565.09;edge_0_0_0;0.0;-6.0;0.25;-8.08;0.39;-9.0;0.47;-9.0;;;;;;;;;CACC
63;16.2;22.2;1.1;10;Successful;Effective;collision;19.81;vtypeauto.1;vtypeauto.0;576.93;edge_0_0_0;0.0;-6.0;0.25;-8.08;0.39;-9.0;0.47;-9.0;;;;;;;;;CACC
64;16.3;22.3;0.5;5;Successful;Effective;collision;20.05;vtypeauto.1;vtypeauto.0;565.04;edge_0_0_0;0.0;-6.0;0.25;-6.96;0.39;-7.46;0.47;-7.65;;;;;;;;;CACC
65;16.3;22.3;0.5;8;Successful;Effective;No;No;No;No;No;No;0.0;-6.0;0.25;-6.96;0.39;-7.46;0.47;-7.65;;;;;;;;;CACC
66;16.3;22.3;0.5;10;Successful;Effective;No;No;No;No;No;No;0.0;-6.0;0.25;-6.96;0.39;-7.46;0.47;-7.65;;;;;;;;;CACC
67;16.3;22.3;0.6;5;Successful;Effective;collision;19.58;vtypeauto.1;vtypeauto.0;558.59;edge_0_0_0;0.0;-6.0;0.25;-7.14;0.39;-7.76;0.47;-7.99;;;;;;;;;CACC
68;16.3;22.3;0.6;8;Successful;Effective;collision;21.80;vtypeauto.1;vtypeauto.0;586.47;edge_0_0_0;0.0;-6.0;0.25;-7.14;0.39;-7.76;0.47;-7.99;;;;;;;;;CACC
69;16.3;22.3;0.6;10;Successful;Effective;No;No;No;No;No;No;0.0;-6.0;0.25;-7.14;0.39;-7.76;0.47;-7.99;;;;;;;;;CACC
70;16.3;22.3;0.7;5;Successful;Effective;collision;19.31;vtypeauto.1;vtypeauto.0;554.26;edge_0_0_0;0.0;-6.0;0.25;-7.33;0.39;-8.06;0.47;-8.34;;;;;;;;;CACC
71;16.3;22.3;0.7;8;Successful;Effective;collision;20.48;vtypeauto.1;vtypeauto.0;578.81;edge_0_0_0;0.0;-6.0;0.25;-7.33;0.39;-8.06;0.47;-8.34;;;;;;;;;CACC
72;16.3;22.3;0.7;10;Successful;Effective;No;No;No;No;No;No;0.0;-6.0;0.25;-7.33;0.39;-8.06;0.47;-8.34;;;;;;;;;CACC
73;16.3;22.3;0.8;5;Successful;Effective;collision;19.15;vtypeauto.1;vtypeauto.0;551.53;edge_0_0_0;0.0;-6.0;0.25;-7.51;0.39;-8.37;0.47;-8.72;;;;;;;;;CACC
74;16.3;22.3;0.8;8;Successful;Effective;collision;20.00;vtypeauto.1;vtypeauto.0;573.42;edge_0_0_0;0.0;-6.0;0.25;-7.51;0.39;-8.37;0.47;-8.72;;;;;;;;;CACC
75;16.3;22.3;0.8;10;Successful;Effective;collision;20.90;vtypeauto.1;vtypeauto.0;588.38;edge_0_0_0;0.0;-6.0;0.25;-7.51;0.39;-8.37;0.47;-8.72;;;;;;;;;CACC
76;16.3;22.3;0.9;5;Successful;Effective;collision;19.04;vtypeauto.1;vtypeauto.0;549.56;edge_0_0_0;0.0;-6.0;0.25;-7.7;0.39;-8.7;0.47;-9.0;;;;;;;;;CACC
77;16.3;22.3;0.9;8;Successful;Effective;collision;19.72;vtypeauto.1;vtypeauto.0;569.64;edge_0_0_0;0.0;-6.0;0.25;-7.7;0.39;-8.7;0.47;-9.0;;;;;;;;;CACC
78;16.3;22.3;0.9;10;Successful;Effective;collision;20.33;vtypeauto.1;vtypeauto.0;583.28;edge_0_0_0;0.0;-6.0;0.25;-7.7;0.39;-8.7;0.47;-9.0;;;;;;;;;CACC
79;16.3;22.3;1.0;5;Successful;Effective;collision;18.96;vtypeauto.1;vtypeauto.0;548.05;edge_0_0_0;0.0;-6.0;0.25;-7.89;0.39;-9.0;0.47;-9.0;;;;;;;;;CACC
80;16.3;22.3;1.0;8;Successful;Effective;collision;19.54;vtypeauto.1;vtypeauto.0;566.96;edge_0_0_0;0.0;-6.0;0.25;-7.89;0.39;-9.0;0.47;-9.0;;;;;;;;;CACC
81;16.3;22.3;1.0;10;Successful;Effective;collision;20.01;vtypeauto.1;vtypeauto.0;579.55;edge_0_0_0;0.0;-6.0;0.25;-7.89;0.39;-9.0;0.47;-9.0;;;;;;;;;CACC
82;16.3;22.3;1.1;5;Successful;Effective;collision;18.91;vtypeauto.1;vtypeauto.0;547.12;edge_0_0_0;0.0;-6.0;0.25;-8.08;0.39;-9.0;0.47;-9.0;;;;;;;;;CACC
83;16.3;22.3;1.1;8;Successful;Effective;collision;19.42;vtypeauto.1;vtypeauto.0;565.09;edge_0_0_0;0.0;-6.0;0.25;-8.08;0.39;-9.0;0.47;-9.0;;;;;;;;;CACC
84;16.3;22.3;1.1;10;Successful;Effective;collision;19.81;vtypeauto.1;vtypeauto.0;576.93;edge_0_0_0;0.0;-6.0;0.25;-8.08;0.39;-9.0;0.47;-9.0;;;;;;;;;CACC
85;16.4;22.4;0.5;5;Successful;Effective;collision;20.05;vtypeauto.1;vtypeauto.0;565.04;edge_0_0_0;0.0;-6.0;0.25;-6.96;0.39;-7.46;0.47;-7.65;;;;;;;;;CACC
86;16.4;22.4;0.5;8;Successful;Effective;No;No;No;No;No;No;0.0;-6.0;0.25;-6.96;0.39;-7.46;0.47;-7.65;;;;;;;;;CACC
87;16.4;22.4;0.5;10;Successful;Effective;No;No;No;No;No;No;0.0;-6.0;0.25;-6.96;0.39;-7.46;0.47;-7.65;;;;;;;;;CACC
88;16.4;22.4;0.6;5;Successful;Effective;collision;19.58;vtypeauto.1;vtypeauto.0;558.59;edge_0_0_0;0.0;-6.0;0.25;-7.14;0.39;-7.76;0.47;-7.99;;;;;;;;;CACC
89;16.4;22.4;0.6;8;Successful;Effective;collision;21.80;vtypeauto.1;vtypeauto.0;586.47;edge_0_0_0;0.0;-6.0;0.25;-7.14;0.39;-7.76;0.47;-7.99;;;;;;;;;CACC
90;16.4;22.4;0.6;10;Successful;Effective;No;No;No;No;No;No;0.0;-6.0;0.25;-7.14;0.39;-7.76;0.47;-7.99;;;;;;;;;CACC
91;16.4;22.4;0.7;5;Successful;Effective;collision;19.31;vtypeauto.1;vtypeauto.0;554.26;edge_0_0_0;0.0;-6.0;0.25;-7.33;0.39;-8.06;0.47;-8.34;;;;;;;;;CACC
92;16.4;22.4;0.7;8;Successful;Effective;collision;20.48;vtypeauto.1;vtypeauto.0;578.81;edge_0_0_0;0.0;-6.0;0.25;-7.33;0.39;-8.06;0.47;-8.34;;;;;;;;;CACC
93;16.4;22.4;0.7;10;Successful;Effective;No;No;No;No;No;No;0.0;-6.0;0.25;-7.33;0.39;-8.06;0.47;-8.34;;;;;;;;;CACC
94;16.4;22.4;0.8;5;Successful;Effective;collision;19.15;vtypeauto.1;vtypeauto.0;551.53;edge_0_0_0;0.0;-6.0;0.25;-7.51;0.39;-8.37;0.47;-8.72;;;;;;;;;CACC
95;16.4;22.4;0.8;8;Successful;Effective;collision;20.00;vtypeauto.1;vtypeauto.0;573.42;edge_0_0_0;0.0;-6.0;0.25;-7.51;0.39;-8.37;0.47;-8.72;;;;;;;;;CACC
96;16.4;22.4;0.8;10;Successful;Effective;collision;20.90;vtypeauto.1;vtypeauto.0;588.38;edge_0_0_0;0.0;-6.0;0.25;-7.51;0.39;-8.37;0.47;-8.72;;;;;;;;;CACC
97;16.4;22.4;0.9;5;Successful;Effective;collision;19.04;vtypeauto.1;vtypeauto.0;549.56;edge_0_0_0;0.0;-6.0;0.25;-7.7;0.39;-8.7;0.47;-9.0;;;;;;;;;CACC
98;16.4;22.4;0.9;8;Successful;Effective;collision;19.72;vtypeauto.1;vtypeauto.0;569.64;edge_0_0_0;0.0;-6.0;0.25;-7.7;0.39;-8.7;0.47;-9.0;;;;;;;;;CACC
99;16.4;22.4;0.9;10;Successful;Effective;collision;20.33;vtypeauto.1;vtypeauto.0;583.28;edge_0_0_0;0.0;-6.0;0.25;-7.7;0.39;-8.7;0.47;-9.0;;;;;;;;;CACC
100;16.4;22.4;1.0;5;Successful;Effective;collision;18.96;vtypeauto.1;vtypeauto.0;548.05;edge_0_0_0;0.0;-6.0;0.25;-7.89;0.39;-9.0;0.47;-9.0;;;;;;;;;CACC
101;16.4;22.4;1.0;8;Successful;Effective;collision;19.54;vtypeauto.1;vtypeauto.0;566.96;edge_0_0_0;0.0;-6.0;0.25;-7.89;0.39;-9.0;0.47;-9.0;;;;;;;;;CACC
102;16.4;22.4;1.0;10;Successful;Effective;collision;20.01;vtypeauto.1;vtypeauto.0;579.55;edge_0_0_0;0.0;-6.0;0.25;-7.89;0.39;-9.0;0.47;-9.0;;;;;;;;;CACC
103;16.4;22.4;1.1;5;Successful;Effective;collision;18.91;vtypeauto.1;vtypeauto.0;547.12;edge_0_0_0;0.0;-6.0;0.25;-8.08;0.39;-9.0;0.47;-9.0;;;;;;;;;CACC
104;16.4;22.4;1.1;8;Successful;Effective;collision;19.42;vtypeauto.1;vtypeauto.0;565.09;edge_0_0_0;0.0;-6.0;0.25;-8.08;0.39;-9.0;0.47;-9.0;;;;;;;;;CACC
105;16.4;22.4;1.1;10;Successful;Effective;collision;19.81;vtypeauto.1;vtypeauto.0;576.93;edge_0_0_0;0.0;-6.0;0.25;-8.08;0.39;-9.0;0.47;-9.0;;;;;;;;;CACC
106;16.5;22.5;0.5;5;Successful;Effective;collision;20.05;vtypeauto.1;vtypeauto.0;565.04;edge_0_0_0;0.0;-6.0;0.25;-6.96;0.39;-7.46;0.47;-7.65;;;;;;;;;CACC
107;16.5;22.5;0.5;8;Successful;Effective;No;No;No;No;No;No;0.0;-6.0;0.25;-6.96;0.39;-7.46;0.47;-7.65;;;;;;;;;CACC
108;16.5;22.5;0.5;10;Successful;Effective;No;No;No;No;No;No;0.0;-6.0;0.25;-6.96;0.39;-7.46;0.47;-7.65;;;;;;;;;CACC
109;16.5;22.5;0.6;5;Successful;Effective;collision;19.58;vtypeauto.1;vtypeauto.0;558.59;edge_0_0_0;0.0;-6.0;0.25;-7.14;0.39;-7.76;0.47;-7.99;;;;;;;;;CACC
110;16.5;22.5;0.6;8;Successful;Effective;collision;21.80;vtypeauto.1;vtypeauto.0;586.47;edge_0_0_0;0.0;-6.0;0.25;-7.14;0.39;-7.76;0.47;-7.99;;;;;;;;;CACC
111;16.5;22.5;0.6;10;Successful;Effective;No;No;No;No;No;No;0.0;-6.0;0.25;-7.14;0.39;-7.76;0.47;-7.99;;;;;;;;;CACC
112;16.5;22.5;0.7;5;Successful;Effective;collision;19.31;vtypeauto.1;vtypeauto.0;554.26;edge_0_0_0;0.0;-6.0;0.25;-7.33;0.39;-8.06;0.47;-8.34;;;;;;;;;CACC
113;16.5;22.5;0.7;8;Successful;Effective;collision;20.48;vtypeauto.1;vtypeauto.0;578.81;edge_0_0_0;0.0;-6.0;0.25;-7.33;0.39;-8.06;0.47;-8.34;;;;;;;;;CACC
114;16.5;22.5;0.7;10;Successful;Effective;No;No;No;No;No;No;0.0;-6.0;0.25;-7.33;0.39;-8.06;0.47;-8.34;;;;;;;;;CACC
115;16.5;22.5;0.8;5;Successful;Effective;collision;19.15;vtypeauto.1;vtypeauto.0;551.53;edge_0_0_0;0.0;-6.0;0.25;-7.51;0.39;-8.37;0.47;-8.72;;;;;;;;;CACC
116;16.5;22.5;0.8;8;Successful;Effective;collision;20.00;vtypeauto.1;vtypeauto.0;573.42;edge_0_0_0;0.0;-6.0;0.25;-7.51;0.39;-8.37;0.47;-8.72;;;;;;;;;CACC
117;16.5;22.5;0.8;10;Successful;Effective;collision;20.90;vtypeauto.1;vtypeauto.0;588.38;edge_0_0_0;0.0;-6.0;0.25;-7.51;0.39;-8.37;0.47;-8.72;;;;;;;;;CACC
118;16.5;22.5;0.9;5;Successful;Effective;collision;19.04;vtypeauto.1;vtypeauto.0;549.56;edge_0_0_0;0.0;-6.0;0.25;-7.7;0.39;-8.7;0.47;-9.0;;;;;;;;;CACC
119;16.5;22.5;0.9;8;Successful;Effective;collision;19.72;vtypeauto.1;vtypeauto.0;569.64;edge_0_0_0;0.0;-6.0;0.25;-7.7;0.39;-8.7;0.47;-9.0;;;;;;;;;CACC
120;16.5;22.5;0.9;10;Successful;Effective;collision;20.33;vtypeauto.1;vtypeauto.0;583.28;edge_0_0_0;0.0;-6.0;0.25;-7.7;0.39;-8.7;0.47;-9.0;;;;;;;;;CACC
121;16.5;22.5;1.0;5;Successful;Effective;collision;18.96;vtypeauto.1;vtypeauto.0;548.05;edge_0_0_0;0.0;-6.0;0.25;-7.89;0.39;-9.0;0.47;-9.0;;;;;;;;;CACC
122;16.5;22.5;1.0;8;Successful;Effective;collision;19.54;vtypeauto.1;vtypeauto.0;566.96;edge_0_0_0;0.0;-6.0;0.25;-7.89;0.39;-9.0;0.47;-9.0;;;;;;;;;CACC
123;16.5;22.5;1.0;10;Successful;Effective;collision;20.01;vtypeauto.1;vtypeauto.0;579.55;edge_0_0_0;0.0;-6.0;0.25;-7.89;0.39;-9.0;0.47;-9.0;;;;;;;;;CACC
124;16.5;22.5;1.1;5;Successful;Effective;collision;18.91;vtypeauto.1;vtypeauto.0;547.12;edge_0_0_0;0.0;-6.0;0.25;-8.08;0.39;-9.0;0.47;-9.0;;;;;;;;;CACC
125;16.5;22.5;1.1;8;Successful;Effective;collision;19.42;vtypeauto.1;vtypeauto.0;565.09;edge_0_0_0;0.0;-6.0;0.25;-8.08;0.39;-9.0;0.47;-9.0;;;;;;;;;CACC
126;16.5;22.5;1.1;10;Successful;Effective;collision;19.81;vtypeauto.1;vtypeauto.0;576.93;edge_0_0_0;0.0;-6.0;0.25;-8.08;0.39;-9.0;0.47;-9.0;;;;;;;;;CACC
127;16.6;22.6;0.5;5;Successful;Effective;collision;20.05;vtypeauto.1;vtypeauto.0;565.04;edge_0_0_0;0.0;-6.0;0.25;-6.96;0.39;-7.46;0.47;-7.65;;;;;;;;;CACC
128;16.6;22.6;0.5;8;Successful;Effective;No;No;No;No;No;No;0.0;-6.0;0.25;-6.96;0.39;-7.46;0.47;-7.65;;;;;;;;;CACC
129;16.6;22.6;0.5;10;Successful;Effective;No;No;No;No;No;No;0.0;-6.0;0.25;-6.96;0.39;-7.46;0.47;-7.65;;;;;;;;;CACC
130;16.6;22.6;0.6;5;Successful;Effective;collision;19.58;vtypeauto.1;vtypeauto.0;558.59;edge_0_0_0;0.0;-6.0;0.25;-7.14;0.39;-7.76;0.47;-7.99;;;;;;;;;CACC
131;16.6;22.6;0.6;8;Successful;Effective;collision;21.80;vtypeauto.1;vtypeauto.0;586.47;edge_0_0_0;0.0;-6.0;0.25;-7.14;0.39;-7.76;0.47;-7.99;;;;;;;;;CACC
132;16.6;22.6;0.6;10;Successful;Effective;No;No;No;No;No;No;0.0;-6.0;0.25;-7.14;0.39;-7.76;0.47;-7.99;;;;;;;;;CACC
133;16.6;22.6;0.7;5;Successful;Effective;collision;19.31;vtypeauto.1;vtypeauto.0;554.26;edge_0_0_0;0.0;-6.0;0.25;-7.33;0.39;-8.06;0.47;-8.34;;;;;;;;;CACC
134;16.6;22.6;0.7;8;Successful;Effective;collision;20.48;vtypeauto.1;vtypeauto.0;578.81;edge_0_0_0;0.0;-6.0;0.25;-7.33;0.39;-8.06;0.47;-8.34;;;;;;;;;CACC
135;16.6;22.6;0.7;10;Successful;Effective;No;No;No;No;No;No;0.0;-6.0;0.25;-7.33;0.39;-8.06;0.47;-8.34;;;;;;;;;CACC
136;16.6;22.6;0.8;5;Successful;Effective;collision;19.15;vtypeauto.1;vtypeauto.0;551.53;edge_0_0_0;0.0;-6.0;0.25;-7.51;0.39;-8.37;0.47;-8.72;;;;;;;;;CACC
137;16.6;22.6;0.8;8;Successful;Effective;collision;20.00;vtypeauto.1;vtypeauto.0;573.42;edge_0_0_0;0.0;-6.0;0.25;-7.51;0.39;-8.37;0.47;-8.72;;;;;;;;;CACC
138;16.6;22.6;0.8;10;Successful;Effective;collision;20.90;vtypeauto.1;vtypeauto.0;588.38;edge_0_0_0;0.0;-6.0;0.25;-7.51;0.39;-8.37;0.47;-8.72;;;;;;;;;CACC
139;16.6;22.6;0.9;5;Successful;Effective;collision;19.04;vtypeauto.1;vtypeauto.0;549.56;edge_0_0_0;0.0;-6.0;0.25;-7.7;0.39;-8.7;0.47;-9.0;;;;;;;;;CACC
140;16.6;22.6;0.9;8;Successful;Effective;collision;19.72;vtypeauto.1;vtypeauto.0;569.64;edge_0_0_0;0.0;-6.0;0.25;-7.7;0.39;-8.7;0.47;-9.0;;;;;;;;;CACC
141;16.6;22.6;0.9;10;Successful;Effective;collision;20.33;vtypeauto.1;vtypeauto.0;583.28;edge_0_0_0;0.0;-6.0;0.25;-7.7;0.39;-8.7;0.47;-9.0;;;;;;;;;CACC
142;16.6;22.6;1.0;5;Successful;Effective;collision;18.96;vtypeauto.1;vtypeauto.0;548.05;edge_0_0_0;0.0;-6.0;0.25;-7.89;0.39;-9.0;0.47;-9.0;;;;;;;;;CACC
143;16.6;22.6;1.0;8;Successful;Effective;collision;19.54;vtypeauto.1;vtypeauto.0;566.96;edge_0_0_0;0.0;-6.0;0.25;-7.89;0.39;-9.0;0.47;-9.0;;;;;;;;;CACC
144;16.6;22.6;1.0;10;Successful;Effective;collision;20.01;vtypeauto.1;vtypeauto.0;579.55;edge_0_0_0;0.0;-6.0;0.25;-7.89;0.39;-9.0;0.47;-9.0;;;;;;;;;CACC
145;16.6;22.6;1.1;5;Successful;Effective;collision;18.91;vtypeauto.1;vtypeauto.0;547.12;edge_0_0_0;0.0;-6.0;0.25;-8.08;0.39;-9.0;0.47;-9.0;;;;;;;;;CACC
146;16.6;22.6;1.1;8;Successful;Effective;collision;19.42;vtypeauto.1;vtypeauto.0;565.09;edge_0_0_0;0.0;-6.0;0.25;-8.08;0.39;-9.0;0.47;-9.0;;;;;;;;;CACC
147;16.6;22.6;1.1;10;Successful;Effective;collision;19.81;vtypeauto.1;vtypeauto.0;576.93;edge_0_0_0;0.0;-6.0;0.25;-8.08;0.39;-9.0;0.47;-9.0;;;;;;;;;CACC
148;16.7;22.7;0.5;5;Successful;Effective;collision;20.05;vtypeauto.1;vtypeauto.0;565.04;edge_0_0_0;0.0;-6.0;0.25;-6.96;0.39;-7.46;0.47;-7.65;;;;;;;;;CACC
149;16.7;22.7;0.5;8;Successful;Effective;No;No;No;No;No;No;0.0;-6.0;0.25;-6.96;0.39;-7.46;0.47;-7.65;;;;;;;;;CACC
150;16.7;22.7;0.5;10;Successful;Effective;No;No;No;No;No;No;0.0;-6.0;0.25;-6.96;0.39;-7.46;0.47;-7.65;;;;;;;;;CACC
151;16.7;22.7;0.6;5;Successful;Effective;collision;19.58;vtypeauto.1;vtypeauto.0;558.59;edge_0_0_0;0.0;-6.0;0.25;-7.14;0.39;-7.76;0.47;-7.99;;;;;;;;;CACC
152;16.7;22.7;0.6;8;Successful;Effective;collision;21.80;vtypeauto.1;vtypeauto.0;586.47;edge_0_0_0;0.0;-6.0;0.25;-7.14;0.39;-7.76;0.47;-7.99;;;;;;;;;CACC
153;16.7;22.7;0.6;10;Successful;Effective;No;No;No;No;No;No;0.0;-6.0;0.25;-7.14;0.39;-7.76;0.47;-7.99;;;;;;;;;CACC
154;16.7;22.7;0.7;5;Successful;Effective;collision;19.31;vtypeauto.1;vtypeauto.0;554.26;edge_0_0_0;0.0;-6.0;0.25;-7.33;0.39;-8.06;0.47;-8.34;;;;;;;;;CACC
155;16.7;22.7;0.7;8;Successful;Effective;collision;20.48;vtypeauto.1;vtypeauto.0;578.81;edge_0_0_0;0.0;-6.0;0.25;-7.33;0.39;-8.06;0.47;-8.34;;;;;;;;;CACC
156;16.7;22.7;0.7;10;Successful;Effective;No;No;No;No;No;No;0.0;-6.0;0.25;-7.33;0.39;-8.06;0.47;-8.34;;;;;;;;;CACC
157;16.7;22.7;0.8;5;Successful;Effective;collision;19.15;vtypeauto.1;vtypeauto.0;551.53;edge_0_0_0;0.0;-6.0;0.25;-7.51;0.39;-8.37;0.47;-8.72;;;;;;;;;CACC
158;16.7;22.7;0.8;8;Successful;Effective;collision;20.00;vtypeauto.1;vtypeauto.0;573.42;edge_0_0_0;0.0;-6.0;0.25;-7.51;0.39;-8.37;0.47;-8.72;;;;;;;;;CACC
159;16.7;22.7;0.8;10;Successful;Effective;collision;20.90;vtypeauto.1;vtypeauto.0;588.38;edge_0_0_0;0.0;-6.0;0.25;-7.51;0.39;-8.37;0.47;-8.72;;;;;;;;;CACC
160;16.7;22.7;0.9;5;Successful;Effective;collision;19.04;vtypeauto.1;vtypeauto.0;549.56;edge_0_0_0;0.0;-6.0;0.25;-7.7;0.39;-8.7;0.47;-9.0;;;;;;;;;CACC
161;16.7;22.7;0.9;8;Successful;Effective;collision;19.72;vtypeauto.1;vtypeauto.0;569.64;edge_0_0_0;0.0;-6.0;0.25;-7.7;0.39;-8.7;0.47;-9.0;;;;;;;;;CACC
162;16.7;22.7;0.9;10;Successful;Effective;collision;20.33;vtypeauto.1;vtypeauto.0;583.28;edge_0_0_0;0.0;-6.0;0.25;-7.7;0.39;-8.7;0.47;-9.0;;;;;;;;;CACC
163;16.7;22.7;1.0;5;Successful;Effective;collision;18.96;vtypeauto.1;vtypeauto.0;548.05;edge_0_0_0;0.0;-6.0;0.25;-7.89;0.39;-9.0;0.47;-9.0;;;;;;;;;CACC
164;16.7;22.7;1.0;8;Successful;Effective;collision;19.54;vtypeauto.1;vtypeauto.0;566.96;edge_0_0_0;0.0;-6.0;0.25;-7.89;0.39;-9.0;0.47;-9.0;;;;;;;;;CACC
165;16.7;22.7;1.0;10;Successful;Effective;collision;20.01;vtypeauto.1;vtypeauto.0;579.55;edge_0_0_0;0.0;-6.0;0.25;-7.89;0.39;-9.0;0.47;-9.0;;;;;;;;;CACC
166;16.7;22.7;1.1;5;Successful;Effective;collision;18.91;vtypeauto.1;vtypeauto.0;547.12;edge_0_0_0;0.0;-6.0;0.25;-8.08;0.39;-9.0;0.47;-9.0;;;;;;;;;CACC
167;16.7;22.7;1.1;8;Successful;Effective;collision;19.42;vtypeauto.1;vtypeauto.0;565.09;edge_0_0_0;0.0;-6.0;0.25;-8.08;0.39;-9.0;0.47;-9.0;;;;;;;;;CACC
168;16.7;22.7;1.1;10;Successful;Effective;collision;19.81;vtypeauto.1;vtypeauto.0;576.93;edge_0_0_0;0.0;-6.0;0.25;-8.08;0.39;-9.0;0.47;-9.0;;;;;;;;;CACC
169;16.8;22.8;0.5;5;Successful;Effective;collision;20.05;vtypeauto.1;vtypeauto.0;565.04;edge_0_0_0;0.0;-6.0;0.25;-6.96;0.39;-7.46;0.47;-7.65;;;;;;;;;CACC
170;16.8;22.8;0.5;8;Successful;Effective;No;No;No;No;No;No;0.0;-6.0;0.25;-6.96;0.39;-7.46;0.47;-7.65;;;;;;;;;CACC
171;16.8;22.8;0.5;10;Successful;Effective;No;No;No;No;No;No;0.0;-6.0;0.25;-6.96;0.39;-7.46;0.47;-7.65;;;;;;;;;CACC
172;16.8;22.8;0.6;5;Successful;Effective;collision;19.58;vtypeauto.1;vtypeauto.0;558.59;edge_0_0_0;0.0;-6.0;0.25;-7.14;0.39;-7.76;0.47;-7.99;;;;;;;;;CACC
173;16.8;22.8;0.6;8;Successful;Effective;collision;21.80;vtypeauto.1;vtypeauto.0;586.47;edge_0_0_0;0.0;-6.0;0.25;-7.14;0.39;-7.76;0.47;-7.99;;;;;;;;;CACC
174;16.8;22.8;0.6;10;Successful;Effective;No;No;No;No;No;No;0.0;-6.0;0.25;-7.14;0.39;-7.76;0.47;-7.99;;;;;;;;;CACC
175;16.8;22.8;0.7;5;Successful;Effective;collision;19.31;vtypeauto.1;vtypeauto.0;554.26;edge_0_0_0;0.0;-6.0;0.25;-7.33;0.39;-8.06;0.47;-8.34;;;;;;;;;CACC
176;16.8;22.8;0.7;8;Successful;Effective;collision;20.48;vtypeauto.1;vtypeauto.0;578.81;edge_0_0_0;0.0;-6.0;0.25;-7.33;0.39;-8.06;0.47;-8.34;;;;;;;;;CACC
177;16.8;22.8;0.7;10;Successful;Effective;No;No;No;No;No;No;0.0;-6.0;0.25;-7.33;0.39;-8.06;0.47;-8.34;;;;;;;;;CACC
178;16.8;22.8;0.8;5;Successful;Effective;collision;19.15;vtypeauto.1;vtypeauto.0;551.53;edge_0_0_0;0.0;-6.0;0.25;-7.51;0.39;-8.37;0.47;-8.72;;;;;;;;;CACC
179;16.8;22.8;0.8;8;Successful;Effective;collision;20.00;vtypeauto.1;vtypeauto.0;573.42;edge_0_0_0;0.0;-6.0;0.25;-7.51;0.39;-8.37;0.47;-8.72;;;;;;;;;CACC
180;16.8;22.8;0.8;10;Successful;Effective;collision;20.90;vtypeauto.1;vtypeauto.0;588.38;edge_0_0_0;0.0;-6.0;0.25;-7.51;0.39;-8.37;0.47;-8.72;;;;;;;;;CACC
181;16.8;22.8;0.9;5;Successful;Effective;collision;19.04;vtypeauto.1;vtypeauto.0;549.56;edge_0_0_0;0.0;-6.0;0.25;-7.7;0.39;-8.7;0.47;-9.0;;;;;;;;;CACC
182;16.8;22.8;0.9;8;Successful;Effective;collision;19.72;vtypeauto.1;vtypeauto.0;569.64;edge_0_0_0;0.0;-6.0;0.25;-7.7;0.39;-8.7;0.47;-9.0;;;;;;;;;CACC
183;16.8;22.8;0.9;10;Successful;Effective;collision;20.33;vtypeauto.1;vtypeauto.0;583.28;edge_0_0_0;0.0;-6.0;0.25;-7.7;0.39;-8.7;0.47;-9.0;;;;;;;;;CACC
184;16.8;22.8;1.0;5;Successful;Effective;collision;18.96;vtypeauto.1;vtypeauto.0;548.05;edge_0_0_0;0.0;-6.0;0.25;-7.89;0.39;-9.0;0.47;-9.0;;;;;;;;;CACC
185;16.8;22.8;1.0;8;Successful;Effective;collision;19.54;vtypeauto.1;vtypeauto.0;566.96;edge_0_0_0;0.0;-6.0;0.25;-7.89;0.39;-9.0;0.47;-9.0;;;;;;;;;CACC
186;16.8;22.8;1.0;10;Successful;Effective;collision;20.01;vtypeauto.1;vtypeauto.0;579.55;edge_0_0_0;0.0;-6.0;0.25;-7.89;0.39;-9.0;0.47;-9.0;;;;;;;;;CACC
187;16.8;22.8;1.1;5;Successful;Effective;collision;18.91;vtypeauto.1;vtypeauto.0;547.12;edge_0_0_0;0.0;-6.0;0.25;-8.08;0.39;-9.0;0.47;-9.0;;;;;;;;;CACC
188;16.8;22.8;1.1;8;Successful;Effective;collision;19.42;vtypeauto.1;vtypeauto.0;565.09;edge_0_0_0;0.0;-6.0;0.25;-8.08;0.39;-9.0;0.47;-9.0;;;;;;;;;CACC
189;16.8;22.8;1.1;10;Successful;Effective;collision;19.81;vtypeauto.1;vtypeauto.0;576.93;edge_0_0_0;0.0;-6.0;0.25;-8.08;0.39;-9.0;0.47;-9.0;;;;;;;;;CACC
190;16.9;22.9;0.5;5;Successful;Effective;collision;20.05;vtypeauto.1;vtypeauto.0;565.04;edge_0_0_0;0.0;-6.0;0.25;-6.96;0.39;-7.46;0.47;-7.65;;;;;;;;;CACC
191;16.9;22.9;0.5;8;Successful;Effective;No;No;No;No;No;No;0.0;-6.0;0.25;-6.96;0.39;-7.46;0.47;-7.65;;;;;;;;;CACC
192;16.9;22.9;0.5;10;Successful;Effective;No;No;No;No;No;No;0.0;-6.0;0.25;-6.96;0.39;-7.46;0.47;-7.65;;;;;;;;;CACC
193;16.9;22.9;0.6;5;Successful;Effective;collision;19.58;vtypeauto.1;vtypeauto.0;558.59;edge_0_0_0;0.0;-6.0;0.25;-7.14;0.39;-7.76;0.47;-7.99;;;;;;;;;CACC
194;16.9;22.9;0.6;8;Successful;Effective;collision;21.80;vtypeauto.1;vtypeauto.0;586.47;edge_0_0_0;0.0;-6.0;0.25;-7.14;0.39;-7.76;0.47;-7.99;;;;;;;;;CACC
195;16.9;22.9;0.6;10;Successful;Effective;No;No;No;No;No;No;0.0;-6.0;0.25;-7.14;0.39;-7.76;0.47;-7.99;;;;;;;;;CACC
196;16.9;22.9;0.7;5;Successful;Effective;collision;19.31;vtypeauto.1;vtypeauto.0;554.26;edge_0_0_0;0.0;-6.0;0.25;-7.33;0.39;-8.06;0.47;-8.34;;;;;;;;;CACC
197;16.9;22.9;0.7;8;Successful;Effective;collision;20.48;vtypeauto.1;vtypeauto.0;578.81;edge_0_0_0;0.0;-6.0;0.25;-7.33;0.39;-8.06;0.47;-8.34;;;;;;;;;CACC
198;16.9;22.9;0.7;10;Successful;Effective;No;No;No;No;No;No;0.0;-6.0;0.25;-7.33;0.39;-8.06;0.47;-8.34;;;;;;;;;CACC
199;16.9;22.9;0.8;5;Successful;Effective;collision;19.15;vtypeauto.1;vtypeauto.0;551.53;edge_0_0_0;0.0;-6.0;0.25;-7.51;0.39;-8.37;0.47;-8.72;;;;;;;;;CACC
200;16.9;22.9;0.8;8;Successful;Effective;collision;20.00;vtypeauto.1;vtypeauto.0;573.42;edge_0_0_0;0.0;-6.0;0.25;-7.51;0.39;-8.37;0.47;-8.72;;;;;;;;;CACC
201;16.9;22.9;0.8;10;Successful;Effective;collision;20.90;vtypeauto.1;vtypeauto.0;588.38;edge_0_0_0;0.0;-6.0;0.25;-7.51;0.39;-8.37;0.47;-8.72;;;;;;;;;CACC
202;16.9;22.9;0.9;5;Successful;Effective;collision;19.04;vtypeauto.1;vtypeauto.0;549.56;edge_0_0_0;0.0;-6.0;0.25;-7.7;0.39;-8.7;0.47;-9.0;;;;;;;;;CACC
203;16.9;22.9;0.9;8;Successful;Effective;collision;19.72;vtypeauto.1;vtypeauto.0;569.64;edge_0_0_0;0.0;-6.0;0.25;-7.7;0.39;-8.7;0.47;-9.0;;;;;;;;;CACC
204;16.9;22.9;0.9;10;Successful;Effective;collision;20.33;vtypeauto.1;vtypeauto.0;583.28;edge_0_0_0;0.0;-6.0;0.25;-7.7;0.39;-8.7;0.47;-9.0;;;;;;;;;CACC
205;16.9;22.9;1.0;5;Successful;Effective;collision;18.96;vtypeauto.1;vtypeauto.0;548.05;edge_0_0_0;0.0;-6.0;0.25;-7.89;0.39;-9.0;0.47;-9.0;;;;;;;;;CACC
206;16.9;22.9;1.0;8;Successful;Effective;collision;19.54;vtypeauto.1;vtypeauto.0;566.96;edge_0_0_0;0.0;-6.0;0.25;-7.89;0.39;-9.0;0.47;-9.0;;;;;;;;;CACC
207;16.9;22.9;1.0;10;Successful;Effective;collision;20.01;vtypeauto.1;vtypeauto.0;579.55;edge_0_0_0;0.0;-6.0;0.25;-7.89;0.39;-9.0;0.47;-9.0;;;;;;;;;CACC
208;16.9;22.9;1.1;5;Successful;Effective;collision;18.91;vtypeauto.1;vtypeauto.0;547.12;edge_0_0_0;0.0;-6.0;0.25;-8.08;0.39;-9.0;0.47;-9.0;;;;;;;;;CACC
209;16.9;22.9;1.1;8;Successful;Effective;collision;19.42;vtypeauto.1;vtypeauto.0;565.09;edge_0_0_0;0.0;-6.0;0.25;-8.08;0.39;-9.0;0.47;-9.0;;;;;;;;;CACC
210;16.9;22.9;1.1;10;Successful;Effective;collision;19.81;vtypeauto.1;vtypeauto.0;576.93;edge_0_0_0;0.0;-6.0;0.25;-8.08;0.39;-9.0;0.47;-9.0;;;;;;;;;CACC
211;17.0;23.0;0.5;5;Successful;Effective;collision;20.05;vtypeauto.1;vtypeauto.0;565.04;edge_0_0_0;0.0;-6.0;0.25;-6.96;0.39;-7.46;0.47;-7.65;;;;;;;;;CACC
212;17.0;23.0;0.5;8;Successful;Effective;No;No;No;No;No;No;0.0;-6.0;0.25;-6.96;0.39;-7.46;0.47;-7.65;;;;;;;;;CACC
213;17.0;23.0;0.5;10;Successful;Effective;No;No;No;No;No;No;0.0;-6.0;0.25;-6.96;0.39;-7.46;0.47;-7.65;;;;;;;;;CACC
214;17.0;23.0;0.6;5;Successful;Effective;collision;19.58;vtypeauto.1;vtypeauto.0;558.59;edge_0_0_0;0.0;-6.0;0.25;-7.14;0.39;-7.76;0.47;-7.99;;;;;;;;;CACC
215;17.0;23.0;0.6;8;Successful;Effective;collision;21.80;vtypeauto.1;vtypeauto.0;586.47;edge_0_0_0;0.0;-6.0;0.25;-7.14;0.39;-7.76;0.47;-7.99;;;;;;;;;CACC
216;17.0;23.0;0.6;10;Successful;Effective;No;No;No;No;No;No;0.0;-6.0;0.25;-7.14;0.39;-7.76;0.47;-7.99;;;;;;;;;CACC
217;17.0;23.0;0.7;5;Successful;Effective;collision;19.31;vtypeauto.1;vtypeauto.0;554.26;edge_0_0_0;0.0;-6.0;0.25;-7.33;0.39;-8.06;0.47;-8.34;;;;;;;;;CACC
218;17.0;23.0;0.7;8;Successful;Effective;collision;20.48;vtypeauto.1;vtypeauto.0;578.81;edge_0_0_0;0.0;-6.0;0.25;-7.33;0.39;-8.06;0.47;-8.34;;;;;;;;;CACC
219;17.0;23.0;0.7;10;Successful;Effective;No;No;No;No;No;No;0.0;-6.0;0.25;-7.33;0.39;-8.06;0.47;-8.34;;;;;;;;;CACC
220;17.0;23.0;0.8;5;Successful;Effective;collision;19.15;vtypeauto.1;vtypeauto.0;551.53;edge_0_0_0;0.0;-6.0;0.25;-7.51;0.39;-8.37;0.47;-8.72;;;;;;;;;CACC
221;17.0;23.0;0.8;8;Successful;Effective;collision;20.00;vtypeauto.1;vtypeauto.0;573.42;edge_0_0_0;0.0;-6.0;0.25;-7.51;0.39;-8.37;0.47;-8.72;;;;;;;;;CACC
222;17.0;23.0;0.8;10;Successful;Effective;collision;20.90;vtypeauto.1;vtypeauto.0;588.38;edge_0_0_0;0.0;-6.0;0.25;-7.51;0.39;-8.37;0.47;-8.72;;;;;;;;;CACC
223;17.0;23.0;0.9;5;Successful;Effective;collision;19.04;vtypeauto.1;vtypeauto.0;549.56;edge_0_0_0;0.0;-6.0;0.25;-7.7;0.39;-8.7;0.47;-9.0;;;;;;;;;CACC
224;17.0;23.0;0.9;8;Successful;Effective;collision;19.72;vtypeauto.1;vtypeauto.0;569.64;edge_0_0_0;0.0;-6.0;0.25;-7.7;0.39;-8.7;0.47;-9.0;;;;;;;;;CACC
225;17.0;23.0;0.9;10;Successful;Effective;collision;20.33;vtypeauto.1;vtypeauto.0;583.28;edge_0_0_0;0.0;-6.0;0.25;-7.7;0.39;-8.7;0.47;-9.0;;;;;;;;;CACC
226;17.0;23.0;1.0;5;Successful;Effective;collision;18.96;vtypeauto.1;vtypeauto.0;548.05;edge_0_0_0;0.0;-6.0;0.25;-7.89;0.39;-9.0;0.47;-9.0;;;;;;;;;CACC
227;17.0;23.0;1.0;8;Successful;Effective;collision;19.54;vtypeauto.1;vtypeauto.0;566.96;edge_0_0_0;0.0;-6.0;0.25;-7.89;0.39;-9.0;0.47;-9.0;;;;;;;;;CACC
228;17.0;23.0;1.0;10;Successful;Effective;collision;20.01;vtypeauto.1;vtypeauto.0;579.55;edge_0_0_0;0.0;-6.0;0.25;-7.89;0.39;-9.0;0.47;-9.0;;;;;;;;;CACC
229;17.0;23.0;1.1;5;Successful;Effective;collision;18.91;vtypeauto.1;vtypeauto.0;547.12;edge_0_0_0;0.0;-6.0;0.25;-8.08;0.39;-9.0;0.47;-9.0;;;;;;;;;CACC
230;17.0;23.0;1.1;8;Successful;Effective;collision;19.42;vtypeauto.1;vtypeauto.0;565.09;edge_0_0_0;0.0;-6.0;0.25;-8.08;0.39;-9.0;0.47;-9.0;;;;;;;;;CACC
231;17.0;23.0;1.1;10;Successful;Effective;collision;19.81;vtypeauto.1;vtypeauto.0;576.93;edge_0_0_0;0.0;-6.0;0.25;-8.08;0.39;-9.0;0.47;-9.0;;;;;;;;;CACC
232;17.1;23.1;0.5;5;Successful;Effective;No;No;No;No;No;No;0.0;-6.0;0.25;-6.18;0.39;-6.66;0.47;-6.92;;;;;;;;;CACC
233;17.1;23.1;0.5;8;Successful;Effective;No;No;No;No;No;No;0.0;-6.0;0.25;-6.18;0.39;-6.66;0.47;-6.92;;;;;;;;;CACC
234;17.1;23.1;0.5;10;Successful;Effective;No;No;No;No;No;No;0.0;-6.0;0.25;-6.18;0.39;-6.66;0.47;-6.92;;;;;;;;;CACC
235;17.1;23.1;0.6;5;Successful;Effective;No;No;No;No;No;No;0.0;-6.0;0.25;-6.2;0.39;-6.77;0.47;-7.08;;;;;;;;;CACC
236;17.1;23.1;0.6;8;Successful;Effective;No;No;No;No;No;No;0.0;-6.0;0.25;-6.2;0.39;-6.77;0.47;-7.08;;;;;;;;;CACC
237;17.1;23.1;0.6;10;Successful;Effective;No;No;No;No;No;No;0.0;-6.0;0.25;-6.2;0.39;-6.77;0.47;-7.08;;;;;;;;;CACC
238;17.1;23.1;0.7;5;Successful;Effective;No;No;No;No;No;No;0.0;-6.0;0.25;-6.24;0.39;-6.87;0.47;-7.24;;;;;;;;;CACC
239;17.1;23.1;0.7;8;Successful;Effective;No;No;No;No;No;No;0.0;-6.0;0.25;-6.24;0.39;-6.87;0.47;-7.24;;;;;;;;;CACC
240;17.1;23.1;0.7;10;Successful;Effective;No;No;No;No;No;No;0.0;-6.0;0.25;-6.24;0.39;-6.87;0.47;-7.24;;;;;;;;;CACC
241;17.1;23.1;0.8;5;Successful;Effective;collision;21.52;vtypeauto.2;vtypeauto.1;569.04;edge_0_0_0;0.0;-6.0;0.25;-6.28;0.39;-6.97;0.47;-7.39;;;;;;;;;CACC
242;17.1;23.1;0.8;8;Successful;Effective;No;No;No;No;No;No;0.0;-6.0;0.25;-6.28;0.39;-6.97;0.47;-7.39;;;;;;;;;CACC
243;17.1;23.1;0.8;10;Successful;Effective;No;No;No;No;No;No;0.0;-6.0;0.25;-6.28;0.39;-6.97;0.47;-7.39;;;;;;;;;CACC
244;17.1;23.1;0.9;5;Successful;Effective;collision;20.91;vtypeauto.2;vtypeauto.1;565.83;edge_0_0_0;0.0;-6.0;0.25;-6.32;0.39;-7.08;0.47;-7.55;;;;;;;;;CACC
245;17.1;23.1;0.9;8;Successful;Effective;No;No;No;No;No;No;0.0;-6.0;0.25;-6.32;0.39;-7.08;0.47;-7.55;;;;;;;;;CACC
246;17.1;23.1;0.9;10;Successful;Effective;No;No;No;No;No;No;0.0;-6.0;0.25;-6.32;0.39;-7.08;0.47;-7.55;;;;;;;;;CACC
247;17.1;23.1;1.0;5;Successful;Effective;collision;20.58;vtypeauto.2;vtypeauto.1;563.21;edge_0_0_0;0.0;-6.0;0.25;-6.36;0.39;-7.18;0.47;-7.71;;;;;;;;;CACC
248;17.1;23.1;1.0;8;Successful;Effective;No;No;No;No;No;No;0.0;-6.0;0.25;-6.36;0.39;-7.18;0.47;-7.71;;;;;;;;;CACC
249;17.1;23.1;1.0;10;Successful;Effective;No;No;No;No;No;No;0.0;-6.0;0.25;-6.36;0.39;-7.18;0.47;-7.71;;;;;;;;;CACC
250;17.1;23.1;1.1;5;Successful;Effective;collision;20.37;vtypeauto.2;vtypeauto.1;561.22;edge_0_0_0;0.0;-6.0;0.25;-6.42;0.39;-7.29;0.47;-7.86;;;;;;;;;CACC
251;17.1;23.1;1.1;8;Successful;Effective;collision;22.03;vtypeauto.2;vtypeauto.1;577.35;edge_0_0_0;0.0;-6.0;0.25;-6.42;0.39;-7.29;0.47;-7.86;;;;;;;;;CACC
252;17.1;23.1;1.1;10;Successful;Effective;No;No;No;No;No;No;0.0;-6.0;0.25;-6.42;0.39;-7.29;0.47;-7.86;;;;;;;;;CACC
253;17.2;23.2;0.5;5;Successful;Effective;No;No;No;No;No;No;0.0;-6.0;0.25;-6.16;0.39;-6.28;0.47;-6.51;;;;;;;;;CACC
254;17.2;23.2;0.5;8;Successful;Effective;No;No;No;No;No;No;0.0;-6.0;0.25;-6.16;0.39;-6.28;0.47;-6.51;;;;;;;;;CACC
255;17.2;23.2;0.5;10;Successful;Effective;No;No;No;No;No;No;0.0;-6.0;0.25;-6.16;0.39;-6.28;0.47;-6.51;;;;;;;;;CACC
256;17.2;23.2;0.6;5;Successful;Effective;No;No;No;No;No;No;0.0;-6.0;0.25;-6.18;0.39;-6.32;0.47;-6.57;;;;;;;;;CACC
257;17.2;23.2;0.6;8;Successful;Effective;No;No;No;No;No;No;0.0;-6.0;0.25;-6.18;0.39;-6.32;0.47;-6.57;;;;;;;;;CACC
258;17.2;23.2;0.6;10;Successful;Effective;No;No;No;No;No;No;0.0;-6.0;0.25;-6.18;0.39;-6.32;0.47;-6.57;;;;;;;;;CACC
259;17.2;23.2;0.7;5;Successful;Effective;No;No;No;No;No;No;0.0;-6.0;0.25;-6.21;0.39;-6.36;0.47;-6.63;;;;;;;;;CACC
260;17.2;23.2;0.7;8;Successful;Effective;No;No;No;No;No;No;0.0;-6.0;0.25;-6.21;0.39;-6.36;0.47;-6.63;;;;;;;;;CACC
261;17.2;23.2;0.7;10;Successful;Effective;No;No;No;No;No;No;0.0;-6.0;0.25;-6.21;0.39;-6.36;0.47;-6.63;;;;;;;;;CACC
262;17.2;23.2;0.8;5;Successful;Effective;No;No;No;No;No;No;0.0;-6.0;0.25;-6.24;0.39;-6.41;0.47;-6.69;;;;;;;;;CACC
263;17.2;23.2;0.8;8;Successful;Effective;No;No;No;No;No;No;0.0;-6.0;0.25;-6.24;0.39;-6.41;0.47;-6.69;;;;;;;;;CACC
264;17.2;23.2;0.8;10;Successful;Effective;No;No;No;No;No;No;0.0;-6.0;0.25;-6.24;0.39;-6.41;0.47;-6.69;;;;;;;;;CACC
265;17.2;23.2;0.9;5;Successful;Effective;No;No;No;No;No;No;0.0;-6.0;0.25;-6.28;0.39;-6.47;0.47;-6.76;;;;;;;;;CACC
266;17.2;23.2;0.9;8;Successful;Effective;No;No;No;No;No;No;0.0;-6.0;0.25;-6.28;0.39;-6.47;0.47;-6.76;;;;;;;;;CACC
267;17.2;23.2;0.9;10;Successful;Effective;No;No;No;No;No;No;0.0;-6.0;0.25;-6.28;0.39;-6.47;0.47;-6.76;;;;;;;;;CACC
268;17.2;23.2;1.0;5;Successful;Effective;No;No;No;No;No;No;0.0;-6.0;0.25;-6.31;0.39;-6.53;0.47;-6.83;;;;;;;;;CACC
269;17.2;23.2;1.0;8;Successful;Effective;No;No;No;No;No;No;0.0;-6.0;0.25;-6.31;0.39;-6.53;0.47;-6.83;;;;;;;;;CACC
270;17.2;23.2;1.0;10;Successful;Effective;No;No;No;No;No;No;0.0;-6.0;0.25;-6.31;0.39;-6.53;0.47;-6.83;;;;;;;;;CACC
271;17.2;23.2;1.1;5;Successful;Effective;No;No;No;No;No;No;0.0;-6.0;0.25;-6.35;0.39;-6.61;0.47;-6.9;;;;;;;;;CACC
272;17.2;23.2;1.1;8;Successful;Effective;No;No;No;No;No;No;0.0;-6.0;0.25;-6.35;0.39;-6.61;0.47;-6.9;;;;;;;;;CACC
273;17.2;23.2;1.1;10;Successful;Effective;No;No;No;No;No;No;0.0;-6.0;0.25;-6.35;0.39;-6.61;0.47;-6.9;;;;;;;;;CACC
274;17.3;23.3;0.5;5;Successful;Effective;No;No;No;No;No;No;0.0;-6.0;0.25;-6.15;0.39;-6.26;0.47;-6.32;;;;;;;;;CACC
275;17.3;23.3;0.5;8;Successful;Effective;No;No;No;No;No;No;0.0;-6.0;0.25;-6.15;0.39;-6.26;0.47;-6.32;;;;;;;;;CACC
276;17.3;23.3;0.5;10;Successful;Effective;No;No;No;No;No;No;0.0;-6.0;0.25;-6.15;0.39;-6.26;0.47;-6.32;;;;;;;;;CACC
277;17.3;23.3;0.6;5;Successful;Effective;No;No;No;No;No;No;0.0;-6.0;0.25;-6.17;0.39;-6.29;0.47;-6.35;;;;;;;;;CACC
278;17.3;23.3;0.6;8;Successful;Effective;No;No;No;No;No;No;0.0;-6.0;0.25;-6.17;0.39;-6.29;0.47;-6.35;;;;;;;;;CACC
279;17.3;23.3;0.6;10;Successful;Effective;No;No;No;No;No;No;0.0;-6.0;0.25;-6.17;0.39;-6.29;0.47;-6.35;;;;;;;;;CACC
280;17.3;23.3;0.7;5;Successful;Effective;No;No;No;No;No;No;0.0;-6.0;0.25;-6.19;0.39;-6.32;0.47;-6.39;;;;;;;;;CACC
281;17.3;23.3;0.7;8;Successful;Effective;No;No;No;No;No;No;0.0;-6.0;0.25;-6.19;0.39;-6.32;0.47;-6.39;;;;;;;;;CACC
282;17.3;23.3;0.7;10;Successful;Effective;No;No;No;No;No;No;0.0;-6.0;0.25;-6.19;0.39;-6.32;0.47;-6.39;;;;;;;;;CACC
283;17.3;23.3;0.8;5;Successful;Effective;No;No;No;No;No;No;0.0;-6.0;0.25;-6.21;0.39;-6.36;0.47;-6.44;;;;;;;;;CACC
284;17.3;23.3;0.8;8;Successful;Effective;No;No;No;No;No;No;0.0;-6.0;0.25;-6.21;0.39;-6.36;0.47;-6.44;;;;;;;;;CACC
285;17.3;23.3;0.8;10;Successful;Effective;No;No;No;No;No;No;0.0;-6.0;0.25;-6.21;0.39;-6.36;0.47;-6.44;;;;;;;;;CACC
286;17.3;23.3;0.9;5;Successful;Effective;No;No;No;No;No;No;0.0;-6.0;0.25;-6.24;0.39;-6.41;0.47;-6.5;;;;;;;;;CACC
287;17.3;23.3;0.9;8;Successful;Effective;No;No;No;No;No;No;0.0;-6.0;0.25;-6.24;0.39;-6.41;0.47;-6.5;;;;;;;;;CACC
288;17.3;23.3;0.9;10;Successful;Effective;No;No;No;No;No;No;0.0;-6.0;0.25;-6.24;0.39;-6.41;0.47;-6.5;;;;;;;;;CACC
289;17.3;23.3;1.0;5;Successful;Effective;No;No;No;No;No;No;0.0;-6.0;0.25;-6.27;0.39;-6.46;0.47;-6.54;;;;;;;;;CACC
290;17.3;23.3;1.0;8;Successful;Effective;No;No;No;No;No;No;0.0;-6.0;0.25;-6.27;0.39;-6.46;0.47;-6.54;;;;;;;;;CACC
291;17.3;23.3;1.0;10;Successful;Effective;No;No;No;No;No;No;0.0;-6.0;0.25;-6.27;0.39;-6.46;0.47;-6.54;;;;;;;;;CACC
292;17.3;23.3;1.1;5;Successful;Effective;No;No;No;No;No;No;0.0;-6.0;0.25;-6.3;0.39;-6.52;0.47;-6.57;;;;;;;;;CACC
293;17.3;23.3;1.1;8;Successful;Effective;No;No;No;No;No;No;0.0;-6.0;0.25;-6.3;0.39;-6.52;0.47;-6.57;;;;;;;;;CACC
294;17.3;23.3;1.1;10;Successful;Effective;No;No;No;No;No;No;0.0;-6.0;0.25;-6.3;0.39;-6.52;0.47;-6.57;;;;;;;;;CACC
295;17.4;23.4;0.5;5;Successful;Effective;No;No;No;No;No;No;0.0;-6.0;0.25;-6.14;0.39;-6.24;0.47;-6.3;;;;;;;;;CACC
296;17.4;23.4;0.5;8;Successful;Effective;No;No;No;No;No;No;0.0;-6.0;0.25;-6.14;0.39;-6.24;0.47;-6.3;;;;;;;;;CACC
297;17.4;23.4;0.5;10;Successful;Effective;No;No;No;No;No;No;0.0;-6.0;0.25;-6.14;0.39;-6.24;0.47;-6.3;;;;;;;;;CACC
298;17.4;23.4;0.6;5;Successful;Effective;No;No;No;No;No;No;0.0;-6.0;0.25;-6.15;0.39;-6.26;0.47;-6.32;;;;;;;;;CACC
299;17.4;23.4;0.6;8;Successful;Effective;No;No;No;No;No;No;0.0;-6.0;0.25;-6.15;0.39;-6.26;0.47;-6.32;;;;;;;;;CACC
300;17.4;23.4;0.6;10;Successful;Effective;No;No;No;No;No;No;0.0;-6.0;0.25;-6.15;0.39;-6.26;0.47;-6.32;;;;;;;;;CACC
301;17.4;23.4;0.7;5;Successful;Effective;No;No;No;No;No;No;0.0;-6.0;0.25;-6.17;0.39;-6.29;0.47;-6.35;;;;;;;;;CACC
302;17.4;23.4;0.7;8;Successful;Effective;No;No;No;No;No;No;0.0;-6.0;0.25;-6.17;0.39;-6.29;0.47;-6.35;;;;;;;;;CACC
303;17.4;23.4;0.7;10;Successful;Effective;No;No;No;No;No;No;0.0;-6.0;0.25;-6.17;0.39;-6.29;0.47;-6.35;;;;;;;;;CACC
304;17.4;23.4;0.8;5;Successful;Effective;No;No;No;No;No;No;0.0;-6.0;0.25;-6.19;0.39;-6.32;0.47;-6.39;;;;;;;;;CACC
305;17.4;23.4;0.8;8;Successful;Effective;No;No;No;No;No;No;0.0;-6.0;0.25;-6.19;0.39;-6.32;0.47;-6.39;;;;;;;;;CACC
306;17.4;23.4;0.8;10;Successful;Effective;No;No;No;No;No;No;0.0;-6.0;0.25;-6.19;0.39;-6.32;0.47;-6.39;;;;;;;;;CACC
307;17.4;23.4;0.9;5;Successful;Effective;No;No;No;No;No;No;0.0;-6.0;0.25;-6.21;0.39;-6.35;0.47;-6.43;;;;;;;;;CACC
308;17.4;23.4;0.9;8;Successful;Effective;No;No;No;No;No;No;0.0;-6.0;0.25;-6.21;0.39;-6.35;0.47;-6.43;;;;;;;;;CACC
309;17.4;23.4;0.9;10;Successful;Effective;No;No;No;No;No;No;0.0;-6.0;0.25;-6.21;0.39;-6.35;0.47;-6.43;;;;;;;;;CACC
310;17.4;23.4;1.0;5;Successful;Effective;No;No;No;No;No;No;0.0;-6.0;0.25;-6.23;0.39;-6.39;0.47;-6.46;;;;;;;;;CACC
311;17.4;23.4;1.0;8;Successful;Effective;No;No;No;No;No;No;0.0;-6.0;0.25;-6.23;0.39;-6.39;0.47;-6.46;;;;;;;;;CACC
312;17.4;23.4;1.0;10;Successful;Effective;No;No;No;No;No;No;0.0;-6.0;0.25;-6.23;0.39;-6.39;0.47;-6.46;;;;;;;;;CACC
313;17.4;23.4;1.1;5;Successful;Effective;No;No;No;No;No;No;0.0;-6.0;0.25;-6.26;0.39;-6.44;0.47;-6.47;;;;;;;;;CACC
314;17.4;23.4;1.1;8;Successful;Effective;No;No;No;No;No;No;0.0;-6.0;0.25;-6.26;0.39;-6.44;0.47;-6.47;;;;;;;;;CACC
315;17.4;23.4;1.1;10;Successful;Effective;No;No;No;No;No;No;0.0;-6.0;0.25;-6.26;0.39;-6.44;0.47;-6.47;;;;;;;;;CACC
316;17.5;23.5;0.5;5;Successful;Effective;No;No;No;No;No;No;0.0;-6.0;0.25;-6.13;0.39;-6.22;0.47;-6.28;;;;;;;;;CACC
317;17.5;23.5;0.5;8;Successful;Effective;No;No;No;No;No;No;0.0;-6.0;0.25;-6.13;0.39;-6.22;0.47;-6.28;;;;;;;;;CACC
318;17.5;23.5;0.5;10;Successful;Effective;No;No;No;No;No;No;0.0;-6.0;0.25;-6.13;0.39;-6.22;0.47;-6.28;;;;;;;;;CACC
319;17.5;23.5;0.6;5;Successful;Effective;No;No;No;No;No;No;0.0;-6.0;0.25;-6.14;0.39;-6.24;0.47;-6.29;;;;;;;;;CACC
320;17.5;23.5;0.6;8;Successful;Effective;No;No;No;No;No;No;0.0;-6.0;0.25;-6.14;0.39;-6.24;0.47;-6.29;;;;;;;;;CACC
321;17.5;23.5;0.6;10;Successful;Effective;No;No;No;No;No;No;0.0;-6.0;0.25;-6.14;0.39;-6.24;0.47;-6.29;;;;;;;;;CACC
322;17.5;23.5;0.7;5;Successful;Effective;No;No;No;No;No;No;0.0;-6.0;0.25;-6.15;0.39;-6.26;0.47;-6.32;;;;;;;;;CACC
323;17.5;23.5;0.7;8;Successful;Effective;No;No;No;No;No;No;0.0;-6.0;0.25;-6.15;0.39;-6.26;0.47;-6.32;;;;;;;;;CACC
324;17.5;23.5;0.7;10;Successful;Effective;No;No;No;No;No;No;0.0;-6.0;0.25;-6.15;0.39;-6.26;0.47;-6.32;;;;;;;;;CACC
325;17.5;23.5;0.8;5;Successful;Effective;No;No;No;No;No;No;0.0;-6.0;0.25;-6.17;0.39;-6.28;0.47;-6.34;;;;;;;;;CACC
326;17.5;23.5;0.8;8;Successful;Effective;No;No;No;No;No;No;0.0;-6.0;0.25;-6.17;0.39;-6.28;0.47;-6.34;;;;;;;;;CACC
327;17.5;23.5;0.8;10;Successful;Effective;No;No;No;No;No;No;0.0;-6.0;0.25;-6.17;0.39;-6.28;0.47;-6.34;;;;;;;;;CACC
328;17.5;23.5;0.9;5;Successful;Effective;No;No;No;No;No;No;0.0;-6.0;0.25;-6.19;0.39;-6.31;0.47;-6.37;;;;;;;;;CACC
329;17.5;23.5;0.9;8;Successful;Effective;No;No;No;No;No;No;0.0;-6.0;0.25;-6.19;0.39;-6.31;0.47;-6.37;;;;;;;;;CACC
330;17.5;23.5;0.9;10;Successful;Effective;No;No;No;No;No;No;0.0;-6.0;0.25;-6.19;0.39;-6.31;0.47;-6.37;;;;;;;;;CACC
331;17.5;23.5;1.0;5;Successful;Effective;No;No;No;No;No;No;0.0;-6.0;0.25;-6.21;0.39;-6.34;0.47;-6.39;;;;;;;;;CACC
332;17.5;23.5;1.0;8;Successful;Effective;No;No;No;No;No;No;0.0;-6.0;0.25;-6.21;0.39;-6.34;0.47;-6.39;;;;;;;;;CACC
333;17.5;23.5;1.0;10;Successful;Effective;No;No;No;No;No;No;0.0;-6.0;0.25;-6.21;0.39;-6.34;0.47;-6.39;;;;;;;;;CACC
334;17.5;23.5;1.1;5;Successful;Effective;No;No;No;No;No;No;0.0;-6.0;0.25;-6.23;0.39;-6.38;0.47;-6.39;;;;;;;;;CACC
335;17.5;23.5;1.1;8;Successful;Effective;No;No;No;No;No;No;0.0;-6.0;0.25;-6.23;0.39;-6.38;0.47;-6.39;;;;;;;;;CACC
336;17.5;23.5;1.1;10;Successful;Effective;No;No;No;No;No;No;0.0;-6.0;0.25;-6.23;0.39;-6.38;0.47;-6.39;;;;;;;;;CACC
337;17.6;23.6;0.5;5;Successful;Effective;No;No;No;No;No;No;0.0;-6.0;0.25;-6.12;0.39;-6.21;0.47;-6.26;;;;;;;;;CACC
338;17.6;23.6;0.5;8;Successful;Effective;No;No;No;No;No;No;0.0;-6.0;0.25;-6.12;0.39;-6.21;0.47;-6.26;;;;;;;;;CACC
339;17.6;23.6;0.5;10;Successful;Effective;No;No;No;No;No;No;0.0;-6.0;0.25;-6.12;0.39;-6.21;0.47;-6.26;;;;;;;;;CACC
340;17.6;23.6;0.6;5;Successful;Effective;No;No;No;No;No;No;0.0;-6.0;0.25;-6.13;0.39;-6.22;0.47;-6.27;;;;;;;;;CACC
341;17.6;23.6;0.6;8;Successful;Effective;No;No;No;No;No;No;0.0;-6.0;0.25;-6.13;0.39;-6.22;0.47;-6.27;;;;;;;;;CACC
342;17.6;23.6;0.6;10;Successful;Effective;No;No;No;No;No;No;0.0;-6.0;0.25;-6.13;0.39;-6.22;0.47;-6.27;;;;;;;;;CACC
343;17.6;23.6;0.7;5;Successful;Effective;No;No;No;No;No;No;0.0;-6.0;0.25;-6.14;0.39;-6.24;0.47;-6.29;;;;;;;;;CACC
344;17.6;23.6;0.7;8;Successful;Effective;No;No;No;No;No;No;0.0;-6.0;0.25;-6.14;0.39;-6.24;0.47;-6.29;;;;;;;;;CACC
345;17.6;23.6;0.7;10;Successful;Effective;No;No;No;No;No;No;0.0;-6.0;0.25;-6.14;0.39;-6.24;0.47;-6.29;;;;;;;;;CACC
346;17.6;23.6;0.8;5;Successful;Effective;No;No;No;No;No;No;0.0;-6.0;0.25;-6.15;0.39;-6.25;0.47;-6.31;;;;;;;;;CACC
347;17.6;23.6;0.8;8;Successful;Effective;No;No;No;No;No;No;0.0;-6.0;0.25;-6.15;0.39;-6.25;0.47;-6.31;;;;;;;;;CACC
348;17.6;23.6;0.8;10;Successful;Effective;No;No;No;No;No;No;0.0;-6.0;0.25;-6.15;0.39;-6.25;0.47;-6.31;;;;;;;;;CACC
349;17.6;23.6;0.9;5;Successful;Effective;No;No;No;No;No;No;0.0;-6.0;0.25;-6.17;0.39;-6.27;0.47;-6.33;;;;;;;;;CACC
350;17.6;23.6;0.9;8;Successful;Effective;No;No;No;No;No;No;0.0;-6.0;0.25;-6.17;0.39;-6.27;0.47;-6.33;;;;;;;;;CACC
351;17.6;23.6;0.9;10;Successful;Effective;No;No;No;No;No;No;0.0;-6.0;0.25;-6.17;0.39;-6.27;0.47;-6.33;;;;;;;;;CACC
352;17.6;23.6;1.0;5;Successful;Effective;No;No;No;No;No;No;0.0;-6.0;0.25;-6.18;0.39;-6.3;0.47;-6.34;;;;;;;;;CACC
353;17.6;23.6;1.0;8;Successful;Effective;No;No;No;No;No;No;0.0;-6.0;0.25;-6.18;0.39;-6.3;0.47;-6.34;;;;;;;;;CACC
354;17.6;23.6;1.0;10;Successful;Effective;No;No;No;No;No;No;0.0;-6.0;0.25;-6.18;0.39;-6.3;0.47;-6.34;;;;;;;;;CACC
355;17.6;23.6;1.1;5;Successful;Effective;No;No;No;No;No;No;0.0;-6.0;0.25;-6.2;0.39;-6.33;0.47;-6.33;;;;;;;;;CACC
356;17.6;23.6;1.1;8;Successful;Effective;No;No;No;No;No;No;0.0;-6.0;0.25;-6.2;0.39;-6.33;0.47;-6.33;;;;;;;;;CACC
357;17.6;23.6;1.1;10;Successful;Effective;No;No;No;No;No;No;0.0;-6.0;0.25;-6.2;0.39;-6.33;0.47;-6.33;;;;;;;;;CACC
358;17.7;23.7;0.5;5;Successful;Effective;No;No;No;No;No;No;0.0;-6.0;0.25;-6.12;0.39;-6.2;0.47;-6.25;;;;;;;;;CACC
359;17.7;23.7;0.5;8;Successful;Effective;No;No;No;No;No;No;0.0;-6.0;0.25;-6.12;0.39;-6.2;0.47;-6.25;;;;;;;;;CACC
360;17.7;23.7;0.5;10;Successful;Effective;No;No;No;No;No;No;0.0;-6.0;0.25;-6.12;0.39;-6.2;0.47;-6.25;;;;;;;;;CACC
361;17.7;23.7;0.6;5;Successful;Effective;No;No;No;No;No;No;0.0;-6.0;0.25;-6.12;0.39;-6.21;0.47;-6.26;;;;;;;;;CACC
362;17.7;23.7;0.6;8;Successful;Effective;No;No;No;No;No;No;0.0;-6.0;0.25;-6.12;0.39;-6.21;0.47;-6.26;;;;;;;;;CACC
363;17.7;23.7;0.6;10;Successful;Effective;No;No;No;No;No;No;0.0;-6.0;0.25;-6.12;0.39;-6.21;0.47;-6.26;;;;;;;;;CACC
364;17.7;23.7;0.7;5;Successful;Effective;No;No;No;No;No;No;0.0;-6.0;0.25;-6.13;0.39;-6.22;0.47;-6.27;;;;;;;;;CACC
365;17.7;23.7;0.7;8;Successful;Effective;No;No;No;No;No;No;0.0;-6.0;0.25;-6.13;0.39;-6.22;0.47;-6.27;;;;;;;;;CACC
366;17.7;23.7;0.7;10;Successful;Effective;No;No;No;No;No;No;0.0;-6.0;0.25;-6.13;0.39;-6.22;0.47;-6.27;;;;;;;;;CACC
367;17.7;23.7;0.8;5;Successful;Effective;No;No;No;No;No;No;0.0;-6.0;0.25;-6.14;0.39;-6.23;0.47;-6.28;;;;;;;;;CACC
368;17.7;23.7;0.8;8;Successful;Effective;No;No;No;No;No;No;0.0;-6.0;0.25;-6.14;0.39;-6.23;0.47;-6.28;;;;;;;;;CACC
369;17.7;23.7;0.8;10;Successful;Effective;No;No;No;No;No;No;0.0;-6.0;0.25;-6.14;0.39;-6.23;0.47;-6.28;;;;;;;;;CACC
370;17.7;23.7;0.9;5;Successful;Effective;No;No;No;No;No;No;0.0;-6.0;0.25;-6.15;0.39;-6.24;0.47;-6.29;;;;;;;;;CACC
371;17.7;23.7;0.9;8;Successful;Effective;No;No;No;No;No;No;0.0;-6.0;0.25;-6.15;0.39;-6.24;0.47;-6.29;;;;;;;;;CACC
372;17.7;23.7;0.9;10;Successful;Effective;No;No;No;No;No;No;0.0;-6.0;0.25;-6.15;0.39;-6.24;0.47;-6.29;;;;;;;;;CACC
373;17.7;23.7;1.0;5;Successful;Effective;No;No;No;No;No;No;0.0;-6.0;0.25;-6.16;0.39;-6.26;0.47;-6.3;;;;;;;;;CACC
374;17.7;23.7;1.0;8;Successful;Effective;No;No;No;No;No;No;0.0;-6.0;0.25;-6.16;0.39;-6.26;0.47;-6.3;;;;;;;;;CACC
375;17.7;23.7;1.0;10;Successful;Effective;No;No;No;No;No;No;0.0;-6.0;0.25;-6.16;0.39;-6.26;0.47;-6.3;;;;;;;;;CACC
376;17.7;23.7;1.1;5;Successful;Effective;No;No;No;No;No;No;0.0;-6.0;0.25;-6.17;0.39;-6.28;0.47;-6.28;;;;;;;;;CACC
377;17.7;23.7;1.1;8;Successful;Effective;No;No;No;No;No;No;0.0;-6.0;0.25;-6.17;0.39;-6.28;0.47;-6.28;;;;;;;;;CACC
378;17.7;23.7;1.1;10;Successful;Effective;No;No;No;No;No;No;0.0;-6.0;0.25;-6.17;0.39;-6.28;0.47;-6.28;;;;;;;;;CACC
379;17.8;23.8;0.5;5;Successful;Effective;No;No;No;No;No;No;0.0;-6.0;0.25;-6.11;0.39;-6.19;0.47;-6.24;;;;;;;;;CACC
380;17.8;23.8;0.5;8;Successful;Effective;No;No;No;No;No;No;0.0;-6.0;0.25;-6.11;0.39;-6.19;0.47;-6.24;;;;;;;;;CACC
381;17.8;23.8;0.5;10;Successful;Effective;No;No;No;No;No;No;0.0;-6.0;0.25;-6.11;0.39;-6.19;0.47;-6.24;;;;;;;;;CACC
382;17.8;23.8;0.6;5;Successful;Effective;No;No;No;No;No;No;0.0;-6.0;0.25;-6.12;0.39;-6.2;0.47;-6.24;;;;;;;;;CACC
383;17.8;23.8;0.6;8;Successful;Effective;No;No;No;No;No;No;0.0;-6.0;0.25;-6.12;0.39;-6.2;0.47;-6.24;;;;;;;;;CACC
384;17.8;23.8;0.6;10;Successful;Effective;No;No;No;No;No;No;0.0;-6.0;0.25;-6.12;0.39;-6.2;0.47;-6.24;;;;;;;;;CACC
385;17.8;23.8;0.7;5;Successful;Effective;No;No;No;No;No;No;0.0;-6.0;0.25;-6.12;0.39;-6.2;0.47;-6.25;;;;;;;;;CACC
386;17.8;23.8;0.7;8;Successful;Effective;No;No;No;No;No;No;0.0;-6.0;0.25;-6.12;0.39;-6.2;0.47;-6.25;;;;;;;;;CACC
387;17.8;23.8;0.7;10;Successful;Effective;No;No;No;No;No;No;0.0;-6.0;0.25;-6.12;0.39;-6.2;0.47;-6.25;;;;;;;;;CACC
388;17.8;23.8;0.8;5;Successful;Effective;No;No;No;No;No;No;0.0;-6.0;0.25;-6.13;0.39;-6.21;0.47;-6.25;;;;;;;;;CACC
389;17.8;23.8;0.8;8;Successful;Effective;No;No;No;No;No;No;0.0;-6.0;0.25;-6.13;0.39;-6.21;0.47;-6.25;;;;;;;;;CACC
390;17.8;23.8;0.8;10;Successful;Effective;No;No;No;No;No;No;0.0;-6.0;0.25;-6.13;0.39;-6.21;0.47;-6.25;;;;;;;;;CACC
391;17.8;23.8;0.9;5;Successful;Effective;No;No;No;No;No;No;0.0;-6.0;0.25;-6.14;0.39;-6.22;0.47;-6.26;;;;;;;;;CACC
392;17.8;23.8;0.9;8;Successful;Effective;No;No;No;No;No;No;0.0;-6.0;0.25;-6.14;0.39;-6.22;0.47;-6.26;;;;;;;;;CACC
393;17.8;23.8;0.9;10;Successful;Effective;No;No;No;No;No;No;0.0;-6.0;0.25;-6.14;0.39;-6.22;0.47;-6.26;;;;;;;;;CACC
394;17.8;23.8;1.0;5;Successful;Effective;No;No;No;No;No;No;0.0;-6.0;0.25;-6.14;0.39;-6.23;0.47;-6.26;;;;;;;;;CACC
395;17.8;23.8;1.0;8;Successful;Effective;No;No;No;No;No;No;0.0;-6.0;0.25;-6.14;0.39;-6.23;0.47;-6.26;;;;;;;;;CACC
396;17.8;23.8;1.0;10;Successful;Effective;No;No;No;No;No;No;0.0;-6.0;0.25;-6.14;0.39;-6.23;0.47;-6.26;;;;;;;;;CACC
397;17.8;23.8;1.1;5;Successful;Effective;No;No;No;No;No;No;0.0;-6.0;0.25;-6.15;0.39;-6.25;0.47;-6.25;;;;;;;;;CACC
398;17.8;23.8;1.1;8;Successful;Effective;No;No;No;No;No;No;0.0;-6.0;0.25;-6.15;0.39;-6.25;0.47;-6.25;;;;;;;;;CACC
399;17.8;23.8;1.1;10;Successful;Effective;No;No;No;No;No;No;0.0;-6.0;0.25;-6.15;0.39;-6.25;0.47;-6.25;;;;;;;;;CACC
400;17.9;23.9;0.5;5;Successful;Effective;No;No;No;No;No;No;0.0;-6.0;0.25;-6.11;0.39;-6.19;0.47;-6.23;;;;;;;;;CACC
401;17.9;23.9;0.5;8;Successful;Effective;No;No;No;No;No;No;0.0;-6.0;0.25;-6.11;0.39;-6.19;0.47;-6.23;;;;;;;;;CACC
402;17.9;23.9;0.5;10;Successful;Effective;No;No;No;No;No;No;0.0;-6.0;0.25;-6.11;0.39;-6.19;0.47;-6.23;;;;;;;;;CACC
403;17.9;23.9;0.6;5;Successful;Effective;No;No;No;No;No;No;0.0;-6.0;0.25;-6.11;0.39;-6.19;0.47;-6.23;;;;;;;;;CACC
404;17.9;23.9;0.6;8;Successful;Effective;No;No;No;No;No;No;0.0;-6.0;0.25;-6.11;0.39;-6.19;0.47;-6.23;;;;;;;;;CACC
405;17.9;23.9;0.6;10;Successful;Effective;No;No;No;No;No;No;0.0;-6.0;0.25;-6.11;0.39;-6.19;0.47;-6.23;;;;;;;;;CACC
406;17.9;23.9;0.7;5;Successful;Effective;No;No;No;No;No;No;0.0;-6.0;0.25;-6.11;0.39;-6.19;0.47;-6.23;;;;;;;;;CACC
407;17.9;23.9;0.7;8;Successful;Effective;No;No;No;No;No;No;0.0;-6.0;0.25;-6.11;0.39;-6.19;0.47;-6.23;;;;;;;;;CACC
408;17.9;23.9;0.7;10;Successful;Effective;No;No;No;No;No;No;0.0;-6.0;0.25;-6.11;0.39;-6.19;0.47;-6.23;;;;;;;;;CACC
409;17.9;23.9;0.8;5;Successful;Effective;No;No;No;No;No;No;0.0;-6.0;0.25;-6.12;0.39;-6.19;0.47;-6.23;;;;;;;;;CACC
410;17.9;23.9;0.8;8;Successful;Effective;No;No;No;No;No;No;0.0;-6.0;0.25;-6.12;0.39;-6.19;0.47;-6.23;;;;;;;;;CACC
411;17.9;23.9;0.8;10;Successful;Effective;No;No;No;No;No;No;0.0;-6.0;0.25;-6.12;0.39;-6.19;0.47;-6.23;;;;;;;;;CACC
412;17.9;23.9;0.9;5;Successful;Effective;No;No;No;No;No;No;0.0;-6.0;0.25;-6.12;0.39;-6.2;0.47;-6.24;;;;;;;;;CACC
413;17.9;23.9;0.9;8;Successful;Effective;No;No;No;No;No;No;0.0;-6.0;0.25;-6.12;0.39;-6.2;0.47;-6.24;;;;;;;;;CACC
414;17.9;23.9;0.9;10;Successful;Effective;No;No;No;No;No;No;0.0;-6.0;0.25;-6.12;0.39;-6.2;0.47;-6.24;;;;;;;;;CACC
415;17.9;23.9;1.0;5;Successful;Effective;No;No;No;No;No;No;0.0;-6.0;0.25;-6.13;0.39;-6.21;0.47;-6.23;;;;;;;;;CACC
416;17.9;23.9;1.0;8;Successful;Effective;No;No;No;No;No;No;0.0;-6.0;0.25;-6.13;0.39;-6.21;0.47;-6.23;;;;;;;;;CACC
417;17.9;23.9;1.0;10;Successful;Effective;No;No;No;No;No;No;0.0;-6.0;0.25;-6.13;0.39;-6.21;0.47;-6.23;;;;;;;;;CACC
418;17.9;23.9;1.1;5;Successful;Effective;No;No;No;No;No;No;0.0;-6.0;0.25;-6.14;0.39;-6.22;0.47;-6.22;;;;;;;;;CACC
419;17.9;23.9;1.1;8;Successful;Effective;No;No;No;No;No;No;0.0;-6.0;0.25;-6.14;0.39;-6.22;0.47;-6.22;;;;;;;;;CACC
420;17.9;23.9;1.1;10;Successful;Effective;No;No;No;No;No;No;0.0;-6.0;0.25;-6.14;0.39;-6.22;0.47;-6.22;;;;;;;;;CACC
421;18.0;24.0;0.5;5;Successful;Effective;No;No;No;No;No;No;0.0;-6.0;0.25;-6.11;0.39;-6.18;0.47;-6.23;;;;;;;;;CACC
422;18.0;24.0;0.5;8;Successful;Effective;No;No;No;No;No;No;0.0;-6.0;0.25;-6.11;0.39;-6.18;0.47;-6.23;;;;;;;;;CACC
423;18.0;24.0;0.5;10;Successful;Effective;No;No;No;No;No;No;0.0;-6.0;0.25;-6.11;0.39;-6.18;0.47;-6.23;;;;;;;;;CACC
424;18.0;24.0;0.6;5;Successful;Effective;No;No;No;No;No;No;0.0;-6.0;0.25;-6.11;0.39;-6.18;0.47;-6.22;;;;;;;;;CACC
425;18.0;24.0;0.6;8;Successful;Effective;No;No;No;No;No;No;0.0;-6.0;0.25;-6.11;0.39;-6.18;0.47;-6.22;;;;;;;;;CACC
426;18.0;24.0;0.6;10;Successful;Effective;No;No;No;No;No;No;0.0;-6.0;0.25;-6.11;0.39;-6.18;0.47;-6.22;;;;;;;;;CACC
427;18.0;24.0;0.7;5;Successful;Effective;No;No;No;No;No;No;0.0;-6.0;0.25;-6.11;0.39;-6.18;0.47;-6.22;;;;;;;;;CACC
428;18.0;24.0;0.7;8;Successful;Effective;No;No;No;No;No;No;0.0;-6.0;0.25;-6.11;0.39;-6.18;0.47;-6.22;;;;;;;;;CACC
429;18.0;24.0;0.7;10;Successful;Effective;No;No;No;No;No;No;0.0;-6.0;0.25;-6.11;0.39;-6.18;0.47;-6.22;;;;;;;;;CACC
430;18.0;24.0;0.8;5;Successful;Effective;No;No;No;No;No;No;0.0;-6.0;0.25;-6.11;0.39;-6.18;0.47;-6.22;;;;;;;;;CACC
431;18.0;24.0;0.8;8;Successful;Effective;No;No;No;No;No;No;0.0;-6.0;0.25;-6.11;0.39;-6.18;0.47;-6.22;;;;;;;;;CACC
432;18.0;24.0;0.8;10;Successful;Effective;No;No;No;No;No;No;0.0;-6.0;0.25;-6.11;0.39;-6.18;0.47;-6.22;;;;;;;;;CACC
433;18.0;24.0;0.9;5;Successful;Effective;No;No;No;No;No;No;0.0;-6.0;0.25;-6.11;0.39;-6.18;0.47;-6.22;;;;;;;;;CACC
434;18.0;24.0;0.9;8;Successful;Effective;No;No;No;No;No;No;0.0;-6.0;0.25;-6.11;0.39;-6.18;0.47;-6.22;;;;;;;;;CACC
435;18.0;24.0;0.9;10;Successful;Effective;No;No;No;No;No;No;0.0;-6.0;0.25;-6.11;0.39;-6.18;0.47;-6.22;;;;;;;;;CACC
436;18.0;24.0;1.0;5;Successful;Effective;No;No;No;No;No;No;0.0;-6.0;0.25;-6.12;0.39;-6.19;0.47;-6.21;;;;;;;;;CACC
437;18.0;24.0;1.0;8;Successful;Effective;No;No;No;No;No;No;0.0;-6.0;0.25;-6.12;0.39;-6.19;0.47;-6.21;;;;;;;;;CACC
438;18.0;24.0;1.0;10;Successful;Effective;No;No;No;No;No;No;0.0;-6.0;0.25;-6.12;0.39;-6.19;0.47;-6.21;;;;;;;;;CACC
439;18.0;24.0;1.1;5;Successful;Effective;No;No;No;No;No;No;0.0;-6.0;0.25;-6.12;0.39;-6.2;0.47;-6.2;;;;;;;;;CACC
440;18.0;24.0;1.1;8;Successful;Effective;No;No;No;No;No;No;0.0;-6.0;0.25;-6.12;0.39;-6.2;0.47;-6.2;;;;;;;;;CACC
441;18.0;24.0;1.1;10;Successful;Effective;No;No;No;No;No;No;0.0;-6.0;0.25;-6.12;0.39;-6.2;0.47;-6.2;;;;;;;;;CACC
442;18.1;24.1;0.5;5;Successful;Effective;No;No;No;No;No;No;0.0;-6.0;0.25;-6.1;0.39;-6.18;0.47;-6.22;;;;;;;;;CACC
443;18.1;24.1;0.5;8;Successful;Effective;No;No;No;No;No;No;0.0;-6.0;0.25;-6.1;0.39;-6.18;0.47;-6.22;;;;;;;;;CACC
444;18.1;24.1;0.5;10;Successful;Effective;No;No;No;No;No;No;0.0;-6.0;0.25;-6.1;0.39;-6.18;0.47;-6.22;;;;;;;;;CACC
445;18.1;24.1;0.6;5;Successful;Effective;No;No;No;No;No;No;0.0;-6.0;0.25;-6.1;0.39;-6.17;0.47;-6.22;;;;;;;;;CACC
446;18.1;24.1;0.6;8;Successful;Effective;No;No;No;No;No;No;0.0;-6.0;0.25;-6.1;0.39;-6.17;0.47;-6.22;;;;;;;;;CACC
447;18.1;24.1;0.6;10;Successful;Effective;No;No;No;No;No;No;0.0;-6.0;0.25;-6.1;0.39;-6.17;0.47;-6.22;;;;;;;;;CACC
448;18.1;24.1;0.7;5;Successful;Effective;No;No;No;No;No;No;0.0;-6.0;0.25;-6.1;0.39;-6.17;0.47;-6.21;;;;;;;;;CACC
449;18.1;24.1;0.7;8;Successful;Effective;No;No;No;No;No;No;0.0;-6.0;0.25;-6.1;0.39;-6.17;0.47;-6.21;;;;;;;;;CACC
450;18.1;24.1;0.7;10;Successful;Effective;No;No;No;No;No;No;0.0;-6.0;0.25;-6.1;0.39;-6.17;0.47;-6.21;;;;;;;;;CACC
451;18.1;24.1;0.8;5;Successful;Effective;No;No;No;No;No;No;0.0;-6.0;0.25;-6.1;0.39;-6.17;0.47;-6.21;;;;;;;;;CACC
452;18.1;24.1;0.8;8;Successful;Effective;No;No;No;No;No;No;0.0;-6.0;0.25;-6.1;0.39;-6.17;0.47;-6.21;;;;;;;;;CACC
453;18.1;24.1;0.8;10;Successful;Effective;No;No;No;No;No;No;0.0;-6.0;0.25;-6.1;0.39;-6.17;0.47;-6.21;;;;;;;;;CACC
454;18.1;24.1;0.9;5;Successful;Effective;No;No;No;No;No;No;0.0;-6.0;0.25;-6.11;0.39;-6.17;0.47;-6.2;;;;;;;;;CACC
455;18.1;24.1;0.9;8;Successful;Effective;No;No;No;No;No;No;0.0;-6.0;0.25;-6.11;0.39;-6.17;0.47;-6.2;;;;;;;;;CACC
456;18.1;24.1;0.9;10;Successful;Effective;No;No;No;No;No;No;0.0;-6.0;0.25;-6.11;0.39;-6.17;0.47;-6.2;;;;;;;;;CACC
457;18.1;24.1;1.0;5;Successful;Effective;No;No;No;No;No;No;0.0;-6.0;0.25;-6.11;0.39;-6.17;0.47;-6.2;;;;;;;;;CACC
458;18.1;24.1;1.0;8;Successful;Effective;No;No;No;No;No;No;0.0;-6.0;0.25;-6.11;0.39;-6.17;0.47;-6.2;;;;;;;;;CACC
459;18.1;24.1;1.0;10;Successful;Effective;No;No;No;No;No;No;0.0;-6.0;0.25;-6.11;0.39;-6.17;0.47;-6.2;;;;;;;;;CACC
460;18.1;24.1;1.1;5;Successful;Effective;No;No;No;No;No;No;0.0;-6.0;0.25;-6.11;0.39;-6.18;0.47;-6.18;;;;;;;;;CACC
461;18.1;24.1;1.1;8;Successful;Effective;No;No;No;No;No;No;0.0;-6.0;0.25;-6.11;0.39;-6.18;0.47;-6.18;;;;;;;;;CACC
462;18.1;24.1;1.1;10;Successful;Effective;No;No;No;No;No;No;0.0;-6.0;0.25;-6.11;0.39;-6.18;0.47;-6.18;;;;;;;;;CACC
463;18.2;24.2;0.5;5;Successful;Effective;No;No;No;No;No;No;0.0;-6.0;0.25;-6.1;0.39;-6.17;0.47;-6.22;;;;;;;;;CACC
464;18.2;24.2;0.5;8;Successful;Effective;No;No;No;No;No;No;0.0;-6.0;0.25;-6.1;0.39;-6.17;0.47;-6.22;;;;;;;;;CACC
465;18.2;24.2;0.5;10;Successful;Effective;No;No;No;No;No;No;0.0;-6.0;0.25;-6.1;0.39;-6.17;0.47;-6.22;;;;;;;;;CACC
466;18.2;24.2;0.6;5;Successful;Effective;No;No;No;No;No;No;0.0;-6.0;0.25;-6.1;0.39;-6.17;0.47;-6.21;;;;;;;;;CACC
467;18.2;24.2;0.6;8;Successful;Effective;No;No;No;No;No;No;0.0;-6.0;0.25;-6.1;0.39;-6.17;0.47;-6.21;;;;;;;;;CACC
468;18.2;24.2;0.6;10;Successful;Effective;No;No;No;No;No;No;0.0;-6.0;0.25;-6.1;0.39;-6.17;0.47;-6.21;;;;;;;;;CACC
469;18.2;24.2;0.7;5;Successful;Effective;No;No;No;No;No;No;0.0;-6.0;0.25;-6.1;0.39;-6.17;0.47;-6.21;;;;;;;;;CACC
470;18.2;24.2;0.7;8;Successful;Effective;No;No;No;No;No;No;0.0;-6.0;0.25;-6.1;0.39;-6.17;0.47;-6.21;;;;;;;;;CACC
471;18.2;24.2;0.7;10;Successful;Effective;No;No;No;No;No;No;0.0;-6.0;0.25;-6.1;0.39;-6.17;0.47;-6.21;;;;;;;;;CACC
472;18.2;24.2;0.8;5;Successful;Effective;No;No;No;No;No;No;0.0;-6.0;0.25;-6.1;0.39;-6.16;0.47;-6.2;;;;;;;;;CACC
473;18.2;24.2;0.8;8;Successful;Effective;No;No;No;No;No;No;0.0;-6.0;0.25;-6.1;0.39;-6.16;0.47;-6.2;;;;;;;;;CACC
474;18.2;24.2;0.8;10;Successful;Effective;No;No;No;No;No;No;0.0;-6.0;0.25;-6.1;0.39;-6.16;0.47;-6.2;;;;;;;;;CACC
475;18.2;24.2;0.9;5;Successful;Effective;No;No;No;No;No;No;0.0;-6.0;0.25;-6.1;0.39;-6.16;0.47;-6.19;;;;;;;;;CACC
476;18.2;24.2;0.9;8;Successful;Effective;No;No;No;No;No;No;0.0;-6.0;0.25;-6.1;0.39;-6.16;0.47;-6.19;;;;;;;;;CACC
477;18.2;24.2;0.9;10;Successful;Effective;No;No;No;No;No;No;0.0;-6.0;0.25;-6.1;0.39;-6.16;0.47;-6.19;;;;;;;;;CACC
478;18.2;24.2;1.0;5;Successful;Effective;No;No;No;No;No;No;0.0;-6.0;0.25;-6.1;0.39;-6.16;0.47;-6.19;;;;;;;;;CACC
479;18.2;24.2;1.0;8;Successful;Effective;No;No;No;No;No;No;0.0;-6.0;0.25;-6.1;0.39;-6.16;0.47;-6.19;;;;;;;;;CACC
480;18.2;24.2;1.0;10;Successful;Effective;No;No;No;No;No;No;0.0;-6.0;0.25;-6.1;0.39;-6.16;0.47;-6.19;;;;;;;;;CACC
481;18.2;24.2;1.1;5;Successful;Effective;No;No;No;No;No;No;0.0;-6.0;0.25;-6.1;0.39;-6.16;0.47;-6.19;;;;;;;;;CACC
482;18.2;24.2;1.1;8;Successful;Effective;No;No;No;No;No;No;0.0;-6.0;0.25;-6.1;0.39;-6.16;0.47;-6.19;;;;;;;;;CACC
483;18.2;24.2;1.1;10;Successful;Effective;No;No;No;No;No;No;0.0;-6.0;0.25;-6.1;0.39;-6.16;0.47;-6.19;;;;;;;;;CACC
484;18.3;24.3;0.5;5;Successful;Effective;No;No;No;No;No;No;0.0;-6.0;0.25;-6.1;0.39;-6.17;0.47;-6.22;;;;;;;;;CACC
485;18.3;24.3;0.5;8;Successful;Effective;No;No;No;No;No;No;0.0;-6.0;0.25;-6.1;0.39;-6.17;0.47;-6.22;;;;;;;;;CACC
486;18.3;24.3;0.5;10;Successful;Effective;No;No;No;No;No;No;0.0;-6.0;0.25;-6.1;0.39;-6.17;0.47;-6.22;;;;;;;;;CACC
487;18.3;24.3;0.6;5;Successful;Effective;No;No;No;No;No;No;0.0;-6.0;0.25;-6.1;0.39;-6.17;0.47;-6.21;;;;;;;;;CACC
488;18.3;24.3;0.6;8;Successful;Effective;No;No;No;No;No;No;0.0;-6.0;0.25;-6.1;0.39;-6.17;0.47;-6.21;;;;;;;;;CACC
489;18.3;24.3;0.6;10;Successful;Effective;No;No;No;No;No;No;0.0;-6.0;0.25;-6.1;0.39;-6.17;0.47;-6.21;;;;;;;;;CACC
490;18.3;24.3;0.7;5;Successful;Effective;No;No;No;No;No;No;0.0;-6.0;0.25;-6.1;0.39;-6.16;0.47;-6.21;;;;;;;;;CACC
491;18.3;24.3;0.7;8;Successful;Effective;No;No;No;No;No;No;0.0;-6.0;0.25;-6.1;0.39;-6.16;0.47;-6.21;;;;;;;;;CACC
492;18.3;24.3;0.7;10;Successful;Effective;No;No;No;No;No;No;0.0;-6.0;0.25;-6.1;0.39;-6.16;0.47;-6.21;;;;;;;;;CACC
493;18.3;24.3;0.8;5;Successful;Effective;No;No;No;No;No;No;0.0;-6.0;0.25;-6.1;0.39;-6.16;0.47;-6.2;;;;;;;;;CACC
494;18.3;24.3;0.8;8;Successful;Effective;No;No;No;No;No;No;0.0;-6.0;0.25;-6.1;0.39;-6.16;0.47;-6.2;;;;;;;;;CACC
495;18.3;24.3;0.8;10;Successful;Effective;No;No;No;No;No;No;0.0;-6.0;0.25;-6.1;0.39;-6.16;0.47;-6.2;;;;;;;;;CACC
496;18.3;24.3;0.9;5;Successful;Effective;No;No;No;No;No;No;0.0;-6.0;0.25;-6.1;0.39;-6.15;0.47;-6.2;;;;;;;;;CACC
497;18.3;24.3;0.9;8;Successful;Effective;No;No;No;No;No;No;0.0;-6.0;0.25;-6.1;0.39;-6.15;0.47;-6.2;;;;;;;;;CACC
498;18.3;24.3;0.9;10;Successful;Effective;No;No;No;No;No;No;0.0;-6.0;0.25;-6.1;0.39;-6.15;0.47;-6.2;;;;;;;;;CACC
499;18.3;24.3;1.0;5;Successful;Effective;No;No;No;No;No;No;0.0;-6.0;0.25;-6.1;0.39;-6.15;0.47;-6.19;;;;;;;;;CACC
500;18.3;24.3;1.0;8;Successful;Effective;No;No;No;No;No;No;0.0;-6.0;0.25;-6.1;0.39;-6.15;0.47;-6.19;;;;;;;;;CACC
501;18.3;24.3;1.0;10;Successful;Effective;No;No;No;No;No;No;0.0;-6.0;0.25;-6.1;0.39;-6.15;0.47;-6.19;;;;;;;;;CACC
502;18.3;24.3;1.1;5;Successful;Effective;No;No;No;No;No;No;0.0;-6.0;0.25;-6.1;0.39;-6.15;0.47;-6.19;;;;;;;;;CACC
503;18.3;24.3;1.1;8;Successful;Effective;No;No;No;No;No;No;0.0;-6.0;0.25;-6.1;0.39;-6.15;0.47;-6.19;;;;;;;;;CACC
504;18.3;24.3;1.1;10;Successful;Effective;No;No;No;No;No;No;0.0;-6.0;0.25;-6.1;0.39;-6.15;0.47;-6.19;;;;;;;;;CACC
505;18.4;24.4;0.5;5;Successful;Effective;No;No;No;No;No;No;0.0;-6.0;0.25;-6.1;0.39;-6.17;0.47;-6.22;;;;;;;;;CACC
506;18.4;24.4;0.5;8;Successful;Effective;No;No;No;No;No;No;0.0;-6.0;0.25;-6.1;0.39;-6.17;0.47;-6.22;;;;;;;;;CACC
507;18.4;24.4;0.5;10;Successful;Effective;No;No;No;No;No;No;0.0;-6.0;0.25;-6.1;0.39;-6.17;0.47;-6.22;;;;;;;;;CACC
508;18.4;24.4;0.6;5;Successful;Effective;No;No;No;No;No;No;0.0;-6.0;0.25;-6.1;0.39;-6.17;0.47;-6.22;;;;;;;;;CACC
509;18.4;24.4;0.6;8;Successful;Effective;No;No;No;No;No;No;0.0;-6.0;0.25;-6.1;0.39;-6.17;0.47;-6.22;;;;;;;;;CACC
510;18.4;24.4;0.6;10;Successful;Effective;No;No;No;No;No;No;0.0;-6.0;0.25;-6.1;0.39;-6.17;0.47;-6.22;;;;;;;;;CACC
511;18.4;24.4;0.7;5;Successful;Effective;No;No;No;No;No;No;0.0;-6.0;0.25;-6.09;0.39;-6.16;0.47;-6.21;;;;;;;;;CACC
512;18.4;24.4;0.7;8;Successful;Effective;No;No;No;No;No;No;0.0;-6.0;0.25;-6.09;0.39;-6.16;0.47;-6.21;;;;;;;;;CACC
513;18.4;24.4;0.7;10;Successful;Effective;No;No;No;No;No;No;0.0;-6.0;0.25;-6.09;0.39;-6.16;0.47;-6.21;;;;;;;;;CACC
514;18.4;24.4;0.8;5;Successful;Effective;No;No;No;No;No;No;0.0;-6.0;0.25;-6.09;0.39;-6.15;0.47;-6.21;;;;;;;;;CACC
515;18.4;24.4;0.8;8;Successful;Effective;No;No;No;No;No;No;0.0;-6.0;0.25;-6.09;0.39;-6.15;0.47;-6.21;;;;;;;;;CACC
516;18.4;24.4;0.8;10;Successful;Effective;No;No;No;No;No;No;0.0;-6.0;0.25;-6.09;0.39;-6.15;0.47;-6.21;;;;;;;;;CACC
517;18.4;24.4;0.9;5;Successful;Effective;No;No;No;No;No;No;0.0;-6.0;0.25;-6.09;0.39;-6.15;0.47;-6.2;;;;;;;;;CACC
518;18.4;24.4;0.9;8;Successful;Effective;No;No;No;No;No;No;0.0;-6.0;0.25;-6.09;0.39;-6.15;0.47;-6.2;;;;;;;;;CACC
519;18.4;24.4;0.9;10;Successful;Effective;No;No;No;No;No;No;0.0;-6.0;0.25;-6.09;0.39;-6.15;0.47;-6.2;;;;;;;;;CACC
520;18.4;24.4;1.0;5;Successful;Effective;No;No;No;No;No;No;0.0;-6.0;0.25;-6.09;0.39;-6.14;0.47;-6.19;;;;;;;;;CACC
521;18.4;24.4;1.0;8;Successful;Effective;No;No;No;No;No;No;0.0;-6.0;0.25;-6.09;0.39;-6.14;0.47;-6.19;;;;;;;;;CACC
522;18.4;24.4;1.0;10;Successful;Effective;No;No;No;No;No;No;0.0;-6.0;0.25;-6.09;0.39;-6.14;0.47;-6.19;;;;;;;;;CACC
523;18.4;24.4;1.1;5;Successful;Effective;No;No;No;No;No;No;0.0;-6.0;0.25;-6.09;0.39;-6.14;0.47;-6.19;;;;;;;;;CACC
524;18.4;24.4;1.1;8;Successful;Effective;No;No;No;No;No;No;0.0;-6.0;0.25;-6.09;0.39;-6.14;0.47;-6.19;;;;;;;;;CACC
525;18.4;24.4;1.1;10;Successful;Effective;No;No;No;No;No;No;0.0;-6.0;0.25;-6.09;0.39;-6.14;0.47;-6.19;;;;;;;;;CACC
526;18.5;24.5;0.5;5;Successful;Effective;No;No;No;No;No;No;0.0;-6.0;0.25;-6.1;0.39;-6.17;0.47;-6.22;;;;;;;;;CACC
527;18.5;24.5;0.5;8;Successful;Effective;No;No;No;No;No;No;0.0;-6.0;0.25;-6.1;0.39;-6.17;0.47;-6.22;;;;;;;;;CACC
528;18.5;24.5;0.5;10;Successful;Effective;No;No;No;No;No;No;0.0;-6.0;0.25;-6.1;0.39;-6.17;0.47;-6.22;;;;;;;;;CACC
529;18.5;24.5;0.6;5;Successful;Effective;No;No;No;No;No;No;0.0;-6.0;0.25;-6.1;0.39;-6.17;0.47;-6.22;;;;;;;;;CACC
530;18.5;24.5;0.6;8;Successful;Effective;No;No;No;No;No;No;0.0;-6.0;0.25;-6.1;0.39;-6.17;0.47;-6.22;;;;;;;;;CACC
531;18.5;24.5;0.6;10;Successful;Effective;No;No;No;No;No;No;0.0;-6.0;0.25;-6.1;0.39;-6.17;0.47;-6.22;;;;;;;;;CACC
532;18.5;24.5;0.7;5;Successful;Effective;No;No;No;No;No;No;0.0;-6.0;0.25;-6.09;0.39;-6.16;0.47;-6.21;;;;;;;;;CACC
533;18.5;24.5;0.7;8;Successful;Effective;No;No;No;No;No;No;0.0;-6.0;0.25;-6.09;0.39;-6.16;0.47;-6.21;;;;;;;;;CACC
534;18.5;24.5;0.7;10;Successful;Effective;No;No;No;No;No;No;0.0;-6.0;0.25;-6.09;0.39;-6.16;0.47;-6.21;;;;;;;;;CACC
535;18.5;24.5;0.8;5;Successful;Effective;No;No;No;No;No;No;0.0;-6.0;0.25;-6.09;0.39;-6.16;0.47;-6.21;;;;;;;;;CACC
536;18.5;24.5;0.8;8;Successful;Effective;No;No;No;No;No;No;0.0;-6.0;0.25;-6.09;0.39;-6.16;0.47;-6.21;;;;;;;;;CACC
537;18.5;24.5;0.8;10;Successful;Effective;No;No;No;No;No;No;0.0;-6.0;0.25;-6.09;0.39;-6.16;0.47;-6.21;;;;;;;;;CACC
538;18.5;24.5;0.9;5;Successful;Effective;No;No;No;No;No;No;0.0;-6.0;0.25;-6.09;0.39;-6.15;0.47;-6.2;;;;;;;;;CACC
539;18.5;24.5;0.9;8;Successful;Effective;No;No;No;No;No;No;0.0;-6.0;0.25;-6.09;0.39;-6.15;0.47;-6.2;;;;;;;;;CACC
540;18.5;24.5;0.9;10;Successful;Effective;No;No;No;No;No;No;0.0;-6.0;0.25;-6.09;0.39;-6.15;0.47;-6.2;;;;;;;;;CACC
541;18.5;24.5;1.0;5;Successful;Effective;No;No;No;No;No;No;0.0;-6.0;0.25;-6.09;0.39;-6.15;0.47;-6.2;;;;;;;;;CACC
542;18.5;24.5;1.0;8;Successful;Effective;No;No;No;No;No;No;0.0;-6.0;0.25;-6.09;0.39;-6.15;0.47;-6.2;;;;;;;;;CACC
543;18.5;24.5;1.0;10;Successful;Effective;No;No;No;No;No;No;0.0;-6.0;0.25;-6.09;0.39;-6.15;0.47;-6.2;;;;;;;;;CACC
544;18.5;24.5;1.1;5;Successful;Effective;No;No;No;No;No;No;0.0;-6.0;0.25;-6.09;0.39;-6.15;0.47;-6.2;;;;;;;;;CACC
545;18.5;24.5;1.1;8;Successful;Effective;No;No;No;No;No;No;0.0;-6.0;0.25;-6.09;0.39;-6.15;0.47;-6.2;;;;;;;;;CACC
546;18.5;24.5;1.1;10;Successful;Effective;No;No;No;No;No;No;0.0;-6.0;0.25;-6.09;0.39;-6.15;0.47;-6.2;;;;;;;;;CACC
547;18.6;24.6;0.5;5;Successful;Effective;No;No;No;No;No;No;0.0;-6.0;0.25;-6.1;0.39;-6.17;0.47;-6.22;;;;;;;;;CACC
548;18.6;24.6;0.5;8;Successful;Effective;No;No;No;No;No;No;0.0;-6.0;0.25;-6.1;0.39;-6.17;0.47;-6.22;;;;;;;;;CACC
549;18.6;24.6;0.5;10;Successful;Effective;No;No;No;No;No;No;0.0;-6.0;0.25;-6.1;0.39;-6.17;0.47;-6.22;;;;;;;;;CACC
550;18.6;24.6;0.6;5;Successful;Effective;No;No;No;No;No;No;0.0;-6.0;0.25;-6.09;0.39;-6.17;0.47;-6.22;;;;;;;;;CACC
551;18.6;24.6;0.6;8;Successful;Effective;No;No;No;No;No;No;0.0;-6.0;0.25;-6.09;0.39;-6.17;0.47;-6.22;;;;;;;;;CACC
552;18.6;24.6;0.6;10;Successful;Effective;No;No;No;No;No;No;0.0;-6.0;0.25;-6.09;0.39;-6.17;0.47;-6.22;;;;;;;;;CACC
553;18.6;24.6;0.7;5;Successful;Effective;No;No;No;No;No;No;0.0;-6.0;0.25;-6.09;0.39;-6.17;0.47;-6.22;;;;;;;;;CACC
554;18.6;24.6;0.7;8;Successful;Effective;No;No;No;No;No;No;0.0;-6.0;0.25;-6.09;0.39;-6.17;0.47;-6.22;;;;;;;;;CACC
555;18.6;24.6;0.7;10;Successful;Effective;No;No;No;No;No;No;0.0;-6.0;0.25;-6.09;0.39;-6.17;0.47;-6.22;;;;;;;;;CACC
556;18.6;24.6;0.8;5;Successful;Effective;No;No;No;No;No;No;0.0;-6.0;0.25;-6.09;0.39;-6.16;0.47;-6.21;;;;;;;;;CACC
557;18.6;24.6;0.8;8;Successful;Effective;No;No;No;No;No;No;0.0;-6.0;0.25;-6.09;0.39;-6.16;0.47;-6.21;;;;;;;;;CACC
558;18.6;24.6;0.8;10;Successful;Effective;No;No;No;No;No;No;0.0;-6.0;0.25;-6.09;0.39;-6.16;0.47;-6.21;;;;;;;;;CACC
559;18.6;24.6;0.9;5;Successful;Effective;No;No;No;No;No;No;0.0;-6.0;0.25;-6.09;0.39;-6.16;0.47;-6.21;;;;;;;;;CACC
560;18.6;24.6;0.9;8;Successful;Effective;No;No;No;No;No;No;0.0;-6.0;0.25;-6.09;0.39;-6.16;0.47;-6.21;;;;;;;;;CACC
561;18.6;24.6;0.9;10;Successful;Effective;No;No;No;No;No;No;0.0;-6.0;0.25;-6.09;0.39;-6.16;0.47;-6.21;;;;;;;;;CACC
562;18.6;24.6;1.0;5;Successful;Effective;No;No;No;No;No;No;0.0;-6.0;0.25;-6.08;0.39;-6.16;0.47;-6.21;;;;;;;;;CACC
563;18.6;24.6;1.0;8;Successful;Effective;No;No;No;No;No;No;0.0;-6.0;0.25;-6.08;0.39;-6.16;0.47;-6.21;;;;;;;;;CACC
564;18.6;24.6;1.0;10;Successful;Effective;No;No;No;No;No;No;0.0;-6.0;0.25;-6.08;0.39;-6.16;0.47;-6.21;;;;;;;;;CACC
565;18.6;24.6;1.1;5;Successful;Effective;No;No;No;No;No;No;0.0;-6.0;0.25;-6.08;0.39;-6.15;0.47;-6.2;;;;;;;;;CACC
566;18.6;24.6;1.1;8;Successful;Effective;No;No;No;No;No;No;0.0;-6.0;0.25;-6.08;0.39;-6.15;0.47;-6.2;;;;;;;;;CACC
567;18.6;24.6;1.1;10;Successful;Effective;No;No;No;No;No;No;0.0;-6.0;0.25;-6.08;0.39;-6.15;0.47;-6.2;;;;;;;;;CACC
568;18.7;24.7;0.5;5;Successful;Effective;No;No;No;No;No;No;0.0;-6.0;0.25;-6.1;0.39;-6.17;0.47;-6.22;;;;;;;;;CACC
569;18.7;24.7;0.5;8;Successful;Effective;No;No;No;No;No;No;0.0;-6.0;0.25;-6.1;0.39;-6.17;0.47;-6.22;;;;;;;;;CACC
570;18.7;24.7;0.5;10;Successful;Effective;No;No;No;No;No;No;0.0;-6.0;0.25;-6.1;0.39;-6.17;0.47;-6.22;;;;;;;;;CACC
571;18.7;24.7;0.6;5;Successful;Effective;No;No;No;No;No;No;0.0;-6.0;0.25;-6.09;0.39;-6.17;0.47;-6.22;;;;;;;;;CACC
572;18.7;24.7;0.6;8;Successful;Effective;No;No;No;No;No;No;0.0;-6.0;0.25;-6.09;0.39;-6.17;0.47;-6.22;;;;;;;;;CACC
573;18.7;24.7;0.6;10;Successful;Effective;No;No;No;No;No;No;0.0;-6.0;0.25;-6.09;0.39;-6.17;0.47;-6.22;;;;;;;;;CACC
574;18.7;24.7;0.7;5;Successful;Effective;No;No;No;No;No;No;0.0;-6.0;0.25;-6.09;0.39;-6.17;0.47;-6.22;;;;;;;;;CACC
575;18.7;24.7;0.7;8;Successful;Effective;No;No;No;No;No;No;0.0;-6.0;0.25;-6.09;0.39;-6.17;0.47;-6.22;;;;;;;;;CACC
576;18.7;24.7;0.7;10;Successful;Effective;No;No;No;No;No;No;0.0;-6.0;0.25;-6.09;0.39;-6.17;0.47;-6.22;;;;;;;;;CACC
577;18.7;24.7;0.8;5;Successful;Effective;No;No;No;No;No;No;0.0;-6.0;0.25;-6.09;0.39;-6.17;0.47;-6.22;;;;;;;;;CACC
578;18.7;24.7;0.8;8;Successful;Effective;No;No;No;No;No;No;0.0;-6.0;0.25;-6.09;0.39;-6.17;0.47;-6.22;;;;;;;;;CACC
579;18.7;24.7;0.8;10;Successful;Effective;No;No;No;No;No;No;0.0;-6.0;0.25;-6.09;0.39;-6.17;0.47;-6.22;;;;;;;;;CACC
580;18.7;24.7;0.9;5;Successful;Effective;No;No;No;No;No;No;0.0;-6.0;0.25;-6.08;0.39;-6.16;0.47;-6.21;;;;;;;;;CACC
581;18.7;24.7;0.9;8;Successful;Effective;No;No;No;No;No;No;0.0;-6.0;0.25;-6.08;0.39;-6.16;0.47;-6.21;;;;;;;;;CACC
582;18.7;24.7;0.9;10;Successful;Effective;No;No;No;No;No;No;0.0;-6.0;0.25;-6.08;0.39;-6.16;0.47;-6.21;;;;;;;;;CACC
583;18.7;24.7;1.0;5;Successful;Effective;No;No;No;No;No;No;0.0;-6.0;0.25;-6.08;0.39;-6.16;0.47;-6.21;;;;;;;;;CACC
584;18.7;24.7;1.0;8;Successful;Effective;No;No;No;No;No;No;0.0;-6.0;0.25;-6.08;0.39;-6.16;0.47;-6.21;;;;;;;;;CACC
585;18.7;24.7;1.0;10;Successful;Effective;No;No;No;No;No;No;0.0;-6.0;0.25;-6.08;0.39;-6.16;0.47;-6.21;;;;;;;;;CACC
586;18.7;24.7;1.1;5;Successful;Effective;No;No;No;No;No;No;0.0;-6.0;0.25;-6.08;0.39;-6.16;0.47;-6.21;;;;;;;;;CACC
587;18.7;24.7;1.1;8;Successful;Effective;No;No;No;No;No;No;0.0;-6.0;0.25;-6.08;0.39;-6.16;0.47;-6.21;;;;;;;;;CACC
588;18.7;24.7;1.1;10;Successful;Effective;No;No;No;No;No;No;0.0;-6.0;0.25;-6.08;0.39;-6.16;0.47;-6.21;;;;;;;;;CACC
589;18.8;24.8;0.5;5;Successful;Effective;No;No;No;No;No;No;0.0;-6.0;0.25;-6.1;0.39;-6.18;0.47;-6.23;;;;;;;;;CACC
590;18.8;24.8;0.5;8;Successful;Effective;No;No;No;No;No;No;0.0;-6.0;0.25;-6.1;0.39;-6.18;0.47;-6.23;;;;;;;;;CACC
591;18.8;24.8;0.5;10;Successful;Effective;No;No;No;No;No;No;0.0;-6.0;0.25;-6.1;0.39;-6.18;0.47;-6.23;;;;;;;;;CACC
592;18.8;24.8;0.6;5;Successful;Effective;No;No;No;No;No;No;0.0;-6.0;0.25;-6.09;0.39;-6.17;0.47;-6.22;;;;;;;;;CACC
593;18.8;24.8;0.6;8;Successful;Effective;No;No;No;No;No;No;0.0;-6.0;0.25;-6.09;0.39;-6.17;0.47;-6.22;;;;;;;;;CACC
594;18.8;24.8;0.6;10;Successful;Effective;No;No;No;No;No;No;0.0;-6.0;0.25;-6.09;0.39;-6.17;0.47;-6.22;;;;;;;;;CACC
595;18.8;24.8;0.7;5;Successful;Effective;No;No;No;No;No;No;0.0;-6.0;0.25;-6.09;0.39;-6.17;0.47;-6.22;;;;;;;;;CACC
596;18.8;24.8;0.7;8;Successful;Effective;No;No;No;No;No;No;0.0;-6.0;0.25;-6.09;0.39;-6.17;0.47;-6.22;;;;;;;;;CACC
597;18.8;24.8;0.7;10;Successful;Effective;No;No;No;No;No;No;0.0;-6.0;0.25;-6.09;0.39;-6.17;0.47;-6.22;;;;;;;;;CACC
598;18.8;24.8;0.8;5;Successful;Effective;No;No;No;No;No;No;0.0;-6.0;0.25;-6.09;0.39;-6.17;0.47;-6.22;;;;;;;;;CACC
599;18.8;24.8;0.8;8;Successful;Effective;No;No;No;No;No;No;0.0;-6.0;0.25;-6.09;0.39;-6.17;0.47;-6.22;;;;;;;;;CACC
600;18.8;24.8;0.8;10;Successful;Effective;No;No;No;No;No;No;0.0;-6.0;0.25;-6.09;0.39;-6.17;0.47;-6.22;;;;;;;;;CACC
601;18.8;24.8;0.9;5;Successful;Effective;No;No;No;No;No;No;0.0;-6.0;0.25;-6.08;0.39;-6.17;0.47;-6.22;;;;;;;;;CACC
602;18.8;24.8;0.9;8;Successful;Effective;No;No;No;No;No;No;0.0;-6.0;0.25;-6.08;0.39;-6.17;0.47;-6.22;;;;;;;;;CACC
603;18.8;24.8;0.9;10;Successful;Effective;No;No;No;No;No;No;0.0;-6.0;0.25;-6.08;0.39;-6.17;0.47;-6.22;;;;;;;;;CACC
604;18.8;24.8;1.0;5;Successful;Effective;No;No;No;No;No;No;0.0;-6.0;0.25;-6.08;0.39;-6.16;0.47;-6.22;;;;;;;;;CACC
605;18.8;24.8;1.0;8;Successful;Effective;No;No;No;No;No;No;0.0;-6.0;0.25;-6.08;0.39;-6.16;0.47;-6.22;;;;;;;;;CACC
606;18.8;24.8;1.0;10;Successful;Effective;No;No;No;No;No;No;0.0;-6.0;0.25;-6.08;0.39;-6.16;0.47;-6.22;;;;;;;;;CACC
607;18.8;24.8;1.1;5;Successful;Effective;No;No;No;No;No;No;0.0;-6.0;0.25;-6.08;0.39;-6.16;0.47;-6.21;;;;;;;;;CACC
608;18.8;24.8;1.1;8;Successful;Effective;No;No;No;No;No;No;0.0;-6.0;0.25;-6.08;0.39;-6.16;0.47;-6.21;;;;;;;;;CACC
609;18.8;24.8;1.1;10;Successful;Effective;No;No;No;No;No;No;0.0;-6.0;0.25;-6.08;0.39;-6.16;0.47;-6.21;;;;;;;;;CACC
610;18.9;24.9;0.5;5;Successful;Effective;No;No;No;No;No;No;0.0;-6.0;0.25;-6.1;0.39;-6.18;0.47;-6.23;;;;;;;;;CACC
611;18.9;24.9;0.5;8;Successful;Effective;No;No;No;No;No;No;0.0;-6.0;0.25;-6.1;0.39;-6.18;0.47;-6.23;;;;;;;;;CACC
612;18.9;24.9;0.5;10;Successful;Effective;No;No;No;No;No;No;0.0;-6.0;0.25;-6.1;0.39;-6.18;0.47;-6.23;;;;;;;;;CACC
613;18.9;24.9;0.6;5;Successful;Effective;No;No;No;No;No;No;0.0;-6.0;0.25;-6.09;0.39;-6.18;0.47;-6.23;;;;;;;;;CACC
614;18.9;24.9;0.6;8;Successful;Effective;No;No;No;No;No;No;0.0;-6.0;0.25;-6.09;0.39;-6.18;0.47;-6.23;;;;;;;;;CACC
615;18.9;24.9;0.6;10;Successful;Effective;No;No;No;No;No;No;0.0;-6.0;0.25;-6.09;0.39;-6.18;0.47;-6.23;;;;;;;;;CACC
616;18.9;24.9;0.7;5;Successful;Effective;No;No;No;No;No;No;0.0;-6.0;0.25;-6.09;0.39;-6.18;0.47;-6.23;;;;;;;;;CACC
617;18.9;24.9;0.7;8;Successful;Effective;No;No;No;No;No;No;0.0;-6.0;0.25;-6.09;0.39;-6.18;0.47;-6.23;;;;;;;;;CACC
618;18.9;24.9;0.7;10;Successful;Effective;No;No;No;No;No;No;0.0;-6.0;0.25;-6.09;0.39;-6.18;0.47;-6.23;;;;;;;;;CACC
619;18.9;24.9;0.8;5;Successful;Effective;No;No;No;No;No;No;0.0;-6.0;0.25;-6.09;0.39;-6.17;0.47;-6.22;;;;;;;;;CACC
620;18.9;24.9;0.8;8;Successful;Effective;No;No;No;No;No;No;0.0;-6.0;0.25;-6.09;0.39;-6.17;0.47;-6.22;;;;;;;;;CACC
621;18.9;24.9;0.8;10;Successful;Effective;No;No;No;No;No;No;0.0;-6.0;0.25;-6.09;0.39;-6.17;0.47;-6.22;;;;;;;;;CACC
622;18.9;24.9;0.9;5;Successful;Effective;No;No;No;No;No;No;0.0;-6.0;0.25;-6.09;0.39;-6.17;0.47;-6.22;;;;;;;;;CACC
623;18.9;24.9;0.9;8;Successful;Effective;No;No;No;No;No;No;0.0;-6.0;0.25;-6.09;0.39;-6.17;0.47;-6.22;;;;;;;;;CACC
624;18.9;24.9;0.9;10;Successful;Effective;No;No;No;No;No;No;0.0;-6.0;0.25;-6.09;0.39;-6.17;0.47;-6.22;;;;;;;;;CACC
625;18.9;24.9;1.0;5;Successful;Effective;No;No;No;No;No;No;0.0;-6.0;0.25;-6.09;0.39;-6.17;0.47;-6.22;;;;;;;;;CACC
626;18.9;24.9;1.0;8;Successful;Effective;No;No;No;No;No;No;0.0;-6.0;0.25;-6.09;0.39;-6.17;0.47;-6.22;;;;;;;;;CACC
627;18.9;24.9;1.0;10;Successful;Effective;No;No;No;No;No;No;0.0;-6.0;0.25;-6.09;0.39;-6.17;0.47;-6.22;;;;;;;;;CACC
628;18.9;24.9;1.1;5;Successful;Effective;No;No;No;No;No;No;0.0;-6.0;0.25;-6.09;0.39;-6.17;0.47;-6.22;;;;;;;;;CACC
629;18.9;24.9;1.1;8;Successful;Effective;No;No;No;No;No;No;0.0;-6.0;0.25;-6.09;0.39;-6.17;0.47;-6.22;;;;;;;;;CACC
630;18.9;24.9;1.1;10;Successful;Effective;No;No;No;No;No;No;0.0;-6.0;0.25;-6.09;0.39;-6.17;0.47;-6.22;;;;;;;;;CACC
631;19.0;25.0;0.5;5;Successful;Effective;No;No;No;No;No;No;0.0;-6.0;0.25;-6.1;0.39;-6.18;0.47;-6.23;;;;;;;;;CACC
632;19.0;25.0;0.5;8;Successful;Effective;No;No;No;No;No;No;0.0;-6.0;0.25;-6.1;0.39;-6.18;0.47;-6.23;;;;;;;;;CACC
633;19.0;25.0;0.5;10;Successful;Effective;No;No;No;No;No;No;0.0;-6.0;0.25;-6.1;0.39;-6.18;0.47;-6.23;;;;;;;;;CACC
634;19.0;25.0;0.6;5;Successful;Effective;No;No;No;No;No;No;0.0;-6.0;0.25;-6.1;0.39;-6.18;0.47;-6.23;;;;;;;;;CACC
635;19.0;25.0;0.6;8;Successful;Effective;No;No;No;No;No;No;0.0;-6.0;0.25;-6.1;0.39;-6.18;0.47;-6.23;;;;;;;;;CACC
636;19.0;25.0;0.6;10;Successful;Effective;No;No;No;No;No;No;0.0;-6.0;0.25;-6.1;0.39;-6.18;0.47;-6.23;;;;;;;;;CACC
637;19.0;25.0;0.7;5;Successful;Effective;No;No;No;No;No;No;0.0;-6.0;0.25;-6.09;0.39;-6.18;0.47;-6.23;;;;;;;;;CACC
638;19.0;25.0;0.7;8;Successful;Effective;No;No;No;No;No;No;0.0;-6.0;0.25;-6.09;0.39;-6.18;0.47;-6.23;;;;;;;;;CACC
639;19.0;25.0;0.7;10;Successful;Effective;No;No;No;No;No;No;0.0;-6.0;0.25;-6.09;0.39;-6.18;0.47;-6.23;;;;;;;;;CACC
640;19.0;25.0;0.8;5;Successful;Effective;No;No;No;No;No;No;0.0;-6.0;0.25;-6.09;0.39;-6.18;0.47;-6.23;;;;;;;;;CACC
641;19.0;25.0;0.8;8;Successful;Effective;No;No;No;No;No;No;0.0;-6.0;0.25;-6.09;0.39;-6.18;0.47;-6.23;;;;;;;;;CACC
642;19.0;25.0;0.8;10;Successful;Effective;No;No;No;No;No;No;0.0;-6.0;0.25;-6.09;0.39;-6.18;0.47;-6.23;;;;;;;;;CACC
643;19.0;25.0;0.9;5;Successful;Effective;No;No;No;No;No;No;0.0;-6.0;0.25;-6.09;0.39;-6.17;0.47;-6.22;;;;;;;;;CACC
644;19.0;25.0;0.9;8;Successful;Effective;No;No;No;No;No;No;0.0;-6.0;0.25;-6.09;0.39;-6.17;0.47;-6.22;;;;;;;;;CACC
645;19.0;25.0;0.9;10;Successful;Effective;No;No;No;No;No;No;0.0;-6.0;0.25;-6.09;0.39;-6.17;0.47;-6.22;;;;;;;;;CACC
646;19.0;25.0;1.0;5;Successful;Effective;No;No;No;No;No;No;0.0;-6.0;0.25;-6.09;0.39;-6.17;0.47;-6.22;;;;;;;;;CACC
647;19.0;25.0;1.0;8;Successful;Effective;No;No;No;No;No;No;0.0;-6.0;0.25;-6.09;0.39;-6.17;0.47;-6.22;;;;;;;;;CACC
648;19.0;25.0;1.0;10;Successful;Effective;No;No;No;No;No;No;0.0;-6.0;0.25;-6.09;0.39;-6.17;0.47;-6.22;;;;;;;;;CACC
649;19.0;25.0;1.1;5;Successful;Effective;No;No;No;No;No;No;0.0;-6.0;0.25;-6.09;0.39;-6.17;0.47;-6.22;;;;;;;;;CACC
650;19.0;25.0;1.1;8;Successful;Effective;No;No;No;No;No;No;0.0;-6.0;0.25;-6.09;0.39;-6.17;0.47;-6.22;;;;;;;;;CACC
651;19.0;25.0;1.1;10;Successful;Effective;No;No;No;No;No;No;0.0;-6.0;0.25;-6.09;0.39;-6.17;0.47;-6.22;;;;;;;;;CACC
652;19.1;25.1;0.5;5;Successful;Effective;No;No;No;No;No;No;0.0;-6.0;0.25;-6.1;0.39;-6.18;0.47;-6.23;;;;;;;;;CACC
653;19.1;25.1;0.5;8;Successful;Effective;No;No;No;No;No;No;0.0;-6.0;0.25;-6.1;0.39;-6.18;0.47;-6.23;;;;;;;;;CACC
654;19.1;25.1;0.5;10;Successful;Effective;No;No;No;No;No;No;0.0;-6.0;0.25;-6.1;0.39;-6.18;0.47;-6.23;;;;;;;;;CACC
655;19.1;25.1;0.6;5;Successful;Effective;No;No;No;No;No;No;0.0;-6.0;0.25;-6.1;0.39;-6.18;0.47;-6.23;;;;;;;;;CACC
656;19.1;25.1;0.6;8;Successful;Effective;No;No;No;No;No;No;0.0;-6.0;0.25;-6.1;0.39;-6.18;0.47;-6.23;;;;;;;;;CACC
657;19.1;25.1;0.6;10;Successful;Effective;No;No;No;No;No;No;0.0;-6.0;0.25;-6.1;0.39;-6.18;0.47;-6.23;;;;;;;;;CACC
658;19.1;25.1;0.7;5;Successful;Effective;No;No;No;No;No;No;0.0;-6.0;0.25;-6.1;0.39;-6.18;0.47;-6.23;;;;;;;;;CACC
659;19.1;25.1;0.7;8;Successful;Effective;No;No;No;No;No;No;0.0;-6.0;0.25;-6.1;0.39;-6.18;0.47;-6.23;;;;;;;;;CACC
660;19.1;25.1;0.7;10;Successful;Effective;No;No;No;No;No;No;0.0;-6.0;0.25;-6.1;0.39;-6.18;0.47;-6.23;;;;;;;;;CACC
661;19.1;25.1;0.8;5;Successful;Effective;No;No;No;No;No;No;0.0;-6.0;0.25;-6.1;0.39;-6.18;0.47;-6.23;;;;;;;;;CACC
662;19.1;25.1;0.8;8;Successful;Effective;No;No;No;No;No;No;0.0;-6.0;0.25;-6.1;0.39;-6.18;0.47;-6.23;;;;;;;;;CACC
663;19.1;25.1;0.8;10;Successful;Effective;No;No;No;No;No;No;0.0;-6.0;0.25;-6.1;0.39;-6.18;0.47;-6.23;;;;;;;;;CACC
664;19.1;25.1;0.9;5;Successful;Effective;No;No;No;No;No;No;0.0;-6.0;0.25;-6.1;0.39;-6.18;0.47;-6.23;;;;;;;;;CACC
665;19.1;25.1;0.9;8;Successful;Effective;No;No;No;No;No;No;0.0;-6.0;0.25;-6.1;0.39;-6.18;0.47;-6.23;;;;;;;;;CACC
666;19.1;25.1;0.9;10;Successful;Effective;No;No;No;No;No;No;0.0;-6.0;0.25;-6.1;0.39;-6.18;0.47;-6.23;;;;;;;;;CACC
667;19.1;25.1;1.0;5;Successful;Effective;No;No;No;No;No;No;0.0;-6.0;0.25;-6.1;0.39;-6.18;0.47;-6.23;;;;;;;;;CACC
668;19.1;25.1;1.0;8;Successful;Effective;No;No;No;No;No;No;0.0;-6.0;0.25;-6.1;0.39;-6.18;0.47;-6.23;;;;;;;;;CACC
669;19.1;25.1;1.0;10;Successful;Effective;No;No;No;No;No;No;0.0;-6.0;0.25;-6.1;0.39;-6.18;0.47;-6.23;;;;;;;;;CACC
670;19.1;25.1;1.1;5;Successful;Effective;No;No;No;No;No;No;0.0;-6.0;0.25;-6.1;0.39;-6.18;0.47;-6.23;;;;;;;;;CACC
671;19.1;25.1;1.1;8;Successful;Effective;No;No;No;No;No;No;0.0;-6.0;0.25;-6.1;0.39;-6.18;0.47;-6.23;;;;;;;;;CACC
672;19.1;25.1;1.1;10;Successful;Effective;No;No;No;No;No;No;0.0;-6.0;0.25;-6.1;0.39;-6.18;0.47;-6.23;;;;;;;;;CACC
673;19.2;25.2;0.5;5;Successful;Effective;No;No;No;No;No;No;0.0;-6.0;0.25;-6.1;0.39;-6.18;0.47;-6.23;;;;;;;;;CACC
674;19.2;25.2;0.5;8;Successful;Effective;No;No;No;No;No;No;0.0;-6.0;0.25;-6.1;0.39;-6.18;0.47;-6.23;;;;;;;;;CACC
675;19.2;25.2;0.5;10;Successful;Effective;No;No;No;No;No;No;0.0;-6.0;0.25;-6.1;0.39;-6.18;0.47;-6.23;;;;;;;;;CACC
676;19.2;25.2;0.6;5;Successful;Effective;No;No;No;No;No;No;0.0;-6.0;0.25;-6.1;0.39;-6.18;0.47;-6.23;;;;;;;;;CACC
677;19.2;25.2;0.6;8;Successful;Effective;No;No;No;No;No;No;0.0;-6.0;0.25;-6.1;0.39;-6.18;0.47;-6.23;;;;;;;;;CACC
678;19.2;25.2;0.6;10;Successful;Effective;No;No;No;No;No;No;0.0;-6.0;0.25;-6.1;0.39;-6.18;0.47;-6.23;;;;;;;;;CACC
679;19.2;25.2;0.7;5;Successful;Effective;No;No;No;No;No;No;0.0;-6.0;0.25;-6.1;0.39;-6.18;0.47;-6.23;;;;;;;;;CACC
680;19.2;25.2;0.7;8;Successful;Effective;No;No;No;No;No;No;0.0;-6.0;0.25;-6.1;0.39;-6.18;0.47;-6.23;;;;;;;;;CACC
681;19.2;25.2;0.7;10;Successful;Effective;No;No;No;No;No;No;0.0;-6.0;0.25;-6.1;0.39;-6.18;0.47;-6.23;;;;;;;;;CACC
682;19.2;25.2;0.8;5;Successful;Effective;No;No;No;No;No;No;0.0;-6.0;0.25;-6.1;0.39;-6.18;0.47;-6.23;;;;;;;;;CACC
683;19.2;25.2;0.8;8;Successful;Effective;No;No;No;No;No;No;0.0;-6.0;0.25;-6.1;0.39;-6.18;0.47;-6.23;;;;;;;;;CACC
684;19.2;25.2;0.8;10;Successful;Effective;No;No;No;No;No;No;0.0;-6.0;0.25;-6.1;0.39;-6.18;0.47;-6.23;;;;;;;;;CACC
685;19.2;25.2;0.9;5;Successful;Effective;No;No;No;No;No;No;0.0;-6.0;0.25;-6.1;0.39;-6.18;0.47;-6.23;;;;;;;;;CACC
686;19.2;25.2;0.9;8;Successful;Effective;No;No;No;No;No;No;0.0;-6.0;0.25;-6.1;0.39;-6.18;0.47;-6.23;;;;;;;;;CACC
687;19.2;25.2;0.9;10;Successful;Effective;No;No;No;No;No;No;0.0;-6.0;0.25;-6.1;0.39;-6.18;0.47;-6.23;;;;;;;;;CACC
688;19.2;25.2;1.0;5;Successful;Effective;No;No;No;No;No;No;0.0;-6.0;0.25;-6.1;0.39;-6.18;0.47;-6.23;;;;;;;;;CACC
689;19.2;25.2;1.0;8;Successful;Effective;No;No;No;No;No;No;0.0;-6.0;0.25;-6.1;0.39;-6.18;0.47;-6.23;;;;;;;;;CACC
690;19.2;25.2;1.0;10;Successful;Effective;No;No;No;No;No;No;0.0;-6.0;0.25;-6.1;0.39;-6.18;0.47;-6.23;;;;;;;;;CACC
691;19.2;25.2;1.1;5;Successful;Effective;No;No;No;No;No;No;0.0;-6.0;0.25;-6.1;0.39;-6.18;0.47;-6.23;;;;;;;;;CACC
692;19.2;25.2;1.1;8;Successful;Effective;No;No;No;No;No;No;0.0;-6.0;0.25;-6.1;0.39;-6.18;0.47;-6.23;;;;;;;;;CACC
693;19.2;25.2;1.1;10;Successful;Effective;No;No;No;No;No;No;0.0;-6.0;0.25;-6.1;0.39;-6.18;0.47;-6.23;;;;;;;;;CACC
694;19.3;25.3;0.5;5;Successful;Effective;No;No;No;No;No;No;0.0;-6.0;0.25;-6.1;0.39;-6.18;0.47;-6.23;;;;;;;;;CACC
695;19.3;25.3;0.5;8;Successful;Effective;No;No;No;No;No;No;0.0;-6.0;0.25;-6.1;0.39;-6.18;0.47;-6.23;;;;;;;;;CACC
696;19.3;25.3;0.5;10;Successful;Effective;No;No;No;No;No;No;0.0;-6.0;0.25;-6.1;0.39;-6.18;0.47;-6.23;;;;;;;;;CACC
697;19.3;25.3;0.6;5;Successful;Effective;No;No;No;No;No;No;0.0;-6.0;0.25;-6.1;0.39;-6.18;0.47;-6.23;;;;;;;;;CACC
698;19.3;25.3;0.6;8;Successful;Effective;No;No;No;No;No;No;0.0;-6.0;0.25;-6.1;0.39;-6.18;0.47;-6.23;;;;;;;;;CACC
699;19.3;25.3;0.6;10;Successful;Effective;No;No;No;No;No;No;0.0;-6.0;0.25;-6.1;0.39;-6.18;0.47;-6.23;;;;;;;;;CACC
700;19.3;25.3;0.7;5;Successful;Effective;No;No;No;No;No;No;0.0;-6.0;0.25;-6.1;0.39;-6.18;0.47;-6.23;;;;;;;;;CACC
701;19.3;25.3;0.7;8;Successful;Effective;No;No;No;No;No;No;0.0;-6.0;0.25;-6.1;0.39;-6.18;0.47;-6.23;;;;;;;;;CACC
702;19.3;25.3;0.7;10;Successful;Effective;No;No;No;No;No;No;0.0;-6.0;0.25;-6.1;0.39;-6.18;0.47;-6.23;;;;;;;;;CACC
703;19.3;25.3;0.8;5;Successful;Effective;No;No;No;No;No;No;0.0;-6.0;0.25;-6.1;0.39;-6.18;0.47;-6.23;;;;;;;;;CACC
704;19.3;25.3;0.8;8;Successful;Effective;No;No;No;No;No;No;0.0;-6.0;0.25;-6.1;0.39;-6.18;0.47;-6.23;;;;;;;;;CACC
705;19.3;25.3;0.8;10;Successful;Effective;No;No;No;No;No;No;0.0;-6.0;0.25;-6.1;0.39;-6.18;0.47;-6.23;;;;;;;;;CACC
706;19.3;25.3;0.9;5;Successful;Effective;No;No;No;No;No;No;0.0;-6.0;0.25;-6.1;0.39;-6.18;0.47;-6.23;;;;;;;;;CACC
707;19.3;25.3;0.9;8;Successful;Effective;No;No;No;No;No;No;0.0;-6.0;0.25;-6.1;0.39;-6.18;0.47;-6.23;;;;;;;;;CACC
708;19.3;25.3;0.9;10;Successful;Effective;No;No;No;No;No;No;0.0;-6.0;0.25;-6.1;0.39;-6.18;0.47;-6.23;;;;;;;;;CACC
709;19.3;25.3;1.0;5;Successful;Effective;No;No;No;No;No;No;0.0;-6.0;0.25;-6.1;0.39;-6.18;0.47;-6.23;;;;;;;;;CACC
710;19.3;25.3;1.0;8;Successful;Effective;No;No;No;No;No;No;0.0;-6.0;0.25;-6.1;0.39;-6.18;0.47;-6.23;;;;;;;;;CACC
711;19.3;25.3;1.0;10;Successful;Effective;No;No;No;No;No;No;0.0;-6.0;0.25;-6.1;0.39;-6.18;0.47;-6.23;;;;;;;;;CACC
712;19.3;25.3;1.1;5;Successful;Effective;No;No;No;No;No;No;0.0;-6.0;0.25;-6.1;0.39;-6.18;0.47;-6.23;;;;;;;;;CACC
713;19.3;25.3;1.1;8;Successful;Effective;No;No;No;No;No;No;0.0;-6.0;0.25;-6.1;0.39;-6.18;0.47;-6.23;;;;;;;;;CACC
714;19.3;25.3;1.1;10;Successful;Effective;No;No;No;No;No;No;0.0;-6.0;0.25;-6.1;0.39;-6.18;0.47;-6.23;;;;;;;;;CACC
715;19.4;25.4;0.5;5;Successful;Effective;No;No;No;No;No;No;0.0;-6.0;0.25;-6.1;0.39;-6.18;0.47;-6.23;;;;;;;;;CACC
716;19.4;25.4;0.5;8;Successful;Effective;No;No;No;No;No;No;0.0;-6.0;0.25;-6.1;0.39;-6.18;0.47;-6.23;;;;;;;;;CACC
717;19.4;25.4;0.5;10;Successful;Effective;No;No;No;No;No;No;0.0;-6.0;0.25;-6.1;0.39;-6.18;0.47;-6.23;;;;;;;;;CACC
718;19.4;25.4;0.6;5;Successful;Effective;No;No;No;No;No;No;0.0;-6.0;0.25;-6.1;0.39;-6.18;0.47;-6.23;;;;;;;;;CACC
719;19.4;25.4;0.6;8;Successful;Effective;No;No;No;No;No;No;0.0;-6.0;0.25;-6.1;0.39;-6.18;0.47;-6.23;;;;;;;;;CACC
720;19.4;25.4;0.6;10;Successful;Effective;No;No;No;No;No;No;0.0;-6.0;0.25;-6.1;0.39;-6.18;0.47;-6.23;;;;;;;;;CACC
721;19.4;25.4;0.7;5;Successful;Effective;No;No;No;No;No;No;0.0;-6.0;0.25;-6.1;0.39;-6.18;0.47;-6.23;;;;;;;;;CACC
722;19.4;25.4;0.7;8;Successful;Effective;No;No;No;No;No;No;0.0;-6.0;0.25;-6.1;0.39;-6.18;0.47;-6.23;;;;;;;;;CACC
723;19.4;25.4;0.7;10;Successful;Effective;No;No;No;No;No;No;0.0;-6.0;0.25;-6.1;0.39;-6.18;0.47;-6.23;;;;;;;;;CACC
724;19.4;25.4;0.8;5;Successful;Effective;No;No;No;No;No;No;0.0;-6.0;0.25;-6.1;0.39;-6.18;0.47;-6.23;;;;;;;;;CACC
725;19.4;25.4;0.8;8;Successful;Effective;No;No;No;No;No;No;0.0;-6.0;0.25;-6.1;0.39;-6.18;0.47;-6.23;;;;;;;;;CACC
726;19.4;25.4;0.8;10;Successful;Effective;No;No;No;No;No;No;0.0;-6.0;0.25;-6.1;0.39;-6.18;0.47;-6.23;;;;;;;;;CACC
727;19.4;25.4;0.9;5;Successful;Effective;No;No;No;No;No;No;0.0;-6.0;0.25;-6.1;0.39;-6.18;0.47;-6.23;;;;;;;;;CACC
728;19.4;25.4;0.9;8;Successful;Effective;No;No;No;No;No;No;0.0;-6.0;0.25;-6.1;0.39;-6.18;0.47;-6.23;;;;;;;;;CACC
729;19.4;25.4;0.9;10;Successful;Effective;No;No;No;No;No;No;0.0;-6.0;0.25;-6.1;0.39;-6.18;0.47;-6.23;;;;;;;;;CACC
730;19.4;25.4;1.0;5;Successful;Effective;No;No;No;No;No;No;0.0;-6.0;0.25;-6.1;0.39;-6.18;0.47;-6.23;;;;;;;;;CACC
731;19.4;25.4;1.0;8;Successful;Effective;No;No;No;No;No;No;0.0;-6.0;0.25;-6.1;0.39;-6.18;0.47;-6.23;;;;;;;;;CACC
732;19.4;25.4;1.0;10;Successful;Effective;No;No;No;No;No;No;0.0;-6.0;0.25;-6.1;0.39;-6.18;0.47;-6.23;;;;;;;;;CACC
733;19.4;25.4;1.1;5;Successful;Effective;No;No;No;No;No;No;0.0;-6.0;0.25;-6.1;0.39;-6.18;0.47;-6.23;;;;;;;;;CACC
734;19.4;25.4;1.1;8;Successful;Effective;No;No;No;No;No;No;0.0;-6.0;0.25;-6.1;0.39;-6.18;0.47;-6.23;;;;;;;;;CACC
735;19.4;25.4;1.1;10;Successful;Effective;No;No;No;No;No;No;0.0;-6.0;0.25;-6.1;0.39;-6.18;0.47;-6.23;;;;;;;;;CACC
736;19.5;25.5;0.5;5;Successful;Effective;No;No;No;No;No;No;0.0;-6.0;0.25;-6.1;0.39;-6.18;0.47;-6.23;;;;;;;;;CACC
737;19.5;25.5;0.5;8;Successful;Effective;No;No;No;No;No;No;0.0;-6.0;0.25;-6.1;0.39;-6.18;0.47;-6.23;;;;;;;;;CACC
738;19.5;25.5;0.5;10;Successful;Effective;No;No;No;No;No;No;0.0;-6.0;0.25;-6.1;0.39;-6.18;0.47;-6.23;;;;;;;;;CACC
739;19.5;25.5;0.6;5;Successful;Effective;No;No;No;No;No;No;0.0;-6.0;0.25;-6.1;0.39;-6.18;0.47;-6.23;;;;;;;;;CACC
740;19.5;25.5;0.6;8;Successful;Effective;No;No;No;No;No;No;0.0;-6.0;0.25;-6.1;0.39;-6.18;0.47;-6.23;;;;;;;;;CACC
741;19.5;25.5;0.6;10;Successful;Effective;No;No;No;No;No;No;0.0;-6.0;0.25;-6.1;0.39;-6.18;0.47;-6.23;;;;;;;;;CACC
742;19.5;25.5;0.7;5;Successful;Effective;No;No;No;No;No;No;0.0;-6.0;0.25;-6.1;0.39;-6.18;0.47;-6.23;;;;;;;;;CACC
743;19.5;25.5;0.7;8;Successful;Effective;No;No;No;No;No;No;0.0;-6.0;0.25;-6.1;0.39;-6.18;0.47;-6.23;;;;;;;;;CACC
744;19.5;25.5;0.7;10;Successful;Effective;No;No;No;No;No;No;0.0;-6.0;0.25;-6.1;0.39;-6.18;0.47;-6.23;;;;;;;;;CACC
745;19.5;25.5;0.8;5;Successful;Effective;No;No;No;No;No;No;0.0;-6.0;0.25;-6.1;0.39;-6.18;0.47;-6.23;;;;;;;;;CACC
746;19.5;25.5;0.8;8;Successful;Effective;No;No;No;No;No;No;0.0;-6.0;0.25;-6.1;0.39;-6.18;0.47;-6.23;;;;;;;;;CACC
747;19.5;25.5;0.8;10;Successful;Effective;No;No;No;No;No;No;0.0;-6.0;0.25;-6.1;0.39;-6.18;0.47;-6.23;;;;;;;;;CACC
748;19.5;25.5;0.9;5;Successful;Effective;No;No;No;No;No;No;0.0;-6.0;0.25;-6.1;0.39;-6.18;0.47;-6.23;;;;;;;;;CACC
749;19.5;25.5;0.9;8;Successful;Effective;No;No;No;No;No;No;0.0;-6.0;0.25;-6.1;0.39;-6.18;0.47;-6.23;;;;;;;;;CACC
750;19.5;25.5;0.9;10;Successful;Effective;No;No;No;No;No;No;0.0;-6.0;0.25;-6.1;0.39;-6.18;0.47;-6.23;;;;;;;;;CACC
751;19.5;25.5;1.0;5;Successful;Effective;No;No;No;No;No;No;0.0;-6.0;0.25;-6.1;0.39;-6.18;0.47;-6.23;;;;;;;;;CACC
752;19.5;25.5;1.0;8;Successful;Effective;No;No;No;No;No;No;0.0;-6.0;0.25;-6.1;0.39;-6.18;0.47;-6.23;;;;;;;;;CACC
753;19.5;25.5;1.0;10;Successful;Effective;No;No;No;No;No;No;0.0;-6.0;0.25;-6.1;0.39;-6.18;0.47;-6.23;;;;;;;;;CACC
754;19.5;25.5;1.1;5;Successful;Effective;No;No;No;No;No;No;0.0;-6.0;0.25;-6.1;0.39;-6.18;0.47;-6.23;;;;;;;;;CACC
755;19.5;25.5;1.1;8;Successful;Effective;No;No;No;No;No;No;0.0;-6.0;0.25;-6.1;0.39;-6.18;0.47;-6.23;;;;;;;;;CACC
756;19.5;25.5;1.1;10;Successful;Effective;No;No;No;No;No;No;0.0;-6.0;0.25;-6.1;0.39;-6.18;0.47;-6.23;;;;;;;;;CACC
757;19.6;25.6;0.5;5;Successful;Effective;No;No;No;No;No;No;0.0;-6.0;0.25;-6.1;0.39;-6.18;0.47;-6.23;;;;;;;;;CACC
758;19.6;25.6;0.5;8;Successful;Effective;No;No;No;No;No;No;0.0;-6.0;0.25;-6.1;0.39;-6.18;0.47;-6.23;;;;;;;;;CACC
759;19.6;25.6;0.5;10;Successful;Effective;No;No;No;No;No;No;0.0;-6.0;0.25;-6.1;0.39;-6.18;0.47;-6.23;;;;;;;;;CACC
760;19.6;25.6;0.6;5;Successful;Effective;No;No;No;No;No;No;0.0;-6.0;0.25;-6.1;0.39;-6.18;0.47;-6.23;;;;;;;;;CACC
761;19.6;25.6;0.6;8;Successful;Effective;No;No;No;No;No;No;0.0;-6.0;0.25;-6.1;0.39;-6.18;0.47;-6.23;;;;;;;;;CACC
762;19.6;25.6;0.6;10;Successful;Effective;No;No;No;No;No;No;0.0;-6.0;0.25;-6.1;0.39;-6.18;0.47;-6.23;;;;;;;;;CACC
763;19.6;25.6;0.7;5;Successful;Effective;No;No;No;No;No;No;0.0;-6.0;0.25;-6.1;0.39;-6.18;0.47;-6.23;;;;;;;;;CACC
764;19.6;25.6;0.7;8;Successful;Effective;No;No;No;No;No;No;0.0;-6.0;0.25;-6.1;0.39;-6.18;0.47;-6.23;;;;;;;;;CACC
765;19.6;25.6;0.7;10;Successful;Effective;No;No;No;No;No;No;0.0;-6.0;0.25;-6.1;0.39;-6.18;0.47;-6.23;;;;;;;;;CACC
766;19.6;25.6;0.8;5;Successful;Effective;No;No;No;No;No;No;0.0;-6.0;0.25;-6.1;0.39;-6.18;0.47;-6.23;;;;;;;;;CACC
767;19.6;25.6;0.8;8;Successful;Effective;No;No;No;No;No;No;0.0;-6.0;0.25;-6.1;0.39;-6.18;0.47;-6.23;;;;;;;;;CACC
768;19.6;25.6;0.8;10;Successful;Effective;No;No;No;No;No;No;0.0;-6.0;0.25;-6.1;0.39;-6.18;0.47;-6.23;;;;;;;;;CACC
769;19.6;25.6;0.9;5;Successful;Effective;No;No;No;No;No;No;0.0;-6.0;0.25;-6.1;0.39;-6.18;0.47;-6.23;;;;;;;;;CACC
770;19.6;25.6;0.9;8;Successful;Effective;No;No;No;No;No;No;0.0;-6.0;0.25;-6.1;0.39;-6.18;0.47;-6.23;;;;;;;;;CACC
771;19.6;25.6;0.9;10;Successful;Effective;No;No;No;No;No;No;0.0;-6.0;0.25;-6.1;0.39;-6.18;0.47;-6.23;;;;;;;;;CACC
772;19.6;25.6;1.0;5;Successful;Effective;No;No;No;No;No;No;0.0;-6.0;0.25;-6.1;0.39;-6.18;0.47;-6.23;;;;;;;;;CACC
773;19.6;25.6;1.0;8;Successful;Effective;No;No;No;No;No;No;0.0;-6.0;0.25;-6.1;0.39;-6.18;0.47;-6.23;;;;;;;;;CACC
774;19.6;25.6;1.0;10;Successful;Effective;No;No;No;No;No;No;0.0;-6.0;0.25;-6.1;0.39;-6.18;0.47;-6.23;;;;;;;;;CACC
775;19.6;25.6;1.1;5;Successful;Effective;No;No;No;No;No;No;0.0;-6.0;0.25;-6.1;0.39;-6.18;0.47;-6.23;;;;;;;;;CACC
776;19.6;25.6;1.1;8;Successful;Effective;No;No;No;No;No;No;0.0;-6.0;0.25;-6.1;0.39;-6.18;0.47;-6.23;;;;;;;;;CACC
777;19.6;25.6;1.1;10;Successful;Effective;No;No;No;No;No;No;0.0;-6.0;0.25;-6.1;0.39;-6.18;0.47;-6.23;;;;;;;;;CACC
778;19.7;25.7;0.5;5;Successful;Effective;No;No;No;No;No;No;0.0;-6.0;0.25;-6.1;0.39;-6.18;0.47;-6.23;;;;;;;;;CACC
779;19.7;25.7;0.5;8;Successful;Effective;No;No;No;No;No;No;0.0;-6.0;0.25;-6.1;0.39;-6.18;0.47;-6.23;;;;;;;;;CACC
780;19.7;25.7;0.5;10;Successful;Effective;No;No;No;No;No;No;0.0;-6.0;0.25;-6.1;0.39;-6.18;0.47;-6.23;;;;;;;;;CACC
781;19.7;25.7;0.6;5;Successful;Effective;No;No;No;No;No;No;0.0;-6.0;0.25;-6.1;0.39;-6.18;0.47;-6.23;;;;;;;;;CACC
782;19.7;25.7;0.6;8;Successful;Effective;No;No;No;No;No;No;0.0;-6.0;0.25;-6.1;0.39;-6.18;0.47;-6.23;;;;;;;;;CACC
783;19.7;25.7;0.6;10;Successful;Effective;No;No;No;No;No;No;0.0;-6.0;0.25;-6.1;0.39;-6.18;0.47;-6.23;;;;;;;;;CACC
784;19.7;25.7;0.7;5;Successful;Effective;No;No;No;No;No;No;0.0;-6.0;0.25;-6.1;0.39;-6.18;0.47;-6.23;;;;;;;;;CACC
785;19.7;25.7;0.7;8;Successful;Effective;No;No;No;No;No;No;0.0;-6.0;0.25;-6.1;0.39;-6.18;0.47;-6.23;;;;;;;;;CACC
786;19.7;25.7;0.7;10;Successful;Effective;No;No;No;No;No;No;0.0;-6.0;0.25;-6.1;0.39;-6.18;0.47;-6.23;;;;;;;;;CACC
787;19.7;25.7;0.8;5;Successful;Effective;No;No;No;No;No;No;0.0;-6.0;0.25;-6.1;0.39;-6.18;0.47;-6.23;;;;;;;;;CACC
788;19.7;25.7;0.8;8;Successful;Effective;No;No;No;No;No;No;0.0;-6.0;0.25;-6.1;0.39;-6.18;0.47;-6.23;;;;;;;;;CACC
789;19.7;25.7;0.8;10;Successful;Effective;No;No;No;No;No;No;0.0;-6.0;0.25;-6.1;0.39;-6.18;0.47;-6.23;;;;;;;;;CACC
790;19.7;25.7;0.9;5;Successful;Effective;No;No;No;No;No;No;0.0;-6.0;0.25;-6.1;0.39;-6.18;0.47;-6.23;;;;;;;;;CACC
791;19.7;25.7;0.9;8;Successful;Effective;No;No;No;No;No;No;0.0;-6.0;0.25;-6.1;0.39;-6.18;0.47;-6.23;;;;;;;;;CACC
792;19.7;25.7;0.9;10;Successful;Effective;No;No;No;No;No;No;0.0;-6.0;0.25;-6.1;0.39;-6.18;0.47;-6.23;;;;;;;;;CACC
793;19.7;25.7;1.0;5;Successful;Effective;No;No;No;No;No;No;0.0;-6.0;0.25;-6.1;0.39;-6.18;0.47;-6.23;;;;;;;;;CACC
794;19.7;25.7;1.0;8;Successful;Effective;No;No;No;No;No;No;0.0;-6.0;0.25;-6.1;0.39;-6.18;0.47;-6.23;;;;;;;;;CACC
795;19.7;25.7;1.0;10;Successful;Effective;No;No;No;No;No;No;0.0;-6.0;0.25;-6.1;0.39;-6.18;0.47;-6.23;;;;;;;;;CACC
796;19.7;25.7;1.1;5;Successful;Effective;No;No;No;No;No;No;0.0;-6.0;0.25;-6.1;0.39;-6.18;0.47;-6.23;;;;;;;;;CACC
797;19.7;25.7;1.1;8;Successful;Effective;No;No;No;No;No;No;0.0;-6.0;0.25;-6.1;0.39;-6.18;0.47;-6.23;;;;;;;;;CACC
798;19.7;25.7;1.1;10;Successful;Effective;No;No;No;No;No;No;0.0;-6.0;0.25;-6.1;0.39;-6.18;0.47;-6.23;;;;;;;;;CACC
799;19.8;25.8;0.5;5;Successful;Effective;No;No;No;No;No;No;0.0;-6.0;0.25;-6.1;0.39;-6.18;0.47;-6.23;;;;;;;;;CACC
800;19.8;25.8;0.5;8;Successful;Effective;No;No;No;No;No;No;0.0;-6.0;0.25;-6.1;0.39;-6.18;0.47;-6.23;;;;;;;;;CACC
801;19.8;25.8;0.5;10;Successful;Effective;No;No;No;No;No;No;0.0;-6.0;0.25;-6.1;0.39;-6.18;0.47;-6.23;;;;;;;;;CACC
802;19.8;25.8;0.6;5;Successful;Effective;No;No;No;No;No;No;0.0;-6.0;0.25;-6.1;0.39;-6.18;0.47;-6.23;;;;;;;;;CACC
803;19.8;25.8;0.6;8;Successful;Effective;No;No;No;No;No;No;0.0;-6.0;0.25;-6.1;0.39;-6.18;0.47;-6.23;;;;;;;;;CACC
804;19.8;25.8;0.6;10;Successful;Effective;No;No;No;No;No;No;0.0;-6.0;0.25;-6.1;0.39;-6.18;0.47;-6.23;;;;;;;;;CACC
805;19.8;25.8;0.7;5;Successful;Effective;No;No;No;No;No;No;0.0;-6.0;0.25;-6.1;0.39;-6.18;0.47;-6.23;;;;;;;;;CACC
806;19.8;25.8;0.7;8;Successful;Effective;No;No;No;No;No;No;0.0;-6.0;0.25;-6.1;0.39;-6.18;0.47;-6.23;;;;;;;;;CACC
807;19.8;25.8;0.7;10;Successful;Effective;No;No;No;No;No;No;0.0;-6.0;0.25;-6.1;0.39;-6.18;0.47;-6.23;;;;;;;;;CACC
808;19.8;25.8;0.8;5;Successful;Effective;No;No;No;No;No;No;0.0;-6.0;0.25;-6.1;0.39;-6.18;0.47;-6.23;;;;;;;;;CACC
809;19.8;25.8;0.8;8;Successful;Effective;No;No;No;No;No;No;0.0;-6.0;0.25;-6.1;0.39;-6.18;0.47;-6.23;;;;;;;;;CACC
810;19.8;25.8;0.8;10;Successful;Effective;No;No;No;No;No;No;0.0;-6.0;0.25;-6.1;0.39;-6.18;0.47;-6.23;;;;;;;;;CACC
811;19.8;25.8;0.9;5;Successful;Effective;No;No;No;No;No;No;0.0;-6.0;0.25;-6.1;0.39;-6.18;0.47;-6.23;;;;;;;;;CACC
812;19.8;25.8;0.9;8;Successful;Effective;No;No;No;No;No;No;0.0;-6.0;0.25;-6.1;0.39;-6.18;0.47;-6.23;;;;;;;;;CACC
813;19.8;25.8;0.9;10;Successful;Effective;No;No;No;No;No;No;0.0;-6.0;0.25;-6.1;0.39;-6.18;0.47;-6.23;;;;;;;;;CACC
814;19.8;25.8;1.0;5;Successful;Effective;No;No;No;No;No;No;0.0;-6.0;0.25;-6.1;0.39;-6.18;0.47;-6.23;;;;;;;;;CACC
815;19.8;25.8;1.0;8;Successful;Effective;No;No;No;No;No;No;0.0;-6.0;0.25;-6.1;0.39;-6.18;0.47;-6.23;;;;;;;;;CACC
816;19.8;25.8;1.0;10;Successful;Effective;No;No;No;No;No;No;0.0;-6.0;0.25;-6.1;0.39;-6.18;0.47;-6.23;;;;;;;;;CACC
817;19.8;25.8;1.1;5;Successful;Effective;No;No;No;No;No;No;0.0;-6.0;0.25;-6.1;0.39;-6.18;0.47;-6.23;;;;;;;;;CACC
818;19.8;25.8;1.1;8;Successful;Effective;No;No;No;No;No;No;0.0;-6.0;0.25;-6.1;0.39;-6.18;0.47;-6.23;;;;;;;;;CACC
819;19.8;25.8;1.1;10;Successful;Effective;No;No;No;No;No;No;0.0;-6.0;0.25;-6.1;0.39;-6.18;0.47;-6.23;;;;;;;;;CACC
820;19.9;25.9;0.5;5;Successful;Effective;No;No;No;No;No;No;0.0;-6.0;0.25;-6.1;0.39;-6.18;0.47;-6.23;;;;;;;;;CACC
821;19.9;25.9;0.5;8;Successful;Effective;No;No;No;No;No;No;0.0;-6.0;0.25;-6.1;0.39;-6.18;0.47;-6.23;;;;;;;;;CACC
822;19.9;25.9;0.5;10;Successful;Effective;No;No;No;No;No;No;0.0;-6.0;0.25;-6.1;0.39;-6.18;0.47;-6.23;;;;;;;;;CACC
823;19.9;25.9;0.6;5;Successful;Effective;No;No;No;No;No;No;0.0;-6.0;0.25;-6.1;0.39;-6.18;0.47;-6.23;;;;;;;;;CACC
824;19.9;25.9;0.6;8;Successful;Effective;No;No;No;No;No;No;0.0;-6.0;0.25;-6.1;0.39;-6.18;0.47;-6.23;;;;;;;;;CACC
825;19.9;25.9;0.6;10;Successful;Effective;No;No;No;No;No;No;0.0;-6.0;0.25;-6.1;0.39;-6.18;0.47;-6.23;;;;;;;;;CACC
826;19.9;25.9;0.7;5;Successful;Effective;No;No;No;No;No;No;0.0;-6.0;0.25;-6.1;0.39;-6.18;0.47;-6.23;;;;;;;;;CACC
827;19.9;25.9;0.7;8;Successful;Effective;No;No;No;No;No;No;0.0;-6.0;0.25;-6.1;0.39;-6.18;0.47;-6.23;;;;;;;;;CACC
828;19.9;25.9;0.7;10;Successful;Effective;No;No;No;No;No;No;0.0;-6.0;0.25;-6.1;0.39;-6.18;0.47;-6.23;;;;;;;;;CACC
829;19.9;25.9;0.8;5;Successful;Effective;No;No;No;No;No;No;0.0;-6.0;0.25;-6.1;0.39;-6.18;0.47;-6.23;;;;;;;;;CACC
830;19.9;25.9;0.8;8;Successful;Effective;No;No;No;No;No;No;0.0;-6.0;0.25;-6.1;0.39;-6.18;0.47;-6.23;;;;;;;;;CACC
831;19.9;25.9;0.8;10;Successful;Effective;No;No;No;No;No;No;0.0;-6.0;0.25;-6.1;0.39;-6.18;0.47;-6.23;;;;;;;;;CACC
832;19.9;25.9;0.9;5;Successful;Effective;No;No;No;No;No;No;0.0;-6.0;0.25;-6.1;0.39;-6.18;0.47;-6.23;;;;;;;;;CACC
833;19.9;25.9;0.9;8;Successful;Effective;No;No;No;No;No;No;0.0;-6.0;0.25;-6.1;0.39;-6.18;0.47;-6.23;;;;;;;;;CACC
834;19.9;25.9;0.9;10;Successful;Effective;No;No;No;No;No;No;0.0;-6.0;0.25;-6.1;0.39;-6.18;0.47;-6.23;;;;;;;;;CACC
835;19.9;25.9;1.0;5;Successful;Effective;No;No;No;No;No;No;0.0;-6.0;0.25;-6.1;0.39;-6.18;0.47;-6.23;;;;;;;;;CACC
836;19.9;25.9;1.0;8;Successful;Effective;No;No;No;No;No;No;0.0;-6.0;0.25;-6.1;0.39;-6.18;0.47;-6.23;;;;;;;;;CACC
837;19.9;25.9;1.0;10;Successful;Effective;No;No;No;No;No;No;0.0;-6.0;0.25;-6.1;0.39;-6.18;0.47;-6.23;;;;;;;;;CACC
838;19.9;25.9;1.1;5;Successful;Effective;No;No;No;No;No;No;0.0;-6.0;0.25;-6.1;0.39;-6.18;0.47;-6.23;;;;;;;;;CACC
839;19.9;25.9;1.1;8;Successful;Effective;No;No;No;No;No;No;0.0;-6.0;0.25;-6.1;0.39;-6.18;0.47;-6.23;;;;;;;;;CACC
840;19.9;25.9;1.1;10;Successful;Effective;No;No;No;No;No;No;0.0;-6.0;0.25;-6.1;0.39;-6.18;0.47;-6.23;;;;;;;;;CACC
841;20.0;26.0;0.5;5;Successful;Effective;No;No;No;No;No;No;0.0;-6.0;0.25;-6.1;0.39;-6.18;0.47;-6.22;;;;;;;;;CACC
842;20.0;26.0;0.5;8;Successful;Effective;No;No;No;No;No;No;0.0;-6.0;0.25;-6.1;0.39;-6.18;0.47;-6.22;;;;;;;;;CACC
843;20.0;26.0;0.5;10;Successful;Effective;No;No;No;No;No;No;0.0;-6.0;0.25;-6.1;0.39;-6.18;0.47;-6.22;;;;;;;;;CACC
844;20.0;26.0;0.6;5;Successful;Effective;No;No;No;No;No;No;0.0;-6.0;0.25;-6.1;0.39;-6.18;0.47;-6.22;;;;;;;;;CACC
845;20.0;26.0;0.6;8;Successful;Effective;No;No;No;No;No;No;0.0;-6.0;0.25;-6.1;0.39;-6.18;0.47;-6.22;;;;;;;;;CACC
846;20.0;26.0;0.6;10;Successful;Effective;No;No;No;No;No;No;0.0;-6.0;0.25;-6.1;0.39;-6.18;0.47;-6.22;;;;;;;;;CACC
847;20.0;26.0;0.7;5;Successful;Effective;No;No;No;No;No;No;0.0;-6.0;0.25;-6.1;0.39;-6.18;0.47;-6.22;;;;;;;;;CACC
848;20.0;26.0;0.7;8;Successful;Effective;No;No;No;No;No;No;0.0;-6.0;0.25;-6.1;0.39;-6.18;0.47;-6.22;;;;;;;;;CACC
849;20.0;26.0;0.7;10;Successful;Effective;No;No;No;No;No;No;0.0;-6.0;0.25;-6.1;0.39;-6.18;0.47;-6.22;;;;;;;;;CACC
850;20.0;26.0;0.8;5;Successful;Effective;No;No;No;No;No;No;0.0;-6.0;0.25;-6.1;0.39;-6.18;0.47;-6.22;;;;;;;;;CACC
851;20.0;26.0;0.8;8;Successful;Effective;No;No;No;No;No;No;0.0;-6.0;0.25;-6.1;0.39;-6.18;0.47;-6.22;;;;;;;;;CACC
852;20.0;26.0;0.8;10;Successful;Effective;No;No;No;No;No;No;0.0;-6.0;0.25;-6.1;0.39;-6.18;0.47;-6.22;;;;;;;;;CACC
853;20.0;26.0;0.9;5;Successful;Effective;No;No;No;No;No;No;0.0;-6.0;0.25;-6.1;0.39;-6.18;0.47;-6.22;;;;;;;;;CACC
854;20.0;26.0;0.9;8;Successful;Effective;No;No;No;No;No;No;0.0;-6.0;0.25;-6.1;0.39;-6.18;0.47;-6.22;;;;;;;;;CACC
855;20.0;26.0;0.9;10;Successful;Effective;No;No;No;No;No;No;0.0;-6.0;0.25;-6.1;0.39;-6.18;0.47;-6.22;;;;;;;;;CACC
856;20.0;26.0;1.0;5;Successful;Effective;No;No;No;No;No;No;0.0;-6.0;0.25;-6.1;0.39;-6.18;0.47;-6.22;;;;;;;;;CACC
857;20.0;26.0;1.0;8;Successful;Effective;No;No;No;No;No;No;0.0;-6.0;0.25;-6.1;0.39;-6.18;0.47;-6.22;;;;;;;;;CACC
858;20.0;26.0;1.0;10;Successful;Effective;No;No;No;No;No;No;0.0;-6.0;0.25;-6.1;0.39;-6.18;0.47;-6.22;;;;;;;;;CACC
859;20.0;26.0;1.1;5;Successful;Effective;No;No;No;No;No;No;0.0;-6.0;0.25;-6.1;0.39;-6.18;0.47;-6.22;;;;;;;;;CACC
860;20.0;26.0;1.1;8;Successful;Effective;No;No;No;No;No;No;0.0;-6.0;0.25;-6.1;0.39;-6.18;0.47;-6.22;;;;;;;;;CACC
861;20.0;26.0;1.1;10;Successful;Effective;No;No;No;No;No;No;0.0;-6.0;0.25;-6.1;0.39;-6.18;0.47;-6.22;;;;;;;;;CACC
862;20.1;26.1;0.5;5;Successful;Effective;No;No;No;No;No;No;0.0;-6.0;0.25;-6.1;0.39;-6.18;0.47;-6.22;;;;;;;;;CACC
863;20.1;26.1;0.5;8;Successful;Effective;No;No;No;No;No;No;0.0;-6.0;0.25;-6.1;0.39;-6.18;0.47;-6.22;;;;;;;;;CACC
864;20.1;26.1;0.5;10;Successful;Effective;No;No;No;No;No;No;0.0;-6.0;0.25;-6.1;0.39;-6.18;0.47;-6.22;;;;;;;;;CACC
865;20.1;26.1;0.6;5;Successful;Effective;No;No;No;No;No;No;0.0;-6.0;0.25;-6.1;0.39;-6.18;0.47;-6.22;;;;;;;;;CACC
866;20.1;26.1;0.6;8;Successful;Effective;No;No;No;No;No;No;0.0;-6.0;0.25;-6.1;0.39;-6.18;0.47;-6.22;;;;;;;;;CACC
867;20.1;26.1;0.6;10;Successful;Effective;No;No;No;No;No;No;0.0;-6.0;0.25;-6.1;0.39;-6.18;0.47;-6.22;;;;;;;;;CACC
868;20.1;26.1;0.7;5;Successful;Effective;No;No;No;No;No;No;0.0;-6.0;0.25;-6.1;0.39;-6.18;0.47;-6.22;;;;;;;;;CACC
869;20.1;26.1;0.7;8;Successful;Effective;No;No;No;No;No;No;0.0;-6.0;0.25;-6.1;0.39;-6.18;0.47;-6.22;;;;;;;;;CACC
870;20.1;26.1;0.7;10;Successful;Effective;No;No;No;No;No;No;0.0;-6.0;0.25;-6.1;0.39;-6.18;0.47;-6.22;;;;;;;;;CACC
871;20.1;26.1;0.8;5;Successful;Effective;No;No;No;No;No;No;0.0;-6.0;0.25;-6.1;0.39;-6.18;0.47;-6.22;;;;;;;;;CACC
872;20.1;26.1;0.8;8;Successful;Effective;No;No;No;No;No;No;0.0;-6.0;0.25;-6.1;0.39;-6.18;0.47;-6.22;;;;;;;;;CACC
873;20.1;26.1;0.8;10;Successful;Effective;No;No;No;No;No;No;0.0;-6.0;0.25;-6.1;0.39;-6.18;0.47;-6.22;;;;;;;;;CACC
874;20.1;26.1;0.9;5;Successful;Effective;No;No;No;No;No;No;0.0;-6.0;0.25;-6.1;0.39;-6.18;0.47;-6.22;;;;;;;;;CACC
875;20.1;26.1;0.9;8;Successful;Effective;No;No;No;No;No;No;0.0;-6.0;0.25;-6.1;0.39;-6.18;0.47;-6.22;;;;;;;;;CACC
876;20.1;26.1;0.9;10;Successful;Effective;No;No;No;No;No;No;0.0;-6.0;0.25;-6.1;0.39;-6.18;0.47;-6.22;;;;;;;;;CACC
877;20.1;26.1;1.0;5;Successful;Effective;No;No;No;No;No;No;0.0;-6.0;0.25;-6.1;0.39;-6.18;0.47;-6.22;;;;;;;;;CACC
878;20.1;26.1;1.0;8;Successful;Effective;No;No;No;No;No;No;0.0;-6.0;0.25;-6.1;0.39;-6.18;0.47;-6.22;;;;;;;;;CACC
879;20.1;26.1;1.0;10;Successful;Effective;No;No;No;No;No;No;0.0;-6.0;0.25;-6.1;0.39;-6.18;0.47;-6.22;;;;;;;;;CACC
880;20.1;26.1;1.1;5;Successful;Effective;No;No;No;No;No;No;0.0;-6.0;0.25;-6.1;0.39;-6.18;0.47;-6.22;;;;;;;;;CACC
881;20.1;26.1;1.1;8;Successful;Effective;No;No;No;No;No;No;0.0;-6.0;0.25;-6.1;0.39;-6.18;0.47;-6.22;;;;;;;;;CACC
882;20.1;26.1;1.1;10;Successful;Effective;No;No;No;No;No;No;0.0;-6.0;0.25;-6.1;0.39;-6.18;0.47;-6.22;;;;;;;;;CACC
883;20.2;26.2;0.5;5;Successful;Effective;No;No;No;No;No;No;0.0;-6.0;0.25;-6.1;0.39;-6.18;0.47;-6.22;;;;;;;;;CACC
884;20.2;26.2;0.5;8;Successful;Effective;No;No;No;No;No;No;0.0;-6.0;0.25;-6.1;0.39;-6.18;0.47;-6.22;;;;;;;;;CACC
885;20.2;26.2;0.5;10;Successful;Effective;No;No;No;No;No;No;0.0;-6.0;0.25;-6.1;0.39;-6.18;0.47;-6.22;;;;;;;;;CACC
886;20.2;26.2;0.6;5;Successful;Effective;No;No;No;No;No;No;0.0;-6.0;0.25;-6.1;0.39;-6.18;0.47;-6.22;;;;;;;;;CACC
887;20.2;26.2;0.6;8;Successful;Effective;No;No;No;No;No;No;0.0;-6.0;0.25;-6.1;0.39;-6.18;0.47;-6.22;;;;;;;;;CACC
888;20.2;26.2;0.6;10;Successful;Effective;No;No;No;No;No;No;0.0;-6.0;0.25;-6.1;0.39;-6.18;0.47;-6.22;;;;;;;;;CACC
889;20.2;26.2;0.7;5;Successful;Effective;No;No;No;No;No;No;0.0;-6.0;0.25;-6.1;0.39;-6.18;0.47;-6.22;;;;;;;;;CACC
890;20.2;26.2;0.7;8;Successful;Effective;No;No;No;No;No;No;0.0;-6.0;0.25;-6.1;0.39;-6.18;0.47;-6.22;;;;;;;;;CACC
891;20.2;26.2;0.7;10;Successful;Effective;No;No;No;No;No;No;0.0;-6.0;0.25;-6.1;0.39;-6.18;0.47;-6.22;;;;;;;;;CACC
892;20.2;26.2;0.8;5;Successful;Effective;No;No;No;No;No;No;0.0;-6.0;0.25;-6.1;0.39;-6.18;0.47;-6.22;;;;;;;;;CACC
893;20.2;26.2;0.8;8;Successful;Effective;No;No;No;No;No;No;0.0;-6.0;0.25;-6.1;0.39;-6.18;0.47;-6.22;;;;;;;;;CACC
894;20.2;26.2;0.8;10;Successful;Effective;No;No;No;No;No;No;0.0;-6.0;0.25;-6.1;0.39;-6.18;0.47;-6.22;;;;;;;;;CACC
895;20.2;26.2;0.9;5;Successful;Effective;No;No;No;No;No;No;0.0;-6.0;0.25;-6.1;0.39;-6.18;0.47;-6.22;;;;;;;;;CACC
896;20.2;26.2;0.9;8;Successful;Effective;No;No;No;No;No;No;0.0;-6.0;0.25;-6.1;0.39;-6.18;0.47;-6.22;;;;;;;;;CACC
897;20.2;26.2;0.9;10;Successful;Effective;No;No;No;No;No;No;0.0;-6.0;0.25;-6.1;0.39;-6.18;0.47;-6.22;;;;;;;;;CACC
898;20.2;26.2;1.0;5;Successful;Effective;No;No;No;No;No;No;0.0;-6.0;0.25;-6.1;0.39;-6.18;0.47;-6.22;;;;;;;;;CACC
899;20.2;26.2;1.0;8;Successful;Effective;No;No;No;No;No;No;0.0;-6.0;0.25;-6.1;0.39;-6.18;0.47;-6.22;;;;;;;;;CACC
900;20.2;26.2;1.0;10;Successful;Effective;No;No;No;No;No;No;0.0;-6.0;0.25;-6.1;0.39;-6.18;0.47;-6.22;;;;;;;;;CACC
901;20.2;26.2;1.1;5;Successful;Effective;No;No;No;No;No;No;0.0;-6.0;0.25;-6.1;0.39;-6.18;0.47;-6.22;;;;;;;;;CACC
902;20.2;26.2;1.1;8;Successful;Effective;No;No;No;No;No;No;0.0;-6.0;0.25;-6.1;0.39;-6.18;0.47;-6.22;;;;;;;;;CACC
903;20.2;26.2;1.1;10;Successful;Effective;No;No;No;No;No;No;0.0;-6.0;0.25;-6.1;0.39;-6.18;0.47;-6.22;;;;;;;;;CACC
904;20.3;26.3;0.5;5;Successful;Effective;No;No;No;No;No;No;0.0;-6.0;0.25;-6.1;0.39;-6.18;0.47;-6.22;;;;;;;;;CACC
905;20.3;26.3;0.5;8;Successful;Effective;No;No;No;No;No;No;0.0;-6.0;0.25;-6.1;0.39;-6.18;0.47;-6.22;;;;;;;;;CACC
906;20.3;26.3;0.5;10;Successful;Effective;No;No;No;No;No;No;0.0;-6.0;0.25;-6.1;0.39;-6.18;0.47;-6.22;;;;;;;;;CACC
907;20.3;26.3;0.6;5;Successful;Effective;No;No;No;No;No;No;0.0;-6.0;0.25;-6.1;0.39;-6.18;0.47;-6.22;;;;;;;;;CACC
908;20.3;26.3;0.6;8;Successful;Effective;No;No;No;No;No;No;0.0;-6.0;0.25;-6.1;0.39;-6.18;0.47;-6.22;;;;;;;;;CACC
909;20.3;26.3;0.6;10;Successful;Effective;No;No;No;No;No;No;0.0;-6.0;0.25;-6.1;0.39;-6.18;0.47;-6.22;;;;;;;;;CACC
910;20.3;26.3;0.7;5;Successful;Effective;No;No;No;No;No;No;0.0;-6.0;0.25;-6.1;0.39;-6.18;0.47;-6.22;;;;;;;;;CACC
911;20.3;26.3;0.7;8;Successful;Effective;No;No;No;No;No;No;0.0;-6.0;0.25;-6.1;0.39;-6.18;0.47;-6.22;;;;;;;;;CACC
912;20.3;26.3;0.7;10;Successful;Effective;No;No;No;No;No;No;0.0;-6.0;0.25;-6.1;0.39;-6.18;0.47;-6.22;;;;;;;;;CACC
913;20.3;26.3;0.8;5;Successful;Effective;No;No;No;No;No;No;0.0;-6.0;0.25;-6.1;0.39;-6.18;0.47;-6.22;;;;;;;;;CACC
914;20.3;26.3;0.8;8;Successful;Effective;No;No;No;No;No;No;0.0;-6.0;0.25;-6.1;0.39;-6.18;0.47;-6.22;;;;;;;;;CACC
915;20.3;26.3;0.8;10;Successful;Effective;No;No;No;No;No;No;0.0;-6.0;0.25;-6.1;0.39;-6.18;0.47;-6.22;;;;;;;;;CACC
916;20.3;26.3;0.9;5;Successful;Effective;No;No;No;No;No;No;0.0;-6.0;0.25;-6.1;0.39;-6.18;0.47;-6.22;;;;;;;;;CACC
917;20.3;26.3;0.9;8;Successful;Effective;No;No;No;No;No;No;0.0;-6.0;0.25;-6.1;0.39;-6.18;0.47;-6.22;;;;;;;;;CACC
918;20.3;26.3;0.9;10;Successful;Effective;No;No;No;No;No;No;0.0;-6.0;0.25;-6.1;0.39;-6.18;0.47;-6.22;;;;;;;;;CACC
919;20.3;26.3;1.0;5;Successful;Effective;No;No;No;No;No;No;0.0;-6.0;0.25;-6.1;0.39;-6.18;0.47;-6.22;;;;;;;;;CACC
920;20.3;26.3;1.0;8;Successful;Effective;No;No;No;No;No;No;0.0;-6.0;0.25;-6.1;0.39;-6.18;0.47;-6.22;;;;;;;;;CACC
921;20.3;26.3;1.0;10;Successful;Effective;No;No;No;No;No;No;0.0;-6.0;0.25;-6.1;0.39;-6.18;0.47;-6.22;;;;;;;;;CACC
922;20.3;26.3;1.1;5;Successful;Effective;No;No;No;No;No;No;0.0;-6.0;0.25;-6.1;0.39;-6.18;0.47;-6.22;;;;;;;;;CACC
923;20.3;26.3;1.1;8;Successful;Effective;No;No;No;No;No;No;0.0;-6.0;0.25;-6.1;0.39;-6.18;0.47;-6.22;;;;;;;;;CACC
924;20.3;26.3;1.1;10;Successful;Effective;No;No;No;No;No;No;0.0;-6.0;0.25;-6.1;0.39;-6.18;0.47;-6.22;;;;;;;;;CACC
925;20.4;26.4;0.5;5;Successful;Effective;No;No;No;No;No;No;0.0;-6.0;0.25;-6.1;0.39;-6.18;0.47;-6.22;;;;;;;;;CACC
926;20.4;26.4;0.5;8;Successful;Effective;No;No;No;No;No;No;0.0;-6.0;0.25;-6.1;0.39;-6.18;0.47;-6.22;;;;;;;;;CACC
927;20.4;26.4;0.5;10;Successful;Effective;No;No;No;No;No;No;0.0;-6.0;0.25;-6.1;0.39;-6.18;0.47;-6.22;;;;;;;;;CACC
928;20.4;26.4;0.6;5;Successful;Effective;No;No;No;No;No;No;0.0;-6.0;0.25;-6.1;0.39;-6.18;0.47;-6.22;;;;;;;;;CACC
929;20.4;26.4;0.6;8;Successful;Effective;No;No;No;No;No;No;0.0;-6.0;0.25;-6.1;0.39;-6.18;0.47;-6.22;;;;;;;;;CACC
930;20.4;26.4;0.6;10;Successful;Effective;No;No;No;No;No;No;0.0;-6.0;0.25;-6.1;0.39;-6.18;0.47;-6.22;;;;;;;;;CACC
931;20.4;26.4;0.7;5;Successful;Effective;No;No;No;No;No;No;0.0;-6.0;0.25;-6.1;0.39;-6.18;0.47;-6.22;;;;;;;;;CACC
932;20.4;26.4;0.7;8;Successful;Effective;No;No;No;No;No;No;0.0;-6.0;0.25;-6.1;0.39;-6.18;0.47;-6.22;;;;;;;;;CACC
933;20.4;26.4;0.7;10;Successful;Effective;No;No;No;No;No;No;0.0;-6.0;0.25;-6.1;0.39;-6.18;0.47;-6.22;;;;;;;;;CACC
934;20.4;26.4;0.8;5;Successful;Effective;No;No;No;No;No;No;0.0;-6.0;0.25;-6.1;0.39;-6.18;0.47;-6.22;;;;;;;;;CACC
935;20.4;26.4;0.8;8;Successful;Effective;No;No;No;No;No;No;0.0;-6.0;0.25;-6.1;0.39;-6.18;0.47;-6.22;;;;;;;;;CACC
936;20.4;26.4;0.8;10;Successful;Effective;No;No;No;No;No;No;0.0;-6.0;0.25;-6.1;0.39;-6.18;0.47;-6.22;;;;;;;;;CACC
937;20.4;26.4;0.9;5;Successful;Effective;No;No;No;No;No;No;0.0;-6.0;0.25;-6.1;0.39;-6.18;0.47;-6.22;;;;;;;;;CACC
938;20.4;26.4;0.9;8;Successful;Effective;No;No;No;No;No;No;0.0;-6.0;0.25;-6.1;0.39;-6.18;0.47;-6.22;;;;;;;;;CACC
939;20.4;26.4;0.9;10;Successful;Effective;No;No;No;No;No;No;0.0;-6.0;0.25;-6.1;0.39;-6.18;0.47;-6.22;;;;;;;;;CACC
940;20.4;26.4;1.0;5;Successful;Effective;No;No;No;No;No;No;0.0;-6.0;0.25;-6.1;0.39;-6.18;0.47;-6.22;;;;;;;;;CACC
941;20.4;26.4;1.0;8;Successful;Effective;No;No;No;No;No;No;0.0;-6.0;0.25;-6.1;0.39;-6.18;0.47;-6.22;;;;;;;;;CACC
942;20.4;26.4;1.0;10;Successful;Effective;No;No;No;No;No;No;0.0;-6.0;0.25;-6.1;0.39;-6.18;0.47;-6.22;;;;;;;;;CACC
943;20.4;26.4;1.1;5;Successful;Effective;No;No;No;No;No;No;0.0;-6.0;0.25;-6.1;0.39;-6.18;0.47;-6.22;;;;;;;;;CACC
944;20.4;26.4;1.1;8;Successful;Effective;No;No;No;No;No;No;0.0;-6.0;0.25;-6.1;0.39;-6.18;0.47;-6.22;;;;;;;;;CACC
945;20.4;26.4;1.1;10;Successful;Effective;No;No;No;No;No;No;0.0;-6.0;0.25;-6.1;0.39;-6.18;0.47;-6.22;;;;;;;;;CACC
946;20.5;26.5;0.5;5;Successful;Effective;No;No;No;No;No;No;0.0;-6.0;0.25;-6.1;0.39;-6.18;0.47;-6.22;;;;;;;;;CACC
947;20.5;26.5;0.5;8;Successful;Effective;No;No;No;No;No;No;0.0;-6.0;0.25;-6.1;0.39;-6.18;0.47;-6.22;;;;;;;;;CACC
948;20.5;26.5;0.5;10;Successful;Effective;No;No;No;No;No;No;0.0;-6.0;0.25;-6.1;0.39;-6.18;0.47;-6.22;;;;;;;;;CACC
949;20.5;26.5;0.6;5;Successful;Effective;No;No;No;No;No;No;0.0;-6.0;0.25;-6.1;0.39;-6.18;0.47;-6.22;;;;;;;;;CACC
950;20.5;26.5;0.6;8;Successful;Effective;No;No;No;No;No;No;0.0;-6.0;0.25;-6.1;0.39;-6.18;0.47;-6.22;;;;;;;;;CACC
951;20.5;26.5;0.6;10;Successful;Effective;No;No;No;No;No;No;0.0;-6.0;0.25;-6.1;0.39;-6.18;0.47;-6.22;;;;;;;;;CACC
952;20.5;26.5;0.7;5;Successful;Effective;No;No;No;No;No;No;0.0;-6.0;0.25;-6.1;0.39;-6.18;0.47;-6.22;;;;;;;;;CACC
953;20.5;26.5;0.7;8;Successful;Effective;No;No;No;No;No;No;0.0;-6.0;0.25;-6.1;0.39;-6.18;0.47;-6.22;;;;;;;;;CACC
954;20.5;26.5;0.7;10;Successful;Effective;No;No;No;No;No;No;0.0;-6.0;0.25;-6.1;0.39;-6.18;0.47;-6.22;;;;;;;;;CACC
955;20.5;26.5;0.8;5;Successful;Effective;No;No;No;No;No;No;0.0;-6.0;0.25;-6.1;0.39;-6.18;0.47;-6.22;;;;;;;;;CACC
956;20.5;26.5;0.8;8;Successful;Effective;No;No;No;No;No;No;0.0;-6.0;0.25;-6.1;0.39;-6.18;0.47;-6.22;;;;;;;;;CACC
957;20.5;26.5;0.8;10;Successful;Effective;No;No;No;No;No;No;0.0;-6.0;0.25;-6.1;0.39;-6.18;0.47;-6.22;;;;;;;;;CACC
958;20.5;26.5;0.9;5;Successful;Effective;No;No;No;No;No;No;0.0;-6.0;0.25;-6.1;0.39;-6.18;0.47;-6.22;;;;;;;;;CACC
959;20.5;26.5;0.9;8;Successful;Effective;No;No;No;No;No;No;0.0;-6.0;0.25;-6.1;0.39;-6.18;0.47;-6.22;;;;;;;;;CACC
960;20.5;26.5;0.9;10;Successful;Effective;No;No;No;No;No;No;0.0;-6.0;0.25;-6.1;0.39;-6.18;0.47;-6.22;;;;;;;;;CACC
961;20.5;26.5;1.0;5;Successful;Effective;No;No;No;No;No;No;0.0;-6.0;0.25;-6.1;0.39;-6.18;0.47;-6.22;;;;;;;;;CACC
962;20.5;26.5;1.0;8;Successful;Effective;No;No;No;No;No;No;0.0;-6.0;0.25;-6.1;0.39;-6.18;0.47;-6.22;;;;;;;;;CACC
963;20.5;26.5;1.0;10;Successful;Effective;No;No;No;No;No;No;0.0;-6.0;0.25;-6.1;0.39;-6.18;0.47;-6.22;;;;;;;;;CACC
964;20.5;26.5;1.1;5;Successful;Effective;No;No;No;No;No;No;0.0;-6.0;0.25;-6.1;0.39;-6.18;0.47;-6.22;;;;;;;;;CACC
965;20.5;26.5;1.1;8;Successful;Effective;No;No;No;No;No;No;0.0;-6.0;0.25;-6.1;0.39;-6.18;0.47;-6.22;;;;;;;;;CACC
966;20.5;26.5;1.1;10;Successful;Effective;No;No;No;No;No;No;0.0;-6.0;0.25;-6.1;0.39;-6.18;0.47;-6.22;;;;;;;;;CACC
967;20.6;26.6;0.5;5;Successful;Effective;No;No;No;No;No;No;0.0;-6.0;0.25;-6.1;0.39;-6.18;0.47;-6.22;;;;;;;;;CACC
968;20.6;26.6;0.5;8;Successful;Effective;No;No;No;No;No;No;0.0;-6.0;0.25;-6.1;0.39;-6.18;0.47;-6.22;;;;;;;;;CACC
969;20.6;26.6;0.5;10;Successful;Effective;No;No;No;No;No;No;0.0;-6.0;0.25;-6.1;0.39;-6.18;0.47;-6.22;;;;;;;;;CACC
970;20.6;26.6;0.6;5;Successful;Effective;No;No;No;No;No;No;0.0;-6.0;0.25;-6.1;0.39;-6.18;0.47;-6.22;;;;;;;;;CACC
971;20.6;26.6;0.6;8;Successful;Effective;No;No;No;No;No;No;0.0;-6.0;0.25;-6.1;0.39;-6.18;0.47;-6.22;;;;;;;;;CACC
972;20.6;26.6;0.6;10;Successful;Effective;No;No;No;No;No;No;0.0;-6.0;0.25;-6.1;0.39;-6.18;0.47;-6.22;;;;;;;;;CACC
973;20.6;26.6;0.7;5;Successful;Effective;No;No;No;No;No;No;0.0;-6.0;0.25;-6.1;0.39;-6.18;0.47;-6.22;;;;;;;;;CACC
974;20.6;26.6;0.7;8;Successful;Effective;No;No;No;No;No;No;0.0;-6.0;0.25;-6.1;0.39;-6.18;0.47;-6.22;;;;;;;;;CACC
975;20.6;26.6;0.7;10;Successful;Effective;No;No;No;No;No;No;0.0;-6.0;0.25;-6.1;0.39;-6.18;0.47;-6.22;;;;;;;;;CACC
976;20.6;26.6;0.8;5;Successful;Effective;No;No;No;No;No;No;0.0;-6.0;0.25;-6.1;0.39;-6.18;0.47;-6.22;;;;;;;;;CACC
977;20.6;26.6;0.8;8;Successful;Effective;No;No;No;No;No;No;0.0;-6.0;0.25;-6.1;0.39;-6.18;0.47;-6.22;;;;;;;;;CACC
978;20.6;26.6;0.8;10;Successful;Effective;No;No;No;No;No;No;0.0;-6.0;0.25;-6.1;0.39;-6.18;0.47;-6.22;;;;;;;;;CACC
979;20.6;26.6;0.9;5;Successful;Effective;No;No;No;No;No;No;0.0;-6.0;0.25;-6.1;0.39;-6.18;0.47;-6.22;;;;;;;;;CACC
980;20.6;26.6;0.9;8;Successful;Effective;No;No;No;No;No;No;0.0;-6.0;0.25;-6.1;0.39;-6.18;0.47;-6.22;;;;;;;;;CACC
981;20.6;26.6;0.9;10;Successful;Effective;No;No;No;No;No;No;0.0;-6.0;0.25;-6.1;0.39;-6.18;0.47;-6.22;;;;;;;;;CACC
982;20.6;26.6;1.0;5;Successful;Effective;No;No;No;No;No;No;0.0;-6.0;0.25;-6.1;0.39;-6.18;0.47;-6.22;;;;;;;;;CACC
983;20.6;26.6;1.0;8;Successful;Effective;No;No;No;No;No;No;0.0;-6.0;0.25;-6.1;0.39;-6.18;0.47;-6.22;;;;;;;;;CACC
984;20.6;26.6;1.0;10;Successful;Effective;No;No;No;No;No;No;0.0;-6.0;0.25;-6.1;0.39;-6.18;0.47;-6.22;;;;;;;;;CACC
985;20.6;26.6;1.1;5;Successful;Effective;No;No;No;No;No;No;0.0;-6.0;0.25;-6.1;0.39;-6.18;0.47;-6.22;;;;;;;;;CACC
986;20.6;26.6;1.1;8;Successful;Effective;No;No;No;No;No;No;0.0;-6.0;0.25;-6.1;0.39;-6.18;0.47;-6.22;;;;;;;;;CACC
987;20.6;26.6;1.1;10;Successful;Effective;No;No;No;No;No;No;0.0;-6.0;0.25;-6.1;0.39;-6.18;0.47;-6.22;;;;;;;;;CACC
988;20.7;26.7;0.5;5;Successful;Effective;No;No;No;No;No;No;0.0;-6.0;0.25;-6.1;0.39;-6.18;0.47;-6.22;;;;;;;;;CACC
989;20.7;26.7;0.5;8;Successful;Effective;No;No;No;No;No;No;0.0;-6.0;0.25;-6.1;0.39;-6.18;0.47;-6.22;;;;;;;;;CACC
990;20.7;26.7;0.5;10;Successful;Effective;No;No;No;No;No;No;0.0;-6.0;0.25;-6.1;0.39;-6.18;0.47;-6.22;;;;;;;;;CACC
991;20.7;26.7;0.6;5;Successful;Effective;No;No;No;No;No;No;0.0;-6.0;0.25;-6.1;0.39;-6.18;0.47;-6.22;;;;;;;;;CACC
992;20.7;26.7;0.6;8;Successful;Effective;No;No;No;No;No;No;0.0;-6.0;0.25;-6.1;0.39;-6.18;0.47;-6.22;;;;;;;;;CACC
993;20.7;26.7;0.6;10;Successful;Effective;No;No;No;No;No;No;0.0;-6.0;0.25;-6.1;0.39;-6.18;0.47;-6.22;;;;;;;;;CACC
994;20.7;26.7;0.7;5;Successful;Effective;No;No;No;No;No;No;0.0;-6.0;0.25;-6.1;0.39;-6.18;0.47;-6.22;;;;;;;;;CACC
995;20.7;26.7;0.7;8;Successful;Effective;No;No;No;No;No;No;0.0;-6.0;0.25;-6.1;0.39;-6.18;0.47;-6.22;;;;;;;;;CACC
996;20.7;26.7;0.7;10;Successful;Effective;No;No;No;No;No;No;0.0;-6.0;0.25;-6.1;0.39;-6.18;0.47;-6.22;;;;;;;;;CACC
997;20.7;26.7;0.8;5;Successful;Effective;No;No;No;No;No;No;0.0;-6.0;0.25;-6.1;0.39;-6.18;0.47;-6.22;;;;;;;;;CACC
998;20.7;26.7;0.8;8;Successful;Effective;No;No;No;No;No;No;0.0;-6.0;0.25;-6.1;0.39;-6.18;0.47;-6.22;;;;;;;;;CACC
999;20.7;26.7;0.8;10;Successful;Effective;No;No;No;No;No;No;0.0;-6.0;0.25;-6.1;0.39;-6.18;0.47;-6.22;;;;;;;;;CACC
1000;20.7;26.7;0.9;5;Successful;Effective;No;No;No;No;No;No;0.0;-6.0;0.25;-6.1;0.39;-6.18;0.47;-6.22;;;;;;;;;CACC
1001;20.7;26.7;0.9;8;Successful;Effective;No;No;No;No;No;No;0.0;-6.0;0.25;-6.1;0.39;-6.18;0.47;-6.22;;;;;;;;;CACC
1002;20.7;26.7;0.9;10;Successful;Effective;No;No;No;No;No;No;0.0;-6.0;0.25;-6.1;0.39;-6.18;0.47;-6.22;;;;;;;;;CACC
1003;20.7;26.7;1.0;5;Successful;Effective;No;No;No;No;No;No;0.0;-6.0;0.25;-6.1;0.39;-6.18;0.47;-6.22;;;;;;;;;CACC
1004;20.7;26.7;1.0;8;Successful;Effective;No;No;No;No;No;No;0.0;-6.0;0.25;-6.1;0.39;-6.18;0.47;-6.22;;;;;;;;;CACC
1005;20.7;26.7;1.0;10;Successful;Effective;No;No;No;No;No;No;0.0;-6.0;0.25;-6.1;0.39;-6.18;0.47;-6.22;;;;;;;;;CACC
1006;20.7;26.7;1.1;5;Successful;Effective;No;No;No;No;No;No;0.0;-6.0;0.25;-6.1;0.39;-6.18;0.47;-6.22;;;;;;;;;CACC
1007;20.7;26.7;1.1;8;Successful;Effective;No;No;No;No;No;No;0.0;-6.0;0.25;-6.1;0.39;-6.18;0.47;-6.22;;;;;;;;;CACC
1008;20.7;26.7;1.1;10;Successful;Effective;No;No;No;No;No;No;0.0;-6.0;0.25;-6.1;0.39;-6.18;0.47;-6.22;;;;;;;;;CACC
1009;20.8;26.8;0.5;5;Successful;Effective;No;No;No;No;No;No;0.0;-6.0;0.25;-6.1;0.39;-6.18;0.47;-6.22;;;;;;;;;CACC
1010;20.8;26.8;0.5;8;Successful;Effective;No;No;No;No;No;No;0.0;-6.0;0.25;-6.1;0.39;-6.18;0.47;-6.22;;;;;;;;;CACC
1011;20.8;26.8;0.5;10;Successful;Effective;No;No;No;No;No;No;0.0;-6.0;0.25;-6.1;0.39;-6.18;0.47;-6.22;;;;;;;;;CACC
1012;20.8;26.8;0.6;5;Successful;Effective;No;No;No;No;No;No;0.0;-6.0;0.25;-6.1;0.39;-6.18;0.47;-6.22;;;;;;;;;CACC
1013;20.8;26.8;0.6;8;Successful;Effective;No;No;No;No;No;No;0.0;-6.0;0.25;-6.1;0.39;-6.18;0.47;-6.22;;;;;;;;;CACC
1014;20.8;26.8;0.6;10;Successful;Effective;No;No;No;No;No;No;0.0;-6.0;0.25;-6.1;0.39;-6.18;0.47;-6.22;;;;;;;;;CACC
1015;20.8;26.8;0.7;5;Successful;Effective;No;No;No;No;No;No;0.0;-6.0;0.25;-6.1;0.39;-6.18;0.47;-6.22;;;;;;;;;CACC
1016;20.8;26.8;0.7;8;Successful;Effective;No;No;No;No;No;No;0.0;-6.0;0.25;-6.1;0.39;-6.18;0.47;-6.22;;;;;;;;;CACC
1017;20.8;26.8;0.7;10;Successful;Effective;No;No;No;No;No;No;0.0;-6.0;0.25;-6.1;0.39;-6.18;0.47;-6.22;;;;;;;;;CACC
1018;20.8;26.8;0.8;5;Successful;Effective;No;No;No;No;No;No;0.0;-6.0;0.25;-6.1;0.39;-6.18;0.47;-6.22;;;;;;;;;CACC
1019;20.8;26.8;0.8;8;Successful;Effective;No;No;No;No;No;No;0.0;-6.0;0.25;-6.1;0.39;-6.18;0.47;-6.22;;;;;;;;;CACC
1020;20.8;26.8;0.8;10;Successful;Effective;No;No;No;No;No;No;0.0;-6.0;0.25;-6.1;0.39;-6.18;0.47;-6.22;;;;;;;;;CACC
1021;20.8;26.8;0.9;5;Successful;Effective;No;No;No;No;No;No;0.0;-6.0;0.25;-6.1;0.39;-6.18;0.47;-6.22;;;;;;;;;CACC
1022;20.8;26.8;0.9;8;Successful;Effective;No;No;No;No;No;No;0.0;-6.0;0.25;-6.1;0.39;-6.18;0.47;-6.22;;;;;;;;;CACC
1023;20.8;26.8;0.9;10;Successful;Effective;No;No;No;No;No;No;0.0;-6.0;0.25;-6.1;0.39;-6.18;0.47;-6.22;;;;;;;;;CACC
1024;20.8;26.8;1.0;5;Successful;Effective;No;No;No;No;No;No;0.0;-6.0;0.25;-6.1;0.39;-6.18;0.47;-6.22;;;;;;;;;CACC
1025;20.8;26.8;1.0;8;Successful;Effective;No;No;No;No;No;No;0.0;-6.0;0.25;-6.1;0.39;-6.18;0.47;-6.22;;;;;;;;;CACC
1026;20.8;26.8;1.0;10;Successful;Effective;No;No;No;No;No;No;0.0;-6.0;0.25;-6.1;0.39;-6.18;0.47;-6.22;;;;;;;;;CACC
1027;20.8;26.8;1.1;5;Successful;Effective;No;No;No;No;No;No;0.0;-6.0;0.25;-6.1;0.39;-6.18;0.47;-6.22;;;;;;;;;CACC
1028;20.8;26.8;1.1;8;Successful;Effective;No;No;No;No;No;No;0.0;-6.0;0.25;-6.1;0.39;-6.18;0.47;-6.22;;;;;;;;;CACC
1029;20.8;26.8;1.1;10;Successful;Effective;No;No;No;No;No;No;0.0;-6.0;0.25;-6.1;0.39;-6.18;0.47;-6.22;;;;;;;;;CACC
1030;20.9;26.9;0.5;5;Successful;Effective;No;No;No;No;No;No;0.0;-6.0;0.25;-6.1;0.39;-6.18;0.47;-6.22;;;;;;;;;CACC
1031;20.9;26.9;0.5;8;Successful;Effective;No;No;No;No;No;No;0.0;-6.0;0.25;-6.1;0.39;-6.18;0.47;-6.22;;;;;;;;;CACC
1032;20.9;26.9;0.5;10;Successful;Effective;No;No;No;No;No;No;0.0;-6.0;0.25;-6.1;0.39;-6.18;0.47;-6.22;;;;;;;;;CACC
1033;20.9;26.9;0.6;5;Successful;Effective;No;No;No;No;No;No;0.0;-6.0;0.25;-6.1;0.39;-6.18;0.47;-6.22;;;;;;;;;CACC
1034;20.9;26.9;0.6;8;Successful;Effective;No;No;No;No;No;No;0.0;-6.0;0.25;-6.1;0.39;-6.18;0.47;-6.22;;;;;;;;;CACC
1035;20.9;26.9;0.6;10;Successful;Effective;No;No;No;No;No;No;0.0;-6.0;0.25;-6.1;0.39;-6.18;0.47;-6.22;;;;;;;;;CACC
1036;20.9;26.9;0.7;5;Successful;Effective;No;No;No;No;No;No;0.0;-6.0;0.25;-6.1;0.39;-6.18;0.47;-6.22;;;;;;;;;CACC
1037;20.9;26.9;0.7;8;Successful;Effective;No;No;No;No;No;No;0.0;-6.0;0.25;-6.1;0.39;-6.18;0.47;-6.22;;;;;;;;;CACC
1038;20.9;26.9;0.7;10;Successful;Effective;No;No;No;No;No;No;0.0;-6.0;0.25;-6.1;0.39;-6.18;0.47;-6.22;;;;;;;;;CACC
1039;20.9;26.9;0.8;5;Successful;Effective;No;No;No;No;No;No;0.0;-6.0;0.25;-6.1;0.39;-6.18;0.47;-6.22;;;;;;;;;CACC
1040;20.9;26.9;0.8;8;Successful;Effective;No;No;No;No;No;No;0.0;-6.0;0.25;-6.1;0.39;-6.18;0.47;-6.22;;;;;;;;;CACC
1041;20.9;26.9;0.8;10;Successful;Effective;No;No;No;No;No;No;0.0;-6.0;0.25;-6.1;0.39;-6.18;0.47;-6.22;;;;;;;;;CACC
1042;20.9;26.9;0.9;5;Successful;Effective;No;No;No;No;No;No;0.0;-6.0;0.25;-6.1;0.39;-6.18;0.47;-6.22;;;;;;;;;CACC
1043;20.9;26.9;0.9;8;Successful;Effective;No;No;No;No;No;No;0.0;-6.0;0.25;-6.1;0.39;-6.18;0.47;-6.22;;;;;;;;;CACC
1044;20.9;26.9;0.9;10;Successful;Effective;No;No;No;No;No;No;0.0;-6.0;0.25;-6.1;0.39;-6.18;0.47;-6.22;;;;;;;;;CACC
1045;20.9;26.9;1.0;5;Successful;Effective;No;No;No;No;No;No;0.0;-6.0;0.25;-6.1;0.39;-6.18;0.47;-6.22;;;;;;;;;CACC
1046;20.9;26.9;1.0;8;Successful;Effective;No;No;No;No;No;No;0.0;-6.0;0.25;-6.1;0.39;-6.18;0.47;-6.22;;;;;;;;;CACC
1047;20.9;26.9;1.0;10;Successful;Effective;No;No;No;No;No;No;0.0;-6.0;0.25;-6.1;0.39;-6.18;0.47;-6.22;;;;;;;;;CACC
1048;20.9;26.9;1.1;5;Successful;Effective;No;No;No;No;No;No;0.0;-6.0;0.25;-6.1;0.39;-6.18;0.47;-6.22;;;;;;;;;CACC
1049;20.9;26.9;1.1;8;Successful;Effective;No;No;No;No;No;No;0.0;-6.0;0.25;-6.1;0.39;-6.18;0.47;-6.22;;;;;;;;;CACC
1050;20.9;26.9;1.1;10;Successful;Effective;No;No;No;No;No;No;0.0;-6.0;0.25;-6.1;0.39;-6.18;0.47;-6.22;;;;;;;;;CACC
1051;21.0;27.0;0.5;5;Successful;Effective;No;No;No;No;No;No;0.0;-6.0;0.25;-6.1;0.39;-6.18;0.47;-6.22;;;;;;;;;CACC
1052;21.0;27.0;0.5;8;Successful;Effective;No;No;No;No;No;No;0.0;-6.0;0.25;-6.1;0.39;-6.18;0.47;-6.22;;;;;;;;;CACC
1053;21.0;27.0;0.5;10;Successful;Effective;No;No;No;No;No;No;0.0;-6.0;0.25;-6.1;0.39;-6.18;0.47;-6.22;;;;;;;;;CACC
1054;21.0;27.0;0.6;5;Successful;Effective;No;No;No;No;No;No;0.0;-6.0;0.25;-6.1;0.39;-6.18;0.47;-6.22;;;;;;;;;CACC
1055;21.0;27.0;0.6;8;Successful;Effective;No;No;No;No;No;No;0.0;-6.0;0.25;-6.1;0.39;-6.18;0.47;-6.22;;;;;;;;;CACC
1056;21.0;27.0;0.6;10;Successful;Effective;No;No;No;No;No;No;0.0;-6.0;0.25;-6.1;0.39;-6.18;0.47;-6.22;;;;;;;;;CACC
1057;21.0;27.0;0.7;5;Successful;Effective;No;No;No;No;No;No;0.0;-6.0;0.25;-6.1;0.39;-6.18;0.47;-6.22;;;;;;;;;CACC
1058;21.0;27.0;0.7;8;Successful;Effective;No;No;No;No;No;No;0.0;-6.0;0.25;-6.1;0.39;-6.18;0.47;-6.22;;;;;;;;;CACC
1059;21.0;27.0;0.7;10;Successful;Effective;No;No;No;No;No;No;0.0;-6.0;0.25;-6.1;0.39;-6.18;0.47;-6.22;;;;;;;;;CACC
1060;21.0;27.0;0.8;5;Successful;Effective;No;No;No;No;No;No;0.0;-6.0;0.25;-6.1;0.39;-6.18;0.47;-6.22;;;;;;;;;CACC
1061;21.0;27.0;0.8;8;Successful;Effective;No;No;No;No;No;No;0.0;-6.0;0.25;-6.1;0.39;-6.18;0.47;-6.22;;;;;;;;;CACC
1062;21.0;27.0;0.8;10;Successful;Effective;No;No;No;No;No;No;0.0;-6.0;0.25;-6.1;0.39;-6.18;0.47;-6.22;;;;;;;;;CACC
1063;21.0;27.0;0.9;5;Successful;Effective;No;No;No;No;No;No;0.0;-6.0;0.25;-6.1;0.39;-6.18;0.47;-6.22;;;;;;;;;CACC
1064;21.0;27.0;0.9;8;Successful;Effective;No;No;No;No;No;No;0.0;-6.0;0.25;-6.1;0.39;-6.18;0.47;-6.22;;;;;;;;;CACC
1065;21.0;27.0;0.9;10;Successful;Effective;No;No;No;No;No;No;0.0;-6.0;0.25;-6.1;0.39;-6.18;0.47;-6.22;;;;;;;;;CACC
1066;21.0;27.0;1.0;5;Successful;Effective;No;No;No;No;No;No;0.0;-6.0;0.25;-6.1;0.39;-6.18;0.47;-6.22;;;;;;;;;CACC
1067;21.0;27.0;1.0;8;Successful;Effective;No;No;No;No;No;No;0.0;-6.0;0.25;-6.1;0.39;-6.18;0.47;-6.22;;;;;;;;;CACC
1068;21.0;27.0;1.0;10;Successful;Effective;No;No;No;No;No;No;0.0;-6.0;0.25;-6.1;0.39;-6.18;0.47;-6.22;;;;;;;;;CACC
1069;21.0;27.0;1.1;5;Successful;Effective;No;No;No;No;No;No;0.0;-6.0;0.25;-6.1;0.39;-6.18;0.47;-6.22;;;;;;;;;CACC
1070;21.0;27.0;1.1;8;Successful;Effective;No;No;No;No;No;No;0.0;-6.0;0.25;-6.1;0.39;-6.18;0.47;-6.22;;;;;;;;;CACC
1071;21.0;27.0;1.1;10;Successful;Effective;No;No;No;No;No;No;0.0;-6.0;0.25;-6.1;0.39;-6.18;0.47;-6.22;;;;;;;;;CACC
1072;21.1;27.1;0.5;5;Successful;Effective;No;No;No;No;No;No;0.0;-6.0;0.25;-6.1;0.39;-6.18;0.47;-6.22;;;;;;;;;CACC
1073;21.1;27.1;0.5;8;Successful;Effective;No;No;No;No;No;No;0.0;-6.0;0.25;-6.1;0.39;-6.18;0.47;-6.22;;;;;;;;;CACC
1074;21.1;27.1;0.5;10;Successful;Effective;No;No;No;No;No;No;0.0;-6.0;0.25;-6.1;0.39;-6.18;0.47;-6.22;;;;;;;;;CACC
1075;21.1;27.1;0.6;5;Successful;Effective;No;No;No;No;No;No;0.0;-6.0;0.25;-6.1;0.39;-6.18;0.47;-6.22;;;;;;;;;CACC
1076;21.1;27.1;0.6;8;Successful;Effective;No;No;No;No;No;No;0.0;-6.0;0.25;-6.1;0.39;-6.18;0.47;-6.22;;;;;;;;;CACC
1077;21.1;27.1;0.6;10;Successful;Effective;No;No;No;No;No;No;0.0;-6.0;0.25;-6.1;0.39;-6.18;0.47;-6.22;;;;;;;;;CACC
1078;21.1;27.1;0.7;5;Successful;Effective;No;No;No;No;No;No;0.0;-6.0;0.25;-6.1;0.39;-6.18;0.47;-6.22;;;;;;;;;CACC
1079;21.1;27.1;0.7;8;Successful;Effective;No;No;No;No;No;No;0.0;-6.0;0.25;-6.1;0.39;-6.18;0.47;-6.22;;;;;;;;;CACC
1080;21.1;27.1;0.7;10;Successful;Effective;No;No;No;No;No;No;0.0;-6.0;0.25;-6.1;0.39;-6.18;0.47;-6.22;;;;;;;;;CACC
1081;21.1;27.1;0.8;5;Successful;Effective;No;No;No;No;No;No;0.0;-6.0;0.25;-6.1;0.39;-6.18;0.47;-6.22;;;;;;;;;CACC
1082;21.1;27.1;0.8;8;Successful;Effective;No;No;No;No;No;No;0.0;-6.0;0.25;-6.1;0.39;-6.18;0.47;-6.22;;;;;;;;;CACC
1083;21.1;27.1;0.8;10;Successful;Effective;No;No;No;No;No;No;0.0;-6.0;0.25;-6.1;0.39;-6.18;0.47;-6.22;;;;;;;;;CACC
1084;21.1;27.1;0.9;5;Successful;Effective;No;No;No;No;No;No;0.0;-6.0;0.25;-6.1;0.39;-6.18;0.47;-6.22;;;;;;;;;CACC
1085;21.1;27.1;0.9;8;Successful;Effective;No;No;No;No;No;No;0.0;-6.0;0.25;-6.1;0.39;-6.18;0.47;-6.22;;;;;;;;;CACC
1086;21.1;27.1;0.9;10;Successful;Effective;No;No;No;No;No;No;0.0;-6.0;0.25;-6.1;0.39;-6.18;0.47;-6.22;;;;;;;;;CACC
1087;21.1;27.1;1.0;5;Successful;Effective;No;No;No;No;No;No;0.0;-6.0;0.25;-6.1;0.39;-6.18;0.47;-6.22;;;;;;;;;CACC
1088;21.1;27.1;1.0;8;Successful;Effective;No;No;No;No;No;No;0.0;-6.0;0.25;-6.1;0.39;-6.18;0.47;-6.22;;;;;;;;;CACC
1089;21.1;27.1;1.0;10;Successful;Effective;No;No;No;No;No;No;0.0;-6.0;0.25;-6.1;0.39;-6.18;0.47;-6.22;;;;;;;;;CACC
1090;21.1;27.1;1.1;5;Successful;Effective;No;No;No;No;No;No;0.0;-6.0;0.25;-6.1;0.39;-6.18;0.47;-6.22;;;;;;;;;CACC
1091;21.1;27.1;1.1;8;Successful;Effective;No;No;No;No;No;No;0.0;-6.0;0.25;-6.1;0.39;-6.18;0.47;-6.22;;;;;;;;;CACC
1092;21.1;27.1;1.1;10;Successful;Effective;No;No;No;No;No;No;0.0;-6.0;0.25;-6.1;0.39;-6.18;0.47;-6.22;;;;;;;;;CACC
1093;21.2;27.2;0.5;5;Successful;Effective;No;No;No;No;No;No;0.0;-6.0;0.25;-6.1;0.39;-6.18;0.47;-6.22;;;;;;;;;CACC
1094;21.2;27.2;0.5;8;Successful;Effective;No;No;No;No;No;No;0.0;-6.0;0.25;-6.1;0.39;-6.18;0.47;-6.22;;;;;;;;;CACC
1095;21.2;27.2;0.5;10;Successful;Effective;No;No;No;No;No;No;0.0;-6.0;0.25;-6.1;0.39;-6.18;0.47;-6.22;;;;;;;;;CACC
1096;21.2;27.2;0.6;5;Successful;Effective;No;No;No;No;No;No;0.0;-6.0;0.25;-6.1;0.39;-6.18;0.47;-6.22;;;;;;;;;CACC
1097;21.2;27.2;0.6;8;Successful;Effective;No;No;No;No;No;No;0.0;-6.0;0.25;-6.1;0.39;-6.18;0.47;-6.22;;;;;;;;;CACC
1098;21.2;27.2;0.6;10;Successful;Effective;No;No;No;No;No;No;0.0;-6.0;0.25;-6.1;0.39;-6.18;0.47;-6.22;;;;;;;;;CACC
1099;21.2;27.2;0.7;5;Successful;Effective;No;No;No;No;No;No;0.0;-6.0;0.25;-6.1;0.39;-6.18;0.47;-6.22;;;;;;;;;CACC
1100;21.2;27.2;0.7;8;Successful;Effective;No;No;No;No;No;No;0.0;-6.0;0.25;-6.1;0.39;-6.18;0.47;-6.22;;;;;;;;;CACC
1101;21.2;27.2;0.7;10;Successful;Effective;No;No;No;No;No;No;0.0;-6.0;0.25;-6.1;0.39;-6.18;0.47;-6.22;;;;;;;;;CACC
1102;21.2;27.2;0.8;5;Successful;Effective;No;No;No;No;No;No;0.0;-6.0;0.25;-6.1;0.39;-6.18;0.47;-6.22;;;;;;;;;CACC
1103;21.2;27.2;0.8;8;Successful;Effective;No;No;No;No;No;No;0.0;-6.0;0.25;-6.1;0.39;-6.18;0.47;-6.22;;;;;;;;;CACC
1104;21.2;27.2;0.8;10;Successful;Effective;No;No;No;No;No;No;0.0;-6.0;0.25;-6.1;0.39;-6.18;0.47;-6.22;;;;;;;;;CACC
1105;21.2;27.2;0.9;5;Successful;Effective;No;No;No;No;No;No;0.0;-6.0;0.25;-6.1;0.39;-6.18;0.47;-6.22;;;;;;;;;CACC
1106;21.2;27.2;0.9;8;Successful;Effective;No;No;No;No;No;No;0.0;-6.0;0.25;-6.1;0.39;-6.18;0.47;-6.22;;;;;;;;;CACC
1107;21.2;27.2;0.9;10;Successful;Effective;No;No;No;No;No;No;0.0;-6.0;0.25;-6.1;0.39;-6.18;0.47;-6.22;;;;;;;;;CACC
1108;21.2;27.2;1.0;5;Successful;Effective;No;No;No;No;No;No;0.0;-6.0;0.25;-6.1;0.39;-6.18;0.47;-6.22;;;;;;;;;CACC
1109;21.2;27.2;1.0;8;Successful;Effective;No;No;No;No;No;No;0.0;-6.0;0.25;-6.1;0.39;-6.18;0.47;-6.22;;;;;;;;;CACC
1110;21.2;27.2;1.0;10;Successful;Effective;No;No;No;No;No;No;0.0;-6.0;0.25;-6.1;0.39;-6.18;0.47;-6.22;;;;;;;;;CACC
1111;21.2;27.2;1.1;5;Successful;Effective;No;No;No;No;No;No;0.0;-6.0;0.25;-6.1;0.39;-6.18;0.47;-6.22;;;;;;;;;CACC
1112;21.2;27.2;1.1;8;Successful;Effective;No;No;No;No;No;No;0.0;-6.0;0.25;-6.1;0.39;-6.18;0.47;-6.22;;;;;;;;;CACC
1113;21.2;27.2;1.1;10;Successful;Effective;No;No;No;No;No;No;0.0;-6.0;0.25;-6.1;0.39;-6.18;0.47;-6.22;;;;;;;;;CACC
1114;21.3;27.3;0.5;5;Successful;Effective;No;No;No;No;No;No;0.0;-6.0;0.25;-6.1;0.39;-6.18;0.47;-6.22;;;;;;;;;CACC
1115;21.3;27.3;0.5;8;Successful;Effective;No;No;No;No;No;No;0.0;-6.0;0.25;-6.1;0.39;-6.18;0.47;-6.22;;;;;;;;;CACC
1116;21.3;27.3;0.5;10;Successful;Effective;No;No;No;No;No;No;0.0;-6.0;0.25;-6.1;0.39;-6.18;0.47;-6.22;;;;;;;;;CACC
1117;21.3;27.3;0.6;5;Successful;Effective;No;No;No;No;No;No;0.0;-6.0;0.25;-6.1;0.39;-6.18;0.47;-6.22;;;;;;;;;CACC
1118;21.3;27.3;0.6;8;Successful;Effective;No;No;No;No;No;No;0.0;-6.0;0.25;-6.1;0.39;-6.18;0.47;-6.22;;;;;;;;;CACC
1119;21.3;27.3;0.6;10;Successful;Effective;No;No;No;No;No;No;0.0;-6.0;0.25;-6.1;0.39;-6.18;0.47;-6.22;;;;;;;;;CACC
1120;21.3;27.3;0.7;5;Successful;Effective;No;No;No;No;No;No;0.0;-6.0;0.25;-6.1;0.39;-6.18;0.47;-6.22;;;;;;;;;CACC
1121;21.3;27.3;0.7;8;Successful;Effective;No;No;No;No;No;No;0.0;-6.0;0.25;-6.1;0.39;-6.18;0.47;-6.22;;;;;;;;;CACC
1122;21.3;27.3;0.7;10;Successful;Effective;No;No;No;No;No;No;0.0;-6.0;0.25;-6.1;0.39;-6.18;0.47;-6.22;;;;;;;;;CACC
1123;21.3;27.3;0.8;5;Successful;Effective;No;No;No;No;No;No;0.0;-6.0;0.25;-6.1;0.39;-6.18;0.47;-6.22;;;;;;;;;CACC
1124;21.3;27.3;0.8;8;Successful;Effective;No;No;No;No;No;No;0.0;-6.0;0.25;-6.1;0.39;-6.18;0.47;-6.22;;;;;;;;;CACC
1125;21.3;27.3;0.8;10;Successful;Effective;No;No;No;No;No;No;0.0;-6.0;0.25;-6.1;0.39;-6.18;0.47;-6.22;;;;;;;;;CACC
1126;21.3;27.3;0.9;5;Successful;Effective;No;No;No;No;No;No;0.0;-6.0;0.25;-6.1;0.39;-6.18;0.47;-6.22;;;;;;;;;CACC
1127;21.3;27.3;0.9;8;Successful;Effective;No;No;No;No;No;No;0.0;-6.0;0.25;-6.1;0.39;-6.18;0.47;-6.22;;;;;;;;;CACC
1128;21.3;27.3;0.9;10;Successful;Effective;No;No;No;No;No;No;0.0;-6.0;0.25;-6.1;0.39;-6.18;0.47;-6.22;;;;;;;;;CACC
1129;21.3;27.3;1.0;5;Successful;Effective;No;No;No;No;No;No;0.0;-6.0;0.25;-6.1;0.39;-6.18;0.47;-6.22;;;;;;;;;CACC
1130;21.3;27.3;1.0;8;Successful;Effective;No;No;No;No;No;No;0.0;-6.0;0.25;-6.1;0.39;-6.18;0.47;-6.22;;;;;;;;;CACC
1131;21.3;27.3;1.0;10;Successful;Effective;No;No;No;No;No;No;0.0;-6.0;0.25;-6.1;0.39;-6.18;0.47;-6.22;;;;;;;;;CACC
1132;21.3;27.3;1.1;5;Successful;Effective;No;No;No;No;No;No;0.0;-6.0;0.25;-6.1;0.39;-6.18;0.47;-6.22;;;;;;;;;CACC
1133;21.3;27.3;1.1;8;Successful;Effective;No;No;No;No;No;No;0.0;-6.0;0.25;-6.1;0.39;-6.18;0.47;-6.22;;;;;;;;;CACC
1134;21.3;27.3;1.1;10;Successful;Effective;No;No;No;No;No;No;0.0;-6.0;0.25;-6.1;0.39;-6.18;0.47;-6.22;;;;;;;;;CACC
1135;21.4;27.4;0.5;5;Successful;Effective;No;No;No;No;No;No;0.0;-6.0;0.25;-6.1;0.39;-6.18;0.47;-6.22;;;;;;;;;CACC
1136;21.4;27.4;0.5;8;Successful;Effective;No;No;No;No;No;No;0.0;-6.0;0.25;-6.1;0.39;-6.18;0.47;-6.22;;;;;;;;;CACC
1137;21.4;27.4;0.5;10;Successful;Effective;No;No;No;No;No;No;0.0;-6.0;0.25;-6.1;0.39;-6.18;0.47;-6.22;;;;;;;;;CACC
1138;21.4;27.4;0.6;5;Successful;Effective;No;No;No;No;No;No;0.0;-6.0;0.25;-6.1;0.39;-6.18;0.47;-6.22;;;;;;;;;CACC
1139;21.4;27.4;0.6;8;Successful;Effective;No;No;No;No;No;No;0.0;-6.0;0.25;-6.1;0.39;-6.18;0.47;-6.22;;;;;;;;;CACC
1140;21.4;27.4;0.6;10;Successful;Effective;No;No;No;No;No;No;0.0;-6.0;0.25;-6.1;0.39;-6.18;0.47;-6.22;;;;;;;;;CACC
1141;21.4;27.4;0.7;5;Successful;Effective;No;No;No;No;No;No;0.0;-6.0;0.25;-6.1;0.39;-6.18;0.47;-6.22;;;;;;;;;CACC
1142;21.4;27.4;0.7;8;Successful;Effective;No;No;No;No;No;No;0.0;-6.0;0.25;-6.1;0.39;-6.18;0.47;-6.22;;;;;;;;;CACC
1143;21.4;27.4;0.7;10;Successful;Effective;No;No;No;No;No;No;0.0;-6.0;0.25;-6.1;0.39;-6.18;0.47;-6.22;;;;;;;;;CACC
1144;21.4;27.4;0.8;5;Successful;Effective;No;No;No;No;No;No;0.0;-6.0;0.25;-6.1;0.39;-6.18;0.47;-6.22;;;;;;;;;CACC
1145;21.4;27.4;0.8;8;Successful;Effective;No;No;No;No;No;No;0.0;-6.0;0.25;-6.1;0.39;-6.18;0.47;-6.22;;;;;;;;;CACC
1146;21.4;27.4;0.8;10;Successful;Effective;No;No;No;No;No;No;0.0;-6.0;0.25;-6.1;0.39;-6.18;0.47;-6.22;;;;;;;;;CACC
1147;21.4;27.4;0.9;5;Successful;Effective;No;No;No;No;No;No;0.0;-6.0;0.25;-6.1;0.39;-6.18;0.47;-6.22;;;;;;;;;CACC
1148;21.4;27.4;0.9;8;Successful;Effective;No;No;No;No;No;No;0.0;-6.0;0.25;-6.1;0.39;-6.18;0.47;-6.22;;;;;;;;;CACC
1149;21.4;27.4;0.9;10;Successful;Effective;No;No;No;No;No;No;0.0;-6.0;0.25;-6.1;0.39;-6.18;0.47;-6.22;;;;;;;;;CACC
1150;21.4;27.4;1.0;5;Successful;Effective;No;No;No;No;No;No;0.0;-6.0;0.25;-6.1;0.39;-6.18;0.47;-6.22;;;;;;;;;CACC
1151;21.4;27.4;1.0;8;Successful;Effective;No;No;No;No;No;No;0.0;-6.0;0.25;-6.1;0.39;-6.18;0.47;-6.22;;;;;;;;;CACC
1152;21.4;27.4;1.0;10;Successful;Effective;No;No;No;No;No;No;0.0;-6.0;0.25;-6.1;0.39;-6.18;0.47;-6.22;;;;;;;;;CACC
1153;21.4;27.4;1.1;5;Successful;Effective;No;No;No;No;No;No;0.0;-6.0;0.25;-6.1;0.39;-6.18;0.47;-6.22;;;;;;;;;CACC
1154;21.4;27.4;1.1;8;Successful;Effective;No;No;No;No;No;No;0.0;-6.0;0.25;-6.1;0.39;-6.18;0.47;-6.22;;;;;;;;;CACC
1155;21.4;27.4;1.1;10;Successful;Effective;No;No;No;No;No;No;0.0;-6.0;0.25;-6.1;0.39;-6.18;0.47;-6.22;;;;;;;;;CACC
1156;21.5;27.5;0.5;5;Successful;Effective;No;No;No;No;No;No;0.0;-6.0;0.25;-6.1;0.39;-6.18;0.47;-6.22;;;;;;;;;CACC
1157;21.5;27.5;0.5;8;Successful;Effective;No;No;No;No;No;No;0.0;-6.0;0.25;-6.1;0.39;-6.18;0.47;-6.22;;;;;;;;;CACC
1158;21.5;27.5;0.5;10;Successful;Effective;No;No;No;No;No;No;0.0;-6.0;0.25;-6.1;0.39;-6.18;0.47;-6.22;;;;;;;;;CACC
1159;21.5;27.5;0.6;5;Successful;Effective;No;No;No;No;No;No;0.0;-6.0;0.25;-6.1;0.39;-6.18;0.47;-6.22;;;;;;;;;CACC
1160;21.5;27.5;0.6;8;Successful;Effective;No;No;No;No;No;No;0.0;-6.0;0.25;-6.1;0.39;-6.18;0.47;-6.22;;;;;;;;;CACC
1161;21.5;27.5;0.6;10;Successful;Effective;No;No;No;No;No;No;0.0;-6.0;0.25;-6.1;0.39;-6.18;0.47;-6.22;;;;;;;;;CACC
1162;21.5;27.5;0.7;5;Successful;Effective;No;No;No;No;No;No;0.0;-6.0;0.25;-6.1;0.39;-6.18;0.47;-6.22;;;;;;;;;CACC
1163;21.5;27.5;0.7;8;Successful;Effective;No;No;No;No;No;No;0.0;-6.0;0.25;-6.1;0.39;-6.18;0.47;-6.22;;;;;;;;;CACC
1164;21.5;27.5;0.7;10;Successful;Effective;No;No;No;No;No;No;0.0;-6.0;0.25;-6.1;0.39;-6.18;0.47;-6.22;;;;;;;;;CACC
1165;21.5;27.5;0.8;5;Successful;Effective;No;No;No;No;No;No;0.0;-6.0;0.25;-6.1;0.39;-6.18;0.47;-6.22;;;;;;;;;CACC
1166;21.5;27.5;0.8;8;Successful;Effective;No;No;No;No;No;No;0.0;-6.0;0.25;-6.1;0.39;-6.18;0.47;-6.22;;;;;;;;;CACC
1167;21.5;27.5;0.8;10;Successful;Effective;No;No;No;No;No;No;0.0;-6.0;0.25;-6.1;0.39;-6.18;0.47;-6.22;;;;;;;;;CACC
1168;21.5;27.5;0.9;5;Successful;Effective;No;No;No;No;No;No;0.0;-6.0;0.25;-6.1;0.39;-6.18;0.47;-6.22;;;;;;;;;CACC
1169;21.5;27.5;0.9;8;Successful;Effective;No;No;No;No;No;No;0.0;-6.0;0.25;-6.1;0.39;-6.18;0.47;-6.22;;;;;;;;;CACC
1170;21.5;27.5;0.9;10;Successful;Effective;No;No;No;No;No;No;0.0;-6.0;0.25;-6.1;0.39;-6.18;0.47;-6.22;;;;;;;;;CACC
1171;21.5;27.5;1.0;5;Successful;Effective;No;No;No;No;No;No;0.0;-6.0;0.25;-6.1;0.39;-6.18;0.47;-6.22;;;;;;;;;CACC
1172;21.5;27.5;1.0;8;Successful;Effective;No;No;No;No;No;No;0.0;-6.0;0.25;-6.1;0.39;-6.18;0.47;-6.22;;;;;;;;;CACC
1173;21.5;27.5;1.0;10;Successful;Effective;No;No;No;No;No;No;0.0;-6.0;0.25;-6.1;0.39;-6.18;0.47;-6.22;;;;;;;;;CACC
1174;21.5;27.5;1.1;5;Successful;Effective;No;No;No;No;No;No;0.0;-6.0;0.25;-6.1;0.39;-6.18;0.47;-6.22;;;;;;;;;CACC
1175;21.5;27.5;1.1;8;Successful;Effective;No;No;No;No;No;No;0.0;-6.0;0.25;-6.1;0.39;-6.18;0.47;-6.22;;;;;;;;;CACC
1176;21.5;27.5;1.1;10;Successful;Effective;No;No;No;No;No;No;0.0;-6.0;0.25;-6.1;0.39;-6.18;0.47;-6.22;;;;;;;;;CACC
1177;21.6;27.6;0.5;5;Successful;Effective;No;No;No;No;No;No;0.0;-6.0;0.25;-6.1;0.39;-6.18;0.47;-6.22;;;;;;;;;CACC
1178;21.6;27.6;0.5;8;Successful;Effective;No;No;No;No;No;No;0.0;-6.0;0.25;-6.1;0.39;-6.18;0.47;-6.22;;;;;;;;;CACC
1179;21.6;27.6;0.5;10;Successful;Effective;No;No;No;No;No;No;0.0;-6.0;0.25;-6.1;0.39;-6.18;0.47;-6.22;;;;;;;;;CACC
1180;21.6;27.6;0.6;5;Successful;Effective;No;No;No;No;No;No;0.0;-6.0;0.25;-6.1;0.39;-6.18;0.47;-6.22;;;;;;;;;CACC
1181;21.6;27.6;0.6;8;Successful;Effective;No;No;No;No;No;No;0.0;-6.0;0.25;-6.1;0.39;-6.18;0.47;-6.22;;;;;;;;;CACC
1182;21.6;27.6;0.6;10;Successful;Effective;No;No;No;No;No;No;0.0;-6.0;0.25;-6.1;0.39;-6.18;0.47;-6.22;;;;;;;;;CACC
1183;21.6;27.6;0.7;5;Successful;Effective;No;No;No;No;No;No;0.0;-6.0;0.25;-6.1;0.39;-6.18;0.47;-6.22;;;;;;;;;CACC
1184;21.6;27.6;0.7;8;Successful;Effective;No;No;No;No;No;No;0.0;-6.0;0.25;-6.1;0.39;-6.18;0.47;-6.22;;;;;;;;;CACC
1185;21.6;27.6;0.7;10;Successful;Effective;No;No;No;No;No;No;0.0;-6.0;0.25;-6.1;0.39;-6.18;0.47;-6.22;;;;;;;;;CACC
1186;21.6;27.6;0.8;5;Successful;Effective;No;No;No;No;No;No;0.0;-6.0;0.25;-6.1;0.39;-6.18;0.47;-6.22;;;;;;;;;CACC
1187;21.6;27.6;0.8;8;Successful;Effective;No;No;No;No;No;No;0.0;-6.0;0.25;-6.1;0.39;-6.18;0.47;-6.22;;;;;;;;;CACC
1188;21.6;27.6;0.8;10;Successful;Effective;No;No;No;No;No;No;0.0;-6.0;0.25;-6.1;0.39;-6.18;0.47;-6.22;;;;;;;;;CACC
1189;21.6;27.6;0.9;5;Successful;Effective;No;No;No;No;No;No;0.0;-6.0;0.25;-6.1;0.39;-6.18;0.47;-6.22;;;;;;;;;CACC
1190;21.6;27.6;0.9;8;Successful;Effective;No;No;No;No;No;No;0.0;-6.0;0.25;-6.1;0.39;-6.18;0.47;-6.22;;;;;;;;;CACC
1191;21.6;27.6;0.9;10;Successful;Effective;No;No;No;No;No;No;0.0;-6.0;0.25;-6.1;0.39;-6.18;0.47;-6.22;;;;;;;;;CACC
1192;21.6;27.6;1.0;5;Successful;Effective;No;No;No;No;No;No;0.0;-6.0;0.25;-6.1;0.39;-6.18;0.47;-6.22;;;;;;;;;CACC
1193;21.6;27.6;1.0;8;Successful;Effective;No;No;No;No;No;No;0.0;-6.0;0.25;-6.1;0.39;-6.18;0.47;-6.22;;;;;;;;;CACC
1194;21.6;27.6;1.0;10;Successful;Effective;No;No;No;No;No;No;0.0;-6.0;0.25;-6.1;0.39;-6.18;0.47;-6.22;;;;;;;;;CACC
1195;21.6;27.6;1.1;5;Successful;Effective;No;No;No;No;No;No;0.0;-6.0;0.25;-6.1;0.39;-6.18;0.47;-6.22;;;;;;;;;CACC
1196;21.6;27.6;1.1;8;Successful;Effective;No;No;No;No;No;No;0.0;-6.0;0.25;-6.1;0.39;-6.18;0.47;-6.22;;;;;;;;;CACC
1197;21.6;27.6;1.1;10;Successful;Effective;No;No;No;No;No;No;0.0;-6.0;0.25;-6.1;0.39;-6.18;0.47;-6.22;;;;;;;;;CACC
1198;21.7;27.7;0.5;5;Successful;Effective;No;No;No;No;No;No;0.0;-6.0;0.25;-6.1;0.39;-6.18;0.47;-6.22;;;;;;;;;CACC
1199;21.7;27.7;0.5;8;Successful;Effective;No;No;No;No;No;No;0.0;-6.0;0.25;-6.1;0.39;-6.18;0.47;-6.22;;;;;;;;;CACC
1200;21.7;27.7;0.5;10;Successful;Effective;No;No;No;No;No;No;0.0;-6.0;0.25;-6.1;0.39;-6.18;0.47;-6.22;;;;;;;;;CACC
1201;21.7;27.7;0.6;5;Successful;Effective;No;No;No;No;No;No;0.0;-6.0;0.25;-6.1;0.39;-6.18;0.47;-6.22;;;;;;;;;CACC
1202;21.7;27.7;0.6;8;Successful;Effective;No;No;No;No;No;No;0.0;-6.0;0.25;-6.1;0.39;-6.18;0.47;-6.22;;;;;;;;;CACC
1203;21.7;27.7;0.6;10;Successful;Effective;No;No;No;No;No;No;0.0;-6.0;0.25;-6.1;0.39;-6.18;0.47;-6.22;;;;;;;;;CACC
1204;21.7;27.7;0.7;5;Successful;Effective;No;No;No;No;No;No;0.0;-6.0;0.25;-6.1;0.39;-6.18;0.47;-6.22;;;;;;;;;CACC
1205;21.7;27.7;0.7;8;Successful;Effective;No;No;No;No;No;No;0.0;-6.0;0.25;-6.1;0.39;-6.18;0.47;-6.22;;;;;;;;;CACC
1206;21.7;27.7;0.7;10;Successful;Effective;No;No;No;No;No;No;0.0;-6.0;0.25;-6.1;0.39;-6.18;0.47;-6.22;;;;;;;;;CACC
1207;21.7;27.7;0.8;5;Successful;Effective;No;No;No;No;No;No;0.0;-6.0;0.25;-6.1;0.39;-6.18;0.47;-6.22;;;;;;;;;CACC
1208;21.7;27.7;0.8;8;Successful;Effective;No;No;No;No;No;No;0.0;-6.0;0.25;-6.1;0.39;-6.18;0.47;-6.22;;;;;;;;;CACC
1209;21.7;27.7;0.8;10;Successful;Effective;No;No;No;No;No;No;0.0;-6.0;0.25;-6.1;0.39;-6.18;0.47;-6.22;;;;;;;;;CACC
1210;21.7;27.7;0.9;5;Successful;Effective;No;No;No;No;No;No;0.0;-6.0;0.25;-6.1;0.39;-6.18;0.47;-6.22;;;;;;;;;CACC
1211;21.7;27.7;0.9;8;Successful;Effective;No;No;No;No;No;No;0.0;-6.0;0.25;-6.1;0.39;-6.18;0.47;-6.22;;;;;;;;;CACC
1212;21.7;27.7;0.9;10;Successful;Effective;No;No;No;No;No;No;0.0;-6.0;0.25;-6.1;0.39;-6.18;0.47;-6.22;;;;;;;;;CACC
1213;21.7;27.7;1.0;5;Successful;Effective;No;No;No;No;No;No;0.0;-6.0;0.25;-6.1;0.39;-6.18;0.47;-6.22;;;;;;;;;CACC
1214;21.7;27.7;1.0;8;Successful;Effective;No;No;No;No;No;No;0.0;-6.0;0.25;-6.1;0.39;-6.18;0.47;-6.22;;;;;;;;;CACC
1215;21.7;27.7;1.0;10;Successful;Effective;No;No;No;No;No;No;0.0;-6.0;0.25;-6.1;0.39;-6.18;0.47;-6.22;;;;;;;;;CACC
1216;21.7;27.7;1.1;5;Successful;Effective;No;No;No;No;No;No;0.0;-6.0;0.25;-6.1;0.39;-6.18;0.47;-6.22;;;;;;;;;CACC
1217;21.7;27.7;1.1;8;Successful;Effective;No;No;No;No;No;No;0.0;-6.0;0.25;-6.1;0.39;-6.18;0.47;-6.22;;;;;;;;;CACC
1218;21.7;27.7;1.1;10;Successful;Effective;No;No;No;No;No;No;0.0;-6.0;0.25;-6.1;0.39;-6.18;0.47;-6.22;;;;;;;;;CACC
1219;21.8;27.8;0.5;5;Successful;Effective;No;No;No;No;No;No;0.0;-6.0;0.25;-6.1;0.39;-6.18;0.47;-6.22;;;;;;;;;CACC
1220;21.8;27.8;0.5;8;Successful;Effective;No;No;No;No;No;No;0.0;-6.0;0.25;-6.1;0.39;-6.18;0.47;-6.22;;;;;;;;;CACC
1221;21.8;27.8;0.5;10;Successful;Effective;No;No;No;No;No;No;0.0;-6.0;0.25;-6.1;0.39;-6.18;0.47;-6.22;;;;;;;;;CACC
1222;21.8;27.8;0.6;5;Successful;Effective;No;No;No;No;No;No;0.0;-6.0;0.25;-6.1;0.39;-6.18;0.47;-6.22;;;;;;;;;CACC
1223;21.8;27.8;0.6;8;Successful;Effective;No;No;No;No;No;No;0.0;-6.0;0.25;-6.1;0.39;-6.18;0.47;-6.22;;;;;;;;;CACC
1224;21.8;27.8;0.6;10;Successful;Effective;No;No;No;No;No;No;0.0;-6.0;0.25;-6.1;0.39;-6.18;0.47;-6.22;;;;;;;;;CACC
1225;21.8;27.8;0.7;5;Successful;Effective;No;No;No;No;No;No;0.0;-6.0;0.25;-6.1;0.39;-6.18;0.47;-6.22;;;;;;;;;CACC
1226;21.8;27.8;0.7;8;Successful;Effective;No;No;No;No;No;No;0.0;-6.0;0.25;-6.1;0.39;-6.18;0.47;-6.22;;;;;;;;;CACC
1227;21.8;27.8;0.7;10;Successful;Effective;No;No;No;No;No;No;0.0;-6.0;0.25;-6.1;0.39;-6.18;0.47;-6.22;;;;;;;;;CACC
1228;21.8;27.8;0.8;5;Successful;Effective;No;No;No;No;No;No;0.0;-6.0;0.25;-6.1;0.39;-6.18;0.47;-6.22;;;;;;;;;CACC
1229;21.8;27.8;0.8;8;Successful;Effective;No;No;No;No;No;No;0.0;-6.0;0.25;-6.1;0.39;-6.18;0.47;-6.22;;;;;;;;;CACC
1230;21.8;27.8;0.8;10;Successful;Effective;No;No;No;No;No;No;0.0;-6.0;0.25;-6.1;0.39;-6.18;0.47;-6.22;;;;;;;;;CACC
1231;21.8;27.8;0.9;5;Successful;Effective;No;No;No;No;No;No;0.0;-6.0;0.25;-6.1;0.39;-6.18;0.47;-6.22;;;;;;;;;CACC
1232;21.8;27.8;0.9;8;Successful;Effective;No;No;No;No;No;No;0.0;-6.0;0.25;-6.1;0.39;-6.18;0.47;-6.22;;;;;;;;;CACC
1233;21.8;27.8;0.9;10;Successful;Effective;No;No;No;No;No;No;0.0;-6.0;0.25;-6.1;0.39;-6.18;0.47;-6.22;;;;;;;;;CACC
1234;21.8;27.8;1.0;5;Successful;Effective;No;No;No;No;No;No;0.0;-6.0;0.25;-6.1;0.39;-6.18;0.47;-6.22;;;;;;;;;CACC
1235;21.8;27.8;1.0;8;Successful;Effective;No;No;No;No;No;No;0.0;-6.0;0.25;-6.1;0.39;-6.18;0.47;-6.22;;;;;;;;;CACC
1236;21.8;27.8;1.0;10;Successful;Effective;No;No;No;No;No;No;0.0;-6.0;0.25;-6.1;0.39;-6.18;0.47;-6.22;;;;;;;;;CACC
1237;21.8;27.8;1.1;5;Successful;Effective;No;No;No;No;No;No;0.0;-6.0;0.25;-6.1;0.39;-6.18;0.47;-6.22;;;;;;;;;CACC
1238;21.8;27.8;1.1;8;Successful;Effective;No;No;No;No;No;No;0.0;-6.0;0.25;-6.1;0.39;-6.18;0.47;-6.22;;;;;;;;;CACC
1239;21.8;27.8;1.1;10;Successful;Effective;No;No;No;No;No;No;0.0;-6.0;0.25;-6.1;0.39;-6.18;0.47;-6.22;;;;;;;;;CACC
1240;21.9;27.9;0.5;5;Successful;Effective;No;No;No;No;No;No;0.0;-6.0;0.25;-6.1;0.39;-6.18;0.47;-6.22;;;;;;;;;CACC
1241;21.9;27.9;0.5;8;Successful;Effective;No;No;No;No;No;No;0.0;-6.0;0.25;-6.1;0.39;-6.18;0.47;-6.22;;;;;;;;;CACC
1242;21.9;27.9;0.5;10;Successful;Effective;No;No;No;No;No;No;0.0;-6.0;0.25;-6.1;0.39;-6.18;0.47;-6.22;;;;;;;;;CACC
1243;21.9;27.9;0.6;5;Successful;Effective;No;No;No;No;No;No;0.0;-6.0;0.25;-6.1;0.39;-6.18;0.47;-6.22;;;;;;;;;CACC
1244;21.9;27.9;0.6;8;Successful;Effective;No;No;No;No;No;No;0.0;-6.0;0.25;-6.1;0.39;-6.18;0.47;-6.22;;;;;;;;;CACC
1245;21.9;27.9;0.6;10;Successful;Effective;No;No;No;No;No;No;0.0;-6.0;0.25;-6.1;0.39;-6.18;0.47;-6.22;;;;;;;;;CACC
1246;21.9;27.9;0.7;5;Successful;Effective;No;No;No;No;No;No;0.0;-6.0;0.25;-6.1;0.39;-6.18;0.47;-6.22;;;;;;;;;CACC
1247;21.9;27.9;0.7;8;Successful;Effective;No;No;No;No;No;No;0.0;-6.0;0.25;-6.1;0.39;-6.18;0.47;-6.22;;;;;;;;;CACC
1248;21.9;27.9;0.7;10;Successful;Effective;No;No;No;No;No;No;0.0;-6.0;0.25;-6.1;0.39;-6.18;0.47;-6.22;;;;;;;;;CACC
1249;21.9;27.9;0.8;5;Successful;Effective;No;No;No;No;No;No;0.0;-6.0;0.25;-6.1;0.39;-6.18;0.47;-6.22;;;;;;;;;CACC
1250;21.9;27.9;0.8;8;Successful;Effective;No;No;No;No;No;No;0.0;-6.0;0.25;-6.1;0.39;-6.18;0.47;-6.22;;;;;;;;;CACC
1251;21.9;27.9;0.8;10;Successful;Effective;No;No;No;No;No;No;0.0;-6.0;0.25;-6.1;0.39;-6.18;0.47;-6.22;;;;;;;;;CACC
1252;21.9;27.9;0.9;5;Successful;Effective;No;No;No;No;No;No;0.0;-6.0;0.25;-6.1;0.39;-6.18;0.47;-6.22;;;;;;;;;CACC
1253;21.9;27.9;0.9;8;Successful;Effective;No;No;No;No;No;No;0.0;-6.0;0.25;-6.1;0.39;-6.18;0.47;-6.22;;;;;;;;;CACC
1254;21.9;27.9;0.9;10;Successful;Effective;No;No;No;No;No;No;0.0;-6.0;0.25;-6.1;0.39;-6.18;0.47;-6.22;;;;;;;;;CACC
1255;21.9;27.9;1.0;5;Successful;Effective;No;No;No;No;No;No;0.0;-6.0;0.25;-6.1;0.39;-6.18;0.47;-6.22;;;;;;;;;CACC
1256;21.9;27.9;1.0;8;Successful;Effective;No;No;No;No;No;No;0.0;-6.0;0.25;-6.1;0.39;-6.18;0.47;-6.22;;;;;;;;;CACC
1257;21.9;27.9;1.0;10;Successful;Effective;No;No;No;No;No;No;0.0;-6.0;0.25;-6.1;0.39;-6.18;0.47;-6.22;;;;;;;;;CACC
1258;21.9;27.9;1.1;5;Successful;Effective;No;No;No;No;No;No;0.0;-6.0;0.25;-6.1;0.39;-6.18;0.47;-6.22;;;;;;;;;CACC
1259;21.9;27.9;1.1;8;Successful;Effective;No;No;No;No;No;No;0.0;-6.0;0.25;-6.1;0.39;-6.18;0.47;-6.22;;;;;;;;;CACC
1260;21.9;27.9;1.1;10;Successful;Effective;No;No;No;No;No;No;0.0;-6.0;0.25;-6.1;0.39;-6.18;0.47;-6.22;;;;;;;;;CACC
