Ex ID;Start_time;End_time;Injected_value;CACC_spacing;Run_status;Impact_status;Collision_state;Collision_time;collider;victim;Collision_pos;Collision_lane;Accel_0_max;Dcel_0_min;Accel_1_max;Dcel_1_min;Accel_2_max;Dcel_2_min;Accel_3_max;Dcel_3_min;Accel_4_max;Dcel_4_min;Accel_5_max;Dcel_5_min;Accel_6_max;Dcel_6_min;Accel_7_max;Dcel_7_min
1;16.0;22.0;0.5;5;Successful;Effective;collision;19.59;vtypeauto.1;vtypeauto.0;556.39;edge_0_0_0;0.0;-7.0;0.25;-8.11;0.39;-8.7;0.47;-8.92;;;;;;;;
2;16.0;22.0;0.5;8;Successful;Effective;No;No;No;No;No;No;0.0;-7.0;0.25;-8.11;0.39;-8.7;0.47;-8.92;;;;;;;;
3;16.0;22.0;0.5;10;Successful;Effective;No;No;No;No;No;No;0.0;-7.0;0.25;-8.11;0.39;-8.7;0.47;-8.92;;;;;;;;
4;16.0;22.0;0.6;5;Successful;Effective;collision;19.26;vtypeauto.1;vtypeauto.0;551.72;edge_0_0_0;0.0;-7.0;0.25;-8.33;0.39;-9.0;0.47;-9.0;;;;;;;;
5;16.0;22.0;0.6;8;Successful;Effective;collision;20.44;vtypeauto.1;vtypeauto.0;573.90;edge_0_0_0;0.0;-7.0;0.25;-8.33;0.39;-9.0;0.47;-9.0;;;;;;;;
6;16.0;22.0;0.6;10;Successful;Effective;No;No;No;No;No;No;0.0;-7.0;0.25;-8.33;0.39;-9.0;0.47;-9.0;;;;;;;;
7;16.0;22.0;0.7;5;Successful;Effective;collision;19.07;vtypeauto.1;vtypeauto.0;548.71;edge_0_0_0;0.0;-7.0;0.25;-8.54;0.39;-9.0;0.47;-9.0;;;;;;;;
8;16.0;22.0;0.7;8;Successful;Effective;collision;19.90;vtypeauto.1;vtypeauto.0;569.09;edge_0_0_0;0.0;-7.0;0.25;-8.54;0.39;-9.0;0.47;-9.0;;;;;;;;
9;16.0;22.0;0.7;10;Successful;Effective;collision;20.75;vtypeauto.1;vtypeauto.0;581.74;edge_0_0_0;0.0;-7.0;0.25;-8.54;0.39;-9.0;0.47;-9.0;;;;;;;;
10;16.0;22.0;0.8;5;Successful;Effective;collision;18.94;vtypeauto.1;vtypeauto.0;546.48;edge_0_0_0;0.0;-7.0;0.25;-8.76;0.39;-9.0;0.47;-9.0;;;;;;;;
11;16.0;22.0;0.8;8;Successful;Effective;collision;19.60;vtypeauto.1;vtypeauto.0;565.52;edge_0_0_0;0.0;-7.0;0.25;-8.76;0.39;-9.0;0.47;-9.0;;;;;;;;
12;16.0;22.0;0.8;10;Successful;Effective;collision;20.16;vtypeauto.1;vtypeauto.0;577.65;edge_0_0_0;0.0;-7.0;0.25;-8.76;0.39;-9.0;0.47;-9.0;;;;;;;;
13;16.0;22.0;0.9;5;Successful;Effective;collision;18.86;vtypeauto.1;vtypeauto.0;545.08;edge_0_0_0;0.0;-7.0;0.25;-8.98;0.39;-9.0;0.47;-9.0;;;;;;;;
14;16.0;22.0;0.9;8;Successful;Effective;collision;19.41;vtypeauto.1;vtypeauto.0;562.94;edge_0_0_0;0.0;-7.0;0.25;-8.98;0.39;-9.0;0.47;-9.0;;;;;;;;
15;16.0;22.0;0.9;10;Successful;Effective;collision;19.84;vtypeauto.1;vtypeauto.0;574.41;edge_0_0_0;0.0;-7.0;0.25;-8.98;0.39;-9.0;0.47;-9.0;;;;;;;;
16;16.0;22.0;1.0;5;Successful;Effective;collision;18.80;vtypeauto.1;vtypeauto.0;543.96;edge_0_0_0;0.0;-7.0;0.25;-9.0;0.39;-9.0;0.47;-9.0;;;;;;;;
17;16.0;22.0;1.0;8;Successful;Effective;collision;19.28;vtypeauto.1;vtypeauto.0;561.02;edge_0_0_0;0.0;-7.0;0.25;-9.0;0.39;-9.0;0.47;-9.0;;;;;;;;
18;16.0;22.0;1.0;10;Successful;Effective;collision;19.64;vtypeauto.1;vtypeauto.0;572.04;edge_0_0_0;0.0;-7.0;0.25;-9.0;0.39;-9.0;0.47;-9.0;;;;;;;;
19;16.0;22.0;1.1;5;Successful;Effective;collision;18.76;vtypeauto.1;vtypeauto.0;543.21;edge_0_0_0;0.0;-7.0;0.25;-9.0;0.39;-9.0;0.47;-9.0;;;;;;;;
20;16.0;22.0;1.1;8;Successful;Effective;collision;19.20;vtypeauto.1;vtypeauto.0;559.84;edge_0_0_0;0.0;-7.0;0.25;-9.0;0.39;-9.0;0.47;-9.0;;;;;;;;
21;16.0;22.0;1.1;10;Successful;Effective;collision;19.50;vtypeauto.1;vtypeauto.0;570.19;edge_0_0_0;0.0;-7.0;0.25;-9.0;0.39;-9.0;0.47;-9.0;;;;;;;;
22;16.1;22.1;0.5;5;Successful;Effective;collision;19.59;vtypeauto.1;vtypeauto.0;556.39;edge_0_0_0;0.0;-7.0;0.25;-8.11;0.39;-8.7;0.47;-8.92;;;;;;;;
23;16.1;22.1;0.5;8;Successful;Effective;No;No;No;No;No;No;0.0;-7.0;0.25;-8.11;0.39;-8.7;0.47;-8.92;;;;;;;;
24;16.1;22.1;0.5;10;Successful;Effective;No;No;No;No;No;No;0.0;-7.0;0.25;-8.11;0.39;-8.7;0.47;-8.92;;;;;;;;
25;16.1;22.1;0.6;5;Successful;Effective;collision;19.26;vtypeauto.1;vtypeauto.0;551.72;edge_0_0_0;0.0;-7.0;0.25;-8.33;0.39;-9.0;0.47;-9.0;;;;;;;;
26;16.1;22.1;0.6;8;Successful;Effective;collision;20.44;vtypeauto.1;vtypeauto.0;573.90;edge_0_0_0;0.0;-7.0;0.25;-8.33;0.39;-9.0;0.47;-9.0;;;;;;;;
27;16.1;22.1;0.6;10;Successful;Effective;No;No;No;No;No;No;0.0;-7.0;0.25;-8.33;0.39;-9.0;0.47;-9.0;;;;;;;;
28;16.1;22.1;0.7;5;Successful;Effective;collision;19.07;vtypeauto.1;vtypeauto.0;548.71;edge_0_0_0;0.0;-7.0;0.25;-8.54;0.39;-9.0;0.47;-9.0;;;;;;;;
29;16.1;22.1;0.7;8;Successful;Effective;collision;19.90;vtypeauto.1;vtypeauto.0;569.09;edge_0_0_0;0.0;-7.0;0.25;-8.54;0.39;-9.0;0.47;-9.0;;;;;;;;
30;16.1;22.1;0.7;10;Successful;Effective;collision;20.75;vtypeauto.1;vtypeauto.0;581.74;edge_0_0_0;0.0;-7.0;0.25;-8.54;0.39;-9.0;0.47;-9.0;;;;;;;;
31;16.1;22.1;0.8;5;Successful;Effective;collision;18.94;vtypeauto.1;vtypeauto.0;546.48;edge_0_0_0;0.0;-7.0;0.25;-8.76;0.39;-9.0;0.47;-9.0;;;;;;;;
32;16.1;22.1;0.8;8;Successful;Effective;collision;19.60;vtypeauto.1;vtypeauto.0;565.52;edge_0_0_0;0.0;-7.0;0.25;-8.76;0.39;-9.0;0.47;-9.0;;;;;;;;
33;16.1;22.1;0.8;10;Successful;Effective;collision;20.16;vtypeauto.1;vtypeauto.0;577.65;edge_0_0_0;0.0;-7.0;0.25;-8.76;0.39;-9.0;0.47;-9.0;;;;;;;;
34;16.1;22.1;0.9;5;Successful;Effective;collision;18.86;vtypeauto.1;vtypeauto.0;545.08;edge_0_0_0;0.0;-7.0;0.25;-8.98;0.39;-9.0;0.47;-9.0;;;;;;;;
35;16.1;22.1;0.9;8;Successful;Effective;collision;19.41;vtypeauto.1;vtypeauto.0;562.94;edge_0_0_0;0.0;-7.0;0.25;-8.98;0.39;-9.0;0.47;-9.0;;;;;;;;
36;16.1;22.1;0.9;10;Successful;Effective;collision;19.84;vtypeauto.1;vtypeauto.0;574.41;edge_0_0_0;0.0;-7.0;0.25;-8.98;0.39;-9.0;0.47;-9.0;;;;;;;;
37;16.1;22.1;1.0;5;Successful;Effective;collision;18.80;vtypeauto.1;vtypeauto.0;543.96;edge_0_0_0;0.0;-7.0;0.25;-9.0;0.39;-9.0;0.47;-9.0;;;;;;;;
38;16.1;22.1;1.0;8;Successful;Effective;collision;19.28;vtypeauto.1;vtypeauto.0;561.02;edge_0_0_0;0.0;-7.0;0.25;-9.0;0.39;-9.0;0.47;-9.0;;;;;;;;
39;16.1;22.1;1.0;10;Successful;Effective;collision;19.64;vtypeauto.1;vtypeauto.0;572.04;edge_0_0_0;0.0;-7.0;0.25;-9.0;0.39;-9.0;0.47;-9.0;;;;;;;;
40;16.1;22.1;1.1;5;Successful;Effective;collision;18.76;vtypeauto.1;vtypeauto.0;543.21;edge_0_0_0;0.0;-7.0;0.25;-9.0;0.39;-9.0;0.47;-9.0;;;;;;;;
41;16.1;22.1;1.1;8;Successful;Effective;collision;19.20;vtypeauto.1;vtypeauto.0;559.84;edge_0_0_0;0.0;-7.0;0.25;-9.0;0.39;-9.0;0.47;-9.0;;;;;;;;
42;16.1;22.1;1.1;10;Successful;Effective;collision;19.50;vtypeauto.1;vtypeauto.0;570.19;edge_0_0_0;0.0;-7.0;0.25;-9.0;0.39;-9.0;0.47;-9.0;;;;;;;;
43;16.2;22.2;0.5;5;Successful;Effective;collision;19.59;vtypeauto.1;vtypeauto.0;556.39;edge_0_0_0;0.0;-7.0;0.25;-8.11;0.39;-8.7;0.47;-8.92;;;;;;;;
44;16.2;22.2;0.5;8;Successful;Effective;No;No;No;No;No;No;0.0;-7.0;0.25;-8.11;0.39;-8.7;0.47;-8.92;;;;;;;;
45;16.2;22.2;0.5;10;Successful;Effective;No;No;No;No;No;No;0.0;-7.0;0.25;-8.11;0.39;-8.7;0.47;-8.92;;;;;;;;
46;16.2;22.2;0.6;5;Successful;Effective;collision;19.26;vtypeauto.1;vtypeauto.0;551.72;edge_0_0_0;0.0;-7.0;0.25;-8.33;0.39;-9.0;0.47;-9.0;;;;;;;;
47;16.2;22.2;0.6;8;Successful;Effective;collision;20.44;vtypeauto.1;vtypeauto.0;573.90;edge_0_0_0;0.0;-7.0;0.25;-8.33;0.39;-9.0;0.47;-9.0;;;;;;;;
48;16.2;22.2;0.6;10;Successful;Effective;No;No;No;No;No;No;0.0;-7.0;0.25;-8.33;0.39;-9.0;0.47;-9.0;;;;;;;;
49;16.2;22.2;0.7;5;Successful;Effective;collision;19.07;vtypeauto.1;vtypeauto.0;548.71;edge_0_0_0;0.0;-7.0;0.25;-8.54;0.39;-9.0;0.47;-9.0;;;;;;;;
50;16.2;22.2;0.7;8;Successful;Effective;collision;19.90;vtypeauto.1;vtypeauto.0;569.09;edge_0_0_0;0.0;-7.0;0.25;-8.54;0.39;-9.0;0.47;-9.0;;;;;;;;
51;16.2;22.2;0.7;10;Successful;Effective;collision;20.75;vtypeauto.1;vtypeauto.0;581.74;edge_0_0_0;0.0;-7.0;0.25;-8.54;0.39;-9.0;0.47;-9.0;;;;;;;;
52;16.2;22.2;0.8;5;Successful;Effective;collision;18.94;vtypeauto.1;vtypeauto.0;546.48;edge_0_0_0;0.0;-7.0;0.25;-8.76;0.39;-9.0;0.47;-9.0;;;;;;;;
53;16.2;22.2;0.8;8;Successful;Effective;collision;19.60;vtypeauto.1;vtypeauto.0;565.52;edge_0_0_0;0.0;-7.0;0.25;-8.76;0.39;-9.0;0.47;-9.0;;;;;;;;
54;16.2;22.2;0.8;10;Successful;Effective;collision;20.16;vtypeauto.1;vtypeauto.0;577.65;edge_0_0_0;0.0;-7.0;0.25;-8.76;0.39;-9.0;0.47;-9.0;;;;;;;;
55;16.2;22.2;0.9;5;Successful;Effective;collision;18.86;vtypeauto.1;vtypeauto.0;545.08;edge_0_0_0;0.0;-7.0;0.25;-8.98;0.39;-9.0;0.47;-9.0;;;;;;;;
56;16.2;22.2;0.9;8;Successful;Effective;collision;19.41;vtypeauto.1;vtypeauto.0;562.94;edge_0_0_0;0.0;-7.0;0.25;-8.98;0.39;-9.0;0.47;-9.0;;;;;;;;
57;16.2;22.2;0.9;10;Successful;Effective;collision;19.84;vtypeauto.1;vtypeauto.0;574.41;edge_0_0_0;0.0;-7.0;0.25;-8.98;0.39;-9.0;0.47;-9.0;;;;;;;;
58;16.2;22.2;1.0;5;Successful;Effective;collision;18.80;vtypeauto.1;vtypeauto.0;543.96;edge_0_0_0;0.0;-7.0;0.25;-9.0;0.39;-9.0;0.47;-9.0;;;;;;;;
59;16.2;22.2;1.0;8;Successful;Effective;collision;19.28;vtypeauto.1;vtypeauto.0;561.02;edge_0_0_0;0.0;-7.0;0.25;-9.0;0.39;-9.0;0.47;-9.0;;;;;;;;
60;16.2;22.2;1.0;10;Successful;Effective;collision;19.64;vtypeauto.1;vtypeauto.0;572.04;edge_0_0_0;0.0;-7.0;0.25;-9.0;0.39;-9.0;0.47;-9.0;;;;;;;;
61;16.2;22.2;1.1;5;Successful;Effective;collision;18.76;vtypeauto.1;vtypeauto.0;543.21;edge_0_0_0;0.0;-7.0;0.25;-9.0;0.39;-9.0;0.47;-9.0;;;;;;;;
62;16.2;22.2;1.1;8;Successful;Effective;collision;19.20;vtypeauto.1;vtypeauto.0;559.84;edge_0_0_0;0.0;-7.0;0.25;-9.0;0.39;-9.0;0.47;-9.0;;;;;;;;
63;16.2;22.2;1.1;10;Successful;Effective;collision;19.50;vtypeauto.1;vtypeauto.0;570.19;edge_0_0_0;0.0;-7.0;0.25;-9.0;0.39;-9.0;0.47;-9.0;;;;;;;;
64;16.3;22.3;0.5;5;Successful;Effective;collision;19.59;vtypeauto.1;vtypeauto.0;556.39;edge_0_0_0;0.0;-7.0;0.25;-8.11;0.39;-8.7;0.47;-8.92;;;;;;;;
65;16.3;22.3;0.5;8;Successful;Effective;No;No;No;No;No;No;0.0;-7.0;0.25;-8.11;0.39;-8.7;0.47;-8.92;;;;;;;;
66;16.3;22.3;0.5;10;Successful;Effective;No;No;No;No;No;No;0.0;-7.0;0.25;-8.11;0.39;-8.7;0.47;-8.92;;;;;;;;
67;16.3;22.3;0.6;5;Successful;Effective;collision;19.26;vtypeauto.1;vtypeauto.0;551.72;edge_0_0_0;0.0;-7.0;0.25;-8.33;0.39;-9.0;0.47;-9.0;;;;;;;;
68;16.3;22.3;0.6;8;Successful;Effective;collision;20.44;vtypeauto.1;vtypeauto.0;573.90;edge_0_0_0;0.0;-7.0;0.25;-8.33;0.39;-9.0;0.47;-9.0;;;;;;;;
69;16.3;22.3;0.6;10;Successful;Effective;No;No;No;No;No;No;0.0;-7.0;0.25;-8.33;0.39;-9.0;0.47;-9.0;;;;;;;;
70;16.3;22.3;0.7;5;Successful;Effective;collision;19.07;vtypeauto.1;vtypeauto.0;548.71;edge_0_0_0;0.0;-7.0;0.25;-8.54;0.39;-9.0;0.47;-9.0;;;;;;;;
71;16.3;22.3;0.7;8;Successful;Effective;collision;19.90;vtypeauto.1;vtypeauto.0;569.09;edge_0_0_0;0.0;-7.0;0.25;-8.54;0.39;-9.0;0.47;-9.0;;;;;;;;
72;16.3;22.3;0.7;10;Successful;Effective;collision;20.75;vtypeauto.1;vtypeauto.0;581.74;edge_0_0_0;0.0;-7.0;0.25;-8.54;0.39;-9.0;0.47;-9.0;;;;;;;;
73;16.3;22.3;0.8;5;Successful;Effective;collision;18.94;vtypeauto.1;vtypeauto.0;546.48;edge_0_0_0;0.0;-7.0;0.25;-8.76;0.39;-9.0;0.47;-9.0;;;;;;;;
74;16.3;22.3;0.8;8;Successful;Effective;collision;19.60;vtypeauto.1;vtypeauto.0;565.52;edge_0_0_0;0.0;-7.0;0.25;-8.76;0.39;-9.0;0.47;-9.0;;;;;;;;
75;16.3;22.3;0.8;10;Successful;Effective;collision;20.16;vtypeauto.1;vtypeauto.0;577.65;edge_0_0_0;0.0;-7.0;0.25;-8.76;0.39;-9.0;0.47;-9.0;;;;;;;;
76;16.3;22.3;0.9;5;Successful;Effective;collision;18.86;vtypeauto.1;vtypeauto.0;545.08;edge_0_0_0;0.0;-7.0;0.25;-8.98;0.39;-9.0;0.47;-9.0;;;;;;;;
77;16.3;22.3;0.9;8;Successful;Effective;collision;19.41;vtypeauto.1;vtypeauto.0;562.94;edge_0_0_0;0.0;-7.0;0.25;-8.98;0.39;-9.0;0.47;-9.0;;;;;;;;
78;16.3;22.3;0.9;10;Successful;Effective;collision;19.84;vtypeauto.1;vtypeauto.0;574.41;edge_0_0_0;0.0;-7.0;0.25;-8.98;0.39;-9.0;0.47;-9.0;;;;;;;;
79;16.3;22.3;1.0;5;Successful;Effective;collision;18.80;vtypeauto.1;vtypeauto.0;543.96;edge_0_0_0;0.0;-7.0;0.25;-9.0;0.39;-9.0;0.47;-9.0;;;;;;;;
80;16.3;22.3;1.0;8;Successful;Effective;collision;19.28;vtypeauto.1;vtypeauto.0;561.02;edge_0_0_0;0.0;-7.0;0.25;-9.0;0.39;-9.0;0.47;-9.0;;;;;;;;
81;16.3;22.3;1.0;10;Successful;Effective;collision;19.64;vtypeauto.1;vtypeauto.0;572.04;edge_0_0_0;0.0;-7.0;0.25;-9.0;0.39;-9.0;0.47;-9.0;;;;;;;;
82;16.3;22.3;1.1;5;Successful;Effective;collision;18.76;vtypeauto.1;vtypeauto.0;543.21;edge_0_0_0;0.0;-7.0;0.25;-9.0;0.39;-9.0;0.47;-9.0;;;;;;;;
83;16.3;22.3;1.1;8;Successful;Effective;collision;19.20;vtypeauto.1;vtypeauto.0;559.84;edge_0_0_0;0.0;-7.0;0.25;-9.0;0.39;-9.0;0.47;-9.0;;;;;;;;
84;16.3;22.3;1.1;10;Successful;Effective;collision;19.50;vtypeauto.1;vtypeauto.0;570.19;edge_0_0_0;0.0;-7.0;0.25;-9.0;0.39;-9.0;0.47;-9.0;;;;;;;;
85;16.4;22.4;0.5;5;Successful;Effective;collision;19.59;vtypeauto.1;vtypeauto.0;556.39;edge_0_0_0;0.0;-7.0;0.25;-8.11;0.39;-8.7;0.47;-8.92;;;;;;;;
86;16.4;22.4;0.5;8;Successful;Effective;No;No;No;No;No;No;0.0;-7.0;0.25;-8.11;0.39;-8.7;0.47;-8.92;;;;;;;;
87;16.4;22.4;0.5;10;Successful;Effective;No;No;No;No;No;No;0.0;-7.0;0.25;-8.11;0.39;-8.7;0.47;-8.92;;;;;;;;
88;16.4;22.4;0.6;5;Successful;Effective;collision;19.26;vtypeauto.1;vtypeauto.0;551.72;edge_0_0_0;0.0;-7.0;0.25;-8.33;0.39;-9.0;0.47;-9.0;;;;;;;;
89;16.4;22.4;0.6;8;Successful;Effective;collision;20.44;vtypeauto.1;vtypeauto.0;573.90;edge_0_0_0;0.0;-7.0;0.25;-8.33;0.39;-9.0;0.47;-9.0;;;;;;;;
90;16.4;22.4;0.6;10;Successful;Effective;No;No;No;No;No;No;0.0;-7.0;0.25;-8.33;0.39;-9.0;0.47;-9.0;;;;;;;;
91;16.4;22.4;0.7;5;Successful;Effective;collision;19.07;vtypeauto.1;vtypeauto.0;548.71;edge_0_0_0;0.0;-7.0;0.25;-8.54;0.39;-9.0;0.47;-9.0;;;;;;;;
92;16.4;22.4;0.7;8;Successful;Effective;collision;19.90;vtypeauto.1;vtypeauto.0;569.09;edge_0_0_0;0.0;-7.0;0.25;-8.54;0.39;-9.0;0.47;-9.0;;;;;;;;
93;16.4;22.4;0.7;10;Successful;Effective;collision;20.75;vtypeauto.1;vtypeauto.0;581.74;edge_0_0_0;0.0;-7.0;0.25;-8.54;0.39;-9.0;0.47;-9.0;;;;;;;;
94;16.4;22.4;0.8;5;Successful;Effective;collision;18.94;vtypeauto.1;vtypeauto.0;546.48;edge_0_0_0;0.0;-7.0;0.25;-8.76;0.39;-9.0;0.47;-9.0;;;;;;;;
95;16.4;22.4;0.8;8;Successful;Effective;collision;19.60;vtypeauto.1;vtypeauto.0;565.52;edge_0_0_0;0.0;-7.0;0.25;-8.76;0.39;-9.0;0.47;-9.0;;;;;;;;
96;16.4;22.4;0.8;10;Successful;Effective;collision;20.16;vtypeauto.1;vtypeauto.0;577.65;edge_0_0_0;0.0;-7.0;0.25;-8.76;0.39;-9.0;0.47;-9.0;;;;;;;;
97;16.4;22.4;0.9;5;Successful;Effective;collision;18.86;vtypeauto.1;vtypeauto.0;545.08;edge_0_0_0;0.0;-7.0;0.25;-8.98;0.39;-9.0;0.47;-9.0;;;;;;;;
98;16.4;22.4;0.9;8;Successful;Effective;collision;19.41;vtypeauto.1;vtypeauto.0;562.94;edge_0_0_0;0.0;-7.0;0.25;-8.98;0.39;-9.0;0.47;-9.0;;;;;;;;
99;16.4;22.4;0.9;10;Successful;Effective;collision;19.84;vtypeauto.1;vtypeauto.0;574.41;edge_0_0_0;0.0;-7.0;0.25;-8.98;0.39;-9.0;0.47;-9.0;;;;;;;;
100;16.4;22.4;1.0;5;Successful;Effective;collision;18.80;vtypeauto.1;vtypeauto.0;543.96;edge_0_0_0;0.0;-7.0;0.25;-9.0;0.39;-9.0;0.47;-9.0;;;;;;;;
101;16.4;22.4;1.0;8;Successful;Effective;collision;19.28;vtypeauto.1;vtypeauto.0;561.02;edge_0_0_0;0.0;-7.0;0.25;-9.0;0.39;-9.0;0.47;-9.0;;;;;;;;
102;16.4;22.4;1.0;10;Successful;Effective;collision;19.64;vtypeauto.1;vtypeauto.0;572.04;edge_0_0_0;0.0;-7.0;0.25;-9.0;0.39;-9.0;0.47;-9.0;;;;;;;;
103;16.4;22.4;1.1;5;Successful;Effective;collision;18.76;vtypeauto.1;vtypeauto.0;543.21;edge_0_0_0;0.0;-7.0;0.25;-9.0;0.39;-9.0;0.47;-9.0;;;;;;;;
104;16.4;22.4;1.1;8;Successful;Effective;collision;19.20;vtypeauto.1;vtypeauto.0;559.84;edge_0_0_0;0.0;-7.0;0.25;-9.0;0.39;-9.0;0.47;-9.0;;;;;;;;
105;16.4;22.4;1.1;10;Successful;Effective;collision;19.50;vtypeauto.1;vtypeauto.0;570.19;edge_0_0_0;0.0;-7.0;0.25;-9.0;0.39;-9.0;0.47;-9.0;;;;;;;;
106;16.5;22.5;0.5;5;Successful;Effective;collision;19.59;vtypeauto.1;vtypeauto.0;556.39;edge_0_0_0;0.0;-7.0;0.25;-8.11;0.39;-8.7;0.47;-8.92;;;;;;;;
107;16.5;22.5;0.5;8;Successful;Effective;No;No;No;No;No;No;0.0;-7.0;0.25;-8.11;0.39;-8.7;0.47;-8.92;;;;;;;;
108;16.5;22.5;0.5;10;Successful;Effective;No;No;No;No;No;No;0.0;-7.0;0.25;-8.11;0.39;-8.7;0.47;-8.92;;;;;;;;
109;16.5;22.5;0.6;5;Successful;Effective;collision;19.26;vtypeauto.1;vtypeauto.0;551.72;edge_0_0_0;0.0;-7.0;0.25;-8.33;0.39;-9.0;0.47;-9.0;;;;;;;;
110;16.5;22.5;0.6;8;Successful;Effective;collision;20.44;vtypeauto.1;vtypeauto.0;573.90;edge_0_0_0;0.0;-7.0;0.25;-8.33;0.39;-9.0;0.47;-9.0;;;;;;;;
111;16.5;22.5;0.6;10;Successful;Effective;No;No;No;No;No;No;0.0;-7.0;0.25;-8.33;0.39;-9.0;0.47;-9.0;;;;;;;;
112;16.5;22.5;0.7;5;Successful;Effective;collision;19.07;vtypeauto.1;vtypeauto.0;548.71;edge_0_0_0;0.0;-7.0;0.25;-8.54;0.39;-9.0;0.47;-9.0;;;;;;;;
113;16.5;22.5;0.7;8;Successful;Effective;collision;19.90;vtypeauto.1;vtypeauto.0;569.09;edge_0_0_0;0.0;-7.0;0.25;-8.54;0.39;-9.0;0.47;-9.0;;;;;;;;
114;16.5;22.5;0.7;10;Successful;Effective;collision;20.75;vtypeauto.1;vtypeauto.0;581.74;edge_0_0_0;0.0;-7.0;0.25;-8.54;0.39;-9.0;0.47;-9.0;;;;;;;;
115;16.5;22.5;0.8;5;Successful;Effective;collision;18.94;vtypeauto.1;vtypeauto.0;546.48;edge_0_0_0;0.0;-7.0;0.25;-8.76;0.39;-9.0;0.47;-9.0;;;;;;;;
116;16.5;22.5;0.8;8;Successful;Effective;collision;19.60;vtypeauto.1;vtypeauto.0;565.52;edge_0_0_0;0.0;-7.0;0.25;-8.76;0.39;-9.0;0.47;-9.0;;;;;;;;
117;16.5;22.5;0.8;10;Successful;Effective;collision;20.16;vtypeauto.1;vtypeauto.0;577.65;edge_0_0_0;0.0;-7.0;0.25;-8.76;0.39;-9.0;0.47;-9.0;;;;;;;;
118;16.5;22.5;0.9;5;Successful;Effective;collision;18.86;vtypeauto.1;vtypeauto.0;545.08;edge_0_0_0;0.0;-7.0;0.25;-8.98;0.39;-9.0;0.47;-9.0;;;;;;;;
119;16.5;22.5;0.9;8;Successful;Effective;collision;19.41;vtypeauto.1;vtypeauto.0;562.94;edge_0_0_0;0.0;-7.0;0.25;-8.98;0.39;-9.0;0.47;-9.0;;;;;;;;
120;16.5;22.5;0.9;10;Successful;Effective;collision;19.84;vtypeauto.1;vtypeauto.0;574.41;edge_0_0_0;0.0;-7.0;0.25;-8.98;0.39;-9.0;0.47;-9.0;;;;;;;;
121;16.5;22.5;1.0;5;Successful;Effective;collision;18.80;vtypeauto.1;vtypeauto.0;543.96;edge_0_0_0;0.0;-7.0;0.25;-9.0;0.39;-9.0;0.47;-9.0;;;;;;;;
122;16.5;22.5;1.0;8;Successful;Effective;collision;19.28;vtypeauto.1;vtypeauto.0;561.02;edge_0_0_0;0.0;-7.0;0.25;-9.0;0.39;-9.0;0.47;-9.0;;;;;;;;
123;16.5;22.5;1.0;10;Successful;Effective;collision;19.64;vtypeauto.1;vtypeauto.0;572.04;edge_0_0_0;0.0;-7.0;0.25;-9.0;0.39;-9.0;0.47;-9.0;;;;;;;;
124;16.5;22.5;1.1;5;Successful;Effective;collision;18.76;vtypeauto.1;vtypeauto.0;543.21;edge_0_0_0;0.0;-7.0;0.25;-9.0;0.39;-9.0;0.47;-9.0;;;;;;;;
125;16.5;22.5;1.1;8;Successful;Effective;collision;19.20;vtypeauto.1;vtypeauto.0;559.84;edge_0_0_0;0.0;-7.0;0.25;-9.0;0.39;-9.0;0.47;-9.0;;;;;;;;
126;16.5;22.5;1.1;10;Successful;Effective;collision;19.50;vtypeauto.1;vtypeauto.0;570.19;edge_0_0_0;0.0;-7.0;0.25;-9.0;0.39;-9.0;0.47;-9.0;;;;;;;;
127;16.6;22.6;0.5;5;Successful;Effective;collision;19.59;vtypeauto.1;vtypeauto.0;556.39;edge_0_0_0;0.0;-7.0;0.25;-8.11;0.39;-8.7;0.47;-8.92;;;;;;;;
128;16.6;22.6;0.5;8;Successful;Effective;No;No;No;No;No;No;0.0;-7.0;0.25;-8.11;0.39;-8.7;0.47;-8.92;;;;;;;;
129;16.6;22.6;0.5;10;Successful;Effective;No;No;No;No;No;No;0.0;-7.0;0.25;-8.11;0.39;-8.7;0.47;-8.92;;;;;;;;
130;16.6;22.6;0.6;5;Successful;Effective;collision;19.26;vtypeauto.1;vtypeauto.0;551.72;edge_0_0_0;0.0;-7.0;0.25;-8.33;0.39;-9.0;0.47;-9.0;;;;;;;;
131;16.6;22.6;0.6;8;Successful;Effective;collision;20.44;vtypeauto.1;vtypeauto.0;573.90;edge_0_0_0;0.0;-7.0;0.25;-8.33;0.39;-9.0;0.47;-9.0;;;;;;;;
132;16.6;22.6;0.6;10;Successful;Effective;No;No;No;No;No;No;0.0;-7.0;0.25;-8.33;0.39;-9.0;0.47;-9.0;;;;;;;;
133;16.6;22.6;0.7;5;Successful;Effective;collision;19.07;vtypeauto.1;vtypeauto.0;548.71;edge_0_0_0;0.0;-7.0;0.25;-8.54;0.39;-9.0;0.47;-9.0;;;;;;;;
134;16.6;22.6;0.7;8;Successful;Effective;collision;19.90;vtypeauto.1;vtypeauto.0;569.09;edge_0_0_0;0.0;-7.0;0.25;-8.54;0.39;-9.0;0.47;-9.0;;;;;;;;
135;16.6;22.6;0.7;10;Successful;Effective;collision;20.75;vtypeauto.1;vtypeauto.0;581.74;edge_0_0_0;0.0;-7.0;0.25;-8.54;0.39;-9.0;0.47;-9.0;;;;;;;;
136;16.6;22.6;0.8;5;Successful;Effective;collision;18.94;vtypeauto.1;vtypeauto.0;546.48;edge_0_0_0;0.0;-7.0;0.25;-8.76;0.39;-9.0;0.47;-9.0;;;;;;;;
137;16.6;22.6;0.8;8;Successful;Effective;collision;19.60;vtypeauto.1;vtypeauto.0;565.52;edge_0_0_0;0.0;-7.0;0.25;-8.76;0.39;-9.0;0.47;-9.0;;;;;;;;
138;16.6;22.6;0.8;10;Successful;Effective;collision;20.16;vtypeauto.1;vtypeauto.0;577.65;edge_0_0_0;0.0;-7.0;0.25;-8.76;0.39;-9.0;0.47;-9.0;;;;;;;;
139;16.6;22.6;0.9;5;Successful;Effective;collision;18.86;vtypeauto.1;vtypeauto.0;545.08;edge_0_0_0;0.0;-7.0;0.25;-8.98;0.39;-9.0;0.47;-9.0;;;;;;;;
140;16.6;22.6;0.9;8;Successful;Effective;collision;19.41;vtypeauto.1;vtypeauto.0;562.94;edge_0_0_0;0.0;-7.0;0.25;-8.98;0.39;-9.0;0.47;-9.0;;;;;;;;
141;16.6;22.6;0.9;10;Successful;Effective;collision;19.84;vtypeauto.1;vtypeauto.0;574.41;edge_0_0_0;0.0;-7.0;0.25;-8.98;0.39;-9.0;0.47;-9.0;;;;;;;;
142;16.6;22.6;1.0;5;Successful;Effective;collision;18.80;vtypeauto.1;vtypeauto.0;543.96;edge_0_0_0;0.0;-7.0;0.25;-9.0;0.39;-9.0;0.47;-9.0;;;;;;;;
143;16.6;22.6;1.0;8;Successful;Effective;collision;19.28;vtypeauto.1;vtypeauto.0;561.02;edge_0_0_0;0.0;-7.0;0.25;-9.0;0.39;-9.0;0.47;-9.0;;;;;;;;
144;16.6;22.6;1.0;10;Successful;Effective;collision;19.64;vtypeauto.1;vtypeauto.0;572.04;edge_0_0_0;0.0;-7.0;0.25;-9.0;0.39;-9.0;0.47;-9.0;;;;;;;;
145;16.6;22.6;1.1;5;Successful;Effective;collision;18.76;vtypeauto.1;vtypeauto.0;543.21;edge_0_0_0;0.0;-7.0;0.25;-9.0;0.39;-9.0;0.47;-9.0;;;;;;;;
146;16.6;22.6;1.1;8;Successful;Effective;collision;19.20;vtypeauto.1;vtypeauto.0;559.84;edge_0_0_0;0.0;-7.0;0.25;-9.0;0.39;-9.0;0.47;-9.0;;;;;;;;
147;16.6;22.6;1.1;10;Successful;Effective;collision;19.50;vtypeauto.1;vtypeauto.0;570.19;edge_0_0_0;0.0;-7.0;0.25;-9.0;0.39;-9.0;0.47;-9.0;;;;;;;;
148;16.7;22.7;0.5;5;Successful;Effective;collision;19.59;vtypeauto.1;vtypeauto.0;556.39;edge_0_0_0;0.0;-7.0;0.25;-8.11;0.39;-8.7;0.47;-8.92;;;;;;;;
149;16.7;22.7;0.5;8;Successful;Effective;No;No;No;No;No;No;0.0;-7.0;0.25;-8.11;0.39;-8.7;0.47;-8.92;;;;;;;;
150;16.7;22.7;0.5;10;Successful;Effective;No;No;No;No;No;No;0.0;-7.0;0.25;-8.11;0.39;-8.7;0.47;-8.92;;;;;;;;
151;16.7;22.7;0.6;5;Successful;Effective;collision;19.26;vtypeauto.1;vtypeauto.0;551.72;edge_0_0_0;0.0;-7.0;0.25;-8.33;0.39;-9.0;0.47;-9.0;;;;;;;;
152;16.7;22.7;0.6;8;Successful;Effective;collision;20.44;vtypeauto.1;vtypeauto.0;573.90;edge_0_0_0;0.0;-7.0;0.25;-8.33;0.39;-9.0;0.47;-9.0;;;;;;;;
153;16.7;22.7;0.6;10;Successful;Effective;No;No;No;No;No;No;0.0;-7.0;0.25;-8.33;0.39;-9.0;0.47;-9.0;;;;;;;;
154;16.7;22.7;0.7;5;Successful;Effective;collision;19.07;vtypeauto.1;vtypeauto.0;548.71;edge_0_0_0;0.0;-7.0;0.25;-8.54;0.39;-9.0;0.47;-9.0;;;;;;;;
155;16.7;22.7;0.7;8;Successful;Effective;collision;19.90;vtypeauto.1;vtypeauto.0;569.09;edge_0_0_0;0.0;-7.0;0.25;-8.54;0.39;-9.0;0.47;-9.0;;;;;;;;
156;16.7;22.7;0.7;10;Successful;Effective;collision;20.75;vtypeauto.1;vtypeauto.0;581.74;edge_0_0_0;0.0;-7.0;0.25;-8.54;0.39;-9.0;0.47;-9.0;;;;;;;;
157;16.7;22.7;0.8;5;Successful;Effective;collision;18.94;vtypeauto.1;vtypeauto.0;546.48;edge_0_0_0;0.0;-7.0;0.25;-8.76;0.39;-9.0;0.47;-9.0;;;;;;;;
158;16.7;22.7;0.8;8;Successful;Effective;collision;19.60;vtypeauto.1;vtypeauto.0;565.52;edge_0_0_0;0.0;-7.0;0.25;-8.76;0.39;-9.0;0.47;-9.0;;;;;;;;
159;16.7;22.7;0.8;10;Successful;Effective;collision;20.16;vtypeauto.1;vtypeauto.0;577.65;edge_0_0_0;0.0;-7.0;0.25;-8.76;0.39;-9.0;0.47;-9.0;;;;;;;;
160;16.7;22.7;0.9;5;Successful;Effective;collision;18.86;vtypeauto.1;vtypeauto.0;545.08;edge_0_0_0;0.0;-7.0;0.25;-8.98;0.39;-9.0;0.47;-9.0;;;;;;;;
161;16.7;22.7;0.9;8;Successful;Effective;collision;19.41;vtypeauto.1;vtypeauto.0;562.94;edge_0_0_0;0.0;-7.0;0.25;-8.98;0.39;-9.0;0.47;-9.0;;;;;;;;
162;16.7;22.7;0.9;10;Successful;Effective;collision;19.84;vtypeauto.1;vtypeauto.0;574.41;edge_0_0_0;0.0;-7.0;0.25;-8.98;0.39;-9.0;0.47;-9.0;;;;;;;;
163;16.7;22.7;1.0;5;Successful;Effective;collision;18.80;vtypeauto.1;vtypeauto.0;543.96;edge_0_0_0;0.0;-7.0;0.25;-9.0;0.39;-9.0;0.47;-9.0;;;;;;;;
164;16.7;22.7;1.0;8;Successful;Effective;collision;19.28;vtypeauto.1;vtypeauto.0;561.02;edge_0_0_0;0.0;-7.0;0.25;-9.0;0.39;-9.0;0.47;-9.0;;;;;;;;
165;16.7;22.7;1.0;10;Successful;Effective;collision;19.64;vtypeauto.1;vtypeauto.0;572.04;edge_0_0_0;0.0;-7.0;0.25;-9.0;0.39;-9.0;0.47;-9.0;;;;;;;;
166;16.7;22.7;1.1;5;Successful;Effective;collision;18.76;vtypeauto.1;vtypeauto.0;543.21;edge_0_0_0;0.0;-7.0;0.25;-9.0;0.39;-9.0;0.47;-9.0;;;;;;;;
167;16.7;22.7;1.1;8;Successful;Effective;collision;19.20;vtypeauto.1;vtypeauto.0;559.84;edge_0_0_0;0.0;-7.0;0.25;-9.0;0.39;-9.0;0.47;-9.0;;;;;;;;
168;16.7;22.7;1.1;10;Successful;Effective;collision;19.50;vtypeauto.1;vtypeauto.0;570.19;edge_0_0_0;0.0;-7.0;0.25;-9.0;0.39;-9.0;0.47;-9.0;;;;;;;;
169;16.8;22.8;0.5;5;Successful;Effective;collision;19.59;vtypeauto.1;vtypeauto.0;556.39;edge_0_0_0;0.0;-7.0;0.25;-8.11;0.39;-8.7;0.47;-8.92;;;;;;;;
170;16.8;22.8;0.5;8;Successful;Effective;No;No;No;No;No;No;0.0;-7.0;0.25;-8.11;0.39;-8.7;0.47;-8.92;;;;;;;;
171;16.8;22.8;0.5;10;Successful;Effective;No;No;No;No;No;No;0.0;-7.0;0.25;-8.11;0.39;-8.7;0.47;-8.92;;;;;;;;
172;16.8;22.8;0.6;5;Successful;Effective;collision;19.26;vtypeauto.1;vtypeauto.0;551.72;edge_0_0_0;0.0;-7.0;0.25;-8.33;0.39;-9.0;0.47;-9.0;;;;;;;;
173;16.8;22.8;0.6;8;Successful;Effective;collision;20.44;vtypeauto.1;vtypeauto.0;573.90;edge_0_0_0;0.0;-7.0;0.25;-8.33;0.39;-9.0;0.47;-9.0;;;;;;;;
174;16.8;22.8;0.6;10;Successful;Effective;No;No;No;No;No;No;0.0;-7.0;0.25;-8.33;0.39;-9.0;0.47;-9.0;;;;;;;;
175;16.8;22.8;0.7;5;Successful;Effective;collision;19.07;vtypeauto.1;vtypeauto.0;548.71;edge_0_0_0;0.0;-7.0;0.25;-8.54;0.39;-9.0;0.47;-9.0;;;;;;;;
176;16.8;22.8;0.7;8;Successful;Effective;collision;19.90;vtypeauto.1;vtypeauto.0;569.09;edge_0_0_0;0.0;-7.0;0.25;-8.54;0.39;-9.0;0.47;-9.0;;;;;;;;
177;16.8;22.8;0.7;10;Successful;Effective;collision;20.75;vtypeauto.1;vtypeauto.0;581.74;edge_0_0_0;0.0;-7.0;0.25;-8.54;0.39;-9.0;0.47;-9.0;;;;;;;;
178;16.8;22.8;0.8;5;Successful;Effective;collision;18.94;vtypeauto.1;vtypeauto.0;546.48;edge_0_0_0;0.0;-7.0;0.25;-8.76;0.39;-9.0;0.47;-9.0;;;;;;;;
179;16.8;22.8;0.8;8;Successful;Effective;collision;19.60;vtypeauto.1;vtypeauto.0;565.52;edge_0_0_0;0.0;-7.0;0.25;-8.76;0.39;-9.0;0.47;-9.0;;;;;;;;
180;16.8;22.8;0.8;10;Successful;Effective;collision;20.16;vtypeauto.1;vtypeauto.0;577.65;edge_0_0_0;0.0;-7.0;0.25;-8.76;0.39;-9.0;0.47;-9.0;;;;;;;;
181;16.8;22.8;0.9;5;Successful;Effective;collision;18.86;vtypeauto.1;vtypeauto.0;545.08;edge_0_0_0;0.0;-7.0;0.25;-8.98;0.39;-9.0;0.47;-9.0;;;;;;;;
182;16.8;22.8;0.9;8;Successful;Effective;collision;19.41;vtypeauto.1;vtypeauto.0;562.94;edge_0_0_0;0.0;-7.0;0.25;-8.98;0.39;-9.0;0.47;-9.0;;;;;;;;
183;16.8;22.8;0.9;10;Successful;Effective;collision;19.84;vtypeauto.1;vtypeauto.0;574.41;edge_0_0_0;0.0;-7.0;0.25;-8.98;0.39;-9.0;0.47;-9.0;;;;;;;;
184;16.8;22.8;1.0;5;Successful;Effective;collision;18.80;vtypeauto.1;vtypeauto.0;543.96;edge_0_0_0;0.0;-7.0;0.25;-9.0;0.39;-9.0;0.47;-9.0;;;;;;;;
185;16.8;22.8;1.0;8;Successful;Effective;collision;19.28;vtypeauto.1;vtypeauto.0;561.02;edge_0_0_0;0.0;-7.0;0.25;-9.0;0.39;-9.0;0.47;-9.0;;;;;;;;
186;16.8;22.8;1.0;10;Successful;Effective;collision;19.64;vtypeauto.1;vtypeauto.0;572.04;edge_0_0_0;0.0;-7.0;0.25;-9.0;0.39;-9.0;0.47;-9.0;;;;;;;;
187;16.8;22.8;1.1;5;Successful;Effective;collision;18.76;vtypeauto.1;vtypeauto.0;543.21;edge_0_0_0;0.0;-7.0;0.25;-9.0;0.39;-9.0;0.47;-9.0;;;;;;;;
188;16.8;22.8;1.1;8;Successful;Effective;collision;19.20;vtypeauto.1;vtypeauto.0;559.84;edge_0_0_0;0.0;-7.0;0.25;-9.0;0.39;-9.0;0.47;-9.0;;;;;;;;
189;16.8;22.8;1.1;10;Successful;Effective;collision;19.50;vtypeauto.1;vtypeauto.0;570.19;edge_0_0_0;0.0;-7.0;0.25;-9.0;0.39;-9.0;0.47;-9.0;;;;;;;;
190;16.9;22.9;0.5;5;Successful;Effective;collision;19.59;vtypeauto.1;vtypeauto.0;556.39;edge_0_0_0;0.0;-7.0;0.25;-8.11;0.39;-8.7;0.47;-8.92;;;;;;;;
191;16.9;22.9;0.5;8;Successful;Effective;No;No;No;No;No;No;0.0;-7.0;0.25;-8.11;0.39;-8.7;0.47;-8.92;;;;;;;;
192;16.9;22.9;0.5;10;Successful;Effective;No;No;No;No;No;No;0.0;-7.0;0.25;-8.11;0.39;-8.7;0.47;-8.92;;;;;;;;
193;16.9;22.9;0.6;5;Successful;Effective;collision;19.26;vtypeauto.1;vtypeauto.0;551.72;edge_0_0_0;0.0;-7.0;0.25;-8.33;0.39;-9.0;0.47;-9.0;;;;;;;;
194;16.9;22.9;0.6;8;Successful;Effective;collision;20.44;vtypeauto.1;vtypeauto.0;573.90;edge_0_0_0;0.0;-7.0;0.25;-8.33;0.39;-9.0;0.47;-9.0;;;;;;;;
195;16.9;22.9;0.6;10;Successful;Effective;No;No;No;No;No;No;0.0;-7.0;0.25;-8.33;0.39;-9.0;0.47;-9.0;;;;;;;;
196;16.9;22.9;0.7;5;Successful;Effective;collision;19.07;vtypeauto.1;vtypeauto.0;548.71;edge_0_0_0;0.0;-7.0;0.25;-8.54;0.39;-9.0;0.47;-9.0;;;;;;;;
197;16.9;22.9;0.7;8;Successful;Effective;collision;19.90;vtypeauto.1;vtypeauto.0;569.09;edge_0_0_0;0.0;-7.0;0.25;-8.54;0.39;-9.0;0.47;-9.0;;;;;;;;
198;16.9;22.9;0.7;10;Successful;Effective;collision;20.75;vtypeauto.1;vtypeauto.0;581.74;edge_0_0_0;0.0;-7.0;0.25;-8.54;0.39;-9.0;0.47;-9.0;;;;;;;;
199;16.9;22.9;0.8;5;Successful;Effective;collision;18.94;vtypeauto.1;vtypeauto.0;546.48;edge_0_0_0;0.0;-7.0;0.25;-8.76;0.39;-9.0;0.47;-9.0;;;;;;;;
200;16.9;22.9;0.8;8;Successful;Effective;collision;19.60;vtypeauto.1;vtypeauto.0;565.52;edge_0_0_0;0.0;-7.0;0.25;-8.76;0.39;-9.0;0.47;-9.0;;;;;;;;
201;16.9;22.9;0.8;10;Successful;Effective;collision;20.16;vtypeauto.1;vtypeauto.0;577.65;edge_0_0_0;0.0;-7.0;0.25;-8.76;0.39;-9.0;0.47;-9.0;;;;;;;;
202;16.9;22.9;0.9;5;Successful;Effective;collision;18.86;vtypeauto.1;vtypeauto.0;545.08;edge_0_0_0;0.0;-7.0;0.25;-8.98;0.39;-9.0;0.47;-9.0;;;;;;;;
203;16.9;22.9;0.9;8;Successful;Effective;collision;19.41;vtypeauto.1;vtypeauto.0;562.94;edge_0_0_0;0.0;-7.0;0.25;-8.98;0.39;-9.0;0.47;-9.0;;;;;;;;
204;16.9;22.9;0.9;10;Successful;Effective;collision;19.84;vtypeauto.1;vtypeauto.0;574.41;edge_0_0_0;0.0;-7.0;0.25;-8.98;0.39;-9.0;0.47;-9.0;;;;;;;;
205;16.9;22.9;1.0;5;Successful;Effective;collision;18.80;vtypeauto.1;vtypeauto.0;543.96;edge_0_0_0;0.0;-7.0;0.25;-9.0;0.39;-9.0;0.47;-9.0;;;;;;;;
206;16.9;22.9;1.0;8;Successful;Effective;collision;19.28;vtypeauto.1;vtypeauto.0;561.02;edge_0_0_0;0.0;-7.0;0.25;-9.0;0.39;-9.0;0.47;-9.0;;;;;;;;
207;16.9;22.9;1.0;10;Successful;Effective;collision;19.64;vtypeauto.1;vtypeauto.0;572.04;edge_0_0_0;0.0;-7.0;0.25;-9.0;0.39;-9.0;0.47;-9.0;;;;;;;;
208;16.9;22.9;1.1;5;Successful;Effective;collision;18.76;vtypeauto.1;vtypeauto.0;543.21;edge_0_0_0;0.0;-7.0;0.25;-9.0;0.39;-9.0;0.47;-9.0;;;;;;;;
209;16.9;22.9;1.1;8;Successful;Effective;collision;19.20;vtypeauto.1;vtypeauto.0;559.84;edge_0_0_0;0.0;-7.0;0.25;-9.0;0.39;-9.0;0.47;-9.0;;;;;;;;
210;16.9;22.9;1.1;10;Successful;Effective;collision;19.50;vtypeauto.1;vtypeauto.0;570.19;edge_0_0_0;0.0;-7.0;0.25;-9.0;0.39;-9.0;0.47;-9.0;;;;;;;;
211;17.0;23.0;0.5;5;Successful;Effective;collision;19.59;vtypeauto.1;vtypeauto.0;556.39;edge_0_0_0;0.0;-7.0;0.25;-8.11;0.39;-8.7;0.47;-8.92;;;;;;;;
212;17.0;23.0;0.5;8;Successful;Effective;No;No;No;No;No;No;0.0;-7.0;0.25;-8.11;0.39;-8.7;0.47;-8.92;;;;;;;;
213;17.0;23.0;0.5;10;Successful;Effective;No;No;No;No;No;No;0.0;-7.0;0.25;-8.11;0.39;-8.7;0.47;-8.92;;;;;;;;
214;17.0;23.0;0.6;5;Successful;Effective;collision;19.26;vtypeauto.1;vtypeauto.0;551.72;edge_0_0_0;0.0;-7.0;0.25;-8.33;0.39;-9.0;0.47;-9.0;;;;;;;;
215;17.0;23.0;0.6;8;Successful;Effective;collision;20.44;vtypeauto.1;vtypeauto.0;573.90;edge_0_0_0;0.0;-7.0;0.25;-8.33;0.39;-9.0;0.47;-9.0;;;;;;;;
216;17.0;23.0;0.6;10;Successful;Effective;No;No;No;No;No;No;0.0;-7.0;0.25;-8.33;0.39;-9.0;0.47;-9.0;;;;;;;;
217;17.0;23.0;0.7;5;Successful;Effective;collision;19.07;vtypeauto.1;vtypeauto.0;548.71;edge_0_0_0;0.0;-7.0;0.25;-8.54;0.39;-9.0;0.47;-9.0;;;;;;;;
218;17.0;23.0;0.7;8;Successful;Effective;collision;19.90;vtypeauto.1;vtypeauto.0;569.09;edge_0_0_0;0.0;-7.0;0.25;-8.54;0.39;-9.0;0.47;-9.0;;;;;;;;
219;17.0;23.0;0.7;10;Successful;Effective;collision;20.75;vtypeauto.1;vtypeauto.0;581.74;edge_0_0_0;0.0;-7.0;0.25;-8.54;0.39;-9.0;0.47;-9.0;;;;;;;;
220;17.0;23.0;0.8;5;Successful;Effective;collision;18.94;vtypeauto.1;vtypeauto.0;546.48;edge_0_0_0;0.0;-7.0;0.25;-8.76;0.39;-9.0;0.47;-9.0;;;;;;;;
221;17.0;23.0;0.8;8;Successful;Effective;collision;19.60;vtypeauto.1;vtypeauto.0;565.52;edge_0_0_0;0.0;-7.0;0.25;-8.76;0.39;-9.0;0.47;-9.0;;;;;;;;
222;17.0;23.0;0.8;10;Successful;Effective;collision;20.16;vtypeauto.1;vtypeauto.0;577.65;edge_0_0_0;0.0;-7.0;0.25;-8.76;0.39;-9.0;0.47;-9.0;;;;;;;;
223;17.0;23.0;0.9;5;Successful;Effective;collision;18.86;vtypeauto.1;vtypeauto.0;545.08;edge_0_0_0;0.0;-7.0;0.25;-8.98;0.39;-9.0;0.47;-9.0;;;;;;;;
224;17.0;23.0;0.9;8;Successful;Effective;collision;19.41;vtypeauto.1;vtypeauto.0;562.94;edge_0_0_0;0.0;-7.0;0.25;-8.98;0.39;-9.0;0.47;-9.0;;;;;;;;
225;17.0;23.0;0.9;10;Successful;Effective;collision;19.84;vtypeauto.1;vtypeauto.0;574.41;edge_0_0_0;0.0;-7.0;0.25;-8.98;0.39;-9.0;0.47;-9.0;;;;;;;;
226;17.0;23.0;1.0;5;Successful;Effective;collision;18.80;vtypeauto.1;vtypeauto.0;543.96;edge_0_0_0;0.0;-7.0;0.25;-9.0;0.39;-9.0;0.47;-9.0;;;;;;;;
227;17.0;23.0;1.0;8;Successful;Effective;collision;19.28;vtypeauto.1;vtypeauto.0;561.02;edge_0_0_0;0.0;-7.0;0.25;-9.0;0.39;-9.0;0.47;-9.0;;;;;;;;
228;17.0;23.0;1.0;10;Successful;Effective;collision;19.64;vtypeauto.1;vtypeauto.0;572.04;edge_0_0_0;0.0;-7.0;0.25;-9.0;0.39;-9.0;0.47;-9.0;;;;;;;;
229;17.0;23.0;1.1;5;Successful;Effective;collision;18.76;vtypeauto.1;vtypeauto.0;543.21;edge_0_0_0;0.0;-7.0;0.25;-9.0;0.39;-9.0;0.47;-9.0;;;;;;;;
230;17.0;23.0;1.1;8;Successful;Effective;collision;19.20;vtypeauto.1;vtypeauto.0;559.84;edge_0_0_0;0.0;-7.0;0.25;-9.0;0.39;-9.0;0.47;-9.0;;;;;;;;
231;17.0;23.0;1.1;10;Successful;Effective;collision;19.50;vtypeauto.1;vtypeauto.0;570.19;edge_0_0_0;0.0;-7.0;0.25;-9.0;0.39;-9.0;0.47;-9.0;;;;;;;;
232;17.1;23.1;0.5;5;Successful;Effective;No;No;No;No;No;No;0.0;-7.0;0.25;-7.2;0.39;-7.77;0.47;-8.07;;;;;;;;
233;17.1;23.1;0.5;8;Successful;Effective;No;No;No;No;No;No;0.0;-7.0;0.25;-7.2;0.39;-7.77;0.47;-8.07;;;;;;;;
234;17.1;23.1;0.5;10;Successful;Effective;No;No;No;No;No;No;0.0;-7.0;0.25;-7.2;0.39;-7.77;0.47;-8.07;;;;;;;;
235;17.1;23.1;0.6;5;Successful;Effective;No;No;No;No;No;No;0.0;-7.0;0.25;-7.24;0.39;-7.89;0.47;-8.25;;;;;;;;
236;17.1;23.1;0.6;8;Successful;Effective;No;No;No;No;No;No;0.0;-7.0;0.25;-7.24;0.39;-7.89;0.47;-8.25;;;;;;;;
237;17.1;23.1;0.6;10;Successful;Effective;No;No;No;No;No;No;0.0;-7.0;0.25;-7.24;0.39;-7.89;0.47;-8.25;;;;;;;;
238;17.1;23.1;0.7;5;Successful;Effective;collision;21.36;vtypeauto.2;vtypeauto.1;560.68;edge_0_0_0;0.0;-7.0;0.25;-7.27;0.39;-8.01;0.47;-8.43;;;;;;;;
239;17.1;23.1;0.7;8;Successful;Effective;No;No;No;No;No;No;0.0;-7.0;0.25;-7.27;0.39;-8.01;0.47;-8.43;;;;;;;;
240;17.1;23.1;0.7;10;Successful;Effective;No;No;No;No;No;No;0.0;-7.0;0.25;-7.27;0.39;-8.01;0.47;-8.43;;;;;;;;
241;17.1;23.1;0.8;5;Successful;Effective;collision;20.71;vtypeauto.2;vtypeauto.1;558.85;edge_0_0_0;0.0;-7.0;0.25;-7.32;0.39;-8.13;0.47;-8.62;;;;;;;;
242;17.1;23.1;0.8;8;Successful;Effective;No;No;No;No;No;No;0.0;-7.0;0.25;-7.32;0.39;-8.13;0.47;-8.62;;;;;;;;
243;17.1;23.1;0.8;10;Successful;Effective;No;No;No;No;No;No;0.0;-7.0;0.25;-7.32;0.39;-8.13;0.47;-8.62;;;;;;;;
244;17.1;23.1;0.9;5;Successful;Effective;collision;20.37;vtypeauto.2;vtypeauto.1;556.76;edge_0_0_0;0.0;-7.0;0.25;-7.37;0.39;-8.25;0.47;-8.8;;;;;;;;
245;17.1;23.1;0.9;8;Successful;Effective;No;No;No;No;No;No;0.0;-7.0;0.25;-7.37;0.39;-8.25;0.47;-8.8;;;;;;;;
246;17.1;23.1;0.9;10;Successful;Effective;No;No;No;No;No;No;0.0;-7.0;0.25;-7.37;0.39;-8.25;0.47;-8.8;;;;;;;;
247;17.1;23.1;1.0;5;Successful;Effective;collision;20.16;vtypeauto.2;vtypeauto.1;555.10;edge_0_0_0;0.0;-7.0;0.25;-7.42;0.39;-8.37;0.47;-8.98;;;;;;;;
248;17.1;23.1;1.0;8;Successful;Effective;collision;21.66;vtypeauto.2;vtypeauto.1;567.88;edge_0_0_0;0.0;-7.0;0.25;-7.42;0.39;-8.37;0.47;-8.98;;;;;;;;
249;17.1;23.1;1.0;10;Successful;Effective;No;No;No;No;No;No;0.0;-7.0;0.25;-7.42;0.39;-8.37;0.47;-8.98;;;;;;;;
250;17.1;23.1;1.1;5;Successful;Effective;collision;20.01;vtypeauto.2;vtypeauto.1;553.73;edge_0_0_0;0.0;-7.0;0.25;-7.48;0.39;-8.5;0.47;-9.0;;;;;;;;
251;17.1;23.1;1.1;8;Successful;Effective;collision;21.13;vtypeauto.2;vtypeauto.1;567.74;edge_0_0_0;0.0;-7.0;0.25;-7.48;0.39;-8.5;0.47;-9.0;;;;;;;;
252;17.1;23.1;1.1;10;Successful;Effective;No;No;No;No;No;No;0.0;-7.0;0.25;-7.48;0.39;-8.5;0.47;-9.0;;;;;;;;
253;17.2;23.2;0.5;5;Successful;Effective;No;No;No;No;No;No;0.0;-7.0;0.25;-7.19;0.39;-7.32;0.47;-7.58;;;;;;;;
254;17.2;23.2;0.5;8;Successful;Effective;No;No;No;No;No;No;0.0;-7.0;0.25;-7.19;0.39;-7.32;0.47;-7.58;;;;;;;;
255;17.2;23.2;0.5;10;Successful;Effective;No;No;No;No;No;No;0.0;-7.0;0.25;-7.19;0.39;-7.32;0.47;-7.58;;;;;;;;
256;17.2;23.2;0.6;5;Successful;Effective;No;No;No;No;No;No;0.0;-7.0;0.25;-7.21;0.39;-7.36;0.47;-7.65;;;;;;;;
257;17.2;23.2;0.6;8;Successful;Effective;No;No;No;No;No;No;0.0;-7.0;0.25;-7.21;0.39;-7.36;0.47;-7.65;;;;;;;;
258;17.2;23.2;0.6;10;Successful;Effective;No;No;No;No;No;No;0.0;-7.0;0.25;-7.21;0.39;-7.36;0.47;-7.65;;;;;;;;
259;17.2;23.2;0.7;5;Successful;Effective;No;No;No;No;No;No;0.0;-7.0;0.25;-7.24;0.39;-7.41;0.47;-7.72;;;;;;;;
260;17.2;23.2;0.7;8;Successful;Effective;No;No;No;No;No;No;0.0;-7.0;0.25;-7.24;0.39;-7.41;0.47;-7.72;;;;;;;;
261;17.2;23.2;0.7;10;Successful;Effective;No;No;No;No;No;No;0.0;-7.0;0.25;-7.24;0.39;-7.41;0.47;-7.72;;;;;;;;
262;17.2;23.2;0.8;5;Successful;Effective;No;No;No;No;No;No;0.0;-7.0;0.25;-7.28;0.39;-7.47;0.47;-7.8;;;;;;;;
263;17.2;23.2;0.8;8;Successful;Effective;No;No;No;No;No;No;0.0;-7.0;0.25;-7.28;0.39;-7.47;0.47;-7.8;;;;;;;;
264;17.2;23.2;0.8;10;Successful;Effective;No;No;No;No;No;No;0.0;-7.0;0.25;-7.28;0.39;-7.47;0.47;-7.8;;;;;;;;
265;17.2;23.2;0.9;5;Successful;Effective;No;No;No;No;No;No;0.0;-7.0;0.25;-7.32;0.39;-7.54;0.47;-7.87;;;;;;;;
266;17.2;23.2;0.9;8;Successful;Effective;No;No;No;No;No;No;0.0;-7.0;0.25;-7.32;0.39;-7.54;0.47;-7.87;;;;;;;;
267;17.2;23.2;0.9;10;Successful;Effective;No;No;No;No;No;No;0.0;-7.0;0.25;-7.32;0.39;-7.54;0.47;-7.87;;;;;;;;
268;17.2;23.2;1.0;5;Successful;Effective;No;No;No;No;No;No;0.0;-7.0;0.25;-7.36;0.39;-7.62;0.47;-7.91;;;;;;;;
269;17.2;23.2;1.0;8;Successful;Effective;No;No;No;No;No;No;0.0;-7.0;0.25;-7.36;0.39;-7.62;0.47;-7.91;;;;;;;;
270;17.2;23.2;1.0;10;Successful;Effective;No;No;No;No;No;No;0.0;-7.0;0.25;-7.36;0.39;-7.62;0.47;-7.91;;;;;;;;
271;17.2;23.2;1.1;5;Successful;Effective;No;No;No;No;No;No;0.0;-7.0;0.25;-7.41;0.39;-7.7;0.47;-7.9;;;;;;;;
272;17.2;23.2;1.1;8;Successful;Effective;No;No;No;No;No;No;0.0;-7.0;0.25;-7.41;0.39;-7.7;0.47;-7.9;;;;;;;;
273;17.2;23.2;1.1;10;Successful;Effective;No;No;No;No;No;No;0.0;-7.0;0.25;-7.41;0.39;-7.7;0.47;-7.9;;;;;;;;
274;17.3;23.3;0.5;5;Successful;Effective;No;No;No;No;No;No;0.0;-7.0;0.25;-7.17;0.39;-7.29;0.47;-7.36;;;;;;;;
275;17.3;23.3;0.5;8;Successful;Effective;No;No;No;No;No;No;0.0;-7.0;0.25;-7.17;0.39;-7.29;0.47;-7.36;;;;;;;;
276;17.3;23.3;0.5;10;Successful;Effective;No;No;No;No;No;No;0.0;-7.0;0.25;-7.17;0.39;-7.29;0.47;-7.36;;;;;;;;
277;17.3;23.3;0.6;5;Successful;Effective;No;No;No;No;No;No;0.0;-7.0;0.25;-7.19;0.39;-7.33;0.47;-7.4;;;;;;;;
278;17.3;23.3;0.6;8;Successful;Effective;No;No;No;No;No;No;0.0;-7.0;0.25;-7.19;0.39;-7.33;0.47;-7.4;;;;;;;;
279;17.3;23.3;0.6;10;Successful;Effective;No;No;No;No;No;No;0.0;-7.0;0.25;-7.19;0.39;-7.33;0.47;-7.4;;;;;;;;
280;17.3;23.3;0.7;5;Successful;Effective;No;No;No;No;No;No;0.0;-7.0;0.25;-7.22;0.39;-7.37;0.47;-7.45;;;;;;;;
281;17.3;23.3;0.7;8;Successful;Effective;No;No;No;No;No;No;0.0;-7.0;0.25;-7.22;0.39;-7.37;0.47;-7.45;;;;;;;;
282;17.3;23.3;0.7;10;Successful;Effective;No;No;No;No;No;No;0.0;-7.0;0.25;-7.22;0.39;-7.37;0.47;-7.45;;;;;;;;
283;17.3;23.3;0.8;5;Successful;Effective;No;No;No;No;No;No;0.0;-7.0;0.25;-7.24;0.39;-7.41;0.47;-7.49;;;;;;;;
284;17.3;23.3;0.8;8;Successful;Effective;No;No;No;No;No;No;0.0;-7.0;0.25;-7.24;0.39;-7.41;0.47;-7.49;;;;;;;;
285;17.3;23.3;0.8;10;Successful;Effective;No;No;No;No;No;No;0.0;-7.0;0.25;-7.24;0.39;-7.41;0.47;-7.49;;;;;;;;
286;17.3;23.3;0.9;5;Successful;Effective;No;No;No;No;No;No;0.0;-7.0;0.25;-7.28;0.39;-7.47;0.47;-7.51;;;;;;;;
287;17.3;23.3;0.9;8;Successful;Effective;No;No;No;No;No;No;0.0;-7.0;0.25;-7.28;0.39;-7.47;0.47;-7.51;;;;;;;;
288;17.3;23.3;0.9;10;Successful;Effective;No;No;No;No;No;No;0.0;-7.0;0.25;-7.28;0.39;-7.47;0.47;-7.51;;;;;;;;
289;17.3;23.3;1.0;5;Successful;Effective;No;No;No;No;No;No;0.0;-7.0;0.25;-7.31;0.39;-7.53;0.47;-7.5;;;;;;;;
290;17.3;23.3;1.0;8;Successful;Effective;No;No;No;No;No;No;0.0;-7.0;0.25;-7.31;0.39;-7.53;0.47;-7.5;;;;;;;;
291;17.3;23.3;1.0;10;Successful;Effective;No;No;No;No;No;No;0.0;-7.0;0.25;-7.31;0.39;-7.53;0.47;-7.5;;;;;;;;
292;17.3;23.3;1.1;5;Successful;Effective;No;No;No;No;No;No;0.0;-7.0;0.25;-7.35;0.39;-7.58;0.47;-7.45;;;;;;;;
293;17.3;23.3;1.1;8;Successful;Effective;No;No;No;No;No;No;0.0;-7.0;0.25;-7.35;0.39;-7.58;0.47;-7.45;;;;;;;;
294;17.3;23.3;1.1;10;Successful;Effective;No;No;No;No;No;No;0.0;-7.0;0.25;-7.35;0.39;-7.58;0.47;-7.45;;;;;;;;
295;17.4;23.4;0.5;5;Successful;Effective;No;No;No;No;No;No;0.0;-7.0;0.25;-7.16;0.39;-7.27;0.47;-7.34;;;;;;;;
296;17.4;23.4;0.5;8;Successful;Effective;No;No;No;No;No;No;0.0;-7.0;0.25;-7.16;0.39;-7.27;0.47;-7.34;;;;;;;;
297;17.4;23.4;0.5;10;Successful;Effective;No;No;No;No;No;No;0.0;-7.0;0.25;-7.16;0.39;-7.27;0.47;-7.34;;;;;;;;
298;17.4;23.4;0.6;5;Successful;Effective;No;No;No;No;No;No;0.0;-7.0;0.25;-7.18;0.39;-7.3;0.47;-7.36;;;;;;;;
299;17.4;23.4;0.6;8;Successful;Effective;No;No;No;No;No;No;0.0;-7.0;0.25;-7.18;0.39;-7.3;0.47;-7.36;;;;;;;;
300;17.4;23.4;0.6;10;Successful;Effective;No;No;No;No;No;No;0.0;-7.0;0.25;-7.18;0.39;-7.3;0.47;-7.36;;;;;;;;
301;17.4;23.4;0.7;5;Successful;Effective;No;No;No;No;No;No;0.0;-7.0;0.25;-7.19;0.39;-7.33;0.47;-7.4;;;;;;;;
302;17.4;23.4;0.7;8;Successful;Effective;No;No;No;No;No;No;0.0;-7.0;0.25;-7.19;0.39;-7.33;0.47;-7.4;;;;;;;;
303;17.4;23.4;0.7;10;Successful;Effective;No;No;No;No;No;No;0.0;-7.0;0.25;-7.19;0.39;-7.33;0.47;-7.4;;;;;;;;
304;17.4;23.4;0.8;5;Successful;Effective;No;No;No;No;No;No;0.0;-7.0;0.25;-7.22;0.39;-7.36;0.47;-7.43;;;;;;;;
305;17.4;23.4;0.8;8;Successful;Effective;No;No;No;No;No;No;0.0;-7.0;0.25;-7.22;0.39;-7.36;0.47;-7.43;;;;;;;;
306;17.4;23.4;0.8;10;Successful;Effective;No;No;No;No;No;No;0.0;-7.0;0.25;-7.22;0.39;-7.36;0.47;-7.43;;;;;;;;
307;17.4;23.4;0.9;5;Successful;Effective;No;No;No;No;No;No;0.0;-7.0;0.25;-7.24;0.39;-7.41;0.47;-7.44;;;;;;;;
308;17.4;23.4;0.9;8;Successful;Effective;No;No;No;No;No;No;0.0;-7.0;0.25;-7.24;0.39;-7.41;0.47;-7.44;;;;;;;;
309;17.4;23.4;0.9;10;Successful;Effective;No;No;No;No;No;No;0.0;-7.0;0.25;-7.24;0.39;-7.41;0.47;-7.44;;;;;;;;
310;17.4;23.4;1.0;5;Successful;Effective;No;No;No;No;No;No;0.0;-7.0;0.25;-7.27;0.39;-7.45;0.47;-7.42;;;;;;;;
311;17.4;23.4;1.0;8;Successful;Effective;No;No;No;No;No;No;0.0;-7.0;0.25;-7.27;0.39;-7.45;0.47;-7.42;;;;;;;;
312;17.4;23.4;1.0;10;Successful;Effective;No;No;No;No;No;No;0.0;-7.0;0.25;-7.27;0.39;-7.45;0.47;-7.42;;;;;;;;
313;17.4;23.4;1.1;5;Successful;Effective;No;No;No;No;No;No;0.0;-7.0;0.25;-7.3;0.39;-7.49;0.47;-7.36;;;;;;;;
314;17.4;23.4;1.1;8;Successful;Effective;No;No;No;No;No;No;0.0;-7.0;0.25;-7.3;0.39;-7.49;0.47;-7.36;;;;;;;;
315;17.4;23.4;1.1;10;Successful;Effective;No;No;No;No;No;No;0.0;-7.0;0.25;-7.3;0.39;-7.49;0.47;-7.36;;;;;;;;
316;17.5;23.5;0.5;5;Successful;Effective;No;No;No;No;No;No;0.0;-7.0;0.25;-7.15;0.39;-7.25;0.47;-7.31;;;;;;;;
317;17.5;23.5;0.5;8;Successful;Effective;No;No;No;No;No;No;0.0;-7.0;0.25;-7.15;0.39;-7.25;0.47;-7.31;;;;;;;;
318;17.5;23.5;0.5;10;Successful;Effective;No;No;No;No;No;No;0.0;-7.0;0.25;-7.15;0.39;-7.25;0.47;-7.31;;;;;;;;
319;17.5;23.5;0.6;5;Successful;Effective;No;No;No;No;No;No;0.0;-7.0;0.25;-7.16;0.39;-7.27;0.47;-7.33;;;;;;;;
320;17.5;23.5;0.6;8;Successful;Effective;No;No;No;No;No;No;0.0;-7.0;0.25;-7.16;0.39;-7.27;0.47;-7.33;;;;;;;;
321;17.5;23.5;0.6;10;Successful;Effective;No;No;No;No;No;No;0.0;-7.0;0.25;-7.16;0.39;-7.27;0.47;-7.33;;;;;;;;
322;17.5;23.5;0.7;5;Successful;Effective;No;No;No;No;No;No;0.0;-7.0;0.25;-7.18;0.39;-7.29;0.47;-7.36;;;;;;;;
323;17.5;23.5;0.7;8;Successful;Effective;No;No;No;No;No;No;0.0;-7.0;0.25;-7.18;0.39;-7.29;0.47;-7.36;;;;;;;;
324;17.5;23.5;0.7;10;Successful;Effective;No;No;No;No;No;No;0.0;-7.0;0.25;-7.18;0.39;-7.29;0.47;-7.36;;;;;;;;
325;17.5;23.5;0.8;5;Successful;Effective;No;No;No;No;No;No;0.0;-7.0;0.25;-7.19;0.39;-7.32;0.47;-7.38;;;;;;;;
326;17.5;23.5;0.8;8;Successful;Effective;No;No;No;No;No;No;0.0;-7.0;0.25;-7.19;0.39;-7.32;0.47;-7.38;;;;;;;;
327;17.5;23.5;0.8;10;Successful;Effective;No;No;No;No;No;No;0.0;-7.0;0.25;-7.19;0.39;-7.32;0.47;-7.38;;;;;;;;
328;17.5;23.5;0.9;5;Successful;Effective;No;No;No;No;No;No;0.0;-7.0;0.25;-7.21;0.39;-7.36;0.47;-7.38;;;;;;;;
329;17.5;23.5;0.9;8;Successful;Effective;No;No;No;No;No;No;0.0;-7.0;0.25;-7.21;0.39;-7.36;0.47;-7.38;;;;;;;;
330;17.5;23.5;0.9;10;Successful;Effective;No;No;No;No;No;No;0.0;-7.0;0.25;-7.21;0.39;-7.36;0.47;-7.38;;;;;;;;
331;17.5;23.5;1.0;5;Successful;Effective;No;No;No;No;No;No;0.0;-7.0;0.25;-7.24;0.39;-7.39;0.47;-7.35;;;;;;;;
332;17.5;23.5;1.0;8;Successful;Effective;No;No;No;No;No;No;0.0;-7.0;0.25;-7.24;0.39;-7.39;0.47;-7.35;;;;;;;;
333;17.5;23.5;1.0;10;Successful;Effective;No;No;No;No;No;No;0.0;-7.0;0.25;-7.24;0.39;-7.39;0.47;-7.35;;;;;;;;
334;17.5;23.5;1.1;5;Successful;Effective;No;No;No;No;No;No;0.0;-7.0;0.25;-7.26;0.39;-7.41;0.47;-7.29;;;;;;;;
335;17.5;23.5;1.1;8;Successful;Effective;No;No;No;No;No;No;0.0;-7.0;0.25;-7.26;0.39;-7.41;0.47;-7.29;;;;;;;;
336;17.5;23.5;1.1;10;Successful;Effective;No;No;No;No;No;No;0.0;-7.0;0.25;-7.26;0.39;-7.41;0.47;-7.29;;;;;;;;
337;17.6;23.6;0.5;5;Successful;Effective;No;No;No;No;No;No;0.0;-7.0;0.25;-7.14;0.39;-7.24;0.47;-7.3;;;;;;;;
338;17.6;23.6;0.5;8;Successful;Effective;No;No;No;No;No;No;0.0;-7.0;0.25;-7.14;0.39;-7.24;0.47;-7.3;;;;;;;;
339;17.6;23.6;0.5;10;Successful;Effective;No;No;No;No;No;No;0.0;-7.0;0.25;-7.14;0.39;-7.24;0.47;-7.3;;;;;;;;
340;17.6;23.6;0.6;5;Successful;Effective;No;No;No;No;No;No;0.0;-7.0;0.25;-7.15;0.39;-7.25;0.47;-7.31;;;;;;;;
341;17.6;23.6;0.6;8;Successful;Effective;No;No;No;No;No;No;0.0;-7.0;0.25;-7.15;0.39;-7.25;0.47;-7.31;;;;;;;;
342;17.6;23.6;0.6;10;Successful;Effective;No;No;No;No;No;No;0.0;-7.0;0.25;-7.15;0.39;-7.25;0.47;-7.31;;;;;;;;
343;17.6;23.6;0.7;5;Successful;Effective;No;No;No;No;No;No;0.0;-7.0;0.25;-7.16;0.39;-7.27;0.47;-7.33;;;;;;;;
344;17.6;23.6;0.7;8;Successful;Effective;No;No;No;No;No;No;0.0;-7.0;0.25;-7.16;0.39;-7.27;0.47;-7.33;;;;;;;;
345;17.6;23.6;0.7;10;Successful;Effective;No;No;No;No;No;No;0.0;-7.0;0.25;-7.16;0.39;-7.27;0.47;-7.33;;;;;;;;
346;17.6;23.6;0.8;5;Successful;Effective;No;No;No;No;No;No;0.0;-7.0;0.25;-7.17;0.39;-7.29;0.47;-7.34;;;;;;;;
347;17.6;23.6;0.8;8;Successful;Effective;No;No;No;No;No;No;0.0;-7.0;0.25;-7.17;0.39;-7.29;0.47;-7.34;;;;;;;;
348;17.6;23.6;0.8;10;Successful;Effective;No;No;No;No;No;No;0.0;-7.0;0.25;-7.17;0.39;-7.29;0.47;-7.34;;;;;;;;
349;17.6;23.6;0.9;5;Successful;Effective;No;No;No;No;No;No;0.0;-7.0;0.25;-7.19;0.39;-7.31;0.47;-7.33;;;;;;;;
350;17.6;23.6;0.9;8;Successful;Effective;No;No;No;No;No;No;0.0;-7.0;0.25;-7.19;0.39;-7.31;0.47;-7.33;;;;;;;;
351;17.6;23.6;0.9;10;Successful;Effective;No;No;No;No;No;No;0.0;-7.0;0.25;-7.19;0.39;-7.31;0.47;-7.33;;;;;;;;
352;17.6;23.6;1.0;5;Successful;Effective;No;No;No;No;No;No;0.0;-7.0;0.25;-7.21;0.39;-7.34;0.47;-7.3;;;;;;;;
353;17.6;23.6;1.0;8;Successful;Effective;No;No;No;No;No;No;0.0;-7.0;0.25;-7.21;0.39;-7.34;0.47;-7.3;;;;;;;;
354;17.6;23.6;1.0;10;Successful;Effective;No;No;No;No;No;No;0.0;-7.0;0.25;-7.21;0.39;-7.34;0.47;-7.3;;;;;;;;
355;17.6;23.6;1.1;5;Successful;Effective;No;No;No;No;No;No;0.0;-7.0;0.25;-7.23;0.39;-7.35;0.47;-7.25;;;;;;;;
356;17.6;23.6;1.1;8;Successful;Effective;No;No;No;No;No;No;0.0;-7.0;0.25;-7.23;0.39;-7.35;0.47;-7.25;;;;;;;;
357;17.6;23.6;1.1;10;Successful;Effective;No;No;No;No;No;No;0.0;-7.0;0.25;-7.23;0.39;-7.35;0.47;-7.25;;;;;;;;
358;17.7;23.7;0.5;5;Successful;Effective;No;No;No;No;No;No;0.0;-7.0;0.25;-7.13;0.39;-7.23;0.47;-7.28;;;;;;;;
359;17.7;23.7;0.5;8;Successful;Effective;No;No;No;No;No;No;0.0;-7.0;0.25;-7.13;0.39;-7.23;0.47;-7.28;;;;;;;;
360;17.7;23.7;0.5;10;Successful;Effective;No;No;No;No;No;No;0.0;-7.0;0.25;-7.13;0.39;-7.23;0.47;-7.28;;;;;;;;
361;17.7;23.7;0.6;5;Successful;Effective;No;No;No;No;No;No;0.0;-7.0;0.25;-7.14;0.39;-7.23;0.47;-7.29;;;;;;;;
362;17.7;23.7;0.6;8;Successful;Effective;No;No;No;No;No;No;0.0;-7.0;0.25;-7.14;0.39;-7.23;0.47;-7.29;;;;;;;;
363;17.7;23.7;0.6;10;Successful;Effective;No;No;No;No;No;No;0.0;-7.0;0.25;-7.14;0.39;-7.23;0.47;-7.29;;;;;;;;
364;17.7;23.7;0.7;5;Successful;Effective;No;No;No;No;No;No;0.0;-7.0;0.25;-7.15;0.39;-7.25;0.47;-7.3;;;;;;;;
365;17.7;23.7;0.7;8;Successful;Effective;No;No;No;No;No;No;0.0;-7.0;0.25;-7.15;0.39;-7.25;0.47;-7.3;;;;;;;;
366;17.7;23.7;0.7;10;Successful;Effective;No;No;No;No;No;No;0.0;-7.0;0.25;-7.15;0.39;-7.25;0.47;-7.3;;;;;;;;
367;17.7;23.7;0.8;5;Successful;Effective;No;No;No;No;No;No;0.0;-7.0;0.25;-7.16;0.39;-7.26;0.47;-7.3;;;;;;;;
368;17.7;23.7;0.8;8;Successful;Effective;No;No;No;No;No;No;0.0;-7.0;0.25;-7.16;0.39;-7.26;0.47;-7.3;;;;;;;;
369;17.7;23.7;0.8;10;Successful;Effective;No;No;No;No;No;No;0.0;-7.0;0.25;-7.16;0.39;-7.26;0.47;-7.3;;;;;;;;
370;17.7;23.7;0.9;5;Successful;Effective;No;No;No;No;No;No;0.0;-7.0;0.25;-7.17;0.39;-7.28;0.47;-7.29;;;;;;;;
371;17.7;23.7;0.9;8;Successful;Effective;No;No;No;No;No;No;0.0;-7.0;0.25;-7.17;0.39;-7.28;0.47;-7.29;;;;;;;;
372;17.7;23.7;0.9;10;Successful;Effective;No;No;No;No;No;No;0.0;-7.0;0.25;-7.17;0.39;-7.28;0.47;-7.29;;;;;;;;
373;17.7;23.7;1.0;5;Successful;Effective;No;No;No;No;No;No;0.0;-7.0;0.25;-7.18;0.39;-7.29;0.47;-7.26;;;;;;;;
374;17.7;23.7;1.0;8;Successful;Effective;No;No;No;No;No;No;0.0;-7.0;0.25;-7.18;0.39;-7.29;0.47;-7.26;;;;;;;;
375;17.7;23.7;1.0;10;Successful;Effective;No;No;No;No;No;No;0.0;-7.0;0.25;-7.18;0.39;-7.29;0.47;-7.26;;;;;;;;
376;17.7;23.7;1.1;5;Successful;Effective;No;No;No;No;No;No;0.0;-7.0;0.25;-7.2;0.39;-7.3;0.47;-7.22;;;;;;;;
377;17.7;23.7;1.1;8;Successful;Effective;No;No;No;No;No;No;0.0;-7.0;0.25;-7.2;0.39;-7.3;0.47;-7.22;;;;;;;;
378;17.7;23.7;1.1;10;Successful;Effective;No;No;No;No;No;No;0.0;-7.0;0.25;-7.2;0.39;-7.3;0.47;-7.22;;;;;;;;
379;17.8;23.8;0.5;5;Successful;Effective;No;No;No;No;No;No;0.0;-7.0;0.25;-7.13;0.39;-7.22;0.47;-7.27;;;;;;;;
380;17.8;23.8;0.5;8;Successful;Effective;No;No;No;No;No;No;0.0;-7.0;0.25;-7.13;0.39;-7.22;0.47;-7.27;;;;;;;;
381;17.8;23.8;0.5;10;Successful;Effective;No;No;No;No;No;No;0.0;-7.0;0.25;-7.13;0.39;-7.22;0.47;-7.27;;;;;;;;
382;17.8;23.8;0.6;5;Successful;Effective;No;No;No;No;No;No;0.0;-7.0;0.25;-7.13;0.39;-7.22;0.47;-7.27;;;;;;;;
383;17.8;23.8;0.6;8;Successful;Effective;No;No;No;No;No;No;0.0;-7.0;0.25;-7.13;0.39;-7.22;0.47;-7.27;;;;;;;;
384;17.8;23.8;0.6;10;Successful;Effective;No;No;No;No;No;No;0.0;-7.0;0.25;-7.13;0.39;-7.22;0.47;-7.27;;;;;;;;
385;17.8;23.8;0.7;5;Successful;Effective;No;No;No;No;No;No;0.0;-7.0;0.25;-7.14;0.39;-7.23;0.47;-7.28;;;;;;;;
386;17.8;23.8;0.7;8;Successful;Effective;No;No;No;No;No;No;0.0;-7.0;0.25;-7.14;0.39;-7.23;0.47;-7.28;;;;;;;;
387;17.8;23.8;0.7;10;Successful;Effective;No;No;No;No;No;No;0.0;-7.0;0.25;-7.14;0.39;-7.23;0.47;-7.28;;;;;;;;
388;17.8;23.8;0.8;5;Successful;Effective;No;No;No;No;No;No;0.0;-7.0;0.25;-7.15;0.39;-7.24;0.47;-7.28;;;;;;;;
389;17.8;23.8;0.8;8;Successful;Effective;No;No;No;No;No;No;0.0;-7.0;0.25;-7.15;0.39;-7.24;0.47;-7.28;;;;;;;;
390;17.8;23.8;0.8;10;Successful;Effective;No;No;No;No;No;No;0.0;-7.0;0.25;-7.15;0.39;-7.24;0.47;-7.28;;;;;;;;
391;17.8;23.8;0.9;5;Successful;Effective;No;No;No;No;No;No;0.0;-7.0;0.25;-7.15;0.39;-7.25;0.47;-7.26;;;;;;;;
392;17.8;23.8;0.9;8;Successful;Effective;No;No;No;No;No;No;0.0;-7.0;0.25;-7.15;0.39;-7.25;0.47;-7.26;;;;;;;;
393;17.8;23.8;0.9;10;Successful;Effective;No;No;No;No;No;No;0.0;-7.0;0.25;-7.15;0.39;-7.25;0.47;-7.26;;;;;;;;
394;17.8;23.8;1.0;5;Successful;Effective;No;No;No;No;No;No;0.0;-7.0;0.25;-7.17;0.39;-7.26;0.47;-7.24;;;;;;;;
395;17.8;23.8;1.0;8;Successful;Effective;No;No;No;No;No;No;0.0;-7.0;0.25;-7.17;0.39;-7.26;0.47;-7.24;;;;;;;;
396;17.8;23.8;1.0;10;Successful;Effective;No;No;No;No;No;No;0.0;-7.0;0.25;-7.17;0.39;-7.26;0.47;-7.24;;;;;;;;
397;17.8;23.8;1.1;5;Successful;Effective;No;No;No;No;No;No;0.0;-7.0;0.25;-7.18;0.39;-7.26;0.47;-7.21;;;;;;;;
398;17.8;23.8;1.1;8;Successful;Effective;No;No;No;No;No;No;0.0;-7.0;0.25;-7.18;0.39;-7.26;0.47;-7.21;;;;;;;;
399;17.8;23.8;1.1;10;Successful;Effective;No;No;No;No;No;No;0.0;-7.0;0.25;-7.18;0.39;-7.26;0.47;-7.21;;;;;;;;
400;17.9;23.9;0.5;5;Successful;Effective;No;No;No;No;No;No;0.0;-7.0;0.25;-7.12;0.39;-7.21;0.47;-7.26;;;;;;;;
401;17.9;23.9;0.5;8;Successful;Effective;No;No;No;No;No;No;0.0;-7.0;0.25;-7.12;0.39;-7.21;0.47;-7.26;;;;;;;;
402;17.9;23.9;0.5;10;Successful;Effective;No;No;No;No;No;No;0.0;-7.0;0.25;-7.12;0.39;-7.21;0.47;-7.26;;;;;;;;
403;17.9;23.9;0.6;5;Successful;Effective;No;No;No;No;No;No;0.0;-7.0;0.25;-7.13;0.39;-7.21;0.47;-7.26;;;;;;;;
404;17.9;23.9;0.6;8;Successful;Effective;No;No;No;No;No;No;0.0;-7.0;0.25;-7.13;0.39;-7.21;0.47;-7.26;;;;;;;;
405;17.9;23.9;0.6;10;Successful;Effective;No;No;No;No;No;No;0.0;-7.0;0.25;-7.13;0.39;-7.21;0.47;-7.26;;;;;;;;
406;17.9;23.9;0.7;5;Successful;Effective;No;No;No;No;No;No;0.0;-7.0;0.25;-7.13;0.39;-7.21;0.47;-7.26;;;;;;;;
407;17.9;23.9;0.7;8;Successful;Effective;No;No;No;No;No;No;0.0;-7.0;0.25;-7.13;0.39;-7.21;0.47;-7.26;;;;;;;;
408;17.9;23.9;0.7;10;Successful;Effective;No;No;No;No;No;No;0.0;-7.0;0.25;-7.13;0.39;-7.21;0.47;-7.26;;;;;;;;
409;17.9;23.9;0.8;5;Successful;Effective;No;No;No;No;No;No;0.0;-7.0;0.25;-7.14;0.39;-7.22;0.47;-7.26;;;;;;;;
410;17.9;23.9;0.8;8;Successful;Effective;No;No;No;No;No;No;0.0;-7.0;0.25;-7.14;0.39;-7.22;0.47;-7.26;;;;;;;;
411;17.9;23.9;0.8;10;Successful;Effective;No;No;No;No;No;No;0.0;-7.0;0.25;-7.14;0.39;-7.22;0.47;-7.26;;;;;;;;
412;17.9;23.9;0.9;5;Successful;Effective;No;No;No;No;No;No;0.0;-7.0;0.25;-7.14;0.39;-7.23;0.47;-7.24;;;;;;;;
413;17.9;23.9;0.9;8;Successful;Effective;No;No;No;No;No;No;0.0;-7.0;0.25;-7.14;0.39;-7.23;0.47;-7.24;;;;;;;;
414;17.9;23.9;0.9;10;Successful;Effective;No;No;No;No;No;No;0.0;-7.0;0.25;-7.14;0.39;-7.23;0.47;-7.24;;;;;;;;
415;17.9;23.9;1.0;5;Successful;Effective;No;No;No;No;No;No;0.0;-7.0;0.25;-7.15;0.39;-7.23;0.47;-7.22;;;;;;;;
416;17.9;23.9;1.0;8;Successful;Effective;No;No;No;No;No;No;0.0;-7.0;0.25;-7.15;0.39;-7.23;0.47;-7.22;;;;;;;;
417;17.9;23.9;1.0;10;Successful;Effective;No;No;No;No;No;No;0.0;-7.0;0.25;-7.15;0.39;-7.23;0.47;-7.22;;;;;;;;
418;17.9;23.9;1.1;5;Successful;Effective;No;No;No;No;No;No;0.0;-7.0;0.25;-7.16;0.39;-7.22;0.47;-7.2;;;;;;;;
419;17.9;23.9;1.1;8;Successful;Effective;No;No;No;No;No;No;0.0;-7.0;0.25;-7.16;0.39;-7.22;0.47;-7.2;;;;;;;;
420;17.9;23.9;1.1;10;Successful;Effective;No;No;No;No;No;No;0.0;-7.0;0.25;-7.16;0.39;-7.22;0.47;-7.2;;;;;;;;
421;18.0;24.0;0.5;5;Successful;Effective;No;No;No;No;No;No;0.0;-7.0;0.25;-7.12;0.39;-7.2;0.47;-7.25;;;;;;;;
422;18.0;24.0;0.5;8;Successful;Effective;No;No;No;No;No;No;0.0;-7.0;0.25;-7.12;0.39;-7.2;0.47;-7.25;;;;;;;;
423;18.0;24.0;0.5;10;Successful;Effective;No;No;No;No;No;No;0.0;-7.0;0.25;-7.12;0.39;-7.2;0.47;-7.25;;;;;;;;
424;18.0;24.0;0.6;5;Successful;Effective;No;No;No;No;No;No;0.0;-7.0;0.25;-7.12;0.39;-7.2;0.47;-7.25;;;;;;;;
425;18.0;24.0;0.6;8;Successful;Effective;No;No;No;No;No;No;0.0;-7.0;0.25;-7.12;0.39;-7.2;0.47;-7.25;;;;;;;;
426;18.0;24.0;0.6;10;Successful;Effective;No;No;No;No;No;No;0.0;-7.0;0.25;-7.12;0.39;-7.2;0.47;-7.25;;;;;;;;
427;18.0;24.0;0.7;5;Successful;Effective;No;No;No;No;No;No;0.0;-7.0;0.25;-7.12;0.39;-7.2;0.47;-7.25;;;;;;;;
428;18.0;24.0;0.7;8;Successful;Effective;No;No;No;No;No;No;0.0;-7.0;0.25;-7.12;0.39;-7.2;0.47;-7.25;;;;;;;;
429;18.0;24.0;0.7;10;Successful;Effective;No;No;No;No;No;No;0.0;-7.0;0.25;-7.12;0.39;-7.2;0.47;-7.25;;;;;;;;
430;18.0;24.0;0.8;5;Successful;Effective;No;No;No;No;No;No;0.0;-7.0;0.25;-7.13;0.39;-7.2;0.47;-7.24;;;;;;;;
431;18.0;24.0;0.8;8;Successful;Effective;No;No;No;No;No;No;0.0;-7.0;0.25;-7.13;0.39;-7.2;0.47;-7.24;;;;;;;;
432;18.0;24.0;0.8;10;Successful;Effective;No;No;No;No;No;No;0.0;-7.0;0.25;-7.13;0.39;-7.2;0.47;-7.24;;;;;;;;
433;18.0;24.0;0.9;5;Successful;Effective;No;No;No;No;No;No;0.0;-7.0;0.25;-7.13;0.39;-7.21;0.47;-7.23;;;;;;;;
434;18.0;24.0;0.9;8;Successful;Effective;No;No;No;No;No;No;0.0;-7.0;0.25;-7.13;0.39;-7.21;0.47;-7.23;;;;;;;;
435;18.0;24.0;0.9;10;Successful;Effective;No;No;No;No;No;No;0.0;-7.0;0.25;-7.13;0.39;-7.21;0.47;-7.23;;;;;;;;
436;18.0;24.0;1.0;5;Successful;Effective;No;No;No;No;No;No;0.0;-7.0;0.25;-7.14;0.39;-7.21;0.47;-7.21;;;;;;;;
437;18.0;24.0;1.0;8;Successful;Effective;No;No;No;No;No;No;0.0;-7.0;0.25;-7.14;0.39;-7.21;0.47;-7.21;;;;;;;;
438;18.0;24.0;1.0;10;Successful;Effective;No;No;No;No;No;No;0.0;-7.0;0.25;-7.14;0.39;-7.21;0.47;-7.21;;;;;;;;
439;18.0;24.0;1.1;5;Successful;Effective;No;No;No;No;No;No;0.0;-7.0;0.25;-7.14;0.39;-7.2;0.47;-7.2;;;;;;;;
440;18.0;24.0;1.1;8;Successful;Effective;No;No;No;No;No;No;0.0;-7.0;0.25;-7.14;0.39;-7.2;0.47;-7.2;;;;;;;;
441;18.0;24.0;1.1;10;Successful;Effective;No;No;No;No;No;No;0.0;-7.0;0.25;-7.14;0.39;-7.2;0.47;-7.2;;;;;;;;
442;18.1;24.1;0.5;5;Successful;Effective;No;No;No;No;No;No;0.0;-7.0;0.25;-7.12;0.39;-7.2;0.47;-7.25;;;;;;;;
443;18.1;24.1;0.5;8;Successful;Effective;No;No;No;No;No;No;0.0;-7.0;0.25;-7.12;0.39;-7.2;0.47;-7.25;;;;;;;;
444;18.1;24.1;0.5;10;Successful;Effective;No;No;No;No;No;No;0.0;-7.0;0.25;-7.12;0.39;-7.2;0.47;-7.25;;;;;;;;
445;18.1;24.1;0.6;5;Successful;Effective;No;No;No;No;No;No;0.0;-7.0;0.25;-7.12;0.39;-7.2;0.47;-7.24;;;;;;;;
446;18.1;24.1;0.6;8;Successful;Effective;No;No;No;No;No;No;0.0;-7.0;0.25;-7.12;0.39;-7.2;0.47;-7.24;;;;;;;;
447;18.1;24.1;0.6;10;Successful;Effective;No;No;No;No;No;No;0.0;-7.0;0.25;-7.12;0.39;-7.2;0.47;-7.24;;;;;;;;
448;18.1;24.1;0.7;5;Successful;Effective;No;No;No;No;No;No;0.0;-7.0;0.25;-7.12;0.39;-7.19;0.47;-7.24;;;;;;;;
449;18.1;24.1;0.7;8;Successful;Effective;No;No;No;No;No;No;0.0;-7.0;0.25;-7.12;0.39;-7.19;0.47;-7.24;;;;;;;;
450;18.1;24.1;0.7;10;Successful;Effective;No;No;No;No;No;No;0.0;-7.0;0.25;-7.12;0.39;-7.19;0.47;-7.24;;;;;;;;
451;18.1;24.1;0.8;5;Successful;Effective;No;No;No;No;No;No;0.0;-7.0;0.25;-7.12;0.39;-7.19;0.47;-7.23;;;;;;;;
452;18.1;24.1;0.8;8;Successful;Effective;No;No;No;No;No;No;0.0;-7.0;0.25;-7.12;0.39;-7.19;0.47;-7.23;;;;;;;;
453;18.1;24.1;0.8;10;Successful;Effective;No;No;No;No;No;No;0.0;-7.0;0.25;-7.12;0.39;-7.19;0.47;-7.23;;;;;;;;
454;18.1;24.1;0.9;5;Successful;Effective;No;No;No;No;No;No;0.0;-7.0;0.25;-7.12;0.39;-7.19;0.47;-7.22;;;;;;;;
455;18.1;24.1;0.9;8;Successful;Effective;No;No;No;No;No;No;0.0;-7.0;0.25;-7.12;0.39;-7.19;0.47;-7.22;;;;;;;;
456;18.1;24.1;0.9;10;Successful;Effective;No;No;No;No;No;No;0.0;-7.0;0.25;-7.12;0.39;-7.19;0.47;-7.22;;;;;;;;
457;18.1;24.1;1.0;5;Successful;Effective;No;No;No;No;No;No;0.0;-7.0;0.25;-7.12;0.39;-7.19;0.47;-7.21;;;;;;;;
458;18.1;24.1;1.0;8;Successful;Effective;No;No;No;No;No;No;0.0;-7.0;0.25;-7.12;0.39;-7.19;0.47;-7.21;;;;;;;;
459;18.1;24.1;1.0;10;Successful;Effective;No;No;No;No;No;No;0.0;-7.0;0.25;-7.12;0.39;-7.19;0.47;-7.21;;;;;;;;
460;18.1;24.1;1.1;5;Successful;Effective;No;No;No;No;No;No;0.0;-7.0;0.25;-7.13;0.39;-7.18;0.47;-7.21;;;;;;;;
461;18.1;24.1;1.1;8;Successful;Effective;No;No;No;No;No;No;0.0;-7.0;0.25;-7.13;0.39;-7.18;0.47;-7.21;;;;;;;;
462;18.1;24.1;1.1;10;Successful;Effective;No;No;No;No;No;No;0.0;-7.0;0.25;-7.13;0.39;-7.18;0.47;-7.21;;;;;;;;
463;18.2;24.2;0.5;5;Successful;Effective;No;No;No;No;No;No;0.0;-7.0;0.25;-7.11;0.39;-7.2;0.47;-7.25;;;;;;;;
464;18.2;24.2;0.5;8;Successful;Effective;No;No;No;No;No;No;0.0;-7.0;0.25;-7.11;0.39;-7.2;0.47;-7.25;;;;;;;;
465;18.2;24.2;0.5;10;Successful;Effective;No;No;No;No;No;No;0.0;-7.0;0.25;-7.11;0.39;-7.2;0.47;-7.25;;;;;;;;
466;18.2;24.2;0.6;5;Successful;Effective;No;No;No;No;No;No;0.0;-7.0;0.25;-7.11;0.39;-7.19;0.47;-7.24;;;;;;;;
467;18.2;24.2;0.6;8;Successful;Effective;No;No;No;No;No;No;0.0;-7.0;0.25;-7.11;0.39;-7.19;0.47;-7.24;;;;;;;;
468;18.2;24.2;0.6;10;Successful;Effective;No;No;No;No;No;No;0.0;-7.0;0.25;-7.11;0.39;-7.19;0.47;-7.24;;;;;;;;
469;18.2;24.2;0.7;5;Successful;Effective;No;No;No;No;No;No;0.0;-7.0;0.25;-7.11;0.39;-7.19;0.47;-7.23;;;;;;;;
470;18.2;24.2;0.7;8;Successful;Effective;No;No;No;No;No;No;0.0;-7.0;0.25;-7.11;0.39;-7.19;0.47;-7.23;;;;;;;;
471;18.2;24.2;0.7;10;Successful;Effective;No;No;No;No;No;No;0.0;-7.0;0.25;-7.11;0.39;-7.19;0.47;-7.23;;;;;;;;
472;18.2;24.2;0.8;5;Successful;Effective;No;No;No;No;No;No;0.0;-7.0;0.25;-7.11;0.39;-7.18;0.47;-7.22;;;;;;;;
473;18.2;24.2;0.8;8;Successful;Effective;No;No;No;No;No;No;0.0;-7.0;0.25;-7.11;0.39;-7.18;0.47;-7.22;;;;;;;;
474;18.2;24.2;0.8;10;Successful;Effective;No;No;No;No;No;No;0.0;-7.0;0.25;-7.11;0.39;-7.18;0.47;-7.22;;;;;;;;
475;18.2;24.2;0.9;5;Successful;Effective;No;No;No;No;No;No;0.0;-7.0;0.25;-7.11;0.39;-7.18;0.47;-7.22;;;;;;;;
476;18.2;24.2;0.9;8;Successful;Effective;No;No;No;No;No;No;0.0;-7.0;0.25;-7.11;0.39;-7.18;0.47;-7.22;;;;;;;;
477;18.2;24.2;0.9;10;Successful;Effective;No;No;No;No;No;No;0.0;-7.0;0.25;-7.11;0.39;-7.18;0.47;-7.22;;;;;;;;
478;18.2;24.2;1.0;5;Successful;Effective;No;No;No;No;No;No;0.0;-7.0;0.25;-7.12;0.39;-7.18;0.47;-7.21;;;;;;;;
479;18.2;24.2;1.0;8;Successful;Effective;No;No;No;No;No;No;0.0;-7.0;0.25;-7.12;0.39;-7.18;0.47;-7.21;;;;;;;;
480;18.2;24.2;1.0;10;Successful;Effective;No;No;No;No;No;No;0.0;-7.0;0.25;-7.12;0.39;-7.18;0.47;-7.21;;;;;;;;
481;18.2;24.2;1.1;5;Successful;Effective;No;No;No;No;No;No;0.0;-7.0;0.25;-7.12;0.39;-7.17;0.47;-7.21;;;;;;;;
482;18.2;24.2;1.1;8;Successful;Effective;No;No;No;No;No;No;0.0;-7.0;0.25;-7.12;0.39;-7.17;0.47;-7.21;;;;;;;;
483;18.2;24.2;1.1;10;Successful;Effective;No;No;No;No;No;No;0.0;-7.0;0.25;-7.12;0.39;-7.17;0.47;-7.21;;;;;;;;
484;18.3;24.3;0.5;5;Successful;Effective;No;No;No;No;No;No;0.0;-7.0;0.25;-7.11;0.39;-7.19;0.47;-7.24;;;;;;;;
485;18.3;24.3;0.5;8;Successful;Effective;No;No;No;No;No;No;0.0;-7.0;0.25;-7.11;0.39;-7.19;0.47;-7.24;;;;;;;;
486;18.3;24.3;0.5;10;Successful;Effective;No;No;No;No;No;No;0.0;-7.0;0.25;-7.11;0.39;-7.19;0.47;-7.24;;;;;;;;
487;18.3;24.3;0.6;5;Successful;Effective;No;No;No;No;No;No;0.0;-7.0;0.25;-7.11;0.39;-7.19;0.47;-7.24;;;;;;;;
488;18.3;24.3;0.6;8;Successful;Effective;No;No;No;No;No;No;0.0;-7.0;0.25;-7.11;0.39;-7.19;0.47;-7.24;;;;;;;;
489;18.3;24.3;0.6;10;Successful;Effective;No;No;No;No;No;No;0.0;-7.0;0.25;-7.11;0.39;-7.19;0.47;-7.24;;;;;;;;
490;18.3;24.3;0.7;5;Successful;Effective;No;No;No;No;No;No;0.0;-7.0;0.25;-7.11;0.39;-7.18;0.47;-7.23;;;;;;;;
491;18.3;24.3;0.7;8;Successful;Effective;No;No;No;No;No;No;0.0;-7.0;0.25;-7.11;0.39;-7.18;0.47;-7.23;;;;;;;;
492;18.3;24.3;0.7;10;Successful;Effective;No;No;No;No;No;No;0.0;-7.0;0.25;-7.11;0.39;-7.18;0.47;-7.23;;;;;;;;
493;18.3;24.3;0.8;5;Successful;Effective;No;No;No;No;No;No;0.0;-7.0;0.25;-7.11;0.39;-7.18;0.47;-7.23;;;;;;;;
494;18.3;24.3;0.8;8;Successful;Effective;No;No;No;No;No;No;0.0;-7.0;0.25;-7.11;0.39;-7.18;0.47;-7.23;;;;;;;;
495;18.3;24.3;0.8;10;Successful;Effective;No;No;No;No;No;No;0.0;-7.0;0.25;-7.11;0.39;-7.18;0.47;-7.23;;;;;;;;
496;18.3;24.3;0.9;5;Successful;Effective;No;No;No;No;No;No;0.0;-7.0;0.25;-7.11;0.39;-7.17;0.47;-7.22;;;;;;;;
497;18.3;24.3;0.9;8;Successful;Effective;No;No;No;No;No;No;0.0;-7.0;0.25;-7.11;0.39;-7.17;0.47;-7.22;;;;;;;;
498;18.3;24.3;0.9;10;Successful;Effective;No;No;No;No;No;No;0.0;-7.0;0.25;-7.11;0.39;-7.17;0.47;-7.22;;;;;;;;
499;18.3;24.3;1.0;5;Successful;Effective;No;No;No;No;No;No;0.0;-7.0;0.25;-7.11;0.39;-7.17;0.47;-7.21;;;;;;;;
500;18.3;24.3;1.0;8;Successful;Effective;No;No;No;No;No;No;0.0;-7.0;0.25;-7.11;0.39;-7.17;0.47;-7.21;;;;;;;;
501;18.3;24.3;1.0;10;Successful;Effective;No;No;No;No;No;No;0.0;-7.0;0.25;-7.11;0.39;-7.17;0.47;-7.21;;;;;;;;
502;18.3;24.3;1.1;5;Successful;Effective;No;No;No;No;No;No;0.0;-7.0;0.25;-7.11;0.39;-7.16;0.47;-7.21;;;;;;;;
503;18.3;24.3;1.1;8;Successful;Effective;No;No;No;No;No;No;0.0;-7.0;0.25;-7.11;0.39;-7.16;0.47;-7.21;;;;;;;;
504;18.3;24.3;1.1;10;Successful;Effective;No;No;No;No;No;No;0.0;-7.0;0.25;-7.11;0.39;-7.16;0.47;-7.21;;;;;;;;
505;18.4;24.4;0.5;5;Successful;Effective;No;No;No;No;No;No;0.0;-7.0;0.25;-7.11;0.39;-7.19;0.47;-7.24;;;;;;;;
506;18.4;24.4;0.5;8;Successful;Effective;No;No;No;No;No;No;0.0;-7.0;0.25;-7.11;0.39;-7.19;0.47;-7.24;;;;;;;;
507;18.4;24.4;0.5;10;Successful;Effective;No;No;No;No;No;No;0.0;-7.0;0.25;-7.11;0.39;-7.19;0.47;-7.24;;;;;;;;
508;18.4;24.4;0.6;5;Successful;Effective;No;No;No;No;No;No;0.0;-7.0;0.25;-7.11;0.39;-7.19;0.47;-7.24;;;;;;;;
509;18.4;24.4;0.6;8;Successful;Effective;No;No;No;No;No;No;0.0;-7.0;0.25;-7.11;0.39;-7.19;0.47;-7.24;;;;;;;;
510;18.4;24.4;0.6;10;Successful;Effective;No;No;No;No;No;No;0.0;-7.0;0.25;-7.11;0.39;-7.19;0.47;-7.24;;;;;;;;
511;18.4;24.4;0.7;5;Successful;Effective;No;No;No;No;No;No;0.0;-7.0;0.25;-7.11;0.39;-7.18;0.47;-7.23;;;;;;;;
512;18.4;24.4;0.7;8;Successful;Effective;No;No;No;No;No;No;0.0;-7.0;0.25;-7.11;0.39;-7.18;0.47;-7.23;;;;;;;;
513;18.4;24.4;0.7;10;Successful;Effective;No;No;No;No;No;No;0.0;-7.0;0.25;-7.11;0.39;-7.18;0.47;-7.23;;;;;;;;
514;18.4;24.4;0.8;5;Successful;Effective;No;No;No;No;No;No;0.0;-7.0;0.25;-7.1;0.39;-7.17;0.47;-7.23;;;;;;;;
515;18.4;24.4;0.8;8;Successful;Effective;No;No;No;No;No;No;0.0;-7.0;0.25;-7.1;0.39;-7.17;0.47;-7.23;;;;;;;;
516;18.4;24.4;0.8;10;Successful;Effective;No;No;No;No;No;No;0.0;-7.0;0.25;-7.1;0.39;-7.17;0.47;-7.23;;;;;;;;
517;18.4;24.4;0.9;5;Successful;Effective;No;No;No;No;No;No;0.0;-7.0;0.25;-7.1;0.39;-7.17;0.47;-7.22;;;;;;;;
518;18.4;24.4;0.9;8;Successful;Effective;No;No;No;No;No;No;0.0;-7.0;0.25;-7.1;0.39;-7.17;0.47;-7.22;;;;;;;;
519;18.4;24.4;0.9;10;Successful;Effective;No;No;No;No;No;No;0.0;-7.0;0.25;-7.1;0.39;-7.17;0.47;-7.22;;;;;;;;
520;18.4;24.4;1.0;5;Successful;Effective;No;No;No;No;No;No;0.0;-7.0;0.25;-7.1;0.39;-7.16;0.47;-7.22;;;;;;;;
521;18.4;24.4;1.0;8;Successful;Effective;No;No;No;No;No;No;0.0;-7.0;0.25;-7.1;0.39;-7.16;0.47;-7.22;;;;;;;;
522;18.4;24.4;1.0;10;Successful;Effective;No;No;No;No;No;No;0.0;-7.0;0.25;-7.1;0.39;-7.16;0.47;-7.22;;;;;;;;
523;18.4;24.4;1.1;5;Successful;Effective;No;No;No;No;No;No;0.0;-7.0;0.25;-7.1;0.39;-7.16;0.47;-7.21;;;;;;;;
524;18.4;24.4;1.1;8;Successful;Effective;No;No;No;No;No;No;0.0;-7.0;0.25;-7.1;0.39;-7.16;0.47;-7.21;;;;;;;;
525;18.4;24.4;1.1;10;Successful;Effective;No;No;No;No;No;No;0.0;-7.0;0.25;-7.1;0.39;-7.16;0.47;-7.21;;;;;;;;
526;18.5;24.5;0.5;5;Successful;Effective;No;No;No;No;No;No;0.0;-7.0;0.25;-7.11;0.39;-7.19;0.47;-7.25;;;;;;;;
527;18.5;24.5;0.5;8;Successful;Effective;No;No;No;No;No;No;0.0;-7.0;0.25;-7.11;0.39;-7.19;0.47;-7.25;;;;;;;;
528;18.5;24.5;0.5;10;Successful;Effective;No;No;No;No;No;No;0.0;-7.0;0.25;-7.11;0.39;-7.19;0.47;-7.25;;;;;;;;
529;18.5;24.5;0.6;5;Successful;Effective;No;No;No;No;No;No;0.0;-7.0;0.25;-7.11;0.39;-7.19;0.47;-7.24;;;;;;;;
530;18.5;24.5;0.6;8;Successful;Effective;No;No;No;No;No;No;0.0;-7.0;0.25;-7.11;0.39;-7.19;0.47;-7.24;;;;;;;;
531;18.5;24.5;0.6;10;Successful;Effective;No;No;No;No;No;No;0.0;-7.0;0.25;-7.11;0.39;-7.19;0.47;-7.24;;;;;;;;
532;18.5;24.5;0.7;5;Successful;Effective;No;No;No;No;No;No;0.0;-7.0;0.25;-7.1;0.39;-7.18;0.47;-7.24;;;;;;;;
533;18.5;24.5;0.7;8;Successful;Effective;No;No;No;No;No;No;0.0;-7.0;0.25;-7.1;0.39;-7.18;0.47;-7.24;;;;;;;;
534;18.5;24.5;0.7;10;Successful;Effective;No;No;No;No;No;No;0.0;-7.0;0.25;-7.1;0.39;-7.18;0.47;-7.24;;;;;;;;
535;18.5;24.5;0.8;5;Successful;Effective;No;No;No;No;No;No;0.0;-7.0;0.25;-7.1;0.39;-7.18;0.47;-7.23;;;;;;;;
536;18.5;24.5;0.8;8;Successful;Effective;No;No;No;No;No;No;0.0;-7.0;0.25;-7.1;0.39;-7.18;0.47;-7.23;;;;;;;;
537;18.5;24.5;0.8;10;Successful;Effective;No;No;No;No;No;No;0.0;-7.0;0.25;-7.1;0.39;-7.18;0.47;-7.23;;;;;;;;
538;18.5;24.5;0.9;5;Successful;Effective;No;No;No;No;No;No;0.0;-7.0;0.25;-7.1;0.39;-7.17;0.47;-7.23;;;;;;;;
539;18.5;24.5;0.9;8;Successful;Effective;No;No;No;No;No;No;0.0;-7.0;0.25;-7.1;0.39;-7.17;0.47;-7.23;;;;;;;;
540;18.5;24.5;0.9;10;Successful;Effective;No;No;No;No;No;No;0.0;-7.0;0.25;-7.1;0.39;-7.17;0.47;-7.23;;;;;;;;
541;18.5;24.5;1.0;5;Successful;Effective;No;No;No;No;No;No;0.0;-7.0;0.25;-7.1;0.39;-7.17;0.47;-7.22;;;;;;;;
542;18.5;24.5;1.0;8;Successful;Effective;No;No;No;No;No;No;0.0;-7.0;0.25;-7.1;0.39;-7.17;0.47;-7.22;;;;;;;;
543;18.5;24.5;1.0;10;Successful;Effective;No;No;No;No;No;No;0.0;-7.0;0.25;-7.1;0.39;-7.17;0.47;-7.22;;;;;;;;
544;18.5;24.5;1.1;5;Successful;Effective;No;No;No;No;No;No;0.0;-7.0;0.25;-7.1;0.39;-7.16;0.47;-7.22;;;;;;;;
545;18.5;24.5;1.1;8;Successful;Effective;No;No;No;No;No;No;0.0;-7.0;0.25;-7.1;0.39;-7.16;0.47;-7.22;;;;;;;;
546;18.5;24.5;1.1;10;Successful;Effective;No;No;No;No;No;No;0.0;-7.0;0.25;-7.1;0.39;-7.16;0.47;-7.22;;;;;;;;
547;18.6;24.6;0.5;5;Successful;Effective;No;No;No;No;No;No;0.0;-7.0;0.25;-7.11;0.39;-7.19;0.47;-7.25;;;;;;;;
548;18.6;24.6;0.5;8;Successful;Effective;No;No;No;No;No;No;0.0;-7.0;0.25;-7.11;0.39;-7.19;0.47;-7.25;;;;;;;;
549;18.6;24.6;0.5;10;Successful;Effective;No;No;No;No;No;No;0.0;-7.0;0.25;-7.11;0.39;-7.19;0.47;-7.25;;;;;;;;
550;18.6;24.6;0.6;5;Successful;Effective;No;No;No;No;No;No;0.0;-7.0;0.25;-7.11;0.39;-7.19;0.47;-7.25;;;;;;;;
551;18.6;24.6;0.6;8;Successful;Effective;No;No;No;No;No;No;0.0;-7.0;0.25;-7.11;0.39;-7.19;0.47;-7.25;;;;;;;;
552;18.6;24.6;0.6;10;Successful;Effective;No;No;No;No;No;No;0.0;-7.0;0.25;-7.11;0.39;-7.19;0.47;-7.25;;;;;;;;
553;18.6;24.6;0.7;5;Successful;Effective;No;No;No;No;No;No;0.0;-7.0;0.25;-7.1;0.39;-7.19;0.47;-7.24;;;;;;;;
554;18.6;24.6;0.7;8;Successful;Effective;No;No;No;No;No;No;0.0;-7.0;0.25;-7.1;0.39;-7.19;0.47;-7.24;;;;;;;;
555;18.6;24.6;0.7;10;Successful;Effective;No;No;No;No;No;No;0.0;-7.0;0.25;-7.1;0.39;-7.19;0.47;-7.24;;;;;;;;
556;18.6;24.6;0.8;5;Successful;Effective;No;No;No;No;No;No;0.0;-7.0;0.25;-7.1;0.39;-7.18;0.47;-7.24;;;;;;;;
557;18.6;24.6;0.8;8;Successful;Effective;No;No;No;No;No;No;0.0;-7.0;0.25;-7.1;0.39;-7.18;0.47;-7.24;;;;;;;;
558;18.6;24.6;0.8;10;Successful;Effective;No;No;No;No;No;No;0.0;-7.0;0.25;-7.1;0.39;-7.18;0.47;-7.24;;;;;;;;
559;18.6;24.6;0.9;5;Successful;Effective;No;No;No;No;No;No;0.0;-7.0;0.25;-7.1;0.39;-7.18;0.47;-7.23;;;;;;;;
560;18.6;24.6;0.9;8;Successful;Effective;No;No;No;No;No;No;0.0;-7.0;0.25;-7.1;0.39;-7.18;0.47;-7.23;;;;;;;;
561;18.6;24.6;0.9;10;Successful;Effective;No;No;No;No;No;No;0.0;-7.0;0.25;-7.1;0.39;-7.18;0.47;-7.23;;;;;;;;
562;18.6;24.6;1.0;5;Successful;Effective;No;No;No;No;No;No;0.0;-7.0;0.25;-7.09;0.39;-7.17;0.47;-7.23;;;;;;;;
563;18.6;24.6;1.0;8;Successful;Effective;No;No;No;No;No;No;0.0;-7.0;0.25;-7.09;0.39;-7.17;0.47;-7.23;;;;;;;;
564;18.6;24.6;1.0;10;Successful;Effective;No;No;No;No;No;No;0.0;-7.0;0.25;-7.09;0.39;-7.17;0.47;-7.23;;;;;;;;
565;18.6;24.6;1.1;5;Successful;Effective;No;No;No;No;No;No;0.0;-7.0;0.25;-7.09;0.39;-7.17;0.47;-7.23;;;;;;;;
566;18.6;24.6;1.1;8;Successful;Effective;No;No;No;No;No;No;0.0;-7.0;0.25;-7.09;0.39;-7.17;0.47;-7.23;;;;;;;;
567;18.6;24.6;1.1;10;Successful;Effective;No;No;No;No;No;No;0.0;-7.0;0.25;-7.09;0.39;-7.17;0.47;-7.23;;;;;;;;
568;18.7;24.7;0.5;5;Successful;Effective;No;No;No;No;No;No;0.0;-7.0;0.25;-7.11;0.39;-7.2;0.47;-7.25;;;;;;;;
569;18.7;24.7;0.5;8;Successful;Effective;No;No;No;No;No;No;0.0;-7.0;0.25;-7.11;0.39;-7.2;0.47;-7.25;;;;;;;;
570;18.7;24.7;0.5;10;Successful;Effective;No;No;No;No;No;No;0.0;-7.0;0.25;-7.11;0.39;-7.2;0.47;-7.25;;;;;;;;
571;18.7;24.7;0.6;5;Successful;Effective;No;No;No;No;No;No;0.0;-7.0;0.25;-7.11;0.39;-7.19;0.47;-7.25;;;;;;;;
572;18.7;24.7;0.6;8;Successful;Effective;No;No;No;No;No;No;0.0;-7.0;0.25;-7.11;0.39;-7.19;0.47;-7.25;;;;;;;;
573;18.7;24.7;0.6;10;Successful;Effective;No;No;No;No;No;No;0.0;-7.0;0.25;-7.11;0.39;-7.19;0.47;-7.25;;;;;;;;
574;18.7;24.7;0.7;5;Successful;Effective;No;No;No;No;No;No;0.0;-7.0;0.25;-7.1;0.39;-7.19;0.47;-7.24;;;;;;;;
575;18.7;24.7;0.7;8;Successful;Effective;No;No;No;No;No;No;0.0;-7.0;0.25;-7.1;0.39;-7.19;0.47;-7.24;;;;;;;;
576;18.7;24.7;0.7;10;Successful;Effective;No;No;No;No;No;No;0.0;-7.0;0.25;-7.1;0.39;-7.19;0.47;-7.24;;;;;;;;
577;18.7;24.7;0.8;5;Successful;Effective;No;No;No;No;No;No;0.0;-7.0;0.25;-7.1;0.39;-7.19;0.47;-7.24;;;;;;;;
578;18.7;24.7;0.8;8;Successful;Effective;No;No;No;No;No;No;0.0;-7.0;0.25;-7.1;0.39;-7.19;0.47;-7.24;;;;;;;;
579;18.7;24.7;0.8;10;Successful;Effective;No;No;No;No;No;No;0.0;-7.0;0.25;-7.1;0.39;-7.19;0.47;-7.24;;;;;;;;
580;18.7;24.7;0.9;5;Successful;Effective;No;No;No;No;No;No;0.0;-7.0;0.25;-7.1;0.39;-7.18;0.47;-7.24;;;;;;;;
581;18.7;24.7;0.9;8;Successful;Effective;No;No;No;No;No;No;0.0;-7.0;0.25;-7.1;0.39;-7.18;0.47;-7.24;;;;;;;;
582;18.7;24.7;0.9;10;Successful;Effective;No;No;No;No;No;No;0.0;-7.0;0.25;-7.1;0.39;-7.18;0.47;-7.24;;;;;;;;
583;18.7;24.7;1.0;5;Successful;Effective;No;No;No;No;No;No;0.0;-7.0;0.25;-7.09;0.39;-7.18;0.47;-7.24;;;;;;;;
584;18.7;24.7;1.0;8;Successful;Effective;No;No;No;No;No;No;0.0;-7.0;0.25;-7.09;0.39;-7.18;0.47;-7.24;;;;;;;;
585;18.7;24.7;1.0;10;Successful;Effective;No;No;No;No;No;No;0.0;-7.0;0.25;-7.09;0.39;-7.18;0.47;-7.24;;;;;;;;
586;18.7;24.7;1.1;5;Successful;Effective;No;No;No;No;No;No;0.0;-7.0;0.25;-7.09;0.39;-7.18;0.47;-7.23;;;;;;;;
587;18.7;24.7;1.1;8;Successful;Effective;No;No;No;No;No;No;0.0;-7.0;0.25;-7.09;0.39;-7.18;0.47;-7.23;;;;;;;;
588;18.7;24.7;1.1;10;Successful;Effective;No;No;No;No;No;No;0.0;-7.0;0.25;-7.09;0.39;-7.18;0.47;-7.23;;;;;;;;
589;18.8;24.8;0.5;5;Successful;Effective;No;No;No;No;No;No;0.0;-7.0;0.25;-7.11;0.39;-7.2;0.47;-7.25;;;;;;;;
590;18.8;24.8;0.5;8;Successful;Effective;No;No;No;No;No;No;0.0;-7.0;0.25;-7.11;0.39;-7.2;0.47;-7.25;;;;;;;;
591;18.8;24.8;0.5;10;Successful;Effective;No;No;No;No;No;No;0.0;-7.0;0.25;-7.11;0.39;-7.2;0.47;-7.25;;;;;;;;
592;18.8;24.8;0.6;5;Successful;Effective;No;No;No;No;No;No;0.0;-7.0;0.25;-7.11;0.39;-7.2;0.47;-7.25;;;;;;;;
593;18.8;24.8;0.6;8;Successful;Effective;No;No;No;No;No;No;0.0;-7.0;0.25;-7.11;0.39;-7.2;0.47;-7.25;;;;;;;;
594;18.8;24.8;0.6;10;Successful;Effective;No;No;No;No;No;No;0.0;-7.0;0.25;-7.11;0.39;-7.2;0.47;-7.25;;;;;;;;
595;18.8;24.8;0.7;5;Successful;Effective;No;No;No;No;No;No;0.0;-7.0;0.25;-7.1;0.39;-7.19;0.47;-7.25;;;;;;;;
596;18.8;24.8;0.7;8;Successful;Effective;No;No;No;No;No;No;0.0;-7.0;0.25;-7.1;0.39;-7.19;0.47;-7.25;;;;;;;;
597;18.8;24.8;0.7;10;Successful;Effective;No;No;No;No;No;No;0.0;-7.0;0.25;-7.1;0.39;-7.19;0.47;-7.25;;;;;;;;
598;18.8;24.8;0.8;5;Successful;Effective;No;No;No;No;No;No;0.0;-7.0;0.25;-7.1;0.39;-7.19;0.47;-7.25;;;;;;;;
599;18.8;24.8;0.8;8;Successful;Effective;No;No;No;No;No;No;0.0;-7.0;0.25;-7.1;0.39;-7.19;0.47;-7.25;;;;;;;;
600;18.8;24.8;0.8;10;Successful;Effective;No;No;No;No;No;No;0.0;-7.0;0.25;-7.1;0.39;-7.19;0.47;-7.25;;;;;;;;
601;18.8;24.8;0.9;5;Successful;Effective;No;No;No;No;No;No;0.0;-7.0;0.25;-7.09;0.39;-7.19;0.47;-7.24;;;;;;;;
602;18.8;24.8;0.9;8;Successful;Effective;No;No;No;No;No;No;0.0;-7.0;0.25;-7.09;0.39;-7.19;0.47;-7.24;;;;;;;;
603;18.8;24.8;0.9;10;Successful;Effective;No;No;No;No;No;No;0.0;-7.0;0.25;-7.09;0.39;-7.19;0.47;-7.24;;;;;;;;
604;18.8;24.8;1.0;5;Successful;Effective;No;No;No;No;No;No;0.0;-7.0;0.25;-7.09;0.39;-7.18;0.47;-7.24;;;;;;;;
605;18.8;24.8;1.0;8;Successful;Effective;No;No;No;No;No;No;0.0;-7.0;0.25;-7.09;0.39;-7.18;0.47;-7.24;;;;;;;;
606;18.8;24.8;1.0;10;Successful;Effective;No;No;No;No;No;No;0.0;-7.0;0.25;-7.09;0.39;-7.18;0.47;-7.24;;;;;;;;
607;18.8;24.8;1.1;5;Successful;Effective;No;No;No;No;No;No;0.0;-7.0;0.25;-7.09;0.39;-7.18;0.47;-7.24;;;;;;;;
608;18.8;24.8;1.1;8;Successful;Effective;No;No;No;No;No;No;0.0;-7.0;0.25;-7.09;0.39;-7.18;0.47;-7.24;;;;;;;;
609;18.8;24.8;1.1;10;Successful;Effective;No;No;No;No;No;No;0.0;-7.0;0.25;-7.09;0.39;-7.18;0.47;-7.24;;;;;;;;
610;18.9;24.9;0.5;5;Successful;Effective;No;No;No;No;No;No;0.0;-7.0;0.25;-7.11;0.39;-7.2;0.47;-7.25;;;;;;;;
611;18.9;24.9;0.5;8;Successful;Effective;No;No;No;No;No;No;0.0;-7.0;0.25;-7.11;0.39;-7.2;0.47;-7.25;;;;;;;;
612;18.9;24.9;0.5;10;Successful;Effective;No;No;No;No;No;No;0.0;-7.0;0.25;-7.11;0.39;-7.2;0.47;-7.25;;;;;;;;
613;18.9;24.9;0.6;5;Successful;Effective;No;No;No;No;No;No;0.0;-7.0;0.25;-7.11;0.39;-7.2;0.47;-7.25;;;;;;;;
614;18.9;24.9;0.6;8;Successful;Effective;No;No;No;No;No;No;0.0;-7.0;0.25;-7.11;0.39;-7.2;0.47;-7.25;;;;;;;;
615;18.9;24.9;0.6;10;Successful;Effective;No;No;No;No;No;No;0.0;-7.0;0.25;-7.11;0.39;-7.2;0.47;-7.25;;;;;;;;
616;18.9;24.9;0.7;5;Successful;Effective;No;No;No;No;No;No;0.0;-7.0;0.25;-7.1;0.39;-7.2;0.47;-7.25;;;;;;;;
617;18.9;24.9;0.7;8;Successful;Effective;No;No;No;No;No;No;0.0;-7.0;0.25;-7.1;0.39;-7.2;0.47;-7.25;;;;;;;;
618;18.9;24.9;0.7;10;Successful;Effective;No;No;No;No;No;No;0.0;-7.0;0.25;-7.1;0.39;-7.2;0.47;-7.25;;;;;;;;
619;18.9;24.9;0.8;5;Successful;Effective;No;No;No;No;No;No;0.0;-7.0;0.25;-7.1;0.39;-7.2;0.47;-7.25;;;;;;;;
620;18.9;24.9;0.8;8;Successful;Effective;No;No;No;No;No;No;0.0;-7.0;0.25;-7.1;0.39;-7.2;0.47;-7.25;;;;;;;;
621;18.9;24.9;0.8;10;Successful;Effective;No;No;No;No;No;No;0.0;-7.0;0.25;-7.1;0.39;-7.2;0.47;-7.25;;;;;;;;
622;18.9;24.9;0.9;5;Successful;Effective;No;No;No;No;No;No;0.0;-7.0;0.25;-7.1;0.39;-7.19;0.47;-7.25;;;;;;;;
623;18.9;24.9;0.9;8;Successful;Effective;No;No;No;No;No;No;0.0;-7.0;0.25;-7.1;0.39;-7.19;0.47;-7.25;;;;;;;;
624;18.9;24.9;0.9;10;Successful;Effective;No;No;No;No;No;No;0.0;-7.0;0.25;-7.1;0.39;-7.19;0.47;-7.25;;;;;;;;
625;18.9;24.9;1.0;5;Successful;Effective;No;No;No;No;No;No;0.0;-7.0;0.25;-7.1;0.39;-7.19;0.47;-7.24;;;;;;;;
626;18.9;24.9;1.0;8;Successful;Effective;No;No;No;No;No;No;0.0;-7.0;0.25;-7.1;0.39;-7.19;0.47;-7.24;;;;;;;;
627;18.9;24.9;1.0;10;Successful;Effective;No;No;No;No;No;No;0.0;-7.0;0.25;-7.1;0.39;-7.19;0.47;-7.24;;;;;;;;
628;18.9;24.9;1.1;5;Successful;Effective;No;No;No;No;No;No;0.0;-7.0;0.25;-7.1;0.39;-7.19;0.47;-7.24;;;;;;;;
629;18.9;24.9;1.1;8;Successful;Effective;No;No;No;No;No;No;0.0;-7.0;0.25;-7.1;0.39;-7.19;0.47;-7.24;;;;;;;;
630;18.9;24.9;1.1;10;Successful;Effective;No;No;No;No;No;No;0.0;-7.0;0.25;-7.1;0.39;-7.19;0.47;-7.24;;;;;;;;
631;19.0;25.0;0.5;5;Successful;Effective;No;No;No;No;No;No;0.0;-7.0;0.25;-7.11;0.39;-7.2;0.47;-7.26;;;;;;;;
632;19.0;25.0;0.5;8;Successful;Effective;No;No;No;No;No;No;0.0;-7.0;0.25;-7.11;0.39;-7.2;0.47;-7.26;;;;;;;;
633;19.0;25.0;0.5;10;Successful;Effective;No;No;No;No;No;No;0.0;-7.0;0.25;-7.11;0.39;-7.2;0.47;-7.26;;;;;;;;
634;19.0;25.0;0.6;5;Successful;Effective;No;No;No;No;No;No;0.0;-7.0;0.25;-7.11;0.39;-7.2;0.47;-7.25;;;;;;;;
635;19.0;25.0;0.6;8;Successful;Effective;No;No;No;No;No;No;0.0;-7.0;0.25;-7.11;0.39;-7.2;0.47;-7.25;;;;;;;;
636;19.0;25.0;0.6;10;Successful;Effective;No;No;No;No;No;No;0.0;-7.0;0.25;-7.11;0.39;-7.2;0.47;-7.25;;;;;;;;
637;19.0;25.0;0.7;5;Successful;Effective;No;No;No;No;No;No;0.0;-7.0;0.25;-7.1;0.39;-7.2;0.47;-7.25;;;;;;;;
638;19.0;25.0;0.7;8;Successful;Effective;No;No;No;No;No;No;0.0;-7.0;0.25;-7.1;0.39;-7.2;0.47;-7.25;;;;;;;;
639;19.0;25.0;0.7;10;Successful;Effective;No;No;No;No;No;No;0.0;-7.0;0.25;-7.1;0.39;-7.2;0.47;-7.25;;;;;;;;
640;19.0;25.0;0.8;5;Successful;Effective;No;No;No;No;No;No;0.0;-7.0;0.25;-7.1;0.39;-7.2;0.47;-7.25;;;;;;;;
641;19.0;25.0;0.8;8;Successful;Effective;No;No;No;No;No;No;0.0;-7.0;0.25;-7.1;0.39;-7.2;0.47;-7.25;;;;;;;;
642;19.0;25.0;0.8;10;Successful;Effective;No;No;No;No;No;No;0.0;-7.0;0.25;-7.1;0.39;-7.2;0.47;-7.25;;;;;;;;
643;19.0;25.0;0.9;5;Successful;Effective;No;No;No;No;No;No;0.0;-7.0;0.25;-7.1;0.39;-7.2;0.47;-7.25;;;;;;;;
644;19.0;25.0;0.9;8;Successful;Effective;No;No;No;No;No;No;0.0;-7.0;0.25;-7.1;0.39;-7.2;0.47;-7.25;;;;;;;;
645;19.0;25.0;0.9;10;Successful;Effective;No;No;No;No;No;No;0.0;-7.0;0.25;-7.1;0.39;-7.2;0.47;-7.25;;;;;;;;
646;19.0;25.0;1.0;5;Successful;Effective;No;No;No;No;No;No;0.0;-7.0;0.25;-7.1;0.39;-7.2;0.47;-7.25;;;;;;;;
647;19.0;25.0;1.0;8;Successful;Effective;No;No;No;No;No;No;0.0;-7.0;0.25;-7.1;0.39;-7.2;0.47;-7.25;;;;;;;;
648;19.0;25.0;1.0;10;Successful;Effective;No;No;No;No;No;No;0.0;-7.0;0.25;-7.1;0.39;-7.2;0.47;-7.25;;;;;;;;
649;19.0;25.0;1.1;5;Successful;Effective;No;No;No;No;No;No;0.0;-7.0;0.25;-7.1;0.39;-7.2;0.47;-7.25;;;;;;;;
650;19.0;25.0;1.1;8;Successful;Effective;No;No;No;No;No;No;0.0;-7.0;0.25;-7.1;0.39;-7.2;0.47;-7.25;;;;;;;;
651;19.0;25.0;1.1;10;Successful;Effective;No;No;No;No;No;No;0.0;-7.0;0.25;-7.1;0.39;-7.2;0.47;-7.25;;;;;;;;
652;19.1;25.1;0.5;5;Successful;Effective;No;No;No;No;No;No;0.0;-7.0;0.25;-7.11;0.39;-7.2;0.47;-7.26;;;;;;;;
653;19.1;25.1;0.5;8;Successful;Effective;No;No;No;No;No;No;0.0;-7.0;0.25;-7.11;0.39;-7.2;0.47;-7.26;;;;;;;;
654;19.1;25.1;0.5;10;Successful;Effective;No;No;No;No;No;No;0.0;-7.0;0.25;-7.11;0.39;-7.2;0.47;-7.26;;;;;;;;
655;19.1;25.1;0.6;5;Successful;Effective;No;No;No;No;No;No;0.0;-7.0;0.25;-7.11;0.39;-7.2;0.47;-7.26;;;;;;;;
656;19.1;25.1;0.6;8;Successful;Effective;No;No;No;No;No;No;0.0;-7.0;0.25;-7.11;0.39;-7.2;0.47;-7.26;;;;;;;;
657;19.1;25.1;0.6;10;Successful;Effective;No;No;No;No;No;No;0.0;-7.0;0.25;-7.11;0.39;-7.2;0.47;-7.26;;;;;;;;
658;19.1;25.1;0.7;5;Successful;Effective;No;No;No;No;No;No;0.0;-7.0;0.25;-7.11;0.39;-7.2;0.47;-7.25;;;;;;;;
659;19.1;25.1;0.7;8;Successful;Effective;No;No;No;No;No;No;0.0;-7.0;0.25;-7.11;0.39;-7.2;0.47;-7.25;;;;;;;;
660;19.1;25.1;0.7;10;Successful;Effective;No;No;No;No;No;No;0.0;-7.0;0.25;-7.11;0.39;-7.2;0.47;-7.25;;;;;;;;
661;19.1;25.1;0.8;5;Successful;Effective;No;No;No;No;No;No;0.0;-7.0;0.25;-7.11;0.39;-7.2;0.47;-7.25;;;;;;;;
662;19.1;25.1;0.8;8;Successful;Effective;No;No;No;No;No;No;0.0;-7.0;0.25;-7.11;0.39;-7.2;0.47;-7.25;;;;;;;;
663;19.1;25.1;0.8;10;Successful;Effective;No;No;No;No;No;No;0.0;-7.0;0.25;-7.11;0.39;-7.2;0.47;-7.25;;;;;;;;
664;19.1;25.1;0.9;5;Successful;Effective;No;No;No;No;No;No;0.0;-7.0;0.25;-7.11;0.39;-7.2;0.47;-7.25;;;;;;;;
665;19.1;25.1;0.9;8;Successful;Effective;No;No;No;No;No;No;0.0;-7.0;0.25;-7.11;0.39;-7.2;0.47;-7.25;;;;;;;;
666;19.1;25.1;0.9;10;Successful;Effective;No;No;No;No;No;No;0.0;-7.0;0.25;-7.11;0.39;-7.2;0.47;-7.25;;;;;;;;
667;19.1;25.1;1.0;5;Successful;Effective;No;No;No;No;No;No;0.0;-7.0;0.25;-7.11;0.39;-7.2;0.47;-7.25;;;;;;;;
668;19.1;25.1;1.0;8;Successful;Effective;No;No;No;No;No;No;0.0;-7.0;0.25;-7.11;0.39;-7.2;0.47;-7.25;;;;;;;;
669;19.1;25.1;1.0;10;Successful;Effective;No;No;No;No;No;No;0.0;-7.0;0.25;-7.11;0.39;-7.2;0.47;-7.25;;;;;;;;
670;19.1;25.1;1.1;5;Successful;Effective;No;No;No;No;No;No;0.0;-7.0;0.25;-7.11;0.39;-7.2;0.47;-7.25;;;;;;;;
671;19.1;25.1;1.1;8;Successful;Effective;No;No;No;No;No;No;0.0;-7.0;0.25;-7.11;0.39;-7.2;0.47;-7.25;;;;;;;;
672;19.1;25.1;1.1;10;Successful;Effective;No;No;No;No;No;No;0.0;-7.0;0.25;-7.11;0.39;-7.2;0.47;-7.25;;;;;;;;
673;19.2;25.2;0.5;5;Successful;Effective;No;No;No;No;No;No;0.0;-7.0;0.25;-7.11;0.39;-7.2;0.47;-7.26;;;;;;;;
674;19.2;25.2;0.5;8;Successful;Effective;No;No;No;No;No;No;0.0;-7.0;0.25;-7.11;0.39;-7.2;0.47;-7.26;;;;;;;;
675;19.2;25.2;0.5;10;Successful;Effective;No;No;No;No;No;No;0.0;-7.0;0.25;-7.11;0.39;-7.2;0.47;-7.26;;;;;;;;
676;19.2;25.2;0.6;5;Successful;Effective;No;No;No;No;No;No;0.0;-7.0;0.25;-7.11;0.39;-7.2;0.47;-7.26;;;;;;;;
677;19.2;25.2;0.6;8;Successful;Effective;No;No;No;No;No;No;0.0;-7.0;0.25;-7.11;0.39;-7.2;0.47;-7.26;;;;;;;;
678;19.2;25.2;0.6;10;Successful;Effective;No;No;No;No;No;No;0.0;-7.0;0.25;-7.11;0.39;-7.2;0.47;-7.26;;;;;;;;
679;19.2;25.2;0.7;5;Successful;Effective;No;No;No;No;No;No;0.0;-7.0;0.25;-7.11;0.39;-7.2;0.47;-7.26;;;;;;;;
680;19.2;25.2;0.7;8;Successful;Effective;No;No;No;No;No;No;0.0;-7.0;0.25;-7.11;0.39;-7.2;0.47;-7.26;;;;;;;;
681;19.2;25.2;0.7;10;Successful;Effective;No;No;No;No;No;No;0.0;-7.0;0.25;-7.11;0.39;-7.2;0.47;-7.26;;;;;;;;
682;19.2;25.2;0.8;5;Successful;Effective;No;No;No;No;No;No;0.0;-7.0;0.25;-7.11;0.39;-7.2;0.47;-7.25;;;;;;;;
683;19.2;25.2;0.8;8;Successful;Effective;No;No;No;No;No;No;0.0;-7.0;0.25;-7.11;0.39;-7.2;0.47;-7.25;;;;;;;;
684;19.2;25.2;0.8;10;Successful;Effective;No;No;No;No;No;No;0.0;-7.0;0.25;-7.11;0.39;-7.2;0.47;-7.25;;;;;;;;
685;19.2;25.2;0.9;5;Successful;Effective;No;No;No;No;No;No;0.0;-7.0;0.25;-7.11;0.39;-7.2;0.47;-7.25;;;;;;;;
686;19.2;25.2;0.9;8;Successful;Effective;No;No;No;No;No;No;0.0;-7.0;0.25;-7.11;0.39;-7.2;0.47;-7.25;;;;;;;;
687;19.2;25.2;0.9;10;Successful;Effective;No;No;No;No;No;No;0.0;-7.0;0.25;-7.11;0.39;-7.2;0.47;-7.25;;;;;;;;
688;19.2;25.2;1.0;5;Successful;Effective;No;No;No;No;No;No;0.0;-7.0;0.25;-7.11;0.39;-7.2;0.47;-7.25;;;;;;;;
689;19.2;25.2;1.0;8;Successful;Effective;No;No;No;No;No;No;0.0;-7.0;0.25;-7.11;0.39;-7.2;0.47;-7.25;;;;;;;;
690;19.2;25.2;1.0;10;Successful;Effective;No;No;No;No;No;No;0.0;-7.0;0.25;-7.11;0.39;-7.2;0.47;-7.25;;;;;;;;
691;19.2;25.2;1.1;5;Successful;Effective;No;No;No;No;No;No;0.0;-7.0;0.25;-7.11;0.39;-7.2;0.47;-7.25;;;;;;;;
692;19.2;25.2;1.1;8;Successful;Effective;No;No;No;No;No;No;0.0;-7.0;0.25;-7.11;0.39;-7.2;0.47;-7.25;;;;;;;;
693;19.2;25.2;1.1;10;Successful;Effective;No;No;No;No;No;No;0.0;-7.0;0.25;-7.11;0.39;-7.2;0.47;-7.25;;;;;;;;
694;19.3;25.3;0.5;5;Successful;Effective;No;No;No;No;No;No;0.0;-7.0;0.25;-7.11;0.39;-7.2;0.47;-7.26;;;;;;;;
695;19.3;25.3;0.5;8;Successful;Effective;No;No;No;No;No;No;0.0;-7.0;0.25;-7.11;0.39;-7.2;0.47;-7.26;;;;;;;;
696;19.3;25.3;0.5;10;Successful;Effective;No;No;No;No;No;No;0.0;-7.0;0.25;-7.11;0.39;-7.2;0.47;-7.26;;;;;;;;
697;19.3;25.3;0.6;5;Successful;Effective;No;No;No;No;No;No;0.0;-7.0;0.25;-7.11;0.39;-7.2;0.47;-7.26;;;;;;;;
698;19.3;25.3;0.6;8;Successful;Effective;No;No;No;No;No;No;0.0;-7.0;0.25;-7.11;0.39;-7.2;0.47;-7.26;;;;;;;;
699;19.3;25.3;0.6;10;Successful;Effective;No;No;No;No;No;No;0.0;-7.0;0.25;-7.11;0.39;-7.2;0.47;-7.26;;;;;;;;
700;19.3;25.3;0.7;5;Successful;Effective;No;No;No;No;No;No;0.0;-7.0;0.25;-7.11;0.39;-7.2;0.47;-7.26;;;;;;;;
701;19.3;25.3;0.7;8;Successful;Effective;No;No;No;No;No;No;0.0;-7.0;0.25;-7.11;0.39;-7.2;0.47;-7.26;;;;;;;;
702;19.3;25.3;0.7;10;Successful;Effective;No;No;No;No;No;No;0.0;-7.0;0.25;-7.11;0.39;-7.2;0.47;-7.26;;;;;;;;
703;19.3;25.3;0.8;5;Successful;Effective;No;No;No;No;No;No;0.0;-7.0;0.25;-7.11;0.39;-7.2;0.47;-7.26;;;;;;;;
704;19.3;25.3;0.8;8;Successful;Effective;No;No;No;No;No;No;0.0;-7.0;0.25;-7.11;0.39;-7.2;0.47;-7.26;;;;;;;;
705;19.3;25.3;0.8;10;Successful;Effective;No;No;No;No;No;No;0.0;-7.0;0.25;-7.11;0.39;-7.2;0.47;-7.26;;;;;;;;
706;19.3;25.3;0.9;5;Successful;Effective;No;No;No;No;No;No;0.0;-7.0;0.25;-7.11;0.39;-7.2;0.47;-7.26;;;;;;;;
707;19.3;25.3;0.9;8;Successful;Effective;No;No;No;No;No;No;0.0;-7.0;0.25;-7.11;0.39;-7.2;0.47;-7.26;;;;;;;;
708;19.3;25.3;0.9;10;Successful;Effective;No;No;No;No;No;No;0.0;-7.0;0.25;-7.11;0.39;-7.2;0.47;-7.26;;;;;;;;
709;19.3;25.3;1.0;5;Successful;Effective;No;No;No;No;No;No;0.0;-7.0;0.25;-7.11;0.39;-7.2;0.47;-7.26;;;;;;;;
710;19.3;25.3;1.0;8;Successful;Effective;No;No;No;No;No;No;0.0;-7.0;0.25;-7.11;0.39;-7.2;0.47;-7.26;;;;;;;;
711;19.3;25.3;1.0;10;Successful;Effective;No;No;No;No;No;No;0.0;-7.0;0.25;-7.11;0.39;-7.2;0.47;-7.26;;;;;;;;
712;19.3;25.3;1.1;5;Successful;Effective;No;No;No;No;No;No;0.0;-7.0;0.25;-7.11;0.39;-7.2;0.47;-7.26;;;;;;;;
713;19.3;25.3;1.1;8;Successful;Effective;No;No;No;No;No;No;0.0;-7.0;0.25;-7.11;0.39;-7.2;0.47;-7.26;;;;;;;;
714;19.3;25.3;1.1;10;Successful;Effective;No;No;No;No;No;No;0.0;-7.0;0.25;-7.11;0.39;-7.2;0.47;-7.26;;;;;;;;
715;19.4;25.4;0.5;5;Successful;Effective;No;No;No;No;No;No;0.0;-7.0;0.25;-7.11;0.39;-7.2;0.47;-7.26;;;;;;;;
716;19.4;25.4;0.5;8;Successful;Effective;No;No;No;No;No;No;0.0;-7.0;0.25;-7.11;0.39;-7.2;0.47;-7.26;;;;;;;;
717;19.4;25.4;0.5;10;Successful;Effective;No;No;No;No;No;No;0.0;-7.0;0.25;-7.11;0.39;-7.2;0.47;-7.26;;;;;;;;
718;19.4;25.4;0.6;5;Successful;Effective;No;No;No;No;No;No;0.0;-7.0;0.25;-7.11;0.39;-7.2;0.47;-7.26;;;;;;;;
719;19.4;25.4;0.6;8;Successful;Effective;No;No;No;No;No;No;0.0;-7.0;0.25;-7.11;0.39;-7.2;0.47;-7.26;;;;;;;;
720;19.4;25.4;0.6;10;Successful;Effective;No;No;No;No;No;No;0.0;-7.0;0.25;-7.11;0.39;-7.2;0.47;-7.26;;;;;;;;
721;19.4;25.4;0.7;5;Successful;Effective;No;No;No;No;No;No;0.0;-7.0;0.25;-7.11;0.39;-7.2;0.47;-7.26;;;;;;;;
722;19.4;25.4;0.7;8;Successful;Effective;No;No;No;No;No;No;0.0;-7.0;0.25;-7.11;0.39;-7.2;0.47;-7.26;;;;;;;;
723;19.4;25.4;0.7;10;Successful;Effective;No;No;No;No;No;No;0.0;-7.0;0.25;-7.11;0.39;-7.2;0.47;-7.26;;;;;;;;
724;19.4;25.4;0.8;5;Successful;Effective;No;No;No;No;No;No;0.0;-7.0;0.25;-7.11;0.39;-7.2;0.47;-7.26;;;;;;;;
725;19.4;25.4;0.8;8;Successful;Effective;No;No;No;No;No;No;0.0;-7.0;0.25;-7.11;0.39;-7.2;0.47;-7.26;;;;;;;;
726;19.4;25.4;0.8;10;Successful;Effective;No;No;No;No;No;No;0.0;-7.0;0.25;-7.11;0.39;-7.2;0.47;-7.26;;;;;;;;
727;19.4;25.4;0.9;5;Successful;Effective;No;No;No;No;No;No;0.0;-7.0;0.25;-7.11;0.39;-7.2;0.47;-7.26;;;;;;;;
728;19.4;25.4;0.9;8;Successful;Effective;No;No;No;No;No;No;0.0;-7.0;0.25;-7.11;0.39;-7.2;0.47;-7.26;;;;;;;;
729;19.4;25.4;0.9;10;Successful;Effective;No;No;No;No;No;No;0.0;-7.0;0.25;-7.11;0.39;-7.2;0.47;-7.26;;;;;;;;
730;19.4;25.4;1.0;5;Successful;Effective;No;No;No;No;No;No;0.0;-7.0;0.25;-7.11;0.39;-7.2;0.47;-7.26;;;;;;;;
731;19.4;25.4;1.0;8;Successful;Effective;No;No;No;No;No;No;0.0;-7.0;0.25;-7.11;0.39;-7.2;0.47;-7.26;;;;;;;;
732;19.4;25.4;1.0;10;Successful;Effective;No;No;No;No;No;No;0.0;-7.0;0.25;-7.11;0.39;-7.2;0.47;-7.26;;;;;;;;
733;19.4;25.4;1.1;5;Successful;Effective;No;No;No;No;No;No;0.0;-7.0;0.25;-7.11;0.39;-7.2;0.47;-7.26;;;;;;;;
734;19.4;25.4;1.1;8;Successful;Effective;No;No;No;No;No;No;0.0;-7.0;0.25;-7.11;0.39;-7.2;0.47;-7.26;;;;;;;;
735;19.4;25.4;1.1;10;Successful;Effective;No;No;No;No;No;No;0.0;-7.0;0.25;-7.11;0.39;-7.2;0.47;-7.26;;;;;;;;
736;19.5;25.5;0.5;5;Successful;Effective;No;No;No;No;No;No;0.0;-7.0;0.25;-7.11;0.39;-7.2;0.47;-7.26;;;;;;;;
737;19.5;25.5;0.5;8;Successful;Effective;No;No;No;No;No;No;0.0;-7.0;0.25;-7.11;0.39;-7.2;0.47;-7.26;;;;;;;;
738;19.5;25.5;0.5;10;Successful;Effective;No;No;No;No;No;No;0.0;-7.0;0.25;-7.11;0.39;-7.2;0.47;-7.26;;;;;;;;
739;19.5;25.5;0.6;5;Successful;Effective;No;No;No;No;No;No;0.0;-7.0;0.25;-7.11;0.39;-7.2;0.47;-7.26;;;;;;;;
740;19.5;25.5;0.6;8;Successful;Effective;No;No;No;No;No;No;0.0;-7.0;0.25;-7.11;0.39;-7.2;0.47;-7.26;;;;;;;;
741;19.5;25.5;0.6;10;Successful;Effective;No;No;No;No;No;No;0.0;-7.0;0.25;-7.11;0.39;-7.2;0.47;-7.26;;;;;;;;
742;19.5;25.5;0.7;5;Successful;Effective;No;No;No;No;No;No;0.0;-7.0;0.25;-7.11;0.39;-7.2;0.47;-7.26;;;;;;;;
743;19.5;25.5;0.7;8;Successful;Effective;No;No;No;No;No;No;0.0;-7.0;0.25;-7.11;0.39;-7.2;0.47;-7.26;;;;;;;;
744;19.5;25.5;0.7;10;Successful;Effective;No;No;No;No;No;No;0.0;-7.0;0.25;-7.11;0.39;-7.2;0.47;-7.26;;;;;;;;
745;19.5;25.5;0.8;5;Successful;Effective;No;No;No;No;No;No;0.0;-7.0;0.25;-7.11;0.39;-7.2;0.47;-7.26;;;;;;;;
746;19.5;25.5;0.8;8;Successful;Effective;No;No;No;No;No;No;0.0;-7.0;0.25;-7.11;0.39;-7.2;0.47;-7.26;;;;;;;;
747;19.5;25.5;0.8;10;Successful;Effective;No;No;No;No;No;No;0.0;-7.0;0.25;-7.11;0.39;-7.2;0.47;-7.26;;;;;;;;
748;19.5;25.5;0.9;5;Successful;Effective;No;No;No;No;No;No;0.0;-7.0;0.25;-7.11;0.39;-7.2;0.47;-7.26;;;;;;;;
749;19.5;25.5;0.9;8;Successful;Effective;No;No;No;No;No;No;0.0;-7.0;0.25;-7.11;0.39;-7.2;0.47;-7.26;;;;;;;;
750;19.5;25.5;0.9;10;Successful;Effective;No;No;No;No;No;No;0.0;-7.0;0.25;-7.11;0.39;-7.2;0.47;-7.26;;;;;;;;
751;19.5;25.5;1.0;5;Successful;Effective;No;No;No;No;No;No;0.0;-7.0;0.25;-7.11;0.39;-7.2;0.47;-7.26;;;;;;;;
752;19.5;25.5;1.0;8;Successful;Effective;No;No;No;No;No;No;0.0;-7.0;0.25;-7.11;0.39;-7.2;0.47;-7.26;;;;;;;;
753;19.5;25.5;1.0;10;Successful;Effective;No;No;No;No;No;No;0.0;-7.0;0.25;-7.11;0.39;-7.2;0.47;-7.26;;;;;;;;
754;19.5;25.5;1.1;5;Successful;Effective;No;No;No;No;No;No;0.0;-7.0;0.25;-7.11;0.39;-7.2;0.47;-7.26;;;;;;;;
755;19.5;25.5;1.1;8;Successful;Effective;No;No;No;No;No;No;0.0;-7.0;0.25;-7.11;0.39;-7.2;0.47;-7.26;;;;;;;;
756;19.5;25.5;1.1;10;Successful;Effective;No;No;No;No;No;No;0.0;-7.0;0.25;-7.11;0.39;-7.2;0.47;-7.26;;;;;;;;
757;19.6;25.6;0.5;5;Successful;Effective;No;No;No;No;No;No;0.0;-7.0;0.25;-7.12;0.39;-7.2;0.47;-7.26;;;;;;;;
758;19.6;25.6;0.5;8;Successful;Effective;No;No;No;No;No;No;0.0;-7.0;0.25;-7.12;0.39;-7.2;0.47;-7.26;;;;;;;;
759;19.6;25.6;0.5;10;Successful;Effective;No;No;No;No;No;No;0.0;-7.0;0.25;-7.12;0.39;-7.2;0.47;-7.26;;;;;;;;
760;19.6;25.6;0.6;5;Successful;Effective;No;No;No;No;No;No;0.0;-7.0;0.25;-7.12;0.39;-7.2;0.47;-7.26;;;;;;;;
761;19.6;25.6;0.6;8;Successful;Effective;No;No;No;No;No;No;0.0;-7.0;0.25;-7.12;0.39;-7.2;0.47;-7.26;;;;;;;;
762;19.6;25.6;0.6;10;Successful;Effective;No;No;No;No;No;No;0.0;-7.0;0.25;-7.12;0.39;-7.2;0.47;-7.26;;;;;;;;
763;19.6;25.6;0.7;5;Successful;Effective;No;No;No;No;No;No;0.0;-7.0;0.25;-7.12;0.39;-7.2;0.47;-7.26;;;;;;;;
764;19.6;25.6;0.7;8;Successful;Effective;No;No;No;No;No;No;0.0;-7.0;0.25;-7.12;0.39;-7.2;0.47;-7.26;;;;;;;;
765;19.6;25.6;0.7;10;Successful;Effective;No;No;No;No;No;No;0.0;-7.0;0.25;-7.12;0.39;-7.2;0.47;-7.26;;;;;;;;
766;19.6;25.6;0.8;5;Successful;Effective;No;No;No;No;No;No;0.0;-7.0;0.25;-7.12;0.39;-7.2;0.47;-7.26;;;;;;;;
767;19.6;25.6;0.8;8;Successful;Effective;No;No;No;No;No;No;0.0;-7.0;0.25;-7.12;0.39;-7.2;0.47;-7.26;;;;;;;;
768;19.6;25.6;0.8;10;Successful;Effective;No;No;No;No;No;No;0.0;-7.0;0.25;-7.12;0.39;-7.2;0.47;-7.26;;;;;;;;
769;19.6;25.6;0.9;5;Successful;Effective;No;No;No;No;No;No;0.0;-7.0;0.25;-7.12;0.39;-7.2;0.47;-7.26;;;;;;;;
770;19.6;25.6;0.9;8;Successful;Effective;No;No;No;No;No;No;0.0;-7.0;0.25;-7.12;0.39;-7.2;0.47;-7.26;;;;;;;;
771;19.6;25.6;0.9;10;Successful;Effective;No;No;No;No;No;No;0.0;-7.0;0.25;-7.12;0.39;-7.2;0.47;-7.26;;;;;;;;
772;19.6;25.6;1.0;5;Successful;Effective;No;No;No;No;No;No;0.0;-7.0;0.25;-7.12;0.39;-7.2;0.47;-7.26;;;;;;;;
773;19.6;25.6;1.0;8;Successful;Effective;No;No;No;No;No;No;0.0;-7.0;0.25;-7.12;0.39;-7.2;0.47;-7.26;;;;;;;;
774;19.6;25.6;1.0;10;Successful;Effective;No;No;No;No;No;No;0.0;-7.0;0.25;-7.12;0.39;-7.2;0.47;-7.26;;;;;;;;
775;19.6;25.6;1.1;5;Successful;Effective;No;No;No;No;No;No;0.0;-7.0;0.25;-7.12;0.39;-7.2;0.47;-7.26;;;;;;;;
776;19.6;25.6;1.1;8;Successful;Effective;No;No;No;No;No;No;0.0;-7.0;0.25;-7.12;0.39;-7.2;0.47;-7.26;;;;;;;;
777;19.6;25.6;1.1;10;Successful;Effective;No;No;No;No;No;No;0.0;-7.0;0.25;-7.12;0.39;-7.2;0.47;-7.26;;;;;;;;
778;19.7;25.7;0.5;5;Successful;Effective;No;No;No;No;No;No;0.0;-7.0;0.25;-7.12;0.39;-7.2;0.47;-7.25;;;;;;;;
779;19.7;25.7;0.5;8;Successful;Effective;No;No;No;No;No;No;0.0;-7.0;0.25;-7.12;0.39;-7.2;0.47;-7.25;;;;;;;;
780;19.7;25.7;0.5;10;Successful;Effective;No;No;No;No;No;No;0.0;-7.0;0.25;-7.12;0.39;-7.2;0.47;-7.25;;;;;;;;
781;19.7;25.7;0.6;5;Successful;Effective;No;No;No;No;No;No;0.0;-7.0;0.25;-7.12;0.39;-7.2;0.47;-7.25;;;;;;;;
782;19.7;25.7;0.6;8;Successful;Effective;No;No;No;No;No;No;0.0;-7.0;0.25;-7.12;0.39;-7.2;0.47;-7.25;;;;;;;;
783;19.7;25.7;0.6;10;Successful;Effective;No;No;No;No;No;No;0.0;-7.0;0.25;-7.12;0.39;-7.2;0.47;-7.25;;;;;;;;
784;19.7;25.7;0.7;5;Successful;Effective;No;No;No;No;No;No;0.0;-7.0;0.25;-7.12;0.39;-7.2;0.47;-7.25;;;;;;;;
785;19.7;25.7;0.7;8;Successful;Effective;No;No;No;No;No;No;0.0;-7.0;0.25;-7.12;0.39;-7.2;0.47;-7.25;;;;;;;;
786;19.7;25.7;0.7;10;Successful;Effective;No;No;No;No;No;No;0.0;-7.0;0.25;-7.12;0.39;-7.2;0.47;-7.25;;;;;;;;
787;19.7;25.7;0.8;5;Successful;Effective;No;No;No;No;No;No;0.0;-7.0;0.25;-7.12;0.39;-7.2;0.47;-7.25;;;;;;;;
788;19.7;25.7;0.8;8;Successful;Effective;No;No;No;No;No;No;0.0;-7.0;0.25;-7.12;0.39;-7.2;0.47;-7.25;;;;;;;;
789;19.7;25.7;0.8;10;Successful;Effective;No;No;No;No;No;No;0.0;-7.0;0.25;-7.12;0.39;-7.2;0.47;-7.25;;;;;;;;
790;19.7;25.7;0.9;5;Successful;Effective;No;No;No;No;No;No;0.0;-7.0;0.25;-7.12;0.39;-7.2;0.47;-7.25;;;;;;;;
791;19.7;25.7;0.9;8;Successful;Effective;No;No;No;No;No;No;0.0;-7.0;0.25;-7.12;0.39;-7.2;0.47;-7.25;;;;;;;;
792;19.7;25.7;0.9;10;Successful;Effective;No;No;No;No;No;No;0.0;-7.0;0.25;-7.12;0.39;-7.2;0.47;-7.25;;;;;;;;
793;19.7;25.7;1.0;5;Successful;Effective;No;No;No;No;No;No;0.0;-7.0;0.25;-7.12;0.39;-7.2;0.47;-7.25;;;;;;;;
794;19.7;25.7;1.0;8;Successful;Effective;No;No;No;No;No;No;0.0;-7.0;0.25;-7.12;0.39;-7.2;0.47;-7.25;;;;;;;;
795;19.7;25.7;1.0;10;Successful;Effective;No;No;No;No;No;No;0.0;-7.0;0.25;-7.12;0.39;-7.2;0.47;-7.25;;;;;;;;
796;19.7;25.7;1.1;5;Successful;Effective;No;No;No;No;No;No;0.0;-7.0;0.25;-7.12;0.39;-7.2;0.47;-7.25;;;;;;;;
797;19.7;25.7;1.1;8;Successful;Effective;No;No;No;No;No;No;0.0;-7.0;0.25;-7.12;0.39;-7.2;0.47;-7.25;;;;;;;;
798;19.7;25.7;1.1;10;Successful;Effective;No;No;No;No;No;No;0.0;-7.0;0.25;-7.12;0.39;-7.2;0.47;-7.25;;;;;;;;
799;19.8;25.8;0.5;5;Successful;Effective;No;No;No;No;No;No;0.0;-7.0;0.25;-7.12;0.39;-7.2;0.47;-7.25;;;;;;;;
800;19.8;25.8;0.5;8;Successful;Effective;No;No;No;No;No;No;0.0;-7.0;0.25;-7.12;0.39;-7.2;0.47;-7.25;;;;;;;;
801;19.8;25.8;0.5;10;Successful;Effective;No;No;No;No;No;No;0.0;-7.0;0.25;-7.12;0.39;-7.2;0.47;-7.25;;;;;;;;
802;19.8;25.8;0.6;5;Successful;Effective;No;No;No;No;No;No;0.0;-7.0;0.25;-7.12;0.39;-7.2;0.47;-7.25;;;;;;;;
803;19.8;25.8;0.6;8;Successful;Effective;No;No;No;No;No;No;0.0;-7.0;0.25;-7.12;0.39;-7.2;0.47;-7.25;;;;;;;;
804;19.8;25.8;0.6;10;Successful;Effective;No;No;No;No;No;No;0.0;-7.0;0.25;-7.12;0.39;-7.2;0.47;-7.25;;;;;;;;
805;19.8;25.8;0.7;5;Successful;Effective;No;No;No;No;No;No;0.0;-7.0;0.25;-7.12;0.39;-7.2;0.47;-7.25;;;;;;;;
806;19.8;25.8;0.7;8;Successful;Effective;No;No;No;No;No;No;0.0;-7.0;0.25;-7.12;0.39;-7.2;0.47;-7.25;;;;;;;;
807;19.8;25.8;0.7;10;Successful;Effective;No;No;No;No;No;No;0.0;-7.0;0.25;-7.12;0.39;-7.2;0.47;-7.25;;;;;;;;
808;19.8;25.8;0.8;5;Successful;Effective;No;No;No;No;No;No;0.0;-7.0;0.25;-7.12;0.39;-7.2;0.47;-7.25;;;;;;;;
809;19.8;25.8;0.8;8;Successful;Effective;No;No;No;No;No;No;0.0;-7.0;0.25;-7.12;0.39;-7.2;0.47;-7.25;;;;;;;;
810;19.8;25.8;0.8;10;Successful;Effective;No;No;No;No;No;No;0.0;-7.0;0.25;-7.12;0.39;-7.2;0.47;-7.25;;;;;;;;
811;19.8;25.8;0.9;5;Successful;Effective;No;No;No;No;No;No;0.0;-7.0;0.25;-7.12;0.39;-7.2;0.47;-7.25;;;;;;;;
812;19.8;25.8;0.9;8;Successful;Effective;No;No;No;No;No;No;0.0;-7.0;0.25;-7.12;0.39;-7.2;0.47;-7.25;;;;;;;;
813;19.8;25.8;0.9;10;Successful;Effective;No;No;No;No;No;No;0.0;-7.0;0.25;-7.12;0.39;-7.2;0.47;-7.25;;;;;;;;
814;19.8;25.8;1.0;5;Successful;Effective;No;No;No;No;No;No;0.0;-7.0;0.25;-7.12;0.39;-7.2;0.47;-7.25;;;;;;;;
815;19.8;25.8;1.0;8;Successful;Effective;No;No;No;No;No;No;0.0;-7.0;0.25;-7.12;0.39;-7.2;0.47;-7.25;;;;;;;;
816;19.8;25.8;1.0;10;Successful;Effective;No;No;No;No;No;No;0.0;-7.0;0.25;-7.12;0.39;-7.2;0.47;-7.25;;;;;;;;
817;19.8;25.8;1.1;5;Successful;Effective;No;No;No;No;No;No;0.0;-7.0;0.25;-7.12;0.39;-7.2;0.47;-7.25;;;;;;;;
818;19.8;25.8;1.1;8;Successful;Effective;No;No;No;No;No;No;0.0;-7.0;0.25;-7.12;0.39;-7.2;0.47;-7.25;;;;;;;;
819;19.8;25.8;1.1;10;Successful;Effective;No;No;No;No;No;No;0.0;-7.0;0.25;-7.12;0.39;-7.2;0.47;-7.25;;;;;;;;
820;19.9;25.9;0.5;5;Successful;Effective;No;No;No;No;No;No;0.0;-7.0;0.25;-7.12;0.39;-7.2;0.47;-7.25;;;;;;;;
821;19.9;25.9;0.5;8;Successful;Effective;No;No;No;No;No;No;0.0;-7.0;0.25;-7.12;0.39;-7.2;0.47;-7.25;;;;;;;;
822;19.9;25.9;0.5;10;Successful;Effective;No;No;No;No;No;No;0.0;-7.0;0.25;-7.12;0.39;-7.2;0.47;-7.25;;;;;;;;
823;19.9;25.9;0.6;5;Successful;Effective;No;No;No;No;No;No;0.0;-7.0;0.25;-7.12;0.39;-7.2;0.47;-7.25;;;;;;;;
824;19.9;25.9;0.6;8;Successful;Effective;No;No;No;No;No;No;0.0;-7.0;0.25;-7.12;0.39;-7.2;0.47;-7.25;;;;;;;;
825;19.9;25.9;0.6;10;Successful;Effective;No;No;No;No;No;No;0.0;-7.0;0.25;-7.12;0.39;-7.2;0.47;-7.25;;;;;;;;
826;19.9;25.9;0.7;5;Successful;Effective;No;No;No;No;No;No;0.0;-7.0;0.25;-7.12;0.39;-7.2;0.47;-7.25;;;;;;;;
827;19.9;25.9;0.7;8;Successful;Effective;No;No;No;No;No;No;0.0;-7.0;0.25;-7.12;0.39;-7.2;0.47;-7.25;;;;;;;;
828;19.9;25.9;0.7;10;Successful;Effective;No;No;No;No;No;No;0.0;-7.0;0.25;-7.12;0.39;-7.2;0.47;-7.25;;;;;;;;
829;19.9;25.9;0.8;5;Successful;Effective;No;No;No;No;No;No;0.0;-7.0;0.25;-7.12;0.39;-7.2;0.47;-7.25;;;;;;;;
830;19.9;25.9;0.8;8;Successful;Effective;No;No;No;No;No;No;0.0;-7.0;0.25;-7.12;0.39;-7.2;0.47;-7.25;;;;;;;;
831;19.9;25.9;0.8;10;Successful;Effective;No;No;No;No;No;No;0.0;-7.0;0.25;-7.12;0.39;-7.2;0.47;-7.25;;;;;;;;
832;19.9;25.9;0.9;5;Successful;Effective;No;No;No;No;No;No;0.0;-7.0;0.25;-7.12;0.39;-7.2;0.47;-7.25;;;;;;;;
833;19.9;25.9;0.9;8;Successful;Effective;No;No;No;No;No;No;0.0;-7.0;0.25;-7.12;0.39;-7.2;0.47;-7.25;;;;;;;;
834;19.9;25.9;0.9;10;Successful;Effective;No;No;No;No;No;No;0.0;-7.0;0.25;-7.12;0.39;-7.2;0.47;-7.25;;;;;;;;
835;19.9;25.9;1.0;5;Successful;Effective;No;No;No;No;No;No;0.0;-7.0;0.25;-7.12;0.39;-7.2;0.47;-7.25;;;;;;;;
836;19.9;25.9;1.0;8;Successful;Effective;No;No;No;No;No;No;0.0;-7.0;0.25;-7.12;0.39;-7.2;0.47;-7.25;;;;;;;;
837;19.9;25.9;1.0;10;Successful;Effective;No;No;No;No;No;No;0.0;-7.0;0.25;-7.12;0.39;-7.2;0.47;-7.25;;;;;;;;
838;19.9;25.9;1.1;5;Successful;Effective;No;No;No;No;No;No;0.0;-7.0;0.25;-7.12;0.39;-7.2;0.47;-7.25;;;;;;;;
839;19.9;25.9;1.1;8;Successful;Effective;No;No;No;No;No;No;0.0;-7.0;0.25;-7.12;0.39;-7.2;0.47;-7.25;;;;;;;;
840;19.9;25.9;1.1;10;Successful;Effective;No;No;No;No;No;No;0.0;-7.0;0.25;-7.12;0.39;-7.2;0.47;-7.25;;;;;;;;
841;20.0;26.0;0.5;5;Successful;Effective;No;No;No;No;No;No;0.0;-7.0;0.25;-7.12;0.39;-7.2;0.47;-7.25;;;;;;;;
842;20.0;26.0;0.5;8;Successful;Effective;No;No;No;No;No;No;0.0;-7.0;0.25;-7.12;0.39;-7.2;0.47;-7.25;;;;;;;;
843;20.0;26.0;0.5;10;Successful;Effective;No;No;No;No;No;No;0.0;-7.0;0.25;-7.12;0.39;-7.2;0.47;-7.25;;;;;;;;
844;20.0;26.0;0.6;5;Successful;Effective;No;No;No;No;No;No;0.0;-7.0;0.25;-7.12;0.39;-7.2;0.47;-7.25;;;;;;;;
845;20.0;26.0;0.6;8;Successful;Effective;No;No;No;No;No;No;0.0;-7.0;0.25;-7.12;0.39;-7.2;0.47;-7.25;;;;;;;;
846;20.0;26.0;0.6;10;Successful;Effective;No;No;No;No;No;No;0.0;-7.0;0.25;-7.12;0.39;-7.2;0.47;-7.25;;;;;;;;
847;20.0;26.0;0.7;5;Successful;Effective;No;No;No;No;No;No;0.0;-7.0;0.25;-7.12;0.39;-7.2;0.47;-7.25;;;;;;;;
848;20.0;26.0;0.7;8;Successful;Effective;No;No;No;No;No;No;0.0;-7.0;0.25;-7.12;0.39;-7.2;0.47;-7.25;;;;;;;;
849;20.0;26.0;0.7;10;Successful;Effective;No;No;No;No;No;No;0.0;-7.0;0.25;-7.12;0.39;-7.2;0.47;-7.25;;;;;;;;
850;20.0;26.0;0.8;5;Successful;Effective;No;No;No;No;No;No;0.0;-7.0;0.25;-7.12;0.39;-7.2;0.47;-7.25;;;;;;;;
851;20.0;26.0;0.8;8;Successful;Effective;No;No;No;No;No;No;0.0;-7.0;0.25;-7.12;0.39;-7.2;0.47;-7.25;;;;;;;;
852;20.0;26.0;0.8;10;Successful;Effective;No;No;No;No;No;No;0.0;-7.0;0.25;-7.12;0.39;-7.2;0.47;-7.25;;;;;;;;
853;20.0;26.0;0.9;5;Successful;Effective;No;No;No;No;No;No;0.0;-7.0;0.25;-7.12;0.39;-7.2;0.47;-7.25;;;;;;;;
854;20.0;26.0;0.9;8;Successful;Effective;No;No;No;No;No;No;0.0;-7.0;0.25;-7.12;0.39;-7.2;0.47;-7.25;;;;;;;;
855;20.0;26.0;0.9;10;Successful;Effective;No;No;No;No;No;No;0.0;-7.0;0.25;-7.12;0.39;-7.2;0.47;-7.25;;;;;;;;
856;20.0;26.0;1.0;5;Successful;Effective;No;No;No;No;No;No;0.0;-7.0;0.25;-7.12;0.39;-7.2;0.47;-7.25;;;;;;;;
857;20.0;26.0;1.0;8;Successful;Effective;No;No;No;No;No;No;0.0;-7.0;0.25;-7.12;0.39;-7.2;0.47;-7.25;;;;;;;;
858;20.0;26.0;1.0;10;Successful;Effective;No;No;No;No;No;No;0.0;-7.0;0.25;-7.12;0.39;-7.2;0.47;-7.25;;;;;;;;
859;20.0;26.0;1.1;5;Successful;Effective;No;No;No;No;No;No;0.0;-7.0;0.25;-7.12;0.39;-7.2;0.47;-7.25;;;;;;;;
860;20.0;26.0;1.1;8;Successful;Effective;No;No;No;No;No;No;0.0;-7.0;0.25;-7.12;0.39;-7.2;0.47;-7.25;;;;;;;;
861;20.0;26.0;1.1;10;Successful;Effective;No;No;No;No;No;No;0.0;-7.0;0.25;-7.12;0.39;-7.2;0.47;-7.25;;;;;;;;
862;20.1;26.1;0.5;5;Successful;Effective;No;No;No;No;No;No;0.0;-7.0;0.25;-7.12;0.39;-7.2;0.47;-7.25;;;;;;;;
863;20.1;26.1;0.5;8;Successful;Effective;No;No;No;No;No;No;0.0;-7.0;0.25;-7.12;0.39;-7.2;0.47;-7.25;;;;;;;;
864;20.1;26.1;0.5;10;Successful;Effective;No;No;No;No;No;No;0.0;-7.0;0.25;-7.12;0.39;-7.2;0.47;-7.25;;;;;;;;
865;20.1;26.1;0.6;5;Successful;Effective;No;No;No;No;No;No;0.0;-7.0;0.25;-7.12;0.39;-7.2;0.47;-7.25;;;;;;;;
866;20.1;26.1;0.6;8;Successful;Effective;No;No;No;No;No;No;0.0;-7.0;0.25;-7.12;0.39;-7.2;0.47;-7.25;;;;;;;;
867;20.1;26.1;0.6;10;Successful;Effective;No;No;No;No;No;No;0.0;-7.0;0.25;-7.12;0.39;-7.2;0.47;-7.25;;;;;;;;
868;20.1;26.1;0.7;5;Successful;Effective;No;No;No;No;No;No;0.0;-7.0;0.25;-7.12;0.39;-7.2;0.47;-7.25;;;;;;;;
869;20.1;26.1;0.7;8;Successful;Effective;No;No;No;No;No;No;0.0;-7.0;0.25;-7.12;0.39;-7.2;0.47;-7.25;;;;;;;;
870;20.1;26.1;0.7;10;Successful;Effective;No;No;No;No;No;No;0.0;-7.0;0.25;-7.12;0.39;-7.2;0.47;-7.25;;;;;;;;
871;20.1;26.1;0.8;5;Successful;Effective;No;No;No;No;No;No;0.0;-7.0;0.25;-7.12;0.39;-7.2;0.47;-7.25;;;;;;;;
872;20.1;26.1;0.8;8;Successful;Effective;No;No;No;No;No;No;0.0;-7.0;0.25;-7.12;0.39;-7.2;0.47;-7.25;;;;;;;;
873;20.1;26.1;0.8;10;Successful;Effective;No;No;No;No;No;No;0.0;-7.0;0.25;-7.12;0.39;-7.2;0.47;-7.25;;;;;;;;
874;20.1;26.1;0.9;5;Successful;Effective;No;No;No;No;No;No;0.0;-7.0;0.25;-7.12;0.39;-7.2;0.47;-7.25;;;;;;;;
875;20.1;26.1;0.9;8;Successful;Effective;No;No;No;No;No;No;0.0;-7.0;0.25;-7.12;0.39;-7.2;0.47;-7.25;;;;;;;;
876;20.1;26.1;0.9;10;Successful;Effective;No;No;No;No;No;No;0.0;-7.0;0.25;-7.12;0.39;-7.2;0.47;-7.25;;;;;;;;
877;20.1;26.1;1.0;5;Successful;Effective;No;No;No;No;No;No;0.0;-7.0;0.25;-7.12;0.39;-7.2;0.47;-7.25;;;;;;;;
878;20.1;26.1;1.0;8;Successful;Effective;No;No;No;No;No;No;0.0;-7.0;0.25;-7.12;0.39;-7.2;0.47;-7.25;;;;;;;;
879;20.1;26.1;1.0;10;Successful;Effective;No;No;No;No;No;No;0.0;-7.0;0.25;-7.12;0.39;-7.2;0.47;-7.25;;;;;;;;
880;20.1;26.1;1.1;5;Successful;Effective;No;No;No;No;No;No;0.0;-7.0;0.25;-7.12;0.39;-7.2;0.47;-7.25;;;;;;;;
881;20.1;26.1;1.1;8;Successful;Effective;No;No;No;No;No;No;0.0;-7.0;0.25;-7.12;0.39;-7.2;0.47;-7.25;;;;;;;;
882;20.1;26.1;1.1;10;Successful;Effective;No;No;No;No;No;No;0.0;-7.0;0.25;-7.12;0.39;-7.2;0.47;-7.25;;;;;;;;
883;20.2;26.2;0.5;5;Successful;Effective;No;No;No;No;No;No;0.0;-7.0;0.25;-7.12;0.39;-7.2;0.47;-7.25;;;;;;;;
884;20.2;26.2;0.5;8;Successful;Effective;No;No;No;No;No;No;0.0;-7.0;0.25;-7.12;0.39;-7.2;0.47;-7.25;;;;;;;;
885;20.2;26.2;0.5;10;Successful;Effective;No;No;No;No;No;No;0.0;-7.0;0.25;-7.12;0.39;-7.2;0.47;-7.25;;;;;;;;
886;20.2;26.2;0.6;5;Successful;Effective;No;No;No;No;No;No;0.0;-7.0;0.25;-7.12;0.39;-7.2;0.47;-7.25;;;;;;;;
887;20.2;26.2;0.6;8;Successful;Effective;No;No;No;No;No;No;0.0;-7.0;0.25;-7.12;0.39;-7.2;0.47;-7.25;;;;;;;;
888;20.2;26.2;0.6;10;Successful;Effective;No;No;No;No;No;No;0.0;-7.0;0.25;-7.12;0.39;-7.2;0.47;-7.25;;;;;;;;
889;20.2;26.2;0.7;5;Successful;Effective;No;No;No;No;No;No;0.0;-7.0;0.25;-7.12;0.39;-7.2;0.47;-7.25;;;;;;;;
890;20.2;26.2;0.7;8;Successful;Effective;No;No;No;No;No;No;0.0;-7.0;0.25;-7.12;0.39;-7.2;0.47;-7.25;;;;;;;;
891;20.2;26.2;0.7;10;Successful;Effective;No;No;No;No;No;No;0.0;-7.0;0.25;-7.12;0.39;-7.2;0.47;-7.25;;;;;;;;
892;20.2;26.2;0.8;5;Successful;Effective;No;No;No;No;No;No;0.0;-7.0;0.25;-7.12;0.39;-7.2;0.47;-7.25;;;;;;;;
893;20.2;26.2;0.8;8;Successful;Effective;No;No;No;No;No;No;0.0;-7.0;0.25;-7.12;0.39;-7.2;0.47;-7.25;;;;;;;;
894;20.2;26.2;0.8;10;Successful;Effective;No;No;No;No;No;No;0.0;-7.0;0.25;-7.12;0.39;-7.2;0.47;-7.25;;;;;;;;
895;20.2;26.2;0.9;5;Successful;Effective;No;No;No;No;No;No;0.0;-7.0;0.25;-7.12;0.39;-7.2;0.47;-7.25;;;;;;;;
896;20.2;26.2;0.9;8;Successful;Effective;No;No;No;No;No;No;0.0;-7.0;0.25;-7.12;0.39;-7.2;0.47;-7.25;;;;;;;;
897;20.2;26.2;0.9;10;Successful;Effective;No;No;No;No;No;No;0.0;-7.0;0.25;-7.12;0.39;-7.2;0.47;-7.25;;;;;;;;
898;20.2;26.2;1.0;5;Successful;Effective;No;No;No;No;No;No;0.0;-7.0;0.25;-7.12;0.39;-7.2;0.47;-7.25;;;;;;;;
899;20.2;26.2;1.0;8;Successful;Effective;No;No;No;No;No;No;0.0;-7.0;0.25;-7.12;0.39;-7.2;0.47;-7.25;;;;;;;;
900;20.2;26.2;1.0;10;Successful;Effective;No;No;No;No;No;No;0.0;-7.0;0.25;-7.12;0.39;-7.2;0.47;-7.25;;;;;;;;
901;20.2;26.2;1.1;5;Successful;Effective;No;No;No;No;No;No;0.0;-7.0;0.25;-7.12;0.39;-7.2;0.47;-7.25;;;;;;;;
902;20.2;26.2;1.1;8;Successful;Effective;No;No;No;No;No;No;0.0;-7.0;0.25;-7.12;0.39;-7.2;0.47;-7.25;;;;;;;;
903;20.2;26.2;1.1;10;Successful;Effective;No;No;No;No;No;No;0.0;-7.0;0.25;-7.12;0.39;-7.2;0.47;-7.25;;;;;;;;
904;20.3;26.3;0.5;5;Successful;Effective;No;No;No;No;No;No;0.0;-7.0;0.25;-7.12;0.39;-7.2;0.47;-7.25;;;;;;;;
905;20.3;26.3;0.5;8;Successful;Effective;No;No;No;No;No;No;0.0;-7.0;0.25;-7.12;0.39;-7.2;0.47;-7.25;;;;;;;;
906;20.3;26.3;0.5;10;Successful;Effective;No;No;No;No;No;No;0.0;-7.0;0.25;-7.12;0.39;-7.2;0.47;-7.25;;;;;;;;
907;20.3;26.3;0.6;5;Successful;Effective;No;No;No;No;No;No;0.0;-7.0;0.25;-7.12;0.39;-7.2;0.47;-7.25;;;;;;;;
908;20.3;26.3;0.6;8;Successful;Effective;No;No;No;No;No;No;0.0;-7.0;0.25;-7.12;0.39;-7.2;0.47;-7.25;;;;;;;;
909;20.3;26.3;0.6;10;Successful;Effective;No;No;No;No;No;No;0.0;-7.0;0.25;-7.12;0.39;-7.2;0.47;-7.25;;;;;;;;
910;20.3;26.3;0.7;5;Successful;Effective;No;No;No;No;No;No;0.0;-7.0;0.25;-7.12;0.39;-7.2;0.47;-7.25;;;;;;;;
911;20.3;26.3;0.7;8;Successful;Effective;No;No;No;No;No;No;0.0;-7.0;0.25;-7.12;0.39;-7.2;0.47;-7.25;;;;;;;;
912;20.3;26.3;0.7;10;Successful;Effective;No;No;No;No;No;No;0.0;-7.0;0.25;-7.12;0.39;-7.2;0.47;-7.25;;;;;;;;
913;20.3;26.3;0.8;5;Successful;Effective;No;No;No;No;No;No;0.0;-7.0;0.25;-7.12;0.39;-7.2;0.47;-7.25;;;;;;;;
914;20.3;26.3;0.8;8;Successful;Effective;No;No;No;No;No;No;0.0;-7.0;0.25;-7.12;0.39;-7.2;0.47;-7.25;;;;;;;;
915;20.3;26.3;0.8;10;Successful;Effective;No;No;No;No;No;No;0.0;-7.0;0.25;-7.12;0.39;-7.2;0.47;-7.25;;;;;;;;
916;20.3;26.3;0.9;5;Successful;Effective;No;No;No;No;No;No;0.0;-7.0;0.25;-7.12;0.39;-7.2;0.47;-7.25;;;;;;;;
917;20.3;26.3;0.9;8;Successful;Effective;No;No;No;No;No;No;0.0;-7.0;0.25;-7.12;0.39;-7.2;0.47;-7.25;;;;;;;;
918;20.3;26.3;0.9;10;Successful;Effective;No;No;No;No;No;No;0.0;-7.0;0.25;-7.12;0.39;-7.2;0.47;-7.25;;;;;;;;
919;20.3;26.3;1.0;5;Successful;Effective;No;No;No;No;No;No;0.0;-7.0;0.25;-7.12;0.39;-7.2;0.47;-7.25;;;;;;;;
920;20.3;26.3;1.0;8;Successful;Effective;No;No;No;No;No;No;0.0;-7.0;0.25;-7.12;0.39;-7.2;0.47;-7.25;;;;;;;;
921;20.3;26.3;1.0;10;Successful;Effective;No;No;No;No;No;No;0.0;-7.0;0.25;-7.12;0.39;-7.2;0.47;-7.25;;;;;;;;
922;20.3;26.3;1.1;5;Successful;Effective;No;No;No;No;No;No;0.0;-7.0;0.25;-7.12;0.39;-7.2;0.47;-7.25;;;;;;;;
923;20.3;26.3;1.1;8;Successful;Effective;No;No;No;No;No;No;0.0;-7.0;0.25;-7.12;0.39;-7.2;0.47;-7.25;;;;;;;;
924;20.3;26.3;1.1;10;Successful;Effective;No;No;No;No;No;No;0.0;-7.0;0.25;-7.12;0.39;-7.2;0.47;-7.25;;;;;;;;
925;20.4;26.4;0.5;5;Successful;Effective;No;No;No;No;No;No;0.0;-7.0;0.25;-7.12;0.39;-7.2;0.47;-7.25;;;;;;;;
926;20.4;26.4;0.5;8;Successful;Effective;No;No;No;No;No;No;0.0;-7.0;0.25;-7.12;0.39;-7.2;0.47;-7.25;;;;;;;;
927;20.4;26.4;0.5;10;Successful;Effective;No;No;No;No;No;No;0.0;-7.0;0.25;-7.12;0.39;-7.2;0.47;-7.25;;;;;;;;
928;20.4;26.4;0.6;5;Successful;Effective;No;No;No;No;No;No;0.0;-7.0;0.25;-7.12;0.39;-7.2;0.47;-7.25;;;;;;;;
929;20.4;26.4;0.6;8;Successful;Effective;No;No;No;No;No;No;0.0;-7.0;0.25;-7.12;0.39;-7.2;0.47;-7.25;;;;;;;;
930;20.4;26.4;0.6;10;Successful;Effective;No;No;No;No;No;No;0.0;-7.0;0.25;-7.12;0.39;-7.2;0.47;-7.25;;;;;;;;
931;20.4;26.4;0.7;5;Successful;Effective;No;No;No;No;No;No;0.0;-7.0;0.25;-7.12;0.39;-7.2;0.47;-7.25;;;;;;;;
932;20.4;26.4;0.7;8;Successful;Effective;No;No;No;No;No;No;0.0;-7.0;0.25;-7.12;0.39;-7.2;0.47;-7.25;;;;;;;;
933;20.4;26.4;0.7;10;Successful;Effective;No;No;No;No;No;No;0.0;-7.0;0.25;-7.12;0.39;-7.2;0.47;-7.25;;;;;;;;
934;20.4;26.4;0.8;5;Successful;Effective;No;No;No;No;No;No;0.0;-7.0;0.25;-7.12;0.39;-7.2;0.47;-7.25;;;;;;;;
935;20.4;26.4;0.8;8;Successful;Effective;No;No;No;No;No;No;0.0;-7.0;0.25;-7.12;0.39;-7.2;0.47;-7.25;;;;;;;;
936;20.4;26.4;0.8;10;Successful;Effective;No;No;No;No;No;No;0.0;-7.0;0.25;-7.12;0.39;-7.2;0.47;-7.25;;;;;;;;
937;20.4;26.4;0.9;5;Successful;Effective;No;No;No;No;No;No;0.0;-7.0;0.25;-7.12;0.39;-7.2;0.47;-7.25;;;;;;;;
938;20.4;26.4;0.9;8;Successful;Effective;No;No;No;No;No;No;0.0;-7.0;0.25;-7.12;0.39;-7.2;0.47;-7.25;;;;;;;;
939;20.4;26.4;0.9;10;Successful;Effective;No;No;No;No;No;No;0.0;-7.0;0.25;-7.12;0.39;-7.2;0.47;-7.25;;;;;;;;
940;20.4;26.4;1.0;5;Successful;Effective;No;No;No;No;No;No;0.0;-7.0;0.25;-7.12;0.39;-7.2;0.47;-7.25;;;;;;;;
941;20.4;26.4;1.0;8;Successful;Effective;No;No;No;No;No;No;0.0;-7.0;0.25;-7.12;0.39;-7.2;0.47;-7.25;;;;;;;;
942;20.4;26.4;1.0;10;Successful;Effective;No;No;No;No;No;No;0.0;-7.0;0.25;-7.12;0.39;-7.2;0.47;-7.25;;;;;;;;
943;20.4;26.4;1.1;5;Successful;Effective;No;No;No;No;No;No;0.0;-7.0;0.25;-7.12;0.39;-7.2;0.47;-7.25;;;;;;;;
944;20.4;26.4;1.1;8;Successful;Effective;No;No;No;No;No;No;0.0;-7.0;0.25;-7.12;0.39;-7.2;0.47;-7.25;;;;;;;;
945;20.4;26.4;1.1;10;Successful;Effective;No;No;No;No;No;No;0.0;-7.0;0.25;-7.12;0.39;-7.2;0.47;-7.25;;;;;;;;
946;20.5;26.5;0.5;5;Successful;Effective;No;No;No;No;No;No;0.0;-7.0;0.25;-7.12;0.39;-7.2;0.47;-7.25;;;;;;;;
947;20.5;26.5;0.5;8;Successful;Effective;No;No;No;No;No;No;0.0;-7.0;0.25;-7.12;0.39;-7.2;0.47;-7.25;;;;;;;;
948;20.5;26.5;0.5;10;Successful;Effective;No;No;No;No;No;No;0.0;-7.0;0.25;-7.12;0.39;-7.2;0.47;-7.25;;;;;;;;
949;20.5;26.5;0.6;5;Successful;Effective;No;No;No;No;No;No;0.0;-7.0;0.25;-7.12;0.39;-7.2;0.47;-7.25;;;;;;;;
950;20.5;26.5;0.6;8;Successful;Effective;No;No;No;No;No;No;0.0;-7.0;0.25;-7.12;0.39;-7.2;0.47;-7.25;;;;;;;;
951;20.5;26.5;0.6;10;Successful;Effective;No;No;No;No;No;No;0.0;-7.0;0.25;-7.12;0.39;-7.2;0.47;-7.25;;;;;;;;
952;20.5;26.5;0.7;5;Successful;Effective;No;No;No;No;No;No;0.0;-7.0;0.25;-7.12;0.39;-7.2;0.47;-7.25;;;;;;;;
953;20.5;26.5;0.7;8;Successful;Effective;No;No;No;No;No;No;0.0;-7.0;0.25;-7.12;0.39;-7.2;0.47;-7.25;;;;;;;;
954;20.5;26.5;0.7;10;Successful;Effective;No;No;No;No;No;No;0.0;-7.0;0.25;-7.12;0.39;-7.2;0.47;-7.25;;;;;;;;
955;20.5;26.5;0.8;5;Successful;Effective;No;No;No;No;No;No;0.0;-7.0;0.25;-7.12;0.39;-7.2;0.47;-7.25;;;;;;;;
956;20.5;26.5;0.8;8;Successful;Effective;No;No;No;No;No;No;0.0;-7.0;0.25;-7.12;0.39;-7.2;0.47;-7.25;;;;;;;;
957;20.5;26.5;0.8;10;Successful;Effective;No;No;No;No;No;No;0.0;-7.0;0.25;-7.12;0.39;-7.2;0.47;-7.25;;;;;;;;
958;20.5;26.5;0.9;5;Successful;Effective;No;No;No;No;No;No;0.0;-7.0;0.25;-7.12;0.39;-7.2;0.47;-7.25;;;;;;;;
959;20.5;26.5;0.9;8;Successful;Effective;No;No;No;No;No;No;0.0;-7.0;0.25;-7.12;0.39;-7.2;0.47;-7.25;;;;;;;;
960;20.5;26.5;0.9;10;Successful;Effective;No;No;No;No;No;No;0.0;-7.0;0.25;-7.12;0.39;-7.2;0.47;-7.25;;;;;;;;
961;20.5;26.5;1.0;5;Successful;Effective;No;No;No;No;No;No;0.0;-7.0;0.25;-7.12;0.39;-7.2;0.47;-7.25;;;;;;;;
962;20.5;26.5;1.0;8;Successful;Effective;No;No;No;No;No;No;0.0;-7.0;0.25;-7.12;0.39;-7.2;0.47;-7.25;;;;;;;;
963;20.5;26.5;1.0;10;Successful;Effective;No;No;No;No;No;No;0.0;-7.0;0.25;-7.12;0.39;-7.2;0.47;-7.25;;;;;;;;
964;20.5;26.5;1.1;5;Successful;Effective;No;No;No;No;No;No;0.0;-7.0;0.25;-7.12;0.39;-7.2;0.47;-7.25;;;;;;;;
965;20.5;26.5;1.1;8;Successful;Effective;No;No;No;No;No;No;0.0;-7.0;0.25;-7.12;0.39;-7.2;0.47;-7.25;;;;;;;;
966;20.5;26.5;1.1;10;Successful;Effective;No;No;No;No;No;No;0.0;-7.0;0.25;-7.12;0.39;-7.2;0.47;-7.25;;;;;;;;
967;20.6;26.6;0.5;5;Successful;Effective;No;No;No;No;No;No;0.0;-7.0;0.25;-7.12;0.39;-7.2;0.47;-7.25;;;;;;;;
968;20.6;26.6;0.5;8;Successful;Effective;No;No;No;No;No;No;0.0;-7.0;0.25;-7.12;0.39;-7.2;0.47;-7.25;;;;;;;;
969;20.6;26.6;0.5;10;Successful;Effective;No;No;No;No;No;No;0.0;-7.0;0.25;-7.12;0.39;-7.2;0.47;-7.25;;;;;;;;
970;20.6;26.6;0.6;5;Successful;Effective;No;No;No;No;No;No;0.0;-7.0;0.25;-7.12;0.39;-7.2;0.47;-7.25;;;;;;;;
971;20.6;26.6;0.6;8;Successful;Effective;No;No;No;No;No;No;0.0;-7.0;0.25;-7.12;0.39;-7.2;0.47;-7.25;;;;;;;;
972;20.6;26.6;0.6;10;Successful;Effective;No;No;No;No;No;No;0.0;-7.0;0.25;-7.12;0.39;-7.2;0.47;-7.25;;;;;;;;
973;20.6;26.6;0.7;5;Successful;Effective;No;No;No;No;No;No;0.0;-7.0;0.25;-7.12;0.39;-7.2;0.47;-7.25;;;;;;;;
974;20.6;26.6;0.7;8;Successful;Effective;No;No;No;No;No;No;0.0;-7.0;0.25;-7.12;0.39;-7.2;0.47;-7.25;;;;;;;;
975;20.6;26.6;0.7;10;Successful;Effective;No;No;No;No;No;No;0.0;-7.0;0.25;-7.12;0.39;-7.2;0.47;-7.25;;;;;;;;
976;20.6;26.6;0.8;5;Successful;Effective;No;No;No;No;No;No;0.0;-7.0;0.25;-7.12;0.39;-7.2;0.47;-7.25;;;;;;;;
977;20.6;26.6;0.8;8;Successful;Effective;No;No;No;No;No;No;0.0;-7.0;0.25;-7.12;0.39;-7.2;0.47;-7.25;;;;;;;;
978;20.6;26.6;0.8;10;Successful;Effective;No;No;No;No;No;No;0.0;-7.0;0.25;-7.12;0.39;-7.2;0.47;-7.25;;;;;;;;
979;20.6;26.6;0.9;5;Successful;Effective;No;No;No;No;No;No;0.0;-7.0;0.25;-7.12;0.39;-7.2;0.47;-7.25;;;;;;;;
980;20.6;26.6;0.9;8;Successful;Effective;No;No;No;No;No;No;0.0;-7.0;0.25;-7.12;0.39;-7.2;0.47;-7.25;;;;;;;;
981;20.6;26.6;0.9;10;Successful;Effective;No;No;No;No;No;No;0.0;-7.0;0.25;-7.12;0.39;-7.2;0.47;-7.25;;;;;;;;
982;20.6;26.6;1.0;5;Successful;Effective;No;No;No;No;No;No;0.0;-7.0;0.25;-7.12;0.39;-7.2;0.47;-7.25;;;;;;;;
983;20.6;26.6;1.0;8;Successful;Effective;No;No;No;No;No;No;0.0;-7.0;0.25;-7.12;0.39;-7.2;0.47;-7.25;;;;;;;;
984;20.6;26.6;1.0;10;Successful;Effective;No;No;No;No;No;No;0.0;-7.0;0.25;-7.12;0.39;-7.2;0.47;-7.25;;;;;;;;
985;20.6;26.6;1.1;5;Successful;Effective;No;No;No;No;No;No;0.0;-7.0;0.25;-7.12;0.39;-7.2;0.47;-7.25;;;;;;;;
986;20.6;26.6;1.1;8;Successful;Effective;No;No;No;No;No;No;0.0;-7.0;0.25;-7.12;0.39;-7.2;0.47;-7.25;;;;;;;;
987;20.6;26.6;1.1;10;Successful;Effective;No;No;No;No;No;No;0.0;-7.0;0.25;-7.12;0.39;-7.2;0.47;-7.25;;;;;;;;
988;20.7;26.7;0.5;5;Successful;Effective;No;No;No;No;No;No;0.0;-7.0;0.25;-7.12;0.39;-7.2;0.47;-7.25;;;;;;;;
989;20.7;26.7;0.5;8;Successful;Effective;No;No;No;No;No;No;0.0;-7.0;0.25;-7.12;0.39;-7.2;0.47;-7.25;;;;;;;;
990;20.7;26.7;0.5;10;Successful;Effective;No;No;No;No;No;No;0.0;-7.0;0.25;-7.12;0.39;-7.2;0.47;-7.25;;;;;;;;
991;20.7;26.7;0.6;5;Successful;Effective;No;No;No;No;No;No;0.0;-7.0;0.25;-7.12;0.39;-7.2;0.47;-7.25;;;;;;;;
992;20.7;26.7;0.6;8;Successful;Effective;No;No;No;No;No;No;0.0;-7.0;0.25;-7.12;0.39;-7.2;0.47;-7.25;;;;;;;;
993;20.7;26.7;0.6;10;Successful;Effective;No;No;No;No;No;No;0.0;-7.0;0.25;-7.12;0.39;-7.2;0.47;-7.25;;;;;;;;
994;20.7;26.7;0.7;5;Successful;Effective;No;No;No;No;No;No;0.0;-7.0;0.25;-7.12;0.39;-7.2;0.47;-7.25;;;;;;;;
995;20.7;26.7;0.7;8;Successful;Effective;No;No;No;No;No;No;0.0;-7.0;0.25;-7.12;0.39;-7.2;0.47;-7.25;;;;;;;;
996;20.7;26.7;0.7;10;Successful;Effective;No;No;No;No;No;No;0.0;-7.0;0.25;-7.12;0.39;-7.2;0.47;-7.25;;;;;;;;
997;20.7;26.7;0.8;5;Successful;Effective;No;No;No;No;No;No;0.0;-7.0;0.25;-7.12;0.39;-7.2;0.47;-7.25;;;;;;;;
998;20.7;26.7;0.8;8;Successful;Effective;No;No;No;No;No;No;0.0;-7.0;0.25;-7.12;0.39;-7.2;0.47;-7.25;;;;;;;;
999;20.7;26.7;0.8;10;Successful;Effective;No;No;No;No;No;No;0.0;-7.0;0.25;-7.12;0.39;-7.2;0.47;-7.25;;;;;;;;
1000;20.7;26.7;0.9;5;Successful;Effective;No;No;No;No;No;No;0.0;-7.0;0.25;-7.12;0.39;-7.2;0.47;-7.25;;;;;;;;
1001;20.7;26.7;0.9;8;Successful;Effective;No;No;No;No;No;No;0.0;-7.0;0.25;-7.12;0.39;-7.2;0.47;-7.25;;;;;;;;
1002;20.7;26.7;0.9;10;Successful;Effective;No;No;No;No;No;No;0.0;-7.0;0.25;-7.12;0.39;-7.2;0.47;-7.25;;;;;;;;
1003;20.7;26.7;1.0;5;Successful;Effective;No;No;No;No;No;No;0.0;-7.0;0.25;-7.12;0.39;-7.2;0.47;-7.25;;;;;;;;
1004;20.7;26.7;1.0;8;Successful;Effective;No;No;No;No;No;No;0.0;-7.0;0.25;-7.12;0.39;-7.2;0.47;-7.25;;;;;;;;
1005;20.7;26.7;1.0;10;Successful;Effective;No;No;No;No;No;No;0.0;-7.0;0.25;-7.12;0.39;-7.2;0.47;-7.25;;;;;;;;
1006;20.7;26.7;1.1;5;Successful;Effective;No;No;No;No;No;No;0.0;-7.0;0.25;-7.12;0.39;-7.2;0.47;-7.25;;;;;;;;
1007;20.7;26.7;1.1;8;Successful;Effective;No;No;No;No;No;No;0.0;-7.0;0.25;-7.12;0.39;-7.2;0.47;-7.25;;;;;;;;
1008;20.7;26.7;1.1;10;Successful;Effective;No;No;No;No;No;No;0.0;-7.0;0.25;-7.12;0.39;-7.2;0.47;-7.25;;;;;;;;
1009;20.8;26.8;0.5;5;Successful;Effective;No;No;No;No;No;No;0.0;-7.0;0.25;-7.12;0.39;-7.2;0.47;-7.25;;;;;;;;
1010;20.8;26.8;0.5;8;Successful;Effective;No;No;No;No;No;No;0.0;-7.0;0.25;-7.12;0.39;-7.2;0.47;-7.25;;;;;;;;
1011;20.8;26.8;0.5;10;Successful;Effective;No;No;No;No;No;No;0.0;-7.0;0.25;-7.12;0.39;-7.2;0.47;-7.25;;;;;;;;
1012;20.8;26.8;0.6;5;Successful;Effective;No;No;No;No;No;No;0.0;-7.0;0.25;-7.12;0.39;-7.2;0.47;-7.25;;;;;;;;
1013;20.8;26.8;0.6;8;Successful;Effective;No;No;No;No;No;No;0.0;-7.0;0.25;-7.12;0.39;-7.2;0.47;-7.25;;;;;;;;
1014;20.8;26.8;0.6;10;Successful;Effective;No;No;No;No;No;No;0.0;-7.0;0.25;-7.12;0.39;-7.2;0.47;-7.25;;;;;;;;
1015;20.8;26.8;0.7;5;Successful;Effective;No;No;No;No;No;No;0.0;-7.0;0.25;-7.12;0.39;-7.2;0.47;-7.25;;;;;;;;
1016;20.8;26.8;0.7;8;Successful;Effective;No;No;No;No;No;No;0.0;-7.0;0.25;-7.12;0.39;-7.2;0.47;-7.25;;;;;;;;
1017;20.8;26.8;0.7;10;Successful;Effective;No;No;No;No;No;No;0.0;-7.0;0.25;-7.12;0.39;-7.2;0.47;-7.25;;;;;;;;
1018;20.8;26.8;0.8;5;Successful;Effective;No;No;No;No;No;No;0.0;-7.0;0.25;-7.12;0.39;-7.2;0.47;-7.25;;;;;;;;
1019;20.8;26.8;0.8;8;Successful;Effective;No;No;No;No;No;No;0.0;-7.0;0.25;-7.12;0.39;-7.2;0.47;-7.25;;;;;;;;
1020;20.8;26.8;0.8;10;Successful;Effective;No;No;No;No;No;No;0.0;-7.0;0.25;-7.12;0.39;-7.2;0.47;-7.25;;;;;;;;
1021;20.8;26.8;0.9;5;Successful;Effective;No;No;No;No;No;No;0.0;-7.0;0.25;-7.12;0.39;-7.2;0.47;-7.25;;;;;;;;
1022;20.8;26.8;0.9;8;Successful;Effective;No;No;No;No;No;No;0.0;-7.0;0.25;-7.12;0.39;-7.2;0.47;-7.25;;;;;;;;
1023;20.8;26.8;0.9;10;Successful;Effective;No;No;No;No;No;No;0.0;-7.0;0.25;-7.12;0.39;-7.2;0.47;-7.25;;;;;;;;
1024;20.8;26.8;1.0;5;Successful;Effective;No;No;No;No;No;No;0.0;-7.0;0.25;-7.12;0.39;-7.2;0.47;-7.25;;;;;;;;
1025;20.8;26.8;1.0;8;Successful;Effective;No;No;No;No;No;No;0.0;-7.0;0.25;-7.12;0.39;-7.2;0.47;-7.25;;;;;;;;
1026;20.8;26.8;1.0;10;Successful;Effective;No;No;No;No;No;No;0.0;-7.0;0.25;-7.12;0.39;-7.2;0.47;-7.25;;;;;;;;
1027;20.8;26.8;1.1;5;Successful;Effective;No;No;No;No;No;No;0.0;-7.0;0.25;-7.12;0.39;-7.2;0.47;-7.25;;;;;;;;
1028;20.8;26.8;1.1;8;Successful;Effective;No;No;No;No;No;No;0.0;-7.0;0.25;-7.12;0.39;-7.2;0.47;-7.25;;;;;;;;
1029;20.8;26.8;1.1;10;Successful;Effective;No;No;No;No;No;No;0.0;-7.0;0.25;-7.12;0.39;-7.2;0.47;-7.25;;;;;;;;
1030;20.9;26.9;0.5;5;Successful;Effective;No;No;No;No;No;No;0.0;-7.0;0.25;-7.12;0.39;-7.2;0.47;-7.25;;;;;;;;
1031;20.9;26.9;0.5;8;Successful;Effective;No;No;No;No;No;No;0.0;-7.0;0.25;-7.12;0.39;-7.2;0.47;-7.25;;;;;;;;
1032;20.9;26.9;0.5;10;Successful;Effective;No;No;No;No;No;No;0.0;-7.0;0.25;-7.12;0.39;-7.2;0.47;-7.25;;;;;;;;
1033;20.9;26.9;0.6;5;Successful;Effective;No;No;No;No;No;No;0.0;-7.0;0.25;-7.12;0.39;-7.2;0.47;-7.25;;;;;;;;
1034;20.9;26.9;0.6;8;Successful;Effective;No;No;No;No;No;No;0.0;-7.0;0.25;-7.12;0.39;-7.2;0.47;-7.25;;;;;;;;
1035;20.9;26.9;0.6;10;Successful;Effective;No;No;No;No;No;No;0.0;-7.0;0.25;-7.12;0.39;-7.2;0.47;-7.25;;;;;;;;
1036;20.9;26.9;0.7;5;Successful;Effective;No;No;No;No;No;No;0.0;-7.0;0.25;-7.12;0.39;-7.2;0.47;-7.25;;;;;;;;
1037;20.9;26.9;0.7;8;Successful;Effective;No;No;No;No;No;No;0.0;-7.0;0.25;-7.12;0.39;-7.2;0.47;-7.25;;;;;;;;
1038;20.9;26.9;0.7;10;Successful;Effective;No;No;No;No;No;No;0.0;-7.0;0.25;-7.12;0.39;-7.2;0.47;-7.25;;;;;;;;
1039;20.9;26.9;0.8;5;Successful;Effective;No;No;No;No;No;No;0.0;-7.0;0.25;-7.12;0.39;-7.2;0.47;-7.25;;;;;;;;
1040;20.9;26.9;0.8;8;Successful;Effective;No;No;No;No;No;No;0.0;-7.0;0.25;-7.12;0.39;-7.2;0.47;-7.25;;;;;;;;
1041;20.9;26.9;0.8;10;Successful;Effective;No;No;No;No;No;No;0.0;-7.0;0.25;-7.12;0.39;-7.2;0.47;-7.25;;;;;;;;
1042;20.9;26.9;0.9;5;Successful;Effective;No;No;No;No;No;No;0.0;-7.0;0.25;-7.12;0.39;-7.2;0.47;-7.25;;;;;;;;
1043;20.9;26.9;0.9;8;Successful;Effective;No;No;No;No;No;No;0.0;-7.0;0.25;-7.12;0.39;-7.2;0.47;-7.25;;;;;;;;
1044;20.9;26.9;0.9;10;Successful;Effective;No;No;No;No;No;No;0.0;-7.0;0.25;-7.12;0.39;-7.2;0.47;-7.25;;;;;;;;
1045;20.9;26.9;1.0;5;Successful;Effective;No;No;No;No;No;No;0.0;-7.0;0.25;-7.12;0.39;-7.2;0.47;-7.25;;;;;;;;
1046;20.9;26.9;1.0;8;Successful;Effective;No;No;No;No;No;No;0.0;-7.0;0.25;-7.12;0.39;-7.2;0.47;-7.25;;;;;;;;
1047;20.9;26.9;1.0;10;Successful;Effective;No;No;No;No;No;No;0.0;-7.0;0.25;-7.12;0.39;-7.2;0.47;-7.25;;;;;;;;
1048;20.9;26.9;1.1;5;Successful;Effective;No;No;No;No;No;No;0.0;-7.0;0.25;-7.12;0.39;-7.2;0.47;-7.25;;;;;;;;
1049;20.9;26.9;1.1;8;Successful;Effective;No;No;No;No;No;No;0.0;-7.0;0.25;-7.12;0.39;-7.2;0.47;-7.25;;;;;;;;
1050;20.9;26.9;1.1;10;Successful;Effective;No;No;No;No;No;No;0.0;-7.0;0.25;-7.12;0.39;-7.2;0.47;-7.25;;;;;;;;
1051;21.0;27.0;0.5;5;Successful;Effective;No;No;No;No;No;No;0.0;-7.0;0.25;-7.12;0.39;-7.2;0.47;-7.25;;;;;;;;
1052;21.0;27.0;0.5;8;Successful;Effective;No;No;No;No;No;No;0.0;-7.0;0.25;-7.12;0.39;-7.2;0.47;-7.25;;;;;;;;
1053;21.0;27.0;0.5;10;Successful;Effective;No;No;No;No;No;No;0.0;-7.0;0.25;-7.12;0.39;-7.2;0.47;-7.25;;;;;;;;
1054;21.0;27.0;0.6;5;Successful;Effective;No;No;No;No;No;No;0.0;-7.0;0.25;-7.12;0.39;-7.2;0.47;-7.25;;;;;;;;
1055;21.0;27.0;0.6;8;Successful;Effective;No;No;No;No;No;No;0.0;-7.0;0.25;-7.12;0.39;-7.2;0.47;-7.25;;;;;;;;
1056;21.0;27.0;0.6;10;Successful;Effective;No;No;No;No;No;No;0.0;-7.0;0.25;-7.12;0.39;-7.2;0.47;-7.25;;;;;;;;
1057;21.0;27.0;0.7;5;Successful;Effective;No;No;No;No;No;No;0.0;-7.0;0.25;-7.12;0.39;-7.2;0.47;-7.25;;;;;;;;
1058;21.0;27.0;0.7;8;Successful;Effective;No;No;No;No;No;No;0.0;-7.0;0.25;-7.12;0.39;-7.2;0.47;-7.25;;;;;;;;
1059;21.0;27.0;0.7;10;Successful;Effective;No;No;No;No;No;No;0.0;-7.0;0.25;-7.12;0.39;-7.2;0.47;-7.25;;;;;;;;
1060;21.0;27.0;0.8;5;Successful;Effective;No;No;No;No;No;No;0.0;-7.0;0.25;-7.12;0.39;-7.2;0.47;-7.25;;;;;;;;
1061;21.0;27.0;0.8;8;Successful;Effective;No;No;No;No;No;No;0.0;-7.0;0.25;-7.12;0.39;-7.2;0.47;-7.25;;;;;;;;
1062;21.0;27.0;0.8;10;Successful;Effective;No;No;No;No;No;No;0.0;-7.0;0.25;-7.12;0.39;-7.2;0.47;-7.25;;;;;;;;
1063;21.0;27.0;0.9;5;Successful;Effective;No;No;No;No;No;No;0.0;-7.0;0.25;-7.12;0.39;-7.2;0.47;-7.25;;;;;;;;
1064;21.0;27.0;0.9;8;Successful;Effective;No;No;No;No;No;No;0.0;-7.0;0.25;-7.12;0.39;-7.2;0.47;-7.25;;;;;;;;
1065;21.0;27.0;0.9;10;Successful;Effective;No;No;No;No;No;No;0.0;-7.0;0.25;-7.12;0.39;-7.2;0.47;-7.25;;;;;;;;
1066;21.0;27.0;1.0;5;Successful;Effective;No;No;No;No;No;No;0.0;-7.0;0.25;-7.12;0.39;-7.2;0.47;-7.25;;;;;;;;
1067;21.0;27.0;1.0;8;Successful;Effective;No;No;No;No;No;No;0.0;-7.0;0.25;-7.12;0.39;-7.2;0.47;-7.25;;;;;;;;
1068;21.0;27.0;1.0;10;Successful;Effective;No;No;No;No;No;No;0.0;-7.0;0.25;-7.12;0.39;-7.2;0.47;-7.25;;;;;;;;
1069;21.0;27.0;1.1;5;Successful;Effective;No;No;No;No;No;No;0.0;-7.0;0.25;-7.12;0.39;-7.2;0.47;-7.25;;;;;;;;
1070;21.0;27.0;1.1;8;Successful;Effective;No;No;No;No;No;No;0.0;-7.0;0.25;-7.12;0.39;-7.2;0.47;-7.25;;;;;;;;
1071;21.0;27.0;1.1;10;Successful;Effective;No;No;No;No;No;No;0.0;-7.0;0.25;-7.12;0.39;-7.2;0.47;-7.25;;;;;;;;
1072;21.1;27.1;0.5;5;Successful;Effective;No;No;No;No;No;No;0.0;-7.0;0.25;-7.12;0.39;-7.2;0.47;-7.25;;;;;;;;
1073;21.1;27.1;0.5;8;Successful;Effective;No;No;No;No;No;No;0.0;-7.0;0.25;-7.12;0.39;-7.2;0.47;-7.25;;;;;;;;
1074;21.1;27.1;0.5;10;Successful;Effective;No;No;No;No;No;No;0.0;-7.0;0.25;-7.12;0.39;-7.2;0.47;-7.25;;;;;;;;
1075;21.1;27.1;0.6;5;Successful;Effective;No;No;No;No;No;No;0.0;-7.0;0.25;-7.12;0.39;-7.2;0.47;-7.25;;;;;;;;
1076;21.1;27.1;0.6;8;Successful;Effective;No;No;No;No;No;No;0.0;-7.0;0.25;-7.12;0.39;-7.2;0.47;-7.25;;;;;;;;
1077;21.1;27.1;0.6;10;Successful;Effective;No;No;No;No;No;No;0.0;-7.0;0.25;-7.12;0.39;-7.2;0.47;-7.25;;;;;;;;
1078;21.1;27.1;0.7;5;Successful;Effective;No;No;No;No;No;No;0.0;-7.0;0.25;-7.12;0.39;-7.2;0.47;-7.25;;;;;;;;
1079;21.1;27.1;0.7;8;Successful;Effective;No;No;No;No;No;No;0.0;-7.0;0.25;-7.12;0.39;-7.2;0.47;-7.25;;;;;;;;
1080;21.1;27.1;0.7;10;Successful;Effective;No;No;No;No;No;No;0.0;-7.0;0.25;-7.12;0.39;-7.2;0.47;-7.25;;;;;;;;
1081;21.1;27.1;0.8;5;Successful;Effective;No;No;No;No;No;No;0.0;-7.0;0.25;-7.12;0.39;-7.2;0.47;-7.25;;;;;;;;
1082;21.1;27.1;0.8;8;Successful;Effective;No;No;No;No;No;No;0.0;-7.0;0.25;-7.12;0.39;-7.2;0.47;-7.25;;;;;;;;
1083;21.1;27.1;0.8;10;Successful;Effective;No;No;No;No;No;No;0.0;-7.0;0.25;-7.12;0.39;-7.2;0.47;-7.25;;;;;;;;
1084;21.1;27.1;0.9;5;Successful;Effective;No;No;No;No;No;No;0.0;-7.0;0.25;-7.12;0.39;-7.2;0.47;-7.25;;;;;;;;
1085;21.1;27.1;0.9;8;Successful;Effective;No;No;No;No;No;No;0.0;-7.0;0.25;-7.12;0.39;-7.2;0.47;-7.25;;;;;;;;
1086;21.1;27.1;0.9;10;Successful;Effective;No;No;No;No;No;No;0.0;-7.0;0.25;-7.12;0.39;-7.2;0.47;-7.25;;;;;;;;
1087;21.1;27.1;1.0;5;Successful;Effective;No;No;No;No;No;No;0.0;-7.0;0.25;-7.12;0.39;-7.2;0.47;-7.25;;;;;;;;
1088;21.1;27.1;1.0;8;Successful;Effective;No;No;No;No;No;No;0.0;-7.0;0.25;-7.12;0.39;-7.2;0.47;-7.25;;;;;;;;
1089;21.1;27.1;1.0;10;Successful;Effective;No;No;No;No;No;No;0.0;-7.0;0.25;-7.12;0.39;-7.2;0.47;-7.25;;;;;;;;
1090;21.1;27.1;1.1;5;Successful;Effective;No;No;No;No;No;No;0.0;-7.0;0.25;-7.12;0.39;-7.2;0.47;-7.25;;;;;;;;
1091;21.1;27.1;1.1;8;Successful;Effective;No;No;No;No;No;No;0.0;-7.0;0.25;-7.12;0.39;-7.2;0.47;-7.25;;;;;;;;
1092;21.1;27.1;1.1;10;Successful;Effective;No;No;No;No;No;No;0.0;-7.0;0.25;-7.12;0.39;-7.2;0.47;-7.25;;;;;;;;
1093;21.2;27.2;0.5;5;Successful;Effective;No;No;No;No;No;No;0.0;-7.0;0.25;-7.12;0.39;-7.2;0.47;-7.25;;;;;;;;
1094;21.2;27.2;0.5;8;Successful;Effective;No;No;No;No;No;No;0.0;-7.0;0.25;-7.12;0.39;-7.2;0.47;-7.25;;;;;;;;
1095;21.2;27.2;0.5;10;Successful;Effective;No;No;No;No;No;No;0.0;-7.0;0.25;-7.12;0.39;-7.2;0.47;-7.25;;;;;;;;
1096;21.2;27.2;0.6;5;Successful;Effective;No;No;No;No;No;No;0.0;-7.0;0.25;-7.12;0.39;-7.2;0.47;-7.25;;;;;;;;
1097;21.2;27.2;0.6;8;Successful;Effective;No;No;No;No;No;No;0.0;-7.0;0.25;-7.12;0.39;-7.2;0.47;-7.25;;;;;;;;
1098;21.2;27.2;0.6;10;Successful;Effective;No;No;No;No;No;No;0.0;-7.0;0.25;-7.12;0.39;-7.2;0.47;-7.25;;;;;;;;
1099;21.2;27.2;0.7;5;Successful;Effective;No;No;No;No;No;No;0.0;-7.0;0.25;-7.12;0.39;-7.2;0.47;-7.25;;;;;;;;
1100;21.2;27.2;0.7;8;Successful;Effective;No;No;No;No;No;No;0.0;-7.0;0.25;-7.12;0.39;-7.2;0.47;-7.25;;;;;;;;
1101;21.2;27.2;0.7;10;Successful;Effective;No;No;No;No;No;No;0.0;-7.0;0.25;-7.12;0.39;-7.2;0.47;-7.25;;;;;;;;
1102;21.2;27.2;0.8;5;Successful;Effective;No;No;No;No;No;No;0.0;-7.0;0.25;-7.12;0.39;-7.2;0.47;-7.25;;;;;;;;
1103;21.2;27.2;0.8;8;Successful;Effective;No;No;No;No;No;No;0.0;-7.0;0.25;-7.12;0.39;-7.2;0.47;-7.25;;;;;;;;
1104;21.2;27.2;0.8;10;Successful;Effective;No;No;No;No;No;No;0.0;-7.0;0.25;-7.12;0.39;-7.2;0.47;-7.25;;;;;;;;
1105;21.2;27.2;0.9;5;Successful;Effective;No;No;No;No;No;No;0.0;-7.0;0.25;-7.12;0.39;-7.2;0.47;-7.25;;;;;;;;
1106;21.2;27.2;0.9;8;Successful;Effective;No;No;No;No;No;No;0.0;-7.0;0.25;-7.12;0.39;-7.2;0.47;-7.25;;;;;;;;
1107;21.2;27.2;0.9;10;Successful;Effective;No;No;No;No;No;No;0.0;-7.0;0.25;-7.12;0.39;-7.2;0.47;-7.25;;;;;;;;
1108;21.2;27.2;1.0;5;Successful;Effective;No;No;No;No;No;No;0.0;-7.0;0.25;-7.12;0.39;-7.2;0.47;-7.25;;;;;;;;
1109;21.2;27.2;1.0;8;Successful;Effective;No;No;No;No;No;No;0.0;-7.0;0.25;-7.12;0.39;-7.2;0.47;-7.25;;;;;;;;
1110;21.2;27.2;1.0;10;Successful;Effective;No;No;No;No;No;No;0.0;-7.0;0.25;-7.12;0.39;-7.2;0.47;-7.25;;;;;;;;
1111;21.2;27.2;1.1;5;Successful;Effective;No;No;No;No;No;No;0.0;-7.0;0.25;-7.12;0.39;-7.2;0.47;-7.25;;;;;;;;
1112;21.2;27.2;1.1;8;Successful;Effective;No;No;No;No;No;No;0.0;-7.0;0.25;-7.12;0.39;-7.2;0.47;-7.25;;;;;;;;
1113;21.2;27.2;1.1;10;Successful;Effective;No;No;No;No;No;No;0.0;-7.0;0.25;-7.12;0.39;-7.2;0.47;-7.25;;;;;;;;
1114;21.3;27.3;0.5;5;Successful;Effective;No;No;No;No;No;No;0.0;-7.0;0.25;-7.12;0.39;-7.2;0.47;-7.25;;;;;;;;
1115;21.3;27.3;0.5;8;Successful;Effective;No;No;No;No;No;No;0.0;-7.0;0.25;-7.12;0.39;-7.2;0.47;-7.25;;;;;;;;
1116;21.3;27.3;0.5;10;Successful;Effective;No;No;No;No;No;No;0.0;-7.0;0.25;-7.12;0.39;-7.2;0.47;-7.25;;;;;;;;
1117;21.3;27.3;0.6;5;Successful;Effective;No;No;No;No;No;No;0.0;-7.0;0.25;-7.12;0.39;-7.2;0.47;-7.25;;;;;;;;
1118;21.3;27.3;0.6;8;Successful;Effective;No;No;No;No;No;No;0.0;-7.0;0.25;-7.12;0.39;-7.2;0.47;-7.25;;;;;;;;
1119;21.3;27.3;0.6;10;Successful;Effective;No;No;No;No;No;No;0.0;-7.0;0.25;-7.12;0.39;-7.2;0.47;-7.25;;;;;;;;
1120;21.3;27.3;0.7;5;Successful;Effective;No;No;No;No;No;No;0.0;-7.0;0.25;-7.12;0.39;-7.2;0.47;-7.25;;;;;;;;
1121;21.3;27.3;0.7;8;Successful;Effective;No;No;No;No;No;No;0.0;-7.0;0.25;-7.12;0.39;-7.2;0.47;-7.25;;;;;;;;
1122;21.3;27.3;0.7;10;Successful;Effective;No;No;No;No;No;No;0.0;-7.0;0.25;-7.12;0.39;-7.2;0.47;-7.25;;;;;;;;
1123;21.3;27.3;0.8;5;Successful;Effective;No;No;No;No;No;No;0.0;-7.0;0.25;-7.12;0.39;-7.2;0.47;-7.25;;;;;;;;
1124;21.3;27.3;0.8;8;Successful;Effective;No;No;No;No;No;No;0.0;-7.0;0.25;-7.12;0.39;-7.2;0.47;-7.25;;;;;;;;
1125;21.3;27.3;0.8;10;Successful;Effective;No;No;No;No;No;No;0.0;-7.0;0.25;-7.12;0.39;-7.2;0.47;-7.25;;;;;;;;
1126;21.3;27.3;0.9;5;Successful;Effective;No;No;No;No;No;No;0.0;-7.0;0.25;-7.12;0.39;-7.2;0.47;-7.25;;;;;;;;
1127;21.3;27.3;0.9;8;Successful;Effective;No;No;No;No;No;No;0.0;-7.0;0.25;-7.12;0.39;-7.2;0.47;-7.25;;;;;;;;
1128;21.3;27.3;0.9;10;Successful;Effective;No;No;No;No;No;No;0.0;-7.0;0.25;-7.12;0.39;-7.2;0.47;-7.25;;;;;;;;
1129;21.3;27.3;1.0;5;Successful;Effective;No;No;No;No;No;No;0.0;-7.0;0.25;-7.12;0.39;-7.2;0.47;-7.25;;;;;;;;
1130;21.3;27.3;1.0;8;Successful;Effective;No;No;No;No;No;No;0.0;-7.0;0.25;-7.12;0.39;-7.2;0.47;-7.25;;;;;;;;
1131;21.3;27.3;1.0;10;Successful;Effective;No;No;No;No;No;No;0.0;-7.0;0.25;-7.12;0.39;-7.2;0.47;-7.25;;;;;;;;
1132;21.3;27.3;1.1;5;Successful;Effective;No;No;No;No;No;No;0.0;-7.0;0.25;-7.12;0.39;-7.2;0.47;-7.25;;;;;;;;
1133;21.3;27.3;1.1;8;Successful;Effective;No;No;No;No;No;No;0.0;-7.0;0.25;-7.12;0.39;-7.2;0.47;-7.25;;;;;;;;
1134;21.3;27.3;1.1;10;Successful;Effective;No;No;No;No;No;No;0.0;-7.0;0.25;-7.12;0.39;-7.2;0.47;-7.25;;;;;;;;
1135;21.4;27.4;0.5;5;Successful;Effective;No;No;No;No;No;No;0.0;-7.0;0.25;-7.12;0.39;-7.2;0.47;-7.25;;;;;;;;
1136;21.4;27.4;0.5;8;Successful;Effective;No;No;No;No;No;No;0.0;-7.0;0.25;-7.12;0.39;-7.2;0.47;-7.25;;;;;;;;
1137;21.4;27.4;0.5;10;Successful;Effective;No;No;No;No;No;No;0.0;-7.0;0.25;-7.12;0.39;-7.2;0.47;-7.25;;;;;;;;
1138;21.4;27.4;0.6;5;Successful;Effective;No;No;No;No;No;No;0.0;-7.0;0.25;-7.12;0.39;-7.2;0.47;-7.25;;;;;;;;
1139;21.4;27.4;0.6;8;Successful;Effective;No;No;No;No;No;No;0.0;-7.0;0.25;-7.12;0.39;-7.2;0.47;-7.25;;;;;;;;
1140;21.4;27.4;0.6;10;Successful;Effective;No;No;No;No;No;No;0.0;-7.0;0.25;-7.12;0.39;-7.2;0.47;-7.25;;;;;;;;
1141;21.4;27.4;0.7;5;Successful;Effective;No;No;No;No;No;No;0.0;-7.0;0.25;-7.12;0.39;-7.2;0.47;-7.25;;;;;;;;
1142;21.4;27.4;0.7;8;Successful;Effective;No;No;No;No;No;No;0.0;-7.0;0.25;-7.12;0.39;-7.2;0.47;-7.25;;;;;;;;
1143;21.4;27.4;0.7;10;Successful;Effective;No;No;No;No;No;No;0.0;-7.0;0.25;-7.12;0.39;-7.2;0.47;-7.25;;;;;;;;
1144;21.4;27.4;0.8;5;Successful;Effective;No;No;No;No;No;No;0.0;-7.0;0.25;-7.12;0.39;-7.2;0.47;-7.25;;;;;;;;
1145;21.4;27.4;0.8;8;Successful;Effective;No;No;No;No;No;No;0.0;-7.0;0.25;-7.12;0.39;-7.2;0.47;-7.25;;;;;;;;
1146;21.4;27.4;0.8;10;Successful;Effective;No;No;No;No;No;No;0.0;-7.0;0.25;-7.12;0.39;-7.2;0.47;-7.25;;;;;;;;
1147;21.4;27.4;0.9;5;Successful;Effective;No;No;No;No;No;No;0.0;-7.0;0.25;-7.12;0.39;-7.2;0.47;-7.25;;;;;;;;
1148;21.4;27.4;0.9;8;Successful;Effective;No;No;No;No;No;No;0.0;-7.0;0.25;-7.12;0.39;-7.2;0.47;-7.25;;;;;;;;
1149;21.4;27.4;0.9;10;Successful;Effective;No;No;No;No;No;No;0.0;-7.0;0.25;-7.12;0.39;-7.2;0.47;-7.25;;;;;;;;
1150;21.4;27.4;1.0;5;Successful;Effective;No;No;No;No;No;No;0.0;-7.0;0.25;-7.12;0.39;-7.2;0.47;-7.25;;;;;;;;
1151;21.4;27.4;1.0;8;Successful;Effective;No;No;No;No;No;No;0.0;-7.0;0.25;-7.12;0.39;-7.2;0.47;-7.25;;;;;;;;
1152;21.4;27.4;1.0;10;Successful;Effective;No;No;No;No;No;No;0.0;-7.0;0.25;-7.12;0.39;-7.2;0.47;-7.25;;;;;;;;
1153;21.4;27.4;1.1;5;Successful;Effective;No;No;No;No;No;No;0.0;-7.0;0.25;-7.12;0.39;-7.2;0.47;-7.25;;;;;;;;
1154;21.4;27.4;1.1;8;Successful;Effective;No;No;No;No;No;No;0.0;-7.0;0.25;-7.12;0.39;-7.2;0.47;-7.25;;;;;;;;
1155;21.4;27.4;1.1;10;Successful;Effective;No;No;No;No;No;No;0.0;-7.0;0.25;-7.12;0.39;-7.2;0.47;-7.25;;;;;;;;
1156;21.5;27.5;0.5;5;Successful;Effective;No;No;No;No;No;No;0.0;-7.0;0.25;-7.12;0.39;-7.2;0.47;-7.25;;;;;;;;
1157;21.5;27.5;0.5;8;Successful;Effective;No;No;No;No;No;No;0.0;-7.0;0.25;-7.12;0.39;-7.2;0.47;-7.25;;;;;;;;
1158;21.5;27.5;0.5;10;Successful;Effective;No;No;No;No;No;No;0.0;-7.0;0.25;-7.12;0.39;-7.2;0.47;-7.25;;;;;;;;
1159;21.5;27.5;0.6;5;Successful;Effective;No;No;No;No;No;No;0.0;-7.0;0.25;-7.12;0.39;-7.2;0.47;-7.25;;;;;;;;
1160;21.5;27.5;0.6;8;Successful;Effective;No;No;No;No;No;No;0.0;-7.0;0.25;-7.12;0.39;-7.2;0.47;-7.25;;;;;;;;
1161;21.5;27.5;0.6;10;Successful;Effective;No;No;No;No;No;No;0.0;-7.0;0.25;-7.12;0.39;-7.2;0.47;-7.25;;;;;;;;
1162;21.5;27.5;0.7;5;Successful;Effective;No;No;No;No;No;No;0.0;-7.0;0.25;-7.12;0.39;-7.2;0.47;-7.25;;;;;;;;
1163;21.5;27.5;0.7;8;Successful;Effective;No;No;No;No;No;No;0.0;-7.0;0.25;-7.12;0.39;-7.2;0.47;-7.25;;;;;;;;
1164;21.5;27.5;0.7;10;Successful;Effective;No;No;No;No;No;No;0.0;-7.0;0.25;-7.12;0.39;-7.2;0.47;-7.25;;;;;;;;
1165;21.5;27.5;0.8;5;Successful;Effective;No;No;No;No;No;No;0.0;-7.0;0.25;-7.12;0.39;-7.2;0.47;-7.25;;;;;;;;
1166;21.5;27.5;0.8;8;Successful;Effective;No;No;No;No;No;No;0.0;-7.0;0.25;-7.12;0.39;-7.2;0.47;-7.25;;;;;;;;
1167;21.5;27.5;0.8;10;Successful;Effective;No;No;No;No;No;No;0.0;-7.0;0.25;-7.12;0.39;-7.2;0.47;-7.25;;;;;;;;
1168;21.5;27.5;0.9;5;Successful;Effective;No;No;No;No;No;No;0.0;-7.0;0.25;-7.12;0.39;-7.2;0.47;-7.25;;;;;;;;
1169;21.5;27.5;0.9;8;Successful;Effective;No;No;No;No;No;No;0.0;-7.0;0.25;-7.12;0.39;-7.2;0.47;-7.25;;;;;;;;
1170;21.5;27.5;0.9;10;Successful;Effective;No;No;No;No;No;No;0.0;-7.0;0.25;-7.12;0.39;-7.2;0.47;-7.25;;;;;;;;
1171;21.5;27.5;1.0;5;Successful;Effective;No;No;No;No;No;No;0.0;-7.0;0.25;-7.12;0.39;-7.2;0.47;-7.25;;;;;;;;
1172;21.5;27.5;1.0;8;Successful;Effective;No;No;No;No;No;No;0.0;-7.0;0.25;-7.12;0.39;-7.2;0.47;-7.25;;;;;;;;
1173;21.5;27.5;1.0;10;Successful;Effective;No;No;No;No;No;No;0.0;-7.0;0.25;-7.12;0.39;-7.2;0.47;-7.25;;;;;;;;
1174;21.5;27.5;1.1;5;Successful;Effective;No;No;No;No;No;No;0.0;-7.0;0.25;-7.12;0.39;-7.2;0.47;-7.25;;;;;;;;
1175;21.5;27.5;1.1;8;Successful;Effective;No;No;No;No;No;No;0.0;-7.0;0.25;-7.12;0.39;-7.2;0.47;-7.25;;;;;;;;
1176;21.5;27.5;1.1;10;Successful;Effective;No;No;No;No;No;No;0.0;-7.0;0.25;-7.12;0.39;-7.2;0.47;-7.25;;;;;;;;
1177;21.6;27.6;0.5;5;Successful;Effective;No;No;No;No;No;No;0.0;-7.0;0.25;-7.12;0.39;-7.2;0.47;-7.25;;;;;;;;
1178;21.6;27.6;0.5;8;Successful;Effective;No;No;No;No;No;No;0.0;-7.0;0.25;-7.12;0.39;-7.2;0.47;-7.25;;;;;;;;
1179;21.6;27.6;0.5;10;Successful;Effective;No;No;No;No;No;No;0.0;-7.0;0.25;-7.12;0.39;-7.2;0.47;-7.25;;;;;;;;
1180;21.6;27.6;0.6;5;Successful;Effective;No;No;No;No;No;No;0.0;-7.0;0.25;-7.12;0.39;-7.2;0.47;-7.25;;;;;;;;
1181;21.6;27.6;0.6;8;Successful;Effective;No;No;No;No;No;No;0.0;-7.0;0.25;-7.12;0.39;-7.2;0.47;-7.25;;;;;;;;
1182;21.6;27.6;0.6;10;Successful;Effective;No;No;No;No;No;No;0.0;-7.0;0.25;-7.12;0.39;-7.2;0.47;-7.25;;;;;;;;
1183;21.6;27.6;0.7;5;Successful;Effective;No;No;No;No;No;No;0.0;-7.0;0.25;-7.12;0.39;-7.2;0.47;-7.25;;;;;;;;
1184;21.6;27.6;0.7;8;Successful;Effective;No;No;No;No;No;No;0.0;-7.0;0.25;-7.12;0.39;-7.2;0.47;-7.25;;;;;;;;
1185;21.6;27.6;0.7;10;Successful;Effective;No;No;No;No;No;No;0.0;-7.0;0.25;-7.12;0.39;-7.2;0.47;-7.25;;;;;;;;
1186;21.6;27.6;0.8;5;Successful;Effective;No;No;No;No;No;No;0.0;-7.0;0.25;-7.12;0.39;-7.2;0.47;-7.25;;;;;;;;
1187;21.6;27.6;0.8;8;Successful;Effective;No;No;No;No;No;No;0.0;-7.0;0.25;-7.12;0.39;-7.2;0.47;-7.25;;;;;;;;
1188;21.6;27.6;0.8;10;Successful;Effective;No;No;No;No;No;No;0.0;-7.0;0.25;-7.12;0.39;-7.2;0.47;-7.25;;;;;;;;
1189;21.6;27.6;0.9;5;Successful;Effective;No;No;No;No;No;No;0.0;-7.0;0.25;-7.12;0.39;-7.2;0.47;-7.25;;;;;;;;
1190;21.6;27.6;0.9;8;Successful;Effective;No;No;No;No;No;No;0.0;-7.0;0.25;-7.12;0.39;-7.2;0.47;-7.25;;;;;;;;
1191;21.6;27.6;0.9;10;Successful;Effective;No;No;No;No;No;No;0.0;-7.0;0.25;-7.12;0.39;-7.2;0.47;-7.25;;;;;;;;
1192;21.6;27.6;1.0;5;Successful;Effective;No;No;No;No;No;No;0.0;-7.0;0.25;-7.12;0.39;-7.2;0.47;-7.25;;;;;;;;
1193;21.6;27.6;1.0;8;Successful;Effective;No;No;No;No;No;No;0.0;-7.0;0.25;-7.12;0.39;-7.2;0.47;-7.25;;;;;;;;
1194;21.6;27.6;1.0;10;Successful;Effective;No;No;No;No;No;No;0.0;-7.0;0.25;-7.12;0.39;-7.2;0.47;-7.25;;;;;;;;
1195;21.6;27.6;1.1;5;Successful;Effective;No;No;No;No;No;No;0.0;-7.0;0.25;-7.12;0.39;-7.2;0.47;-7.25;;;;;;;;
1196;21.6;27.6;1.1;8;Successful;Effective;No;No;No;No;No;No;0.0;-7.0;0.25;-7.12;0.39;-7.2;0.47;-7.25;;;;;;;;
1197;21.6;27.6;1.1;10;Successful;Effective;No;No;No;No;No;No;0.0;-7.0;0.25;-7.12;0.39;-7.2;0.47;-7.25;;;;;;;;
1198;21.7;27.7;0.5;5;Successful;Effective;No;No;No;No;No;No;0.0;-7.0;0.25;-7.12;0.39;-7.2;0.47;-7.25;;;;;;;;
1199;21.7;27.7;0.5;8;Successful;Effective;No;No;No;No;No;No;0.0;-7.0;0.25;-7.12;0.39;-7.2;0.47;-7.25;;;;;;;;
1200;21.7;27.7;0.5;10;Successful;Effective;No;No;No;No;No;No;0.0;-7.0;0.25;-7.12;0.39;-7.2;0.47;-7.25;;;;;;;;
1201;21.7;27.7;0.6;5;Successful;Effective;No;No;No;No;No;No;0.0;-7.0;0.25;-7.12;0.39;-7.2;0.47;-7.25;;;;;;;;
1202;21.7;27.7;0.6;8;Successful;Effective;No;No;No;No;No;No;0.0;-7.0;0.25;-7.12;0.39;-7.2;0.47;-7.25;;;;;;;;
1203;21.7;27.7;0.6;10;Successful;Effective;No;No;No;No;No;No;0.0;-7.0;0.25;-7.12;0.39;-7.2;0.47;-7.25;;;;;;;;
1204;21.7;27.7;0.7;5;Successful;Effective;No;No;No;No;No;No;0.0;-7.0;0.25;-7.12;0.39;-7.2;0.47;-7.25;;;;;;;;
1205;21.7;27.7;0.7;8;Successful;Effective;No;No;No;No;No;No;0.0;-7.0;0.25;-7.12;0.39;-7.2;0.47;-7.25;;;;;;;;
1206;21.7;27.7;0.7;10;Successful;Effective;No;No;No;No;No;No;0.0;-7.0;0.25;-7.12;0.39;-7.2;0.47;-7.25;;;;;;;;
1207;21.7;27.7;0.8;5;Successful;Effective;No;No;No;No;No;No;0.0;-7.0;0.25;-7.12;0.39;-7.2;0.47;-7.25;;;;;;;;
1208;21.7;27.7;0.8;8;Successful;Effective;No;No;No;No;No;No;0.0;-7.0;0.25;-7.12;0.39;-7.2;0.47;-7.25;;;;;;;;
1209;21.7;27.7;0.8;10;Successful;Effective;No;No;No;No;No;No;0.0;-7.0;0.25;-7.12;0.39;-7.2;0.47;-7.25;;;;;;;;
1210;21.7;27.7;0.9;5;Successful;Effective;No;No;No;No;No;No;0.0;-7.0;0.25;-7.12;0.39;-7.2;0.47;-7.25;;;;;;;;
1211;21.7;27.7;0.9;8;Successful;Effective;No;No;No;No;No;No;0.0;-7.0;0.25;-7.12;0.39;-7.2;0.47;-7.25;;;;;;;;
1212;21.7;27.7;0.9;10;Successful;Effective;No;No;No;No;No;No;0.0;-7.0;0.25;-7.12;0.39;-7.2;0.47;-7.25;;;;;;;;
1213;21.7;27.7;1.0;5;Successful;Effective;No;No;No;No;No;No;0.0;-7.0;0.25;-7.12;0.39;-7.2;0.47;-7.25;;;;;;;;
1214;21.7;27.7;1.0;8;Successful;Effective;No;No;No;No;No;No;0.0;-7.0;0.25;-7.12;0.39;-7.2;0.47;-7.25;;;;;;;;
1215;21.7;27.7;1.0;10;Successful;Effective;No;No;No;No;No;No;0.0;-7.0;0.25;-7.12;0.39;-7.2;0.47;-7.25;;;;;;;;
1216;21.7;27.7;1.1;5;Successful;Effective;No;No;No;No;No;No;0.0;-7.0;0.25;-7.12;0.39;-7.2;0.47;-7.25;;;;;;;;
1217;21.7;27.7;1.1;8;Successful;Effective;No;No;No;No;No;No;0.0;-7.0;0.25;-7.12;0.39;-7.2;0.47;-7.25;;;;;;;;
1218;21.7;27.7;1.1;10;Successful;Effective;No;No;No;No;No;No;0.0;-7.0;0.25;-7.12;0.39;-7.2;0.47;-7.25;;;;;;;;
1219;21.8;27.8;0.5;5;Successful;Effective;No;No;No;No;No;No;0.0;-7.0;0.25;-7.12;0.39;-7.2;0.47;-7.25;;;;;;;;
1220;21.8;27.8;0.5;8;Successful;Effective;No;No;No;No;No;No;0.0;-7.0;0.25;-7.12;0.39;-7.2;0.47;-7.25;;;;;;;;
1221;21.8;27.8;0.5;10;Successful;Effective;No;No;No;No;No;No;0.0;-7.0;0.25;-7.12;0.39;-7.2;0.47;-7.25;;;;;;;;
1222;21.8;27.8;0.6;5;Successful;Effective;No;No;No;No;No;No;0.0;-7.0;0.25;-7.12;0.39;-7.2;0.47;-7.25;;;;;;;;
1223;21.8;27.8;0.6;8;Successful;Effective;No;No;No;No;No;No;0.0;-7.0;0.25;-7.12;0.39;-7.2;0.47;-7.25;;;;;;;;
1224;21.8;27.8;0.6;10;Successful;Effective;No;No;No;No;No;No;0.0;-7.0;0.25;-7.12;0.39;-7.2;0.47;-7.25;;;;;;;;
1225;21.8;27.8;0.7;5;Successful;Effective;No;No;No;No;No;No;0.0;-7.0;0.25;-7.12;0.39;-7.2;0.47;-7.25;;;;;;;;
1226;21.8;27.8;0.7;8;Successful;Effective;No;No;No;No;No;No;0.0;-7.0;0.25;-7.12;0.39;-7.2;0.47;-7.25;;;;;;;;
1227;21.8;27.8;0.7;10;Successful;Effective;No;No;No;No;No;No;0.0;-7.0;0.25;-7.12;0.39;-7.2;0.47;-7.25;;;;;;;;
1228;21.8;27.8;0.8;5;Successful;Effective;No;No;No;No;No;No;0.0;-7.0;0.25;-7.12;0.39;-7.2;0.47;-7.25;;;;;;;;
1229;21.8;27.8;0.8;8;Successful;Effective;No;No;No;No;No;No;0.0;-7.0;0.25;-7.12;0.39;-7.2;0.47;-7.25;;;;;;;;
1230;21.8;27.8;0.8;10;Successful;Effective;No;No;No;No;No;No;0.0;-7.0;0.25;-7.12;0.39;-7.2;0.47;-7.25;;;;;;;;
1231;21.8;27.8;0.9;5;Successful;Effective;No;No;No;No;No;No;0.0;-7.0;0.25;-7.12;0.39;-7.2;0.47;-7.25;;;;;;;;
1232;21.8;27.8;0.9;8;Successful;Effective;No;No;No;No;No;No;0.0;-7.0;0.25;-7.12;0.39;-7.2;0.47;-7.25;;;;;;;;
1233;21.8;27.8;0.9;10;Successful;Effective;No;No;No;No;No;No;0.0;-7.0;0.25;-7.12;0.39;-7.2;0.47;-7.25;;;;;;;;
1234;21.8;27.8;1.0;5;Successful;Effective;No;No;No;No;No;No;0.0;-7.0;0.25;-7.12;0.39;-7.2;0.47;-7.25;;;;;;;;
1235;21.8;27.8;1.0;8;Successful;Effective;No;No;No;No;No;No;0.0;-7.0;0.25;-7.12;0.39;-7.2;0.47;-7.25;;;;;;;;
1236;21.8;27.8;1.0;10;Successful;Effective;No;No;No;No;No;No;0.0;-7.0;0.25;-7.12;0.39;-7.2;0.47;-7.25;;;;;;;;
1237;21.8;27.8;1.1;5;Successful;Effective;No;No;No;No;No;No;0.0;-7.0;0.25;-7.12;0.39;-7.2;0.47;-7.25;;;;;;;;
1238;21.8;27.8;1.1;8;Successful;Effective;No;No;No;No;No;No;0.0;-7.0;0.25;-7.12;0.39;-7.2;0.47;-7.25;;;;;;;;
1239;21.8;27.8;1.1;10;Successful;Effective;No;No;No;No;No;No;0.0;-7.0;0.25;-7.12;0.39;-7.2;0.47;-7.25;;;;;;;;
1240;21.9;27.9;0.5;5;Successful;Effective;No;No;No;No;No;No;0.0;-7.0;0.25;-7.12;0.39;-7.2;0.47;-7.25;;;;;;;;
1241;21.9;27.9;0.5;8;Successful;Effective;No;No;No;No;No;No;0.0;-7.0;0.25;-7.12;0.39;-7.2;0.47;-7.25;;;;;;;;
1242;21.9;27.9;0.5;10;Successful;Effective;No;No;No;No;No;No;0.0;-7.0;0.25;-7.12;0.39;-7.2;0.47;-7.25;;;;;;;;
1243;21.9;27.9;0.6;5;Successful;Effective;No;No;No;No;No;No;0.0;-7.0;0.25;-7.12;0.39;-7.2;0.47;-7.25;;;;;;;;
1244;21.9;27.9;0.6;8;Successful;Effective;No;No;No;No;No;No;0.0;-7.0;0.25;-7.12;0.39;-7.2;0.47;-7.25;;;;;;;;
1245;21.9;27.9;0.6;10;Successful;Effective;No;No;No;No;No;No;0.0;-7.0;0.25;-7.12;0.39;-7.2;0.47;-7.25;;;;;;;;
1246;21.9;27.9;0.7;5;Successful;Effective;No;No;No;No;No;No;0.0;-7.0;0.25;-7.12;0.39;-7.2;0.47;-7.25;;;;;;;;
1247;21.9;27.9;0.7;8;Successful;Effective;No;No;No;No;No;No;0.0;-7.0;0.25;-7.12;0.39;-7.2;0.47;-7.25;;;;;;;;
1248;21.9;27.9;0.7;10;Successful;Effective;No;No;No;No;No;No;0.0;-7.0;0.25;-7.12;0.39;-7.2;0.47;-7.25;;;;;;;;
1249;21.9;27.9;0.8;5;Successful;Effective;No;No;No;No;No;No;0.0;-7.0;0.25;-7.12;0.39;-7.2;0.47;-7.25;;;;;;;;
1250;21.9;27.9;0.8;8;Successful;Effective;No;No;No;No;No;No;0.0;-7.0;0.25;-7.12;0.39;-7.2;0.47;-7.25;;;;;;;;
1251;21.9;27.9;0.8;10;Successful;Effective;No;No;No;No;No;No;0.0;-7.0;0.25;-7.12;0.39;-7.2;0.47;-7.25;;;;;;;;
1252;21.9;27.9;0.9;5;Successful;Effective;No;No;No;No;No;No;0.0;-7.0;0.25;-7.12;0.39;-7.2;0.47;-7.25;;;;;;;;
1253;21.9;27.9;0.9;8;Successful;Effective;No;No;No;No;No;No;0.0;-7.0;0.25;-7.12;0.39;-7.2;0.47;-7.25;;;;;;;;
1254;21.9;27.9;0.9;10;Successful;Effective;No;No;No;No;No;No;0.0;-7.0;0.25;-7.12;0.39;-7.2;0.47;-7.25;;;;;;;;
1255;21.9;27.9;1.0;5;Successful;Effective;No;No;No;No;No;No;0.0;-7.0;0.25;-7.12;0.39;-7.2;0.47;-7.25;;;;;;;;
1256;21.9;27.9;1.0;8;Successful;Effective;No;No;No;No;No;No;0.0;-7.0;0.25;-7.12;0.39;-7.2;0.47;-7.25;;;;;;;;
1257;21.9;27.9;1.0;10;Successful;Effective;No;No;No;No;No;No;0.0;-7.0;0.25;-7.12;0.39;-7.2;0.47;-7.25;;;;;;;;
1258;21.9;27.9;1.1;5;Successful;Effective;No;No;No;No;No;No;0.0;-7.0;0.25;-7.12;0.39;-7.2;0.47;-7.25;;;;;;;;
1259;21.9;27.9;1.1;8;Successful;Effective;No;No;No;No;No;No;0.0;-7.0;0.25;-7.12;0.39;-7.2;0.47;-7.25;;;;;;;;
1260;21.9;27.9;1.1;10;Successful;Effective;No;No;No;No;No;No;0.0;-7.0;0.25;-7.12;0.39;-7.2;0.47;-7.25;;;;;;;;
