Ex ID;Start_time;End_time;Injected_value;CACC_spacing;Run_status;Impact_status;Collision_state;Collision_time;collider;victim;Collision_pos;Collision_lane;Accel_0_max;Dcel_0_min;Accel_1_max;Dcel_1_min;Accel_2_max;Dcel_2_min;Accel_3_max;Dcel_3_min;Accel_4_max;Dcel_4_min;Accel_5_max;Dcel_5_min;Accel_6_max;Dcel_6_min;Accel_7_max;Dcel_7_min
1;16.0;22.0;0.5;5;Successful;Effective;collision;19.23;vtypeauto.1;vtypeauto.0;443.33;edge_0_0_0;0.0;-7.99;0.2;-9.0;0.31;-9.0;0.38;-9.0;;;;;;;;
2;16.0;22.0;0.5;8;Successful;Effective;No;No;No;No;No;No;0.0;-7.99;0.2;-9.0;0.31;-9.0;0.38;-9.0;;;;;;;;
3;16.0;22.0;0.5;10;Successful;Effective;No;No;No;No;No;No;0.0;-7.99;0.2;-9.0;0.31;-9.0;0.38;-9.0;;;;;;;;
4;16.0;22.0;0.6;5;Successful;Effective;collision;18.99;vtypeauto.1;vtypeauto.0;441.13;edge_0_0_0;0.0;-7.99;0.2;-9.0;0.31;-9.0;0.38;-9.0;;;;;;;;
5;16.0;22.0;0.6;8;Successful;Effective;collision;19.81;vtypeauto.1;vtypeauto.0;455.71;edge_0_0_0;0.0;-7.99;0.2;-9.0;0.31;-9.0;0.38;-9.0;;;;;;;;
6;16.0;22.0;0.6;10;Successful;Effective;No;No;No;No;No;No;0.0;-7.99;0.2;-9.0;0.31;-9.0;0.38;-9.0;;;;;;;;
7;16.0;22.0;0.7;5;Successful;Effective;collision;18.85;vtypeauto.1;vtypeauto.0;439.66;edge_0_0_0;0.0;-7.99;0.2;-9.0;0.31;-9.0;0.38;-9.0;;;;;;;;
8;16.0;22.0;0.7;8;Successful;Effective;collision;19.49;vtypeauto.1;vtypeauto.0;454.16;edge_0_0_0;0.0;-7.99;0.2;-9.0;0.31;-9.0;0.38;-9.0;;;;;;;;
9;16.0;22.0;0.7;10;Successful;Effective;collision;19.99;vtypeauto.1;vtypeauto.0;462.24;edge_0_0_0;0.0;-7.99;0.2;-9.0;0.31;-9.0;0.38;-9.0;;;;;;;;
10;16.0;22.0;0.8;5;Successful;Effective;collision;18.75;vtypeauto.1;vtypeauto.0;438.47;edge_0_0_0;0.0;-7.99;0.2;-9.0;0.31;-9.0;0.38;-9.0;;;;;;;;
11;16.0;22.0;0.8;8;Successful;Effective;collision;19.29;vtypeauto.1;vtypeauto.0;452.78;edge_0_0_0;0.0;-7.99;0.2;-9.0;0.31;-9.0;0.38;-9.0;;;;;;;;
12;16.0;22.0;0.8;10;Successful;Effective;collision;19.69;vtypeauto.1;vtypeauto.0;461.24;edge_0_0_0;0.0;-7.99;0.2;-9.0;0.31;-9.0;0.38;-9.0;;;;;;;;
13;16.0;22.0;0.9;5;Successful;Effective;collision;18.69;vtypeauto.1;vtypeauto.0;437.75;edge_0_0_0;0.0;-7.99;0.2;-9.0;0.31;-9.0;0.38;-9.0;;;;;;;;
14;16.0;22.0;0.9;8;Successful;Effective;collision;19.16;vtypeauto.1;vtypeauto.0;451.73;edge_0_0_0;0.0;-7.99;0.2;-9.0;0.31;-9.0;0.38;-9.0;;;;;;;;
15;16.0;22.0;0.9;10;Successful;Effective;collision;19.49;vtypeauto.1;vtypeauto.0;460.16;edge_0_0_0;0.0;-7.99;0.2;-9.0;0.31;-9.0;0.38;-9.0;;;;;;;;
16;16.0;22.0;1.0;5;Successful;Effective;collision;18.65;vtypeauto.1;vtypeauto.0;437.25;edge_0_0_0;0.0;-7.99;0.2;-9.0;0.31;-9.0;0.38;-9.0;;;;;;;;
17;16.0;22.0;1.0;8;Successful;Effective;collision;19.07;vtypeauto.1;vtypeauto.0;450.93;edge_0_0_0;0.0;-7.99;0.2;-9.0;0.31;-9.0;0.38;-9.0;;;;;;;;
18;16.0;22.0;1.0;10;Successful;Effective;collision;19.36;vtypeauto.1;vtypeauto.0;459.34;edge_0_0_0;0.0;-7.99;0.2;-9.0;0.31;-9.0;0.38;-9.0;;;;;;;;
19;16.0;22.0;1.1;5;Successful;Effective;collision;18.63;vtypeauto.1;vtypeauto.0;437.04;edge_0_0_0;0.0;-7.99;0.2;-9.0;0.31;-9.0;0.38;-9.0;;;;;;;;
20;16.0;22.0;1.1;8;Successful;Effective;collision;19.01;vtypeauto.1;vtypeauto.0;450.39;edge_0_0_0;0.0;-7.99;0.2;-9.0;0.31;-9.0;0.38;-9.0;;;;;;;;
21;16.0;22.0;1.1;10;Successful;Effective;collision;19.26;vtypeauto.1;vtypeauto.0;458.57;edge_0_0_0;0.0;-7.99;0.2;-9.0;0.31;-9.0;0.38;-9.0;;;;;;;;
22;16.1;22.1;0.5;5;Successful;Effective;collision;19.23;vtypeauto.1;vtypeauto.0;443.33;edge_0_0_0;0.0;-7.99;0.2;-9.0;0.31;-9.0;0.38;-9.0;;;;;;;;
23;16.1;22.1;0.5;8;Successful;Effective;No;No;No;No;No;No;0.0;-7.99;0.2;-9.0;0.31;-9.0;0.38;-9.0;;;;;;;;
24;16.1;22.1;0.5;10;Successful;Effective;No;No;No;No;No;No;0.0;-7.99;0.2;-9.0;0.31;-9.0;0.38;-9.0;;;;;;;;
25;16.1;22.1;0.6;5;Successful;Effective;collision;18.99;vtypeauto.1;vtypeauto.0;441.13;edge_0_0_0;0.0;-7.99;0.2;-9.0;0.31;-9.0;0.38;-9.0;;;;;;;;
26;16.1;22.1;0.6;8;Successful;Effective;collision;19.81;vtypeauto.1;vtypeauto.0;455.71;edge_0_0_0;0.0;-7.99;0.2;-9.0;0.31;-9.0;0.38;-9.0;;;;;;;;
27;16.1;22.1;0.6;10;Successful;Effective;No;No;No;No;No;No;0.0;-7.99;0.2;-9.0;0.31;-9.0;0.38;-9.0;;;;;;;;
28;16.1;22.1;0.7;5;Successful;Effective;collision;18.85;vtypeauto.1;vtypeauto.0;439.66;edge_0_0_0;0.0;-7.99;0.2;-9.0;0.31;-9.0;0.38;-9.0;;;;;;;;
29;16.1;22.1;0.7;8;Successful;Effective;collision;19.49;vtypeauto.1;vtypeauto.0;454.16;edge_0_0_0;0.0;-7.99;0.2;-9.0;0.31;-9.0;0.38;-9.0;;;;;;;;
30;16.1;22.1;0.7;10;Successful;Effective;collision;19.99;vtypeauto.1;vtypeauto.0;462.24;edge_0_0_0;0.0;-7.99;0.2;-9.0;0.31;-9.0;0.38;-9.0;;;;;;;;
31;16.1;22.1;0.8;5;Successful;Effective;collision;18.75;vtypeauto.1;vtypeauto.0;438.47;edge_0_0_0;0.0;-7.99;0.2;-9.0;0.31;-9.0;0.38;-9.0;;;;;;;;
32;16.1;22.1;0.8;8;Successful;Effective;collision;19.29;vtypeauto.1;vtypeauto.0;452.78;edge_0_0_0;0.0;-7.99;0.2;-9.0;0.31;-9.0;0.38;-9.0;;;;;;;;
33;16.1;22.1;0.8;10;Successful;Effective;collision;19.69;vtypeauto.1;vtypeauto.0;461.24;edge_0_0_0;0.0;-7.99;0.2;-9.0;0.31;-9.0;0.38;-9.0;;;;;;;;
34;16.1;22.1;0.9;5;Successful;Effective;collision;18.69;vtypeauto.1;vtypeauto.0;437.75;edge_0_0_0;0.0;-7.99;0.2;-9.0;0.31;-9.0;0.38;-9.0;;;;;;;;
35;16.1;22.1;0.9;8;Successful;Effective;collision;19.16;vtypeauto.1;vtypeauto.0;451.73;edge_0_0_0;0.0;-7.99;0.2;-9.0;0.31;-9.0;0.38;-9.0;;;;;;;;
36;16.1;22.1;0.9;10;Successful;Effective;collision;19.49;vtypeauto.1;vtypeauto.0;460.16;edge_0_0_0;0.0;-7.99;0.2;-9.0;0.31;-9.0;0.38;-9.0;;;;;;;;
37;16.1;22.1;1.0;5;Successful;Effective;collision;18.65;vtypeauto.1;vtypeauto.0;437.25;edge_0_0_0;0.0;-7.99;0.2;-9.0;0.31;-9.0;0.38;-9.0;;;;;;;;
38;16.1;22.1;1.0;8;Successful;Effective;collision;19.07;vtypeauto.1;vtypeauto.0;450.93;edge_0_0_0;0.0;-7.99;0.2;-9.0;0.31;-9.0;0.38;-9.0;;;;;;;;
39;16.1;22.1;1.0;10;Successful;Effective;collision;19.36;vtypeauto.1;vtypeauto.0;459.34;edge_0_0_0;0.0;-7.99;0.2;-9.0;0.31;-9.0;0.38;-9.0;;;;;;;;
40;16.1;22.1;1.1;5;Successful;Effective;collision;18.63;vtypeauto.1;vtypeauto.0;437.04;edge_0_0_0;0.0;-7.99;0.2;-9.0;0.31;-9.0;0.38;-9.0;;;;;;;;
41;16.1;22.1;1.1;8;Successful;Effective;collision;19.01;vtypeauto.1;vtypeauto.0;450.39;edge_0_0_0;0.0;-7.99;0.2;-9.0;0.31;-9.0;0.38;-9.0;;;;;;;;
42;16.1;22.1;1.1;10;Successful;Effective;collision;19.26;vtypeauto.1;vtypeauto.0;458.57;edge_0_0_0;0.0;-7.99;0.2;-9.0;0.31;-9.0;0.38;-9.0;;;;;;;;
43;16.2;22.2;0.5;5;Successful;Effective;collision;19.23;vtypeauto.1;vtypeauto.0;443.33;edge_0_0_0;0.0;-7.99;0.2;-9.0;0.31;-9.0;0.38;-9.0;;;;;;;;
44;16.2;22.2;0.5;8;Successful;Effective;No;No;No;No;No;No;0.0;-7.99;0.2;-9.0;0.31;-9.0;0.38;-9.0;;;;;;;;
45;16.2;22.2;0.5;10;Successful;Effective;No;No;No;No;No;No;0.0;-7.99;0.2;-9.0;0.31;-9.0;0.38;-9.0;;;;;;;;
46;16.2;22.2;0.6;5;Successful;Effective;collision;18.99;vtypeauto.1;vtypeauto.0;441.13;edge_0_0_0;0.0;-7.99;0.2;-9.0;0.31;-9.0;0.38;-9.0;;;;;;;;
47;16.2;22.2;0.6;8;Successful;Effective;collision;19.81;vtypeauto.1;vtypeauto.0;455.71;edge_0_0_0;0.0;-7.99;0.2;-9.0;0.31;-9.0;0.38;-9.0;;;;;;;;
48;16.2;22.2;0.6;10;Successful;Effective;No;No;No;No;No;No;0.0;-7.99;0.2;-9.0;0.31;-9.0;0.38;-9.0;;;;;;;;
49;16.2;22.2;0.7;5;Successful;Effective;collision;18.85;vtypeauto.1;vtypeauto.0;439.66;edge_0_0_0;0.0;-7.99;0.2;-9.0;0.31;-9.0;0.38;-9.0;;;;;;;;
50;16.2;22.2;0.7;8;Successful;Effective;collision;19.49;vtypeauto.1;vtypeauto.0;454.16;edge_0_0_0;0.0;-7.99;0.2;-9.0;0.31;-9.0;0.38;-9.0;;;;;;;;
51;16.2;22.2;0.7;10;Successful;Effective;collision;19.99;vtypeauto.1;vtypeauto.0;462.24;edge_0_0_0;0.0;-7.99;0.2;-9.0;0.31;-9.0;0.38;-9.0;;;;;;;;
52;16.2;22.2;0.8;5;Successful;Effective;collision;18.75;vtypeauto.1;vtypeauto.0;438.47;edge_0_0_0;0.0;-7.99;0.2;-9.0;0.31;-9.0;0.38;-9.0;;;;;;;;
53;16.2;22.2;0.8;8;Successful;Effective;collision;19.29;vtypeauto.1;vtypeauto.0;452.78;edge_0_0_0;0.0;-7.99;0.2;-9.0;0.31;-9.0;0.38;-9.0;;;;;;;;
54;16.2;22.2;0.8;10;Successful;Effective;collision;19.69;vtypeauto.1;vtypeauto.0;461.24;edge_0_0_0;0.0;-7.99;0.2;-9.0;0.31;-9.0;0.38;-9.0;;;;;;;;
55;16.2;22.2;0.9;5;Successful;Effective;collision;18.69;vtypeauto.1;vtypeauto.0;437.75;edge_0_0_0;0.0;-7.99;0.2;-9.0;0.31;-9.0;0.38;-9.0;;;;;;;;
56;16.2;22.2;0.9;8;Successful;Effective;collision;19.16;vtypeauto.1;vtypeauto.0;451.73;edge_0_0_0;0.0;-7.99;0.2;-9.0;0.31;-9.0;0.38;-9.0;;;;;;;;
57;16.2;22.2;0.9;10;Successful;Effective;collision;19.49;vtypeauto.1;vtypeauto.0;460.16;edge_0_0_0;0.0;-7.99;0.2;-9.0;0.31;-9.0;0.38;-9.0;;;;;;;;
58;16.2;22.2;1.0;5;Successful;Effective;collision;18.65;vtypeauto.1;vtypeauto.0;437.25;edge_0_0_0;0.0;-7.99;0.2;-9.0;0.31;-9.0;0.38;-9.0;;;;;;;;
59;16.2;22.2;1.0;8;Successful;Effective;collision;19.07;vtypeauto.1;vtypeauto.0;450.93;edge_0_0_0;0.0;-7.99;0.2;-9.0;0.31;-9.0;0.38;-9.0;;;;;;;;
60;16.2;22.2;1.0;10;Successful;Effective;collision;19.36;vtypeauto.1;vtypeauto.0;459.34;edge_0_0_0;0.0;-7.99;0.2;-9.0;0.31;-9.0;0.38;-9.0;;;;;;;;
61;16.2;22.2;1.1;5;Successful;Effective;collision;18.63;vtypeauto.1;vtypeauto.0;437.04;edge_0_0_0;0.0;-7.99;0.2;-9.0;0.31;-9.0;0.38;-9.0;;;;;;;;
62;16.2;22.2;1.1;8;Successful;Effective;collision;19.01;vtypeauto.1;vtypeauto.0;450.39;edge_0_0_0;0.0;-7.99;0.2;-9.0;0.31;-9.0;0.38;-9.0;;;;;;;;
63;16.2;22.2;1.1;10;Successful;Effective;collision;19.26;vtypeauto.1;vtypeauto.0;458.57;edge_0_0_0;0.0;-7.99;0.2;-9.0;0.31;-9.0;0.38;-9.0;;;;;;;;
64;16.3;22.3;0.5;5;Successful;Effective;collision;19.23;vtypeauto.1;vtypeauto.0;443.33;edge_0_0_0;0.0;-7.99;0.2;-9.0;0.31;-9.0;0.38;-9.0;;;;;;;;
65;16.3;22.3;0.5;8;Successful;Effective;No;No;No;No;No;No;0.0;-7.99;0.2;-9.0;0.31;-9.0;0.38;-9.0;;;;;;;;
66;16.3;22.3;0.5;10;Successful;Effective;No;No;No;No;No;No;0.0;-7.99;0.2;-9.0;0.31;-9.0;0.38;-9.0;;;;;;;;
67;16.3;22.3;0.6;5;Successful;Effective;collision;18.99;vtypeauto.1;vtypeauto.0;441.13;edge_0_0_0;0.0;-7.99;0.2;-9.0;0.31;-9.0;0.38;-9.0;;;;;;;;
68;16.3;22.3;0.6;8;Successful;Effective;collision;19.81;vtypeauto.1;vtypeauto.0;455.71;edge_0_0_0;0.0;-7.99;0.2;-9.0;0.31;-9.0;0.38;-9.0;;;;;;;;
69;16.3;22.3;0.6;10;Successful;Effective;No;No;No;No;No;No;0.0;-7.99;0.2;-9.0;0.31;-9.0;0.38;-9.0;;;;;;;;
70;16.3;22.3;0.7;5;Successful;Effective;collision;18.85;vtypeauto.1;vtypeauto.0;439.66;edge_0_0_0;0.0;-7.99;0.2;-9.0;0.31;-9.0;0.38;-9.0;;;;;;;;
71;16.3;22.3;0.7;8;Successful;Effective;collision;19.49;vtypeauto.1;vtypeauto.0;454.16;edge_0_0_0;0.0;-7.99;0.2;-9.0;0.31;-9.0;0.38;-9.0;;;;;;;;
72;16.3;22.3;0.7;10;Successful;Effective;collision;19.99;vtypeauto.1;vtypeauto.0;462.24;edge_0_0_0;0.0;-7.99;0.2;-9.0;0.31;-9.0;0.38;-9.0;;;;;;;;
73;16.3;22.3;0.8;5;Successful;Effective;collision;18.75;vtypeauto.1;vtypeauto.0;438.47;edge_0_0_0;0.0;-7.99;0.2;-9.0;0.31;-9.0;0.38;-9.0;;;;;;;;
74;16.3;22.3;0.8;8;Successful;Effective;collision;19.29;vtypeauto.1;vtypeauto.0;452.78;edge_0_0_0;0.0;-7.99;0.2;-9.0;0.31;-9.0;0.38;-9.0;;;;;;;;
75;16.3;22.3;0.8;10;Successful;Effective;collision;19.69;vtypeauto.1;vtypeauto.0;461.24;edge_0_0_0;0.0;-7.99;0.2;-9.0;0.31;-9.0;0.38;-9.0;;;;;;;;
76;16.3;22.3;0.9;5;Successful;Effective;collision;18.69;vtypeauto.1;vtypeauto.0;437.75;edge_0_0_0;0.0;-7.99;0.2;-9.0;0.31;-9.0;0.38;-9.0;;;;;;;;
77;16.3;22.3;0.9;8;Successful;Effective;collision;19.16;vtypeauto.1;vtypeauto.0;451.73;edge_0_0_0;0.0;-7.99;0.2;-9.0;0.31;-9.0;0.38;-9.0;;;;;;;;
78;16.3;22.3;0.9;10;Successful;Effective;collision;19.49;vtypeauto.1;vtypeauto.0;460.16;edge_0_0_0;0.0;-7.99;0.2;-9.0;0.31;-9.0;0.38;-9.0;;;;;;;;
79;16.3;22.3;1.0;5;Successful;Effective;collision;18.65;vtypeauto.1;vtypeauto.0;437.25;edge_0_0_0;0.0;-7.99;0.2;-9.0;0.31;-9.0;0.38;-9.0;;;;;;;;
80;16.3;22.3;1.0;8;Successful;Effective;collision;19.07;vtypeauto.1;vtypeauto.0;450.93;edge_0_0_0;0.0;-7.99;0.2;-9.0;0.31;-9.0;0.38;-9.0;;;;;;;;
81;16.3;22.3;1.0;10;Successful;Effective;collision;19.36;vtypeauto.1;vtypeauto.0;459.34;edge_0_0_0;0.0;-7.99;0.2;-9.0;0.31;-9.0;0.38;-9.0;;;;;;;;
82;16.3;22.3;1.1;5;Successful;Effective;collision;18.63;vtypeauto.1;vtypeauto.0;437.04;edge_0_0_0;0.0;-7.99;0.2;-9.0;0.31;-9.0;0.38;-9.0;;;;;;;;
83;16.3;22.3;1.1;8;Successful;Effective;collision;19.01;vtypeauto.1;vtypeauto.0;450.39;edge_0_0_0;0.0;-7.99;0.2;-9.0;0.31;-9.0;0.38;-9.0;;;;;;;;
84;16.3;22.3;1.1;10;Successful;Effective;collision;19.26;vtypeauto.1;vtypeauto.0;458.57;edge_0_0_0;0.0;-7.99;0.2;-9.0;0.31;-9.0;0.38;-9.0;;;;;;;;
85;16.4;22.4;0.5;5;Successful;Effective;collision;19.23;vtypeauto.1;vtypeauto.0;443.33;edge_0_0_0;0.0;-7.99;0.2;-9.0;0.31;-9.0;0.38;-9.0;;;;;;;;
86;16.4;22.4;0.5;8;Successful;Effective;No;No;No;No;No;No;0.0;-7.99;0.2;-9.0;0.31;-9.0;0.38;-9.0;;;;;;;;
87;16.4;22.4;0.5;10;Successful;Effective;No;No;No;No;No;No;0.0;-7.99;0.2;-9.0;0.31;-9.0;0.38;-9.0;;;;;;;;
88;16.4;22.4;0.6;5;Successful;Effective;collision;18.99;vtypeauto.1;vtypeauto.0;441.13;edge_0_0_0;0.0;-7.99;0.2;-9.0;0.31;-9.0;0.38;-9.0;;;;;;;;
89;16.4;22.4;0.6;8;Successful;Effective;collision;19.81;vtypeauto.1;vtypeauto.0;455.71;edge_0_0_0;0.0;-7.99;0.2;-9.0;0.31;-9.0;0.38;-9.0;;;;;;;;
90;16.4;22.4;0.6;10;Successful;Effective;No;No;No;No;No;No;0.0;-7.99;0.2;-9.0;0.31;-9.0;0.38;-9.0;;;;;;;;
91;16.4;22.4;0.7;5;Successful;Effective;collision;18.85;vtypeauto.1;vtypeauto.0;439.66;edge_0_0_0;0.0;-7.99;0.2;-9.0;0.31;-9.0;0.38;-9.0;;;;;;;;
92;16.4;22.4;0.7;8;Successful;Effective;collision;19.49;vtypeauto.1;vtypeauto.0;454.16;edge_0_0_0;0.0;-7.99;0.2;-9.0;0.31;-9.0;0.38;-9.0;;;;;;;;
93;16.4;22.4;0.7;10;Successful;Effective;collision;19.99;vtypeauto.1;vtypeauto.0;462.24;edge_0_0_0;0.0;-7.99;0.2;-9.0;0.31;-9.0;0.38;-9.0;;;;;;;;
94;16.4;22.4;0.8;5;Successful;Effective;collision;18.75;vtypeauto.1;vtypeauto.0;438.47;edge_0_0_0;0.0;-7.99;0.2;-9.0;0.31;-9.0;0.38;-9.0;;;;;;;;
95;16.4;22.4;0.8;8;Successful;Effective;collision;19.29;vtypeauto.1;vtypeauto.0;452.78;edge_0_0_0;0.0;-7.99;0.2;-9.0;0.31;-9.0;0.38;-9.0;;;;;;;;
96;16.4;22.4;0.8;10;Successful;Effective;collision;19.69;vtypeauto.1;vtypeauto.0;461.24;edge_0_0_0;0.0;-7.99;0.2;-9.0;0.31;-9.0;0.38;-9.0;;;;;;;;
97;16.4;22.4;0.9;5;Successful;Effective;collision;18.69;vtypeauto.1;vtypeauto.0;437.75;edge_0_0_0;0.0;-7.99;0.2;-9.0;0.31;-9.0;0.38;-9.0;;;;;;;;
98;16.4;22.4;0.9;8;Successful;Effective;collision;19.16;vtypeauto.1;vtypeauto.0;451.73;edge_0_0_0;0.0;-7.99;0.2;-9.0;0.31;-9.0;0.38;-9.0;;;;;;;;
99;16.4;22.4;0.9;10;Successful;Effective;collision;19.49;vtypeauto.1;vtypeauto.0;460.16;edge_0_0_0;0.0;-7.99;0.2;-9.0;0.31;-9.0;0.38;-9.0;;;;;;;;
100;16.4;22.4;1.0;5;Successful;Effective;collision;18.65;vtypeauto.1;vtypeauto.0;437.25;edge_0_0_0;0.0;-7.99;0.2;-9.0;0.31;-9.0;0.38;-9.0;;;;;;;;
101;16.4;22.4;1.0;8;Successful;Effective;collision;19.07;vtypeauto.1;vtypeauto.0;450.93;edge_0_0_0;0.0;-7.99;0.2;-9.0;0.31;-9.0;0.38;-9.0;;;;;;;;
102;16.4;22.4;1.0;10;Successful;Effective;collision;19.36;vtypeauto.1;vtypeauto.0;459.34;edge_0_0_0;0.0;-7.99;0.2;-9.0;0.31;-9.0;0.38;-9.0;;;;;;;;
103;16.4;22.4;1.1;5;Successful;Effective;collision;18.63;vtypeauto.1;vtypeauto.0;437.04;edge_0_0_0;0.0;-7.99;0.2;-9.0;0.31;-9.0;0.38;-9.0;;;;;;;;
104;16.4;22.4;1.1;8;Successful;Effective;collision;19.01;vtypeauto.1;vtypeauto.0;450.39;edge_0_0_0;0.0;-7.99;0.2;-9.0;0.31;-9.0;0.38;-9.0;;;;;;;;
105;16.4;22.4;1.1;10;Successful;Effective;collision;19.26;vtypeauto.1;vtypeauto.0;458.57;edge_0_0_0;0.0;-7.99;0.2;-9.0;0.31;-9.0;0.38;-9.0;;;;;;;;
106;16.5;22.5;0.5;5;Successful;Effective;collision;19.23;vtypeauto.1;vtypeauto.0;443.33;edge_0_0_0;0.0;-7.99;0.2;-9.0;0.31;-9.0;0.38;-9.0;;;;;;;;
107;16.5;22.5;0.5;8;Successful;Effective;No;No;No;No;No;No;0.0;-7.99;0.2;-9.0;0.31;-9.0;0.38;-9.0;;;;;;;;
108;16.5;22.5;0.5;10;Successful;Effective;No;No;No;No;No;No;0.0;-7.99;0.2;-9.0;0.31;-9.0;0.38;-9.0;;;;;;;;
109;16.5;22.5;0.6;5;Successful;Effective;collision;18.99;vtypeauto.1;vtypeauto.0;441.13;edge_0_0_0;0.0;-7.99;0.2;-9.0;0.31;-9.0;0.38;-9.0;;;;;;;;
110;16.5;22.5;0.6;8;Successful;Effective;collision;19.81;vtypeauto.1;vtypeauto.0;455.71;edge_0_0_0;0.0;-7.99;0.2;-9.0;0.31;-9.0;0.38;-9.0;;;;;;;;
111;16.5;22.5;0.6;10;Successful;Effective;No;No;No;No;No;No;0.0;-7.99;0.2;-9.0;0.31;-9.0;0.38;-9.0;;;;;;;;
112;16.5;22.5;0.7;5;Successful;Effective;collision;18.85;vtypeauto.1;vtypeauto.0;439.66;edge_0_0_0;0.0;-7.99;0.2;-9.0;0.31;-9.0;0.38;-9.0;;;;;;;;
113;16.5;22.5;0.7;8;Successful;Effective;collision;19.49;vtypeauto.1;vtypeauto.0;454.16;edge_0_0_0;0.0;-7.99;0.2;-9.0;0.31;-9.0;0.38;-9.0;;;;;;;;
114;16.5;22.5;0.7;10;Successful;Effective;collision;19.99;vtypeauto.1;vtypeauto.0;462.24;edge_0_0_0;0.0;-7.99;0.2;-9.0;0.31;-9.0;0.38;-9.0;;;;;;;;
115;16.5;22.5;0.8;5;Successful;Effective;collision;18.75;vtypeauto.1;vtypeauto.0;438.47;edge_0_0_0;0.0;-7.99;0.2;-9.0;0.31;-9.0;0.38;-9.0;;;;;;;;
116;16.5;22.5;0.8;8;Successful;Effective;collision;19.29;vtypeauto.1;vtypeauto.0;452.78;edge_0_0_0;0.0;-7.99;0.2;-9.0;0.31;-9.0;0.38;-9.0;;;;;;;;
117;16.5;22.5;0.8;10;Successful;Effective;collision;19.69;vtypeauto.1;vtypeauto.0;461.24;edge_0_0_0;0.0;-7.99;0.2;-9.0;0.31;-9.0;0.38;-9.0;;;;;;;;
118;16.5;22.5;0.9;5;Successful;Effective;collision;18.69;vtypeauto.1;vtypeauto.0;437.75;edge_0_0_0;0.0;-7.99;0.2;-9.0;0.31;-9.0;0.38;-9.0;;;;;;;;
119;16.5;22.5;0.9;8;Successful;Effective;collision;19.16;vtypeauto.1;vtypeauto.0;451.73;edge_0_0_0;0.0;-7.99;0.2;-9.0;0.31;-9.0;0.38;-9.0;;;;;;;;
120;16.5;22.5;0.9;10;Successful;Effective;collision;19.49;vtypeauto.1;vtypeauto.0;460.16;edge_0_0_0;0.0;-7.99;0.2;-9.0;0.31;-9.0;0.38;-9.0;;;;;;;;
121;16.5;22.5;1.0;5;Successful;Effective;collision;18.65;vtypeauto.1;vtypeauto.0;437.25;edge_0_0_0;0.0;-7.99;0.2;-9.0;0.31;-9.0;0.38;-9.0;;;;;;;;
122;16.5;22.5;1.0;8;Successful;Effective;collision;19.07;vtypeauto.1;vtypeauto.0;450.93;edge_0_0_0;0.0;-7.99;0.2;-9.0;0.31;-9.0;0.38;-9.0;;;;;;;;
123;16.5;22.5;1.0;10;Successful;Effective;collision;19.36;vtypeauto.1;vtypeauto.0;459.34;edge_0_0_0;0.0;-7.99;0.2;-9.0;0.31;-9.0;0.38;-9.0;;;;;;;;
124;16.5;22.5;1.1;5;Successful;Effective;collision;18.63;vtypeauto.1;vtypeauto.0;437.04;edge_0_0_0;0.0;-7.99;0.2;-9.0;0.31;-9.0;0.38;-9.0;;;;;;;;
125;16.5;22.5;1.1;8;Successful;Effective;collision;19.01;vtypeauto.1;vtypeauto.0;450.39;edge_0_0_0;0.0;-7.99;0.2;-9.0;0.31;-9.0;0.38;-9.0;;;;;;;;
126;16.5;22.5;1.1;10;Successful;Effective;collision;19.26;vtypeauto.1;vtypeauto.0;458.57;edge_0_0_0;0.0;-7.99;0.2;-9.0;0.31;-9.0;0.38;-9.0;;;;;;;;
127;16.6;22.6;0.5;5;Successful;Effective;collision;19.23;vtypeauto.1;vtypeauto.0;443.33;edge_0_0_0;0.0;-7.99;0.2;-9.0;0.31;-9.0;0.38;-9.0;;;;;;;;
128;16.6;22.6;0.5;8;Successful;Effective;No;No;No;No;No;No;0.0;-7.99;0.2;-9.0;0.31;-9.0;0.38;-9.0;;;;;;;;
129;16.6;22.6;0.5;10;Successful;Effective;No;No;No;No;No;No;0.0;-7.99;0.2;-9.0;0.31;-9.0;0.38;-9.0;;;;;;;;
130;16.6;22.6;0.6;5;Successful;Effective;collision;18.99;vtypeauto.1;vtypeauto.0;441.13;edge_0_0_0;0.0;-7.99;0.2;-9.0;0.31;-9.0;0.38;-9.0;;;;;;;;
131;16.6;22.6;0.6;8;Successful;Effective;collision;19.81;vtypeauto.1;vtypeauto.0;455.71;edge_0_0_0;0.0;-7.99;0.2;-9.0;0.31;-9.0;0.38;-9.0;;;;;;;;
132;16.6;22.6;0.6;10;Successful;Effective;No;No;No;No;No;No;0.0;-7.99;0.2;-9.0;0.31;-9.0;0.38;-9.0;;;;;;;;
133;16.6;22.6;0.7;5;Successful;Effective;collision;18.85;vtypeauto.1;vtypeauto.0;439.66;edge_0_0_0;0.0;-7.99;0.2;-9.0;0.31;-9.0;0.38;-9.0;;;;;;;;
134;16.6;22.6;0.7;8;Successful;Effective;collision;19.49;vtypeauto.1;vtypeauto.0;454.16;edge_0_0_0;0.0;-7.99;0.2;-9.0;0.31;-9.0;0.38;-9.0;;;;;;;;
135;16.6;22.6;0.7;10;Successful;Effective;collision;19.99;vtypeauto.1;vtypeauto.0;462.24;edge_0_0_0;0.0;-7.99;0.2;-9.0;0.31;-9.0;0.38;-9.0;;;;;;;;
136;16.6;22.6;0.8;5;Successful;Effective;collision;18.75;vtypeauto.1;vtypeauto.0;438.47;edge_0_0_0;0.0;-7.99;0.2;-9.0;0.31;-9.0;0.38;-9.0;;;;;;;;
137;16.6;22.6;0.8;8;Successful;Effective;collision;19.29;vtypeauto.1;vtypeauto.0;452.78;edge_0_0_0;0.0;-7.99;0.2;-9.0;0.31;-9.0;0.38;-9.0;;;;;;;;
138;16.6;22.6;0.8;10;Successful;Effective;collision;19.69;vtypeauto.1;vtypeauto.0;461.24;edge_0_0_0;0.0;-7.99;0.2;-9.0;0.31;-9.0;0.38;-9.0;;;;;;;;
139;16.6;22.6;0.9;5;Successful;Effective;collision;18.69;vtypeauto.1;vtypeauto.0;437.75;edge_0_0_0;0.0;-7.99;0.2;-9.0;0.31;-9.0;0.38;-9.0;;;;;;;;
140;16.6;22.6;0.9;8;Successful;Effective;collision;19.16;vtypeauto.1;vtypeauto.0;451.73;edge_0_0_0;0.0;-7.99;0.2;-9.0;0.31;-9.0;0.38;-9.0;;;;;;;;
141;16.6;22.6;0.9;10;Successful;Effective;collision;19.49;vtypeauto.1;vtypeauto.0;460.16;edge_0_0_0;0.0;-7.99;0.2;-9.0;0.31;-9.0;0.38;-9.0;;;;;;;;
142;16.6;22.6;1.0;5;Successful;Effective;collision;18.65;vtypeauto.1;vtypeauto.0;437.25;edge_0_0_0;0.0;-7.99;0.2;-9.0;0.31;-9.0;0.38;-9.0;;;;;;;;
143;16.6;22.6;1.0;8;Successful;Effective;collision;19.07;vtypeauto.1;vtypeauto.0;450.93;edge_0_0_0;0.0;-7.99;0.2;-9.0;0.31;-9.0;0.38;-9.0;;;;;;;;
144;16.6;22.6;1.0;10;Successful;Effective;collision;19.36;vtypeauto.1;vtypeauto.0;459.34;edge_0_0_0;0.0;-7.99;0.2;-9.0;0.31;-9.0;0.38;-9.0;;;;;;;;
145;16.6;22.6;1.1;5;Successful;Effective;collision;18.63;vtypeauto.1;vtypeauto.0;437.04;edge_0_0_0;0.0;-7.99;0.2;-9.0;0.31;-9.0;0.38;-9.0;;;;;;;;
146;16.6;22.6;1.1;8;Successful;Effective;collision;19.01;vtypeauto.1;vtypeauto.0;450.39;edge_0_0_0;0.0;-7.99;0.2;-9.0;0.31;-9.0;0.38;-9.0;;;;;;;;
147;16.6;22.6;1.1;10;Successful;Effective;collision;19.26;vtypeauto.1;vtypeauto.0;458.57;edge_0_0_0;0.0;-7.99;0.2;-9.0;0.31;-9.0;0.38;-9.0;;;;;;;;
148;16.7;22.7;0.5;5;Successful;Effective;collision;19.23;vtypeauto.1;vtypeauto.0;443.33;edge_0_0_0;0.0;-7.99;0.2;-9.0;0.31;-9.0;0.38;-9.0;;;;;;;;
149;16.7;22.7;0.5;8;Successful;Effective;No;No;No;No;No;No;0.0;-7.99;0.2;-9.0;0.31;-9.0;0.38;-9.0;;;;;;;;
150;16.7;22.7;0.5;10;Successful;Effective;No;No;No;No;No;No;0.0;-7.99;0.2;-9.0;0.31;-9.0;0.38;-9.0;;;;;;;;
151;16.7;22.7;0.6;5;Successful;Effective;collision;18.99;vtypeauto.1;vtypeauto.0;441.13;edge_0_0_0;0.0;-7.99;0.2;-9.0;0.31;-9.0;0.38;-9.0;;;;;;;;
152;16.7;22.7;0.6;8;Successful;Effective;collision;19.81;vtypeauto.1;vtypeauto.0;455.71;edge_0_0_0;0.0;-7.99;0.2;-9.0;0.31;-9.0;0.38;-9.0;;;;;;;;
153;16.7;22.7;0.6;10;Successful;Effective;No;No;No;No;No;No;0.0;-7.99;0.2;-9.0;0.31;-9.0;0.38;-9.0;;;;;;;;
154;16.7;22.7;0.7;5;Successful;Effective;collision;18.85;vtypeauto.1;vtypeauto.0;439.66;edge_0_0_0;0.0;-7.99;0.2;-9.0;0.31;-9.0;0.38;-9.0;;;;;;;;
155;16.7;22.7;0.7;8;Successful;Effective;collision;19.49;vtypeauto.1;vtypeauto.0;454.16;edge_0_0_0;0.0;-7.99;0.2;-9.0;0.31;-9.0;0.38;-9.0;;;;;;;;
156;16.7;22.7;0.7;10;Successful;Effective;collision;19.99;vtypeauto.1;vtypeauto.0;462.24;edge_0_0_0;0.0;-7.99;0.2;-9.0;0.31;-9.0;0.38;-9.0;;;;;;;;
157;16.7;22.7;0.8;5;Successful;Effective;collision;18.75;vtypeauto.1;vtypeauto.0;438.47;edge_0_0_0;0.0;-7.99;0.2;-9.0;0.31;-9.0;0.38;-9.0;;;;;;;;
158;16.7;22.7;0.8;8;Successful;Effective;collision;19.29;vtypeauto.1;vtypeauto.0;452.78;edge_0_0_0;0.0;-7.99;0.2;-9.0;0.31;-9.0;0.38;-9.0;;;;;;;;
159;16.7;22.7;0.8;10;Successful;Effective;collision;19.69;vtypeauto.1;vtypeauto.0;461.24;edge_0_0_0;0.0;-7.99;0.2;-9.0;0.31;-9.0;0.38;-9.0;;;;;;;;
160;16.7;22.7;0.9;5;Successful;Effective;collision;18.69;vtypeauto.1;vtypeauto.0;437.75;edge_0_0_0;0.0;-7.99;0.2;-9.0;0.31;-9.0;0.38;-9.0;;;;;;;;
161;16.7;22.7;0.9;8;Successful;Effective;collision;19.16;vtypeauto.1;vtypeauto.0;451.73;edge_0_0_0;0.0;-7.99;0.2;-9.0;0.31;-9.0;0.38;-9.0;;;;;;;;
162;16.7;22.7;0.9;10;Successful;Effective;collision;19.49;vtypeauto.1;vtypeauto.0;460.16;edge_0_0_0;0.0;-7.99;0.2;-9.0;0.31;-9.0;0.38;-9.0;;;;;;;;
163;16.7;22.7;1.0;5;Successful;Effective;collision;18.65;vtypeauto.1;vtypeauto.0;437.25;edge_0_0_0;0.0;-7.99;0.2;-9.0;0.31;-9.0;0.38;-9.0;;;;;;;;
164;16.7;22.7;1.0;8;Successful;Effective;collision;19.07;vtypeauto.1;vtypeauto.0;450.93;edge_0_0_0;0.0;-7.99;0.2;-9.0;0.31;-9.0;0.38;-9.0;;;;;;;;
165;16.7;22.7;1.0;10;Successful;Effective;collision;19.36;vtypeauto.1;vtypeauto.0;459.34;edge_0_0_0;0.0;-7.99;0.2;-9.0;0.31;-9.0;0.38;-9.0;;;;;;;;
166;16.7;22.7;1.1;5;Successful;Effective;collision;18.63;vtypeauto.1;vtypeauto.0;437.04;edge_0_0_0;0.0;-7.99;0.2;-9.0;0.31;-9.0;0.38;-9.0;;;;;;;;
167;16.7;22.7;1.1;8;Successful;Effective;collision;19.01;vtypeauto.1;vtypeauto.0;450.39;edge_0_0_0;0.0;-7.99;0.2;-9.0;0.31;-9.0;0.38;-9.0;;;;;;;;
168;16.7;22.7;1.1;10;Successful;Effective;collision;19.26;vtypeauto.1;vtypeauto.0;458.57;edge_0_0_0;0.0;-7.99;0.2;-9.0;0.31;-9.0;0.38;-9.0;;;;;;;;
169;16.8;22.8;0.5;5;Successful;Effective;collision;19.23;vtypeauto.1;vtypeauto.0;443.33;edge_0_0_0;0.0;-7.99;0.2;-9.0;0.31;-9.0;0.38;-9.0;;;;;;;;
170;16.8;22.8;0.5;8;Successful;Effective;No;No;No;No;No;No;0.0;-7.99;0.2;-9.0;0.31;-9.0;0.38;-9.0;;;;;;;;
171;16.8;22.8;0.5;10;Successful;Effective;No;No;No;No;No;No;0.0;-7.99;0.2;-9.0;0.31;-9.0;0.38;-9.0;;;;;;;;
172;16.8;22.8;0.6;5;Successful;Effective;collision;18.99;vtypeauto.1;vtypeauto.0;441.13;edge_0_0_0;0.0;-7.99;0.2;-9.0;0.31;-9.0;0.38;-9.0;;;;;;;;
173;16.8;22.8;0.6;8;Successful;Effective;collision;19.81;vtypeauto.1;vtypeauto.0;455.71;edge_0_0_0;0.0;-7.99;0.2;-9.0;0.31;-9.0;0.38;-9.0;;;;;;;;
174;16.8;22.8;0.6;10;Successful;Effective;No;No;No;No;No;No;0.0;-7.99;0.2;-9.0;0.31;-9.0;0.38;-9.0;;;;;;;;
175;16.8;22.8;0.7;5;Successful;Effective;collision;18.85;vtypeauto.1;vtypeauto.0;439.66;edge_0_0_0;0.0;-7.99;0.2;-9.0;0.31;-9.0;0.38;-9.0;;;;;;;;
176;16.8;22.8;0.7;8;Successful;Effective;collision;19.49;vtypeauto.1;vtypeauto.0;454.16;edge_0_0_0;0.0;-7.99;0.2;-9.0;0.31;-9.0;0.38;-9.0;;;;;;;;
177;16.8;22.8;0.7;10;Successful;Effective;collision;19.99;vtypeauto.1;vtypeauto.0;462.24;edge_0_0_0;0.0;-7.99;0.2;-9.0;0.31;-9.0;0.38;-9.0;;;;;;;;
178;16.8;22.8;0.8;5;Successful;Effective;collision;18.75;vtypeauto.1;vtypeauto.0;438.47;edge_0_0_0;0.0;-7.99;0.2;-9.0;0.31;-9.0;0.38;-9.0;;;;;;;;
179;16.8;22.8;0.8;8;Successful;Effective;collision;19.29;vtypeauto.1;vtypeauto.0;452.78;edge_0_0_0;0.0;-7.99;0.2;-9.0;0.31;-9.0;0.38;-9.0;;;;;;;;
180;16.8;22.8;0.8;10;Successful;Effective;collision;19.69;vtypeauto.1;vtypeauto.0;461.24;edge_0_0_0;0.0;-7.99;0.2;-9.0;0.31;-9.0;0.38;-9.0;;;;;;;;
181;16.8;22.8;0.9;5;Successful;Effective;collision;18.69;vtypeauto.1;vtypeauto.0;437.75;edge_0_0_0;0.0;-7.99;0.2;-9.0;0.31;-9.0;0.38;-9.0;;;;;;;;
182;16.8;22.8;0.9;8;Successful;Effective;collision;19.16;vtypeauto.1;vtypeauto.0;451.73;edge_0_0_0;0.0;-7.99;0.2;-9.0;0.31;-9.0;0.38;-9.0;;;;;;;;
183;16.8;22.8;0.9;10;Successful;Effective;collision;19.49;vtypeauto.1;vtypeauto.0;460.16;edge_0_0_0;0.0;-7.99;0.2;-9.0;0.31;-9.0;0.38;-9.0;;;;;;;;
184;16.8;22.8;1.0;5;Successful;Effective;collision;18.65;vtypeauto.1;vtypeauto.0;437.25;edge_0_0_0;0.0;-7.99;0.2;-9.0;0.31;-9.0;0.38;-9.0;;;;;;;;
185;16.8;22.8;1.0;8;Successful;Effective;collision;19.07;vtypeauto.1;vtypeauto.0;450.93;edge_0_0_0;0.0;-7.99;0.2;-9.0;0.31;-9.0;0.38;-9.0;;;;;;;;
186;16.8;22.8;1.0;10;Successful;Effective;collision;19.36;vtypeauto.1;vtypeauto.0;459.34;edge_0_0_0;0.0;-7.99;0.2;-9.0;0.31;-9.0;0.38;-9.0;;;;;;;;
187;16.8;22.8;1.1;5;Successful;Effective;collision;18.63;vtypeauto.1;vtypeauto.0;437.04;edge_0_0_0;0.0;-7.99;0.2;-9.0;0.31;-9.0;0.38;-9.0;;;;;;;;
188;16.8;22.8;1.1;8;Successful;Effective;collision;19.01;vtypeauto.1;vtypeauto.0;450.39;edge_0_0_0;0.0;-7.99;0.2;-9.0;0.31;-9.0;0.38;-9.0;;;;;;;;
189;16.8;22.8;1.1;10;Successful;Effective;collision;19.26;vtypeauto.1;vtypeauto.0;458.57;edge_0_0_0;0.0;-7.99;0.2;-9.0;0.31;-9.0;0.38;-9.0;;;;;;;;
190;16.9;22.9;0.5;5;Successful;Effective;collision;19.23;vtypeauto.1;vtypeauto.0;443.33;edge_0_0_0;0.0;-7.99;0.2;-9.0;0.31;-9.0;0.38;-9.0;;;;;;;;
191;16.9;22.9;0.5;8;Successful;Effective;No;No;No;No;No;No;0.0;-7.99;0.2;-9.0;0.31;-9.0;0.38;-9.0;;;;;;;;
192;16.9;22.9;0.5;10;Successful;Effective;No;No;No;No;No;No;0.0;-7.99;0.2;-9.0;0.31;-9.0;0.38;-9.0;;;;;;;;
193;16.9;22.9;0.6;5;Successful;Effective;collision;18.99;vtypeauto.1;vtypeauto.0;441.13;edge_0_0_0;0.0;-7.99;0.2;-9.0;0.31;-9.0;0.38;-9.0;;;;;;;;
194;16.9;22.9;0.6;8;Successful;Effective;collision;19.81;vtypeauto.1;vtypeauto.0;455.71;edge_0_0_0;0.0;-7.99;0.2;-9.0;0.31;-9.0;0.38;-9.0;;;;;;;;
195;16.9;22.9;0.6;10;Successful;Effective;No;No;No;No;No;No;0.0;-7.99;0.2;-9.0;0.31;-9.0;0.38;-9.0;;;;;;;;
196;16.9;22.9;0.7;5;Successful;Effective;collision;18.85;vtypeauto.1;vtypeauto.0;439.66;edge_0_0_0;0.0;-7.99;0.2;-9.0;0.31;-9.0;0.38;-9.0;;;;;;;;
197;16.9;22.9;0.7;8;Successful;Effective;collision;19.49;vtypeauto.1;vtypeauto.0;454.16;edge_0_0_0;0.0;-7.99;0.2;-9.0;0.31;-9.0;0.38;-9.0;;;;;;;;
198;16.9;22.9;0.7;10;Successful;Effective;collision;19.99;vtypeauto.1;vtypeauto.0;462.24;edge_0_0_0;0.0;-7.99;0.2;-9.0;0.31;-9.0;0.38;-9.0;;;;;;;;
199;16.9;22.9;0.8;5;Successful;Effective;collision;18.75;vtypeauto.1;vtypeauto.0;438.47;edge_0_0_0;0.0;-7.99;0.2;-9.0;0.31;-9.0;0.38;-9.0;;;;;;;;
200;16.9;22.9;0.8;8;Successful;Effective;collision;19.29;vtypeauto.1;vtypeauto.0;452.78;edge_0_0_0;0.0;-7.99;0.2;-9.0;0.31;-9.0;0.38;-9.0;;;;;;;;
201;16.9;22.9;0.8;10;Successful;Effective;collision;19.69;vtypeauto.1;vtypeauto.0;461.24;edge_0_0_0;0.0;-7.99;0.2;-9.0;0.31;-9.0;0.38;-9.0;;;;;;;;
202;16.9;22.9;0.9;5;Successful;Effective;collision;18.69;vtypeauto.1;vtypeauto.0;437.75;edge_0_0_0;0.0;-7.99;0.2;-9.0;0.31;-9.0;0.38;-9.0;;;;;;;;
203;16.9;22.9;0.9;8;Successful;Effective;collision;19.16;vtypeauto.1;vtypeauto.0;451.73;edge_0_0_0;0.0;-7.99;0.2;-9.0;0.31;-9.0;0.38;-9.0;;;;;;;;
204;16.9;22.9;0.9;10;Successful;Effective;collision;19.49;vtypeauto.1;vtypeauto.0;460.16;edge_0_0_0;0.0;-7.99;0.2;-9.0;0.31;-9.0;0.38;-9.0;;;;;;;;
205;16.9;22.9;1.0;5;Successful;Effective;collision;18.65;vtypeauto.1;vtypeauto.0;437.25;edge_0_0_0;0.0;-7.99;0.2;-9.0;0.31;-9.0;0.38;-9.0;;;;;;;;
206;16.9;22.9;1.0;8;Successful;Effective;collision;19.07;vtypeauto.1;vtypeauto.0;450.93;edge_0_0_0;0.0;-7.99;0.2;-9.0;0.31;-9.0;0.38;-9.0;;;;;;;;
207;16.9;22.9;1.0;10;Successful;Effective;collision;19.36;vtypeauto.1;vtypeauto.0;459.34;edge_0_0_0;0.0;-7.99;0.2;-9.0;0.31;-9.0;0.38;-9.0;;;;;;;;
208;16.9;22.9;1.1;5;Successful;Effective;collision;18.63;vtypeauto.1;vtypeauto.0;437.04;edge_0_0_0;0.0;-7.99;0.2;-9.0;0.31;-9.0;0.38;-9.0;;;;;;;;
209;16.9;22.9;1.1;8;Successful;Effective;collision;19.01;vtypeauto.1;vtypeauto.0;450.39;edge_0_0_0;0.0;-7.99;0.2;-9.0;0.31;-9.0;0.38;-9.0;;;;;;;;
210;16.9;22.9;1.1;10;Successful;Effective;collision;19.26;vtypeauto.1;vtypeauto.0;458.57;edge_0_0_0;0.0;-7.99;0.2;-9.0;0.31;-9.0;0.38;-9.0;;;;;;;;
211;17.0;23.0;0.5;5;Successful;Effective;collision;19.23;vtypeauto.1;vtypeauto.0;443.33;edge_0_0_0;0.0;-7.99;0.2;-9.0;0.31;-9.0;0.38;-9.0;;;;;;;;
212;17.0;23.0;0.5;8;Successful;Effective;No;No;No;No;No;No;0.0;-7.99;0.2;-9.0;0.31;-9.0;0.38;-9.0;;;;;;;;
213;17.0;23.0;0.5;10;Successful;Effective;No;No;No;No;No;No;0.0;-7.99;0.2;-9.0;0.31;-9.0;0.38;-9.0;;;;;;;;
214;17.0;23.0;0.6;5;Successful;Effective;collision;18.99;vtypeauto.1;vtypeauto.0;441.13;edge_0_0_0;0.0;-7.99;0.2;-9.0;0.31;-9.0;0.38;-9.0;;;;;;;;
215;17.0;23.0;0.6;8;Successful;Effective;collision;19.81;vtypeauto.1;vtypeauto.0;455.71;edge_0_0_0;0.0;-7.99;0.2;-9.0;0.31;-9.0;0.38;-9.0;;;;;;;;
216;17.0;23.0;0.6;10;Successful;Effective;No;No;No;No;No;No;0.0;-7.99;0.2;-9.0;0.31;-9.0;0.38;-9.0;;;;;;;;
217;17.0;23.0;0.7;5;Successful;Effective;collision;18.85;vtypeauto.1;vtypeauto.0;439.66;edge_0_0_0;0.0;-7.99;0.2;-9.0;0.31;-9.0;0.38;-9.0;;;;;;;;
218;17.0;23.0;0.7;8;Successful;Effective;collision;19.49;vtypeauto.1;vtypeauto.0;454.16;edge_0_0_0;0.0;-7.99;0.2;-9.0;0.31;-9.0;0.38;-9.0;;;;;;;;
219;17.0;23.0;0.7;10;Successful;Effective;collision;19.99;vtypeauto.1;vtypeauto.0;462.24;edge_0_0_0;0.0;-7.99;0.2;-9.0;0.31;-9.0;0.38;-9.0;;;;;;;;
220;17.0;23.0;0.8;5;Successful;Effective;collision;18.75;vtypeauto.1;vtypeauto.0;438.47;edge_0_0_0;0.0;-7.99;0.2;-9.0;0.31;-9.0;0.38;-9.0;;;;;;;;
221;17.0;23.0;0.8;8;Successful;Effective;collision;19.29;vtypeauto.1;vtypeauto.0;452.78;edge_0_0_0;0.0;-7.99;0.2;-9.0;0.31;-9.0;0.38;-9.0;;;;;;;;
222;17.0;23.0;0.8;10;Successful;Effective;collision;19.69;vtypeauto.1;vtypeauto.0;461.24;edge_0_0_0;0.0;-7.99;0.2;-9.0;0.31;-9.0;0.38;-9.0;;;;;;;;
223;17.0;23.0;0.9;5;Successful;Effective;collision;18.69;vtypeauto.1;vtypeauto.0;437.75;edge_0_0_0;0.0;-7.99;0.2;-9.0;0.31;-9.0;0.38;-9.0;;;;;;;;
224;17.0;23.0;0.9;8;Successful;Effective;collision;19.16;vtypeauto.1;vtypeauto.0;451.73;edge_0_0_0;0.0;-7.99;0.2;-9.0;0.31;-9.0;0.38;-9.0;;;;;;;;
225;17.0;23.0;0.9;10;Successful;Effective;collision;19.49;vtypeauto.1;vtypeauto.0;460.16;edge_0_0_0;0.0;-7.99;0.2;-9.0;0.31;-9.0;0.38;-9.0;;;;;;;;
226;17.0;23.0;1.0;5;Successful;Effective;collision;18.65;vtypeauto.1;vtypeauto.0;437.25;edge_0_0_0;0.0;-7.99;0.2;-9.0;0.31;-9.0;0.38;-9.0;;;;;;;;
227;17.0;23.0;1.0;8;Successful;Effective;collision;19.07;vtypeauto.1;vtypeauto.0;450.93;edge_0_0_0;0.0;-7.99;0.2;-9.0;0.31;-9.0;0.38;-9.0;;;;;;;;
228;17.0;23.0;1.0;10;Successful;Effective;collision;19.36;vtypeauto.1;vtypeauto.0;459.34;edge_0_0_0;0.0;-7.99;0.2;-9.0;0.31;-9.0;0.38;-9.0;;;;;;;;
229;17.0;23.0;1.1;5;Successful;Effective;collision;18.63;vtypeauto.1;vtypeauto.0;437.04;edge_0_0_0;0.0;-7.99;0.2;-9.0;0.31;-9.0;0.38;-9.0;;;;;;;;
230;17.0;23.0;1.1;8;Successful;Effective;collision;19.01;vtypeauto.1;vtypeauto.0;450.39;edge_0_0_0;0.0;-7.99;0.2;-9.0;0.31;-9.0;0.38;-9.0;;;;;;;;
231;17.0;23.0;1.1;10;Successful;Effective;collision;19.26;vtypeauto.1;vtypeauto.0;458.57;edge_0_0_0;0.0;-7.99;0.2;-9.0;0.31;-9.0;0.38;-9.0;;;;;;;;
232;17.1;23.1;0.5;5;Successful;Effective;No;No;No;No;No;No;0.0;-7.99;0.2;-8.22;0.31;-8.86;0.38;-9.0;;;;;;;;
233;17.1;23.1;0.5;8;Successful;Effective;No;No;No;No;No;No;0.0;-7.99;0.2;-8.22;0.31;-8.86;0.38;-9.0;;;;;;;;
234;17.1;23.1;0.5;10;Successful;Effective;No;No;No;No;No;No;0.0;-7.99;0.2;-8.22;0.31;-8.86;0.38;-9.0;;;;;;;;
235;17.1;23.1;0.6;5;Successful;Effective;No;No;No;No;No;No;0.0;-7.99;0.2;-8.26;0.31;-9.0;0.38;-9.0;;;;;;;;
236;17.1;23.1;0.6;8;Successful;Effective;No;No;No;No;No;No;0.0;-7.99;0.2;-8.26;0.31;-9.0;0.38;-9.0;;;;;;;;
237;17.1;23.1;0.6;10;Successful;Effective;No;No;No;No;No;No;0.0;-7.99;0.2;-8.26;0.31;-9.0;0.38;-9.0;;;;;;;;
238;17.1;23.1;0.7;5;Successful;Effective;No;No;No;No;No;No;0.0;-7.99;0.2;-8.31;0.31;-9.0;0.38;-9.0;;;;;;;;
239;17.1;23.1;0.7;8;Successful;Effective;No;No;No;No;No;No;0.0;-7.99;0.2;-8.31;0.31;-9.0;0.38;-9.0;;;;;;;;
240;17.1;23.1;0.7;10;Successful;Effective;No;No;No;No;No;No;0.0;-7.99;0.2;-8.31;0.31;-9.0;0.38;-9.0;;;;;;;;
241;17.1;23.1;0.8;5;Successful;Effective;collision;20.12;vtypeauto.2;vtypeauto.1;439.79;edge_0_0_0;0.0;-7.99;0.2;-8.36;0.31;-9.0;0.38;-9.0;;;;;;;;
242;17.1;23.1;0.8;8;Successful;Effective;No;No;No;No;No;No;0.0;-7.99;0.2;-8.36;0.31;-9.0;0.38;-9.0;;;;;;;;
243;17.1;23.1;0.8;10;Successful;Effective;No;No;No;No;No;No;0.0;-7.99;0.2;-8.36;0.31;-9.0;0.38;-9.0;;;;;;;;
244;17.1;23.1;0.9;5;Successful;Effective;collision;19.91;vtypeauto.2;vtypeauto.1;439.45;edge_0_0_0;0.0;-7.99;0.2;-8.41;0.31;-9.0;0.38;-9.0;;;;;;;;
245;17.1;23.1;0.9;8;Successful;Effective;No;No;No;No;No;No;0.0;-7.99;0.2;-8.41;0.31;-9.0;0.38;-9.0;;;;;;;;
246;17.1;23.1;0.9;10;Successful;Effective;No;No;No;No;No;No;0.0;-7.99;0.2;-8.41;0.31;-9.0;0.38;-9.0;;;;;;;;
247;17.1;23.1;1.0;5;Successful;Effective;collision;19.77;vtypeauto.2;vtypeauto.1;439.06;edge_0_0_0;0.0;-7.99;0.2;-8.46;0.31;-9.0;0.38;-9.0;;;;;;;;
248;17.1;23.1;1.0;8;Successful;Effective;No;No;No;No;No;No;0.0;-7.99;0.2;-8.46;0.31;-9.0;0.38;-9.0;;;;;;;;
249;17.1;23.1;1.0;10;Successful;Effective;No;No;No;No;No;No;0.0;-7.99;0.2;-8.46;0.31;-9.0;0.38;-9.0;;;;;;;;
250;17.1;23.1;1.1;5;Successful;Effective;collision;19.66;vtypeauto.2;vtypeauto.1;438.61;edge_0_0_0;0.0;-7.99;0.2;-8.52;0.31;-9.0;0.38;-9.0;;;;;;;;
251;17.1;23.1;1.1;8;Successful;Effective;collision;20.58;vtypeauto.2;vtypeauto.1;446.98;edge_0_0_0;0.0;-7.99;0.2;-8.52;0.31;-9.0;0.38;-9.0;;;;;;;;
252;17.1;23.1;1.1;10;Successful;Effective;No;No;No;No;No;No;0.0;-7.99;0.2;-8.52;0.31;-9.0;0.38;-9.0;;;;;;;;
253;17.2;23.2;0.5;5;Successful;Effective;No;No;No;No;No;No;0.0;-7.99;0.2;-8.2;0.31;-8.35;0.38;-8.64;;;;;;;;
254;17.2;23.2;0.5;8;Successful;Effective;No;No;No;No;No;No;0.0;-7.99;0.2;-8.2;0.31;-8.35;0.38;-8.64;;;;;;;;
255;17.2;23.2;0.5;10;Successful;Effective;No;No;No;No;No;No;0.0;-7.99;0.2;-8.2;0.31;-8.35;0.38;-8.64;;;;;;;;
256;17.2;23.2;0.6;5;Successful;Effective;No;No;No;No;No;No;0.0;-7.99;0.2;-8.24;0.31;-8.38;0.38;-8.7;;;;;;;;
257;17.2;23.2;0.6;8;Successful;Effective;No;No;No;No;No;No;0.0;-7.99;0.2;-8.24;0.31;-8.38;0.38;-8.7;;;;;;;;
258;17.2;23.2;0.6;10;Successful;Effective;No;No;No;No;No;No;0.0;-7.99;0.2;-8.24;0.31;-8.38;0.38;-8.7;;;;;;;;
259;17.2;23.2;0.7;5;Successful;Effective;No;No;No;No;No;No;0.0;-7.99;0.2;-8.27;0.31;-8.41;0.38;-8.73;;;;;;;;
260;17.2;23.2;0.7;8;Successful;Effective;No;No;No;No;No;No;0.0;-7.99;0.2;-8.27;0.31;-8.41;0.38;-8.73;;;;;;;;
261;17.2;23.2;0.7;10;Successful;Effective;No;No;No;No;No;No;0.0;-7.99;0.2;-8.27;0.31;-8.41;0.38;-8.73;;;;;;;;
262;17.2;23.2;0.8;5;Successful;Effective;No;No;No;No;No;No;0.0;-7.99;0.2;-8.31;0.31;-8.43;0.38;-8.72;;;;;;;;
263;17.2;23.2;0.8;8;Successful;Effective;No;No;No;No;No;No;0.0;-7.99;0.2;-8.31;0.31;-8.43;0.38;-8.72;;;;;;;;
264;17.2;23.2;0.8;10;Successful;Effective;No;No;No;No;No;No;0.0;-7.99;0.2;-8.31;0.31;-8.43;0.38;-8.72;;;;;;;;
265;17.2;23.2;0.9;5;Successful;Effective;No;No;No;No;No;No;0.0;-7.99;0.2;-8.35;0.31;-8.43;0.38;-8.67;;;;;;;;
266;17.2;23.2;0.9;8;Successful;Effective;No;No;No;No;No;No;0.0;-7.99;0.2;-8.35;0.31;-8.43;0.38;-8.67;;;;;;;;
267;17.2;23.2;0.9;10;Successful;Effective;No;No;No;No;No;No;0.0;-7.99;0.2;-8.35;0.31;-8.43;0.38;-8.67;;;;;;;;
268;17.2;23.2;1.0;5;Successful;Effective;No;No;No;No;No;No;0.0;-7.99;0.2;-8.39;0.31;-8.39;0.38;-8.61;;;;;;;;
269;17.2;23.2;1.0;8;Successful;Effective;No;No;No;No;No;No;0.0;-7.99;0.2;-8.39;0.31;-8.39;0.38;-8.61;;;;;;;;
270;17.2;23.2;1.0;10;Successful;Effective;No;No;No;No;No;No;0.0;-7.99;0.2;-8.39;0.31;-8.39;0.38;-8.61;;;;;;;;
271;17.2;23.2;1.1;5;Successful;Effective;No;No;No;No;No;No;0.0;-7.99;0.2;-8.43;0.31;-8.32;0.38;-8.6;;;;;;;;
272;17.2;23.2;1.1;8;Successful;Effective;No;No;No;No;No;No;0.0;-7.99;0.2;-8.43;0.31;-8.32;0.38;-8.6;;;;;;;;
273;17.2;23.2;1.1;10;Successful;Effective;No;No;No;No;No;No;0.0;-7.99;0.2;-8.43;0.31;-8.32;0.38;-8.6;;;;;;;;
274;17.3;23.3;0.5;5;Successful;Effective;No;No;No;No;No;No;0.0;-7.99;0.2;-8.19;0.31;-8.32;0.38;-8.37;;;;;;;;
275;17.3;23.3;0.5;8;Successful;Effective;No;No;No;No;No;No;0.0;-7.99;0.2;-8.19;0.31;-8.32;0.38;-8.37;;;;;;;;
276;17.3;23.3;0.5;10;Successful;Effective;No;No;No;No;No;No;0.0;-7.99;0.2;-8.19;0.31;-8.32;0.38;-8.37;;;;;;;;
277;17.3;23.3;0.6;5;Successful;Effective;No;No;No;No;No;No;0.0;-7.99;0.2;-8.21;0.31;-8.34;0.38;-8.36;;;;;;;;
278;17.3;23.3;0.6;8;Successful;Effective;No;No;No;No;No;No;0.0;-7.99;0.2;-8.21;0.31;-8.34;0.38;-8.36;;;;;;;;
279;17.3;23.3;0.6;10;Successful;Effective;No;No;No;No;No;No;0.0;-7.99;0.2;-8.21;0.31;-8.34;0.38;-8.36;;;;;;;;
280;17.3;23.3;0.7;5;Successful;Effective;No;No;No;No;No;No;0.0;-7.99;0.2;-8.24;0.31;-8.36;0.38;-8.32;;;;;;;;
281;17.3;23.3;0.7;8;Successful;Effective;No;No;No;No;No;No;0.0;-7.99;0.2;-8.24;0.31;-8.36;0.38;-8.32;;;;;;;;
282;17.3;23.3;0.7;10;Successful;Effective;No;No;No;No;No;No;0.0;-7.99;0.2;-8.24;0.31;-8.36;0.38;-8.32;;;;;;;;
283;17.3;23.3;0.8;5;Successful;Effective;No;No;No;No;No;No;0.0;-7.99;0.2;-8.27;0.31;-8.36;0.38;-8.25;;;;;;;;
284;17.3;23.3;0.8;8;Successful;Effective;No;No;No;No;No;No;0.0;-7.99;0.2;-8.27;0.31;-8.36;0.38;-8.25;;;;;;;;
285;17.3;23.3;0.8;10;Successful;Effective;No;No;No;No;No;No;0.0;-7.99;0.2;-8.27;0.31;-8.36;0.38;-8.25;;;;;;;;
286;17.3;23.3;0.9;5;Successful;Effective;No;No;No;No;No;No;0.0;-7.99;0.2;-8.3;0.31;-8.34;0.38;-8.17;;;;;;;;
287;17.3;23.3;0.9;8;Successful;Effective;No;No;No;No;No;No;0.0;-7.99;0.2;-8.3;0.31;-8.34;0.38;-8.17;;;;;;;;
288;17.3;23.3;0.9;10;Successful;Effective;No;No;No;No;No;No;0.0;-7.99;0.2;-8.3;0.31;-8.34;0.38;-8.17;;;;;;;;
289;17.3;23.3;1.0;5;Successful;Effective;No;No;No;No;No;No;0.0;-7.99;0.2;-8.33;0.31;-8.29;0.38;-8.1;;;;;;;;
290;17.3;23.3;1.0;8;Successful;Effective;No;No;No;No;No;No;0.0;-7.99;0.2;-8.33;0.31;-8.29;0.38;-8.1;;;;;;;;
291;17.3;23.3;1.0;10;Successful;Effective;No;No;No;No;No;No;0.0;-7.99;0.2;-8.33;0.31;-8.29;0.38;-8.1;;;;;;;;
292;17.3;23.3;1.1;5;Successful;Effective;No;No;No;No;No;No;0.0;-7.99;0.2;-8.35;0.31;-8.2;0.38;-8.09;;;;;;;;
293;17.3;23.3;1.1;8;Successful;Effective;No;No;No;No;No;No;0.0;-7.99;0.2;-8.35;0.31;-8.2;0.38;-8.09;;;;;;;;
294;17.3;23.3;1.1;10;Successful;Effective;No;No;No;No;No;No;0.0;-7.99;0.2;-8.35;0.31;-8.2;0.38;-8.09;;;;;;;;
295;17.4;23.4;0.5;5;Successful;Effective;No;No;No;No;No;No;0.0;-7.99;0.2;-8.17;0.31;-8.29;0.38;-8.34;;;;;;;;
296;17.4;23.4;0.5;8;Successful;Effective;No;No;No;No;No;No;0.0;-7.99;0.2;-8.17;0.31;-8.29;0.38;-8.34;;;;;;;;
297;17.4;23.4;0.5;10;Successful;Effective;No;No;No;No;No;No;0.0;-7.99;0.2;-8.17;0.31;-8.29;0.38;-8.34;;;;;;;;
298;17.4;23.4;0.6;5;Successful;Effective;No;No;No;No;No;No;0.0;-7.99;0.2;-8.19;0.31;-8.31;0.38;-8.32;;;;;;;;
299;17.4;23.4;0.6;8;Successful;Effective;No;No;No;No;No;No;0.0;-7.99;0.2;-8.19;0.31;-8.31;0.38;-8.32;;;;;;;;
300;17.4;23.4;0.6;10;Successful;Effective;No;No;No;No;No;No;0.0;-7.99;0.2;-8.19;0.31;-8.31;0.38;-8.32;;;;;;;;
301;17.4;23.4;0.7;5;Successful;Effective;No;No;No;No;No;No;0.0;-7.99;0.2;-8.21;0.31;-8.31;0.38;-8.28;;;;;;;;
302;17.4;23.4;0.7;8;Successful;Effective;No;No;No;No;No;No;0.0;-7.99;0.2;-8.21;0.31;-8.31;0.38;-8.28;;;;;;;;
303;17.4;23.4;0.7;10;Successful;Effective;No;No;No;No;No;No;0.0;-7.99;0.2;-8.21;0.31;-8.31;0.38;-8.28;;;;;;;;
304;17.4;23.4;0.8;5;Successful;Effective;No;No;No;No;No;No;0.0;-7.99;0.2;-8.23;0.31;-8.3;0.38;-8.22;;;;;;;;
305;17.4;23.4;0.8;8;Successful;Effective;No;No;No;No;No;No;0.0;-7.99;0.2;-8.23;0.31;-8.3;0.38;-8.22;;;;;;;;
306;17.4;23.4;0.8;10;Successful;Effective;No;No;No;No;No;No;0.0;-7.99;0.2;-8.23;0.31;-8.3;0.38;-8.22;;;;;;;;
307;17.4;23.4;0.9;5;Successful;Effective;No;No;No;No;No;No;0.0;-7.99;0.2;-8.25;0.31;-8.27;0.38;-8.15;;;;;;;;
308;17.4;23.4;0.9;8;Successful;Effective;No;No;No;No;No;No;0.0;-7.99;0.2;-8.25;0.31;-8.27;0.38;-8.15;;;;;;;;
309;17.4;23.4;0.9;10;Successful;Effective;No;No;No;No;No;No;0.0;-7.99;0.2;-8.25;0.31;-8.27;0.38;-8.15;;;;;;;;
310;17.4;23.4;1.0;5;Successful;Effective;No;No;No;No;No;No;0.0;-7.99;0.2;-8.27;0.31;-8.21;0.38;-8.12;;;;;;;;
311;17.4;23.4;1.0;8;Successful;Effective;No;No;No;No;No;No;0.0;-7.99;0.2;-8.27;0.31;-8.21;0.38;-8.12;;;;;;;;
312;17.4;23.4;1.0;10;Successful;Effective;No;No;No;No;No;No;0.0;-7.99;0.2;-8.27;0.31;-8.21;0.38;-8.12;;;;;;;;
313;17.4;23.4;1.1;5;Successful;Effective;No;No;No;No;No;No;0.0;-7.99;0.2;-8.29;0.31;-8.13;0.38;-8.08;;;;;;;;
314;17.4;23.4;1.1;8;Successful;Effective;No;No;No;No;No;No;0.0;-7.99;0.2;-8.29;0.31;-8.13;0.38;-8.08;;;;;;;;
315;17.4;23.4;1.1;10;Successful;Effective;No;No;No;No;No;No;0.0;-7.99;0.2;-8.29;0.31;-8.13;0.38;-8.08;;;;;;;;
316;17.5;23.5;0.5;5;Successful;Effective;No;No;No;No;No;No;0.0;-7.99;0.2;-8.16;0.31;-8.27;0.38;-8.31;;;;;;;;
317;17.5;23.5;0.5;8;Successful;Effective;No;No;No;No;No;No;0.0;-7.99;0.2;-8.16;0.31;-8.27;0.38;-8.31;;;;;;;;
318;17.5;23.5;0.5;10;Successful;Effective;No;No;No;No;No;No;0.0;-7.99;0.2;-8.16;0.31;-8.27;0.38;-8.31;;;;;;;;
319;17.5;23.5;0.6;5;Successful;Effective;No;No;No;No;No;No;0.0;-7.99;0.2;-8.18;0.31;-8.28;0.38;-8.3;;;;;;;;
320;17.5;23.5;0.6;8;Successful;Effective;No;No;No;No;No;No;0.0;-7.99;0.2;-8.18;0.31;-8.28;0.38;-8.3;;;;;;;;
321;17.5;23.5;0.6;10;Successful;Effective;No;No;No;No;No;No;0.0;-7.99;0.2;-8.18;0.31;-8.28;0.38;-8.3;;;;;;;;
322;17.5;23.5;0.7;5;Successful;Effective;No;No;No;No;No;No;0.0;-7.99;0.2;-8.19;0.31;-8.28;0.38;-8.26;;;;;;;;
323;17.5;23.5;0.7;8;Successful;Effective;No;No;No;No;No;No;0.0;-7.99;0.2;-8.19;0.31;-8.28;0.38;-8.26;;;;;;;;
324;17.5;23.5;0.7;10;Successful;Effective;No;No;No;No;No;No;0.0;-7.99;0.2;-8.19;0.31;-8.28;0.38;-8.26;;;;;;;;
325;17.5;23.5;0.8;5;Successful;Effective;No;No;No;No;No;No;0.0;-7.99;0.2;-8.21;0.31;-8.26;0.38;-8.2;;;;;;;;
326;17.5;23.5;0.8;8;Successful;Effective;No;No;No;No;No;No;0.0;-7.99;0.2;-8.21;0.31;-8.26;0.38;-8.2;;;;;;;;
327;17.5;23.5;0.8;10;Successful;Effective;No;No;No;No;No;No;0.0;-7.99;0.2;-8.21;0.31;-8.26;0.38;-8.2;;;;;;;;
328;17.5;23.5;0.9;5;Successful;Effective;No;No;No;No;No;No;0.0;-7.99;0.2;-8.22;0.31;-8.22;0.38;-8.15;;;;;;;;
329;17.5;23.5;0.9;8;Successful;Effective;No;No;No;No;No;No;0.0;-7.99;0.2;-8.22;0.31;-8.22;0.38;-8.15;;;;;;;;
330;17.5;23.5;0.9;10;Successful;Effective;No;No;No;No;No;No;0.0;-7.99;0.2;-8.22;0.31;-8.22;0.38;-8.15;;;;;;;;
331;17.5;23.5;1.0;5;Successful;Effective;No;No;No;No;No;No;0.0;-7.99;0.2;-8.23;0.31;-8.16;0.38;-8.12;;;;;;;;
332;17.5;23.5;1.0;8;Successful;Effective;No;No;No;No;No;No;0.0;-7.99;0.2;-8.23;0.31;-8.16;0.38;-8.12;;;;;;;;
333;17.5;23.5;1.0;10;Successful;Effective;No;No;No;No;No;No;0.0;-7.99;0.2;-8.23;0.31;-8.16;0.38;-8.12;;;;;;;;
334;17.5;23.5;1.1;5;Successful;Effective;No;No;No;No;No;No;0.0;-7.99;0.2;-8.24;0.31;-8.08;0.38;-8.07;;;;;;;;
335;17.5;23.5;1.1;8;Successful;Effective;No;No;No;No;No;No;0.0;-7.99;0.2;-8.24;0.31;-8.08;0.38;-8.07;;;;;;;;
336;17.5;23.5;1.1;10;Successful;Effective;No;No;No;No;No;No;0.0;-7.99;0.2;-8.24;0.31;-8.08;0.38;-8.07;;;;;;;;
337;17.6;23.6;0.5;5;Successful;Effective;No;No;No;No;No;No;0.0;-7.99;0.2;-8.15;0.31;-8.25;0.38;-8.3;;;;;;;;
338;17.6;23.6;0.5;8;Successful;Effective;No;No;No;No;No;No;0.0;-7.99;0.2;-8.15;0.31;-8.25;0.38;-8.3;;;;;;;;
339;17.6;23.6;0.5;10;Successful;Effective;No;No;No;No;No;No;0.0;-7.99;0.2;-8.15;0.31;-8.25;0.38;-8.3;;;;;;;;
340;17.6;23.6;0.6;5;Successful;Effective;No;No;No;No;No;No;0.0;-7.99;0.2;-8.16;0.31;-8.26;0.38;-8.28;;;;;;;;
341;17.6;23.6;0.6;8;Successful;Effective;No;No;No;No;No;No;0.0;-7.99;0.2;-8.16;0.31;-8.26;0.38;-8.28;;;;;;;;
342;17.6;23.6;0.6;10;Successful;Effective;No;No;No;No;No;No;0.0;-7.99;0.2;-8.16;0.31;-8.26;0.38;-8.28;;;;;;;;
343;17.6;23.6;0.7;5;Successful;Effective;No;No;No;No;No;No;0.0;-7.99;0.2;-8.17;0.31;-8.25;0.38;-8.24;;;;;;;;
344;17.6;23.6;0.7;8;Successful;Effective;No;No;No;No;No;No;0.0;-7.99;0.2;-8.17;0.31;-8.25;0.38;-8.24;;;;;;;;
345;17.6;23.6;0.7;10;Successful;Effective;No;No;No;No;No;No;0.0;-7.99;0.2;-8.17;0.31;-8.25;0.38;-8.24;;;;;;;;
346;17.6;23.6;0.8;5;Successful;Effective;No;No;No;No;No;No;0.0;-7.99;0.2;-8.18;0.31;-8.23;0.38;-8.19;;;;;;;;
347;17.6;23.6;0.8;8;Successful;Effective;No;No;No;No;No;No;0.0;-7.99;0.2;-8.18;0.31;-8.23;0.38;-8.19;;;;;;;;
348;17.6;23.6;0.8;10;Successful;Effective;No;No;No;No;No;No;0.0;-7.99;0.2;-8.18;0.31;-8.23;0.38;-8.19;;;;;;;;
349;17.6;23.6;0.9;5;Successful;Effective;No;No;No;No;No;No;0.0;-7.99;0.2;-8.19;0.31;-8.19;0.38;-8.16;;;;;;;;
350;17.6;23.6;0.9;8;Successful;Effective;No;No;No;No;No;No;0.0;-7.99;0.2;-8.19;0.31;-8.19;0.38;-8.16;;;;;;;;
351;17.6;23.6;0.9;10;Successful;Effective;No;No;No;No;No;No;0.0;-7.99;0.2;-8.19;0.31;-8.19;0.38;-8.16;;;;;;;;
352;17.6;23.6;1.0;5;Successful;Effective;No;No;No;No;No;No;0.0;-7.99;0.2;-8.2;0.31;-8.13;0.38;-8.12;;;;;;;;
353;17.6;23.6;1.0;8;Successful;Effective;No;No;No;No;No;No;0.0;-7.99;0.2;-8.2;0.31;-8.13;0.38;-8.12;;;;;;;;
354;17.6;23.6;1.0;10;Successful;Effective;No;No;No;No;No;No;0.0;-7.99;0.2;-8.2;0.31;-8.13;0.38;-8.12;;;;;;;;
355;17.6;23.6;1.1;5;Successful;Effective;No;No;No;No;No;No;0.0;-7.99;0.2;-8.2;0.31;-8.05;0.38;-8.06;;;;;;;;
356;17.6;23.6;1.1;8;Successful;Effective;No;No;No;No;No;No;0.0;-7.99;0.2;-8.2;0.31;-8.05;0.38;-8.06;;;;;;;;
357;17.6;23.6;1.1;10;Successful;Effective;No;No;No;No;No;No;0.0;-7.99;0.2;-8.2;0.31;-8.05;0.38;-8.06;;;;;;;;
358;17.7;23.7;0.5;5;Successful;Effective;No;No;No;No;No;No;0.0;-7.99;0.2;-8.15;0.31;-8.24;0.38;-8.28;;;;;;;;
359;17.7;23.7;0.5;8;Successful;Effective;No;No;No;No;No;No;0.0;-7.99;0.2;-8.15;0.31;-8.24;0.38;-8.28;;;;;;;;
360;17.7;23.7;0.5;10;Successful;Effective;No;No;No;No;No;No;0.0;-7.99;0.2;-8.15;0.31;-8.24;0.38;-8.28;;;;;;;;
361;17.7;23.7;0.6;5;Successful;Effective;No;No;No;No;No;No;0.0;-7.99;0.2;-8.15;0.31;-8.24;0.38;-8.26;;;;;;;;
362;17.7;23.7;0.6;8;Successful;Effective;No;No;No;No;No;No;0.0;-7.99;0.2;-8.15;0.31;-8.24;0.38;-8.26;;;;;;;;
363;17.7;23.7;0.6;10;Successful;Effective;No;No;No;No;No;No;0.0;-7.99;0.2;-8.15;0.31;-8.24;0.38;-8.26;;;;;;;;
364;17.7;23.7;0.7;5;Successful;Effective;No;No;No;No;No;No;0.0;-7.99;0.2;-8.16;0.31;-8.23;0.38;-8.22;;;;;;;;
365;17.7;23.7;0.7;8;Successful;Effective;No;No;No;No;No;No;0.0;-7.99;0.2;-8.16;0.31;-8.23;0.38;-8.22;;;;;;;;
366;17.7;23.7;0.7;10;Successful;Effective;No;No;No;No;No;No;0.0;-7.99;0.2;-8.16;0.31;-8.23;0.38;-8.22;;;;;;;;
367;17.7;23.7;0.8;5;Successful;Effective;No;No;No;No;No;No;0.0;-7.99;0.2;-8.16;0.31;-8.2;0.38;-8.19;;;;;;;;
368;17.7;23.7;0.8;8;Successful;Effective;No;No;No;No;No;No;0.0;-7.99;0.2;-8.16;0.31;-8.2;0.38;-8.19;;;;;;;;
369;17.7;23.7;0.8;10;Successful;Effective;No;No;No;No;No;No;0.0;-7.99;0.2;-8.16;0.31;-8.2;0.38;-8.19;;;;;;;;
370;17.7;23.7;0.9;5;Successful;Effective;No;No;No;No;No;No;0.0;-7.99;0.2;-8.17;0.31;-8.16;0.38;-8.17;;;;;;;;
371;17.7;23.7;0.9;8;Successful;Effective;No;No;No;No;No;No;0.0;-7.99;0.2;-8.17;0.31;-8.16;0.38;-8.17;;;;;;;;
372;17.7;23.7;0.9;10;Successful;Effective;No;No;No;No;No;No;0.0;-7.99;0.2;-8.17;0.31;-8.16;0.38;-8.17;;;;;;;;
373;17.7;23.7;1.0;5;Successful;Effective;No;No;No;No;No;No;0.0;-7.99;0.2;-8.17;0.31;-8.11;0.38;-8.13;;;;;;;;
374;17.7;23.7;1.0;8;Successful;Effective;No;No;No;No;No;No;0.0;-7.99;0.2;-8.17;0.31;-8.11;0.38;-8.13;;;;;;;;
375;17.7;23.7;1.0;10;Successful;Effective;No;No;No;No;No;No;0.0;-7.99;0.2;-8.17;0.31;-8.11;0.38;-8.13;;;;;;;;
376;17.7;23.7;1.1;5;Successful;Effective;No;No;No;No;No;No;0.0;-7.99;0.2;-8.16;0.31;-8.04;0.38;-8.06;;;;;;;;
377;17.7;23.7;1.1;8;Successful;Effective;No;No;No;No;No;No;0.0;-7.99;0.2;-8.16;0.31;-8.04;0.38;-8.06;;;;;;;;
378;17.7;23.7;1.1;10;Successful;Effective;No;No;No;No;No;No;0.0;-7.99;0.2;-8.16;0.31;-8.04;0.38;-8.06;;;;;;;;
379;17.8;23.8;0.5;5;Successful;Effective;No;No;No;No;No;No;0.0;-7.99;0.2;-8.14;0.31;-8.23;0.38;-8.27;;;;;;;;
380;17.8;23.8;0.5;8;Successful;Effective;No;No;No;No;No;No;0.0;-7.99;0.2;-8.14;0.31;-8.23;0.38;-8.27;;;;;;;;
381;17.8;23.8;0.5;10;Successful;Effective;No;No;No;No;No;No;0.0;-7.99;0.2;-8.14;0.31;-8.23;0.38;-8.27;;;;;;;;
382;17.8;23.8;0.6;5;Successful;Effective;No;No;No;No;No;No;0.0;-7.99;0.2;-8.14;0.31;-8.23;0.38;-8.25;;;;;;;;
383;17.8;23.8;0.6;8;Successful;Effective;No;No;No;No;No;No;0.0;-7.99;0.2;-8.14;0.31;-8.23;0.38;-8.25;;;;;;;;
384;17.8;23.8;0.6;10;Successful;Effective;No;No;No;No;No;No;0.0;-7.99;0.2;-8.14;0.31;-8.23;0.38;-8.25;;;;;;;;
385;17.8;23.8;0.7;5;Successful;Effective;No;No;No;No;No;No;0.0;-7.99;0.2;-8.15;0.31;-8.21;0.38;-8.22;;;;;;;;
386;17.8;23.8;0.7;8;Successful;Effective;No;No;No;No;No;No;0.0;-7.99;0.2;-8.15;0.31;-8.21;0.38;-8.22;;;;;;;;
387;17.8;23.8;0.7;10;Successful;Effective;No;No;No;No;No;No;0.0;-7.99;0.2;-8.15;0.31;-8.21;0.38;-8.22;;;;;;;;
388;17.8;23.8;0.8;5;Successful;Effective;No;No;No;No;No;No;0.0;-7.99;0.2;-8.15;0.31;-8.19;0.38;-8.19;;;;;;;;
389;17.8;23.8;0.8;8;Successful;Effective;No;No;No;No;No;No;0.0;-7.99;0.2;-8.15;0.31;-8.19;0.38;-8.19;;;;;;;;
390;17.8;23.8;0.8;10;Successful;Effective;No;No;No;No;No;No;0.0;-7.99;0.2;-8.15;0.31;-8.19;0.38;-8.19;;;;;;;;
391;17.8;23.8;0.9;5;Successful;Effective;No;No;No;No;No;No;0.0;-7.99;0.2;-8.15;0.31;-8.15;0.38;-8.17;;;;;;;;
392;17.8;23.8;0.9;8;Successful;Effective;No;No;No;No;No;No;0.0;-7.99;0.2;-8.15;0.31;-8.15;0.38;-8.17;;;;;;;;
393;17.8;23.8;0.9;10;Successful;Effective;No;No;No;No;No;No;0.0;-7.99;0.2;-8.15;0.31;-8.15;0.38;-8.17;;;;;;;;
394;17.8;23.8;1.0;5;Successful;Effective;No;No;No;No;No;No;0.0;-7.99;0.2;-8.15;0.31;-8.1;0.38;-8.13;;;;;;;;
395;17.8;23.8;1.0;8;Successful;Effective;No;No;No;No;No;No;0.0;-7.99;0.2;-8.15;0.31;-8.1;0.38;-8.13;;;;;;;;
396;17.8;23.8;1.0;10;Successful;Effective;No;No;No;No;No;No;0.0;-7.99;0.2;-8.15;0.31;-8.1;0.38;-8.13;;;;;;;;
397;17.8;23.8;1.1;5;Successful;Effective;No;No;No;No;No;No;0.0;-7.99;0.2;-8.14;0.31;-8.05;0.38;-8.08;;;;;;;;
398;17.8;23.8;1.1;8;Successful;Effective;No;No;No;No;No;No;0.0;-7.99;0.2;-8.14;0.31;-8.05;0.38;-8.08;;;;;;;;
399;17.8;23.8;1.1;10;Successful;Effective;No;No;No;No;No;No;0.0;-7.99;0.2;-8.14;0.31;-8.05;0.38;-8.08;;;;;;;;
400;17.9;23.9;0.5;5;Successful;Effective;No;No;No;No;No;No;0.0;-7.99;0.2;-8.13;0.31;-8.22;0.38;-8.26;;;;;;;;
401;17.9;23.9;0.5;8;Successful;Effective;No;No;No;No;No;No;0.0;-7.99;0.2;-8.13;0.31;-8.22;0.38;-8.26;;;;;;;;
402;17.9;23.9;0.5;10;Successful;Effective;No;No;No;No;No;No;0.0;-7.99;0.2;-8.13;0.31;-8.22;0.38;-8.26;;;;;;;;
403;17.9;23.9;0.6;5;Successful;Effective;No;No;No;No;No;No;0.0;-7.99;0.2;-8.14;0.31;-8.22;0.38;-8.25;;;;;;;;
404;17.9;23.9;0.6;8;Successful;Effective;No;No;No;No;No;No;0.0;-7.99;0.2;-8.14;0.31;-8.22;0.38;-8.25;;;;;;;;
405;17.9;23.9;0.6;10;Successful;Effective;No;No;No;No;No;No;0.0;-7.99;0.2;-8.14;0.31;-8.22;0.38;-8.25;;;;;;;;
406;17.9;23.9;0.7;5;Successful;Effective;No;No;No;No;No;No;0.0;-7.99;0.2;-8.14;0.31;-8.2;0.38;-8.22;;;;;;;;
407;17.9;23.9;0.7;8;Successful;Effective;No;No;No;No;No;No;0.0;-7.99;0.2;-8.14;0.31;-8.2;0.38;-8.22;;;;;;;;
408;17.9;23.9;0.7;10;Successful;Effective;No;No;No;No;No;No;0.0;-7.99;0.2;-8.14;0.31;-8.2;0.38;-8.22;;;;;;;;
409;17.9;23.9;0.8;5;Successful;Effective;No;No;No;No;No;No;0.0;-7.99;0.2;-8.14;0.31;-8.18;0.38;-8.2;;;;;;;;
410;17.9;23.9;0.8;8;Successful;Effective;No;No;No;No;No;No;0.0;-7.99;0.2;-8.14;0.31;-8.18;0.38;-8.2;;;;;;;;
411;17.9;23.9;0.8;10;Successful;Effective;No;No;No;No;No;No;0.0;-7.99;0.2;-8.14;0.31;-8.18;0.38;-8.2;;;;;;;;
412;17.9;23.9;0.9;5;Successful;Effective;No;No;No;No;No;No;0.0;-7.99;0.2;-8.14;0.31;-8.14;0.38;-8.18;;;;;;;;
413;17.9;23.9;0.9;8;Successful;Effective;No;No;No;No;No;No;0.0;-7.99;0.2;-8.14;0.31;-8.14;0.38;-8.18;;;;;;;;
414;17.9;23.9;0.9;10;Successful;Effective;No;No;No;No;No;No;0.0;-7.99;0.2;-8.14;0.31;-8.14;0.38;-8.18;;;;;;;;
415;17.9;23.9;1.0;5;Successful;Effective;No;No;No;No;No;No;0.0;-7.99;0.2;-8.13;0.31;-8.1;0.38;-8.14;;;;;;;;
416;17.9;23.9;1.0;8;Successful;Effective;No;No;No;No;No;No;0.0;-7.99;0.2;-8.13;0.31;-8.1;0.38;-8.14;;;;;;;;
417;17.9;23.9;1.0;10;Successful;Effective;No;No;No;No;No;No;0.0;-7.99;0.2;-8.13;0.31;-8.1;0.38;-8.14;;;;;;;;
418;17.9;23.9;1.1;5;Successful;Effective;No;No;No;No;No;No;0.0;-7.99;0.2;-8.12;0.31;-8.07;0.38;-8.1;;;;;;;;
419;17.9;23.9;1.1;8;Successful;Effective;No;No;No;No;No;No;0.0;-7.99;0.2;-8.12;0.31;-8.07;0.38;-8.1;;;;;;;;
420;17.9;23.9;1.1;10;Successful;Effective;No;No;No;No;No;No;0.0;-7.99;0.2;-8.12;0.31;-8.07;0.38;-8.1;;;;;;;;
421;18.0;24.0;0.5;5;Successful;Effective;No;No;No;No;No;No;0.0;-7.99;0.2;-8.13;0.31;-8.22;0.38;-8.26;;;;;;;;
422;18.0;24.0;0.5;8;Successful;Effective;No;No;No;No;No;No;0.0;-7.99;0.2;-8.13;0.31;-8.22;0.38;-8.26;;;;;;;;
423;18.0;24.0;0.5;10;Successful;Effective;No;No;No;No;No;No;0.0;-7.99;0.2;-8.13;0.31;-8.22;0.38;-8.26;;;;;;;;
424;18.0;24.0;0.6;5;Successful;Effective;No;No;No;No;No;No;0.0;-7.99;0.2;-8.13;0.31;-8.21;0.38;-8.24;;;;;;;;
425;18.0;24.0;0.6;8;Successful;Effective;No;No;No;No;No;No;0.0;-7.99;0.2;-8.13;0.31;-8.21;0.38;-8.24;;;;;;;;
426;18.0;24.0;0.6;10;Successful;Effective;No;No;No;No;No;No;0.0;-7.99;0.2;-8.13;0.31;-8.21;0.38;-8.24;;;;;;;;
427;18.0;24.0;0.7;5;Successful;Effective;No;No;No;No;No;No;0.0;-7.99;0.2;-8.13;0.31;-8.19;0.38;-8.22;;;;;;;;
428;18.0;24.0;0.7;8;Successful;Effective;No;No;No;No;No;No;0.0;-7.99;0.2;-8.13;0.31;-8.19;0.38;-8.22;;;;;;;;
429;18.0;24.0;0.7;10;Successful;Effective;No;No;No;No;No;No;0.0;-7.99;0.2;-8.13;0.31;-8.19;0.38;-8.22;;;;;;;;
430;18.0;24.0;0.8;5;Successful;Effective;No;No;No;No;No;No;0.0;-7.99;0.2;-8.13;0.31;-8.17;0.38;-8.21;;;;;;;;
431;18.0;24.0;0.8;8;Successful;Effective;No;No;No;No;No;No;0.0;-7.99;0.2;-8.13;0.31;-8.17;0.38;-8.21;;;;;;;;
432;18.0;24.0;0.8;10;Successful;Effective;No;No;No;No;No;No;0.0;-7.99;0.2;-8.13;0.31;-8.17;0.38;-8.21;;;;;;;;
433;18.0;24.0;0.9;5;Successful;Effective;No;No;No;No;No;No;0.0;-7.99;0.2;-8.12;0.31;-8.14;0.38;-8.19;;;;;;;;
434;18.0;24.0;0.9;8;Successful;Effective;No;No;No;No;No;No;0.0;-7.99;0.2;-8.12;0.31;-8.14;0.38;-8.19;;;;;;;;
435;18.0;24.0;0.9;10;Successful;Effective;No;No;No;No;No;No;0.0;-7.99;0.2;-8.12;0.31;-8.14;0.38;-8.19;;;;;;;;
436;18.0;24.0;1.0;5;Successful;Effective;No;No;No;No;No;No;0.0;-7.99;0.2;-8.12;0.31;-8.11;0.38;-8.15;;;;;;;;
437;18.0;24.0;1.0;8;Successful;Effective;No;No;No;No;No;No;0.0;-7.99;0.2;-8.12;0.31;-8.11;0.38;-8.15;;;;;;;;
438;18.0;24.0;1.0;10;Successful;Effective;No;No;No;No;No;No;0.0;-7.99;0.2;-8.12;0.31;-8.11;0.38;-8.15;;;;;;;;
439;18.0;24.0;1.1;5;Successful;Effective;No;No;No;No;No;No;0.0;-7.99;0.2;-8.1;0.31;-8.09;0.38;-8.12;;;;;;;;
440;18.0;24.0;1.1;8;Successful;Effective;No;No;No;No;No;No;0.0;-7.99;0.2;-8.1;0.31;-8.09;0.38;-8.12;;;;;;;;
441;18.0;24.0;1.1;10;Successful;Effective;No;No;No;No;No;No;0.0;-7.99;0.2;-8.1;0.31;-8.09;0.38;-8.12;;;;;;;;
442;18.1;24.1;0.5;5;Successful;Effective;No;No;No;No;No;No;0.0;-7.99;0.2;-8.13;0.31;-8.21;0.38;-8.26;;;;;;;;
443;18.1;24.1;0.5;8;Successful;Effective;No;No;No;No;No;No;0.0;-7.99;0.2;-8.13;0.31;-8.21;0.38;-8.26;;;;;;;;
444;18.1;24.1;0.5;10;Successful;Effective;No;No;No;No;No;No;0.0;-7.99;0.2;-8.13;0.31;-8.21;0.38;-8.26;;;;;;;;
445;18.1;24.1;0.6;5;Successful;Effective;No;No;No;No;No;No;0.0;-7.99;0.2;-8.13;0.31;-8.2;0.38;-8.24;;;;;;;;
446;18.1;24.1;0.6;8;Successful;Effective;No;No;No;No;No;No;0.0;-7.99;0.2;-8.13;0.31;-8.2;0.38;-8.24;;;;;;;;
447;18.1;24.1;0.6;10;Successful;Effective;No;No;No;No;No;No;0.0;-7.99;0.2;-8.13;0.31;-8.2;0.38;-8.24;;;;;;;;
448;18.1;24.1;0.7;5;Successful;Effective;No;No;No;No;No;No;0.0;-7.99;0.2;-8.12;0.31;-8.19;0.38;-8.23;;;;;;;;
449;18.1;24.1;0.7;8;Successful;Effective;No;No;No;No;No;No;0.0;-7.99;0.2;-8.12;0.31;-8.19;0.38;-8.23;;;;;;;;
450;18.1;24.1;0.7;10;Successful;Effective;No;No;No;No;No;No;0.0;-7.99;0.2;-8.12;0.31;-8.19;0.38;-8.23;;;;;;;;
451;18.1;24.1;0.8;5;Successful;Effective;No;No;No;No;No;No;0.0;-7.99;0.2;-8.12;0.31;-8.17;0.38;-8.22;;;;;;;;
452;18.1;24.1;0.8;8;Successful;Effective;No;No;No;No;No;No;0.0;-7.99;0.2;-8.12;0.31;-8.17;0.38;-8.22;;;;;;;;
453;18.1;24.1;0.8;10;Successful;Effective;No;No;No;No;No;No;0.0;-7.99;0.2;-8.12;0.31;-8.17;0.38;-8.22;;;;;;;;
454;18.1;24.1;0.9;5;Successful;Effective;No;No;No;No;No;No;0.0;-7.99;0.2;-8.11;0.31;-8.14;0.38;-8.19;;;;;;;;
455;18.1;24.1;0.9;8;Successful;Effective;No;No;No;No;No;No;0.0;-7.99;0.2;-8.11;0.31;-8.14;0.38;-8.19;;;;;;;;
456;18.1;24.1;0.9;10;Successful;Effective;No;No;No;No;No;No;0.0;-7.99;0.2;-8.11;0.31;-8.14;0.38;-8.19;;;;;;;;
457;18.1;24.1;1.0;5;Successful;Effective;No;No;No;No;No;No;0.0;-7.99;0.2;-8.11;0.31;-8.12;0.38;-8.17;;;;;;;;
458;18.1;24.1;1.0;8;Successful;Effective;No;No;No;No;No;No;0.0;-7.99;0.2;-8.11;0.31;-8.12;0.38;-8.17;;;;;;;;
459;18.1;24.1;1.0;10;Successful;Effective;No;No;No;No;No;No;0.0;-7.99;0.2;-8.11;0.31;-8.12;0.38;-8.17;;;;;;;;
460;18.1;24.1;1.1;5;Successful;Effective;No;No;No;No;No;No;0.0;-7.99;0.2;-8.09;0.31;-8.12;0.38;-8.16;;;;;;;;
461;18.1;24.1;1.1;8;Successful;Effective;No;No;No;No;No;No;0.0;-7.99;0.2;-8.09;0.31;-8.12;0.38;-8.16;;;;;;;;
462;18.1;24.1;1.1;10;Successful;Effective;No;No;No;No;No;No;0.0;-7.99;0.2;-8.09;0.31;-8.12;0.38;-8.16;;;;;;;;
463;18.2;24.2;0.5;5;Successful;Effective;No;No;No;No;No;No;0.0;-7.99;0.2;-8.12;0.31;-8.21;0.38;-8.26;;;;;;;;
464;18.2;24.2;0.5;8;Successful;Effective;No;No;No;No;No;No;0.0;-7.99;0.2;-8.12;0.31;-8.21;0.38;-8.26;;;;;;;;
465;18.2;24.2;0.5;10;Successful;Effective;No;No;No;No;No;No;0.0;-7.99;0.2;-8.12;0.31;-8.21;0.38;-8.26;;;;;;;;
466;18.2;24.2;0.6;5;Successful;Effective;No;No;No;No;No;No;0.0;-7.99;0.2;-8.12;0.31;-8.2;0.38;-8.24;;;;;;;;
467;18.2;24.2;0.6;8;Successful;Effective;No;No;No;No;No;No;0.0;-7.99;0.2;-8.12;0.31;-8.2;0.38;-8.24;;;;;;;;
468;18.2;24.2;0.6;10;Successful;Effective;No;No;No;No;No;No;0.0;-7.99;0.2;-8.12;0.31;-8.2;0.38;-8.24;;;;;;;;
469;18.2;24.2;0.7;5;Successful;Effective;No;No;No;No;No;No;0.0;-7.99;0.2;-8.12;0.31;-8.19;0.38;-8.24;;;;;;;;
470;18.2;24.2;0.7;8;Successful;Effective;No;No;No;No;No;No;0.0;-7.99;0.2;-8.12;0.31;-8.19;0.38;-8.24;;;;;;;;
471;18.2;24.2;0.7;10;Successful;Effective;No;No;No;No;No;No;0.0;-7.99;0.2;-8.12;0.31;-8.19;0.38;-8.24;;;;;;;;
472;18.2;24.2;0.8;5;Successful;Effective;No;No;No;No;No;No;0.0;-7.99;0.2;-8.12;0.31;-8.17;0.38;-8.22;;;;;;;;
473;18.2;24.2;0.8;8;Successful;Effective;No;No;No;No;No;No;0.0;-7.99;0.2;-8.12;0.31;-8.17;0.38;-8.22;;;;;;;;
474;18.2;24.2;0.8;10;Successful;Effective;No;No;No;No;No;No;0.0;-7.99;0.2;-8.12;0.31;-8.17;0.38;-8.22;;;;;;;;
475;18.2;24.2;0.9;5;Successful;Effective;No;No;No;No;No;No;0.0;-7.99;0.2;-8.11;0.31;-8.15;0.38;-8.2;;;;;;;;
476;18.2;24.2;0.9;8;Successful;Effective;No;No;No;No;No;No;0.0;-7.99;0.2;-8.11;0.31;-8.15;0.38;-8.2;;;;;;;;
477;18.2;24.2;0.9;10;Successful;Effective;No;No;No;No;No;No;0.0;-7.99;0.2;-8.11;0.31;-8.15;0.38;-8.2;;;;;;;;
478;18.2;24.2;1.0;5;Successful;Effective;No;No;No;No;No;No;0.0;-7.99;0.2;-8.1;0.31;-8.14;0.38;-8.18;;;;;;;;
479;18.2;24.2;1.0;8;Successful;Effective;No;No;No;No;No;No;0.0;-7.99;0.2;-8.1;0.31;-8.14;0.38;-8.18;;;;;;;;
480;18.2;24.2;1.0;10;Successful;Effective;No;No;No;No;No;No;0.0;-7.99;0.2;-8.1;0.31;-8.14;0.38;-8.18;;;;;;;;
481;18.2;24.2;1.1;5;Successful;Effective;No;No;No;No;No;No;0.0;-7.99;0.2;-8.08;0.31;-8.14;0.38;-8.18;;;;;;;;
482;18.2;24.2;1.1;8;Successful;Effective;No;No;No;No;No;No;0.0;-7.99;0.2;-8.08;0.31;-8.14;0.38;-8.18;;;;;;;;
483;18.2;24.2;1.1;10;Successful;Effective;No;No;No;No;No;No;0.0;-7.99;0.2;-8.08;0.31;-8.14;0.38;-8.18;;;;;;;;
484;18.3;24.3;0.5;5;Successful;Effective;No;No;No;No;No;No;0.0;-7.99;0.2;-8.12;0.31;-8.21;0.38;-8.26;;;;;;;;
485;18.3;24.3;0.5;8;Successful;Effective;No;No;No;No;No;No;0.0;-7.99;0.2;-8.12;0.31;-8.21;0.38;-8.26;;;;;;;;
486;18.3;24.3;0.5;10;Successful;Effective;No;No;No;No;No;No;0.0;-7.99;0.2;-8.12;0.31;-8.21;0.38;-8.26;;;;;;;;
487;18.3;24.3;0.6;5;Successful;Effective;No;No;No;No;No;No;0.0;-7.99;0.2;-8.12;0.31;-8.2;0.38;-8.25;;;;;;;;
488;18.3;24.3;0.6;8;Successful;Effective;No;No;No;No;No;No;0.0;-7.99;0.2;-8.12;0.31;-8.2;0.38;-8.25;;;;;;;;
489;18.3;24.3;0.6;10;Successful;Effective;No;No;No;No;No;No;0.0;-7.99;0.2;-8.12;0.31;-8.2;0.38;-8.25;;;;;;;;
490;18.3;24.3;0.7;5;Successful;Effective;No;No;No;No;No;No;0.0;-7.99;0.2;-8.12;0.31;-8.19;0.38;-8.24;;;;;;;;
491;18.3;24.3;0.7;8;Successful;Effective;No;No;No;No;No;No;0.0;-7.99;0.2;-8.12;0.31;-8.19;0.38;-8.24;;;;;;;;
492;18.3;24.3;0.7;10;Successful;Effective;No;No;No;No;No;No;0.0;-7.99;0.2;-8.12;0.31;-8.19;0.38;-8.24;;;;;;;;
493;18.3;24.3;0.8;5;Successful;Effective;No;No;No;No;No;No;0.0;-7.99;0.2;-8.11;0.31;-8.17;0.38;-8.23;;;;;;;;
494;18.3;24.3;0.8;8;Successful;Effective;No;No;No;No;No;No;0.0;-7.99;0.2;-8.11;0.31;-8.17;0.38;-8.23;;;;;;;;
495;18.3;24.3;0.8;10;Successful;Effective;No;No;No;No;No;No;0.0;-7.99;0.2;-8.11;0.31;-8.17;0.38;-8.23;;;;;;;;
496;18.3;24.3;0.9;5;Successful;Effective;No;No;No;No;No;No;0.0;-7.99;0.2;-8.1;0.31;-8.16;0.38;-8.21;;;;;;;;
497;18.3;24.3;0.9;8;Successful;Effective;No;No;No;No;No;No;0.0;-7.99;0.2;-8.1;0.31;-8.16;0.38;-8.21;;;;;;;;
498;18.3;24.3;0.9;10;Successful;Effective;No;No;No;No;No;No;0.0;-7.99;0.2;-8.1;0.31;-8.16;0.38;-8.21;;;;;;;;
499;18.3;24.3;1.0;5;Successful;Effective;No;No;No;No;No;No;0.0;-7.99;0.2;-8.09;0.31;-8.16;0.38;-8.2;;;;;;;;
500;18.3;24.3;1.0;8;Successful;Effective;No;No;No;No;No;No;0.0;-7.99;0.2;-8.09;0.31;-8.16;0.38;-8.2;;;;;;;;
501;18.3;24.3;1.0;10;Successful;Effective;No;No;No;No;No;No;0.0;-7.99;0.2;-8.09;0.31;-8.16;0.38;-8.2;;;;;;;;
502;18.3;24.3;1.1;5;Successful;Effective;No;No;No;No;No;No;0.0;-7.99;0.2;-8.08;0.31;-8.15;0.38;-8.2;;;;;;;;
503;18.3;24.3;1.1;8;Successful;Effective;No;No;No;No;No;No;0.0;-7.99;0.2;-8.08;0.31;-8.15;0.38;-8.2;;;;;;;;
504;18.3;24.3;1.1;10;Successful;Effective;No;No;No;No;No;No;0.0;-7.99;0.2;-8.08;0.31;-8.15;0.38;-8.2;;;;;;;;
505;18.4;24.4;0.5;5;Successful;Effective;No;No;No;No;No;No;0.0;-7.99;0.2;-8.12;0.31;-8.21;0.38;-8.26;;;;;;;;
506;18.4;24.4;0.5;8;Successful;Effective;No;No;No;No;No;No;0.0;-7.99;0.2;-8.12;0.31;-8.21;0.38;-8.26;;;;;;;;
507;18.4;24.4;0.5;10;Successful;Effective;No;No;No;No;No;No;0.0;-7.99;0.2;-8.12;0.31;-8.21;0.38;-8.26;;;;;;;;
508;18.4;24.4;0.6;5;Successful;Effective;No;No;No;No;No;No;0.0;-7.99;0.2;-8.12;0.31;-8.2;0.38;-8.25;;;;;;;;
509;18.4;24.4;0.6;8;Successful;Effective;No;No;No;No;No;No;0.0;-7.99;0.2;-8.12;0.31;-8.2;0.38;-8.25;;;;;;;;
510;18.4;24.4;0.6;10;Successful;Effective;No;No;No;No;No;No;0.0;-7.99;0.2;-8.12;0.31;-8.2;0.38;-8.25;;;;;;;;
511;18.4;24.4;0.7;5;Successful;Effective;No;No;No;No;No;No;0.0;-7.99;0.2;-8.11;0.31;-8.19;0.38;-8.24;;;;;;;;
512;18.4;24.4;0.7;8;Successful;Effective;No;No;No;No;No;No;0.0;-7.99;0.2;-8.11;0.31;-8.19;0.38;-8.24;;;;;;;;
513;18.4;24.4;0.7;10;Successful;Effective;No;No;No;No;No;No;0.0;-7.99;0.2;-8.11;0.31;-8.19;0.38;-8.24;;;;;;;;
514;18.4;24.4;0.8;5;Successful;Effective;No;No;No;No;No;No;0.0;-7.99;0.2;-8.11;0.31;-8.18;0.38;-8.23;;;;;;;;
515;18.4;24.4;0.8;8;Successful;Effective;No;No;No;No;No;No;0.0;-7.99;0.2;-8.11;0.31;-8.18;0.38;-8.23;;;;;;;;
516;18.4;24.4;0.8;10;Successful;Effective;No;No;No;No;No;No;0.0;-7.99;0.2;-8.11;0.31;-8.18;0.38;-8.23;;;;;;;;
517;18.4;24.4;0.9;5;Successful;Effective;No;No;No;No;No;No;0.0;-7.99;0.2;-8.1;0.31;-8.17;0.38;-8.22;;;;;;;;
518;18.4;24.4;0.9;8;Successful;Effective;No;No;No;No;No;No;0.0;-7.99;0.2;-8.1;0.31;-8.17;0.38;-8.22;;;;;;;;
519;18.4;24.4;0.9;10;Successful;Effective;No;No;No;No;No;No;0.0;-7.99;0.2;-8.1;0.31;-8.17;0.38;-8.22;;;;;;;;
520;18.4;24.4;1.0;5;Successful;Effective;No;No;No;No;No;No;0.0;-7.99;0.2;-8.09;0.31;-8.17;0.38;-8.22;;;;;;;;
521;18.4;24.4;1.0;8;Successful;Effective;No;No;No;No;No;No;0.0;-7.99;0.2;-8.09;0.31;-8.17;0.38;-8.22;;;;;;;;
522;18.4;24.4;1.0;10;Successful;Effective;No;No;No;No;No;No;0.0;-7.99;0.2;-8.09;0.31;-8.17;0.38;-8.22;;;;;;;;
523;18.4;24.4;1.1;5;Successful;Effective;No;No;No;No;No;No;0.0;-7.99;0.2;-8.08;0.31;-8.16;0.38;-8.21;;;;;;;;
524;18.4;24.4;1.1;8;Successful;Effective;No;No;No;No;No;No;0.0;-7.99;0.2;-8.08;0.31;-8.16;0.38;-8.21;;;;;;;;
525;18.4;24.4;1.1;10;Successful;Effective;No;No;No;No;No;No;0.0;-7.99;0.2;-8.08;0.31;-8.16;0.38;-8.21;;;;;;;;
526;18.5;24.5;0.5;5;Successful;Effective;No;No;No;No;No;No;0.0;-7.99;0.2;-8.12;0.31;-8.21;0.38;-8.26;;;;;;;;
527;18.5;24.5;0.5;8;Successful;Effective;No;No;No;No;No;No;0.0;-7.99;0.2;-8.12;0.31;-8.21;0.38;-8.26;;;;;;;;
528;18.5;24.5;0.5;10;Successful;Effective;No;No;No;No;No;No;0.0;-7.99;0.2;-8.12;0.31;-8.21;0.38;-8.26;;;;;;;;
529;18.5;24.5;0.6;5;Successful;Effective;No;No;No;No;No;No;0.0;-7.99;0.2;-8.12;0.31;-8.2;0.38;-8.25;;;;;;;;
530;18.5;24.5;0.6;8;Successful;Effective;No;No;No;No;No;No;0.0;-7.99;0.2;-8.12;0.31;-8.2;0.38;-8.25;;;;;;;;
531;18.5;24.5;0.6;10;Successful;Effective;No;No;No;No;No;No;0.0;-7.99;0.2;-8.12;0.31;-8.2;0.38;-8.25;;;;;;;;
532;18.5;24.5;0.7;5;Successful;Effective;No;No;No;No;No;No;0.0;-7.99;0.2;-8.11;0.31;-8.19;0.38;-8.25;;;;;;;;
533;18.5;24.5;0.7;8;Successful;Effective;No;No;No;No;No;No;0.0;-7.99;0.2;-8.11;0.31;-8.19;0.38;-8.25;;;;;;;;
534;18.5;24.5;0.7;10;Successful;Effective;No;No;No;No;No;No;0.0;-7.99;0.2;-8.11;0.31;-8.19;0.38;-8.25;;;;;;;;
535;18.5;24.5;0.8;5;Successful;Effective;No;No;No;No;No;No;0.0;-7.99;0.2;-8.11;0.31;-8.19;0.38;-8.24;;;;;;;;
536;18.5;24.5;0.8;8;Successful;Effective;No;No;No;No;No;No;0.0;-7.99;0.2;-8.11;0.31;-8.19;0.38;-8.24;;;;;;;;
537;18.5;24.5;0.8;10;Successful;Effective;No;No;No;No;No;No;0.0;-7.99;0.2;-8.11;0.31;-8.19;0.38;-8.24;;;;;;;;
538;18.5;24.5;0.9;5;Successful;Effective;No;No;No;No;No;No;0.0;-7.99;0.2;-8.1;0.31;-8.18;0.38;-8.23;;;;;;;;
539;18.5;24.5;0.9;8;Successful;Effective;No;No;No;No;No;No;0.0;-7.99;0.2;-8.1;0.31;-8.18;0.38;-8.23;;;;;;;;
540;18.5;24.5;0.9;10;Successful;Effective;No;No;No;No;No;No;0.0;-7.99;0.2;-8.1;0.31;-8.18;0.38;-8.23;;;;;;;;
541;18.5;24.5;1.0;5;Successful;Effective;No;No;No;No;No;No;0.0;-7.99;0.2;-8.09;0.31;-8.18;0.38;-8.23;;;;;;;;
542;18.5;24.5;1.0;8;Successful;Effective;No;No;No;No;No;No;0.0;-7.99;0.2;-8.09;0.31;-8.18;0.38;-8.23;;;;;;;;
543;18.5;24.5;1.0;10;Successful;Effective;No;No;No;No;No;No;0.0;-7.99;0.2;-8.09;0.31;-8.18;0.38;-8.23;;;;;;;;
544;18.5;24.5;1.1;5;Successful;Effective;No;No;No;No;No;No;0.0;-7.99;0.2;-8.08;0.31;-8.17;0.38;-8.22;;;;;;;;
545;18.5;24.5;1.1;8;Successful;Effective;No;No;No;No;No;No;0.0;-7.99;0.2;-8.08;0.31;-8.17;0.38;-8.22;;;;;;;;
546;18.5;24.5;1.1;10;Successful;Effective;No;No;No;No;No;No;0.0;-7.99;0.2;-8.08;0.31;-8.17;0.38;-8.22;;;;;;;;
547;18.6;24.6;0.5;5;Successful;Effective;No;No;No;No;No;No;0.0;-7.99;0.2;-8.12;0.31;-8.21;0.38;-8.26;;;;;;;;
548;18.6;24.6;0.5;8;Successful;Effective;No;No;No;No;No;No;0.0;-7.99;0.2;-8.12;0.31;-8.21;0.38;-8.26;;;;;;;;
549;18.6;24.6;0.5;10;Successful;Effective;No;No;No;No;No;No;0.0;-7.99;0.2;-8.12;0.31;-8.21;0.38;-8.26;;;;;;;;
550;18.6;24.6;0.6;5;Successful;Effective;No;No;No;No;No;No;0.0;-7.99;0.2;-8.12;0.31;-8.2;0.38;-8.26;;;;;;;;
551;18.6;24.6;0.6;8;Successful;Effective;No;No;No;No;No;No;0.0;-7.99;0.2;-8.12;0.31;-8.2;0.38;-8.26;;;;;;;;
552;18.6;24.6;0.6;10;Successful;Effective;No;No;No;No;No;No;0.0;-7.99;0.2;-8.12;0.31;-8.2;0.38;-8.26;;;;;;;;
553;18.6;24.6;0.7;5;Successful;Effective;No;No;No;No;No;No;0.0;-7.99;0.2;-8.11;0.31;-8.2;0.38;-8.25;;;;;;;;
554;18.6;24.6;0.7;8;Successful;Effective;No;No;No;No;No;No;0.0;-7.99;0.2;-8.11;0.31;-8.2;0.38;-8.25;;;;;;;;
555;18.6;24.6;0.7;10;Successful;Effective;No;No;No;No;No;No;0.0;-7.99;0.2;-8.11;0.31;-8.2;0.38;-8.25;;;;;;;;
556;18.6;24.6;0.8;5;Successful;Effective;No;No;No;No;No;No;0.0;-7.99;0.2;-8.11;0.31;-8.19;0.38;-8.25;;;;;;;;
557;18.6;24.6;0.8;8;Successful;Effective;No;No;No;No;No;No;0.0;-7.99;0.2;-8.11;0.31;-8.19;0.38;-8.25;;;;;;;;
558;18.6;24.6;0.8;10;Successful;Effective;No;No;No;No;No;No;0.0;-7.99;0.2;-8.11;0.31;-8.19;0.38;-8.25;;;;;;;;
559;18.6;24.6;0.9;5;Successful;Effective;No;No;No;No;No;No;0.0;-7.99;0.2;-8.1;0.31;-8.19;0.38;-8.24;;;;;;;;
560;18.6;24.6;0.9;8;Successful;Effective;No;No;No;No;No;No;0.0;-7.99;0.2;-8.1;0.31;-8.19;0.38;-8.24;;;;;;;;
561;18.6;24.6;0.9;10;Successful;Effective;No;No;No;No;No;No;0.0;-7.99;0.2;-8.1;0.31;-8.19;0.38;-8.24;;;;;;;;
562;18.6;24.6;1.0;5;Successful;Effective;No;No;No;No;No;No;0.0;-7.99;0.2;-8.09;0.31;-8.18;0.38;-8.24;;;;;;;;
563;18.6;24.6;1.0;8;Successful;Effective;No;No;No;No;No;No;0.0;-7.99;0.2;-8.09;0.31;-8.18;0.38;-8.24;;;;;;;;
564;18.6;24.6;1.0;10;Successful;Effective;No;No;No;No;No;No;0.0;-7.99;0.2;-8.09;0.31;-8.18;0.38;-8.24;;;;;;;;
565;18.6;24.6;1.1;5;Successful;Effective;No;No;No;No;No;No;0.0;-7.99;0.2;-8.08;0.31;-8.18;0.38;-8.23;;;;;;;;
566;18.6;24.6;1.1;8;Successful;Effective;No;No;No;No;No;No;0.0;-7.99;0.2;-8.08;0.31;-8.18;0.38;-8.23;;;;;;;;
567;18.6;24.6;1.1;10;Successful;Effective;No;No;No;No;No;No;0.0;-7.99;0.2;-8.08;0.31;-8.18;0.38;-8.23;;;;;;;;
568;18.7;24.7;0.5;5;Successful;Effective;No;No;No;No;No;No;0.0;-7.99;0.2;-8.12;0.31;-8.21;0.38;-8.26;;;;;;;;
569;18.7;24.7;0.5;8;Successful;Effective;No;No;No;No;No;No;0.0;-7.99;0.2;-8.12;0.31;-8.21;0.38;-8.26;;;;;;;;
570;18.7;24.7;0.5;10;Successful;Effective;No;No;No;No;No;No;0.0;-7.99;0.2;-8.12;0.31;-8.21;0.38;-8.26;;;;;;;;
571;18.7;24.7;0.6;5;Successful;Effective;No;No;No;No;No;No;0.0;-7.99;0.2;-8.12;0.31;-8.2;0.38;-8.26;;;;;;;;
572;18.7;24.7;0.6;8;Successful;Effective;No;No;No;No;No;No;0.0;-7.99;0.2;-8.12;0.31;-8.2;0.38;-8.26;;;;;;;;
573;18.7;24.7;0.6;10;Successful;Effective;No;No;No;No;No;No;0.0;-7.99;0.2;-8.12;0.31;-8.2;0.38;-8.26;;;;;;;;
574;18.7;24.7;0.7;5;Successful;Effective;No;No;No;No;No;No;0.0;-7.99;0.2;-8.11;0.31;-8.2;0.38;-8.26;;;;;;;;
575;18.7;24.7;0.7;8;Successful;Effective;No;No;No;No;No;No;0.0;-7.99;0.2;-8.11;0.31;-8.2;0.38;-8.26;;;;;;;;
576;18.7;24.7;0.7;10;Successful;Effective;No;No;No;No;No;No;0.0;-7.99;0.2;-8.11;0.31;-8.2;0.38;-8.26;;;;;;;;
577;18.7;24.7;0.8;5;Successful;Effective;No;No;No;No;No;No;0.0;-7.99;0.2;-8.11;0.31;-8.2;0.38;-8.25;;;;;;;;
578;18.7;24.7;0.8;8;Successful;Effective;No;No;No;No;No;No;0.0;-7.99;0.2;-8.11;0.31;-8.2;0.38;-8.25;;;;;;;;
579;18.7;24.7;0.8;10;Successful;Effective;No;No;No;No;No;No;0.0;-7.99;0.2;-8.11;0.31;-8.2;0.38;-8.25;;;;;;;;
580;18.7;24.7;0.9;5;Successful;Effective;No;No;No;No;No;No;0.0;-7.99;0.2;-8.1;0.31;-8.2;0.38;-8.25;;;;;;;;
581;18.7;24.7;0.9;8;Successful;Effective;No;No;No;No;No;No;0.0;-7.99;0.2;-8.1;0.31;-8.2;0.38;-8.25;;;;;;;;
582;18.7;24.7;0.9;10;Successful;Effective;No;No;No;No;No;No;0.0;-7.99;0.2;-8.1;0.31;-8.2;0.38;-8.25;;;;;;;;
583;18.7;24.7;1.0;5;Successful;Effective;No;No;No;No;No;No;0.0;-7.99;0.2;-8.09;0.31;-8.19;0.38;-8.25;;;;;;;;
584;18.7;24.7;1.0;8;Successful;Effective;No;No;No;No;No;No;0.0;-7.99;0.2;-8.09;0.31;-8.19;0.38;-8.25;;;;;;;;
585;18.7;24.7;1.0;10;Successful;Effective;No;No;No;No;No;No;0.0;-7.99;0.2;-8.09;0.31;-8.19;0.38;-8.25;;;;;;;;
586;18.7;24.7;1.1;5;Successful;Effective;No;No;No;No;No;No;0.0;-7.99;0.2;-8.09;0.31;-8.18;0.38;-8.24;;;;;;;;
587;18.7;24.7;1.1;8;Successful;Effective;No;No;No;No;No;No;0.0;-7.99;0.2;-8.09;0.31;-8.18;0.38;-8.24;;;;;;;;
588;18.7;24.7;1.1;10;Successful;Effective;No;No;No;No;No;No;0.0;-7.99;0.2;-8.09;0.31;-8.18;0.38;-8.24;;;;;;;;
589;18.8;24.8;0.5;5;Successful;Effective;No;No;No;No;No;No;0.0;-7.99;0.2;-8.12;0.31;-8.21;0.38;-8.27;;;;;;;;
590;18.8;24.8;0.5;8;Successful;Effective;No;No;No;No;No;No;0.0;-7.99;0.2;-8.12;0.31;-8.21;0.38;-8.27;;;;;;;;
591;18.8;24.8;0.5;10;Successful;Effective;No;No;No;No;No;No;0.0;-7.99;0.2;-8.12;0.31;-8.21;0.38;-8.27;;;;;;;;
592;18.8;24.8;0.6;5;Successful;Effective;No;No;No;No;No;No;0.0;-7.99;0.2;-8.12;0.31;-8.21;0.38;-8.26;;;;;;;;
593;18.8;24.8;0.6;8;Successful;Effective;No;No;No;No;No;No;0.0;-7.99;0.2;-8.12;0.31;-8.21;0.38;-8.26;;;;;;;;
594;18.8;24.8;0.6;10;Successful;Effective;No;No;No;No;No;No;0.0;-7.99;0.2;-8.12;0.31;-8.21;0.38;-8.26;;;;;;;;
595;18.8;24.8;0.7;5;Successful;Effective;No;No;No;No;No;No;0.0;-7.99;0.2;-8.11;0.31;-8.21;0.38;-8.26;;;;;;;;
596;18.8;24.8;0.7;8;Successful;Effective;No;No;No;No;No;No;0.0;-7.99;0.2;-8.11;0.31;-8.21;0.38;-8.26;;;;;;;;
597;18.8;24.8;0.7;10;Successful;Effective;No;No;No;No;No;No;0.0;-7.99;0.2;-8.11;0.31;-8.21;0.38;-8.26;;;;;;;;
598;18.8;24.8;0.8;5;Successful;Effective;No;No;No;No;No;No;0.0;-7.99;0.2;-8.11;0.31;-8.2;0.38;-8.26;;;;;;;;
599;18.8;24.8;0.8;8;Successful;Effective;No;No;No;No;No;No;0.0;-7.99;0.2;-8.11;0.31;-8.2;0.38;-8.26;;;;;;;;
600;18.8;24.8;0.8;10;Successful;Effective;No;No;No;No;No;No;0.0;-7.99;0.2;-8.11;0.31;-8.2;0.38;-8.26;;;;;;;;
601;18.8;24.8;0.9;5;Successful;Effective;No;No;No;No;No;No;0.0;-7.99;0.2;-8.1;0.31;-8.2;0.38;-8.25;;;;;;;;
602;18.8;24.8;0.9;8;Successful;Effective;No;No;No;No;No;No;0.0;-7.99;0.2;-8.1;0.31;-8.2;0.38;-8.25;;;;;;;;
603;18.8;24.8;0.9;10;Successful;Effective;No;No;No;No;No;No;0.0;-7.99;0.2;-8.1;0.31;-8.2;0.38;-8.25;;;;;;;;
604;18.8;24.8;1.0;5;Successful;Effective;No;No;No;No;No;No;0.0;-7.99;0.2;-8.1;0.31;-8.2;0.38;-8.25;;;;;;;;
605;18.8;24.8;1.0;8;Successful;Effective;No;No;No;No;No;No;0.0;-7.99;0.2;-8.1;0.31;-8.2;0.38;-8.25;;;;;;;;
606;18.8;24.8;1.0;10;Successful;Effective;No;No;No;No;No;No;0.0;-7.99;0.2;-8.1;0.31;-8.2;0.38;-8.25;;;;;;;;
607;18.8;24.8;1.1;5;Successful;Effective;No;No;No;No;No;No;0.0;-7.99;0.2;-8.1;0.31;-8.19;0.38;-8.24;;;;;;;;
608;18.8;24.8;1.1;8;Successful;Effective;No;No;No;No;No;No;0.0;-7.99;0.2;-8.1;0.31;-8.19;0.38;-8.24;;;;;;;;
609;18.8;24.8;1.1;10;Successful;Effective;No;No;No;No;No;No;0.0;-7.99;0.2;-8.1;0.31;-8.19;0.38;-8.24;;;;;;;;
610;18.9;24.9;0.5;5;Successful;Effective;No;No;No;No;No;No;0.0;-7.99;0.2;-8.12;0.31;-8.21;0.38;-8.27;;;;;;;;
611;18.9;24.9;0.5;8;Successful;Effective;No;No;No;No;No;No;0.0;-7.99;0.2;-8.12;0.31;-8.21;0.38;-8.27;;;;;;;;
612;18.9;24.9;0.5;10;Successful;Effective;No;No;No;No;No;No;0.0;-7.99;0.2;-8.12;0.31;-8.21;0.38;-8.27;;;;;;;;
613;18.9;24.9;0.6;5;Successful;Effective;No;No;No;No;No;No;0.0;-7.99;0.2;-8.12;0.31;-8.21;0.38;-8.27;;;;;;;;
614;18.9;24.9;0.6;8;Successful;Effective;No;No;No;No;No;No;0.0;-7.99;0.2;-8.12;0.31;-8.21;0.38;-8.27;;;;;;;;
615;18.9;24.9;0.6;10;Successful;Effective;No;No;No;No;No;No;0.0;-7.99;0.2;-8.12;0.31;-8.21;0.38;-8.27;;;;;;;;
616;18.9;24.9;0.7;5;Successful;Effective;No;No;No;No;No;No;0.0;-7.99;0.2;-8.11;0.31;-8.21;0.38;-8.26;;;;;;;;
617;18.9;24.9;0.7;8;Successful;Effective;No;No;No;No;No;No;0.0;-7.99;0.2;-8.11;0.31;-8.21;0.38;-8.26;;;;;;;;
618;18.9;24.9;0.7;10;Successful;Effective;No;No;No;No;No;No;0.0;-7.99;0.2;-8.11;0.31;-8.21;0.38;-8.26;;;;;;;;
619;18.9;24.9;0.8;5;Successful;Effective;No;No;No;No;No;No;0.0;-7.99;0.2;-8.11;0.31;-8.21;0.38;-8.26;;;;;;;;
620;18.9;24.9;0.8;8;Successful;Effective;No;No;No;No;No;No;0.0;-7.99;0.2;-8.11;0.31;-8.21;0.38;-8.26;;;;;;;;
621;18.9;24.9;0.8;10;Successful;Effective;No;No;No;No;No;No;0.0;-7.99;0.2;-8.11;0.31;-8.21;0.38;-8.26;;;;;;;;
622;18.9;24.9;0.9;5;Successful;Effective;No;No;No;No;No;No;0.0;-7.99;0.2;-8.1;0.31;-8.2;0.38;-8.26;;;;;;;;
623;18.9;24.9;0.9;8;Successful;Effective;No;No;No;No;No;No;0.0;-7.99;0.2;-8.1;0.31;-8.2;0.38;-8.26;;;;;;;;
624;18.9;24.9;0.9;10;Successful;Effective;No;No;No;No;No;No;0.0;-7.99;0.2;-8.1;0.31;-8.2;0.38;-8.26;;;;;;;;
625;18.9;24.9;1.0;5;Successful;Effective;No;No;No;No;No;No;0.0;-7.99;0.2;-8.1;0.31;-8.2;0.38;-8.25;;;;;;;;
626;18.9;24.9;1.0;8;Successful;Effective;No;No;No;No;No;No;0.0;-7.99;0.2;-8.1;0.31;-8.2;0.38;-8.25;;;;;;;;
627;18.9;24.9;1.0;10;Successful;Effective;No;No;No;No;No;No;0.0;-7.99;0.2;-8.1;0.31;-8.2;0.38;-8.25;;;;;;;;
628;18.9;24.9;1.1;5;Successful;Effective;No;No;No;No;No;No;0.0;-7.99;0.2;-8.1;0.31;-8.2;0.38;-8.25;;;;;;;;
629;18.9;24.9;1.1;8;Successful;Effective;No;No;No;No;No;No;0.0;-7.99;0.2;-8.1;0.31;-8.2;0.38;-8.25;;;;;;;;
630;18.9;24.9;1.1;10;Successful;Effective;No;No;No;No;No;No;0.0;-7.99;0.2;-8.1;0.31;-8.2;0.38;-8.25;;;;;;;;
631;19.0;25.0;0.5;5;Successful;Effective;No;No;No;No;No;No;0.0;-7.99;0.2;-8.12;0.31;-8.21;0.38;-8.27;;;;;;;;
632;19.0;25.0;0.5;8;Successful;Effective;No;No;No;No;No;No;0.0;-7.99;0.2;-8.12;0.31;-8.21;0.38;-8.27;;;;;;;;
633;19.0;25.0;0.5;10;Successful;Effective;No;No;No;No;No;No;0.0;-7.99;0.2;-8.12;0.31;-8.21;0.38;-8.27;;;;;;;;
634;19.0;25.0;0.6;5;Successful;Effective;No;No;No;No;No;No;0.0;-7.99;0.2;-8.12;0.31;-8.21;0.38;-8.27;;;;;;;;
635;19.0;25.0;0.6;8;Successful;Effective;No;No;No;No;No;No;0.0;-7.99;0.2;-8.12;0.31;-8.21;0.38;-8.27;;;;;;;;
636;19.0;25.0;0.6;10;Successful;Effective;No;No;No;No;No;No;0.0;-7.99;0.2;-8.12;0.31;-8.21;0.38;-8.27;;;;;;;;
637;19.0;25.0;0.7;5;Successful;Effective;No;No;No;No;No;No;0.0;-7.99;0.2;-8.11;0.31;-8.21;0.38;-8.27;;;;;;;;
638;19.0;25.0;0.7;8;Successful;Effective;No;No;No;No;No;No;0.0;-7.99;0.2;-8.11;0.31;-8.21;0.38;-8.27;;;;;;;;
639;19.0;25.0;0.7;10;Successful;Effective;No;No;No;No;No;No;0.0;-7.99;0.2;-8.11;0.31;-8.21;0.38;-8.27;;;;;;;;
640;19.0;25.0;0.8;5;Successful;Effective;No;No;No;No;No;No;0.0;-7.99;0.2;-8.11;0.31;-8.21;0.38;-8.26;;;;;;;;
641;19.0;25.0;0.8;8;Successful;Effective;No;No;No;No;No;No;0.0;-7.99;0.2;-8.11;0.31;-8.21;0.38;-8.26;;;;;;;;
642;19.0;25.0;0.8;10;Successful;Effective;No;No;No;No;No;No;0.0;-7.99;0.2;-8.11;0.31;-8.21;0.38;-8.26;;;;;;;;
643;19.0;25.0;0.9;5;Successful;Effective;No;No;No;No;No;No;0.0;-7.99;0.2;-8.11;0.31;-8.21;0.38;-8.26;;;;;;;;
644;19.0;25.0;0.9;8;Successful;Effective;No;No;No;No;No;No;0.0;-7.99;0.2;-8.11;0.31;-8.21;0.38;-8.26;;;;;;;;
645;19.0;25.0;0.9;10;Successful;Effective;No;No;No;No;No;No;0.0;-7.99;0.2;-8.11;0.31;-8.21;0.38;-8.26;;;;;;;;
646;19.0;25.0;1.0;5;Successful;Effective;No;No;No;No;No;No;0.0;-7.99;0.2;-8.11;0.31;-8.21;0.38;-8.26;;;;;;;;
647;19.0;25.0;1.0;8;Successful;Effective;No;No;No;No;No;No;0.0;-7.99;0.2;-8.11;0.31;-8.21;0.38;-8.26;;;;;;;;
648;19.0;25.0;1.0;10;Successful;Effective;No;No;No;No;No;No;0.0;-7.99;0.2;-8.11;0.31;-8.21;0.38;-8.26;;;;;;;;
649;19.0;25.0;1.1;5;Successful;Effective;No;No;No;No;No;No;0.0;-7.99;0.2;-8.11;0.31;-8.21;0.38;-8.26;;;;;;;;
650;19.0;25.0;1.1;8;Successful;Effective;No;No;No;No;No;No;0.0;-7.99;0.2;-8.11;0.31;-8.21;0.38;-8.26;;;;;;;;
651;19.0;25.0;1.1;10;Successful;Effective;No;No;No;No;No;No;0.0;-7.99;0.2;-8.11;0.31;-8.21;0.38;-8.26;;;;;;;;
652;19.1;25.1;0.5;5;Successful;Effective;No;No;No;No;No;No;0.0;-7.99;0.2;-8.12;0.31;-8.22;0.38;-8.27;;;;;;;;
653;19.1;25.1;0.5;8;Successful;Effective;No;No;No;No;No;No;0.0;-7.99;0.2;-8.12;0.31;-8.22;0.38;-8.27;;;;;;;;
654;19.1;25.1;0.5;10;Successful;Effective;No;No;No;No;No;No;0.0;-7.99;0.2;-8.12;0.31;-8.22;0.38;-8.27;;;;;;;;
655;19.1;25.1;0.6;5;Successful;Effective;No;No;No;No;No;No;0.0;-7.99;0.2;-8.12;0.31;-8.22;0.38;-8.27;;;;;;;;
656;19.1;25.1;0.6;8;Successful;Effective;No;No;No;No;No;No;0.0;-7.99;0.2;-8.12;0.31;-8.22;0.38;-8.27;;;;;;;;
657;19.1;25.1;0.6;10;Successful;Effective;No;No;No;No;No;No;0.0;-7.99;0.2;-8.12;0.31;-8.22;0.38;-8.27;;;;;;;;
658;19.1;25.1;0.7;5;Successful;Effective;No;No;No;No;No;No;0.0;-7.99;0.2;-8.12;0.31;-8.21;0.38;-8.27;;;;;;;;
659;19.1;25.1;0.7;8;Successful;Effective;No;No;No;No;No;No;0.0;-7.99;0.2;-8.12;0.31;-8.21;0.38;-8.27;;;;;;;;
660;19.1;25.1;0.7;10;Successful;Effective;No;No;No;No;No;No;0.0;-7.99;0.2;-8.12;0.31;-8.21;0.38;-8.27;;;;;;;;
661;19.1;25.1;0.8;5;Successful;Effective;No;No;No;No;No;No;0.0;-7.99;0.2;-8.12;0.31;-8.21;0.38;-8.27;;;;;;;;
662;19.1;25.1;0.8;8;Successful;Effective;No;No;No;No;No;No;0.0;-7.99;0.2;-8.12;0.31;-8.21;0.38;-8.27;;;;;;;;
663;19.1;25.1;0.8;10;Successful;Effective;No;No;No;No;No;No;0.0;-7.99;0.2;-8.12;0.31;-8.21;0.38;-8.27;;;;;;;;
664;19.1;25.1;0.9;5;Successful;Effective;No;No;No;No;No;No;0.0;-7.99;0.2;-8.12;0.31;-8.21;0.38;-8.26;;;;;;;;
665;19.1;25.1;0.9;8;Successful;Effective;No;No;No;No;No;No;0.0;-7.99;0.2;-8.12;0.31;-8.21;0.38;-8.26;;;;;;;;
666;19.1;25.1;0.9;10;Successful;Effective;No;No;No;No;No;No;0.0;-7.99;0.2;-8.12;0.31;-8.21;0.38;-8.26;;;;;;;;
667;19.1;25.1;1.0;5;Successful;Effective;No;No;No;No;No;No;0.0;-7.99;0.2;-8.12;0.31;-8.21;0.38;-8.26;;;;;;;;
668;19.1;25.1;1.0;8;Successful;Effective;No;No;No;No;No;No;0.0;-7.99;0.2;-8.12;0.31;-8.21;0.38;-8.26;;;;;;;;
669;19.1;25.1;1.0;10;Successful;Effective;No;No;No;No;No;No;0.0;-7.99;0.2;-8.12;0.31;-8.21;0.38;-8.26;;;;;;;;
670;19.1;25.1;1.1;5;Successful;Effective;No;No;No;No;No;No;0.0;-7.99;0.2;-8.12;0.31;-8.21;0.38;-8.26;;;;;;;;
671;19.1;25.1;1.1;8;Successful;Effective;No;No;No;No;No;No;0.0;-7.99;0.2;-8.12;0.31;-8.21;0.38;-8.26;;;;;;;;
672;19.1;25.1;1.1;10;Successful;Effective;No;No;No;No;No;No;0.0;-7.99;0.2;-8.12;0.31;-8.21;0.38;-8.26;;;;;;;;
673;19.2;25.2;0.5;5;Successful;Effective;No;No;No;No;No;No;0.0;-7.99;0.2;-8.12;0.31;-8.22;0.38;-8.27;;;;;;;;
674;19.2;25.2;0.5;8;Successful;Effective;No;No;No;No;No;No;0.0;-7.99;0.2;-8.12;0.31;-8.22;0.38;-8.27;;;;;;;;
675;19.2;25.2;0.5;10;Successful;Effective;No;No;No;No;No;No;0.0;-7.99;0.2;-8.12;0.31;-8.22;0.38;-8.27;;;;;;;;
676;19.2;25.2;0.6;5;Successful;Effective;No;No;No;No;No;No;0.0;-7.99;0.2;-8.12;0.31;-8.22;0.38;-8.27;;;;;;;;
677;19.2;25.2;0.6;8;Successful;Effective;No;No;No;No;No;No;0.0;-7.99;0.2;-8.12;0.31;-8.22;0.38;-8.27;;;;;;;;
678;19.2;25.2;0.6;10;Successful;Effective;No;No;No;No;No;No;0.0;-7.99;0.2;-8.12;0.31;-8.22;0.38;-8.27;;;;;;;;
679;19.2;25.2;0.7;5;Successful;Effective;No;No;No;No;No;No;0.0;-7.99;0.2;-8.12;0.31;-8.22;0.38;-8.27;;;;;;;;
680;19.2;25.2;0.7;8;Successful;Effective;No;No;No;No;No;No;0.0;-7.99;0.2;-8.12;0.31;-8.22;0.38;-8.27;;;;;;;;
681;19.2;25.2;0.7;10;Successful;Effective;No;No;No;No;No;No;0.0;-7.99;0.2;-8.12;0.31;-8.22;0.38;-8.27;;;;;;;;
682;19.2;25.2;0.8;5;Successful;Effective;No;No;No;No;No;No;0.0;-7.99;0.2;-8.12;0.31;-8.22;0.38;-8.27;;;;;;;;
683;19.2;25.2;0.8;8;Successful;Effective;No;No;No;No;No;No;0.0;-7.99;0.2;-8.12;0.31;-8.22;0.38;-8.27;;;;;;;;
684;19.2;25.2;0.8;10;Successful;Effective;No;No;No;No;No;No;0.0;-7.99;0.2;-8.12;0.31;-8.22;0.38;-8.27;;;;;;;;
685;19.2;25.2;0.9;5;Successful;Effective;No;No;No;No;No;No;0.0;-7.99;0.2;-8.12;0.31;-8.22;0.38;-8.27;;;;;;;;
686;19.2;25.2;0.9;8;Successful;Effective;No;No;No;No;No;No;0.0;-7.99;0.2;-8.12;0.31;-8.22;0.38;-8.27;;;;;;;;
687;19.2;25.2;0.9;10;Successful;Effective;No;No;No;No;No;No;0.0;-7.99;0.2;-8.12;0.31;-8.22;0.38;-8.27;;;;;;;;
688;19.2;25.2;1.0;5;Successful;Effective;No;No;No;No;No;No;0.0;-7.99;0.2;-8.12;0.31;-8.22;0.38;-8.27;;;;;;;;
689;19.2;25.2;1.0;8;Successful;Effective;No;No;No;No;No;No;0.0;-7.99;0.2;-8.12;0.31;-8.22;0.38;-8.27;;;;;;;;
690;19.2;25.2;1.0;10;Successful;Effective;No;No;No;No;No;No;0.0;-7.99;0.2;-8.12;0.31;-8.22;0.38;-8.27;;;;;;;;
691;19.2;25.2;1.1;5;Successful;Effective;No;No;No;No;No;No;0.0;-7.99;0.2;-8.12;0.31;-8.22;0.38;-8.27;;;;;;;;
692;19.2;25.2;1.1;8;Successful;Effective;No;No;No;No;No;No;0.0;-7.99;0.2;-8.12;0.31;-8.22;0.38;-8.27;;;;;;;;
693;19.2;25.2;1.1;10;Successful;Effective;No;No;No;No;No;No;0.0;-7.99;0.2;-8.12;0.31;-8.22;0.38;-8.27;;;;;;;;
694;19.3;25.3;0.5;5;Successful;Effective;No;No;No;No;No;No;0.0;-7.99;0.2;-8.12;0.31;-8.22;0.38;-8.27;;;;;;;;
695;19.3;25.3;0.5;8;Successful;Effective;No;No;No;No;No;No;0.0;-7.99;0.2;-8.12;0.31;-8.22;0.38;-8.27;;;;;;;;
696;19.3;25.3;0.5;10;Successful;Effective;No;No;No;No;No;No;0.0;-7.99;0.2;-8.12;0.31;-8.22;0.38;-8.27;;;;;;;;
697;19.3;25.3;0.6;5;Successful;Effective;No;No;No;No;No;No;0.0;-7.99;0.2;-8.12;0.31;-8.22;0.38;-8.27;;;;;;;;
698;19.3;25.3;0.6;8;Successful;Effective;No;No;No;No;No;No;0.0;-7.99;0.2;-8.12;0.31;-8.22;0.38;-8.27;;;;;;;;
699;19.3;25.3;0.6;10;Successful;Effective;No;No;No;No;No;No;0.0;-7.99;0.2;-8.12;0.31;-8.22;0.38;-8.27;;;;;;;;
700;19.3;25.3;0.7;5;Successful;Effective;No;No;No;No;No;No;0.0;-7.99;0.2;-8.12;0.31;-8.22;0.38;-8.27;;;;;;;;
701;19.3;25.3;0.7;8;Successful;Effective;No;No;No;No;No;No;0.0;-7.99;0.2;-8.12;0.31;-8.22;0.38;-8.27;;;;;;;;
702;19.3;25.3;0.7;10;Successful;Effective;No;No;No;No;No;No;0.0;-7.99;0.2;-8.12;0.31;-8.22;0.38;-8.27;;;;;;;;
703;19.3;25.3;0.8;5;Successful;Effective;No;No;No;No;No;No;0.0;-7.99;0.2;-8.12;0.31;-8.22;0.38;-8.27;;;;;;;;
704;19.3;25.3;0.8;8;Successful;Effective;No;No;No;No;No;No;0.0;-7.99;0.2;-8.12;0.31;-8.22;0.38;-8.27;;;;;;;;
705;19.3;25.3;0.8;10;Successful;Effective;No;No;No;No;No;No;0.0;-7.99;0.2;-8.12;0.31;-8.22;0.38;-8.27;;;;;;;;
706;19.3;25.3;0.9;5;Successful;Effective;No;No;No;No;No;No;0.0;-7.99;0.2;-8.12;0.31;-8.22;0.38;-8.27;;;;;;;;
707;19.3;25.3;0.9;8;Successful;Effective;No;No;No;No;No;No;0.0;-7.99;0.2;-8.12;0.31;-8.22;0.38;-8.27;;;;;;;;
708;19.3;25.3;0.9;10;Successful;Effective;No;No;No;No;No;No;0.0;-7.99;0.2;-8.12;0.31;-8.22;0.38;-8.27;;;;;;;;
709;19.3;25.3;1.0;5;Successful;Effective;No;No;No;No;No;No;0.0;-7.99;0.2;-8.12;0.31;-8.22;0.38;-8.27;;;;;;;;
710;19.3;25.3;1.0;8;Successful;Effective;No;No;No;No;No;No;0.0;-7.99;0.2;-8.12;0.31;-8.22;0.38;-8.27;;;;;;;;
711;19.3;25.3;1.0;10;Successful;Effective;No;No;No;No;No;No;0.0;-7.99;0.2;-8.12;0.31;-8.22;0.38;-8.27;;;;;;;;
712;19.3;25.3;1.1;5;Successful;Effective;No;No;No;No;No;No;0.0;-7.99;0.2;-8.12;0.31;-8.22;0.38;-8.27;;;;;;;;
713;19.3;25.3;1.1;8;Successful;Effective;No;No;No;No;No;No;0.0;-7.99;0.2;-8.12;0.31;-8.22;0.38;-8.27;;;;;;;;
714;19.3;25.3;1.1;10;Successful;Effective;No;No;No;No;No;No;0.0;-7.99;0.2;-8.12;0.31;-8.22;0.38;-8.27;;;;;;;;
715;19.4;25.4;0.5;5;Successful;Effective;No;No;No;No;No;No;0.0;-7.99;0.2;-8.12;0.31;-8.22;0.38;-8.27;;;;;;;;
716;19.4;25.4;0.5;8;Successful;Effective;No;No;No;No;No;No;0.0;-7.99;0.2;-8.12;0.31;-8.22;0.38;-8.27;;;;;;;;
717;19.4;25.4;0.5;10;Successful;Effective;No;No;No;No;No;No;0.0;-7.99;0.2;-8.12;0.31;-8.22;0.38;-8.27;;;;;;;;
718;19.4;25.4;0.6;5;Successful;Effective;No;No;No;No;No;No;0.0;-7.99;0.2;-8.12;0.31;-8.22;0.38;-8.27;;;;;;;;
719;19.4;25.4;0.6;8;Successful;Effective;No;No;No;No;No;No;0.0;-7.99;0.2;-8.12;0.31;-8.22;0.38;-8.27;;;;;;;;
720;19.4;25.4;0.6;10;Successful;Effective;No;No;No;No;No;No;0.0;-7.99;0.2;-8.12;0.31;-8.22;0.38;-8.27;;;;;;;;
721;19.4;25.4;0.7;5;Successful;Effective;No;No;No;No;No;No;0.0;-7.99;0.2;-8.12;0.31;-8.22;0.38;-8.27;;;;;;;;
722;19.4;25.4;0.7;8;Successful;Effective;No;No;No;No;No;No;0.0;-7.99;0.2;-8.12;0.31;-8.22;0.38;-8.27;;;;;;;;
723;19.4;25.4;0.7;10;Successful;Effective;No;No;No;No;No;No;0.0;-7.99;0.2;-8.12;0.31;-8.22;0.38;-8.27;;;;;;;;
724;19.4;25.4;0.8;5;Successful;Effective;No;No;No;No;No;No;0.0;-7.99;0.2;-8.12;0.31;-8.22;0.38;-8.27;;;;;;;;
725;19.4;25.4;0.8;8;Successful;Effective;No;No;No;No;No;No;0.0;-7.99;0.2;-8.12;0.31;-8.22;0.38;-8.27;;;;;;;;
726;19.4;25.4;0.8;10;Successful;Effective;No;No;No;No;No;No;0.0;-7.99;0.2;-8.12;0.31;-8.22;0.38;-8.27;;;;;;;;
727;19.4;25.4;0.9;5;Successful;Effective;No;No;No;No;No;No;0.0;-7.99;0.2;-8.12;0.31;-8.22;0.38;-8.27;;;;;;;;
728;19.4;25.4;0.9;8;Successful;Effective;No;No;No;No;No;No;0.0;-7.99;0.2;-8.12;0.31;-8.22;0.38;-8.27;;;;;;;;
729;19.4;25.4;0.9;10;Successful;Effective;No;No;No;No;No;No;0.0;-7.99;0.2;-8.12;0.31;-8.22;0.38;-8.27;;;;;;;;
730;19.4;25.4;1.0;5;Successful;Effective;No;No;No;No;No;No;0.0;-7.99;0.2;-8.12;0.31;-8.22;0.38;-8.27;;;;;;;;
731;19.4;25.4;1.0;8;Successful;Effective;No;No;No;No;No;No;0.0;-7.99;0.2;-8.12;0.31;-8.22;0.38;-8.27;;;;;;;;
732;19.4;25.4;1.0;10;Successful;Effective;No;No;No;No;No;No;0.0;-7.99;0.2;-8.12;0.31;-8.22;0.38;-8.27;;;;;;;;
733;19.4;25.4;1.1;5;Successful;Effective;No;No;No;No;No;No;0.0;-7.99;0.2;-8.12;0.31;-8.22;0.38;-8.27;;;;;;;;
734;19.4;25.4;1.1;8;Successful;Effective;No;No;No;No;No;No;0.0;-7.99;0.2;-8.12;0.31;-8.22;0.38;-8.27;;;;;;;;
735;19.4;25.4;1.1;10;Successful;Effective;No;No;No;No;No;No;0.0;-7.99;0.2;-8.12;0.31;-8.22;0.38;-8.27;;;;;;;;
736;19.5;25.5;0.5;5;Successful;Effective;No;No;No;No;No;No;0.0;-7.99;0.2;-8.12;0.31;-8.22;0.38;-8.27;;;;;;;;
737;19.5;25.5;0.5;8;Successful;Effective;No;No;No;No;No;No;0.0;-7.99;0.2;-8.12;0.31;-8.22;0.38;-8.27;;;;;;;;
738;19.5;25.5;0.5;10;Successful;Effective;No;No;No;No;No;No;0.0;-7.99;0.2;-8.12;0.31;-8.22;0.38;-8.27;;;;;;;;
739;19.5;25.5;0.6;5;Successful;Effective;No;No;No;No;No;No;0.0;-7.99;0.2;-8.12;0.31;-8.22;0.38;-8.27;;;;;;;;
740;19.5;25.5;0.6;8;Successful;Effective;No;No;No;No;No;No;0.0;-7.99;0.2;-8.12;0.31;-8.22;0.38;-8.27;;;;;;;;
741;19.5;25.5;0.6;10;Successful;Effective;No;No;No;No;No;No;0.0;-7.99;0.2;-8.12;0.31;-8.22;0.38;-8.27;;;;;;;;
742;19.5;25.5;0.7;5;Successful;Effective;No;No;No;No;No;No;0.0;-7.99;0.2;-8.12;0.31;-8.22;0.38;-8.27;;;;;;;;
743;19.5;25.5;0.7;8;Successful;Effective;No;No;No;No;No;No;0.0;-7.99;0.2;-8.12;0.31;-8.22;0.38;-8.27;;;;;;;;
744;19.5;25.5;0.7;10;Successful;Effective;No;No;No;No;No;No;0.0;-7.99;0.2;-8.12;0.31;-8.22;0.38;-8.27;;;;;;;;
745;19.5;25.5;0.8;5;Successful;Effective;No;No;No;No;No;No;0.0;-7.99;0.2;-8.12;0.31;-8.22;0.38;-8.27;;;;;;;;
746;19.5;25.5;0.8;8;Successful;Effective;No;No;No;No;No;No;0.0;-7.99;0.2;-8.12;0.31;-8.22;0.38;-8.27;;;;;;;;
747;19.5;25.5;0.8;10;Successful;Effective;No;No;No;No;No;No;0.0;-7.99;0.2;-8.12;0.31;-8.22;0.38;-8.27;;;;;;;;
748;19.5;25.5;0.9;5;Successful;Effective;No;No;No;No;No;No;0.0;-7.99;0.2;-8.12;0.31;-8.22;0.38;-8.27;;;;;;;;
749;19.5;25.5;0.9;8;Successful;Effective;No;No;No;No;No;No;0.0;-7.99;0.2;-8.12;0.31;-8.22;0.38;-8.27;;;;;;;;
750;19.5;25.5;0.9;10;Successful;Effective;No;No;No;No;No;No;0.0;-7.99;0.2;-8.12;0.31;-8.22;0.38;-8.27;;;;;;;;
751;19.5;25.5;1.0;5;Successful;Effective;No;No;No;No;No;No;0.0;-7.99;0.2;-8.12;0.31;-8.22;0.38;-8.27;;;;;;;;
752;19.5;25.5;1.0;8;Successful;Effective;No;No;No;No;No;No;0.0;-7.99;0.2;-8.12;0.31;-8.22;0.38;-8.27;;;;;;;;
753;19.5;25.5;1.0;10;Successful;Effective;No;No;No;No;No;No;0.0;-7.99;0.2;-8.12;0.31;-8.22;0.38;-8.27;;;;;;;;
754;19.5;25.5;1.1;5;Successful;Effective;No;No;No;No;No;No;0.0;-7.99;0.2;-8.12;0.31;-8.22;0.38;-8.27;;;;;;;;
755;19.5;25.5;1.1;8;Successful;Effective;No;No;No;No;No;No;0.0;-7.99;0.2;-8.12;0.31;-8.22;0.38;-8.27;;;;;;;;
756;19.5;25.5;1.1;10;Successful;Effective;No;No;No;No;No;No;0.0;-7.99;0.2;-8.12;0.31;-8.22;0.38;-8.27;;;;;;;;
757;19.6;25.6;0.5;5;Successful;Effective;No;No;No;No;No;No;0.0;-7.99;0.2;-8.12;0.31;-8.22;0.38;-8.27;;;;;;;;
758;19.6;25.6;0.5;8;Successful;Effective;No;No;No;No;No;No;0.0;-7.99;0.2;-8.12;0.31;-8.22;0.38;-8.27;;;;;;;;
759;19.6;25.6;0.5;10;Successful;Effective;No;No;No;No;No;No;0.0;-7.99;0.2;-8.12;0.31;-8.22;0.38;-8.27;;;;;;;;
760;19.6;25.6;0.6;5;Successful;Effective;No;No;No;No;No;No;0.0;-7.99;0.2;-8.12;0.31;-8.22;0.38;-8.27;;;;;;;;
761;19.6;25.6;0.6;8;Successful;Effective;No;No;No;No;No;No;0.0;-7.99;0.2;-8.12;0.31;-8.22;0.38;-8.27;;;;;;;;
762;19.6;25.6;0.6;10;Successful;Effective;No;No;No;No;No;No;0.0;-7.99;0.2;-8.12;0.31;-8.22;0.38;-8.27;;;;;;;;
763;19.6;25.6;0.7;5;Successful;Effective;No;No;No;No;No;No;0.0;-7.99;0.2;-8.12;0.31;-8.22;0.38;-8.27;;;;;;;;
764;19.6;25.6;0.7;8;Successful;Effective;No;No;No;No;No;No;0.0;-7.99;0.2;-8.12;0.31;-8.22;0.38;-8.27;;;;;;;;
765;19.6;25.6;0.7;10;Successful;Effective;No;No;No;No;No;No;0.0;-7.99;0.2;-8.12;0.31;-8.22;0.38;-8.27;;;;;;;;
766;19.6;25.6;0.8;5;Successful;Effective;No;No;No;No;No;No;0.0;-7.99;0.2;-8.12;0.31;-8.22;0.38;-8.27;;;;;;;;
767;19.6;25.6;0.8;8;Successful;Effective;No;No;No;No;No;No;0.0;-7.99;0.2;-8.12;0.31;-8.22;0.38;-8.27;;;;;;;;
768;19.6;25.6;0.8;10;Successful;Effective;No;No;No;No;No;No;0.0;-7.99;0.2;-8.12;0.31;-8.22;0.38;-8.27;;;;;;;;
769;19.6;25.6;0.9;5;Successful;Effective;No;No;No;No;No;No;0.0;-7.99;0.2;-8.12;0.31;-8.22;0.38;-8.27;;;;;;;;
770;19.6;25.6;0.9;8;Successful;Effective;No;No;No;No;No;No;0.0;-7.99;0.2;-8.12;0.31;-8.22;0.38;-8.27;;;;;;;;
771;19.6;25.6;0.9;10;Successful;Effective;No;No;No;No;No;No;0.0;-7.99;0.2;-8.12;0.31;-8.22;0.38;-8.27;;;;;;;;
772;19.6;25.6;1.0;5;Successful;Effective;No;No;No;No;No;No;0.0;-7.99;0.2;-8.12;0.31;-8.22;0.38;-8.27;;;;;;;;
773;19.6;25.6;1.0;8;Successful;Effective;No;No;No;No;No;No;0.0;-7.99;0.2;-8.12;0.31;-8.22;0.38;-8.27;;;;;;;;
774;19.6;25.6;1.0;10;Successful;Effective;No;No;No;No;No;No;0.0;-7.99;0.2;-8.12;0.31;-8.22;0.38;-8.27;;;;;;;;
775;19.6;25.6;1.1;5;Successful;Effective;No;No;No;No;No;No;0.0;-7.99;0.2;-8.12;0.31;-8.22;0.38;-8.27;;;;;;;;
776;19.6;25.6;1.1;8;Successful;Effective;No;No;No;No;No;No;0.0;-7.99;0.2;-8.12;0.31;-8.22;0.38;-8.27;;;;;;;;
777;19.6;25.6;1.1;10;Successful;Effective;No;No;No;No;No;No;0.0;-7.99;0.2;-8.12;0.31;-8.22;0.38;-8.27;;;;;;;;
778;19.7;25.7;0.5;5;Successful;Effective;No;No;No;No;No;No;0.0;-7.99;0.2;-8.13;0.31;-8.22;0.38;-8.27;;;;;;;;
779;19.7;25.7;0.5;8;Successful;Effective;No;No;No;No;No;No;0.0;-7.99;0.2;-8.13;0.31;-8.22;0.38;-8.27;;;;;;;;
780;19.7;25.7;0.5;10;Successful;Effective;No;No;No;No;No;No;0.0;-7.99;0.2;-8.13;0.31;-8.22;0.38;-8.27;;;;;;;;
781;19.7;25.7;0.6;5;Successful;Effective;No;No;No;No;No;No;0.0;-7.99;0.2;-8.13;0.31;-8.22;0.38;-8.27;;;;;;;;
782;19.7;25.7;0.6;8;Successful;Effective;No;No;No;No;No;No;0.0;-7.99;0.2;-8.13;0.31;-8.22;0.38;-8.27;;;;;;;;
783;19.7;25.7;0.6;10;Successful;Effective;No;No;No;No;No;No;0.0;-7.99;0.2;-8.13;0.31;-8.22;0.38;-8.27;;;;;;;;
784;19.7;25.7;0.7;5;Successful;Effective;No;No;No;No;No;No;0.0;-7.99;0.2;-8.13;0.31;-8.22;0.38;-8.27;;;;;;;;
785;19.7;25.7;0.7;8;Successful;Effective;No;No;No;No;No;No;0.0;-7.99;0.2;-8.13;0.31;-8.22;0.38;-8.27;;;;;;;;
786;19.7;25.7;0.7;10;Successful;Effective;No;No;No;No;No;No;0.0;-7.99;0.2;-8.13;0.31;-8.22;0.38;-8.27;;;;;;;;
787;19.7;25.7;0.8;5;Successful;Effective;No;No;No;No;No;No;0.0;-7.99;0.2;-8.13;0.31;-8.22;0.38;-8.27;;;;;;;;
788;19.7;25.7;0.8;8;Successful;Effective;No;No;No;No;No;No;0.0;-7.99;0.2;-8.13;0.31;-8.22;0.38;-8.27;;;;;;;;
789;19.7;25.7;0.8;10;Successful;Effective;No;No;No;No;No;No;0.0;-7.99;0.2;-8.13;0.31;-8.22;0.38;-8.27;;;;;;;;
790;19.7;25.7;0.9;5;Successful;Effective;No;No;No;No;No;No;0.0;-7.99;0.2;-8.13;0.31;-8.22;0.38;-8.27;;;;;;;;
791;19.7;25.7;0.9;8;Successful;Effective;No;No;No;No;No;No;0.0;-7.99;0.2;-8.13;0.31;-8.22;0.38;-8.27;;;;;;;;
792;19.7;25.7;0.9;10;Successful;Effective;No;No;No;No;No;No;0.0;-7.99;0.2;-8.13;0.31;-8.22;0.38;-8.27;;;;;;;;
793;19.7;25.7;1.0;5;Successful;Effective;No;No;No;No;No;No;0.0;-7.99;0.2;-8.13;0.31;-8.22;0.38;-8.27;;;;;;;;
794;19.7;25.7;1.0;8;Successful;Effective;No;No;No;No;No;No;0.0;-7.99;0.2;-8.13;0.31;-8.22;0.38;-8.27;;;;;;;;
795;19.7;25.7;1.0;10;Successful;Effective;No;No;No;No;No;No;0.0;-7.99;0.2;-8.13;0.31;-8.22;0.38;-8.27;;;;;;;;
796;19.7;25.7;1.1;5;Successful;Effective;No;No;No;No;No;No;0.0;-7.99;0.2;-8.13;0.31;-8.22;0.38;-8.27;;;;;;;;
797;19.7;25.7;1.1;8;Successful;Effective;No;No;No;No;No;No;0.0;-7.99;0.2;-8.13;0.31;-8.22;0.38;-8.27;;;;;;;;
798;19.7;25.7;1.1;10;Successful;Effective;No;No;No;No;No;No;0.0;-7.99;0.2;-8.13;0.31;-8.22;0.38;-8.27;;;;;;;;
799;19.8;25.8;0.5;5;Successful;Effective;No;No;No;No;No;No;0.0;-7.99;0.2;-8.13;0.31;-8.21;0.38;-8.27;;;;;;;;
800;19.8;25.8;0.5;8;Successful;Effective;No;No;No;No;No;No;0.0;-7.99;0.2;-8.13;0.31;-8.21;0.38;-8.27;;;;;;;;
801;19.8;25.8;0.5;10;Successful;Effective;No;No;No;No;No;No;0.0;-7.99;0.2;-8.13;0.31;-8.21;0.38;-8.27;;;;;;;;
802;19.8;25.8;0.6;5;Successful;Effective;No;No;No;No;No;No;0.0;-7.99;0.2;-8.13;0.31;-8.21;0.38;-8.27;;;;;;;;
803;19.8;25.8;0.6;8;Successful;Effective;No;No;No;No;No;No;0.0;-7.99;0.2;-8.13;0.31;-8.21;0.38;-8.27;;;;;;;;
804;19.8;25.8;0.6;10;Successful;Effective;No;No;No;No;No;No;0.0;-7.99;0.2;-8.13;0.31;-8.21;0.38;-8.27;;;;;;;;
805;19.8;25.8;0.7;5;Successful;Effective;No;No;No;No;No;No;0.0;-7.99;0.2;-8.13;0.31;-8.21;0.38;-8.27;;;;;;;;
806;19.8;25.8;0.7;8;Successful;Effective;No;No;No;No;No;No;0.0;-7.99;0.2;-8.13;0.31;-8.21;0.38;-8.27;;;;;;;;
807;19.8;25.8;0.7;10;Successful;Effective;No;No;No;No;No;No;0.0;-7.99;0.2;-8.13;0.31;-8.21;0.38;-8.27;;;;;;;;
808;19.8;25.8;0.8;5;Successful;Effective;No;No;No;No;No;No;0.0;-7.99;0.2;-8.13;0.31;-8.21;0.38;-8.27;;;;;;;;
809;19.8;25.8;0.8;8;Successful;Effective;No;No;No;No;No;No;0.0;-7.99;0.2;-8.13;0.31;-8.21;0.38;-8.27;;;;;;;;
810;19.8;25.8;0.8;10;Successful;Effective;No;No;No;No;No;No;0.0;-7.99;0.2;-8.13;0.31;-8.21;0.38;-8.27;;;;;;;;
811;19.8;25.8;0.9;5;Successful;Effective;No;No;No;No;No;No;0.0;-7.99;0.2;-8.13;0.31;-8.21;0.38;-8.27;;;;;;;;
812;19.8;25.8;0.9;8;Successful;Effective;No;No;No;No;No;No;0.0;-7.99;0.2;-8.13;0.31;-8.21;0.38;-8.27;;;;;;;;
813;19.8;25.8;0.9;10;Successful;Effective;No;No;No;No;No;No;0.0;-7.99;0.2;-8.13;0.31;-8.21;0.38;-8.27;;;;;;;;
814;19.8;25.8;1.0;5;Successful;Effective;No;No;No;No;No;No;0.0;-7.99;0.2;-8.13;0.31;-8.21;0.38;-8.27;;;;;;;;
815;19.8;25.8;1.0;8;Successful;Effective;No;No;No;No;No;No;0.0;-7.99;0.2;-8.13;0.31;-8.21;0.38;-8.27;;;;;;;;
816;19.8;25.8;1.0;10;Successful;Effective;No;No;No;No;No;No;0.0;-7.99;0.2;-8.13;0.31;-8.21;0.38;-8.27;;;;;;;;
817;19.8;25.8;1.1;5;Successful;Effective;No;No;No;No;No;No;0.0;-7.99;0.2;-8.13;0.31;-8.21;0.38;-8.27;;;;;;;;
818;19.8;25.8;1.1;8;Successful;Effective;No;No;No;No;No;No;0.0;-7.99;0.2;-8.13;0.31;-8.21;0.38;-8.27;;;;;;;;
819;19.8;25.8;1.1;10;Successful;Effective;No;No;No;No;No;No;0.0;-7.99;0.2;-8.13;0.31;-8.21;0.38;-8.27;;;;;;;;
820;19.9;25.9;0.5;5;Successful;Effective;No;No;No;No;No;No;0.0;-7.99;0.2;-8.13;0.31;-8.21;0.38;-8.26;;;;;;;;
821;19.9;25.9;0.5;8;Successful;Effective;No;No;No;No;No;No;0.0;-7.99;0.2;-8.13;0.31;-8.21;0.38;-8.26;;;;;;;;
822;19.9;25.9;0.5;10;Successful;Effective;No;No;No;No;No;No;0.0;-7.99;0.2;-8.13;0.31;-8.21;0.38;-8.26;;;;;;;;
823;19.9;25.9;0.6;5;Successful;Effective;No;No;No;No;No;No;0.0;-7.99;0.2;-8.13;0.31;-8.21;0.38;-8.26;;;;;;;;
824;19.9;25.9;0.6;8;Successful;Effective;No;No;No;No;No;No;0.0;-7.99;0.2;-8.13;0.31;-8.21;0.38;-8.26;;;;;;;;
825;19.9;25.9;0.6;10;Successful;Effective;No;No;No;No;No;No;0.0;-7.99;0.2;-8.13;0.31;-8.21;0.38;-8.26;;;;;;;;
826;19.9;25.9;0.7;5;Successful;Effective;No;No;No;No;No;No;0.0;-7.99;0.2;-8.13;0.31;-8.21;0.38;-8.26;;;;;;;;
827;19.9;25.9;0.7;8;Successful;Effective;No;No;No;No;No;No;0.0;-7.99;0.2;-8.13;0.31;-8.21;0.38;-8.26;;;;;;;;
828;19.9;25.9;0.7;10;Successful;Effective;No;No;No;No;No;No;0.0;-7.99;0.2;-8.13;0.31;-8.21;0.38;-8.26;;;;;;;;
829;19.9;25.9;0.8;5;Successful;Effective;No;No;No;No;No;No;0.0;-7.99;0.2;-8.13;0.31;-8.21;0.38;-8.26;;;;;;;;
830;19.9;25.9;0.8;8;Successful;Effective;No;No;No;No;No;No;0.0;-7.99;0.2;-8.13;0.31;-8.21;0.38;-8.26;;;;;;;;
831;19.9;25.9;0.8;10;Successful;Effective;No;No;No;No;No;No;0.0;-7.99;0.2;-8.13;0.31;-8.21;0.38;-8.26;;;;;;;;
832;19.9;25.9;0.9;5;Successful;Effective;No;No;No;No;No;No;0.0;-7.99;0.2;-8.13;0.31;-8.21;0.38;-8.26;;;;;;;;
833;19.9;25.9;0.9;8;Successful;Effective;No;No;No;No;No;No;0.0;-7.99;0.2;-8.13;0.31;-8.21;0.38;-8.26;;;;;;;;
834;19.9;25.9;0.9;10;Successful;Effective;No;No;No;No;No;No;0.0;-7.99;0.2;-8.13;0.31;-8.21;0.38;-8.26;;;;;;;;
835;19.9;25.9;1.0;5;Successful;Effective;No;No;No;No;No;No;0.0;-7.99;0.2;-8.13;0.31;-8.21;0.38;-8.26;;;;;;;;
836;19.9;25.9;1.0;8;Successful;Effective;No;No;No;No;No;No;0.0;-7.99;0.2;-8.13;0.31;-8.21;0.38;-8.26;;;;;;;;
837;19.9;25.9;1.0;10;Successful;Effective;No;No;No;No;No;No;0.0;-7.99;0.2;-8.13;0.31;-8.21;0.38;-8.26;;;;;;;;
838;19.9;25.9;1.1;5;Successful;Effective;No;No;No;No;No;No;0.0;-7.99;0.2;-8.13;0.31;-8.21;0.38;-8.26;;;;;;;;
839;19.9;25.9;1.1;8;Successful;Effective;No;No;No;No;No;No;0.0;-7.99;0.2;-8.13;0.31;-8.21;0.38;-8.26;;;;;;;;
840;19.9;25.9;1.1;10;Successful;Effective;No;No;No;No;No;No;0.0;-7.99;0.2;-8.13;0.31;-8.21;0.38;-8.26;;;;;;;;
841;20.0;26.0;0.5;5;Successful;Effective;No;No;No;No;No;No;0.0;-7.99;0.2;-8.13;0.31;-8.21;0.38;-8.26;;;;;;;;
842;20.0;26.0;0.5;8;Successful;Effective;No;No;No;No;No;No;0.0;-7.99;0.2;-8.13;0.31;-8.21;0.38;-8.26;;;;;;;;
843;20.0;26.0;0.5;10;Successful;Effective;No;No;No;No;No;No;0.0;-7.99;0.2;-8.13;0.31;-8.21;0.38;-8.26;;;;;;;;
844;20.0;26.0;0.6;5;Successful;Effective;No;No;No;No;No;No;0.0;-7.99;0.2;-8.13;0.31;-8.21;0.38;-8.26;;;;;;;;
845;20.0;26.0;0.6;8;Successful;Effective;No;No;No;No;No;No;0.0;-7.99;0.2;-8.13;0.31;-8.21;0.38;-8.26;;;;;;;;
846;20.0;26.0;0.6;10;Successful;Effective;No;No;No;No;No;No;0.0;-7.99;0.2;-8.13;0.31;-8.21;0.38;-8.26;;;;;;;;
847;20.0;26.0;0.7;5;Successful;Effective;No;No;No;No;No;No;0.0;-7.99;0.2;-8.13;0.31;-8.21;0.38;-8.26;;;;;;;;
848;20.0;26.0;0.7;8;Successful;Effective;No;No;No;No;No;No;0.0;-7.99;0.2;-8.13;0.31;-8.21;0.38;-8.26;;;;;;;;
849;20.0;26.0;0.7;10;Successful;Effective;No;No;No;No;No;No;0.0;-7.99;0.2;-8.13;0.31;-8.21;0.38;-8.26;;;;;;;;
850;20.0;26.0;0.8;5;Successful;Effective;No;No;No;No;No;No;0.0;-7.99;0.2;-8.13;0.31;-8.21;0.38;-8.26;;;;;;;;
851;20.0;26.0;0.8;8;Successful;Effective;No;No;No;No;No;No;0.0;-7.99;0.2;-8.13;0.31;-8.21;0.38;-8.26;;;;;;;;
852;20.0;26.0;0.8;10;Successful;Effective;No;No;No;No;No;No;0.0;-7.99;0.2;-8.13;0.31;-8.21;0.38;-8.26;;;;;;;;
853;20.0;26.0;0.9;5;Successful;Effective;No;No;No;No;No;No;0.0;-7.99;0.2;-8.13;0.31;-8.21;0.38;-8.26;;;;;;;;
854;20.0;26.0;0.9;8;Successful;Effective;No;No;No;No;No;No;0.0;-7.99;0.2;-8.13;0.31;-8.21;0.38;-8.26;;;;;;;;
855;20.0;26.0;0.9;10;Successful;Effective;No;No;No;No;No;No;0.0;-7.99;0.2;-8.13;0.31;-8.21;0.38;-8.26;;;;;;;;
856;20.0;26.0;1.0;5;Successful;Effective;No;No;No;No;No;No;0.0;-7.99;0.2;-8.13;0.31;-8.21;0.38;-8.26;;;;;;;;
857;20.0;26.0;1.0;8;Successful;Effective;No;No;No;No;No;No;0.0;-7.99;0.2;-8.13;0.31;-8.21;0.38;-8.26;;;;;;;;
858;20.0;26.0;1.0;10;Successful;Effective;No;No;No;No;No;No;0.0;-7.99;0.2;-8.13;0.31;-8.21;0.38;-8.26;;;;;;;;
859;20.0;26.0;1.1;5;Successful;Effective;No;No;No;No;No;No;0.0;-7.99;0.2;-8.13;0.31;-8.21;0.38;-8.26;;;;;;;;
860;20.0;26.0;1.1;8;Successful;Effective;No;No;No;No;No;No;0.0;-7.99;0.2;-8.13;0.31;-8.21;0.38;-8.26;;;;;;;;
861;20.0;26.0;1.1;10;Successful;Effective;No;No;No;No;No;No;0.0;-7.99;0.2;-8.13;0.31;-8.21;0.38;-8.26;;;;;;;;
862;20.1;26.1;0.5;5;Successful;Effective;No;No;No;No;No;No;0.0;-7.99;0.2;-8.13;0.31;-8.21;0.38;-8.26;;;;;;;;
863;20.1;26.1;0.5;8;Successful;Effective;No;No;No;No;No;No;0.0;-7.99;0.2;-8.13;0.31;-8.21;0.38;-8.26;;;;;;;;
864;20.1;26.1;0.5;10;Successful;Effective;No;No;No;No;No;No;0.0;-7.99;0.2;-8.13;0.31;-8.21;0.38;-8.26;;;;;;;;
865;20.1;26.1;0.6;5;Successful;Effective;No;No;No;No;No;No;0.0;-7.99;0.2;-8.13;0.31;-8.21;0.38;-8.26;;;;;;;;
866;20.1;26.1;0.6;8;Successful;Effective;No;No;No;No;No;No;0.0;-7.99;0.2;-8.13;0.31;-8.21;0.38;-8.26;;;;;;;;
867;20.1;26.1;0.6;10;Successful;Effective;No;No;No;No;No;No;0.0;-7.99;0.2;-8.13;0.31;-8.21;0.38;-8.26;;;;;;;;
868;20.1;26.1;0.7;5;Successful;Effective;No;No;No;No;No;No;0.0;-7.99;0.2;-8.13;0.31;-8.21;0.38;-8.26;;;;;;;;
869;20.1;26.1;0.7;8;Successful;Effective;No;No;No;No;No;No;0.0;-7.99;0.2;-8.13;0.31;-8.21;0.38;-8.26;;;;;;;;
870;20.1;26.1;0.7;10;Successful;Effective;No;No;No;No;No;No;0.0;-7.99;0.2;-8.13;0.31;-8.21;0.38;-8.26;;;;;;;;
871;20.1;26.1;0.8;5;Successful;Effective;No;No;No;No;No;No;0.0;-7.99;0.2;-8.13;0.31;-8.21;0.38;-8.26;;;;;;;;
872;20.1;26.1;0.8;8;Successful;Effective;No;No;No;No;No;No;0.0;-7.99;0.2;-8.13;0.31;-8.21;0.38;-8.26;;;;;;;;
873;20.1;26.1;0.8;10;Successful;Effective;No;No;No;No;No;No;0.0;-7.99;0.2;-8.13;0.31;-8.21;0.38;-8.26;;;;;;;;
874;20.1;26.1;0.9;5;Successful;Effective;No;No;No;No;No;No;0.0;-7.99;0.2;-8.13;0.31;-8.21;0.38;-8.26;;;;;;;;
875;20.1;26.1;0.9;8;Successful;Effective;No;No;No;No;No;No;0.0;-7.99;0.2;-8.13;0.31;-8.21;0.38;-8.26;;;;;;;;
876;20.1;26.1;0.9;10;Successful;Effective;No;No;No;No;No;No;0.0;-7.99;0.2;-8.13;0.31;-8.21;0.38;-8.26;;;;;;;;
877;20.1;26.1;1.0;5;Successful;Effective;No;No;No;No;No;No;0.0;-7.99;0.2;-8.13;0.31;-8.21;0.38;-8.26;;;;;;;;
878;20.1;26.1;1.0;8;Successful;Effective;No;No;No;No;No;No;0.0;-7.99;0.2;-8.13;0.31;-8.21;0.38;-8.26;;;;;;;;
879;20.1;26.1;1.0;10;Successful;Effective;No;No;No;No;No;No;0.0;-7.99;0.2;-8.13;0.31;-8.21;0.38;-8.26;;;;;;;;
880;20.1;26.1;1.1;5;Successful;Effective;No;No;No;No;No;No;0.0;-7.99;0.2;-8.13;0.31;-8.21;0.38;-8.26;;;;;;;;
881;20.1;26.1;1.1;8;Successful;Effective;No;No;No;No;No;No;0.0;-7.99;0.2;-8.13;0.31;-8.21;0.38;-8.26;;;;;;;;
882;20.1;26.1;1.1;10;Successful;Effective;No;No;No;No;No;No;0.0;-7.99;0.2;-8.13;0.31;-8.21;0.38;-8.26;;;;;;;;
883;20.2;26.2;0.5;5;Successful;Effective;No;No;No;No;No;No;0.0;-7.99;0.2;-8.13;0.31;-8.21;0.38;-8.26;;;;;;;;
884;20.2;26.2;0.5;8;Successful;Effective;No;No;No;No;No;No;0.0;-7.99;0.2;-8.13;0.31;-8.21;0.38;-8.26;;;;;;;;
885;20.2;26.2;0.5;10;Successful;Effective;No;No;No;No;No;No;0.0;-7.99;0.2;-8.13;0.31;-8.21;0.38;-8.26;;;;;;;;
886;20.2;26.2;0.6;5;Successful;Effective;No;No;No;No;No;No;0.0;-7.99;0.2;-8.13;0.31;-8.21;0.38;-8.26;;;;;;;;
887;20.2;26.2;0.6;8;Successful;Effective;No;No;No;No;No;No;0.0;-7.99;0.2;-8.13;0.31;-8.21;0.38;-8.26;;;;;;;;
888;20.2;26.2;0.6;10;Successful;Effective;No;No;No;No;No;No;0.0;-7.99;0.2;-8.13;0.31;-8.21;0.38;-8.26;;;;;;;;
889;20.2;26.2;0.7;5;Successful;Effective;No;No;No;No;No;No;0.0;-7.99;0.2;-8.13;0.31;-8.21;0.38;-8.26;;;;;;;;
890;20.2;26.2;0.7;8;Successful;Effective;No;No;No;No;No;No;0.0;-7.99;0.2;-8.13;0.31;-8.21;0.38;-8.26;;;;;;;;
891;20.2;26.2;0.7;10;Successful;Effective;No;No;No;No;No;No;0.0;-7.99;0.2;-8.13;0.31;-8.21;0.38;-8.26;;;;;;;;
892;20.2;26.2;0.8;5;Successful;Effective;No;No;No;No;No;No;0.0;-7.99;0.2;-8.13;0.31;-8.21;0.38;-8.26;;;;;;;;
893;20.2;26.2;0.8;8;Successful;Effective;No;No;No;No;No;No;0.0;-7.99;0.2;-8.13;0.31;-8.21;0.38;-8.26;;;;;;;;
894;20.2;26.2;0.8;10;Successful;Effective;No;No;No;No;No;No;0.0;-7.99;0.2;-8.13;0.31;-8.21;0.38;-8.26;;;;;;;;
895;20.2;26.2;0.9;5;Successful;Effective;No;No;No;No;No;No;0.0;-7.99;0.2;-8.13;0.31;-8.21;0.38;-8.26;;;;;;;;
896;20.2;26.2;0.9;8;Successful;Effective;No;No;No;No;No;No;0.0;-7.99;0.2;-8.13;0.31;-8.21;0.38;-8.26;;;;;;;;
897;20.2;26.2;0.9;10;Successful;Effective;No;No;No;No;No;No;0.0;-7.99;0.2;-8.13;0.31;-8.21;0.38;-8.26;;;;;;;;
898;20.2;26.2;1.0;5;Successful;Effective;No;No;No;No;No;No;0.0;-7.99;0.2;-8.13;0.31;-8.21;0.38;-8.26;;;;;;;;
899;20.2;26.2;1.0;8;Successful;Effective;No;No;No;No;No;No;0.0;-7.99;0.2;-8.13;0.31;-8.21;0.38;-8.26;;;;;;;;
900;20.2;26.2;1.0;10;Successful;Effective;No;No;No;No;No;No;0.0;-7.99;0.2;-8.13;0.31;-8.21;0.38;-8.26;;;;;;;;
901;20.2;26.2;1.1;5;Successful;Effective;No;No;No;No;No;No;0.0;-7.99;0.2;-8.13;0.31;-8.21;0.38;-8.26;;;;;;;;
902;20.2;26.2;1.1;8;Successful;Effective;No;No;No;No;No;No;0.0;-7.99;0.2;-8.13;0.31;-8.21;0.38;-8.26;;;;;;;;
903;20.2;26.2;1.1;10;Successful;Effective;No;No;No;No;No;No;0.0;-7.99;0.2;-8.13;0.31;-8.21;0.38;-8.26;;;;;;;;
904;20.3;26.3;0.5;5;Successful;Effective;No;No;No;No;No;No;0.0;-7.99;0.2;-8.13;0.31;-8.21;0.38;-8.26;;;;;;;;
905;20.3;26.3;0.5;8;Successful;Effective;No;No;No;No;No;No;0.0;-7.99;0.2;-8.13;0.31;-8.21;0.38;-8.26;;;;;;;;
906;20.3;26.3;0.5;10;Successful;Effective;No;No;No;No;No;No;0.0;-7.99;0.2;-8.13;0.31;-8.21;0.38;-8.26;;;;;;;;
907;20.3;26.3;0.6;5;Successful;Effective;No;No;No;No;No;No;0.0;-7.99;0.2;-8.13;0.31;-8.21;0.38;-8.26;;;;;;;;
908;20.3;26.3;0.6;8;Successful;Effective;No;No;No;No;No;No;0.0;-7.99;0.2;-8.13;0.31;-8.21;0.38;-8.26;;;;;;;;
909;20.3;26.3;0.6;10;Successful;Effective;No;No;No;No;No;No;0.0;-7.99;0.2;-8.13;0.31;-8.21;0.38;-8.26;;;;;;;;
910;20.3;26.3;0.7;5;Successful;Effective;No;No;No;No;No;No;0.0;-7.99;0.2;-8.13;0.31;-8.21;0.38;-8.26;;;;;;;;
911;20.3;26.3;0.7;8;Successful;Effective;No;No;No;No;No;No;0.0;-7.99;0.2;-8.13;0.31;-8.21;0.38;-8.26;;;;;;;;
912;20.3;26.3;0.7;10;Successful;Effective;No;No;No;No;No;No;0.0;-7.99;0.2;-8.13;0.31;-8.21;0.38;-8.26;;;;;;;;
913;20.3;26.3;0.8;5;Successful;Effective;No;No;No;No;No;No;0.0;-7.99;0.2;-8.13;0.31;-8.21;0.38;-8.26;;;;;;;;
914;20.3;26.3;0.8;8;Successful;Effective;No;No;No;No;No;No;0.0;-7.99;0.2;-8.13;0.31;-8.21;0.38;-8.26;;;;;;;;
915;20.3;26.3;0.8;10;Successful;Effective;No;No;No;No;No;No;0.0;-7.99;0.2;-8.13;0.31;-8.21;0.38;-8.26;;;;;;;;
916;20.3;26.3;0.9;5;Successful;Effective;No;No;No;No;No;No;0.0;-7.99;0.2;-8.13;0.31;-8.21;0.38;-8.26;;;;;;;;
917;20.3;26.3;0.9;8;Successful;Effective;No;No;No;No;No;No;0.0;-7.99;0.2;-8.13;0.31;-8.21;0.38;-8.26;;;;;;;;
918;20.3;26.3;0.9;10;Successful;Effective;No;No;No;No;No;No;0.0;-7.99;0.2;-8.13;0.31;-8.21;0.38;-8.26;;;;;;;;
919;20.3;26.3;1.0;5;Successful;Effective;No;No;No;No;No;No;0.0;-7.99;0.2;-8.13;0.31;-8.21;0.38;-8.26;;;;;;;;
920;20.3;26.3;1.0;8;Successful;Effective;No;No;No;No;No;No;0.0;-7.99;0.2;-8.13;0.31;-8.21;0.38;-8.26;;;;;;;;
921;20.3;26.3;1.0;10;Successful;Effective;No;No;No;No;No;No;0.0;-7.99;0.2;-8.13;0.31;-8.21;0.38;-8.26;;;;;;;;
922;20.3;26.3;1.1;5;Successful;Effective;No;No;No;No;No;No;0.0;-7.99;0.2;-8.13;0.31;-8.21;0.38;-8.26;;;;;;;;
923;20.3;26.3;1.1;8;Successful;Effective;No;No;No;No;No;No;0.0;-7.99;0.2;-8.13;0.31;-8.21;0.38;-8.26;;;;;;;;
924;20.3;26.3;1.1;10;Successful;Effective;No;No;No;No;No;No;0.0;-7.99;0.2;-8.13;0.31;-8.21;0.38;-8.26;;;;;;;;
925;20.4;26.4;0.5;5;Successful;Effective;No;No;No;No;No;No;0.0;-7.99;0.2;-8.13;0.31;-8.21;0.38;-8.26;;;;;;;;
926;20.4;26.4;0.5;8;Successful;Effective;No;No;No;No;No;No;0.0;-7.99;0.2;-8.13;0.31;-8.21;0.38;-8.26;;;;;;;;
927;20.4;26.4;0.5;10;Successful;Effective;No;No;No;No;No;No;0.0;-7.99;0.2;-8.13;0.31;-8.21;0.38;-8.26;;;;;;;;
928;20.4;26.4;0.6;5;Successful;Effective;No;No;No;No;No;No;0.0;-7.99;0.2;-8.13;0.31;-8.21;0.38;-8.26;;;;;;;;
929;20.4;26.4;0.6;8;Successful;Effective;No;No;No;No;No;No;0.0;-7.99;0.2;-8.13;0.31;-8.21;0.38;-8.26;;;;;;;;
930;20.4;26.4;0.6;10;Successful;Effective;No;No;No;No;No;No;0.0;-7.99;0.2;-8.13;0.31;-8.21;0.38;-8.26;;;;;;;;
931;20.4;26.4;0.7;5;Successful;Effective;No;No;No;No;No;No;0.0;-7.99;0.2;-8.13;0.31;-8.21;0.38;-8.26;;;;;;;;
932;20.4;26.4;0.7;8;Successful;Effective;No;No;No;No;No;No;0.0;-7.99;0.2;-8.13;0.31;-8.21;0.38;-8.26;;;;;;;;
933;20.4;26.4;0.7;10;Successful;Effective;No;No;No;No;No;No;0.0;-7.99;0.2;-8.13;0.31;-8.21;0.38;-8.26;;;;;;;;
934;20.4;26.4;0.8;5;Successful;Effective;No;No;No;No;No;No;0.0;-7.99;0.2;-8.13;0.31;-8.21;0.38;-8.26;;;;;;;;
935;20.4;26.4;0.8;8;Successful;Effective;No;No;No;No;No;No;0.0;-7.99;0.2;-8.13;0.31;-8.21;0.38;-8.26;;;;;;;;
936;20.4;26.4;0.8;10;Successful;Effective;No;No;No;No;No;No;0.0;-7.99;0.2;-8.13;0.31;-8.21;0.38;-8.26;;;;;;;;
937;20.4;26.4;0.9;5;Successful;Effective;No;No;No;No;No;No;0.0;-7.99;0.2;-8.13;0.31;-8.21;0.38;-8.26;;;;;;;;
938;20.4;26.4;0.9;8;Successful;Effective;No;No;No;No;No;No;0.0;-7.99;0.2;-8.13;0.31;-8.21;0.38;-8.26;;;;;;;;
939;20.4;26.4;0.9;10;Successful;Effective;No;No;No;No;No;No;0.0;-7.99;0.2;-8.13;0.31;-8.21;0.38;-8.26;;;;;;;;
940;20.4;26.4;1.0;5;Successful;Effective;No;No;No;No;No;No;0.0;-7.99;0.2;-8.13;0.31;-8.21;0.38;-8.26;;;;;;;;
941;20.4;26.4;1.0;8;Successful;Effective;No;No;No;No;No;No;0.0;-7.99;0.2;-8.13;0.31;-8.21;0.38;-8.26;;;;;;;;
942;20.4;26.4;1.0;10;Successful;Effective;No;No;No;No;No;No;0.0;-7.99;0.2;-8.13;0.31;-8.21;0.38;-8.26;;;;;;;;
943;20.4;26.4;1.1;5;Successful;Effective;No;No;No;No;No;No;0.0;-7.99;0.2;-8.13;0.31;-8.21;0.38;-8.26;;;;;;;;
944;20.4;26.4;1.1;8;Successful;Effective;No;No;No;No;No;No;0.0;-7.99;0.2;-8.13;0.31;-8.21;0.38;-8.26;;;;;;;;
945;20.4;26.4;1.1;10;Successful;Effective;No;No;No;No;No;No;0.0;-7.99;0.2;-8.13;0.31;-8.21;0.38;-8.26;;;;;;;;
946;20.5;26.5;0.5;5;Successful;Effective;No;No;No;No;No;No;0.0;-7.99;0.2;-8.13;0.31;-8.21;0.38;-8.26;;;;;;;;
947;20.5;26.5;0.5;8;Successful;Effective;No;No;No;No;No;No;0.0;-7.99;0.2;-8.13;0.31;-8.21;0.38;-8.26;;;;;;;;
948;20.5;26.5;0.5;10;Successful;Effective;No;No;No;No;No;No;0.0;-7.99;0.2;-8.13;0.31;-8.21;0.38;-8.26;;;;;;;;
949;20.5;26.5;0.6;5;Successful;Effective;No;No;No;No;No;No;0.0;-7.99;0.2;-8.13;0.31;-8.21;0.38;-8.26;;;;;;;;
950;20.5;26.5;0.6;8;Successful;Effective;No;No;No;No;No;No;0.0;-7.99;0.2;-8.13;0.31;-8.21;0.38;-8.26;;;;;;;;
951;20.5;26.5;0.6;10;Successful;Effective;No;No;No;No;No;No;0.0;-7.99;0.2;-8.13;0.31;-8.21;0.38;-8.26;;;;;;;;
952;20.5;26.5;0.7;5;Successful;Effective;No;No;No;No;No;No;0.0;-7.99;0.2;-8.13;0.31;-8.21;0.38;-8.26;;;;;;;;
953;20.5;26.5;0.7;8;Successful;Effective;No;No;No;No;No;No;0.0;-7.99;0.2;-8.13;0.31;-8.21;0.38;-8.26;;;;;;;;
954;20.5;26.5;0.7;10;Successful;Effective;No;No;No;No;No;No;0.0;-7.99;0.2;-8.13;0.31;-8.21;0.38;-8.26;;;;;;;;
955;20.5;26.5;0.8;5;Successful;Effective;No;No;No;No;No;No;0.0;-7.99;0.2;-8.13;0.31;-8.21;0.38;-8.26;;;;;;;;
956;20.5;26.5;0.8;8;Successful;Effective;No;No;No;No;No;No;0.0;-7.99;0.2;-8.13;0.31;-8.21;0.38;-8.26;;;;;;;;
957;20.5;26.5;0.8;10;Successful;Effective;No;No;No;No;No;No;0.0;-7.99;0.2;-8.13;0.31;-8.21;0.38;-8.26;;;;;;;;
958;20.5;26.5;0.9;5;Successful;Effective;No;No;No;No;No;No;0.0;-7.99;0.2;-8.13;0.31;-8.21;0.38;-8.26;;;;;;;;
959;20.5;26.5;0.9;8;Successful;Effective;No;No;No;No;No;No;0.0;-7.99;0.2;-8.13;0.31;-8.21;0.38;-8.26;;;;;;;;
960;20.5;26.5;0.9;10;Successful;Effective;No;No;No;No;No;No;0.0;-7.99;0.2;-8.13;0.31;-8.21;0.38;-8.26;;;;;;;;
961;20.5;26.5;1.0;5;Successful;Effective;No;No;No;No;No;No;0.0;-7.99;0.2;-8.13;0.31;-8.21;0.38;-8.26;;;;;;;;
962;20.5;26.5;1.0;8;Successful;Effective;No;No;No;No;No;No;0.0;-7.99;0.2;-8.13;0.31;-8.21;0.38;-8.26;;;;;;;;
963;20.5;26.5;1.0;10;Successful;Effective;No;No;No;No;No;No;0.0;-7.99;0.2;-8.13;0.31;-8.21;0.38;-8.26;;;;;;;;
964;20.5;26.5;1.1;5;Successful;Effective;No;No;No;No;No;No;0.0;-7.99;0.2;-8.13;0.31;-8.21;0.38;-8.26;;;;;;;;
965;20.5;26.5;1.1;8;Successful;Effective;No;No;No;No;No;No;0.0;-7.99;0.2;-8.13;0.31;-8.21;0.38;-8.26;;;;;;;;
966;20.5;26.5;1.1;10;Successful;Effective;No;No;No;No;No;No;0.0;-7.99;0.2;-8.13;0.31;-8.21;0.38;-8.26;;;;;;;;
967;20.6;26.6;0.5;5;Successful;Effective;No;No;No;No;No;No;0.0;-7.99;0.2;-8.13;0.31;-8.21;0.38;-8.26;;;;;;;;
968;20.6;26.6;0.5;8;Successful;Effective;No;No;No;No;No;No;0.0;-7.99;0.2;-8.13;0.31;-8.21;0.38;-8.26;;;;;;;;
969;20.6;26.6;0.5;10;Successful;Effective;No;No;No;No;No;No;0.0;-7.99;0.2;-8.13;0.31;-8.21;0.38;-8.26;;;;;;;;
970;20.6;26.6;0.6;5;Successful;Effective;No;No;No;No;No;No;0.0;-7.99;0.2;-8.13;0.31;-8.21;0.38;-8.26;;;;;;;;
971;20.6;26.6;0.6;8;Successful;Effective;No;No;No;No;No;No;0.0;-7.99;0.2;-8.13;0.31;-8.21;0.38;-8.26;;;;;;;;
972;20.6;26.6;0.6;10;Successful;Effective;No;No;No;No;No;No;0.0;-7.99;0.2;-8.13;0.31;-8.21;0.38;-8.26;;;;;;;;
973;20.6;26.6;0.7;5;Successful;Effective;No;No;No;No;No;No;0.0;-7.99;0.2;-8.13;0.31;-8.21;0.38;-8.26;;;;;;;;
974;20.6;26.6;0.7;8;Successful;Effective;No;No;No;No;No;No;0.0;-7.99;0.2;-8.13;0.31;-8.21;0.38;-8.26;;;;;;;;
975;20.6;26.6;0.7;10;Successful;Effective;No;No;No;No;No;No;0.0;-7.99;0.2;-8.13;0.31;-8.21;0.38;-8.26;;;;;;;;
976;20.6;26.6;0.8;5;Successful;Effective;No;No;No;No;No;No;0.0;-7.99;0.2;-8.13;0.31;-8.21;0.38;-8.26;;;;;;;;
977;20.6;26.6;0.8;8;Successful;Effective;No;No;No;No;No;No;0.0;-7.99;0.2;-8.13;0.31;-8.21;0.38;-8.26;;;;;;;;
978;20.6;26.6;0.8;10;Successful;Effective;No;No;No;No;No;No;0.0;-7.99;0.2;-8.13;0.31;-8.21;0.38;-8.26;;;;;;;;
979;20.6;26.6;0.9;5;Successful;Effective;No;No;No;No;No;No;0.0;-7.99;0.2;-8.13;0.31;-8.21;0.38;-8.26;;;;;;;;
980;20.6;26.6;0.9;8;Successful;Effective;No;No;No;No;No;No;0.0;-7.99;0.2;-8.13;0.31;-8.21;0.38;-8.26;;;;;;;;
981;20.6;26.6;0.9;10;Successful;Effective;No;No;No;No;No;No;0.0;-7.99;0.2;-8.13;0.31;-8.21;0.38;-8.26;;;;;;;;
982;20.6;26.6;1.0;5;Successful;Effective;No;No;No;No;No;No;0.0;-7.99;0.2;-8.13;0.31;-8.21;0.38;-8.26;;;;;;;;
983;20.6;26.6;1.0;8;Successful;Effective;No;No;No;No;No;No;0.0;-7.99;0.2;-8.13;0.31;-8.21;0.38;-8.26;;;;;;;;
984;20.6;26.6;1.0;10;Successful;Effective;No;No;No;No;No;No;0.0;-7.99;0.2;-8.13;0.31;-8.21;0.38;-8.26;;;;;;;;
985;20.6;26.6;1.1;5;Successful;Effective;No;No;No;No;No;No;0.0;-7.99;0.2;-8.13;0.31;-8.21;0.38;-8.26;;;;;;;;
986;20.6;26.6;1.1;8;Successful;Effective;No;No;No;No;No;No;0.0;-7.99;0.2;-8.13;0.31;-8.21;0.38;-8.26;;;;;;;;
987;20.6;26.6;1.1;10;Successful;Effective;No;No;No;No;No;No;0.0;-7.99;0.2;-8.13;0.31;-8.21;0.38;-8.26;;;;;;;;
988;20.7;26.7;0.5;5;Successful;Effective;No;No;No;No;No;No;0.0;-7.99;0.2;-8.13;0.31;-8.21;0.38;-8.26;;;;;;;;
989;20.7;26.7;0.5;8;Successful;Effective;No;No;No;No;No;No;0.0;-7.99;0.2;-8.13;0.31;-8.21;0.38;-8.26;;;;;;;;
990;20.7;26.7;0.5;10;Successful;Effective;No;No;No;No;No;No;0.0;-7.99;0.2;-8.13;0.31;-8.21;0.38;-8.26;;;;;;;;
991;20.7;26.7;0.6;5;Successful;Effective;No;No;No;No;No;No;0.0;-7.99;0.2;-8.13;0.31;-8.21;0.38;-8.26;;;;;;;;
992;20.7;26.7;0.6;8;Successful;Effective;No;No;No;No;No;No;0.0;-7.99;0.2;-8.13;0.31;-8.21;0.38;-8.26;;;;;;;;
993;20.7;26.7;0.6;10;Successful;Effective;No;No;No;No;No;No;0.0;-7.99;0.2;-8.13;0.31;-8.21;0.38;-8.26;;;;;;;;
994;20.7;26.7;0.7;5;Successful;Effective;No;No;No;No;No;No;0.0;-7.99;0.2;-8.13;0.31;-8.21;0.38;-8.26;;;;;;;;
995;20.7;26.7;0.7;8;Successful;Effective;No;No;No;No;No;No;0.0;-7.99;0.2;-8.13;0.31;-8.21;0.38;-8.26;;;;;;;;
996;20.7;26.7;0.7;10;Successful;Effective;No;No;No;No;No;No;0.0;-7.99;0.2;-8.13;0.31;-8.21;0.38;-8.26;;;;;;;;
997;20.7;26.7;0.8;5;Successful;Effective;No;No;No;No;No;No;0.0;-7.99;0.2;-8.13;0.31;-8.21;0.38;-8.26;;;;;;;;
998;20.7;26.7;0.8;8;Successful;Effective;No;No;No;No;No;No;0.0;-7.99;0.2;-8.13;0.31;-8.21;0.38;-8.26;;;;;;;;
999;20.7;26.7;0.8;10;Successful;Effective;No;No;No;No;No;No;0.0;-7.99;0.2;-8.13;0.31;-8.21;0.38;-8.26;;;;;;;;
1000;20.7;26.7;0.9;5;Successful;Effective;No;No;No;No;No;No;0.0;-7.99;0.2;-8.13;0.31;-8.21;0.38;-8.26;;;;;;;;
1001;20.7;26.7;0.9;8;Successful;Effective;No;No;No;No;No;No;0.0;-7.99;0.2;-8.13;0.31;-8.21;0.38;-8.26;;;;;;;;
1002;20.7;26.7;0.9;10;Successful;Effective;No;No;No;No;No;No;0.0;-7.99;0.2;-8.13;0.31;-8.21;0.38;-8.26;;;;;;;;
1003;20.7;26.7;1.0;5;Successful;Effective;No;No;No;No;No;No;0.0;-7.99;0.2;-8.13;0.31;-8.21;0.38;-8.26;;;;;;;;
1004;20.7;26.7;1.0;8;Successful;Effective;No;No;No;No;No;No;0.0;-7.99;0.2;-8.13;0.31;-8.21;0.38;-8.26;;;;;;;;
1005;20.7;26.7;1.0;10;Successful;Effective;No;No;No;No;No;No;0.0;-7.99;0.2;-8.13;0.31;-8.21;0.38;-8.26;;;;;;;;
1006;20.7;26.7;1.1;5;Successful;Effective;No;No;No;No;No;No;0.0;-7.99;0.2;-8.13;0.31;-8.21;0.38;-8.26;;;;;;;;
1007;20.7;26.7;1.1;8;Successful;Effective;No;No;No;No;No;No;0.0;-7.99;0.2;-8.13;0.31;-8.21;0.38;-8.26;;;;;;;;
1008;20.7;26.7;1.1;10;Successful;Effective;No;No;No;No;No;No;0.0;-7.99;0.2;-8.13;0.31;-8.21;0.38;-8.26;;;;;;;;
1009;20.8;26.8;0.5;5;Successful;Effective;No;No;No;No;No;No;0.0;-7.99;0.2;-8.13;0.31;-8.21;0.38;-8.26;;;;;;;;
1010;20.8;26.8;0.5;8;Successful;Effective;No;No;No;No;No;No;0.0;-7.99;0.2;-8.13;0.31;-8.21;0.38;-8.26;;;;;;;;
1011;20.8;26.8;0.5;10;Successful;Effective;No;No;No;No;No;No;0.0;-7.99;0.2;-8.13;0.31;-8.21;0.38;-8.26;;;;;;;;
1012;20.8;26.8;0.6;5;Successful;Effective;No;No;No;No;No;No;0.0;-7.99;0.2;-8.13;0.31;-8.21;0.38;-8.26;;;;;;;;
1013;20.8;26.8;0.6;8;Successful;Effective;No;No;No;No;No;No;0.0;-7.99;0.2;-8.13;0.31;-8.21;0.38;-8.26;;;;;;;;
1014;20.8;26.8;0.6;10;Successful;Effective;No;No;No;No;No;No;0.0;-7.99;0.2;-8.13;0.31;-8.21;0.38;-8.26;;;;;;;;
1015;20.8;26.8;0.7;5;Successful;Effective;No;No;No;No;No;No;0.0;-7.99;0.2;-8.13;0.31;-8.21;0.38;-8.26;;;;;;;;
1016;20.8;26.8;0.7;8;Successful;Effective;No;No;No;No;No;No;0.0;-7.99;0.2;-8.13;0.31;-8.21;0.38;-8.26;;;;;;;;
1017;20.8;26.8;0.7;10;Successful;Effective;No;No;No;No;No;No;0.0;-7.99;0.2;-8.13;0.31;-8.21;0.38;-8.26;;;;;;;;
1018;20.8;26.8;0.8;5;Successful;Effective;No;No;No;No;No;No;0.0;-7.99;0.2;-8.13;0.31;-8.21;0.38;-8.26;;;;;;;;
1019;20.8;26.8;0.8;8;Successful;Effective;No;No;No;No;No;No;0.0;-7.99;0.2;-8.13;0.31;-8.21;0.38;-8.26;;;;;;;;
1020;20.8;26.8;0.8;10;Successful;Effective;No;No;No;No;No;No;0.0;-7.99;0.2;-8.13;0.31;-8.21;0.38;-8.26;;;;;;;;
1021;20.8;26.8;0.9;5;Successful;Effective;No;No;No;No;No;No;0.0;-7.99;0.2;-8.13;0.31;-8.21;0.38;-8.26;;;;;;;;
1022;20.8;26.8;0.9;8;Successful;Effective;No;No;No;No;No;No;0.0;-7.99;0.2;-8.13;0.31;-8.21;0.38;-8.26;;;;;;;;
1023;20.8;26.8;0.9;10;Successful;Effective;No;No;No;No;No;No;0.0;-7.99;0.2;-8.13;0.31;-8.21;0.38;-8.26;;;;;;;;
1024;20.8;26.8;1.0;5;Successful;Effective;No;No;No;No;No;No;0.0;-7.99;0.2;-8.13;0.31;-8.21;0.38;-8.26;;;;;;;;
1025;20.8;26.8;1.0;8;Successful;Effective;No;No;No;No;No;No;0.0;-7.99;0.2;-8.13;0.31;-8.21;0.38;-8.26;;;;;;;;
1026;20.8;26.8;1.0;10;Successful;Effective;No;No;No;No;No;No;0.0;-7.99;0.2;-8.13;0.31;-8.21;0.38;-8.26;;;;;;;;
1027;20.8;26.8;1.1;5;Successful;Effective;No;No;No;No;No;No;0.0;-7.99;0.2;-8.13;0.31;-8.21;0.38;-8.26;;;;;;;;
1028;20.8;26.8;1.1;8;Successful;Effective;No;No;No;No;No;No;0.0;-7.99;0.2;-8.13;0.31;-8.21;0.38;-8.26;;;;;;;;
1029;20.8;26.8;1.1;10;Successful;Effective;No;No;No;No;No;No;0.0;-7.99;0.2;-8.13;0.31;-8.21;0.38;-8.26;;;;;;;;
1030;20.9;26.9;0.5;5;Successful;Effective;No;No;No;No;No;No;0.0;-7.99;0.2;-8.13;0.31;-8.21;0.38;-8.26;;;;;;;;
1031;20.9;26.9;0.5;8;Successful;Effective;No;No;No;No;No;No;0.0;-7.99;0.2;-8.13;0.31;-8.21;0.38;-8.26;;;;;;;;
1032;20.9;26.9;0.5;10;Successful;Effective;No;No;No;No;No;No;0.0;-7.99;0.2;-8.13;0.31;-8.21;0.38;-8.26;;;;;;;;
1033;20.9;26.9;0.6;5;Successful;Effective;No;No;No;No;No;No;0.0;-7.99;0.2;-8.13;0.31;-8.21;0.38;-8.26;;;;;;;;
1034;20.9;26.9;0.6;8;Successful;Effective;No;No;No;No;No;No;0.0;-7.99;0.2;-8.13;0.31;-8.21;0.38;-8.26;;;;;;;;
1035;20.9;26.9;0.6;10;Successful;Effective;No;No;No;No;No;No;0.0;-7.99;0.2;-8.13;0.31;-8.21;0.38;-8.26;;;;;;;;
1036;20.9;26.9;0.7;5;Successful;Effective;No;No;No;No;No;No;0.0;-7.99;0.2;-8.13;0.31;-8.21;0.38;-8.26;;;;;;;;
1037;20.9;26.9;0.7;8;Successful;Effective;No;No;No;No;No;No;0.0;-7.99;0.2;-8.13;0.31;-8.21;0.38;-8.26;;;;;;;;
1038;20.9;26.9;0.7;10;Successful;Effective;No;No;No;No;No;No;0.0;-7.99;0.2;-8.13;0.31;-8.21;0.38;-8.26;;;;;;;;
1039;20.9;26.9;0.8;5;Successful;Effective;No;No;No;No;No;No;0.0;-7.99;0.2;-8.13;0.31;-8.21;0.38;-8.26;;;;;;;;
1040;20.9;26.9;0.8;8;Successful;Effective;No;No;No;No;No;No;0.0;-7.99;0.2;-8.13;0.31;-8.21;0.38;-8.26;;;;;;;;
1041;20.9;26.9;0.8;10;Successful;Effective;No;No;No;No;No;No;0.0;-7.99;0.2;-8.13;0.31;-8.21;0.38;-8.26;;;;;;;;
1042;20.9;26.9;0.9;5;Successful;Effective;No;No;No;No;No;No;0.0;-7.99;0.2;-8.13;0.31;-8.21;0.38;-8.26;;;;;;;;
1043;20.9;26.9;0.9;8;Successful;Effective;No;No;No;No;No;No;0.0;-7.99;0.2;-8.13;0.31;-8.21;0.38;-8.26;;;;;;;;
1044;20.9;26.9;0.9;10;Successful;Effective;No;No;No;No;No;No;0.0;-7.99;0.2;-8.13;0.31;-8.21;0.38;-8.26;;;;;;;;
1045;20.9;26.9;1.0;5;Successful;Effective;No;No;No;No;No;No;0.0;-7.99;0.2;-8.13;0.31;-8.21;0.38;-8.26;;;;;;;;
1046;20.9;26.9;1.0;8;Successful;Effective;No;No;No;No;No;No;0.0;-7.99;0.2;-8.13;0.31;-8.21;0.38;-8.26;;;;;;;;
1047;20.9;26.9;1.0;10;Successful;Effective;No;No;No;No;No;No;0.0;-7.99;0.2;-8.13;0.31;-8.21;0.38;-8.26;;;;;;;;
1048;20.9;26.9;1.1;5;Successful;Effective;No;No;No;No;No;No;0.0;-7.99;0.2;-8.13;0.31;-8.21;0.38;-8.26;;;;;;;;
1049;20.9;26.9;1.1;8;Successful;Effective;No;No;No;No;No;No;0.0;-7.99;0.2;-8.13;0.31;-8.21;0.38;-8.26;;;;;;;;
1050;20.9;26.9;1.1;10;Successful;Effective;No;No;No;No;No;No;0.0;-7.99;0.2;-8.13;0.31;-8.21;0.38;-8.26;;;;;;;;
1051;21.0;27.0;0.5;5;Successful;Effective;No;No;No;No;No;No;0.0;-7.99;0.2;-8.13;0.31;-8.21;0.38;-8.26;;;;;;;;
1052;21.0;27.0;0.5;8;Successful;Effective;No;No;No;No;No;No;0.0;-7.99;0.2;-8.13;0.31;-8.21;0.38;-8.26;;;;;;;;
1053;21.0;27.0;0.5;10;Successful;Effective;No;No;No;No;No;No;0.0;-7.99;0.2;-8.13;0.31;-8.21;0.38;-8.26;;;;;;;;
1054;21.0;27.0;0.6;5;Successful;Effective;No;No;No;No;No;No;0.0;-7.99;0.2;-8.13;0.31;-8.21;0.38;-8.26;;;;;;;;
1055;21.0;27.0;0.6;8;Successful;Effective;No;No;No;No;No;No;0.0;-7.99;0.2;-8.13;0.31;-8.21;0.38;-8.26;;;;;;;;
1056;21.0;27.0;0.6;10;Successful;Effective;No;No;No;No;No;No;0.0;-7.99;0.2;-8.13;0.31;-8.21;0.38;-8.26;;;;;;;;
1057;21.0;27.0;0.7;5;Successful;Effective;No;No;No;No;No;No;0.0;-7.99;0.2;-8.13;0.31;-8.21;0.38;-8.26;;;;;;;;
1058;21.0;27.0;0.7;8;Successful;Effective;No;No;No;No;No;No;0.0;-7.99;0.2;-8.13;0.31;-8.21;0.38;-8.26;;;;;;;;
1059;21.0;27.0;0.7;10;Successful;Effective;No;No;No;No;No;No;0.0;-7.99;0.2;-8.13;0.31;-8.21;0.38;-8.26;;;;;;;;
1060;21.0;27.0;0.8;5;Successful;Effective;No;No;No;No;No;No;0.0;-7.99;0.2;-8.13;0.31;-8.21;0.38;-8.26;;;;;;;;
1061;21.0;27.0;0.8;8;Successful;Effective;No;No;No;No;No;No;0.0;-7.99;0.2;-8.13;0.31;-8.21;0.38;-8.26;;;;;;;;
1062;21.0;27.0;0.8;10;Successful;Effective;No;No;No;No;No;No;0.0;-7.99;0.2;-8.13;0.31;-8.21;0.38;-8.26;;;;;;;;
1063;21.0;27.0;0.9;5;Successful;Effective;No;No;No;No;No;No;0.0;-7.99;0.2;-8.13;0.31;-8.21;0.38;-8.26;;;;;;;;
1064;21.0;27.0;0.9;8;Successful;Effective;No;No;No;No;No;No;0.0;-7.99;0.2;-8.13;0.31;-8.21;0.38;-8.26;;;;;;;;
1065;21.0;27.0;0.9;10;Successful;Effective;No;No;No;No;No;No;0.0;-7.99;0.2;-8.13;0.31;-8.21;0.38;-8.26;;;;;;;;
1066;21.0;27.0;1.0;5;Successful;Effective;No;No;No;No;No;No;0.0;-7.99;0.2;-8.13;0.31;-8.21;0.38;-8.26;;;;;;;;
1067;21.0;27.0;1.0;8;Successful;Effective;No;No;No;No;No;No;0.0;-7.99;0.2;-8.13;0.31;-8.21;0.38;-8.26;;;;;;;;
1068;21.0;27.0;1.0;10;Successful;Effective;No;No;No;No;No;No;0.0;-7.99;0.2;-8.13;0.31;-8.21;0.38;-8.26;;;;;;;;
1069;21.0;27.0;1.1;5;Successful;Effective;No;No;No;No;No;No;0.0;-7.99;0.2;-8.13;0.31;-8.21;0.38;-8.26;;;;;;;;
1070;21.0;27.0;1.1;8;Successful;Effective;No;No;No;No;No;No;0.0;-7.99;0.2;-8.13;0.31;-8.21;0.38;-8.26;;;;;;;;
1071;21.0;27.0;1.1;10;Successful;Effective;No;No;No;No;No;No;0.0;-7.99;0.2;-8.13;0.31;-8.21;0.38;-8.26;;;;;;;;
1072;21.1;27.1;0.5;5;Successful;Effective;No;No;No;No;No;No;0.0;-7.99;0.2;-8.13;0.31;-8.21;0.38;-8.26;;;;;;;;
1073;21.1;27.1;0.5;8;Successful;Effective;No;No;No;No;No;No;0.0;-7.99;0.2;-8.13;0.31;-8.21;0.38;-8.26;;;;;;;;
1074;21.1;27.1;0.5;10;Successful;Effective;No;No;No;No;No;No;0.0;-7.99;0.2;-8.13;0.31;-8.21;0.38;-8.26;;;;;;;;
1075;21.1;27.1;0.6;5;Successful;Effective;No;No;No;No;No;No;0.0;-7.99;0.2;-8.13;0.31;-8.21;0.38;-8.26;;;;;;;;
1076;21.1;27.1;0.6;8;Successful;Effective;No;No;No;No;No;No;0.0;-7.99;0.2;-8.13;0.31;-8.21;0.38;-8.26;;;;;;;;
1077;21.1;27.1;0.6;10;Successful;Effective;No;No;No;No;No;No;0.0;-7.99;0.2;-8.13;0.31;-8.21;0.38;-8.26;;;;;;;;
1078;21.1;27.1;0.7;5;Successful;Effective;No;No;No;No;No;No;0.0;-7.99;0.2;-8.13;0.31;-8.21;0.38;-8.26;;;;;;;;
1079;21.1;27.1;0.7;8;Successful;Effective;No;No;No;No;No;No;0.0;-7.99;0.2;-8.13;0.31;-8.21;0.38;-8.26;;;;;;;;
1080;21.1;27.1;0.7;10;Successful;Effective;No;No;No;No;No;No;0.0;-7.99;0.2;-8.13;0.31;-8.21;0.38;-8.26;;;;;;;;
1081;21.1;27.1;0.8;5;Successful;Effective;No;No;No;No;No;No;0.0;-7.99;0.2;-8.13;0.31;-8.21;0.38;-8.26;;;;;;;;
1082;21.1;27.1;0.8;8;Successful;Effective;No;No;No;No;No;No;0.0;-7.99;0.2;-8.13;0.31;-8.21;0.38;-8.26;;;;;;;;
1083;21.1;27.1;0.8;10;Successful;Effective;No;No;No;No;No;No;0.0;-7.99;0.2;-8.13;0.31;-8.21;0.38;-8.26;;;;;;;;
1084;21.1;27.1;0.9;5;Successful;Effective;No;No;No;No;No;No;0.0;-7.99;0.2;-8.13;0.31;-8.21;0.38;-8.26;;;;;;;;
1085;21.1;27.1;0.9;8;Successful;Effective;No;No;No;No;No;No;0.0;-7.99;0.2;-8.13;0.31;-8.21;0.38;-8.26;;;;;;;;
1086;21.1;27.1;0.9;10;Successful;Effective;No;No;No;No;No;No;0.0;-7.99;0.2;-8.13;0.31;-8.21;0.38;-8.26;;;;;;;;
1087;21.1;27.1;1.0;5;Successful;Effective;No;No;No;No;No;No;0.0;-7.99;0.2;-8.13;0.31;-8.21;0.38;-8.26;;;;;;;;
1088;21.1;27.1;1.0;8;Successful;Effective;No;No;No;No;No;No;0.0;-7.99;0.2;-8.13;0.31;-8.21;0.38;-8.26;;;;;;;;
1089;21.1;27.1;1.0;10;Successful;Effective;No;No;No;No;No;No;0.0;-7.99;0.2;-8.13;0.31;-8.21;0.38;-8.26;;;;;;;;
1090;21.1;27.1;1.1;5;Successful;Effective;No;No;No;No;No;No;0.0;-7.99;0.2;-8.13;0.31;-8.21;0.38;-8.26;;;;;;;;
1091;21.1;27.1;1.1;8;Successful;Effective;No;No;No;No;No;No;0.0;-7.99;0.2;-8.13;0.31;-8.21;0.38;-8.26;;;;;;;;
1092;21.1;27.1;1.1;10;Successful;Effective;No;No;No;No;No;No;0.0;-7.99;0.2;-8.13;0.31;-8.21;0.38;-8.26;;;;;;;;
1093;21.2;27.2;0.5;5;Successful;Effective;No;No;No;No;No;No;0.0;-7.99;0.2;-8.13;0.31;-8.21;0.38;-8.26;;;;;;;;
1094;21.2;27.2;0.5;8;Successful;Effective;No;No;No;No;No;No;0.0;-7.99;0.2;-8.13;0.31;-8.21;0.38;-8.26;;;;;;;;
1095;21.2;27.2;0.5;10;Successful;Effective;No;No;No;No;No;No;0.0;-7.99;0.2;-8.13;0.31;-8.21;0.38;-8.26;;;;;;;;
1096;21.2;27.2;0.6;5;Successful;Effective;No;No;No;No;No;No;0.0;-7.99;0.2;-8.13;0.31;-8.21;0.38;-8.26;;;;;;;;
1097;21.2;27.2;0.6;8;Successful;Effective;No;No;No;No;No;No;0.0;-7.99;0.2;-8.13;0.31;-8.21;0.38;-8.26;;;;;;;;
1098;21.2;27.2;0.6;10;Successful;Effective;No;No;No;No;No;No;0.0;-7.99;0.2;-8.13;0.31;-8.21;0.38;-8.26;;;;;;;;
1099;21.2;27.2;0.7;5;Successful;Effective;No;No;No;No;No;No;0.0;-7.99;0.2;-8.13;0.31;-8.21;0.38;-8.26;;;;;;;;
1100;21.2;27.2;0.7;8;Successful;Effective;No;No;No;No;No;No;0.0;-7.99;0.2;-8.13;0.31;-8.21;0.38;-8.26;;;;;;;;
1101;21.2;27.2;0.7;10;Successful;Effective;No;No;No;No;No;No;0.0;-7.99;0.2;-8.13;0.31;-8.21;0.38;-8.26;;;;;;;;
1102;21.2;27.2;0.8;5;Successful;Effective;No;No;No;No;No;No;0.0;-7.99;0.2;-8.13;0.31;-8.21;0.38;-8.26;;;;;;;;
1103;21.2;27.2;0.8;8;Successful;Effective;No;No;No;No;No;No;0.0;-7.99;0.2;-8.13;0.31;-8.21;0.38;-8.26;;;;;;;;
1104;21.2;27.2;0.8;10;Successful;Effective;No;No;No;No;No;No;0.0;-7.99;0.2;-8.13;0.31;-8.21;0.38;-8.26;;;;;;;;
1105;21.2;27.2;0.9;5;Successful;Effective;No;No;No;No;No;No;0.0;-7.99;0.2;-8.13;0.31;-8.21;0.38;-8.26;;;;;;;;
1106;21.2;27.2;0.9;8;Successful;Effective;No;No;No;No;No;No;0.0;-7.99;0.2;-8.13;0.31;-8.21;0.38;-8.26;;;;;;;;
1107;21.2;27.2;0.9;10;Successful;Effective;No;No;No;No;No;No;0.0;-7.99;0.2;-8.13;0.31;-8.21;0.38;-8.26;;;;;;;;
1108;21.2;27.2;1.0;5;Successful;Effective;No;No;No;No;No;No;0.0;-7.99;0.2;-8.13;0.31;-8.21;0.38;-8.26;;;;;;;;
1109;21.2;27.2;1.0;8;Successful;Effective;No;No;No;No;No;No;0.0;-7.99;0.2;-8.13;0.31;-8.21;0.38;-8.26;;;;;;;;
1110;21.2;27.2;1.0;10;Successful;Effective;No;No;No;No;No;No;0.0;-7.99;0.2;-8.13;0.31;-8.21;0.38;-8.26;;;;;;;;
1111;21.2;27.2;1.1;5;Successful;Effective;No;No;No;No;No;No;0.0;-7.99;0.2;-8.13;0.31;-8.21;0.38;-8.26;;;;;;;;
1112;21.2;27.2;1.1;8;Successful;Effective;No;No;No;No;No;No;0.0;-7.99;0.2;-8.13;0.31;-8.21;0.38;-8.26;;;;;;;;
1113;21.2;27.2;1.1;10;Successful;Effective;No;No;No;No;No;No;0.0;-7.99;0.2;-8.13;0.31;-8.21;0.38;-8.26;;;;;;;;
1114;21.3;27.3;0.5;5;Successful;Effective;No;No;No;No;No;No;0.0;-7.99;0.2;-8.13;0.31;-8.21;0.38;-8.26;;;;;;;;
1115;21.3;27.3;0.5;8;Successful;Effective;No;No;No;No;No;No;0.0;-7.99;0.2;-8.13;0.31;-8.21;0.38;-8.26;;;;;;;;
1116;21.3;27.3;0.5;10;Successful;Effective;No;No;No;No;No;No;0.0;-7.99;0.2;-8.13;0.31;-8.21;0.38;-8.26;;;;;;;;
1117;21.3;27.3;0.6;5;Successful;Effective;No;No;No;No;No;No;0.0;-7.99;0.2;-8.13;0.31;-8.21;0.38;-8.26;;;;;;;;
1118;21.3;27.3;0.6;8;Successful;Effective;No;No;No;No;No;No;0.0;-7.99;0.2;-8.13;0.31;-8.21;0.38;-8.26;;;;;;;;
1119;21.3;27.3;0.6;10;Successful;Effective;No;No;No;No;No;No;0.0;-7.99;0.2;-8.13;0.31;-8.21;0.38;-8.26;;;;;;;;
1120;21.3;27.3;0.7;5;Successful;Effective;No;No;No;No;No;No;0.0;-7.99;0.2;-8.13;0.31;-8.21;0.38;-8.26;;;;;;;;
1121;21.3;27.3;0.7;8;Successful;Effective;No;No;No;No;No;No;0.0;-7.99;0.2;-8.13;0.31;-8.21;0.38;-8.26;;;;;;;;
1122;21.3;27.3;0.7;10;Successful;Effective;No;No;No;No;No;No;0.0;-7.99;0.2;-8.13;0.31;-8.21;0.38;-8.26;;;;;;;;
1123;21.3;27.3;0.8;5;Successful;Effective;No;No;No;No;No;No;0.0;-7.99;0.2;-8.13;0.31;-8.21;0.38;-8.26;;;;;;;;
1124;21.3;27.3;0.8;8;Successful;Effective;No;No;No;No;No;No;0.0;-7.99;0.2;-8.13;0.31;-8.21;0.38;-8.26;;;;;;;;
1125;21.3;27.3;0.8;10;Successful;Effective;No;No;No;No;No;No;0.0;-7.99;0.2;-8.13;0.31;-8.21;0.38;-8.26;;;;;;;;
1126;21.3;27.3;0.9;5;Successful;Effective;No;No;No;No;No;No;0.0;-7.99;0.2;-8.13;0.31;-8.21;0.38;-8.26;;;;;;;;
1127;21.3;27.3;0.9;8;Successful;Effective;No;No;No;No;No;No;0.0;-7.99;0.2;-8.13;0.31;-8.21;0.38;-8.26;;;;;;;;
1128;21.3;27.3;0.9;10;Successful;Effective;No;No;No;No;No;No;0.0;-7.99;0.2;-8.13;0.31;-8.21;0.38;-8.26;;;;;;;;
1129;21.3;27.3;1.0;5;Successful;Effective;No;No;No;No;No;No;0.0;-7.99;0.2;-8.13;0.31;-8.21;0.38;-8.26;;;;;;;;
1130;21.3;27.3;1.0;8;Successful;Effective;No;No;No;No;No;No;0.0;-7.99;0.2;-8.13;0.31;-8.21;0.38;-8.26;;;;;;;;
1131;21.3;27.3;1.0;10;Successful;Effective;No;No;No;No;No;No;0.0;-7.99;0.2;-8.13;0.31;-8.21;0.38;-8.26;;;;;;;;
1132;21.3;27.3;1.1;5;Successful;Effective;No;No;No;No;No;No;0.0;-7.99;0.2;-8.13;0.31;-8.21;0.38;-8.26;;;;;;;;
1133;21.3;27.3;1.1;8;Successful;Effective;No;No;No;No;No;No;0.0;-7.99;0.2;-8.13;0.31;-8.21;0.38;-8.26;;;;;;;;
1134;21.3;27.3;1.1;10;Successful;Effective;No;No;No;No;No;No;0.0;-7.99;0.2;-8.13;0.31;-8.21;0.38;-8.26;;;;;;;;
1135;21.4;27.4;0.5;5;Successful;Effective;No;No;No;No;No;No;0.0;-7.99;0.2;-8.13;0.31;-8.21;0.38;-8.26;;;;;;;;
1136;21.4;27.4;0.5;8;Successful;Effective;No;No;No;No;No;No;0.0;-7.99;0.2;-8.13;0.31;-8.21;0.38;-8.26;;;;;;;;
1137;21.4;27.4;0.5;10;Successful;Effective;No;No;No;No;No;No;0.0;-7.99;0.2;-8.13;0.31;-8.21;0.38;-8.26;;;;;;;;
1138;21.4;27.4;0.6;5;Successful;Effective;No;No;No;No;No;No;0.0;-7.99;0.2;-8.13;0.31;-8.21;0.38;-8.26;;;;;;;;
1139;21.4;27.4;0.6;8;Successful;Effective;No;No;No;No;No;No;0.0;-7.99;0.2;-8.13;0.31;-8.21;0.38;-8.26;;;;;;;;
1140;21.4;27.4;0.6;10;Successful;Effective;No;No;No;No;No;No;0.0;-7.99;0.2;-8.13;0.31;-8.21;0.38;-8.26;;;;;;;;
1141;21.4;27.4;0.7;5;Successful;Effective;No;No;No;No;No;No;0.0;-7.99;0.2;-8.13;0.31;-8.21;0.38;-8.26;;;;;;;;
1142;21.4;27.4;0.7;8;Successful;Effective;No;No;No;No;No;No;0.0;-7.99;0.2;-8.13;0.31;-8.21;0.38;-8.26;;;;;;;;
1143;21.4;27.4;0.7;10;Successful;Effective;No;No;No;No;No;No;0.0;-7.99;0.2;-8.13;0.31;-8.21;0.38;-8.26;;;;;;;;
1144;21.4;27.4;0.8;5;Successful;Effective;No;No;No;No;No;No;0.0;-7.99;0.2;-8.13;0.31;-8.21;0.38;-8.26;;;;;;;;
1145;21.4;27.4;0.8;8;Successful;Effective;No;No;No;No;No;No;0.0;-7.99;0.2;-8.13;0.31;-8.21;0.38;-8.26;;;;;;;;
1146;21.4;27.4;0.8;10;Successful;Effective;No;No;No;No;No;No;0.0;-7.99;0.2;-8.13;0.31;-8.21;0.38;-8.26;;;;;;;;
1147;21.4;27.4;0.9;5;Successful;Effective;No;No;No;No;No;No;0.0;-7.99;0.2;-8.13;0.31;-8.21;0.38;-8.26;;;;;;;;
1148;21.4;27.4;0.9;8;Successful;Effective;No;No;No;No;No;No;0.0;-7.99;0.2;-8.13;0.31;-8.21;0.38;-8.26;;;;;;;;
1149;21.4;27.4;0.9;10;Successful;Effective;No;No;No;No;No;No;0.0;-7.99;0.2;-8.13;0.31;-8.21;0.38;-8.26;;;;;;;;
1150;21.4;27.4;1.0;5;Successful;Effective;No;No;No;No;No;No;0.0;-7.99;0.2;-8.13;0.31;-8.21;0.38;-8.26;;;;;;;;
1151;21.4;27.4;1.0;8;Successful;Effective;No;No;No;No;No;No;0.0;-7.99;0.2;-8.13;0.31;-8.21;0.38;-8.26;;;;;;;;
1152;21.4;27.4;1.0;10;Successful;Effective;No;No;No;No;No;No;0.0;-7.99;0.2;-8.13;0.31;-8.21;0.38;-8.26;;;;;;;;
1153;21.4;27.4;1.1;5;Successful;Effective;No;No;No;No;No;No;0.0;-7.99;0.2;-8.13;0.31;-8.21;0.38;-8.26;;;;;;;;
1154;21.4;27.4;1.1;8;Successful;Effective;No;No;No;No;No;No;0.0;-7.99;0.2;-8.13;0.31;-8.21;0.38;-8.26;;;;;;;;
1155;21.4;27.4;1.1;10;Successful;Effective;No;No;No;No;No;No;0.0;-7.99;0.2;-8.13;0.31;-8.21;0.38;-8.26;;;;;;;;
1156;21.5;27.5;0.5;5;Successful;Effective;No;No;No;No;No;No;0.0;-7.99;0.2;-8.13;0.31;-8.21;0.38;-8.26;;;;;;;;
1157;21.5;27.5;0.5;8;Successful;Effective;No;No;No;No;No;No;0.0;-7.99;0.2;-8.13;0.31;-8.21;0.38;-8.26;;;;;;;;
1158;21.5;27.5;0.5;10;Successful;Effective;No;No;No;No;No;No;0.0;-7.99;0.2;-8.13;0.31;-8.21;0.38;-8.26;;;;;;;;
1159;21.5;27.5;0.6;5;Successful;Effective;No;No;No;No;No;No;0.0;-7.99;0.2;-8.13;0.31;-8.21;0.38;-8.26;;;;;;;;
1160;21.5;27.5;0.6;8;Successful;Effective;No;No;No;No;No;No;0.0;-7.99;0.2;-8.13;0.31;-8.21;0.38;-8.26;;;;;;;;
1161;21.5;27.5;0.6;10;Successful;Effective;No;No;No;No;No;No;0.0;-7.99;0.2;-8.13;0.31;-8.21;0.38;-8.26;;;;;;;;
1162;21.5;27.5;0.7;5;Successful;Effective;No;No;No;No;No;No;0.0;-7.99;0.2;-8.13;0.31;-8.21;0.38;-8.26;;;;;;;;
1163;21.5;27.5;0.7;8;Successful;Effective;No;No;No;No;No;No;0.0;-7.99;0.2;-8.13;0.31;-8.21;0.38;-8.26;;;;;;;;
1164;21.5;27.5;0.7;10;Successful;Effective;No;No;No;No;No;No;0.0;-7.99;0.2;-8.13;0.31;-8.21;0.38;-8.26;;;;;;;;
1165;21.5;27.5;0.8;5;Successful;Effective;No;No;No;No;No;No;0.0;-7.99;0.2;-8.13;0.31;-8.21;0.38;-8.26;;;;;;;;
1166;21.5;27.5;0.8;8;Successful;Effective;No;No;No;No;No;No;0.0;-7.99;0.2;-8.13;0.31;-8.21;0.38;-8.26;;;;;;;;
1167;21.5;27.5;0.8;10;Successful;Effective;No;No;No;No;No;No;0.0;-7.99;0.2;-8.13;0.31;-8.21;0.38;-8.26;;;;;;;;
1168;21.5;27.5;0.9;5;Successful;Effective;No;No;No;No;No;No;0.0;-7.99;0.2;-8.13;0.31;-8.21;0.38;-8.26;;;;;;;;
1169;21.5;27.5;0.9;8;Successful;Effective;No;No;No;No;No;No;0.0;-7.99;0.2;-8.13;0.31;-8.21;0.38;-8.26;;;;;;;;
1170;21.5;27.5;0.9;10;Successful;Effective;No;No;No;No;No;No;0.0;-7.99;0.2;-8.13;0.31;-8.21;0.38;-8.26;;;;;;;;
1171;21.5;27.5;1.0;5;Successful;Effective;No;No;No;No;No;No;0.0;-7.99;0.2;-8.13;0.31;-8.21;0.38;-8.26;;;;;;;;
1172;21.5;27.5;1.0;8;Successful;Effective;No;No;No;No;No;No;0.0;-7.99;0.2;-8.13;0.31;-8.21;0.38;-8.26;;;;;;;;
1173;21.5;27.5;1.0;10;Successful;Effective;No;No;No;No;No;No;0.0;-7.99;0.2;-8.13;0.31;-8.21;0.38;-8.26;;;;;;;;
1174;21.5;27.5;1.1;5;Successful;Effective;No;No;No;No;No;No;0.0;-7.99;0.2;-8.13;0.31;-8.21;0.38;-8.26;;;;;;;;
1175;21.5;27.5;1.1;8;Successful;Effective;No;No;No;No;No;No;0.0;-7.99;0.2;-8.13;0.31;-8.21;0.38;-8.26;;;;;;;;
1176;21.5;27.5;1.1;10;Successful;Effective;No;No;No;No;No;No;0.0;-7.99;0.2;-8.13;0.31;-8.21;0.38;-8.26;;;;;;;;
1177;21.6;27.6;0.5;5;Successful;Effective;No;No;No;No;No;No;0.0;-7.99;0.2;-8.13;0.31;-8.21;0.38;-8.26;;;;;;;;
1178;21.6;27.6;0.5;8;Successful;Effective;No;No;No;No;No;No;0.0;-7.99;0.2;-8.13;0.31;-8.21;0.38;-8.26;;;;;;;;
1179;21.6;27.6;0.5;10;Successful;Effective;No;No;No;No;No;No;0.0;-7.99;0.2;-8.13;0.31;-8.21;0.38;-8.26;;;;;;;;
1180;21.6;27.6;0.6;5;Successful;Effective;No;No;No;No;No;No;0.0;-7.99;0.2;-8.13;0.31;-8.21;0.38;-8.26;;;;;;;;
1181;21.6;27.6;0.6;8;Successful;Effective;No;No;No;No;No;No;0.0;-7.99;0.2;-8.13;0.31;-8.21;0.38;-8.26;;;;;;;;
1182;21.6;27.6;0.6;10;Successful;Effective;No;No;No;No;No;No;0.0;-7.99;0.2;-8.13;0.31;-8.21;0.38;-8.26;;;;;;;;
1183;21.6;27.6;0.7;5;Successful;Effective;No;No;No;No;No;No;0.0;-7.99;0.2;-8.13;0.31;-8.21;0.38;-8.26;;;;;;;;
1184;21.6;27.6;0.7;8;Successful;Effective;No;No;No;No;No;No;0.0;-7.99;0.2;-8.13;0.31;-8.21;0.38;-8.26;;;;;;;;
1185;21.6;27.6;0.7;10;Successful;Effective;No;No;No;No;No;No;0.0;-7.99;0.2;-8.13;0.31;-8.21;0.38;-8.26;;;;;;;;
1186;21.6;27.6;0.8;5;Successful;Effective;No;No;No;No;No;No;0.0;-7.99;0.2;-8.13;0.31;-8.21;0.38;-8.26;;;;;;;;
1187;21.6;27.6;0.8;8;Successful;Effective;No;No;No;No;No;No;0.0;-7.99;0.2;-8.13;0.31;-8.21;0.38;-8.26;;;;;;;;
1188;21.6;27.6;0.8;10;Successful;Effective;No;No;No;No;No;No;0.0;-7.99;0.2;-8.13;0.31;-8.21;0.38;-8.26;;;;;;;;
1189;21.6;27.6;0.9;5;Successful;Effective;No;No;No;No;No;No;0.0;-7.99;0.2;-8.13;0.31;-8.21;0.38;-8.26;;;;;;;;
1190;21.6;27.6;0.9;8;Successful;Effective;No;No;No;No;No;No;0.0;-7.99;0.2;-8.13;0.31;-8.21;0.38;-8.26;;;;;;;;
1191;21.6;27.6;0.9;10;Successful;Effective;No;No;No;No;No;No;0.0;-7.99;0.2;-8.13;0.31;-8.21;0.38;-8.26;;;;;;;;
1192;21.6;27.6;1.0;5;Successful;Effective;No;No;No;No;No;No;0.0;-7.99;0.2;-8.13;0.31;-8.21;0.38;-8.26;;;;;;;;
1193;21.6;27.6;1.0;8;Successful;Effective;No;No;No;No;No;No;0.0;-7.99;0.2;-8.13;0.31;-8.21;0.38;-8.26;;;;;;;;
1194;21.6;27.6;1.0;10;Successful;Effective;No;No;No;No;No;No;0.0;-7.99;0.2;-8.13;0.31;-8.21;0.38;-8.26;;;;;;;;
1195;21.6;27.6;1.1;5;Successful;Effective;No;No;No;No;No;No;0.0;-7.99;0.2;-8.13;0.31;-8.21;0.38;-8.26;;;;;;;;
1196;21.6;27.6;1.1;8;Successful;Effective;No;No;No;No;No;No;0.0;-7.99;0.2;-8.13;0.31;-8.21;0.38;-8.26;;;;;;;;
1197;21.6;27.6;1.1;10;Successful;Effective;No;No;No;No;No;No;0.0;-7.99;0.2;-8.13;0.31;-8.21;0.38;-8.26;;;;;;;;
1198;21.7;27.7;0.5;5;Successful;Effective;No;No;No;No;No;No;0.0;-7.99;0.2;-8.13;0.31;-8.21;0.38;-8.26;;;;;;;;
1199;21.7;27.7;0.5;8;Successful;Effective;No;No;No;No;No;No;0.0;-7.99;0.2;-8.13;0.31;-8.21;0.38;-8.26;;;;;;;;
1200;21.7;27.7;0.5;10;Successful;Effective;No;No;No;No;No;No;0.0;-7.99;0.2;-8.13;0.31;-8.21;0.38;-8.26;;;;;;;;
1201;21.7;27.7;0.6;5;Successful;Effective;No;No;No;No;No;No;0.0;-7.99;0.2;-8.13;0.31;-8.21;0.38;-8.26;;;;;;;;
1202;21.7;27.7;0.6;8;Successful;Effective;No;No;No;No;No;No;0.0;-7.99;0.2;-8.13;0.31;-8.21;0.38;-8.26;;;;;;;;
1203;21.7;27.7;0.6;10;Successful;Effective;No;No;No;No;No;No;0.0;-7.99;0.2;-8.13;0.31;-8.21;0.38;-8.26;;;;;;;;
1204;21.7;27.7;0.7;5;Successful;Effective;No;No;No;No;No;No;0.0;-7.99;0.2;-8.13;0.31;-8.21;0.38;-8.26;;;;;;;;
1205;21.7;27.7;0.7;8;Successful;Effective;No;No;No;No;No;No;0.0;-7.99;0.2;-8.13;0.31;-8.21;0.38;-8.26;;;;;;;;
1206;21.7;27.7;0.7;10;Successful;Effective;No;No;No;No;No;No;0.0;-7.99;0.2;-8.13;0.31;-8.21;0.38;-8.26;;;;;;;;
1207;21.7;27.7;0.8;5;Successful;Effective;No;No;No;No;No;No;0.0;-7.99;0.2;-8.13;0.31;-8.21;0.38;-8.26;;;;;;;;
1208;21.7;27.7;0.8;8;Successful;Effective;No;No;No;No;No;No;0.0;-7.99;0.2;-8.13;0.31;-8.21;0.38;-8.26;;;;;;;;
1209;21.7;27.7;0.8;10;Successful;Effective;No;No;No;No;No;No;0.0;-7.99;0.2;-8.13;0.31;-8.21;0.38;-8.26;;;;;;;;
1210;21.7;27.7;0.9;5;Successful;Effective;No;No;No;No;No;No;0.0;-7.99;0.2;-8.13;0.31;-8.21;0.38;-8.26;;;;;;;;
1211;21.7;27.7;0.9;8;Successful;Effective;No;No;No;No;No;No;0.0;-7.99;0.2;-8.13;0.31;-8.21;0.38;-8.26;;;;;;;;
1212;21.7;27.7;0.9;10;Successful;Effective;No;No;No;No;No;No;0.0;-7.99;0.2;-8.13;0.31;-8.21;0.38;-8.26;;;;;;;;
1213;21.7;27.7;1.0;5;Successful;Effective;No;No;No;No;No;No;0.0;-7.99;0.2;-8.13;0.31;-8.21;0.38;-8.26;;;;;;;;
1214;21.7;27.7;1.0;8;Successful;Effective;No;No;No;No;No;No;0.0;-7.99;0.2;-8.13;0.31;-8.21;0.38;-8.26;;;;;;;;
1215;21.7;27.7;1.0;10;Successful;Effective;No;No;No;No;No;No;0.0;-7.99;0.2;-8.13;0.31;-8.21;0.38;-8.26;;;;;;;;
1216;21.7;27.7;1.1;5;Successful;Effective;No;No;No;No;No;No;0.0;-7.99;0.2;-8.13;0.31;-8.21;0.38;-8.26;;;;;;;;
1217;21.7;27.7;1.1;8;Successful;Effective;No;No;No;No;No;No;0.0;-7.99;0.2;-8.13;0.31;-8.21;0.38;-8.26;;;;;;;;
1218;21.7;27.7;1.1;10;Successful;Effective;No;No;No;No;No;No;0.0;-7.99;0.2;-8.13;0.31;-8.21;0.38;-8.26;;;;;;;;
1219;21.8;27.8;0.5;5;Successful;Effective;No;No;No;No;No;No;0.0;-7.99;0.2;-8.13;0.31;-8.21;0.38;-8.26;;;;;;;;
1220;21.8;27.8;0.5;8;Successful;Effective;No;No;No;No;No;No;0.0;-7.99;0.2;-8.13;0.31;-8.21;0.38;-8.26;;;;;;;;
1221;21.8;27.8;0.5;10;Successful;Effective;No;No;No;No;No;No;0.0;-7.99;0.2;-8.13;0.31;-8.21;0.38;-8.26;;;;;;;;
1222;21.8;27.8;0.6;5;Successful;Effective;No;No;No;No;No;No;0.0;-7.99;0.2;-8.13;0.31;-8.21;0.38;-8.26;;;;;;;;
1223;21.8;27.8;0.6;8;Successful;Effective;No;No;No;No;No;No;0.0;-7.99;0.2;-8.13;0.31;-8.21;0.38;-8.26;;;;;;;;
1224;21.8;27.8;0.6;10;Successful;Effective;No;No;No;No;No;No;0.0;-7.99;0.2;-8.13;0.31;-8.21;0.38;-8.26;;;;;;;;
1225;21.8;27.8;0.7;5;Successful;Effective;No;No;No;No;No;No;0.0;-7.99;0.2;-8.13;0.31;-8.21;0.38;-8.26;;;;;;;;
1226;21.8;27.8;0.7;8;Successful;Effective;No;No;No;No;No;No;0.0;-7.99;0.2;-8.13;0.31;-8.21;0.38;-8.26;;;;;;;;
1227;21.8;27.8;0.7;10;Successful;Effective;No;No;No;No;No;No;0.0;-7.99;0.2;-8.13;0.31;-8.21;0.38;-8.26;;;;;;;;
1228;21.8;27.8;0.8;5;Successful;Effective;No;No;No;No;No;No;0.0;-7.99;0.2;-8.13;0.31;-8.21;0.38;-8.26;;;;;;;;
1229;21.8;27.8;0.8;8;Successful;Effective;No;No;No;No;No;No;0.0;-7.99;0.2;-8.13;0.31;-8.21;0.38;-8.26;;;;;;;;
1230;21.8;27.8;0.8;10;Successful;Effective;No;No;No;No;No;No;0.0;-7.99;0.2;-8.13;0.31;-8.21;0.38;-8.26;;;;;;;;
1231;21.8;27.8;0.9;5;Successful;Effective;No;No;No;No;No;No;0.0;-7.99;0.2;-8.13;0.31;-8.21;0.38;-8.26;;;;;;;;
1232;21.8;27.8;0.9;8;Successful;Effective;No;No;No;No;No;No;0.0;-7.99;0.2;-8.13;0.31;-8.21;0.38;-8.26;;;;;;;;
1233;21.8;27.8;0.9;10;Successful;Effective;No;No;No;No;No;No;0.0;-7.99;0.2;-8.13;0.31;-8.21;0.38;-8.26;;;;;;;;
1234;21.8;27.8;1.0;5;Successful;Effective;No;No;No;No;No;No;0.0;-7.99;0.2;-8.13;0.31;-8.21;0.38;-8.26;;;;;;;;
1235;21.8;27.8;1.0;8;Successful;Effective;No;No;No;No;No;No;0.0;-7.99;0.2;-8.13;0.31;-8.21;0.38;-8.26;;;;;;;;
1236;21.8;27.8;1.0;10;Successful;Effective;No;No;No;No;No;No;0.0;-7.99;0.2;-8.13;0.31;-8.21;0.38;-8.26;;;;;;;;
1237;21.8;27.8;1.1;5;Successful;Effective;No;No;No;No;No;No;0.0;-7.99;0.2;-8.13;0.31;-8.21;0.38;-8.26;;;;;;;;
1238;21.8;27.8;1.1;8;Successful;Effective;No;No;No;No;No;No;0.0;-7.99;0.2;-8.13;0.31;-8.21;0.38;-8.26;;;;;;;;
1239;21.8;27.8;1.1;10;Successful;Effective;No;No;No;No;No;No;0.0;-7.99;0.2;-8.13;0.31;-8.21;0.38;-8.26;;;;;;;;
1240;21.9;27.9;0.5;5;Successful;Effective;No;No;No;No;No;No;0.0;-7.99;0.2;-8.13;0.31;-8.21;0.38;-8.26;;;;;;;;
1241;21.9;27.9;0.5;8;Successful;Effective;No;No;No;No;No;No;0.0;-7.99;0.2;-8.13;0.31;-8.21;0.38;-8.26;;;;;;;;
1242;21.9;27.9;0.5;10;Successful;Effective;No;No;No;No;No;No;0.0;-7.99;0.2;-8.13;0.31;-8.21;0.38;-8.26;;;;;;;;
1243;21.9;27.9;0.6;5;Successful;Effective;No;No;No;No;No;No;0.0;-7.99;0.2;-8.13;0.31;-8.21;0.38;-8.26;;;;;;;;
1244;21.9;27.9;0.6;8;Successful;Effective;No;No;No;No;No;No;0.0;-7.99;0.2;-8.13;0.31;-8.21;0.38;-8.26;;;;;;;;
1245;21.9;27.9;0.6;10;Successful;Effective;No;No;No;No;No;No;0.0;-7.99;0.2;-8.13;0.31;-8.21;0.38;-8.26;;;;;;;;
1246;21.9;27.9;0.7;5;Successful;Effective;No;No;No;No;No;No;0.0;-7.99;0.2;-8.13;0.31;-8.21;0.38;-8.26;;;;;;;;
1247;21.9;27.9;0.7;8;Successful;Effective;No;No;No;No;No;No;0.0;-7.99;0.2;-8.13;0.31;-8.21;0.38;-8.26;;;;;;;;
1248;21.9;27.9;0.7;10;Successful;Effective;No;No;No;No;No;No;0.0;-7.99;0.2;-8.13;0.31;-8.21;0.38;-8.26;;;;;;;;
1249;21.9;27.9;0.8;5;Successful;Effective;No;No;No;No;No;No;0.0;-7.99;0.2;-8.13;0.31;-8.21;0.38;-8.26;;;;;;;;
1250;21.9;27.9;0.8;8;Successful;Effective;No;No;No;No;No;No;0.0;-7.99;0.2;-8.13;0.31;-8.21;0.38;-8.26;;;;;;;;
1251;21.9;27.9;0.8;10;Successful;Effective;No;No;No;No;No;No;0.0;-7.99;0.2;-8.13;0.31;-8.21;0.38;-8.26;;;;;;;;
1252;21.9;27.9;0.9;5;Successful;Effective;No;No;No;No;No;No;0.0;-7.99;0.2;-8.13;0.31;-8.21;0.38;-8.26;;;;;;;;
1253;21.9;27.9;0.9;8;Successful;Effective;No;No;No;No;No;No;0.0;-7.99;0.2;-8.13;0.31;-8.21;0.38;-8.26;;;;;;;;
1254;21.9;27.9;0.9;10;Successful;Effective;No;No;No;No;No;No;0.0;-7.99;0.2;-8.13;0.31;-8.21;0.38;-8.26;;;;;;;;
1255;21.9;27.9;1.0;5;Successful;Effective;No;No;No;No;No;No;0.0;-7.99;0.2;-8.13;0.31;-8.21;0.38;-8.26;;;;;;;;
1256;21.9;27.9;1.0;8;Successful;Effective;No;No;No;No;No;No;0.0;-7.99;0.2;-8.13;0.31;-8.21;0.38;-8.26;;;;;;;;
1257;21.9;27.9;1.0;10;Successful;Effective;No;No;No;No;No;No;0.0;-7.99;0.2;-8.13;0.31;-8.21;0.38;-8.26;;;;;;;;
1258;21.9;27.9;1.1;5;Successful;Effective;No;No;No;No;No;No;0.0;-7.99;0.2;-8.13;0.31;-8.21;0.38;-8.26;;;;;;;;
1259;21.9;27.9;1.1;8;Successful;Effective;No;No;No;No;No;No;0.0;-7.99;0.2;-8.13;0.31;-8.21;0.38;-8.26;;;;;;;;
1260;21.9;27.9;1.1;10;Successful;Effective;No;No;No;No;No;No;0.0;-7.99;0.2;-8.13;0.31;-8.21;0.38;-8.26;;;;;;;;
