Ex ID;Start_time;End_time;Injected_value;CACC_spacing;Run_status;Impact_status;Collision_state;Collision_time;collider;victim;Collision_pos;Collision_lane;Accel_0_max;Dcel_0_min;Accel_1_max;Dcel_1_min;Accel_2_max;Dcel_2_min;Accel_3_max;Dcel_3_min;Accel_4_max;Dcel_4_min;Accel_5_max;Dcel_5_min;Accel_6_max;Dcel_6_min;Accel_7_max;Dcel_7_min
1;16.0;22.0;0.5;5;Successful;Effective;collision;20.82;vtypeauto.1;vtypeauto.0;463.36;edge_0_0_0;0.0;-5.0;0.2;-5.8;0.31;-6.22;0.38;-6.37;;;;;;;;
2;16.0;22.0;0.5;8;Successful;Effective;No;No;No;No;No;No;0.0;-5.0;0.2;-5.8;0.31;-6.22;0.38;-6.37;;;;;;;;
3;16.0;22.0;0.5;10;Successful;Effective;No;No;No;No;No;No;0.0;-5.0;0.2;-5.8;0.31;-6.22;0.38;-6.37;;;;;;;;
4;16.0;22.0;0.6;5;Successful;Effective;collision;20.00;vtypeauto.1;vtypeauto.0;457.15;edge_0_0_0;0.0;-5.0;0.2;-5.95;0.31;-6.46;0.38;-6.65;;;;;;;;
5;16.0;22.0;0.6;8;Successful;Effective;No;No;No;No;No;No;0.0;-5.0;0.2;-5.95;0.31;-6.46;0.38;-6.65;;;;;;;;
6;16.0;22.0;0.6;10;Successful;Effective;No;No;No;No;No;No;0.0;-5.0;0.2;-5.95;0.31;-6.46;0.38;-6.65;;;;;;;;
7;16.0;22.0;0.7;5;Successful;Effective;collision;19.62;vtypeauto.1;vtypeauto.0;453.15;edge_0_0_0;0.0;-5.0;0.2;-6.1;0.31;-6.71;0.38;-6.95;;;;;;;;
8;16.0;22.0;0.7;8;Successful;Effective;No;No;No;No;No;No;0.0;-5.0;0.2;-6.1;0.31;-6.71;0.38;-6.95;;;;;;;;
9;16.0;22.0;0.7;10;Successful;Effective;No;No;No;No;No;No;0.0;-5.0;0.2;-6.1;0.31;-6.71;0.38;-6.95;;;;;;;;
10;16.0;22.0;0.8;5;Successful;Effective;collision;19.39;vtypeauto.1;vtypeauto.0;450.37;edge_0_0_0;0.0;-5.0;0.2;-6.26;0.31;-6.97;0.38;-7.26;;;;;;;;
11;16.0;22.0;0.8;8;Successful;Effective;collision;20.65;vtypeauto.1;vtypeauto.0;471.35;edge_0_0_0;0.0;-5.0;0.2;-6.26;0.31;-6.97;0.38;-7.26;;;;;;;;
12;16.0;22.0;0.8;10;Successful;Effective;No;No;No;No;No;No;0.0;-5.0;0.2;-6.26;0.31;-6.97;0.38;-7.26;;;;;;;;
13;16.0;22.0;0.9;5;Successful;Effective;collision;19.24;vtypeauto.1;vtypeauto.0;448.42;edge_0_0_0;0.0;-5.0;0.2;-6.42;0.31;-7.24;0.38;-7.59;;;;;;;;
14;16.0;22.0;0.9;8;Successful;Effective;collision;20.18;vtypeauto.1;vtypeauto.0;467.82;edge_0_0_0;0.0;-5.0;0.2;-6.42;0.31;-7.24;0.38;-7.59;;;;;;;;
15;16.0;22.0;0.9;10;Successful;Effective;collision;21.28;vtypeauto.1;vtypeauto.0;480.37;edge_0_0_0;0.0;-5.0;0.2;-6.42;0.31;-7.24;0.38;-7.59;;;;;;;;
16;16.0;22.0;1.0;5;Successful;Effective;collision;19.14;vtypeauto.1;vtypeauto.0;447.07;edge_0_0_0;0.0;-5.0;0.2;-6.58;0.31;-7.52;0.38;-7.95;;;;;;;;
17;16.0;22.0;1.0;8;Successful;Effective;collision;19.90;vtypeauto.1;vtypeauto.0;465.18;edge_0_0_0;0.0;-5.0;0.2;-6.58;0.31;-7.52;0.38;-7.95;;;;;;;;
18;16.0;22.0;1.0;10;Successful;Effective;collision;20.61;vtypeauto.1;vtypeauto.0;477.10;edge_0_0_0;0.0;-5.0;0.2;-6.58;0.31;-7.52;0.38;-7.95;;;;;;;;
19;16.0;22.0;1.1;5;Successful;Effective;collision;19.07;vtypeauto.1;vtypeauto.0;446.09;edge_0_0_0;0.0;-5.0;0.2;-6.74;0.31;-7.81;0.38;-8.18;;;;;;;;
20;16.0;22.0;1.1;8;Successful;Effective;collision;19.72;vtypeauto.1;vtypeauto.0;463.29;edge_0_0_0;0.0;-5.0;0.2;-6.74;0.31;-7.81;0.38;-8.32;;;;;;;;
21;16.0;22.0;1.1;10;Successful;Effective;collision;20.26;vtypeauto.1;vtypeauto.0;474.50;edge_0_0_0;0.0;-5.0;0.2;-6.74;0.31;-7.81;0.38;-8.31;;;;;;;;
22;16.1;22.1;0.5;5;Successful;Effective;collision;20.82;vtypeauto.1;vtypeauto.0;463.36;edge_0_0_0;0.0;-5.0;0.2;-5.8;0.31;-6.22;0.38;-6.37;;;;;;;;
23;16.1;22.1;0.5;8;Successful;Effective;No;No;No;No;No;No;0.0;-5.0;0.2;-5.8;0.31;-6.22;0.38;-6.37;;;;;;;;
24;16.1;22.1;0.5;10;Successful;Effective;No;No;No;No;No;No;0.0;-5.0;0.2;-5.8;0.31;-6.22;0.38;-6.37;;;;;;;;
25;16.1;22.1;0.6;5;Successful;Effective;collision;20.00;vtypeauto.1;vtypeauto.0;457.15;edge_0_0_0;0.0;-5.0;0.2;-5.95;0.31;-6.46;0.38;-6.65;;;;;;;;
26;16.1;22.1;0.6;8;Successful;Effective;No;No;No;No;No;No;0.0;-5.0;0.2;-5.95;0.31;-6.46;0.38;-6.65;;;;;;;;
27;16.1;22.1;0.6;10;Successful;Effective;No;No;No;No;No;No;0.0;-5.0;0.2;-5.95;0.31;-6.46;0.38;-6.65;;;;;;;;
28;16.1;22.1;0.7;5;Successful;Effective;collision;19.62;vtypeauto.1;vtypeauto.0;453.15;edge_0_0_0;0.0;-5.0;0.2;-6.1;0.31;-6.71;0.38;-6.95;;;;;;;;
29;16.1;22.1;0.7;8;Successful;Effective;No;No;No;No;No;No;0.0;-5.0;0.2;-6.1;0.31;-6.71;0.38;-6.95;;;;;;;;
30;16.1;22.1;0.7;10;Successful;Effective;No;No;No;No;No;No;0.0;-5.0;0.2;-6.1;0.31;-6.71;0.38;-6.95;;;;;;;;
31;16.1;22.1;0.8;5;Successful;Effective;collision;19.39;vtypeauto.1;vtypeauto.0;450.37;edge_0_0_0;0.0;-5.0;0.2;-6.26;0.31;-6.97;0.38;-7.26;;;;;;;;
32;16.1;22.1;0.8;8;Successful;Effective;collision;20.65;vtypeauto.1;vtypeauto.0;471.35;edge_0_0_0;0.0;-5.0;0.2;-6.26;0.31;-6.97;0.38;-7.26;;;;;;;;
33;16.1;22.1;0.8;10;Successful;Effective;No;No;No;No;No;No;0.0;-5.0;0.2;-6.26;0.31;-6.97;0.38;-7.26;;;;;;;;
34;16.1;22.1;0.9;5;Successful;Effective;collision;19.24;vtypeauto.1;vtypeauto.0;448.42;edge_0_0_0;0.0;-5.0;0.2;-6.42;0.31;-7.24;0.38;-7.59;;;;;;;;
35;16.1;22.1;0.9;8;Successful;Effective;collision;20.18;vtypeauto.1;vtypeauto.0;467.82;edge_0_0_0;0.0;-5.0;0.2;-6.42;0.31;-7.24;0.38;-7.59;;;;;;;;
36;16.1;22.1;0.9;10;Successful;Effective;collision;21.28;vtypeauto.1;vtypeauto.0;480.37;edge_0_0_0;0.0;-5.0;0.2;-6.42;0.31;-7.24;0.38;-7.59;;;;;;;;
37;16.1;22.1;1.0;5;Successful;Effective;collision;19.14;vtypeauto.1;vtypeauto.0;447.07;edge_0_0_0;0.0;-5.0;0.2;-6.58;0.31;-7.52;0.38;-7.94;;;;;;;;
38;16.1;22.1;1.0;8;Successful;Effective;collision;19.90;vtypeauto.1;vtypeauto.0;465.18;edge_0_0_0;0.0;-5.0;0.2;-6.58;0.31;-7.52;0.38;-7.95;;;;;;;;
39;16.1;22.1;1.0;10;Successful;Effective;collision;20.61;vtypeauto.1;vtypeauto.0;477.10;edge_0_0_0;0.0;-5.0;0.2;-6.58;0.31;-7.52;0.38;-7.95;;;;;;;;
40;16.1;22.1;1.1;5;Successful;Effective;collision;19.07;vtypeauto.1;vtypeauto.0;446.09;edge_0_0_0;0.0;-5.0;0.2;-6.74;0.31;-7.81;0.38;-8.33;;;;;;;;
41;16.1;22.1;1.1;8;Successful;Effective;collision;19.72;vtypeauto.1;vtypeauto.0;463.29;edge_0_0_0;0.0;-5.0;0.2;-6.74;0.31;-7.81;0.38;-8.31;;;;;;;;
42;16.1;22.1;1.1;10;Successful;Effective;collision;20.26;vtypeauto.1;vtypeauto.0;474.50;edge_0_0_0;0.0;-5.0;0.2;-6.74;0.31;-7.81;0.38;-8.33;;;;;;;;
43;16.2;22.2;0.5;5;Successful;Effective;collision;20.82;vtypeauto.1;vtypeauto.0;463.36;edge_0_0_0;0.0;-5.0;0.2;-5.8;0.31;-6.22;0.38;-6.37;;;;;;;;
44;16.2;22.2;0.5;8;Successful;Effective;No;No;No;No;No;No;0.0;-5.0;0.2;-5.8;0.31;-6.22;0.38;-6.37;;;;;;;;
45;16.2;22.2;0.5;10;Successful;Effective;No;No;No;No;No;No;0.0;-5.0;0.2;-5.8;0.31;-6.22;0.38;-6.37;;;;;;;;
46;16.2;22.2;0.6;5;Successful;Effective;collision;20.00;vtypeauto.1;vtypeauto.0;457.15;edge_0_0_0;0.0;-5.0;0.2;-5.95;0.31;-6.46;0.38;-6.65;;;;;;;;
47;16.2;22.2;0.6;8;Successful;Effective;No;No;No;No;No;No;0.0;-5.0;0.2;-5.95;0.31;-6.46;0.38;-6.65;;;;;;;;
48;16.2;22.2;0.6;10;Successful;Effective;No;No;No;No;No;No;0.0;-5.0;0.2;-5.95;0.31;-6.46;0.38;-6.65;;;;;;;;
49;16.2;22.2;0.7;5;Successful;Effective;collision;19.62;vtypeauto.1;vtypeauto.0;453.15;edge_0_0_0;0.0;-5.0;0.2;-6.1;0.31;-6.71;0.38;-6.95;;;;;;;;
50;16.2;22.2;0.7;8;Successful;Effective;No;No;No;No;No;No;0.0;-5.0;0.2;-6.1;0.31;-6.71;0.38;-6.95;;;;;;;;
51;16.2;22.2;0.7;10;Successful;Effective;No;No;No;No;No;No;0.0;-5.0;0.2;-6.1;0.31;-6.71;0.38;-6.95;;;;;;;;
52;16.2;22.2;0.8;5;Successful;Effective;collision;19.39;vtypeauto.1;vtypeauto.0;450.37;edge_0_0_0;0.0;-5.0;0.2;-6.26;0.31;-6.98;0.38;-7.26;;;;;;;;
53;16.2;22.2;0.8;8;Successful;Effective;collision;20.65;vtypeauto.1;vtypeauto.0;471.35;edge_0_0_0;0.0;-5.0;0.2;-6.26;0.31;-6.98;0.38;-7.26;;;;;;;;
54;16.2;22.2;0.8;10;Successful;Effective;No;No;No;No;No;No;0.0;-5.0;0.2;-6.26;0.31;-6.98;0.38;-7.26;;;;;;;;
55;16.2;22.2;0.9;5;Successful;Effective;collision;19.24;vtypeauto.1;vtypeauto.0;448.42;edge_0_0_0;0.0;-5.0;0.2;-6.42;0.31;-7.24;0.38;-7.59;;;;;;;;
56;16.2;22.2;0.9;8;Successful;Effective;collision;20.18;vtypeauto.1;vtypeauto.0;467.82;edge_0_0_0;0.0;-5.0;0.2;-6.42;0.31;-7.24;0.38;-7.59;;;;;;;;
57;16.2;22.2;0.9;10;Successful;Effective;collision;21.28;vtypeauto.1;vtypeauto.0;480.37;edge_0_0_0;0.0;-5.0;0.2;-6.42;0.31;-7.24;0.38;-7.59;;;;;;;;
58;16.2;22.2;1.0;5;Successful;Effective;collision;19.14;vtypeauto.1;vtypeauto.0;447.07;edge_0_0_0;0.0;-5.0;0.2;-6.58;0.31;-7.52;0.38;-7.94;;;;;;;;
59;16.2;22.2;1.0;8;Successful;Effective;collision;19.90;vtypeauto.1;vtypeauto.0;465.18;edge_0_0_0;0.0;-5.0;0.2;-6.58;0.31;-7.52;0.38;-7.95;;;;;;;;
60;16.2;22.2;1.0;10;Successful;Effective;collision;20.61;vtypeauto.1;vtypeauto.0;477.10;edge_0_0_0;0.0;-5.0;0.2;-6.58;0.31;-7.52;0.38;-7.94;;;;;;;;
61;16.2;22.2;1.1;5;Successful;Effective;collision;19.07;vtypeauto.1;vtypeauto.0;446.09;edge_0_0_0;0.0;-5.0;0.2;-6.74;0.31;-7.81;0.38;-8.31;;;;;;;;
62;16.2;22.2;1.1;8;Successful;Effective;collision;19.72;vtypeauto.1;vtypeauto.0;463.29;edge_0_0_0;0.0;-5.0;0.2;-6.74;0.31;-7.81;0.38;-8.32;;;;;;;;
63;16.2;22.2;1.1;10;Successful;Effective;collision;20.26;vtypeauto.1;vtypeauto.0;474.50;edge_0_0_0;0.0;-5.0;0.2;-6.74;0.31;-7.81;0.38;-8.32;;;;;;;;
64;16.3;22.3;0.5;5;Successful;Effective;collision;20.82;vtypeauto.1;vtypeauto.0;463.36;edge_0_0_0;0.0;-5.0;0.2;-5.8;0.31;-6.22;0.38;-6.37;;;;;;;;
65;16.3;22.3;0.5;8;Successful;Effective;No;No;No;No;No;No;0.0;-5.0;0.2;-5.8;0.31;-6.22;0.38;-6.37;;;;;;;;
66;16.3;22.3;0.5;10;Successful;Effective;No;No;No;No;No;No;0.0;-5.0;0.2;-5.8;0.31;-6.22;0.38;-6.37;;;;;;;;
67;16.3;22.3;0.6;5;Successful;Effective;collision;20.00;vtypeauto.1;vtypeauto.0;457.15;edge_0_0_0;0.0;-5.0;0.2;-5.95;0.31;-6.46;0.38;-6.65;;;;;;;;
68;16.3;22.3;0.6;8;Successful;Effective;No;No;No;No;No;No;0.0;-5.0;0.2;-5.95;0.31;-6.46;0.38;-6.65;;;;;;;;
69;16.3;22.3;0.6;10;Successful;Effective;No;No;No;No;No;No;0.0;-5.0;0.2;-5.95;0.31;-6.46;0.38;-6.65;;;;;;;;
70;16.3;22.3;0.7;5;Successful;Effective;collision;19.62;vtypeauto.1;vtypeauto.0;453.15;edge_0_0_0;0.0;-5.0;0.2;-6.1;0.31;-6.71;0.38;-6.95;;;;;;;;
71;16.3;22.3;0.7;8;Successful;Effective;No;No;No;No;No;No;0.0;-5.0;0.2;-6.1;0.31;-6.71;0.38;-6.95;;;;;;;;
72;16.3;22.3;0.7;10;Successful;Effective;No;No;No;No;No;No;0.0;-5.0;0.2;-6.1;0.31;-6.71;0.38;-6.95;;;;;;;;
73;16.3;22.3;0.8;5;Successful;Effective;collision;19.39;vtypeauto.1;vtypeauto.0;450.37;edge_0_0_0;0.0;-5.0;0.2;-6.26;0.31;-6.98;0.38;-7.26;;;;;;;;
74;16.3;22.3;0.8;8;Successful;Effective;collision;20.65;vtypeauto.1;vtypeauto.0;471.35;edge_0_0_0;0.0;-5.0;0.2;-6.26;0.31;-6.98;0.38;-7.26;;;;;;;;
75;16.3;22.3;0.8;10;Successful;Effective;No;No;No;No;No;No;0.0;-5.0;0.2;-6.26;0.31;-6.98;0.38;-7.26;;;;;;;;
76;16.3;22.3;0.9;5;Successful;Effective;collision;19.24;vtypeauto.1;vtypeauto.0;448.42;edge_0_0_0;0.0;-5.0;0.2;-6.42;0.31;-7.24;0.38;-7.59;;;;;;;;
77;16.3;22.3;0.9;8;Successful;Effective;collision;20.18;vtypeauto.1;vtypeauto.0;467.82;edge_0_0_0;0.0;-5.0;0.2;-6.42;0.31;-7.24;0.38;-7.59;;;;;;;;
78;16.3;22.3;0.9;10;Successful;Effective;collision;21.28;vtypeauto.1;vtypeauto.0;480.37;edge_0_0_0;0.0;-5.0;0.2;-6.42;0.31;-7.24;0.38;-7.59;;;;;;;;
79;16.3;22.3;1.0;5;Successful;Effective;collision;19.14;vtypeauto.1;vtypeauto.0;447.07;edge_0_0_0;0.0;-5.0;0.2;-6.58;0.31;-7.52;0.38;-7.94;;;;;;;;
80;16.3;22.3;1.0;8;Successful;Effective;collision;19.90;vtypeauto.1;vtypeauto.0;465.18;edge_0_0_0;0.0;-5.0;0.2;-6.58;0.31;-7.52;0.38;-7.94;;;;;;;;
81;16.3;22.3;1.0;10;Successful;Effective;collision;20.61;vtypeauto.1;vtypeauto.0;477.10;edge_0_0_0;0.0;-5.0;0.2;-6.58;0.31;-7.52;0.38;-7.94;;;;;;;;
82;16.3;22.3;1.1;5;Successful;Effective;collision;19.07;vtypeauto.1;vtypeauto.0;446.09;edge_0_0_0;0.0;-5.0;0.2;-6.74;0.31;-7.81;0.38;-8.31;;;;;;;;
83;16.3;22.3;1.1;8;Successful;Effective;collision;19.72;vtypeauto.1;vtypeauto.0;463.29;edge_0_0_0;0.0;-5.0;0.2;-6.74;0.31;-7.81;0.38;-8.33;;;;;;;;
84;16.3;22.3;1.1;10;Successful;Effective;collision;20.26;vtypeauto.1;vtypeauto.0;474.50;edge_0_0_0;0.0;-5.0;0.2;-6.74;0.31;-7.81;0.38;-8.32;;;;;;;;
85;16.4;22.4;0.5;5;Successful;Effective;collision;20.82;vtypeauto.1;vtypeauto.0;463.36;edge_0_0_0;0.0;-5.0;0.2;-5.8;0.31;-6.22;0.38;-6.37;;;;;;;;
86;16.4;22.4;0.5;8;Successful;Effective;No;No;No;No;No;No;0.0;-5.0;0.2;-5.8;0.31;-6.22;0.38;-6.37;;;;;;;;
87;16.4;22.4;0.5;10;Successful;Effective;No;No;No;No;No;No;0.0;-5.0;0.2;-5.8;0.31;-6.22;0.38;-6.37;;;;;;;;
88;16.4;22.4;0.6;5;Successful;Effective;collision;20.00;vtypeauto.1;vtypeauto.0;457.15;edge_0_0_0;0.0;-5.0;0.2;-5.95;0.31;-6.46;0.38;-6.65;;;;;;;;
89;16.4;22.4;0.6;8;Successful;Effective;No;No;No;No;No;No;0.0;-5.0;0.2;-5.95;0.31;-6.46;0.38;-6.65;;;;;;;;
90;16.4;22.4;0.6;10;Successful;Effective;No;No;No;No;No;No;0.0;-5.0;0.2;-5.95;0.31;-6.46;0.38;-6.65;;;;;;;;
91;16.4;22.4;0.7;5;Successful;Effective;collision;19.62;vtypeauto.1;vtypeauto.0;453.15;edge_0_0_0;0.0;-5.0;0.2;-6.1;0.31;-6.71;0.38;-6.95;;;;;;;;
92;16.4;22.4;0.7;8;Successful;Effective;No;No;No;No;No;No;0.0;-5.0;0.2;-6.1;0.31;-6.71;0.38;-6.95;;;;;;;;
93;16.4;22.4;0.7;10;Successful;Effective;No;No;No;No;No;No;0.0;-5.0;0.2;-6.1;0.31;-6.71;0.38;-6.95;;;;;;;;
94;16.4;22.4;0.8;5;Successful;Effective;collision;19.39;vtypeauto.1;vtypeauto.0;450.37;edge_0_0_0;0.0;-5.0;0.2;-6.26;0.31;-6.98;0.38;-7.26;;;;;;;;
95;16.4;22.4;0.8;8;Successful;Effective;collision;20.65;vtypeauto.1;vtypeauto.0;471.35;edge_0_0_0;0.0;-5.0;0.2;-6.26;0.31;-6.98;0.38;-7.26;;;;;;;;
96;16.4;22.4;0.8;10;Successful;Effective;No;No;No;No;No;No;0.0;-5.0;0.2;-6.26;0.31;-6.98;0.38;-7.26;;;;;;;;
97;16.4;22.4;0.9;5;Successful;Effective;collision;19.24;vtypeauto.1;vtypeauto.0;448.42;edge_0_0_0;0.0;-5.0;0.2;-6.42;0.31;-7.24;0.38;-7.59;;;;;;;;
98;16.4;22.4;0.9;8;Successful;Effective;collision;20.18;vtypeauto.1;vtypeauto.0;467.82;edge_0_0_0;0.0;-5.0;0.2;-6.42;0.31;-7.24;0.38;-7.59;;;;;;;;
99;16.4;22.4;0.9;10;Successful;Effective;collision;21.28;vtypeauto.1;vtypeauto.0;480.37;edge_0_0_0;0.0;-5.0;0.2;-6.42;0.31;-7.24;0.38;-7.59;;;;;;;;
100;16.4;22.4;1.0;5;Successful;Effective;collision;19.14;vtypeauto.1;vtypeauto.0;447.07;edge_0_0_0;0.0;-5.0;0.2;-6.58;0.31;-7.52;0.38;-7.94;;;;;;;;
101;16.4;22.4;1.0;8;Successful;Effective;collision;19.90;vtypeauto.1;vtypeauto.0;465.18;edge_0_0_0;0.0;-5.0;0.2;-6.58;0.31;-7.52;0.38;-7.94;;;;;;;;
102;16.4;22.4;1.0;10;Successful;Effective;collision;20.61;vtypeauto.1;vtypeauto.0;477.10;edge_0_0_0;0.0;-5.0;0.2;-6.58;0.31;-7.52;0.38;-7.94;;;;;;;;
103;16.4;22.4;1.1;5;Successful;Effective;collision;19.07;vtypeauto.1;vtypeauto.0;446.09;edge_0_0_0;0.0;-5.0;0.2;-6.74;0.31;-7.81;0.38;-8.32;;;;;;;;
104;16.4;22.4;1.1;8;Successful;Effective;collision;19.72;vtypeauto.1;vtypeauto.0;463.29;edge_0_0_0;0.0;-5.0;0.2;-6.74;0.31;-7.81;0.38;-8.31;;;;;;;;
105;16.4;22.4;1.1;10;Successful;Effective;collision;20.26;vtypeauto.1;vtypeauto.0;474.50;edge_0_0_0;0.0;-5.0;0.2;-6.74;0.31;-7.81;0.38;-8.32;;;;;;;;
106;16.5;22.5;0.5;5;Successful;Effective;collision;20.82;vtypeauto.1;vtypeauto.0;463.36;edge_0_0_0;0.0;-5.0;0.2;-5.8;0.31;-6.22;0.38;-6.37;;;;;;;;
107;16.5;22.5;0.5;8;Successful;Effective;No;No;No;No;No;No;0.0;-5.0;0.2;-5.8;0.31;-6.22;0.38;-6.37;;;;;;;;
108;16.5;22.5;0.5;10;Successful;Effective;No;No;No;No;No;No;0.0;-5.0;0.2;-5.8;0.31;-6.22;0.38;-6.37;;;;;;;;
109;16.5;22.5;0.6;5;Successful;Effective;collision;20.00;vtypeauto.1;vtypeauto.0;457.15;edge_0_0_0;0.0;-5.0;0.2;-5.95;0.31;-6.46;0.38;-6.65;;;;;;;;
110;16.5;22.5;0.6;8;Successful;Effective;No;No;No;No;No;No;0.0;-5.0;0.2;-5.95;0.31;-6.46;0.38;-6.65;;;;;;;;
111;16.5;22.5;0.6;10;Successful;Effective;No;No;No;No;No;No;0.0;-5.0;0.2;-5.95;0.31;-6.46;0.38;-6.65;;;;;;;;
112;16.5;22.5;0.7;5;Successful;Effective;collision;19.62;vtypeauto.1;vtypeauto.0;453.15;edge_0_0_0;0.0;-5.0;0.2;-6.1;0.31;-6.71;0.38;-6.95;;;;;;;;
113;16.5;22.5;0.7;8;Successful;Effective;No;No;No;No;No;No;0.0;-5.0;0.2;-6.1;0.31;-6.71;0.38;-6.95;;;;;;;;
114;16.5;22.5;0.7;10;Successful;Effective;No;No;No;No;No;No;0.0;-5.0;0.2;-6.1;0.31;-6.71;0.38;-6.95;;;;;;;;
115;16.5;22.5;0.8;5;Successful;Effective;collision;19.39;vtypeauto.1;vtypeauto.0;450.37;edge_0_0_0;0.0;-5.0;0.2;-6.26;0.31;-6.98;0.38;-7.26;;;;;;;;
116;16.5;22.5;0.8;8;Successful;Effective;collision;20.65;vtypeauto.1;vtypeauto.0;471.35;edge_0_0_0;0.0;-5.0;0.2;-6.26;0.31;-6.98;0.38;-7.26;;;;;;;;
117;16.5;22.5;0.8;10;Successful;Effective;No;No;No;No;No;No;0.0;-5.0;0.2;-6.26;0.31;-6.98;0.38;-7.26;;;;;;;;
118;16.5;22.5;0.9;5;Successful;Effective;collision;19.24;vtypeauto.1;vtypeauto.0;448.42;edge_0_0_0;0.0;-5.0;0.2;-6.42;0.31;-7.24;0.38;-7.59;;;;;;;;
119;16.5;22.5;0.9;8;Successful;Effective;collision;20.18;vtypeauto.1;vtypeauto.0;467.82;edge_0_0_0;0.0;-5.0;0.2;-6.42;0.31;-7.24;0.38;-7.59;;;;;;;;
120;16.5;22.5;0.9;10;Successful;Effective;collision;21.28;vtypeauto.1;vtypeauto.0;480.37;edge_0_0_0;0.0;-5.0;0.2;-6.42;0.31;-7.24;0.38;-7.59;;;;;;;;
121;16.5;22.5;1.0;5;Successful;Effective;collision;19.14;vtypeauto.1;vtypeauto.0;447.07;edge_0_0_0;0.0;-5.0;0.2;-6.58;0.31;-7.52;0.38;-7.94;;;;;;;;
122;16.5;22.5;1.0;8;Successful;Effective;collision;19.90;vtypeauto.1;vtypeauto.0;465.18;edge_0_0_0;0.0;-5.0;0.2;-6.58;0.31;-7.52;0.38;-7.94;;;;;;;;
123;16.5;22.5;1.0;10;Successful;Effective;collision;20.61;vtypeauto.1;vtypeauto.0;477.10;edge_0_0_0;0.0;-5.0;0.2;-6.58;0.31;-7.52;0.38;-7.94;;;;;;;;
124;16.5;22.5;1.1;5;Successful;Effective;collision;19.07;vtypeauto.1;vtypeauto.0;446.09;edge_0_0_0;0.0;-5.0;0.2;-6.74;0.31;-7.81;0.38;-8.31;;;;;;;;
125;16.5;22.5;1.1;8;Successful;Effective;collision;19.72;vtypeauto.1;vtypeauto.0;463.29;edge_0_0_0;0.0;-5.0;0.2;-6.74;0.31;-7.81;0.38;-8.31;;;;;;;;
126;16.5;22.5;1.1;10;Successful;Effective;collision;20.26;vtypeauto.1;vtypeauto.0;474.50;edge_0_0_0;0.0;-5.0;0.2;-6.74;0.31;-7.81;0.38;-8.31;;;;;;;;
127;16.6;22.6;0.5;5;Successful;Effective;collision;20.82;vtypeauto.1;vtypeauto.0;463.36;edge_0_0_0;0.0;-5.0;0.2;-5.8;0.31;-6.22;0.38;-6.37;;;;;;;;
128;16.6;22.6;0.5;8;Successful;Effective;No;No;No;No;No;No;0.0;-5.0;0.2;-5.8;0.31;-6.22;0.38;-6.37;;;;;;;;
129;16.6;22.6;0.5;10;Successful;Effective;No;No;No;No;No;No;0.0;-5.0;0.2;-5.8;0.31;-6.22;0.38;-6.37;;;;;;;;
130;16.6;22.6;0.6;5;Successful;Effective;collision;20.00;vtypeauto.1;vtypeauto.0;457.15;edge_0_0_0;0.0;-5.0;0.2;-5.95;0.31;-6.46;0.38;-6.65;;;;;;;;
131;16.6;22.6;0.6;8;Successful;Effective;No;No;No;No;No;No;0.0;-5.0;0.2;-5.95;0.31;-6.46;0.38;-6.65;;;;;;;;
132;16.6;22.6;0.6;10;Successful;Effective;No;No;No;No;No;No;0.0;-5.0;0.2;-5.95;0.31;-6.46;0.38;-6.65;;;;;;;;
133;16.6;22.6;0.7;5;Successful;Effective;collision;19.62;vtypeauto.1;vtypeauto.0;453.15;edge_0_0_0;0.0;-5.0;0.2;-6.1;0.31;-6.71;0.38;-6.95;;;;;;;;
134;16.6;22.6;0.7;8;Successful;Effective;No;No;No;No;No;No;0.0;-5.0;0.2;-6.1;0.31;-6.71;0.38;-6.95;;;;;;;;
135;16.6;22.6;0.7;10;Successful;Effective;No;No;No;No;No;No;0.0;-5.0;0.2;-6.1;0.31;-6.71;0.38;-6.95;;;;;;;;
136;16.6;22.6;0.8;5;Successful;Effective;collision;19.39;vtypeauto.1;vtypeauto.0;450.37;edge_0_0_0;0.0;-5.0;0.2;-6.26;0.31;-6.98;0.38;-7.26;;;;;;;;
137;16.6;22.6;0.8;8;Successful;Effective;collision;20.65;vtypeauto.1;vtypeauto.0;471.35;edge_0_0_0;0.0;-5.0;0.2;-6.26;0.31;-6.98;0.38;-7.26;;;;;;;;
138;16.6;22.6;0.8;10;Successful;Effective;No;No;No;No;No;No;0.0;-5.0;0.2;-6.26;0.31;-6.98;0.38;-7.26;;;;;;;;
139;16.6;22.6;0.9;5;Successful;Effective;collision;19.24;vtypeauto.1;vtypeauto.0;448.42;edge_0_0_0;0.0;-5.0;0.2;-6.42;0.31;-7.25;0.38;-7.59;;;;;;;;
140;16.6;22.6;0.9;8;Successful;Effective;collision;20.18;vtypeauto.1;vtypeauto.0;467.82;edge_0_0_0;0.0;-5.0;0.2;-6.42;0.31;-7.25;0.38;-7.59;;;;;;;;
141;16.6;22.6;0.9;10;Successful;Effective;collision;21.28;vtypeauto.1;vtypeauto.0;480.37;edge_0_0_0;0.0;-5.0;0.2;-6.42;0.31;-7.25;0.38;-7.59;;;;;;;;
142;16.6;22.6;1.0;5;Successful;Effective;collision;19.14;vtypeauto.1;vtypeauto.0;447.07;edge_0_0_0;0.0;-5.0;0.2;-6.58;0.31;-7.52;0.38;-7.94;;;;;;;;
143;16.6;22.6;1.0;8;Successful;Effective;collision;19.90;vtypeauto.1;vtypeauto.0;465.18;edge_0_0_0;0.0;-5.0;0.2;-6.58;0.31;-7.52;0.38;-7.94;;;;;;;;
144;16.6;22.6;1.0;10;Successful;Effective;collision;20.61;vtypeauto.1;vtypeauto.0;477.10;edge_0_0_0;0.0;-5.0;0.2;-6.58;0.31;-7.52;0.38;-7.94;;;;;;;;
145;16.6;22.6;1.1;5;Successful;Effective;collision;19.07;vtypeauto.1;vtypeauto.0;446.09;edge_0_0_0;0.0;-5.0;0.2;-6.74;0.31;-7.81;0.38;-8.31;;;;;;;;
146;16.6;22.6;1.1;8;Successful;Effective;collision;19.72;vtypeauto.1;vtypeauto.0;463.29;edge_0_0_0;0.0;-5.0;0.2;-6.74;0.31;-7.81;0.38;-8.31;;;;;;;;
147;16.6;22.6;1.1;10;Successful;Effective;collision;20.26;vtypeauto.1;vtypeauto.0;474.50;edge_0_0_0;0.0;-5.0;0.2;-6.74;0.31;-7.81;0.38;-8.31;;;;;;;;
148;16.7;22.7;0.5;5;Successful;Effective;collision;20.82;vtypeauto.1;vtypeauto.0;463.36;edge_0_0_0;0.0;-5.0;0.2;-5.8;0.31;-6.22;0.38;-6.37;;;;;;;;
149;16.7;22.7;0.5;8;Successful;Effective;No;No;No;No;No;No;0.0;-5.0;0.2;-5.8;0.31;-6.22;0.38;-6.37;;;;;;;;
150;16.7;22.7;0.5;10;Successful;Effective;No;No;No;No;No;No;0.0;-5.0;0.2;-5.8;0.31;-6.22;0.38;-6.37;;;;;;;;
151;16.7;22.7;0.6;5;Successful;Effective;collision;20.00;vtypeauto.1;vtypeauto.0;457.15;edge_0_0_0;0.0;-5.0;0.2;-5.95;0.31;-6.46;0.38;-6.65;;;;;;;;
152;16.7;22.7;0.6;8;Successful;Effective;No;No;No;No;No;No;0.0;-5.0;0.2;-5.95;0.31;-6.46;0.38;-6.65;;;;;;;;
153;16.7;22.7;0.6;10;Successful;Effective;No;No;No;No;No;No;0.0;-5.0;0.2;-5.95;0.31;-6.46;0.38;-6.65;;;;;;;;
154;16.7;22.7;0.7;5;Successful;Effective;collision;19.62;vtypeauto.1;vtypeauto.0;453.15;edge_0_0_0;0.0;-5.0;0.2;-6.1;0.31;-6.71;0.38;-6.95;;;;;;;;
155;16.7;22.7;0.7;8;Successful;Effective;No;No;No;No;No;No;0.0;-5.0;0.2;-6.1;0.31;-6.71;0.38;-6.95;;;;;;;;
156;16.7;22.7;0.7;10;Successful;Effective;No;No;No;No;No;No;0.0;-5.0;0.2;-6.1;0.31;-6.71;0.38;-6.95;;;;;;;;
157;16.7;22.7;0.8;5;Successful;Effective;collision;19.39;vtypeauto.1;vtypeauto.0;450.37;edge_0_0_0;0.0;-5.0;0.2;-6.26;0.31;-6.98;0.38;-7.26;;;;;;;;
158;16.7;22.7;0.8;8;Successful;Effective;collision;20.65;vtypeauto.1;vtypeauto.0;471.35;edge_0_0_0;0.0;-5.0;0.2;-6.26;0.31;-6.98;0.38;-7.26;;;;;;;;
159;16.7;22.7;0.8;10;Successful;Effective;No;No;No;No;No;No;0.0;-5.0;0.2;-6.26;0.31;-6.98;0.38;-7.26;;;;;;;;
160;16.7;22.7;0.9;5;Successful;Effective;collision;19.24;vtypeauto.1;vtypeauto.0;448.42;edge_0_0_0;0.0;-5.0;0.2;-6.42;0.31;-7.25;0.38;-7.59;;;;;;;;
161;16.7;22.7;0.9;8;Successful;Effective;collision;20.18;vtypeauto.1;vtypeauto.0;467.82;edge_0_0_0;0.0;-5.0;0.2;-6.42;0.31;-7.25;0.38;-7.59;;;;;;;;
162;16.7;22.7;0.9;10;Successful;Effective;collision;21.28;vtypeauto.1;vtypeauto.0;480.37;edge_0_0_0;0.0;-5.0;0.2;-6.42;0.31;-7.25;0.38;-7.59;;;;;;;;
163;16.7;22.7;1.0;5;Successful;Effective;collision;19.14;vtypeauto.1;vtypeauto.0;447.07;edge_0_0_0;0.0;-5.0;0.2;-6.58;0.31;-7.52;0.38;-7.94;;;;;;;;
164;16.7;22.7;1.0;8;Successful;Effective;collision;19.90;vtypeauto.1;vtypeauto.0;465.18;edge_0_0_0;0.0;-5.0;0.2;-6.58;0.31;-7.52;0.38;-7.94;;;;;;;;
165;16.7;22.7;1.0;10;Successful;Effective;collision;20.61;vtypeauto.1;vtypeauto.0;477.10;edge_0_0_0;0.0;-5.0;0.2;-6.58;0.31;-7.52;0.38;-7.94;;;;;;;;
166;16.7;22.7;1.1;5;Successful;Effective;collision;19.07;vtypeauto.1;vtypeauto.0;446.09;edge_0_0_0;0.0;-5.0;0.2;-6.74;0.31;-7.81;0.38;-8.31;;;;;;;;
167;16.7;22.7;1.1;8;Successful;Effective;collision;19.72;vtypeauto.1;vtypeauto.0;463.29;edge_0_0_0;0.0;-5.0;0.2;-6.74;0.31;-7.81;0.38;-8.31;;;;;;;;
168;16.7;22.7;1.1;10;Successful;Effective;collision;20.26;vtypeauto.1;vtypeauto.0;474.50;edge_0_0_0;0.0;-5.0;0.2;-6.74;0.31;-7.81;0.38;-8.31;;;;;;;;
169;16.8;22.8;0.5;5;Successful;Effective;collision;20.82;vtypeauto.1;vtypeauto.0;463.36;edge_0_0_0;0.0;-5.0;0.2;-5.8;0.31;-6.22;0.38;-6.37;;;;;;;;
170;16.8;22.8;0.5;8;Successful;Effective;No;No;No;No;No;No;0.0;-5.0;0.2;-5.8;0.31;-6.22;0.38;-6.37;;;;;;;;
171;16.8;22.8;0.5;10;Successful;Effective;No;No;No;No;No;No;0.0;-5.0;0.2;-5.8;0.31;-6.22;0.38;-6.37;;;;;;;;
172;16.8;22.8;0.6;5;Successful;Effective;collision;20.00;vtypeauto.1;vtypeauto.0;457.15;edge_0_0_0;0.0;-5.0;0.2;-5.95;0.31;-6.46;0.38;-6.65;;;;;;;;
173;16.8;22.8;0.6;8;Successful;Effective;No;No;No;No;No;No;0.0;-5.0;0.2;-5.95;0.31;-6.46;0.38;-6.65;;;;;;;;
174;16.8;22.8;0.6;10;Successful;Effective;No;No;No;No;No;No;0.0;-5.0;0.2;-5.95;0.31;-6.46;0.38;-6.65;;;;;;;;
175;16.8;22.8;0.7;5;Successful;Effective;collision;19.62;vtypeauto.1;vtypeauto.0;453.15;edge_0_0_0;0.0;-5.0;0.2;-6.1;0.31;-6.71;0.38;-6.95;;;;;;;;
176;16.8;22.8;0.7;8;Successful;Effective;No;No;No;No;No;No;0.0;-5.0;0.2;-6.1;0.31;-6.71;0.38;-6.95;;;;;;;;
177;16.8;22.8;0.7;10;Successful;Effective;No;No;No;No;No;No;0.0;-5.0;0.2;-6.1;0.31;-6.71;0.38;-6.95;;;;;;;;
178;16.8;22.8;0.8;5;Successful;Effective;collision;19.39;vtypeauto.1;vtypeauto.0;450.37;edge_0_0_0;0.0;-5.0;0.2;-6.26;0.31;-6.98;0.38;-7.26;;;;;;;;
179;16.8;22.8;0.8;8;Successful;Effective;collision;20.65;vtypeauto.1;vtypeauto.0;471.35;edge_0_0_0;0.0;-5.0;0.2;-6.26;0.31;-6.98;0.38;-7.26;;;;;;;;
180;16.8;22.8;0.8;10;Successful;Effective;No;No;No;No;No;No;0.0;-5.0;0.2;-6.26;0.31;-6.98;0.38;-7.26;;;;;;;;
181;16.8;22.8;0.9;5;Successful;Effective;collision;19.24;vtypeauto.1;vtypeauto.0;448.42;edge_0_0_0;0.0;-5.0;0.2;-6.42;0.31;-7.25;0.38;-7.59;;;;;;;;
182;16.8;22.8;0.9;8;Successful;Effective;collision;20.18;vtypeauto.1;vtypeauto.0;467.82;edge_0_0_0;0.0;-5.0;0.2;-6.42;0.31;-7.25;0.38;-7.59;;;;;;;;
183;16.8;22.8;0.9;10;Successful;Effective;collision;21.28;vtypeauto.1;vtypeauto.0;480.37;edge_0_0_0;0.0;-5.0;0.2;-6.42;0.31;-7.25;0.38;-7.59;;;;;;;;
184;16.8;22.8;1.0;5;Successful;Effective;collision;19.14;vtypeauto.1;vtypeauto.0;447.07;edge_0_0_0;0.0;-5.0;0.2;-6.58;0.31;-7.52;0.38;-7.94;;;;;;;;
185;16.8;22.8;1.0;8;Successful;Effective;collision;19.90;vtypeauto.1;vtypeauto.0;465.18;edge_0_0_0;0.0;-5.0;0.2;-6.58;0.31;-7.52;0.38;-7.94;;;;;;;;
186;16.8;22.8;1.0;10;Successful;Effective;collision;20.61;vtypeauto.1;vtypeauto.0;477.10;edge_0_0_0;0.0;-5.0;0.2;-6.58;0.31;-7.52;0.38;-7.94;;;;;;;;
187;16.8;22.8;1.1;5;Successful;Effective;collision;19.07;vtypeauto.1;vtypeauto.0;446.09;edge_0_0_0;0.0;-5.0;0.2;-6.74;0.31;-7.81;0.38;-8.31;;;;;;;;
188;16.8;22.8;1.1;8;Successful;Effective;collision;19.72;vtypeauto.1;vtypeauto.0;463.29;edge_0_0_0;0.0;-5.0;0.2;-6.74;0.31;-7.81;0.38;-8.31;;;;;;;;
189;16.8;22.8;1.1;10;Successful;Effective;collision;20.26;vtypeauto.1;vtypeauto.0;474.50;edge_0_0_0;0.0;-5.0;0.2;-6.74;0.31;-7.81;0.38;-8.31;;;;;;;;
190;16.9;22.9;0.5;5;Successful;Effective;collision;20.82;vtypeauto.1;vtypeauto.0;463.36;edge_0_0_0;0.0;-5.0;0.2;-5.8;0.31;-6.22;0.38;-6.37;;;;;;;;
191;16.9;22.9;0.5;8;Successful;Effective;No;No;No;No;No;No;0.0;-5.0;0.2;-5.8;0.31;-6.22;0.38;-6.37;;;;;;;;
192;16.9;22.9;0.5;10;Successful;Effective;No;No;No;No;No;No;0.0;-5.0;0.2;-5.8;0.31;-6.22;0.38;-6.37;;;;;;;;
193;16.9;22.9;0.6;5;Successful;Effective;collision;20.00;vtypeauto.1;vtypeauto.0;457.15;edge_0_0_0;0.0;-5.0;0.2;-5.95;0.31;-6.46;0.38;-6.65;;;;;;;;
194;16.9;22.9;0.6;8;Successful;Effective;No;No;No;No;No;No;0.0;-5.0;0.2;-5.95;0.31;-6.46;0.38;-6.65;;;;;;;;
195;16.9;22.9;0.6;10;Successful;Effective;No;No;No;No;No;No;0.0;-5.0;0.2;-5.95;0.31;-6.46;0.38;-6.65;;;;;;;;
196;16.9;22.9;0.7;5;Successful;Effective;collision;19.62;vtypeauto.1;vtypeauto.0;453.15;edge_0_0_0;0.0;-5.0;0.2;-6.1;0.31;-6.71;0.38;-6.95;;;;;;;;
197;16.9;22.9;0.7;8;Successful;Effective;No;No;No;No;No;No;0.0;-5.0;0.2;-6.1;0.31;-6.71;0.38;-6.95;;;;;;;;
198;16.9;22.9;0.7;10;Successful;Effective;No;No;No;No;No;No;0.0;-5.0;0.2;-6.1;0.31;-6.71;0.38;-6.95;;;;;;;;
199;16.9;22.9;0.8;5;Successful;Effective;collision;19.39;vtypeauto.1;vtypeauto.0;450.37;edge_0_0_0;0.0;-5.0;0.2;-6.26;0.31;-6.98;0.38;-7.26;;;;;;;;
200;16.9;22.9;0.8;8;Successful;Effective;collision;20.65;vtypeauto.1;vtypeauto.0;471.35;edge_0_0_0;0.0;-5.0;0.2;-6.26;0.31;-6.98;0.38;-7.26;;;;;;;;
201;16.9;22.9;0.8;10;Successful;Effective;No;No;No;No;No;No;0.0;-5.0;0.2;-6.26;0.31;-6.98;0.38;-7.26;;;;;;;;
202;16.9;22.9;0.9;5;Successful;Effective;collision;19.24;vtypeauto.1;vtypeauto.0;448.42;edge_0_0_0;0.0;-5.0;0.2;-6.42;0.31;-7.25;0.38;-7.59;;;;;;;;
203;16.9;22.9;0.9;8;Successful;Effective;collision;20.18;vtypeauto.1;vtypeauto.0;467.82;edge_0_0_0;0.0;-5.0;0.2;-6.42;0.31;-7.25;0.38;-7.59;;;;;;;;
204;16.9;22.9;0.9;10;Successful;Effective;collision;21.28;vtypeauto.1;vtypeauto.0;480.37;edge_0_0_0;0.0;-5.0;0.2;-6.42;0.31;-7.25;0.38;-7.59;;;;;;;;
205;16.9;22.9;1.0;5;Successful;Effective;collision;19.14;vtypeauto.1;vtypeauto.0;447.07;edge_0_0_0;0.0;-5.0;0.2;-6.58;0.31;-7.52;0.38;-7.94;;;;;;;;
206;16.9;22.9;1.0;8;Successful;Effective;collision;19.90;vtypeauto.1;vtypeauto.0;465.18;edge_0_0_0;0.0;-5.0;0.2;-6.58;0.31;-7.52;0.38;-7.94;;;;;;;;
207;16.9;22.9;1.0;10;Successful;Effective;collision;20.61;vtypeauto.1;vtypeauto.0;477.10;edge_0_0_0;0.0;-5.0;0.2;-6.58;0.31;-7.52;0.38;-7.94;;;;;;;;
208;16.9;22.9;1.1;5;Successful;Effective;collision;19.07;vtypeauto.1;vtypeauto.0;446.09;edge_0_0_0;0.0;-5.0;0.2;-6.74;0.31;-7.81;0.38;-8.31;;;;;;;;
209;16.9;22.9;1.1;8;Successful;Effective;collision;19.72;vtypeauto.1;vtypeauto.0;463.29;edge_0_0_0;0.0;-5.0;0.2;-6.74;0.31;-7.81;0.38;-8.31;;;;;;;;
210;16.9;22.9;1.1;10;Successful;Effective;collision;20.26;vtypeauto.1;vtypeauto.0;474.50;edge_0_0_0;0.0;-5.0;0.2;-6.74;0.31;-7.81;0.38;-8.31;;;;;;;;
211;17.0;23.0;0.5;5;Successful;Effective;collision;20.82;vtypeauto.1;vtypeauto.0;463.36;edge_0_0_0;0.0;-5.0;0.2;-5.8;0.31;-6.22;0.38;-6.37;;;;;;;;
212;17.0;23.0;0.5;8;Successful;Effective;No;No;No;No;No;No;0.0;-5.0;0.2;-5.8;0.31;-6.22;0.38;-6.37;;;;;;;;
213;17.0;23.0;0.5;10;Successful;Effective;No;No;No;No;No;No;0.0;-5.0;0.2;-5.8;0.31;-6.22;0.38;-6.37;;;;;;;;
214;17.0;23.0;0.6;5;Successful;Effective;collision;20.00;vtypeauto.1;vtypeauto.0;457.15;edge_0_0_0;0.0;-5.0;0.2;-5.95;0.31;-6.46;0.38;-6.65;;;;;;;;
215;17.0;23.0;0.6;8;Successful;Effective;No;No;No;No;No;No;0.0;-5.0;0.2;-5.95;0.31;-6.46;0.38;-6.65;;;;;;;;
216;17.0;23.0;0.6;10;Successful;Effective;No;No;No;No;No;No;0.0;-5.0;0.2;-5.95;0.31;-6.46;0.38;-6.65;;;;;;;;
217;17.0;23.0;0.7;5;Successful;Effective;collision;19.62;vtypeauto.1;vtypeauto.0;453.15;edge_0_0_0;0.0;-5.0;0.2;-6.1;0.31;-6.71;0.38;-6.95;;;;;;;;
218;17.0;23.0;0.7;8;Successful;Effective;No;No;No;No;No;No;0.0;-5.0;0.2;-6.1;0.31;-6.71;0.38;-6.95;;;;;;;;
219;17.0;23.0;0.7;10;Successful;Effective;No;No;No;No;No;No;0.0;-5.0;0.2;-6.1;0.31;-6.71;0.38;-6.95;;;;;;;;
220;17.0;23.0;0.8;5;Successful;Effective;collision;19.39;vtypeauto.1;vtypeauto.0;450.37;edge_0_0_0;0.0;-5.0;0.2;-6.26;0.31;-6.98;0.38;-7.26;;;;;;;;
221;17.0;23.0;0.8;8;Successful;Effective;collision;20.65;vtypeauto.1;vtypeauto.0;471.35;edge_0_0_0;0.0;-5.0;0.2;-6.26;0.31;-6.98;0.38;-7.26;;;;;;;;
222;17.0;23.0;0.8;10;Successful;Effective;No;No;No;No;No;No;0.0;-5.0;0.2;-6.26;0.31;-6.98;0.38;-7.26;;;;;;;;
223;17.0;23.0;0.9;5;Successful;Effective;collision;19.24;vtypeauto.1;vtypeauto.0;448.42;edge_0_0_0;0.0;-5.0;0.2;-6.42;0.31;-7.25;0.38;-7.59;;;;;;;;
224;17.0;23.0;0.9;8;Successful;Effective;collision;20.18;vtypeauto.1;vtypeauto.0;467.82;edge_0_0_0;0.0;-5.0;0.2;-6.42;0.31;-7.25;0.38;-7.59;;;;;;;;
225;17.0;23.0;0.9;10;Successful;Effective;collision;21.28;vtypeauto.1;vtypeauto.0;480.37;edge_0_0_0;0.0;-5.0;0.2;-6.42;0.31;-7.25;0.38;-7.59;;;;;;;;
226;17.0;23.0;1.0;5;Successful;Effective;collision;19.14;vtypeauto.1;vtypeauto.0;447.07;edge_0_0_0;0.0;-5.0;0.2;-6.58;0.31;-7.52;0.38;-7.94;;;;;;;;
227;17.0;23.0;1.0;8;Successful;Effective;collision;19.90;vtypeauto.1;vtypeauto.0;465.18;edge_0_0_0;0.0;-5.0;0.2;-6.58;0.31;-7.52;0.38;-7.94;;;;;;;;
228;17.0;23.0;1.0;10;Successful;Effective;collision;20.61;vtypeauto.1;vtypeauto.0;477.10;edge_0_0_0;0.0;-5.0;0.2;-6.58;0.31;-7.52;0.38;-7.94;;;;;;;;
229;17.0;23.0;1.1;5;Successful;Effective;collision;19.07;vtypeauto.1;vtypeauto.0;446.09;edge_0_0_0;0.0;-5.0;0.2;-6.74;0.31;-7.81;0.38;-8.31;;;;;;;;
230;17.0;23.0;1.1;8;Successful;Effective;collision;19.72;vtypeauto.1;vtypeauto.0;463.29;edge_0_0_0;0.0;-5.0;0.2;-6.74;0.31;-7.81;0.38;-8.31;;;;;;;;
231;17.0;23.0;1.1;10;Successful;Effective;collision;20.26;vtypeauto.1;vtypeauto.0;474.50;edge_0_0_0;0.0;-5.0;0.2;-6.74;0.31;-7.81;0.38;-8.31;;;;;;;;
232;17.1;23.1;0.5;5;Successful;Effective;No;No;No;No;No;No;0.0;-5.0;0.2;-5.15;0.31;-5.55;0.38;-5.77;;;;;;;;
233;17.1;23.1;0.5;8;Successful;Effective;No;No;No;No;No;No;0.0;-5.0;0.2;-5.15;0.31;-5.55;0.38;-5.77;;;;;;;;
234;17.1;23.1;0.5;10;Successful;Effective;No;No;No;No;No;No;0.0;-5.0;0.2;-5.15;0.31;-5.55;0.38;-5.77;;;;;;;;
235;17.1;23.1;0.6;5;Successful;Effective;No;No;No;No;No;No;0.0;-5.0;0.2;-5.17;0.31;-5.64;0.38;-5.9;;;;;;;;
236;17.1;23.1;0.6;8;Successful;Effective;No;No;No;No;No;No;0.0;-5.0;0.2;-5.17;0.31;-5.64;0.38;-5.9;;;;;;;;
237;17.1;23.1;0.6;10;Successful;Effective;No;No;No;No;No;No;0.0;-5.0;0.2;-5.17;0.31;-5.64;0.38;-5.9;;;;;;;;
238;17.1;23.1;0.7;5;Successful;Effective;No;No;No;No;No;No;0.0;-5.0;0.2;-5.2;0.31;-5.72;0.38;-6.03;;;;;;;;
239;17.1;23.1;0.7;8;Successful;Effective;No;No;No;No;No;No;0.0;-5.0;0.2;-5.2;0.31;-5.72;0.38;-6.03;;;;;;;;
240;17.1;23.1;0.7;10;Successful;Effective;No;No;No;No;No;No;0.0;-5.0;0.2;-5.2;0.31;-5.72;0.38;-6.03;;;;;;;;
241;17.1;23.1;0.8;5;Successful;Effective;No;No;No;No;No;No;0.0;-5.0;0.2;-5.23;0.31;-5.81;0.38;-6.16;;;;;;;;
242;17.1;23.1;0.8;8;Successful;Effective;No;No;No;No;No;No;0.0;-5.0;0.2;-5.23;0.31;-5.81;0.38;-6.16;;;;;;;;
243;17.1;23.1;0.8;10;Successful;Effective;No;No;No;No;No;No;0.0;-5.0;0.2;-5.23;0.31;-5.81;0.38;-6.16;;;;;;;;
244;17.1;23.1;0.9;5;Successful;Effective;collision;21.68;vtypeauto.2;vtypeauto.1;458.70;edge_0_0_0;0.0;-5.0;0.2;-5.26;0.31;-5.9;0.38;-6.29;;;;;;;;
245;17.1;23.1;0.9;8;Successful;Effective;No;No;No;No;No;No;0.0;-5.0;0.2;-5.26;0.31;-5.9;0.38;-6.29;;;;;;;;
246;17.1;23.1;0.9;10;Successful;Effective;No;No;No;No;No;No;0.0;-5.0;0.2;-5.26;0.31;-5.9;0.38;-6.29;;;;;;;;
247;17.1;23.1;1.0;5;Successful;Effective;collision;21.09;vtypeauto.2;vtypeauto.1;457.19;edge_0_0_0;0.0;-5.0;0.2;-5.3;0.31;-5.98;0.38;-6.42;;;;;;;;
248;17.1;23.1;1.0;8;Successful;Effective;No;No;No;No;No;No;0.0;-5.0;0.2;-5.3;0.31;-5.98;0.38;-6.42;;;;;;;;
249;17.1;23.1;1.0;10;Successful;Effective;No;No;No;No;No;No;0.0;-5.0;0.2;-5.3;0.31;-5.98;0.38;-6.42;;;;;;;;
250;17.1;23.1;1.1;5;Successful;Effective;collision;20.78;vtypeauto.2;vtypeauto.1;455.76;edge_0_0_0;0.0;-5.0;0.2;-5.35;0.31;-6.07;0.38;-6.55;;;;;;;;
251;17.1;23.1;1.1;8;Successful;Effective;No;No;No;No;No;No;0.0;-5.0;0.2;-5.35;0.31;-6.07;0.38;-6.55;;;;;;;;
252;17.1;23.1;1.1;10;Successful;Effective;No;No;No;No;No;No;0.0;-5.0;0.2;-5.35;0.31;-6.07;0.38;-6.55;;;;;;;;
253;17.2;23.2;0.5;5;Successful;Effective;No;No;No;No;No;No;0.0;-5.0;0.2;-5.13;0.31;-5.23;0.38;-5.42;;;;;;;;
254;17.2;23.2;0.5;8;Successful;Effective;No;No;No;No;No;No;0.0;-5.0;0.2;-5.13;0.31;-5.23;0.38;-5.42;;;;;;;;
255;17.2;23.2;0.5;10;Successful;Effective;No;No;No;No;No;No;0.0;-5.0;0.2;-5.13;0.31;-5.23;0.38;-5.42;;;;;;;;
256;17.2;23.2;0.6;5;Successful;Effective;No;No;No;No;No;No;0.0;-5.0;0.2;-5.15;0.31;-5.26;0.38;-5.47;;;;;;;;
257;17.2;23.2;0.6;8;Successful;Effective;No;No;No;No;No;No;0.0;-5.0;0.2;-5.15;0.31;-5.26;0.38;-5.47;;;;;;;;
258;17.2;23.2;0.6;10;Successful;Effective;No;No;No;No;No;No;0.0;-5.0;0.2;-5.15;0.31;-5.26;0.38;-5.47;;;;;;;;
259;17.2;23.2;0.7;5;Successful;Effective;No;No;No;No;No;No;0.0;-5.0;0.2;-5.18;0.31;-5.3;0.38;-5.52;;;;;;;;
260;17.2;23.2;0.7;8;Successful;Effective;No;No;No;No;No;No;0.0;-5.0;0.2;-5.18;0.31;-5.3;0.38;-5.52;;;;;;;;
261;17.2;23.2;0.7;10;Successful;Effective;No;No;No;No;No;No;0.0;-5.0;0.2;-5.18;0.31;-5.3;0.38;-5.52;;;;;;;;
262;17.2;23.2;0.8;5;Successful;Effective;No;No;No;No;No;No;0.0;-5.0;0.2;-5.2;0.31;-5.34;0.38;-5.57;;;;;;;;
263;17.2;23.2;0.8;8;Successful;Effective;No;No;No;No;No;No;0.0;-5.0;0.2;-5.2;0.31;-5.34;0.38;-5.57;;;;;;;;
264;17.2;23.2;0.8;10;Successful;Effective;No;No;No;No;No;No;0.0;-5.0;0.2;-5.2;0.31;-5.34;0.38;-5.57;;;;;;;;
265;17.2;23.2;0.9;5;Successful;Effective;No;No;No;No;No;No;0.0;-5.0;0.2;-5.23;0.31;-5.39;0.38;-5.63;;;;;;;;
266;17.2;23.2;0.9;8;Successful;Effective;No;No;No;No;No;No;0.0;-5.0;0.2;-5.23;0.31;-5.39;0.38;-5.63;;;;;;;;
267;17.2;23.2;0.9;10;Successful;Effective;No;No;No;No;No;No;0.0;-5.0;0.2;-5.23;0.31;-5.39;0.38;-5.63;;;;;;;;
268;17.2;23.2;1.0;5;Successful;Effective;No;No;No;No;No;No;0.0;-5.0;0.2;-5.26;0.31;-5.44;0.38;-5.69;;;;;;;;
269;17.2;23.2;1.0;8;Successful;Effective;No;No;No;No;No;No;0.0;-5.0;0.2;-5.26;0.31;-5.44;0.38;-5.69;;;;;;;;
270;17.2;23.2;1.0;10;Successful;Effective;No;No;No;No;No;No;0.0;-5.0;0.2;-5.26;0.31;-5.44;0.38;-5.69;;;;;;;;
271;17.2;23.2;1.1;5;Successful;Effective;No;No;No;No;No;No;0.0;-5.0;0.2;-5.29;0.31;-5.51;0.38;-5.73;;;;;;;;
272;17.2;23.2;1.1;8;Successful;Effective;No;No;No;No;No;No;0.0;-5.0;0.2;-5.29;0.31;-5.51;0.38;-5.73;;;;;;;;
273;17.2;23.2;1.1;10;Successful;Effective;No;No;No;No;No;No;0.0;-5.0;0.2;-5.29;0.31;-5.51;0.38;-5.73;;;;;;;;
274;17.3;23.3;0.5;5;Successful;Effective;No;No;No;No;No;No;0.0;-5.0;0.2;-5.12;0.31;-5.21;0.38;-5.26;;;;;;;;
275;17.3;23.3;0.5;8;Successful;Effective;No;No;No;No;No;No;0.0;-5.0;0.2;-5.12;0.31;-5.21;0.38;-5.26;;;;;;;;
276;17.3;23.3;0.5;10;Successful;Effective;No;No;No;No;No;No;0.0;-5.0;0.2;-5.12;0.31;-5.21;0.38;-5.26;;;;;;;;
277;17.3;23.3;0.6;5;Successful;Effective;No;No;No;No;No;No;0.0;-5.0;0.2;-5.14;0.31;-5.24;0.38;-5.29;;;;;;;;
278;17.3;23.3;0.6;8;Successful;Effective;No;No;No;No;No;No;0.0;-5.0;0.2;-5.14;0.31;-5.24;0.38;-5.29;;;;;;;;
279;17.3;23.3;0.6;10;Successful;Effective;No;No;No;No;No;No;0.0;-5.0;0.2;-5.14;0.31;-5.24;0.38;-5.29;;;;;;;;
280;17.3;23.3;0.7;5;Successful;Effective;No;No;No;No;No;No;0.0;-5.0;0.2;-5.16;0.31;-5.26;0.38;-5.33;;;;;;;;
281;17.3;23.3;0.7;8;Successful;Effective;No;No;No;No;No;No;0.0;-5.0;0.2;-5.16;0.31;-5.26;0.38;-5.33;;;;;;;;
282;17.3;23.3;0.7;10;Successful;Effective;No;No;No;No;No;No;0.0;-5.0;0.2;-5.16;0.31;-5.26;0.38;-5.33;;;;;;;;
283;17.3;23.3;0.8;5;Successful;Effective;No;No;No;No;No;No;0.0;-5.0;0.2;-5.18;0.31;-5.3;0.38;-5.37;;;;;;;;
284;17.3;23.3;0.8;8;Successful;Effective;No;No;No;No;No;No;0.0;-5.0;0.2;-5.18;0.31;-5.3;0.38;-5.37;;;;;;;;
285;17.3;23.3;0.8;10;Successful;Effective;No;No;No;No;No;No;0.0;-5.0;0.2;-5.18;0.31;-5.3;0.38;-5.37;;;;;;;;
286;17.3;23.3;0.9;5;Successful;Effective;No;No;No;No;No;No;0.0;-5.0;0.2;-5.2;0.31;-5.34;0.38;-5.41;;;;;;;;
287;17.3;23.3;0.9;8;Successful;Effective;No;No;No;No;No;No;0.0;-5.0;0.2;-5.2;0.31;-5.34;0.38;-5.41;;;;;;;;
288;17.3;23.3;0.9;10;Successful;Effective;No;No;No;No;No;No;0.0;-5.0;0.2;-5.2;0.31;-5.34;0.38;-5.41;;;;;;;;
289;17.3;23.3;1.0;5;Successful;Effective;No;No;No;No;No;No;0.0;-5.0;0.2;-5.22;0.31;-5.38;0.38;-5.44;;;;;;;;
290;17.3;23.3;1.0;8;Successful;Effective;No;No;No;No;No;No;0.0;-5.0;0.2;-5.22;0.31;-5.38;0.38;-5.44;;;;;;;;
291;17.3;23.3;1.0;10;Successful;Effective;No;No;No;No;No;No;0.0;-5.0;0.2;-5.22;0.31;-5.38;0.38;-5.44;;;;;;;;
292;17.3;23.3;1.1;5;Successful;Effective;No;No;No;No;No;No;0.0;-5.0;0.2;-5.25;0.31;-5.43;0.38;-5.44;;;;;;;;
293;17.3;23.3;1.1;8;Successful;Effective;No;No;No;No;No;No;0.0;-5.0;0.2;-5.25;0.31;-5.43;0.38;-5.44;;;;;;;;
294;17.3;23.3;1.1;10;Successful;Effective;No;No;No;No;No;No;0.0;-5.0;0.2;-5.25;0.31;-5.43;0.38;-5.44;;;;;;;;
295;17.4;23.4;0.5;5;Successful;Effective;No;No;No;No;No;No;0.0;-5.0;0.2;-5.11;0.31;-5.2;0.38;-5.25;;;;;;;;
296;17.4;23.4;0.5;8;Successful;Effective;No;No;No;No;No;No;0.0;-5.0;0.2;-5.11;0.31;-5.2;0.38;-5.25;;;;;;;;
297;17.4;23.4;0.5;10;Successful;Effective;No;No;No;No;No;No;0.0;-5.0;0.2;-5.11;0.31;-5.2;0.38;-5.25;;;;;;;;
298;17.4;23.4;0.6;5;Successful;Effective;No;No;No;No;No;No;0.0;-5.0;0.2;-5.13;0.31;-5.22;0.38;-5.27;;;;;;;;
299;17.4;23.4;0.6;8;Successful;Effective;No;No;No;No;No;No;0.0;-5.0;0.2;-5.13;0.31;-5.22;0.38;-5.27;;;;;;;;
300;17.4;23.4;0.6;10;Successful;Effective;No;No;No;No;No;No;0.0;-5.0;0.2;-5.13;0.31;-5.22;0.38;-5.27;;;;;;;;
301;17.4;23.4;0.7;5;Successful;Effective;No;No;No;No;No;No;0.0;-5.0;0.2;-5.14;0.31;-5.24;0.38;-5.29;;;;;;;;
302;17.4;23.4;0.7;8;Successful;Effective;No;No;No;No;No;No;0.0;-5.0;0.2;-5.14;0.31;-5.24;0.38;-5.29;;;;;;;;
303;17.4;23.4;0.7;10;Successful;Effective;No;No;No;No;No;No;0.0;-5.0;0.2;-5.14;0.31;-5.24;0.38;-5.29;;;;;;;;
304;17.4;23.4;0.8;5;Successful;Effective;No;No;No;No;No;No;0.0;-5.0;0.2;-5.16;0.31;-5.26;0.38;-5.32;;;;;;;;
305;17.4;23.4;0.8;8;Successful;Effective;No;No;No;No;No;No;0.0;-5.0;0.2;-5.16;0.31;-5.26;0.38;-5.32;;;;;;;;
306;17.4;23.4;0.8;10;Successful;Effective;No;No;No;No;No;No;0.0;-5.0;0.2;-5.16;0.31;-5.26;0.38;-5.32;;;;;;;;
307;17.4;23.4;0.9;5;Successful;Effective;No;No;No;No;No;No;0.0;-5.0;0.2;-5.17;0.31;-5.29;0.38;-5.35;;;;;;;;
308;17.4;23.4;0.9;8;Successful;Effective;No;No;No;No;No;No;0.0;-5.0;0.2;-5.17;0.31;-5.29;0.38;-5.35;;;;;;;;
309;17.4;23.4;0.9;10;Successful;Effective;No;No;No;No;No;No;0.0;-5.0;0.2;-5.17;0.31;-5.29;0.38;-5.35;;;;;;;;
310;17.4;23.4;1.0;5;Successful;Effective;No;No;No;No;No;No;0.0;-5.0;0.2;-5.2;0.31;-5.33;0.38;-5.37;;;;;;;;
311;17.4;23.4;1.0;8;Successful;Effective;No;No;No;No;No;No;0.0;-5.0;0.2;-5.2;0.31;-5.33;0.38;-5.37;;;;;;;;
312;17.4;23.4;1.0;10;Successful;Effective;No;No;No;No;No;No;0.0;-5.0;0.2;-5.2;0.31;-5.33;0.38;-5.37;;;;;;;;
313;17.4;23.4;1.1;5;Successful;Effective;No;No;No;No;No;No;0.0;-5.0;0.2;-5.22;0.31;-5.37;0.38;-5.36;;;;;;;;
314;17.4;23.4;1.1;8;Successful;Effective;No;No;No;No;No;No;0.0;-5.0;0.2;-5.22;0.31;-5.37;0.38;-5.36;;;;;;;;
315;17.4;23.4;1.1;10;Successful;Effective;No;No;No;No;No;No;0.0;-5.0;0.2;-5.22;0.31;-5.37;0.38;-5.36;;;;;;;;
316;17.5;23.5;0.5;5;Successful;Effective;No;No;No;No;No;No;0.0;-5.0;0.2;-5.11;0.31;-5.18;0.38;-5.23;;;;;;;;
317;17.5;23.5;0.5;8;Successful;Effective;No;No;No;No;No;No;0.0;-5.0;0.2;-5.11;0.31;-5.18;0.38;-5.23;;;;;;;;
318;17.5;23.5;0.5;10;Successful;Effective;No;No;No;No;No;No;0.0;-5.0;0.2;-5.11;0.31;-5.18;0.38;-5.23;;;;;;;;
319;17.5;23.5;0.6;5;Successful;Effective;No;No;No;No;No;No;0.0;-5.0;0.2;-5.12;0.31;-5.2;0.38;-5.24;;;;;;;;
320;17.5;23.5;0.6;8;Successful;Effective;No;No;No;No;No;No;0.0;-5.0;0.2;-5.12;0.31;-5.2;0.38;-5.24;;;;;;;;
321;17.5;23.5;0.6;10;Successful;Effective;No;No;No;No;No;No;0.0;-5.0;0.2;-5.12;0.31;-5.2;0.38;-5.24;;;;;;;;
322;17.5;23.5;0.7;5;Successful;Effective;No;No;No;No;No;No;0.0;-5.0;0.2;-5.13;0.31;-5.21;0.38;-5.26;;;;;;;;
323;17.5;23.5;0.7;8;Successful;Effective;No;No;No;No;No;No;0.0;-5.0;0.2;-5.13;0.31;-5.21;0.38;-5.26;;;;;;;;
324;17.5;23.5;0.7;10;Successful;Effective;No;No;No;No;No;No;0.0;-5.0;0.2;-5.13;0.31;-5.21;0.38;-5.26;;;;;;;;
325;17.5;23.5;0.8;5;Successful;Effective;No;No;No;No;No;No;0.0;-5.0;0.2;-5.14;0.31;-5.23;0.38;-5.28;;;;;;;;
326;17.5;23.5;0.8;8;Successful;Effective;No;No;No;No;No;No;0.0;-5.0;0.2;-5.14;0.31;-5.23;0.38;-5.28;;;;;;;;
327;17.5;23.5;0.8;10;Successful;Effective;No;No;No;No;No;No;0.0;-5.0;0.2;-5.14;0.31;-5.23;0.38;-5.28;;;;;;;;
328;17.5;23.5;0.9;5;Successful;Effective;No;No;No;No;No;No;0.0;-5.0;0.2;-5.15;0.31;-5.26;0.38;-5.31;;;;;;;;
329;17.5;23.5;0.9;8;Successful;Effective;No;No;No;No;No;No;0.0;-5.0;0.2;-5.15;0.31;-5.26;0.38;-5.31;;;;;;;;
330;17.5;23.5;0.9;10;Successful;Effective;No;No;No;No;No;No;0.0;-5.0;0.2;-5.15;0.31;-5.26;0.38;-5.31;;;;;;;;
331;17.5;23.5;1.0;5;Successful;Effective;No;No;No;No;No;No;0.0;-5.0;0.2;-5.17;0.31;-5.28;0.38;-5.31;;;;;;;;
332;17.5;23.5;1.0;8;Successful;Effective;No;No;No;No;No;No;0.0;-5.0;0.2;-5.17;0.31;-5.28;0.38;-5.31;;;;;;;;
333;17.5;23.5;1.0;10;Successful;Effective;No;No;No;No;No;No;0.0;-5.0;0.2;-5.17;0.31;-5.28;0.38;-5.31;;;;;;;;
334;17.5;23.5;1.1;5;Successful;Effective;No;No;No;No;No;No;0.0;-5.0;0.2;-5.19;0.31;-5.31;0.38;-5.3;;;;;;;;
335;17.5;23.5;1.1;8;Successful;Effective;No;No;No;No;No;No;0.0;-5.0;0.2;-5.19;0.31;-5.31;0.38;-5.3;;;;;;;;
336;17.5;23.5;1.1;10;Successful;Effective;No;No;No;No;No;No;0.0;-5.0;0.2;-5.19;0.31;-5.31;0.38;-5.3;;;;;;;;
337;17.6;23.6;0.5;5;Successful;Effective;No;No;No;No;No;No;0.0;-5.0;0.2;-5.1;0.31;-5.17;0.38;-5.22;;;;;;;;
338;17.6;23.6;0.5;8;Successful;Effective;No;No;No;No;No;No;0.0;-5.0;0.2;-5.1;0.31;-5.17;0.38;-5.22;;;;;;;;
339;17.6;23.6;0.5;10;Successful;Effective;No;No;No;No;No;No;0.0;-5.0;0.2;-5.1;0.31;-5.17;0.38;-5.22;;;;;;;;
340;17.6;23.6;0.6;5;Successful;Effective;No;No;No;No;No;No;0.0;-5.0;0.2;-5.11;0.31;-5.18;0.38;-5.23;;;;;;;;
341;17.6;23.6;0.6;8;Successful;Effective;No;No;No;No;No;No;0.0;-5.0;0.2;-5.11;0.31;-5.18;0.38;-5.23;;;;;;;;
342;17.6;23.6;0.6;10;Successful;Effective;No;No;No;No;No;No;0.0;-5.0;0.2;-5.11;0.31;-5.18;0.38;-5.23;;;;;;;;
343;17.6;23.6;0.7;5;Successful;Effective;No;No;No;No;No;No;0.0;-5.0;0.2;-5.12;0.31;-5.19;0.38;-5.24;;;;;;;;
344;17.6;23.6;0.7;8;Successful;Effective;No;No;No;No;No;No;0.0;-5.0;0.2;-5.12;0.31;-5.19;0.38;-5.24;;;;;;;;
345;17.6;23.6;0.7;10;Successful;Effective;No;No;No;No;No;No;0.0;-5.0;0.2;-5.12;0.31;-5.19;0.38;-5.24;;;;;;;;
346;17.6;23.6;0.8;5;Successful;Effective;No;No;No;No;No;No;0.0;-5.0;0.2;-5.13;0.31;-5.21;0.38;-5.25;;;;;;;;
347;17.6;23.6;0.8;8;Successful;Effective;No;No;No;No;No;No;0.0;-5.0;0.2;-5.13;0.31;-5.21;0.38;-5.25;;;;;;;;
348;17.6;23.6;0.8;10;Successful;Effective;No;No;No;No;No;No;0.0;-5.0;0.2;-5.13;0.31;-5.21;0.38;-5.25;;;;;;;;
349;17.6;23.6;0.9;5;Successful;Effective;No;No;No;No;No;No;0.0;-5.0;0.2;-5.14;0.31;-5.23;0.38;-5.27;;;;;;;;
350;17.6;23.6;0.9;8;Successful;Effective;No;No;No;No;No;No;0.0;-5.0;0.2;-5.14;0.31;-5.23;0.38;-5.27;;;;;;;;
351;17.6;23.6;0.9;10;Successful;Effective;No;No;No;No;No;No;0.0;-5.0;0.2;-5.14;0.31;-5.23;0.38;-5.27;;;;;;;;
352;17.6;23.6;1.0;5;Successful;Effective;No;No;No;No;No;No;0.0;-5.0;0.2;-5.15;0.31;-5.25;0.38;-5.27;;;;;;;;
353;17.6;23.6;1.0;8;Successful;Effective;No;No;No;No;No;No;0.0;-5.0;0.2;-5.15;0.31;-5.25;0.38;-5.27;;;;;;;;
354;17.6;23.6;1.0;10;Successful;Effective;No;No;No;No;No;No;0.0;-5.0;0.2;-5.15;0.31;-5.25;0.38;-5.27;;;;;;;;
355;17.6;23.6;1.1;5;Successful;Effective;No;No;No;No;No;No;0.0;-5.0;0.2;-5.16;0.31;-5.27;0.38;-5.25;;;;;;;;
356;17.6;23.6;1.1;8;Successful;Effective;No;No;No;No;No;No;0.0;-5.0;0.2;-5.16;0.31;-5.27;0.38;-5.25;;;;;;;;
357;17.6;23.6;1.1;10;Successful;Effective;No;No;No;No;No;No;0.0;-5.0;0.2;-5.16;0.31;-5.27;0.38;-5.25;;;;;;;;
358;17.7;23.7;0.5;5;Successful;Effective;No;No;No;No;No;No;0.0;-5.0;0.2;-5.1;0.31;-5.17;0.38;-5.21;;;;;;;;
359;17.7;23.7;0.5;8;Successful;Effective;No;No;No;No;No;No;0.0;-5.0;0.2;-5.1;0.31;-5.17;0.38;-5.21;;;;;;;;
360;17.7;23.7;0.5;10;Successful;Effective;No;No;No;No;No;No;0.0;-5.0;0.2;-5.1;0.31;-5.17;0.38;-5.21;;;;;;;;
361;17.7;23.7;0.6;5;Successful;Effective;No;No;No;No;No;No;0.0;-5.0;0.2;-5.1;0.31;-5.17;0.38;-5.21;;;;;;;;
362;17.7;23.7;0.6;8;Successful;Effective;No;No;No;No;No;No;0.0;-5.0;0.2;-5.1;0.31;-5.17;0.38;-5.21;;;;;;;;
363;17.7;23.7;0.6;10;Successful;Effective;No;No;No;No;No;No;0.0;-5.0;0.2;-5.1;0.31;-5.17;0.38;-5.21;;;;;;;;
364;17.7;23.7;0.7;5;Successful;Effective;No;No;No;No;No;No;0.0;-5.0;0.2;-5.11;0.31;-5.18;0.38;-5.22;;;;;;;;
365;17.7;23.7;0.7;8;Successful;Effective;No;No;No;No;No;No;0.0;-5.0;0.2;-5.11;0.31;-5.18;0.38;-5.22;;;;;;;;
366;17.7;23.7;0.7;10;Successful;Effective;No;No;No;No;No;No;0.0;-5.0;0.2;-5.11;0.31;-5.18;0.38;-5.22;;;;;;;;
367;17.7;23.7;0.8;5;Successful;Effective;No;No;No;No;No;No;0.0;-5.0;0.2;-5.12;0.31;-5.19;0.38;-5.23;;;;;;;;
368;17.7;23.7;0.8;8;Successful;Effective;No;No;No;No;No;No;0.0;-5.0;0.2;-5.12;0.31;-5.19;0.38;-5.23;;;;;;;;
369;17.7;23.7;0.8;10;Successful;Effective;No;No;No;No;No;No;0.0;-5.0;0.2;-5.12;0.31;-5.19;0.38;-5.23;;;;;;;;
370;17.7;23.7;0.9;5;Successful;Effective;No;No;No;No;No;No;0.0;-5.0;0.2;-5.12;0.31;-5.2;0.38;-5.24;;;;;;;;
371;17.7;23.7;0.9;8;Successful;Effective;No;No;No;No;No;No;0.0;-5.0;0.2;-5.12;0.31;-5.2;0.38;-5.24;;;;;;;;
372;17.7;23.7;0.9;10;Successful;Effective;No;No;No;No;No;No;0.0;-5.0;0.2;-5.12;0.31;-5.2;0.38;-5.24;;;;;;;;
373;17.7;23.7;1.0;5;Successful;Effective;No;No;No;No;No;No;0.0;-5.0;0.2;-5.13;0.31;-5.22;0.38;-5.23;;;;;;;;
374;17.7;23.7;1.0;8;Successful;Effective;No;No;No;No;No;No;0.0;-5.0;0.2;-5.13;0.31;-5.22;0.38;-5.23;;;;;;;;
375;17.7;23.7;1.0;10;Successful;Effective;No;No;No;No;No;No;0.0;-5.0;0.2;-5.13;0.31;-5.22;0.38;-5.23;;;;;;;;
376;17.7;23.7;1.1;5;Successful;Effective;No;No;No;No;No;No;0.0;-5.0;0.2;-5.14;0.31;-5.23;0.38;-5.21;;;;;;;;
377;17.7;23.7;1.1;8;Successful;Effective;No;No;No;No;No;No;0.0;-5.0;0.2;-5.14;0.31;-5.23;0.38;-5.21;;;;;;;;
378;17.7;23.7;1.1;10;Successful;Effective;No;No;No;No;No;No;0.0;-5.0;0.2;-5.14;0.31;-5.23;0.38;-5.21;;;;;;;;
379;17.8;23.8;0.5;5;Successful;Effective;No;No;No;No;No;No;0.0;-5.0;0.2;-5.09;0.31;-5.16;0.38;-5.2;;;;;;;;
380;17.8;23.8;0.5;8;Successful;Effective;No;No;No;No;No;No;0.0;-5.0;0.2;-5.09;0.31;-5.16;0.38;-5.2;;;;;;;;
381;17.8;23.8;0.5;10;Successful;Effective;No;No;No;No;No;No;0.0;-5.0;0.2;-5.09;0.31;-5.16;0.38;-5.2;;;;;;;;
382;17.8;23.8;0.6;5;Successful;Effective;No;No;No;No;No;No;0.0;-5.0;0.2;-5.1;0.31;-5.16;0.38;-5.2;;;;;;;;
383;17.8;23.8;0.6;8;Successful;Effective;No;No;No;No;No;No;0.0;-5.0;0.2;-5.1;0.31;-5.16;0.38;-5.2;;;;;;;;
384;17.8;23.8;0.6;10;Successful;Effective;No;No;No;No;No;No;0.0;-5.0;0.2;-5.1;0.31;-5.16;0.38;-5.2;;;;;;;;
385;17.8;23.8;0.7;5;Successful;Effective;No;No;No;No;No;No;0.0;-5.0;0.2;-5.1;0.31;-5.17;0.38;-5.2;;;;;;;;
386;17.8;23.8;0.7;8;Successful;Effective;No;No;No;No;No;No;0.0;-5.0;0.2;-5.1;0.31;-5.17;0.38;-5.2;;;;;;;;
387;17.8;23.8;0.7;10;Successful;Effective;No;No;No;No;No;No;0.0;-5.0;0.2;-5.1;0.31;-5.17;0.38;-5.2;;;;;;;;
388;17.8;23.8;0.8;5;Successful;Effective;No;No;No;No;No;No;0.0;-5.0;0.2;-5.11;0.31;-5.17;0.38;-5.21;;;;;;;;
389;17.8;23.8;0.8;8;Successful;Effective;No;No;No;No;No;No;0.0;-5.0;0.2;-5.11;0.31;-5.17;0.38;-5.21;;;;;;;;
390;17.8;23.8;0.8;10;Successful;Effective;No;No;No;No;No;No;0.0;-5.0;0.2;-5.11;0.31;-5.17;0.38;-5.21;;;;;;;;
391;17.8;23.8;0.9;5;Successful;Effective;No;No;No;No;No;No;0.0;-5.0;0.2;-5.11;0.31;-5.18;0.38;-5.21;;;;;;;;
392;17.8;23.8;0.9;8;Successful;Effective;No;No;No;No;No;No;0.0;-5.0;0.2;-5.11;0.31;-5.18;0.38;-5.21;;;;;;;;
393;17.8;23.8;0.9;10;Successful;Effective;No;No;No;No;No;No;0.0;-5.0;0.2;-5.11;0.31;-5.18;0.38;-5.21;;;;;;;;
394;17.8;23.8;1.0;5;Successful;Effective;No;No;No;No;No;No;0.0;-5.0;0.2;-5.12;0.31;-5.19;0.38;-5.21;;;;;;;;
395;17.8;23.8;1.0;8;Successful;Effective;No;No;No;No;No;No;0.0;-5.0;0.2;-5.12;0.31;-5.19;0.38;-5.21;;;;;;;;
396;17.8;23.8;1.0;10;Successful;Effective;No;No;No;No;No;No;0.0;-5.0;0.2;-5.12;0.31;-5.19;0.38;-5.21;;;;;;;;
397;17.8;23.8;1.1;5;Successful;Effective;No;No;No;No;No;No;0.0;-5.0;0.2;-5.13;0.31;-5.21;0.38;-5.19;;;;;;;;
398;17.8;23.8;1.1;8;Successful;Effective;No;No;No;No;No;No;0.0;-5.0;0.2;-5.13;0.31;-5.21;0.38;-5.19;;;;;;;;
399;17.8;23.8;1.1;10;Successful;Effective;No;No;No;No;No;No;0.0;-5.0;0.2;-5.13;0.31;-5.21;0.38;-5.19;;;;;;;;
400;17.9;23.9;0.5;5;Successful;Effective;No;No;No;No;No;No;0.0;-5.0;0.2;-5.09;0.31;-5.15;0.38;-5.19;;;;;;;;
401;17.9;23.9;0.5;8;Successful;Effective;No;No;No;No;No;No;0.0;-5.0;0.2;-5.09;0.31;-5.15;0.38;-5.19;;;;;;;;
402;17.9;23.9;0.5;10;Successful;Effective;No;No;No;No;No;No;0.0;-5.0;0.2;-5.09;0.31;-5.15;0.38;-5.19;;;;;;;;
403;17.9;23.9;0.6;5;Successful;Effective;No;No;No;No;No;No;0.0;-5.0;0.2;-5.09;0.31;-5.15;0.38;-5.19;;;;;;;;
404;17.9;23.9;0.6;8;Successful;Effective;No;No;No;No;No;No;0.0;-5.0;0.2;-5.09;0.31;-5.15;0.38;-5.19;;;;;;;;
405;17.9;23.9;0.6;10;Successful;Effective;No;No;No;No;No;No;0.0;-5.0;0.2;-5.09;0.31;-5.15;0.38;-5.19;;;;;;;;
406;17.9;23.9;0.7;5;Successful;Effective;No;No;No;No;No;No;0.0;-5.0;0.2;-5.09;0.31;-5.16;0.38;-5.19;;;;;;;;
407;17.9;23.9;0.7;8;Successful;Effective;No;No;No;No;No;No;0.0;-5.0;0.2;-5.09;0.31;-5.16;0.38;-5.19;;;;;;;;
408;17.9;23.9;0.7;10;Successful;Effective;No;No;No;No;No;No;0.0;-5.0;0.2;-5.09;0.31;-5.16;0.38;-5.19;;;;;;;;
409;17.9;23.9;0.8;5;Successful;Effective;No;No;No;No;No;No;0.0;-5.0;0.2;-5.1;0.31;-5.16;0.38;-5.19;;;;;;;;
410;17.9;23.9;0.8;8;Successful;Effective;No;No;No;No;No;No;0.0;-5.0;0.2;-5.1;0.31;-5.16;0.38;-5.19;;;;;;;;
411;17.9;23.9;0.8;10;Successful;Effective;No;No;No;No;No;No;0.0;-5.0;0.2;-5.1;0.31;-5.16;0.38;-5.19;;;;;;;;
412;17.9;23.9;0.9;5;Successful;Effective;No;No;No;No;No;No;0.0;-5.0;0.2;-5.1;0.31;-5.16;0.38;-5.19;;;;;;;;
413;17.9;23.9;0.9;8;Successful;Effective;No;No;No;No;No;No;0.0;-5.0;0.2;-5.1;0.31;-5.16;0.38;-5.19;;;;;;;;
414;17.9;23.9;0.9;10;Successful;Effective;No;No;No;No;No;No;0.0;-5.0;0.2;-5.1;0.31;-5.16;0.38;-5.19;;;;;;;;
415;17.9;23.9;1.0;5;Successful;Effective;No;No;No;No;No;No;0.0;-5.0;0.2;-5.11;0.31;-5.17;0.38;-5.19;;;;;;;;
416;17.9;23.9;1.0;8;Successful;Effective;No;No;No;No;No;No;0.0;-5.0;0.2;-5.11;0.31;-5.17;0.38;-5.19;;;;;;;;
417;17.9;23.9;1.0;10;Successful;Effective;No;No;No;No;No;No;0.0;-5.0;0.2;-5.11;0.31;-5.17;0.38;-5.19;;;;;;;;
418;17.9;23.9;1.1;5;Successful;Effective;No;No;No;No;No;No;0.0;-5.0;0.2;-5.11;0.31;-5.18;0.38;-5.17;;;;;;;;
419;17.9;23.9;1.1;8;Successful;Effective;No;No;No;No;No;No;0.0;-5.0;0.2;-5.11;0.31;-5.18;0.38;-5.17;;;;;;;;
420;17.9;23.9;1.1;10;Successful;Effective;No;No;No;No;No;No;0.0;-5.0;0.2;-5.11;0.31;-5.18;0.38;-5.17;;;;;;;;
421;18.0;24.0;0.5;5;Successful;Effective;No;No;No;No;No;No;0.0;-5.0;0.2;-5.09;0.31;-5.15;0.38;-5.19;;;;;;;;
422;18.0;24.0;0.5;8;Successful;Effective;No;No;No;No;No;No;0.0;-5.0;0.2;-5.09;0.31;-5.15;0.38;-5.19;;;;;;;;
423;18.0;24.0;0.5;10;Successful;Effective;No;No;No;No;No;No;0.0;-5.0;0.2;-5.09;0.31;-5.15;0.38;-5.19;;;;;;;;
424;18.0;24.0;0.6;5;Successful;Effective;No;No;No;No;No;No;0.0;-5.0;0.2;-5.09;0.31;-5.15;0.38;-5.18;;;;;;;;
425;18.0;24.0;0.6;8;Successful;Effective;No;No;No;No;No;No;0.0;-5.0;0.2;-5.09;0.31;-5.15;0.38;-5.18;;;;;;;;
426;18.0;24.0;0.6;10;Successful;Effective;No;No;No;No;No;No;0.0;-5.0;0.2;-5.09;0.31;-5.15;0.38;-5.18;;;;;;;;
427;18.0;24.0;0.7;5;Successful;Effective;No;No;No;No;No;No;0.0;-5.0;0.2;-5.09;0.31;-5.15;0.38;-5.18;;;;;;;;
428;18.0;24.0;0.7;8;Successful;Effective;No;No;No;No;No;No;0.0;-5.0;0.2;-5.09;0.31;-5.15;0.38;-5.18;;;;;;;;
429;18.0;24.0;0.7;10;Successful;Effective;No;No;No;No;No;No;0.0;-5.0;0.2;-5.09;0.31;-5.15;0.38;-5.18;;;;;;;;
430;18.0;24.0;0.8;5;Successful;Effective;No;No;No;No;No;No;0.0;-5.0;0.2;-5.09;0.31;-5.15;0.38;-5.18;;;;;;;;
431;18.0;24.0;0.8;8;Successful;Effective;No;No;No;No;No;No;0.0;-5.0;0.2;-5.09;0.31;-5.15;0.38;-5.18;;;;;;;;
432;18.0;24.0;0.8;10;Successful;Effective;No;No;No;No;No;No;0.0;-5.0;0.2;-5.09;0.31;-5.15;0.38;-5.18;;;;;;;;
433;18.0;24.0;0.9;5;Successful;Effective;No;No;No;No;No;No;0.0;-5.0;0.2;-5.09;0.31;-5.15;0.38;-5.18;;;;;;;;
434;18.0;24.0;0.9;8;Successful;Effective;No;No;No;No;No;No;0.0;-5.0;0.2;-5.09;0.31;-5.15;0.38;-5.18;;;;;;;;
435;18.0;24.0;0.9;10;Successful;Effective;No;No;No;No;No;No;0.0;-5.0;0.2;-5.09;0.31;-5.15;0.38;-5.18;;;;;;;;
436;18.0;24.0;1.0;5;Successful;Effective;No;No;No;No;No;No;0.0;-5.0;0.2;-5.1;0.31;-5.16;0.38;-5.17;;;;;;;;
437;18.0;24.0;1.0;8;Successful;Effective;No;No;No;No;No;No;0.0;-5.0;0.2;-5.1;0.31;-5.16;0.38;-5.17;;;;;;;;
438;18.0;24.0;1.0;10;Successful;Effective;No;No;No;No;No;No;0.0;-5.0;0.2;-5.1;0.31;-5.16;0.38;-5.17;;;;;;;;
439;18.0;24.0;1.1;5;Successful;Effective;No;No;No;No;No;No;0.0;-5.0;0.2;-5.1;0.31;-5.16;0.38;-5.16;;;;;;;;
440;18.0;24.0;1.1;8;Successful;Effective;No;No;No;No;No;No;0.0;-5.0;0.2;-5.1;0.31;-5.16;0.38;-5.16;;;;;;;;
441;18.0;24.0;1.1;10;Successful;Effective;No;No;No;No;No;No;0.0;-5.0;0.2;-5.1;0.31;-5.16;0.38;-5.16;;;;;;;;
442;18.1;24.1;0.5;5;Successful;Effective;No;No;No;No;No;No;0.0;-5.0;0.2;-5.09;0.31;-5.15;0.38;-5.18;;;;;;;;
443;18.1;24.1;0.5;8;Successful;Effective;No;No;No;No;No;No;0.0;-5.0;0.2;-5.09;0.31;-5.15;0.38;-5.18;;;;;;;;
444;18.1;24.1;0.5;10;Successful;Effective;No;No;No;No;No;No;0.0;-5.0;0.2;-5.09;0.31;-5.15;0.38;-5.18;;;;;;;;
445;18.1;24.1;0.6;5;Successful;Effective;No;No;No;No;No;No;0.0;-5.0;0.2;-5.09;0.31;-5.14;0.38;-5.18;;;;;;;;
446;18.1;24.1;0.6;8;Successful;Effective;No;No;No;No;No;No;0.0;-5.0;0.2;-5.09;0.31;-5.14;0.38;-5.18;;;;;;;;
447;18.1;24.1;0.6;10;Successful;Effective;No;No;No;No;No;No;0.0;-5.0;0.2;-5.09;0.31;-5.14;0.38;-5.18;;;;;;;;
448;18.1;24.1;0.7;5;Successful;Effective;No;No;No;No;No;No;0.0;-5.0;0.2;-5.09;0.31;-5.14;0.38;-5.17;;;;;;;;
449;18.1;24.1;0.7;8;Successful;Effective;No;No;No;No;No;No;0.0;-5.0;0.2;-5.09;0.31;-5.14;0.38;-5.17;;;;;;;;
450;18.1;24.1;0.7;10;Successful;Effective;No;No;No;No;No;No;0.0;-5.0;0.2;-5.09;0.31;-5.14;0.38;-5.17;;;;;;;;
451;18.1;24.1;0.8;5;Successful;Effective;No;No;No;No;No;No;0.0;-5.0;0.2;-5.09;0.31;-5.14;0.38;-5.17;;;;;;;;
452;18.1;24.1;0.8;8;Successful;Effective;No;No;No;No;No;No;0.0;-5.0;0.2;-5.09;0.31;-5.14;0.38;-5.17;;;;;;;;
453;18.1;24.1;0.8;10;Successful;Effective;No;No;No;No;No;No;0.0;-5.0;0.2;-5.09;0.31;-5.14;0.38;-5.17;;;;;;;;
454;18.1;24.1;0.9;5;Successful;Effective;No;No;No;No;No;No;0.0;-5.0;0.2;-5.09;0.31;-5.14;0.38;-5.17;;;;;;;;
455;18.1;24.1;0.9;8;Successful;Effective;No;No;No;No;No;No;0.0;-5.0;0.2;-5.09;0.31;-5.14;0.38;-5.17;;;;;;;;
456;18.1;24.1;0.9;10;Successful;Effective;No;No;No;No;No;No;0.0;-5.0;0.2;-5.09;0.31;-5.14;0.38;-5.17;;;;;;;;
457;18.1;24.1;1.0;5;Successful;Effective;No;No;No;No;No;No;0.0;-5.0;0.2;-5.09;0.31;-5.14;0.38;-5.16;;;;;;;;
458;18.1;24.1;1.0;8;Successful;Effective;No;No;No;No;No;No;0.0;-5.0;0.2;-5.09;0.31;-5.14;0.38;-5.16;;;;;;;;
459;18.1;24.1;1.0;10;Successful;Effective;No;No;No;No;No;No;0.0;-5.0;0.2;-5.09;0.31;-5.14;0.38;-5.16;;;;;;;;
460;18.1;24.1;1.1;5;Successful;Effective;No;No;No;No;No;No;0.0;-5.0;0.2;-5.09;0.31;-5.14;0.38;-5.15;;;;;;;;
461;18.1;24.1;1.1;8;Successful;Effective;No;No;No;No;No;No;0.0;-5.0;0.2;-5.09;0.31;-5.14;0.38;-5.15;;;;;;;;
462;18.1;24.1;1.1;10;Successful;Effective;No;No;No;No;No;No;0.0;-5.0;0.2;-5.09;0.31;-5.14;0.38;-5.15;;;;;;;;
463;18.2;24.2;0.5;5;Successful;Effective;No;No;No;No;No;No;0.0;-5.0;0.2;-5.08;0.31;-5.14;0.38;-5.18;;;;;;;;
464;18.2;24.2;0.5;8;Successful;Effective;No;No;No;No;No;No;0.0;-5.0;0.2;-5.08;0.31;-5.14;0.38;-5.18;;;;;;;;
465;18.2;24.2;0.5;10;Successful;Effective;No;No;No;No;No;No;0.0;-5.0;0.2;-5.08;0.31;-5.14;0.38;-5.18;;;;;;;;
466;18.2;24.2;0.6;5;Successful;Effective;No;No;No;No;No;No;0.0;-5.0;0.2;-5.08;0.31;-5.14;0.38;-5.18;;;;;;;;
467;18.2;24.2;0.6;8;Successful;Effective;No;No;No;No;No;No;0.0;-5.0;0.2;-5.08;0.31;-5.14;0.38;-5.18;;;;;;;;
468;18.2;24.2;0.6;10;Successful;Effective;No;No;No;No;No;No;0.0;-5.0;0.2;-5.08;0.31;-5.14;0.38;-5.18;;;;;;;;
469;18.2;24.2;0.7;5;Successful;Effective;No;No;No;No;No;No;0.0;-5.0;0.2;-5.08;0.31;-5.14;0.38;-5.17;;;;;;;;
470;18.2;24.2;0.7;8;Successful;Effective;No;No;No;No;No;No;0.0;-5.0;0.2;-5.08;0.31;-5.14;0.38;-5.17;;;;;;;;
471;18.2;24.2;0.7;10;Successful;Effective;No;No;No;No;No;No;0.0;-5.0;0.2;-5.08;0.31;-5.14;0.38;-5.17;;;;;;;;
472;18.2;24.2;0.8;5;Successful;Effective;No;No;No;No;No;No;0.0;-5.0;0.2;-5.08;0.31;-5.13;0.38;-5.16;;;;;;;;
473;18.2;24.2;0.8;8;Successful;Effective;No;No;No;No;No;No;0.0;-5.0;0.2;-5.08;0.31;-5.13;0.38;-5.16;;;;;;;;
474;18.2;24.2;0.8;10;Successful;Effective;No;No;No;No;No;No;0.0;-5.0;0.2;-5.08;0.31;-5.13;0.38;-5.16;;;;;;;;
475;18.2;24.2;0.9;5;Successful;Effective;No;No;No;No;No;No;0.0;-5.0;0.2;-5.08;0.31;-5.13;0.38;-5.16;;;;;;;;
476;18.2;24.2;0.9;8;Successful;Effective;No;No;No;No;No;No;0.0;-5.0;0.2;-5.08;0.31;-5.13;0.38;-5.16;;;;;;;;
477;18.2;24.2;0.9;10;Successful;Effective;No;No;No;No;No;No;0.0;-5.0;0.2;-5.08;0.31;-5.13;0.38;-5.16;;;;;;;;
478;18.2;24.2;1.0;5;Successful;Effective;No;No;No;No;No;No;0.0;-5.0;0.2;-5.08;0.31;-5.13;0.38;-5.16;;;;;;;;
479;18.2;24.2;1.0;8;Successful;Effective;No;No;No;No;No;No;0.0;-5.0;0.2;-5.08;0.31;-5.13;0.38;-5.16;;;;;;;;
480;18.2;24.2;1.0;10;Successful;Effective;No;No;No;No;No;No;0.0;-5.0;0.2;-5.08;0.31;-5.13;0.38;-5.16;;;;;;;;
481;18.2;24.2;1.1;5;Successful;Effective;No;No;No;No;No;No;0.0;-5.0;0.2;-5.09;0.31;-5.13;0.38;-5.15;;;;;;;;
482;18.2;24.2;1.1;8;Successful;Effective;No;No;No;No;No;No;0.0;-5.0;0.2;-5.09;0.31;-5.13;0.38;-5.15;;;;;;;;
483;18.2;24.2;1.1;10;Successful;Effective;No;No;No;No;No;No;0.0;-5.0;0.2;-5.09;0.31;-5.13;0.38;-5.15;;;;;;;;
484;18.3;24.3;0.5;5;Successful;Effective;No;No;No;No;No;No;0.0;-5.0;0.2;-5.08;0.31;-5.14;0.38;-5.18;;;;;;;;
485;18.3;24.3;0.5;8;Successful;Effective;No;No;No;No;No;No;0.0;-5.0;0.2;-5.08;0.31;-5.14;0.38;-5.18;;;;;;;;
486;18.3;24.3;0.5;10;Successful;Effective;No;No;No;No;No;No;0.0;-5.0;0.2;-5.08;0.31;-5.14;0.38;-5.18;;;;;;;;
487;18.3;24.3;0.6;5;Successful;Effective;No;No;No;No;No;No;0.0;-5.0;0.2;-5.08;0.31;-5.14;0.38;-5.17;;;;;;;;
488;18.3;24.3;0.6;8;Successful;Effective;No;No;No;No;No;No;0.0;-5.0;0.2;-5.08;0.31;-5.14;0.38;-5.17;;;;;;;;
489;18.3;24.3;0.6;10;Successful;Effective;No;No;No;No;No;No;0.0;-5.0;0.2;-5.08;0.31;-5.14;0.38;-5.17;;;;;;;;
490;18.3;24.3;0.7;5;Successful;Effective;No;No;No;No;No;No;0.0;-5.0;0.2;-5.08;0.31;-5.13;0.38;-5.17;;;;;;;;
491;18.3;24.3;0.7;8;Successful;Effective;No;No;No;No;No;No;0.0;-5.0;0.2;-5.08;0.31;-5.13;0.38;-5.17;;;;;;;;
492;18.3;24.3;0.7;10;Successful;Effective;No;No;No;No;No;No;0.0;-5.0;0.2;-5.08;0.31;-5.13;0.38;-5.17;;;;;;;;
493;18.3;24.3;0.8;5;Successful;Effective;No;No;No;No;No;No;0.0;-5.0;0.2;-5.08;0.31;-5.13;0.38;-5.17;;;;;;;;
494;18.3;24.3;0.8;8;Successful;Effective;No;No;No;No;No;No;0.0;-5.0;0.2;-5.08;0.31;-5.13;0.38;-5.17;;;;;;;;
495;18.3;24.3;0.8;10;Successful;Effective;No;No;No;No;No;No;0.0;-5.0;0.2;-5.08;0.31;-5.13;0.38;-5.17;;;;;;;;
496;18.3;24.3;0.9;5;Successful;Effective;No;No;No;No;No;No;0.0;-5.0;0.2;-5.08;0.31;-5.13;0.38;-5.16;;;;;;;;
497;18.3;24.3;0.9;8;Successful;Effective;No;No;No;No;No;No;0.0;-5.0;0.2;-5.08;0.31;-5.13;0.38;-5.16;;;;;;;;
498;18.3;24.3;0.9;10;Successful;Effective;No;No;No;No;No;No;0.0;-5.0;0.2;-5.08;0.31;-5.13;0.38;-5.16;;;;;;;;
499;18.3;24.3;1.0;5;Successful;Effective;No;No;No;No;No;No;0.0;-5.0;0.2;-5.08;0.31;-5.12;0.38;-5.16;;;;;;;;
500;18.3;24.3;1.0;8;Successful;Effective;No;No;No;No;No;No;0.0;-5.0;0.2;-5.08;0.31;-5.12;0.38;-5.16;;;;;;;;
501;18.3;24.3;1.0;10;Successful;Effective;No;No;No;No;No;No;0.0;-5.0;0.2;-5.08;0.31;-5.12;0.38;-5.16;;;;;;;;
502;18.3;24.3;1.1;5;Successful;Effective;No;No;No;No;No;No;0.0;-5.0;0.2;-5.08;0.31;-5.12;0.38;-5.15;;;;;;;;
503;18.3;24.3;1.1;8;Successful;Effective;No;No;No;No;No;No;0.0;-5.0;0.2;-5.08;0.31;-5.12;0.38;-5.15;;;;;;;;
504;18.3;24.3;1.1;10;Successful;Effective;No;No;No;No;No;No;0.0;-5.0;0.2;-5.08;0.31;-5.12;0.38;-5.15;;;;;;;;
505;18.4;24.4;0.5;5;Successful;Effective;No;No;No;No;No;No;0.0;-5.0;0.2;-5.08;0.31;-5.14;0.38;-5.18;;;;;;;;
506;18.4;24.4;0.5;8;Successful;Effective;No;No;No;No;No;No;0.0;-5.0;0.2;-5.08;0.31;-5.14;0.38;-5.18;;;;;;;;
507;18.4;24.4;0.5;10;Successful;Effective;No;No;No;No;No;No;0.0;-5.0;0.2;-5.08;0.31;-5.14;0.38;-5.18;;;;;;;;
508;18.4;24.4;0.6;5;Successful;Effective;No;No;No;No;No;No;0.0;-5.0;0.2;-5.08;0.31;-5.14;0.38;-5.18;;;;;;;;
509;18.4;24.4;0.6;8;Successful;Effective;No;No;No;No;No;No;0.0;-5.0;0.2;-5.08;0.31;-5.14;0.38;-5.18;;;;;;;;
510;18.4;24.4;0.6;10;Successful;Effective;No;No;No;No;No;No;0.0;-5.0;0.2;-5.08;0.31;-5.14;0.38;-5.18;;;;;;;;
511;18.4;24.4;0.7;5;Successful;Effective;No;No;No;No;No;No;0.0;-5.0;0.2;-5.08;0.31;-5.13;0.38;-5.17;;;;;;;;
512;18.4;24.4;0.7;8;Successful;Effective;No;No;No;No;No;No;0.0;-5.0;0.2;-5.08;0.31;-5.13;0.38;-5.17;;;;;;;;
513;18.4;24.4;0.7;10;Successful;Effective;No;No;No;No;No;No;0.0;-5.0;0.2;-5.08;0.31;-5.13;0.38;-5.17;;;;;;;;
514;18.4;24.4;0.8;5;Successful;Effective;No;No;No;No;No;No;0.0;-5.0;0.2;-5.08;0.31;-5.13;0.38;-5.17;;;;;;;;
515;18.4;24.4;0.8;8;Successful;Effective;No;No;No;No;No;No;0.0;-5.0;0.2;-5.08;0.31;-5.13;0.38;-5.17;;;;;;;;
516;18.4;24.4;0.8;10;Successful;Effective;No;No;No;No;No;No;0.0;-5.0;0.2;-5.08;0.31;-5.13;0.38;-5.17;;;;;;;;
517;18.4;24.4;0.9;5;Successful;Effective;No;No;No;No;No;No;0.0;-5.0;0.2;-5.08;0.31;-5.12;0.38;-5.16;;;;;;;;
518;18.4;24.4;0.9;8;Successful;Effective;No;No;No;No;No;No;0.0;-5.0;0.2;-5.08;0.31;-5.12;0.38;-5.16;;;;;;;;
519;18.4;24.4;0.9;10;Successful;Effective;No;No;No;No;No;No;0.0;-5.0;0.2;-5.08;0.31;-5.12;0.38;-5.16;;;;;;;;
520;18.4;24.4;1.0;5;Successful;Effective;No;No;No;No;No;No;0.0;-5.0;0.2;-5.07;0.31;-5.12;0.38;-5.16;;;;;;;;
521;18.4;24.4;1.0;8;Successful;Effective;No;No;No;No;No;No;0.0;-5.0;0.2;-5.07;0.31;-5.12;0.38;-5.16;;;;;;;;
522;18.4;24.4;1.0;10;Successful;Effective;No;No;No;No;No;No;0.0;-5.0;0.2;-5.07;0.31;-5.12;0.38;-5.16;;;;;;;;
523;18.4;24.4;1.1;5;Successful;Effective;No;No;No;No;No;No;0.0;-5.0;0.2;-5.07;0.31;-5.11;0.38;-5.15;;;;;;;;
524;18.4;24.4;1.1;8;Successful;Effective;No;No;No;No;No;No;0.0;-5.0;0.2;-5.07;0.31;-5.11;0.38;-5.15;;;;;;;;
525;18.4;24.4;1.1;10;Successful;Effective;No;No;No;No;No;No;0.0;-5.0;0.2;-5.07;0.31;-5.11;0.38;-5.15;;;;;;;;
526;18.5;24.5;0.5;5;Successful;Effective;No;No;No;No;No;No;0.0;-5.0;0.2;-5.08;0.31;-5.14;0.38;-5.18;;;;;;;;
527;18.5;24.5;0.5;8;Successful;Effective;No;No;No;No;No;No;0.0;-5.0;0.2;-5.08;0.31;-5.14;0.38;-5.18;;;;;;;;
528;18.5;24.5;0.5;10;Successful;Effective;No;No;No;No;No;No;0.0;-5.0;0.2;-5.08;0.31;-5.14;0.38;-5.18;;;;;;;;
529;18.5;24.5;0.6;5;Successful;Effective;No;No;No;No;No;No;0.0;-5.0;0.2;-5.08;0.31;-5.14;0.38;-5.18;;;;;;;;
530;18.5;24.5;0.6;8;Successful;Effective;No;No;No;No;No;No;0.0;-5.0;0.2;-5.08;0.31;-5.14;0.38;-5.18;;;;;;;;
531;18.5;24.5;0.6;10;Successful;Effective;No;No;No;No;No;No;0.0;-5.0;0.2;-5.08;0.31;-5.14;0.38;-5.18;;;;;;;;
532;18.5;24.5;0.7;5;Successful;Effective;No;No;No;No;No;No;0.0;-5.0;0.2;-5.08;0.31;-5.13;0.38;-5.18;;;;;;;;
533;18.5;24.5;0.7;8;Successful;Effective;No;No;No;No;No;No;0.0;-5.0;0.2;-5.08;0.31;-5.13;0.38;-5.18;;;;;;;;
534;18.5;24.5;0.7;10;Successful;Effective;No;No;No;No;No;No;0.0;-5.0;0.2;-5.08;0.31;-5.13;0.38;-5.18;;;;;;;;
535;18.5;24.5;0.8;5;Successful;Effective;No;No;No;No;No;No;0.0;-5.0;0.2;-5.07;0.31;-5.13;0.38;-5.17;;;;;;;;
536;18.5;24.5;0.8;8;Successful;Effective;No;No;No;No;No;No;0.0;-5.0;0.2;-5.07;0.31;-5.13;0.38;-5.17;;;;;;;;
537;18.5;24.5;0.8;10;Successful;Effective;No;No;No;No;No;No;0.0;-5.0;0.2;-5.07;0.31;-5.13;0.38;-5.17;;;;;;;;
538;18.5;24.5;0.9;5;Successful;Effective;No;No;No;No;No;No;0.0;-5.0;0.2;-5.07;0.31;-5.13;0.38;-5.17;;;;;;;;
539;18.5;24.5;0.9;8;Successful;Effective;No;No;No;No;No;No;0.0;-5.0;0.2;-5.07;0.31;-5.13;0.38;-5.17;;;;;;;;
540;18.5;24.5;0.9;10;Successful;Effective;No;No;No;No;No;No;0.0;-5.0;0.2;-5.07;0.31;-5.13;0.38;-5.17;;;;;;;;
541;18.5;24.5;1.0;5;Successful;Effective;No;No;No;No;No;No;0.0;-5.0;0.2;-5.07;0.31;-5.12;0.38;-5.16;;;;;;;;
542;18.5;24.5;1.0;8;Successful;Effective;No;No;No;No;No;No;0.0;-5.0;0.2;-5.07;0.31;-5.12;0.38;-5.16;;;;;;;;
543;18.5;24.5;1.0;10;Successful;Effective;No;No;No;No;No;No;0.0;-5.0;0.2;-5.07;0.31;-5.12;0.38;-5.16;;;;;;;;
544;18.5;24.5;1.1;5;Successful;Effective;No;No;No;No;No;No;0.0;-5.0;0.2;-5.07;0.31;-5.12;0.38;-5.16;;;;;;;;
545;18.5;24.5;1.1;8;Successful;Effective;No;No;No;No;No;No;0.0;-5.0;0.2;-5.07;0.31;-5.12;0.38;-5.16;;;;;;;;
546;18.5;24.5;1.1;10;Successful;Effective;No;No;No;No;No;No;0.0;-5.0;0.2;-5.07;0.31;-5.12;0.38;-5.16;;;;;;;;
547;18.6;24.6;0.5;5;Successful;Effective;No;No;No;No;No;No;0.0;-5.0;0.2;-5.08;0.31;-5.14;0.38;-5.18;;;;;;;;
548;18.6;24.6;0.5;8;Successful;Effective;No;No;No;No;No;No;0.0;-5.0;0.2;-5.08;0.31;-5.14;0.38;-5.18;;;;;;;;
549;18.6;24.6;0.5;10;Successful;Effective;No;No;No;No;No;No;0.0;-5.0;0.2;-5.08;0.31;-5.14;0.38;-5.18;;;;;;;;
550;18.6;24.6;0.6;5;Successful;Effective;No;No;No;No;No;No;0.0;-5.0;0.2;-5.08;0.31;-5.14;0.38;-5.18;;;;;;;;
551;18.6;24.6;0.6;8;Successful;Effective;No;No;No;No;No;No;0.0;-5.0;0.2;-5.08;0.31;-5.14;0.38;-5.18;;;;;;;;
552;18.6;24.6;0.6;10;Successful;Effective;No;No;No;No;No;No;0.0;-5.0;0.2;-5.08;0.31;-5.14;0.38;-5.18;;;;;;;;
553;18.6;24.6;0.7;5;Successful;Effective;No;No;No;No;No;No;0.0;-5.0;0.2;-5.08;0.31;-5.14;0.38;-5.18;;;;;;;;
554;18.6;24.6;0.7;8;Successful;Effective;No;No;No;No;No;No;0.0;-5.0;0.2;-5.08;0.31;-5.14;0.38;-5.18;;;;;;;;
555;18.6;24.6;0.7;10;Successful;Effective;No;No;No;No;No;No;0.0;-5.0;0.2;-5.08;0.31;-5.14;0.38;-5.18;;;;;;;;
556;18.6;24.6;0.8;5;Successful;Effective;No;No;No;No;No;No;0.0;-5.0;0.2;-5.07;0.31;-5.13;0.38;-5.17;;;;;;;;
557;18.6;24.6;0.8;8;Successful;Effective;No;No;No;No;No;No;0.0;-5.0;0.2;-5.07;0.31;-5.13;0.38;-5.17;;;;;;;;
558;18.6;24.6;0.8;10;Successful;Effective;No;No;No;No;No;No;0.0;-5.0;0.2;-5.07;0.31;-5.13;0.38;-5.17;;;;;;;;
559;18.6;24.6;0.9;5;Successful;Effective;No;No;No;No;No;No;0.0;-5.0;0.2;-5.07;0.31;-5.13;0.38;-5.17;;;;;;;;
560;18.6;24.6;0.9;8;Successful;Effective;No;No;No;No;No;No;0.0;-5.0;0.2;-5.07;0.31;-5.13;0.38;-5.17;;;;;;;;
561;18.6;24.6;0.9;10;Successful;Effective;No;No;No;No;No;No;0.0;-5.0;0.2;-5.07;0.31;-5.13;0.38;-5.17;;;;;;;;
562;18.6;24.6;1.0;5;Successful;Effective;No;No;No;No;No;No;0.0;-5.0;0.2;-5.07;0.31;-5.13;0.38;-5.17;;;;;;;;
563;18.6;24.6;1.0;8;Successful;Effective;No;No;No;No;No;No;0.0;-5.0;0.2;-5.07;0.31;-5.13;0.38;-5.17;;;;;;;;
564;18.6;24.6;1.0;10;Successful;Effective;No;No;No;No;No;No;0.0;-5.0;0.2;-5.07;0.31;-5.13;0.38;-5.17;;;;;;;;
565;18.6;24.6;1.1;5;Successful;Effective;No;No;No;No;No;No;0.0;-5.0;0.2;-5.07;0.31;-5.13;0.38;-5.17;;;;;;;;
566;18.6;24.6;1.1;8;Successful;Effective;No;No;No;No;No;No;0.0;-5.0;0.2;-5.07;0.31;-5.13;0.38;-5.17;;;;;;;;
567;18.6;24.6;1.1;10;Successful;Effective;No;No;No;No;No;No;0.0;-5.0;0.2;-5.07;0.31;-5.13;0.38;-5.17;;;;;;;;
568;18.7;24.7;0.5;5;Successful;Effective;No;No;No;No;No;No;0.0;-5.0;0.2;-5.08;0.31;-5.14;0.38;-5.19;;;;;;;;
569;18.7;24.7;0.5;8;Successful;Effective;No;No;No;No;No;No;0.0;-5.0;0.2;-5.08;0.31;-5.14;0.38;-5.19;;;;;;;;
570;18.7;24.7;0.5;10;Successful;Effective;No;No;No;No;No;No;0.0;-5.0;0.2;-5.08;0.31;-5.14;0.38;-5.19;;;;;;;;
571;18.7;24.7;0.6;5;Successful;Effective;No;No;No;No;No;No;0.0;-5.0;0.2;-5.08;0.31;-5.14;0.38;-5.18;;;;;;;;
572;18.7;24.7;0.6;8;Successful;Effective;No;No;No;No;No;No;0.0;-5.0;0.2;-5.08;0.31;-5.14;0.38;-5.18;;;;;;;;
573;18.7;24.7;0.6;10;Successful;Effective;No;No;No;No;No;No;0.0;-5.0;0.2;-5.08;0.31;-5.14;0.38;-5.18;;;;;;;;
574;18.7;24.7;0.7;5;Successful;Effective;No;No;No;No;No;No;0.0;-5.0;0.2;-5.08;0.31;-5.14;0.38;-5.18;;;;;;;;
575;18.7;24.7;0.7;8;Successful;Effective;No;No;No;No;No;No;0.0;-5.0;0.2;-5.08;0.31;-5.14;0.38;-5.18;;;;;;;;
576;18.7;24.7;0.7;10;Successful;Effective;No;No;No;No;No;No;0.0;-5.0;0.2;-5.08;0.31;-5.14;0.38;-5.18;;;;;;;;
577;18.7;24.7;0.8;5;Successful;Effective;No;No;No;No;No;No;0.0;-5.0;0.2;-5.07;0.31;-5.14;0.38;-5.18;;;;;;;;
578;18.7;24.7;0.8;8;Successful;Effective;No;No;No;No;No;No;0.0;-5.0;0.2;-5.07;0.31;-5.14;0.38;-5.18;;;;;;;;
579;18.7;24.7;0.8;10;Successful;Effective;No;No;No;No;No;No;0.0;-5.0;0.2;-5.07;0.31;-5.14;0.38;-5.18;;;;;;;;
580;18.7;24.7;0.9;5;Successful;Effective;No;No;No;No;No;No;0.0;-5.0;0.2;-5.07;0.31;-5.14;0.38;-5.18;;;;;;;;
581;18.7;24.7;0.9;8;Successful;Effective;No;No;No;No;No;No;0.0;-5.0;0.2;-5.07;0.31;-5.14;0.38;-5.18;;;;;;;;
582;18.7;24.7;0.9;10;Successful;Effective;No;No;No;No;No;No;0.0;-5.0;0.2;-5.07;0.31;-5.14;0.38;-5.18;;;;;;;;
583;18.7;24.7;1.0;5;Successful;Effective;No;No;No;No;No;No;0.0;-5.0;0.2;-5.07;0.31;-5.13;0.38;-5.17;;;;;;;;
584;18.7;24.7;1.0;8;Successful;Effective;No;No;No;No;No;No;0.0;-5.0;0.2;-5.07;0.31;-5.13;0.38;-5.17;;;;;;;;
585;18.7;24.7;1.0;10;Successful;Effective;No;No;No;No;No;No;0.0;-5.0;0.2;-5.07;0.31;-5.13;0.38;-5.17;;;;;;;;
586;18.7;24.7;1.1;5;Successful;Effective;No;No;No;No;No;No;0.0;-5.0;0.2;-5.06;0.31;-5.13;0.38;-5.17;;;;;;;;
587;18.7;24.7;1.1;8;Successful;Effective;No;No;No;No;No;No;0.0;-5.0;0.2;-5.06;0.31;-5.13;0.38;-5.17;;;;;;;;
588;18.7;24.7;1.1;10;Successful;Effective;No;No;No;No;No;No;0.0;-5.0;0.2;-5.06;0.31;-5.13;0.38;-5.17;;;;;;;;
589;18.8;24.8;0.5;5;Successful;Effective;No;No;No;No;No;No;0.0;-5.0;0.2;-5.08;0.31;-5.14;0.38;-5.19;;;;;;;;
590;18.8;24.8;0.5;8;Successful;Effective;No;No;No;No;No;No;0.0;-5.0;0.2;-5.08;0.31;-5.14;0.38;-5.19;;;;;;;;
591;18.8;24.8;0.5;10;Successful;Effective;No;No;No;No;No;No;0.0;-5.0;0.2;-5.08;0.31;-5.14;0.38;-5.19;;;;;;;;
592;18.8;24.8;0.6;5;Successful;Effective;No;No;No;No;No;No;0.0;-5.0;0.2;-5.08;0.31;-5.14;0.38;-5.18;;;;;;;;
593;18.8;24.8;0.6;8;Successful;Effective;No;No;No;No;No;No;0.0;-5.0;0.2;-5.08;0.31;-5.14;0.38;-5.18;;;;;;;;
594;18.8;24.8;0.6;10;Successful;Effective;No;No;No;No;No;No;0.0;-5.0;0.2;-5.08;0.31;-5.14;0.38;-5.18;;;;;;;;
595;18.8;24.8;0.7;5;Successful;Effective;No;No;No;No;No;No;0.0;-5.0;0.2;-5.08;0.31;-5.14;0.38;-5.18;;;;;;;;
596;18.8;24.8;0.7;8;Successful;Effective;No;No;No;No;No;No;0.0;-5.0;0.2;-5.08;0.31;-5.14;0.38;-5.18;;;;;;;;
597;18.8;24.8;0.7;10;Successful;Effective;No;No;No;No;No;No;0.0;-5.0;0.2;-5.08;0.31;-5.14;0.38;-5.18;;;;;;;;
598;18.8;24.8;0.8;5;Successful;Effective;No;No;No;No;No;No;0.0;-5.0;0.2;-5.07;0.31;-5.14;0.38;-5.18;;;;;;;;
599;18.8;24.8;0.8;8;Successful;Effective;No;No;No;No;No;No;0.0;-5.0;0.2;-5.07;0.31;-5.14;0.38;-5.18;;;;;;;;
600;18.8;24.8;0.8;10;Successful;Effective;No;No;No;No;No;No;0.0;-5.0;0.2;-5.07;0.31;-5.14;0.38;-5.18;;;;;;;;
601;18.8;24.8;0.9;5;Successful;Effective;No;No;No;No;No;No;0.0;-5.0;0.2;-5.07;0.31;-5.14;0.38;-5.18;;;;;;;;
602;18.8;24.8;0.9;8;Successful;Effective;No;No;No;No;No;No;0.0;-5.0;0.2;-5.07;0.31;-5.14;0.38;-5.18;;;;;;;;
603;18.8;24.8;0.9;10;Successful;Effective;No;No;No;No;No;No;0.0;-5.0;0.2;-5.07;0.31;-5.14;0.38;-5.18;;;;;;;;
604;18.8;24.8;1.0;5;Successful;Effective;No;No;No;No;No;No;0.0;-5.0;0.2;-5.07;0.31;-5.14;0.38;-5.18;;;;;;;;
605;18.8;24.8;1.0;8;Successful;Effective;No;No;No;No;No;No;0.0;-5.0;0.2;-5.07;0.31;-5.14;0.38;-5.18;;;;;;;;
606;18.8;24.8;1.0;10;Successful;Effective;No;No;No;No;No;No;0.0;-5.0;0.2;-5.07;0.31;-5.14;0.38;-5.18;;;;;;;;
607;18.8;24.8;1.1;5;Successful;Effective;No;No;No;No;No;No;0.0;-5.0;0.2;-5.07;0.31;-5.13;0.38;-5.17;;;;;;;;
608;18.8;24.8;1.1;8;Successful;Effective;No;No;No;No;No;No;0.0;-5.0;0.2;-5.07;0.31;-5.13;0.38;-5.17;;;;;;;;
609;18.8;24.8;1.1;10;Successful;Effective;No;No;No;No;No;No;0.0;-5.0;0.2;-5.07;0.31;-5.13;0.38;-5.17;;;;;;;;
610;18.9;24.9;0.5;5;Successful;Effective;No;No;No;No;No;No;0.0;-5.0;0.2;-5.08;0.31;-5.15;0.38;-5.19;;;;;;;;
611;18.9;24.9;0.5;8;Successful;Effective;No;No;No;No;No;No;0.0;-5.0;0.2;-5.08;0.31;-5.15;0.38;-5.19;;;;;;;;
612;18.9;24.9;0.5;10;Successful;Effective;No;No;No;No;No;No;0.0;-5.0;0.2;-5.08;0.31;-5.15;0.38;-5.19;;;;;;;;
613;18.9;24.9;0.6;5;Successful;Effective;No;No;No;No;No;No;0.0;-5.0;0.2;-5.08;0.31;-5.15;0.38;-5.19;;;;;;;;
614;18.9;24.9;0.6;8;Successful;Effective;No;No;No;No;No;No;0.0;-5.0;0.2;-5.08;0.31;-5.15;0.38;-5.19;;;;;;;;
615;18.9;24.9;0.6;10;Successful;Effective;No;No;No;No;No;No;0.0;-5.0;0.2;-5.08;0.31;-5.15;0.38;-5.19;;;;;;;;
616;18.9;24.9;0.7;5;Successful;Effective;No;No;No;No;No;No;0.0;-5.0;0.2;-5.08;0.31;-5.14;0.38;-5.19;;;;;;;;
617;18.9;24.9;0.7;8;Successful;Effective;No;No;No;No;No;No;0.0;-5.0;0.2;-5.08;0.31;-5.14;0.38;-5.19;;;;;;;;
618;18.9;24.9;0.7;10;Successful;Effective;No;No;No;No;No;No;0.0;-5.0;0.2;-5.08;0.31;-5.14;0.38;-5.19;;;;;;;;
619;18.9;24.9;0.8;5;Successful;Effective;No;No;No;No;No;No;0.0;-5.0;0.2;-5.07;0.31;-5.14;0.38;-5.18;;;;;;;;
620;18.9;24.9;0.8;8;Successful;Effective;No;No;No;No;No;No;0.0;-5.0;0.2;-5.07;0.31;-5.14;0.38;-5.18;;;;;;;;
621;18.9;24.9;0.8;10;Successful;Effective;No;No;No;No;No;No;0.0;-5.0;0.2;-5.07;0.31;-5.14;0.38;-5.18;;;;;;;;
622;18.9;24.9;0.9;5;Successful;Effective;No;No;No;No;No;No;0.0;-5.0;0.2;-5.07;0.31;-5.14;0.38;-5.18;;;;;;;;
623;18.9;24.9;0.9;8;Successful;Effective;No;No;No;No;No;No;0.0;-5.0;0.2;-5.07;0.31;-5.14;0.38;-5.18;;;;;;;;
624;18.9;24.9;0.9;10;Successful;Effective;No;No;No;No;No;No;0.0;-5.0;0.2;-5.07;0.31;-5.14;0.38;-5.18;;;;;;;;
625;18.9;24.9;1.0;5;Successful;Effective;No;No;No;No;No;No;0.0;-5.0;0.2;-5.07;0.31;-5.14;0.38;-5.18;;;;;;;;
626;18.9;24.9;1.0;8;Successful;Effective;No;No;No;No;No;No;0.0;-5.0;0.2;-5.07;0.31;-5.14;0.38;-5.18;;;;;;;;
627;18.9;24.9;1.0;10;Successful;Effective;No;No;No;No;No;No;0.0;-5.0;0.2;-5.07;0.31;-5.14;0.38;-5.18;;;;;;;;
628;18.9;24.9;1.1;5;Successful;Effective;No;No;No;No;No;No;0.0;-5.0;0.2;-5.07;0.31;-5.14;0.38;-5.18;;;;;;;;
629;18.9;24.9;1.1;8;Successful;Effective;No;No;No;No;No;No;0.0;-5.0;0.2;-5.07;0.31;-5.14;0.38;-5.18;;;;;;;;
630;18.9;24.9;1.1;10;Successful;Effective;No;No;No;No;No;No;0.0;-5.0;0.2;-5.07;0.31;-5.14;0.38;-5.18;;;;;;;;
631;19.0;25.0;0.5;5;Successful;Effective;No;No;No;No;No;No;0.0;-5.0;0.2;-5.08;0.31;-5.15;0.38;-5.19;;;;;;;;
632;19.0;25.0;0.5;8;Successful;Effective;No;No;No;No;No;No;0.0;-5.0;0.2;-5.08;0.31;-5.15;0.38;-5.19;;;;;;;;
633;19.0;25.0;0.5;10;Successful;Effective;No;No;No;No;No;No;0.0;-5.0;0.2;-5.08;0.31;-5.15;0.38;-5.19;;;;;;;;
634;19.0;25.0;0.6;5;Successful;Effective;No;No;No;No;No;No;0.0;-5.0;0.2;-5.08;0.31;-5.15;0.38;-5.19;;;;;;;;
635;19.0;25.0;0.6;8;Successful;Effective;No;No;No;No;No;No;0.0;-5.0;0.2;-5.08;0.31;-5.15;0.38;-5.19;;;;;;;;
636;19.0;25.0;0.6;10;Successful;Effective;No;No;No;No;No;No;0.0;-5.0;0.2;-5.08;0.31;-5.15;0.38;-5.19;;;;;;;;
637;19.0;25.0;0.7;5;Successful;Effective;No;No;No;No;No;No;0.0;-5.0;0.2;-5.08;0.31;-5.15;0.38;-5.19;;;;;;;;
638;19.0;25.0;0.7;8;Successful;Effective;No;No;No;No;No;No;0.0;-5.0;0.2;-5.08;0.31;-5.15;0.38;-5.19;;;;;;;;
639;19.0;25.0;0.7;10;Successful;Effective;No;No;No;No;No;No;0.0;-5.0;0.2;-5.08;0.31;-5.15;0.38;-5.19;;;;;;;;
640;19.0;25.0;0.8;5;Successful;Effective;No;No;No;No;No;No;0.0;-5.0;0.2;-5.08;0.31;-5.15;0.38;-5.19;;;;;;;;
641;19.0;25.0;0.8;8;Successful;Effective;No;No;No;No;No;No;0.0;-5.0;0.2;-5.08;0.31;-5.15;0.38;-5.19;;;;;;;;
642;19.0;25.0;0.8;10;Successful;Effective;No;No;No;No;No;No;0.0;-5.0;0.2;-5.08;0.31;-5.15;0.38;-5.19;;;;;;;;
643;19.0;25.0;0.9;5;Successful;Effective;No;No;No;No;No;No;0.0;-5.0;0.2;-5.08;0.31;-5.14;0.38;-5.18;;;;;;;;
644;19.0;25.0;0.9;8;Successful;Effective;No;No;No;No;No;No;0.0;-5.0;0.2;-5.08;0.31;-5.14;0.38;-5.18;;;;;;;;
645;19.0;25.0;0.9;10;Successful;Effective;No;No;No;No;No;No;0.0;-5.0;0.2;-5.08;0.31;-5.14;0.38;-5.18;;;;;;;;
646;19.0;25.0;1.0;5;Successful;Effective;No;No;No;No;No;No;0.0;-5.0;0.2;-5.08;0.31;-5.14;0.38;-5.18;;;;;;;;
647;19.0;25.0;1.0;8;Successful;Effective;No;No;No;No;No;No;0.0;-5.0;0.2;-5.08;0.31;-5.14;0.38;-5.18;;;;;;;;
648;19.0;25.0;1.0;10;Successful;Effective;No;No;No;No;No;No;0.0;-5.0;0.2;-5.08;0.31;-5.14;0.38;-5.18;;;;;;;;
649;19.0;25.0;1.1;5;Successful;Effective;No;No;No;No;No;No;0.0;-5.0;0.2;-5.08;0.31;-5.14;0.38;-5.18;;;;;;;;
650;19.0;25.0;1.1;8;Successful;Effective;No;No;No;No;No;No;0.0;-5.0;0.2;-5.08;0.31;-5.14;0.38;-5.18;;;;;;;;
651;19.0;25.0;1.1;10;Successful;Effective;No;No;No;No;No;No;0.0;-5.0;0.2;-5.08;0.31;-5.14;0.38;-5.18;;;;;;;;
652;19.1;25.1;0.5;5;Successful;Effective;No;No;No;No;No;No;0.0;-5.0;0.2;-5.08;0.31;-5.15;0.38;-5.19;;;;;;;;
653;19.1;25.1;0.5;8;Successful;Effective;No;No;No;No;No;No;0.0;-5.0;0.2;-5.08;0.31;-5.15;0.38;-5.19;;;;;;;;
654;19.1;25.1;0.5;10;Successful;Effective;No;No;No;No;No;No;0.0;-5.0;0.2;-5.08;0.31;-5.15;0.38;-5.19;;;;;;;;
655;19.1;25.1;0.6;5;Successful;Effective;No;No;No;No;No;No;0.0;-5.0;0.2;-5.08;0.31;-5.15;0.38;-5.19;;;;;;;;
656;19.1;25.1;0.6;8;Successful;Effective;No;No;No;No;No;No;0.0;-5.0;0.2;-5.08;0.31;-5.15;0.38;-5.19;;;;;;;;
657;19.1;25.1;0.6;10;Successful;Effective;No;No;No;No;No;No;0.0;-5.0;0.2;-5.08;0.31;-5.15;0.38;-5.19;;;;;;;;
658;19.1;25.1;0.7;5;Successful;Effective;No;No;No;No;No;No;0.0;-5.0;0.2;-5.08;0.31;-5.15;0.38;-5.19;;;;;;;;
659;19.1;25.1;0.7;8;Successful;Effective;No;No;No;No;No;No;0.0;-5.0;0.2;-5.08;0.31;-5.15;0.38;-5.19;;;;;;;;
660;19.1;25.1;0.7;10;Successful;Effective;No;No;No;No;No;No;0.0;-5.0;0.2;-5.08;0.31;-5.15;0.38;-5.19;;;;;;;;
661;19.1;25.1;0.8;5;Successful;Effective;No;No;No;No;No;No;0.0;-5.0;0.2;-5.08;0.31;-5.15;0.38;-5.19;;;;;;;;
662;19.1;25.1;0.8;8;Successful;Effective;No;No;No;No;No;No;0.0;-5.0;0.2;-5.08;0.31;-5.15;0.38;-5.19;;;;;;;;
663;19.1;25.1;0.8;10;Successful;Effective;No;No;No;No;No;No;0.0;-5.0;0.2;-5.08;0.31;-5.15;0.38;-5.19;;;;;;;;
664;19.1;25.1;0.9;5;Successful;Effective;No;No;No;No;No;No;0.0;-5.0;0.2;-5.08;0.31;-5.15;0.38;-5.19;;;;;;;;
665;19.1;25.1;0.9;8;Successful;Effective;No;No;No;No;No;No;0.0;-5.0;0.2;-5.08;0.31;-5.15;0.38;-5.19;;;;;;;;
666;19.1;25.1;0.9;10;Successful;Effective;No;No;No;No;No;No;0.0;-5.0;0.2;-5.08;0.31;-5.15;0.38;-5.19;;;;;;;;
667;19.1;25.1;1.0;5;Successful;Effective;No;No;No;No;No;No;0.0;-5.0;0.2;-5.08;0.31;-5.15;0.38;-5.19;;;;;;;;
668;19.1;25.1;1.0;8;Successful;Effective;No;No;No;No;No;No;0.0;-5.0;0.2;-5.08;0.31;-5.15;0.38;-5.19;;;;;;;;
669;19.1;25.1;1.0;10;Successful;Effective;No;No;No;No;No;No;0.0;-5.0;0.2;-5.08;0.31;-5.15;0.38;-5.19;;;;;;;;
670;19.1;25.1;1.1;5;Successful;Effective;No;No;No;No;No;No;0.0;-5.0;0.2;-5.08;0.31;-5.15;0.38;-5.19;;;;;;;;
671;19.1;25.1;1.1;8;Successful;Effective;No;No;No;No;No;No;0.0;-5.0;0.2;-5.08;0.31;-5.15;0.38;-5.19;;;;;;;;
672;19.1;25.1;1.1;10;Successful;Effective;No;No;No;No;No;No;0.0;-5.0;0.2;-5.08;0.31;-5.15;0.38;-5.19;;;;;;;;
673;19.2;25.2;0.5;5;Successful;Effective;No;No;No;No;No;No;0.0;-5.0;0.2;-5.08;0.31;-5.15;0.38;-5.19;;;;;;;;
674;19.2;25.2;0.5;8;Successful;Effective;No;No;No;No;No;No;0.0;-5.0;0.2;-5.08;0.31;-5.15;0.38;-5.19;;;;;;;;
675;19.2;25.2;0.5;10;Successful;Effective;No;No;No;No;No;No;0.0;-5.0;0.2;-5.08;0.31;-5.15;0.38;-5.19;;;;;;;;
676;19.2;25.2;0.6;5;Successful;Effective;No;No;No;No;No;No;0.0;-5.0;0.2;-5.08;0.31;-5.15;0.38;-5.19;;;;;;;;
677;19.2;25.2;0.6;8;Successful;Effective;No;No;No;No;No;No;0.0;-5.0;0.2;-5.08;0.31;-5.15;0.38;-5.19;;;;;;;;
678;19.2;25.2;0.6;10;Successful;Effective;No;No;No;No;No;No;0.0;-5.0;0.2;-5.08;0.31;-5.15;0.38;-5.19;;;;;;;;
679;19.2;25.2;0.7;5;Successful;Effective;No;No;No;No;No;No;0.0;-5.0;0.2;-5.08;0.31;-5.15;0.38;-5.19;;;;;;;;
680;19.2;25.2;0.7;8;Successful;Effective;No;No;No;No;No;No;0.0;-5.0;0.2;-5.08;0.31;-5.15;0.38;-5.19;;;;;;;;
681;19.2;25.2;0.7;10;Successful;Effective;No;No;No;No;No;No;0.0;-5.0;0.2;-5.08;0.31;-5.15;0.38;-5.19;;;;;;;;
682;19.2;25.2;0.8;5;Successful;Effective;No;No;No;No;No;No;0.0;-5.0;0.2;-5.08;0.31;-5.15;0.38;-5.19;;;;;;;;
683;19.2;25.2;0.8;8;Successful;Effective;No;No;No;No;No;No;0.0;-5.0;0.2;-5.08;0.31;-5.15;0.38;-5.19;;;;;;;;
684;19.2;25.2;0.8;10;Successful;Effective;No;No;No;No;No;No;0.0;-5.0;0.2;-5.08;0.31;-5.15;0.38;-5.19;;;;;;;;
685;19.2;25.2;0.9;5;Successful;Effective;No;No;No;No;No;No;0.0;-5.0;0.2;-5.08;0.31;-5.15;0.38;-5.19;;;;;;;;
686;19.2;25.2;0.9;8;Successful;Effective;No;No;No;No;No;No;0.0;-5.0;0.2;-5.08;0.31;-5.15;0.38;-5.19;;;;;;;;
687;19.2;25.2;0.9;10;Successful;Effective;No;No;No;No;No;No;0.0;-5.0;0.2;-5.08;0.31;-5.15;0.38;-5.19;;;;;;;;
688;19.2;25.2;1.0;5;Successful;Effective;No;No;No;No;No;No;0.0;-5.0;0.2;-5.08;0.31;-5.15;0.38;-5.19;;;;;;;;
689;19.2;25.2;1.0;8;Successful;Effective;No;No;No;No;No;No;0.0;-5.0;0.2;-5.08;0.31;-5.15;0.38;-5.19;;;;;;;;
690;19.2;25.2;1.0;10;Successful;Effective;No;No;No;No;No;No;0.0;-5.0;0.2;-5.08;0.31;-5.15;0.38;-5.19;;;;;;;;
691;19.2;25.2;1.1;5;Successful;Effective;No;No;No;No;No;No;0.0;-5.0;0.2;-5.08;0.31;-5.15;0.38;-5.19;;;;;;;;
692;19.2;25.2;1.1;8;Successful;Effective;No;No;No;No;No;No;0.0;-5.0;0.2;-5.08;0.31;-5.15;0.38;-5.19;;;;;;;;
693;19.2;25.2;1.1;10;Successful;Effective;No;No;No;No;No;No;0.0;-5.0;0.2;-5.08;0.31;-5.15;0.38;-5.19;;;;;;;;
694;19.3;25.3;0.5;5;Successful;Effective;No;No;No;No;No;No;0.0;-5.0;0.2;-5.08;0.31;-5.15;0.38;-5.19;;;;;;;;
695;19.3;25.3;0.5;8;Successful;Effective;No;No;No;No;No;No;0.0;-5.0;0.2;-5.08;0.31;-5.15;0.38;-5.19;;;;;;;;
696;19.3;25.3;0.5;10;Successful;Effective;No;No;No;No;No;No;0.0;-5.0;0.2;-5.08;0.31;-5.15;0.38;-5.19;;;;;;;;
697;19.3;25.3;0.6;5;Successful;Effective;No;No;No;No;No;No;0.0;-5.0;0.2;-5.08;0.31;-5.15;0.38;-5.19;;;;;;;;
698;19.3;25.3;0.6;8;Successful;Effective;No;No;No;No;No;No;0.0;-5.0;0.2;-5.08;0.31;-5.15;0.38;-5.19;;;;;;;;
699;19.3;25.3;0.6;10;Successful;Effective;No;No;No;No;No;No;0.0;-5.0;0.2;-5.08;0.31;-5.15;0.38;-5.19;;;;;;;;
700;19.3;25.3;0.7;5;Successful;Effective;No;No;No;No;No;No;0.0;-5.0;0.2;-5.08;0.31;-5.15;0.38;-5.19;;;;;;;;
701;19.3;25.3;0.7;8;Successful;Effective;No;No;No;No;No;No;0.0;-5.0;0.2;-5.08;0.31;-5.15;0.38;-5.19;;;;;;;;
702;19.3;25.3;0.7;10;Successful;Effective;No;No;No;No;No;No;0.0;-5.0;0.2;-5.08;0.31;-5.15;0.38;-5.19;;;;;;;;
703;19.3;25.3;0.8;5;Successful;Effective;No;No;No;No;No;No;0.0;-5.0;0.2;-5.08;0.31;-5.15;0.38;-5.19;;;;;;;;
704;19.3;25.3;0.8;8;Successful;Effective;No;No;No;No;No;No;0.0;-5.0;0.2;-5.08;0.31;-5.15;0.38;-5.19;;;;;;;;
705;19.3;25.3;0.8;10;Successful;Effective;No;No;No;No;No;No;0.0;-5.0;0.2;-5.08;0.31;-5.15;0.38;-5.19;;;;;;;;
706;19.3;25.3;0.9;5;Successful;Effective;No;No;No;No;No;No;0.0;-5.0;0.2;-5.08;0.31;-5.15;0.38;-5.19;;;;;;;;
707;19.3;25.3;0.9;8;Successful;Effective;No;No;No;No;No;No;0.0;-5.0;0.2;-5.08;0.31;-5.15;0.38;-5.19;;;;;;;;
708;19.3;25.3;0.9;10;Successful;Effective;No;No;No;No;No;No;0.0;-5.0;0.2;-5.08;0.31;-5.15;0.38;-5.19;;;;;;;;
709;19.3;25.3;1.0;5;Successful;Effective;No;No;No;No;No;No;0.0;-5.0;0.2;-5.08;0.31;-5.15;0.38;-5.19;;;;;;;;
710;19.3;25.3;1.0;8;Successful;Effective;No;No;No;No;No;No;0.0;-5.0;0.2;-5.08;0.31;-5.15;0.38;-5.19;;;;;;;;
711;19.3;25.3;1.0;10;Successful;Effective;No;No;No;No;No;No;0.0;-5.0;0.2;-5.08;0.31;-5.15;0.38;-5.19;;;;;;;;
712;19.3;25.3;1.1;5;Successful;Effective;No;No;No;No;No;No;0.0;-5.0;0.2;-5.08;0.31;-5.15;0.38;-5.19;;;;;;;;
713;19.3;25.3;1.1;8;Successful;Effective;No;No;No;No;No;No;0.0;-5.0;0.2;-5.08;0.31;-5.15;0.38;-5.19;;;;;;;;
714;19.3;25.3;1.1;10;Successful;Effective;No;No;No;No;No;No;0.0;-5.0;0.2;-5.08;0.31;-5.15;0.38;-5.19;;;;;;;;
715;19.4;25.4;0.5;5;Successful;Effective;No;No;No;No;No;No;0.0;-5.0;0.2;-5.08;0.31;-5.15;0.38;-5.19;;;;;;;;
716;19.4;25.4;0.5;8;Successful;Effective;No;No;No;No;No;No;0.0;-5.0;0.2;-5.08;0.31;-5.15;0.38;-5.19;;;;;;;;
717;19.4;25.4;0.5;10;Successful;Effective;No;No;No;No;No;No;0.0;-5.0;0.2;-5.08;0.31;-5.15;0.38;-5.19;;;;;;;;
718;19.4;25.4;0.6;5;Successful;Effective;No;No;No;No;No;No;0.0;-5.0;0.2;-5.08;0.31;-5.15;0.38;-5.19;;;;;;;;
719;19.4;25.4;0.6;8;Successful;Effective;No;No;No;No;No;No;0.0;-5.0;0.2;-5.08;0.31;-5.15;0.38;-5.19;;;;;;;;
720;19.4;25.4;0.6;10;Successful;Effective;No;No;No;No;No;No;0.0;-5.0;0.2;-5.08;0.31;-5.15;0.38;-5.19;;;;;;;;
721;19.4;25.4;0.7;5;Successful;Effective;No;No;No;No;No;No;0.0;-5.0;0.2;-5.08;0.31;-5.15;0.38;-5.19;;;;;;;;
722;19.4;25.4;0.7;8;Successful;Effective;No;No;No;No;No;No;0.0;-5.0;0.2;-5.08;0.31;-5.15;0.38;-5.19;;;;;;;;
723;19.4;25.4;0.7;10;Successful;Effective;No;No;No;No;No;No;0.0;-5.0;0.2;-5.08;0.31;-5.15;0.38;-5.19;;;;;;;;
724;19.4;25.4;0.8;5;Successful;Effective;No;No;No;No;No;No;0.0;-5.0;0.2;-5.08;0.31;-5.15;0.38;-5.19;;;;;;;;
725;19.4;25.4;0.8;8;Successful;Effective;No;No;No;No;No;No;0.0;-5.0;0.2;-5.08;0.31;-5.15;0.38;-5.19;;;;;;;;
726;19.4;25.4;0.8;10;Successful;Effective;No;No;No;No;No;No;0.0;-5.0;0.2;-5.08;0.31;-5.15;0.38;-5.19;;;;;;;;
727;19.4;25.4;0.9;5;Successful;Effective;No;No;No;No;No;No;0.0;-5.0;0.2;-5.08;0.31;-5.15;0.38;-5.19;;;;;;;;
728;19.4;25.4;0.9;8;Successful;Effective;No;No;No;No;No;No;0.0;-5.0;0.2;-5.08;0.31;-5.15;0.38;-5.19;;;;;;;;
729;19.4;25.4;0.9;10;Successful;Effective;No;No;No;No;No;No;0.0;-5.0;0.2;-5.08;0.31;-5.15;0.38;-5.19;;;;;;;;
730;19.4;25.4;1.0;5;Successful;Effective;No;No;No;No;No;No;0.0;-5.0;0.2;-5.08;0.31;-5.15;0.38;-5.19;;;;;;;;
731;19.4;25.4;1.0;8;Successful;Effective;No;No;No;No;No;No;0.0;-5.0;0.2;-5.08;0.31;-5.15;0.38;-5.19;;;;;;;;
732;19.4;25.4;1.0;10;Successful;Effective;No;No;No;No;No;No;0.0;-5.0;0.2;-5.08;0.31;-5.15;0.38;-5.19;;;;;;;;
733;19.4;25.4;1.1;5;Successful;Effective;No;No;No;No;No;No;0.0;-5.0;0.2;-5.08;0.31;-5.15;0.38;-5.19;;;;;;;;
734;19.4;25.4;1.1;8;Successful;Effective;No;No;No;No;No;No;0.0;-5.0;0.2;-5.08;0.31;-5.15;0.38;-5.19;;;;;;;;
735;19.4;25.4;1.1;10;Successful;Effective;No;No;No;No;No;No;0.0;-5.0;0.2;-5.08;0.31;-5.15;0.38;-5.19;;;;;;;;
736;19.5;25.5;0.5;5;Successful;Effective;No;No;No;No;No;No;0.0;-5.0;0.2;-5.08;0.31;-5.15;0.38;-5.19;;;;;;;;
737;19.5;25.5;0.5;8;Successful;Effective;No;No;No;No;No;No;0.0;-5.0;0.2;-5.08;0.31;-5.15;0.38;-5.19;;;;;;;;
738;19.5;25.5;0.5;10;Successful;Effective;No;No;No;No;No;No;0.0;-5.0;0.2;-5.08;0.31;-5.15;0.38;-5.19;;;;;;;;
739;19.5;25.5;0.6;5;Successful;Effective;No;No;No;No;No;No;0.0;-5.0;0.2;-5.08;0.31;-5.15;0.38;-5.19;;;;;;;;
740;19.5;25.5;0.6;8;Successful;Effective;No;No;No;No;No;No;0.0;-5.0;0.2;-5.08;0.31;-5.15;0.38;-5.19;;;;;;;;
741;19.5;25.5;0.6;10;Successful;Effective;No;No;No;No;No;No;0.0;-5.0;0.2;-5.08;0.31;-5.15;0.38;-5.19;;;;;;;;
742;19.5;25.5;0.7;5;Successful;Effective;No;No;No;No;No;No;0.0;-5.0;0.2;-5.08;0.31;-5.15;0.38;-5.19;;;;;;;;
743;19.5;25.5;0.7;8;Successful;Effective;No;No;No;No;No;No;0.0;-5.0;0.2;-5.08;0.31;-5.15;0.38;-5.19;;;;;;;;
744;19.5;25.5;0.7;10;Successful;Effective;No;No;No;No;No;No;0.0;-5.0;0.2;-5.08;0.31;-5.15;0.38;-5.19;;;;;;;;
745;19.5;25.5;0.8;5;Successful;Effective;No;No;No;No;No;No;0.0;-5.0;0.2;-5.08;0.31;-5.15;0.38;-5.19;;;;;;;;
746;19.5;25.5;0.8;8;Successful;Effective;No;No;No;No;No;No;0.0;-5.0;0.2;-5.08;0.31;-5.15;0.38;-5.19;;;;;;;;
747;19.5;25.5;0.8;10;Successful;Effective;No;No;No;No;No;No;0.0;-5.0;0.2;-5.08;0.31;-5.15;0.38;-5.19;;;;;;;;
748;19.5;25.5;0.9;5;Successful;Effective;No;No;No;No;No;No;0.0;-5.0;0.2;-5.08;0.31;-5.15;0.38;-5.19;;;;;;;;
749;19.5;25.5;0.9;8;Successful;Effective;No;No;No;No;No;No;0.0;-5.0;0.2;-5.08;0.31;-5.15;0.38;-5.19;;;;;;;;
750;19.5;25.5;0.9;10;Successful;Effective;No;No;No;No;No;No;0.0;-5.0;0.2;-5.08;0.31;-5.15;0.38;-5.19;;;;;;;;
751;19.5;25.5;1.0;5;Successful;Effective;No;No;No;No;No;No;0.0;-5.0;0.2;-5.08;0.31;-5.15;0.38;-5.19;;;;;;;;
752;19.5;25.5;1.0;8;Successful;Effective;No;No;No;No;No;No;0.0;-5.0;0.2;-5.08;0.31;-5.15;0.38;-5.19;;;;;;;;
753;19.5;25.5;1.0;10;Successful;Effective;No;No;No;No;No;No;0.0;-5.0;0.2;-5.08;0.31;-5.15;0.38;-5.19;;;;;;;;
754;19.5;25.5;1.1;5;Successful;Effective;No;No;No;No;No;No;0.0;-5.0;0.2;-5.08;0.31;-5.15;0.38;-5.19;;;;;;;;
755;19.5;25.5;1.1;8;Successful;Effective;No;No;No;No;No;No;0.0;-5.0;0.2;-5.08;0.31;-5.15;0.38;-5.19;;;;;;;;
756;19.5;25.5;1.1;10;Successful;Effective;No;No;No;No;No;No;0.0;-5.0;0.2;-5.08;0.31;-5.15;0.38;-5.19;;;;;;;;
757;19.6;25.6;0.5;5;Successful;Effective;No;No;No;No;No;No;0.0;-5.0;0.2;-5.08;0.31;-5.15;0.38;-5.19;;;;;;;;
758;19.6;25.6;0.5;8;Successful;Effective;No;No;No;No;No;No;0.0;-5.0;0.2;-5.08;0.31;-5.15;0.38;-5.19;;;;;;;;
759;19.6;25.6;0.5;10;Successful;Effective;No;No;No;No;No;No;0.0;-5.0;0.2;-5.08;0.31;-5.15;0.38;-5.19;;;;;;;;
760;19.6;25.6;0.6;5;Successful;Effective;No;No;No;No;No;No;0.0;-5.0;0.2;-5.08;0.31;-5.15;0.38;-5.19;;;;;;;;
761;19.6;25.6;0.6;8;Successful;Effective;No;No;No;No;No;No;0.0;-5.0;0.2;-5.08;0.31;-5.15;0.38;-5.19;;;;;;;;
762;19.6;25.6;0.6;10;Successful;Effective;No;No;No;No;No;No;0.0;-5.0;0.2;-5.08;0.31;-5.15;0.38;-5.19;;;;;;;;
763;19.6;25.6;0.7;5;Successful;Effective;No;No;No;No;No;No;0.0;-5.0;0.2;-5.08;0.31;-5.15;0.38;-5.19;;;;;;;;
764;19.6;25.6;0.7;8;Successful;Effective;No;No;No;No;No;No;0.0;-5.0;0.2;-5.08;0.31;-5.15;0.38;-5.19;;;;;;;;
765;19.6;25.6;0.7;10;Successful;Effective;No;No;No;No;No;No;0.0;-5.0;0.2;-5.08;0.31;-5.15;0.38;-5.19;;;;;;;;
766;19.6;25.6;0.8;5;Successful;Effective;No;No;No;No;No;No;0.0;-5.0;0.2;-5.08;0.31;-5.15;0.38;-5.19;;;;;;;;
767;19.6;25.6;0.8;8;Successful;Effective;No;No;No;No;No;No;0.0;-5.0;0.2;-5.08;0.31;-5.15;0.38;-5.19;;;;;;;;
768;19.6;25.6;0.8;10;Successful;Effective;No;No;No;No;No;No;0.0;-5.0;0.2;-5.08;0.31;-5.15;0.38;-5.19;;;;;;;;
769;19.6;25.6;0.9;5;Successful;Effective;No;No;No;No;No;No;0.0;-5.0;0.2;-5.08;0.31;-5.15;0.38;-5.19;;;;;;;;
770;19.6;25.6;0.9;8;Successful;Effective;No;No;No;No;No;No;0.0;-5.0;0.2;-5.08;0.31;-5.15;0.38;-5.19;;;;;;;;
771;19.6;25.6;0.9;10;Successful;Effective;No;No;No;No;No;No;0.0;-5.0;0.2;-5.08;0.31;-5.15;0.38;-5.19;;;;;;;;
772;19.6;25.6;1.0;5;Successful;Effective;No;No;No;No;No;No;0.0;-5.0;0.2;-5.08;0.31;-5.15;0.38;-5.19;;;;;;;;
773;19.6;25.6;1.0;8;Successful;Effective;No;No;No;No;No;No;0.0;-5.0;0.2;-5.08;0.31;-5.15;0.38;-5.19;;;;;;;;
774;19.6;25.6;1.0;10;Successful;Effective;No;No;No;No;No;No;0.0;-5.0;0.2;-5.08;0.31;-5.15;0.38;-5.19;;;;;;;;
775;19.6;25.6;1.1;5;Successful;Effective;No;No;No;No;No;No;0.0;-5.0;0.2;-5.08;0.31;-5.15;0.38;-5.19;;;;;;;;
776;19.6;25.6;1.1;8;Successful;Effective;No;No;No;No;No;No;0.0;-5.0;0.2;-5.08;0.31;-5.15;0.38;-5.19;;;;;;;;
777;19.6;25.6;1.1;10;Successful;Effective;No;No;No;No;No;No;0.0;-5.0;0.2;-5.08;0.31;-5.15;0.38;-5.19;;;;;;;;
778;19.7;25.7;0.5;5;Successful;Effective;No;No;No;No;No;No;0.0;-5.0;0.2;-5.08;0.31;-5.15;0.38;-5.19;;;;;;;;
779;19.7;25.7;0.5;8;Successful;Effective;No;No;No;No;No;No;0.0;-5.0;0.2;-5.08;0.31;-5.15;0.38;-5.19;;;;;;;;
780;19.7;25.7;0.5;10;Successful;Effective;No;No;No;No;No;No;0.0;-5.0;0.2;-5.08;0.31;-5.15;0.38;-5.19;;;;;;;;
781;19.7;25.7;0.6;5;Successful;Effective;No;No;No;No;No;No;0.0;-5.0;0.2;-5.08;0.31;-5.15;0.38;-5.19;;;;;;;;
782;19.7;25.7;0.6;8;Successful;Effective;No;No;No;No;No;No;0.0;-5.0;0.2;-5.08;0.31;-5.15;0.38;-5.19;;;;;;;;
783;19.7;25.7;0.6;10;Successful;Effective;No;No;No;No;No;No;0.0;-5.0;0.2;-5.08;0.31;-5.15;0.38;-5.19;;;;;;;;
784;19.7;25.7;0.7;5;Successful;Effective;No;No;No;No;No;No;0.0;-5.0;0.2;-5.08;0.31;-5.15;0.38;-5.19;;;;;;;;
785;19.7;25.7;0.7;8;Successful;Effective;No;No;No;No;No;No;0.0;-5.0;0.2;-5.08;0.31;-5.15;0.38;-5.19;;;;;;;;
786;19.7;25.7;0.7;10;Successful;Effective;No;No;No;No;No;No;0.0;-5.0;0.2;-5.08;0.31;-5.15;0.38;-5.19;;;;;;;;
787;19.7;25.7;0.8;5;Successful;Effective;No;No;No;No;No;No;0.0;-5.0;0.2;-5.08;0.31;-5.15;0.38;-5.19;;;;;;;;
788;19.7;25.7;0.8;8;Successful;Effective;No;No;No;No;No;No;0.0;-5.0;0.2;-5.08;0.31;-5.15;0.38;-5.19;;;;;;;;
789;19.7;25.7;0.8;10;Successful;Effective;No;No;No;No;No;No;0.0;-5.0;0.2;-5.08;0.31;-5.15;0.38;-5.19;;;;;;;;
790;19.7;25.7;0.9;5;Successful;Effective;No;No;No;No;No;No;0.0;-5.0;0.2;-5.08;0.31;-5.15;0.38;-5.19;;;;;;;;
791;19.7;25.7;0.9;8;Successful;Effective;No;No;No;No;No;No;0.0;-5.0;0.2;-5.08;0.31;-5.15;0.38;-5.19;;;;;;;;
792;19.7;25.7;0.9;10;Successful;Effective;No;No;No;No;No;No;0.0;-5.0;0.2;-5.08;0.31;-5.15;0.38;-5.19;;;;;;;;
793;19.7;25.7;1.0;5;Successful;Effective;No;No;No;No;No;No;0.0;-5.0;0.2;-5.08;0.31;-5.15;0.38;-5.19;;;;;;;;
794;19.7;25.7;1.0;8;Successful;Effective;No;No;No;No;No;No;0.0;-5.0;0.2;-5.08;0.31;-5.15;0.38;-5.19;;;;;;;;
795;19.7;25.7;1.0;10;Successful;Effective;No;No;No;No;No;No;0.0;-5.0;0.2;-5.08;0.31;-5.15;0.38;-5.19;;;;;;;;
796;19.7;25.7;1.1;5;Successful;Effective;No;No;No;No;No;No;0.0;-5.0;0.2;-5.08;0.31;-5.15;0.38;-5.19;;;;;;;;
797;19.7;25.7;1.1;8;Successful;Effective;No;No;No;No;No;No;0.0;-5.0;0.2;-5.08;0.31;-5.15;0.38;-5.19;;;;;;;;
798;19.7;25.7;1.1;10;Successful;Effective;No;No;No;No;No;No;0.0;-5.0;0.2;-5.08;0.31;-5.15;0.38;-5.19;;;;;;;;
799;19.8;25.8;0.5;5;Successful;Effective;No;No;No;No;No;No;0.0;-5.0;0.2;-5.08;0.31;-5.15;0.38;-5.19;;;;;;;;
800;19.8;25.8;0.5;8;Successful;Effective;No;No;No;No;No;No;0.0;-5.0;0.2;-5.08;0.31;-5.15;0.38;-5.19;;;;;;;;
801;19.8;25.8;0.5;10;Successful;Effective;No;No;No;No;No;No;0.0;-5.0;0.2;-5.08;0.31;-5.15;0.38;-5.19;;;;;;;;
802;19.8;25.8;0.6;5;Successful;Effective;No;No;No;No;No;No;0.0;-5.0;0.2;-5.08;0.31;-5.15;0.38;-5.19;;;;;;;;
803;19.8;25.8;0.6;8;Successful;Effective;No;No;No;No;No;No;0.0;-5.0;0.2;-5.08;0.31;-5.15;0.38;-5.19;;;;;;;;
804;19.8;25.8;0.6;10;Successful;Effective;No;No;No;No;No;No;0.0;-5.0;0.2;-5.08;0.31;-5.15;0.38;-5.19;;;;;;;;
805;19.8;25.8;0.7;5;Successful;Effective;No;No;No;No;No;No;0.0;-5.0;0.2;-5.08;0.31;-5.15;0.38;-5.19;;;;;;;;
806;19.8;25.8;0.7;8;Successful;Effective;No;No;No;No;No;No;0.0;-5.0;0.2;-5.08;0.31;-5.15;0.38;-5.19;;;;;;;;
807;19.8;25.8;0.7;10;Successful;Effective;No;No;No;No;No;No;0.0;-5.0;0.2;-5.08;0.31;-5.15;0.38;-5.19;;;;;;;;
808;19.8;25.8;0.8;5;Successful;Effective;No;No;No;No;No;No;0.0;-5.0;0.2;-5.08;0.31;-5.15;0.38;-5.19;;;;;;;;
809;19.8;25.8;0.8;8;Successful;Effective;No;No;No;No;No;No;0.0;-5.0;0.2;-5.08;0.31;-5.15;0.38;-5.19;;;;;;;;
810;19.8;25.8;0.8;10;Successful;Effective;No;No;No;No;No;No;0.0;-5.0;0.2;-5.08;0.31;-5.15;0.38;-5.19;;;;;;;;
811;19.8;25.8;0.9;5;Successful;Effective;No;No;No;No;No;No;0.0;-5.0;0.2;-5.08;0.31;-5.15;0.38;-5.19;;;;;;;;
812;19.8;25.8;0.9;8;Successful;Effective;No;No;No;No;No;No;0.0;-5.0;0.2;-5.08;0.31;-5.15;0.38;-5.19;;;;;;;;
813;19.8;25.8;0.9;10;Successful;Effective;No;No;No;No;No;No;0.0;-5.0;0.2;-5.08;0.31;-5.15;0.38;-5.19;;;;;;;;
814;19.8;25.8;1.0;5;Successful;Effective;No;No;No;No;No;No;0.0;-5.0;0.2;-5.08;0.31;-5.15;0.38;-5.19;;;;;;;;
815;19.8;25.8;1.0;8;Successful;Effective;No;No;No;No;No;No;0.0;-5.0;0.2;-5.08;0.31;-5.15;0.38;-5.19;;;;;;;;
816;19.8;25.8;1.0;10;Successful;Effective;No;No;No;No;No;No;0.0;-5.0;0.2;-5.08;0.31;-5.15;0.38;-5.19;;;;;;;;
817;19.8;25.8;1.1;5;Successful;Effective;No;No;No;No;No;No;0.0;-5.0;0.2;-5.08;0.31;-5.15;0.38;-5.19;;;;;;;;
818;19.8;25.8;1.1;8;Successful;Effective;No;No;No;No;No;No;0.0;-5.0;0.2;-5.08;0.31;-5.15;0.38;-5.19;;;;;;;;
819;19.8;25.8;1.1;10;Successful;Effective;No;No;No;No;No;No;0.0;-5.0;0.2;-5.08;0.31;-5.15;0.38;-5.19;;;;;;;;
820;19.9;25.9;0.5;5;Successful;Effective;No;No;No;No;No;No;0.0;-5.0;0.2;-5.08;0.31;-5.15;0.38;-5.19;;;;;;;;
821;19.9;25.9;0.5;8;Successful;Effective;No;No;No;No;No;No;0.0;-5.0;0.2;-5.08;0.31;-5.15;0.38;-5.19;;;;;;;;
822;19.9;25.9;0.5;10;Successful;Effective;No;No;No;No;No;No;0.0;-5.0;0.2;-5.08;0.31;-5.15;0.38;-5.19;;;;;;;;
823;19.9;25.9;0.6;5;Successful;Effective;No;No;No;No;No;No;0.0;-5.0;0.2;-5.08;0.31;-5.15;0.38;-5.19;;;;;;;;
824;19.9;25.9;0.6;8;Successful;Effective;No;No;No;No;No;No;0.0;-5.0;0.2;-5.08;0.31;-5.15;0.38;-5.19;;;;;;;;
825;19.9;25.9;0.6;10;Successful;Effective;No;No;No;No;No;No;0.0;-5.0;0.2;-5.08;0.31;-5.15;0.38;-5.19;;;;;;;;
826;19.9;25.9;0.7;5;Successful;Effective;No;No;No;No;No;No;0.0;-5.0;0.2;-5.08;0.31;-5.15;0.38;-5.19;;;;;;;;
827;19.9;25.9;0.7;8;Successful;Effective;No;No;No;No;No;No;0.0;-5.0;0.2;-5.08;0.31;-5.15;0.38;-5.19;;;;;;;;
828;19.9;25.9;0.7;10;Successful;Effective;No;No;No;No;No;No;0.0;-5.0;0.2;-5.08;0.31;-5.15;0.38;-5.19;;;;;;;;
829;19.9;25.9;0.8;5;Successful;Effective;No;No;No;No;No;No;0.0;-5.0;0.2;-5.08;0.31;-5.15;0.38;-5.19;;;;;;;;
830;19.9;25.9;0.8;8;Successful;Effective;No;No;No;No;No;No;0.0;-5.0;0.2;-5.08;0.31;-5.15;0.38;-5.19;;;;;;;;
831;19.9;25.9;0.8;10;Successful;Effective;No;No;No;No;No;No;0.0;-5.0;0.2;-5.08;0.31;-5.15;0.38;-5.19;;;;;;;;
832;19.9;25.9;0.9;5;Successful;Effective;No;No;No;No;No;No;0.0;-5.0;0.2;-5.08;0.31;-5.15;0.38;-5.19;;;;;;;;
833;19.9;25.9;0.9;8;Successful;Effective;No;No;No;No;No;No;0.0;-5.0;0.2;-5.08;0.31;-5.15;0.38;-5.19;;;;;;;;
834;19.9;25.9;0.9;10;Successful;Effective;No;No;No;No;No;No;0.0;-5.0;0.2;-5.08;0.31;-5.15;0.38;-5.19;;;;;;;;
835;19.9;25.9;1.0;5;Successful;Effective;No;No;No;No;No;No;0.0;-5.0;0.2;-5.08;0.31;-5.15;0.38;-5.19;;;;;;;;
836;19.9;25.9;1.0;8;Successful;Effective;No;No;No;No;No;No;0.0;-5.0;0.2;-5.08;0.31;-5.15;0.38;-5.19;;;;;;;;
837;19.9;25.9;1.0;10;Successful;Effective;No;No;No;No;No;No;0.0;-5.0;0.2;-5.08;0.31;-5.15;0.38;-5.19;;;;;;;;
838;19.9;25.9;1.1;5;Successful;Effective;No;No;No;No;No;No;0.0;-5.0;0.2;-5.08;0.31;-5.15;0.38;-5.19;;;;;;;;
839;19.9;25.9;1.1;8;Successful;Effective;No;No;No;No;No;No;0.0;-5.0;0.2;-5.08;0.31;-5.15;0.38;-5.19;;;;;;;;
840;19.9;25.9;1.1;10;Successful;Effective;No;No;No;No;No;No;0.0;-5.0;0.2;-5.08;0.31;-5.15;0.38;-5.19;;;;;;;;
841;20.0;26.0;0.5;5;Successful;Effective;No;No;No;No;No;No;0.0;-5.0;0.2;-5.08;0.31;-5.15;0.38;-5.19;;;;;;;;
842;20.0;26.0;0.5;8;Successful;Effective;No;No;No;No;No;No;0.0;-5.0;0.2;-5.08;0.31;-5.15;0.38;-5.19;;;;;;;;
843;20.0;26.0;0.5;10;Successful;Effective;No;No;No;No;No;No;0.0;-5.0;0.2;-5.08;0.31;-5.15;0.38;-5.19;;;;;;;;
844;20.0;26.0;0.6;5;Successful;Effective;No;No;No;No;No;No;0.0;-5.0;0.2;-5.08;0.31;-5.15;0.38;-5.19;;;;;;;;
845;20.0;26.0;0.6;8;Successful;Effective;No;No;No;No;No;No;0.0;-5.0;0.2;-5.08;0.31;-5.15;0.38;-5.19;;;;;;;;
846;20.0;26.0;0.6;10;Successful;Effective;No;No;No;No;No;No;0.0;-5.0;0.2;-5.08;0.31;-5.15;0.38;-5.19;;;;;;;;
847;20.0;26.0;0.7;5;Successful;Effective;No;No;No;No;No;No;0.0;-5.0;0.2;-5.08;0.31;-5.15;0.38;-5.19;;;;;;;;
848;20.0;26.0;0.7;8;Successful;Effective;No;No;No;No;No;No;0.0;-5.0;0.2;-5.08;0.31;-5.15;0.38;-5.19;;;;;;;;
849;20.0;26.0;0.7;10;Successful;Effective;No;No;No;No;No;No;0.0;-5.0;0.2;-5.08;0.31;-5.15;0.38;-5.19;;;;;;;;
850;20.0;26.0;0.8;5;Successful;Effective;No;No;No;No;No;No;0.0;-5.0;0.2;-5.08;0.31;-5.15;0.38;-5.19;;;;;;;;
851;20.0;26.0;0.8;8;Successful;Effective;No;No;No;No;No;No;0.0;-5.0;0.2;-5.08;0.31;-5.15;0.38;-5.19;;;;;;;;
852;20.0;26.0;0.8;10;Successful;Effective;No;No;No;No;No;No;0.0;-5.0;0.2;-5.08;0.31;-5.15;0.38;-5.19;;;;;;;;
853;20.0;26.0;0.9;5;Successful;Effective;No;No;No;No;No;No;0.0;-5.0;0.2;-5.08;0.31;-5.15;0.38;-5.19;;;;;;;;
854;20.0;26.0;0.9;8;Successful;Effective;No;No;No;No;No;No;0.0;-5.0;0.2;-5.08;0.31;-5.15;0.38;-5.19;;;;;;;;
855;20.0;26.0;0.9;10;Successful;Effective;No;No;No;No;No;No;0.0;-5.0;0.2;-5.08;0.31;-5.15;0.38;-5.19;;;;;;;;
856;20.0;26.0;1.0;5;Successful;Effective;No;No;No;No;No;No;0.0;-5.0;0.2;-5.08;0.31;-5.15;0.38;-5.19;;;;;;;;
857;20.0;26.0;1.0;8;Successful;Effective;No;No;No;No;No;No;0.0;-5.0;0.2;-5.08;0.31;-5.15;0.38;-5.19;;;;;;;;
858;20.0;26.0;1.0;10;Successful;Effective;No;No;No;No;No;No;0.0;-5.0;0.2;-5.08;0.31;-5.15;0.38;-5.19;;;;;;;;
859;20.0;26.0;1.1;5;Successful;Effective;No;No;No;No;No;No;0.0;-5.0;0.2;-5.08;0.31;-5.15;0.38;-5.19;;;;;;;;
860;20.0;26.0;1.1;8;Successful;Effective;No;No;No;No;No;No;0.0;-5.0;0.2;-5.08;0.31;-5.15;0.38;-5.19;;;;;;;;
861;20.0;26.0;1.1;10;Successful;Effective;No;No;No;No;No;No;0.0;-5.0;0.2;-5.08;0.31;-5.15;0.38;-5.19;;;;;;;;
862;20.1;26.1;0.5;5;Successful;Effective;No;No;No;No;No;No;0.0;-5.0;0.2;-5.08;0.31;-5.15;0.38;-5.19;;;;;;;;
863;20.1;26.1;0.5;8;Successful;Effective;No;No;No;No;No;No;0.0;-5.0;0.2;-5.08;0.31;-5.15;0.38;-5.19;;;;;;;;
864;20.1;26.1;0.5;10;Successful;Effective;No;No;No;No;No;No;0.0;-5.0;0.2;-5.08;0.31;-5.15;0.38;-5.19;;;;;;;;
865;20.1;26.1;0.6;5;Successful;Effective;No;No;No;No;No;No;0.0;-5.0;0.2;-5.08;0.31;-5.15;0.38;-5.19;;;;;;;;
866;20.1;26.1;0.6;8;Successful;Effective;No;No;No;No;No;No;0.0;-5.0;0.2;-5.08;0.31;-5.15;0.38;-5.19;;;;;;;;
867;20.1;26.1;0.6;10;Successful;Effective;No;No;No;No;No;No;0.0;-5.0;0.2;-5.08;0.31;-5.15;0.38;-5.19;;;;;;;;
868;20.1;26.1;0.7;5;Successful;Effective;No;No;No;No;No;No;0.0;-5.0;0.2;-5.08;0.31;-5.15;0.38;-5.19;;;;;;;;
869;20.1;26.1;0.7;8;Successful;Effective;No;No;No;No;No;No;0.0;-5.0;0.2;-5.08;0.31;-5.15;0.38;-5.19;;;;;;;;
870;20.1;26.1;0.7;10;Successful;Effective;No;No;No;No;No;No;0.0;-5.0;0.2;-5.08;0.31;-5.15;0.38;-5.19;;;;;;;;
871;20.1;26.1;0.8;5;Successful;Effective;No;No;No;No;No;No;0.0;-5.0;0.2;-5.08;0.31;-5.15;0.38;-5.19;;;;;;;;
872;20.1;26.1;0.8;8;Successful;Effective;No;No;No;No;No;No;0.0;-5.0;0.2;-5.08;0.31;-5.15;0.38;-5.19;;;;;;;;
873;20.1;26.1;0.8;10;Successful;Effective;No;No;No;No;No;No;0.0;-5.0;0.2;-5.08;0.31;-5.15;0.38;-5.19;;;;;;;;
874;20.1;26.1;0.9;5;Successful;Effective;No;No;No;No;No;No;0.0;-5.0;0.2;-5.08;0.31;-5.15;0.38;-5.19;;;;;;;;
875;20.1;26.1;0.9;8;Successful;Effective;No;No;No;No;No;No;0.0;-5.0;0.2;-5.08;0.31;-5.15;0.38;-5.19;;;;;;;;
876;20.1;26.1;0.9;10;Successful;Effective;No;No;No;No;No;No;0.0;-5.0;0.2;-5.08;0.31;-5.15;0.38;-5.19;;;;;;;;
877;20.1;26.1;1.0;5;Successful;Effective;No;No;No;No;No;No;0.0;-5.0;0.2;-5.08;0.31;-5.15;0.38;-5.19;;;;;;;;
878;20.1;26.1;1.0;8;Successful;Effective;No;No;No;No;No;No;0.0;-5.0;0.2;-5.08;0.31;-5.15;0.38;-5.19;;;;;;;;
879;20.1;26.1;1.0;10;Successful;Effective;No;No;No;No;No;No;0.0;-5.0;0.2;-5.08;0.31;-5.15;0.38;-5.19;;;;;;;;
880;20.1;26.1;1.1;5;Successful;Effective;No;No;No;No;No;No;0.0;-5.0;0.2;-5.08;0.31;-5.15;0.38;-5.19;;;;;;;;
881;20.1;26.1;1.1;8;Successful;Effective;No;No;No;No;No;No;0.0;-5.0;0.2;-5.08;0.31;-5.15;0.38;-5.19;;;;;;;;
882;20.1;26.1;1.1;10;Successful;Effective;No;No;No;No;No;No;0.0;-5.0;0.2;-5.08;0.31;-5.15;0.38;-5.19;;;;;;;;
883;20.2;26.2;0.5;5;Successful;Effective;No;No;No;No;No;No;0.0;-5.0;0.2;-5.08;0.31;-5.15;0.38;-5.19;;;;;;;;
884;20.2;26.2;0.5;8;Successful;Effective;No;No;No;No;No;No;0.0;-5.0;0.2;-5.08;0.31;-5.15;0.38;-5.19;;;;;;;;
885;20.2;26.2;0.5;10;Successful;Effective;No;No;No;No;No;No;0.0;-5.0;0.2;-5.08;0.31;-5.15;0.38;-5.19;;;;;;;;
886;20.2;26.2;0.6;5;Successful;Effective;No;No;No;No;No;No;0.0;-5.0;0.2;-5.08;0.31;-5.15;0.38;-5.19;;;;;;;;
887;20.2;26.2;0.6;8;Successful;Effective;No;No;No;No;No;No;0.0;-5.0;0.2;-5.08;0.31;-5.15;0.38;-5.19;;;;;;;;
888;20.2;26.2;0.6;10;Successful;Effective;No;No;No;No;No;No;0.0;-5.0;0.2;-5.08;0.31;-5.15;0.38;-5.19;;;;;;;;
889;20.2;26.2;0.7;5;Successful;Effective;No;No;No;No;No;No;0.0;-5.0;0.2;-5.08;0.31;-5.15;0.38;-5.19;;;;;;;;
890;20.2;26.2;0.7;8;Successful;Effective;No;No;No;No;No;No;0.0;-5.0;0.2;-5.08;0.31;-5.15;0.38;-5.19;;;;;;;;
891;20.2;26.2;0.7;10;Successful;Effective;No;No;No;No;No;No;0.0;-5.0;0.2;-5.08;0.31;-5.15;0.38;-5.19;;;;;;;;
892;20.2;26.2;0.8;5;Successful;Effective;No;No;No;No;No;No;0.0;-5.0;0.2;-5.08;0.31;-5.15;0.38;-5.19;;;;;;;;
893;20.2;26.2;0.8;8;Successful;Effective;No;No;No;No;No;No;0.0;-5.0;0.2;-5.08;0.31;-5.15;0.38;-5.19;;;;;;;;
894;20.2;26.2;0.8;10;Successful;Effective;No;No;No;No;No;No;0.0;-5.0;0.2;-5.08;0.31;-5.15;0.38;-5.19;;;;;;;;
895;20.2;26.2;0.9;5;Successful;Effective;No;No;No;No;No;No;0.0;-5.0;0.2;-5.08;0.31;-5.15;0.38;-5.19;;;;;;;;
896;20.2;26.2;0.9;8;Successful;Effective;No;No;No;No;No;No;0.0;-5.0;0.2;-5.08;0.31;-5.15;0.38;-5.19;;;;;;;;
897;20.2;26.2;0.9;10;Successful;Effective;No;No;No;No;No;No;0.0;-5.0;0.2;-5.08;0.31;-5.15;0.38;-5.19;;;;;;;;
898;20.2;26.2;1.0;5;Successful;Effective;No;No;No;No;No;No;0.0;-5.0;0.2;-5.08;0.31;-5.15;0.38;-5.19;;;;;;;;
899;20.2;26.2;1.0;8;Successful;Effective;No;No;No;No;No;No;0.0;-5.0;0.2;-5.08;0.31;-5.15;0.38;-5.19;;;;;;;;
900;20.2;26.2;1.0;10;Successful;Effective;No;No;No;No;No;No;0.0;-5.0;0.2;-5.08;0.31;-5.15;0.38;-5.19;;;;;;;;
901;20.2;26.2;1.1;5;Successful;Effective;No;No;No;No;No;No;0.0;-5.0;0.2;-5.08;0.31;-5.15;0.38;-5.19;;;;;;;;
902;20.2;26.2;1.1;8;Successful;Effective;No;No;No;No;No;No;0.0;-5.0;0.2;-5.08;0.31;-5.15;0.38;-5.19;;;;;;;;
903;20.2;26.2;1.1;10;Successful;Effective;No;No;No;No;No;No;0.0;-5.0;0.2;-5.08;0.31;-5.15;0.38;-5.19;;;;;;;;
904;20.3;26.3;0.5;5;Successful;Effective;No;No;No;No;No;No;0.0;-5.0;0.2;-5.08;0.31;-5.15;0.38;-5.19;;;;;;;;
905;20.3;26.3;0.5;8;Successful;Effective;No;No;No;No;No;No;0.0;-5.0;0.2;-5.08;0.31;-5.15;0.38;-5.19;;;;;;;;
906;20.3;26.3;0.5;10;Successful;Effective;No;No;No;No;No;No;0.0;-5.0;0.2;-5.08;0.31;-5.15;0.38;-5.19;;;;;;;;
907;20.3;26.3;0.6;5;Successful;Effective;No;No;No;No;No;No;0.0;-5.0;0.2;-5.08;0.31;-5.15;0.38;-5.19;;;;;;;;
908;20.3;26.3;0.6;8;Successful;Effective;No;No;No;No;No;No;0.0;-5.0;0.2;-5.08;0.31;-5.15;0.38;-5.19;;;;;;;;
909;20.3;26.3;0.6;10;Successful;Effective;No;No;No;No;No;No;0.0;-5.0;0.2;-5.08;0.31;-5.15;0.38;-5.19;;;;;;;;
910;20.3;26.3;0.7;5;Successful;Effective;No;No;No;No;No;No;0.0;-5.0;0.2;-5.08;0.31;-5.15;0.38;-5.19;;;;;;;;
911;20.3;26.3;0.7;8;Successful;Effective;No;No;No;No;No;No;0.0;-5.0;0.2;-5.08;0.31;-5.15;0.38;-5.19;;;;;;;;
912;20.3;26.3;0.7;10;Successful;Effective;No;No;No;No;No;No;0.0;-5.0;0.2;-5.08;0.31;-5.15;0.38;-5.19;;;;;;;;
913;20.3;26.3;0.8;5;Successful;Effective;No;No;No;No;No;No;0.0;-5.0;0.2;-5.08;0.31;-5.15;0.38;-5.19;;;;;;;;
914;20.3;26.3;0.8;8;Successful;Effective;No;No;No;No;No;No;0.0;-5.0;0.2;-5.08;0.31;-5.15;0.38;-5.19;;;;;;;;
915;20.3;26.3;0.8;10;Successful;Effective;No;No;No;No;No;No;0.0;-5.0;0.2;-5.08;0.31;-5.15;0.38;-5.19;;;;;;;;
916;20.3;26.3;0.9;5;Successful;Effective;No;No;No;No;No;No;0.0;-5.0;0.2;-5.08;0.31;-5.15;0.38;-5.19;;;;;;;;
917;20.3;26.3;0.9;8;Successful;Effective;No;No;No;No;No;No;0.0;-5.0;0.2;-5.08;0.31;-5.15;0.38;-5.19;;;;;;;;
918;20.3;26.3;0.9;10;Successful;Effective;No;No;No;No;No;No;0.0;-5.0;0.2;-5.08;0.31;-5.15;0.38;-5.19;;;;;;;;
919;20.3;26.3;1.0;5;Successful;Effective;No;No;No;No;No;No;0.0;-5.0;0.2;-5.08;0.31;-5.15;0.38;-5.19;;;;;;;;
920;20.3;26.3;1.0;8;Successful;Effective;No;No;No;No;No;No;0.0;-5.0;0.2;-5.08;0.31;-5.15;0.38;-5.19;;;;;;;;
921;20.3;26.3;1.0;10;Successful;Effective;No;No;No;No;No;No;0.0;-5.0;0.2;-5.08;0.31;-5.15;0.38;-5.19;;;;;;;;
922;20.3;26.3;1.1;5;Successful;Effective;No;No;No;No;No;No;0.0;-5.0;0.2;-5.08;0.31;-5.15;0.38;-5.19;;;;;;;;
923;20.3;26.3;1.1;8;Successful;Effective;No;No;No;No;No;No;0.0;-5.0;0.2;-5.08;0.31;-5.15;0.38;-5.19;;;;;;;;
924;20.3;26.3;1.1;10;Successful;Effective;No;No;No;No;No;No;0.0;-5.0;0.2;-5.08;0.31;-5.15;0.38;-5.19;;;;;;;;
925;20.4;26.4;0.5;5;Successful;Effective;No;No;No;No;No;No;0.0;-5.0;0.2;-5.08;0.31;-5.15;0.38;-5.19;;;;;;;;
926;20.4;26.4;0.5;8;Successful;Effective;No;No;No;No;No;No;0.0;-5.0;0.2;-5.08;0.31;-5.15;0.38;-5.19;;;;;;;;
927;20.4;26.4;0.5;10;Successful;Effective;No;No;No;No;No;No;0.0;-5.0;0.2;-5.08;0.31;-5.15;0.38;-5.19;;;;;;;;
928;20.4;26.4;0.6;5;Successful;Effective;No;No;No;No;No;No;0.0;-5.0;0.2;-5.08;0.31;-5.15;0.38;-5.19;;;;;;;;
929;20.4;26.4;0.6;8;Successful;Effective;No;No;No;No;No;No;0.0;-5.0;0.2;-5.08;0.31;-5.15;0.38;-5.19;;;;;;;;
930;20.4;26.4;0.6;10;Successful;Effective;No;No;No;No;No;No;0.0;-5.0;0.2;-5.08;0.31;-5.15;0.38;-5.19;;;;;;;;
931;20.4;26.4;0.7;5;Successful;Effective;No;No;No;No;No;No;0.0;-5.0;0.2;-5.08;0.31;-5.15;0.38;-5.19;;;;;;;;
932;20.4;26.4;0.7;8;Successful;Effective;No;No;No;No;No;No;0.0;-5.0;0.2;-5.08;0.31;-5.15;0.38;-5.19;;;;;;;;
933;20.4;26.4;0.7;10;Successful;Effective;No;No;No;No;No;No;0.0;-5.0;0.2;-5.08;0.31;-5.15;0.38;-5.19;;;;;;;;
934;20.4;26.4;0.8;5;Successful;Effective;No;No;No;No;No;No;0.0;-5.0;0.2;-5.08;0.31;-5.15;0.38;-5.19;;;;;;;;
935;20.4;26.4;0.8;8;Successful;Effective;No;No;No;No;No;No;0.0;-5.0;0.2;-5.08;0.31;-5.15;0.38;-5.19;;;;;;;;
936;20.4;26.4;0.8;10;Successful;Effective;No;No;No;No;No;No;0.0;-5.0;0.2;-5.08;0.31;-5.15;0.38;-5.19;;;;;;;;
937;20.4;26.4;0.9;5;Successful;Effective;No;No;No;No;No;No;0.0;-5.0;0.2;-5.08;0.31;-5.15;0.38;-5.19;;;;;;;;
938;20.4;26.4;0.9;8;Successful;Effective;No;No;No;No;No;No;0.0;-5.0;0.2;-5.08;0.31;-5.15;0.38;-5.19;;;;;;;;
939;20.4;26.4;0.9;10;Successful;Effective;No;No;No;No;No;No;0.0;-5.0;0.2;-5.08;0.31;-5.15;0.38;-5.19;;;;;;;;
940;20.4;26.4;1.0;5;Successful;Effective;No;No;No;No;No;No;0.0;-5.0;0.2;-5.08;0.31;-5.15;0.38;-5.19;;;;;;;;
941;20.4;26.4;1.0;8;Successful;Effective;No;No;No;No;No;No;0.0;-5.0;0.2;-5.08;0.31;-5.15;0.38;-5.19;;;;;;;;
942;20.4;26.4;1.0;10;Successful;Effective;No;No;No;No;No;No;0.0;-5.0;0.2;-5.08;0.31;-5.15;0.38;-5.19;;;;;;;;
943;20.4;26.4;1.1;5;Successful;Effective;No;No;No;No;No;No;0.0;-5.0;0.2;-5.08;0.31;-5.15;0.38;-5.19;;;;;;;;
944;20.4;26.4;1.1;8;Successful;Effective;No;No;No;No;No;No;0.0;-5.0;0.2;-5.08;0.31;-5.15;0.38;-5.19;;;;;;;;
945;20.4;26.4;1.1;10;Successful;Effective;No;No;No;No;No;No;0.0;-5.0;0.2;-5.08;0.31;-5.15;0.38;-5.19;;;;;;;;
946;20.5;26.5;0.5;5;Successful;Effective;No;No;No;No;No;No;0.0;-5.0;0.2;-5.08;0.31;-5.15;0.38;-5.19;;;;;;;;
947;20.5;26.5;0.5;8;Successful;Effective;No;No;No;No;No;No;0.0;-5.0;0.2;-5.08;0.31;-5.15;0.38;-5.19;;;;;;;;
948;20.5;26.5;0.5;10;Successful;Effective;No;No;No;No;No;No;0.0;-5.0;0.2;-5.08;0.31;-5.15;0.38;-5.19;;;;;;;;
949;20.5;26.5;0.6;5;Successful;Effective;No;No;No;No;No;No;0.0;-5.0;0.2;-5.08;0.31;-5.15;0.38;-5.19;;;;;;;;
950;20.5;26.5;0.6;8;Successful;Effective;No;No;No;No;No;No;0.0;-5.0;0.2;-5.08;0.31;-5.15;0.38;-5.19;;;;;;;;
951;20.5;26.5;0.6;10;Successful;Effective;No;No;No;No;No;No;0.0;-5.0;0.2;-5.08;0.31;-5.15;0.38;-5.19;;;;;;;;
952;20.5;26.5;0.7;5;Successful;Effective;No;No;No;No;No;No;0.0;-5.0;0.2;-5.08;0.31;-5.15;0.38;-5.19;;;;;;;;
953;20.5;26.5;0.7;8;Successful;Effective;No;No;No;No;No;No;0.0;-5.0;0.2;-5.08;0.31;-5.15;0.38;-5.19;;;;;;;;
954;20.5;26.5;0.7;10;Successful;Effective;No;No;No;No;No;No;0.0;-5.0;0.2;-5.08;0.31;-5.15;0.38;-5.19;;;;;;;;
955;20.5;26.5;0.8;5;Successful;Effective;No;No;No;No;No;No;0.0;-5.0;0.2;-5.08;0.31;-5.15;0.38;-5.19;;;;;;;;
956;20.5;26.5;0.8;8;Successful;Effective;No;No;No;No;No;No;0.0;-5.0;0.2;-5.08;0.31;-5.15;0.38;-5.19;;;;;;;;
957;20.5;26.5;0.8;10;Successful;Effective;No;No;No;No;No;No;0.0;-5.0;0.2;-5.08;0.31;-5.15;0.38;-5.19;;;;;;;;
958;20.5;26.5;0.9;5;Successful;Effective;No;No;No;No;No;No;0.0;-5.0;0.2;-5.08;0.31;-5.15;0.38;-5.19;;;;;;;;
959;20.5;26.5;0.9;8;Successful;Effective;No;No;No;No;No;No;0.0;-5.0;0.2;-5.08;0.31;-5.15;0.38;-5.19;;;;;;;;
960;20.5;26.5;0.9;10;Successful;Effective;No;No;No;No;No;No;0.0;-5.0;0.2;-5.08;0.31;-5.15;0.38;-5.19;;;;;;;;
961;20.5;26.5;1.0;5;Successful;Effective;No;No;No;No;No;No;0.0;-5.0;0.2;-5.08;0.31;-5.15;0.38;-5.19;;;;;;;;
962;20.5;26.5;1.0;8;Successful;Effective;No;No;No;No;No;No;0.0;-5.0;0.2;-5.08;0.31;-5.15;0.38;-5.19;;;;;;;;
963;20.5;26.5;1.0;10;Successful;Effective;No;No;No;No;No;No;0.0;-5.0;0.2;-5.08;0.31;-5.15;0.38;-5.19;;;;;;;;
964;20.5;26.5;1.1;5;Successful;Effective;No;No;No;No;No;No;0.0;-5.0;0.2;-5.08;0.31;-5.15;0.38;-5.19;;;;;;;;
965;20.5;26.5;1.1;8;Successful;Effective;No;No;No;No;No;No;0.0;-5.0;0.2;-5.08;0.31;-5.15;0.38;-5.19;;;;;;;;
966;20.5;26.5;1.1;10;Successful;Effective;No;No;No;No;No;No;0.0;-5.0;0.2;-5.08;0.31;-5.15;0.38;-5.19;;;;;;;;
967;20.6;26.6;0.5;5;Successful;Effective;No;No;No;No;No;No;0.0;-5.0;0.2;-5.08;0.31;-5.15;0.38;-5.19;;;;;;;;
968;20.6;26.6;0.5;8;Successful;Effective;No;No;No;No;No;No;0.0;-5.0;0.2;-5.08;0.31;-5.15;0.38;-5.19;;;;;;;;
969;20.6;26.6;0.5;10;Successful;Effective;No;No;No;No;No;No;0.0;-5.0;0.2;-5.08;0.31;-5.15;0.38;-5.19;;;;;;;;
970;20.6;26.6;0.6;5;Successful;Effective;No;No;No;No;No;No;0.0;-5.0;0.2;-5.08;0.31;-5.15;0.38;-5.19;;;;;;;;
971;20.6;26.6;0.6;8;Successful;Effective;No;No;No;No;No;No;0.0;-5.0;0.2;-5.08;0.31;-5.15;0.38;-5.19;;;;;;;;
972;20.6;26.6;0.6;10;Successful;Effective;No;No;No;No;No;No;0.0;-5.0;0.2;-5.08;0.31;-5.15;0.38;-5.19;;;;;;;;
973;20.6;26.6;0.7;5;Successful;Effective;No;No;No;No;No;No;0.0;-5.0;0.2;-5.08;0.31;-5.15;0.38;-5.19;;;;;;;;
974;20.6;26.6;0.7;8;Successful;Effective;No;No;No;No;No;No;0.0;-5.0;0.2;-5.08;0.31;-5.15;0.38;-5.19;;;;;;;;
975;20.6;26.6;0.7;10;Successful;Effective;No;No;No;No;No;No;0.0;-5.0;0.2;-5.08;0.31;-5.15;0.38;-5.19;;;;;;;;
976;20.6;26.6;0.8;5;Successful;Effective;No;No;No;No;No;No;0.0;-5.0;0.2;-5.08;0.31;-5.15;0.38;-5.19;;;;;;;;
977;20.6;26.6;0.8;8;Successful;Effective;No;No;No;No;No;No;0.0;-5.0;0.2;-5.08;0.31;-5.15;0.38;-5.19;;;;;;;;
978;20.6;26.6;0.8;10;Successful;Effective;No;No;No;No;No;No;0.0;-5.0;0.2;-5.08;0.31;-5.15;0.38;-5.19;;;;;;;;
979;20.6;26.6;0.9;5;Successful;Effective;No;No;No;No;No;No;0.0;-5.0;0.2;-5.08;0.31;-5.15;0.38;-5.19;;;;;;;;
980;20.6;26.6;0.9;8;Successful;Effective;No;No;No;No;No;No;0.0;-5.0;0.2;-5.08;0.31;-5.15;0.38;-5.19;;;;;;;;
981;20.6;26.6;0.9;10;Successful;Effective;No;No;No;No;No;No;0.0;-5.0;0.2;-5.08;0.31;-5.15;0.38;-5.19;;;;;;;;
982;20.6;26.6;1.0;5;Successful;Effective;No;No;No;No;No;No;0.0;-5.0;0.2;-5.08;0.31;-5.15;0.38;-5.19;;;;;;;;
983;20.6;26.6;1.0;8;Successful;Effective;No;No;No;No;No;No;0.0;-5.0;0.2;-5.08;0.31;-5.15;0.38;-5.19;;;;;;;;
984;20.6;26.6;1.0;10;Successful;Effective;No;No;No;No;No;No;0.0;-5.0;0.2;-5.08;0.31;-5.15;0.38;-5.19;;;;;;;;
985;20.6;26.6;1.1;5;Successful;Effective;No;No;No;No;No;No;0.0;-5.0;0.2;-5.08;0.31;-5.15;0.38;-5.19;;;;;;;;
986;20.6;26.6;1.1;8;Successful;Effective;No;No;No;No;No;No;0.0;-5.0;0.2;-5.08;0.31;-5.15;0.38;-5.19;;;;;;;;
987;20.6;26.6;1.1;10;Successful;Effective;No;No;No;No;No;No;0.0;-5.0;0.2;-5.08;0.31;-5.15;0.38;-5.19;;;;;;;;
988;20.7;26.7;0.5;5;Successful;Effective;No;No;No;No;No;No;0.0;-5.0;0.2;-5.08;0.31;-5.15;0.38;-5.19;;;;;;;;
989;20.7;26.7;0.5;8;Successful;Effective;No;No;No;No;No;No;0.0;-5.0;0.2;-5.08;0.31;-5.15;0.38;-5.19;;;;;;;;
990;20.7;26.7;0.5;10;Successful;Effective;No;No;No;No;No;No;0.0;-5.0;0.2;-5.08;0.31;-5.15;0.38;-5.19;;;;;;;;
991;20.7;26.7;0.6;5;Successful;Effective;No;No;No;No;No;No;0.0;-5.0;0.2;-5.08;0.31;-5.15;0.38;-5.19;;;;;;;;
992;20.7;26.7;0.6;8;Successful;Effective;No;No;No;No;No;No;0.0;-5.0;0.2;-5.08;0.31;-5.15;0.38;-5.19;;;;;;;;
993;20.7;26.7;0.6;10;Successful;Effective;No;No;No;No;No;No;0.0;-5.0;0.2;-5.08;0.31;-5.15;0.38;-5.19;;;;;;;;
994;20.7;26.7;0.7;5;Successful;Effective;No;No;No;No;No;No;0.0;-5.0;0.2;-5.08;0.31;-5.15;0.38;-5.19;;;;;;;;
995;20.7;26.7;0.7;8;Successful;Effective;No;No;No;No;No;No;0.0;-5.0;0.2;-5.08;0.31;-5.15;0.38;-5.19;;;;;;;;
996;20.7;26.7;0.7;10;Successful;Effective;No;No;No;No;No;No;0.0;-5.0;0.2;-5.08;0.31;-5.15;0.38;-5.19;;;;;;;;
997;20.7;26.7;0.8;5;Successful;Effective;No;No;No;No;No;No;0.0;-5.0;0.2;-5.08;0.31;-5.15;0.38;-5.19;;;;;;;;
998;20.7;26.7;0.8;8;Successful;Effective;No;No;No;No;No;No;0.0;-5.0;0.2;-5.08;0.31;-5.15;0.38;-5.19;;;;;;;;
999;20.7;26.7;0.8;10;Successful;Effective;No;No;No;No;No;No;0.0;-5.0;0.2;-5.08;0.31;-5.15;0.38;-5.19;;;;;;;;
1000;20.7;26.7;0.9;5;Successful;Effective;No;No;No;No;No;No;0.0;-5.0;0.2;-5.08;0.31;-5.15;0.38;-5.19;;;;;;;;
1001;20.7;26.7;0.9;8;Successful;Effective;No;No;No;No;No;No;0.0;-5.0;0.2;-5.08;0.31;-5.15;0.38;-5.19;;;;;;;;
1002;20.7;26.7;0.9;10;Successful;Effective;No;No;No;No;No;No;0.0;-5.0;0.2;-5.08;0.31;-5.15;0.38;-5.19;;;;;;;;
1003;20.7;26.7;1.0;5;Successful;Effective;No;No;No;No;No;No;0.0;-5.0;0.2;-5.08;0.31;-5.15;0.38;-5.19;;;;;;;;
1004;20.7;26.7;1.0;8;Successful;Effective;No;No;No;No;No;No;0.0;-5.0;0.2;-5.08;0.31;-5.15;0.38;-5.19;;;;;;;;
1005;20.7;26.7;1.0;10;Successful;Effective;No;No;No;No;No;No;0.0;-5.0;0.2;-5.08;0.31;-5.15;0.38;-5.19;;;;;;;;
1006;20.7;26.7;1.1;5;Successful;Effective;No;No;No;No;No;No;0.0;-5.0;0.2;-5.08;0.31;-5.15;0.38;-5.19;;;;;;;;
1007;20.7;26.7;1.1;8;Successful;Effective;No;No;No;No;No;No;0.0;-5.0;0.2;-5.08;0.31;-5.15;0.38;-5.19;;;;;;;;
1008;20.7;26.7;1.1;10;Successful;Effective;No;No;No;No;No;No;0.0;-5.0;0.2;-5.08;0.31;-5.15;0.38;-5.19;;;;;;;;
1009;20.8;26.8;0.5;5;Successful;Effective;No;No;No;No;No;No;0.0;-5.0;0.2;-5.08;0.31;-5.15;0.38;-5.19;;;;;;;;
1010;20.8;26.8;0.5;8;Successful;Effective;No;No;No;No;No;No;0.0;-5.0;0.2;-5.08;0.31;-5.15;0.38;-5.19;;;;;;;;
1011;20.8;26.8;0.5;10;Successful;Effective;No;No;No;No;No;No;0.0;-5.0;0.2;-5.08;0.31;-5.15;0.38;-5.19;;;;;;;;
1012;20.8;26.8;0.6;5;Successful;Effective;No;No;No;No;No;No;0.0;-5.0;0.2;-5.08;0.31;-5.15;0.38;-5.19;;;;;;;;
1013;20.8;26.8;0.6;8;Successful;Effective;No;No;No;No;No;No;0.0;-5.0;0.2;-5.08;0.31;-5.15;0.38;-5.19;;;;;;;;
1014;20.8;26.8;0.6;10;Successful;Effective;No;No;No;No;No;No;0.0;-5.0;0.2;-5.08;0.31;-5.15;0.38;-5.19;;;;;;;;
1015;20.8;26.8;0.7;5;Successful;Effective;No;No;No;No;No;No;0.0;-5.0;0.2;-5.08;0.31;-5.15;0.38;-5.19;;;;;;;;
1016;20.8;26.8;0.7;8;Successful;Effective;No;No;No;No;No;No;0.0;-5.0;0.2;-5.08;0.31;-5.15;0.38;-5.19;;;;;;;;
1017;20.8;26.8;0.7;10;Successful;Effective;No;No;No;No;No;No;0.0;-5.0;0.2;-5.08;0.31;-5.15;0.38;-5.19;;;;;;;;
1018;20.8;26.8;0.8;5;Successful;Effective;No;No;No;No;No;No;0.0;-5.0;0.2;-5.08;0.31;-5.15;0.38;-5.19;;;;;;;;
1019;20.8;26.8;0.8;8;Successful;Effective;No;No;No;No;No;No;0.0;-5.0;0.2;-5.08;0.31;-5.15;0.38;-5.19;;;;;;;;
1020;20.8;26.8;0.8;10;Successful;Effective;No;No;No;No;No;No;0.0;-5.0;0.2;-5.08;0.31;-5.15;0.38;-5.19;;;;;;;;
1021;20.8;26.8;0.9;5;Successful;Effective;No;No;No;No;No;No;0.0;-5.0;0.2;-5.08;0.31;-5.15;0.38;-5.19;;;;;;;;
1022;20.8;26.8;0.9;8;Successful;Effective;No;No;No;No;No;No;0.0;-5.0;0.2;-5.08;0.31;-5.15;0.38;-5.19;;;;;;;;
1023;20.8;26.8;0.9;10;Successful;Effective;No;No;No;No;No;No;0.0;-5.0;0.2;-5.08;0.31;-5.15;0.38;-5.19;;;;;;;;
1024;20.8;26.8;1.0;5;Successful;Effective;No;No;No;No;No;No;0.0;-5.0;0.2;-5.08;0.31;-5.15;0.38;-5.19;;;;;;;;
1025;20.8;26.8;1.0;8;Successful;Effective;No;No;No;No;No;No;0.0;-5.0;0.2;-5.08;0.31;-5.15;0.38;-5.19;;;;;;;;
1026;20.8;26.8;1.0;10;Successful;Effective;No;No;No;No;No;No;0.0;-5.0;0.2;-5.08;0.31;-5.15;0.38;-5.19;;;;;;;;
1027;20.8;26.8;1.1;5;Successful;Effective;No;No;No;No;No;No;0.0;-5.0;0.2;-5.08;0.31;-5.15;0.38;-5.19;;;;;;;;
1028;20.8;26.8;1.1;8;Successful;Effective;No;No;No;No;No;No;0.0;-5.0;0.2;-5.08;0.31;-5.15;0.38;-5.19;;;;;;;;
1029;20.8;26.8;1.1;10;Successful;Effective;No;No;No;No;No;No;0.0;-5.0;0.2;-5.08;0.31;-5.15;0.38;-5.19;;;;;;;;
1030;20.9;26.9;0.5;5;Successful;Effective;No;No;No;No;No;No;0.0;-5.0;0.2;-5.08;0.31;-5.15;0.38;-5.19;;;;;;;;
1031;20.9;26.9;0.5;8;Successful;Effective;No;No;No;No;No;No;0.0;-5.0;0.2;-5.08;0.31;-5.15;0.38;-5.19;;;;;;;;
1032;20.9;26.9;0.5;10;Successful;Effective;No;No;No;No;No;No;0.0;-5.0;0.2;-5.08;0.31;-5.15;0.38;-5.19;;;;;;;;
1033;20.9;26.9;0.6;5;Successful;Effective;No;No;No;No;No;No;0.0;-5.0;0.2;-5.08;0.31;-5.15;0.38;-5.19;;;;;;;;
1034;20.9;26.9;0.6;8;Successful;Effective;No;No;No;No;No;No;0.0;-5.0;0.2;-5.08;0.31;-5.15;0.38;-5.19;;;;;;;;
1035;20.9;26.9;0.6;10;Successful;Effective;No;No;No;No;No;No;0.0;-5.0;0.2;-5.08;0.31;-5.15;0.38;-5.19;;;;;;;;
1036;20.9;26.9;0.7;5;Successful;Effective;No;No;No;No;No;No;0.0;-5.0;0.2;-5.08;0.31;-5.15;0.38;-5.19;;;;;;;;
1037;20.9;26.9;0.7;8;Successful;Effective;No;No;No;No;No;No;0.0;-5.0;0.2;-5.08;0.31;-5.15;0.38;-5.19;;;;;;;;
1038;20.9;26.9;0.7;10;Successful;Effective;No;No;No;No;No;No;0.0;-5.0;0.2;-5.08;0.31;-5.15;0.38;-5.19;;;;;;;;
1039;20.9;26.9;0.8;5;Successful;Effective;No;No;No;No;No;No;0.0;-5.0;0.2;-5.08;0.31;-5.15;0.38;-5.19;;;;;;;;
1040;20.9;26.9;0.8;8;Successful;Effective;No;No;No;No;No;No;0.0;-5.0;0.2;-5.08;0.31;-5.15;0.38;-5.19;;;;;;;;
1041;20.9;26.9;0.8;10;Successful;Effective;No;No;No;No;No;No;0.0;-5.0;0.2;-5.08;0.31;-5.15;0.38;-5.19;;;;;;;;
1042;20.9;26.9;0.9;5;Successful;Effective;No;No;No;No;No;No;0.0;-5.0;0.2;-5.08;0.31;-5.15;0.38;-5.19;;;;;;;;
1043;20.9;26.9;0.9;8;Successful;Effective;No;No;No;No;No;No;0.0;-5.0;0.2;-5.08;0.31;-5.15;0.38;-5.19;;;;;;;;
1044;20.9;26.9;0.9;10;Successful;Effective;No;No;No;No;No;No;0.0;-5.0;0.2;-5.08;0.31;-5.15;0.38;-5.19;;;;;;;;
1045;20.9;26.9;1.0;5;Successful;Effective;No;No;No;No;No;No;0.0;-5.0;0.2;-5.08;0.31;-5.15;0.38;-5.19;;;;;;;;
1046;20.9;26.9;1.0;8;Successful;Effective;No;No;No;No;No;No;0.0;-5.0;0.2;-5.08;0.31;-5.15;0.38;-5.19;;;;;;;;
1047;20.9;26.9;1.0;10;Successful;Effective;No;No;No;No;No;No;0.0;-5.0;0.2;-5.08;0.31;-5.15;0.38;-5.19;;;;;;;;
1048;20.9;26.9;1.1;5;Successful;Effective;No;No;No;No;No;No;0.0;-5.0;0.2;-5.08;0.31;-5.15;0.38;-5.19;;;;;;;;
1049;20.9;26.9;1.1;8;Successful;Effective;No;No;No;No;No;No;0.0;-5.0;0.2;-5.08;0.31;-5.15;0.38;-5.19;;;;;;;;
1050;20.9;26.9;1.1;10;Successful;Effective;No;No;No;No;No;No;0.0;-5.0;0.2;-5.08;0.31;-5.15;0.38;-5.19;;;;;;;;
1051;21.0;27.0;0.5;5;Successful;Effective;No;No;No;No;No;No;0.0;-5.0;0.2;-5.08;0.31;-5.15;0.38;-5.19;;;;;;;;
1052;21.0;27.0;0.5;8;Successful;Effective;No;No;No;No;No;No;0.0;-5.0;0.2;-5.08;0.31;-5.15;0.38;-5.19;;;;;;;;
1053;21.0;27.0;0.5;10;Successful;Effective;No;No;No;No;No;No;0.0;-5.0;0.2;-5.08;0.31;-5.15;0.38;-5.19;;;;;;;;
1054;21.0;27.0;0.6;5;Successful;Effective;No;No;No;No;No;No;0.0;-5.0;0.2;-5.08;0.31;-5.15;0.38;-5.19;;;;;;;;
1055;21.0;27.0;0.6;8;Successful;Effective;No;No;No;No;No;No;0.0;-5.0;0.2;-5.08;0.31;-5.15;0.38;-5.19;;;;;;;;
1056;21.0;27.0;0.6;10;Successful;Effective;No;No;No;No;No;No;0.0;-5.0;0.2;-5.08;0.31;-5.15;0.38;-5.19;;;;;;;;
1057;21.0;27.0;0.7;5;Successful;Effective;No;No;No;No;No;No;0.0;-5.0;0.2;-5.08;0.31;-5.15;0.38;-5.19;;;;;;;;
1058;21.0;27.0;0.7;8;Successful;Effective;No;No;No;No;No;No;0.0;-5.0;0.2;-5.08;0.31;-5.15;0.38;-5.19;;;;;;;;
1059;21.0;27.0;0.7;10;Successful;Effective;No;No;No;No;No;No;0.0;-5.0;0.2;-5.08;0.31;-5.15;0.38;-5.19;;;;;;;;
1060;21.0;27.0;0.8;5;Successful;Effective;No;No;No;No;No;No;0.0;-5.0;0.2;-5.08;0.31;-5.15;0.38;-5.19;;;;;;;;
1061;21.0;27.0;0.8;8;Successful;Effective;No;No;No;No;No;No;0.0;-5.0;0.2;-5.08;0.31;-5.15;0.38;-5.19;;;;;;;;
1062;21.0;27.0;0.8;10;Successful;Effective;No;No;No;No;No;No;0.0;-5.0;0.2;-5.08;0.31;-5.15;0.38;-5.19;;;;;;;;
1063;21.0;27.0;0.9;5;Successful;Effective;No;No;No;No;No;No;0.0;-5.0;0.2;-5.08;0.31;-5.15;0.38;-5.19;;;;;;;;
1064;21.0;27.0;0.9;8;Successful;Effective;No;No;No;No;No;No;0.0;-5.0;0.2;-5.08;0.31;-5.15;0.38;-5.19;;;;;;;;
1065;21.0;27.0;0.9;10;Successful;Effective;No;No;No;No;No;No;0.0;-5.0;0.2;-5.08;0.31;-5.15;0.38;-5.19;;;;;;;;
1066;21.0;27.0;1.0;5;Successful;Effective;No;No;No;No;No;No;0.0;-5.0;0.2;-5.08;0.31;-5.15;0.38;-5.19;;;;;;;;
1067;21.0;27.0;1.0;8;Successful;Effective;No;No;No;No;No;No;0.0;-5.0;0.2;-5.08;0.31;-5.15;0.38;-5.19;;;;;;;;
1068;21.0;27.0;1.0;10;Successful;Effective;No;No;No;No;No;No;0.0;-5.0;0.2;-5.08;0.31;-5.15;0.38;-5.19;;;;;;;;
1069;21.0;27.0;1.1;5;Successful;Effective;No;No;No;No;No;No;0.0;-5.0;0.2;-5.08;0.31;-5.15;0.38;-5.19;;;;;;;;
1070;21.0;27.0;1.1;8;Successful;Effective;No;No;No;No;No;No;0.0;-5.0;0.2;-5.08;0.31;-5.15;0.38;-5.19;;;;;;;;
1071;21.0;27.0;1.1;10;Successful;Effective;No;No;No;No;No;No;0.0;-5.0;0.2;-5.08;0.31;-5.15;0.38;-5.19;;;;;;;;
1072;21.1;27.1;0.5;5;Successful;Effective;No;No;No;No;No;No;0.0;-5.0;0.2;-5.08;0.31;-5.15;0.38;-5.19;;;;;;;;
1073;21.1;27.1;0.5;8;Successful;Effective;No;No;No;No;No;No;0.0;-5.0;0.2;-5.08;0.31;-5.15;0.38;-5.19;;;;;;;;
1074;21.1;27.1;0.5;10;Successful;Effective;No;No;No;No;No;No;0.0;-5.0;0.2;-5.08;0.31;-5.15;0.38;-5.19;;;;;;;;
1075;21.1;27.1;0.6;5;Successful;Effective;No;No;No;No;No;No;0.0;-5.0;0.2;-5.08;0.31;-5.15;0.38;-5.19;;;;;;;;
1076;21.1;27.1;0.6;8;Successful;Effective;No;No;No;No;No;No;0.0;-5.0;0.2;-5.08;0.31;-5.15;0.38;-5.19;;;;;;;;
1077;21.1;27.1;0.6;10;Successful;Effective;No;No;No;No;No;No;0.0;-5.0;0.2;-5.08;0.31;-5.15;0.38;-5.19;;;;;;;;
1078;21.1;27.1;0.7;5;Successful;Effective;No;No;No;No;No;No;0.0;-5.0;0.2;-5.08;0.31;-5.15;0.38;-5.19;;;;;;;;
1079;21.1;27.1;0.7;8;Successful;Effective;No;No;No;No;No;No;0.0;-5.0;0.2;-5.08;0.31;-5.15;0.38;-5.19;;;;;;;;
1080;21.1;27.1;0.7;10;Successful;Effective;No;No;No;No;No;No;0.0;-5.0;0.2;-5.08;0.31;-5.15;0.38;-5.19;;;;;;;;
1081;21.1;27.1;0.8;5;Successful;Effective;No;No;No;No;No;No;0.0;-5.0;0.2;-5.08;0.31;-5.15;0.38;-5.19;;;;;;;;
1082;21.1;27.1;0.8;8;Successful;Effective;No;No;No;No;No;No;0.0;-5.0;0.2;-5.08;0.31;-5.15;0.38;-5.19;;;;;;;;
1083;21.1;27.1;0.8;10;Successful;Effective;No;No;No;No;No;No;0.0;-5.0;0.2;-5.08;0.31;-5.15;0.38;-5.19;;;;;;;;
1084;21.1;27.1;0.9;5;Successful;Effective;No;No;No;No;No;No;0.0;-5.0;0.2;-5.08;0.31;-5.15;0.38;-5.19;;;;;;;;
1085;21.1;27.1;0.9;8;Successful;Effective;No;No;No;No;No;No;0.0;-5.0;0.2;-5.08;0.31;-5.15;0.38;-5.19;;;;;;;;
1086;21.1;27.1;0.9;10;Successful;Effective;No;No;No;No;No;No;0.0;-5.0;0.2;-5.08;0.31;-5.15;0.38;-5.19;;;;;;;;
1087;21.1;27.1;1.0;5;Successful;Effective;No;No;No;No;No;No;0.0;-5.0;0.2;-5.08;0.31;-5.15;0.38;-5.19;;;;;;;;
1088;21.1;27.1;1.0;8;Successful;Effective;No;No;No;No;No;No;0.0;-5.0;0.2;-5.08;0.31;-5.15;0.38;-5.19;;;;;;;;
1089;21.1;27.1;1.0;10;Successful;Effective;No;No;No;No;No;No;0.0;-5.0;0.2;-5.08;0.31;-5.15;0.38;-5.19;;;;;;;;
1090;21.1;27.1;1.1;5;Successful;Effective;No;No;No;No;No;No;0.0;-5.0;0.2;-5.08;0.31;-5.15;0.38;-5.19;;;;;;;;
1091;21.1;27.1;1.1;8;Successful;Effective;No;No;No;No;No;No;0.0;-5.0;0.2;-5.08;0.31;-5.15;0.38;-5.19;;;;;;;;
1092;21.1;27.1;1.1;10;Successful;Effective;No;No;No;No;No;No;0.0;-5.0;0.2;-5.08;0.31;-5.15;0.38;-5.19;;;;;;;;
1093;21.2;27.2;0.5;5;Successful;Effective;No;No;No;No;No;No;0.0;-5.0;0.2;-5.08;0.31;-5.15;0.38;-5.19;;;;;;;;
1094;21.2;27.2;0.5;8;Successful;Effective;No;No;No;No;No;No;0.0;-5.0;0.2;-5.08;0.31;-5.15;0.38;-5.19;;;;;;;;
1095;21.2;27.2;0.5;10;Successful;Effective;No;No;No;No;No;No;0.0;-5.0;0.2;-5.08;0.31;-5.15;0.38;-5.19;;;;;;;;
1096;21.2;27.2;0.6;5;Successful;Effective;No;No;No;No;No;No;0.0;-5.0;0.2;-5.08;0.31;-5.15;0.38;-5.19;;;;;;;;
1097;21.2;27.2;0.6;8;Successful;Effective;No;No;No;No;No;No;0.0;-5.0;0.2;-5.08;0.31;-5.15;0.38;-5.19;;;;;;;;
1098;21.2;27.2;0.6;10;Successful;Effective;No;No;No;No;No;No;0.0;-5.0;0.2;-5.08;0.31;-5.15;0.38;-5.19;;;;;;;;
1099;21.2;27.2;0.7;5;Successful;Effective;No;No;No;No;No;No;0.0;-5.0;0.2;-5.08;0.31;-5.15;0.38;-5.19;;;;;;;;
1100;21.2;27.2;0.7;8;Successful;Effective;No;No;No;No;No;No;0.0;-5.0;0.2;-5.08;0.31;-5.15;0.38;-5.19;;;;;;;;
1101;21.2;27.2;0.7;10;Successful;Effective;No;No;No;No;No;No;0.0;-5.0;0.2;-5.08;0.31;-5.15;0.38;-5.19;;;;;;;;
1102;21.2;27.2;0.8;5;Successful;Effective;No;No;No;No;No;No;0.0;-5.0;0.2;-5.08;0.31;-5.15;0.38;-5.19;;;;;;;;
1103;21.2;27.2;0.8;8;Successful;Effective;No;No;No;No;No;No;0.0;-5.0;0.2;-5.08;0.31;-5.15;0.38;-5.19;;;;;;;;
1104;21.2;27.2;0.8;10;Successful;Effective;No;No;No;No;No;No;0.0;-5.0;0.2;-5.08;0.31;-5.15;0.38;-5.19;;;;;;;;
1105;21.2;27.2;0.9;5;Successful;Effective;No;No;No;No;No;No;0.0;-5.0;0.2;-5.08;0.31;-5.15;0.38;-5.19;;;;;;;;
1106;21.2;27.2;0.9;8;Successful;Effective;No;No;No;No;No;No;0.0;-5.0;0.2;-5.08;0.31;-5.15;0.38;-5.19;;;;;;;;
1107;21.2;27.2;0.9;10;Successful;Effective;No;No;No;No;No;No;0.0;-5.0;0.2;-5.08;0.31;-5.15;0.38;-5.19;;;;;;;;
1108;21.2;27.2;1.0;5;Successful;Effective;No;No;No;No;No;No;0.0;-5.0;0.2;-5.08;0.31;-5.15;0.38;-5.19;;;;;;;;
1109;21.2;27.2;1.0;8;Successful;Effective;No;No;No;No;No;No;0.0;-5.0;0.2;-5.08;0.31;-5.15;0.38;-5.19;;;;;;;;
1110;21.2;27.2;1.0;10;Successful;Effective;No;No;No;No;No;No;0.0;-5.0;0.2;-5.08;0.31;-5.15;0.38;-5.19;;;;;;;;
1111;21.2;27.2;1.1;5;Successful;Effective;No;No;No;No;No;No;0.0;-5.0;0.2;-5.08;0.31;-5.15;0.38;-5.19;;;;;;;;
1112;21.2;27.2;1.1;8;Successful;Effective;No;No;No;No;No;No;0.0;-5.0;0.2;-5.08;0.31;-5.15;0.38;-5.19;;;;;;;;
1113;21.2;27.2;1.1;10;Successful;Effective;No;No;No;No;No;No;0.0;-5.0;0.2;-5.08;0.31;-5.15;0.38;-5.19;;;;;;;;
1114;21.3;27.3;0.5;5;Successful;Effective;No;No;No;No;No;No;0.0;-5.0;0.2;-5.08;0.31;-5.15;0.38;-5.19;;;;;;;;
1115;21.3;27.3;0.5;8;Successful;Effective;No;No;No;No;No;No;0.0;-5.0;0.2;-5.08;0.31;-5.15;0.38;-5.19;;;;;;;;
1116;21.3;27.3;0.5;10;Successful;Effective;No;No;No;No;No;No;0.0;-5.0;0.2;-5.08;0.31;-5.15;0.38;-5.19;;;;;;;;
1117;21.3;27.3;0.6;5;Successful;Effective;No;No;No;No;No;No;0.0;-5.0;0.2;-5.08;0.31;-5.15;0.38;-5.19;;;;;;;;
1118;21.3;27.3;0.6;8;Successful;Effective;No;No;No;No;No;No;0.0;-5.0;0.2;-5.08;0.31;-5.15;0.38;-5.19;;;;;;;;
1119;21.3;27.3;0.6;10;Successful;Effective;No;No;No;No;No;No;0.0;-5.0;0.2;-5.08;0.31;-5.15;0.38;-5.19;;;;;;;;
1120;21.3;27.3;0.7;5;Successful;Effective;No;No;No;No;No;No;0.0;-5.0;0.2;-5.08;0.31;-5.15;0.38;-5.19;;;;;;;;
1121;21.3;27.3;0.7;8;Successful;Effective;No;No;No;No;No;No;0.0;-5.0;0.2;-5.08;0.31;-5.15;0.38;-5.19;;;;;;;;
1122;21.3;27.3;0.7;10;Successful;Effective;No;No;No;No;No;No;0.0;-5.0;0.2;-5.08;0.31;-5.15;0.38;-5.19;;;;;;;;
1123;21.3;27.3;0.8;5;Successful;Effective;No;No;No;No;No;No;0.0;-5.0;0.2;-5.08;0.31;-5.15;0.38;-5.19;;;;;;;;
1124;21.3;27.3;0.8;8;Successful;Effective;No;No;No;No;No;No;0.0;-5.0;0.2;-5.08;0.31;-5.15;0.38;-5.19;;;;;;;;
1125;21.3;27.3;0.8;10;Successful;Effective;No;No;No;No;No;No;0.0;-5.0;0.2;-5.08;0.31;-5.15;0.38;-5.19;;;;;;;;
1126;21.3;27.3;0.9;5;Successful;Effective;No;No;No;No;No;No;0.0;-5.0;0.2;-5.08;0.31;-5.15;0.38;-5.19;;;;;;;;
1127;21.3;27.3;0.9;8;Successful;Effective;No;No;No;No;No;No;0.0;-5.0;0.2;-5.08;0.31;-5.15;0.38;-5.19;;;;;;;;
1128;21.3;27.3;0.9;10;Successful;Effective;No;No;No;No;No;No;0.0;-5.0;0.2;-5.08;0.31;-5.15;0.38;-5.19;;;;;;;;
1129;21.3;27.3;1.0;5;Successful;Effective;No;No;No;No;No;No;0.0;-5.0;0.2;-5.08;0.31;-5.15;0.38;-5.19;;;;;;;;
1130;21.3;27.3;1.0;8;Successful;Effective;No;No;No;No;No;No;0.0;-5.0;0.2;-5.08;0.31;-5.15;0.38;-5.19;;;;;;;;
1131;21.3;27.3;1.0;10;Successful;Effective;No;No;No;No;No;No;0.0;-5.0;0.2;-5.08;0.31;-5.15;0.38;-5.19;;;;;;;;
1132;21.3;27.3;1.1;5;Successful;Effective;No;No;No;No;No;No;0.0;-5.0;0.2;-5.08;0.31;-5.15;0.38;-5.19;;;;;;;;
1133;21.3;27.3;1.1;8;Successful;Effective;No;No;No;No;No;No;0.0;-5.0;0.2;-5.08;0.31;-5.15;0.38;-5.19;;;;;;;;
1134;21.3;27.3;1.1;10;Successful;Effective;No;No;No;No;No;No;0.0;-5.0;0.2;-5.08;0.31;-5.15;0.38;-5.19;;;;;;;;
1135;21.4;27.4;0.5;5;Successful;Effective;No;No;No;No;No;No;0.0;-5.0;0.2;-5.08;0.31;-5.15;0.38;-5.19;;;;;;;;
1136;21.4;27.4;0.5;8;Successful;Effective;No;No;No;No;No;No;0.0;-5.0;0.2;-5.08;0.31;-5.15;0.38;-5.19;;;;;;;;
1137;21.4;27.4;0.5;10;Successful;Effective;No;No;No;No;No;No;0.0;-5.0;0.2;-5.08;0.31;-5.15;0.38;-5.19;;;;;;;;
1138;21.4;27.4;0.6;5;Successful;Effective;No;No;No;No;No;No;0.0;-5.0;0.2;-5.08;0.31;-5.15;0.38;-5.19;;;;;;;;
1139;21.4;27.4;0.6;8;Successful;Effective;No;No;No;No;No;No;0.0;-5.0;0.2;-5.08;0.31;-5.15;0.38;-5.19;;;;;;;;
1140;21.4;27.4;0.6;10;Successful;Effective;No;No;No;No;No;No;0.0;-5.0;0.2;-5.08;0.31;-5.15;0.38;-5.19;;;;;;;;
1141;21.4;27.4;0.7;5;Successful;Effective;No;No;No;No;No;No;0.0;-5.0;0.2;-5.08;0.31;-5.15;0.38;-5.19;;;;;;;;
1142;21.4;27.4;0.7;8;Successful;Effective;No;No;No;No;No;No;0.0;-5.0;0.2;-5.08;0.31;-5.15;0.38;-5.19;;;;;;;;
1143;21.4;27.4;0.7;10;Successful;Effective;No;No;No;No;No;No;0.0;-5.0;0.2;-5.08;0.31;-5.15;0.38;-5.19;;;;;;;;
1144;21.4;27.4;0.8;5;Successful;Effective;No;No;No;No;No;No;0.0;-5.0;0.2;-5.08;0.31;-5.15;0.38;-5.19;;;;;;;;
1145;21.4;27.4;0.8;8;Successful;Effective;No;No;No;No;No;No;0.0;-5.0;0.2;-5.08;0.31;-5.15;0.38;-5.19;;;;;;;;
1146;21.4;27.4;0.8;10;Successful;Effective;No;No;No;No;No;No;0.0;-5.0;0.2;-5.08;0.31;-5.15;0.38;-5.19;;;;;;;;
1147;21.4;27.4;0.9;5;Successful;Effective;No;No;No;No;No;No;0.0;-5.0;0.2;-5.08;0.31;-5.15;0.38;-5.19;;;;;;;;
1148;21.4;27.4;0.9;8;Successful;Effective;No;No;No;No;No;No;0.0;-5.0;0.2;-5.08;0.31;-5.15;0.38;-5.19;;;;;;;;
1149;21.4;27.4;0.9;10;Successful;Effective;No;No;No;No;No;No;0.0;-5.0;0.2;-5.08;0.31;-5.15;0.38;-5.19;;;;;;;;
1150;21.4;27.4;1.0;5;Successful;Effective;No;No;No;No;No;No;0.0;-5.0;0.2;-5.08;0.31;-5.15;0.38;-5.19;;;;;;;;
1151;21.4;27.4;1.0;8;Successful;Effective;No;No;No;No;No;No;0.0;-5.0;0.2;-5.08;0.31;-5.15;0.38;-5.19;;;;;;;;
1152;21.4;27.4;1.0;10;Successful;Effective;No;No;No;No;No;No;0.0;-5.0;0.2;-5.08;0.31;-5.15;0.38;-5.19;;;;;;;;
1153;21.4;27.4;1.1;5;Successful;Effective;No;No;No;No;No;No;0.0;-5.0;0.2;-5.08;0.31;-5.15;0.38;-5.19;;;;;;;;
1154;21.4;27.4;1.1;8;Successful;Effective;No;No;No;No;No;No;0.0;-5.0;0.2;-5.08;0.31;-5.15;0.38;-5.19;;;;;;;;
1155;21.4;27.4;1.1;10;Successful;Effective;No;No;No;No;No;No;0.0;-5.0;0.2;-5.08;0.31;-5.15;0.38;-5.19;;;;;;;;
1156;21.5;27.5;0.5;5;Successful;Effective;No;No;No;No;No;No;0.0;-5.0;0.2;-5.08;0.31;-5.15;0.38;-5.19;;;;;;;;
1157;21.5;27.5;0.5;8;Successful;Effective;No;No;No;No;No;No;0.0;-5.0;0.2;-5.08;0.31;-5.15;0.38;-5.19;;;;;;;;
1158;21.5;27.5;0.5;10;Successful;Effective;No;No;No;No;No;No;0.0;-5.0;0.2;-5.08;0.31;-5.15;0.38;-5.19;;;;;;;;
1159;21.5;27.5;0.6;5;Successful;Effective;No;No;No;No;No;No;0.0;-5.0;0.2;-5.08;0.31;-5.15;0.38;-5.19;;;;;;;;
1160;21.5;27.5;0.6;8;Successful;Effective;No;No;No;No;No;No;0.0;-5.0;0.2;-5.08;0.31;-5.15;0.38;-5.19;;;;;;;;
1161;21.5;27.5;0.6;10;Successful;Effective;No;No;No;No;No;No;0.0;-5.0;0.2;-5.08;0.31;-5.15;0.38;-5.19;;;;;;;;
1162;21.5;27.5;0.7;5;Successful;Effective;No;No;No;No;No;No;0.0;-5.0;0.2;-5.08;0.31;-5.15;0.38;-5.19;;;;;;;;
1163;21.5;27.5;0.7;8;Successful;Effective;No;No;No;No;No;No;0.0;-5.0;0.2;-5.08;0.31;-5.15;0.38;-5.19;;;;;;;;
1164;21.5;27.5;0.7;10;Successful;Effective;No;No;No;No;No;No;0.0;-5.0;0.2;-5.08;0.31;-5.15;0.38;-5.19;;;;;;;;
1165;21.5;27.5;0.8;5;Successful;Effective;No;No;No;No;No;No;0.0;-5.0;0.2;-5.08;0.31;-5.15;0.38;-5.19;;;;;;;;
1166;21.5;27.5;0.8;8;Successful;Effective;No;No;No;No;No;No;0.0;-5.0;0.2;-5.08;0.31;-5.15;0.38;-5.19;;;;;;;;
1167;21.5;27.5;0.8;10;Successful;Effective;No;No;No;No;No;No;0.0;-5.0;0.2;-5.08;0.31;-5.15;0.38;-5.19;;;;;;;;
1168;21.5;27.5;0.9;5;Successful;Effective;No;No;No;No;No;No;0.0;-5.0;0.2;-5.08;0.31;-5.15;0.38;-5.19;;;;;;;;
1169;21.5;27.5;0.9;8;Successful;Effective;No;No;No;No;No;No;0.0;-5.0;0.2;-5.08;0.31;-5.15;0.38;-5.19;;;;;;;;
1170;21.5;27.5;0.9;10;Successful;Effective;No;No;No;No;No;No;0.0;-5.0;0.2;-5.08;0.31;-5.15;0.38;-5.19;;;;;;;;
1171;21.5;27.5;1.0;5;Successful;Effective;No;No;No;No;No;No;0.0;-5.0;0.2;-5.08;0.31;-5.15;0.38;-5.19;;;;;;;;
1172;21.5;27.5;1.0;8;Successful;Effective;No;No;No;No;No;No;0.0;-5.0;0.2;-5.08;0.31;-5.15;0.38;-5.19;;;;;;;;
1173;21.5;27.5;1.0;10;Successful;Effective;No;No;No;No;No;No;0.0;-5.0;0.2;-5.08;0.31;-5.15;0.38;-5.19;;;;;;;;
1174;21.5;27.5;1.1;5;Successful;Effective;No;No;No;No;No;No;0.0;-5.0;0.2;-5.08;0.31;-5.15;0.38;-5.19;;;;;;;;
1175;21.5;27.5;1.1;8;Successful;Effective;No;No;No;No;No;No;0.0;-5.0;0.2;-5.08;0.31;-5.15;0.38;-5.19;;;;;;;;
1176;21.5;27.5;1.1;10;Successful;Effective;No;No;No;No;No;No;0.0;-5.0;0.2;-5.08;0.31;-5.15;0.38;-5.19;;;;;;;;
1177;21.6;27.6;0.5;5;Successful;Effective;No;No;No;No;No;No;0.0;-5.0;0.2;-5.08;0.31;-5.15;0.38;-5.19;;;;;;;;
1178;21.6;27.6;0.5;8;Successful;Effective;No;No;No;No;No;No;0.0;-5.0;0.2;-5.08;0.31;-5.15;0.38;-5.19;;;;;;;;
1179;21.6;27.6;0.5;10;Successful;Effective;No;No;No;No;No;No;0.0;-5.0;0.2;-5.08;0.31;-5.15;0.38;-5.19;;;;;;;;
1180;21.6;27.6;0.6;5;Successful;Effective;No;No;No;No;No;No;0.0;-5.0;0.2;-5.08;0.31;-5.15;0.38;-5.19;;;;;;;;
1181;21.6;27.6;0.6;8;Successful;Effective;No;No;No;No;No;No;0.0;-5.0;0.2;-5.08;0.31;-5.15;0.38;-5.19;;;;;;;;
1182;21.6;27.6;0.6;10;Successful;Effective;No;No;No;No;No;No;0.0;-5.0;0.2;-5.08;0.31;-5.15;0.38;-5.19;;;;;;;;
1183;21.6;27.6;0.7;5;Successful;Effective;No;No;No;No;No;No;0.0;-5.0;0.2;-5.08;0.31;-5.15;0.38;-5.19;;;;;;;;
1184;21.6;27.6;0.7;8;Successful;Effective;No;No;No;No;No;No;0.0;-5.0;0.2;-5.08;0.31;-5.15;0.38;-5.19;;;;;;;;
1185;21.6;27.6;0.7;10;Successful;Effective;No;No;No;No;No;No;0.0;-5.0;0.2;-5.08;0.31;-5.15;0.38;-5.19;;;;;;;;
1186;21.6;27.6;0.8;5;Successful;Effective;No;No;No;No;No;No;0.0;-5.0;0.2;-5.08;0.31;-5.15;0.38;-5.19;;;;;;;;
1187;21.6;27.6;0.8;8;Successful;Effective;No;No;No;No;No;No;0.0;-5.0;0.2;-5.08;0.31;-5.15;0.38;-5.19;;;;;;;;
1188;21.6;27.6;0.8;10;Successful;Effective;No;No;No;No;No;No;0.0;-5.0;0.2;-5.08;0.31;-5.15;0.38;-5.19;;;;;;;;
1189;21.6;27.6;0.9;5;Successful;Effective;No;No;No;No;No;No;0.0;-5.0;0.2;-5.08;0.31;-5.15;0.38;-5.19;;;;;;;;
1190;21.6;27.6;0.9;8;Successful;Effective;No;No;No;No;No;No;0.0;-5.0;0.2;-5.08;0.31;-5.15;0.38;-5.19;;;;;;;;
1191;21.6;27.6;0.9;10;Successful;Effective;No;No;No;No;No;No;0.0;-5.0;0.2;-5.08;0.31;-5.15;0.38;-5.19;;;;;;;;
1192;21.6;27.6;1.0;5;Successful;Effective;No;No;No;No;No;No;0.0;-5.0;0.2;-5.08;0.31;-5.15;0.38;-5.19;;;;;;;;
1193;21.6;27.6;1.0;8;Successful;Effective;No;No;No;No;No;No;0.0;-5.0;0.2;-5.08;0.31;-5.15;0.38;-5.19;;;;;;;;
1194;21.6;27.6;1.0;10;Successful;Effective;No;No;No;No;No;No;0.0;-5.0;0.2;-5.08;0.31;-5.15;0.38;-5.19;;;;;;;;
1195;21.6;27.6;1.1;5;Successful;Effective;No;No;No;No;No;No;0.0;-5.0;0.2;-5.08;0.31;-5.15;0.38;-5.19;;;;;;;;
1196;21.6;27.6;1.1;8;Successful;Effective;No;No;No;No;No;No;0.0;-5.0;0.2;-5.08;0.31;-5.15;0.38;-5.19;;;;;;;;
1197;21.6;27.6;1.1;10;Successful;Effective;No;No;No;No;No;No;0.0;-5.0;0.2;-5.08;0.31;-5.15;0.38;-5.19;;;;;;;;
1198;21.7;27.7;0.5;5;Successful;Effective;No;No;No;No;No;No;0.0;-5.0;0.2;-5.08;0.31;-5.15;0.38;-5.19;;;;;;;;
1199;21.7;27.7;0.5;8;Successful;Effective;No;No;No;No;No;No;0.0;-5.0;0.2;-5.08;0.31;-5.15;0.38;-5.19;;;;;;;;
1200;21.7;27.7;0.5;10;Successful;Effective;No;No;No;No;No;No;0.0;-5.0;0.2;-5.08;0.31;-5.15;0.38;-5.19;;;;;;;;
1201;21.7;27.7;0.6;5;Successful;Effective;No;No;No;No;No;No;0.0;-5.0;0.2;-5.08;0.31;-5.15;0.38;-5.19;;;;;;;;
1202;21.7;27.7;0.6;8;Successful;Effective;No;No;No;No;No;No;0.0;-5.0;0.2;-5.08;0.31;-5.15;0.38;-5.19;;;;;;;;
1203;21.7;27.7;0.6;10;Successful;Effective;No;No;No;No;No;No;0.0;-5.0;0.2;-5.08;0.31;-5.15;0.38;-5.19;;;;;;;;
1204;21.7;27.7;0.7;5;Successful;Effective;No;No;No;No;No;No;0.0;-5.0;0.2;-5.08;0.31;-5.15;0.38;-5.19;;;;;;;;
1205;21.7;27.7;0.7;8;Successful;Effective;No;No;No;No;No;No;0.0;-5.0;0.2;-5.08;0.31;-5.15;0.38;-5.19;;;;;;;;
1206;21.7;27.7;0.7;10;Successful;Effective;No;No;No;No;No;No;0.0;-5.0;0.2;-5.08;0.31;-5.15;0.38;-5.19;;;;;;;;
1207;21.7;27.7;0.8;5;Successful;Effective;No;No;No;No;No;No;0.0;-5.0;0.2;-5.08;0.31;-5.15;0.38;-5.19;;;;;;;;
1208;21.7;27.7;0.8;8;Successful;Effective;No;No;No;No;No;No;0.0;-5.0;0.2;-5.08;0.31;-5.15;0.38;-5.19;;;;;;;;
1209;21.7;27.7;0.8;10;Successful;Effective;No;No;No;No;No;No;0.0;-5.0;0.2;-5.08;0.31;-5.15;0.38;-5.19;;;;;;;;
1210;21.7;27.7;0.9;5;Successful;Effective;No;No;No;No;No;No;0.0;-5.0;0.2;-5.08;0.31;-5.15;0.38;-5.19;;;;;;;;
1211;21.7;27.7;0.9;8;Successful;Effective;No;No;No;No;No;No;0.0;-5.0;0.2;-5.08;0.31;-5.15;0.38;-5.19;;;;;;;;
1212;21.7;27.7;0.9;10;Successful;Effective;No;No;No;No;No;No;0.0;-5.0;0.2;-5.08;0.31;-5.15;0.38;-5.19;;;;;;;;
1213;21.7;27.7;1.0;5;Successful;Effective;No;No;No;No;No;No;0.0;-5.0;0.2;-5.08;0.31;-5.15;0.38;-5.19;;;;;;;;
1214;21.7;27.7;1.0;8;Successful;Effective;No;No;No;No;No;No;0.0;-5.0;0.2;-5.08;0.31;-5.15;0.38;-5.19;;;;;;;;
1215;21.7;27.7;1.0;10;Successful;Effective;No;No;No;No;No;No;0.0;-5.0;0.2;-5.08;0.31;-5.15;0.38;-5.19;;;;;;;;
1216;21.7;27.7;1.1;5;Successful;Effective;No;No;No;No;No;No;0.0;-5.0;0.2;-5.08;0.31;-5.15;0.38;-5.19;;;;;;;;
1217;21.7;27.7;1.1;8;Successful;Effective;No;No;No;No;No;No;0.0;-5.0;0.2;-5.08;0.31;-5.15;0.38;-5.19;;;;;;;;
1218;21.7;27.7;1.1;10;Successful;Effective;No;No;No;No;No;No;0.0;-5.0;0.2;-5.08;0.31;-5.15;0.38;-5.19;;;;;;;;
1219;21.8;27.8;0.5;5;Successful;Effective;No;No;No;No;No;No;0.0;-5.0;0.2;-5.08;0.31;-5.15;0.38;-5.19;;;;;;;;
1220;21.8;27.8;0.5;8;Successful;Effective;No;No;No;No;No;No;0.0;-5.0;0.2;-5.08;0.31;-5.15;0.38;-5.19;;;;;;;;
1221;21.8;27.8;0.5;10;Successful;Effective;No;No;No;No;No;No;0.0;-5.0;0.2;-5.08;0.31;-5.15;0.38;-5.19;;;;;;;;
1222;21.8;27.8;0.6;5;Successful;Effective;No;No;No;No;No;No;0.0;-5.0;0.2;-5.08;0.31;-5.15;0.38;-5.19;;;;;;;;
1223;21.8;27.8;0.6;8;Successful;Effective;No;No;No;No;No;No;0.0;-5.0;0.2;-5.08;0.31;-5.15;0.38;-5.19;;;;;;;;
1224;21.8;27.8;0.6;10;Successful;Effective;No;No;No;No;No;No;0.0;-5.0;0.2;-5.08;0.31;-5.15;0.38;-5.19;;;;;;;;
1225;21.8;27.8;0.7;5;Successful;Effective;No;No;No;No;No;No;0.0;-5.0;0.2;-5.08;0.31;-5.15;0.38;-5.19;;;;;;;;
1226;21.8;27.8;0.7;8;Successful;Effective;No;No;No;No;No;No;0.0;-5.0;0.2;-5.08;0.31;-5.15;0.38;-5.19;;;;;;;;
1227;21.8;27.8;0.7;10;Successful;Effective;No;No;No;No;No;No;0.0;-5.0;0.2;-5.08;0.31;-5.15;0.38;-5.19;;;;;;;;
1228;21.8;27.8;0.8;5;Successful;Effective;No;No;No;No;No;No;0.0;-5.0;0.2;-5.08;0.31;-5.15;0.38;-5.19;;;;;;;;
1229;21.8;27.8;0.8;8;Successful;Effective;No;No;No;No;No;No;0.0;-5.0;0.2;-5.08;0.31;-5.15;0.38;-5.19;;;;;;;;
1230;21.8;27.8;0.8;10;Successful;Effective;No;No;No;No;No;No;0.0;-5.0;0.2;-5.08;0.31;-5.15;0.38;-5.19;;;;;;;;
1231;21.8;27.8;0.9;5;Successful;Effective;No;No;No;No;No;No;0.0;-5.0;0.2;-5.08;0.31;-5.15;0.38;-5.19;;;;;;;;
1232;21.8;27.8;0.9;8;Successful;Effective;No;No;No;No;No;No;0.0;-5.0;0.2;-5.08;0.31;-5.15;0.38;-5.19;;;;;;;;
1233;21.8;27.8;0.9;10;Successful;Effective;No;No;No;No;No;No;0.0;-5.0;0.2;-5.08;0.31;-5.15;0.38;-5.19;;;;;;;;
1234;21.8;27.8;1.0;5;Successful;Effective;No;No;No;No;No;No;0.0;-5.0;0.2;-5.08;0.31;-5.15;0.38;-5.19;;;;;;;;
1235;21.8;27.8;1.0;8;Successful;Effective;No;No;No;No;No;No;0.0;-5.0;0.2;-5.08;0.31;-5.15;0.38;-5.19;;;;;;;;
1236;21.8;27.8;1.0;10;Successful;Effective;No;No;No;No;No;No;0.0;-5.0;0.2;-5.08;0.31;-5.15;0.38;-5.19;;;;;;;;
1237;21.8;27.8;1.1;5;Successful;Effective;No;No;No;No;No;No;0.0;-5.0;0.2;-5.08;0.31;-5.15;0.38;-5.19;;;;;;;;
1238;21.8;27.8;1.1;8;Successful;Effective;No;No;No;No;No;No;0.0;-5.0;0.2;-5.08;0.31;-5.15;0.38;-5.19;;;;;;;;
1239;21.8;27.8;1.1;10;Successful;Effective;No;No;No;No;No;No;0.0;-5.0;0.2;-5.08;0.31;-5.15;0.38;-5.19;;;;;;;;
1240;21.9;27.9;0.5;5;Successful;Effective;No;No;No;No;No;No;0.0;-5.0;0.2;-5.08;0.31;-5.15;0.38;-5.19;;;;;;;;
1241;21.9;27.9;0.5;8;Successful;Effective;No;No;No;No;No;No;0.0;-5.0;0.2;-5.08;0.31;-5.15;0.38;-5.19;;;;;;;;
1242;21.9;27.9;0.5;10;Successful;Effective;No;No;No;No;No;No;0.0;-5.0;0.2;-5.08;0.31;-5.15;0.38;-5.19;;;;;;;;
1243;21.9;27.9;0.6;5;Successful;Effective;No;No;No;No;No;No;0.0;-5.0;0.2;-5.08;0.31;-5.15;0.38;-5.19;;;;;;;;
1244;21.9;27.9;0.6;8;Successful;Effective;No;No;No;No;No;No;0.0;-5.0;0.2;-5.08;0.31;-5.15;0.38;-5.19;;;;;;;;
1245;21.9;27.9;0.6;10;Successful;Effective;No;No;No;No;No;No;0.0;-5.0;0.2;-5.08;0.31;-5.15;0.38;-5.19;;;;;;;;
1246;21.9;27.9;0.7;5;Successful;Effective;No;No;No;No;No;No;0.0;-5.0;0.2;-5.08;0.31;-5.15;0.38;-5.19;;;;;;;;
1247;21.9;27.9;0.7;8;Successful;Effective;No;No;No;No;No;No;0.0;-5.0;0.2;-5.08;0.31;-5.15;0.38;-5.19;;;;;;;;
1248;21.9;27.9;0.7;10;Successful;Effective;No;No;No;No;No;No;0.0;-5.0;0.2;-5.08;0.31;-5.15;0.38;-5.19;;;;;;;;
1249;21.9;27.9;0.8;5;Successful;Effective;No;No;No;No;No;No;0.0;-5.0;0.2;-5.08;0.31;-5.15;0.38;-5.19;;;;;;;;
1250;21.9;27.9;0.8;8;Successful;Effective;No;No;No;No;No;No;0.0;-5.0;0.2;-5.08;0.31;-5.15;0.38;-5.19;;;;;;;;
1251;21.9;27.9;0.8;10;Successful;Effective;No;No;No;No;No;No;0.0;-5.0;0.2;-5.08;0.31;-5.15;0.38;-5.19;;;;;;;;
1252;21.9;27.9;0.9;5;Successful;Effective;No;No;No;No;No;No;0.0;-5.0;0.2;-5.08;0.31;-5.15;0.38;-5.19;;;;;;;;
1253;21.9;27.9;0.9;8;Successful;Effective;No;No;No;No;No;No;0.0;-5.0;0.2;-5.08;0.31;-5.15;0.38;-5.19;;;;;;;;
1254;21.9;27.9;0.9;10;Successful;Effective;No;No;No;No;No;No;0.0;-5.0;0.2;-5.08;0.31;-5.15;0.38;-5.19;;;;;;;;
1255;21.9;27.9;1.0;5;Successful;Effective;No;No;No;No;No;No;0.0;-5.0;0.2;-5.08;0.31;-5.15;0.38;-5.19;;;;;;;;
1256;21.9;27.9;1.0;8;Successful;Effective;No;No;No;No;No;No;0.0;-5.0;0.2;-5.08;0.31;-5.15;0.38;-5.19;;;;;;;;
1257;21.9;27.9;1.0;10;Successful;Effective;No;No;No;No;No;No;0.0;-5.0;0.2;-5.08;0.31;-5.15;0.38;-5.19;;;;;;;;
1258;21.9;27.9;1.1;5;Successful;Effective;No;No;No;No;No;No;0.0;-5.0;0.2;-5.08;0.31;-5.15;0.38;-5.19;;;;;;;;
1259;21.9;27.9;1.1;8;Successful;Effective;No;No;No;No;No;No;0.0;-5.0;0.2;-5.08;0.31;-5.15;0.38;-5.19;;;;;;;;
1260;21.9;27.9;1.1;10;Successful;Effective;No;No;No;No;No;No;0.0;-5.0;0.2;-5.08;0.31;-5.15;0.38;-5.19;;;;;;;;
