Ex ID;Start_time;End_time;Injected_value;CACC_spacing;Run_status;Impact_status;Collision_state;Collision_time;collider;victim;Collision_pos;Collision_lane;Accel_0_max;Dcel_0_min;Accel_1_max;Dcel_1_min;Accel_2_max;Dcel_2_min;Accel_3_max;Dcel_3_min;Accel_4_max;Dcel_4_min;Accel_5_max;Dcel_5_min;Accel_6_max;Dcel_6_min;Accel_7_max;Dcel_7_min
1;16.0;22.0;0.5;5;Successful;Effective;collision;21.04;vtypeauto.1;vtypeauto.0;580.80;edge_0_0_0;0.0;-5.0;0.25;-5.8;0.39;-6.23;0.47;-6.39;;;;;;;;
2;16.0;22.0;0.5;8;Successful;Effective;No;No;No;No;No;No;0.0;-5.0;0.25;-5.8;0.39;-6.23;0.47;-6.39;;;;;;;;
3;16.0;22.0;0.5;10;Successful;Effective;No;No;No;No;No;No;0.0;-5.0;0.25;-5.8;0.39;-6.23;0.47;-6.39;;;;;;;;
4;16.0;22.0;0.6;5;Successful;Effective;collision;20.11;vtypeauto.1;vtypeauto.0;569.36;edge_0_0_0;0.0;-5.0;0.25;-5.95;0.39;-6.47;0.47;-6.67;;;;;;;;
5;16.0;22.0;0.6;8;Successful;Effective;No;No;No;No;No;No;0.0;-5.0;0.25;-5.95;0.39;-6.47;0.47;-6.67;;;;;;;;
6;16.0;22.0;0.6;10;Successful;Effective;No;No;No;No;No;No;0.0;-5.0;0.25;-5.95;0.39;-6.47;0.47;-6.67;;;;;;;;
7;16.0;22.0;0.7;5;Successful;Effective;collision;19.70;vtypeauto.1;vtypeauto.0;562.96;edge_0_0_0;0.0;-5.0;0.25;-6.11;0.39;-6.72;0.47;-6.96;;;;;;;;
8;16.0;22.0;0.7;8;Successful;Effective;No;No;No;No;No;No;0.0;-5.0;0.25;-6.11;0.39;-6.72;0.47;-6.96;;;;;;;;
9;16.0;22.0;0.7;10;Successful;Effective;No;No;No;No;No;No;0.0;-5.0;0.25;-6.11;0.39;-6.72;0.47;-6.96;;;;;;;;
10;16.0;22.0;0.8;5;Successful;Effective;collision;19.45;vtypeauto.1;vtypeauto.0;558.62;edge_0_0_0;0.0;-5.0;0.25;-6.26;0.39;-6.98;0.47;-7.27;;;;;;;;
11;16.0;22.0;0.8;8;Successful;Effective;collision;20.76;vtypeauto.1;vtypeauto.0;586.81;edge_0_0_0;0.0;-5.0;0.25;-6.26;0.39;-6.98;0.47;-7.27;;;;;;;;
12;16.0;22.0;0.8;10;Successful;Effective;No;No;No;No;No;No;0.0;-5.0;0.25;-6.26;0.39;-6.98;0.47;-7.27;;;;;;;;
13;16.0;22.0;0.9;5;Successful;Effective;collision;19.29;vtypeauto.1;vtypeauto.0;555.69;edge_0_0_0;0.0;-5.0;0.25;-6.42;0.39;-7.25;0.47;-7.6;;;;;;;;
14;16.0;22.0;0.9;8;Successful;Effective;collision;20.25;vtypeauto.1;vtypeauto.0;580.37;edge_0_0_0;0.0;-5.0;0.25;-6.42;0.39;-7.25;0.47;-7.6;;;;;;;;
15;16.0;22.0;0.9;10;Successful;Effective;collision;21.42;vtypeauto.1;vtypeauto.0;599.23;edge_0_0_0;0.0;-5.0;0.25;-6.42;0.39;-7.25;0.47;-7.6;;;;;;;;
16;16.0;22.0;1.0;5;Successful;Effective;collision;19.18;vtypeauto.1;vtypeauto.0;553.60;edge_0_0_0;0.0;-5.0;0.25;-6.58;0.39;-7.53;0.47;-7.97;;;;;;;;
17;16.0;22.0;1.0;8;Successful;Effective;collision;19.95;vtypeauto.1;vtypeauto.0;575.95;edge_0_0_0;0.0;-5.0;0.25;-6.58;0.39;-7.53;0.47;-7.96;;;;;;;;
18;16.0;22.0;1.0;10;Successful;Effective;collision;20.68;vtypeauto.1;vtypeauto.0;591.88;edge_0_0_0;0.0;-5.0;0.25;-6.58;0.39;-7.53;0.47;-7.96;;;;;;;;
19;16.0;22.0;1.1;5;Successful;Effective;collision;19.11;vtypeauto.1;vtypeauto.0;552.27;edge_0_0_0;0.0;-5.0;0.25;-6.74;0.39;-7.82;0.47;-8.33;;;;;;;;
20;16.0;22.0;1.1;8;Successful;Effective;collision;19.76;vtypeauto.1;vtypeauto.0;572.93;edge_0_0_0;0.0;-5.0;0.25;-6.74;0.39;-7.82;0.47;-8.33;;;;;;;;
21;16.0;22.0;1.1;10;Successful;Effective;collision;20.31;vtypeauto.1;vtypeauto.0;587.18;edge_0_0_0;0.0;-5.0;0.25;-6.74;0.39;-7.82;0.47;-8.33;;;;;;;;
22;16.1;22.1;0.5;5;Successful;Effective;collision;21.04;vtypeauto.1;vtypeauto.0;580.80;edge_0_0_0;0.0;-5.0;0.25;-5.8;0.39;-6.23;0.47;-6.39;;;;;;;;
23;16.1;22.1;0.5;8;Successful;Effective;No;No;No;No;No;No;0.0;-5.0;0.25;-5.8;0.39;-6.23;0.47;-6.39;;;;;;;;
24;16.1;22.1;0.5;10;Successful;Effective;No;No;No;No;No;No;0.0;-5.0;0.25;-5.8;0.39;-6.23;0.47;-6.39;;;;;;;;
25;16.1;22.1;0.6;5;Successful;Effective;collision;20.11;vtypeauto.1;vtypeauto.0;569.36;edge_0_0_0;0.0;-5.0;0.25;-5.95;0.39;-6.47;0.47;-6.67;;;;;;;;
26;16.1;22.1;0.6;8;Successful;Effective;No;No;No;No;No;No;0.0;-5.0;0.25;-5.95;0.39;-6.47;0.47;-6.67;;;;;;;;
27;16.1;22.1;0.6;10;Successful;Effective;No;No;No;No;No;No;0.0;-5.0;0.25;-5.95;0.39;-6.47;0.47;-6.67;;;;;;;;
28;16.1;22.1;0.7;5;Successful;Effective;collision;19.70;vtypeauto.1;vtypeauto.0;562.96;edge_0_0_0;0.0;-5.0;0.25;-6.11;0.39;-6.72;0.47;-6.96;;;;;;;;
29;16.1;22.1;0.7;8;Successful;Effective;No;No;No;No;No;No;0.0;-5.0;0.25;-6.11;0.39;-6.72;0.47;-6.96;;;;;;;;
30;16.1;22.1;0.7;10;Successful;Effective;No;No;No;No;No;No;0.0;-5.0;0.25;-6.11;0.39;-6.72;0.47;-6.96;;;;;;;;
31;16.1;22.1;0.8;5;Successful;Effective;collision;19.45;vtypeauto.1;vtypeauto.0;558.62;edge_0_0_0;0.0;-5.0;0.25;-6.26;0.39;-6.98;0.47;-7.27;;;;;;;;
32;16.1;22.1;0.8;8;Successful;Effective;collision;20.76;vtypeauto.1;vtypeauto.0;586.81;edge_0_0_0;0.0;-5.0;0.25;-6.26;0.39;-6.98;0.47;-7.27;;;;;;;;
33;16.1;22.1;0.8;10;Successful;Effective;No;No;No;No;No;No;0.0;-5.0;0.25;-6.26;0.39;-6.98;0.47;-7.27;;;;;;;;
34;16.1;22.1;0.9;5;Successful;Effective;collision;19.29;vtypeauto.1;vtypeauto.0;555.69;edge_0_0_0;0.0;-5.0;0.25;-6.42;0.39;-7.25;0.47;-7.6;;;;;;;;
35;16.1;22.1;0.9;8;Successful;Effective;collision;20.25;vtypeauto.1;vtypeauto.0;580.37;edge_0_0_0;0.0;-5.0;0.25;-6.42;0.39;-7.25;0.47;-7.6;;;;;;;;
36;16.1;22.1;0.9;10;Successful;Effective;collision;21.42;vtypeauto.1;vtypeauto.0;599.23;edge_0_0_0;0.0;-5.0;0.25;-6.42;0.39;-7.25;0.47;-7.6;;;;;;;;
37;16.1;22.1;1.0;5;Successful;Effective;collision;19.18;vtypeauto.1;vtypeauto.0;553.60;edge_0_0_0;0.0;-5.0;0.25;-6.58;0.39;-7.53;0.47;-7.97;;;;;;;;
38;16.1;22.1;1.0;8;Successful;Effective;collision;19.95;vtypeauto.1;vtypeauto.0;575.95;edge_0_0_0;0.0;-5.0;0.25;-6.58;0.39;-7.53;0.47;-7.96;;;;;;;;
39;16.1;22.1;1.0;10;Successful;Effective;collision;20.68;vtypeauto.1;vtypeauto.0;591.88;edge_0_0_0;0.0;-5.0;0.25;-6.58;0.39;-7.53;0.47;-7.96;;;;;;;;
40;16.1;22.1;1.1;5;Successful;Effective;collision;19.11;vtypeauto.1;vtypeauto.0;552.27;edge_0_0_0;0.0;-5.0;0.25;-6.74;0.39;-7.82;0.47;-8.34;;;;;;;;
41;16.1;22.1;1.1;8;Successful;Effective;collision;19.76;vtypeauto.1;vtypeauto.0;572.93;edge_0_0_0;0.0;-5.0;0.25;-6.74;0.39;-7.82;0.47;-8.34;;;;;;;;
42;16.1;22.1;1.1;10;Successful;Effective;collision;20.31;vtypeauto.1;vtypeauto.0;587.18;edge_0_0_0;0.0;-5.0;0.25;-6.74;0.39;-7.82;0.47;-8.32;;;;;;;;
43;16.2;22.2;0.5;5;Successful;Effective;collision;21.04;vtypeauto.1;vtypeauto.0;580.80;edge_0_0_0;0.0;-5.0;0.25;-5.8;0.39;-6.23;0.47;-6.39;;;;;;;;
44;16.2;22.2;0.5;8;Successful;Effective;No;No;No;No;No;No;0.0;-5.0;0.25;-5.8;0.39;-6.23;0.47;-6.39;;;;;;;;
45;16.2;22.2;0.5;10;Successful;Effective;No;No;No;No;No;No;0.0;-5.0;0.25;-5.8;0.39;-6.23;0.47;-6.39;;;;;;;;
46;16.2;22.2;0.6;5;Successful;Effective;collision;20.11;vtypeauto.1;vtypeauto.0;569.36;edge_0_0_0;0.0;-5.0;0.25;-5.95;0.39;-6.47;0.47;-6.67;;;;;;;;
47;16.2;22.2;0.6;8;Successful;Effective;No;No;No;No;No;No;0.0;-5.0;0.25;-5.95;0.39;-6.47;0.47;-6.67;;;;;;;;
48;16.2;22.2;0.6;10;Successful;Effective;No;No;No;No;No;No;0.0;-5.0;0.25;-5.95;0.39;-6.47;0.47;-6.67;;;;;;;;
49;16.2;22.2;0.7;5;Successful;Effective;collision;19.70;vtypeauto.1;vtypeauto.0;562.96;edge_0_0_0;0.0;-5.0;0.25;-6.11;0.39;-6.72;0.47;-6.96;;;;;;;;
50;16.2;22.2;0.7;8;Successful;Effective;No;No;No;No;No;No;0.0;-5.0;0.25;-6.11;0.39;-6.72;0.47;-6.96;;;;;;;;
51;16.2;22.2;0.7;10;Successful;Effective;No;No;No;No;No;No;0.0;-5.0;0.25;-6.11;0.39;-6.72;0.47;-6.96;;;;;;;;
52;16.2;22.2;0.8;5;Successful;Effective;collision;19.45;vtypeauto.1;vtypeauto.0;558.62;edge_0_0_0;0.0;-5.0;0.25;-6.26;0.39;-6.98;0.47;-7.27;;;;;;;;
53;16.2;22.2;0.8;8;Successful;Effective;collision;20.76;vtypeauto.1;vtypeauto.0;586.81;edge_0_0_0;0.0;-5.0;0.25;-6.26;0.39;-6.98;0.47;-7.27;;;;;;;;
54;16.2;22.2;0.8;10;Successful;Effective;No;No;No;No;No;No;0.0;-5.0;0.25;-6.26;0.39;-6.98;0.47;-7.27;;;;;;;;
55;16.2;22.2;0.9;5;Successful;Effective;collision;19.29;vtypeauto.1;vtypeauto.0;555.69;edge_0_0_0;0.0;-5.0;0.25;-6.42;0.39;-7.25;0.47;-7.6;;;;;;;;
56;16.2;22.2;0.9;8;Successful;Effective;collision;20.25;vtypeauto.1;vtypeauto.0;580.37;edge_0_0_0;0.0;-5.0;0.25;-6.42;0.39;-7.25;0.47;-7.6;;;;;;;;
57;16.2;22.2;0.9;10;Successful;Effective;collision;21.42;vtypeauto.1;vtypeauto.0;599.23;edge_0_0_0;0.0;-5.0;0.25;-6.42;0.39;-7.25;0.47;-7.6;;;;;;;;
58;16.2;22.2;1.0;5;Successful;Effective;collision;19.18;vtypeauto.1;vtypeauto.0;553.60;edge_0_0_0;0.0;-5.0;0.25;-6.58;0.39;-7.53;0.47;-7.96;;;;;;;;
59;16.2;22.2;1.0;8;Successful;Effective;collision;19.95;vtypeauto.1;vtypeauto.0;575.95;edge_0_0_0;0.0;-5.0;0.25;-6.58;0.39;-7.53;0.47;-7.95;;;;;;;;
60;16.2;22.2;1.0;10;Successful;Effective;collision;20.68;vtypeauto.1;vtypeauto.0;591.88;edge_0_0_0;0.0;-5.0;0.25;-6.58;0.39;-7.53;0.47;-7.96;;;;;;;;
61;16.2;22.2;1.1;5;Successful;Effective;collision;19.11;vtypeauto.1;vtypeauto.0;552.27;edge_0_0_0;0.0;-5.0;0.25;-6.74;0.39;-7.82;0.47;-8.34;;;;;;;;
62;16.2;22.2;1.1;8;Successful;Effective;collision;19.76;vtypeauto.1;vtypeauto.0;572.93;edge_0_0_0;0.0;-5.0;0.25;-6.74;0.39;-7.82;0.47;-8.35;;;;;;;;
63;16.2;22.2;1.1;10;Successful;Effective;collision;20.31;vtypeauto.1;vtypeauto.0;587.18;edge_0_0_0;0.0;-5.0;0.25;-6.74;0.39;-7.82;0.47;-8.33;;;;;;;;
64;16.3;22.3;0.5;5;Successful;Effective;collision;21.04;vtypeauto.1;vtypeauto.0;580.80;edge_0_0_0;0.0;-5.0;0.25;-5.8;0.39;-6.23;0.47;-6.39;;;;;;;;
65;16.3;22.3;0.5;8;Successful;Effective;No;No;No;No;No;No;0.0;-5.0;0.25;-5.8;0.39;-6.23;0.47;-6.39;;;;;;;;
66;16.3;22.3;0.5;10;Successful;Effective;No;No;No;No;No;No;0.0;-5.0;0.25;-5.8;0.39;-6.23;0.47;-6.39;;;;;;;;
67;16.3;22.3;0.6;5;Successful;Effective;collision;20.11;vtypeauto.1;vtypeauto.0;569.36;edge_0_0_0;0.0;-5.0;0.25;-5.95;0.39;-6.47;0.47;-6.67;;;;;;;;
68;16.3;22.3;0.6;8;Successful;Effective;No;No;No;No;No;No;0.0;-5.0;0.25;-5.95;0.39;-6.47;0.47;-6.67;;;;;;;;
69;16.3;22.3;0.6;10;Successful;Effective;No;No;No;No;No;No;0.0;-5.0;0.25;-5.95;0.39;-6.47;0.47;-6.67;;;;;;;;
70;16.3;22.3;0.7;5;Successful;Effective;collision;19.70;vtypeauto.1;vtypeauto.0;562.96;edge_0_0_0;0.0;-5.0;0.25;-6.11;0.39;-6.72;0.47;-6.96;;;;;;;;
71;16.3;22.3;0.7;8;Successful;Effective;No;No;No;No;No;No;0.0;-5.0;0.25;-6.11;0.39;-6.72;0.47;-6.96;;;;;;;;
72;16.3;22.3;0.7;10;Successful;Effective;No;No;No;No;No;No;0.0;-5.0;0.25;-6.11;0.39;-6.72;0.47;-6.96;;;;;;;;
73;16.3;22.3;0.8;5;Successful;Effective;collision;19.45;vtypeauto.1;vtypeauto.0;558.62;edge_0_0_0;0.0;-5.0;0.25;-6.26;0.39;-6.98;0.47;-7.27;;;;;;;;
74;16.3;22.3;0.8;8;Successful;Effective;collision;20.76;vtypeauto.1;vtypeauto.0;586.81;edge_0_0_0;0.0;-5.0;0.25;-6.26;0.39;-6.98;0.47;-7.27;;;;;;;;
75;16.3;22.3;0.8;10;Successful;Effective;No;No;No;No;No;No;0.0;-5.0;0.25;-6.26;0.39;-6.98;0.47;-7.27;;;;;;;;
76;16.3;22.3;0.9;5;Successful;Effective;collision;19.29;vtypeauto.1;vtypeauto.0;555.69;edge_0_0_0;0.0;-5.0;0.25;-6.42;0.39;-7.25;0.47;-7.6;;;;;;;;
77;16.3;22.3;0.9;8;Successful;Effective;collision;20.25;vtypeauto.1;vtypeauto.0;580.37;edge_0_0_0;0.0;-5.0;0.25;-6.42;0.39;-7.25;0.47;-7.6;;;;;;;;
78;16.3;22.3;0.9;10;Successful;Effective;collision;21.42;vtypeauto.1;vtypeauto.0;599.23;edge_0_0_0;0.0;-5.0;0.25;-6.42;0.39;-7.25;0.47;-7.6;;;;;;;;
79;16.3;22.3;1.0;5;Successful;Effective;collision;19.18;vtypeauto.1;vtypeauto.0;553.60;edge_0_0_0;0.0;-5.0;0.25;-6.58;0.39;-7.53;0.47;-7.95;;;;;;;;
80;16.3;22.3;1.0;8;Successful;Effective;collision;19.95;vtypeauto.1;vtypeauto.0;575.95;edge_0_0_0;0.0;-5.0;0.25;-6.58;0.39;-7.53;0.47;-7.95;;;;;;;;
81;16.3;22.3;1.0;10;Successful;Effective;collision;20.68;vtypeauto.1;vtypeauto.0;591.88;edge_0_0_0;0.0;-5.0;0.25;-6.58;0.39;-7.53;0.47;-7.95;;;;;;;;
82;16.3;22.3;1.1;5;Successful;Effective;collision;19.11;vtypeauto.1;vtypeauto.0;552.27;edge_0_0_0;0.0;-5.0;0.25;-6.74;0.39;-7.82;0.47;-8.33;;;;;;;;
83;16.3;22.3;1.1;8;Successful;Effective;collision;19.76;vtypeauto.1;vtypeauto.0;572.93;edge_0_0_0;0.0;-5.0;0.25;-6.74;0.39;-7.82;0.47;-8.34;;;;;;;;
84;16.3;22.3;1.1;10;Successful;Effective;collision;20.31;vtypeauto.1;vtypeauto.0;587.18;edge_0_0_0;0.0;-5.0;0.25;-6.74;0.39;-7.82;0.47;-8.34;;;;;;;;
85;16.4;22.4;0.5;5;Successful;Effective;collision;21.04;vtypeauto.1;vtypeauto.0;580.80;edge_0_0_0;0.0;-5.0;0.25;-5.8;0.39;-6.23;0.47;-6.39;;;;;;;;
86;16.4;22.4;0.5;8;Successful;Effective;No;No;No;No;No;No;0.0;-5.0;0.25;-5.8;0.39;-6.23;0.47;-6.39;;;;;;;;
87;16.4;22.4;0.5;10;Successful;Effective;No;No;No;No;No;No;0.0;-5.0;0.25;-5.8;0.39;-6.23;0.47;-6.39;;;;;;;;
88;16.4;22.4;0.6;5;Successful;Effective;collision;20.11;vtypeauto.1;vtypeauto.0;569.36;edge_0_0_0;0.0;-5.0;0.25;-5.95;0.39;-6.47;0.47;-6.67;;;;;;;;
89;16.4;22.4;0.6;8;Successful;Effective;No;No;No;No;No;No;0.0;-5.0;0.25;-5.95;0.39;-6.47;0.47;-6.67;;;;;;;;
90;16.4;22.4;0.6;10;Successful;Effective;No;No;No;No;No;No;0.0;-5.0;0.25;-5.95;0.39;-6.47;0.47;-6.67;;;;;;;;
91;16.4;22.4;0.7;5;Successful;Effective;collision;19.70;vtypeauto.1;vtypeauto.0;562.96;edge_0_0_0;0.0;-5.0;0.25;-6.11;0.39;-6.72;0.47;-6.96;;;;;;;;
92;16.4;22.4;0.7;8;Successful;Effective;No;No;No;No;No;No;0.0;-5.0;0.25;-6.11;0.39;-6.72;0.47;-6.96;;;;;;;;
93;16.4;22.4;0.7;10;Successful;Effective;No;No;No;No;No;No;0.0;-5.0;0.25;-6.11;0.39;-6.72;0.47;-6.96;;;;;;;;
94;16.4;22.4;0.8;5;Successful;Effective;collision;19.45;vtypeauto.1;vtypeauto.0;558.62;edge_0_0_0;0.0;-5.0;0.25;-6.26;0.39;-6.98;0.47;-7.27;;;;;;;;
95;16.4;22.4;0.8;8;Successful;Effective;collision;20.76;vtypeauto.1;vtypeauto.0;586.81;edge_0_0_0;0.0;-5.0;0.25;-6.26;0.39;-6.98;0.47;-7.27;;;;;;;;
96;16.4;22.4;0.8;10;Successful;Effective;No;No;No;No;No;No;0.0;-5.0;0.25;-6.26;0.39;-6.98;0.47;-7.27;;;;;;;;
97;16.4;22.4;0.9;5;Successful;Effective;collision;19.29;vtypeauto.1;vtypeauto.0;555.69;edge_0_0_0;0.0;-5.0;0.25;-6.42;0.39;-7.25;0.47;-7.6;;;;;;;;
98;16.4;22.4;0.9;8;Successful;Effective;collision;20.25;vtypeauto.1;vtypeauto.0;580.37;edge_0_0_0;0.0;-5.0;0.25;-6.42;0.39;-7.25;0.47;-7.6;;;;;;;;
99;16.4;22.4;0.9;10;Successful;Effective;collision;21.42;vtypeauto.1;vtypeauto.0;599.23;edge_0_0_0;0.0;-5.0;0.25;-6.42;0.39;-7.25;0.47;-7.6;;;;;;;;
100;16.4;22.4;1.0;5;Successful;Effective;collision;19.18;vtypeauto.1;vtypeauto.0;553.60;edge_0_0_0;0.0;-5.0;0.25;-6.58;0.39;-7.53;0.47;-7.95;;;;;;;;
101;16.4;22.4;1.0;8;Successful;Effective;collision;19.95;vtypeauto.1;vtypeauto.0;575.95;edge_0_0_0;0.0;-5.0;0.25;-6.58;0.39;-7.53;0.47;-7.95;;;;;;;;
102;16.4;22.4;1.0;10;Successful;Effective;collision;20.68;vtypeauto.1;vtypeauto.0;591.88;edge_0_0_0;0.0;-5.0;0.25;-6.58;0.39;-7.53;0.47;-7.95;;;;;;;;
103;16.4;22.4;1.1;5;Successful;Effective;collision;19.11;vtypeauto.1;vtypeauto.0;552.27;edge_0_0_0;0.0;-5.0;0.25;-6.74;0.39;-7.82;0.47;-8.34;;;;;;;;
104;16.4;22.4;1.1;8;Successful;Effective;collision;19.76;vtypeauto.1;vtypeauto.0;572.93;edge_0_0_0;0.0;-5.0;0.25;-6.74;0.39;-7.82;0.47;-8.33;;;;;;;;
105;16.4;22.4;1.1;10;Successful;Effective;collision;20.31;vtypeauto.1;vtypeauto.0;587.18;edge_0_0_0;0.0;-5.0;0.25;-6.74;0.39;-7.82;0.47;-8.32;;;;;;;;
106;16.5;22.5;0.5;5;Successful;Effective;collision;21.04;vtypeauto.1;vtypeauto.0;580.80;edge_0_0_0;0.0;-5.0;0.25;-5.8;0.39;-6.23;0.47;-6.39;;;;;;;;
107;16.5;22.5;0.5;8;Successful;Effective;No;No;No;No;No;No;0.0;-5.0;0.25;-5.8;0.39;-6.23;0.47;-6.39;;;;;;;;
108;16.5;22.5;0.5;10;Successful;Effective;No;No;No;No;No;No;0.0;-5.0;0.25;-5.8;0.39;-6.23;0.47;-6.39;;;;;;;;
109;16.5;22.5;0.6;5;Successful;Effective;collision;20.11;vtypeauto.1;vtypeauto.0;569.36;edge_0_0_0;0.0;-5.0;0.25;-5.95;0.39;-6.47;0.47;-6.67;;;;;;;;
110;16.5;22.5;0.6;8;Successful;Effective;No;No;No;No;No;No;0.0;-5.0;0.25;-5.95;0.39;-6.47;0.47;-6.67;;;;;;;;
111;16.5;22.5;0.6;10;Successful;Effective;No;No;No;No;No;No;0.0;-5.0;0.25;-5.95;0.39;-6.47;0.47;-6.67;;;;;;;;
112;16.5;22.5;0.7;5;Successful;Effective;collision;19.70;vtypeauto.1;vtypeauto.0;562.96;edge_0_0_0;0.0;-5.0;0.25;-6.11;0.39;-6.72;0.47;-6.96;;;;;;;;
113;16.5;22.5;0.7;8;Successful;Effective;No;No;No;No;No;No;0.0;-5.0;0.25;-6.11;0.39;-6.72;0.47;-6.96;;;;;;;;
114;16.5;22.5;0.7;10;Successful;Effective;No;No;No;No;No;No;0.0;-5.0;0.25;-6.11;0.39;-6.72;0.47;-6.96;;;;;;;;
115;16.5;22.5;0.8;5;Successful;Effective;collision;19.45;vtypeauto.1;vtypeauto.0;558.62;edge_0_0_0;0.0;-5.0;0.25;-6.26;0.39;-6.98;0.47;-7.27;;;;;;;;
116;16.5;22.5;0.8;8;Successful;Effective;collision;20.76;vtypeauto.1;vtypeauto.0;586.81;edge_0_0_0;0.0;-5.0;0.25;-6.26;0.39;-6.98;0.47;-7.27;;;;;;;;
117;16.5;22.5;0.8;10;Successful;Effective;No;No;No;No;No;No;0.0;-5.0;0.25;-6.26;0.39;-6.98;0.47;-7.27;;;;;;;;
118;16.5;22.5;0.9;5;Successful;Effective;collision;19.29;vtypeauto.1;vtypeauto.0;555.69;edge_0_0_0;0.0;-5.0;0.25;-6.42;0.39;-7.25;0.47;-7.6;;;;;;;;
119;16.5;22.5;0.9;8;Successful;Effective;collision;20.25;vtypeauto.1;vtypeauto.0;580.37;edge_0_0_0;0.0;-5.0;0.25;-6.42;0.39;-7.25;0.47;-7.6;;;;;;;;
120;16.5;22.5;0.9;10;Successful;Effective;collision;21.42;vtypeauto.1;vtypeauto.0;599.23;edge_0_0_0;0.0;-5.0;0.25;-6.42;0.39;-7.25;0.47;-7.6;;;;;;;;
121;16.5;22.5;1.0;5;Successful;Effective;collision;19.18;vtypeauto.1;vtypeauto.0;553.60;edge_0_0_0;0.0;-5.0;0.25;-6.58;0.39;-7.53;0.47;-7.95;;;;;;;;
122;16.5;22.5;1.0;8;Successful;Effective;collision;19.95;vtypeauto.1;vtypeauto.0;575.95;edge_0_0_0;0.0;-5.0;0.25;-6.58;0.39;-7.53;0.47;-7.95;;;;;;;;
123;16.5;22.5;1.0;10;Successful;Effective;collision;20.68;vtypeauto.1;vtypeauto.0;591.88;edge_0_0_0;0.0;-5.0;0.25;-6.58;0.39;-7.53;0.47;-7.95;;;;;;;;
124;16.5;22.5;1.1;5;Successful;Effective;collision;19.11;vtypeauto.1;vtypeauto.0;552.27;edge_0_0_0;0.0;-5.0;0.25;-6.74;0.39;-7.82;0.47;-8.32;;;;;;;;
125;16.5;22.5;1.1;8;Successful;Effective;collision;19.76;vtypeauto.1;vtypeauto.0;572.93;edge_0_0_0;0.0;-5.0;0.25;-6.74;0.39;-7.82;0.47;-8.32;;;;;;;;
126;16.5;22.5;1.1;10;Successful;Effective;collision;20.31;vtypeauto.1;vtypeauto.0;587.18;edge_0_0_0;0.0;-5.0;0.25;-6.74;0.39;-7.82;0.47;-8.32;;;;;;;;
127;16.6;22.6;0.5;5;Successful;Effective;collision;21.04;vtypeauto.1;vtypeauto.0;580.80;edge_0_0_0;0.0;-5.0;0.25;-5.8;0.39;-6.23;0.47;-6.39;;;;;;;;
128;16.6;22.6;0.5;8;Successful;Effective;No;No;No;No;No;No;0.0;-5.0;0.25;-5.8;0.39;-6.23;0.47;-6.39;;;;;;;;
129;16.6;22.6;0.5;10;Successful;Effective;No;No;No;No;No;No;0.0;-5.0;0.25;-5.8;0.39;-6.23;0.47;-6.39;;;;;;;;
130;16.6;22.6;0.6;5;Successful;Effective;collision;20.11;vtypeauto.1;vtypeauto.0;569.36;edge_0_0_0;0.0;-5.0;0.25;-5.95;0.39;-6.47;0.47;-6.67;;;;;;;;
131;16.6;22.6;0.6;8;Successful;Effective;No;No;No;No;No;No;0.0;-5.0;0.25;-5.95;0.39;-6.47;0.47;-6.67;;;;;;;;
132;16.6;22.6;0.6;10;Successful;Effective;No;No;No;No;No;No;0.0;-5.0;0.25;-5.95;0.39;-6.47;0.47;-6.67;;;;;;;;
133;16.6;22.6;0.7;5;Successful;Effective;collision;19.70;vtypeauto.1;vtypeauto.0;562.96;edge_0_0_0;0.0;-5.0;0.25;-6.11;0.39;-6.72;0.47;-6.96;;;;;;;;
134;16.6;22.6;0.7;8;Successful;Effective;No;No;No;No;No;No;0.0;-5.0;0.25;-6.11;0.39;-6.72;0.47;-6.96;;;;;;;;
135;16.6;22.6;0.7;10;Successful;Effective;No;No;No;No;No;No;0.0;-5.0;0.25;-6.11;0.39;-6.72;0.47;-6.96;;;;;;;;
136;16.6;22.6;0.8;5;Successful;Effective;collision;19.45;vtypeauto.1;vtypeauto.0;558.62;edge_0_0_0;0.0;-5.0;0.25;-6.26;0.39;-6.98;0.47;-7.27;;;;;;;;
137;16.6;22.6;0.8;8;Successful;Effective;collision;20.76;vtypeauto.1;vtypeauto.0;586.81;edge_0_0_0;0.0;-5.0;0.25;-6.26;0.39;-6.98;0.47;-7.27;;;;;;;;
138;16.6;22.6;0.8;10;Successful;Effective;No;No;No;No;No;No;0.0;-5.0;0.25;-6.26;0.39;-6.98;0.47;-7.27;;;;;;;;
139;16.6;22.6;0.9;5;Successful;Effective;collision;19.29;vtypeauto.1;vtypeauto.0;555.69;edge_0_0_0;0.0;-5.0;0.25;-6.42;0.39;-7.25;0.47;-7.6;;;;;;;;
140;16.6;22.6;0.9;8;Successful;Effective;collision;20.25;vtypeauto.1;vtypeauto.0;580.37;edge_0_0_0;0.0;-5.0;0.25;-6.42;0.39;-7.25;0.47;-7.6;;;;;;;;
141;16.6;22.6;0.9;10;Successful;Effective;collision;21.42;vtypeauto.1;vtypeauto.0;599.23;edge_0_0_0;0.0;-5.0;0.25;-6.42;0.39;-7.25;0.47;-7.6;;;;;;;;
142;16.6;22.6;1.0;5;Successful;Effective;collision;19.18;vtypeauto.1;vtypeauto.0;553.60;edge_0_0_0;0.0;-5.0;0.25;-6.58;0.39;-7.53;0.47;-7.95;;;;;;;;
143;16.6;22.6;1.0;8;Successful;Effective;collision;19.95;vtypeauto.1;vtypeauto.0;575.95;edge_0_0_0;0.0;-5.0;0.25;-6.58;0.39;-7.53;0.47;-7.95;;;;;;;;
144;16.6;22.6;1.0;10;Successful;Effective;collision;20.68;vtypeauto.1;vtypeauto.0;591.88;edge_0_0_0;0.0;-5.0;0.25;-6.58;0.39;-7.53;0.47;-7.95;;;;;;;;
145;16.6;22.6;1.1;5;Successful;Effective;collision;19.11;vtypeauto.1;vtypeauto.0;552.27;edge_0_0_0;0.0;-5.0;0.25;-6.74;0.39;-7.82;0.47;-8.32;;;;;;;;
146;16.6;22.6;1.1;8;Successful;Effective;collision;19.76;vtypeauto.1;vtypeauto.0;572.93;edge_0_0_0;0.0;-5.0;0.25;-6.74;0.39;-7.82;0.47;-8.32;;;;;;;;
147;16.6;22.6;1.1;10;Successful;Effective;collision;20.31;vtypeauto.1;vtypeauto.0;587.18;edge_0_0_0;0.0;-5.0;0.25;-6.74;0.39;-7.82;0.47;-8.32;;;;;;;;
148;16.7;22.7;0.5;5;Successful;Effective;collision;21.04;vtypeauto.1;vtypeauto.0;580.80;edge_0_0_0;0.0;-5.0;0.25;-5.8;0.39;-6.23;0.47;-6.39;;;;;;;;
149;16.7;22.7;0.5;8;Successful;Effective;No;No;No;No;No;No;0.0;-5.0;0.25;-5.8;0.39;-6.23;0.47;-6.39;;;;;;;;
150;16.7;22.7;0.5;10;Successful;Effective;No;No;No;No;No;No;0.0;-5.0;0.25;-5.8;0.39;-6.23;0.47;-6.39;;;;;;;;
151;16.7;22.7;0.6;5;Successful;Effective;collision;20.11;vtypeauto.1;vtypeauto.0;569.36;edge_0_0_0;0.0;-5.0;0.25;-5.95;0.39;-6.47;0.47;-6.67;;;;;;;;
152;16.7;22.7;0.6;8;Successful;Effective;No;No;No;No;No;No;0.0;-5.0;0.25;-5.95;0.39;-6.47;0.47;-6.67;;;;;;;;
153;16.7;22.7;0.6;10;Successful;Effective;No;No;No;No;No;No;0.0;-5.0;0.25;-5.95;0.39;-6.47;0.47;-6.67;;;;;;;;
154;16.7;22.7;0.7;5;Successful;Effective;collision;19.70;vtypeauto.1;vtypeauto.0;562.96;edge_0_0_0;0.0;-5.0;0.25;-6.11;0.39;-6.72;0.47;-6.96;;;;;;;;
155;16.7;22.7;0.7;8;Successful;Effective;No;No;No;No;No;No;0.0;-5.0;0.25;-6.11;0.39;-6.72;0.47;-6.96;;;;;;;;
156;16.7;22.7;0.7;10;Successful;Effective;No;No;No;No;No;No;0.0;-5.0;0.25;-6.11;0.39;-6.72;0.47;-6.96;;;;;;;;
157;16.7;22.7;0.8;5;Successful;Effective;collision;19.45;vtypeauto.1;vtypeauto.0;558.62;edge_0_0_0;0.0;-5.0;0.25;-6.26;0.39;-6.98;0.47;-7.28;;;;;;;;
158;16.7;22.7;0.8;8;Successful;Effective;collision;20.76;vtypeauto.1;vtypeauto.0;586.81;edge_0_0_0;0.0;-5.0;0.25;-6.26;0.39;-6.98;0.47;-7.28;;;;;;;;
159;16.7;22.7;0.8;10;Successful;Effective;No;No;No;No;No;No;0.0;-5.0;0.25;-6.26;0.39;-6.98;0.47;-7.28;;;;;;;;
160;16.7;22.7;0.9;5;Successful;Effective;collision;19.29;vtypeauto.1;vtypeauto.0;555.69;edge_0_0_0;0.0;-5.0;0.25;-6.42;0.39;-7.25;0.47;-7.6;;;;;;;;
161;16.7;22.7;0.9;8;Successful;Effective;collision;20.25;vtypeauto.1;vtypeauto.0;580.37;edge_0_0_0;0.0;-5.0;0.25;-6.42;0.39;-7.25;0.47;-7.6;;;;;;;;
162;16.7;22.7;0.9;10;Successful;Effective;collision;21.42;vtypeauto.1;vtypeauto.0;599.23;edge_0_0_0;0.0;-5.0;0.25;-6.42;0.39;-7.25;0.47;-7.6;;;;;;;;
163;16.7;22.7;1.0;5;Successful;Effective;collision;19.18;vtypeauto.1;vtypeauto.0;553.60;edge_0_0_0;0.0;-5.0;0.25;-6.58;0.39;-7.53;0.47;-7.95;;;;;;;;
164;16.7;22.7;1.0;8;Successful;Effective;collision;19.95;vtypeauto.1;vtypeauto.0;575.95;edge_0_0_0;0.0;-5.0;0.25;-6.58;0.39;-7.53;0.47;-7.95;;;;;;;;
165;16.7;22.7;1.0;10;Successful;Effective;collision;20.68;vtypeauto.1;vtypeauto.0;591.88;edge_0_0_0;0.0;-5.0;0.25;-6.58;0.39;-7.53;0.47;-7.95;;;;;;;;
166;16.7;22.7;1.1;5;Successful;Effective;collision;19.11;vtypeauto.1;vtypeauto.0;552.27;edge_0_0_0;0.0;-5.0;0.25;-6.74;0.39;-7.82;0.47;-8.32;;;;;;;;
167;16.7;22.7;1.1;8;Successful;Effective;collision;19.76;vtypeauto.1;vtypeauto.0;572.93;edge_0_0_0;0.0;-5.0;0.25;-6.74;0.39;-7.82;0.47;-8.32;;;;;;;;
168;16.7;22.7;1.1;10;Successful;Effective;collision;20.31;vtypeauto.1;vtypeauto.0;587.18;edge_0_0_0;0.0;-5.0;0.25;-6.74;0.39;-7.82;0.47;-8.32;;;;;;;;
169;16.8;22.8;0.5;5;Successful;Effective;collision;21.04;vtypeauto.1;vtypeauto.0;580.80;edge_0_0_0;0.0;-5.0;0.25;-5.8;0.39;-6.23;0.47;-6.39;;;;;;;;
170;16.8;22.8;0.5;8;Successful;Effective;No;No;No;No;No;No;0.0;-5.0;0.25;-5.8;0.39;-6.23;0.47;-6.39;;;;;;;;
171;16.8;22.8;0.5;10;Successful;Effective;No;No;No;No;No;No;0.0;-5.0;0.25;-5.8;0.39;-6.23;0.47;-6.39;;;;;;;;
172;16.8;22.8;0.6;5;Successful;Effective;collision;20.11;vtypeauto.1;vtypeauto.0;569.36;edge_0_0_0;0.0;-5.0;0.25;-5.95;0.39;-6.47;0.47;-6.67;;;;;;;;
173;16.8;22.8;0.6;8;Successful;Effective;No;No;No;No;No;No;0.0;-5.0;0.25;-5.95;0.39;-6.47;0.47;-6.67;;;;;;;;
174;16.8;22.8;0.6;10;Successful;Effective;No;No;No;No;No;No;0.0;-5.0;0.25;-5.95;0.39;-6.47;0.47;-6.67;;;;;;;;
175;16.8;22.8;0.7;5;Successful;Effective;collision;19.70;vtypeauto.1;vtypeauto.0;562.96;edge_0_0_0;0.0;-5.0;0.25;-6.11;0.39;-6.72;0.47;-6.96;;;;;;;;
176;16.8;22.8;0.7;8;Successful;Effective;No;No;No;No;No;No;0.0;-5.0;0.25;-6.11;0.39;-6.72;0.47;-6.96;;;;;;;;
177;16.8;22.8;0.7;10;Successful;Effective;No;No;No;No;No;No;0.0;-5.0;0.25;-6.11;0.39;-6.72;0.47;-6.96;;;;;;;;
178;16.8;22.8;0.8;5;Successful;Effective;collision;19.45;vtypeauto.1;vtypeauto.0;558.62;edge_0_0_0;0.0;-5.0;0.25;-6.26;0.39;-6.98;0.47;-7.28;;;;;;;;
179;16.8;22.8;0.8;8;Successful;Effective;collision;20.76;vtypeauto.1;vtypeauto.0;586.81;edge_0_0_0;0.0;-5.0;0.25;-6.26;0.39;-6.98;0.47;-7.28;;;;;;;;
180;16.8;22.8;0.8;10;Successful;Effective;No;No;No;No;No;No;0.0;-5.0;0.25;-6.26;0.39;-6.98;0.47;-7.28;;;;;;;;
181;16.8;22.8;0.9;5;Successful;Effective;collision;19.29;vtypeauto.1;vtypeauto.0;555.69;edge_0_0_0;0.0;-5.0;0.25;-6.42;0.39;-7.25;0.47;-7.6;;;;;;;;
182;16.8;22.8;0.9;8;Successful;Effective;collision;20.25;vtypeauto.1;vtypeauto.0;580.37;edge_0_0_0;0.0;-5.0;0.25;-6.42;0.39;-7.25;0.47;-7.6;;;;;;;;
183;16.8;22.8;0.9;10;Successful;Effective;collision;21.42;vtypeauto.1;vtypeauto.0;599.23;edge_0_0_0;0.0;-5.0;0.25;-6.42;0.39;-7.25;0.47;-7.6;;;;;;;;
184;16.8;22.8;1.0;5;Successful;Effective;collision;19.18;vtypeauto.1;vtypeauto.0;553.60;edge_0_0_0;0.0;-5.0;0.25;-6.58;0.39;-7.53;0.47;-7.95;;;;;;;;
185;16.8;22.8;1.0;8;Successful;Effective;collision;19.95;vtypeauto.1;vtypeauto.0;575.95;edge_0_0_0;0.0;-5.0;0.25;-6.58;0.39;-7.53;0.47;-7.95;;;;;;;;
186;16.8;22.8;1.0;10;Successful;Effective;collision;20.68;vtypeauto.1;vtypeauto.0;591.88;edge_0_0_0;0.0;-5.0;0.25;-6.58;0.39;-7.53;0.47;-7.95;;;;;;;;
187;16.8;22.8;1.1;5;Successful;Effective;collision;19.11;vtypeauto.1;vtypeauto.0;552.27;edge_0_0_0;0.0;-5.0;0.25;-6.74;0.39;-7.82;0.47;-8.32;;;;;;;;
188;16.8;22.8;1.1;8;Successful;Effective;collision;19.76;vtypeauto.1;vtypeauto.0;572.93;edge_0_0_0;0.0;-5.0;0.25;-6.74;0.39;-7.82;0.47;-8.32;;;;;;;;
189;16.8;22.8;1.1;10;Successful;Effective;collision;20.31;vtypeauto.1;vtypeauto.0;587.18;edge_0_0_0;0.0;-5.0;0.25;-6.74;0.39;-7.82;0.47;-8.32;;;;;;;;
190;16.9;22.9;0.5;5;Successful;Effective;collision;21.04;vtypeauto.1;vtypeauto.0;580.80;edge_0_0_0;0.0;-5.0;0.25;-5.8;0.39;-6.23;0.47;-6.39;;;;;;;;
191;16.9;22.9;0.5;8;Successful;Effective;No;No;No;No;No;No;0.0;-5.0;0.25;-5.8;0.39;-6.23;0.47;-6.39;;;;;;;;
192;16.9;22.9;0.5;10;Successful;Effective;No;No;No;No;No;No;0.0;-5.0;0.25;-5.8;0.39;-6.23;0.47;-6.39;;;;;;;;
193;16.9;22.9;0.6;5;Successful;Effective;collision;20.11;vtypeauto.1;vtypeauto.0;569.36;edge_0_0_0;0.0;-5.0;0.25;-5.95;0.39;-6.47;0.47;-6.67;;;;;;;;
194;16.9;22.9;0.6;8;Successful;Effective;No;No;No;No;No;No;0.0;-5.0;0.25;-5.95;0.39;-6.47;0.47;-6.67;;;;;;;;
195;16.9;22.9;0.6;10;Successful;Effective;No;No;No;No;No;No;0.0;-5.0;0.25;-5.95;0.39;-6.47;0.47;-6.67;;;;;;;;
196;16.9;22.9;0.7;5;Successful;Effective;collision;19.70;vtypeauto.1;vtypeauto.0;562.96;edge_0_0_0;0.0;-5.0;0.25;-6.11;0.39;-6.72;0.47;-6.96;;;;;;;;
197;16.9;22.9;0.7;8;Successful;Effective;No;No;No;No;No;No;0.0;-5.0;0.25;-6.11;0.39;-6.72;0.47;-6.96;;;;;;;;
198;16.9;22.9;0.7;10;Successful;Effective;No;No;No;No;No;No;0.0;-5.0;0.25;-6.11;0.39;-6.72;0.47;-6.96;;;;;;;;
199;16.9;22.9;0.8;5;Successful;Effective;collision;19.45;vtypeauto.1;vtypeauto.0;558.62;edge_0_0_0;0.0;-5.0;0.25;-6.26;0.39;-6.98;0.47;-7.28;;;;;;;;
200;16.9;22.9;0.8;8;Successful;Effective;collision;20.76;vtypeauto.1;vtypeauto.0;586.81;edge_0_0_0;0.0;-5.0;0.25;-6.26;0.39;-6.98;0.47;-7.28;;;;;;;;
201;16.9;22.9;0.8;10;Successful;Effective;No;No;No;No;No;No;0.0;-5.0;0.25;-6.26;0.39;-6.98;0.47;-7.28;;;;;;;;
202;16.9;22.9;0.9;5;Successful;Effective;collision;19.29;vtypeauto.1;vtypeauto.0;555.69;edge_0_0_0;0.0;-5.0;0.25;-6.42;0.39;-7.25;0.47;-7.6;;;;;;;;
203;16.9;22.9;0.9;8;Successful;Effective;collision;20.25;vtypeauto.1;vtypeauto.0;580.37;edge_0_0_0;0.0;-5.0;0.25;-6.42;0.39;-7.25;0.47;-7.6;;;;;;;;
204;16.9;22.9;0.9;10;Successful;Effective;collision;21.42;vtypeauto.1;vtypeauto.0;599.23;edge_0_0_0;0.0;-5.0;0.25;-6.42;0.39;-7.25;0.47;-7.6;;;;;;;;
205;16.9;22.9;1.0;5;Successful;Effective;collision;19.18;vtypeauto.1;vtypeauto.0;553.60;edge_0_0_0;0.0;-5.0;0.25;-6.58;0.39;-7.53;0.47;-7.95;;;;;;;;
206;16.9;22.9;1.0;8;Successful;Effective;collision;19.95;vtypeauto.1;vtypeauto.0;575.95;edge_0_0_0;0.0;-5.0;0.25;-6.58;0.39;-7.53;0.47;-7.95;;;;;;;;
207;16.9;22.9;1.0;10;Successful;Effective;collision;20.68;vtypeauto.1;vtypeauto.0;591.88;edge_0_0_0;0.0;-5.0;0.25;-6.58;0.39;-7.53;0.47;-7.95;;;;;;;;
208;16.9;22.9;1.1;5;Successful;Effective;collision;19.11;vtypeauto.1;vtypeauto.0;552.27;edge_0_0_0;0.0;-5.0;0.25;-6.74;0.39;-7.82;0.47;-8.32;;;;;;;;
209;16.9;22.9;1.1;8;Successful;Effective;collision;19.76;vtypeauto.1;vtypeauto.0;572.93;edge_0_0_0;0.0;-5.0;0.25;-6.74;0.39;-7.82;0.47;-8.32;;;;;;;;
210;16.9;22.9;1.1;10;Successful;Effective;collision;20.31;vtypeauto.1;vtypeauto.0;587.18;edge_0_0_0;0.0;-5.0;0.25;-6.74;0.39;-7.82;0.47;-8.32;;;;;;;;
211;17.0;23.0;0.5;5;Successful;Effective;collision;21.04;vtypeauto.1;vtypeauto.0;580.80;edge_0_0_0;0.0;-5.0;0.25;-5.8;0.39;-6.23;0.47;-6.39;;;;;;;;
212;17.0;23.0;0.5;8;Successful;Effective;No;No;No;No;No;No;0.0;-5.0;0.25;-5.8;0.39;-6.23;0.47;-6.39;;;;;;;;
213;17.0;23.0;0.5;10;Successful;Effective;No;No;No;No;No;No;0.0;-5.0;0.25;-5.8;0.39;-6.23;0.47;-6.39;;;;;;;;
214;17.0;23.0;0.6;5;Successful;Effective;collision;20.11;vtypeauto.1;vtypeauto.0;569.36;edge_0_0_0;0.0;-5.0;0.25;-5.95;0.39;-6.47;0.47;-6.67;;;;;;;;
215;17.0;23.0;0.6;8;Successful;Effective;No;No;No;No;No;No;0.0;-5.0;0.25;-5.95;0.39;-6.47;0.47;-6.67;;;;;;;;
216;17.0;23.0;0.6;10;Successful;Effective;No;No;No;No;No;No;0.0;-5.0;0.25;-5.95;0.39;-6.47;0.47;-6.67;;;;;;;;
217;17.0;23.0;0.7;5;Successful;Effective;collision;19.70;vtypeauto.1;vtypeauto.0;562.96;edge_0_0_0;0.0;-5.0;0.25;-6.11;0.39;-6.72;0.47;-6.96;;;;;;;;
218;17.0;23.0;0.7;8;Successful;Effective;No;No;No;No;No;No;0.0;-5.0;0.25;-6.11;0.39;-6.72;0.47;-6.96;;;;;;;;
219;17.0;23.0;0.7;10;Successful;Effective;No;No;No;No;No;No;0.0;-5.0;0.25;-6.11;0.39;-6.72;0.47;-6.96;;;;;;;;
220;17.0;23.0;0.8;5;Successful;Effective;collision;19.45;vtypeauto.1;vtypeauto.0;558.62;edge_0_0_0;0.0;-5.0;0.25;-6.26;0.39;-6.98;0.47;-7.28;;;;;;;;
221;17.0;23.0;0.8;8;Successful;Effective;collision;20.76;vtypeauto.1;vtypeauto.0;586.81;edge_0_0_0;0.0;-5.0;0.25;-6.26;0.39;-6.98;0.47;-7.28;;;;;;;;
222;17.0;23.0;0.8;10;Successful;Effective;No;No;No;No;No;No;0.0;-5.0;0.25;-6.26;0.39;-6.98;0.47;-7.28;;;;;;;;
223;17.0;23.0;0.9;5;Successful;Effective;collision;19.29;vtypeauto.1;vtypeauto.0;555.69;edge_0_0_0;0.0;-5.0;0.25;-6.42;0.39;-7.25;0.47;-7.6;;;;;;;;
224;17.0;23.0;0.9;8;Successful;Effective;collision;20.25;vtypeauto.1;vtypeauto.0;580.37;edge_0_0_0;0.0;-5.0;0.25;-6.42;0.39;-7.25;0.47;-7.6;;;;;;;;
225;17.0;23.0;0.9;10;Successful;Effective;collision;21.42;vtypeauto.1;vtypeauto.0;599.23;edge_0_0_0;0.0;-5.0;0.25;-6.42;0.39;-7.25;0.47;-7.6;;;;;;;;
226;17.0;23.0;1.0;5;Successful;Effective;collision;19.18;vtypeauto.1;vtypeauto.0;553.60;edge_0_0_0;0.0;-5.0;0.25;-6.58;0.39;-7.53;0.47;-7.95;;;;;;;;
227;17.0;23.0;1.0;8;Successful;Effective;collision;19.95;vtypeauto.1;vtypeauto.0;575.95;edge_0_0_0;0.0;-5.0;0.25;-6.58;0.39;-7.53;0.47;-7.95;;;;;;;;
228;17.0;23.0;1.0;10;Successful;Effective;collision;20.68;vtypeauto.1;vtypeauto.0;591.88;edge_0_0_0;0.0;-5.0;0.25;-6.58;0.39;-7.53;0.47;-7.95;;;;;;;;
229;17.0;23.0;1.1;5;Successful;Effective;collision;19.11;vtypeauto.1;vtypeauto.0;552.27;edge_0_0_0;0.0;-5.0;0.25;-6.74;0.39;-7.82;0.47;-8.32;;;;;;;;
230;17.0;23.0;1.1;8;Successful;Effective;collision;19.76;vtypeauto.1;vtypeauto.0;572.93;edge_0_0_0;0.0;-5.0;0.25;-6.74;0.39;-7.82;0.47;-8.32;;;;;;;;
231;17.0;23.0;1.1;10;Successful;Effective;collision;20.31;vtypeauto.1;vtypeauto.0;587.18;edge_0_0_0;0.0;-5.0;0.25;-6.74;0.39;-7.82;0.47;-8.32;;;;;;;;
232;17.1;23.1;0.5;5;Successful;Effective;No;No;No;No;No;No;0.0;-5.0;0.25;-5.15;0.39;-5.56;0.47;-5.78;;;;;;;;
233;17.1;23.1;0.5;8;Successful;Effective;No;No;No;No;No;No;0.0;-5.0;0.25;-5.15;0.39;-5.56;0.47;-5.78;;;;;;;;
234;17.1;23.1;0.5;10;Successful;Effective;No;No;No;No;No;No;0.0;-5.0;0.25;-5.15;0.39;-5.56;0.47;-5.78;;;;;;;;
235;17.1;23.1;0.6;5;Successful;Effective;No;No;No;No;No;No;0.0;-5.0;0.25;-5.17;0.39;-5.65;0.47;-5.91;;;;;;;;
236;17.1;23.1;0.6;8;Successful;Effective;No;No;No;No;No;No;0.0;-5.0;0.25;-5.17;0.39;-5.65;0.47;-5.91;;;;;;;;
237;17.1;23.1;0.6;10;Successful;Effective;No;No;No;No;No;No;0.0;-5.0;0.25;-5.17;0.39;-5.65;0.47;-5.91;;;;;;;;
238;17.1;23.1;0.7;5;Successful;Effective;No;No;No;No;No;No;0.0;-5.0;0.25;-5.2;0.39;-5.73;0.47;-6.04;;;;;;;;
239;17.1;23.1;0.7;8;Successful;Effective;No;No;No;No;No;No;0.0;-5.0;0.25;-5.2;0.39;-5.73;0.47;-6.04;;;;;;;;
240;17.1;23.1;0.7;10;Successful;Effective;No;No;No;No;No;No;0.0;-5.0;0.25;-5.2;0.39;-5.73;0.47;-6.04;;;;;;;;
241;17.1;23.1;0.8;5;Successful;Effective;No;No;No;No;No;No;0.0;-5.0;0.25;-5.23;0.39;-5.82;0.47;-6.17;;;;;;;;
242;17.1;23.1;0.8;8;Successful;Effective;No;No;No;No;No;No;0.0;-5.0;0.25;-5.23;0.39;-5.82;0.47;-6.17;;;;;;;;
243;17.1;23.1;0.8;10;Successful;Effective;No;No;No;No;No;No;0.0;-5.0;0.25;-5.23;0.39;-5.82;0.47;-6.17;;;;;;;;
244;17.1;23.1;0.9;5;Successful;Effective;collision;22.03;vtypeauto.2;vtypeauto.1;580.60;edge_0_0_0;0.0;-5.0;0.25;-5.27;0.39;-5.9;0.47;-6.3;;;;;;;;
245;17.1;23.1;0.9;8;Successful;Effective;No;No;No;No;No;No;0.0;-5.0;0.25;-5.27;0.39;-5.9;0.47;-6.3;;;;;;;;
246;17.1;23.1;0.9;10;Successful;Effective;No;No;No;No;No;No;0.0;-5.0;0.25;-5.27;0.39;-5.9;0.47;-6.3;;;;;;;;
247;17.1;23.1;1.0;5;Successful;Effective;collision;21.30;vtypeauto.2;vtypeauto.1;575.69;edge_0_0_0;0.0;-5.0;0.25;-5.31;0.39;-5.99;0.47;-6.43;;;;;;;;
248;17.1;23.1;1.0;8;Successful;Effective;No;No;No;No;No;No;0.0;-5.0;0.25;-5.31;0.39;-5.99;0.47;-6.43;;;;;;;;
249;17.1;23.1;1.0;10;Successful;Effective;No;No;No;No;No;No;0.0;-5.0;0.25;-5.31;0.39;-5.99;0.47;-6.43;;;;;;;;
250;17.1;23.1;1.1;5;Successful;Effective;collision;20.93;vtypeauto.2;vtypeauto.1;572.22;edge_0_0_0;0.0;-5.0;0.25;-5.35;0.39;-6.08;0.47;-6.56;;;;;;;;
251;17.1;23.1;1.1;8;Successful;Effective;No;No;No;No;No;No;0.0;-5.0;0.25;-5.35;0.39;-6.08;0.47;-6.56;;;;;;;;
252;17.1;23.1;1.1;10;Successful;Effective;No;No;No;No;No;No;0.0;-5.0;0.25;-5.35;0.39;-6.08;0.47;-6.56;;;;;;;;
253;17.2;23.2;0.5;5;Successful;Effective;No;No;No;No;No;No;0.0;-5.0;0.25;-5.14;0.39;-5.24;0.47;-5.43;;;;;;;;
254;17.2;23.2;0.5;8;Successful;Effective;No;No;No;No;No;No;0.0;-5.0;0.25;-5.14;0.39;-5.24;0.47;-5.43;;;;;;;;
255;17.2;23.2;0.5;10;Successful;Effective;No;No;No;No;No;No;0.0;-5.0;0.25;-5.14;0.39;-5.24;0.47;-5.43;;;;;;;;
256;17.2;23.2;0.6;5;Successful;Effective;No;No;No;No;No;No;0.0;-5.0;0.25;-5.16;0.39;-5.27;0.47;-5.48;;;;;;;;
257;17.2;23.2;0.6;8;Successful;Effective;No;No;No;No;No;No;0.0;-5.0;0.25;-5.16;0.39;-5.27;0.47;-5.48;;;;;;;;
258;17.2;23.2;0.6;10;Successful;Effective;No;No;No;No;No;No;0.0;-5.0;0.25;-5.16;0.39;-5.27;0.47;-5.48;;;;;;;;
259;17.2;23.2;0.7;5;Successful;Effective;No;No;No;No;No;No;0.0;-5.0;0.25;-5.18;0.39;-5.31;0.47;-5.53;;;;;;;;
260;17.2;23.2;0.7;8;Successful;Effective;No;No;No;No;No;No;0.0;-5.0;0.25;-5.18;0.39;-5.31;0.47;-5.53;;;;;;;;
261;17.2;23.2;0.7;10;Successful;Effective;No;No;No;No;No;No;0.0;-5.0;0.25;-5.18;0.39;-5.31;0.47;-5.53;;;;;;;;
262;17.2;23.2;0.8;5;Successful;Effective;No;No;No;No;No;No;0.0;-5.0;0.25;-5.2;0.39;-5.35;0.47;-5.59;;;;;;;;
263;17.2;23.2;0.8;8;Successful;Effective;No;No;No;No;No;No;0.0;-5.0;0.25;-5.2;0.39;-5.35;0.47;-5.59;;;;;;;;
264;17.2;23.2;0.8;10;Successful;Effective;No;No;No;No;No;No;0.0;-5.0;0.25;-5.2;0.39;-5.35;0.47;-5.59;;;;;;;;
265;17.2;23.2;0.9;5;Successful;Effective;No;No;No;No;No;No;0.0;-5.0;0.25;-5.23;0.39;-5.4;0.47;-5.64;;;;;;;;
266;17.2;23.2;0.9;8;Successful;Effective;No;No;No;No;No;No;0.0;-5.0;0.25;-5.23;0.39;-5.4;0.47;-5.64;;;;;;;;
267;17.2;23.2;0.9;10;Successful;Effective;No;No;No;No;No;No;0.0;-5.0;0.25;-5.23;0.39;-5.4;0.47;-5.64;;;;;;;;
268;17.2;23.2;1.0;5;Successful;Effective;No;No;No;No;No;No;0.0;-5.0;0.25;-5.26;0.39;-5.45;0.47;-5.7;;;;;;;;
269;17.2;23.2;1.0;8;Successful;Effective;No;No;No;No;No;No;0.0;-5.0;0.25;-5.26;0.39;-5.45;0.47;-5.7;;;;;;;;
270;17.2;23.2;1.0;10;Successful;Effective;No;No;No;No;No;No;0.0;-5.0;0.25;-5.26;0.39;-5.45;0.47;-5.7;;;;;;;;
271;17.2;23.2;1.1;5;Successful;Effective;No;No;No;No;No;No;0.0;-5.0;0.25;-5.3;0.39;-5.51;0.47;-5.77;;;;;;;;
272;17.2;23.2;1.1;8;Successful;Effective;No;No;No;No;No;No;0.0;-5.0;0.25;-5.3;0.39;-5.51;0.47;-5.77;;;;;;;;
273;17.2;23.2;1.1;10;Successful;Effective;No;No;No;No;No;No;0.0;-5.0;0.25;-5.3;0.39;-5.51;0.47;-5.77;;;;;;;;
274;17.3;23.3;0.5;5;Successful;Effective;No;No;No;No;No;No;0.0;-5.0;0.25;-5.13;0.39;-5.22;0.47;-5.28;;;;;;;;
275;17.3;23.3;0.5;8;Successful;Effective;No;No;No;No;No;No;0.0;-5.0;0.25;-5.13;0.39;-5.22;0.47;-5.28;;;;;;;;
276;17.3;23.3;0.5;10;Successful;Effective;No;No;No;No;No;No;0.0;-5.0;0.25;-5.13;0.39;-5.22;0.47;-5.28;;;;;;;;
277;17.3;23.3;0.6;5;Successful;Effective;No;No;No;No;No;No;0.0;-5.0;0.25;-5.14;0.39;-5.24;0.47;-5.3;;;;;;;;
278;17.3;23.3;0.6;8;Successful;Effective;No;No;No;No;No;No;0.0;-5.0;0.25;-5.14;0.39;-5.24;0.47;-5.3;;;;;;;;
279;17.3;23.3;0.6;10;Successful;Effective;No;No;No;No;No;No;0.0;-5.0;0.25;-5.14;0.39;-5.24;0.47;-5.3;;;;;;;;
280;17.3;23.3;0.7;5;Successful;Effective;No;No;No;No;No;No;0.0;-5.0;0.25;-5.16;0.39;-5.27;0.47;-5.34;;;;;;;;
281;17.3;23.3;0.7;8;Successful;Effective;No;No;No;No;No;No;0.0;-5.0;0.25;-5.16;0.39;-5.27;0.47;-5.34;;;;;;;;
282;17.3;23.3;0.7;10;Successful;Effective;No;No;No;No;No;No;0.0;-5.0;0.25;-5.16;0.39;-5.27;0.47;-5.34;;;;;;;;
283;17.3;23.3;0.8;5;Successful;Effective;No;No;No;No;No;No;0.0;-5.0;0.25;-5.18;0.39;-5.31;0.47;-5.38;;;;;;;;
284;17.3;23.3;0.8;8;Successful;Effective;No;No;No;No;No;No;0.0;-5.0;0.25;-5.18;0.39;-5.31;0.47;-5.38;;;;;;;;
285;17.3;23.3;0.8;10;Successful;Effective;No;No;No;No;No;No;0.0;-5.0;0.25;-5.18;0.39;-5.31;0.47;-5.38;;;;;;;;
286;17.3;23.3;0.9;5;Successful;Effective;No;No;No;No;No;No;0.0;-5.0;0.25;-5.2;0.39;-5.34;0.47;-5.42;;;;;;;;
287;17.3;23.3;0.9;8;Successful;Effective;No;No;No;No;No;No;0.0;-5.0;0.25;-5.2;0.39;-5.34;0.47;-5.42;;;;;;;;
288;17.3;23.3;0.9;10;Successful;Effective;No;No;No;No;No;No;0.0;-5.0;0.25;-5.2;0.39;-5.34;0.47;-5.42;;;;;;;;
289;17.3;23.3;1.0;5;Successful;Effective;No;No;No;No;No;No;0.0;-5.0;0.25;-5.23;0.39;-5.39;0.47;-5.47;;;;;;;;
290;17.3;23.3;1.0;8;Successful;Effective;No;No;No;No;No;No;0.0;-5.0;0.25;-5.23;0.39;-5.39;0.47;-5.47;;;;;;;;
291;17.3;23.3;1.0;10;Successful;Effective;No;No;No;No;No;No;0.0;-5.0;0.25;-5.23;0.39;-5.39;0.47;-5.47;;;;;;;;
292;17.3;23.3;1.1;5;Successful;Effective;No;No;No;No;No;No;0.0;-5.0;0.25;-5.26;0.39;-5.44;0.47;-5.53;;;;;;;;
293;17.3;23.3;1.1;8;Successful;Effective;No;No;No;No;No;No;0.0;-5.0;0.25;-5.26;0.39;-5.44;0.47;-5.53;;;;;;;;
294;17.3;23.3;1.1;10;Successful;Effective;No;No;No;No;No;No;0.0;-5.0;0.25;-5.26;0.39;-5.44;0.47;-5.53;;;;;;;;
295;17.4;23.4;0.5;5;Successful;Effective;No;No;No;No;No;No;0.0;-5.0;0.25;-5.12;0.39;-5.21;0.47;-5.26;;;;;;;;
296;17.4;23.4;0.5;8;Successful;Effective;No;No;No;No;No;No;0.0;-5.0;0.25;-5.12;0.39;-5.21;0.47;-5.26;;;;;;;;
297;17.4;23.4;0.5;10;Successful;Effective;No;No;No;No;No;No;0.0;-5.0;0.25;-5.12;0.39;-5.21;0.47;-5.26;;;;;;;;
298;17.4;23.4;0.6;5;Successful;Effective;No;No;No;No;No;No;0.0;-5.0;0.25;-5.13;0.39;-5.22;0.47;-5.28;;;;;;;;
299;17.4;23.4;0.6;8;Successful;Effective;No;No;No;No;No;No;0.0;-5.0;0.25;-5.13;0.39;-5.22;0.47;-5.28;;;;;;;;
300;17.4;23.4;0.6;10;Successful;Effective;No;No;No;No;No;No;0.0;-5.0;0.25;-5.13;0.39;-5.22;0.47;-5.28;;;;;;;;
301;17.4;23.4;0.7;5;Successful;Effective;No;No;No;No;No;No;0.0;-5.0;0.25;-5.14;0.39;-5.24;0.47;-5.3;;;;;;;;
302;17.4;23.4;0.7;8;Successful;Effective;No;No;No;No;No;No;0.0;-5.0;0.25;-5.14;0.39;-5.24;0.47;-5.3;;;;;;;;
303;17.4;23.4;0.7;10;Successful;Effective;No;No;No;No;No;No;0.0;-5.0;0.25;-5.14;0.39;-5.24;0.47;-5.3;;;;;;;;
304;17.4;23.4;0.8;5;Successful;Effective;No;No;No;No;No;No;0.0;-5.0;0.25;-5.16;0.39;-5.27;0.47;-5.33;;;;;;;;
305;17.4;23.4;0.8;8;Successful;Effective;No;No;No;No;No;No;0.0;-5.0;0.25;-5.16;0.39;-5.27;0.47;-5.33;;;;;;;;
306;17.4;23.4;0.8;10;Successful;Effective;No;No;No;No;No;No;0.0;-5.0;0.25;-5.16;0.39;-5.27;0.47;-5.33;;;;;;;;
307;17.4;23.4;0.9;5;Successful;Effective;No;No;No;No;No;No;0.0;-5.0;0.25;-5.18;0.39;-5.3;0.47;-5.37;;;;;;;;
308;17.4;23.4;0.9;8;Successful;Effective;No;No;No;No;No;No;0.0;-5.0;0.25;-5.18;0.39;-5.3;0.47;-5.37;;;;;;;;
309;17.4;23.4;0.9;10;Successful;Effective;No;No;No;No;No;No;0.0;-5.0;0.25;-5.18;0.39;-5.3;0.47;-5.37;;;;;;;;
310;17.4;23.4;1.0;5;Successful;Effective;No;No;No;No;No;No;0.0;-5.0;0.25;-5.2;0.39;-5.33;0.47;-5.41;;;;;;;;
311;17.4;23.4;1.0;8;Successful;Effective;No;No;No;No;No;No;0.0;-5.0;0.25;-5.2;0.39;-5.33;0.47;-5.41;;;;;;;;
312;17.4;23.4;1.0;10;Successful;Effective;No;No;No;No;No;No;0.0;-5.0;0.25;-5.2;0.39;-5.33;0.47;-5.41;;;;;;;;
313;17.4;23.4;1.1;5;Successful;Effective;No;No;No;No;No;No;0.0;-5.0;0.25;-5.22;0.39;-5.37;0.47;-5.45;;;;;;;;
314;17.4;23.4;1.1;8;Successful;Effective;No;No;No;No;No;No;0.0;-5.0;0.25;-5.22;0.39;-5.37;0.47;-5.45;;;;;;;;
315;17.4;23.4;1.1;10;Successful;Effective;No;No;No;No;No;No;0.0;-5.0;0.25;-5.22;0.39;-5.37;0.47;-5.45;;;;;;;;
316;17.5;23.5;0.5;5;Successful;Effective;No;No;No;No;No;No;0.0;-5.0;0.25;-5.11;0.39;-5.19;0.47;-5.24;;;;;;;;
317;17.5;23.5;0.5;8;Successful;Effective;No;No;No;No;No;No;0.0;-5.0;0.25;-5.11;0.39;-5.19;0.47;-5.24;;;;;;;;
318;17.5;23.5;0.5;10;Successful;Effective;No;No;No;No;No;No;0.0;-5.0;0.25;-5.11;0.39;-5.19;0.47;-5.24;;;;;;;;
319;17.5;23.5;0.6;5;Successful;Effective;No;No;No;No;No;No;0.0;-5.0;0.25;-5.12;0.39;-5.21;0.47;-5.26;;;;;;;;
320;17.5;23.5;0.6;8;Successful;Effective;No;No;No;No;No;No;0.0;-5.0;0.25;-5.12;0.39;-5.21;0.47;-5.26;;;;;;;;
321;17.5;23.5;0.6;10;Successful;Effective;No;No;No;No;No;No;0.0;-5.0;0.25;-5.12;0.39;-5.21;0.47;-5.26;;;;;;;;
322;17.5;23.5;0.7;5;Successful;Effective;No;No;No;No;No;No;0.0;-5.0;0.25;-5.13;0.39;-5.22;0.47;-5.27;;;;;;;;
323;17.5;23.5;0.7;8;Successful;Effective;No;No;No;No;No;No;0.0;-5.0;0.25;-5.13;0.39;-5.22;0.47;-5.27;;;;;;;;
324;17.5;23.5;0.7;10;Successful;Effective;No;No;No;No;No;No;0.0;-5.0;0.25;-5.13;0.39;-5.22;0.47;-5.27;;;;;;;;
325;17.5;23.5;0.8;5;Successful;Effective;No;No;No;No;No;No;0.0;-5.0;0.25;-5.14;0.39;-5.24;0.47;-5.3;;;;;;;;
326;17.5;23.5;0.8;8;Successful;Effective;No;No;No;No;No;No;0.0;-5.0;0.25;-5.14;0.39;-5.24;0.47;-5.3;;;;;;;;
327;17.5;23.5;0.8;10;Successful;Effective;No;No;No;No;No;No;0.0;-5.0;0.25;-5.14;0.39;-5.24;0.47;-5.3;;;;;;;;
328;17.5;23.5;0.9;5;Successful;Effective;No;No;No;No;No;No;0.0;-5.0;0.25;-5.16;0.39;-5.26;0.47;-5.32;;;;;;;;
329;17.5;23.5;0.9;8;Successful;Effective;No;No;No;No;No;No;0.0;-5.0;0.25;-5.16;0.39;-5.26;0.47;-5.32;;;;;;;;
330;17.5;23.5;0.9;10;Successful;Effective;No;No;No;No;No;No;0.0;-5.0;0.25;-5.16;0.39;-5.26;0.47;-5.32;;;;;;;;
331;17.5;23.5;1.0;5;Successful;Effective;No;No;No;No;No;No;0.0;-5.0;0.25;-5.17;0.39;-5.29;0.47;-5.35;;;;;;;;
332;17.5;23.5;1.0;8;Successful;Effective;No;No;No;No;No;No;0.0;-5.0;0.25;-5.17;0.39;-5.29;0.47;-5.35;;;;;;;;
333;17.5;23.5;1.0;10;Successful;Effective;No;No;No;No;No;No;0.0;-5.0;0.25;-5.17;0.39;-5.29;0.47;-5.35;;;;;;;;
334;17.5;23.5;1.1;5;Successful;Effective;No;No;No;No;No;No;0.0;-5.0;0.25;-5.19;0.39;-5.32;0.47;-5.39;;;;;;;;
335;17.5;23.5;1.1;8;Successful;Effective;No;No;No;No;No;No;0.0;-5.0;0.25;-5.19;0.39;-5.32;0.47;-5.39;;;;;;;;
336;17.5;23.5;1.1;10;Successful;Effective;No;No;No;No;No;No;0.0;-5.0;0.25;-5.19;0.39;-5.32;0.47;-5.39;;;;;;;;
337;17.6;23.6;0.5;5;Successful;Effective;No;No;No;No;No;No;0.0;-5.0;0.25;-5.11;0.39;-5.18;0.47;-5.23;;;;;;;;
338;17.6;23.6;0.5;8;Successful;Effective;No;No;No;No;No;No;0.0;-5.0;0.25;-5.11;0.39;-5.18;0.47;-5.23;;;;;;;;
339;17.6;23.6;0.5;10;Successful;Effective;No;No;No;No;No;No;0.0;-5.0;0.25;-5.11;0.39;-5.18;0.47;-5.23;;;;;;;;
340;17.6;23.6;0.6;5;Successful;Effective;No;No;No;No;No;No;0.0;-5.0;0.25;-5.11;0.39;-5.19;0.47;-5.24;;;;;;;;
341;17.6;23.6;0.6;8;Successful;Effective;No;No;No;No;No;No;0.0;-5.0;0.25;-5.11;0.39;-5.19;0.47;-5.24;;;;;;;;
342;17.6;23.6;0.6;10;Successful;Effective;No;No;No;No;No;No;0.0;-5.0;0.25;-5.11;0.39;-5.19;0.47;-5.24;;;;;;;;
343;17.6;23.6;0.7;5;Successful;Effective;No;No;No;No;No;No;0.0;-5.0;0.25;-5.12;0.39;-5.2;0.47;-5.25;;;;;;;;
344;17.6;23.6;0.7;8;Successful;Effective;No;No;No;No;No;No;0.0;-5.0;0.25;-5.12;0.39;-5.2;0.47;-5.25;;;;;;;;
345;17.6;23.6;0.7;10;Successful;Effective;No;No;No;No;No;No;0.0;-5.0;0.25;-5.12;0.39;-5.2;0.47;-5.25;;;;;;;;
346;17.6;23.6;0.8;5;Successful;Effective;No;No;No;No;No;No;0.0;-5.0;0.25;-5.13;0.39;-5.22;0.47;-5.27;;;;;;;;
347;17.6;23.6;0.8;8;Successful;Effective;No;No;No;No;No;No;0.0;-5.0;0.25;-5.13;0.39;-5.22;0.47;-5.27;;;;;;;;
348;17.6;23.6;0.8;10;Successful;Effective;No;No;No;No;No;No;0.0;-5.0;0.25;-5.13;0.39;-5.22;0.47;-5.27;;;;;;;;
349;17.6;23.6;0.9;5;Successful;Effective;No;No;No;No;No;No;0.0;-5.0;0.25;-5.14;0.39;-5.23;0.47;-5.28;;;;;;;;
350;17.6;23.6;0.9;8;Successful;Effective;No;No;No;No;No;No;0.0;-5.0;0.25;-5.14;0.39;-5.23;0.47;-5.28;;;;;;;;
351;17.6;23.6;0.9;10;Successful;Effective;No;No;No;No;No;No;0.0;-5.0;0.25;-5.14;0.39;-5.23;0.47;-5.28;;;;;;;;
352;17.6;23.6;1.0;5;Successful;Effective;No;No;No;No;No;No;0.0;-5.0;0.25;-5.15;0.39;-5.25;0.47;-5.31;;;;;;;;
353;17.6;23.6;1.0;8;Successful;Effective;No;No;No;No;No;No;0.0;-5.0;0.25;-5.15;0.39;-5.25;0.47;-5.31;;;;;;;;
354;17.6;23.6;1.0;10;Successful;Effective;No;No;No;No;No;No;0.0;-5.0;0.25;-5.15;0.39;-5.25;0.47;-5.31;;;;;;;;
355;17.6;23.6;1.1;5;Successful;Effective;No;No;No;No;No;No;0.0;-5.0;0.25;-5.17;0.39;-5.28;0.47;-5.33;;;;;;;;
356;17.6;23.6;1.1;8;Successful;Effective;No;No;No;No;No;No;0.0;-5.0;0.25;-5.17;0.39;-5.28;0.47;-5.33;;;;;;;;
357;17.6;23.6;1.1;10;Successful;Effective;No;No;No;No;No;No;0.0;-5.0;0.25;-5.17;0.39;-5.28;0.47;-5.33;;;;;;;;
358;17.7;23.7;0.5;5;Successful;Effective;No;No;No;No;No;No;0.0;-5.0;0.25;-5.1;0.39;-5.17;0.47;-5.22;;;;;;;;
359;17.7;23.7;0.5;8;Successful;Effective;No;No;No;No;No;No;0.0;-5.0;0.25;-5.1;0.39;-5.17;0.47;-5.22;;;;;;;;
360;17.7;23.7;0.5;10;Successful;Effective;No;No;No;No;No;No;0.0;-5.0;0.25;-5.1;0.39;-5.17;0.47;-5.22;;;;;;;;
361;17.7;23.7;0.6;5;Successful;Effective;No;No;No;No;No;No;0.0;-5.0;0.25;-5.11;0.39;-5.18;0.47;-5.22;;;;;;;;
362;17.7;23.7;0.6;8;Successful;Effective;No;No;No;No;No;No;0.0;-5.0;0.25;-5.11;0.39;-5.18;0.47;-5.22;;;;;;;;
363;17.7;23.7;0.6;10;Successful;Effective;No;No;No;No;No;No;0.0;-5.0;0.25;-5.11;0.39;-5.18;0.47;-5.22;;;;;;;;
364;17.7;23.7;0.7;5;Successful;Effective;No;No;No;No;No;No;0.0;-5.0;0.25;-5.11;0.39;-5.19;0.47;-5.23;;;;;;;;
365;17.7;23.7;0.7;8;Successful;Effective;No;No;No;No;No;No;0.0;-5.0;0.25;-5.11;0.39;-5.19;0.47;-5.23;;;;;;;;
366;17.7;23.7;0.7;10;Successful;Effective;No;No;No;No;No;No;0.0;-5.0;0.25;-5.11;0.39;-5.19;0.47;-5.23;;;;;;;;
367;17.7;23.7;0.8;5;Successful;Effective;No;No;No;No;No;No;0.0;-5.0;0.25;-5.12;0.39;-5.2;0.47;-5.24;;;;;;;;
368;17.7;23.7;0.8;8;Successful;Effective;No;No;No;No;No;No;0.0;-5.0;0.25;-5.12;0.39;-5.2;0.47;-5.24;;;;;;;;
369;17.7;23.7;0.8;10;Successful;Effective;No;No;No;No;No;No;0.0;-5.0;0.25;-5.12;0.39;-5.2;0.47;-5.24;;;;;;;;
370;17.7;23.7;0.9;5;Successful;Effective;No;No;No;No;No;No;0.0;-5.0;0.25;-5.13;0.39;-5.21;0.47;-5.25;;;;;;;;
371;17.7;23.7;0.9;8;Successful;Effective;No;No;No;No;No;No;0.0;-5.0;0.25;-5.13;0.39;-5.21;0.47;-5.25;;;;;;;;
372;17.7;23.7;0.9;10;Successful;Effective;No;No;No;No;No;No;0.0;-5.0;0.25;-5.13;0.39;-5.21;0.47;-5.25;;;;;;;;
373;17.7;23.7;1.0;5;Successful;Effective;No;No;No;No;No;No;0.0;-5.0;0.25;-5.14;0.39;-5.22;0.47;-5.27;;;;;;;;
374;17.7;23.7;1.0;8;Successful;Effective;No;No;No;No;No;No;0.0;-5.0;0.25;-5.14;0.39;-5.22;0.47;-5.27;;;;;;;;
375;17.7;23.7;1.0;10;Successful;Effective;No;No;No;No;No;No;0.0;-5.0;0.25;-5.14;0.39;-5.22;0.47;-5.27;;;;;;;;
376;17.7;23.7;1.1;5;Successful;Effective;No;No;No;No;No;No;0.0;-5.0;0.25;-5.15;0.39;-5.24;0.47;-5.29;;;;;;;;
377;17.7;23.7;1.1;8;Successful;Effective;No;No;No;No;No;No;0.0;-5.0;0.25;-5.15;0.39;-5.24;0.47;-5.29;;;;;;;;
378;17.7;23.7;1.1;10;Successful;Effective;No;No;No;No;No;No;0.0;-5.0;0.25;-5.15;0.39;-5.24;0.47;-5.29;;;;;;;;
379;17.8;23.8;0.5;5;Successful;Effective;No;No;No;No;No;No;0.0;-5.0;0.25;-5.1;0.39;-5.17;0.47;-5.21;;;;;;;;
380;17.8;23.8;0.5;8;Successful;Effective;No;No;No;No;No;No;0.0;-5.0;0.25;-5.1;0.39;-5.17;0.47;-5.21;;;;;;;;
381;17.8;23.8;0.5;10;Successful;Effective;No;No;No;No;No;No;0.0;-5.0;0.25;-5.1;0.39;-5.17;0.47;-5.21;;;;;;;;
382;17.8;23.8;0.6;5;Successful;Effective;No;No;No;No;No;No;0.0;-5.0;0.25;-5.1;0.39;-5.17;0.47;-5.21;;;;;;;;
383;17.8;23.8;0.6;8;Successful;Effective;No;No;No;No;No;No;0.0;-5.0;0.25;-5.1;0.39;-5.17;0.47;-5.21;;;;;;;;
384;17.8;23.8;0.6;10;Successful;Effective;No;No;No;No;No;No;0.0;-5.0;0.25;-5.1;0.39;-5.17;0.47;-5.21;;;;;;;;
385;17.8;23.8;0.7;5;Successful;Effective;No;No;No;No;No;No;0.0;-5.0;0.25;-5.1;0.39;-5.17;0.47;-5.22;;;;;;;;
386;17.8;23.8;0.7;8;Successful;Effective;No;No;No;No;No;No;0.0;-5.0;0.25;-5.1;0.39;-5.17;0.47;-5.22;;;;;;;;
387;17.8;23.8;0.7;10;Successful;Effective;No;No;No;No;No;No;0.0;-5.0;0.25;-5.1;0.39;-5.17;0.47;-5.22;;;;;;;;
388;17.8;23.8;0.8;5;Successful;Effective;No;No;No;No;No;No;0.0;-5.0;0.25;-5.11;0.39;-5.18;0.47;-5.22;;;;;;;;
389;17.8;23.8;0.8;8;Successful;Effective;No;No;No;No;No;No;0.0;-5.0;0.25;-5.11;0.39;-5.18;0.47;-5.22;;;;;;;;
390;17.8;23.8;0.8;10;Successful;Effective;No;No;No;No;No;No;0.0;-5.0;0.25;-5.11;0.39;-5.18;0.47;-5.22;;;;;;;;
391;17.8;23.8;0.9;5;Successful;Effective;No;No;No;No;No;No;0.0;-5.0;0.25;-5.12;0.39;-5.19;0.47;-5.23;;;;;;;;
392;17.8;23.8;0.9;8;Successful;Effective;No;No;No;No;No;No;0.0;-5.0;0.25;-5.12;0.39;-5.19;0.47;-5.23;;;;;;;;
393;17.8;23.8;0.9;10;Successful;Effective;No;No;No;No;No;No;0.0;-5.0;0.25;-5.12;0.39;-5.19;0.47;-5.23;;;;;;;;
394;17.8;23.8;1.0;5;Successful;Effective;No;No;No;No;No;No;0.0;-5.0;0.25;-5.12;0.39;-5.2;0.47;-5.24;;;;;;;;
395;17.8;23.8;1.0;8;Successful;Effective;No;No;No;No;No;No;0.0;-5.0;0.25;-5.12;0.39;-5.2;0.47;-5.24;;;;;;;;
396;17.8;23.8;1.0;10;Successful;Effective;No;No;No;No;No;No;0.0;-5.0;0.25;-5.12;0.39;-5.2;0.47;-5.24;;;;;;;;
397;17.8;23.8;1.1;5;Successful;Effective;No;No;No;No;No;No;0.0;-5.0;0.25;-5.13;0.39;-5.21;0.47;-5.25;;;;;;;;
398;17.8;23.8;1.1;8;Successful;Effective;No;No;No;No;No;No;0.0;-5.0;0.25;-5.13;0.39;-5.21;0.47;-5.25;;;;;;;;
399;17.8;23.8;1.1;10;Successful;Effective;No;No;No;No;No;No;0.0;-5.0;0.25;-5.13;0.39;-5.21;0.47;-5.25;;;;;;;;
400;17.9;23.9;0.5;5;Successful;Effective;No;No;No;No;No;No;0.0;-5.0;0.25;-5.09;0.39;-5.16;0.47;-5.2;;;;;;;;
401;17.9;23.9;0.5;8;Successful;Effective;No;No;No;No;No;No;0.0;-5.0;0.25;-5.09;0.39;-5.16;0.47;-5.2;;;;;;;;
402;17.9;23.9;0.5;10;Successful;Effective;No;No;No;No;No;No;0.0;-5.0;0.25;-5.09;0.39;-5.16;0.47;-5.2;;;;;;;;
403;17.9;23.9;0.6;5;Successful;Effective;No;No;No;No;No;No;0.0;-5.0;0.25;-5.1;0.39;-5.16;0.47;-5.2;;;;;;;;
404;17.9;23.9;0.6;8;Successful;Effective;No;No;No;No;No;No;0.0;-5.0;0.25;-5.1;0.39;-5.16;0.47;-5.2;;;;;;;;
405;17.9;23.9;0.6;10;Successful;Effective;No;No;No;No;No;No;0.0;-5.0;0.25;-5.1;0.39;-5.16;0.47;-5.2;;;;;;;;
406;17.9;23.9;0.7;5;Successful;Effective;No;No;No;No;No;No;0.0;-5.0;0.25;-5.1;0.39;-5.16;0.47;-5.2;;;;;;;;
407;17.9;23.9;0.7;8;Successful;Effective;No;No;No;No;No;No;0.0;-5.0;0.25;-5.1;0.39;-5.16;0.47;-5.2;;;;;;;;
408;17.9;23.9;0.7;10;Successful;Effective;No;No;No;No;No;No;0.0;-5.0;0.25;-5.1;0.39;-5.16;0.47;-5.2;;;;;;;;
409;17.9;23.9;0.8;5;Successful;Effective;No;No;No;No;No;No;0.0;-5.0;0.25;-5.1;0.39;-5.17;0.47;-5.2;;;;;;;;
410;17.9;23.9;0.8;8;Successful;Effective;No;No;No;No;No;No;0.0;-5.0;0.25;-5.1;0.39;-5.17;0.47;-5.2;;;;;;;;
411;17.9;23.9;0.8;10;Successful;Effective;No;No;No;No;No;No;0.0;-5.0;0.25;-5.1;0.39;-5.17;0.47;-5.2;;;;;;;;
412;17.9;23.9;0.9;5;Successful;Effective;No;No;No;No;No;No;0.0;-5.0;0.25;-5.11;0.39;-5.17;0.47;-5.21;;;;;;;;
413;17.9;23.9;0.9;8;Successful;Effective;No;No;No;No;No;No;0.0;-5.0;0.25;-5.11;0.39;-5.17;0.47;-5.21;;;;;;;;
414;17.9;23.9;0.9;10;Successful;Effective;No;No;No;No;No;No;0.0;-5.0;0.25;-5.11;0.39;-5.17;0.47;-5.21;;;;;;;;
415;17.9;23.9;1.0;5;Successful;Effective;No;No;No;No;No;No;0.0;-5.0;0.25;-5.11;0.39;-5.18;0.47;-5.21;;;;;;;;
416;17.9;23.9;1.0;8;Successful;Effective;No;No;No;No;No;No;0.0;-5.0;0.25;-5.11;0.39;-5.18;0.47;-5.21;;;;;;;;
417;17.9;23.9;1.0;10;Successful;Effective;No;No;No;No;No;No;0.0;-5.0;0.25;-5.11;0.39;-5.18;0.47;-5.21;;;;;;;;
418;17.9;23.9;1.1;5;Successful;Effective;No;No;No;No;No;No;0.0;-5.0;0.25;-5.12;0.39;-5.19;0.47;-5.22;;;;;;;;
419;17.9;23.9;1.1;8;Successful;Effective;No;No;No;No;No;No;0.0;-5.0;0.25;-5.12;0.39;-5.19;0.47;-5.22;;;;;;;;
420;17.9;23.9;1.1;10;Successful;Effective;No;No;No;No;No;No;0.0;-5.0;0.25;-5.12;0.39;-5.19;0.47;-5.22;;;;;;;;
421;18.0;24.0;0.5;5;Successful;Effective;No;No;No;No;No;No;0.0;-5.0;0.25;-5.09;0.39;-5.16;0.47;-5.2;;;;;;;;
422;18.0;24.0;0.5;8;Successful;Effective;No;No;No;No;No;No;0.0;-5.0;0.25;-5.09;0.39;-5.16;0.47;-5.2;;;;;;;;
423;18.0;24.0;0.5;10;Successful;Effective;No;No;No;No;No;No;0.0;-5.0;0.25;-5.09;0.39;-5.16;0.47;-5.2;;;;;;;;
424;18.0;24.0;0.6;5;Successful;Effective;No;No;No;No;No;No;0.0;-5.0;0.25;-5.09;0.39;-5.16;0.47;-5.2;;;;;;;;
425;18.0;24.0;0.6;8;Successful;Effective;No;No;No;No;No;No;0.0;-5.0;0.25;-5.09;0.39;-5.16;0.47;-5.2;;;;;;;;
426;18.0;24.0;0.6;10;Successful;Effective;No;No;No;No;No;No;0.0;-5.0;0.25;-5.09;0.39;-5.16;0.47;-5.2;;;;;;;;
427;18.0;24.0;0.7;5;Successful;Effective;No;No;No;No;No;No;0.0;-5.0;0.25;-5.09;0.39;-5.16;0.47;-5.19;;;;;;;;
428;18.0;24.0;0.7;8;Successful;Effective;No;No;No;No;No;No;0.0;-5.0;0.25;-5.09;0.39;-5.16;0.47;-5.19;;;;;;;;
429;18.0;24.0;0.7;10;Successful;Effective;No;No;No;No;No;No;0.0;-5.0;0.25;-5.09;0.39;-5.16;0.47;-5.19;;;;;;;;
430;18.0;24.0;0.8;5;Successful;Effective;No;No;No;No;No;No;0.0;-5.0;0.25;-5.1;0.39;-5.16;0.47;-5.19;;;;;;;;
431;18.0;24.0;0.8;8;Successful;Effective;No;No;No;No;No;No;0.0;-5.0;0.25;-5.1;0.39;-5.16;0.47;-5.19;;;;;;;;
432;18.0;24.0;0.8;10;Successful;Effective;No;No;No;No;No;No;0.0;-5.0;0.25;-5.1;0.39;-5.16;0.47;-5.19;;;;;;;;
433;18.0;24.0;0.9;5;Successful;Effective;No;No;No;No;No;No;0.0;-5.0;0.25;-5.1;0.39;-5.16;0.47;-5.19;;;;;;;;
434;18.0;24.0;0.9;8;Successful;Effective;No;No;No;No;No;No;0.0;-5.0;0.25;-5.1;0.39;-5.16;0.47;-5.19;;;;;;;;
435;18.0;24.0;0.9;10;Successful;Effective;No;No;No;No;No;No;0.0;-5.0;0.25;-5.1;0.39;-5.16;0.47;-5.19;;;;;;;;
436;18.0;24.0;1.0;5;Successful;Effective;No;No;No;No;No;No;0.0;-5.0;0.25;-5.1;0.39;-5.16;0.47;-5.19;;;;;;;;
437;18.0;24.0;1.0;8;Successful;Effective;No;No;No;No;No;No;0.0;-5.0;0.25;-5.1;0.39;-5.16;0.47;-5.19;;;;;;;;
438;18.0;24.0;1.0;10;Successful;Effective;No;No;No;No;No;No;0.0;-5.0;0.25;-5.1;0.39;-5.16;0.47;-5.19;;;;;;;;
439;18.0;24.0;1.1;5;Successful;Effective;No;No;No;No;No;No;0.0;-5.0;0.25;-5.11;0.39;-5.17;0.47;-5.2;;;;;;;;
440;18.0;24.0;1.1;8;Successful;Effective;No;No;No;No;No;No;0.0;-5.0;0.25;-5.11;0.39;-5.17;0.47;-5.2;;;;;;;;
441;18.0;24.0;1.1;10;Successful;Effective;No;No;No;No;No;No;0.0;-5.0;0.25;-5.11;0.39;-5.17;0.47;-5.2;;;;;;;;
442;18.1;24.1;0.5;5;Successful;Effective;No;No;No;No;No;No;0.0;-5.0;0.25;-5.09;0.39;-5.15;0.47;-5.2;;;;;;;;
443;18.1;24.1;0.5;8;Successful;Effective;No;No;No;No;No;No;0.0;-5.0;0.25;-5.09;0.39;-5.15;0.47;-5.2;;;;;;;;
444;18.1;24.1;0.5;10;Successful;Effective;No;No;No;No;No;No;0.0;-5.0;0.25;-5.09;0.39;-5.15;0.47;-5.2;;;;;;;;
445;18.1;24.1;0.6;5;Successful;Effective;No;No;No;No;No;No;0.0;-5.0;0.25;-5.09;0.39;-5.15;0.47;-5.19;;;;;;;;
446;18.1;24.1;0.6;8;Successful;Effective;No;No;No;No;No;No;0.0;-5.0;0.25;-5.09;0.39;-5.15;0.47;-5.19;;;;;;;;
447;18.1;24.1;0.6;10;Successful;Effective;No;No;No;No;No;No;0.0;-5.0;0.25;-5.09;0.39;-5.15;0.47;-5.19;;;;;;;;
448;18.1;24.1;0.7;5;Successful;Effective;No;No;No;No;No;No;0.0;-5.0;0.25;-5.09;0.39;-5.15;0.47;-5.19;;;;;;;;
449;18.1;24.1;0.7;8;Successful;Effective;No;No;No;No;No;No;0.0;-5.0;0.25;-5.09;0.39;-5.15;0.47;-5.19;;;;;;;;
450;18.1;24.1;0.7;10;Successful;Effective;No;No;No;No;No;No;0.0;-5.0;0.25;-5.09;0.39;-5.15;0.47;-5.19;;;;;;;;
451;18.1;24.1;0.8;5;Successful;Effective;No;No;No;No;No;No;0.0;-5.0;0.25;-5.09;0.39;-5.15;0.47;-5.18;;;;;;;;
452;18.1;24.1;0.8;8;Successful;Effective;No;No;No;No;No;No;0.0;-5.0;0.25;-5.09;0.39;-5.15;0.47;-5.18;;;;;;;;
453;18.1;24.1;0.8;10;Successful;Effective;No;No;No;No;No;No;0.0;-5.0;0.25;-5.09;0.39;-5.15;0.47;-5.18;;;;;;;;
454;18.1;24.1;0.9;5;Successful;Effective;No;No;No;No;No;No;0.0;-5.0;0.25;-5.09;0.39;-5.15;0.47;-5.18;;;;;;;;
455;18.1;24.1;0.9;8;Successful;Effective;No;No;No;No;No;No;0.0;-5.0;0.25;-5.09;0.39;-5.15;0.47;-5.18;;;;;;;;
456;18.1;24.1;0.9;10;Successful;Effective;No;No;No;No;No;No;0.0;-5.0;0.25;-5.09;0.39;-5.15;0.47;-5.18;;;;;;;;
457;18.1;24.1;1.0;5;Successful;Effective;No;No;No;No;No;No;0.0;-5.0;0.25;-5.09;0.39;-5.15;0.47;-5.18;;;;;;;;
458;18.1;24.1;1.0;8;Successful;Effective;No;No;No;No;No;No;0.0;-5.0;0.25;-5.09;0.39;-5.15;0.47;-5.18;;;;;;;;
459;18.1;24.1;1.0;10;Successful;Effective;No;No;No;No;No;No;0.0;-5.0;0.25;-5.09;0.39;-5.15;0.47;-5.18;;;;;;;;
460;18.1;24.1;1.1;5;Successful;Effective;No;No;No;No;No;No;0.0;-5.0;0.25;-5.1;0.39;-5.15;0.47;-5.18;;;;;;;;
461;18.1;24.1;1.1;8;Successful;Effective;No;No;No;No;No;No;0.0;-5.0;0.25;-5.1;0.39;-5.15;0.47;-5.18;;;;;;;;
462;18.1;24.1;1.1;10;Successful;Effective;No;No;No;No;No;No;0.0;-5.0;0.25;-5.1;0.39;-5.15;0.47;-5.18;;;;;;;;
463;18.2;24.2;0.5;5;Successful;Effective;No;No;No;No;No;No;0.0;-5.0;0.25;-5.09;0.39;-5.15;0.47;-5.19;;;;;;;;
464;18.2;24.2;0.5;8;Successful;Effective;No;No;No;No;No;No;0.0;-5.0;0.25;-5.09;0.39;-5.15;0.47;-5.19;;;;;;;;
465;18.2;24.2;0.5;10;Successful;Effective;No;No;No;No;No;No;0.0;-5.0;0.25;-5.09;0.39;-5.15;0.47;-5.19;;;;;;;;
466;18.2;24.2;0.6;5;Successful;Effective;No;No;No;No;No;No;0.0;-5.0;0.25;-5.09;0.39;-5.15;0.47;-5.19;;;;;;;;
467;18.2;24.2;0.6;8;Successful;Effective;No;No;No;No;No;No;0.0;-5.0;0.25;-5.09;0.39;-5.15;0.47;-5.19;;;;;;;;
468;18.2;24.2;0.6;10;Successful;Effective;No;No;No;No;No;No;0.0;-5.0;0.25;-5.09;0.39;-5.15;0.47;-5.19;;;;;;;;
469;18.2;24.2;0.7;5;Successful;Effective;No;No;No;No;No;No;0.0;-5.0;0.25;-5.09;0.39;-5.14;0.47;-5.18;;;;;;;;
470;18.2;24.2;0.7;8;Successful;Effective;No;No;No;No;No;No;0.0;-5.0;0.25;-5.09;0.39;-5.14;0.47;-5.18;;;;;;;;
471;18.2;24.2;0.7;10;Successful;Effective;No;No;No;No;No;No;0.0;-5.0;0.25;-5.09;0.39;-5.14;0.47;-5.18;;;;;;;;
472;18.2;24.2;0.8;5;Successful;Effective;No;No;No;No;No;No;0.0;-5.0;0.25;-5.09;0.39;-5.14;0.47;-5.18;;;;;;;;
473;18.2;24.2;0.8;8;Successful;Effective;No;No;No;No;No;No;0.0;-5.0;0.25;-5.09;0.39;-5.14;0.47;-5.18;;;;;;;;
474;18.2;24.2;0.8;10;Successful;Effective;No;No;No;No;No;No;0.0;-5.0;0.25;-5.09;0.39;-5.14;0.47;-5.18;;;;;;;;
475;18.2;24.2;0.9;5;Successful;Effective;No;No;No;No;No;No;0.0;-5.0;0.25;-5.09;0.39;-5.14;0.47;-5.17;;;;;;;;
476;18.2;24.2;0.9;8;Successful;Effective;No;No;No;No;No;No;0.0;-5.0;0.25;-5.09;0.39;-5.14;0.47;-5.17;;;;;;;;
477;18.2;24.2;0.9;10;Successful;Effective;No;No;No;No;No;No;0.0;-5.0;0.25;-5.09;0.39;-5.14;0.47;-5.17;;;;;;;;
478;18.2;24.2;1.0;5;Successful;Effective;No;No;No;No;No;No;0.0;-5.0;0.25;-5.09;0.39;-5.14;0.47;-5.17;;;;;;;;
479;18.2;24.2;1.0;8;Successful;Effective;No;No;No;No;No;No;0.0;-5.0;0.25;-5.09;0.39;-5.14;0.47;-5.17;;;;;;;;
480;18.2;24.2;1.0;10;Successful;Effective;No;No;No;No;No;No;0.0;-5.0;0.25;-5.09;0.39;-5.14;0.47;-5.17;;;;;;;;
481;18.2;24.2;1.1;5;Successful;Effective;No;No;No;No;No;No;0.0;-5.0;0.25;-5.09;0.39;-5.14;0.47;-5.17;;;;;;;;
482;18.2;24.2;1.1;8;Successful;Effective;No;No;No;No;No;No;0.0;-5.0;0.25;-5.09;0.39;-5.14;0.47;-5.17;;;;;;;;
483;18.2;24.2;1.1;10;Successful;Effective;No;No;No;No;No;No;0.0;-5.0;0.25;-5.09;0.39;-5.14;0.47;-5.17;;;;;;;;
484;18.3;24.3;0.5;5;Successful;Effective;No;No;No;No;No;No;0.0;-5.0;0.25;-5.09;0.39;-5.15;0.47;-5.19;;;;;;;;
485;18.3;24.3;0.5;8;Successful;Effective;No;No;No;No;No;No;0.0;-5.0;0.25;-5.09;0.39;-5.15;0.47;-5.19;;;;;;;;
486;18.3;24.3;0.5;10;Successful;Effective;No;No;No;No;No;No;0.0;-5.0;0.25;-5.09;0.39;-5.15;0.47;-5.19;;;;;;;;
487;18.3;24.3;0.6;5;Successful;Effective;No;No;No;No;No;No;0.0;-5.0;0.25;-5.08;0.39;-5.15;0.47;-5.19;;;;;;;;
488;18.3;24.3;0.6;8;Successful;Effective;No;No;No;No;No;No;0.0;-5.0;0.25;-5.08;0.39;-5.15;0.47;-5.19;;;;;;;;
489;18.3;24.3;0.6;10;Successful;Effective;No;No;No;No;No;No;0.0;-5.0;0.25;-5.08;0.39;-5.15;0.47;-5.19;;;;;;;;
490;18.3;24.3;0.7;5;Successful;Effective;No;No;No;No;No;No;0.0;-5.0;0.25;-5.08;0.39;-5.14;0.47;-5.18;;;;;;;;
491;18.3;24.3;0.7;8;Successful;Effective;No;No;No;No;No;No;0.0;-5.0;0.25;-5.08;0.39;-5.14;0.47;-5.18;;;;;;;;
492;18.3;24.3;0.7;10;Successful;Effective;No;No;No;No;No;No;0.0;-5.0;0.25;-5.08;0.39;-5.14;0.47;-5.18;;;;;;;;
493;18.3;24.3;0.8;5;Successful;Effective;No;No;No;No;No;No;0.0;-5.0;0.25;-5.08;0.39;-5.14;0.47;-5.18;;;;;;;;
494;18.3;24.3;0.8;8;Successful;Effective;No;No;No;No;No;No;0.0;-5.0;0.25;-5.08;0.39;-5.14;0.47;-5.18;;;;;;;;
495;18.3;24.3;0.8;10;Successful;Effective;No;No;No;No;No;No;0.0;-5.0;0.25;-5.08;0.39;-5.14;0.47;-5.18;;;;;;;;
496;18.3;24.3;0.9;5;Successful;Effective;No;No;No;No;No;No;0.0;-5.0;0.25;-5.08;0.39;-5.13;0.47;-5.18;;;;;;;;
497;18.3;24.3;0.9;8;Successful;Effective;No;No;No;No;No;No;0.0;-5.0;0.25;-5.08;0.39;-5.13;0.47;-5.18;;;;;;;;
498;18.3;24.3;0.9;10;Successful;Effective;No;No;No;No;No;No;0.0;-5.0;0.25;-5.08;0.39;-5.13;0.47;-5.18;;;;;;;;
499;18.3;24.3;1.0;5;Successful;Effective;No;No;No;No;No;No;0.0;-5.0;0.25;-5.08;0.39;-5.13;0.47;-5.17;;;;;;;;
500;18.3;24.3;1.0;8;Successful;Effective;No;No;No;No;No;No;0.0;-5.0;0.25;-5.08;0.39;-5.13;0.47;-5.17;;;;;;;;
501;18.3;24.3;1.0;10;Successful;Effective;No;No;No;No;No;No;0.0;-5.0;0.25;-5.08;0.39;-5.13;0.47;-5.17;;;;;;;;
502;18.3;24.3;1.1;5;Successful;Effective;No;No;No;No;No;No;0.0;-5.0;0.25;-5.08;0.39;-5.13;0.47;-5.17;;;;;;;;
503;18.3;24.3;1.1;8;Successful;Effective;No;No;No;No;No;No;0.0;-5.0;0.25;-5.08;0.39;-5.13;0.47;-5.17;;;;;;;;
504;18.3;24.3;1.1;10;Successful;Effective;No;No;No;No;No;No;0.0;-5.0;0.25;-5.08;0.39;-5.13;0.47;-5.17;;;;;;;;
505;18.4;24.4;0.5;5;Successful;Effective;No;No;No;No;No;No;0.0;-5.0;0.25;-5.09;0.39;-5.15;0.47;-5.19;;;;;;;;
506;18.4;24.4;0.5;8;Successful;Effective;No;No;No;No;No;No;0.0;-5.0;0.25;-5.09;0.39;-5.15;0.47;-5.19;;;;;;;;
507;18.4;24.4;0.5;10;Successful;Effective;No;No;No;No;No;No;0.0;-5.0;0.25;-5.09;0.39;-5.15;0.47;-5.19;;;;;;;;
508;18.4;24.4;0.6;5;Successful;Effective;No;No;No;No;No;No;0.0;-5.0;0.25;-5.08;0.39;-5.15;0.47;-5.19;;;;;;;;
509;18.4;24.4;0.6;8;Successful;Effective;No;No;No;No;No;No;0.0;-5.0;0.25;-5.08;0.39;-5.15;0.47;-5.19;;;;;;;;
510;18.4;24.4;0.6;10;Successful;Effective;No;No;No;No;No;No;0.0;-5.0;0.25;-5.08;0.39;-5.15;0.47;-5.19;;;;;;;;
511;18.4;24.4;0.7;5;Successful;Effective;No;No;No;No;No;No;0.0;-5.0;0.25;-5.08;0.39;-5.14;0.47;-5.19;;;;;;;;
512;18.4;24.4;0.7;8;Successful;Effective;No;No;No;No;No;No;0.0;-5.0;0.25;-5.08;0.39;-5.14;0.47;-5.19;;;;;;;;
513;18.4;24.4;0.7;10;Successful;Effective;No;No;No;No;No;No;0.0;-5.0;0.25;-5.08;0.39;-5.14;0.47;-5.19;;;;;;;;
514;18.4;24.4;0.8;5;Successful;Effective;No;No;No;No;No;No;0.0;-5.0;0.25;-5.08;0.39;-5.13;0.47;-5.18;;;;;;;;
515;18.4;24.4;0.8;8;Successful;Effective;No;No;No;No;No;No;0.0;-5.0;0.25;-5.08;0.39;-5.13;0.47;-5.18;;;;;;;;
516;18.4;24.4;0.8;10;Successful;Effective;No;No;No;No;No;No;0.0;-5.0;0.25;-5.08;0.39;-5.13;0.47;-5.18;;;;;;;;
517;18.4;24.4;0.9;5;Successful;Effective;No;No;No;No;No;No;0.0;-5.0;0.25;-5.08;0.39;-5.13;0.47;-5.18;;;;;;;;
518;18.4;24.4;0.9;8;Successful;Effective;No;No;No;No;No;No;0.0;-5.0;0.25;-5.08;0.39;-5.13;0.47;-5.18;;;;;;;;
519;18.4;24.4;0.9;10;Successful;Effective;No;No;No;No;No;No;0.0;-5.0;0.25;-5.08;0.39;-5.13;0.47;-5.18;;;;;;;;
520;18.4;24.4;1.0;5;Successful;Effective;No;No;No;No;No;No;0.0;-5.0;0.25;-5.08;0.39;-5.13;0.47;-5.17;;;;;;;;
521;18.4;24.4;1.0;8;Successful;Effective;No;No;No;No;No;No;0.0;-5.0;0.25;-5.08;0.39;-5.13;0.47;-5.17;;;;;;;;
522;18.4;24.4;1.0;10;Successful;Effective;No;No;No;No;No;No;0.0;-5.0;0.25;-5.08;0.39;-5.13;0.47;-5.17;;;;;;;;
523;18.4;24.4;1.1;5;Successful;Effective;No;No;No;No;No;No;0.0;-5.0;0.25;-5.08;0.39;-5.12;0.47;-5.17;;;;;;;;
524;18.4;24.4;1.1;8;Successful;Effective;No;No;No;No;No;No;0.0;-5.0;0.25;-5.08;0.39;-5.12;0.47;-5.17;;;;;;;;
525;18.4;24.4;1.1;10;Successful;Effective;No;No;No;No;No;No;0.0;-5.0;0.25;-5.08;0.39;-5.12;0.47;-5.17;;;;;;;;
526;18.5;24.5;0.5;5;Successful;Effective;No;No;No;No;No;No;0.0;-5.0;0.25;-5.08;0.39;-5.15;0.47;-5.2;;;;;;;;
527;18.5;24.5;0.5;8;Successful;Effective;No;No;No;No;No;No;0.0;-5.0;0.25;-5.08;0.39;-5.15;0.47;-5.2;;;;;;;;
528;18.5;24.5;0.5;10;Successful;Effective;No;No;No;No;No;No;0.0;-5.0;0.25;-5.08;0.39;-5.15;0.47;-5.2;;;;;;;;
529;18.5;24.5;0.6;5;Successful;Effective;No;No;No;No;No;No;0.0;-5.0;0.25;-5.08;0.39;-5.15;0.47;-5.19;;;;;;;;
530;18.5;24.5;0.6;8;Successful;Effective;No;No;No;No;No;No;0.0;-5.0;0.25;-5.08;0.39;-5.15;0.47;-5.19;;;;;;;;
531;18.5;24.5;0.6;10;Successful;Effective;No;No;No;No;No;No;0.0;-5.0;0.25;-5.08;0.39;-5.15;0.47;-5.19;;;;;;;;
532;18.5;24.5;0.7;5;Successful;Effective;No;No;No;No;No;No;0.0;-5.0;0.25;-5.08;0.39;-5.14;0.47;-5.19;;;;;;;;
533;18.5;24.5;0.7;8;Successful;Effective;No;No;No;No;No;No;0.0;-5.0;0.25;-5.08;0.39;-5.14;0.47;-5.19;;;;;;;;
534;18.5;24.5;0.7;10;Successful;Effective;No;No;No;No;No;No;0.0;-5.0;0.25;-5.08;0.39;-5.14;0.47;-5.19;;;;;;;;
535;18.5;24.5;0.8;5;Successful;Effective;No;No;No;No;No;No;0.0;-5.0;0.25;-5.08;0.39;-5.14;0.47;-5.18;;;;;;;;
536;18.5;24.5;0.8;8;Successful;Effective;No;No;No;No;No;No;0.0;-5.0;0.25;-5.08;0.39;-5.14;0.47;-5.18;;;;;;;;
537;18.5;24.5;0.8;10;Successful;Effective;No;No;No;No;No;No;0.0;-5.0;0.25;-5.08;0.39;-5.14;0.47;-5.18;;;;;;;;
538;18.5;24.5;0.9;5;Successful;Effective;No;No;No;No;No;No;0.0;-5.0;0.25;-5.08;0.39;-5.14;0.47;-5.18;;;;;;;;
539;18.5;24.5;0.9;8;Successful;Effective;No;No;No;No;No;No;0.0;-5.0;0.25;-5.08;0.39;-5.14;0.47;-5.18;;;;;;;;
540;18.5;24.5;0.9;10;Successful;Effective;No;No;No;No;No;No;0.0;-5.0;0.25;-5.08;0.39;-5.14;0.47;-5.18;;;;;;;;
541;18.5;24.5;1.0;5;Successful;Effective;No;No;No;No;No;No;0.0;-5.0;0.25;-5.07;0.39;-5.13;0.47;-5.18;;;;;;;;
542;18.5;24.5;1.0;8;Successful;Effective;No;No;No;No;No;No;0.0;-5.0;0.25;-5.07;0.39;-5.13;0.47;-5.18;;;;;;;;
543;18.5;24.5;1.0;10;Successful;Effective;No;No;No;No;No;No;0.0;-5.0;0.25;-5.07;0.39;-5.13;0.47;-5.18;;;;;;;;
544;18.5;24.5;1.1;5;Successful;Effective;No;No;No;No;No;No;0.0;-5.0;0.25;-5.07;0.39;-5.13;0.47;-5.18;;;;;;;;
545;18.5;24.5;1.1;8;Successful;Effective;No;No;No;No;No;No;0.0;-5.0;0.25;-5.07;0.39;-5.13;0.47;-5.18;;;;;;;;
546;18.5;24.5;1.1;10;Successful;Effective;No;No;No;No;No;No;0.0;-5.0;0.25;-5.07;0.39;-5.13;0.47;-5.18;;;;;;;;
547;18.6;24.6;0.5;5;Successful;Effective;No;No;No;No;No;No;0.0;-5.0;0.25;-5.08;0.39;-5.15;0.47;-5.2;;;;;;;;
548;18.6;24.6;0.5;8;Successful;Effective;No;No;No;No;No;No;0.0;-5.0;0.25;-5.08;0.39;-5.15;0.47;-5.2;;;;;;;;
549;18.6;24.6;0.5;10;Successful;Effective;No;No;No;No;No;No;0.0;-5.0;0.25;-5.08;0.39;-5.15;0.47;-5.2;;;;;;;;
550;18.6;24.6;0.6;5;Successful;Effective;No;No;No;No;No;No;0.0;-5.0;0.25;-5.08;0.39;-5.15;0.47;-5.19;;;;;;;;
551;18.6;24.6;0.6;8;Successful;Effective;No;No;No;No;No;No;0.0;-5.0;0.25;-5.08;0.39;-5.15;0.47;-5.19;;;;;;;;
552;18.6;24.6;0.6;10;Successful;Effective;No;No;No;No;No;No;0.0;-5.0;0.25;-5.08;0.39;-5.15;0.47;-5.19;;;;;;;;
553;18.6;24.6;0.7;5;Successful;Effective;No;No;No;No;No;No;0.0;-5.0;0.25;-5.08;0.39;-5.15;0.47;-5.19;;;;;;;;
554;18.6;24.6;0.7;8;Successful;Effective;No;No;No;No;No;No;0.0;-5.0;0.25;-5.08;0.39;-5.15;0.47;-5.19;;;;;;;;
555;18.6;24.6;0.7;10;Successful;Effective;No;No;No;No;No;No;0.0;-5.0;0.25;-5.08;0.39;-5.15;0.47;-5.19;;;;;;;;
556;18.6;24.6;0.8;5;Successful;Effective;No;No;No;No;No;No;0.0;-5.0;0.25;-5.08;0.39;-5.14;0.47;-5.19;;;;;;;;
557;18.6;24.6;0.8;8;Successful;Effective;No;No;No;No;No;No;0.0;-5.0;0.25;-5.08;0.39;-5.14;0.47;-5.19;;;;;;;;
558;18.6;24.6;0.8;10;Successful;Effective;No;No;No;No;No;No;0.0;-5.0;0.25;-5.08;0.39;-5.14;0.47;-5.19;;;;;;;;
559;18.6;24.6;0.9;5;Successful;Effective;No;No;No;No;No;No;0.0;-5.0;0.25;-5.07;0.39;-5.14;0.47;-5.19;;;;;;;;
560;18.6;24.6;0.9;8;Successful;Effective;No;No;No;No;No;No;0.0;-5.0;0.25;-5.07;0.39;-5.14;0.47;-5.19;;;;;;;;
561;18.6;24.6;0.9;10;Successful;Effective;No;No;No;No;No;No;0.0;-5.0;0.25;-5.07;0.39;-5.14;0.47;-5.19;;;;;;;;
562;18.6;24.6;1.0;5;Successful;Effective;No;No;No;No;No;No;0.0;-5.0;0.25;-5.07;0.39;-5.14;0.47;-5.18;;;;;;;;
563;18.6;24.6;1.0;8;Successful;Effective;No;No;No;No;No;No;0.0;-5.0;0.25;-5.07;0.39;-5.14;0.47;-5.18;;;;;;;;
564;18.6;24.6;1.0;10;Successful;Effective;No;No;No;No;No;No;0.0;-5.0;0.25;-5.07;0.39;-5.14;0.47;-5.18;;;;;;;;
565;18.6;24.6;1.1;5;Successful;Effective;No;No;No;No;No;No;0.0;-5.0;0.25;-5.07;0.39;-5.13;0.47;-5.18;;;;;;;;
566;18.6;24.6;1.1;8;Successful;Effective;No;No;No;No;No;No;0.0;-5.0;0.25;-5.07;0.39;-5.13;0.47;-5.18;;;;;;;;
567;18.6;24.6;1.1;10;Successful;Effective;No;No;No;No;No;No;0.0;-5.0;0.25;-5.07;0.39;-5.13;0.47;-5.18;;;;;;;;
568;18.7;24.7;0.5;5;Successful;Effective;No;No;No;No;No;No;0.0;-5.0;0.25;-5.08;0.39;-5.15;0.47;-5.2;;;;;;;;
569;18.7;24.7;0.5;8;Successful;Effective;No;No;No;No;No;No;0.0;-5.0;0.25;-5.08;0.39;-5.15;0.47;-5.2;;;;;;;;
570;18.7;24.7;0.5;10;Successful;Effective;No;No;No;No;No;No;0.0;-5.0;0.25;-5.08;0.39;-5.15;0.47;-5.2;;;;;;;;
571;18.7;24.7;0.6;5;Successful;Effective;No;No;No;No;No;No;0.0;-5.0;0.25;-5.08;0.39;-5.15;0.47;-5.2;;;;;;;;
572;18.7;24.7;0.6;8;Successful;Effective;No;No;No;No;No;No;0.0;-5.0;0.25;-5.08;0.39;-5.15;0.47;-5.2;;;;;;;;
573;18.7;24.7;0.6;10;Successful;Effective;No;No;No;No;No;No;0.0;-5.0;0.25;-5.08;0.39;-5.15;0.47;-5.2;;;;;;;;
574;18.7;24.7;0.7;5;Successful;Effective;No;No;No;No;No;No;0.0;-5.0;0.25;-5.08;0.39;-5.15;0.47;-5.19;;;;;;;;
575;18.7;24.7;0.7;8;Successful;Effective;No;No;No;No;No;No;0.0;-5.0;0.25;-5.08;0.39;-5.15;0.47;-5.19;;;;;;;;
576;18.7;24.7;0.7;10;Successful;Effective;No;No;No;No;No;No;0.0;-5.0;0.25;-5.08;0.39;-5.15;0.47;-5.19;;;;;;;;
577;18.7;24.7;0.8;5;Successful;Effective;No;No;No;No;No;No;0.0;-5.0;0.25;-5.08;0.39;-5.15;0.47;-5.19;;;;;;;;
578;18.7;24.7;0.8;8;Successful;Effective;No;No;No;No;No;No;0.0;-5.0;0.25;-5.08;0.39;-5.15;0.47;-5.19;;;;;;;;
579;18.7;24.7;0.8;10;Successful;Effective;No;No;No;No;No;No;0.0;-5.0;0.25;-5.08;0.39;-5.15;0.47;-5.19;;;;;;;;
580;18.7;24.7;0.9;5;Successful;Effective;No;No;No;No;No;No;0.0;-5.0;0.25;-5.07;0.39;-5.14;0.47;-5.19;;;;;;;;
581;18.7;24.7;0.9;8;Successful;Effective;No;No;No;No;No;No;0.0;-5.0;0.25;-5.07;0.39;-5.14;0.47;-5.19;;;;;;;;
582;18.7;24.7;0.9;10;Successful;Effective;No;No;No;No;No;No;0.0;-5.0;0.25;-5.07;0.39;-5.14;0.47;-5.19;;;;;;;;
583;18.7;24.7;1.0;5;Successful;Effective;No;No;No;No;No;No;0.0;-5.0;0.25;-5.07;0.39;-5.14;0.47;-5.19;;;;;;;;
584;18.7;24.7;1.0;8;Successful;Effective;No;No;No;No;No;No;0.0;-5.0;0.25;-5.07;0.39;-5.14;0.47;-5.19;;;;;;;;
585;18.7;24.7;1.0;10;Successful;Effective;No;No;No;No;No;No;0.0;-5.0;0.25;-5.07;0.39;-5.14;0.47;-5.19;;;;;;;;
586;18.7;24.7;1.1;5;Successful;Effective;No;No;No;No;No;No;0.0;-5.0;0.25;-5.07;0.39;-5.14;0.47;-5.18;;;;;;;;
587;18.7;24.7;1.1;8;Successful;Effective;No;No;No;No;No;No;0.0;-5.0;0.25;-5.07;0.39;-5.14;0.47;-5.18;;;;;;;;
588;18.7;24.7;1.1;10;Successful;Effective;No;No;No;No;No;No;0.0;-5.0;0.25;-5.07;0.39;-5.14;0.47;-5.18;;;;;;;;
589;18.8;24.8;0.5;5;Successful;Effective;No;No;No;No;No;No;0.0;-5.0;0.25;-5.08;0.39;-5.15;0.47;-5.2;;;;;;;;
590;18.8;24.8;0.5;8;Successful;Effective;No;No;No;No;No;No;0.0;-5.0;0.25;-5.08;0.39;-5.15;0.47;-5.2;;;;;;;;
591;18.8;24.8;0.5;10;Successful;Effective;No;No;No;No;No;No;0.0;-5.0;0.25;-5.08;0.39;-5.15;0.47;-5.2;;;;;;;;
592;18.8;24.8;0.6;5;Successful;Effective;No;No;No;No;No;No;0.0;-5.0;0.25;-5.08;0.39;-5.15;0.47;-5.2;;;;;;;;
593;18.8;24.8;0.6;8;Successful;Effective;No;No;No;No;No;No;0.0;-5.0;0.25;-5.08;0.39;-5.15;0.47;-5.2;;;;;;;;
594;18.8;24.8;0.6;10;Successful;Effective;No;No;No;No;No;No;0.0;-5.0;0.25;-5.08;0.39;-5.15;0.47;-5.2;;;;;;;;
595;18.8;24.8;0.7;5;Successful;Effective;No;No;No;No;No;No;0.0;-5.0;0.25;-5.08;0.39;-5.15;0.47;-5.2;;;;;;;;
596;18.8;24.8;0.7;8;Successful;Effective;No;No;No;No;No;No;0.0;-5.0;0.25;-5.08;0.39;-5.15;0.47;-5.2;;;;;;;;
597;18.8;24.8;0.7;10;Successful;Effective;No;No;No;No;No;No;0.0;-5.0;0.25;-5.08;0.39;-5.15;0.47;-5.2;;;;;;;;
598;18.8;24.8;0.8;5;Successful;Effective;No;No;No;No;No;No;0.0;-5.0;0.25;-5.08;0.39;-5.15;0.47;-5.2;;;;;;;;
599;18.8;24.8;0.8;8;Successful;Effective;No;No;No;No;No;No;0.0;-5.0;0.25;-5.08;0.39;-5.15;0.47;-5.2;;;;;;;;
600;18.8;24.8;0.8;10;Successful;Effective;No;No;No;No;No;No;0.0;-5.0;0.25;-5.08;0.39;-5.15;0.47;-5.2;;;;;;;;
601;18.8;24.8;0.9;5;Successful;Effective;No;No;No;No;No;No;0.0;-5.0;0.25;-5.07;0.39;-5.15;0.47;-5.19;;;;;;;;
602;18.8;24.8;0.9;8;Successful;Effective;No;No;No;No;No;No;0.0;-5.0;0.25;-5.07;0.39;-5.15;0.47;-5.19;;;;;;;;
603;18.8;24.8;0.9;10;Successful;Effective;No;No;No;No;No;No;0.0;-5.0;0.25;-5.07;0.39;-5.15;0.47;-5.19;;;;;;;;
604;18.8;24.8;1.0;5;Successful;Effective;No;No;No;No;No;No;0.0;-5.0;0.25;-5.07;0.39;-5.14;0.47;-5.19;;;;;;;;
605;18.8;24.8;1.0;8;Successful;Effective;No;No;No;No;No;No;0.0;-5.0;0.25;-5.07;0.39;-5.14;0.47;-5.19;;;;;;;;
606;18.8;24.8;1.0;10;Successful;Effective;No;No;No;No;No;No;0.0;-5.0;0.25;-5.07;0.39;-5.14;0.47;-5.19;;;;;;;;
607;18.8;24.8;1.1;5;Successful;Effective;No;No;No;No;No;No;0.0;-5.0;0.25;-5.07;0.39;-5.14;0.47;-5.19;;;;;;;;
608;18.8;24.8;1.1;8;Successful;Effective;No;No;No;No;No;No;0.0;-5.0;0.25;-5.07;0.39;-5.14;0.47;-5.19;;;;;;;;
609;18.8;24.8;1.1;10;Successful;Effective;No;No;No;No;No;No;0.0;-5.0;0.25;-5.07;0.39;-5.14;0.47;-5.19;;;;;;;;
610;18.9;24.9;0.5;5;Successful;Effective;No;No;No;No;No;No;0.0;-5.0;0.25;-5.08;0.39;-5.16;0.47;-5.2;;;;;;;;
611;18.9;24.9;0.5;8;Successful;Effective;No;No;No;No;No;No;0.0;-5.0;0.25;-5.08;0.39;-5.16;0.47;-5.2;;;;;;;;
612;18.9;24.9;0.5;10;Successful;Effective;No;No;No;No;No;No;0.0;-5.0;0.25;-5.08;0.39;-5.16;0.47;-5.2;;;;;;;;
613;18.9;24.9;0.6;5;Successful;Effective;No;No;No;No;No;No;0.0;-5.0;0.25;-5.08;0.39;-5.15;0.47;-5.2;;;;;;;;
614;18.9;24.9;0.6;8;Successful;Effective;No;No;No;No;No;No;0.0;-5.0;0.25;-5.08;0.39;-5.15;0.47;-5.2;;;;;;;;
615;18.9;24.9;0.6;10;Successful;Effective;No;No;No;No;No;No;0.0;-5.0;0.25;-5.08;0.39;-5.15;0.47;-5.2;;;;;;;;
616;18.9;24.9;0.7;5;Successful;Effective;No;No;No;No;No;No;0.0;-5.0;0.25;-5.08;0.39;-5.15;0.47;-5.2;;;;;;;;
617;18.9;24.9;0.7;8;Successful;Effective;No;No;No;No;No;No;0.0;-5.0;0.25;-5.08;0.39;-5.15;0.47;-5.2;;;;;;;;
618;18.9;24.9;0.7;10;Successful;Effective;No;No;No;No;No;No;0.0;-5.0;0.25;-5.08;0.39;-5.15;0.47;-5.2;;;;;;;;
619;18.9;24.9;0.8;5;Successful;Effective;No;No;No;No;No;No;0.0;-5.0;0.25;-5.08;0.39;-5.15;0.47;-5.2;;;;;;;;
620;18.9;24.9;0.8;8;Successful;Effective;No;No;No;No;No;No;0.0;-5.0;0.25;-5.08;0.39;-5.15;0.47;-5.2;;;;;;;;
621;18.9;24.9;0.8;10;Successful;Effective;No;No;No;No;No;No;0.0;-5.0;0.25;-5.08;0.39;-5.15;0.47;-5.2;;;;;;;;
622;18.9;24.9;0.9;5;Successful;Effective;No;No;No;No;No;No;0.0;-5.0;0.25;-5.08;0.39;-5.15;0.47;-5.2;;;;;;;;
623;18.9;24.9;0.9;8;Successful;Effective;No;No;No;No;No;No;0.0;-5.0;0.25;-5.08;0.39;-5.15;0.47;-5.2;;;;;;;;
624;18.9;24.9;0.9;10;Successful;Effective;No;No;No;No;No;No;0.0;-5.0;0.25;-5.08;0.39;-5.15;0.47;-5.2;;;;;;;;
625;18.9;24.9;1.0;5;Successful;Effective;No;No;No;No;No;No;0.0;-5.0;0.25;-5.08;0.39;-5.15;0.47;-5.19;;;;;;;;
626;18.9;24.9;1.0;8;Successful;Effective;No;No;No;No;No;No;0.0;-5.0;0.25;-5.08;0.39;-5.15;0.47;-5.19;;;;;;;;
627;18.9;24.9;1.0;10;Successful;Effective;No;No;No;No;No;No;0.0;-5.0;0.25;-5.08;0.39;-5.15;0.47;-5.19;;;;;;;;
628;18.9;24.9;1.1;5;Successful;Effective;No;No;No;No;No;No;0.0;-5.0;0.25;-5.08;0.39;-5.15;0.47;-5.19;;;;;;;;
629;18.9;24.9;1.1;8;Successful;Effective;No;No;No;No;No;No;0.0;-5.0;0.25;-5.08;0.39;-5.15;0.47;-5.19;;;;;;;;
630;18.9;24.9;1.1;10;Successful;Effective;No;No;No;No;No;No;0.0;-5.0;0.25;-5.08;0.39;-5.15;0.47;-5.19;;;;;;;;
631;19.0;25.0;0.5;5;Successful;Effective;No;No;No;No;No;No;0.0;-5.0;0.25;-5.08;0.39;-5.16;0.47;-5.2;;;;;;;;
632;19.0;25.0;0.5;8;Successful;Effective;No;No;No;No;No;No;0.0;-5.0;0.25;-5.08;0.39;-5.16;0.47;-5.2;;;;;;;;
633;19.0;25.0;0.5;10;Successful;Effective;No;No;No;No;No;No;0.0;-5.0;0.25;-5.08;0.39;-5.16;0.47;-5.2;;;;;;;;
634;19.0;25.0;0.6;5;Successful;Effective;No;No;No;No;No;No;0.0;-5.0;0.25;-5.08;0.39;-5.16;0.47;-5.2;;;;;;;;
635;19.0;25.0;0.6;8;Successful;Effective;No;No;No;No;No;No;0.0;-5.0;0.25;-5.08;0.39;-5.16;0.47;-5.2;;;;;;;;
636;19.0;25.0;0.6;10;Successful;Effective;No;No;No;No;No;No;0.0;-5.0;0.25;-5.08;0.39;-5.16;0.47;-5.2;;;;;;;;
637;19.0;25.0;0.7;5;Successful;Effective;No;No;No;No;No;No;0.0;-5.0;0.25;-5.08;0.39;-5.16;0.47;-5.2;;;;;;;;
638;19.0;25.0;0.7;8;Successful;Effective;No;No;No;No;No;No;0.0;-5.0;0.25;-5.08;0.39;-5.16;0.47;-5.2;;;;;;;;
639;19.0;25.0;0.7;10;Successful;Effective;No;No;No;No;No;No;0.0;-5.0;0.25;-5.08;0.39;-5.16;0.47;-5.2;;;;;;;;
640;19.0;25.0;0.8;5;Successful;Effective;No;No;No;No;No;No;0.0;-5.0;0.25;-5.08;0.39;-5.15;0.47;-5.2;;;;;;;;
641;19.0;25.0;0.8;8;Successful;Effective;No;No;No;No;No;No;0.0;-5.0;0.25;-5.08;0.39;-5.15;0.47;-5.2;;;;;;;;
642;19.0;25.0;0.8;10;Successful;Effective;No;No;No;No;No;No;0.0;-5.0;0.25;-5.08;0.39;-5.15;0.47;-5.2;;;;;;;;
643;19.0;25.0;0.9;5;Successful;Effective;No;No;No;No;No;No;0.0;-5.0;0.25;-5.08;0.39;-5.15;0.47;-5.2;;;;;;;;
644;19.0;25.0;0.9;8;Successful;Effective;No;No;No;No;No;No;0.0;-5.0;0.25;-5.08;0.39;-5.15;0.47;-5.2;;;;;;;;
645;19.0;25.0;0.9;10;Successful;Effective;No;No;No;No;No;No;0.0;-5.0;0.25;-5.08;0.39;-5.15;0.47;-5.2;;;;;;;;
646;19.0;25.0;1.0;5;Successful;Effective;No;No;No;No;No;No;0.0;-5.0;0.25;-5.08;0.39;-5.15;0.47;-5.2;;;;;;;;
647;19.0;25.0;1.0;8;Successful;Effective;No;No;No;No;No;No;0.0;-5.0;0.25;-5.08;0.39;-5.15;0.47;-5.2;;;;;;;;
648;19.0;25.0;1.0;10;Successful;Effective;No;No;No;No;No;No;0.0;-5.0;0.25;-5.08;0.39;-5.15;0.47;-5.2;;;;;;;;
649;19.0;25.0;1.1;5;Successful;Effective;No;No;No;No;No;No;0.0;-5.0;0.25;-5.08;0.39;-5.15;0.47;-5.2;;;;;;;;
650;19.0;25.0;1.1;8;Successful;Effective;No;No;No;No;No;No;0.0;-5.0;0.25;-5.08;0.39;-5.15;0.47;-5.2;;;;;;;;
651;19.0;25.0;1.1;10;Successful;Effective;No;No;No;No;No;No;0.0;-5.0;0.25;-5.08;0.39;-5.15;0.47;-5.2;;;;;;;;
652;19.1;25.1;0.5;5;Successful;Effective;No;No;No;No;No;No;0.0;-5.0;0.25;-5.09;0.39;-5.16;0.47;-5.2;;;;;;;;
653;19.1;25.1;0.5;8;Successful;Effective;No;No;No;No;No;No;0.0;-5.0;0.25;-5.09;0.39;-5.16;0.47;-5.2;;;;;;;;
654;19.1;25.1;0.5;10;Successful;Effective;No;No;No;No;No;No;0.0;-5.0;0.25;-5.09;0.39;-5.16;0.47;-5.2;;;;;;;;
655;19.1;25.1;0.6;5;Successful;Effective;No;No;No;No;No;No;0.0;-5.0;0.25;-5.08;0.39;-5.16;0.47;-5.2;;;;;;;;
656;19.1;25.1;0.6;8;Successful;Effective;No;No;No;No;No;No;0.0;-5.0;0.25;-5.08;0.39;-5.16;0.47;-5.2;;;;;;;;
657;19.1;25.1;0.6;10;Successful;Effective;No;No;No;No;No;No;0.0;-5.0;0.25;-5.08;0.39;-5.16;0.47;-5.2;;;;;;;;
658;19.1;25.1;0.7;5;Successful;Effective;No;No;No;No;No;No;0.0;-5.0;0.25;-5.08;0.39;-5.16;0.47;-5.2;;;;;;;;
659;19.1;25.1;0.7;8;Successful;Effective;No;No;No;No;No;No;0.0;-5.0;0.25;-5.08;0.39;-5.16;0.47;-5.2;;;;;;;;
660;19.1;25.1;0.7;10;Successful;Effective;No;No;No;No;No;No;0.0;-5.0;0.25;-5.08;0.39;-5.16;0.47;-5.2;;;;;;;;
661;19.1;25.1;0.8;5;Successful;Effective;No;No;No;No;No;No;0.0;-5.0;0.25;-5.08;0.39;-5.16;0.47;-5.2;;;;;;;;
662;19.1;25.1;0.8;8;Successful;Effective;No;No;No;No;No;No;0.0;-5.0;0.25;-5.08;0.39;-5.16;0.47;-5.2;;;;;;;;
663;19.1;25.1;0.8;10;Successful;Effective;No;No;No;No;No;No;0.0;-5.0;0.25;-5.08;0.39;-5.16;0.47;-5.2;;;;;;;;
664;19.1;25.1;0.9;5;Successful;Effective;No;No;No;No;No;No;0.0;-5.0;0.25;-5.08;0.39;-5.16;0.47;-5.2;;;;;;;;
665;19.1;25.1;0.9;8;Successful;Effective;No;No;No;No;No;No;0.0;-5.0;0.25;-5.08;0.39;-5.16;0.47;-5.2;;;;;;;;
666;19.1;25.1;0.9;10;Successful;Effective;No;No;No;No;No;No;0.0;-5.0;0.25;-5.08;0.39;-5.16;0.47;-5.2;;;;;;;;
667;19.1;25.1;1.0;5;Successful;Effective;No;No;No;No;No;No;0.0;-5.0;0.25;-5.08;0.39;-5.16;0.47;-5.2;;;;;;;;
668;19.1;25.1;1.0;8;Successful;Effective;No;No;No;No;No;No;0.0;-5.0;0.25;-5.08;0.39;-5.16;0.47;-5.2;;;;;;;;
669;19.1;25.1;1.0;10;Successful;Effective;No;No;No;No;No;No;0.0;-5.0;0.25;-5.08;0.39;-5.16;0.47;-5.2;;;;;;;;
670;19.1;25.1;1.1;5;Successful;Effective;No;No;No;No;No;No;0.0;-5.0;0.25;-5.08;0.39;-5.16;0.47;-5.2;;;;;;;;
671;19.1;25.1;1.1;8;Successful;Effective;No;No;No;No;No;No;0.0;-5.0;0.25;-5.08;0.39;-5.16;0.47;-5.2;;;;;;;;
672;19.1;25.1;1.1;10;Successful;Effective;No;No;No;No;No;No;0.0;-5.0;0.25;-5.08;0.39;-5.16;0.47;-5.2;;;;;;;;
673;19.2;25.2;0.5;5;Successful;Effective;No;No;No;No;No;No;0.0;-5.0;0.25;-5.09;0.39;-5.16;0.47;-5.2;;;;;;;;
674;19.2;25.2;0.5;8;Successful;Effective;No;No;No;No;No;No;0.0;-5.0;0.25;-5.09;0.39;-5.16;0.47;-5.2;;;;;;;;
675;19.2;25.2;0.5;10;Successful;Effective;No;No;No;No;No;No;0.0;-5.0;0.25;-5.09;0.39;-5.16;0.47;-5.2;;;;;;;;
676;19.2;25.2;0.6;5;Successful;Effective;No;No;No;No;No;No;0.0;-5.0;0.25;-5.08;0.39;-5.16;0.47;-5.2;;;;;;;;
677;19.2;25.2;0.6;8;Successful;Effective;No;No;No;No;No;No;0.0;-5.0;0.25;-5.08;0.39;-5.16;0.47;-5.2;;;;;;;;
678;19.2;25.2;0.6;10;Successful;Effective;No;No;No;No;No;No;0.0;-5.0;0.25;-5.08;0.39;-5.16;0.47;-5.2;;;;;;;;
679;19.2;25.2;0.7;5;Successful;Effective;No;No;No;No;No;No;0.0;-5.0;0.25;-5.08;0.39;-5.16;0.47;-5.2;;;;;;;;
680;19.2;25.2;0.7;8;Successful;Effective;No;No;No;No;No;No;0.0;-5.0;0.25;-5.08;0.39;-5.16;0.47;-5.2;;;;;;;;
681;19.2;25.2;0.7;10;Successful;Effective;No;No;No;No;No;No;0.0;-5.0;0.25;-5.08;0.39;-5.16;0.47;-5.2;;;;;;;;
682;19.2;25.2;0.8;5;Successful;Effective;No;No;No;No;No;No;0.0;-5.0;0.25;-5.08;0.39;-5.16;0.47;-5.2;;;;;;;;
683;19.2;25.2;0.8;8;Successful;Effective;No;No;No;No;No;No;0.0;-5.0;0.25;-5.08;0.39;-5.16;0.47;-5.2;;;;;;;;
684;19.2;25.2;0.8;10;Successful;Effective;No;No;No;No;No;No;0.0;-5.0;0.25;-5.08;0.39;-5.16;0.47;-5.2;;;;;;;;
685;19.2;25.2;0.9;5;Successful;Effective;No;No;No;No;No;No;0.0;-5.0;0.25;-5.08;0.39;-5.16;0.47;-5.2;;;;;;;;
686;19.2;25.2;0.9;8;Successful;Effective;No;No;No;No;No;No;0.0;-5.0;0.25;-5.08;0.39;-5.16;0.47;-5.2;;;;;;;;
687;19.2;25.2;0.9;10;Successful;Effective;No;No;No;No;No;No;0.0;-5.0;0.25;-5.08;0.39;-5.16;0.47;-5.2;;;;;;;;
688;19.2;25.2;1.0;5;Successful;Effective;No;No;No;No;No;No;0.0;-5.0;0.25;-5.08;0.39;-5.16;0.47;-5.2;;;;;;;;
689;19.2;25.2;1.0;8;Successful;Effective;No;No;No;No;No;No;0.0;-5.0;0.25;-5.08;0.39;-5.16;0.47;-5.2;;;;;;;;
690;19.2;25.2;1.0;10;Successful;Effective;No;No;No;No;No;No;0.0;-5.0;0.25;-5.08;0.39;-5.16;0.47;-5.2;;;;;;;;
691;19.2;25.2;1.1;5;Successful;Effective;No;No;No;No;No;No;0.0;-5.0;0.25;-5.08;0.39;-5.16;0.47;-5.2;;;;;;;;
692;19.2;25.2;1.1;8;Successful;Effective;No;No;No;No;No;No;0.0;-5.0;0.25;-5.08;0.39;-5.16;0.47;-5.2;;;;;;;;
693;19.2;25.2;1.1;10;Successful;Effective;No;No;No;No;No;No;0.0;-5.0;0.25;-5.08;0.39;-5.16;0.47;-5.2;;;;;;;;
694;19.3;25.3;0.5;5;Successful;Effective;No;No;No;No;No;No;0.0;-5.0;0.25;-5.09;0.39;-5.16;0.47;-5.2;;;;;;;;
695;19.3;25.3;0.5;8;Successful;Effective;No;No;No;No;No;No;0.0;-5.0;0.25;-5.09;0.39;-5.16;0.47;-5.2;;;;;;;;
696;19.3;25.3;0.5;10;Successful;Effective;No;No;No;No;No;No;0.0;-5.0;0.25;-5.09;0.39;-5.16;0.47;-5.2;;;;;;;;
697;19.3;25.3;0.6;5;Successful;Effective;No;No;No;No;No;No;0.0;-5.0;0.25;-5.09;0.39;-5.16;0.47;-5.2;;;;;;;;
698;19.3;25.3;0.6;8;Successful;Effective;No;No;No;No;No;No;0.0;-5.0;0.25;-5.09;0.39;-5.16;0.47;-5.2;;;;;;;;
699;19.3;25.3;0.6;10;Successful;Effective;No;No;No;No;No;No;0.0;-5.0;0.25;-5.09;0.39;-5.16;0.47;-5.2;;;;;;;;
700;19.3;25.3;0.7;5;Successful;Effective;No;No;No;No;No;No;0.0;-5.0;0.25;-5.09;0.39;-5.16;0.47;-5.2;;;;;;;;
701;19.3;25.3;0.7;8;Successful;Effective;No;No;No;No;No;No;0.0;-5.0;0.25;-5.09;0.39;-5.16;0.47;-5.2;;;;;;;;
702;19.3;25.3;0.7;10;Successful;Effective;No;No;No;No;No;No;0.0;-5.0;0.25;-5.09;0.39;-5.16;0.47;-5.2;;;;;;;;
703;19.3;25.3;0.8;5;Successful;Effective;No;No;No;No;No;No;0.0;-5.0;0.25;-5.09;0.39;-5.16;0.47;-5.2;;;;;;;;
704;19.3;25.3;0.8;8;Successful;Effective;No;No;No;No;No;No;0.0;-5.0;0.25;-5.09;0.39;-5.16;0.47;-5.2;;;;;;;;
705;19.3;25.3;0.8;10;Successful;Effective;No;No;No;No;No;No;0.0;-5.0;0.25;-5.09;0.39;-5.16;0.47;-5.2;;;;;;;;
706;19.3;25.3;0.9;5;Successful;Effective;No;No;No;No;No;No;0.0;-5.0;0.25;-5.09;0.39;-5.16;0.47;-5.2;;;;;;;;
707;19.3;25.3;0.9;8;Successful;Effective;No;No;No;No;No;No;0.0;-5.0;0.25;-5.09;0.39;-5.16;0.47;-5.2;;;;;;;;
708;19.3;25.3;0.9;10;Successful;Effective;No;No;No;No;No;No;0.0;-5.0;0.25;-5.09;0.39;-5.16;0.47;-5.2;;;;;;;;
709;19.3;25.3;1.0;5;Successful;Effective;No;No;No;No;No;No;0.0;-5.0;0.25;-5.09;0.39;-5.16;0.47;-5.2;;;;;;;;
710;19.3;25.3;1.0;8;Successful;Effective;No;No;No;No;No;No;0.0;-5.0;0.25;-5.09;0.39;-5.16;0.47;-5.2;;;;;;;;
711;19.3;25.3;1.0;10;Successful;Effective;No;No;No;No;No;No;0.0;-5.0;0.25;-5.09;0.39;-5.16;0.47;-5.2;;;;;;;;
712;19.3;25.3;1.1;5;Successful;Effective;No;No;No;No;No;No;0.0;-5.0;0.25;-5.09;0.39;-5.16;0.47;-5.2;;;;;;;;
713;19.3;25.3;1.1;8;Successful;Effective;No;No;No;No;No;No;0.0;-5.0;0.25;-5.09;0.39;-5.16;0.47;-5.2;;;;;;;;
714;19.3;25.3;1.1;10;Successful;Effective;No;No;No;No;No;No;0.0;-5.0;0.25;-5.09;0.39;-5.16;0.47;-5.2;;;;;;;;
715;19.4;25.4;0.5;5;Successful;Effective;No;No;No;No;No;No;0.0;-5.0;0.25;-5.09;0.39;-5.16;0.47;-5.2;;;;;;;;
716;19.4;25.4;0.5;8;Successful;Effective;No;No;No;No;No;No;0.0;-5.0;0.25;-5.09;0.39;-5.16;0.47;-5.2;;;;;;;;
717;19.4;25.4;0.5;10;Successful;Effective;No;No;No;No;No;No;0.0;-5.0;0.25;-5.09;0.39;-5.16;0.47;-5.2;;;;;;;;
718;19.4;25.4;0.6;5;Successful;Effective;No;No;No;No;No;No;0.0;-5.0;0.25;-5.09;0.39;-5.16;0.47;-5.2;;;;;;;;
719;19.4;25.4;0.6;8;Successful;Effective;No;No;No;No;No;No;0.0;-5.0;0.25;-5.09;0.39;-5.16;0.47;-5.2;;;;;;;;
720;19.4;25.4;0.6;10;Successful;Effective;No;No;No;No;No;No;0.0;-5.0;0.25;-5.09;0.39;-5.16;0.47;-5.2;;;;;;;;
721;19.4;25.4;0.7;5;Successful;Effective;No;No;No;No;No;No;0.0;-5.0;0.25;-5.09;0.39;-5.16;0.47;-5.2;;;;;;;;
722;19.4;25.4;0.7;8;Successful;Effective;No;No;No;No;No;No;0.0;-5.0;0.25;-5.09;0.39;-5.16;0.47;-5.2;;;;;;;;
723;19.4;25.4;0.7;10;Successful;Effective;No;No;No;No;No;No;0.0;-5.0;0.25;-5.09;0.39;-5.16;0.47;-5.2;;;;;;;;
724;19.4;25.4;0.8;5;Successful;Effective;No;No;No;No;No;No;0.0;-5.0;0.25;-5.09;0.39;-5.16;0.47;-5.2;;;;;;;;
725;19.4;25.4;0.8;8;Successful;Effective;No;No;No;No;No;No;0.0;-5.0;0.25;-5.09;0.39;-5.16;0.47;-5.2;;;;;;;;
726;19.4;25.4;0.8;10;Successful;Effective;No;No;No;No;No;No;0.0;-5.0;0.25;-5.09;0.39;-5.16;0.47;-5.2;;;;;;;;
727;19.4;25.4;0.9;5;Successful;Effective;No;No;No;No;No;No;0.0;-5.0;0.25;-5.09;0.39;-5.16;0.47;-5.2;;;;;;;;
728;19.4;25.4;0.9;8;Successful;Effective;No;No;No;No;No;No;0.0;-5.0;0.25;-5.09;0.39;-5.16;0.47;-5.2;;;;;;;;
729;19.4;25.4;0.9;10;Successful;Effective;No;No;No;No;No;No;0.0;-5.0;0.25;-5.09;0.39;-5.16;0.47;-5.2;;;;;;;;
730;19.4;25.4;1.0;5;Successful;Effective;No;No;No;No;No;No;0.0;-5.0;0.25;-5.09;0.39;-5.16;0.47;-5.2;;;;;;;;
731;19.4;25.4;1.0;8;Successful;Effective;No;No;No;No;No;No;0.0;-5.0;0.25;-5.09;0.39;-5.16;0.47;-5.2;;;;;;;;
732;19.4;25.4;1.0;10;Successful;Effective;No;No;No;No;No;No;0.0;-5.0;0.25;-5.09;0.39;-5.16;0.47;-5.2;;;;;;;;
733;19.4;25.4;1.1;5;Successful;Effective;No;No;No;No;No;No;0.0;-5.0;0.25;-5.09;0.39;-5.16;0.47;-5.2;;;;;;;;
734;19.4;25.4;1.1;8;Successful;Effective;No;No;No;No;No;No;0.0;-5.0;0.25;-5.09;0.39;-5.16;0.47;-5.2;;;;;;;;
735;19.4;25.4;1.1;10;Successful;Effective;No;No;No;No;No;No;0.0;-5.0;0.25;-5.09;0.39;-5.16;0.47;-5.2;;;;;;;;
736;19.5;25.5;0.5;5;Successful;Effective;No;No;No;No;No;No;0.0;-5.0;0.25;-5.09;0.39;-5.16;0.47;-5.2;;;;;;;;
737;19.5;25.5;0.5;8;Successful;Effective;No;No;No;No;No;No;0.0;-5.0;0.25;-5.09;0.39;-5.16;0.47;-5.2;;;;;;;;
738;19.5;25.5;0.5;10;Successful;Effective;No;No;No;No;No;No;0.0;-5.0;0.25;-5.09;0.39;-5.16;0.47;-5.2;;;;;;;;
739;19.5;25.5;0.6;5;Successful;Effective;No;No;No;No;No;No;0.0;-5.0;0.25;-5.09;0.39;-5.16;0.47;-5.2;;;;;;;;
740;19.5;25.5;0.6;8;Successful;Effective;No;No;No;No;No;No;0.0;-5.0;0.25;-5.09;0.39;-5.16;0.47;-5.2;;;;;;;;
741;19.5;25.5;0.6;10;Successful;Effective;No;No;No;No;No;No;0.0;-5.0;0.25;-5.09;0.39;-5.16;0.47;-5.2;;;;;;;;
742;19.5;25.5;0.7;5;Successful;Effective;No;No;No;No;No;No;0.0;-5.0;0.25;-5.09;0.39;-5.16;0.47;-5.2;;;;;;;;
743;19.5;25.5;0.7;8;Successful;Effective;No;No;No;No;No;No;0.0;-5.0;0.25;-5.09;0.39;-5.16;0.47;-5.2;;;;;;;;
744;19.5;25.5;0.7;10;Successful;Effective;No;No;No;No;No;No;0.0;-5.0;0.25;-5.09;0.39;-5.16;0.47;-5.2;;;;;;;;
745;19.5;25.5;0.8;5;Successful;Effective;No;No;No;No;No;No;0.0;-5.0;0.25;-5.09;0.39;-5.16;0.47;-5.2;;;;;;;;
746;19.5;25.5;0.8;8;Successful;Effective;No;No;No;No;No;No;0.0;-5.0;0.25;-5.09;0.39;-5.16;0.47;-5.2;;;;;;;;
747;19.5;25.5;0.8;10;Successful;Effective;No;No;No;No;No;No;0.0;-5.0;0.25;-5.09;0.39;-5.16;0.47;-5.2;;;;;;;;
748;19.5;25.5;0.9;5;Successful;Effective;No;No;No;No;No;No;0.0;-5.0;0.25;-5.09;0.39;-5.16;0.47;-5.2;;;;;;;;
749;19.5;25.5;0.9;8;Successful;Effective;No;No;No;No;No;No;0.0;-5.0;0.25;-5.09;0.39;-5.16;0.47;-5.2;;;;;;;;
750;19.5;25.5;0.9;10;Successful;Effective;No;No;No;No;No;No;0.0;-5.0;0.25;-5.09;0.39;-5.16;0.47;-5.2;;;;;;;;
751;19.5;25.5;1.0;5;Successful;Effective;No;No;No;No;No;No;0.0;-5.0;0.25;-5.09;0.39;-5.16;0.47;-5.2;;;;;;;;
752;19.5;25.5;1.0;8;Successful;Effective;No;No;No;No;No;No;0.0;-5.0;0.25;-5.09;0.39;-5.16;0.47;-5.2;;;;;;;;
753;19.5;25.5;1.0;10;Successful;Effective;No;No;No;No;No;No;0.0;-5.0;0.25;-5.09;0.39;-5.16;0.47;-5.2;;;;;;;;
754;19.5;25.5;1.1;5;Successful;Effective;No;No;No;No;No;No;0.0;-5.0;0.25;-5.09;0.39;-5.16;0.47;-5.2;;;;;;;;
755;19.5;25.5;1.1;8;Successful;Effective;No;No;No;No;No;No;0.0;-5.0;0.25;-5.09;0.39;-5.16;0.47;-5.2;;;;;;;;
756;19.5;25.5;1.1;10;Successful;Effective;No;No;No;No;No;No;0.0;-5.0;0.25;-5.09;0.39;-5.16;0.47;-5.2;;;;;;;;
757;19.6;25.6;0.5;5;Successful;Effective;No;No;No;No;No;No;0.0;-5.0;0.25;-5.09;0.39;-5.16;0.47;-5.2;;;;;;;;
758;19.6;25.6;0.5;8;Successful;Effective;No;No;No;No;No;No;0.0;-5.0;0.25;-5.09;0.39;-5.16;0.47;-5.2;;;;;;;;
759;19.6;25.6;0.5;10;Successful;Effective;No;No;No;No;No;No;0.0;-5.0;0.25;-5.09;0.39;-5.16;0.47;-5.2;;;;;;;;
760;19.6;25.6;0.6;5;Successful;Effective;No;No;No;No;No;No;0.0;-5.0;0.25;-5.09;0.39;-5.16;0.47;-5.2;;;;;;;;
761;19.6;25.6;0.6;8;Successful;Effective;No;No;No;No;No;No;0.0;-5.0;0.25;-5.09;0.39;-5.16;0.47;-5.2;;;;;;;;
762;19.6;25.6;0.6;10;Successful;Effective;No;No;No;No;No;No;0.0;-5.0;0.25;-5.09;0.39;-5.16;0.47;-5.2;;;;;;;;
763;19.6;25.6;0.7;5;Successful;Effective;No;No;No;No;No;No;0.0;-5.0;0.25;-5.09;0.39;-5.16;0.47;-5.2;;;;;;;;
764;19.6;25.6;0.7;8;Successful;Effective;No;No;No;No;No;No;0.0;-5.0;0.25;-5.09;0.39;-5.16;0.47;-5.2;;;;;;;;
765;19.6;25.6;0.7;10;Successful;Effective;No;No;No;No;No;No;0.0;-5.0;0.25;-5.09;0.39;-5.16;0.47;-5.2;;;;;;;;
766;19.6;25.6;0.8;5;Successful;Effective;No;No;No;No;No;No;0.0;-5.0;0.25;-5.09;0.39;-5.16;0.47;-5.2;;;;;;;;
767;19.6;25.6;0.8;8;Successful;Effective;No;No;No;No;No;No;0.0;-5.0;0.25;-5.09;0.39;-5.16;0.47;-5.2;;;;;;;;
768;19.6;25.6;0.8;10;Successful;Effective;No;No;No;No;No;No;0.0;-5.0;0.25;-5.09;0.39;-5.16;0.47;-5.2;;;;;;;;
769;19.6;25.6;0.9;5;Successful;Effective;No;No;No;No;No;No;0.0;-5.0;0.25;-5.09;0.39;-5.16;0.47;-5.2;;;;;;;;
770;19.6;25.6;0.9;8;Successful;Effective;No;No;No;No;No;No;0.0;-5.0;0.25;-5.09;0.39;-5.16;0.47;-5.2;;;;;;;;
771;19.6;25.6;0.9;10;Successful;Effective;No;No;No;No;No;No;0.0;-5.0;0.25;-5.09;0.39;-5.16;0.47;-5.2;;;;;;;;
772;19.6;25.6;1.0;5;Successful;Effective;No;No;No;No;No;No;0.0;-5.0;0.25;-5.09;0.39;-5.16;0.47;-5.2;;;;;;;;
773;19.6;25.6;1.0;8;Successful;Effective;No;No;No;No;No;No;0.0;-5.0;0.25;-5.09;0.39;-5.16;0.47;-5.2;;;;;;;;
774;19.6;25.6;1.0;10;Successful;Effective;No;No;No;No;No;No;0.0;-5.0;0.25;-5.09;0.39;-5.16;0.47;-5.2;;;;;;;;
775;19.6;25.6;1.1;5;Successful;Effective;No;No;No;No;No;No;0.0;-5.0;0.25;-5.09;0.39;-5.16;0.47;-5.2;;;;;;;;
776;19.6;25.6;1.1;8;Successful;Effective;No;No;No;No;No;No;0.0;-5.0;0.25;-5.09;0.39;-5.16;0.47;-5.2;;;;;;;;
777;19.6;25.6;1.1;10;Successful;Effective;No;No;No;No;No;No;0.0;-5.0;0.25;-5.09;0.39;-5.16;0.47;-5.2;;;;;;;;
778;19.7;25.7;0.5;5;Successful;Effective;No;No;No;No;No;No;0.0;-5.0;0.25;-5.09;0.39;-5.16;0.47;-5.2;;;;;;;;
779;19.7;25.7;0.5;8;Successful;Effective;No;No;No;No;No;No;0.0;-5.0;0.25;-5.09;0.39;-5.16;0.47;-5.2;;;;;;;;
780;19.7;25.7;0.5;10;Successful;Effective;No;No;No;No;No;No;0.0;-5.0;0.25;-5.09;0.39;-5.16;0.47;-5.2;;;;;;;;
781;19.7;25.7;0.6;5;Successful;Effective;No;No;No;No;No;No;0.0;-5.0;0.25;-5.09;0.39;-5.16;0.47;-5.2;;;;;;;;
782;19.7;25.7;0.6;8;Successful;Effective;No;No;No;No;No;No;0.0;-5.0;0.25;-5.09;0.39;-5.16;0.47;-5.2;;;;;;;;
783;19.7;25.7;0.6;10;Successful;Effective;No;No;No;No;No;No;0.0;-5.0;0.25;-5.09;0.39;-5.16;0.47;-5.2;;;;;;;;
784;19.7;25.7;0.7;5;Successful;Effective;No;No;No;No;No;No;0.0;-5.0;0.25;-5.09;0.39;-5.16;0.47;-5.2;;;;;;;;
785;19.7;25.7;0.7;8;Successful;Effective;No;No;No;No;No;No;0.0;-5.0;0.25;-5.09;0.39;-5.16;0.47;-5.2;;;;;;;;
786;19.7;25.7;0.7;10;Successful;Effective;No;No;No;No;No;No;0.0;-5.0;0.25;-5.09;0.39;-5.16;0.47;-5.2;;;;;;;;
787;19.7;25.7;0.8;5;Successful;Effective;No;No;No;No;No;No;0.0;-5.0;0.25;-5.09;0.39;-5.16;0.47;-5.2;;;;;;;;
788;19.7;25.7;0.8;8;Successful;Effective;No;No;No;No;No;No;0.0;-5.0;0.25;-5.09;0.39;-5.16;0.47;-5.2;;;;;;;;
789;19.7;25.7;0.8;10;Successful;Effective;No;No;No;No;No;No;0.0;-5.0;0.25;-5.09;0.39;-5.16;0.47;-5.2;;;;;;;;
790;19.7;25.7;0.9;5;Successful;Effective;No;No;No;No;No;No;0.0;-5.0;0.25;-5.09;0.39;-5.16;0.47;-5.2;;;;;;;;
791;19.7;25.7;0.9;8;Successful;Effective;No;No;No;No;No;No;0.0;-5.0;0.25;-5.09;0.39;-5.16;0.47;-5.2;;;;;;;;
792;19.7;25.7;0.9;10;Successful;Effective;No;No;No;No;No;No;0.0;-5.0;0.25;-5.09;0.39;-5.16;0.47;-5.2;;;;;;;;
793;19.7;25.7;1.0;5;Successful;Effective;No;No;No;No;No;No;0.0;-5.0;0.25;-5.09;0.39;-5.16;0.47;-5.2;;;;;;;;
794;19.7;25.7;1.0;8;Successful;Effective;No;No;No;No;No;No;0.0;-5.0;0.25;-5.09;0.39;-5.16;0.47;-5.2;;;;;;;;
795;19.7;25.7;1.0;10;Successful;Effective;No;No;No;No;No;No;0.0;-5.0;0.25;-5.09;0.39;-5.16;0.47;-5.2;;;;;;;;
796;19.7;25.7;1.1;5;Successful;Effective;No;No;No;No;No;No;0.0;-5.0;0.25;-5.09;0.39;-5.16;0.47;-5.2;;;;;;;;
797;19.7;25.7;1.1;8;Successful;Effective;No;No;No;No;No;No;0.0;-5.0;0.25;-5.09;0.39;-5.16;0.47;-5.2;;;;;;;;
798;19.7;25.7;1.1;10;Successful;Effective;No;No;No;No;No;No;0.0;-5.0;0.25;-5.09;0.39;-5.16;0.47;-5.2;;;;;;;;
799;19.8;25.8;0.5;5;Successful;Effective;No;No;No;No;No;No;0.0;-5.0;0.25;-5.09;0.39;-5.16;0.47;-5.2;;;;;;;;
800;19.8;25.8;0.5;8;Successful;Effective;No;No;No;No;No;No;0.0;-5.0;0.25;-5.09;0.39;-5.16;0.47;-5.2;;;;;;;;
801;19.8;25.8;0.5;10;Successful;Effective;No;No;No;No;No;No;0.0;-5.0;0.25;-5.09;0.39;-5.16;0.47;-5.2;;;;;;;;
802;19.8;25.8;0.6;5;Successful;Effective;No;No;No;No;No;No;0.0;-5.0;0.25;-5.09;0.39;-5.16;0.47;-5.2;;;;;;;;
803;19.8;25.8;0.6;8;Successful;Effective;No;No;No;No;No;No;0.0;-5.0;0.25;-5.09;0.39;-5.16;0.47;-5.2;;;;;;;;
804;19.8;25.8;0.6;10;Successful;Effective;No;No;No;No;No;No;0.0;-5.0;0.25;-5.09;0.39;-5.16;0.47;-5.2;;;;;;;;
805;19.8;25.8;0.7;5;Successful;Effective;No;No;No;No;No;No;0.0;-5.0;0.25;-5.09;0.39;-5.16;0.47;-5.2;;;;;;;;
806;19.8;25.8;0.7;8;Successful;Effective;No;No;No;No;No;No;0.0;-5.0;0.25;-5.09;0.39;-5.16;0.47;-5.2;;;;;;;;
807;19.8;25.8;0.7;10;Successful;Effective;No;No;No;No;No;No;0.0;-5.0;0.25;-5.09;0.39;-5.16;0.47;-5.2;;;;;;;;
808;19.8;25.8;0.8;5;Successful;Effective;No;No;No;No;No;No;0.0;-5.0;0.25;-5.09;0.39;-5.16;0.47;-5.2;;;;;;;;
809;19.8;25.8;0.8;8;Successful;Effective;No;No;No;No;No;No;0.0;-5.0;0.25;-5.09;0.39;-5.16;0.47;-5.2;;;;;;;;
810;19.8;25.8;0.8;10;Successful;Effective;No;No;No;No;No;No;0.0;-5.0;0.25;-5.09;0.39;-5.16;0.47;-5.2;;;;;;;;
811;19.8;25.8;0.9;5;Successful;Effective;No;No;No;No;No;No;0.0;-5.0;0.25;-5.09;0.39;-5.16;0.47;-5.2;;;;;;;;
812;19.8;25.8;0.9;8;Successful;Effective;No;No;No;No;No;No;0.0;-5.0;0.25;-5.09;0.39;-5.16;0.47;-5.2;;;;;;;;
813;19.8;25.8;0.9;10;Successful;Effective;No;No;No;No;No;No;0.0;-5.0;0.25;-5.09;0.39;-5.16;0.47;-5.2;;;;;;;;
814;19.8;25.8;1.0;5;Successful;Effective;No;No;No;No;No;No;0.0;-5.0;0.25;-5.09;0.39;-5.16;0.47;-5.2;;;;;;;;
815;19.8;25.8;1.0;8;Successful;Effective;No;No;No;No;No;No;0.0;-5.0;0.25;-5.09;0.39;-5.16;0.47;-5.2;;;;;;;;
816;19.8;25.8;1.0;10;Successful;Effective;No;No;No;No;No;No;0.0;-5.0;0.25;-5.09;0.39;-5.16;0.47;-5.2;;;;;;;;
817;19.8;25.8;1.1;5;Successful;Effective;No;No;No;No;No;No;0.0;-5.0;0.25;-5.09;0.39;-5.16;0.47;-5.2;;;;;;;;
818;19.8;25.8;1.1;8;Successful;Effective;No;No;No;No;No;No;0.0;-5.0;0.25;-5.09;0.39;-5.16;0.47;-5.2;;;;;;;;
819;19.8;25.8;1.1;10;Successful;Effective;No;No;No;No;No;No;0.0;-5.0;0.25;-5.09;0.39;-5.16;0.47;-5.2;;;;;;;;
820;19.9;25.9;0.5;5;Successful;Effective;No;No;No;No;No;No;0.0;-5.0;0.25;-5.09;0.39;-5.16;0.47;-5.2;;;;;;;;
821;19.9;25.9;0.5;8;Successful;Effective;No;No;No;No;No;No;0.0;-5.0;0.25;-5.09;0.39;-5.16;0.47;-5.2;;;;;;;;
822;19.9;25.9;0.5;10;Successful;Effective;No;No;No;No;No;No;0.0;-5.0;0.25;-5.09;0.39;-5.16;0.47;-5.2;;;;;;;;
823;19.9;25.9;0.6;5;Successful;Effective;No;No;No;No;No;No;0.0;-5.0;0.25;-5.09;0.39;-5.16;0.47;-5.2;;;;;;;;
824;19.9;25.9;0.6;8;Successful;Effective;No;No;No;No;No;No;0.0;-5.0;0.25;-5.09;0.39;-5.16;0.47;-5.2;;;;;;;;
825;19.9;25.9;0.6;10;Successful;Effective;No;No;No;No;No;No;0.0;-5.0;0.25;-5.09;0.39;-5.16;0.47;-5.2;;;;;;;;
826;19.9;25.9;0.7;5;Successful;Effective;No;No;No;No;No;No;0.0;-5.0;0.25;-5.09;0.39;-5.16;0.47;-5.2;;;;;;;;
827;19.9;25.9;0.7;8;Successful;Effective;No;No;No;No;No;No;0.0;-5.0;0.25;-5.09;0.39;-5.16;0.47;-5.2;;;;;;;;
828;19.9;25.9;0.7;10;Successful;Effective;No;No;No;No;No;No;0.0;-5.0;0.25;-5.09;0.39;-5.16;0.47;-5.2;;;;;;;;
829;19.9;25.9;0.8;5;Successful;Effective;No;No;No;No;No;No;0.0;-5.0;0.25;-5.09;0.39;-5.16;0.47;-5.2;;;;;;;;
830;19.9;25.9;0.8;8;Successful;Effective;No;No;No;No;No;No;0.0;-5.0;0.25;-5.09;0.39;-5.16;0.47;-5.2;;;;;;;;
831;19.9;25.9;0.8;10;Successful;Effective;No;No;No;No;No;No;0.0;-5.0;0.25;-5.09;0.39;-5.16;0.47;-5.2;;;;;;;;
832;19.9;25.9;0.9;5;Successful;Effective;No;No;No;No;No;No;0.0;-5.0;0.25;-5.09;0.39;-5.16;0.47;-5.2;;;;;;;;
833;19.9;25.9;0.9;8;Successful;Effective;No;No;No;No;No;No;0.0;-5.0;0.25;-5.09;0.39;-5.16;0.47;-5.2;;;;;;;;
834;19.9;25.9;0.9;10;Successful;Effective;No;No;No;No;No;No;0.0;-5.0;0.25;-5.09;0.39;-5.16;0.47;-5.2;;;;;;;;
835;19.9;25.9;1.0;5;Successful;Effective;No;No;No;No;No;No;0.0;-5.0;0.25;-5.09;0.39;-5.16;0.47;-5.2;;;;;;;;
836;19.9;25.9;1.0;8;Successful;Effective;No;No;No;No;No;No;0.0;-5.0;0.25;-5.09;0.39;-5.16;0.47;-5.2;;;;;;;;
837;19.9;25.9;1.0;10;Successful;Effective;No;No;No;No;No;No;0.0;-5.0;0.25;-5.09;0.39;-5.16;0.47;-5.2;;;;;;;;
838;19.9;25.9;1.1;5;Successful;Effective;No;No;No;No;No;No;0.0;-5.0;0.25;-5.09;0.39;-5.16;0.47;-5.2;;;;;;;;
839;19.9;25.9;1.1;8;Successful;Effective;No;No;No;No;No;No;0.0;-5.0;0.25;-5.09;0.39;-5.16;0.47;-5.2;;;;;;;;
840;19.9;25.9;1.1;10;Successful;Effective;No;No;No;No;No;No;0.0;-5.0;0.25;-5.09;0.39;-5.16;0.47;-5.2;;;;;;;;
841;20.0;26.0;0.5;5;Successful;Effective;No;No;No;No;No;No;0.0;-5.0;0.25;-5.09;0.39;-5.16;0.47;-5.2;;;;;;;;
842;20.0;26.0;0.5;8;Successful;Effective;No;No;No;No;No;No;0.0;-5.0;0.25;-5.09;0.39;-5.16;0.47;-5.2;;;;;;;;
843;20.0;26.0;0.5;10;Successful;Effective;No;No;No;No;No;No;0.0;-5.0;0.25;-5.09;0.39;-5.16;0.47;-5.2;;;;;;;;
844;20.0;26.0;0.6;5;Successful;Effective;No;No;No;No;No;No;0.0;-5.0;0.25;-5.09;0.39;-5.16;0.47;-5.2;;;;;;;;
845;20.0;26.0;0.6;8;Successful;Effective;No;No;No;No;No;No;0.0;-5.0;0.25;-5.09;0.39;-5.16;0.47;-5.2;;;;;;;;
846;20.0;26.0;0.6;10;Successful;Effective;No;No;No;No;No;No;0.0;-5.0;0.25;-5.09;0.39;-5.16;0.47;-5.2;;;;;;;;
847;20.0;26.0;0.7;5;Successful;Effective;No;No;No;No;No;No;0.0;-5.0;0.25;-5.09;0.39;-5.16;0.47;-5.2;;;;;;;;
848;20.0;26.0;0.7;8;Successful;Effective;No;No;No;No;No;No;0.0;-5.0;0.25;-5.09;0.39;-5.16;0.47;-5.2;;;;;;;;
849;20.0;26.0;0.7;10;Successful;Effective;No;No;No;No;No;No;0.0;-5.0;0.25;-5.09;0.39;-5.16;0.47;-5.2;;;;;;;;
850;20.0;26.0;0.8;5;Successful;Effective;No;No;No;No;No;No;0.0;-5.0;0.25;-5.09;0.39;-5.16;0.47;-5.2;;;;;;;;
851;20.0;26.0;0.8;8;Successful;Effective;No;No;No;No;No;No;0.0;-5.0;0.25;-5.09;0.39;-5.16;0.47;-5.2;;;;;;;;
852;20.0;26.0;0.8;10;Successful;Effective;No;No;No;No;No;No;0.0;-5.0;0.25;-5.09;0.39;-5.16;0.47;-5.2;;;;;;;;
853;20.0;26.0;0.9;5;Successful;Effective;No;No;No;No;No;No;0.0;-5.0;0.25;-5.09;0.39;-5.16;0.47;-5.2;;;;;;;;
854;20.0;26.0;0.9;8;Successful;Effective;No;No;No;No;No;No;0.0;-5.0;0.25;-5.09;0.39;-5.16;0.47;-5.2;;;;;;;;
855;20.0;26.0;0.9;10;Successful;Effective;No;No;No;No;No;No;0.0;-5.0;0.25;-5.09;0.39;-5.16;0.47;-5.2;;;;;;;;
856;20.0;26.0;1.0;5;Successful;Effective;No;No;No;No;No;No;0.0;-5.0;0.25;-5.09;0.39;-5.16;0.47;-5.2;;;;;;;;
857;20.0;26.0;1.0;8;Successful;Effective;No;No;No;No;No;No;0.0;-5.0;0.25;-5.09;0.39;-5.16;0.47;-5.2;;;;;;;;
858;20.0;26.0;1.0;10;Successful;Effective;No;No;No;No;No;No;0.0;-5.0;0.25;-5.09;0.39;-5.16;0.47;-5.2;;;;;;;;
859;20.0;26.0;1.1;5;Successful;Effective;No;No;No;No;No;No;0.0;-5.0;0.25;-5.09;0.39;-5.16;0.47;-5.2;;;;;;;;
860;20.0;26.0;1.1;8;Successful;Effective;No;No;No;No;No;No;0.0;-5.0;0.25;-5.09;0.39;-5.16;0.47;-5.2;;;;;;;;
861;20.0;26.0;1.1;10;Successful;Effective;No;No;No;No;No;No;0.0;-5.0;0.25;-5.09;0.39;-5.16;0.47;-5.2;;;;;;;;
862;20.1;26.1;0.5;5;Successful;Effective;No;No;No;No;No;No;0.0;-5.0;0.25;-5.09;0.39;-5.16;0.47;-5.2;;;;;;;;
863;20.1;26.1;0.5;8;Successful;Effective;No;No;No;No;No;No;0.0;-5.0;0.25;-5.09;0.39;-5.16;0.47;-5.2;;;;;;;;
864;20.1;26.1;0.5;10;Successful;Effective;No;No;No;No;No;No;0.0;-5.0;0.25;-5.09;0.39;-5.16;0.47;-5.2;;;;;;;;
865;20.1;26.1;0.6;5;Successful;Effective;No;No;No;No;No;No;0.0;-5.0;0.25;-5.09;0.39;-5.16;0.47;-5.2;;;;;;;;
866;20.1;26.1;0.6;8;Successful;Effective;No;No;No;No;No;No;0.0;-5.0;0.25;-5.09;0.39;-5.16;0.47;-5.2;;;;;;;;
867;20.1;26.1;0.6;10;Successful;Effective;No;No;No;No;No;No;0.0;-5.0;0.25;-5.09;0.39;-5.16;0.47;-5.2;;;;;;;;
868;20.1;26.1;0.7;5;Successful;Effective;No;No;No;No;No;No;0.0;-5.0;0.25;-5.09;0.39;-5.16;0.47;-5.2;;;;;;;;
869;20.1;26.1;0.7;8;Successful;Effective;No;No;No;No;No;No;0.0;-5.0;0.25;-5.09;0.39;-5.16;0.47;-5.2;;;;;;;;
870;20.1;26.1;0.7;10;Successful;Effective;No;No;No;No;No;No;0.0;-5.0;0.25;-5.09;0.39;-5.16;0.47;-5.2;;;;;;;;
871;20.1;26.1;0.8;5;Successful;Effective;No;No;No;No;No;No;0.0;-5.0;0.25;-5.09;0.39;-5.16;0.47;-5.2;;;;;;;;
872;20.1;26.1;0.8;8;Successful;Effective;No;No;No;No;No;No;0.0;-5.0;0.25;-5.09;0.39;-5.16;0.47;-5.2;;;;;;;;
873;20.1;26.1;0.8;10;Successful;Effective;No;No;No;No;No;No;0.0;-5.0;0.25;-5.09;0.39;-5.16;0.47;-5.2;;;;;;;;
874;20.1;26.1;0.9;5;Successful;Effective;No;No;No;No;No;No;0.0;-5.0;0.25;-5.09;0.39;-5.16;0.47;-5.2;;;;;;;;
875;20.1;26.1;0.9;8;Successful;Effective;No;No;No;No;No;No;0.0;-5.0;0.25;-5.09;0.39;-5.16;0.47;-5.2;;;;;;;;
876;20.1;26.1;0.9;10;Successful;Effective;No;No;No;No;No;No;0.0;-5.0;0.25;-5.09;0.39;-5.16;0.47;-5.2;;;;;;;;
877;20.1;26.1;1.0;5;Successful;Effective;No;No;No;No;No;No;0.0;-5.0;0.25;-5.09;0.39;-5.16;0.47;-5.2;;;;;;;;
878;20.1;26.1;1.0;8;Successful;Effective;No;No;No;No;No;No;0.0;-5.0;0.25;-5.09;0.39;-5.16;0.47;-5.2;;;;;;;;
879;20.1;26.1;1.0;10;Successful;Effective;No;No;No;No;No;No;0.0;-5.0;0.25;-5.09;0.39;-5.16;0.47;-5.2;;;;;;;;
880;20.1;26.1;1.1;5;Successful;Effective;No;No;No;No;No;No;0.0;-5.0;0.25;-5.09;0.39;-5.16;0.47;-5.2;;;;;;;;
881;20.1;26.1;1.1;8;Successful;Effective;No;No;No;No;No;No;0.0;-5.0;0.25;-5.09;0.39;-5.16;0.47;-5.2;;;;;;;;
882;20.1;26.1;1.1;10;Successful;Effective;No;No;No;No;No;No;0.0;-5.0;0.25;-5.09;0.39;-5.16;0.47;-5.2;;;;;;;;
883;20.2;26.2;0.5;5;Successful;Effective;No;No;No;No;No;No;0.0;-5.0;0.25;-5.09;0.39;-5.16;0.47;-5.2;;;;;;;;
884;20.2;26.2;0.5;8;Successful;Effective;No;No;No;No;No;No;0.0;-5.0;0.25;-5.09;0.39;-5.16;0.47;-5.2;;;;;;;;
885;20.2;26.2;0.5;10;Successful;Effective;No;No;No;No;No;No;0.0;-5.0;0.25;-5.09;0.39;-5.16;0.47;-5.2;;;;;;;;
886;20.2;26.2;0.6;5;Successful;Effective;No;No;No;No;No;No;0.0;-5.0;0.25;-5.09;0.39;-5.16;0.47;-5.2;;;;;;;;
887;20.2;26.2;0.6;8;Successful;Effective;No;No;No;No;No;No;0.0;-5.0;0.25;-5.09;0.39;-5.16;0.47;-5.2;;;;;;;;
888;20.2;26.2;0.6;10;Successful;Effective;No;No;No;No;No;No;0.0;-5.0;0.25;-5.09;0.39;-5.16;0.47;-5.2;;;;;;;;
889;20.2;26.2;0.7;5;Successful;Effective;No;No;No;No;No;No;0.0;-5.0;0.25;-5.09;0.39;-5.16;0.47;-5.2;;;;;;;;
890;20.2;26.2;0.7;8;Successful;Effective;No;No;No;No;No;No;0.0;-5.0;0.25;-5.09;0.39;-5.16;0.47;-5.2;;;;;;;;
891;20.2;26.2;0.7;10;Successful;Effective;No;No;No;No;No;No;0.0;-5.0;0.25;-5.09;0.39;-5.16;0.47;-5.2;;;;;;;;
892;20.2;26.2;0.8;5;Successful;Effective;No;No;No;No;No;No;0.0;-5.0;0.25;-5.09;0.39;-5.16;0.47;-5.2;;;;;;;;
893;20.2;26.2;0.8;8;Successful;Effective;No;No;No;No;No;No;0.0;-5.0;0.25;-5.09;0.39;-5.16;0.47;-5.2;;;;;;;;
894;20.2;26.2;0.8;10;Successful;Effective;No;No;No;No;No;No;0.0;-5.0;0.25;-5.09;0.39;-5.16;0.47;-5.2;;;;;;;;
895;20.2;26.2;0.9;5;Successful;Effective;No;No;No;No;No;No;0.0;-5.0;0.25;-5.09;0.39;-5.16;0.47;-5.2;;;;;;;;
896;20.2;26.2;0.9;8;Successful;Effective;No;No;No;No;No;No;0.0;-5.0;0.25;-5.09;0.39;-5.16;0.47;-5.2;;;;;;;;
897;20.2;26.2;0.9;10;Successful;Effective;No;No;No;No;No;No;0.0;-5.0;0.25;-5.09;0.39;-5.16;0.47;-5.2;;;;;;;;
898;20.2;26.2;1.0;5;Successful;Effective;No;No;No;No;No;No;0.0;-5.0;0.25;-5.09;0.39;-5.16;0.47;-5.2;;;;;;;;
899;20.2;26.2;1.0;8;Successful;Effective;No;No;No;No;No;No;0.0;-5.0;0.25;-5.09;0.39;-5.16;0.47;-5.2;;;;;;;;
900;20.2;26.2;1.0;10;Successful;Effective;No;No;No;No;No;No;0.0;-5.0;0.25;-5.09;0.39;-5.16;0.47;-5.2;;;;;;;;
901;20.2;26.2;1.1;5;Successful;Effective;No;No;No;No;No;No;0.0;-5.0;0.25;-5.09;0.39;-5.16;0.47;-5.2;;;;;;;;
902;20.2;26.2;1.1;8;Successful;Effective;No;No;No;No;No;No;0.0;-5.0;0.25;-5.09;0.39;-5.16;0.47;-5.2;;;;;;;;
903;20.2;26.2;1.1;10;Successful;Effective;No;No;No;No;No;No;0.0;-5.0;0.25;-5.09;0.39;-5.16;0.47;-5.2;;;;;;;;
904;20.3;26.3;0.5;5;Successful;Effective;No;No;No;No;No;No;0.0;-5.0;0.25;-5.09;0.39;-5.16;0.47;-5.2;;;;;;;;
905;20.3;26.3;0.5;8;Successful;Effective;No;No;No;No;No;No;0.0;-5.0;0.25;-5.09;0.39;-5.16;0.47;-5.2;;;;;;;;
906;20.3;26.3;0.5;10;Successful;Effective;No;No;No;No;No;No;0.0;-5.0;0.25;-5.09;0.39;-5.16;0.47;-5.2;;;;;;;;
907;20.3;26.3;0.6;5;Successful;Effective;No;No;No;No;No;No;0.0;-5.0;0.25;-5.09;0.39;-5.16;0.47;-5.2;;;;;;;;
908;20.3;26.3;0.6;8;Successful;Effective;No;No;No;No;No;No;0.0;-5.0;0.25;-5.09;0.39;-5.16;0.47;-5.2;;;;;;;;
909;20.3;26.3;0.6;10;Successful;Effective;No;No;No;No;No;No;0.0;-5.0;0.25;-5.09;0.39;-5.16;0.47;-5.2;;;;;;;;
910;20.3;26.3;0.7;5;Successful;Effective;No;No;No;No;No;No;0.0;-5.0;0.25;-5.09;0.39;-5.16;0.47;-5.2;;;;;;;;
911;20.3;26.3;0.7;8;Successful;Effective;No;No;No;No;No;No;0.0;-5.0;0.25;-5.09;0.39;-5.16;0.47;-5.2;;;;;;;;
912;20.3;26.3;0.7;10;Successful;Effective;No;No;No;No;No;No;0.0;-5.0;0.25;-5.09;0.39;-5.16;0.47;-5.2;;;;;;;;
913;20.3;26.3;0.8;5;Successful;Effective;No;No;No;No;No;No;0.0;-5.0;0.25;-5.09;0.39;-5.16;0.47;-5.2;;;;;;;;
914;20.3;26.3;0.8;8;Successful;Effective;No;No;No;No;No;No;0.0;-5.0;0.25;-5.09;0.39;-5.16;0.47;-5.2;;;;;;;;
915;20.3;26.3;0.8;10;Successful;Effective;No;No;No;No;No;No;0.0;-5.0;0.25;-5.09;0.39;-5.16;0.47;-5.2;;;;;;;;
916;20.3;26.3;0.9;5;Successful;Effective;No;No;No;No;No;No;0.0;-5.0;0.25;-5.09;0.39;-5.16;0.47;-5.2;;;;;;;;
917;20.3;26.3;0.9;8;Successful;Effective;No;No;No;No;No;No;0.0;-5.0;0.25;-5.09;0.39;-5.16;0.47;-5.2;;;;;;;;
918;20.3;26.3;0.9;10;Successful;Effective;No;No;No;No;No;No;0.0;-5.0;0.25;-5.09;0.39;-5.16;0.47;-5.2;;;;;;;;
919;20.3;26.3;1.0;5;Successful;Effective;No;No;No;No;No;No;0.0;-5.0;0.25;-5.09;0.39;-5.16;0.47;-5.2;;;;;;;;
920;20.3;26.3;1.0;8;Successful;Effective;No;No;No;No;No;No;0.0;-5.0;0.25;-5.09;0.39;-5.16;0.47;-5.2;;;;;;;;
921;20.3;26.3;1.0;10;Successful;Effective;No;No;No;No;No;No;0.0;-5.0;0.25;-5.09;0.39;-5.16;0.47;-5.2;;;;;;;;
922;20.3;26.3;1.1;5;Successful;Effective;No;No;No;No;No;No;0.0;-5.0;0.25;-5.09;0.39;-5.16;0.47;-5.2;;;;;;;;
923;20.3;26.3;1.1;8;Successful;Effective;No;No;No;No;No;No;0.0;-5.0;0.25;-5.09;0.39;-5.16;0.47;-5.2;;;;;;;;
924;20.3;26.3;1.1;10;Successful;Effective;No;No;No;No;No;No;0.0;-5.0;0.25;-5.09;0.39;-5.16;0.47;-5.2;;;;;;;;
925;20.4;26.4;0.5;5;Successful;Effective;No;No;No;No;No;No;0.0;-5.0;0.25;-5.09;0.39;-5.16;0.47;-5.2;;;;;;;;
926;20.4;26.4;0.5;8;Successful;Effective;No;No;No;No;No;No;0.0;-5.0;0.25;-5.09;0.39;-5.16;0.47;-5.2;;;;;;;;
927;20.4;26.4;0.5;10;Successful;Effective;No;No;No;No;No;No;0.0;-5.0;0.25;-5.09;0.39;-5.16;0.47;-5.2;;;;;;;;
928;20.4;26.4;0.6;5;Successful;Effective;No;No;No;No;No;No;0.0;-5.0;0.25;-5.09;0.39;-5.16;0.47;-5.2;;;;;;;;
929;20.4;26.4;0.6;8;Successful;Effective;No;No;No;No;No;No;0.0;-5.0;0.25;-5.09;0.39;-5.16;0.47;-5.2;;;;;;;;
930;20.4;26.4;0.6;10;Successful;Effective;No;No;No;No;No;No;0.0;-5.0;0.25;-5.09;0.39;-5.16;0.47;-5.2;;;;;;;;
931;20.4;26.4;0.7;5;Successful;Effective;No;No;No;No;No;No;0.0;-5.0;0.25;-5.09;0.39;-5.16;0.47;-5.2;;;;;;;;
932;20.4;26.4;0.7;8;Successful;Effective;No;No;No;No;No;No;0.0;-5.0;0.25;-5.09;0.39;-5.16;0.47;-5.2;;;;;;;;
933;20.4;26.4;0.7;10;Successful;Effective;No;No;No;No;No;No;0.0;-5.0;0.25;-5.09;0.39;-5.16;0.47;-5.2;;;;;;;;
934;20.4;26.4;0.8;5;Successful;Effective;No;No;No;No;No;No;0.0;-5.0;0.25;-5.09;0.39;-5.16;0.47;-5.2;;;;;;;;
935;20.4;26.4;0.8;8;Successful;Effective;No;No;No;No;No;No;0.0;-5.0;0.25;-5.09;0.39;-5.16;0.47;-5.2;;;;;;;;
936;20.4;26.4;0.8;10;Successful;Effective;No;No;No;No;No;No;0.0;-5.0;0.25;-5.09;0.39;-5.16;0.47;-5.2;;;;;;;;
937;20.4;26.4;0.9;5;Successful;Effective;No;No;No;No;No;No;0.0;-5.0;0.25;-5.09;0.39;-5.16;0.47;-5.2;;;;;;;;
938;20.4;26.4;0.9;8;Successful;Effective;No;No;No;No;No;No;0.0;-5.0;0.25;-5.09;0.39;-5.16;0.47;-5.2;;;;;;;;
939;20.4;26.4;0.9;10;Successful;Effective;No;No;No;No;No;No;0.0;-5.0;0.25;-5.09;0.39;-5.16;0.47;-5.2;;;;;;;;
940;20.4;26.4;1.0;5;Successful;Effective;No;No;No;No;No;No;0.0;-5.0;0.25;-5.09;0.39;-5.16;0.47;-5.2;;;;;;;;
941;20.4;26.4;1.0;8;Successful;Effective;No;No;No;No;No;No;0.0;-5.0;0.25;-5.09;0.39;-5.16;0.47;-5.2;;;;;;;;
942;20.4;26.4;1.0;10;Successful;Effective;No;No;No;No;No;No;0.0;-5.0;0.25;-5.09;0.39;-5.16;0.47;-5.2;;;;;;;;
943;20.4;26.4;1.1;5;Successful;Effective;No;No;No;No;No;No;0.0;-5.0;0.25;-5.09;0.39;-5.16;0.47;-5.2;;;;;;;;
944;20.4;26.4;1.1;8;Successful;Effective;No;No;No;No;No;No;0.0;-5.0;0.25;-5.09;0.39;-5.16;0.47;-5.2;;;;;;;;
945;20.4;26.4;1.1;10;Successful;Effective;No;No;No;No;No;No;0.0;-5.0;0.25;-5.09;0.39;-5.16;0.47;-5.2;;;;;;;;
946;20.5;26.5;0.5;5;Successful;Effective;No;No;No;No;No;No;0.0;-5.0;0.25;-5.09;0.39;-5.16;0.47;-5.2;;;;;;;;
947;20.5;26.5;0.5;8;Successful;Effective;No;No;No;No;No;No;0.0;-5.0;0.25;-5.09;0.39;-5.16;0.47;-5.2;;;;;;;;
948;20.5;26.5;0.5;10;Successful;Effective;No;No;No;No;No;No;0.0;-5.0;0.25;-5.09;0.39;-5.16;0.47;-5.2;;;;;;;;
949;20.5;26.5;0.6;5;Successful;Effective;No;No;No;No;No;No;0.0;-5.0;0.25;-5.09;0.39;-5.16;0.47;-5.2;;;;;;;;
950;20.5;26.5;0.6;8;Successful;Effective;No;No;No;No;No;No;0.0;-5.0;0.25;-5.09;0.39;-5.16;0.47;-5.2;;;;;;;;
951;20.5;26.5;0.6;10;Successful;Effective;No;No;No;No;No;No;0.0;-5.0;0.25;-5.09;0.39;-5.16;0.47;-5.2;;;;;;;;
952;20.5;26.5;0.7;5;Successful;Effective;No;No;No;No;No;No;0.0;-5.0;0.25;-5.09;0.39;-5.16;0.47;-5.2;;;;;;;;
953;20.5;26.5;0.7;8;Successful;Effective;No;No;No;No;No;No;0.0;-5.0;0.25;-5.09;0.39;-5.16;0.47;-5.2;;;;;;;;
954;20.5;26.5;0.7;10;Successful;Effective;No;No;No;No;No;No;0.0;-5.0;0.25;-5.09;0.39;-5.16;0.47;-5.2;;;;;;;;
955;20.5;26.5;0.8;5;Successful;Effective;No;No;No;No;No;No;0.0;-5.0;0.25;-5.09;0.39;-5.16;0.47;-5.2;;;;;;;;
956;20.5;26.5;0.8;8;Successful;Effective;No;No;No;No;No;No;0.0;-5.0;0.25;-5.09;0.39;-5.16;0.47;-5.2;;;;;;;;
957;20.5;26.5;0.8;10;Successful;Effective;No;No;No;No;No;No;0.0;-5.0;0.25;-5.09;0.39;-5.16;0.47;-5.2;;;;;;;;
958;20.5;26.5;0.9;5;Successful;Effective;No;No;No;No;No;No;0.0;-5.0;0.25;-5.09;0.39;-5.16;0.47;-5.2;;;;;;;;
959;20.5;26.5;0.9;8;Successful;Effective;No;No;No;No;No;No;0.0;-5.0;0.25;-5.09;0.39;-5.16;0.47;-5.2;;;;;;;;
960;20.5;26.5;0.9;10;Successful;Effective;No;No;No;No;No;No;0.0;-5.0;0.25;-5.09;0.39;-5.16;0.47;-5.2;;;;;;;;
961;20.5;26.5;1.0;5;Successful;Effective;No;No;No;No;No;No;0.0;-5.0;0.25;-5.09;0.39;-5.16;0.47;-5.2;;;;;;;;
962;20.5;26.5;1.0;8;Successful;Effective;No;No;No;No;No;No;0.0;-5.0;0.25;-5.09;0.39;-5.16;0.47;-5.2;;;;;;;;
963;20.5;26.5;1.0;10;Successful;Effective;No;No;No;No;No;No;0.0;-5.0;0.25;-5.09;0.39;-5.16;0.47;-5.2;;;;;;;;
964;20.5;26.5;1.1;5;Successful;Effective;No;No;No;No;No;No;0.0;-5.0;0.25;-5.09;0.39;-5.16;0.47;-5.2;;;;;;;;
965;20.5;26.5;1.1;8;Successful;Effective;No;No;No;No;No;No;0.0;-5.0;0.25;-5.09;0.39;-5.16;0.47;-5.2;;;;;;;;
966;20.5;26.5;1.1;10;Successful;Effective;No;No;No;No;No;No;0.0;-5.0;0.25;-5.09;0.39;-5.16;0.47;-5.2;;;;;;;;
967;20.6;26.6;0.5;5;Successful;Effective;No;No;No;No;No;No;0.0;-5.0;0.25;-5.09;0.39;-5.16;0.47;-5.2;;;;;;;;
968;20.6;26.6;0.5;8;Successful;Effective;No;No;No;No;No;No;0.0;-5.0;0.25;-5.09;0.39;-5.16;0.47;-5.2;;;;;;;;
969;20.6;26.6;0.5;10;Successful;Effective;No;No;No;No;No;No;0.0;-5.0;0.25;-5.09;0.39;-5.16;0.47;-5.2;;;;;;;;
970;20.6;26.6;0.6;5;Successful;Effective;No;No;No;No;No;No;0.0;-5.0;0.25;-5.09;0.39;-5.16;0.47;-5.2;;;;;;;;
971;20.6;26.6;0.6;8;Successful;Effective;No;No;No;No;No;No;0.0;-5.0;0.25;-5.09;0.39;-5.16;0.47;-5.2;;;;;;;;
972;20.6;26.6;0.6;10;Successful;Effective;No;No;No;No;No;No;0.0;-5.0;0.25;-5.09;0.39;-5.16;0.47;-5.2;;;;;;;;
973;20.6;26.6;0.7;5;Successful;Effective;No;No;No;No;No;No;0.0;-5.0;0.25;-5.09;0.39;-5.16;0.47;-5.2;;;;;;;;
974;20.6;26.6;0.7;8;Successful;Effective;No;No;No;No;No;No;0.0;-5.0;0.25;-5.09;0.39;-5.16;0.47;-5.2;;;;;;;;
975;20.6;26.6;0.7;10;Successful;Effective;No;No;No;No;No;No;0.0;-5.0;0.25;-5.09;0.39;-5.16;0.47;-5.2;;;;;;;;
976;20.6;26.6;0.8;5;Successful;Effective;No;No;No;No;No;No;0.0;-5.0;0.25;-5.09;0.39;-5.16;0.47;-5.2;;;;;;;;
977;20.6;26.6;0.8;8;Successful;Effective;No;No;No;No;No;No;0.0;-5.0;0.25;-5.09;0.39;-5.16;0.47;-5.2;;;;;;;;
978;20.6;26.6;0.8;10;Successful;Effective;No;No;No;No;No;No;0.0;-5.0;0.25;-5.09;0.39;-5.16;0.47;-5.2;;;;;;;;
979;20.6;26.6;0.9;5;Successful;Effective;No;No;No;No;No;No;0.0;-5.0;0.25;-5.09;0.39;-5.16;0.47;-5.2;;;;;;;;
980;20.6;26.6;0.9;8;Successful;Effective;No;No;No;No;No;No;0.0;-5.0;0.25;-5.09;0.39;-5.16;0.47;-5.2;;;;;;;;
981;20.6;26.6;0.9;10;Successful;Effective;No;No;No;No;No;No;0.0;-5.0;0.25;-5.09;0.39;-5.16;0.47;-5.2;;;;;;;;
982;20.6;26.6;1.0;5;Successful;Effective;No;No;No;No;No;No;0.0;-5.0;0.25;-5.09;0.39;-5.16;0.47;-5.2;;;;;;;;
983;20.6;26.6;1.0;8;Successful;Effective;No;No;No;No;No;No;0.0;-5.0;0.25;-5.09;0.39;-5.16;0.47;-5.2;;;;;;;;
984;20.6;26.6;1.0;10;Successful;Effective;No;No;No;No;No;No;0.0;-5.0;0.25;-5.09;0.39;-5.16;0.47;-5.2;;;;;;;;
985;20.6;26.6;1.1;5;Successful;Effective;No;No;No;No;No;No;0.0;-5.0;0.25;-5.09;0.39;-5.16;0.47;-5.2;;;;;;;;
986;20.6;26.6;1.1;8;Successful;Effective;No;No;No;No;No;No;0.0;-5.0;0.25;-5.09;0.39;-5.16;0.47;-5.2;;;;;;;;
987;20.6;26.6;1.1;10;Successful;Effective;No;No;No;No;No;No;0.0;-5.0;0.25;-5.09;0.39;-5.16;0.47;-5.2;;;;;;;;
988;20.7;26.7;0.5;5;Successful;Effective;No;No;No;No;No;No;0.0;-5.0;0.25;-5.09;0.39;-5.16;0.47;-5.2;;;;;;;;
989;20.7;26.7;0.5;8;Successful;Effective;No;No;No;No;No;No;0.0;-5.0;0.25;-5.09;0.39;-5.16;0.47;-5.2;;;;;;;;
990;20.7;26.7;0.5;10;Successful;Effective;No;No;No;No;No;No;0.0;-5.0;0.25;-5.09;0.39;-5.16;0.47;-5.2;;;;;;;;
991;20.7;26.7;0.6;5;Successful;Effective;No;No;No;No;No;No;0.0;-5.0;0.25;-5.09;0.39;-5.16;0.47;-5.2;;;;;;;;
992;20.7;26.7;0.6;8;Successful;Effective;No;No;No;No;No;No;0.0;-5.0;0.25;-5.09;0.39;-5.16;0.47;-5.2;;;;;;;;
993;20.7;26.7;0.6;10;Successful;Effective;No;No;No;No;No;No;0.0;-5.0;0.25;-5.09;0.39;-5.16;0.47;-5.2;;;;;;;;
994;20.7;26.7;0.7;5;Successful;Effective;No;No;No;No;No;No;0.0;-5.0;0.25;-5.09;0.39;-5.16;0.47;-5.2;;;;;;;;
995;20.7;26.7;0.7;8;Successful;Effective;No;No;No;No;No;No;0.0;-5.0;0.25;-5.09;0.39;-5.16;0.47;-5.2;;;;;;;;
996;20.7;26.7;0.7;10;Successful;Effective;No;No;No;No;No;No;0.0;-5.0;0.25;-5.09;0.39;-5.16;0.47;-5.2;;;;;;;;
997;20.7;26.7;0.8;5;Successful;Effective;No;No;No;No;No;No;0.0;-5.0;0.25;-5.09;0.39;-5.16;0.47;-5.2;;;;;;;;
998;20.7;26.7;0.8;8;Successful;Effective;No;No;No;No;No;No;0.0;-5.0;0.25;-5.09;0.39;-5.16;0.47;-5.2;;;;;;;;
999;20.7;26.7;0.8;10;Successful;Effective;No;No;No;No;No;No;0.0;-5.0;0.25;-5.09;0.39;-5.16;0.47;-5.2;;;;;;;;
1000;20.7;26.7;0.9;5;Successful;Effective;No;No;No;No;No;No;0.0;-5.0;0.25;-5.09;0.39;-5.16;0.47;-5.2;;;;;;;;
1001;20.7;26.7;0.9;8;Successful;Effective;No;No;No;No;No;No;0.0;-5.0;0.25;-5.09;0.39;-5.16;0.47;-5.2;;;;;;;;
1002;20.7;26.7;0.9;10;Successful;Effective;No;No;No;No;No;No;0.0;-5.0;0.25;-5.09;0.39;-5.16;0.47;-5.2;;;;;;;;
1003;20.7;26.7;1.0;5;Successful;Effective;No;No;No;No;No;No;0.0;-5.0;0.25;-5.09;0.39;-5.16;0.47;-5.2;;;;;;;;
1004;20.7;26.7;1.0;8;Successful;Effective;No;No;No;No;No;No;0.0;-5.0;0.25;-5.09;0.39;-5.16;0.47;-5.2;;;;;;;;
1005;20.7;26.7;1.0;10;Successful;Effective;No;No;No;No;No;No;0.0;-5.0;0.25;-5.09;0.39;-5.16;0.47;-5.2;;;;;;;;
1006;20.7;26.7;1.1;5;Successful;Effective;No;No;No;No;No;No;0.0;-5.0;0.25;-5.09;0.39;-5.16;0.47;-5.2;;;;;;;;
1007;20.7;26.7;1.1;8;Successful;Effective;No;No;No;No;No;No;0.0;-5.0;0.25;-5.09;0.39;-5.16;0.47;-5.2;;;;;;;;
1008;20.7;26.7;1.1;10;Successful;Effective;No;No;No;No;No;No;0.0;-5.0;0.25;-5.09;0.39;-5.16;0.47;-5.2;;;;;;;;
1009;20.8;26.8;0.5;5;Successful;Effective;No;No;No;No;No;No;0.0;-5.0;0.25;-5.09;0.39;-5.16;0.47;-5.2;;;;;;;;
1010;20.8;26.8;0.5;8;Successful;Effective;No;No;No;No;No;No;0.0;-5.0;0.25;-5.09;0.39;-5.16;0.47;-5.2;;;;;;;;
1011;20.8;26.8;0.5;10;Successful;Effective;No;No;No;No;No;No;0.0;-5.0;0.25;-5.09;0.39;-5.16;0.47;-5.2;;;;;;;;
1012;20.8;26.8;0.6;5;Successful;Effective;No;No;No;No;No;No;0.0;-5.0;0.25;-5.09;0.39;-5.16;0.47;-5.2;;;;;;;;
1013;20.8;26.8;0.6;8;Successful;Effective;No;No;No;No;No;No;0.0;-5.0;0.25;-5.09;0.39;-5.16;0.47;-5.2;;;;;;;;
1014;20.8;26.8;0.6;10;Successful;Effective;No;No;No;No;No;No;0.0;-5.0;0.25;-5.09;0.39;-5.16;0.47;-5.2;;;;;;;;
1015;20.8;26.8;0.7;5;Successful;Effective;No;No;No;No;No;No;0.0;-5.0;0.25;-5.09;0.39;-5.16;0.47;-5.2;;;;;;;;
1016;20.8;26.8;0.7;8;Successful;Effective;No;No;No;No;No;No;0.0;-5.0;0.25;-5.09;0.39;-5.16;0.47;-5.2;;;;;;;;
1017;20.8;26.8;0.7;10;Successful;Effective;No;No;No;No;No;No;0.0;-5.0;0.25;-5.09;0.39;-5.16;0.47;-5.2;;;;;;;;
1018;20.8;26.8;0.8;5;Successful;Effective;No;No;No;No;No;No;0.0;-5.0;0.25;-5.09;0.39;-5.16;0.47;-5.2;;;;;;;;
1019;20.8;26.8;0.8;8;Successful;Effective;No;No;No;No;No;No;0.0;-5.0;0.25;-5.09;0.39;-5.16;0.47;-5.2;;;;;;;;
1020;20.8;26.8;0.8;10;Successful;Effective;No;No;No;No;No;No;0.0;-5.0;0.25;-5.09;0.39;-5.16;0.47;-5.2;;;;;;;;
1021;20.8;26.8;0.9;5;Successful;Effective;No;No;No;No;No;No;0.0;-5.0;0.25;-5.09;0.39;-5.16;0.47;-5.2;;;;;;;;
1022;20.8;26.8;0.9;8;Successful;Effective;No;No;No;No;No;No;0.0;-5.0;0.25;-5.09;0.39;-5.16;0.47;-5.2;;;;;;;;
1023;20.8;26.8;0.9;10;Successful;Effective;No;No;No;No;No;No;0.0;-5.0;0.25;-5.09;0.39;-5.16;0.47;-5.2;;;;;;;;
1024;20.8;26.8;1.0;5;Successful;Effective;No;No;No;No;No;No;0.0;-5.0;0.25;-5.09;0.39;-5.16;0.47;-5.2;;;;;;;;
1025;20.8;26.8;1.0;8;Successful;Effective;No;No;No;No;No;No;0.0;-5.0;0.25;-5.09;0.39;-5.16;0.47;-5.2;;;;;;;;
1026;20.8;26.8;1.0;10;Successful;Effective;No;No;No;No;No;No;0.0;-5.0;0.25;-5.09;0.39;-5.16;0.47;-5.2;;;;;;;;
1027;20.8;26.8;1.1;5;Successful;Effective;No;No;No;No;No;No;0.0;-5.0;0.25;-5.09;0.39;-5.16;0.47;-5.2;;;;;;;;
1028;20.8;26.8;1.1;8;Successful;Effective;No;No;No;No;No;No;0.0;-5.0;0.25;-5.09;0.39;-5.16;0.47;-5.2;;;;;;;;
1029;20.8;26.8;1.1;10;Successful;Effective;No;No;No;No;No;No;0.0;-5.0;0.25;-5.09;0.39;-5.16;0.47;-5.2;;;;;;;;
1030;20.9;26.9;0.5;5;Successful;Effective;No;No;No;No;No;No;0.0;-5.0;0.25;-5.09;0.39;-5.16;0.47;-5.2;;;;;;;;
1031;20.9;26.9;0.5;8;Successful;Effective;No;No;No;No;No;No;0.0;-5.0;0.25;-5.09;0.39;-5.16;0.47;-5.2;;;;;;;;
1032;20.9;26.9;0.5;10;Successful;Effective;No;No;No;No;No;No;0.0;-5.0;0.25;-5.09;0.39;-5.16;0.47;-5.2;;;;;;;;
1033;20.9;26.9;0.6;5;Successful;Effective;No;No;No;No;No;No;0.0;-5.0;0.25;-5.09;0.39;-5.16;0.47;-5.2;;;;;;;;
1034;20.9;26.9;0.6;8;Successful;Effective;No;No;No;No;No;No;0.0;-5.0;0.25;-5.09;0.39;-5.16;0.47;-5.2;;;;;;;;
1035;20.9;26.9;0.6;10;Successful;Effective;No;No;No;No;No;No;0.0;-5.0;0.25;-5.09;0.39;-5.16;0.47;-5.2;;;;;;;;
1036;20.9;26.9;0.7;5;Successful;Effective;No;No;No;No;No;No;0.0;-5.0;0.25;-5.09;0.39;-5.16;0.47;-5.2;;;;;;;;
1037;20.9;26.9;0.7;8;Successful;Effective;No;No;No;No;No;No;0.0;-5.0;0.25;-5.09;0.39;-5.16;0.47;-5.2;;;;;;;;
1038;20.9;26.9;0.7;10;Successful;Effective;No;No;No;No;No;No;0.0;-5.0;0.25;-5.09;0.39;-5.16;0.47;-5.2;;;;;;;;
1039;20.9;26.9;0.8;5;Successful;Effective;No;No;No;No;No;No;0.0;-5.0;0.25;-5.09;0.39;-5.16;0.47;-5.2;;;;;;;;
1040;20.9;26.9;0.8;8;Successful;Effective;No;No;No;No;No;No;0.0;-5.0;0.25;-5.09;0.39;-5.16;0.47;-5.2;;;;;;;;
1041;20.9;26.9;0.8;10;Successful;Effective;No;No;No;No;No;No;0.0;-5.0;0.25;-5.09;0.39;-5.16;0.47;-5.2;;;;;;;;
1042;20.9;26.9;0.9;5;Successful;Effective;No;No;No;No;No;No;0.0;-5.0;0.25;-5.09;0.39;-5.16;0.47;-5.2;;;;;;;;
1043;20.9;26.9;0.9;8;Successful;Effective;No;No;No;No;No;No;0.0;-5.0;0.25;-5.09;0.39;-5.16;0.47;-5.2;;;;;;;;
1044;20.9;26.9;0.9;10;Successful;Effective;No;No;No;No;No;No;0.0;-5.0;0.25;-5.09;0.39;-5.16;0.47;-5.2;;;;;;;;
1045;20.9;26.9;1.0;5;Successful;Effective;No;No;No;No;No;No;0.0;-5.0;0.25;-5.09;0.39;-5.16;0.47;-5.2;;;;;;;;
1046;20.9;26.9;1.0;8;Successful;Effective;No;No;No;No;No;No;0.0;-5.0;0.25;-5.09;0.39;-5.16;0.47;-5.2;;;;;;;;
1047;20.9;26.9;1.0;10;Successful;Effective;No;No;No;No;No;No;0.0;-5.0;0.25;-5.09;0.39;-5.16;0.47;-5.2;;;;;;;;
1048;20.9;26.9;1.1;5;Successful;Effective;No;No;No;No;No;No;0.0;-5.0;0.25;-5.09;0.39;-5.16;0.47;-5.2;;;;;;;;
1049;20.9;26.9;1.1;8;Successful;Effective;No;No;No;No;No;No;0.0;-5.0;0.25;-5.09;0.39;-5.16;0.47;-5.2;;;;;;;;
1050;20.9;26.9;1.1;10;Successful;Effective;No;No;No;No;No;No;0.0;-5.0;0.25;-5.09;0.39;-5.16;0.47;-5.2;;;;;;;;
1051;21.0;27.0;0.5;5;Successful;Effective;No;No;No;No;No;No;0.0;-5.0;0.25;-5.09;0.39;-5.16;0.47;-5.2;;;;;;;;
1052;21.0;27.0;0.5;8;Successful;Effective;No;No;No;No;No;No;0.0;-5.0;0.25;-5.09;0.39;-5.16;0.47;-5.2;;;;;;;;
1053;21.0;27.0;0.5;10;Successful;Effective;No;No;No;No;No;No;0.0;-5.0;0.25;-5.09;0.39;-5.16;0.47;-5.2;;;;;;;;
1054;21.0;27.0;0.6;5;Successful;Effective;No;No;No;No;No;No;0.0;-5.0;0.25;-5.09;0.39;-5.16;0.47;-5.2;;;;;;;;
1055;21.0;27.0;0.6;8;Successful;Effective;No;No;No;No;No;No;0.0;-5.0;0.25;-5.09;0.39;-5.16;0.47;-5.2;;;;;;;;
1056;21.0;27.0;0.6;10;Successful;Effective;No;No;No;No;No;No;0.0;-5.0;0.25;-5.09;0.39;-5.16;0.47;-5.2;;;;;;;;
1057;21.0;27.0;0.7;5;Successful;Effective;No;No;No;No;No;No;0.0;-5.0;0.25;-5.09;0.39;-5.16;0.47;-5.2;;;;;;;;
1058;21.0;27.0;0.7;8;Successful;Effective;No;No;No;No;No;No;0.0;-5.0;0.25;-5.09;0.39;-5.16;0.47;-5.2;;;;;;;;
1059;21.0;27.0;0.7;10;Successful;Effective;No;No;No;No;No;No;0.0;-5.0;0.25;-5.09;0.39;-5.16;0.47;-5.2;;;;;;;;
1060;21.0;27.0;0.8;5;Successful;Effective;No;No;No;No;No;No;0.0;-5.0;0.25;-5.09;0.39;-5.16;0.47;-5.2;;;;;;;;
1061;21.0;27.0;0.8;8;Successful;Effective;No;No;No;No;No;No;0.0;-5.0;0.25;-5.09;0.39;-5.16;0.47;-5.2;;;;;;;;
1062;21.0;27.0;0.8;10;Successful;Effective;No;No;No;No;No;No;0.0;-5.0;0.25;-5.09;0.39;-5.16;0.47;-5.2;;;;;;;;
1063;21.0;27.0;0.9;5;Successful;Effective;No;No;No;No;No;No;0.0;-5.0;0.25;-5.09;0.39;-5.16;0.47;-5.2;;;;;;;;
1064;21.0;27.0;0.9;8;Successful;Effective;No;No;No;No;No;No;0.0;-5.0;0.25;-5.09;0.39;-5.16;0.47;-5.2;;;;;;;;
1065;21.0;27.0;0.9;10;Successful;Effective;No;No;No;No;No;No;0.0;-5.0;0.25;-5.09;0.39;-5.16;0.47;-5.2;;;;;;;;
1066;21.0;27.0;1.0;5;Successful;Effective;No;No;No;No;No;No;0.0;-5.0;0.25;-5.09;0.39;-5.16;0.47;-5.2;;;;;;;;
1067;21.0;27.0;1.0;8;Successful;Effective;No;No;No;No;No;No;0.0;-5.0;0.25;-5.09;0.39;-5.16;0.47;-5.2;;;;;;;;
1068;21.0;27.0;1.0;10;Successful;Effective;No;No;No;No;No;No;0.0;-5.0;0.25;-5.09;0.39;-5.16;0.47;-5.2;;;;;;;;
1069;21.0;27.0;1.1;5;Successful;Effective;No;No;No;No;No;No;0.0;-5.0;0.25;-5.09;0.39;-5.16;0.47;-5.2;;;;;;;;
1070;21.0;27.0;1.1;8;Successful;Effective;No;No;No;No;No;No;0.0;-5.0;0.25;-5.09;0.39;-5.16;0.47;-5.2;;;;;;;;
1071;21.0;27.0;1.1;10;Successful;Effective;No;No;No;No;No;No;0.0;-5.0;0.25;-5.09;0.39;-5.16;0.47;-5.2;;;;;;;;
1072;21.1;27.1;0.5;5;Successful;Effective;No;No;No;No;No;No;0.0;-5.0;0.25;-5.09;0.39;-5.16;0.47;-5.2;;;;;;;;
1073;21.1;27.1;0.5;8;Successful;Effective;No;No;No;No;No;No;0.0;-5.0;0.25;-5.09;0.39;-5.16;0.47;-5.2;;;;;;;;
1074;21.1;27.1;0.5;10;Successful;Effective;No;No;No;No;No;No;0.0;-5.0;0.25;-5.09;0.39;-5.16;0.47;-5.2;;;;;;;;
1075;21.1;27.1;0.6;5;Successful;Effective;No;No;No;No;No;No;0.0;-5.0;0.25;-5.09;0.39;-5.16;0.47;-5.2;;;;;;;;
1076;21.1;27.1;0.6;8;Successful;Effective;No;No;No;No;No;No;0.0;-5.0;0.25;-5.09;0.39;-5.16;0.47;-5.2;;;;;;;;
1077;21.1;27.1;0.6;10;Successful;Effective;No;No;No;No;No;No;0.0;-5.0;0.25;-5.09;0.39;-5.16;0.47;-5.2;;;;;;;;
1078;21.1;27.1;0.7;5;Successful;Effective;No;No;No;No;No;No;0.0;-5.0;0.25;-5.09;0.39;-5.16;0.47;-5.2;;;;;;;;
1079;21.1;27.1;0.7;8;Successful;Effective;No;No;No;No;No;No;0.0;-5.0;0.25;-5.09;0.39;-5.16;0.47;-5.2;;;;;;;;
1080;21.1;27.1;0.7;10;Successful;Effective;No;No;No;No;No;No;0.0;-5.0;0.25;-5.09;0.39;-5.16;0.47;-5.2;;;;;;;;
1081;21.1;27.1;0.8;5;Successful;Effective;No;No;No;No;No;No;0.0;-5.0;0.25;-5.09;0.39;-5.16;0.47;-5.2;;;;;;;;
1082;21.1;27.1;0.8;8;Successful;Effective;No;No;No;No;No;No;0.0;-5.0;0.25;-5.09;0.39;-5.16;0.47;-5.2;;;;;;;;
1083;21.1;27.1;0.8;10;Successful;Effective;No;No;No;No;No;No;0.0;-5.0;0.25;-5.09;0.39;-5.16;0.47;-5.2;;;;;;;;
1084;21.1;27.1;0.9;5;Successful;Effective;No;No;No;No;No;No;0.0;-5.0;0.25;-5.09;0.39;-5.16;0.47;-5.2;;;;;;;;
1085;21.1;27.1;0.9;8;Successful;Effective;No;No;No;No;No;No;0.0;-5.0;0.25;-5.09;0.39;-5.16;0.47;-5.2;;;;;;;;
1086;21.1;27.1;0.9;10;Successful;Effective;No;No;No;No;No;No;0.0;-5.0;0.25;-5.09;0.39;-5.16;0.47;-5.2;;;;;;;;
1087;21.1;27.1;1.0;5;Successful;Effective;No;No;No;No;No;No;0.0;-5.0;0.25;-5.09;0.39;-5.16;0.47;-5.2;;;;;;;;
1088;21.1;27.1;1.0;8;Successful;Effective;No;No;No;No;No;No;0.0;-5.0;0.25;-5.09;0.39;-5.16;0.47;-5.2;;;;;;;;
1089;21.1;27.1;1.0;10;Successful;Effective;No;No;No;No;No;No;0.0;-5.0;0.25;-5.09;0.39;-5.16;0.47;-5.2;;;;;;;;
1090;21.1;27.1;1.1;5;Successful;Effective;No;No;No;No;No;No;0.0;-5.0;0.25;-5.09;0.39;-5.16;0.47;-5.2;;;;;;;;
1091;21.1;27.1;1.1;8;Successful;Effective;No;No;No;No;No;No;0.0;-5.0;0.25;-5.09;0.39;-5.16;0.47;-5.2;;;;;;;;
1092;21.1;27.1;1.1;10;Successful;Effective;No;No;No;No;No;No;0.0;-5.0;0.25;-5.09;0.39;-5.16;0.47;-5.2;;;;;;;;
1093;21.2;27.2;0.5;5;Successful;Effective;No;No;No;No;No;No;0.0;-5.0;0.25;-5.09;0.39;-5.16;0.47;-5.2;;;;;;;;
1094;21.2;27.2;0.5;8;Successful;Effective;No;No;No;No;No;No;0.0;-5.0;0.25;-5.09;0.39;-5.16;0.47;-5.2;;;;;;;;
1095;21.2;27.2;0.5;10;Successful;Effective;No;No;No;No;No;No;0.0;-5.0;0.25;-5.09;0.39;-5.16;0.47;-5.2;;;;;;;;
1096;21.2;27.2;0.6;5;Successful;Effective;No;No;No;No;No;No;0.0;-5.0;0.25;-5.09;0.39;-5.16;0.47;-5.2;;;;;;;;
1097;21.2;27.2;0.6;8;Successful;Effective;No;No;No;No;No;No;0.0;-5.0;0.25;-5.09;0.39;-5.16;0.47;-5.2;;;;;;;;
1098;21.2;27.2;0.6;10;Successful;Effective;No;No;No;No;No;No;0.0;-5.0;0.25;-5.09;0.39;-5.16;0.47;-5.2;;;;;;;;
1099;21.2;27.2;0.7;5;Successful;Effective;No;No;No;No;No;No;0.0;-5.0;0.25;-5.09;0.39;-5.16;0.47;-5.2;;;;;;;;
1100;21.2;27.2;0.7;8;Successful;Effective;No;No;No;No;No;No;0.0;-5.0;0.25;-5.09;0.39;-5.16;0.47;-5.2;;;;;;;;
1101;21.2;27.2;0.7;10;Successful;Effective;No;No;No;No;No;No;0.0;-5.0;0.25;-5.09;0.39;-5.16;0.47;-5.2;;;;;;;;
1102;21.2;27.2;0.8;5;Successful;Effective;No;No;No;No;No;No;0.0;-5.0;0.25;-5.09;0.39;-5.16;0.47;-5.2;;;;;;;;
1103;21.2;27.2;0.8;8;Successful;Effective;No;No;No;No;No;No;0.0;-5.0;0.25;-5.09;0.39;-5.16;0.47;-5.2;;;;;;;;
1104;21.2;27.2;0.8;10;Successful;Effective;No;No;No;No;No;No;0.0;-5.0;0.25;-5.09;0.39;-5.16;0.47;-5.2;;;;;;;;
1105;21.2;27.2;0.9;5;Successful;Effective;No;No;No;No;No;No;0.0;-5.0;0.25;-5.09;0.39;-5.16;0.47;-5.2;;;;;;;;
1106;21.2;27.2;0.9;8;Successful;Effective;No;No;No;No;No;No;0.0;-5.0;0.25;-5.09;0.39;-5.16;0.47;-5.2;;;;;;;;
1107;21.2;27.2;0.9;10;Successful;Effective;No;No;No;No;No;No;0.0;-5.0;0.25;-5.09;0.39;-5.16;0.47;-5.2;;;;;;;;
1108;21.2;27.2;1.0;5;Successful;Effective;No;No;No;No;No;No;0.0;-5.0;0.25;-5.09;0.39;-5.16;0.47;-5.2;;;;;;;;
1109;21.2;27.2;1.0;8;Successful;Effective;No;No;No;No;No;No;0.0;-5.0;0.25;-5.09;0.39;-5.16;0.47;-5.2;;;;;;;;
1110;21.2;27.2;1.0;10;Successful;Effective;No;No;No;No;No;No;0.0;-5.0;0.25;-5.09;0.39;-5.16;0.47;-5.2;;;;;;;;
1111;21.2;27.2;1.1;5;Successful;Effective;No;No;No;No;No;No;0.0;-5.0;0.25;-5.09;0.39;-5.16;0.47;-5.2;;;;;;;;
1112;21.2;27.2;1.1;8;Successful;Effective;No;No;No;No;No;No;0.0;-5.0;0.25;-5.09;0.39;-5.16;0.47;-5.2;;;;;;;;
1113;21.2;27.2;1.1;10;Successful;Effective;No;No;No;No;No;No;0.0;-5.0;0.25;-5.09;0.39;-5.16;0.47;-5.2;;;;;;;;
1114;21.3;27.3;0.5;5;Successful;Effective;No;No;No;No;No;No;0.0;-5.0;0.25;-5.09;0.39;-5.16;0.47;-5.2;;;;;;;;
1115;21.3;27.3;0.5;8;Successful;Effective;No;No;No;No;No;No;0.0;-5.0;0.25;-5.09;0.39;-5.16;0.47;-5.2;;;;;;;;
1116;21.3;27.3;0.5;10;Successful;Effective;No;No;No;No;No;No;0.0;-5.0;0.25;-5.09;0.39;-5.16;0.47;-5.2;;;;;;;;
1117;21.3;27.3;0.6;5;Successful;Effective;No;No;No;No;No;No;0.0;-5.0;0.25;-5.09;0.39;-5.16;0.47;-5.2;;;;;;;;
1118;21.3;27.3;0.6;8;Successful;Effective;No;No;No;No;No;No;0.0;-5.0;0.25;-5.09;0.39;-5.16;0.47;-5.2;;;;;;;;
1119;21.3;27.3;0.6;10;Successful;Effective;No;No;No;No;No;No;0.0;-5.0;0.25;-5.09;0.39;-5.16;0.47;-5.2;;;;;;;;
1120;21.3;27.3;0.7;5;Successful;Effective;No;No;No;No;No;No;0.0;-5.0;0.25;-5.09;0.39;-5.16;0.47;-5.2;;;;;;;;
1121;21.3;27.3;0.7;8;Successful;Effective;No;No;No;No;No;No;0.0;-5.0;0.25;-5.09;0.39;-5.16;0.47;-5.2;;;;;;;;
1122;21.3;27.3;0.7;10;Successful;Effective;No;No;No;No;No;No;0.0;-5.0;0.25;-5.09;0.39;-5.16;0.47;-5.2;;;;;;;;
1123;21.3;27.3;0.8;5;Successful;Effective;No;No;No;No;No;No;0.0;-5.0;0.25;-5.09;0.39;-5.16;0.47;-5.2;;;;;;;;
1124;21.3;27.3;0.8;8;Successful;Effective;No;No;No;No;No;No;0.0;-5.0;0.25;-5.09;0.39;-5.16;0.47;-5.2;;;;;;;;
1125;21.3;27.3;0.8;10;Successful;Effective;No;No;No;No;No;No;0.0;-5.0;0.25;-5.09;0.39;-5.16;0.47;-5.2;;;;;;;;
1126;21.3;27.3;0.9;5;Successful;Effective;No;No;No;No;No;No;0.0;-5.0;0.25;-5.09;0.39;-5.16;0.47;-5.2;;;;;;;;
1127;21.3;27.3;0.9;8;Successful;Effective;No;No;No;No;No;No;0.0;-5.0;0.25;-5.09;0.39;-5.16;0.47;-5.2;;;;;;;;
1128;21.3;27.3;0.9;10;Successful;Effective;No;No;No;No;No;No;0.0;-5.0;0.25;-5.09;0.39;-5.16;0.47;-5.2;;;;;;;;
1129;21.3;27.3;1.0;5;Successful;Effective;No;No;No;No;No;No;0.0;-5.0;0.25;-5.09;0.39;-5.16;0.47;-5.2;;;;;;;;
1130;21.3;27.3;1.0;8;Successful;Effective;No;No;No;No;No;No;0.0;-5.0;0.25;-5.09;0.39;-5.16;0.47;-5.2;;;;;;;;
1131;21.3;27.3;1.0;10;Successful;Effective;No;No;No;No;No;No;0.0;-5.0;0.25;-5.09;0.39;-5.16;0.47;-5.2;;;;;;;;
1132;21.3;27.3;1.1;5;Successful;Effective;No;No;No;No;No;No;0.0;-5.0;0.25;-5.09;0.39;-5.16;0.47;-5.2;;;;;;;;
1133;21.3;27.3;1.1;8;Successful;Effective;No;No;No;No;No;No;0.0;-5.0;0.25;-5.09;0.39;-5.16;0.47;-5.2;;;;;;;;
1134;21.3;27.3;1.1;10;Successful;Effective;No;No;No;No;No;No;0.0;-5.0;0.25;-5.09;0.39;-5.16;0.47;-5.2;;;;;;;;
1135;21.4;27.4;0.5;5;Successful;Effective;No;No;No;No;No;No;0.0;-5.0;0.25;-5.09;0.39;-5.16;0.47;-5.2;;;;;;;;
1136;21.4;27.4;0.5;8;Successful;Effective;No;No;No;No;No;No;0.0;-5.0;0.25;-5.09;0.39;-5.16;0.47;-5.2;;;;;;;;
1137;21.4;27.4;0.5;10;Successful;Effective;No;No;No;No;No;No;0.0;-5.0;0.25;-5.09;0.39;-5.16;0.47;-5.2;;;;;;;;
1138;21.4;27.4;0.6;5;Successful;Effective;No;No;No;No;No;No;0.0;-5.0;0.25;-5.09;0.39;-5.16;0.47;-5.2;;;;;;;;
1139;21.4;27.4;0.6;8;Successful;Effective;No;No;No;No;No;No;0.0;-5.0;0.25;-5.09;0.39;-5.16;0.47;-5.2;;;;;;;;
1140;21.4;27.4;0.6;10;Successful;Effective;No;No;No;No;No;No;0.0;-5.0;0.25;-5.09;0.39;-5.16;0.47;-5.2;;;;;;;;
1141;21.4;27.4;0.7;5;Successful;Effective;No;No;No;No;No;No;0.0;-5.0;0.25;-5.09;0.39;-5.16;0.47;-5.2;;;;;;;;
1142;21.4;27.4;0.7;8;Successful;Effective;No;No;No;No;No;No;0.0;-5.0;0.25;-5.09;0.39;-5.16;0.47;-5.2;;;;;;;;
1143;21.4;27.4;0.7;10;Successful;Effective;No;No;No;No;No;No;0.0;-5.0;0.25;-5.09;0.39;-5.16;0.47;-5.2;;;;;;;;
1144;21.4;27.4;0.8;5;Successful;Effective;No;No;No;No;No;No;0.0;-5.0;0.25;-5.09;0.39;-5.16;0.47;-5.2;;;;;;;;
1145;21.4;27.4;0.8;8;Successful;Effective;No;No;No;No;No;No;0.0;-5.0;0.25;-5.09;0.39;-5.16;0.47;-5.2;;;;;;;;
1146;21.4;27.4;0.8;10;Successful;Effective;No;No;No;No;No;No;0.0;-5.0;0.25;-5.09;0.39;-5.16;0.47;-5.2;;;;;;;;
1147;21.4;27.4;0.9;5;Successful;Effective;No;No;No;No;No;No;0.0;-5.0;0.25;-5.09;0.39;-5.16;0.47;-5.2;;;;;;;;
1148;21.4;27.4;0.9;8;Successful;Effective;No;No;No;No;No;No;0.0;-5.0;0.25;-5.09;0.39;-5.16;0.47;-5.2;;;;;;;;
1149;21.4;27.4;0.9;10;Successful;Effective;No;No;No;No;No;No;0.0;-5.0;0.25;-5.09;0.39;-5.16;0.47;-5.2;;;;;;;;
1150;21.4;27.4;1.0;5;Successful;Effective;No;No;No;No;No;No;0.0;-5.0;0.25;-5.09;0.39;-5.16;0.47;-5.2;;;;;;;;
1151;21.4;27.4;1.0;8;Successful;Effective;No;No;No;No;No;No;0.0;-5.0;0.25;-5.09;0.39;-5.16;0.47;-5.2;;;;;;;;
1152;21.4;27.4;1.0;10;Successful;Effective;No;No;No;No;No;No;0.0;-5.0;0.25;-5.09;0.39;-5.16;0.47;-5.2;;;;;;;;
1153;21.4;27.4;1.1;5;Successful;Effective;No;No;No;No;No;No;0.0;-5.0;0.25;-5.09;0.39;-5.16;0.47;-5.2;;;;;;;;
1154;21.4;27.4;1.1;8;Successful;Effective;No;No;No;No;No;No;0.0;-5.0;0.25;-5.09;0.39;-5.16;0.47;-5.2;;;;;;;;
1155;21.4;27.4;1.1;10;Successful;Effective;No;No;No;No;No;No;0.0;-5.0;0.25;-5.09;0.39;-5.16;0.47;-5.2;;;;;;;;
1156;21.5;27.5;0.5;5;Successful;Effective;No;No;No;No;No;No;0.0;-5.0;0.25;-5.09;0.39;-5.16;0.47;-5.2;;;;;;;;
1157;21.5;27.5;0.5;8;Successful;Effective;No;No;No;No;No;No;0.0;-5.0;0.25;-5.09;0.39;-5.16;0.47;-5.2;;;;;;;;
1158;21.5;27.5;0.5;10;Successful;Effective;No;No;No;No;No;No;0.0;-5.0;0.25;-5.09;0.39;-5.16;0.47;-5.2;;;;;;;;
1159;21.5;27.5;0.6;5;Successful;Effective;No;No;No;No;No;No;0.0;-5.0;0.25;-5.09;0.39;-5.16;0.47;-5.2;;;;;;;;
1160;21.5;27.5;0.6;8;Successful;Effective;No;No;No;No;No;No;0.0;-5.0;0.25;-5.09;0.39;-5.16;0.47;-5.2;;;;;;;;
1161;21.5;27.5;0.6;10;Successful;Effective;No;No;No;No;No;No;0.0;-5.0;0.25;-5.09;0.39;-5.16;0.47;-5.2;;;;;;;;
1162;21.5;27.5;0.7;5;Successful;Effective;No;No;No;No;No;No;0.0;-5.0;0.25;-5.09;0.39;-5.16;0.47;-5.2;;;;;;;;
1163;21.5;27.5;0.7;8;Successful;Effective;No;No;No;No;No;No;0.0;-5.0;0.25;-5.09;0.39;-5.16;0.47;-5.2;;;;;;;;
1164;21.5;27.5;0.7;10;Successful;Effective;No;No;No;No;No;No;0.0;-5.0;0.25;-5.09;0.39;-5.16;0.47;-5.2;;;;;;;;
1165;21.5;27.5;0.8;5;Successful;Effective;No;No;No;No;No;No;0.0;-5.0;0.25;-5.09;0.39;-5.16;0.47;-5.2;;;;;;;;
1166;21.5;27.5;0.8;8;Successful;Effective;No;No;No;No;No;No;0.0;-5.0;0.25;-5.09;0.39;-5.16;0.47;-5.2;;;;;;;;
1167;21.5;27.5;0.8;10;Successful;Effective;No;No;No;No;No;No;0.0;-5.0;0.25;-5.09;0.39;-5.16;0.47;-5.2;;;;;;;;
1168;21.5;27.5;0.9;5;Successful;Effective;No;No;No;No;No;No;0.0;-5.0;0.25;-5.09;0.39;-5.16;0.47;-5.2;;;;;;;;
1169;21.5;27.5;0.9;8;Successful;Effective;No;No;No;No;No;No;0.0;-5.0;0.25;-5.09;0.39;-5.16;0.47;-5.2;;;;;;;;
1170;21.5;27.5;0.9;10;Successful;Effective;No;No;No;No;No;No;0.0;-5.0;0.25;-5.09;0.39;-5.16;0.47;-5.2;;;;;;;;
1171;21.5;27.5;1.0;5;Successful;Effective;No;No;No;No;No;No;0.0;-5.0;0.25;-5.09;0.39;-5.16;0.47;-5.2;;;;;;;;
1172;21.5;27.5;1.0;8;Successful;Effective;No;No;No;No;No;No;0.0;-5.0;0.25;-5.09;0.39;-5.16;0.47;-5.2;;;;;;;;
1173;21.5;27.5;1.0;10;Successful;Effective;No;No;No;No;No;No;0.0;-5.0;0.25;-5.09;0.39;-5.16;0.47;-5.2;;;;;;;;
1174;21.5;27.5;1.1;5;Successful;Effective;No;No;No;No;No;No;0.0;-5.0;0.25;-5.09;0.39;-5.16;0.47;-5.2;;;;;;;;
1175;21.5;27.5;1.1;8;Successful;Effective;No;No;No;No;No;No;0.0;-5.0;0.25;-5.09;0.39;-5.16;0.47;-5.2;;;;;;;;
1176;21.5;27.5;1.1;10;Successful;Effective;No;No;No;No;No;No;0.0;-5.0;0.25;-5.09;0.39;-5.16;0.47;-5.2;;;;;;;;
1177;21.6;27.6;0.5;5;Successful;Effective;No;No;No;No;No;No;0.0;-5.0;0.25;-5.09;0.39;-5.16;0.47;-5.2;;;;;;;;
1178;21.6;27.6;0.5;8;Successful;Effective;No;No;No;No;No;No;0.0;-5.0;0.25;-5.09;0.39;-5.16;0.47;-5.2;;;;;;;;
1179;21.6;27.6;0.5;10;Successful;Effective;No;No;No;No;No;No;0.0;-5.0;0.25;-5.09;0.39;-5.16;0.47;-5.2;;;;;;;;
1180;21.6;27.6;0.6;5;Successful;Effective;No;No;No;No;No;No;0.0;-5.0;0.25;-5.09;0.39;-5.16;0.47;-5.2;;;;;;;;
1181;21.6;27.6;0.6;8;Successful;Effective;No;No;No;No;No;No;0.0;-5.0;0.25;-5.09;0.39;-5.16;0.47;-5.2;;;;;;;;
1182;21.6;27.6;0.6;10;Successful;Effective;No;No;No;No;No;No;0.0;-5.0;0.25;-5.09;0.39;-5.16;0.47;-5.2;;;;;;;;
1183;21.6;27.6;0.7;5;Successful;Effective;No;No;No;No;No;No;0.0;-5.0;0.25;-5.09;0.39;-5.16;0.47;-5.2;;;;;;;;
1184;21.6;27.6;0.7;8;Successful;Effective;No;No;No;No;No;No;0.0;-5.0;0.25;-5.09;0.39;-5.16;0.47;-5.2;;;;;;;;
1185;21.6;27.6;0.7;10;Successful;Effective;No;No;No;No;No;No;0.0;-5.0;0.25;-5.09;0.39;-5.16;0.47;-5.2;;;;;;;;
1186;21.6;27.6;0.8;5;Successful;Effective;No;No;No;No;No;No;0.0;-5.0;0.25;-5.09;0.39;-5.16;0.47;-5.2;;;;;;;;
1187;21.6;27.6;0.8;8;Successful;Effective;No;No;No;No;No;No;0.0;-5.0;0.25;-5.09;0.39;-5.16;0.47;-5.2;;;;;;;;
1188;21.6;27.6;0.8;10;Successful;Effective;No;No;No;No;No;No;0.0;-5.0;0.25;-5.09;0.39;-5.16;0.47;-5.2;;;;;;;;
1189;21.6;27.6;0.9;5;Successful;Effective;No;No;No;No;No;No;0.0;-5.0;0.25;-5.09;0.39;-5.16;0.47;-5.2;;;;;;;;
1190;21.6;27.6;0.9;8;Successful;Effective;No;No;No;No;No;No;0.0;-5.0;0.25;-5.09;0.39;-5.16;0.47;-5.2;;;;;;;;
1191;21.6;27.6;0.9;10;Successful;Effective;No;No;No;No;No;No;0.0;-5.0;0.25;-5.09;0.39;-5.16;0.47;-5.2;;;;;;;;
1192;21.6;27.6;1.0;5;Successful;Effective;No;No;No;No;No;No;0.0;-5.0;0.25;-5.09;0.39;-5.16;0.47;-5.2;;;;;;;;
1193;21.6;27.6;1.0;8;Successful;Effective;No;No;No;No;No;No;0.0;-5.0;0.25;-5.09;0.39;-5.16;0.47;-5.2;;;;;;;;
1194;21.6;27.6;1.0;10;Successful;Effective;No;No;No;No;No;No;0.0;-5.0;0.25;-5.09;0.39;-5.16;0.47;-5.2;;;;;;;;
1195;21.6;27.6;1.1;5;Successful;Effective;No;No;No;No;No;No;0.0;-5.0;0.25;-5.09;0.39;-5.16;0.47;-5.2;;;;;;;;
1196;21.6;27.6;1.1;8;Successful;Effective;No;No;No;No;No;No;0.0;-5.0;0.25;-5.09;0.39;-5.16;0.47;-5.2;;;;;;;;
1197;21.6;27.6;1.1;10;Successful;Effective;No;No;No;No;No;No;0.0;-5.0;0.25;-5.09;0.39;-5.16;0.47;-5.2;;;;;;;;
1198;21.7;27.7;0.5;5;Successful;Effective;No;No;No;No;No;No;0.0;-5.0;0.25;-5.09;0.39;-5.16;0.47;-5.2;;;;;;;;
1199;21.7;27.7;0.5;8;Successful;Effective;No;No;No;No;No;No;0.0;-5.0;0.25;-5.09;0.39;-5.16;0.47;-5.2;;;;;;;;
1200;21.7;27.7;0.5;10;Successful;Effective;No;No;No;No;No;No;0.0;-5.0;0.25;-5.09;0.39;-5.16;0.47;-5.2;;;;;;;;
1201;21.7;27.7;0.6;5;Successful;Effective;No;No;No;No;No;No;0.0;-5.0;0.25;-5.09;0.39;-5.16;0.47;-5.2;;;;;;;;
1202;21.7;27.7;0.6;8;Successful;Effective;No;No;No;No;No;No;0.0;-5.0;0.25;-5.09;0.39;-5.16;0.47;-5.2;;;;;;;;
1203;21.7;27.7;0.6;10;Successful;Effective;No;No;No;No;No;No;0.0;-5.0;0.25;-5.09;0.39;-5.16;0.47;-5.2;;;;;;;;
1204;21.7;27.7;0.7;5;Successful;Effective;No;No;No;No;No;No;0.0;-5.0;0.25;-5.09;0.39;-5.16;0.47;-5.2;;;;;;;;
1205;21.7;27.7;0.7;8;Successful;Effective;No;No;No;No;No;No;0.0;-5.0;0.25;-5.09;0.39;-5.16;0.47;-5.2;;;;;;;;
1206;21.7;27.7;0.7;10;Successful;Effective;No;No;No;No;No;No;0.0;-5.0;0.25;-5.09;0.39;-5.16;0.47;-5.2;;;;;;;;
1207;21.7;27.7;0.8;5;Successful;Effective;No;No;No;No;No;No;0.0;-5.0;0.25;-5.09;0.39;-5.16;0.47;-5.2;;;;;;;;
1208;21.7;27.7;0.8;8;Successful;Effective;No;No;No;No;No;No;0.0;-5.0;0.25;-5.09;0.39;-5.16;0.47;-5.2;;;;;;;;
1209;21.7;27.7;0.8;10;Successful;Effective;No;No;No;No;No;No;0.0;-5.0;0.25;-5.09;0.39;-5.16;0.47;-5.2;;;;;;;;
1210;21.7;27.7;0.9;5;Successful;Effective;No;No;No;No;No;No;0.0;-5.0;0.25;-5.09;0.39;-5.16;0.47;-5.2;;;;;;;;
1211;21.7;27.7;0.9;8;Successful;Effective;No;No;No;No;No;No;0.0;-5.0;0.25;-5.09;0.39;-5.16;0.47;-5.2;;;;;;;;
1212;21.7;27.7;0.9;10;Successful;Effective;No;No;No;No;No;No;0.0;-5.0;0.25;-5.09;0.39;-5.16;0.47;-5.2;;;;;;;;
1213;21.7;27.7;1.0;5;Successful;Effective;No;No;No;No;No;No;0.0;-5.0;0.25;-5.09;0.39;-5.16;0.47;-5.2;;;;;;;;
1214;21.7;27.7;1.0;8;Successful;Effective;No;No;No;No;No;No;0.0;-5.0;0.25;-5.09;0.39;-5.16;0.47;-5.2;;;;;;;;
1215;21.7;27.7;1.0;10;Successful;Effective;No;No;No;No;No;No;0.0;-5.0;0.25;-5.09;0.39;-5.16;0.47;-5.2;;;;;;;;
1216;21.7;27.7;1.1;5;Successful;Effective;No;No;No;No;No;No;0.0;-5.0;0.25;-5.09;0.39;-5.16;0.47;-5.2;;;;;;;;
1217;21.7;27.7;1.1;8;Successful;Effective;No;No;No;No;No;No;0.0;-5.0;0.25;-5.09;0.39;-5.16;0.47;-5.2;;;;;;;;
1218;21.7;27.7;1.1;10;Successful;Effective;No;No;No;No;No;No;0.0;-5.0;0.25;-5.09;0.39;-5.16;0.47;-5.2;;;;;;;;
1219;21.8;27.8;0.5;5;Successful;Effective;No;No;No;No;No;No;0.0;-5.0;0.25;-5.09;0.39;-5.16;0.47;-5.2;;;;;;;;
1220;21.8;27.8;0.5;8;Successful;Effective;No;No;No;No;No;No;0.0;-5.0;0.25;-5.09;0.39;-5.16;0.47;-5.2;;;;;;;;
1221;21.8;27.8;0.5;10;Successful;Effective;No;No;No;No;No;No;0.0;-5.0;0.25;-5.09;0.39;-5.16;0.47;-5.2;;;;;;;;
1222;21.8;27.8;0.6;5;Successful;Effective;No;No;No;No;No;No;0.0;-5.0;0.25;-5.09;0.39;-5.16;0.47;-5.2;;;;;;;;
1223;21.8;27.8;0.6;8;Successful;Effective;No;No;No;No;No;No;0.0;-5.0;0.25;-5.09;0.39;-5.16;0.47;-5.2;;;;;;;;
1224;21.8;27.8;0.6;10;Successful;Effective;No;No;No;No;No;No;0.0;-5.0;0.25;-5.09;0.39;-5.16;0.47;-5.2;;;;;;;;
1225;21.8;27.8;0.7;5;Successful;Effective;No;No;No;No;No;No;0.0;-5.0;0.25;-5.09;0.39;-5.16;0.47;-5.2;;;;;;;;
1226;21.8;27.8;0.7;8;Successful;Effective;No;No;No;No;No;No;0.0;-5.0;0.25;-5.09;0.39;-5.16;0.47;-5.2;;;;;;;;
1227;21.8;27.8;0.7;10;Successful;Effective;No;No;No;No;No;No;0.0;-5.0;0.25;-5.09;0.39;-5.16;0.47;-5.2;;;;;;;;
1228;21.8;27.8;0.8;5;Successful;Effective;No;No;No;No;No;No;0.0;-5.0;0.25;-5.09;0.39;-5.16;0.47;-5.2;;;;;;;;
1229;21.8;27.8;0.8;8;Successful;Effective;No;No;No;No;No;No;0.0;-5.0;0.25;-5.09;0.39;-5.16;0.47;-5.2;;;;;;;;
1230;21.8;27.8;0.8;10;Successful;Effective;No;No;No;No;No;No;0.0;-5.0;0.25;-5.09;0.39;-5.16;0.47;-5.2;;;;;;;;
1231;21.8;27.8;0.9;5;Successful;Effective;No;No;No;No;No;No;0.0;-5.0;0.25;-5.09;0.39;-5.16;0.47;-5.2;;;;;;;;
1232;21.8;27.8;0.9;8;Successful;Effective;No;No;No;No;No;No;0.0;-5.0;0.25;-5.09;0.39;-5.16;0.47;-5.2;;;;;;;;
1233;21.8;27.8;0.9;10;Successful;Effective;No;No;No;No;No;No;0.0;-5.0;0.25;-5.09;0.39;-5.16;0.47;-5.2;;;;;;;;
1234;21.8;27.8;1.0;5;Successful;Effective;No;No;No;No;No;No;0.0;-5.0;0.25;-5.09;0.39;-5.16;0.47;-5.2;;;;;;;;
1235;21.8;27.8;1.0;8;Successful;Effective;No;No;No;No;No;No;0.0;-5.0;0.25;-5.09;0.39;-5.16;0.47;-5.2;;;;;;;;
1236;21.8;27.8;1.0;10;Successful;Effective;No;No;No;No;No;No;0.0;-5.0;0.25;-5.09;0.39;-5.16;0.47;-5.2;;;;;;;;
1237;21.8;27.8;1.1;5;Successful;Effective;No;No;No;No;No;No;0.0;-5.0;0.25;-5.09;0.39;-5.16;0.47;-5.2;;;;;;;;
1238;21.8;27.8;1.1;8;Successful;Effective;No;No;No;No;No;No;0.0;-5.0;0.25;-5.09;0.39;-5.16;0.47;-5.2;;;;;;;;
1239;21.8;27.8;1.1;10;Successful;Effective;No;No;No;No;No;No;0.0;-5.0;0.25;-5.09;0.39;-5.16;0.47;-5.2;;;;;;;;
1240;21.9;27.9;0.5;5;Successful;Effective;No;No;No;No;No;No;0.0;-5.0;0.25;-5.09;0.39;-5.16;0.47;-5.2;;;;;;;;
1241;21.9;27.9;0.5;8;Successful;Effective;No;No;No;No;No;No;0.0;-5.0;0.25;-5.09;0.39;-5.16;0.47;-5.2;;;;;;;;
1242;21.9;27.9;0.5;10;Successful;Effective;No;No;No;No;No;No;0.0;-5.0;0.25;-5.09;0.39;-5.16;0.47;-5.2;;;;;;;;
1243;21.9;27.9;0.6;5;Successful;Effective;No;No;No;No;No;No;0.0;-5.0;0.25;-5.09;0.39;-5.16;0.47;-5.2;;;;;;;;
1244;21.9;27.9;0.6;8;Successful;Effective;No;No;No;No;No;No;0.0;-5.0;0.25;-5.09;0.39;-5.16;0.47;-5.2;;;;;;;;
1245;21.9;27.9;0.6;10;Successful;Effective;No;No;No;No;No;No;0.0;-5.0;0.25;-5.09;0.39;-5.16;0.47;-5.2;;;;;;;;
1246;21.9;27.9;0.7;5;Successful;Effective;No;No;No;No;No;No;0.0;-5.0;0.25;-5.09;0.39;-5.16;0.47;-5.2;;;;;;;;
1247;21.9;27.9;0.7;8;Successful;Effective;No;No;No;No;No;No;0.0;-5.0;0.25;-5.09;0.39;-5.16;0.47;-5.2;;;;;;;;
1248;21.9;27.9;0.7;10;Successful;Effective;No;No;No;No;No;No;0.0;-5.0;0.25;-5.09;0.39;-5.16;0.47;-5.2;;;;;;;;
1249;21.9;27.9;0.8;5;Successful;Effective;No;No;No;No;No;No;0.0;-5.0;0.25;-5.09;0.39;-5.16;0.47;-5.2;;;;;;;;
1250;21.9;27.9;0.8;8;Successful;Effective;No;No;No;No;No;No;0.0;-5.0;0.25;-5.09;0.39;-5.16;0.47;-5.2;;;;;;;;
1251;21.9;27.9;0.8;10;Successful;Effective;No;No;No;No;No;No;0.0;-5.0;0.25;-5.09;0.39;-5.16;0.47;-5.2;;;;;;;;
1252;21.9;27.9;0.9;5;Successful;Effective;No;No;No;No;No;No;0.0;-5.0;0.25;-5.09;0.39;-5.16;0.47;-5.2;;;;;;;;
1253;21.9;27.9;0.9;8;Successful;Effective;No;No;No;No;No;No;0.0;-5.0;0.25;-5.09;0.39;-5.16;0.47;-5.2;;;;;;;;
1254;21.9;27.9;0.9;10;Successful;Effective;No;No;No;No;No;No;0.0;-5.0;0.25;-5.09;0.39;-5.16;0.47;-5.2;;;;;;;;
1255;21.9;27.9;1.0;5;Successful;Effective;No;No;No;No;No;No;0.0;-5.0;0.25;-5.09;0.39;-5.16;0.47;-5.2;;;;;;;;
1256;21.9;27.9;1.0;8;Successful;Effective;No;No;No;No;No;No;0.0;-5.0;0.25;-5.09;0.39;-5.16;0.47;-5.2;;;;;;;;
1257;21.9;27.9;1.0;10;Successful;Effective;No;No;No;No;No;No;0.0;-5.0;0.25;-5.09;0.39;-5.16;0.47;-5.2;;;;;;;;
1258;21.9;27.9;1.1;5;Successful;Effective;No;No;No;No;No;No;0.0;-5.0;0.25;-5.09;0.39;-5.16;0.47;-5.2;;;;;;;;
1259;21.9;27.9;1.1;8;Successful;Effective;No;No;No;No;No;No;0.0;-5.0;0.25;-5.09;0.39;-5.16;0.47;-5.2;;;;;;;;
1260;21.9;27.9;1.1;10;Successful;Effective;No;No;No;No;No;No;0.0;-5.0;0.25;-5.09;0.39;-5.16;0.47;-5.2;;;;;;;;
