Ex ID;Start_time;End_time;Injected_value;CACC_spacing;Run_status;Impact_status;Collision_state;Collision_time;collider;victim;Collision_pos;Collision_lane;Accel_0_max;Dcel_0_min;Accel_1_max;Dcel_1_min;Accel_2_max;Dcel_2_min;Accel_3_max;Dcel_3_min;Accel_4_max;Dcel_4_min;Accel_5_max;Dcel_5_min;Accel_6_max;Dcel_6_min;Accel_7_max;Dcel_7_min
1;16.0;22.0;0.5;5;Successful;Effective;collision;19.51;vtypeauto.1;vtypeauto.0;447.49;edge_0_0_0;0.0;-7.0;0.2;-8.11;0.31;-8.69;0.38;-8.9;;;;;;;;
2;16.0;22.0;0.5;8;Successful;Effective;No;No;No;No;No;No;0.0;-7.0;0.2;-8.11;0.31;-8.69;0.38;-8.9;;;;;;;;
3;16.0;22.0;0.5;10;Successful;Effective;No;No;No;No;No;No;0.0;-7.0;0.2;-8.11;0.31;-8.69;0.38;-8.9;;;;;;;;
4;16.0;22.0;0.6;5;Successful;Effective;collision;19.20;vtypeauto.1;vtypeauto.0;444.67;edge_0_0_0;0.0;-7.0;0.2;-8.32;0.31;-9.0;0.38;-9.0;;;;;;;;
5;16.0;22.0;0.6;8;Successful;Effective;collision;20.35;vtypeauto.1;vtypeauto.0;460.74;edge_0_0_0;0.0;-7.0;0.2;-8.32;0.31;-9.0;0.38;-9.0;;;;;;;;
6;16.0;22.0;0.6;10;Successful;Effective;No;No;No;No;No;No;0.0;-7.0;0.2;-8.32;0.31;-9.0;0.38;-9.0;;;;;;;;
7;16.0;22.0;0.7;5;Successful;Effective;collision;19.02;vtypeauto.1;vtypeauto.0;442.75;edge_0_0_0;0.0;-7.0;0.2;-8.54;0.31;-9.0;0.38;-9.0;;;;;;;;
8;16.0;22.0;0.7;8;Successful;Effective;collision;19.84;vtypeauto.1;vtypeauto.0;458.75;edge_0_0_0;0.0;-7.0;0.2;-8.54;0.31;-9.0;0.38;-9.0;;;;;;;;
9;16.0;22.0;0.7;10;Successful;Effective;collision;20.66;vtypeauto.1;vtypeauto.0;467.05;edge_0_0_0;0.0;-7.0;0.2;-8.54;0.31;-9.0;0.38;-9.0;;;;;;;;
10;16.0;22.0;0.8;5;Successful;Effective;collision;18.90;vtypeauto.1;vtypeauto.0;441.33;edge_0_0_0;0.0;-7.0;0.2;-8.76;0.31;-9.0;0.38;-9.0;;;;;;;;
11;16.0;22.0;0.8;8;Successful;Effective;collision;19.55;vtypeauto.1;vtypeauto.0;456.79;edge_0_0_0;0.0;-7.0;0.2;-8.76;0.31;-9.0;0.38;-9.0;;;;;;;;
12;16.0;22.0;0.8;10;Successful;Effective;collision;20.11;vtypeauto.1;vtypeauto.0;466.04;edge_0_0_0;0.0;-7.0;0.2;-8.76;0.31;-9.0;0.38;-9.0;;;;;;;;
13;16.0;22.0;0.9;5;Successful;Effective;collision;18.82;vtypeauto.1;vtypeauto.0;440.33;edge_0_0_0;0.0;-7.0;0.2;-8.98;0.31;-9.0;0.38;-9.0;;;;;;;;
14;16.0;22.0;0.9;8;Successful;Effective;collision;19.37;vtypeauto.1;vtypeauto.0;455.30;edge_0_0_0;0.0;-7.0;0.2;-8.98;0.31;-9.0;0.38;-9.0;;;;;;;;
15;16.0;22.0;0.9;10;Successful;Effective;collision;19.80;vtypeauto.1;vtypeauto.0;464.51;edge_0_0_0;0.0;-7.0;0.2;-8.98;0.31;-9.0;0.38;-9.0;;;;;;;;
16;16.0;22.0;1.0;5;Successful;Effective;collision;18.77;vtypeauto.1;vtypeauto.0;439.70;edge_0_0_0;0.0;-7.0;0.2;-9.0;0.31;-9.0;0.38;-9.0;;;;;;;;
17;16.0;22.0;1.0;8;Successful;Effective;collision;19.25;vtypeauto.1;vtypeauto.0;454.18;edge_0_0_0;0.0;-7.0;0.2;-9.0;0.31;-9.0;0.38;-9.0;;;;;;;;
18;16.0;22.0;1.0;10;Successful;Effective;collision;19.60;vtypeauto.1;vtypeauto.0;463.16;edge_0_0_0;0.0;-7.0;0.2;-9.0;0.31;-9.0;0.38;-9.0;;;;;;;;
19;16.0;22.0;1.1;5;Successful;Effective;collision;18.73;vtypeauto.1;vtypeauto.0;439.14;edge_0_0_0;0.0;-7.0;0.2;-9.0;0.31;-9.0;0.38;-9.0;;;;;;;;
20;16.0;22.0;1.1;8;Successful;Effective;collision;19.17;vtypeauto.1;vtypeauto.0;453.41;edge_0_0_0;0.0;-7.0;0.2;-9.0;0.31;-9.0;0.38;-9.0;;;;;;;;
21;16.0;22.0;1.1;10;Successful;Effective;collision;19.47;vtypeauto.1;vtypeauto.0;462.17;edge_0_0_0;0.0;-7.0;0.2;-9.0;0.31;-9.0;0.38;-9.0;;;;;;;;
22;16.1;22.1;0.5;5;Successful;Effective;collision;19.51;vtypeauto.1;vtypeauto.0;447.49;edge_0_0_0;0.0;-7.0;0.2;-8.11;0.31;-8.69;0.38;-8.9;;;;;;;;
23;16.1;22.1;0.5;8;Successful;Effective;No;No;No;No;No;No;0.0;-7.0;0.2;-8.11;0.31;-8.69;0.38;-8.9;;;;;;;;
24;16.1;22.1;0.5;10;Successful;Effective;No;No;No;No;No;No;0.0;-7.0;0.2;-8.11;0.31;-8.69;0.38;-8.9;;;;;;;;
25;16.1;22.1;0.6;5;Successful;Effective;collision;19.20;vtypeauto.1;vtypeauto.0;444.67;edge_0_0_0;0.0;-7.0;0.2;-8.32;0.31;-9.0;0.38;-9.0;;;;;;;;
26;16.1;22.1;0.6;8;Successful;Effective;collision;20.35;vtypeauto.1;vtypeauto.0;460.74;edge_0_0_0;0.0;-7.0;0.2;-8.32;0.31;-9.0;0.38;-9.0;;;;;;;;
27;16.1;22.1;0.6;10;Successful;Effective;No;No;No;No;No;No;0.0;-7.0;0.2;-8.32;0.31;-9.0;0.38;-9.0;;;;;;;;
28;16.1;22.1;0.7;5;Successful;Effective;collision;19.02;vtypeauto.1;vtypeauto.0;442.75;edge_0_0_0;0.0;-7.0;0.2;-8.54;0.31;-9.0;0.38;-9.0;;;;;;;;
29;16.1;22.1;0.7;8;Successful;Effective;collision;19.84;vtypeauto.1;vtypeauto.0;458.75;edge_0_0_0;0.0;-7.0;0.2;-8.54;0.31;-9.0;0.38;-9.0;;;;;;;;
30;16.1;22.1;0.7;10;Successful;Effective;collision;20.66;vtypeauto.1;vtypeauto.0;467.05;edge_0_0_0;0.0;-7.0;0.2;-8.54;0.31;-9.0;0.38;-9.0;;;;;;;;
31;16.1;22.1;0.8;5;Successful;Effective;collision;18.90;vtypeauto.1;vtypeauto.0;441.33;edge_0_0_0;0.0;-7.0;0.2;-8.76;0.31;-9.0;0.38;-9.0;;;;;;;;
32;16.1;22.1;0.8;8;Successful;Effective;collision;19.55;vtypeauto.1;vtypeauto.0;456.79;edge_0_0_0;0.0;-7.0;0.2;-8.76;0.31;-9.0;0.38;-9.0;;;;;;;;
33;16.1;22.1;0.8;10;Successful;Effective;collision;20.11;vtypeauto.1;vtypeauto.0;466.04;edge_0_0_0;0.0;-7.0;0.2;-8.76;0.31;-9.0;0.38;-9.0;;;;;;;;
34;16.1;22.1;0.9;5;Successful;Effective;collision;18.82;vtypeauto.1;vtypeauto.0;440.33;edge_0_0_0;0.0;-7.0;0.2;-8.98;0.31;-9.0;0.38;-9.0;;;;;;;;
35;16.1;22.1;0.9;8;Successful;Effective;collision;19.37;vtypeauto.1;vtypeauto.0;455.30;edge_0_0_0;0.0;-7.0;0.2;-8.98;0.31;-9.0;0.38;-9.0;;;;;;;;
36;16.1;22.1;0.9;10;Successful;Effective;collision;19.80;vtypeauto.1;vtypeauto.0;464.51;edge_0_0_0;0.0;-7.0;0.2;-8.98;0.31;-9.0;0.38;-9.0;;;;;;;;
37;16.1;22.1;1.0;5;Successful;Effective;collision;18.77;vtypeauto.1;vtypeauto.0;439.70;edge_0_0_0;0.0;-7.0;0.2;-9.0;0.31;-9.0;0.38;-9.0;;;;;;;;
38;16.1;22.1;1.0;8;Successful;Effective;collision;19.25;vtypeauto.1;vtypeauto.0;454.18;edge_0_0_0;0.0;-7.0;0.2;-9.0;0.31;-9.0;0.38;-9.0;;;;;;;;
39;16.1;22.1;1.0;10;Successful;Effective;collision;19.60;vtypeauto.1;vtypeauto.0;463.16;edge_0_0_0;0.0;-7.0;0.2;-9.0;0.31;-9.0;0.38;-9.0;;;;;;;;
40;16.1;22.1;1.1;5;Successful;Effective;collision;18.73;vtypeauto.1;vtypeauto.0;439.14;edge_0_0_0;0.0;-7.0;0.2;-9.0;0.31;-9.0;0.38;-9.0;;;;;;;;
41;16.1;22.1;1.1;8;Successful;Effective;collision;19.17;vtypeauto.1;vtypeauto.0;453.41;edge_0_0_0;0.0;-7.0;0.2;-9.0;0.31;-9.0;0.38;-9.0;;;;;;;;
42;16.1;22.1;1.1;10;Successful;Effective;collision;19.47;vtypeauto.1;vtypeauto.0;462.17;edge_0_0_0;0.0;-7.0;0.2;-9.0;0.31;-9.0;0.38;-9.0;;;;;;;;
43;16.2;22.2;0.5;5;Successful;Effective;collision;19.51;vtypeauto.1;vtypeauto.0;447.49;edge_0_0_0;0.0;-7.0;0.2;-8.11;0.31;-8.69;0.38;-8.9;;;;;;;;
44;16.2;22.2;0.5;8;Successful;Effective;No;No;No;No;No;No;0.0;-7.0;0.2;-8.11;0.31;-8.69;0.38;-8.9;;;;;;;;
45;16.2;22.2;0.5;10;Successful;Effective;No;No;No;No;No;No;0.0;-7.0;0.2;-8.11;0.31;-8.69;0.38;-8.9;;;;;;;;
46;16.2;22.2;0.6;5;Successful;Effective;collision;19.20;vtypeauto.1;vtypeauto.0;444.67;edge_0_0_0;0.0;-7.0;0.2;-8.32;0.31;-9.0;0.38;-9.0;;;;;;;;
47;16.2;22.2;0.6;8;Successful;Effective;collision;20.35;vtypeauto.1;vtypeauto.0;460.74;edge_0_0_0;0.0;-7.0;0.2;-8.32;0.31;-9.0;0.38;-9.0;;;;;;;;
48;16.2;22.2;0.6;10;Successful;Effective;No;No;No;No;No;No;0.0;-7.0;0.2;-8.32;0.31;-9.0;0.38;-9.0;;;;;;;;
49;16.2;22.2;0.7;5;Successful;Effective;collision;19.02;vtypeauto.1;vtypeauto.0;442.75;edge_0_0_0;0.0;-7.0;0.2;-8.54;0.31;-9.0;0.38;-9.0;;;;;;;;
50;16.2;22.2;0.7;8;Successful;Effective;collision;19.84;vtypeauto.1;vtypeauto.0;458.75;edge_0_0_0;0.0;-7.0;0.2;-8.54;0.31;-9.0;0.38;-9.0;;;;;;;;
51;16.2;22.2;0.7;10;Successful;Effective;collision;20.66;vtypeauto.1;vtypeauto.0;467.05;edge_0_0_0;0.0;-7.0;0.2;-8.54;0.31;-9.0;0.38;-9.0;;;;;;;;
52;16.2;22.2;0.8;5;Successful;Effective;collision;18.90;vtypeauto.1;vtypeauto.0;441.33;edge_0_0_0;0.0;-7.0;0.2;-8.76;0.31;-9.0;0.38;-9.0;;;;;;;;
53;16.2;22.2;0.8;8;Successful;Effective;collision;19.55;vtypeauto.1;vtypeauto.0;456.79;edge_0_0_0;0.0;-7.0;0.2;-8.76;0.31;-9.0;0.38;-9.0;;;;;;;;
54;16.2;22.2;0.8;10;Successful;Effective;collision;20.11;vtypeauto.1;vtypeauto.0;466.04;edge_0_0_0;0.0;-7.0;0.2;-8.76;0.31;-9.0;0.38;-9.0;;;;;;;;
55;16.2;22.2;0.9;5;Successful;Effective;collision;18.82;vtypeauto.1;vtypeauto.0;440.33;edge_0_0_0;0.0;-7.0;0.2;-8.98;0.31;-9.0;0.38;-9.0;;;;;;;;
56;16.2;22.2;0.9;8;Successful;Effective;collision;19.37;vtypeauto.1;vtypeauto.0;455.30;edge_0_0_0;0.0;-7.0;0.2;-8.98;0.31;-9.0;0.38;-9.0;;;;;;;;
57;16.2;22.2;0.9;10;Successful;Effective;collision;19.80;vtypeauto.1;vtypeauto.0;464.51;edge_0_0_0;0.0;-7.0;0.2;-8.98;0.31;-9.0;0.38;-9.0;;;;;;;;
58;16.2;22.2;1.0;5;Successful;Effective;collision;18.77;vtypeauto.1;vtypeauto.0;439.70;edge_0_0_0;0.0;-7.0;0.2;-9.0;0.31;-9.0;0.38;-9.0;;;;;;;;
59;16.2;22.2;1.0;8;Successful;Effective;collision;19.25;vtypeauto.1;vtypeauto.0;454.18;edge_0_0_0;0.0;-7.0;0.2;-9.0;0.31;-9.0;0.38;-9.0;;;;;;;;
60;16.2;22.2;1.0;10;Successful;Effective;collision;19.60;vtypeauto.1;vtypeauto.0;463.16;edge_0_0_0;0.0;-7.0;0.2;-9.0;0.31;-9.0;0.38;-9.0;;;;;;;;
61;16.2;22.2;1.1;5;Successful;Effective;collision;18.73;vtypeauto.1;vtypeauto.0;439.14;edge_0_0_0;0.0;-7.0;0.2;-9.0;0.31;-9.0;0.38;-9.0;;;;;;;;
62;16.2;22.2;1.1;8;Successful;Effective;collision;19.17;vtypeauto.1;vtypeauto.0;453.41;edge_0_0_0;0.0;-7.0;0.2;-9.0;0.31;-9.0;0.38;-9.0;;;;;;;;
63;16.2;22.2;1.1;10;Successful;Effective;collision;19.47;vtypeauto.1;vtypeauto.0;462.17;edge_0_0_0;0.0;-7.0;0.2;-9.0;0.31;-9.0;0.38;-9.0;;;;;;;;
64;16.3;22.3;0.5;5;Successful;Effective;collision;19.51;vtypeauto.1;vtypeauto.0;447.49;edge_0_0_0;0.0;-7.0;0.2;-8.11;0.31;-8.69;0.38;-8.9;;;;;;;;
65;16.3;22.3;0.5;8;Successful;Effective;No;No;No;No;No;No;0.0;-7.0;0.2;-8.11;0.31;-8.69;0.38;-8.9;;;;;;;;
66;16.3;22.3;0.5;10;Successful;Effective;No;No;No;No;No;No;0.0;-7.0;0.2;-8.11;0.31;-8.69;0.38;-8.9;;;;;;;;
67;16.3;22.3;0.6;5;Successful;Effective;collision;19.20;vtypeauto.1;vtypeauto.0;444.67;edge_0_0_0;0.0;-7.0;0.2;-8.32;0.31;-9.0;0.38;-9.0;;;;;;;;
68;16.3;22.3;0.6;8;Successful;Effective;collision;20.35;vtypeauto.1;vtypeauto.0;460.74;edge_0_0_0;0.0;-7.0;0.2;-8.32;0.31;-9.0;0.38;-9.0;;;;;;;;
69;16.3;22.3;0.6;10;Successful;Effective;No;No;No;No;No;No;0.0;-7.0;0.2;-8.32;0.31;-9.0;0.38;-9.0;;;;;;;;
70;16.3;22.3;0.7;5;Successful;Effective;collision;19.02;vtypeauto.1;vtypeauto.0;442.75;edge_0_0_0;0.0;-7.0;0.2;-8.54;0.31;-9.0;0.38;-9.0;;;;;;;;
71;16.3;22.3;0.7;8;Successful;Effective;collision;19.84;vtypeauto.1;vtypeauto.0;458.75;edge_0_0_0;0.0;-7.0;0.2;-8.54;0.31;-9.0;0.38;-9.0;;;;;;;;
72;16.3;22.3;0.7;10;Successful;Effective;collision;20.66;vtypeauto.1;vtypeauto.0;467.05;edge_0_0_0;0.0;-7.0;0.2;-8.54;0.31;-9.0;0.38;-9.0;;;;;;;;
73;16.3;22.3;0.8;5;Successful;Effective;collision;18.90;vtypeauto.1;vtypeauto.0;441.33;edge_0_0_0;0.0;-7.0;0.2;-8.76;0.31;-9.0;0.38;-9.0;;;;;;;;
74;16.3;22.3;0.8;8;Successful;Effective;collision;19.55;vtypeauto.1;vtypeauto.0;456.79;edge_0_0_0;0.0;-7.0;0.2;-8.76;0.31;-9.0;0.38;-9.0;;;;;;;;
75;16.3;22.3;0.8;10;Successful;Effective;collision;20.11;vtypeauto.1;vtypeauto.0;466.04;edge_0_0_0;0.0;-7.0;0.2;-8.76;0.31;-9.0;0.38;-9.0;;;;;;;;
76;16.3;22.3;0.9;5;Successful;Effective;collision;18.82;vtypeauto.1;vtypeauto.0;440.33;edge_0_0_0;0.0;-7.0;0.2;-8.98;0.31;-9.0;0.38;-9.0;;;;;;;;
77;16.3;22.3;0.9;8;Successful;Effective;collision;19.37;vtypeauto.1;vtypeauto.0;455.30;edge_0_0_0;0.0;-7.0;0.2;-8.98;0.31;-9.0;0.38;-9.0;;;;;;;;
78;16.3;22.3;0.9;10;Successful;Effective;collision;19.80;vtypeauto.1;vtypeauto.0;464.51;edge_0_0_0;0.0;-7.0;0.2;-8.98;0.31;-9.0;0.38;-9.0;;;;;;;;
79;16.3;22.3;1.0;5;Successful;Effective;collision;18.77;vtypeauto.1;vtypeauto.0;439.70;edge_0_0_0;0.0;-7.0;0.2;-9.0;0.31;-9.0;0.38;-9.0;;;;;;;;
80;16.3;22.3;1.0;8;Successful;Effective;collision;19.25;vtypeauto.1;vtypeauto.0;454.18;edge_0_0_0;0.0;-7.0;0.2;-9.0;0.31;-9.0;0.38;-9.0;;;;;;;;
81;16.3;22.3;1.0;10;Successful;Effective;collision;19.60;vtypeauto.1;vtypeauto.0;463.16;edge_0_0_0;0.0;-7.0;0.2;-9.0;0.31;-9.0;0.38;-9.0;;;;;;;;
82;16.3;22.3;1.1;5;Successful;Effective;collision;18.73;vtypeauto.1;vtypeauto.0;439.14;edge_0_0_0;0.0;-7.0;0.2;-9.0;0.31;-9.0;0.38;-9.0;;;;;;;;
83;16.3;22.3;1.1;8;Successful;Effective;collision;19.17;vtypeauto.1;vtypeauto.0;453.41;edge_0_0_0;0.0;-7.0;0.2;-9.0;0.31;-9.0;0.38;-9.0;;;;;;;;
84;16.3;22.3;1.1;10;Successful;Effective;collision;19.47;vtypeauto.1;vtypeauto.0;462.17;edge_0_0_0;0.0;-7.0;0.2;-9.0;0.31;-9.0;0.38;-9.0;;;;;;;;
85;16.4;22.4;0.5;5;Successful;Effective;collision;19.51;vtypeauto.1;vtypeauto.0;447.49;edge_0_0_0;0.0;-7.0;0.2;-8.11;0.31;-8.69;0.38;-8.9;;;;;;;;
86;16.4;22.4;0.5;8;Successful;Effective;No;No;No;No;No;No;0.0;-7.0;0.2;-8.11;0.31;-8.69;0.38;-8.9;;;;;;;;
87;16.4;22.4;0.5;10;Successful;Effective;No;No;No;No;No;No;0.0;-7.0;0.2;-8.11;0.31;-8.69;0.38;-8.9;;;;;;;;
88;16.4;22.4;0.6;5;Successful;Effective;collision;19.20;vtypeauto.1;vtypeauto.0;444.67;edge_0_0_0;0.0;-7.0;0.2;-8.32;0.31;-9.0;0.38;-9.0;;;;;;;;
89;16.4;22.4;0.6;8;Successful;Effective;collision;20.35;vtypeauto.1;vtypeauto.0;460.74;edge_0_0_0;0.0;-7.0;0.2;-8.32;0.31;-9.0;0.38;-9.0;;;;;;;;
90;16.4;22.4;0.6;10;Successful;Effective;No;No;No;No;No;No;0.0;-7.0;0.2;-8.32;0.31;-9.0;0.38;-9.0;;;;;;;;
91;16.4;22.4;0.7;5;Successful;Effective;collision;19.02;vtypeauto.1;vtypeauto.0;442.75;edge_0_0_0;0.0;-7.0;0.2;-8.54;0.31;-9.0;0.38;-9.0;;;;;;;;
92;16.4;22.4;0.7;8;Successful;Effective;collision;19.84;vtypeauto.1;vtypeauto.0;458.75;edge_0_0_0;0.0;-7.0;0.2;-8.54;0.31;-9.0;0.38;-9.0;;;;;;;;
93;16.4;22.4;0.7;10;Successful;Effective;collision;20.66;vtypeauto.1;vtypeauto.0;467.05;edge_0_0_0;0.0;-7.0;0.2;-8.54;0.31;-9.0;0.38;-9.0;;;;;;;;
94;16.4;22.4;0.8;5;Successful;Effective;collision;18.90;vtypeauto.1;vtypeauto.0;441.33;edge_0_0_0;0.0;-7.0;0.2;-8.76;0.31;-9.0;0.38;-9.0;;;;;;;;
95;16.4;22.4;0.8;8;Successful;Effective;collision;19.55;vtypeauto.1;vtypeauto.0;456.79;edge_0_0_0;0.0;-7.0;0.2;-8.76;0.31;-9.0;0.38;-9.0;;;;;;;;
96;16.4;22.4;0.8;10;Successful;Effective;collision;20.11;vtypeauto.1;vtypeauto.0;466.04;edge_0_0_0;0.0;-7.0;0.2;-8.76;0.31;-9.0;0.38;-9.0;;;;;;;;
97;16.4;22.4;0.9;5;Successful;Effective;collision;18.82;vtypeauto.1;vtypeauto.0;440.33;edge_0_0_0;0.0;-7.0;0.2;-8.98;0.31;-9.0;0.38;-9.0;;;;;;;;
98;16.4;22.4;0.9;8;Successful;Effective;collision;19.37;vtypeauto.1;vtypeauto.0;455.30;edge_0_0_0;0.0;-7.0;0.2;-8.98;0.31;-9.0;0.38;-9.0;;;;;;;;
99;16.4;22.4;0.9;10;Successful;Effective;collision;19.80;vtypeauto.1;vtypeauto.0;464.51;edge_0_0_0;0.0;-7.0;0.2;-8.98;0.31;-9.0;0.38;-9.0;;;;;;;;
100;16.4;22.4;1.0;5;Successful;Effective;collision;18.77;vtypeauto.1;vtypeauto.0;439.70;edge_0_0_0;0.0;-7.0;0.2;-9.0;0.31;-9.0;0.38;-9.0;;;;;;;;
101;16.4;22.4;1.0;8;Successful;Effective;collision;19.25;vtypeauto.1;vtypeauto.0;454.18;edge_0_0_0;0.0;-7.0;0.2;-9.0;0.31;-9.0;0.38;-9.0;;;;;;;;
102;16.4;22.4;1.0;10;Successful;Effective;collision;19.60;vtypeauto.1;vtypeauto.0;463.16;edge_0_0_0;0.0;-7.0;0.2;-9.0;0.31;-9.0;0.38;-9.0;;;;;;;;
103;16.4;22.4;1.1;5;Successful;Effective;collision;18.73;vtypeauto.1;vtypeauto.0;439.14;edge_0_0_0;0.0;-7.0;0.2;-9.0;0.31;-9.0;0.38;-9.0;;;;;;;;
104;16.4;22.4;1.1;8;Successful;Effective;collision;19.17;vtypeauto.1;vtypeauto.0;453.41;edge_0_0_0;0.0;-7.0;0.2;-9.0;0.31;-9.0;0.38;-9.0;;;;;;;;
105;16.4;22.4;1.1;10;Successful;Effective;collision;19.47;vtypeauto.1;vtypeauto.0;462.17;edge_0_0_0;0.0;-7.0;0.2;-9.0;0.31;-9.0;0.38;-9.0;;;;;;;;
106;16.5;22.5;0.5;5;Successful;Effective;collision;19.51;vtypeauto.1;vtypeauto.0;447.49;edge_0_0_0;0.0;-7.0;0.2;-8.11;0.31;-8.69;0.38;-8.9;;;;;;;;
107;16.5;22.5;0.5;8;Successful;Effective;No;No;No;No;No;No;0.0;-7.0;0.2;-8.11;0.31;-8.69;0.38;-8.9;;;;;;;;
108;16.5;22.5;0.5;10;Successful;Effective;No;No;No;No;No;No;0.0;-7.0;0.2;-8.11;0.31;-8.69;0.38;-8.9;;;;;;;;
109;16.5;22.5;0.6;5;Successful;Effective;collision;19.20;vtypeauto.1;vtypeauto.0;444.67;edge_0_0_0;0.0;-7.0;0.2;-8.32;0.31;-9.0;0.38;-9.0;;;;;;;;
110;16.5;22.5;0.6;8;Successful;Effective;collision;20.35;vtypeauto.1;vtypeauto.0;460.74;edge_0_0_0;0.0;-7.0;0.2;-8.32;0.31;-9.0;0.38;-9.0;;;;;;;;
111;16.5;22.5;0.6;10;Successful;Effective;No;No;No;No;No;No;0.0;-7.0;0.2;-8.32;0.31;-9.0;0.38;-9.0;;;;;;;;
112;16.5;22.5;0.7;5;Successful;Effective;collision;19.02;vtypeauto.1;vtypeauto.0;442.75;edge_0_0_0;0.0;-7.0;0.2;-8.54;0.31;-9.0;0.38;-9.0;;;;;;;;
113;16.5;22.5;0.7;8;Successful;Effective;collision;19.84;vtypeauto.1;vtypeauto.0;458.75;edge_0_0_0;0.0;-7.0;0.2;-8.54;0.31;-9.0;0.38;-9.0;;;;;;;;
114;16.5;22.5;0.7;10;Successful;Effective;collision;20.66;vtypeauto.1;vtypeauto.0;467.05;edge_0_0_0;0.0;-7.0;0.2;-8.54;0.31;-9.0;0.38;-9.0;;;;;;;;
115;16.5;22.5;0.8;5;Successful;Effective;collision;18.90;vtypeauto.1;vtypeauto.0;441.33;edge_0_0_0;0.0;-7.0;0.2;-8.76;0.31;-9.0;0.38;-9.0;;;;;;;;
116;16.5;22.5;0.8;8;Successful;Effective;collision;19.55;vtypeauto.1;vtypeauto.0;456.79;edge_0_0_0;0.0;-7.0;0.2;-8.76;0.31;-9.0;0.38;-9.0;;;;;;;;
117;16.5;22.5;0.8;10;Successful;Effective;collision;20.11;vtypeauto.1;vtypeauto.0;466.04;edge_0_0_0;0.0;-7.0;0.2;-8.76;0.31;-9.0;0.38;-9.0;;;;;;;;
118;16.5;22.5;0.9;5;Successful;Effective;collision;18.82;vtypeauto.1;vtypeauto.0;440.33;edge_0_0_0;0.0;-7.0;0.2;-8.98;0.31;-9.0;0.38;-9.0;;;;;;;;
119;16.5;22.5;0.9;8;Successful;Effective;collision;19.37;vtypeauto.1;vtypeauto.0;455.30;edge_0_0_0;0.0;-7.0;0.2;-8.98;0.31;-9.0;0.38;-9.0;;;;;;;;
120;16.5;22.5;0.9;10;Successful;Effective;collision;19.80;vtypeauto.1;vtypeauto.0;464.51;edge_0_0_0;0.0;-7.0;0.2;-8.98;0.31;-9.0;0.38;-9.0;;;;;;;;
121;16.5;22.5;1.0;5;Successful;Effective;collision;18.77;vtypeauto.1;vtypeauto.0;439.70;edge_0_0_0;0.0;-7.0;0.2;-9.0;0.31;-9.0;0.38;-9.0;;;;;;;;
122;16.5;22.5;1.0;8;Successful;Effective;collision;19.25;vtypeauto.1;vtypeauto.0;454.18;edge_0_0_0;0.0;-7.0;0.2;-9.0;0.31;-9.0;0.38;-9.0;;;;;;;;
123;16.5;22.5;1.0;10;Successful;Effective;collision;19.60;vtypeauto.1;vtypeauto.0;463.16;edge_0_0_0;0.0;-7.0;0.2;-9.0;0.31;-9.0;0.38;-9.0;;;;;;;;
124;16.5;22.5;1.1;5;Successful;Effective;collision;18.73;vtypeauto.1;vtypeauto.0;439.14;edge_0_0_0;0.0;-7.0;0.2;-9.0;0.31;-9.0;0.38;-9.0;;;;;;;;
125;16.5;22.5;1.1;8;Successful;Effective;collision;19.17;vtypeauto.1;vtypeauto.0;453.41;edge_0_0_0;0.0;-7.0;0.2;-9.0;0.31;-9.0;0.38;-9.0;;;;;;;;
126;16.5;22.5;1.1;10;Successful;Effective;collision;19.47;vtypeauto.1;vtypeauto.0;462.17;edge_0_0_0;0.0;-7.0;0.2;-9.0;0.31;-9.0;0.38;-9.0;;;;;;;;
127;16.6;22.6;0.5;5;Successful;Effective;collision;19.51;vtypeauto.1;vtypeauto.0;447.49;edge_0_0_0;0.0;-7.0;0.2;-8.11;0.31;-8.69;0.38;-8.9;;;;;;;;
128;16.6;22.6;0.5;8;Successful;Effective;No;No;No;No;No;No;0.0;-7.0;0.2;-8.11;0.31;-8.69;0.38;-8.9;;;;;;;;
129;16.6;22.6;0.5;10;Successful;Effective;No;No;No;No;No;No;0.0;-7.0;0.2;-8.11;0.31;-8.69;0.38;-8.9;;;;;;;;
130;16.6;22.6;0.6;5;Successful;Effective;collision;19.20;vtypeauto.1;vtypeauto.0;444.67;edge_0_0_0;0.0;-7.0;0.2;-8.32;0.31;-9.0;0.38;-9.0;;;;;;;;
131;16.6;22.6;0.6;8;Successful;Effective;collision;20.35;vtypeauto.1;vtypeauto.0;460.74;edge_0_0_0;0.0;-7.0;0.2;-8.32;0.31;-9.0;0.38;-9.0;;;;;;;;
132;16.6;22.6;0.6;10;Successful;Effective;No;No;No;No;No;No;0.0;-7.0;0.2;-8.32;0.31;-9.0;0.38;-9.0;;;;;;;;
133;16.6;22.6;0.7;5;Successful;Effective;collision;19.02;vtypeauto.1;vtypeauto.0;442.75;edge_0_0_0;0.0;-7.0;0.2;-8.54;0.31;-9.0;0.38;-9.0;;;;;;;;
134;16.6;22.6;0.7;8;Successful;Effective;collision;19.84;vtypeauto.1;vtypeauto.0;458.75;edge_0_0_0;0.0;-7.0;0.2;-8.54;0.31;-9.0;0.38;-9.0;;;;;;;;
135;16.6;22.6;0.7;10;Successful;Effective;collision;20.66;vtypeauto.1;vtypeauto.0;467.05;edge_0_0_0;0.0;-7.0;0.2;-8.54;0.31;-9.0;0.38;-9.0;;;;;;;;
136;16.6;22.6;0.8;5;Successful;Effective;collision;18.90;vtypeauto.1;vtypeauto.0;441.33;edge_0_0_0;0.0;-7.0;0.2;-8.76;0.31;-9.0;0.38;-9.0;;;;;;;;
137;16.6;22.6;0.8;8;Successful;Effective;collision;19.55;vtypeauto.1;vtypeauto.0;456.79;edge_0_0_0;0.0;-7.0;0.2;-8.76;0.31;-9.0;0.38;-9.0;;;;;;;;
138;16.6;22.6;0.8;10;Successful;Effective;collision;20.11;vtypeauto.1;vtypeauto.0;466.04;edge_0_0_0;0.0;-7.0;0.2;-8.76;0.31;-9.0;0.38;-9.0;;;;;;;;
139;16.6;22.6;0.9;5;Successful;Effective;collision;18.82;vtypeauto.1;vtypeauto.0;440.33;edge_0_0_0;0.0;-7.0;0.2;-8.98;0.31;-9.0;0.38;-9.0;;;;;;;;
140;16.6;22.6;0.9;8;Successful;Effective;collision;19.37;vtypeauto.1;vtypeauto.0;455.30;edge_0_0_0;0.0;-7.0;0.2;-8.98;0.31;-9.0;0.38;-9.0;;;;;;;;
141;16.6;22.6;0.9;10;Successful;Effective;collision;19.80;vtypeauto.1;vtypeauto.0;464.51;edge_0_0_0;0.0;-7.0;0.2;-8.98;0.31;-9.0;0.38;-9.0;;;;;;;;
142;16.6;22.6;1.0;5;Successful;Effective;collision;18.77;vtypeauto.1;vtypeauto.0;439.70;edge_0_0_0;0.0;-7.0;0.2;-9.0;0.31;-9.0;0.38;-9.0;;;;;;;;
143;16.6;22.6;1.0;8;Successful;Effective;collision;19.25;vtypeauto.1;vtypeauto.0;454.18;edge_0_0_0;0.0;-7.0;0.2;-9.0;0.31;-9.0;0.38;-9.0;;;;;;;;
144;16.6;22.6;1.0;10;Successful;Effective;collision;19.60;vtypeauto.1;vtypeauto.0;463.16;edge_0_0_0;0.0;-7.0;0.2;-9.0;0.31;-9.0;0.38;-9.0;;;;;;;;
145;16.6;22.6;1.1;5;Successful;Effective;collision;18.73;vtypeauto.1;vtypeauto.0;439.14;edge_0_0_0;0.0;-7.0;0.2;-9.0;0.31;-9.0;0.38;-9.0;;;;;;;;
146;16.6;22.6;1.1;8;Successful;Effective;collision;19.17;vtypeauto.1;vtypeauto.0;453.41;edge_0_0_0;0.0;-7.0;0.2;-9.0;0.31;-9.0;0.38;-9.0;;;;;;;;
147;16.6;22.6;1.1;10;Successful;Effective;collision;19.47;vtypeauto.1;vtypeauto.0;462.17;edge_0_0_0;0.0;-7.0;0.2;-9.0;0.31;-9.0;0.38;-9.0;;;;;;;;
148;16.7;22.7;0.5;5;Successful;Effective;collision;19.51;vtypeauto.1;vtypeauto.0;447.49;edge_0_0_0;0.0;-7.0;0.2;-8.11;0.31;-8.69;0.38;-8.9;;;;;;;;
149;16.7;22.7;0.5;8;Successful;Effective;No;No;No;No;No;No;0.0;-7.0;0.2;-8.11;0.31;-8.69;0.38;-8.9;;;;;;;;
150;16.7;22.7;0.5;10;Successful;Effective;No;No;No;No;No;No;0.0;-7.0;0.2;-8.11;0.31;-8.69;0.38;-8.9;;;;;;;;
151;16.7;22.7;0.6;5;Successful;Effective;collision;19.20;vtypeauto.1;vtypeauto.0;444.67;edge_0_0_0;0.0;-7.0;0.2;-8.32;0.31;-9.0;0.38;-9.0;;;;;;;;
152;16.7;22.7;0.6;8;Successful;Effective;collision;20.35;vtypeauto.1;vtypeauto.0;460.74;edge_0_0_0;0.0;-7.0;0.2;-8.32;0.31;-9.0;0.38;-9.0;;;;;;;;
153;16.7;22.7;0.6;10;Successful;Effective;No;No;No;No;No;No;0.0;-7.0;0.2;-8.32;0.31;-9.0;0.38;-9.0;;;;;;;;
154;16.7;22.7;0.7;5;Successful;Effective;collision;19.02;vtypeauto.1;vtypeauto.0;442.75;edge_0_0_0;0.0;-7.0;0.2;-8.54;0.31;-9.0;0.38;-9.0;;;;;;;;
155;16.7;22.7;0.7;8;Successful;Effective;collision;19.84;vtypeauto.1;vtypeauto.0;458.75;edge_0_0_0;0.0;-7.0;0.2;-8.54;0.31;-9.0;0.38;-9.0;;;;;;;;
156;16.7;22.7;0.7;10;Successful;Effective;collision;20.66;vtypeauto.1;vtypeauto.0;467.05;edge_0_0_0;0.0;-7.0;0.2;-8.54;0.31;-9.0;0.38;-9.0;;;;;;;;
157;16.7;22.7;0.8;5;Successful;Effective;collision;18.90;vtypeauto.1;vtypeauto.0;441.33;edge_0_0_0;0.0;-7.0;0.2;-8.76;0.31;-9.0;0.38;-9.0;;;;;;;;
158;16.7;22.7;0.8;8;Successful;Effective;collision;19.55;vtypeauto.1;vtypeauto.0;456.79;edge_0_0_0;0.0;-7.0;0.2;-8.76;0.31;-9.0;0.38;-9.0;;;;;;;;
159;16.7;22.7;0.8;10;Successful;Effective;collision;20.11;vtypeauto.1;vtypeauto.0;466.04;edge_0_0_0;0.0;-7.0;0.2;-8.76;0.31;-9.0;0.38;-9.0;;;;;;;;
160;16.7;22.7;0.9;5;Successful;Effective;collision;18.82;vtypeauto.1;vtypeauto.0;440.33;edge_0_0_0;0.0;-7.0;0.2;-8.98;0.31;-9.0;0.38;-9.0;;;;;;;;
161;16.7;22.7;0.9;8;Successful;Effective;collision;19.37;vtypeauto.1;vtypeauto.0;455.30;edge_0_0_0;0.0;-7.0;0.2;-8.98;0.31;-9.0;0.38;-9.0;;;;;;;;
162;16.7;22.7;0.9;10;Successful;Effective;collision;19.80;vtypeauto.1;vtypeauto.0;464.51;edge_0_0_0;0.0;-7.0;0.2;-8.98;0.31;-9.0;0.38;-9.0;;;;;;;;
163;16.7;22.7;1.0;5;Successful;Effective;collision;18.77;vtypeauto.1;vtypeauto.0;439.70;edge_0_0_0;0.0;-7.0;0.2;-9.0;0.31;-9.0;0.38;-9.0;;;;;;;;
164;16.7;22.7;1.0;8;Successful;Effective;collision;19.25;vtypeauto.1;vtypeauto.0;454.18;edge_0_0_0;0.0;-7.0;0.2;-9.0;0.31;-9.0;0.38;-9.0;;;;;;;;
165;16.7;22.7;1.0;10;Successful;Effective;collision;19.60;vtypeauto.1;vtypeauto.0;463.16;edge_0_0_0;0.0;-7.0;0.2;-9.0;0.31;-9.0;0.38;-9.0;;;;;;;;
166;16.7;22.7;1.1;5;Successful;Effective;collision;18.73;vtypeauto.1;vtypeauto.0;439.14;edge_0_0_0;0.0;-7.0;0.2;-9.0;0.31;-9.0;0.38;-9.0;;;;;;;;
167;16.7;22.7;1.1;8;Successful;Effective;collision;19.17;vtypeauto.1;vtypeauto.0;453.41;edge_0_0_0;0.0;-7.0;0.2;-9.0;0.31;-9.0;0.38;-9.0;;;;;;;;
168;16.7;22.7;1.1;10;Successful;Effective;collision;19.47;vtypeauto.1;vtypeauto.0;462.17;edge_0_0_0;0.0;-7.0;0.2;-9.0;0.31;-9.0;0.38;-9.0;;;;;;;;
169;16.8;22.8;0.5;5;Successful;Effective;collision;19.51;vtypeauto.1;vtypeauto.0;447.49;edge_0_0_0;0.0;-7.0;0.2;-8.11;0.31;-8.69;0.38;-8.9;;;;;;;;
170;16.8;22.8;0.5;8;Successful;Effective;No;No;No;No;No;No;0.0;-7.0;0.2;-8.11;0.31;-8.69;0.38;-8.9;;;;;;;;
171;16.8;22.8;0.5;10;Successful;Effective;No;No;No;No;No;No;0.0;-7.0;0.2;-8.11;0.31;-8.69;0.38;-8.9;;;;;;;;
172;16.8;22.8;0.6;5;Successful;Effective;collision;19.20;vtypeauto.1;vtypeauto.0;444.67;edge_0_0_0;0.0;-7.0;0.2;-8.32;0.31;-9.0;0.38;-9.0;;;;;;;;
173;16.8;22.8;0.6;8;Successful;Effective;collision;20.35;vtypeauto.1;vtypeauto.0;460.74;edge_0_0_0;0.0;-7.0;0.2;-8.32;0.31;-9.0;0.38;-9.0;;;;;;;;
174;16.8;22.8;0.6;10;Successful;Effective;No;No;No;No;No;No;0.0;-7.0;0.2;-8.32;0.31;-9.0;0.38;-9.0;;;;;;;;
175;16.8;22.8;0.7;5;Successful;Effective;collision;19.02;vtypeauto.1;vtypeauto.0;442.75;edge_0_0_0;0.0;-7.0;0.2;-8.54;0.31;-9.0;0.38;-9.0;;;;;;;;
176;16.8;22.8;0.7;8;Successful;Effective;collision;19.84;vtypeauto.1;vtypeauto.0;458.75;edge_0_0_0;0.0;-7.0;0.2;-8.54;0.31;-9.0;0.38;-9.0;;;;;;;;
177;16.8;22.8;0.7;10;Successful;Effective;collision;20.66;vtypeauto.1;vtypeauto.0;467.05;edge_0_0_0;0.0;-7.0;0.2;-8.54;0.31;-9.0;0.38;-9.0;;;;;;;;
178;16.8;22.8;0.8;5;Successful;Effective;collision;18.90;vtypeauto.1;vtypeauto.0;441.33;edge_0_0_0;0.0;-7.0;0.2;-8.76;0.31;-9.0;0.38;-9.0;;;;;;;;
179;16.8;22.8;0.8;8;Successful;Effective;collision;19.55;vtypeauto.1;vtypeauto.0;456.79;edge_0_0_0;0.0;-7.0;0.2;-8.76;0.31;-9.0;0.38;-9.0;;;;;;;;
180;16.8;22.8;0.8;10;Successful;Effective;collision;20.11;vtypeauto.1;vtypeauto.0;466.04;edge_0_0_0;0.0;-7.0;0.2;-8.76;0.31;-9.0;0.38;-9.0;;;;;;;;
181;16.8;22.8;0.9;5;Successful;Effective;collision;18.82;vtypeauto.1;vtypeauto.0;440.33;edge_0_0_0;0.0;-7.0;0.2;-8.98;0.31;-9.0;0.38;-9.0;;;;;;;;
182;16.8;22.8;0.9;8;Successful;Effective;collision;19.37;vtypeauto.1;vtypeauto.0;455.30;edge_0_0_0;0.0;-7.0;0.2;-8.98;0.31;-9.0;0.38;-9.0;;;;;;;;
183;16.8;22.8;0.9;10;Successful;Effective;collision;19.80;vtypeauto.1;vtypeauto.0;464.51;edge_0_0_0;0.0;-7.0;0.2;-8.98;0.31;-9.0;0.38;-9.0;;;;;;;;
184;16.8;22.8;1.0;5;Successful;Effective;collision;18.77;vtypeauto.1;vtypeauto.0;439.70;edge_0_0_0;0.0;-7.0;0.2;-9.0;0.31;-9.0;0.38;-9.0;;;;;;;;
185;16.8;22.8;1.0;8;Successful;Effective;collision;19.25;vtypeauto.1;vtypeauto.0;454.18;edge_0_0_0;0.0;-7.0;0.2;-9.0;0.31;-9.0;0.38;-9.0;;;;;;;;
186;16.8;22.8;1.0;10;Successful;Effective;collision;19.60;vtypeauto.1;vtypeauto.0;463.16;edge_0_0_0;0.0;-7.0;0.2;-9.0;0.31;-9.0;0.38;-9.0;;;;;;;;
187;16.8;22.8;1.1;5;Successful;Effective;collision;18.73;vtypeauto.1;vtypeauto.0;439.14;edge_0_0_0;0.0;-7.0;0.2;-9.0;0.31;-9.0;0.38;-9.0;;;;;;;;
188;16.8;22.8;1.1;8;Successful;Effective;collision;19.17;vtypeauto.1;vtypeauto.0;453.41;edge_0_0_0;0.0;-7.0;0.2;-9.0;0.31;-9.0;0.38;-9.0;;;;;;;;
189;16.8;22.8;1.1;10;Successful;Effective;collision;19.47;vtypeauto.1;vtypeauto.0;462.17;edge_0_0_0;0.0;-7.0;0.2;-9.0;0.31;-9.0;0.38;-9.0;;;;;;;;
190;16.9;22.9;0.5;5;Successful;Effective;collision;19.51;vtypeauto.1;vtypeauto.0;447.49;edge_0_0_0;0.0;-7.0;0.2;-8.11;0.31;-8.69;0.38;-8.9;;;;;;;;
191;16.9;22.9;0.5;8;Successful;Effective;No;No;No;No;No;No;0.0;-7.0;0.2;-8.11;0.31;-8.69;0.38;-8.9;;;;;;;;
192;16.9;22.9;0.5;10;Successful;Effective;No;No;No;No;No;No;0.0;-7.0;0.2;-8.11;0.31;-8.69;0.38;-8.9;;;;;;;;
193;16.9;22.9;0.6;5;Successful;Effective;collision;19.20;vtypeauto.1;vtypeauto.0;444.67;edge_0_0_0;0.0;-7.0;0.2;-8.32;0.31;-9.0;0.38;-9.0;;;;;;;;
194;16.9;22.9;0.6;8;Successful;Effective;collision;20.35;vtypeauto.1;vtypeauto.0;460.74;edge_0_0_0;0.0;-7.0;0.2;-8.32;0.31;-9.0;0.38;-9.0;;;;;;;;
195;16.9;22.9;0.6;10;Successful;Effective;No;No;No;No;No;No;0.0;-7.0;0.2;-8.32;0.31;-9.0;0.38;-9.0;;;;;;;;
196;16.9;22.9;0.7;5;Successful;Effective;collision;19.02;vtypeauto.1;vtypeauto.0;442.75;edge_0_0_0;0.0;-7.0;0.2;-8.54;0.31;-9.0;0.38;-9.0;;;;;;;;
197;16.9;22.9;0.7;8;Successful;Effective;collision;19.84;vtypeauto.1;vtypeauto.0;458.75;edge_0_0_0;0.0;-7.0;0.2;-8.54;0.31;-9.0;0.38;-9.0;;;;;;;;
198;16.9;22.9;0.7;10;Successful;Effective;collision;20.66;vtypeauto.1;vtypeauto.0;467.05;edge_0_0_0;0.0;-7.0;0.2;-8.54;0.31;-9.0;0.38;-9.0;;;;;;;;
199;16.9;22.9;0.8;5;Successful;Effective;collision;18.90;vtypeauto.1;vtypeauto.0;441.33;edge_0_0_0;0.0;-7.0;0.2;-8.76;0.31;-9.0;0.38;-9.0;;;;;;;;
200;16.9;22.9;0.8;8;Successful;Effective;collision;19.55;vtypeauto.1;vtypeauto.0;456.79;edge_0_0_0;0.0;-7.0;0.2;-8.76;0.31;-9.0;0.38;-9.0;;;;;;;;
201;16.9;22.9;0.8;10;Successful;Effective;collision;20.11;vtypeauto.1;vtypeauto.0;466.04;edge_0_0_0;0.0;-7.0;0.2;-8.76;0.31;-9.0;0.38;-9.0;;;;;;;;
202;16.9;22.9;0.9;5;Successful;Effective;collision;18.82;vtypeauto.1;vtypeauto.0;440.33;edge_0_0_0;0.0;-7.0;0.2;-8.98;0.31;-9.0;0.38;-9.0;;;;;;;;
203;16.9;22.9;0.9;8;Successful;Effective;collision;19.37;vtypeauto.1;vtypeauto.0;455.30;edge_0_0_0;0.0;-7.0;0.2;-8.98;0.31;-9.0;0.38;-9.0;;;;;;;;
204;16.9;22.9;0.9;10;Successful;Effective;collision;19.80;vtypeauto.1;vtypeauto.0;464.51;edge_0_0_0;0.0;-7.0;0.2;-8.98;0.31;-9.0;0.38;-9.0;;;;;;;;
205;16.9;22.9;1.0;5;Successful;Effective;collision;18.77;vtypeauto.1;vtypeauto.0;439.70;edge_0_0_0;0.0;-7.0;0.2;-9.0;0.31;-9.0;0.38;-9.0;;;;;;;;
206;16.9;22.9;1.0;8;Successful;Effective;collision;19.25;vtypeauto.1;vtypeauto.0;454.18;edge_0_0_0;0.0;-7.0;0.2;-9.0;0.31;-9.0;0.38;-9.0;;;;;;;;
207;16.9;22.9;1.0;10;Successful;Effective;collision;19.60;vtypeauto.1;vtypeauto.0;463.16;edge_0_0_0;0.0;-7.0;0.2;-9.0;0.31;-9.0;0.38;-9.0;;;;;;;;
208;16.9;22.9;1.1;5;Successful;Effective;collision;18.73;vtypeauto.1;vtypeauto.0;439.14;edge_0_0_0;0.0;-7.0;0.2;-9.0;0.31;-9.0;0.38;-9.0;;;;;;;;
209;16.9;22.9;1.1;8;Successful;Effective;collision;19.17;vtypeauto.1;vtypeauto.0;453.41;edge_0_0_0;0.0;-7.0;0.2;-9.0;0.31;-9.0;0.38;-9.0;;;;;;;;
210;16.9;22.9;1.1;10;Successful;Effective;collision;19.47;vtypeauto.1;vtypeauto.0;462.17;edge_0_0_0;0.0;-7.0;0.2;-9.0;0.31;-9.0;0.38;-9.0;;;;;;;;
211;17.0;23.0;0.5;5;Successful;Effective;collision;19.51;vtypeauto.1;vtypeauto.0;447.49;edge_0_0_0;0.0;-7.0;0.2;-8.11;0.31;-8.69;0.38;-8.9;;;;;;;;
212;17.0;23.0;0.5;8;Successful;Effective;No;No;No;No;No;No;0.0;-7.0;0.2;-8.11;0.31;-8.69;0.38;-8.9;;;;;;;;
213;17.0;23.0;0.5;10;Successful;Effective;No;No;No;No;No;No;0.0;-7.0;0.2;-8.11;0.31;-8.69;0.38;-8.9;;;;;;;;
214;17.0;23.0;0.6;5;Successful;Effective;collision;19.20;vtypeauto.1;vtypeauto.0;444.67;edge_0_0_0;0.0;-7.0;0.2;-8.32;0.31;-9.0;0.38;-9.0;;;;;;;;
215;17.0;23.0;0.6;8;Successful;Effective;collision;20.35;vtypeauto.1;vtypeauto.0;460.74;edge_0_0_0;0.0;-7.0;0.2;-8.32;0.31;-9.0;0.38;-9.0;;;;;;;;
216;17.0;23.0;0.6;10;Successful;Effective;No;No;No;No;No;No;0.0;-7.0;0.2;-8.32;0.31;-9.0;0.38;-9.0;;;;;;;;
217;17.0;23.0;0.7;5;Successful;Effective;collision;19.02;vtypeauto.1;vtypeauto.0;442.75;edge_0_0_0;0.0;-7.0;0.2;-8.54;0.31;-9.0;0.38;-9.0;;;;;;;;
218;17.0;23.0;0.7;8;Successful;Effective;collision;19.84;vtypeauto.1;vtypeauto.0;458.75;edge_0_0_0;0.0;-7.0;0.2;-8.54;0.31;-9.0;0.38;-9.0;;;;;;;;
219;17.0;23.0;0.7;10;Successful;Effective;collision;20.66;vtypeauto.1;vtypeauto.0;467.05;edge_0_0_0;0.0;-7.0;0.2;-8.54;0.31;-9.0;0.38;-9.0;;;;;;;;
220;17.0;23.0;0.8;5;Successful;Effective;collision;18.90;vtypeauto.1;vtypeauto.0;441.33;edge_0_0_0;0.0;-7.0;0.2;-8.76;0.31;-9.0;0.38;-9.0;;;;;;;;
221;17.0;23.0;0.8;8;Successful;Effective;collision;19.55;vtypeauto.1;vtypeauto.0;456.79;edge_0_0_0;0.0;-7.0;0.2;-8.76;0.31;-9.0;0.38;-9.0;;;;;;;;
222;17.0;23.0;0.8;10;Successful;Effective;collision;20.11;vtypeauto.1;vtypeauto.0;466.04;edge_0_0_0;0.0;-7.0;0.2;-8.76;0.31;-9.0;0.38;-9.0;;;;;;;;
223;17.0;23.0;0.9;5;Successful;Effective;collision;18.82;vtypeauto.1;vtypeauto.0;440.33;edge_0_0_0;0.0;-7.0;0.2;-8.98;0.31;-9.0;0.38;-9.0;;;;;;;;
224;17.0;23.0;0.9;8;Successful;Effective;collision;19.37;vtypeauto.1;vtypeauto.0;455.30;edge_0_0_0;0.0;-7.0;0.2;-8.98;0.31;-9.0;0.38;-9.0;;;;;;;;
225;17.0;23.0;0.9;10;Successful;Effective;collision;19.80;vtypeauto.1;vtypeauto.0;464.51;edge_0_0_0;0.0;-7.0;0.2;-8.98;0.31;-9.0;0.38;-9.0;;;;;;;;
226;17.0;23.0;1.0;5;Successful;Effective;collision;18.77;vtypeauto.1;vtypeauto.0;439.70;edge_0_0_0;0.0;-7.0;0.2;-9.0;0.31;-9.0;0.38;-9.0;;;;;;;;
227;17.0;23.0;1.0;8;Successful;Effective;collision;19.25;vtypeauto.1;vtypeauto.0;454.18;edge_0_0_0;0.0;-7.0;0.2;-9.0;0.31;-9.0;0.38;-9.0;;;;;;;;
228;17.0;23.0;1.0;10;Successful;Effective;collision;19.60;vtypeauto.1;vtypeauto.0;463.16;edge_0_0_0;0.0;-7.0;0.2;-9.0;0.31;-9.0;0.38;-9.0;;;;;;;;
229;17.0;23.0;1.1;5;Successful;Effective;collision;18.73;vtypeauto.1;vtypeauto.0;439.14;edge_0_0_0;0.0;-7.0;0.2;-9.0;0.31;-9.0;0.38;-9.0;;;;;;;;
230;17.0;23.0;1.1;8;Successful;Effective;collision;19.17;vtypeauto.1;vtypeauto.0;453.41;edge_0_0_0;0.0;-7.0;0.2;-9.0;0.31;-9.0;0.38;-9.0;;;;;;;;
231;17.0;23.0;1.1;10;Successful;Effective;collision;19.47;vtypeauto.1;vtypeauto.0;462.17;edge_0_0_0;0.0;-7.0;0.2;-9.0;0.31;-9.0;0.38;-9.0;;;;;;;;
232;17.1;23.1;0.5;5;Successful;Effective;No;No;No;No;No;No;0.0;-7.0;0.2;-7.2;0.31;-7.76;0.38;-8.05;;;;;;;;
233;17.1;23.1;0.5;8;Successful;Effective;No;No;No;No;No;No;0.0;-7.0;0.2;-7.2;0.31;-7.76;0.38;-8.05;;;;;;;;
234;17.1;23.1;0.5;10;Successful;Effective;No;No;No;No;No;No;0.0;-7.0;0.2;-7.2;0.31;-7.76;0.38;-8.05;;;;;;;;
235;17.1;23.1;0.6;5;Successful;Effective;No;No;No;No;No;No;0.0;-7.0;0.2;-7.23;0.31;-7.88;0.38;-8.24;;;;;;;;
236;17.1;23.1;0.6;8;Successful;Effective;No;No;No;No;No;No;0.0;-7.0;0.2;-7.23;0.31;-7.88;0.38;-8.24;;;;;;;;
237;17.1;23.1;0.6;10;Successful;Effective;No;No;No;No;No;No;0.0;-7.0;0.2;-7.23;0.31;-7.88;0.38;-8.24;;;;;;;;
238;17.1;23.1;0.7;5;Successful;Effective;No;No;No;No;No;No;0.0;-7.0;0.2;-7.27;0.31;-8.0;0.38;-8.42;;;;;;;;
239;17.1;23.1;0.7;8;Successful;Effective;No;No;No;No;No;No;0.0;-7.0;0.2;-7.27;0.31;-8.0;0.38;-8.42;;;;;;;;
240;17.1;23.1;0.7;10;Successful;Effective;No;No;No;No;No;No;0.0;-7.0;0.2;-7.27;0.31;-8.0;0.38;-8.42;;;;;;;;
241;17.1;23.1;0.8;5;Successful;Effective;collision;20.54;vtypeauto.2;vtypeauto.1;444.38;edge_0_0_0;0.0;-7.0;0.2;-7.31;0.31;-8.12;0.38;-8.6;;;;;;;;
242;17.1;23.1;0.8;8;Successful;Effective;No;No;No;No;No;No;0.0;-7.0;0.2;-7.31;0.31;-8.12;0.38;-8.6;;;;;;;;
243;17.1;23.1;0.8;10;Successful;Effective;No;No;No;No;No;No;0.0;-7.0;0.2;-7.31;0.31;-8.12;0.38;-8.6;;;;;;;;
244;17.1;23.1;0.9;5;Successful;Effective;collision;20.24;vtypeauto.2;vtypeauto.1;443.89;edge_0_0_0;0.0;-7.0;0.2;-7.36;0.31;-8.24;0.38;-8.76;;;;;;;;
245;17.1;23.1;0.9;8;Successful;Effective;No;No;No;No;No;No;0.0;-7.0;0.2;-7.36;0.31;-8.24;0.38;-8.76;;;;;;;;
246;17.1;23.1;0.9;10;Successful;Effective;No;No;No;No;No;No;0.0;-7.0;0.2;-7.36;0.31;-8.24;0.38;-8.76;;;;;;;;
247;17.1;23.1;1.0;5;Successful;Effective;collision;20.04;vtypeauto.2;vtypeauto.1;443.21;edge_0_0_0;0.0;-7.0;0.2;-7.42;0.31;-8.36;0.38;-8.87;;;;;;;;
248;17.1;23.1;1.0;8;Successful;Effective;No;No;No;No;No;No;0.0;-7.0;0.2;-7.42;0.31;-8.36;0.38;-8.87;;;;;;;;
249;17.1;23.1;1.0;10;Successful;Effective;No;No;No;No;No;No;0.0;-7.0;0.2;-7.42;0.31;-8.36;0.38;-8.87;;;;;;;;
250;17.1;23.1;1.1;5;Successful;Effective;collision;19.91;vtypeauto.2;vtypeauto.1;442.67;edge_0_0_0;0.0;-7.0;0.2;-7.48;0.31;-8.47;0.38;-8.95;;;;;;;;
251;17.1;23.1;1.1;8;Successful;Effective;No;No;No;No;No;No;0.0;-7.0;0.2;-7.48;0.31;-8.47;0.38;-8.95;;;;;;;;
252;17.1;23.1;1.1;10;Successful;Effective;No;No;No;No;No;No;0.0;-7.0;0.2;-7.48;0.31;-8.47;0.38;-8.95;;;;;;;;
253;17.2;23.2;0.5;5;Successful;Effective;No;No;No;No;No;No;0.0;-7.0;0.2;-7.18;0.31;-7.31;0.38;-7.57;;;;;;;;
254;17.2;23.2;0.5;8;Successful;Effective;No;No;No;No;No;No;0.0;-7.0;0.2;-7.18;0.31;-7.31;0.38;-7.57;;;;;;;;
255;17.2;23.2;0.5;10;Successful;Effective;No;No;No;No;No;No;0.0;-7.0;0.2;-7.18;0.31;-7.31;0.38;-7.57;;;;;;;;
256;17.2;23.2;0.6;5;Successful;Effective;No;No;No;No;No;No;0.0;-7.0;0.2;-7.21;0.31;-7.35;0.38;-7.64;;;;;;;;
257;17.2;23.2;0.6;8;Successful;Effective;No;No;No;No;No;No;0.0;-7.0;0.2;-7.21;0.31;-7.35;0.38;-7.64;;;;;;;;
258;17.2;23.2;0.6;10;Successful;Effective;No;No;No;No;No;No;0.0;-7.0;0.2;-7.21;0.31;-7.35;0.38;-7.64;;;;;;;;
259;17.2;23.2;0.7;5;Successful;Effective;No;No;No;No;No;No;0.0;-7.0;0.2;-7.24;0.31;-7.4;0.38;-7.7;;;;;;;;
260;17.2;23.2;0.7;8;Successful;Effective;No;No;No;No;No;No;0.0;-7.0;0.2;-7.24;0.31;-7.4;0.38;-7.7;;;;;;;;
261;17.2;23.2;0.7;10;Successful;Effective;No;No;No;No;No;No;0.0;-7.0;0.2;-7.24;0.31;-7.4;0.38;-7.7;;;;;;;;
262;17.2;23.2;0.8;5;Successful;Effective;No;No;No;No;No;No;0.0;-7.0;0.2;-7.27;0.31;-7.45;0.38;-7.73;;;;;;;;
263;17.2;23.2;0.8;8;Successful;Effective;No;No;No;No;No;No;0.0;-7.0;0.2;-7.27;0.31;-7.45;0.38;-7.73;;;;;;;;
264;17.2;23.2;0.8;10;Successful;Effective;No;No;No;No;No;No;0.0;-7.0;0.2;-7.27;0.31;-7.45;0.38;-7.73;;;;;;;;
265;17.2;23.2;0.9;5;Successful;Effective;No;No;No;No;No;No;0.0;-7.0;0.2;-7.31;0.31;-7.48;0.38;-7.72;;;;;;;;
266;17.2;23.2;0.9;8;Successful;Effective;No;No;No;No;No;No;0.0;-7.0;0.2;-7.31;0.31;-7.48;0.38;-7.72;;;;;;;;
267;17.2;23.2;0.9;10;Successful;Effective;No;No;No;No;No;No;0.0;-7.0;0.2;-7.31;0.31;-7.48;0.38;-7.72;;;;;;;;
268;17.2;23.2;1.0;5;Successful;Effective;No;No;No;No;No;No;0.0;-7.0;0.2;-7.36;0.31;-7.5;0.38;-7.67;;;;;;;;
269;17.2;23.2;1.0;8;Successful;Effective;No;No;No;No;No;No;0.0;-7.0;0.2;-7.36;0.31;-7.5;0.38;-7.67;;;;;;;;
270;17.2;23.2;1.0;10;Successful;Effective;No;No;No;No;No;No;0.0;-7.0;0.2;-7.36;0.31;-7.5;0.38;-7.67;;;;;;;;
271;17.2;23.2;1.1;5;Successful;Effective;No;No;No;No;No;No;0.0;-7.0;0.2;-7.41;0.31;-7.5;0.38;-7.61;;;;;;;;
272;17.2;23.2;1.1;8;Successful;Effective;No;No;No;No;No;No;0.0;-7.0;0.2;-7.41;0.31;-7.5;0.38;-7.61;;;;;;;;
273;17.2;23.2;1.1;10;Successful;Effective;No;No;No;No;No;No;0.0;-7.0;0.2;-7.41;0.31;-7.5;0.38;-7.61;;;;;;;;
274;17.3;23.3;0.5;5;Successful;Effective;No;No;No;No;No;No;0.0;-7.0;0.2;-7.17;0.31;-7.28;0.38;-7.35;;;;;;;;
275;17.3;23.3;0.5;8;Successful;Effective;No;No;No;No;No;No;0.0;-7.0;0.2;-7.17;0.31;-7.28;0.38;-7.35;;;;;;;;
276;17.3;23.3;0.5;10;Successful;Effective;No;No;No;No;No;No;0.0;-7.0;0.2;-7.17;0.31;-7.28;0.38;-7.35;;;;;;;;
277;17.3;23.3;0.6;5;Successful;Effective;No;No;No;No;No;No;0.0;-7.0;0.2;-7.19;0.31;-7.32;0.38;-7.37;;;;;;;;
278;17.3;23.3;0.6;8;Successful;Effective;No;No;No;No;No;No;0.0;-7.0;0.2;-7.19;0.31;-7.32;0.38;-7.37;;;;;;;;
279;17.3;23.3;0.6;10;Successful;Effective;No;No;No;No;No;No;0.0;-7.0;0.2;-7.19;0.31;-7.32;0.38;-7.37;;;;;;;;
280;17.3;23.3;0.7;5;Successful;Effective;No;No;No;No;No;No;0.0;-7.0;0.2;-7.21;0.31;-7.35;0.38;-7.38;;;;;;;;
281;17.3;23.3;0.7;8;Successful;Effective;No;No;No;No;No;No;0.0;-7.0;0.2;-7.21;0.31;-7.35;0.38;-7.38;;;;;;;;
282;17.3;23.3;0.7;10;Successful;Effective;No;No;No;No;No;No;0.0;-7.0;0.2;-7.21;0.31;-7.35;0.38;-7.38;;;;;;;;
283;17.3;23.3;0.8;5;Successful;Effective;No;No;No;No;No;No;0.0;-7.0;0.2;-7.24;0.31;-7.38;0.38;-7.35;;;;;;;;
284;17.3;23.3;0.8;8;Successful;Effective;No;No;No;No;No;No;0.0;-7.0;0.2;-7.24;0.31;-7.38;0.38;-7.35;;;;;;;;
285;17.3;23.3;0.8;10;Successful;Effective;No;No;No;No;No;No;0.0;-7.0;0.2;-7.24;0.31;-7.38;0.38;-7.35;;;;;;;;
286;17.3;23.3;0.9;5;Successful;Effective;No;No;No;No;No;No;0.0;-7.0;0.2;-7.27;0.31;-7.4;0.38;-7.29;;;;;;;;
287;17.3;23.3;0.9;8;Successful;Effective;No;No;No;No;No;No;0.0;-7.0;0.2;-7.27;0.31;-7.4;0.38;-7.29;;;;;;;;
288;17.3;23.3;0.9;10;Successful;Effective;No;No;No;No;No;No;0.0;-7.0;0.2;-7.27;0.31;-7.4;0.38;-7.29;;;;;;;;
289;17.3;23.3;1.0;5;Successful;Effective;No;No;No;No;No;No;0.0;-7.0;0.2;-7.31;0.31;-7.41;0.38;-7.21;;;;;;;;
290;17.3;23.3;1.0;8;Successful;Effective;No;No;No;No;No;No;0.0;-7.0;0.2;-7.31;0.31;-7.41;0.38;-7.21;;;;;;;;
291;17.3;23.3;1.0;10;Successful;Effective;No;No;No;No;No;No;0.0;-7.0;0.2;-7.31;0.31;-7.41;0.38;-7.21;;;;;;;;
292;17.3;23.3;1.1;5;Successful;Effective;No;No;No;No;No;No;0.0;-7.0;0.2;-7.35;0.31;-7.39;0.38;-7.14;;;;;;;;
293;17.3;23.3;1.1;8;Successful;Effective;No;No;No;No;No;No;0.0;-7.0;0.2;-7.35;0.31;-7.39;0.38;-7.14;;;;;;;;
294;17.3;23.3;1.1;10;Successful;Effective;No;No;No;No;No;No;0.0;-7.0;0.2;-7.35;0.31;-7.39;0.38;-7.14;;;;;;;;
295;17.4;23.4;0.5;5;Successful;Effective;No;No;No;No;No;No;0.0;-7.0;0.2;-7.15;0.31;-7.26;0.38;-7.32;;;;;;;;
296;17.4;23.4;0.5;8;Successful;Effective;No;No;No;No;No;No;0.0;-7.0;0.2;-7.15;0.31;-7.26;0.38;-7.32;;;;;;;;
297;17.4;23.4;0.5;10;Successful;Effective;No;No;No;No;No;No;0.0;-7.0;0.2;-7.15;0.31;-7.26;0.38;-7.32;;;;;;;;
298;17.4;23.4;0.6;5;Successful;Effective;No;No;No;No;No;No;0.0;-7.0;0.2;-7.17;0.31;-7.29;0.38;-7.34;;;;;;;;
299;17.4;23.4;0.6;8;Successful;Effective;No;No;No;No;No;No;0.0;-7.0;0.2;-7.17;0.31;-7.29;0.38;-7.34;;;;;;;;
300;17.4;23.4;0.6;10;Successful;Effective;No;No;No;No;No;No;0.0;-7.0;0.2;-7.17;0.31;-7.29;0.38;-7.34;;;;;;;;
301;17.4;23.4;0.7;5;Successful;Effective;No;No;No;No;No;No;0.0;-7.0;0.2;-7.19;0.31;-7.31;0.38;-7.33;;;;;;;;
302;17.4;23.4;0.7;8;Successful;Effective;No;No;No;No;No;No;0.0;-7.0;0.2;-7.19;0.31;-7.31;0.38;-7.33;;;;;;;;
303;17.4;23.4;0.7;10;Successful;Effective;No;No;No;No;No;No;0.0;-7.0;0.2;-7.19;0.31;-7.31;0.38;-7.33;;;;;;;;
304;17.4;23.4;0.8;5;Successful;Effective;No;No;No;No;No;No;0.0;-7.0;0.2;-7.21;0.31;-7.33;0.38;-7.3;;;;;;;;
305;17.4;23.4;0.8;8;Successful;Effective;No;No;No;No;No;No;0.0;-7.0;0.2;-7.21;0.31;-7.33;0.38;-7.3;;;;;;;;
306;17.4;23.4;0.8;10;Successful;Effective;No;No;No;No;No;No;0.0;-7.0;0.2;-7.21;0.31;-7.33;0.38;-7.3;;;;;;;;
307;17.4;23.4;0.9;5;Successful;Effective;No;No;No;No;No;No;0.0;-7.0;0.2;-7.24;0.31;-7.34;0.38;-7.24;;;;;;;;
308;17.4;23.4;0.9;8;Successful;Effective;No;No;No;No;No;No;0.0;-7.0;0.2;-7.24;0.31;-7.34;0.38;-7.24;;;;;;;;
309;17.4;23.4;0.9;10;Successful;Effective;No;No;No;No;No;No;0.0;-7.0;0.2;-7.24;0.31;-7.34;0.38;-7.24;;;;;;;;
310;17.4;23.4;1.0;5;Successful;Effective;No;No;No;No;No;No;0.0;-7.0;0.2;-7.27;0.31;-7.33;0.38;-7.18;;;;;;;;
311;17.4;23.4;1.0;8;Successful;Effective;No;No;No;No;No;No;0.0;-7.0;0.2;-7.27;0.31;-7.33;0.38;-7.18;;;;;;;;
312;17.4;23.4;1.0;10;Successful;Effective;No;No;No;No;No;No;0.0;-7.0;0.2;-7.27;0.31;-7.33;0.38;-7.18;;;;;;;;
313;17.4;23.4;1.1;5;Successful;Effective;No;No;No;No;No;No;0.0;-7.0;0.2;-7.29;0.31;-7.3;0.38;-7.14;;;;;;;;
314;17.4;23.4;1.1;8;Successful;Effective;No;No;No;No;No;No;0.0;-7.0;0.2;-7.29;0.31;-7.3;0.38;-7.14;;;;;;;;
315;17.4;23.4;1.1;10;Successful;Effective;No;No;No;No;No;No;0.0;-7.0;0.2;-7.29;0.31;-7.3;0.38;-7.14;;;;;;;;
316;17.5;23.5;0.5;5;Successful;Effective;No;No;No;No;No;No;0.0;-7.0;0.2;-7.14;0.31;-7.24;0.38;-7.3;;;;;;;;
317;17.5;23.5;0.5;8;Successful;Effective;No;No;No;No;No;No;0.0;-7.0;0.2;-7.14;0.31;-7.24;0.38;-7.3;;;;;;;;
318;17.5;23.5;0.5;10;Successful;Effective;No;No;No;No;No;No;0.0;-7.0;0.2;-7.14;0.31;-7.24;0.38;-7.3;;;;;;;;
319;17.5;23.5;0.6;5;Successful;Effective;No;No;No;No;No;No;0.0;-7.0;0.2;-7.16;0.31;-7.26;0.38;-7.31;;;;;;;;
320;17.5;23.5;0.6;8;Successful;Effective;No;No;No;No;No;No;0.0;-7.0;0.2;-7.16;0.31;-7.26;0.38;-7.31;;;;;;;;
321;17.5;23.5;0.6;10;Successful;Effective;No;No;No;No;No;No;0.0;-7.0;0.2;-7.16;0.31;-7.26;0.38;-7.31;;;;;;;;
322;17.5;23.5;0.7;5;Successful;Effective;No;No;No;No;No;No;0.0;-7.0;0.2;-7.17;0.31;-7.28;0.38;-7.29;;;;;;;;
323;17.5;23.5;0.7;8;Successful;Effective;No;No;No;No;No;No;0.0;-7.0;0.2;-7.17;0.31;-7.28;0.38;-7.29;;;;;;;;
324;17.5;23.5;0.7;10;Successful;Effective;No;No;No;No;No;No;0.0;-7.0;0.2;-7.17;0.31;-7.28;0.38;-7.29;;;;;;;;
325;17.5;23.5;0.8;5;Successful;Effective;No;No;No;No;No;No;0.0;-7.0;0.2;-7.19;0.31;-7.29;0.38;-7.26;;;;;;;;
326;17.5;23.5;0.8;8;Successful;Effective;No;No;No;No;No;No;0.0;-7.0;0.2;-7.19;0.31;-7.29;0.38;-7.26;;;;;;;;
327;17.5;23.5;0.8;10;Successful;Effective;No;No;No;No;No;No;0.0;-7.0;0.2;-7.19;0.31;-7.29;0.38;-7.26;;;;;;;;
328;17.5;23.5;0.9;5;Successful;Effective;No;No;No;No;No;No;0.0;-7.0;0.2;-7.21;0.31;-7.29;0.38;-7.21;;;;;;;;
329;17.5;23.5;0.9;8;Successful;Effective;No;No;No;No;No;No;0.0;-7.0;0.2;-7.21;0.31;-7.29;0.38;-7.21;;;;;;;;
330;17.5;23.5;0.9;10;Successful;Effective;No;No;No;No;No;No;0.0;-7.0;0.2;-7.21;0.31;-7.29;0.38;-7.21;;;;;;;;
331;17.5;23.5;1.0;5;Successful;Effective;No;No;No;No;No;No;0.0;-7.0;0.2;-7.23;0.31;-7.27;0.38;-7.16;;;;;;;;
332;17.5;23.5;1.0;8;Successful;Effective;No;No;No;No;No;No;0.0;-7.0;0.2;-7.23;0.31;-7.27;0.38;-7.16;;;;;;;;
333;17.5;23.5;1.0;10;Successful;Effective;No;No;No;No;No;No;0.0;-7.0;0.2;-7.23;0.31;-7.27;0.38;-7.16;;;;;;;;
334;17.5;23.5;1.1;5;Successful;Effective;No;No;No;No;No;No;0.0;-7.0;0.2;-7.25;0.31;-7.23;0.38;-7.15;;;;;;;;
335;17.5;23.5;1.1;8;Successful;Effective;No;No;No;No;No;No;0.0;-7.0;0.2;-7.25;0.31;-7.23;0.38;-7.15;;;;;;;;
336;17.5;23.5;1.1;10;Successful;Effective;No;No;No;No;No;No;0.0;-7.0;0.2;-7.25;0.31;-7.23;0.38;-7.15;;;;;;;;
337;17.6;23.6;0.5;5;Successful;Effective;No;No;No;No;No;No;0.0;-7.0;0.2;-7.14;0.31;-7.23;0.38;-7.28;;;;;;;;
338;17.6;23.6;0.5;8;Successful;Effective;No;No;No;No;No;No;0.0;-7.0;0.2;-7.14;0.31;-7.23;0.38;-7.28;;;;;;;;
339;17.6;23.6;0.5;10;Successful;Effective;No;No;No;No;No;No;0.0;-7.0;0.2;-7.14;0.31;-7.23;0.38;-7.28;;;;;;;;
340;17.6;23.6;0.6;5;Successful;Effective;No;No;No;No;No;No;0.0;-7.0;0.2;-7.15;0.31;-7.24;0.38;-7.28;;;;;;;;
341;17.6;23.6;0.6;8;Successful;Effective;No;No;No;No;No;No;0.0;-7.0;0.2;-7.15;0.31;-7.24;0.38;-7.28;;;;;;;;
342;17.6;23.6;0.6;10;Successful;Effective;No;No;No;No;No;No;0.0;-7.0;0.2;-7.15;0.31;-7.24;0.38;-7.28;;;;;;;;
343;17.6;23.6;0.7;5;Successful;Effective;No;No;No;No;No;No;0.0;-7.0;0.2;-7.16;0.31;-7.25;0.38;-7.27;;;;;;;;
344;17.6;23.6;0.7;8;Successful;Effective;No;No;No;No;No;No;0.0;-7.0;0.2;-7.16;0.31;-7.25;0.38;-7.27;;;;;;;;
345;17.6;23.6;0.7;10;Successful;Effective;No;No;No;No;No;No;0.0;-7.0;0.2;-7.16;0.31;-7.25;0.38;-7.27;;;;;;;;
346;17.6;23.6;0.8;5;Successful;Effective;No;No;No;No;No;No;0.0;-7.0;0.2;-7.17;0.31;-7.26;0.38;-7.24;;;;;;;;
347;17.6;23.6;0.8;8;Successful;Effective;No;No;No;No;No;No;0.0;-7.0;0.2;-7.17;0.31;-7.26;0.38;-7.24;;;;;;;;
348;17.6;23.6;0.8;10;Successful;Effective;No;No;No;No;No;No;0.0;-7.0;0.2;-7.17;0.31;-7.26;0.38;-7.24;;;;;;;;
349;17.6;23.6;0.9;5;Successful;Effective;No;No;No;No;No;No;0.0;-7.0;0.2;-7.19;0.31;-7.25;0.38;-7.19;;;;;;;;
350;17.6;23.6;0.9;8;Successful;Effective;No;No;No;No;No;No;0.0;-7.0;0.2;-7.19;0.31;-7.25;0.38;-7.19;;;;;;;;
351;17.6;23.6;0.9;10;Successful;Effective;No;No;No;No;No;No;0.0;-7.0;0.2;-7.19;0.31;-7.25;0.38;-7.19;;;;;;;;
352;17.6;23.6;1.0;5;Successful;Effective;No;No;No;No;No;No;0.0;-7.0;0.2;-7.2;0.31;-7.22;0.38;-7.16;;;;;;;;
353;17.6;23.6;1.0;8;Successful;Effective;No;No;No;No;No;No;0.0;-7.0;0.2;-7.2;0.31;-7.22;0.38;-7.16;;;;;;;;
354;17.6;23.6;1.0;10;Successful;Effective;No;No;No;No;No;No;0.0;-7.0;0.2;-7.2;0.31;-7.22;0.38;-7.16;;;;;;;;
355;17.6;23.6;1.1;5;Successful;Effective;No;No;No;No;No;No;0.0;-7.0;0.2;-7.22;0.31;-7.18;0.38;-7.15;;;;;;;;
356;17.6;23.6;1.1;8;Successful;Effective;No;No;No;No;No;No;0.0;-7.0;0.2;-7.22;0.31;-7.18;0.38;-7.15;;;;;;;;
357;17.6;23.6;1.1;10;Successful;Effective;No;No;No;No;No;No;0.0;-7.0;0.2;-7.22;0.31;-7.18;0.38;-7.15;;;;;;;;
358;17.7;23.7;0.5;5;Successful;Effective;No;No;No;No;No;No;0.0;-7.0;0.2;-7.13;0.31;-7.22;0.38;-7.27;;;;;;;;
359;17.7;23.7;0.5;8;Successful;Effective;No;No;No;No;No;No;0.0;-7.0;0.2;-7.13;0.31;-7.22;0.38;-7.27;;;;;;;;
360;17.7;23.7;0.5;10;Successful;Effective;No;No;No;No;No;No;0.0;-7.0;0.2;-7.13;0.31;-7.22;0.38;-7.27;;;;;;;;
361;17.7;23.7;0.6;5;Successful;Effective;No;No;No;No;No;No;0.0;-7.0;0.2;-7.14;0.31;-7.23;0.38;-7.26;;;;;;;;
362;17.7;23.7;0.6;8;Successful;Effective;No;No;No;No;No;No;0.0;-7.0;0.2;-7.14;0.31;-7.23;0.38;-7.26;;;;;;;;
363;17.7;23.7;0.6;10;Successful;Effective;No;No;No;No;No;No;0.0;-7.0;0.2;-7.14;0.31;-7.23;0.38;-7.26;;;;;;;;
364;17.7;23.7;0.7;5;Successful;Effective;No;No;No;No;No;No;0.0;-7.0;0.2;-7.15;0.31;-7.23;0.38;-7.25;;;;;;;;
365;17.7;23.7;0.7;8;Successful;Effective;No;No;No;No;No;No;0.0;-7.0;0.2;-7.15;0.31;-7.23;0.38;-7.25;;;;;;;;
366;17.7;23.7;0.7;10;Successful;Effective;No;No;No;No;No;No;0.0;-7.0;0.2;-7.15;0.31;-7.23;0.38;-7.25;;;;;;;;
367;17.7;23.7;0.8;5;Successful;Effective;No;No;No;No;No;No;0.0;-7.0;0.2;-7.16;0.31;-7.23;0.38;-7.22;;;;;;;;
368;17.7;23.7;0.8;8;Successful;Effective;No;No;No;No;No;No;0.0;-7.0;0.2;-7.16;0.31;-7.23;0.38;-7.22;;;;;;;;
369;17.7;23.7;0.8;10;Successful;Effective;No;No;No;No;No;No;0.0;-7.0;0.2;-7.16;0.31;-7.23;0.38;-7.22;;;;;;;;
370;17.7;23.7;0.9;5;Successful;Effective;No;No;No;No;No;No;0.0;-7.0;0.2;-7.17;0.31;-7.22;0.38;-7.18;;;;;;;;
371;17.7;23.7;0.9;8;Successful;Effective;No;No;No;No;No;No;0.0;-7.0;0.2;-7.17;0.31;-7.22;0.38;-7.18;;;;;;;;
372;17.7;23.7;0.9;10;Successful;Effective;No;No;No;No;No;No;0.0;-7.0;0.2;-7.17;0.31;-7.22;0.38;-7.18;;;;;;;;
373;17.7;23.7;1.0;5;Successful;Effective;No;No;No;No;No;No;0.0;-7.0;0.2;-7.18;0.31;-7.19;0.38;-7.17;;;;;;;;
374;17.7;23.7;1.0;8;Successful;Effective;No;No;No;No;No;No;0.0;-7.0;0.2;-7.18;0.31;-7.19;0.38;-7.17;;;;;;;;
375;17.7;23.7;1.0;10;Successful;Effective;No;No;No;No;No;No;0.0;-7.0;0.2;-7.18;0.31;-7.19;0.38;-7.17;;;;;;;;
376;17.7;23.7;1.1;5;Successful;Effective;No;No;No;No;No;No;0.0;-7.0;0.2;-7.19;0.31;-7.15;0.38;-7.15;;;;;;;;
377;17.7;23.7;1.1;8;Successful;Effective;No;No;No;No;No;No;0.0;-7.0;0.2;-7.19;0.31;-7.15;0.38;-7.15;;;;;;;;
378;17.7;23.7;1.1;10;Successful;Effective;No;No;No;No;No;No;0.0;-7.0;0.2;-7.19;0.31;-7.15;0.38;-7.15;;;;;;;;
379;17.8;23.8;0.5;5;Successful;Effective;No;No;No;No;No;No;0.0;-7.0;0.2;-7.12;0.31;-7.21;0.38;-7.26;;;;;;;;
380;17.8;23.8;0.5;8;Successful;Effective;No;No;No;No;No;No;0.0;-7.0;0.2;-7.12;0.31;-7.21;0.38;-7.26;;;;;;;;
381;17.8;23.8;0.5;10;Successful;Effective;No;No;No;No;No;No;0.0;-7.0;0.2;-7.12;0.31;-7.21;0.38;-7.26;;;;;;;;
382;17.8;23.8;0.6;5;Successful;Effective;No;No;No;No;No;No;0.0;-7.0;0.2;-7.13;0.31;-7.21;0.38;-7.25;;;;;;;;
383;17.8;23.8;0.6;8;Successful;Effective;No;No;No;No;No;No;0.0;-7.0;0.2;-7.13;0.31;-7.21;0.38;-7.25;;;;;;;;
384;17.8;23.8;0.6;10;Successful;Effective;No;No;No;No;No;No;0.0;-7.0;0.2;-7.13;0.31;-7.21;0.38;-7.25;;;;;;;;
385;17.8;23.8;0.7;5;Successful;Effective;No;No;No;No;No;No;0.0;-7.0;0.2;-7.13;0.31;-7.21;0.38;-7.23;;;;;;;;
386;17.8;23.8;0.7;8;Successful;Effective;No;No;No;No;No;No;0.0;-7.0;0.2;-7.13;0.31;-7.21;0.38;-7.23;;;;;;;;
387;17.8;23.8;0.7;10;Successful;Effective;No;No;No;No;No;No;0.0;-7.0;0.2;-7.13;0.31;-7.21;0.38;-7.23;;;;;;;;
388;17.8;23.8;0.8;5;Successful;Effective;No;No;No;No;No;No;0.0;-7.0;0.2;-7.14;0.31;-7.21;0.38;-7.21;;;;;;;;
389;17.8;23.8;0.8;8;Successful;Effective;No;No;No;No;No;No;0.0;-7.0;0.2;-7.14;0.31;-7.21;0.38;-7.21;;;;;;;;
390;17.8;23.8;0.8;10;Successful;Effective;No;No;No;No;No;No;0.0;-7.0;0.2;-7.14;0.31;-7.21;0.38;-7.21;;;;;;;;
391;17.8;23.8;0.9;5;Successful;Effective;No;No;No;No;No;No;0.0;-7.0;0.2;-7.15;0.31;-7.19;0.38;-7.18;;;;;;;;
392;17.8;23.8;0.9;8;Successful;Effective;No;No;No;No;No;No;0.0;-7.0;0.2;-7.15;0.31;-7.19;0.38;-7.18;;;;;;;;
393;17.8;23.8;0.9;10;Successful;Effective;No;No;No;No;No;No;0.0;-7.0;0.2;-7.15;0.31;-7.19;0.38;-7.18;;;;;;;;
394;17.8;23.8;1.0;5;Successful;Effective;No;No;No;No;No;No;0.0;-7.0;0.2;-7.16;0.31;-7.16;0.38;-7.17;;;;;;;;
395;17.8;23.8;1.0;8;Successful;Effective;No;No;No;No;No;No;0.0;-7.0;0.2;-7.16;0.31;-7.16;0.38;-7.17;;;;;;;;
396;17.8;23.8;1.0;10;Successful;Effective;No;No;No;No;No;No;0.0;-7.0;0.2;-7.16;0.31;-7.16;0.38;-7.17;;;;;;;;
397;17.8;23.8;1.1;5;Successful;Effective;No;No;No;No;No;No;0.0;-7.0;0.2;-7.16;0.31;-7.12;0.38;-7.15;;;;;;;;
398;17.8;23.8;1.1;8;Successful;Effective;No;No;No;No;No;No;0.0;-7.0;0.2;-7.16;0.31;-7.12;0.38;-7.15;;;;;;;;
399;17.8;23.8;1.1;10;Successful;Effective;No;No;No;No;No;No;0.0;-7.0;0.2;-7.16;0.31;-7.12;0.38;-7.15;;;;;;;;
400;17.9;23.9;0.5;5;Successful;Effective;No;No;No;No;No;No;0.0;-7.0;0.2;-7.12;0.31;-7.2;0.38;-7.25;;;;;;;;
401;17.9;23.9;0.5;8;Successful;Effective;No;No;No;No;No;No;0.0;-7.0;0.2;-7.12;0.31;-7.2;0.38;-7.25;;;;;;;;
402;17.9;23.9;0.5;10;Successful;Effective;No;No;No;No;No;No;0.0;-7.0;0.2;-7.12;0.31;-7.2;0.38;-7.25;;;;;;;;
403;17.9;23.9;0.6;5;Successful;Effective;No;No;No;No;No;No;0.0;-7.0;0.2;-7.12;0.31;-7.2;0.38;-7.24;;;;;;;;
404;17.9;23.9;0.6;8;Successful;Effective;No;No;No;No;No;No;0.0;-7.0;0.2;-7.12;0.31;-7.2;0.38;-7.24;;;;;;;;
405;17.9;23.9;0.6;10;Successful;Effective;No;No;No;No;No;No;0.0;-7.0;0.2;-7.12;0.31;-7.2;0.38;-7.24;;;;;;;;
406;17.9;23.9;0.7;5;Successful;Effective;No;No;No;No;No;No;0.0;-7.0;0.2;-7.13;0.31;-7.2;0.38;-7.23;;;;;;;;
407;17.9;23.9;0.7;8;Successful;Effective;No;No;No;No;No;No;0.0;-7.0;0.2;-7.13;0.31;-7.2;0.38;-7.23;;;;;;;;
408;17.9;23.9;0.7;10;Successful;Effective;No;No;No;No;No;No;0.0;-7.0;0.2;-7.13;0.31;-7.2;0.38;-7.23;;;;;;;;
409;17.9;23.9;0.8;5;Successful;Effective;No;No;No;No;No;No;0.0;-7.0;0.2;-7.13;0.31;-7.19;0.38;-7.2;;;;;;;;
410;17.9;23.9;0.8;8;Successful;Effective;No;No;No;No;No;No;0.0;-7.0;0.2;-7.13;0.31;-7.19;0.38;-7.2;;;;;;;;
411;17.9;23.9;0.8;10;Successful;Effective;No;No;No;No;No;No;0.0;-7.0;0.2;-7.13;0.31;-7.19;0.38;-7.2;;;;;;;;
412;17.9;23.9;0.9;5;Successful;Effective;No;No;No;No;No;No;0.0;-7.0;0.2;-7.14;0.31;-7.18;0.38;-7.19;;;;;;;;
413;17.9;23.9;0.9;8;Successful;Effective;No;No;No;No;No;No;0.0;-7.0;0.2;-7.14;0.31;-7.18;0.38;-7.19;;;;;;;;
414;17.9;23.9;0.9;10;Successful;Effective;No;No;No;No;No;No;0.0;-7.0;0.2;-7.14;0.31;-7.18;0.38;-7.19;;;;;;;;
415;17.9;23.9;1.0;5;Successful;Effective;No;No;No;No;No;No;0.0;-7.0;0.2;-7.14;0.31;-7.15;0.38;-7.18;;;;;;;;
416;17.9;23.9;1.0;8;Successful;Effective;No;No;No;No;No;No;0.0;-7.0;0.2;-7.14;0.31;-7.15;0.38;-7.18;;;;;;;;
417;17.9;23.9;1.0;10;Successful;Effective;No;No;No;No;No;No;0.0;-7.0;0.2;-7.14;0.31;-7.15;0.38;-7.18;;;;;;;;
418;17.9;23.9;1.1;5;Successful;Effective;No;No;No;No;No;No;0.0;-7.0;0.2;-7.14;0.31;-7.11;0.38;-7.15;;;;;;;;
419;17.9;23.9;1.1;8;Successful;Effective;No;No;No;No;No;No;0.0;-7.0;0.2;-7.14;0.31;-7.11;0.38;-7.15;;;;;;;;
420;17.9;23.9;1.1;10;Successful;Effective;No;No;No;No;No;No;0.0;-7.0;0.2;-7.14;0.31;-7.11;0.38;-7.15;;;;;;;;
421;18.0;24.0;0.5;5;Successful;Effective;No;No;No;No;No;No;0.0;-7.0;0.2;-7.12;0.31;-7.2;0.38;-7.24;;;;;;;;
422;18.0;24.0;0.5;8;Successful;Effective;No;No;No;No;No;No;0.0;-7.0;0.2;-7.12;0.31;-7.2;0.38;-7.24;;;;;;;;
423;18.0;24.0;0.5;10;Successful;Effective;No;No;No;No;No;No;0.0;-7.0;0.2;-7.12;0.31;-7.2;0.38;-7.24;;;;;;;;
424;18.0;24.0;0.6;5;Successful;Effective;No;No;No;No;No;No;0.0;-7.0;0.2;-7.12;0.31;-7.19;0.38;-7.23;;;;;;;;
425;18.0;24.0;0.6;8;Successful;Effective;No;No;No;No;No;No;0.0;-7.0;0.2;-7.12;0.31;-7.19;0.38;-7.23;;;;;;;;
426;18.0;24.0;0.6;10;Successful;Effective;No;No;No;No;No;No;0.0;-7.0;0.2;-7.12;0.31;-7.19;0.38;-7.23;;;;;;;;
427;18.0;24.0;0.7;5;Successful;Effective;No;No;No;No;No;No;0.0;-7.0;0.2;-7.12;0.31;-7.19;0.38;-7.22;;;;;;;;
428;18.0;24.0;0.7;8;Successful;Effective;No;No;No;No;No;No;0.0;-7.0;0.2;-7.12;0.31;-7.19;0.38;-7.22;;;;;;;;
429;18.0;24.0;0.7;10;Successful;Effective;No;No;No;No;No;No;0.0;-7.0;0.2;-7.12;0.31;-7.19;0.38;-7.22;;;;;;;;
430;18.0;24.0;0.8;5;Successful;Effective;No;No;No;No;No;No;0.0;-7.0;0.2;-7.12;0.31;-7.18;0.38;-7.2;;;;;;;;
431;18.0;24.0;0.8;8;Successful;Effective;No;No;No;No;No;No;0.0;-7.0;0.2;-7.12;0.31;-7.18;0.38;-7.2;;;;;;;;
432;18.0;24.0;0.8;10;Successful;Effective;No;No;No;No;No;No;0.0;-7.0;0.2;-7.12;0.31;-7.18;0.38;-7.2;;;;;;;;
433;18.0;24.0;0.9;5;Successful;Effective;No;No;No;No;No;No;0.0;-7.0;0.2;-7.13;0.31;-7.16;0.38;-7.19;;;;;;;;
434;18.0;24.0;0.9;8;Successful;Effective;No;No;No;No;No;No;0.0;-7.0;0.2;-7.13;0.31;-7.16;0.38;-7.19;;;;;;;;
435;18.0;24.0;0.9;10;Successful;Effective;No;No;No;No;No;No;0.0;-7.0;0.2;-7.13;0.31;-7.16;0.38;-7.19;;;;;;;;
436;18.0;24.0;1.0;5;Successful;Effective;No;No;No;No;No;No;0.0;-7.0;0.2;-7.13;0.31;-7.14;0.38;-7.18;;;;;;;;
437;18.0;24.0;1.0;8;Successful;Effective;No;No;No;No;No;No;0.0;-7.0;0.2;-7.13;0.31;-7.14;0.38;-7.18;;;;;;;;
438;18.0;24.0;1.0;10;Successful;Effective;No;No;No;No;No;No;0.0;-7.0;0.2;-7.13;0.31;-7.14;0.38;-7.18;;;;;;;;
439;18.0;24.0;1.1;5;Successful;Effective;No;No;No;No;No;No;0.0;-7.0;0.2;-7.13;0.31;-7.11;0.38;-7.15;;;;;;;;
440;18.0;24.0;1.1;8;Successful;Effective;No;No;No;No;No;No;0.0;-7.0;0.2;-7.13;0.31;-7.11;0.38;-7.15;;;;;;;;
441;18.0;24.0;1.1;10;Successful;Effective;No;No;No;No;No;No;0.0;-7.0;0.2;-7.13;0.31;-7.11;0.38;-7.15;;;;;;;;
442;18.1;24.1;0.5;5;Successful;Effective;No;No;No;No;No;No;0.0;-7.0;0.2;-7.11;0.31;-7.19;0.38;-7.24;;;;;;;;
443;18.1;24.1;0.5;8;Successful;Effective;No;No;No;No;No;No;0.0;-7.0;0.2;-7.11;0.31;-7.19;0.38;-7.24;;;;;;;;
444;18.1;24.1;0.5;10;Successful;Effective;No;No;No;No;No;No;0.0;-7.0;0.2;-7.11;0.31;-7.19;0.38;-7.24;;;;;;;;
445;18.1;24.1;0.6;5;Successful;Effective;No;No;No;No;No;No;0.0;-7.0;0.2;-7.11;0.31;-7.19;0.38;-7.23;;;;;;;;
446;18.1;24.1;0.6;8;Successful;Effective;No;No;No;No;No;No;0.0;-7.0;0.2;-7.11;0.31;-7.19;0.38;-7.23;;;;;;;;
447;18.1;24.1;0.6;10;Successful;Effective;No;No;No;No;No;No;0.0;-7.0;0.2;-7.11;0.31;-7.19;0.38;-7.23;;;;;;;;
448;18.1;24.1;0.7;5;Successful;Effective;No;No;No;No;No;No;0.0;-7.0;0.2;-7.11;0.31;-7.18;0.38;-7.22;;;;;;;;
449;18.1;24.1;0.7;8;Successful;Effective;No;No;No;No;No;No;0.0;-7.0;0.2;-7.11;0.31;-7.18;0.38;-7.22;;;;;;;;
450;18.1;24.1;0.7;10;Successful;Effective;No;No;No;No;No;No;0.0;-7.0;0.2;-7.11;0.31;-7.18;0.38;-7.22;;;;;;;;
451;18.1;24.1;0.8;5;Successful;Effective;No;No;No;No;No;No;0.0;-7.0;0.2;-7.12;0.31;-7.17;0.38;-7.2;;;;;;;;
452;18.1;24.1;0.8;8;Successful;Effective;No;No;No;No;No;No;0.0;-7.0;0.2;-7.12;0.31;-7.17;0.38;-7.2;;;;;;;;
453;18.1;24.1;0.8;10;Successful;Effective;No;No;No;No;No;No;0.0;-7.0;0.2;-7.12;0.31;-7.17;0.38;-7.2;;;;;;;;
454;18.1;24.1;0.9;5;Successful;Effective;No;No;No;No;No;No;0.0;-7.0;0.2;-7.12;0.31;-7.16;0.38;-7.2;;;;;;;;
455;18.1;24.1;0.9;8;Successful;Effective;No;No;No;No;No;No;0.0;-7.0;0.2;-7.12;0.31;-7.16;0.38;-7.2;;;;;;;;
456;18.1;24.1;0.9;10;Successful;Effective;No;No;No;No;No;No;0.0;-7.0;0.2;-7.12;0.31;-7.16;0.38;-7.2;;;;;;;;
457;18.1;24.1;1.0;5;Successful;Effective;No;No;No;No;No;No;0.0;-7.0;0.2;-7.12;0.31;-7.14;0.38;-7.18;;;;;;;;
458;18.1;24.1;1.0;8;Successful;Effective;No;No;No;No;No;No;0.0;-7.0;0.2;-7.12;0.31;-7.14;0.38;-7.18;;;;;;;;
459;18.1;24.1;1.0;10;Successful;Effective;No;No;No;No;No;No;0.0;-7.0;0.2;-7.12;0.31;-7.14;0.38;-7.18;;;;;;;;
460;18.1;24.1;1.1;5;Successful;Effective;No;No;No;No;No;No;0.0;-7.0;0.2;-7.11;0.31;-7.11;0.38;-7.16;;;;;;;;
461;18.1;24.1;1.1;8;Successful;Effective;No;No;No;No;No;No;0.0;-7.0;0.2;-7.11;0.31;-7.11;0.38;-7.16;;;;;;;;
462;18.1;24.1;1.1;10;Successful;Effective;No;No;No;No;No;No;0.0;-7.0;0.2;-7.11;0.31;-7.11;0.38;-7.16;;;;;;;;
463;18.2;24.2;0.5;5;Successful;Effective;No;No;No;No;No;No;0.0;-7.0;0.2;-7.11;0.31;-7.19;0.38;-7.23;;;;;;;;
464;18.2;24.2;0.5;8;Successful;Effective;No;No;No;No;No;No;0.0;-7.0;0.2;-7.11;0.31;-7.19;0.38;-7.23;;;;;;;;
465;18.2;24.2;0.5;10;Successful;Effective;No;No;No;No;No;No;0.0;-7.0;0.2;-7.11;0.31;-7.19;0.38;-7.23;;;;;;;;
466;18.2;24.2;0.6;5;Successful;Effective;No;No;No;No;No;No;0.0;-7.0;0.2;-7.11;0.31;-7.18;0.38;-7.23;;;;;;;;
467;18.2;24.2;0.6;8;Successful;Effective;No;No;No;No;No;No;0.0;-7.0;0.2;-7.11;0.31;-7.18;0.38;-7.23;;;;;;;;
468;18.2;24.2;0.6;10;Successful;Effective;No;No;No;No;No;No;0.0;-7.0;0.2;-7.11;0.31;-7.18;0.38;-7.23;;;;;;;;
469;18.2;24.2;0.7;5;Successful;Effective;No;No;No;No;No;No;0.0;-7.0;0.2;-7.11;0.31;-7.18;0.38;-7.22;;;;;;;;
470;18.2;24.2;0.7;8;Successful;Effective;No;No;No;No;No;No;0.0;-7.0;0.2;-7.11;0.31;-7.18;0.38;-7.22;;;;;;;;
471;18.2;24.2;0.7;10;Successful;Effective;No;No;No;No;No;No;0.0;-7.0;0.2;-7.11;0.31;-7.18;0.38;-7.22;;;;;;;;
472;18.2;24.2;0.8;5;Successful;Effective;No;No;No;No;No;No;0.0;-7.0;0.2;-7.11;0.31;-7.17;0.38;-7.21;;;;;;;;
473;18.2;24.2;0.8;8;Successful;Effective;No;No;No;No;No;No;0.0;-7.0;0.2;-7.11;0.31;-7.17;0.38;-7.21;;;;;;;;
474;18.2;24.2;0.8;10;Successful;Effective;No;No;No;No;No;No;0.0;-7.0;0.2;-7.11;0.31;-7.17;0.38;-7.21;;;;;;;;
475;18.2;24.2;0.9;5;Successful;Effective;No;No;No;No;No;No;0.0;-7.0;0.2;-7.11;0.31;-7.15;0.38;-7.2;;;;;;;;
476;18.2;24.2;0.9;8;Successful;Effective;No;No;No;No;No;No;0.0;-7.0;0.2;-7.11;0.31;-7.15;0.38;-7.2;;;;;;;;
477;18.2;24.2;0.9;10;Successful;Effective;No;No;No;No;No;No;0.0;-7.0;0.2;-7.11;0.31;-7.15;0.38;-7.2;;;;;;;;
478;18.2;24.2;1.0;5;Successful;Effective;No;No;No;No;No;No;0.0;-7.0;0.2;-7.11;0.31;-7.13;0.38;-7.19;;;;;;;;
479;18.2;24.2;1.0;8;Successful;Effective;No;No;No;No;No;No;0.0;-7.0;0.2;-7.11;0.31;-7.13;0.38;-7.19;;;;;;;;
480;18.2;24.2;1.0;10;Successful;Effective;No;No;No;No;No;No;0.0;-7.0;0.2;-7.11;0.31;-7.13;0.38;-7.19;;;;;;;;
481;18.2;24.2;1.1;5;Successful;Effective;No;No;No;No;No;No;0.0;-7.0;0.2;-7.1;0.31;-7.12;0.38;-7.17;;;;;;;;
482;18.2;24.2;1.1;8;Successful;Effective;No;No;No;No;No;No;0.0;-7.0;0.2;-7.1;0.31;-7.12;0.38;-7.17;;;;;;;;
483;18.2;24.2;1.1;10;Successful;Effective;No;No;No;No;No;No;0.0;-7.0;0.2;-7.1;0.31;-7.12;0.38;-7.17;;;;;;;;
484;18.3;24.3;0.5;5;Successful;Effective;No;No;No;No;No;No;0.0;-7.0;0.2;-7.11;0.31;-7.19;0.38;-7.23;;;;;;;;
485;18.3;24.3;0.5;8;Successful;Effective;No;No;No;No;No;No;0.0;-7.0;0.2;-7.11;0.31;-7.19;0.38;-7.23;;;;;;;;
486;18.3;24.3;0.5;10;Successful;Effective;No;No;No;No;No;No;0.0;-7.0;0.2;-7.11;0.31;-7.19;0.38;-7.23;;;;;;;;
487;18.3;24.3;0.6;5;Successful;Effective;No;No;No;No;No;No;0.0;-7.0;0.2;-7.11;0.31;-7.18;0.38;-7.22;;;;;;;;
488;18.3;24.3;0.6;8;Successful;Effective;No;No;No;No;No;No;0.0;-7.0;0.2;-7.11;0.31;-7.18;0.38;-7.22;;;;;;;;
489;18.3;24.3;0.6;10;Successful;Effective;No;No;No;No;No;No;0.0;-7.0;0.2;-7.11;0.31;-7.18;0.38;-7.22;;;;;;;;
490;18.3;24.3;0.7;5;Successful;Effective;No;No;No;No;No;No;0.0;-7.0;0.2;-7.11;0.31;-7.17;0.38;-7.22;;;;;;;;
491;18.3;24.3;0.7;8;Successful;Effective;No;No;No;No;No;No;0.0;-7.0;0.2;-7.11;0.31;-7.17;0.38;-7.22;;;;;;;;
492;18.3;24.3;0.7;10;Successful;Effective;No;No;No;No;No;No;0.0;-7.0;0.2;-7.11;0.31;-7.17;0.38;-7.22;;;;;;;;
493;18.3;24.3;0.8;5;Successful;Effective;No;No;No;No;No;No;0.0;-7.0;0.2;-7.1;0.31;-7.16;0.38;-7.21;;;;;;;;
494;18.3;24.3;0.8;8;Successful;Effective;No;No;No;No;No;No;0.0;-7.0;0.2;-7.1;0.31;-7.16;0.38;-7.21;;;;;;;;
495;18.3;24.3;0.8;10;Successful;Effective;No;No;No;No;No;No;0.0;-7.0;0.2;-7.1;0.31;-7.16;0.38;-7.21;;;;;;;;
496;18.3;24.3;0.9;5;Successful;Effective;No;No;No;No;No;No;0.0;-7.0;0.2;-7.1;0.31;-7.15;0.38;-7.2;;;;;;;;
497;18.3;24.3;0.9;8;Successful;Effective;No;No;No;No;No;No;0.0;-7.0;0.2;-7.1;0.31;-7.15;0.38;-7.2;;;;;;;;
498;18.3;24.3;0.9;10;Successful;Effective;No;No;No;No;No;No;0.0;-7.0;0.2;-7.1;0.31;-7.15;0.38;-7.2;;;;;;;;
499;18.3;24.3;1.0;5;Successful;Effective;No;No;No;No;No;No;0.0;-7.0;0.2;-7.1;0.31;-7.14;0.38;-7.19;;;;;;;;
500;18.3;24.3;1.0;8;Successful;Effective;No;No;No;No;No;No;0.0;-7.0;0.2;-7.1;0.31;-7.14;0.38;-7.19;;;;;;;;
501;18.3;24.3;1.0;10;Successful;Effective;No;No;No;No;No;No;0.0;-7.0;0.2;-7.1;0.31;-7.14;0.38;-7.19;;;;;;;;
502;18.3;24.3;1.1;5;Successful;Effective;No;No;No;No;No;No;0.0;-7.0;0.2;-7.1;0.31;-7.14;0.38;-7.18;;;;;;;;
503;18.3;24.3;1.1;8;Successful;Effective;No;No;No;No;No;No;0.0;-7.0;0.2;-7.1;0.31;-7.14;0.38;-7.18;;;;;;;;
504;18.3;24.3;1.1;10;Successful;Effective;No;No;No;No;No;No;0.0;-7.0;0.2;-7.1;0.31;-7.14;0.38;-7.18;;;;;;;;
505;18.4;24.4;0.5;5;Successful;Effective;No;No;No;No;No;No;0.0;-7.0;0.2;-7.11;0.31;-7.18;0.38;-7.23;;;;;;;;
506;18.4;24.4;0.5;8;Successful;Effective;No;No;No;No;No;No;0.0;-7.0;0.2;-7.11;0.31;-7.18;0.38;-7.23;;;;;;;;
507;18.4;24.4;0.5;10;Successful;Effective;No;No;No;No;No;No;0.0;-7.0;0.2;-7.11;0.31;-7.18;0.38;-7.23;;;;;;;;
508;18.4;24.4;0.6;5;Successful;Effective;No;No;No;No;No;No;0.0;-7.0;0.2;-7.11;0.31;-7.18;0.38;-7.23;;;;;;;;
509;18.4;24.4;0.6;8;Successful;Effective;No;No;No;No;No;No;0.0;-7.0;0.2;-7.11;0.31;-7.18;0.38;-7.23;;;;;;;;
510;18.4;24.4;0.6;10;Successful;Effective;No;No;No;No;No;No;0.0;-7.0;0.2;-7.11;0.31;-7.18;0.38;-7.23;;;;;;;;
511;18.4;24.4;0.7;5;Successful;Effective;No;No;No;No;No;No;0.0;-7.0;0.2;-7.1;0.31;-7.17;0.38;-7.22;;;;;;;;
512;18.4;24.4;0.7;8;Successful;Effective;No;No;No;No;No;No;0.0;-7.0;0.2;-7.1;0.31;-7.17;0.38;-7.22;;;;;;;;
513;18.4;24.4;0.7;10;Successful;Effective;No;No;No;No;No;No;0.0;-7.0;0.2;-7.1;0.31;-7.17;0.38;-7.22;;;;;;;;
514;18.4;24.4;0.8;5;Successful;Effective;No;No;No;No;No;No;0.0;-7.0;0.2;-7.1;0.31;-7.16;0.38;-7.22;;;;;;;;
515;18.4;24.4;0.8;8;Successful;Effective;No;No;No;No;No;No;0.0;-7.0;0.2;-7.1;0.31;-7.16;0.38;-7.22;;;;;;;;
516;18.4;24.4;0.8;10;Successful;Effective;No;No;No;No;No;No;0.0;-7.0;0.2;-7.1;0.31;-7.16;0.38;-7.22;;;;;;;;
517;18.4;24.4;0.9;5;Successful;Effective;No;No;No;No;No;No;0.0;-7.0;0.2;-7.1;0.31;-7.16;0.38;-7.21;;;;;;;;
518;18.4;24.4;0.9;8;Successful;Effective;No;No;No;No;No;No;0.0;-7.0;0.2;-7.1;0.31;-7.16;0.38;-7.21;;;;;;;;
519;18.4;24.4;0.9;10;Successful;Effective;No;No;No;No;No;No;0.0;-7.0;0.2;-7.1;0.31;-7.16;0.38;-7.21;;;;;;;;
520;18.4;24.4;1.0;5;Successful;Effective;No;No;No;No;No;No;0.0;-7.0;0.2;-7.1;0.31;-7.15;0.38;-7.2;;;;;;;;
521;18.4;24.4;1.0;8;Successful;Effective;No;No;No;No;No;No;0.0;-7.0;0.2;-7.1;0.31;-7.15;0.38;-7.2;;;;;;;;
522;18.4;24.4;1.0;10;Successful;Effective;No;No;No;No;No;No;0.0;-7.0;0.2;-7.1;0.31;-7.15;0.38;-7.2;;;;;;;;
523;18.4;24.4;1.1;5;Successful;Effective;No;No;No;No;No;No;0.0;-7.0;0.2;-7.09;0.31;-7.15;0.38;-7.19;;;;;;;;
524;18.4;24.4;1.1;8;Successful;Effective;No;No;No;No;No;No;0.0;-7.0;0.2;-7.09;0.31;-7.15;0.38;-7.19;;;;;;;;
525;18.4;24.4;1.1;10;Successful;Effective;No;No;No;No;No;No;0.0;-7.0;0.2;-7.09;0.31;-7.15;0.38;-7.19;;;;;;;;
526;18.5;24.5;0.5;5;Successful;Effective;No;No;No;No;No;No;0.0;-7.0;0.2;-7.11;0.31;-7.18;0.38;-7.23;;;;;;;;
527;18.5;24.5;0.5;8;Successful;Effective;No;No;No;No;No;No;0.0;-7.0;0.2;-7.11;0.31;-7.18;0.38;-7.23;;;;;;;;
528;18.5;24.5;0.5;10;Successful;Effective;No;No;No;No;No;No;0.0;-7.0;0.2;-7.11;0.31;-7.18;0.38;-7.23;;;;;;;;
529;18.5;24.5;0.6;5;Successful;Effective;No;No;No;No;No;No;0.0;-7.0;0.2;-7.1;0.31;-7.18;0.38;-7.23;;;;;;;;
530;18.5;24.5;0.6;8;Successful;Effective;No;No;No;No;No;No;0.0;-7.0;0.2;-7.1;0.31;-7.18;0.38;-7.23;;;;;;;;
531;18.5;24.5;0.6;10;Successful;Effective;No;No;No;No;No;No;0.0;-7.0;0.2;-7.1;0.31;-7.18;0.38;-7.23;;;;;;;;
532;18.5;24.5;0.7;5;Successful;Effective;No;No;No;No;No;No;0.0;-7.0;0.2;-7.1;0.31;-7.17;0.38;-7.22;;;;;;;;
533;18.5;24.5;0.7;8;Successful;Effective;No;No;No;No;No;No;0.0;-7.0;0.2;-7.1;0.31;-7.17;0.38;-7.22;;;;;;;;
534;18.5;24.5;0.7;10;Successful;Effective;No;No;No;No;No;No;0.0;-7.0;0.2;-7.1;0.31;-7.17;0.38;-7.22;;;;;;;;
535;18.5;24.5;0.8;5;Successful;Effective;No;No;No;No;No;No;0.0;-7.0;0.2;-7.1;0.31;-7.17;0.38;-7.22;;;;;;;;
536;18.5;24.5;0.8;8;Successful;Effective;No;No;No;No;No;No;0.0;-7.0;0.2;-7.1;0.31;-7.17;0.38;-7.22;;;;;;;;
537;18.5;24.5;0.8;10;Successful;Effective;No;No;No;No;No;No;0.0;-7.0;0.2;-7.1;0.31;-7.17;0.38;-7.22;;;;;;;;
538;18.5;24.5;0.9;5;Successful;Effective;No;No;No;No;No;No;0.0;-7.0;0.2;-7.1;0.31;-7.16;0.38;-7.21;;;;;;;;
539;18.5;24.5;0.9;8;Successful;Effective;No;No;No;No;No;No;0.0;-7.0;0.2;-7.1;0.31;-7.16;0.38;-7.21;;;;;;;;
540;18.5;24.5;0.9;10;Successful;Effective;No;No;No;No;No;No;0.0;-7.0;0.2;-7.1;0.31;-7.16;0.38;-7.21;;;;;;;;
541;18.5;24.5;1.0;5;Successful;Effective;No;No;No;No;No;No;0.0;-7.0;0.2;-7.09;0.31;-7.16;0.38;-7.21;;;;;;;;
542;18.5;24.5;1.0;8;Successful;Effective;No;No;No;No;No;No;0.0;-7.0;0.2;-7.09;0.31;-7.16;0.38;-7.21;;;;;;;;
543;18.5;24.5;1.0;10;Successful;Effective;No;No;No;No;No;No;0.0;-7.0;0.2;-7.09;0.31;-7.16;0.38;-7.21;;;;;;;;
544;18.5;24.5;1.1;5;Successful;Effective;No;No;No;No;No;No;0.0;-7.0;0.2;-7.09;0.31;-7.15;0.38;-7.2;;;;;;;;
545;18.5;24.5;1.1;8;Successful;Effective;No;No;No;No;No;No;0.0;-7.0;0.2;-7.09;0.31;-7.15;0.38;-7.2;;;;;;;;
546;18.5;24.5;1.1;10;Successful;Effective;No;No;No;No;No;No;0.0;-7.0;0.2;-7.09;0.31;-7.15;0.38;-7.2;;;;;;;;
547;18.6;24.6;0.5;5;Successful;Effective;No;No;No;No;No;No;0.0;-7.0;0.2;-7.11;0.31;-7.19;0.38;-7.24;;;;;;;;
548;18.6;24.6;0.5;8;Successful;Effective;No;No;No;No;No;No;0.0;-7.0;0.2;-7.11;0.31;-7.19;0.38;-7.24;;;;;;;;
549;18.6;24.6;0.5;10;Successful;Effective;No;No;No;No;No;No;0.0;-7.0;0.2;-7.11;0.31;-7.19;0.38;-7.24;;;;;;;;
550;18.6;24.6;0.6;5;Successful;Effective;No;No;No;No;No;No;0.0;-7.0;0.2;-7.1;0.31;-7.18;0.38;-7.23;;;;;;;;
551;18.6;24.6;0.6;8;Successful;Effective;No;No;No;No;No;No;0.0;-7.0;0.2;-7.1;0.31;-7.18;0.38;-7.23;;;;;;;;
552;18.6;24.6;0.6;10;Successful;Effective;No;No;No;No;No;No;0.0;-7.0;0.2;-7.1;0.31;-7.18;0.38;-7.23;;;;;;;;
553;18.6;24.6;0.7;5;Successful;Effective;No;No;No;No;No;No;0.0;-7.0;0.2;-7.1;0.31;-7.18;0.38;-7.23;;;;;;;;
554;18.6;24.6;0.7;8;Successful;Effective;No;No;No;No;No;No;0.0;-7.0;0.2;-7.1;0.31;-7.18;0.38;-7.23;;;;;;;;
555;18.6;24.6;0.7;10;Successful;Effective;No;No;No;No;No;No;0.0;-7.0;0.2;-7.1;0.31;-7.18;0.38;-7.23;;;;;;;;
556;18.6;24.6;0.8;5;Successful;Effective;No;No;No;No;No;No;0.0;-7.0;0.2;-7.1;0.31;-7.17;0.38;-7.22;;;;;;;;
557;18.6;24.6;0.8;8;Successful;Effective;No;No;No;No;No;No;0.0;-7.0;0.2;-7.1;0.31;-7.17;0.38;-7.22;;;;;;;;
558;18.6;24.6;0.8;10;Successful;Effective;No;No;No;No;No;No;0.0;-7.0;0.2;-7.1;0.31;-7.17;0.38;-7.22;;;;;;;;
559;18.6;24.6;0.9;5;Successful;Effective;No;No;No;No;No;No;0.0;-7.0;0.2;-7.09;0.31;-7.17;0.38;-7.22;;;;;;;;
560;18.6;24.6;0.9;8;Successful;Effective;No;No;No;No;No;No;0.0;-7.0;0.2;-7.09;0.31;-7.17;0.38;-7.22;;;;;;;;
561;18.6;24.6;0.9;10;Successful;Effective;No;No;No;No;No;No;0.0;-7.0;0.2;-7.09;0.31;-7.17;0.38;-7.22;;;;;;;;
562;18.6;24.6;1.0;5;Successful;Effective;No;No;No;No;No;No;0.0;-7.0;0.2;-7.09;0.31;-7.17;0.38;-7.22;;;;;;;;
563;18.6;24.6;1.0;8;Successful;Effective;No;No;No;No;No;No;0.0;-7.0;0.2;-7.09;0.31;-7.17;0.38;-7.22;;;;;;;;
564;18.6;24.6;1.0;10;Successful;Effective;No;No;No;No;No;No;0.0;-7.0;0.2;-7.09;0.31;-7.17;0.38;-7.22;;;;;;;;
565;18.6;24.6;1.1;5;Successful;Effective;No;No;No;No;No;No;0.0;-7.0;0.2;-7.08;0.31;-7.16;0.38;-7.21;;;;;;;;
566;18.6;24.6;1.1;8;Successful;Effective;No;No;No;No;No;No;0.0;-7.0;0.2;-7.08;0.31;-7.16;0.38;-7.21;;;;;;;;
567;18.6;24.6;1.1;10;Successful;Effective;No;No;No;No;No;No;0.0;-7.0;0.2;-7.08;0.31;-7.16;0.38;-7.21;;;;;;;;
568;18.7;24.7;0.5;5;Successful;Effective;No;No;No;No;No;No;0.0;-7.0;0.2;-7.11;0.31;-7.19;0.38;-7.24;;;;;;;;
569;18.7;24.7;0.5;8;Successful;Effective;No;No;No;No;No;No;0.0;-7.0;0.2;-7.11;0.31;-7.19;0.38;-7.24;;;;;;;;
570;18.7;24.7;0.5;10;Successful;Effective;No;No;No;No;No;No;0.0;-7.0;0.2;-7.11;0.31;-7.19;0.38;-7.24;;;;;;;;
571;18.7;24.7;0.6;5;Successful;Effective;No;No;No;No;No;No;0.0;-7.0;0.2;-7.1;0.31;-7.18;0.38;-7.23;;;;;;;;
572;18.7;24.7;0.6;8;Successful;Effective;No;No;No;No;No;No;0.0;-7.0;0.2;-7.1;0.31;-7.18;0.38;-7.23;;;;;;;;
573;18.7;24.7;0.6;10;Successful;Effective;No;No;No;No;No;No;0.0;-7.0;0.2;-7.1;0.31;-7.18;0.38;-7.23;;;;;;;;
574;18.7;24.7;0.7;5;Successful;Effective;No;No;No;No;No;No;0.0;-7.0;0.2;-7.1;0.31;-7.18;0.38;-7.23;;;;;;;;
575;18.7;24.7;0.7;8;Successful;Effective;No;No;No;No;No;No;0.0;-7.0;0.2;-7.1;0.31;-7.18;0.38;-7.23;;;;;;;;
576;18.7;24.7;0.7;10;Successful;Effective;No;No;No;No;No;No;0.0;-7.0;0.2;-7.1;0.31;-7.18;0.38;-7.23;;;;;;;;
577;18.7;24.7;0.8;5;Successful;Effective;No;No;No;No;No;No;0.0;-7.0;0.2;-7.1;0.31;-7.18;0.38;-7.23;;;;;;;;
578;18.7;24.7;0.8;8;Successful;Effective;No;No;No;No;No;No;0.0;-7.0;0.2;-7.1;0.31;-7.18;0.38;-7.23;;;;;;;;
579;18.7;24.7;0.8;10;Successful;Effective;No;No;No;No;No;No;0.0;-7.0;0.2;-7.1;0.31;-7.18;0.38;-7.23;;;;;;;;
580;18.7;24.7;0.9;5;Successful;Effective;No;No;No;No;No;No;0.0;-7.0;0.2;-7.09;0.31;-7.18;0.38;-7.23;;;;;;;;
581;18.7;24.7;0.9;8;Successful;Effective;No;No;No;No;No;No;0.0;-7.0;0.2;-7.09;0.31;-7.18;0.38;-7.23;;;;;;;;
582;18.7;24.7;0.9;10;Successful;Effective;No;No;No;No;No;No;0.0;-7.0;0.2;-7.09;0.31;-7.18;0.38;-7.23;;;;;;;;
583;18.7;24.7;1.0;5;Successful;Effective;No;No;No;No;No;No;0.0;-7.0;0.2;-7.09;0.31;-7.17;0.38;-7.22;;;;;;;;
584;18.7;24.7;1.0;8;Successful;Effective;No;No;No;No;No;No;0.0;-7.0;0.2;-7.09;0.31;-7.17;0.38;-7.22;;;;;;;;
585;18.7;24.7;1.0;10;Successful;Effective;No;No;No;No;No;No;0.0;-7.0;0.2;-7.09;0.31;-7.17;0.38;-7.22;;;;;;;;
586;18.7;24.7;1.1;5;Successful;Effective;No;No;No;No;No;No;0.0;-7.0;0.2;-7.08;0.31;-7.17;0.38;-7.22;;;;;;;;
587;18.7;24.7;1.1;8;Successful;Effective;No;No;No;No;No;No;0.0;-7.0;0.2;-7.08;0.31;-7.17;0.38;-7.22;;;;;;;;
588;18.7;24.7;1.1;10;Successful;Effective;No;No;No;No;No;No;0.0;-7.0;0.2;-7.08;0.31;-7.17;0.38;-7.22;;;;;;;;
589;18.8;24.8;0.5;5;Successful;Effective;No;No;No;No;No;No;0.0;-7.0;0.2;-7.11;0.31;-7.19;0.38;-7.24;;;;;;;;
590;18.8;24.8;0.5;8;Successful;Effective;No;No;No;No;No;No;0.0;-7.0;0.2;-7.11;0.31;-7.19;0.38;-7.24;;;;;;;;
591;18.8;24.8;0.5;10;Successful;Effective;No;No;No;No;No;No;0.0;-7.0;0.2;-7.11;0.31;-7.19;0.38;-7.24;;;;;;;;
592;18.8;24.8;0.6;5;Successful;Effective;No;No;No;No;No;No;0.0;-7.0;0.2;-7.1;0.31;-7.19;0.38;-7.24;;;;;;;;
593;18.8;24.8;0.6;8;Successful;Effective;No;No;No;No;No;No;0.0;-7.0;0.2;-7.1;0.31;-7.19;0.38;-7.24;;;;;;;;
594;18.8;24.8;0.6;10;Successful;Effective;No;No;No;No;No;No;0.0;-7.0;0.2;-7.1;0.31;-7.19;0.38;-7.24;;;;;;;;
595;18.8;24.8;0.7;5;Successful;Effective;No;No;No;No;No;No;0.0;-7.0;0.2;-7.1;0.31;-7.19;0.38;-7.23;;;;;;;;
596;18.8;24.8;0.7;8;Successful;Effective;No;No;No;No;No;No;0.0;-7.0;0.2;-7.1;0.31;-7.19;0.38;-7.23;;;;;;;;
597;18.8;24.8;0.7;10;Successful;Effective;No;No;No;No;No;No;0.0;-7.0;0.2;-7.1;0.31;-7.19;0.38;-7.23;;;;;;;;
598;18.8;24.8;0.8;5;Successful;Effective;No;No;No;No;No;No;0.0;-7.0;0.2;-7.1;0.31;-7.18;0.38;-7.23;;;;;;;;
599;18.8;24.8;0.8;8;Successful;Effective;No;No;No;No;No;No;0.0;-7.0;0.2;-7.1;0.31;-7.18;0.38;-7.23;;;;;;;;
600;18.8;24.8;0.8;10;Successful;Effective;No;No;No;No;No;No;0.0;-7.0;0.2;-7.1;0.31;-7.18;0.38;-7.23;;;;;;;;
601;18.8;24.8;0.9;5;Successful;Effective;No;No;No;No;No;No;0.0;-7.0;0.2;-7.09;0.31;-7.18;0.38;-7.23;;;;;;;;
602;18.8;24.8;0.9;8;Successful;Effective;No;No;No;No;No;No;0.0;-7.0;0.2;-7.09;0.31;-7.18;0.38;-7.23;;;;;;;;
603;18.8;24.8;0.9;10;Successful;Effective;No;No;No;No;No;No;0.0;-7.0;0.2;-7.09;0.31;-7.18;0.38;-7.23;;;;;;;;
604;18.8;24.8;1.0;5;Successful;Effective;No;No;No;No;No;No;0.0;-7.0;0.2;-7.09;0.31;-7.18;0.38;-7.23;;;;;;;;
605;18.8;24.8;1.0;8;Successful;Effective;No;No;No;No;No;No;0.0;-7.0;0.2;-7.09;0.31;-7.18;0.38;-7.23;;;;;;;;
606;18.8;24.8;1.0;10;Successful;Effective;No;No;No;No;No;No;0.0;-7.0;0.2;-7.09;0.31;-7.18;0.38;-7.23;;;;;;;;
607;18.8;24.8;1.1;5;Successful;Effective;No;No;No;No;No;No;0.0;-7.0;0.2;-7.09;0.31;-7.17;0.38;-7.22;;;;;;;;
608;18.8;24.8;1.1;8;Successful;Effective;No;No;No;No;No;No;0.0;-7.0;0.2;-7.09;0.31;-7.17;0.38;-7.22;;;;;;;;
609;18.8;24.8;1.1;10;Successful;Effective;No;No;No;No;No;No;0.0;-7.0;0.2;-7.09;0.31;-7.17;0.38;-7.22;;;;;;;;
610;18.9;24.9;0.5;5;Successful;Effective;No;No;No;No;No;No;0.0;-7.0;0.2;-7.11;0.31;-7.19;0.38;-7.24;;;;;;;;
611;18.9;24.9;0.5;8;Successful;Effective;No;No;No;No;No;No;0.0;-7.0;0.2;-7.11;0.31;-7.19;0.38;-7.24;;;;;;;;
612;18.9;24.9;0.5;10;Successful;Effective;No;No;No;No;No;No;0.0;-7.0;0.2;-7.11;0.31;-7.19;0.38;-7.24;;;;;;;;
613;18.9;24.9;0.6;5;Successful;Effective;No;No;No;No;No;No;0.0;-7.0;0.2;-7.1;0.31;-7.19;0.38;-7.24;;;;;;;;
614;18.9;24.9;0.6;8;Successful;Effective;No;No;No;No;No;No;0.0;-7.0;0.2;-7.1;0.31;-7.19;0.38;-7.24;;;;;;;;
615;18.9;24.9;0.6;10;Successful;Effective;No;No;No;No;No;No;0.0;-7.0;0.2;-7.1;0.31;-7.19;0.38;-7.24;;;;;;;;
616;18.9;24.9;0.7;5;Successful;Effective;No;No;No;No;No;No;0.0;-7.0;0.2;-7.1;0.31;-7.19;0.38;-7.24;;;;;;;;
617;18.9;24.9;0.7;8;Successful;Effective;No;No;No;No;No;No;0.0;-7.0;0.2;-7.1;0.31;-7.19;0.38;-7.24;;;;;;;;
618;18.9;24.9;0.7;10;Successful;Effective;No;No;No;No;No;No;0.0;-7.0;0.2;-7.1;0.31;-7.19;0.38;-7.24;;;;;;;;
619;18.9;24.9;0.8;5;Successful;Effective;No;No;No;No;No;No;0.0;-7.0;0.2;-7.1;0.31;-7.19;0.38;-7.24;;;;;;;;
620;18.9;24.9;0.8;8;Successful;Effective;No;No;No;No;No;No;0.0;-7.0;0.2;-7.1;0.31;-7.19;0.38;-7.24;;;;;;;;
621;18.9;24.9;0.8;10;Successful;Effective;No;No;No;No;No;No;0.0;-7.0;0.2;-7.1;0.31;-7.19;0.38;-7.24;;;;;;;;
622;18.9;24.9;0.9;5;Successful;Effective;No;No;No;No;No;No;0.0;-7.0;0.2;-7.09;0.31;-7.18;0.38;-7.23;;;;;;;;
623;18.9;24.9;0.9;8;Successful;Effective;No;No;No;No;No;No;0.0;-7.0;0.2;-7.09;0.31;-7.18;0.38;-7.23;;;;;;;;
624;18.9;24.9;0.9;10;Successful;Effective;No;No;No;No;No;No;0.0;-7.0;0.2;-7.09;0.31;-7.18;0.38;-7.23;;;;;;;;
625;18.9;24.9;1.0;5;Successful;Effective;No;No;No;No;No;No;0.0;-7.0;0.2;-7.09;0.31;-7.18;0.38;-7.23;;;;;;;;
626;18.9;24.9;1.0;8;Successful;Effective;No;No;No;No;No;No;0.0;-7.0;0.2;-7.09;0.31;-7.18;0.38;-7.23;;;;;;;;
627;18.9;24.9;1.0;10;Successful;Effective;No;No;No;No;No;No;0.0;-7.0;0.2;-7.09;0.31;-7.18;0.38;-7.23;;;;;;;;
628;18.9;24.9;1.1;5;Successful;Effective;No;No;No;No;No;No;0.0;-7.0;0.2;-7.09;0.31;-7.18;0.38;-7.23;;;;;;;;
629;18.9;24.9;1.1;8;Successful;Effective;No;No;No;No;No;No;0.0;-7.0;0.2;-7.09;0.31;-7.18;0.38;-7.23;;;;;;;;
630;18.9;24.9;1.1;10;Successful;Effective;No;No;No;No;No;No;0.0;-7.0;0.2;-7.09;0.31;-7.18;0.38;-7.23;;;;;;;;
631;19.0;25.0;0.5;5;Successful;Effective;No;No;No;No;No;No;0.0;-7.0;0.2;-7.11;0.31;-7.19;0.38;-7.24;;;;;;;;
632;19.0;25.0;0.5;8;Successful;Effective;No;No;No;No;No;No;0.0;-7.0;0.2;-7.11;0.31;-7.19;0.38;-7.24;;;;;;;;
633;19.0;25.0;0.5;10;Successful;Effective;No;No;No;No;No;No;0.0;-7.0;0.2;-7.11;0.31;-7.19;0.38;-7.24;;;;;;;;
634;19.0;25.0;0.6;5;Successful;Effective;No;No;No;No;No;No;0.0;-7.0;0.2;-7.1;0.31;-7.19;0.38;-7.24;;;;;;;;
635;19.0;25.0;0.6;8;Successful;Effective;No;No;No;No;No;No;0.0;-7.0;0.2;-7.1;0.31;-7.19;0.38;-7.24;;;;;;;;
636;19.0;25.0;0.6;10;Successful;Effective;No;No;No;No;No;No;0.0;-7.0;0.2;-7.1;0.31;-7.19;0.38;-7.24;;;;;;;;
637;19.0;25.0;0.7;5;Successful;Effective;No;No;No;No;No;No;0.0;-7.0;0.2;-7.1;0.31;-7.19;0.38;-7.24;;;;;;;;
638;19.0;25.0;0.7;8;Successful;Effective;No;No;No;No;No;No;0.0;-7.0;0.2;-7.1;0.31;-7.19;0.38;-7.24;;;;;;;;
639;19.0;25.0;0.7;10;Successful;Effective;No;No;No;No;No;No;0.0;-7.0;0.2;-7.1;0.31;-7.19;0.38;-7.24;;;;;;;;
640;19.0;25.0;0.8;5;Successful;Effective;No;No;No;No;No;No;0.0;-7.0;0.2;-7.1;0.31;-7.19;0.38;-7.24;;;;;;;;
641;19.0;25.0;0.8;8;Successful;Effective;No;No;No;No;No;No;0.0;-7.0;0.2;-7.1;0.31;-7.19;0.38;-7.24;;;;;;;;
642;19.0;25.0;0.8;10;Successful;Effective;No;No;No;No;No;No;0.0;-7.0;0.2;-7.1;0.31;-7.19;0.38;-7.24;;;;;;;;
643;19.0;25.0;0.9;5;Successful;Effective;No;No;No;No;No;No;0.0;-7.0;0.2;-7.1;0.31;-7.19;0.38;-7.24;;;;;;;;
644;19.0;25.0;0.9;8;Successful;Effective;No;No;No;No;No;No;0.0;-7.0;0.2;-7.1;0.31;-7.19;0.38;-7.24;;;;;;;;
645;19.0;25.0;0.9;10;Successful;Effective;No;No;No;No;No;No;0.0;-7.0;0.2;-7.1;0.31;-7.19;0.38;-7.24;;;;;;;;
646;19.0;25.0;1.0;5;Successful;Effective;No;No;No;No;No;No;0.0;-7.0;0.2;-7.1;0.31;-7.19;0.38;-7.23;;;;;;;;
647;19.0;25.0;1.0;8;Successful;Effective;No;No;No;No;No;No;0.0;-7.0;0.2;-7.1;0.31;-7.19;0.38;-7.23;;;;;;;;
648;19.0;25.0;1.0;10;Successful;Effective;No;No;No;No;No;No;0.0;-7.0;0.2;-7.1;0.31;-7.19;0.38;-7.23;;;;;;;;
649;19.0;25.0;1.1;5;Successful;Effective;No;No;No;No;No;No;0.0;-7.0;0.2;-7.1;0.31;-7.19;0.38;-7.23;;;;;;;;
650;19.0;25.0;1.1;8;Successful;Effective;No;No;No;No;No;No;0.0;-7.0;0.2;-7.1;0.31;-7.19;0.38;-7.23;;;;;;;;
651;19.0;25.0;1.1;10;Successful;Effective;No;No;No;No;No;No;0.0;-7.0;0.2;-7.1;0.31;-7.19;0.38;-7.23;;;;;;;;
652;19.1;25.1;0.5;5;Successful;Effective;No;No;No;No;No;No;0.0;-7.0;0.2;-7.11;0.31;-7.19;0.38;-7.24;;;;;;;;
653;19.1;25.1;0.5;8;Successful;Effective;No;No;No;No;No;No;0.0;-7.0;0.2;-7.11;0.31;-7.19;0.38;-7.24;;;;;;;;
654;19.1;25.1;0.5;10;Successful;Effective;No;No;No;No;No;No;0.0;-7.0;0.2;-7.11;0.31;-7.19;0.38;-7.24;;;;;;;;
655;19.1;25.1;0.6;5;Successful;Effective;No;No;No;No;No;No;0.0;-7.0;0.2;-7.1;0.31;-7.19;0.38;-7.24;;;;;;;;
656;19.1;25.1;0.6;8;Successful;Effective;No;No;No;No;No;No;0.0;-7.0;0.2;-7.1;0.31;-7.19;0.38;-7.24;;;;;;;;
657;19.1;25.1;0.6;10;Successful;Effective;No;No;No;No;No;No;0.0;-7.0;0.2;-7.1;0.31;-7.19;0.38;-7.24;;;;;;;;
658;19.1;25.1;0.7;5;Successful;Effective;No;No;No;No;No;No;0.0;-7.0;0.2;-7.1;0.31;-7.19;0.38;-7.24;;;;;;;;
659;19.1;25.1;0.7;8;Successful;Effective;No;No;No;No;No;No;0.0;-7.0;0.2;-7.1;0.31;-7.19;0.38;-7.24;;;;;;;;
660;19.1;25.1;0.7;10;Successful;Effective;No;No;No;No;No;No;0.0;-7.0;0.2;-7.1;0.31;-7.19;0.38;-7.24;;;;;;;;
661;19.1;25.1;0.8;5;Successful;Effective;No;No;No;No;No;No;0.0;-7.0;0.2;-7.1;0.31;-7.19;0.38;-7.24;;;;;;;;
662;19.1;25.1;0.8;8;Successful;Effective;No;No;No;No;No;No;0.0;-7.0;0.2;-7.1;0.31;-7.19;0.38;-7.24;;;;;;;;
663;19.1;25.1;0.8;10;Successful;Effective;No;No;No;No;No;No;0.0;-7.0;0.2;-7.1;0.31;-7.19;0.38;-7.24;;;;;;;;
664;19.1;25.1;0.9;5;Successful;Effective;No;No;No;No;No;No;0.0;-7.0;0.2;-7.1;0.31;-7.19;0.38;-7.24;;;;;;;;
665;19.1;25.1;0.9;8;Successful;Effective;No;No;No;No;No;No;0.0;-7.0;0.2;-7.1;0.31;-7.19;0.38;-7.24;;;;;;;;
666;19.1;25.1;0.9;10;Successful;Effective;No;No;No;No;No;No;0.0;-7.0;0.2;-7.1;0.31;-7.19;0.38;-7.24;;;;;;;;
667;19.1;25.1;1.0;5;Successful;Effective;No;No;No;No;No;No;0.0;-7.0;0.2;-7.1;0.31;-7.19;0.38;-7.24;;;;;;;;
668;19.1;25.1;1.0;8;Successful;Effective;No;No;No;No;No;No;0.0;-7.0;0.2;-7.1;0.31;-7.19;0.38;-7.24;;;;;;;;
669;19.1;25.1;1.0;10;Successful;Effective;No;No;No;No;No;No;0.0;-7.0;0.2;-7.1;0.31;-7.19;0.38;-7.24;;;;;;;;
670;19.1;25.1;1.1;5;Successful;Effective;No;No;No;No;No;No;0.0;-7.0;0.2;-7.1;0.31;-7.19;0.38;-7.24;;;;;;;;
671;19.1;25.1;1.1;8;Successful;Effective;No;No;No;No;No;No;0.0;-7.0;0.2;-7.1;0.31;-7.19;0.38;-7.24;;;;;;;;
672;19.1;25.1;1.1;10;Successful;Effective;No;No;No;No;No;No;0.0;-7.0;0.2;-7.1;0.31;-7.19;0.38;-7.24;;;;;;;;
673;19.2;25.2;0.5;5;Successful;Effective;No;No;No;No;No;No;0.0;-7.0;0.2;-7.11;0.31;-7.19;0.38;-7.24;;;;;;;;
674;19.2;25.2;0.5;8;Successful;Effective;No;No;No;No;No;No;0.0;-7.0;0.2;-7.11;0.31;-7.19;0.38;-7.24;;;;;;;;
675;19.2;25.2;0.5;10;Successful;Effective;No;No;No;No;No;No;0.0;-7.0;0.2;-7.11;0.31;-7.19;0.38;-7.24;;;;;;;;
676;19.2;25.2;0.6;5;Successful;Effective;No;No;No;No;No;No;0.0;-7.0;0.2;-7.11;0.31;-7.19;0.38;-7.24;;;;;;;;
677;19.2;25.2;0.6;8;Successful;Effective;No;No;No;No;No;No;0.0;-7.0;0.2;-7.11;0.31;-7.19;0.38;-7.24;;;;;;;;
678;19.2;25.2;0.6;10;Successful;Effective;No;No;No;No;No;No;0.0;-7.0;0.2;-7.11;0.31;-7.19;0.38;-7.24;;;;;;;;
679;19.2;25.2;0.7;5;Successful;Effective;No;No;No;No;No;No;0.0;-7.0;0.2;-7.11;0.31;-7.19;0.38;-7.24;;;;;;;;
680;19.2;25.2;0.7;8;Successful;Effective;No;No;No;No;No;No;0.0;-7.0;0.2;-7.11;0.31;-7.19;0.38;-7.24;;;;;;;;
681;19.2;25.2;0.7;10;Successful;Effective;No;No;No;No;No;No;0.0;-7.0;0.2;-7.11;0.31;-7.19;0.38;-7.24;;;;;;;;
682;19.2;25.2;0.8;5;Successful;Effective;No;No;No;No;No;No;0.0;-7.0;0.2;-7.11;0.31;-7.19;0.38;-7.24;;;;;;;;
683;19.2;25.2;0.8;8;Successful;Effective;No;No;No;No;No;No;0.0;-7.0;0.2;-7.11;0.31;-7.19;0.38;-7.24;;;;;;;;
684;19.2;25.2;0.8;10;Successful;Effective;No;No;No;No;No;No;0.0;-7.0;0.2;-7.11;0.31;-7.19;0.38;-7.24;;;;;;;;
685;19.2;25.2;0.9;5;Successful;Effective;No;No;No;No;No;No;0.0;-7.0;0.2;-7.11;0.31;-7.19;0.38;-7.24;;;;;;;;
686;19.2;25.2;0.9;8;Successful;Effective;No;No;No;No;No;No;0.0;-7.0;0.2;-7.11;0.31;-7.19;0.38;-7.24;;;;;;;;
687;19.2;25.2;0.9;10;Successful;Effective;No;No;No;No;No;No;0.0;-7.0;0.2;-7.11;0.31;-7.19;0.38;-7.24;;;;;;;;
688;19.2;25.2;1.0;5;Successful;Effective;No;No;No;No;No;No;0.0;-7.0;0.2;-7.11;0.31;-7.19;0.38;-7.24;;;;;;;;
689;19.2;25.2;1.0;8;Successful;Effective;No;No;No;No;No;No;0.0;-7.0;0.2;-7.11;0.31;-7.19;0.38;-7.24;;;;;;;;
690;19.2;25.2;1.0;10;Successful;Effective;No;No;No;No;No;No;0.0;-7.0;0.2;-7.11;0.31;-7.19;0.38;-7.24;;;;;;;;
691;19.2;25.2;1.1;5;Successful;Effective;No;No;No;No;No;No;0.0;-7.0;0.2;-7.11;0.31;-7.19;0.38;-7.24;;;;;;;;
692;19.2;25.2;1.1;8;Successful;Effective;No;No;No;No;No;No;0.0;-7.0;0.2;-7.11;0.31;-7.19;0.38;-7.24;;;;;;;;
693;19.2;25.2;1.1;10;Successful;Effective;No;No;No;No;No;No;0.0;-7.0;0.2;-7.11;0.31;-7.19;0.38;-7.24;;;;;;;;
694;19.3;25.3;0.5;5;Successful;Effective;No;No;No;No;No;No;0.0;-7.0;0.2;-7.11;0.31;-7.19;0.38;-7.24;;;;;;;;
695;19.3;25.3;0.5;8;Successful;Effective;No;No;No;No;No;No;0.0;-7.0;0.2;-7.11;0.31;-7.19;0.38;-7.24;;;;;;;;
696;19.3;25.3;0.5;10;Successful;Effective;No;No;No;No;No;No;0.0;-7.0;0.2;-7.11;0.31;-7.19;0.38;-7.24;;;;;;;;
697;19.3;25.3;0.6;5;Successful;Effective;No;No;No;No;No;No;0.0;-7.0;0.2;-7.11;0.31;-7.19;0.38;-7.24;;;;;;;;
698;19.3;25.3;0.6;8;Successful;Effective;No;No;No;No;No;No;0.0;-7.0;0.2;-7.11;0.31;-7.19;0.38;-7.24;;;;;;;;
699;19.3;25.3;0.6;10;Successful;Effective;No;No;No;No;No;No;0.0;-7.0;0.2;-7.11;0.31;-7.19;0.38;-7.24;;;;;;;;
700;19.3;25.3;0.7;5;Successful;Effective;No;No;No;No;No;No;0.0;-7.0;0.2;-7.11;0.31;-7.19;0.38;-7.24;;;;;;;;
701;19.3;25.3;0.7;8;Successful;Effective;No;No;No;No;No;No;0.0;-7.0;0.2;-7.11;0.31;-7.19;0.38;-7.24;;;;;;;;
702;19.3;25.3;0.7;10;Successful;Effective;No;No;No;No;No;No;0.0;-7.0;0.2;-7.11;0.31;-7.19;0.38;-7.24;;;;;;;;
703;19.3;25.3;0.8;5;Successful;Effective;No;No;No;No;No;No;0.0;-7.0;0.2;-7.11;0.31;-7.19;0.38;-7.24;;;;;;;;
704;19.3;25.3;0.8;8;Successful;Effective;No;No;No;No;No;No;0.0;-7.0;0.2;-7.11;0.31;-7.19;0.38;-7.24;;;;;;;;
705;19.3;25.3;0.8;10;Successful;Effective;No;No;No;No;No;No;0.0;-7.0;0.2;-7.11;0.31;-7.19;0.38;-7.24;;;;;;;;
706;19.3;25.3;0.9;5;Successful;Effective;No;No;No;No;No;No;0.0;-7.0;0.2;-7.11;0.31;-7.19;0.38;-7.24;;;;;;;;
707;19.3;25.3;0.9;8;Successful;Effective;No;No;No;No;No;No;0.0;-7.0;0.2;-7.11;0.31;-7.19;0.38;-7.24;;;;;;;;
708;19.3;25.3;0.9;10;Successful;Effective;No;No;No;No;No;No;0.0;-7.0;0.2;-7.11;0.31;-7.19;0.38;-7.24;;;;;;;;
709;19.3;25.3;1.0;5;Successful;Effective;No;No;No;No;No;No;0.0;-7.0;0.2;-7.11;0.31;-7.19;0.38;-7.24;;;;;;;;
710;19.3;25.3;1.0;8;Successful;Effective;No;No;No;No;No;No;0.0;-7.0;0.2;-7.11;0.31;-7.19;0.38;-7.24;;;;;;;;
711;19.3;25.3;1.0;10;Successful;Effective;No;No;No;No;No;No;0.0;-7.0;0.2;-7.11;0.31;-7.19;0.38;-7.24;;;;;;;;
712;19.3;25.3;1.1;5;Successful;Effective;No;No;No;No;No;No;0.0;-7.0;0.2;-7.11;0.31;-7.19;0.38;-7.24;;;;;;;;
713;19.3;25.3;1.1;8;Successful;Effective;No;No;No;No;No;No;0.0;-7.0;0.2;-7.11;0.31;-7.19;0.38;-7.24;;;;;;;;
714;19.3;25.3;1.1;10;Successful;Effective;No;No;No;No;No;No;0.0;-7.0;0.2;-7.11;0.31;-7.19;0.38;-7.24;;;;;;;;
715;19.4;25.4;0.5;5;Successful;Effective;No;No;No;No;No;No;0.0;-7.0;0.2;-7.11;0.31;-7.19;0.38;-7.24;;;;;;;;
716;19.4;25.4;0.5;8;Successful;Effective;No;No;No;No;No;No;0.0;-7.0;0.2;-7.11;0.31;-7.19;0.38;-7.24;;;;;;;;
717;19.4;25.4;0.5;10;Successful;Effective;No;No;No;No;No;No;0.0;-7.0;0.2;-7.11;0.31;-7.19;0.38;-7.24;;;;;;;;
718;19.4;25.4;0.6;5;Successful;Effective;No;No;No;No;No;No;0.0;-7.0;0.2;-7.11;0.31;-7.19;0.38;-7.24;;;;;;;;
719;19.4;25.4;0.6;8;Successful;Effective;No;No;No;No;No;No;0.0;-7.0;0.2;-7.11;0.31;-7.19;0.38;-7.24;;;;;;;;
720;19.4;25.4;0.6;10;Successful;Effective;No;No;No;No;No;No;0.0;-7.0;0.2;-7.11;0.31;-7.19;0.38;-7.24;;;;;;;;
721;19.4;25.4;0.7;5;Successful;Effective;No;No;No;No;No;No;0.0;-7.0;0.2;-7.11;0.31;-7.19;0.38;-7.24;;;;;;;;
722;19.4;25.4;0.7;8;Successful;Effective;No;No;No;No;No;No;0.0;-7.0;0.2;-7.11;0.31;-7.19;0.38;-7.24;;;;;;;;
723;19.4;25.4;0.7;10;Successful;Effective;No;No;No;No;No;No;0.0;-7.0;0.2;-7.11;0.31;-7.19;0.38;-7.24;;;;;;;;
724;19.4;25.4;0.8;5;Successful;Effective;No;No;No;No;No;No;0.0;-7.0;0.2;-7.11;0.31;-7.19;0.38;-7.24;;;;;;;;
725;19.4;25.4;0.8;8;Successful;Effective;No;No;No;No;No;No;0.0;-7.0;0.2;-7.11;0.31;-7.19;0.38;-7.24;;;;;;;;
726;19.4;25.4;0.8;10;Successful;Effective;No;No;No;No;No;No;0.0;-7.0;0.2;-7.11;0.31;-7.19;0.38;-7.24;;;;;;;;
727;19.4;25.4;0.9;5;Successful;Effective;No;No;No;No;No;No;0.0;-7.0;0.2;-7.11;0.31;-7.19;0.38;-7.24;;;;;;;;
728;19.4;25.4;0.9;8;Successful;Effective;No;No;No;No;No;No;0.0;-7.0;0.2;-7.11;0.31;-7.19;0.38;-7.24;;;;;;;;
729;19.4;25.4;0.9;10;Successful;Effective;No;No;No;No;No;No;0.0;-7.0;0.2;-7.11;0.31;-7.19;0.38;-7.24;;;;;;;;
730;19.4;25.4;1.0;5;Successful;Effective;No;No;No;No;No;No;0.0;-7.0;0.2;-7.11;0.31;-7.19;0.38;-7.24;;;;;;;;
731;19.4;25.4;1.0;8;Successful;Effective;No;No;No;No;No;No;0.0;-7.0;0.2;-7.11;0.31;-7.19;0.38;-7.24;;;;;;;;
732;19.4;25.4;1.0;10;Successful;Effective;No;No;No;No;No;No;0.0;-7.0;0.2;-7.11;0.31;-7.19;0.38;-7.24;;;;;;;;
733;19.4;25.4;1.1;5;Successful;Effective;No;No;No;No;No;No;0.0;-7.0;0.2;-7.11;0.31;-7.19;0.38;-7.24;;;;;;;;
734;19.4;25.4;1.1;8;Successful;Effective;No;No;No;No;No;No;0.0;-7.0;0.2;-7.11;0.31;-7.19;0.38;-7.24;;;;;;;;
735;19.4;25.4;1.1;10;Successful;Effective;No;No;No;No;No;No;0.0;-7.0;0.2;-7.11;0.31;-7.19;0.38;-7.24;;;;;;;;
736;19.5;25.5;0.5;5;Successful;Effective;No;No;No;No;No;No;0.0;-7.0;0.2;-7.11;0.31;-7.19;0.38;-7.24;;;;;;;;
737;19.5;25.5;0.5;8;Successful;Effective;No;No;No;No;No;No;0.0;-7.0;0.2;-7.11;0.31;-7.19;0.38;-7.24;;;;;;;;
738;19.5;25.5;0.5;10;Successful;Effective;No;No;No;No;No;No;0.0;-7.0;0.2;-7.11;0.31;-7.19;0.38;-7.24;;;;;;;;
739;19.5;25.5;0.6;5;Successful;Effective;No;No;No;No;No;No;0.0;-7.0;0.2;-7.11;0.31;-7.19;0.38;-7.24;;;;;;;;
740;19.5;25.5;0.6;8;Successful;Effective;No;No;No;No;No;No;0.0;-7.0;0.2;-7.11;0.31;-7.19;0.38;-7.24;;;;;;;;
741;19.5;25.5;0.6;10;Successful;Effective;No;No;No;No;No;No;0.0;-7.0;0.2;-7.11;0.31;-7.19;0.38;-7.24;;;;;;;;
742;19.5;25.5;0.7;5;Successful;Effective;No;No;No;No;No;No;0.0;-7.0;0.2;-7.11;0.31;-7.19;0.38;-7.24;;;;;;;;
743;19.5;25.5;0.7;8;Successful;Effective;No;No;No;No;No;No;0.0;-7.0;0.2;-7.11;0.31;-7.19;0.38;-7.24;;;;;;;;
744;19.5;25.5;0.7;10;Successful;Effective;No;No;No;No;No;No;0.0;-7.0;0.2;-7.11;0.31;-7.19;0.38;-7.24;;;;;;;;
745;19.5;25.5;0.8;5;Successful;Effective;No;No;No;No;No;No;0.0;-7.0;0.2;-7.11;0.31;-7.19;0.38;-7.24;;;;;;;;
746;19.5;25.5;0.8;8;Successful;Effective;No;No;No;No;No;No;0.0;-7.0;0.2;-7.11;0.31;-7.19;0.38;-7.24;;;;;;;;
747;19.5;25.5;0.8;10;Successful;Effective;No;No;No;No;No;No;0.0;-7.0;0.2;-7.11;0.31;-7.19;0.38;-7.24;;;;;;;;
748;19.5;25.5;0.9;5;Successful;Effective;No;No;No;No;No;No;0.0;-7.0;0.2;-7.11;0.31;-7.19;0.38;-7.24;;;;;;;;
749;19.5;25.5;0.9;8;Successful;Effective;No;No;No;No;No;No;0.0;-7.0;0.2;-7.11;0.31;-7.19;0.38;-7.24;;;;;;;;
750;19.5;25.5;0.9;10;Successful;Effective;No;No;No;No;No;No;0.0;-7.0;0.2;-7.11;0.31;-7.19;0.38;-7.24;;;;;;;;
751;19.5;25.5;1.0;5;Successful;Effective;No;No;No;No;No;No;0.0;-7.0;0.2;-7.11;0.31;-7.19;0.38;-7.24;;;;;;;;
752;19.5;25.5;1.0;8;Successful;Effective;No;No;No;No;No;No;0.0;-7.0;0.2;-7.11;0.31;-7.19;0.38;-7.24;;;;;;;;
753;19.5;25.5;1.0;10;Successful;Effective;No;No;No;No;No;No;0.0;-7.0;0.2;-7.11;0.31;-7.19;0.38;-7.24;;;;;;;;
754;19.5;25.5;1.1;5;Successful;Effective;No;No;No;No;No;No;0.0;-7.0;0.2;-7.11;0.31;-7.19;0.38;-7.24;;;;;;;;
755;19.5;25.5;1.1;8;Successful;Effective;No;No;No;No;No;No;0.0;-7.0;0.2;-7.11;0.31;-7.19;0.38;-7.24;;;;;;;;
756;19.5;25.5;1.1;10;Successful;Effective;No;No;No;No;No;No;0.0;-7.0;0.2;-7.11;0.31;-7.19;0.38;-7.24;;;;;;;;
757;19.6;25.6;0.5;5;Successful;Effective;No;No;No;No;No;No;0.0;-7.0;0.2;-7.11;0.31;-7.19;0.38;-7.24;;;;;;;;
758;19.6;25.6;0.5;8;Successful;Effective;No;No;No;No;No;No;0.0;-7.0;0.2;-7.11;0.31;-7.19;0.38;-7.24;;;;;;;;
759;19.6;25.6;0.5;10;Successful;Effective;No;No;No;No;No;No;0.0;-7.0;0.2;-7.11;0.31;-7.19;0.38;-7.24;;;;;;;;
760;19.6;25.6;0.6;5;Successful;Effective;No;No;No;No;No;No;0.0;-7.0;0.2;-7.11;0.31;-7.19;0.38;-7.24;;;;;;;;
761;19.6;25.6;0.6;8;Successful;Effective;No;No;No;No;No;No;0.0;-7.0;0.2;-7.11;0.31;-7.19;0.38;-7.24;;;;;;;;
762;19.6;25.6;0.6;10;Successful;Effective;No;No;No;No;No;No;0.0;-7.0;0.2;-7.11;0.31;-7.19;0.38;-7.24;;;;;;;;
763;19.6;25.6;0.7;5;Successful;Effective;No;No;No;No;No;No;0.0;-7.0;0.2;-7.11;0.31;-7.19;0.38;-7.24;;;;;;;;
764;19.6;25.6;0.7;8;Successful;Effective;No;No;No;No;No;No;0.0;-7.0;0.2;-7.11;0.31;-7.19;0.38;-7.24;;;;;;;;
765;19.6;25.6;0.7;10;Successful;Effective;No;No;No;No;No;No;0.0;-7.0;0.2;-7.11;0.31;-7.19;0.38;-7.24;;;;;;;;
766;19.6;25.6;0.8;5;Successful;Effective;No;No;No;No;No;No;0.0;-7.0;0.2;-7.11;0.31;-7.19;0.38;-7.24;;;;;;;;
767;19.6;25.6;0.8;8;Successful;Effective;No;No;No;No;No;No;0.0;-7.0;0.2;-7.11;0.31;-7.19;0.38;-7.24;;;;;;;;
768;19.6;25.6;0.8;10;Successful;Effective;No;No;No;No;No;No;0.0;-7.0;0.2;-7.11;0.31;-7.19;0.38;-7.24;;;;;;;;
769;19.6;25.6;0.9;5;Successful;Effective;No;No;No;No;No;No;0.0;-7.0;0.2;-7.11;0.31;-7.19;0.38;-7.24;;;;;;;;
770;19.6;25.6;0.9;8;Successful;Effective;No;No;No;No;No;No;0.0;-7.0;0.2;-7.11;0.31;-7.19;0.38;-7.24;;;;;;;;
771;19.6;25.6;0.9;10;Successful;Effective;No;No;No;No;No;No;0.0;-7.0;0.2;-7.11;0.31;-7.19;0.38;-7.24;;;;;;;;
772;19.6;25.6;1.0;5;Successful;Effective;No;No;No;No;No;No;0.0;-7.0;0.2;-7.11;0.31;-7.19;0.38;-7.24;;;;;;;;
773;19.6;25.6;1.0;8;Successful;Effective;No;No;No;No;No;No;0.0;-7.0;0.2;-7.11;0.31;-7.19;0.38;-7.24;;;;;;;;
774;19.6;25.6;1.0;10;Successful;Effective;No;No;No;No;No;No;0.0;-7.0;0.2;-7.11;0.31;-7.19;0.38;-7.24;;;;;;;;
775;19.6;25.6;1.1;5;Successful;Effective;No;No;No;No;No;No;0.0;-7.0;0.2;-7.11;0.31;-7.19;0.38;-7.24;;;;;;;;
776;19.6;25.6;1.1;8;Successful;Effective;No;No;No;No;No;No;0.0;-7.0;0.2;-7.11;0.31;-7.19;0.38;-7.24;;;;;;;;
777;19.6;25.6;1.1;10;Successful;Effective;No;No;No;No;No;No;0.0;-7.0;0.2;-7.11;0.31;-7.19;0.38;-7.24;;;;;;;;
778;19.7;25.7;0.5;5;Successful;Effective;No;No;No;No;No;No;0.0;-7.0;0.2;-7.11;0.31;-7.19;0.38;-7.24;;;;;;;;
779;19.7;25.7;0.5;8;Successful;Effective;No;No;No;No;No;No;0.0;-7.0;0.2;-7.11;0.31;-7.19;0.38;-7.24;;;;;;;;
780;19.7;25.7;0.5;10;Successful;Effective;No;No;No;No;No;No;0.0;-7.0;0.2;-7.11;0.31;-7.19;0.38;-7.24;;;;;;;;
781;19.7;25.7;0.6;5;Successful;Effective;No;No;No;No;No;No;0.0;-7.0;0.2;-7.11;0.31;-7.19;0.38;-7.24;;;;;;;;
782;19.7;25.7;0.6;8;Successful;Effective;No;No;No;No;No;No;0.0;-7.0;0.2;-7.11;0.31;-7.19;0.38;-7.24;;;;;;;;
783;19.7;25.7;0.6;10;Successful;Effective;No;No;No;No;No;No;0.0;-7.0;0.2;-7.11;0.31;-7.19;0.38;-7.24;;;;;;;;
784;19.7;25.7;0.7;5;Successful;Effective;No;No;No;No;No;No;0.0;-7.0;0.2;-7.11;0.31;-7.19;0.38;-7.24;;;;;;;;
785;19.7;25.7;0.7;8;Successful;Effective;No;No;No;No;No;No;0.0;-7.0;0.2;-7.11;0.31;-7.19;0.38;-7.24;;;;;;;;
786;19.7;25.7;0.7;10;Successful;Effective;No;No;No;No;No;No;0.0;-7.0;0.2;-7.11;0.31;-7.19;0.38;-7.24;;;;;;;;
787;19.7;25.7;0.8;5;Successful;Effective;No;No;No;No;No;No;0.0;-7.0;0.2;-7.11;0.31;-7.19;0.38;-7.24;;;;;;;;
788;19.7;25.7;0.8;8;Successful;Effective;No;No;No;No;No;No;0.0;-7.0;0.2;-7.11;0.31;-7.19;0.38;-7.24;;;;;;;;
789;19.7;25.7;0.8;10;Successful;Effective;No;No;No;No;No;No;0.0;-7.0;0.2;-7.11;0.31;-7.19;0.38;-7.24;;;;;;;;
790;19.7;25.7;0.9;5;Successful;Effective;No;No;No;No;No;No;0.0;-7.0;0.2;-7.11;0.31;-7.19;0.38;-7.24;;;;;;;;
791;19.7;25.7;0.9;8;Successful;Effective;No;No;No;No;No;No;0.0;-7.0;0.2;-7.11;0.31;-7.19;0.38;-7.24;;;;;;;;
792;19.7;25.7;0.9;10;Successful;Effective;No;No;No;No;No;No;0.0;-7.0;0.2;-7.11;0.31;-7.19;0.38;-7.24;;;;;;;;
793;19.7;25.7;1.0;5;Successful;Effective;No;No;No;No;No;No;0.0;-7.0;0.2;-7.11;0.31;-7.19;0.38;-7.24;;;;;;;;
794;19.7;25.7;1.0;8;Successful;Effective;No;No;No;No;No;No;0.0;-7.0;0.2;-7.11;0.31;-7.19;0.38;-7.24;;;;;;;;
795;19.7;25.7;1.0;10;Successful;Effective;No;No;No;No;No;No;0.0;-7.0;0.2;-7.11;0.31;-7.19;0.38;-7.24;;;;;;;;
796;19.7;25.7;1.1;5;Successful;Effective;No;No;No;No;No;No;0.0;-7.0;0.2;-7.11;0.31;-7.19;0.38;-7.24;;;;;;;;
797;19.7;25.7;1.1;8;Successful;Effective;No;No;No;No;No;No;0.0;-7.0;0.2;-7.11;0.31;-7.19;0.38;-7.24;;;;;;;;
798;19.7;25.7;1.1;10;Successful;Effective;No;No;No;No;No;No;0.0;-7.0;0.2;-7.11;0.31;-7.19;0.38;-7.24;;;;;;;;
799;19.8;25.8;0.5;5;Successful;Effective;No;No;No;No;No;No;0.0;-7.0;0.2;-7.11;0.31;-7.19;0.38;-7.24;;;;;;;;
800;19.8;25.8;0.5;8;Successful;Effective;No;No;No;No;No;No;0.0;-7.0;0.2;-7.11;0.31;-7.19;0.38;-7.24;;;;;;;;
801;19.8;25.8;0.5;10;Successful;Effective;No;No;No;No;No;No;0.0;-7.0;0.2;-7.11;0.31;-7.19;0.38;-7.24;;;;;;;;
802;19.8;25.8;0.6;5;Successful;Effective;No;No;No;No;No;No;0.0;-7.0;0.2;-7.11;0.31;-7.19;0.38;-7.24;;;;;;;;
803;19.8;25.8;0.6;8;Successful;Effective;No;No;No;No;No;No;0.0;-7.0;0.2;-7.11;0.31;-7.19;0.38;-7.24;;;;;;;;
804;19.8;25.8;0.6;10;Successful;Effective;No;No;No;No;No;No;0.0;-7.0;0.2;-7.11;0.31;-7.19;0.38;-7.24;;;;;;;;
805;19.8;25.8;0.7;5;Successful;Effective;No;No;No;No;No;No;0.0;-7.0;0.2;-7.11;0.31;-7.19;0.38;-7.24;;;;;;;;
806;19.8;25.8;0.7;8;Successful;Effective;No;No;No;No;No;No;0.0;-7.0;0.2;-7.11;0.31;-7.19;0.38;-7.24;;;;;;;;
807;19.8;25.8;0.7;10;Successful;Effective;No;No;No;No;No;No;0.0;-7.0;0.2;-7.11;0.31;-7.19;0.38;-7.24;;;;;;;;
808;19.8;25.8;0.8;5;Successful;Effective;No;No;No;No;No;No;0.0;-7.0;0.2;-7.11;0.31;-7.19;0.38;-7.24;;;;;;;;
809;19.8;25.8;0.8;8;Successful;Effective;No;No;No;No;No;No;0.0;-7.0;0.2;-7.11;0.31;-7.19;0.38;-7.24;;;;;;;;
810;19.8;25.8;0.8;10;Successful;Effective;No;No;No;No;No;No;0.0;-7.0;0.2;-7.11;0.31;-7.19;0.38;-7.24;;;;;;;;
811;19.8;25.8;0.9;5;Successful;Effective;No;No;No;No;No;No;0.0;-7.0;0.2;-7.11;0.31;-7.19;0.38;-7.24;;;;;;;;
812;19.8;25.8;0.9;8;Successful;Effective;No;No;No;No;No;No;0.0;-7.0;0.2;-7.11;0.31;-7.19;0.38;-7.24;;;;;;;;
813;19.8;25.8;0.9;10;Successful;Effective;No;No;No;No;No;No;0.0;-7.0;0.2;-7.11;0.31;-7.19;0.38;-7.24;;;;;;;;
814;19.8;25.8;1.0;5;Successful;Effective;No;No;No;No;No;No;0.0;-7.0;0.2;-7.11;0.31;-7.19;0.38;-7.24;;;;;;;;
815;19.8;25.8;1.0;8;Successful;Effective;No;No;No;No;No;No;0.0;-7.0;0.2;-7.11;0.31;-7.19;0.38;-7.24;;;;;;;;
816;19.8;25.8;1.0;10;Successful;Effective;No;No;No;No;No;No;0.0;-7.0;0.2;-7.11;0.31;-7.19;0.38;-7.24;;;;;;;;
817;19.8;25.8;1.1;5;Successful;Effective;No;No;No;No;No;No;0.0;-7.0;0.2;-7.11;0.31;-7.19;0.38;-7.24;;;;;;;;
818;19.8;25.8;1.1;8;Successful;Effective;No;No;No;No;No;No;0.0;-7.0;0.2;-7.11;0.31;-7.19;0.38;-7.24;;;;;;;;
819;19.8;25.8;1.1;10;Successful;Effective;No;No;No;No;No;No;0.0;-7.0;0.2;-7.11;0.31;-7.19;0.38;-7.24;;;;;;;;
820;19.9;25.9;0.5;5;Successful;Effective;No;No;No;No;No;No;0.0;-7.0;0.2;-7.11;0.31;-7.19;0.38;-7.24;;;;;;;;
821;19.9;25.9;0.5;8;Successful;Effective;No;No;No;No;No;No;0.0;-7.0;0.2;-7.11;0.31;-7.19;0.38;-7.24;;;;;;;;
822;19.9;25.9;0.5;10;Successful;Effective;No;No;No;No;No;No;0.0;-7.0;0.2;-7.11;0.31;-7.19;0.38;-7.24;;;;;;;;
823;19.9;25.9;0.6;5;Successful;Effective;No;No;No;No;No;No;0.0;-7.0;0.2;-7.11;0.31;-7.19;0.38;-7.24;;;;;;;;
824;19.9;25.9;0.6;8;Successful;Effective;No;No;No;No;No;No;0.0;-7.0;0.2;-7.11;0.31;-7.19;0.38;-7.24;;;;;;;;
825;19.9;25.9;0.6;10;Successful;Effective;No;No;No;No;No;No;0.0;-7.0;0.2;-7.11;0.31;-7.19;0.38;-7.24;;;;;;;;
826;19.9;25.9;0.7;5;Successful;Effective;No;No;No;No;No;No;0.0;-7.0;0.2;-7.11;0.31;-7.19;0.38;-7.24;;;;;;;;
827;19.9;25.9;0.7;8;Successful;Effective;No;No;No;No;No;No;0.0;-7.0;0.2;-7.11;0.31;-7.19;0.38;-7.24;;;;;;;;
828;19.9;25.9;0.7;10;Successful;Effective;No;No;No;No;No;No;0.0;-7.0;0.2;-7.11;0.31;-7.19;0.38;-7.24;;;;;;;;
829;19.9;25.9;0.8;5;Successful;Effective;No;No;No;No;No;No;0.0;-7.0;0.2;-7.11;0.31;-7.19;0.38;-7.24;;;;;;;;
830;19.9;25.9;0.8;8;Successful;Effective;No;No;No;No;No;No;0.0;-7.0;0.2;-7.11;0.31;-7.19;0.38;-7.24;;;;;;;;
831;19.9;25.9;0.8;10;Successful;Effective;No;No;No;No;No;No;0.0;-7.0;0.2;-7.11;0.31;-7.19;0.38;-7.24;;;;;;;;
832;19.9;25.9;0.9;5;Successful;Effective;No;No;No;No;No;No;0.0;-7.0;0.2;-7.11;0.31;-7.19;0.38;-7.24;;;;;;;;
833;19.9;25.9;0.9;8;Successful;Effective;No;No;No;No;No;No;0.0;-7.0;0.2;-7.11;0.31;-7.19;0.38;-7.24;;;;;;;;
834;19.9;25.9;0.9;10;Successful;Effective;No;No;No;No;No;No;0.0;-7.0;0.2;-7.11;0.31;-7.19;0.38;-7.24;;;;;;;;
835;19.9;25.9;1.0;5;Successful;Effective;No;No;No;No;No;No;0.0;-7.0;0.2;-7.11;0.31;-7.19;0.38;-7.24;;;;;;;;
836;19.9;25.9;1.0;8;Successful;Effective;No;No;No;No;No;No;0.0;-7.0;0.2;-7.11;0.31;-7.19;0.38;-7.24;;;;;;;;
837;19.9;25.9;1.0;10;Successful;Effective;No;No;No;No;No;No;0.0;-7.0;0.2;-7.11;0.31;-7.19;0.38;-7.24;;;;;;;;
838;19.9;25.9;1.1;5;Successful;Effective;No;No;No;No;No;No;0.0;-7.0;0.2;-7.11;0.31;-7.19;0.38;-7.24;;;;;;;;
839;19.9;25.9;1.1;8;Successful;Effective;No;No;No;No;No;No;0.0;-7.0;0.2;-7.11;0.31;-7.19;0.38;-7.24;;;;;;;;
840;19.9;25.9;1.1;10;Successful;Effective;No;No;No;No;No;No;0.0;-7.0;0.2;-7.11;0.31;-7.19;0.38;-7.24;;;;;;;;
841;20.0;26.0;0.5;5;Successful;Effective;No;No;No;No;No;No;0.0;-7.0;0.2;-7.11;0.31;-7.19;0.38;-7.24;;;;;;;;
842;20.0;26.0;0.5;8;Successful;Effective;No;No;No;No;No;No;0.0;-7.0;0.2;-7.11;0.31;-7.19;0.38;-7.24;;;;;;;;
843;20.0;26.0;0.5;10;Successful;Effective;No;No;No;No;No;No;0.0;-7.0;0.2;-7.11;0.31;-7.19;0.38;-7.24;;;;;;;;
844;20.0;26.0;0.6;5;Successful;Effective;No;No;No;No;No;No;0.0;-7.0;0.2;-7.11;0.31;-7.19;0.38;-7.24;;;;;;;;
845;20.0;26.0;0.6;8;Successful;Effective;No;No;No;No;No;No;0.0;-7.0;0.2;-7.11;0.31;-7.19;0.38;-7.24;;;;;;;;
846;20.0;26.0;0.6;10;Successful;Effective;No;No;No;No;No;No;0.0;-7.0;0.2;-7.11;0.31;-7.19;0.38;-7.24;;;;;;;;
847;20.0;26.0;0.7;5;Successful;Effective;No;No;No;No;No;No;0.0;-7.0;0.2;-7.11;0.31;-7.19;0.38;-7.24;;;;;;;;
848;20.0;26.0;0.7;8;Successful;Effective;No;No;No;No;No;No;0.0;-7.0;0.2;-7.11;0.31;-7.19;0.38;-7.24;;;;;;;;
849;20.0;26.0;0.7;10;Successful;Effective;No;No;No;No;No;No;0.0;-7.0;0.2;-7.11;0.31;-7.19;0.38;-7.24;;;;;;;;
850;20.0;26.0;0.8;5;Successful;Effective;No;No;No;No;No;No;0.0;-7.0;0.2;-7.11;0.31;-7.19;0.38;-7.24;;;;;;;;
851;20.0;26.0;0.8;8;Successful;Effective;No;No;No;No;No;No;0.0;-7.0;0.2;-7.11;0.31;-7.19;0.38;-7.24;;;;;;;;
852;20.0;26.0;0.8;10;Successful;Effective;No;No;No;No;No;No;0.0;-7.0;0.2;-7.11;0.31;-7.19;0.38;-7.24;;;;;;;;
853;20.0;26.0;0.9;5;Successful;Effective;No;No;No;No;No;No;0.0;-7.0;0.2;-7.11;0.31;-7.19;0.38;-7.24;;;;;;;;
854;20.0;26.0;0.9;8;Successful;Effective;No;No;No;No;No;No;0.0;-7.0;0.2;-7.11;0.31;-7.19;0.38;-7.24;;;;;;;;
855;20.0;26.0;0.9;10;Successful;Effective;No;No;No;No;No;No;0.0;-7.0;0.2;-7.11;0.31;-7.19;0.38;-7.24;;;;;;;;
856;20.0;26.0;1.0;5;Successful;Effective;No;No;No;No;No;No;0.0;-7.0;0.2;-7.11;0.31;-7.19;0.38;-7.24;;;;;;;;
857;20.0;26.0;1.0;8;Successful;Effective;No;No;No;No;No;No;0.0;-7.0;0.2;-7.11;0.31;-7.19;0.38;-7.24;;;;;;;;
858;20.0;26.0;1.0;10;Successful;Effective;No;No;No;No;No;No;0.0;-7.0;0.2;-7.11;0.31;-7.19;0.38;-7.24;;;;;;;;
859;20.0;26.0;1.1;5;Successful;Effective;No;No;No;No;No;No;0.0;-7.0;0.2;-7.11;0.31;-7.19;0.38;-7.24;;;;;;;;
860;20.0;26.0;1.1;8;Successful;Effective;No;No;No;No;No;No;0.0;-7.0;0.2;-7.11;0.31;-7.19;0.38;-7.24;;;;;;;;
861;20.0;26.0;1.1;10;Successful;Effective;No;No;No;No;No;No;0.0;-7.0;0.2;-7.11;0.31;-7.19;0.38;-7.24;;;;;;;;
862;20.1;26.1;0.5;5;Successful;Effective;No;No;No;No;No;No;0.0;-7.0;0.2;-7.11;0.31;-7.19;0.38;-7.24;;;;;;;;
863;20.1;26.1;0.5;8;Successful;Effective;No;No;No;No;No;No;0.0;-7.0;0.2;-7.11;0.31;-7.19;0.38;-7.24;;;;;;;;
864;20.1;26.1;0.5;10;Successful;Effective;No;No;No;No;No;No;0.0;-7.0;0.2;-7.11;0.31;-7.19;0.38;-7.24;;;;;;;;
865;20.1;26.1;0.6;5;Successful;Effective;No;No;No;No;No;No;0.0;-7.0;0.2;-7.11;0.31;-7.19;0.38;-7.24;;;;;;;;
866;20.1;26.1;0.6;8;Successful;Effective;No;No;No;No;No;No;0.0;-7.0;0.2;-7.11;0.31;-7.19;0.38;-7.24;;;;;;;;
867;20.1;26.1;0.6;10;Successful;Effective;No;No;No;No;No;No;0.0;-7.0;0.2;-7.11;0.31;-7.19;0.38;-7.24;;;;;;;;
868;20.1;26.1;0.7;5;Successful;Effective;No;No;No;No;No;No;0.0;-7.0;0.2;-7.11;0.31;-7.19;0.38;-7.24;;;;;;;;
869;20.1;26.1;0.7;8;Successful;Effective;No;No;No;No;No;No;0.0;-7.0;0.2;-7.11;0.31;-7.19;0.38;-7.24;;;;;;;;
870;20.1;26.1;0.7;10;Successful;Effective;No;No;No;No;No;No;0.0;-7.0;0.2;-7.11;0.31;-7.19;0.38;-7.24;;;;;;;;
871;20.1;26.1;0.8;5;Successful;Effective;No;No;No;No;No;No;0.0;-7.0;0.2;-7.11;0.31;-7.19;0.38;-7.24;;;;;;;;
872;20.1;26.1;0.8;8;Successful;Effective;No;No;No;No;No;No;0.0;-7.0;0.2;-7.11;0.31;-7.19;0.38;-7.24;;;;;;;;
873;20.1;26.1;0.8;10;Successful;Effective;No;No;No;No;No;No;0.0;-7.0;0.2;-7.11;0.31;-7.19;0.38;-7.24;;;;;;;;
874;20.1;26.1;0.9;5;Successful;Effective;No;No;No;No;No;No;0.0;-7.0;0.2;-7.11;0.31;-7.19;0.38;-7.24;;;;;;;;
875;20.1;26.1;0.9;8;Successful;Effective;No;No;No;No;No;No;0.0;-7.0;0.2;-7.11;0.31;-7.19;0.38;-7.24;;;;;;;;
876;20.1;26.1;0.9;10;Successful;Effective;No;No;No;No;No;No;0.0;-7.0;0.2;-7.11;0.31;-7.19;0.38;-7.24;;;;;;;;
877;20.1;26.1;1.0;5;Successful;Effective;No;No;No;No;No;No;0.0;-7.0;0.2;-7.11;0.31;-7.19;0.38;-7.24;;;;;;;;
878;20.1;26.1;1.0;8;Successful;Effective;No;No;No;No;No;No;0.0;-7.0;0.2;-7.11;0.31;-7.19;0.38;-7.24;;;;;;;;
879;20.1;26.1;1.0;10;Successful;Effective;No;No;No;No;No;No;0.0;-7.0;0.2;-7.11;0.31;-7.19;0.38;-7.24;;;;;;;;
880;20.1;26.1;1.1;5;Successful;Effective;No;No;No;No;No;No;0.0;-7.0;0.2;-7.11;0.31;-7.19;0.38;-7.24;;;;;;;;
881;20.1;26.1;1.1;8;Successful;Effective;No;No;No;No;No;No;0.0;-7.0;0.2;-7.11;0.31;-7.19;0.38;-7.24;;;;;;;;
882;20.1;26.1;1.1;10;Successful;Effective;No;No;No;No;No;No;0.0;-7.0;0.2;-7.11;0.31;-7.19;0.38;-7.24;;;;;;;;
883;20.2;26.2;0.5;5;Successful;Effective;No;No;No;No;No;No;0.0;-7.0;0.2;-7.11;0.31;-7.19;0.38;-7.24;;;;;;;;
884;20.2;26.2;0.5;8;Successful;Effective;No;No;No;No;No;No;0.0;-7.0;0.2;-7.11;0.31;-7.19;0.38;-7.24;;;;;;;;
885;20.2;26.2;0.5;10;Successful;Effective;No;No;No;No;No;No;0.0;-7.0;0.2;-7.11;0.31;-7.19;0.38;-7.24;;;;;;;;
886;20.2;26.2;0.6;5;Successful;Effective;No;No;No;No;No;No;0.0;-7.0;0.2;-7.11;0.31;-7.19;0.38;-7.24;;;;;;;;
887;20.2;26.2;0.6;8;Successful;Effective;No;No;No;No;No;No;0.0;-7.0;0.2;-7.11;0.31;-7.19;0.38;-7.24;;;;;;;;
888;20.2;26.2;0.6;10;Successful;Effective;No;No;No;No;No;No;0.0;-7.0;0.2;-7.11;0.31;-7.19;0.38;-7.24;;;;;;;;
889;20.2;26.2;0.7;5;Successful;Effective;No;No;No;No;No;No;0.0;-7.0;0.2;-7.11;0.31;-7.19;0.38;-7.24;;;;;;;;
890;20.2;26.2;0.7;8;Successful;Effective;No;No;No;No;No;No;0.0;-7.0;0.2;-7.11;0.31;-7.19;0.38;-7.24;;;;;;;;
891;20.2;26.2;0.7;10;Successful;Effective;No;No;No;No;No;No;0.0;-7.0;0.2;-7.11;0.31;-7.19;0.38;-7.24;;;;;;;;
892;20.2;26.2;0.8;5;Successful;Effective;No;No;No;No;No;No;0.0;-7.0;0.2;-7.11;0.31;-7.19;0.38;-7.24;;;;;;;;
893;20.2;26.2;0.8;8;Successful;Effective;No;No;No;No;No;No;0.0;-7.0;0.2;-7.11;0.31;-7.19;0.38;-7.24;;;;;;;;
894;20.2;26.2;0.8;10;Successful;Effective;No;No;No;No;No;No;0.0;-7.0;0.2;-7.11;0.31;-7.19;0.38;-7.24;;;;;;;;
895;20.2;26.2;0.9;5;Successful;Effective;No;No;No;No;No;No;0.0;-7.0;0.2;-7.11;0.31;-7.19;0.38;-7.24;;;;;;;;
896;20.2;26.2;0.9;8;Successful;Effective;No;No;No;No;No;No;0.0;-7.0;0.2;-7.11;0.31;-7.19;0.38;-7.24;;;;;;;;
897;20.2;26.2;0.9;10;Successful;Effective;No;No;No;No;No;No;0.0;-7.0;0.2;-7.11;0.31;-7.19;0.38;-7.24;;;;;;;;
898;20.2;26.2;1.0;5;Successful;Effective;No;No;No;No;No;No;0.0;-7.0;0.2;-7.11;0.31;-7.19;0.38;-7.24;;;;;;;;
899;20.2;26.2;1.0;8;Successful;Effective;No;No;No;No;No;No;0.0;-7.0;0.2;-7.11;0.31;-7.19;0.38;-7.24;;;;;;;;
900;20.2;26.2;1.0;10;Successful;Effective;No;No;No;No;No;No;0.0;-7.0;0.2;-7.11;0.31;-7.19;0.38;-7.24;;;;;;;;
901;20.2;26.2;1.1;5;Successful;Effective;No;No;No;No;No;No;0.0;-7.0;0.2;-7.11;0.31;-7.19;0.38;-7.24;;;;;;;;
902;20.2;26.2;1.1;8;Successful;Effective;No;No;No;No;No;No;0.0;-7.0;0.2;-7.11;0.31;-7.19;0.38;-7.24;;;;;;;;
903;20.2;26.2;1.1;10;Successful;Effective;No;No;No;No;No;No;0.0;-7.0;0.2;-7.11;0.31;-7.19;0.38;-7.24;;;;;;;;
904;20.3;26.3;0.5;5;Successful;Effective;No;No;No;No;No;No;0.0;-7.0;0.2;-7.11;0.31;-7.19;0.38;-7.24;;;;;;;;
905;20.3;26.3;0.5;8;Successful;Effective;No;No;No;No;No;No;0.0;-7.0;0.2;-7.11;0.31;-7.19;0.38;-7.24;;;;;;;;
906;20.3;26.3;0.5;10;Successful;Effective;No;No;No;No;No;No;0.0;-7.0;0.2;-7.11;0.31;-7.19;0.38;-7.24;;;;;;;;
907;20.3;26.3;0.6;5;Successful;Effective;No;No;No;No;No;No;0.0;-7.0;0.2;-7.11;0.31;-7.19;0.38;-7.24;;;;;;;;
908;20.3;26.3;0.6;8;Successful;Effective;No;No;No;No;No;No;0.0;-7.0;0.2;-7.11;0.31;-7.19;0.38;-7.24;;;;;;;;
909;20.3;26.3;0.6;10;Successful;Effective;No;No;No;No;No;No;0.0;-7.0;0.2;-7.11;0.31;-7.19;0.38;-7.24;;;;;;;;
910;20.3;26.3;0.7;5;Successful;Effective;No;No;No;No;No;No;0.0;-7.0;0.2;-7.11;0.31;-7.19;0.38;-7.24;;;;;;;;
911;20.3;26.3;0.7;8;Successful;Effective;No;No;No;No;No;No;0.0;-7.0;0.2;-7.11;0.31;-7.19;0.38;-7.24;;;;;;;;
912;20.3;26.3;0.7;10;Successful;Effective;No;No;No;No;No;No;0.0;-7.0;0.2;-7.11;0.31;-7.19;0.38;-7.24;;;;;;;;
913;20.3;26.3;0.8;5;Successful;Effective;No;No;No;No;No;No;0.0;-7.0;0.2;-7.11;0.31;-7.19;0.38;-7.24;;;;;;;;
914;20.3;26.3;0.8;8;Successful;Effective;No;No;No;No;No;No;0.0;-7.0;0.2;-7.11;0.31;-7.19;0.38;-7.24;;;;;;;;
915;20.3;26.3;0.8;10;Successful;Effective;No;No;No;No;No;No;0.0;-7.0;0.2;-7.11;0.31;-7.19;0.38;-7.24;;;;;;;;
916;20.3;26.3;0.9;5;Successful;Effective;No;No;No;No;No;No;0.0;-7.0;0.2;-7.11;0.31;-7.19;0.38;-7.24;;;;;;;;
917;20.3;26.3;0.9;8;Successful;Effective;No;No;No;No;No;No;0.0;-7.0;0.2;-7.11;0.31;-7.19;0.38;-7.24;;;;;;;;
918;20.3;26.3;0.9;10;Successful;Effective;No;No;No;No;No;No;0.0;-7.0;0.2;-7.11;0.31;-7.19;0.38;-7.24;;;;;;;;
919;20.3;26.3;1.0;5;Successful;Effective;No;No;No;No;No;No;0.0;-7.0;0.2;-7.11;0.31;-7.19;0.38;-7.24;;;;;;;;
920;20.3;26.3;1.0;8;Successful;Effective;No;No;No;No;No;No;0.0;-7.0;0.2;-7.11;0.31;-7.19;0.38;-7.24;;;;;;;;
921;20.3;26.3;1.0;10;Successful;Effective;No;No;No;No;No;No;0.0;-7.0;0.2;-7.11;0.31;-7.19;0.38;-7.24;;;;;;;;
922;20.3;26.3;1.1;5;Successful;Effective;No;No;No;No;No;No;0.0;-7.0;0.2;-7.11;0.31;-7.19;0.38;-7.24;;;;;;;;
923;20.3;26.3;1.1;8;Successful;Effective;No;No;No;No;No;No;0.0;-7.0;0.2;-7.11;0.31;-7.19;0.38;-7.24;;;;;;;;
924;20.3;26.3;1.1;10;Successful;Effective;No;No;No;No;No;No;0.0;-7.0;0.2;-7.11;0.31;-7.19;0.38;-7.24;;;;;;;;
925;20.4;26.4;0.5;5;Successful;Effective;No;No;No;No;No;No;0.0;-7.0;0.2;-7.11;0.31;-7.19;0.38;-7.24;;;;;;;;
926;20.4;26.4;0.5;8;Successful;Effective;No;No;No;No;No;No;0.0;-7.0;0.2;-7.11;0.31;-7.19;0.38;-7.24;;;;;;;;
927;20.4;26.4;0.5;10;Successful;Effective;No;No;No;No;No;No;0.0;-7.0;0.2;-7.11;0.31;-7.19;0.38;-7.24;;;;;;;;
928;20.4;26.4;0.6;5;Successful;Effective;No;No;No;No;No;No;0.0;-7.0;0.2;-7.11;0.31;-7.19;0.38;-7.24;;;;;;;;
929;20.4;26.4;0.6;8;Successful;Effective;No;No;No;No;No;No;0.0;-7.0;0.2;-7.11;0.31;-7.19;0.38;-7.24;;;;;;;;
930;20.4;26.4;0.6;10;Successful;Effective;No;No;No;No;No;No;0.0;-7.0;0.2;-7.11;0.31;-7.19;0.38;-7.24;;;;;;;;
931;20.4;26.4;0.7;5;Successful;Effective;No;No;No;No;No;No;0.0;-7.0;0.2;-7.11;0.31;-7.19;0.38;-7.24;;;;;;;;
932;20.4;26.4;0.7;8;Successful;Effective;No;No;No;No;No;No;0.0;-7.0;0.2;-7.11;0.31;-7.19;0.38;-7.24;;;;;;;;
933;20.4;26.4;0.7;10;Successful;Effective;No;No;No;No;No;No;0.0;-7.0;0.2;-7.11;0.31;-7.19;0.38;-7.24;;;;;;;;
934;20.4;26.4;0.8;5;Successful;Effective;No;No;No;No;No;No;0.0;-7.0;0.2;-7.11;0.31;-7.19;0.38;-7.24;;;;;;;;
935;20.4;26.4;0.8;8;Successful;Effective;No;No;No;No;No;No;0.0;-7.0;0.2;-7.11;0.31;-7.19;0.38;-7.24;;;;;;;;
936;20.4;26.4;0.8;10;Successful;Effective;No;No;No;No;No;No;0.0;-7.0;0.2;-7.11;0.31;-7.19;0.38;-7.24;;;;;;;;
937;20.4;26.4;0.9;5;Successful;Effective;No;No;No;No;No;No;0.0;-7.0;0.2;-7.11;0.31;-7.19;0.38;-7.24;;;;;;;;
938;20.4;26.4;0.9;8;Successful;Effective;No;No;No;No;No;No;0.0;-7.0;0.2;-7.11;0.31;-7.19;0.38;-7.24;;;;;;;;
939;20.4;26.4;0.9;10;Successful;Effective;No;No;No;No;No;No;0.0;-7.0;0.2;-7.11;0.31;-7.19;0.38;-7.24;;;;;;;;
940;20.4;26.4;1.0;5;Successful;Effective;No;No;No;No;No;No;0.0;-7.0;0.2;-7.11;0.31;-7.19;0.38;-7.24;;;;;;;;
941;20.4;26.4;1.0;8;Successful;Effective;No;No;No;No;No;No;0.0;-7.0;0.2;-7.11;0.31;-7.19;0.38;-7.24;;;;;;;;
942;20.4;26.4;1.0;10;Successful;Effective;No;No;No;No;No;No;0.0;-7.0;0.2;-7.11;0.31;-7.19;0.38;-7.24;;;;;;;;
943;20.4;26.4;1.1;5;Successful;Effective;No;No;No;No;No;No;0.0;-7.0;0.2;-7.11;0.31;-7.19;0.38;-7.24;;;;;;;;
944;20.4;26.4;1.1;8;Successful;Effective;No;No;No;No;No;No;0.0;-7.0;0.2;-7.11;0.31;-7.19;0.38;-7.24;;;;;;;;
945;20.4;26.4;1.1;10;Successful;Effective;No;No;No;No;No;No;0.0;-7.0;0.2;-7.11;0.31;-7.19;0.38;-7.24;;;;;;;;
946;20.5;26.5;0.5;5;Successful;Effective;No;No;No;No;No;No;0.0;-7.0;0.2;-7.11;0.31;-7.19;0.38;-7.24;;;;;;;;
947;20.5;26.5;0.5;8;Successful;Effective;No;No;No;No;No;No;0.0;-7.0;0.2;-7.11;0.31;-7.19;0.38;-7.24;;;;;;;;
948;20.5;26.5;0.5;10;Successful;Effective;No;No;No;No;No;No;0.0;-7.0;0.2;-7.11;0.31;-7.19;0.38;-7.24;;;;;;;;
949;20.5;26.5;0.6;5;Successful;Effective;No;No;No;No;No;No;0.0;-7.0;0.2;-7.11;0.31;-7.19;0.38;-7.24;;;;;;;;
950;20.5;26.5;0.6;8;Successful;Effective;No;No;No;No;No;No;0.0;-7.0;0.2;-7.11;0.31;-7.19;0.38;-7.24;;;;;;;;
951;20.5;26.5;0.6;10;Successful;Effective;No;No;No;No;No;No;0.0;-7.0;0.2;-7.11;0.31;-7.19;0.38;-7.24;;;;;;;;
952;20.5;26.5;0.7;5;Successful;Effective;No;No;No;No;No;No;0.0;-7.0;0.2;-7.11;0.31;-7.19;0.38;-7.24;;;;;;;;
953;20.5;26.5;0.7;8;Successful;Effective;No;No;No;No;No;No;0.0;-7.0;0.2;-7.11;0.31;-7.19;0.38;-7.24;;;;;;;;
954;20.5;26.5;0.7;10;Successful;Effective;No;No;No;No;No;No;0.0;-7.0;0.2;-7.11;0.31;-7.19;0.38;-7.24;;;;;;;;
955;20.5;26.5;0.8;5;Successful;Effective;No;No;No;No;No;No;0.0;-7.0;0.2;-7.11;0.31;-7.19;0.38;-7.24;;;;;;;;
956;20.5;26.5;0.8;8;Successful;Effective;No;No;No;No;No;No;0.0;-7.0;0.2;-7.11;0.31;-7.19;0.38;-7.24;;;;;;;;
957;20.5;26.5;0.8;10;Successful;Effective;No;No;No;No;No;No;0.0;-7.0;0.2;-7.11;0.31;-7.19;0.38;-7.24;;;;;;;;
958;20.5;26.5;0.9;5;Successful;Effective;No;No;No;No;No;No;0.0;-7.0;0.2;-7.11;0.31;-7.19;0.38;-7.24;;;;;;;;
959;20.5;26.5;0.9;8;Successful;Effective;No;No;No;No;No;No;0.0;-7.0;0.2;-7.11;0.31;-7.19;0.38;-7.24;;;;;;;;
960;20.5;26.5;0.9;10;Successful;Effective;No;No;No;No;No;No;0.0;-7.0;0.2;-7.11;0.31;-7.19;0.38;-7.24;;;;;;;;
961;20.5;26.5;1.0;5;Successful;Effective;No;No;No;No;No;No;0.0;-7.0;0.2;-7.11;0.31;-7.19;0.38;-7.24;;;;;;;;
962;20.5;26.5;1.0;8;Successful;Effective;No;No;No;No;No;No;0.0;-7.0;0.2;-7.11;0.31;-7.19;0.38;-7.24;;;;;;;;
963;20.5;26.5;1.0;10;Successful;Effective;No;No;No;No;No;No;0.0;-7.0;0.2;-7.11;0.31;-7.19;0.38;-7.24;;;;;;;;
964;20.5;26.5;1.1;5;Successful;Effective;No;No;No;No;No;No;0.0;-7.0;0.2;-7.11;0.31;-7.19;0.38;-7.24;;;;;;;;
965;20.5;26.5;1.1;8;Successful;Effective;No;No;No;No;No;No;0.0;-7.0;0.2;-7.11;0.31;-7.19;0.38;-7.24;;;;;;;;
966;20.5;26.5;1.1;10;Successful;Effective;No;No;No;No;No;No;0.0;-7.0;0.2;-7.11;0.31;-7.19;0.38;-7.24;;;;;;;;
967;20.6;26.6;0.5;5;Successful;Effective;No;No;No;No;No;No;0.0;-7.0;0.2;-7.11;0.31;-7.19;0.38;-7.24;;;;;;;;
968;20.6;26.6;0.5;8;Successful;Effective;No;No;No;No;No;No;0.0;-7.0;0.2;-7.11;0.31;-7.19;0.38;-7.24;;;;;;;;
969;20.6;26.6;0.5;10;Successful;Effective;No;No;No;No;No;No;0.0;-7.0;0.2;-7.11;0.31;-7.19;0.38;-7.24;;;;;;;;
970;20.6;26.6;0.6;5;Successful;Effective;No;No;No;No;No;No;0.0;-7.0;0.2;-7.11;0.31;-7.19;0.38;-7.24;;;;;;;;
971;20.6;26.6;0.6;8;Successful;Effective;No;No;No;No;No;No;0.0;-7.0;0.2;-7.11;0.31;-7.19;0.38;-7.24;;;;;;;;
972;20.6;26.6;0.6;10;Successful;Effective;No;No;No;No;No;No;0.0;-7.0;0.2;-7.11;0.31;-7.19;0.38;-7.24;;;;;;;;
973;20.6;26.6;0.7;5;Successful;Effective;No;No;No;No;No;No;0.0;-7.0;0.2;-7.11;0.31;-7.19;0.38;-7.24;;;;;;;;
974;20.6;26.6;0.7;8;Successful;Effective;No;No;No;No;No;No;0.0;-7.0;0.2;-7.11;0.31;-7.19;0.38;-7.24;;;;;;;;
975;20.6;26.6;0.7;10;Successful;Effective;No;No;No;No;No;No;0.0;-7.0;0.2;-7.11;0.31;-7.19;0.38;-7.24;;;;;;;;
976;20.6;26.6;0.8;5;Successful;Effective;No;No;No;No;No;No;0.0;-7.0;0.2;-7.11;0.31;-7.19;0.38;-7.24;;;;;;;;
977;20.6;26.6;0.8;8;Successful;Effective;No;No;No;No;No;No;0.0;-7.0;0.2;-7.11;0.31;-7.19;0.38;-7.24;;;;;;;;
978;20.6;26.6;0.8;10;Successful;Effective;No;No;No;No;No;No;0.0;-7.0;0.2;-7.11;0.31;-7.19;0.38;-7.24;;;;;;;;
979;20.6;26.6;0.9;5;Successful;Effective;No;No;No;No;No;No;0.0;-7.0;0.2;-7.11;0.31;-7.19;0.38;-7.24;;;;;;;;
980;20.6;26.6;0.9;8;Successful;Effective;No;No;No;No;No;No;0.0;-7.0;0.2;-7.11;0.31;-7.19;0.38;-7.24;;;;;;;;
981;20.6;26.6;0.9;10;Successful;Effective;No;No;No;No;No;No;0.0;-7.0;0.2;-7.11;0.31;-7.19;0.38;-7.24;;;;;;;;
982;20.6;26.6;1.0;5;Successful;Effective;No;No;No;No;No;No;0.0;-7.0;0.2;-7.11;0.31;-7.19;0.38;-7.24;;;;;;;;
983;20.6;26.6;1.0;8;Successful;Effective;No;No;No;No;No;No;0.0;-7.0;0.2;-7.11;0.31;-7.19;0.38;-7.24;;;;;;;;
984;20.6;26.6;1.0;10;Successful;Effective;No;No;No;No;No;No;0.0;-7.0;0.2;-7.11;0.31;-7.19;0.38;-7.24;;;;;;;;
985;20.6;26.6;1.1;5;Successful;Effective;No;No;No;No;No;No;0.0;-7.0;0.2;-7.11;0.31;-7.19;0.38;-7.24;;;;;;;;
986;20.6;26.6;1.1;8;Successful;Effective;No;No;No;No;No;No;0.0;-7.0;0.2;-7.11;0.31;-7.19;0.38;-7.24;;;;;;;;
987;20.6;26.6;1.1;10;Successful;Effective;No;No;No;No;No;No;0.0;-7.0;0.2;-7.11;0.31;-7.19;0.38;-7.24;;;;;;;;
988;20.7;26.7;0.5;5;Successful;Effective;No;No;No;No;No;No;0.0;-7.0;0.2;-7.11;0.31;-7.19;0.38;-7.24;;;;;;;;
989;20.7;26.7;0.5;8;Successful;Effective;No;No;No;No;No;No;0.0;-7.0;0.2;-7.11;0.31;-7.19;0.38;-7.24;;;;;;;;
990;20.7;26.7;0.5;10;Successful;Effective;No;No;No;No;No;No;0.0;-7.0;0.2;-7.11;0.31;-7.19;0.38;-7.24;;;;;;;;
991;20.7;26.7;0.6;5;Successful;Effective;No;No;No;No;No;No;0.0;-7.0;0.2;-7.11;0.31;-7.19;0.38;-7.24;;;;;;;;
992;20.7;26.7;0.6;8;Successful;Effective;No;No;No;No;No;No;0.0;-7.0;0.2;-7.11;0.31;-7.19;0.38;-7.24;;;;;;;;
993;20.7;26.7;0.6;10;Successful;Effective;No;No;No;No;No;No;0.0;-7.0;0.2;-7.11;0.31;-7.19;0.38;-7.24;;;;;;;;
994;20.7;26.7;0.7;5;Successful;Effective;No;No;No;No;No;No;0.0;-7.0;0.2;-7.11;0.31;-7.19;0.38;-7.24;;;;;;;;
995;20.7;26.7;0.7;8;Successful;Effective;No;No;No;No;No;No;0.0;-7.0;0.2;-7.11;0.31;-7.19;0.38;-7.24;;;;;;;;
996;20.7;26.7;0.7;10;Successful;Effective;No;No;No;No;No;No;0.0;-7.0;0.2;-7.11;0.31;-7.19;0.38;-7.24;;;;;;;;
997;20.7;26.7;0.8;5;Successful;Effective;No;No;No;No;No;No;0.0;-7.0;0.2;-7.11;0.31;-7.19;0.38;-7.24;;;;;;;;
998;20.7;26.7;0.8;8;Successful;Effective;No;No;No;No;No;No;0.0;-7.0;0.2;-7.11;0.31;-7.19;0.38;-7.24;;;;;;;;
999;20.7;26.7;0.8;10;Successful;Effective;No;No;No;No;No;No;0.0;-7.0;0.2;-7.11;0.31;-7.19;0.38;-7.24;;;;;;;;
1000;20.7;26.7;0.9;5;Successful;Effective;No;No;No;No;No;No;0.0;-7.0;0.2;-7.11;0.31;-7.19;0.38;-7.24;;;;;;;;
1001;20.7;26.7;0.9;8;Successful;Effective;No;No;No;No;No;No;0.0;-7.0;0.2;-7.11;0.31;-7.19;0.38;-7.24;;;;;;;;
1002;20.7;26.7;0.9;10;Successful;Effective;No;No;No;No;No;No;0.0;-7.0;0.2;-7.11;0.31;-7.19;0.38;-7.24;;;;;;;;
1003;20.7;26.7;1.0;5;Successful;Effective;No;No;No;No;No;No;0.0;-7.0;0.2;-7.11;0.31;-7.19;0.38;-7.24;;;;;;;;
1004;20.7;26.7;1.0;8;Successful;Effective;No;No;No;No;No;No;0.0;-7.0;0.2;-7.11;0.31;-7.19;0.38;-7.24;;;;;;;;
1005;20.7;26.7;1.0;10;Successful;Effective;No;No;No;No;No;No;0.0;-7.0;0.2;-7.11;0.31;-7.19;0.38;-7.24;;;;;;;;
1006;20.7;26.7;1.1;5;Successful;Effective;No;No;No;No;No;No;0.0;-7.0;0.2;-7.11;0.31;-7.19;0.38;-7.24;;;;;;;;
1007;20.7;26.7;1.1;8;Successful;Effective;No;No;No;No;No;No;0.0;-7.0;0.2;-7.11;0.31;-7.19;0.38;-7.24;;;;;;;;
1008;20.7;26.7;1.1;10;Successful;Effective;No;No;No;No;No;No;0.0;-7.0;0.2;-7.11;0.31;-7.19;0.38;-7.24;;;;;;;;
1009;20.8;26.8;0.5;5;Successful;Effective;No;No;No;No;No;No;0.0;-7.0;0.2;-7.11;0.31;-7.19;0.38;-7.24;;;;;;;;
1010;20.8;26.8;0.5;8;Successful;Effective;No;No;No;No;No;No;0.0;-7.0;0.2;-7.11;0.31;-7.19;0.38;-7.24;;;;;;;;
1011;20.8;26.8;0.5;10;Successful;Effective;No;No;No;No;No;No;0.0;-7.0;0.2;-7.11;0.31;-7.19;0.38;-7.24;;;;;;;;
1012;20.8;26.8;0.6;5;Successful;Effective;No;No;No;No;No;No;0.0;-7.0;0.2;-7.11;0.31;-7.19;0.38;-7.24;;;;;;;;
1013;20.8;26.8;0.6;8;Successful;Effective;No;No;No;No;No;No;0.0;-7.0;0.2;-7.11;0.31;-7.19;0.38;-7.24;;;;;;;;
1014;20.8;26.8;0.6;10;Successful;Effective;No;No;No;No;No;No;0.0;-7.0;0.2;-7.11;0.31;-7.19;0.38;-7.24;;;;;;;;
1015;20.8;26.8;0.7;5;Successful;Effective;No;No;No;No;No;No;0.0;-7.0;0.2;-7.11;0.31;-7.19;0.38;-7.24;;;;;;;;
1016;20.8;26.8;0.7;8;Successful;Effective;No;No;No;No;No;No;0.0;-7.0;0.2;-7.11;0.31;-7.19;0.38;-7.24;;;;;;;;
1017;20.8;26.8;0.7;10;Successful;Effective;No;No;No;No;No;No;0.0;-7.0;0.2;-7.11;0.31;-7.19;0.38;-7.24;;;;;;;;
1018;20.8;26.8;0.8;5;Successful;Effective;No;No;No;No;No;No;0.0;-7.0;0.2;-7.11;0.31;-7.19;0.38;-7.24;;;;;;;;
1019;20.8;26.8;0.8;8;Successful;Effective;No;No;No;No;No;No;0.0;-7.0;0.2;-7.11;0.31;-7.19;0.38;-7.24;;;;;;;;
1020;20.8;26.8;0.8;10;Successful;Effective;No;No;No;No;No;No;0.0;-7.0;0.2;-7.11;0.31;-7.19;0.38;-7.24;;;;;;;;
1021;20.8;26.8;0.9;5;Successful;Effective;No;No;No;No;No;No;0.0;-7.0;0.2;-7.11;0.31;-7.19;0.38;-7.24;;;;;;;;
1022;20.8;26.8;0.9;8;Successful;Effective;No;No;No;No;No;No;0.0;-7.0;0.2;-7.11;0.31;-7.19;0.38;-7.24;;;;;;;;
1023;20.8;26.8;0.9;10;Successful;Effective;No;No;No;No;No;No;0.0;-7.0;0.2;-7.11;0.31;-7.19;0.38;-7.24;;;;;;;;
1024;20.8;26.8;1.0;5;Successful;Effective;No;No;No;No;No;No;0.0;-7.0;0.2;-7.11;0.31;-7.19;0.38;-7.24;;;;;;;;
1025;20.8;26.8;1.0;8;Successful;Effective;No;No;No;No;No;No;0.0;-7.0;0.2;-7.11;0.31;-7.19;0.38;-7.24;;;;;;;;
1026;20.8;26.8;1.0;10;Successful;Effective;No;No;No;No;No;No;0.0;-7.0;0.2;-7.11;0.31;-7.19;0.38;-7.24;;;;;;;;
1027;20.8;26.8;1.1;5;Successful;Effective;No;No;No;No;No;No;0.0;-7.0;0.2;-7.11;0.31;-7.19;0.38;-7.24;;;;;;;;
1028;20.8;26.8;1.1;8;Successful;Effective;No;No;No;No;No;No;0.0;-7.0;0.2;-7.11;0.31;-7.19;0.38;-7.24;;;;;;;;
1029;20.8;26.8;1.1;10;Successful;Effective;No;No;No;No;No;No;0.0;-7.0;0.2;-7.11;0.31;-7.19;0.38;-7.24;;;;;;;;
1030;20.9;26.9;0.5;5;Successful;Effective;No;No;No;No;No;No;0.0;-7.0;0.2;-7.11;0.31;-7.19;0.38;-7.24;;;;;;;;
1031;20.9;26.9;0.5;8;Successful;Effective;No;No;No;No;No;No;0.0;-7.0;0.2;-7.11;0.31;-7.19;0.38;-7.24;;;;;;;;
1032;20.9;26.9;0.5;10;Successful;Effective;No;No;No;No;No;No;0.0;-7.0;0.2;-7.11;0.31;-7.19;0.38;-7.24;;;;;;;;
1033;20.9;26.9;0.6;5;Successful;Effective;No;No;No;No;No;No;0.0;-7.0;0.2;-7.11;0.31;-7.19;0.38;-7.24;;;;;;;;
1034;20.9;26.9;0.6;8;Successful;Effective;No;No;No;No;No;No;0.0;-7.0;0.2;-7.11;0.31;-7.19;0.38;-7.24;;;;;;;;
1035;20.9;26.9;0.6;10;Successful;Effective;No;No;No;No;No;No;0.0;-7.0;0.2;-7.11;0.31;-7.19;0.38;-7.24;;;;;;;;
1036;20.9;26.9;0.7;5;Successful;Effective;No;No;No;No;No;No;0.0;-7.0;0.2;-7.11;0.31;-7.19;0.38;-7.24;;;;;;;;
1037;20.9;26.9;0.7;8;Successful;Effective;No;No;No;No;No;No;0.0;-7.0;0.2;-7.11;0.31;-7.19;0.38;-7.24;;;;;;;;
1038;20.9;26.9;0.7;10;Successful;Effective;No;No;No;No;No;No;0.0;-7.0;0.2;-7.11;0.31;-7.19;0.38;-7.24;;;;;;;;
1039;20.9;26.9;0.8;5;Successful;Effective;No;No;No;No;No;No;0.0;-7.0;0.2;-7.11;0.31;-7.19;0.38;-7.24;;;;;;;;
1040;20.9;26.9;0.8;8;Successful;Effective;No;No;No;No;No;No;0.0;-7.0;0.2;-7.11;0.31;-7.19;0.38;-7.24;;;;;;;;
1041;20.9;26.9;0.8;10;Successful;Effective;No;No;No;No;No;No;0.0;-7.0;0.2;-7.11;0.31;-7.19;0.38;-7.24;;;;;;;;
1042;20.9;26.9;0.9;5;Successful;Effective;No;No;No;No;No;No;0.0;-7.0;0.2;-7.11;0.31;-7.19;0.38;-7.24;;;;;;;;
1043;20.9;26.9;0.9;8;Successful;Effective;No;No;No;No;No;No;0.0;-7.0;0.2;-7.11;0.31;-7.19;0.38;-7.24;;;;;;;;
1044;20.9;26.9;0.9;10;Successful;Effective;No;No;No;No;No;No;0.0;-7.0;0.2;-7.11;0.31;-7.19;0.38;-7.24;;;;;;;;
1045;20.9;26.9;1.0;5;Successful;Effective;No;No;No;No;No;No;0.0;-7.0;0.2;-7.11;0.31;-7.19;0.38;-7.24;;;;;;;;
1046;20.9;26.9;1.0;8;Successful;Effective;No;No;No;No;No;No;0.0;-7.0;0.2;-7.11;0.31;-7.19;0.38;-7.24;;;;;;;;
1047;20.9;26.9;1.0;10;Successful;Effective;No;No;No;No;No;No;0.0;-7.0;0.2;-7.11;0.31;-7.19;0.38;-7.24;;;;;;;;
1048;20.9;26.9;1.1;5;Successful;Effective;No;No;No;No;No;No;0.0;-7.0;0.2;-7.11;0.31;-7.19;0.38;-7.24;;;;;;;;
1049;20.9;26.9;1.1;8;Successful;Effective;No;No;No;No;No;No;0.0;-7.0;0.2;-7.11;0.31;-7.19;0.38;-7.24;;;;;;;;
1050;20.9;26.9;1.1;10;Successful;Effective;No;No;No;No;No;No;0.0;-7.0;0.2;-7.11;0.31;-7.19;0.38;-7.24;;;;;;;;
1051;21.0;27.0;0.5;5;Successful;Effective;No;No;No;No;No;No;0.0;-7.0;0.2;-7.11;0.31;-7.19;0.38;-7.24;;;;;;;;
1052;21.0;27.0;0.5;8;Successful;Effective;No;No;No;No;No;No;0.0;-7.0;0.2;-7.11;0.31;-7.19;0.38;-7.24;;;;;;;;
1053;21.0;27.0;0.5;10;Successful;Effective;No;No;No;No;No;No;0.0;-7.0;0.2;-7.11;0.31;-7.19;0.38;-7.24;;;;;;;;
1054;21.0;27.0;0.6;5;Successful;Effective;No;No;No;No;No;No;0.0;-7.0;0.2;-7.11;0.31;-7.19;0.38;-7.24;;;;;;;;
1055;21.0;27.0;0.6;8;Successful;Effective;No;No;No;No;No;No;0.0;-7.0;0.2;-7.11;0.31;-7.19;0.38;-7.24;;;;;;;;
1056;21.0;27.0;0.6;10;Successful;Effective;No;No;No;No;No;No;0.0;-7.0;0.2;-7.11;0.31;-7.19;0.38;-7.24;;;;;;;;
1057;21.0;27.0;0.7;5;Successful;Effective;No;No;No;No;No;No;0.0;-7.0;0.2;-7.11;0.31;-7.19;0.38;-7.24;;;;;;;;
1058;21.0;27.0;0.7;8;Successful;Effective;No;No;No;No;No;No;0.0;-7.0;0.2;-7.11;0.31;-7.19;0.38;-7.24;;;;;;;;
1059;21.0;27.0;0.7;10;Successful;Effective;No;No;No;No;No;No;0.0;-7.0;0.2;-7.11;0.31;-7.19;0.38;-7.24;;;;;;;;
1060;21.0;27.0;0.8;5;Successful;Effective;No;No;No;No;No;No;0.0;-7.0;0.2;-7.11;0.31;-7.19;0.38;-7.24;;;;;;;;
1061;21.0;27.0;0.8;8;Successful;Effective;No;No;No;No;No;No;0.0;-7.0;0.2;-7.11;0.31;-7.19;0.38;-7.24;;;;;;;;
1062;21.0;27.0;0.8;10;Successful;Effective;No;No;No;No;No;No;0.0;-7.0;0.2;-7.11;0.31;-7.19;0.38;-7.24;;;;;;;;
1063;21.0;27.0;0.9;5;Successful;Effective;No;No;No;No;No;No;0.0;-7.0;0.2;-7.11;0.31;-7.19;0.38;-7.24;;;;;;;;
1064;21.0;27.0;0.9;8;Successful;Effective;No;No;No;No;No;No;0.0;-7.0;0.2;-7.11;0.31;-7.19;0.38;-7.24;;;;;;;;
1065;21.0;27.0;0.9;10;Successful;Effective;No;No;No;No;No;No;0.0;-7.0;0.2;-7.11;0.31;-7.19;0.38;-7.24;;;;;;;;
1066;21.0;27.0;1.0;5;Successful;Effective;No;No;No;No;No;No;0.0;-7.0;0.2;-7.11;0.31;-7.19;0.38;-7.24;;;;;;;;
1067;21.0;27.0;1.0;8;Successful;Effective;No;No;No;No;No;No;0.0;-7.0;0.2;-7.11;0.31;-7.19;0.38;-7.24;;;;;;;;
1068;21.0;27.0;1.0;10;Successful;Effective;No;No;No;No;No;No;0.0;-7.0;0.2;-7.11;0.31;-7.19;0.38;-7.24;;;;;;;;
1069;21.0;27.0;1.1;5;Successful;Effective;No;No;No;No;No;No;0.0;-7.0;0.2;-7.11;0.31;-7.19;0.38;-7.24;;;;;;;;
1070;21.0;27.0;1.1;8;Successful;Effective;No;No;No;No;No;No;0.0;-7.0;0.2;-7.11;0.31;-7.19;0.38;-7.24;;;;;;;;
1071;21.0;27.0;1.1;10;Successful;Effective;No;No;No;No;No;No;0.0;-7.0;0.2;-7.11;0.31;-7.19;0.38;-7.24;;;;;;;;
1072;21.1;27.1;0.5;5;Successful;Effective;No;No;No;No;No;No;0.0;-7.0;0.2;-7.11;0.31;-7.19;0.38;-7.24;;;;;;;;
1073;21.1;27.1;0.5;8;Successful;Effective;No;No;No;No;No;No;0.0;-7.0;0.2;-7.11;0.31;-7.19;0.38;-7.24;;;;;;;;
1074;21.1;27.1;0.5;10;Successful;Effective;No;No;No;No;No;No;0.0;-7.0;0.2;-7.11;0.31;-7.19;0.38;-7.24;;;;;;;;
1075;21.1;27.1;0.6;5;Successful;Effective;No;No;No;No;No;No;0.0;-7.0;0.2;-7.11;0.31;-7.19;0.38;-7.24;;;;;;;;
1076;21.1;27.1;0.6;8;Successful;Effective;No;No;No;No;No;No;0.0;-7.0;0.2;-7.11;0.31;-7.19;0.38;-7.24;;;;;;;;
1077;21.1;27.1;0.6;10;Successful;Effective;No;No;No;No;No;No;0.0;-7.0;0.2;-7.11;0.31;-7.19;0.38;-7.24;;;;;;;;
1078;21.1;27.1;0.7;5;Successful;Effective;No;No;No;No;No;No;0.0;-7.0;0.2;-7.11;0.31;-7.19;0.38;-7.24;;;;;;;;
1079;21.1;27.1;0.7;8;Successful;Effective;No;No;No;No;No;No;0.0;-7.0;0.2;-7.11;0.31;-7.19;0.38;-7.24;;;;;;;;
1080;21.1;27.1;0.7;10;Successful;Effective;No;No;No;No;No;No;0.0;-7.0;0.2;-7.11;0.31;-7.19;0.38;-7.24;;;;;;;;
1081;21.1;27.1;0.8;5;Successful;Effective;No;No;No;No;No;No;0.0;-7.0;0.2;-7.11;0.31;-7.19;0.38;-7.24;;;;;;;;
1082;21.1;27.1;0.8;8;Successful;Effective;No;No;No;No;No;No;0.0;-7.0;0.2;-7.11;0.31;-7.19;0.38;-7.24;;;;;;;;
1083;21.1;27.1;0.8;10;Successful;Effective;No;No;No;No;No;No;0.0;-7.0;0.2;-7.11;0.31;-7.19;0.38;-7.24;;;;;;;;
1084;21.1;27.1;0.9;5;Successful;Effective;No;No;No;No;No;No;0.0;-7.0;0.2;-7.11;0.31;-7.19;0.38;-7.24;;;;;;;;
1085;21.1;27.1;0.9;8;Successful;Effective;No;No;No;No;No;No;0.0;-7.0;0.2;-7.11;0.31;-7.19;0.38;-7.24;;;;;;;;
1086;21.1;27.1;0.9;10;Successful;Effective;No;No;No;No;No;No;0.0;-7.0;0.2;-7.11;0.31;-7.19;0.38;-7.24;;;;;;;;
1087;21.1;27.1;1.0;5;Successful;Effective;No;No;No;No;No;No;0.0;-7.0;0.2;-7.11;0.31;-7.19;0.38;-7.24;;;;;;;;
1088;21.1;27.1;1.0;8;Successful;Effective;No;No;No;No;No;No;0.0;-7.0;0.2;-7.11;0.31;-7.19;0.38;-7.24;;;;;;;;
1089;21.1;27.1;1.0;10;Successful;Effective;No;No;No;No;No;No;0.0;-7.0;0.2;-7.11;0.31;-7.19;0.38;-7.24;;;;;;;;
1090;21.1;27.1;1.1;5;Successful;Effective;No;No;No;No;No;No;0.0;-7.0;0.2;-7.11;0.31;-7.19;0.38;-7.24;;;;;;;;
1091;21.1;27.1;1.1;8;Successful;Effective;No;No;No;No;No;No;0.0;-7.0;0.2;-7.11;0.31;-7.19;0.38;-7.24;;;;;;;;
1092;21.1;27.1;1.1;10;Successful;Effective;No;No;No;No;No;No;0.0;-7.0;0.2;-7.11;0.31;-7.19;0.38;-7.24;;;;;;;;
1093;21.2;27.2;0.5;5;Successful;Effective;No;No;No;No;No;No;0.0;-7.0;0.2;-7.11;0.31;-7.19;0.38;-7.24;;;;;;;;
1094;21.2;27.2;0.5;8;Successful;Effective;No;No;No;No;No;No;0.0;-7.0;0.2;-7.11;0.31;-7.19;0.38;-7.24;;;;;;;;
1095;21.2;27.2;0.5;10;Successful;Effective;No;No;No;No;No;No;0.0;-7.0;0.2;-7.11;0.31;-7.19;0.38;-7.24;;;;;;;;
1096;21.2;27.2;0.6;5;Successful;Effective;No;No;No;No;No;No;0.0;-7.0;0.2;-7.11;0.31;-7.19;0.38;-7.24;;;;;;;;
1097;21.2;27.2;0.6;8;Successful;Effective;No;No;No;No;No;No;0.0;-7.0;0.2;-7.11;0.31;-7.19;0.38;-7.24;;;;;;;;
1098;21.2;27.2;0.6;10;Successful;Effective;No;No;No;No;No;No;0.0;-7.0;0.2;-7.11;0.31;-7.19;0.38;-7.24;;;;;;;;
1099;21.2;27.2;0.7;5;Successful;Effective;No;No;No;No;No;No;0.0;-7.0;0.2;-7.11;0.31;-7.19;0.38;-7.24;;;;;;;;
1100;21.2;27.2;0.7;8;Successful;Effective;No;No;No;No;No;No;0.0;-7.0;0.2;-7.11;0.31;-7.19;0.38;-7.24;;;;;;;;
1101;21.2;27.2;0.7;10;Successful;Effective;No;No;No;No;No;No;0.0;-7.0;0.2;-7.11;0.31;-7.19;0.38;-7.24;;;;;;;;
1102;21.2;27.2;0.8;5;Successful;Effective;No;No;No;No;No;No;0.0;-7.0;0.2;-7.11;0.31;-7.19;0.38;-7.24;;;;;;;;
1103;21.2;27.2;0.8;8;Successful;Effective;No;No;No;No;No;No;0.0;-7.0;0.2;-7.11;0.31;-7.19;0.38;-7.24;;;;;;;;
1104;21.2;27.2;0.8;10;Successful;Effective;No;No;No;No;No;No;0.0;-7.0;0.2;-7.11;0.31;-7.19;0.38;-7.24;;;;;;;;
1105;21.2;27.2;0.9;5;Successful;Effective;No;No;No;No;No;No;0.0;-7.0;0.2;-7.11;0.31;-7.19;0.38;-7.24;;;;;;;;
1106;21.2;27.2;0.9;8;Successful;Effective;No;No;No;No;No;No;0.0;-7.0;0.2;-7.11;0.31;-7.19;0.38;-7.24;;;;;;;;
1107;21.2;27.2;0.9;10;Successful;Effective;No;No;No;No;No;No;0.0;-7.0;0.2;-7.11;0.31;-7.19;0.38;-7.24;;;;;;;;
1108;21.2;27.2;1.0;5;Successful;Effective;No;No;No;No;No;No;0.0;-7.0;0.2;-7.11;0.31;-7.19;0.38;-7.24;;;;;;;;
1109;21.2;27.2;1.0;8;Successful;Effective;No;No;No;No;No;No;0.0;-7.0;0.2;-7.11;0.31;-7.19;0.38;-7.24;;;;;;;;
1110;21.2;27.2;1.0;10;Successful;Effective;No;No;No;No;No;No;0.0;-7.0;0.2;-7.11;0.31;-7.19;0.38;-7.24;;;;;;;;
1111;21.2;27.2;1.1;5;Successful;Effective;No;No;No;No;No;No;0.0;-7.0;0.2;-7.11;0.31;-7.19;0.38;-7.24;;;;;;;;
1112;21.2;27.2;1.1;8;Successful;Effective;No;No;No;No;No;No;0.0;-7.0;0.2;-7.11;0.31;-7.19;0.38;-7.24;;;;;;;;
1113;21.2;27.2;1.1;10;Successful;Effective;No;No;No;No;No;No;0.0;-7.0;0.2;-7.11;0.31;-7.19;0.38;-7.24;;;;;;;;
1114;21.3;27.3;0.5;5;Successful;Effective;No;No;No;No;No;No;0.0;-7.0;0.2;-7.11;0.31;-7.19;0.38;-7.24;;;;;;;;
1115;21.3;27.3;0.5;8;Successful;Effective;No;No;No;No;No;No;0.0;-7.0;0.2;-7.11;0.31;-7.19;0.38;-7.24;;;;;;;;
1116;21.3;27.3;0.5;10;Successful;Effective;No;No;No;No;No;No;0.0;-7.0;0.2;-7.11;0.31;-7.19;0.38;-7.24;;;;;;;;
1117;21.3;27.3;0.6;5;Successful;Effective;No;No;No;No;No;No;0.0;-7.0;0.2;-7.11;0.31;-7.19;0.38;-7.24;;;;;;;;
1118;21.3;27.3;0.6;8;Successful;Effective;No;No;No;No;No;No;0.0;-7.0;0.2;-7.11;0.31;-7.19;0.38;-7.24;;;;;;;;
1119;21.3;27.3;0.6;10;Successful;Effective;No;No;No;No;No;No;0.0;-7.0;0.2;-7.11;0.31;-7.19;0.38;-7.24;;;;;;;;
1120;21.3;27.3;0.7;5;Successful;Effective;No;No;No;No;No;No;0.0;-7.0;0.2;-7.11;0.31;-7.19;0.38;-7.24;;;;;;;;
1121;21.3;27.3;0.7;8;Successful;Effective;No;No;No;No;No;No;0.0;-7.0;0.2;-7.11;0.31;-7.19;0.38;-7.24;;;;;;;;
1122;21.3;27.3;0.7;10;Successful;Effective;No;No;No;No;No;No;0.0;-7.0;0.2;-7.11;0.31;-7.19;0.38;-7.24;;;;;;;;
1123;21.3;27.3;0.8;5;Successful;Effective;No;No;No;No;No;No;0.0;-7.0;0.2;-7.11;0.31;-7.19;0.38;-7.24;;;;;;;;
1124;21.3;27.3;0.8;8;Successful;Effective;No;No;No;No;No;No;0.0;-7.0;0.2;-7.11;0.31;-7.19;0.38;-7.24;;;;;;;;
1125;21.3;27.3;0.8;10;Successful;Effective;No;No;No;No;No;No;0.0;-7.0;0.2;-7.11;0.31;-7.19;0.38;-7.24;;;;;;;;
1126;21.3;27.3;0.9;5;Successful;Effective;No;No;No;No;No;No;0.0;-7.0;0.2;-7.11;0.31;-7.19;0.38;-7.24;;;;;;;;
1127;21.3;27.3;0.9;8;Successful;Effective;No;No;No;No;No;No;0.0;-7.0;0.2;-7.11;0.31;-7.19;0.38;-7.24;;;;;;;;
1128;21.3;27.3;0.9;10;Successful;Effective;No;No;No;No;No;No;0.0;-7.0;0.2;-7.11;0.31;-7.19;0.38;-7.24;;;;;;;;
1129;21.3;27.3;1.0;5;Successful;Effective;No;No;No;No;No;No;0.0;-7.0;0.2;-7.11;0.31;-7.19;0.38;-7.24;;;;;;;;
1130;21.3;27.3;1.0;8;Successful;Effective;No;No;No;No;No;No;0.0;-7.0;0.2;-7.11;0.31;-7.19;0.38;-7.24;;;;;;;;
1131;21.3;27.3;1.0;10;Successful;Effective;No;No;No;No;No;No;0.0;-7.0;0.2;-7.11;0.31;-7.19;0.38;-7.24;;;;;;;;
1132;21.3;27.3;1.1;5;Successful;Effective;No;No;No;No;No;No;0.0;-7.0;0.2;-7.11;0.31;-7.19;0.38;-7.24;;;;;;;;
1133;21.3;27.3;1.1;8;Successful;Effective;No;No;No;No;No;No;0.0;-7.0;0.2;-7.11;0.31;-7.19;0.38;-7.24;;;;;;;;
1134;21.3;27.3;1.1;10;Successful;Effective;No;No;No;No;No;No;0.0;-7.0;0.2;-7.11;0.31;-7.19;0.38;-7.24;;;;;;;;
1135;21.4;27.4;0.5;5;Successful;Effective;No;No;No;No;No;No;0.0;-7.0;0.2;-7.11;0.31;-7.19;0.38;-7.24;;;;;;;;
1136;21.4;27.4;0.5;8;Successful;Effective;No;No;No;No;No;No;0.0;-7.0;0.2;-7.11;0.31;-7.19;0.38;-7.24;;;;;;;;
1137;21.4;27.4;0.5;10;Successful;Effective;No;No;No;No;No;No;0.0;-7.0;0.2;-7.11;0.31;-7.19;0.38;-7.24;;;;;;;;
1138;21.4;27.4;0.6;5;Successful;Effective;No;No;No;No;No;No;0.0;-7.0;0.2;-7.11;0.31;-7.19;0.38;-7.24;;;;;;;;
1139;21.4;27.4;0.6;8;Successful;Effective;No;No;No;No;No;No;0.0;-7.0;0.2;-7.11;0.31;-7.19;0.38;-7.24;;;;;;;;
1140;21.4;27.4;0.6;10;Successful;Effective;No;No;No;No;No;No;0.0;-7.0;0.2;-7.11;0.31;-7.19;0.38;-7.24;;;;;;;;
1141;21.4;27.4;0.7;5;Successful;Effective;No;No;No;No;No;No;0.0;-7.0;0.2;-7.11;0.31;-7.19;0.38;-7.24;;;;;;;;
1142;21.4;27.4;0.7;8;Successful;Effective;No;No;No;No;No;No;0.0;-7.0;0.2;-7.11;0.31;-7.19;0.38;-7.24;;;;;;;;
1143;21.4;27.4;0.7;10;Successful;Effective;No;No;No;No;No;No;0.0;-7.0;0.2;-7.11;0.31;-7.19;0.38;-7.24;;;;;;;;
1144;21.4;27.4;0.8;5;Successful;Effective;No;No;No;No;No;No;0.0;-7.0;0.2;-7.11;0.31;-7.19;0.38;-7.24;;;;;;;;
1145;21.4;27.4;0.8;8;Successful;Effective;No;No;No;No;No;No;0.0;-7.0;0.2;-7.11;0.31;-7.19;0.38;-7.24;;;;;;;;
1146;21.4;27.4;0.8;10;Successful;Effective;No;No;No;No;No;No;0.0;-7.0;0.2;-7.11;0.31;-7.19;0.38;-7.24;;;;;;;;
1147;21.4;27.4;0.9;5;Successful;Effective;No;No;No;No;No;No;0.0;-7.0;0.2;-7.11;0.31;-7.19;0.38;-7.24;;;;;;;;
1148;21.4;27.4;0.9;8;Successful;Effective;No;No;No;No;No;No;0.0;-7.0;0.2;-7.11;0.31;-7.19;0.38;-7.24;;;;;;;;
1149;21.4;27.4;0.9;10;Successful;Effective;No;No;No;No;No;No;0.0;-7.0;0.2;-7.11;0.31;-7.19;0.38;-7.24;;;;;;;;
1150;21.4;27.4;1.0;5;Successful;Effective;No;No;No;No;No;No;0.0;-7.0;0.2;-7.11;0.31;-7.19;0.38;-7.24;;;;;;;;
1151;21.4;27.4;1.0;8;Successful;Effective;No;No;No;No;No;No;0.0;-7.0;0.2;-7.11;0.31;-7.19;0.38;-7.24;;;;;;;;
1152;21.4;27.4;1.0;10;Successful;Effective;No;No;No;No;No;No;0.0;-7.0;0.2;-7.11;0.31;-7.19;0.38;-7.24;;;;;;;;
1153;21.4;27.4;1.1;5;Successful;Effective;No;No;No;No;No;No;0.0;-7.0;0.2;-7.11;0.31;-7.19;0.38;-7.24;;;;;;;;
1154;21.4;27.4;1.1;8;Successful;Effective;No;No;No;No;No;No;0.0;-7.0;0.2;-7.11;0.31;-7.19;0.38;-7.24;;;;;;;;
1155;21.4;27.4;1.1;10;Successful;Effective;No;No;No;No;No;No;0.0;-7.0;0.2;-7.11;0.31;-7.19;0.38;-7.24;;;;;;;;
1156;21.5;27.5;0.5;5;Successful;Effective;No;No;No;No;No;No;0.0;-7.0;0.2;-7.11;0.31;-7.19;0.38;-7.24;;;;;;;;
1157;21.5;27.5;0.5;8;Successful;Effective;No;No;No;No;No;No;0.0;-7.0;0.2;-7.11;0.31;-7.19;0.38;-7.24;;;;;;;;
1158;21.5;27.5;0.5;10;Successful;Effective;No;No;No;No;No;No;0.0;-7.0;0.2;-7.11;0.31;-7.19;0.38;-7.24;;;;;;;;
1159;21.5;27.5;0.6;5;Successful;Effective;No;No;No;No;No;No;0.0;-7.0;0.2;-7.11;0.31;-7.19;0.38;-7.24;;;;;;;;
1160;21.5;27.5;0.6;8;Successful;Effective;No;No;No;No;No;No;0.0;-7.0;0.2;-7.11;0.31;-7.19;0.38;-7.24;;;;;;;;
1161;21.5;27.5;0.6;10;Successful;Effective;No;No;No;No;No;No;0.0;-7.0;0.2;-7.11;0.31;-7.19;0.38;-7.24;;;;;;;;
1162;21.5;27.5;0.7;5;Successful;Effective;No;No;No;No;No;No;0.0;-7.0;0.2;-7.11;0.31;-7.19;0.38;-7.24;;;;;;;;
1163;21.5;27.5;0.7;8;Successful;Effective;No;No;No;No;No;No;0.0;-7.0;0.2;-7.11;0.31;-7.19;0.38;-7.24;;;;;;;;
1164;21.5;27.5;0.7;10;Successful;Effective;No;No;No;No;No;No;0.0;-7.0;0.2;-7.11;0.31;-7.19;0.38;-7.24;;;;;;;;
1165;21.5;27.5;0.8;5;Successful;Effective;No;No;No;No;No;No;0.0;-7.0;0.2;-7.11;0.31;-7.19;0.38;-7.24;;;;;;;;
1166;21.5;27.5;0.8;8;Successful;Effective;No;No;No;No;No;No;0.0;-7.0;0.2;-7.11;0.31;-7.19;0.38;-7.24;;;;;;;;
1167;21.5;27.5;0.8;10;Successful;Effective;No;No;No;No;No;No;0.0;-7.0;0.2;-7.11;0.31;-7.19;0.38;-7.24;;;;;;;;
1168;21.5;27.5;0.9;5;Successful;Effective;No;No;No;No;No;No;0.0;-7.0;0.2;-7.11;0.31;-7.19;0.38;-7.24;;;;;;;;
1169;21.5;27.5;0.9;8;Successful;Effective;No;No;No;No;No;No;0.0;-7.0;0.2;-7.11;0.31;-7.19;0.38;-7.24;;;;;;;;
1170;21.5;27.5;0.9;10;Successful;Effective;No;No;No;No;No;No;0.0;-7.0;0.2;-7.11;0.31;-7.19;0.38;-7.24;;;;;;;;
1171;21.5;27.5;1.0;5;Successful;Effective;No;No;No;No;No;No;0.0;-7.0;0.2;-7.11;0.31;-7.19;0.38;-7.24;;;;;;;;
1172;21.5;27.5;1.0;8;Successful;Effective;No;No;No;No;No;No;0.0;-7.0;0.2;-7.11;0.31;-7.19;0.38;-7.24;;;;;;;;
1173;21.5;27.5;1.0;10;Successful;Effective;No;No;No;No;No;No;0.0;-7.0;0.2;-7.11;0.31;-7.19;0.38;-7.24;;;;;;;;
1174;21.5;27.5;1.1;5;Successful;Effective;No;No;No;No;No;No;0.0;-7.0;0.2;-7.11;0.31;-7.19;0.38;-7.24;;;;;;;;
1175;21.5;27.5;1.1;8;Successful;Effective;No;No;No;No;No;No;0.0;-7.0;0.2;-7.11;0.31;-7.19;0.38;-7.24;;;;;;;;
1176;21.5;27.5;1.1;10;Successful;Effective;No;No;No;No;No;No;0.0;-7.0;0.2;-7.11;0.31;-7.19;0.38;-7.24;;;;;;;;
1177;21.6;27.6;0.5;5;Successful;Effective;No;No;No;No;No;No;0.0;-7.0;0.2;-7.11;0.31;-7.19;0.38;-7.24;;;;;;;;
1178;21.6;27.6;0.5;8;Successful;Effective;No;No;No;No;No;No;0.0;-7.0;0.2;-7.11;0.31;-7.19;0.38;-7.24;;;;;;;;
1179;21.6;27.6;0.5;10;Successful;Effective;No;No;No;No;No;No;0.0;-7.0;0.2;-7.11;0.31;-7.19;0.38;-7.24;;;;;;;;
1180;21.6;27.6;0.6;5;Successful;Effective;No;No;No;No;No;No;0.0;-7.0;0.2;-7.11;0.31;-7.19;0.38;-7.24;;;;;;;;
1181;21.6;27.6;0.6;8;Successful;Effective;No;No;No;No;No;No;0.0;-7.0;0.2;-7.11;0.31;-7.19;0.38;-7.24;;;;;;;;
1182;21.6;27.6;0.6;10;Successful;Effective;No;No;No;No;No;No;0.0;-7.0;0.2;-7.11;0.31;-7.19;0.38;-7.24;;;;;;;;
1183;21.6;27.6;0.7;5;Successful;Effective;No;No;No;No;No;No;0.0;-7.0;0.2;-7.11;0.31;-7.19;0.38;-7.24;;;;;;;;
1184;21.6;27.6;0.7;8;Successful;Effective;No;No;No;No;No;No;0.0;-7.0;0.2;-7.11;0.31;-7.19;0.38;-7.24;;;;;;;;
1185;21.6;27.6;0.7;10;Successful;Effective;No;No;No;No;No;No;0.0;-7.0;0.2;-7.11;0.31;-7.19;0.38;-7.24;;;;;;;;
1186;21.6;27.6;0.8;5;Successful;Effective;No;No;No;No;No;No;0.0;-7.0;0.2;-7.11;0.31;-7.19;0.38;-7.24;;;;;;;;
1187;21.6;27.6;0.8;8;Successful;Effective;No;No;No;No;No;No;0.0;-7.0;0.2;-7.11;0.31;-7.19;0.38;-7.24;;;;;;;;
1188;21.6;27.6;0.8;10;Successful;Effective;No;No;No;No;No;No;0.0;-7.0;0.2;-7.11;0.31;-7.19;0.38;-7.24;;;;;;;;
1189;21.6;27.6;0.9;5;Successful;Effective;No;No;No;No;No;No;0.0;-7.0;0.2;-7.11;0.31;-7.19;0.38;-7.24;;;;;;;;
1190;21.6;27.6;0.9;8;Successful;Effective;No;No;No;No;No;No;0.0;-7.0;0.2;-7.11;0.31;-7.19;0.38;-7.24;;;;;;;;
1191;21.6;27.6;0.9;10;Successful;Effective;No;No;No;No;No;No;0.0;-7.0;0.2;-7.11;0.31;-7.19;0.38;-7.24;;;;;;;;
1192;21.6;27.6;1.0;5;Successful;Effective;No;No;No;No;No;No;0.0;-7.0;0.2;-7.11;0.31;-7.19;0.38;-7.24;;;;;;;;
1193;21.6;27.6;1.0;8;Successful;Effective;No;No;No;No;No;No;0.0;-7.0;0.2;-7.11;0.31;-7.19;0.38;-7.24;;;;;;;;
1194;21.6;27.6;1.0;10;Successful;Effective;No;No;No;No;No;No;0.0;-7.0;0.2;-7.11;0.31;-7.19;0.38;-7.24;;;;;;;;
1195;21.6;27.6;1.1;5;Successful;Effective;No;No;No;No;No;No;0.0;-7.0;0.2;-7.11;0.31;-7.19;0.38;-7.24;;;;;;;;
1196;21.6;27.6;1.1;8;Successful;Effective;No;No;No;No;No;No;0.0;-7.0;0.2;-7.11;0.31;-7.19;0.38;-7.24;;;;;;;;
1197;21.6;27.6;1.1;10;Successful;Effective;No;No;No;No;No;No;0.0;-7.0;0.2;-7.11;0.31;-7.19;0.38;-7.24;;;;;;;;
1198;21.7;27.7;0.5;5;Successful;Effective;No;No;No;No;No;No;0.0;-7.0;0.2;-7.11;0.31;-7.19;0.38;-7.24;;;;;;;;
1199;21.7;27.7;0.5;8;Successful;Effective;No;No;No;No;No;No;0.0;-7.0;0.2;-7.11;0.31;-7.19;0.38;-7.24;;;;;;;;
1200;21.7;27.7;0.5;10;Successful;Effective;No;No;No;No;No;No;0.0;-7.0;0.2;-7.11;0.31;-7.19;0.38;-7.24;;;;;;;;
1201;21.7;27.7;0.6;5;Successful;Effective;No;No;No;No;No;No;0.0;-7.0;0.2;-7.11;0.31;-7.19;0.38;-7.24;;;;;;;;
1202;21.7;27.7;0.6;8;Successful;Effective;No;No;No;No;No;No;0.0;-7.0;0.2;-7.11;0.31;-7.19;0.38;-7.24;;;;;;;;
1203;21.7;27.7;0.6;10;Successful;Effective;No;No;No;No;No;No;0.0;-7.0;0.2;-7.11;0.31;-7.19;0.38;-7.24;;;;;;;;
1204;21.7;27.7;0.7;5;Successful;Effective;No;No;No;No;No;No;0.0;-7.0;0.2;-7.11;0.31;-7.19;0.38;-7.24;;;;;;;;
1205;21.7;27.7;0.7;8;Successful;Effective;No;No;No;No;No;No;0.0;-7.0;0.2;-7.11;0.31;-7.19;0.38;-7.24;;;;;;;;
1206;21.7;27.7;0.7;10;Successful;Effective;No;No;No;No;No;No;0.0;-7.0;0.2;-7.11;0.31;-7.19;0.38;-7.24;;;;;;;;
1207;21.7;27.7;0.8;5;Successful;Effective;No;No;No;No;No;No;0.0;-7.0;0.2;-7.11;0.31;-7.19;0.38;-7.24;;;;;;;;
1208;21.7;27.7;0.8;8;Successful;Effective;No;No;No;No;No;No;0.0;-7.0;0.2;-7.11;0.31;-7.19;0.38;-7.24;;;;;;;;
1209;21.7;27.7;0.8;10;Successful;Effective;No;No;No;No;No;No;0.0;-7.0;0.2;-7.11;0.31;-7.19;0.38;-7.24;;;;;;;;
1210;21.7;27.7;0.9;5;Successful;Effective;No;No;No;No;No;No;0.0;-7.0;0.2;-7.11;0.31;-7.19;0.38;-7.24;;;;;;;;
1211;21.7;27.7;0.9;8;Successful;Effective;No;No;No;No;No;No;0.0;-7.0;0.2;-7.11;0.31;-7.19;0.38;-7.24;;;;;;;;
1212;21.7;27.7;0.9;10;Successful;Effective;No;No;No;No;No;No;0.0;-7.0;0.2;-7.11;0.31;-7.19;0.38;-7.24;;;;;;;;
1213;21.7;27.7;1.0;5;Successful;Effective;No;No;No;No;No;No;0.0;-7.0;0.2;-7.11;0.31;-7.19;0.38;-7.24;;;;;;;;
1214;21.7;27.7;1.0;8;Successful;Effective;No;No;No;No;No;No;0.0;-7.0;0.2;-7.11;0.31;-7.19;0.38;-7.24;;;;;;;;
1215;21.7;27.7;1.0;10;Successful;Effective;No;No;No;No;No;No;0.0;-7.0;0.2;-7.11;0.31;-7.19;0.38;-7.24;;;;;;;;
1216;21.7;27.7;1.1;5;Successful;Effective;No;No;No;No;No;No;0.0;-7.0;0.2;-7.11;0.31;-7.19;0.38;-7.24;;;;;;;;
1217;21.7;27.7;1.1;8;Successful;Effective;No;No;No;No;No;No;0.0;-7.0;0.2;-7.11;0.31;-7.19;0.38;-7.24;;;;;;;;
1218;21.7;27.7;1.1;10;Successful;Effective;No;No;No;No;No;No;0.0;-7.0;0.2;-7.11;0.31;-7.19;0.38;-7.24;;;;;;;;
1219;21.8;27.8;0.5;5;Successful;Effective;No;No;No;No;No;No;0.0;-7.0;0.2;-7.11;0.31;-7.19;0.38;-7.24;;;;;;;;
1220;21.8;27.8;0.5;8;Successful;Effective;No;No;No;No;No;No;0.0;-7.0;0.2;-7.11;0.31;-7.19;0.38;-7.24;;;;;;;;
1221;21.8;27.8;0.5;10;Successful;Effective;No;No;No;No;No;No;0.0;-7.0;0.2;-7.11;0.31;-7.19;0.38;-7.24;;;;;;;;
1222;21.8;27.8;0.6;5;Successful;Effective;No;No;No;No;No;No;0.0;-7.0;0.2;-7.11;0.31;-7.19;0.38;-7.24;;;;;;;;
1223;21.8;27.8;0.6;8;Successful;Effective;No;No;No;No;No;No;0.0;-7.0;0.2;-7.11;0.31;-7.19;0.38;-7.24;;;;;;;;
1224;21.8;27.8;0.6;10;Successful;Effective;No;No;No;No;No;No;0.0;-7.0;0.2;-7.11;0.31;-7.19;0.38;-7.24;;;;;;;;
1225;21.8;27.8;0.7;5;Successful;Effective;No;No;No;No;No;No;0.0;-7.0;0.2;-7.11;0.31;-7.19;0.38;-7.24;;;;;;;;
1226;21.8;27.8;0.7;8;Successful;Effective;No;No;No;No;No;No;0.0;-7.0;0.2;-7.11;0.31;-7.19;0.38;-7.24;;;;;;;;
1227;21.8;27.8;0.7;10;Successful;Effective;No;No;No;No;No;No;0.0;-7.0;0.2;-7.11;0.31;-7.19;0.38;-7.24;;;;;;;;
1228;21.8;27.8;0.8;5;Successful;Effective;No;No;No;No;No;No;0.0;-7.0;0.2;-7.11;0.31;-7.19;0.38;-7.24;;;;;;;;
1229;21.8;27.8;0.8;8;Successful;Effective;No;No;No;No;No;No;0.0;-7.0;0.2;-7.11;0.31;-7.19;0.38;-7.24;;;;;;;;
1230;21.8;27.8;0.8;10;Successful;Effective;No;No;No;No;No;No;0.0;-7.0;0.2;-7.11;0.31;-7.19;0.38;-7.24;;;;;;;;
1231;21.8;27.8;0.9;5;Successful;Effective;No;No;No;No;No;No;0.0;-7.0;0.2;-7.11;0.31;-7.19;0.38;-7.24;;;;;;;;
1232;21.8;27.8;0.9;8;Successful;Effective;No;No;No;No;No;No;0.0;-7.0;0.2;-7.11;0.31;-7.19;0.38;-7.24;;;;;;;;
1233;21.8;27.8;0.9;10;Successful;Effective;No;No;No;No;No;No;0.0;-7.0;0.2;-7.11;0.31;-7.19;0.38;-7.24;;;;;;;;
1234;21.8;27.8;1.0;5;Successful;Effective;No;No;No;No;No;No;0.0;-7.0;0.2;-7.11;0.31;-7.19;0.38;-7.24;;;;;;;;
1235;21.8;27.8;1.0;8;Successful;Effective;No;No;No;No;No;No;0.0;-7.0;0.2;-7.11;0.31;-7.19;0.38;-7.24;;;;;;;;
1236;21.8;27.8;1.0;10;Successful;Effective;No;No;No;No;No;No;0.0;-7.0;0.2;-7.11;0.31;-7.19;0.38;-7.24;;;;;;;;
1237;21.8;27.8;1.1;5;Successful;Effective;No;No;No;No;No;No;0.0;-7.0;0.2;-7.11;0.31;-7.19;0.38;-7.24;;;;;;;;
1238;21.8;27.8;1.1;8;Successful;Effective;No;No;No;No;No;No;0.0;-7.0;0.2;-7.11;0.31;-7.19;0.38;-7.24;;;;;;;;
1239;21.8;27.8;1.1;10;Successful;Effective;No;No;No;No;No;No;0.0;-7.0;0.2;-7.11;0.31;-7.19;0.38;-7.24;;;;;;;;
1240;21.9;27.9;0.5;5;Successful;Effective;No;No;No;No;No;No;0.0;-7.0;0.2;-7.11;0.31;-7.19;0.38;-7.24;;;;;;;;
1241;21.9;27.9;0.5;8;Successful;Effective;No;No;No;No;No;No;0.0;-7.0;0.2;-7.11;0.31;-7.19;0.38;-7.24;;;;;;;;
1242;21.9;27.9;0.5;10;Successful;Effective;No;No;No;No;No;No;0.0;-7.0;0.2;-7.11;0.31;-7.19;0.38;-7.24;;;;;;;;
1243;21.9;27.9;0.6;5;Successful;Effective;No;No;No;No;No;No;0.0;-7.0;0.2;-7.11;0.31;-7.19;0.38;-7.24;;;;;;;;
1244;21.9;27.9;0.6;8;Successful;Effective;No;No;No;No;No;No;0.0;-7.0;0.2;-7.11;0.31;-7.19;0.38;-7.24;;;;;;;;
1245;21.9;27.9;0.6;10;Successful;Effective;No;No;No;No;No;No;0.0;-7.0;0.2;-7.11;0.31;-7.19;0.38;-7.24;;;;;;;;
1246;21.9;27.9;0.7;5;Successful;Effective;No;No;No;No;No;No;0.0;-7.0;0.2;-7.11;0.31;-7.19;0.38;-7.24;;;;;;;;
1247;21.9;27.9;0.7;8;Successful;Effective;No;No;No;No;No;No;0.0;-7.0;0.2;-7.11;0.31;-7.19;0.38;-7.24;;;;;;;;
1248;21.9;27.9;0.7;10;Successful;Effective;No;No;No;No;No;No;0.0;-7.0;0.2;-7.11;0.31;-7.19;0.38;-7.24;;;;;;;;
1249;21.9;27.9;0.8;5;Successful;Effective;No;No;No;No;No;No;0.0;-7.0;0.2;-7.11;0.31;-7.19;0.38;-7.24;;;;;;;;
1250;21.9;27.9;0.8;8;Successful;Effective;No;No;No;No;No;No;0.0;-7.0;0.2;-7.11;0.31;-7.19;0.38;-7.24;;;;;;;;
1251;21.9;27.9;0.8;10;Successful;Effective;No;No;No;No;No;No;0.0;-7.0;0.2;-7.11;0.31;-7.19;0.38;-7.24;;;;;;;;
1252;21.9;27.9;0.9;5;Successful;Effective;No;No;No;No;No;No;0.0;-7.0;0.2;-7.11;0.31;-7.19;0.38;-7.24;;;;;;;;
1253;21.9;27.9;0.9;8;Successful;Effective;No;No;No;No;No;No;0.0;-7.0;0.2;-7.11;0.31;-7.19;0.38;-7.24;;;;;;;;
1254;21.9;27.9;0.9;10;Successful;Effective;No;No;No;No;No;No;0.0;-7.0;0.2;-7.11;0.31;-7.19;0.38;-7.24;;;;;;;;
1255;21.9;27.9;1.0;5;Successful;Effective;No;No;No;No;No;No;0.0;-7.0;0.2;-7.11;0.31;-7.19;0.38;-7.24;;;;;;;;
1256;21.9;27.9;1.0;8;Successful;Effective;No;No;No;No;No;No;0.0;-7.0;0.2;-7.11;0.31;-7.19;0.38;-7.24;;;;;;;;
1257;21.9;27.9;1.0;10;Successful;Effective;No;No;No;No;No;No;0.0;-7.0;0.2;-7.11;0.31;-7.19;0.38;-7.24;;;;;;;;
1258;21.9;27.9;1.1;5;Successful;Effective;No;No;No;No;No;No;0.0;-7.0;0.2;-7.11;0.31;-7.19;0.38;-7.24;;;;;;;;
1259;21.9;27.9;1.1;8;Successful;Effective;No;No;No;No;No;No;0.0;-7.0;0.2;-7.11;0.31;-7.19;0.38;-7.24;;;;;;;;
1260;21.9;27.9;1.1;10;Successful;Effective;No;No;No;No;No;No;0.0;-7.0;0.2;-7.11;0.31;-7.19;0.38;-7.24;;;;;;;;
