Ex ID;Start_time;End_time;Injected_value;CACC_spacing;Run_status;Impact_status;Collision_state;Collision_time;collider;victim;Collision_pos;Collision_lane;Accel_0_max;Dcel_0_min;Accel_1_max;Dcel_1_min;Accel_2_max;Dcel_2_min;Accel_3_max;Dcel_3_min;Accel_4_max;Dcel_4_min;Accel_5_max;Dcel_5_min;Accel_6_max;Dcel_6_min;Accel_7_max;Dcel_7_min
1;16.0;22.0;0.5;5;Successful;Effective;collision;19.94;vtypeauto.1;vtypeauto.0;453.41;edge_0_0_0;0.0;-6.0;0.2;-6.95;0.31;-7.45;0.38;-7.64;;;;;;;;
2;16.0;22.0;0.5;8;Successful;Effective;No;No;No;No;No;No;0.0;-6.0;0.2;-6.95;0.31;-7.45;0.38;-7.64;;;;;;;;
3;16.0;22.0;0.5;10;Successful;Effective;No;No;No;No;No;No;0.0;-6.0;0.2;-6.95;0.31;-7.45;0.38;-7.64;;;;;;;;
4;16.0;22.0;0.6;5;Successful;Effective;collision;19.50;vtypeauto.1;vtypeauto.0;449.56;edge_0_0_0;0.0;-6.0;0.2;-7.14;0.31;-7.75;0.38;-7.98;;;;;;;;
5;16.0;22.0;0.6;8;Successful;Effective;No;No;No;No;No;No;0.0;-6.0;0.2;-7.14;0.31;-7.75;0.38;-7.98;;;;;;;;
6;16.0;22.0;0.6;10;Successful;Effective;No;No;No;No;No;No;0.0;-6.0;0.2;-7.14;0.31;-7.75;0.38;-7.98;;;;;;;;
7;16.0;22.0;0.7;5;Successful;Effective;collision;19.25;vtypeauto.1;vtypeauto.0;446.85;edge_0_0_0;0.0;-6.0;0.2;-7.32;0.31;-8.05;0.38;-8.33;;;;;;;;
8;16.0;22.0;0.7;8;Successful;Effective;collision;20.39;vtypeauto.1;vtypeauto.0;465.17;edge_0_0_0;0.0;-6.0;0.2;-7.32;0.31;-8.05;0.38;-8.33;;;;;;;;
9;16.0;22.0;0.7;10;Successful;Effective;No;No;No;No;No;No;0.0;-6.0;0.2;-7.32;0.31;-8.05;0.38;-8.33;;;;;;;;
10;16.0;22.0;0.8;5;Successful;Effective;collision;19.10;vtypeauto.1;vtypeauto.0;445.08;edge_0_0_0;0.0;-6.0;0.2;-7.51;0.31;-8.36;0.38;-8.71;;;;;;;;
11;16.0;22.0;0.8;8;Successful;Effective;collision;19.94;vtypeauto.1;vtypeauto.0;462.43;edge_0_0_0;0.0;-6.0;0.2;-7.51;0.31;-8.36;0.38;-8.71;;;;;;;;
12;16.0;22.0;0.8;10;Successful;Effective;collision;20.81;vtypeauto.1;vtypeauto.0;472.65;edge_0_0_0;0.0;-6.0;0.2;-7.51;0.31;-8.36;0.38;-8.71;;;;;;;;
13;16.0;22.0;0.9;5;Successful;Effective;collision;18.99;vtypeauto.1;vtypeauto.0;443.65;edge_0_0_0;0.0;-6.0;0.2;-7.7;0.31;-8.69;0.38;-9.0;;;;;;;;
14;16.0;22.0;0.9;8;Successful;Effective;collision;19.68;vtypeauto.1;vtypeauto.0;460.31;edge_0_0_0;0.0;-6.0;0.2;-7.7;0.31;-8.69;0.38;-9.0;;;;;;;;
15;16.0;22.0;0.9;10;Successful;Effective;collision;20.27;vtypeauto.1;vtypeauto.0;470.57;edge_0_0_0;0.0;-6.0;0.2;-7.7;0.31;-8.69;0.38;-9.0;;;;;;;;
16;16.0;22.0;1.0;5;Successful;Effective;collision;18.92;vtypeauto.1;vtypeauto.0;442.72;edge_0_0_0;0.0;-6.0;0.2;-7.89;0.31;-9.0;0.38;-9.0;;;;;;;;
17;16.0;22.0;1.0;8;Successful;Effective;collision;19.50;vtypeauto.1;vtypeauto.0;458.56;edge_0_0_0;0.0;-6.0;0.2;-7.89;0.31;-9.0;0.38;-9.0;;;;;;;;
18;16.0;22.0;1.0;10;Successful;Effective;collision;19.97;vtypeauto.1;vtypeauto.0;468.67;edge_0_0_0;0.0;-6.0;0.2;-7.89;0.31;-9.0;0.38;-9.0;;;;;;;;
19;16.0;22.0;1.1;5;Successful;Effective;collision;18.87;vtypeauto.1;vtypeauto.0;442.03;edge_0_0_0;0.0;-6.0;0.2;-8.08;0.31;-9.0;0.38;-9.0;;;;;;;;
20;16.0;22.0;1.1;8;Successful;Effective;collision;19.39;vtypeauto.1;vtypeauto.0;457.46;edge_0_0_0;0.0;-6.0;0.2;-8.08;0.31;-9.0;0.38;-9.0;;;;;;;;
21;16.0;22.0;1.1;10;Successful;Effective;collision;19.77;vtypeauto.1;vtypeauto.0;467.08;edge_0_0_0;0.0;-6.0;0.2;-8.08;0.31;-9.0;0.38;-9.0;;;;;;;;
22;16.1;22.1;0.5;5;Successful;Effective;collision;19.94;vtypeauto.1;vtypeauto.0;453.41;edge_0_0_0;0.0;-6.0;0.2;-6.95;0.31;-7.45;0.38;-7.64;;;;;;;;
23;16.1;22.1;0.5;8;Successful;Effective;No;No;No;No;No;No;0.0;-6.0;0.2;-6.95;0.31;-7.45;0.38;-7.64;;;;;;;;
24;16.1;22.1;0.5;10;Successful;Effective;No;No;No;No;No;No;0.0;-6.0;0.2;-6.95;0.31;-7.45;0.38;-7.64;;;;;;;;
25;16.1;22.1;0.6;5;Successful;Effective;collision;19.50;vtypeauto.1;vtypeauto.0;449.56;edge_0_0_0;0.0;-6.0;0.2;-7.14;0.31;-7.75;0.38;-7.98;;;;;;;;
26;16.1;22.1;0.6;8;Successful;Effective;No;No;No;No;No;No;0.0;-6.0;0.2;-7.14;0.31;-7.75;0.38;-7.98;;;;;;;;
27;16.1;22.1;0.6;10;Successful;Effective;No;No;No;No;No;No;0.0;-6.0;0.2;-7.14;0.31;-7.75;0.38;-7.98;;;;;;;;
28;16.1;22.1;0.7;5;Successful;Effective;collision;19.25;vtypeauto.1;vtypeauto.0;446.85;edge_0_0_0;0.0;-6.0;0.2;-7.32;0.31;-8.05;0.38;-8.33;;;;;;;;
29;16.1;22.1;0.7;8;Successful;Effective;collision;20.39;vtypeauto.1;vtypeauto.0;465.17;edge_0_0_0;0.0;-6.0;0.2;-7.32;0.31;-8.05;0.38;-8.33;;;;;;;;
30;16.1;22.1;0.7;10;Successful;Effective;No;No;No;No;No;No;0.0;-6.0;0.2;-7.32;0.31;-8.05;0.38;-8.33;;;;;;;;
31;16.1;22.1;0.8;5;Successful;Effective;collision;19.10;vtypeauto.1;vtypeauto.0;445.08;edge_0_0_0;0.0;-6.0;0.2;-7.51;0.31;-8.36;0.38;-8.71;;;;;;;;
32;16.1;22.1;0.8;8;Successful;Effective;collision;19.94;vtypeauto.1;vtypeauto.0;462.43;edge_0_0_0;0.0;-6.0;0.2;-7.51;0.31;-8.36;0.38;-8.71;;;;;;;;
33;16.1;22.1;0.8;10;Successful;Effective;collision;20.81;vtypeauto.1;vtypeauto.0;472.65;edge_0_0_0;0.0;-6.0;0.2;-7.51;0.31;-8.36;0.38;-8.71;;;;;;;;
34;16.1;22.1;0.9;5;Successful;Effective;collision;18.99;vtypeauto.1;vtypeauto.0;443.65;edge_0_0_0;0.0;-6.0;0.2;-7.7;0.31;-8.69;0.38;-9.0;;;;;;;;
35;16.1;22.1;0.9;8;Successful;Effective;collision;19.68;vtypeauto.1;vtypeauto.0;460.31;edge_0_0_0;0.0;-6.0;0.2;-7.7;0.31;-8.69;0.38;-9.0;;;;;;;;
36;16.1;22.1;0.9;10;Successful;Effective;collision;20.27;vtypeauto.1;vtypeauto.0;470.57;edge_0_0_0;0.0;-6.0;0.2;-7.7;0.31;-8.69;0.38;-9.0;;;;;;;;
37;16.1;22.1;1.0;5;Successful;Effective;collision;18.92;vtypeauto.1;vtypeauto.0;442.72;edge_0_0_0;0.0;-6.0;0.2;-7.89;0.31;-9.0;0.38;-9.0;;;;;;;;
38;16.1;22.1;1.0;8;Successful;Effective;collision;19.50;vtypeauto.1;vtypeauto.0;458.56;edge_0_0_0;0.0;-6.0;0.2;-7.89;0.31;-9.0;0.38;-9.0;;;;;;;;
39;16.1;22.1;1.0;10;Successful;Effective;collision;19.97;vtypeauto.1;vtypeauto.0;468.67;edge_0_0_0;0.0;-6.0;0.2;-7.89;0.31;-9.0;0.38;-9.0;;;;;;;;
40;16.1;22.1;1.1;5;Successful;Effective;collision;18.87;vtypeauto.1;vtypeauto.0;442.03;edge_0_0_0;0.0;-6.0;0.2;-8.08;0.31;-9.0;0.38;-9.0;;;;;;;;
41;16.1;22.1;1.1;8;Successful;Effective;collision;19.39;vtypeauto.1;vtypeauto.0;457.46;edge_0_0_0;0.0;-6.0;0.2;-8.08;0.31;-9.0;0.38;-9.0;;;;;;;;
42;16.1;22.1;1.1;10;Successful;Effective;collision;19.77;vtypeauto.1;vtypeauto.0;467.08;edge_0_0_0;0.0;-6.0;0.2;-8.08;0.31;-9.0;0.38;-9.0;;;;;;;;
43;16.2;22.2;0.5;5;Successful;Effective;collision;19.94;vtypeauto.1;vtypeauto.0;453.41;edge_0_0_0;0.0;-6.0;0.2;-6.95;0.31;-7.45;0.38;-7.64;;;;;;;;
44;16.2;22.2;0.5;8;Successful;Effective;No;No;No;No;No;No;0.0;-6.0;0.2;-6.95;0.31;-7.45;0.38;-7.64;;;;;;;;
45;16.2;22.2;0.5;10;Successful;Effective;No;No;No;No;No;No;0.0;-6.0;0.2;-6.95;0.31;-7.45;0.38;-7.64;;;;;;;;
46;16.2;22.2;0.6;5;Successful;Effective;collision;19.50;vtypeauto.1;vtypeauto.0;449.56;edge_0_0_0;0.0;-6.0;0.2;-7.14;0.31;-7.75;0.38;-7.98;;;;;;;;
47;16.2;22.2;0.6;8;Successful;Effective;No;No;No;No;No;No;0.0;-6.0;0.2;-7.14;0.31;-7.75;0.38;-7.98;;;;;;;;
48;16.2;22.2;0.6;10;Successful;Effective;No;No;No;No;No;No;0.0;-6.0;0.2;-7.14;0.31;-7.75;0.38;-7.98;;;;;;;;
49;16.2;22.2;0.7;5;Successful;Effective;collision;19.25;vtypeauto.1;vtypeauto.0;446.85;edge_0_0_0;0.0;-6.0;0.2;-7.32;0.31;-8.05;0.38;-8.33;;;;;;;;
50;16.2;22.2;0.7;8;Successful;Effective;collision;20.39;vtypeauto.1;vtypeauto.0;465.17;edge_0_0_0;0.0;-6.0;0.2;-7.32;0.31;-8.05;0.38;-8.33;;;;;;;;
51;16.2;22.2;0.7;10;Successful;Effective;No;No;No;No;No;No;0.0;-6.0;0.2;-7.32;0.31;-8.05;0.38;-8.33;;;;;;;;
52;16.2;22.2;0.8;5;Successful;Effective;collision;19.10;vtypeauto.1;vtypeauto.0;445.08;edge_0_0_0;0.0;-6.0;0.2;-7.51;0.31;-8.36;0.38;-8.71;;;;;;;;
53;16.2;22.2;0.8;8;Successful;Effective;collision;19.94;vtypeauto.1;vtypeauto.0;462.43;edge_0_0_0;0.0;-6.0;0.2;-7.51;0.31;-8.36;0.38;-8.71;;;;;;;;
54;16.2;22.2;0.8;10;Successful;Effective;collision;20.81;vtypeauto.1;vtypeauto.0;472.65;edge_0_0_0;0.0;-6.0;0.2;-7.51;0.31;-8.36;0.38;-8.71;;;;;;;;
55;16.2;22.2;0.9;5;Successful;Effective;collision;18.99;vtypeauto.1;vtypeauto.0;443.65;edge_0_0_0;0.0;-6.0;0.2;-7.7;0.31;-8.69;0.38;-9.0;;;;;;;;
56;16.2;22.2;0.9;8;Successful;Effective;collision;19.68;vtypeauto.1;vtypeauto.0;460.31;edge_0_0_0;0.0;-6.0;0.2;-7.7;0.31;-8.69;0.38;-9.0;;;;;;;;
57;16.2;22.2;0.9;10;Successful;Effective;collision;20.27;vtypeauto.1;vtypeauto.0;470.57;edge_0_0_0;0.0;-6.0;0.2;-7.7;0.31;-8.69;0.38;-9.0;;;;;;;;
58;16.2;22.2;1.0;5;Successful;Effective;collision;18.92;vtypeauto.1;vtypeauto.0;442.72;edge_0_0_0;0.0;-6.0;0.2;-7.89;0.31;-9.0;0.38;-9.0;;;;;;;;
59;16.2;22.2;1.0;8;Successful;Effective;collision;19.50;vtypeauto.1;vtypeauto.0;458.56;edge_0_0_0;0.0;-6.0;0.2;-7.89;0.31;-9.0;0.38;-9.0;;;;;;;;
60;16.2;22.2;1.0;10;Successful;Effective;collision;19.97;vtypeauto.1;vtypeauto.0;468.67;edge_0_0_0;0.0;-6.0;0.2;-7.89;0.31;-9.0;0.38;-9.0;;;;;;;;
61;16.2;22.2;1.1;5;Successful;Effective;collision;18.87;vtypeauto.1;vtypeauto.0;442.03;edge_0_0_0;0.0;-6.0;0.2;-8.08;0.31;-9.0;0.38;-9.0;;;;;;;;
62;16.2;22.2;1.1;8;Successful;Effective;collision;19.39;vtypeauto.1;vtypeauto.0;457.46;edge_0_0_0;0.0;-6.0;0.2;-8.08;0.31;-9.0;0.38;-9.0;;;;;;;;
63;16.2;22.2;1.1;10;Successful;Effective;collision;19.77;vtypeauto.1;vtypeauto.0;467.08;edge_0_0_0;0.0;-6.0;0.2;-8.08;0.31;-9.0;0.38;-9.0;;;;;;;;
64;16.3;22.3;0.5;5;Successful;Effective;collision;19.94;vtypeauto.1;vtypeauto.0;453.41;edge_0_0_0;0.0;-6.0;0.2;-6.95;0.31;-7.45;0.38;-7.64;;;;;;;;
65;16.3;22.3;0.5;8;Successful;Effective;No;No;No;No;No;No;0.0;-6.0;0.2;-6.95;0.31;-7.45;0.38;-7.64;;;;;;;;
66;16.3;22.3;0.5;10;Successful;Effective;No;No;No;No;No;No;0.0;-6.0;0.2;-6.95;0.31;-7.45;0.38;-7.64;;;;;;;;
67;16.3;22.3;0.6;5;Successful;Effective;collision;19.50;vtypeauto.1;vtypeauto.0;449.56;edge_0_0_0;0.0;-6.0;0.2;-7.14;0.31;-7.75;0.38;-7.98;;;;;;;;
68;16.3;22.3;0.6;8;Successful;Effective;No;No;No;No;No;No;0.0;-6.0;0.2;-7.14;0.31;-7.75;0.38;-7.98;;;;;;;;
69;16.3;22.3;0.6;10;Successful;Effective;No;No;No;No;No;No;0.0;-6.0;0.2;-7.14;0.31;-7.75;0.38;-7.98;;;;;;;;
70;16.3;22.3;0.7;5;Successful;Effective;collision;19.25;vtypeauto.1;vtypeauto.0;446.85;edge_0_0_0;0.0;-6.0;0.2;-7.32;0.31;-8.05;0.38;-8.33;;;;;;;;
71;16.3;22.3;0.7;8;Successful;Effective;collision;20.39;vtypeauto.1;vtypeauto.0;465.17;edge_0_0_0;0.0;-6.0;0.2;-7.32;0.31;-8.05;0.38;-8.33;;;;;;;;
72;16.3;22.3;0.7;10;Successful;Effective;No;No;No;No;No;No;0.0;-6.0;0.2;-7.32;0.31;-8.05;0.38;-8.33;;;;;;;;
73;16.3;22.3;0.8;5;Successful;Effective;collision;19.10;vtypeauto.1;vtypeauto.0;445.08;edge_0_0_0;0.0;-6.0;0.2;-7.51;0.31;-8.36;0.38;-8.71;;;;;;;;
74;16.3;22.3;0.8;8;Successful;Effective;collision;19.94;vtypeauto.1;vtypeauto.0;462.43;edge_0_0_0;0.0;-6.0;0.2;-7.51;0.31;-8.36;0.38;-8.71;;;;;;;;
75;16.3;22.3;0.8;10;Successful;Effective;collision;20.81;vtypeauto.1;vtypeauto.0;472.65;edge_0_0_0;0.0;-6.0;0.2;-7.51;0.31;-8.36;0.38;-8.71;;;;;;;;
76;16.3;22.3;0.9;5;Successful;Effective;collision;18.99;vtypeauto.1;vtypeauto.0;443.65;edge_0_0_0;0.0;-6.0;0.2;-7.7;0.31;-8.69;0.38;-9.0;;;;;;;;
77;16.3;22.3;0.9;8;Successful;Effective;collision;19.68;vtypeauto.1;vtypeauto.0;460.31;edge_0_0_0;0.0;-6.0;0.2;-7.7;0.31;-8.69;0.38;-9.0;;;;;;;;
78;16.3;22.3;0.9;10;Successful;Effective;collision;20.27;vtypeauto.1;vtypeauto.0;470.57;edge_0_0_0;0.0;-6.0;0.2;-7.7;0.31;-8.69;0.38;-9.0;;;;;;;;
79;16.3;22.3;1.0;5;Successful;Effective;collision;18.92;vtypeauto.1;vtypeauto.0;442.72;edge_0_0_0;0.0;-6.0;0.2;-7.89;0.31;-9.0;0.38;-9.0;;;;;;;;
80;16.3;22.3;1.0;8;Successful;Effective;collision;19.50;vtypeauto.1;vtypeauto.0;458.56;edge_0_0_0;0.0;-6.0;0.2;-7.89;0.31;-9.0;0.38;-9.0;;;;;;;;
81;16.3;22.3;1.0;10;Successful;Effective;collision;19.97;vtypeauto.1;vtypeauto.0;468.67;edge_0_0_0;0.0;-6.0;0.2;-7.89;0.31;-9.0;0.38;-9.0;;;;;;;;
82;16.3;22.3;1.1;5;Successful;Effective;collision;18.87;vtypeauto.1;vtypeauto.0;442.03;edge_0_0_0;0.0;-6.0;0.2;-8.08;0.31;-9.0;0.38;-9.0;;;;;;;;
83;16.3;22.3;1.1;8;Successful;Effective;collision;19.39;vtypeauto.1;vtypeauto.0;457.46;edge_0_0_0;0.0;-6.0;0.2;-8.08;0.31;-9.0;0.38;-9.0;;;;;;;;
84;16.3;22.3;1.1;10;Successful;Effective;collision;19.77;vtypeauto.1;vtypeauto.0;467.08;edge_0_0_0;0.0;-6.0;0.2;-8.08;0.31;-9.0;0.38;-9.0;;;;;;;;
85;16.4;22.4;0.5;5;Successful;Effective;collision;19.94;vtypeauto.1;vtypeauto.0;453.41;edge_0_0_0;0.0;-6.0;0.2;-6.95;0.31;-7.45;0.38;-7.64;;;;;;;;
86;16.4;22.4;0.5;8;Successful;Effective;No;No;No;No;No;No;0.0;-6.0;0.2;-6.95;0.31;-7.45;0.38;-7.64;;;;;;;;
87;16.4;22.4;0.5;10;Successful;Effective;No;No;No;No;No;No;0.0;-6.0;0.2;-6.95;0.31;-7.45;0.38;-7.64;;;;;;;;
88;16.4;22.4;0.6;5;Successful;Effective;collision;19.50;vtypeauto.1;vtypeauto.0;449.56;edge_0_0_0;0.0;-6.0;0.2;-7.14;0.31;-7.75;0.38;-7.98;;;;;;;;
89;16.4;22.4;0.6;8;Successful;Effective;No;No;No;No;No;No;0.0;-6.0;0.2;-7.14;0.31;-7.75;0.38;-7.98;;;;;;;;
90;16.4;22.4;0.6;10;Successful;Effective;No;No;No;No;No;No;0.0;-6.0;0.2;-7.14;0.31;-7.75;0.38;-7.98;;;;;;;;
91;16.4;22.4;0.7;5;Successful;Effective;collision;19.25;vtypeauto.1;vtypeauto.0;446.85;edge_0_0_0;0.0;-6.0;0.2;-7.32;0.31;-8.05;0.38;-8.33;;;;;;;;
92;16.4;22.4;0.7;8;Successful;Effective;collision;20.39;vtypeauto.1;vtypeauto.0;465.17;edge_0_0_0;0.0;-6.0;0.2;-7.32;0.31;-8.05;0.38;-8.33;;;;;;;;
93;16.4;22.4;0.7;10;Successful;Effective;No;No;No;No;No;No;0.0;-6.0;0.2;-7.32;0.31;-8.05;0.38;-8.33;;;;;;;;
94;16.4;22.4;0.8;5;Successful;Effective;collision;19.10;vtypeauto.1;vtypeauto.0;445.08;edge_0_0_0;0.0;-6.0;0.2;-7.51;0.31;-8.36;0.38;-8.71;;;;;;;;
95;16.4;22.4;0.8;8;Successful;Effective;collision;19.94;vtypeauto.1;vtypeauto.0;462.43;edge_0_0_0;0.0;-6.0;0.2;-7.51;0.31;-8.36;0.38;-8.71;;;;;;;;
96;16.4;22.4;0.8;10;Successful;Effective;collision;20.81;vtypeauto.1;vtypeauto.0;472.65;edge_0_0_0;0.0;-6.0;0.2;-7.51;0.31;-8.36;0.38;-8.71;;;;;;;;
97;16.4;22.4;0.9;5;Successful;Effective;collision;18.99;vtypeauto.1;vtypeauto.0;443.65;edge_0_0_0;0.0;-6.0;0.2;-7.7;0.31;-8.69;0.38;-9.0;;;;;;;;
98;16.4;22.4;0.9;8;Successful;Effective;collision;19.68;vtypeauto.1;vtypeauto.0;460.31;edge_0_0_0;0.0;-6.0;0.2;-7.7;0.31;-8.69;0.38;-9.0;;;;;;;;
99;16.4;22.4;0.9;10;Successful;Effective;collision;20.27;vtypeauto.1;vtypeauto.0;470.57;edge_0_0_0;0.0;-6.0;0.2;-7.7;0.31;-8.69;0.38;-9.0;;;;;;;;
100;16.4;22.4;1.0;5;Successful;Effective;collision;18.92;vtypeauto.1;vtypeauto.0;442.72;edge_0_0_0;0.0;-6.0;0.2;-7.89;0.31;-9.0;0.38;-9.0;;;;;;;;
101;16.4;22.4;1.0;8;Successful;Effective;collision;19.50;vtypeauto.1;vtypeauto.0;458.56;edge_0_0_0;0.0;-6.0;0.2;-7.89;0.31;-9.0;0.38;-9.0;;;;;;;;
102;16.4;22.4;1.0;10;Successful;Effective;collision;19.97;vtypeauto.1;vtypeauto.0;468.67;edge_0_0_0;0.0;-6.0;0.2;-7.89;0.31;-9.0;0.38;-9.0;;;;;;;;
103;16.4;22.4;1.1;5;Successful;Effective;collision;18.87;vtypeauto.1;vtypeauto.0;442.03;edge_0_0_0;0.0;-6.0;0.2;-8.08;0.31;-9.0;0.38;-9.0;;;;;;;;
104;16.4;22.4;1.1;8;Successful;Effective;collision;19.39;vtypeauto.1;vtypeauto.0;457.46;edge_0_0_0;0.0;-6.0;0.2;-8.08;0.31;-9.0;0.38;-9.0;;;;;;;;
105;16.4;22.4;1.1;10;Successful;Effective;collision;19.77;vtypeauto.1;vtypeauto.0;467.08;edge_0_0_0;0.0;-6.0;0.2;-8.08;0.31;-9.0;0.38;-9.0;;;;;;;;
106;16.5;22.5;0.5;5;Successful;Effective;collision;19.94;vtypeauto.1;vtypeauto.0;453.41;edge_0_0_0;0.0;-6.0;0.2;-6.95;0.31;-7.45;0.38;-7.64;;;;;;;;
107;16.5;22.5;0.5;8;Successful;Effective;No;No;No;No;No;No;0.0;-6.0;0.2;-6.95;0.31;-7.45;0.38;-7.64;;;;;;;;
108;16.5;22.5;0.5;10;Successful;Effective;No;No;No;No;No;No;0.0;-6.0;0.2;-6.95;0.31;-7.45;0.38;-7.64;;;;;;;;
109;16.5;22.5;0.6;5;Successful;Effective;collision;19.50;vtypeauto.1;vtypeauto.0;449.56;edge_0_0_0;0.0;-6.0;0.2;-7.14;0.31;-7.75;0.38;-7.98;;;;;;;;
110;16.5;22.5;0.6;8;Successful;Effective;No;No;No;No;No;No;0.0;-6.0;0.2;-7.14;0.31;-7.75;0.38;-7.98;;;;;;;;
111;16.5;22.5;0.6;10;Successful;Effective;No;No;No;No;No;No;0.0;-6.0;0.2;-7.14;0.31;-7.75;0.38;-7.98;;;;;;;;
112;16.5;22.5;0.7;5;Successful;Effective;collision;19.25;vtypeauto.1;vtypeauto.0;446.85;edge_0_0_0;0.0;-6.0;0.2;-7.32;0.31;-8.05;0.38;-8.33;;;;;;;;
113;16.5;22.5;0.7;8;Successful;Effective;collision;20.39;vtypeauto.1;vtypeauto.0;465.17;edge_0_0_0;0.0;-6.0;0.2;-7.32;0.31;-8.05;0.38;-8.33;;;;;;;;
114;16.5;22.5;0.7;10;Successful;Effective;No;No;No;No;No;No;0.0;-6.0;0.2;-7.32;0.31;-8.05;0.38;-8.33;;;;;;;;
115;16.5;22.5;0.8;5;Successful;Effective;collision;19.10;vtypeauto.1;vtypeauto.0;445.08;edge_0_0_0;0.0;-6.0;0.2;-7.51;0.31;-8.36;0.38;-8.71;;;;;;;;
116;16.5;22.5;0.8;8;Successful;Effective;collision;19.94;vtypeauto.1;vtypeauto.0;462.43;edge_0_0_0;0.0;-6.0;0.2;-7.51;0.31;-8.36;0.38;-8.71;;;;;;;;
117;16.5;22.5;0.8;10;Successful;Effective;collision;20.81;vtypeauto.1;vtypeauto.0;472.65;edge_0_0_0;0.0;-6.0;0.2;-7.51;0.31;-8.36;0.38;-8.71;;;;;;;;
118;16.5;22.5;0.9;5;Successful;Effective;collision;18.99;vtypeauto.1;vtypeauto.0;443.65;edge_0_0_0;0.0;-6.0;0.2;-7.7;0.31;-8.69;0.38;-9.0;;;;;;;;
119;16.5;22.5;0.9;8;Successful;Effective;collision;19.68;vtypeauto.1;vtypeauto.0;460.31;edge_0_0_0;0.0;-6.0;0.2;-7.7;0.31;-8.69;0.38;-9.0;;;;;;;;
120;16.5;22.5;0.9;10;Successful;Effective;collision;20.27;vtypeauto.1;vtypeauto.0;470.57;edge_0_0_0;0.0;-6.0;0.2;-7.7;0.31;-8.69;0.38;-9.0;;;;;;;;
121;16.5;22.5;1.0;5;Successful;Effective;collision;18.92;vtypeauto.1;vtypeauto.0;442.72;edge_0_0_0;0.0;-6.0;0.2;-7.89;0.31;-9.0;0.38;-9.0;;;;;;;;
122;16.5;22.5;1.0;8;Successful;Effective;collision;19.50;vtypeauto.1;vtypeauto.0;458.56;edge_0_0_0;0.0;-6.0;0.2;-7.89;0.31;-9.0;0.38;-9.0;;;;;;;;
123;16.5;22.5;1.0;10;Successful;Effective;collision;19.97;vtypeauto.1;vtypeauto.0;468.67;edge_0_0_0;0.0;-6.0;0.2;-7.89;0.31;-9.0;0.38;-9.0;;;;;;;;
124;16.5;22.5;1.1;5;Successful;Effective;collision;18.87;vtypeauto.1;vtypeauto.0;442.03;edge_0_0_0;0.0;-6.0;0.2;-8.08;0.31;-9.0;0.38;-9.0;;;;;;;;
125;16.5;22.5;1.1;8;Successful;Effective;collision;19.39;vtypeauto.1;vtypeauto.0;457.46;edge_0_0_0;0.0;-6.0;0.2;-8.08;0.31;-9.0;0.38;-9.0;;;;;;;;
126;16.5;22.5;1.1;10;Successful;Effective;collision;19.77;vtypeauto.1;vtypeauto.0;467.08;edge_0_0_0;0.0;-6.0;0.2;-8.08;0.31;-9.0;0.38;-9.0;;;;;;;;
127;16.6;22.6;0.5;5;Successful;Effective;collision;19.94;vtypeauto.1;vtypeauto.0;453.41;edge_0_0_0;0.0;-6.0;0.2;-6.95;0.31;-7.45;0.38;-7.64;;;;;;;;
128;16.6;22.6;0.5;8;Successful;Effective;No;No;No;No;No;No;0.0;-6.0;0.2;-6.95;0.31;-7.45;0.38;-7.64;;;;;;;;
129;16.6;22.6;0.5;10;Successful;Effective;No;No;No;No;No;No;0.0;-6.0;0.2;-6.95;0.31;-7.45;0.38;-7.64;;;;;;;;
130;16.6;22.6;0.6;5;Successful;Effective;collision;19.50;vtypeauto.1;vtypeauto.0;449.56;edge_0_0_0;0.0;-6.0;0.2;-7.14;0.31;-7.75;0.38;-7.98;;;;;;;;
131;16.6;22.6;0.6;8;Successful;Effective;No;No;No;No;No;No;0.0;-6.0;0.2;-7.14;0.31;-7.75;0.38;-7.98;;;;;;;;
132;16.6;22.6;0.6;10;Successful;Effective;No;No;No;No;No;No;0.0;-6.0;0.2;-7.14;0.31;-7.75;0.38;-7.98;;;;;;;;
133;16.6;22.6;0.7;5;Successful;Effective;collision;19.25;vtypeauto.1;vtypeauto.0;446.85;edge_0_0_0;0.0;-6.0;0.2;-7.32;0.31;-8.05;0.38;-8.33;;;;;;;;
134;16.6;22.6;0.7;8;Successful;Effective;collision;20.39;vtypeauto.1;vtypeauto.0;465.17;edge_0_0_0;0.0;-6.0;0.2;-7.32;0.31;-8.05;0.38;-8.33;;;;;;;;
135;16.6;22.6;0.7;10;Successful;Effective;No;No;No;No;No;No;0.0;-6.0;0.2;-7.32;0.31;-8.05;0.38;-8.33;;;;;;;;
136;16.6;22.6;0.8;5;Successful;Effective;collision;19.10;vtypeauto.1;vtypeauto.0;445.08;edge_0_0_0;0.0;-6.0;0.2;-7.51;0.31;-8.36;0.38;-8.71;;;;;;;;
137;16.6;22.6;0.8;8;Successful;Effective;collision;19.94;vtypeauto.1;vtypeauto.0;462.43;edge_0_0_0;0.0;-6.0;0.2;-7.51;0.31;-8.36;0.38;-8.71;;;;;;;;
138;16.6;22.6;0.8;10;Successful;Effective;collision;20.81;vtypeauto.1;vtypeauto.0;472.65;edge_0_0_0;0.0;-6.0;0.2;-7.51;0.31;-8.36;0.38;-8.71;;;;;;;;
139;16.6;22.6;0.9;5;Successful;Effective;collision;18.99;vtypeauto.1;vtypeauto.0;443.65;edge_0_0_0;0.0;-6.0;0.2;-7.7;0.31;-8.69;0.38;-9.0;;;;;;;;
140;16.6;22.6;0.9;8;Successful;Effective;collision;19.68;vtypeauto.1;vtypeauto.0;460.31;edge_0_0_0;0.0;-6.0;0.2;-7.7;0.31;-8.69;0.38;-9.0;;;;;;;;
141;16.6;22.6;0.9;10;Successful;Effective;collision;20.27;vtypeauto.1;vtypeauto.0;470.57;edge_0_0_0;0.0;-6.0;0.2;-7.7;0.31;-8.69;0.38;-9.0;;;;;;;;
142;16.6;22.6;1.0;5;Successful;Effective;collision;18.92;vtypeauto.1;vtypeauto.0;442.72;edge_0_0_0;0.0;-6.0;0.2;-7.89;0.31;-9.0;0.38;-9.0;;;;;;;;
143;16.6;22.6;1.0;8;Successful;Effective;collision;19.50;vtypeauto.1;vtypeauto.0;458.56;edge_0_0_0;0.0;-6.0;0.2;-7.89;0.31;-9.0;0.38;-9.0;;;;;;;;
144;16.6;22.6;1.0;10;Successful;Effective;collision;19.97;vtypeauto.1;vtypeauto.0;468.67;edge_0_0_0;0.0;-6.0;0.2;-7.89;0.31;-9.0;0.38;-9.0;;;;;;;;
145;16.6;22.6;1.1;5;Successful;Effective;collision;18.87;vtypeauto.1;vtypeauto.0;442.03;edge_0_0_0;0.0;-6.0;0.2;-8.08;0.31;-9.0;0.38;-9.0;;;;;;;;
146;16.6;22.6;1.1;8;Successful;Effective;collision;19.39;vtypeauto.1;vtypeauto.0;457.46;edge_0_0_0;0.0;-6.0;0.2;-8.08;0.31;-9.0;0.38;-9.0;;;;;;;;
147;16.6;22.6;1.1;10;Successful;Effective;collision;19.77;vtypeauto.1;vtypeauto.0;467.08;edge_0_0_0;0.0;-6.0;0.2;-8.08;0.31;-9.0;0.38;-9.0;;;;;;;;
148;16.7;22.7;0.5;5;Successful;Effective;collision;19.94;vtypeauto.1;vtypeauto.0;453.41;edge_0_0_0;0.0;-6.0;0.2;-6.95;0.31;-7.45;0.38;-7.64;;;;;;;;
149;16.7;22.7;0.5;8;Successful;Effective;No;No;No;No;No;No;0.0;-6.0;0.2;-6.95;0.31;-7.45;0.38;-7.64;;;;;;;;
150;16.7;22.7;0.5;10;Successful;Effective;No;No;No;No;No;No;0.0;-6.0;0.2;-6.95;0.31;-7.45;0.38;-7.64;;;;;;;;
151;16.7;22.7;0.6;5;Successful;Effective;collision;19.50;vtypeauto.1;vtypeauto.0;449.56;edge_0_0_0;0.0;-6.0;0.2;-7.14;0.31;-7.75;0.38;-7.98;;;;;;;;
152;16.7;22.7;0.6;8;Successful;Effective;No;No;No;No;No;No;0.0;-6.0;0.2;-7.14;0.31;-7.75;0.38;-7.98;;;;;;;;
153;16.7;22.7;0.6;10;Successful;Effective;No;No;No;No;No;No;0.0;-6.0;0.2;-7.14;0.31;-7.75;0.38;-7.98;;;;;;;;
154;16.7;22.7;0.7;5;Successful;Effective;collision;19.25;vtypeauto.1;vtypeauto.0;446.85;edge_0_0_0;0.0;-6.0;0.2;-7.32;0.31;-8.05;0.38;-8.33;;;;;;;;
155;16.7;22.7;0.7;8;Successful;Effective;collision;20.39;vtypeauto.1;vtypeauto.0;465.17;edge_0_0_0;0.0;-6.0;0.2;-7.32;0.31;-8.05;0.38;-8.33;;;;;;;;
156;16.7;22.7;0.7;10;Successful;Effective;No;No;No;No;No;No;0.0;-6.0;0.2;-7.32;0.31;-8.05;0.38;-8.33;;;;;;;;
157;16.7;22.7;0.8;5;Successful;Effective;collision;19.10;vtypeauto.1;vtypeauto.0;445.08;edge_0_0_0;0.0;-6.0;0.2;-7.51;0.31;-8.36;0.38;-8.71;;;;;;;;
158;16.7;22.7;0.8;8;Successful;Effective;collision;19.94;vtypeauto.1;vtypeauto.0;462.43;edge_0_0_0;0.0;-6.0;0.2;-7.51;0.31;-8.36;0.38;-8.71;;;;;;;;
159;16.7;22.7;0.8;10;Successful;Effective;collision;20.81;vtypeauto.1;vtypeauto.0;472.65;edge_0_0_0;0.0;-6.0;0.2;-7.51;0.31;-8.36;0.38;-8.71;;;;;;;;
160;16.7;22.7;0.9;5;Successful;Effective;collision;18.99;vtypeauto.1;vtypeauto.0;443.65;edge_0_0_0;0.0;-6.0;0.2;-7.7;0.31;-8.69;0.38;-9.0;;;;;;;;
161;16.7;22.7;0.9;8;Successful;Effective;collision;19.68;vtypeauto.1;vtypeauto.0;460.31;edge_0_0_0;0.0;-6.0;0.2;-7.7;0.31;-8.69;0.38;-9.0;;;;;;;;
162;16.7;22.7;0.9;10;Successful;Effective;collision;20.27;vtypeauto.1;vtypeauto.0;470.57;edge_0_0_0;0.0;-6.0;0.2;-7.7;0.31;-8.69;0.38;-9.0;;;;;;;;
163;16.7;22.7;1.0;5;Successful;Effective;collision;18.92;vtypeauto.1;vtypeauto.0;442.72;edge_0_0_0;0.0;-6.0;0.2;-7.89;0.31;-9.0;0.38;-9.0;;;;;;;;
164;16.7;22.7;1.0;8;Successful;Effective;collision;19.50;vtypeauto.1;vtypeauto.0;458.56;edge_0_0_0;0.0;-6.0;0.2;-7.89;0.31;-9.0;0.38;-9.0;;;;;;;;
165;16.7;22.7;1.0;10;Successful;Effective;collision;19.97;vtypeauto.1;vtypeauto.0;468.67;edge_0_0_0;0.0;-6.0;0.2;-7.89;0.31;-9.0;0.38;-9.0;;;;;;;;
166;16.7;22.7;1.1;5;Successful;Effective;collision;18.87;vtypeauto.1;vtypeauto.0;442.03;edge_0_0_0;0.0;-6.0;0.2;-8.08;0.31;-9.0;0.38;-9.0;;;;;;;;
167;16.7;22.7;1.1;8;Successful;Effective;collision;19.39;vtypeauto.1;vtypeauto.0;457.46;edge_0_0_0;0.0;-6.0;0.2;-8.08;0.31;-9.0;0.38;-9.0;;;;;;;;
168;16.7;22.7;1.1;10;Successful;Effective;collision;19.77;vtypeauto.1;vtypeauto.0;467.08;edge_0_0_0;0.0;-6.0;0.2;-8.08;0.31;-9.0;0.38;-9.0;;;;;;;;
169;16.8;22.8;0.5;5;Successful;Effective;collision;19.94;vtypeauto.1;vtypeauto.0;453.41;edge_0_0_0;0.0;-6.0;0.2;-6.95;0.31;-7.45;0.38;-7.64;;;;;;;;
170;16.8;22.8;0.5;8;Successful;Effective;No;No;No;No;No;No;0.0;-6.0;0.2;-6.95;0.31;-7.45;0.38;-7.64;;;;;;;;
171;16.8;22.8;0.5;10;Successful;Effective;No;No;No;No;No;No;0.0;-6.0;0.2;-6.95;0.31;-7.45;0.38;-7.64;;;;;;;;
172;16.8;22.8;0.6;5;Successful;Effective;collision;19.50;vtypeauto.1;vtypeauto.0;449.56;edge_0_0_0;0.0;-6.0;0.2;-7.14;0.31;-7.75;0.38;-7.98;;;;;;;;
173;16.8;22.8;0.6;8;Successful;Effective;No;No;No;No;No;No;0.0;-6.0;0.2;-7.14;0.31;-7.75;0.38;-7.98;;;;;;;;
174;16.8;22.8;0.6;10;Successful;Effective;No;No;No;No;No;No;0.0;-6.0;0.2;-7.14;0.31;-7.75;0.38;-7.98;;;;;;;;
175;16.8;22.8;0.7;5;Successful;Effective;collision;19.25;vtypeauto.1;vtypeauto.0;446.85;edge_0_0_0;0.0;-6.0;0.2;-7.32;0.31;-8.05;0.38;-8.33;;;;;;;;
176;16.8;22.8;0.7;8;Successful;Effective;collision;20.39;vtypeauto.1;vtypeauto.0;465.17;edge_0_0_0;0.0;-6.0;0.2;-7.32;0.31;-8.05;0.38;-8.33;;;;;;;;
177;16.8;22.8;0.7;10;Successful;Effective;No;No;No;No;No;No;0.0;-6.0;0.2;-7.32;0.31;-8.05;0.38;-8.33;;;;;;;;
178;16.8;22.8;0.8;5;Successful;Effective;collision;19.10;vtypeauto.1;vtypeauto.0;445.08;edge_0_0_0;0.0;-6.0;0.2;-7.51;0.31;-8.36;0.38;-8.71;;;;;;;;
179;16.8;22.8;0.8;8;Successful;Effective;collision;19.94;vtypeauto.1;vtypeauto.0;462.43;edge_0_0_0;0.0;-6.0;0.2;-7.51;0.31;-8.36;0.38;-8.71;;;;;;;;
180;16.8;22.8;0.8;10;Successful;Effective;collision;20.81;vtypeauto.1;vtypeauto.0;472.65;edge_0_0_0;0.0;-6.0;0.2;-7.51;0.31;-8.36;0.38;-8.71;;;;;;;;
181;16.8;22.8;0.9;5;Successful;Effective;collision;18.99;vtypeauto.1;vtypeauto.0;443.65;edge_0_0_0;0.0;-6.0;0.2;-7.7;0.31;-8.69;0.38;-9.0;;;;;;;;
182;16.8;22.8;0.9;8;Successful;Effective;collision;19.68;vtypeauto.1;vtypeauto.0;460.31;edge_0_0_0;0.0;-6.0;0.2;-7.7;0.31;-8.69;0.38;-9.0;;;;;;;;
183;16.8;22.8;0.9;10;Successful;Effective;collision;20.27;vtypeauto.1;vtypeauto.0;470.57;edge_0_0_0;0.0;-6.0;0.2;-7.7;0.31;-8.69;0.38;-9.0;;;;;;;;
184;16.8;22.8;1.0;5;Successful;Effective;collision;18.92;vtypeauto.1;vtypeauto.0;442.72;edge_0_0_0;0.0;-6.0;0.2;-7.89;0.31;-9.0;0.38;-9.0;;;;;;;;
185;16.8;22.8;1.0;8;Successful;Effective;collision;19.50;vtypeauto.1;vtypeauto.0;458.56;edge_0_0_0;0.0;-6.0;0.2;-7.89;0.31;-9.0;0.38;-9.0;;;;;;;;
186;16.8;22.8;1.0;10;Successful;Effective;collision;19.97;vtypeauto.1;vtypeauto.0;468.67;edge_0_0_0;0.0;-6.0;0.2;-7.89;0.31;-9.0;0.38;-9.0;;;;;;;;
187;16.8;22.8;1.1;5;Successful;Effective;collision;18.87;vtypeauto.1;vtypeauto.0;442.03;edge_0_0_0;0.0;-6.0;0.2;-8.08;0.31;-9.0;0.38;-9.0;;;;;;;;
188;16.8;22.8;1.1;8;Successful;Effective;collision;19.39;vtypeauto.1;vtypeauto.0;457.46;edge_0_0_0;0.0;-6.0;0.2;-8.08;0.31;-9.0;0.38;-9.0;;;;;;;;
189;16.8;22.8;1.1;10;Successful;Effective;collision;19.77;vtypeauto.1;vtypeauto.0;467.08;edge_0_0_0;0.0;-6.0;0.2;-8.08;0.31;-9.0;0.38;-9.0;;;;;;;;
190;16.9;22.9;0.5;5;Successful;Effective;collision;19.94;vtypeauto.1;vtypeauto.0;453.41;edge_0_0_0;0.0;-6.0;0.2;-6.95;0.31;-7.46;0.38;-7.64;;;;;;;;
191;16.9;22.9;0.5;8;Successful;Effective;No;No;No;No;No;No;0.0;-6.0;0.2;-6.95;0.31;-7.46;0.38;-7.64;;;;;;;;
192;16.9;22.9;0.5;10;Successful;Effective;No;No;No;No;No;No;0.0;-6.0;0.2;-6.95;0.31;-7.46;0.38;-7.64;;;;;;;;
193;16.9;22.9;0.6;5;Successful;Effective;collision;19.50;vtypeauto.1;vtypeauto.0;449.56;edge_0_0_0;0.0;-6.0;0.2;-7.14;0.31;-7.75;0.38;-7.98;;;;;;;;
194;16.9;22.9;0.6;8;Successful;Effective;No;No;No;No;No;No;0.0;-6.0;0.2;-7.14;0.31;-7.75;0.38;-7.98;;;;;;;;
195;16.9;22.9;0.6;10;Successful;Effective;No;No;No;No;No;No;0.0;-6.0;0.2;-7.14;0.31;-7.75;0.38;-7.98;;;;;;;;
196;16.9;22.9;0.7;5;Successful;Effective;collision;19.25;vtypeauto.1;vtypeauto.0;446.85;edge_0_0_0;0.0;-6.0;0.2;-7.32;0.31;-8.05;0.38;-8.33;;;;;;;;
197;16.9;22.9;0.7;8;Successful;Effective;collision;20.39;vtypeauto.1;vtypeauto.0;465.17;edge_0_0_0;0.0;-6.0;0.2;-7.32;0.31;-8.05;0.38;-8.33;;;;;;;;
198;16.9;22.9;0.7;10;Successful;Effective;No;No;No;No;No;No;0.0;-6.0;0.2;-7.32;0.31;-8.05;0.38;-8.33;;;;;;;;
199;16.9;22.9;0.8;5;Successful;Effective;collision;19.10;vtypeauto.1;vtypeauto.0;445.08;edge_0_0_0;0.0;-6.0;0.2;-7.51;0.31;-8.36;0.38;-8.71;;;;;;;;
200;16.9;22.9;0.8;8;Successful;Effective;collision;19.94;vtypeauto.1;vtypeauto.0;462.43;edge_0_0_0;0.0;-6.0;0.2;-7.51;0.31;-8.36;0.38;-8.71;;;;;;;;
201;16.9;22.9;0.8;10;Successful;Effective;collision;20.81;vtypeauto.1;vtypeauto.0;472.65;edge_0_0_0;0.0;-6.0;0.2;-7.51;0.31;-8.36;0.38;-8.71;;;;;;;;
202;16.9;22.9;0.9;5;Successful;Effective;collision;18.99;vtypeauto.1;vtypeauto.0;443.65;edge_0_0_0;0.0;-6.0;0.2;-7.7;0.31;-8.69;0.38;-9.0;;;;;;;;
203;16.9;22.9;0.9;8;Successful;Effective;collision;19.68;vtypeauto.1;vtypeauto.0;460.31;edge_0_0_0;0.0;-6.0;0.2;-7.7;0.31;-8.69;0.38;-9.0;;;;;;;;
204;16.9;22.9;0.9;10;Successful;Effective;collision;20.27;vtypeauto.1;vtypeauto.0;470.57;edge_0_0_0;0.0;-6.0;0.2;-7.7;0.31;-8.69;0.38;-9.0;;;;;;;;
205;16.9;22.9;1.0;5;Successful;Effective;collision;18.92;vtypeauto.1;vtypeauto.0;442.72;edge_0_0_0;0.0;-6.0;0.2;-7.89;0.31;-9.0;0.38;-9.0;;;;;;;;
206;16.9;22.9;1.0;8;Successful;Effective;collision;19.50;vtypeauto.1;vtypeauto.0;458.56;edge_0_0_0;0.0;-6.0;0.2;-7.89;0.31;-9.0;0.38;-9.0;;;;;;;;
207;16.9;22.9;1.0;10;Successful;Effective;collision;19.97;vtypeauto.1;vtypeauto.0;468.67;edge_0_0_0;0.0;-6.0;0.2;-7.89;0.31;-9.0;0.38;-9.0;;;;;;;;
208;16.9;22.9;1.1;5;Successful;Effective;collision;18.87;vtypeauto.1;vtypeauto.0;442.03;edge_0_0_0;0.0;-6.0;0.2;-8.08;0.31;-9.0;0.38;-9.0;;;;;;;;
209;16.9;22.9;1.1;8;Successful;Effective;collision;19.39;vtypeauto.1;vtypeauto.0;457.46;edge_0_0_0;0.0;-6.0;0.2;-8.08;0.31;-9.0;0.38;-9.0;;;;;;;;
210;16.9;22.9;1.1;10;Successful;Effective;collision;19.77;vtypeauto.1;vtypeauto.0;467.08;edge_0_0_0;0.0;-6.0;0.2;-8.08;0.31;-9.0;0.38;-9.0;;;;;;;;
211;17.0;23.0;0.5;5;Successful;Effective;collision;19.94;vtypeauto.1;vtypeauto.0;453.41;edge_0_0_0;0.0;-6.0;0.2;-6.95;0.31;-7.46;0.38;-7.64;;;;;;;;
212;17.0;23.0;0.5;8;Successful;Effective;No;No;No;No;No;No;0.0;-6.0;0.2;-6.95;0.31;-7.46;0.38;-7.64;;;;;;;;
213;17.0;23.0;0.5;10;Successful;Effective;No;No;No;No;No;No;0.0;-6.0;0.2;-6.95;0.31;-7.46;0.38;-7.64;;;;;;;;
214;17.0;23.0;0.6;5;Successful;Effective;collision;19.50;vtypeauto.1;vtypeauto.0;449.56;edge_0_0_0;0.0;-6.0;0.2;-7.14;0.31;-7.75;0.38;-7.98;;;;;;;;
215;17.0;23.0;0.6;8;Successful;Effective;No;No;No;No;No;No;0.0;-6.0;0.2;-7.14;0.31;-7.75;0.38;-7.98;;;;;;;;
216;17.0;23.0;0.6;10;Successful;Effective;No;No;No;No;No;No;0.0;-6.0;0.2;-7.14;0.31;-7.75;0.38;-7.98;;;;;;;;
217;17.0;23.0;0.7;5;Successful;Effective;collision;19.25;vtypeauto.1;vtypeauto.0;446.85;edge_0_0_0;0.0;-6.0;0.2;-7.32;0.31;-8.05;0.38;-8.33;;;;;;;;
218;17.0;23.0;0.7;8;Successful;Effective;collision;20.39;vtypeauto.1;vtypeauto.0;465.17;edge_0_0_0;0.0;-6.0;0.2;-7.32;0.31;-8.05;0.38;-8.33;;;;;;;;
219;17.0;23.0;0.7;10;Successful;Effective;No;No;No;No;No;No;0.0;-6.0;0.2;-7.32;0.31;-8.05;0.38;-8.33;;;;;;;;
220;17.0;23.0;0.8;5;Successful;Effective;collision;19.10;vtypeauto.1;vtypeauto.0;445.08;edge_0_0_0;0.0;-6.0;0.2;-7.51;0.31;-8.36;0.38;-8.71;;;;;;;;
221;17.0;23.0;0.8;8;Successful;Effective;collision;19.94;vtypeauto.1;vtypeauto.0;462.43;edge_0_0_0;0.0;-6.0;0.2;-7.51;0.31;-8.36;0.38;-8.71;;;;;;;;
222;17.0;23.0;0.8;10;Successful;Effective;collision;20.81;vtypeauto.1;vtypeauto.0;472.65;edge_0_0_0;0.0;-6.0;0.2;-7.51;0.31;-8.36;0.38;-8.71;;;;;;;;
223;17.0;23.0;0.9;5;Successful;Effective;collision;18.99;vtypeauto.1;vtypeauto.0;443.65;edge_0_0_0;0.0;-6.0;0.2;-7.7;0.31;-8.69;0.38;-9.0;;;;;;;;
224;17.0;23.0;0.9;8;Successful;Effective;collision;19.68;vtypeauto.1;vtypeauto.0;460.31;edge_0_0_0;0.0;-6.0;0.2;-7.7;0.31;-8.69;0.38;-9.0;;;;;;;;
225;17.0;23.0;0.9;10;Successful;Effective;collision;20.27;vtypeauto.1;vtypeauto.0;470.57;edge_0_0_0;0.0;-6.0;0.2;-7.7;0.31;-8.69;0.38;-9.0;;;;;;;;
226;17.0;23.0;1.0;5;Successful;Effective;collision;18.92;vtypeauto.1;vtypeauto.0;442.72;edge_0_0_0;0.0;-6.0;0.2;-7.89;0.31;-9.0;0.38;-9.0;;;;;;;;
227;17.0;23.0;1.0;8;Successful;Effective;collision;19.50;vtypeauto.1;vtypeauto.0;458.56;edge_0_0_0;0.0;-6.0;0.2;-7.89;0.31;-9.0;0.38;-9.0;;;;;;;;
228;17.0;23.0;1.0;10;Successful;Effective;collision;19.97;vtypeauto.1;vtypeauto.0;468.67;edge_0_0_0;0.0;-6.0;0.2;-7.89;0.31;-9.0;0.38;-9.0;;;;;;;;
229;17.0;23.0;1.1;5;Successful;Effective;collision;18.87;vtypeauto.1;vtypeauto.0;442.03;edge_0_0_0;0.0;-6.0;0.2;-8.08;0.31;-9.0;0.38;-9.0;;;;;;;;
230;17.0;23.0;1.1;8;Successful;Effective;collision;19.39;vtypeauto.1;vtypeauto.0;457.46;edge_0_0_0;0.0;-6.0;0.2;-8.08;0.31;-9.0;0.38;-9.0;;;;;;;;
231;17.0;23.0;1.1;10;Successful;Effective;collision;19.77;vtypeauto.1;vtypeauto.0;467.08;edge_0_0_0;0.0;-6.0;0.2;-8.08;0.31;-9.0;0.38;-9.0;;;;;;;;
232;17.1;23.1;0.5;5;Successful;Effective;No;No;No;No;No;No;0.0;-6.0;0.2;-6.17;0.31;-6.65;0.38;-6.91;;;;;;;;
233;17.1;23.1;0.5;8;Successful;Effective;No;No;No;No;No;No;0.0;-6.0;0.2;-6.17;0.31;-6.65;0.38;-6.91;;;;;;;;
234;17.1;23.1;0.5;10;Successful;Effective;No;No;No;No;No;No;0.0;-6.0;0.2;-6.17;0.31;-6.65;0.38;-6.91;;;;;;;;
235;17.1;23.1;0.6;5;Successful;Effective;No;No;No;No;No;No;0.0;-6.0;0.2;-6.2;0.31;-6.76;0.38;-7.07;;;;;;;;
236;17.1;23.1;0.6;8;Successful;Effective;No;No;No;No;No;No;0.0;-6.0;0.2;-6.2;0.31;-6.76;0.38;-7.07;;;;;;;;
237;17.1;23.1;0.6;10;Successful;Effective;No;No;No;No;No;No;0.0;-6.0;0.2;-6.2;0.31;-6.76;0.38;-7.07;;;;;;;;
238;17.1;23.1;0.7;5;Successful;Effective;No;No;No;No;No;No;0.0;-6.0;0.2;-6.23;0.31;-6.86;0.38;-7.22;;;;;;;;
239;17.1;23.1;0.7;8;Successful;Effective;No;No;No;No;No;No;0.0;-6.0;0.2;-6.23;0.31;-6.86;0.38;-7.22;;;;;;;;
240;17.1;23.1;0.7;10;Successful;Effective;No;No;No;No;No;No;0.0;-6.0;0.2;-6.23;0.31;-6.86;0.38;-7.22;;;;;;;;
241;17.1;23.1;0.8;5;Successful;Effective;collision;21.24;vtypeauto.2;vtypeauto.1;450.41;edge_0_0_0;0.0;-6.0;0.2;-6.27;0.31;-6.96;0.38;-7.38;;;;;;;;
242;17.1;23.1;0.8;8;Successful;Effective;No;No;No;No;No;No;0.0;-6.0;0.2;-6.27;0.31;-6.96;0.38;-7.38;;;;;;;;
243;17.1;23.1;0.8;10;Successful;Effective;No;No;No;No;No;No;0.0;-6.0;0.2;-6.27;0.31;-6.96;0.38;-7.38;;;;;;;;
244;17.1;23.1;0.9;5;Successful;Effective;collision;20.73;vtypeauto.2;vtypeauto.1;449.88;edge_0_0_0;0.0;-6.0;0.2;-6.31;0.31;-7.07;0.38;-7.54;;;;;;;;
245;17.1;23.1;0.9;8;Successful;Effective;No;No;No;No;No;No;0.0;-6.0;0.2;-6.31;0.31;-7.07;0.38;-7.54;;;;;;;;
246;17.1;23.1;0.9;10;Successful;Effective;No;No;No;No;No;No;0.0;-6.0;0.2;-6.31;0.31;-7.07;0.38;-7.54;;;;;;;;
247;17.1;23.1;1.0;5;Successful;Effective;collision;20.44;vtypeauto.2;vtypeauto.1;448.91;edge_0_0_0;0.0;-6.0;0.2;-6.36;0.31;-7.17;0.38;-7.69;;;;;;;;
248;17.1;23.1;1.0;8;Successful;Effective;No;No;No;No;No;No;0.0;-6.0;0.2;-6.36;0.31;-7.17;0.38;-7.69;;;;;;;;
249;17.1;23.1;1.0;10;Successful;Effective;No;No;No;No;No;No;0.0;-6.0;0.2;-6.36;0.31;-7.17;0.38;-7.69;;;;;;;;
250;17.1;23.1;1.1;5;Successful;Effective;collision;20.25;vtypeauto.2;vtypeauto.1;448.03;edge_0_0_0;0.0;-6.0;0.2;-6.41;0.31;-7.28;0.38;-7.82;;;;;;;;
251;17.1;23.1;1.1;8;Successful;Effective;No;No;No;No;No;No;0.0;-6.0;0.2;-6.41;0.31;-7.28;0.38;-7.82;;;;;;;;
252;17.1;23.1;1.1;10;Successful;Effective;No;No;No;No;No;No;0.0;-6.0;0.2;-6.41;0.31;-7.28;0.38;-7.82;;;;;;;;
253;17.2;23.2;0.5;5;Successful;Effective;No;No;No;No;No;No;0.0;-6.0;0.2;-6.16;0.31;-6.27;0.38;-6.5;;;;;;;;
254;17.2;23.2;0.5;8;Successful;Effective;No;No;No;No;No;No;0.0;-6.0;0.2;-6.16;0.31;-6.27;0.38;-6.5;;;;;;;;
255;17.2;23.2;0.5;10;Successful;Effective;No;No;No;No;No;No;0.0;-6.0;0.2;-6.16;0.31;-6.27;0.38;-6.5;;;;;;;;
256;17.2;23.2;0.6;5;Successful;Effective;No;No;No;No;No;No;0.0;-6.0;0.2;-6.18;0.31;-6.31;0.38;-6.56;;;;;;;;
257;17.2;23.2;0.6;8;Successful;Effective;No;No;No;No;No;No;0.0;-6.0;0.2;-6.18;0.31;-6.31;0.38;-6.56;;;;;;;;
258;17.2;23.2;0.6;10;Successful;Effective;No;No;No;No;No;No;0.0;-6.0;0.2;-6.18;0.31;-6.31;0.38;-6.56;;;;;;;;
259;17.2;23.2;0.7;5;Successful;Effective;No;No;No;No;No;No;0.0;-6.0;0.2;-6.21;0.31;-6.35;0.38;-6.62;;;;;;;;
260;17.2;23.2;0.7;8;Successful;Effective;No;No;No;No;No;No;0.0;-6.0;0.2;-6.21;0.31;-6.35;0.38;-6.62;;;;;;;;
261;17.2;23.2;0.7;10;Successful;Effective;No;No;No;No;No;No;0.0;-6.0;0.2;-6.21;0.31;-6.35;0.38;-6.62;;;;;;;;
262;17.2;23.2;0.8;5;Successful;Effective;No;No;No;No;No;No;0.0;-6.0;0.2;-6.24;0.31;-6.4;0.38;-6.68;;;;;;;;
263;17.2;23.2;0.8;8;Successful;Effective;No;No;No;No;No;No;0.0;-6.0;0.2;-6.24;0.31;-6.4;0.38;-6.68;;;;;;;;
264;17.2;23.2;0.8;10;Successful;Effective;No;No;No;No;No;No;0.0;-6.0;0.2;-6.24;0.31;-6.4;0.38;-6.68;;;;;;;;
265;17.2;23.2;0.9;5;Successful;Effective;No;No;No;No;No;No;0.0;-6.0;0.2;-6.27;0.31;-6.46;0.38;-6.72;;;;;;;;
266;17.2;23.2;0.9;8;Successful;Effective;No;No;No;No;No;No;0.0;-6.0;0.2;-6.27;0.31;-6.46;0.38;-6.72;;;;;;;;
267;17.2;23.2;0.9;10;Successful;Effective;No;No;No;No;No;No;0.0;-6.0;0.2;-6.27;0.31;-6.46;0.38;-6.72;;;;;;;;
268;17.2;23.2;1.0;5;Successful;Effective;No;No;No;No;No;No;0.0;-6.0;0.2;-6.31;0.31;-6.52;0.38;-6.72;;;;;;;;
269;17.2;23.2;1.0;8;Successful;Effective;No;No;No;No;No;No;0.0;-6.0;0.2;-6.31;0.31;-6.52;0.38;-6.72;;;;;;;;
270;17.2;23.2;1.0;10;Successful;Effective;No;No;No;No;No;No;0.0;-6.0;0.2;-6.31;0.31;-6.52;0.38;-6.72;;;;;;;;
271;17.2;23.2;1.1;5;Successful;Effective;No;No;No;No;No;No;0.0;-6.0;0.2;-6.35;0.31;-6.57;0.38;-6.7;;;;;;;;
272;17.2;23.2;1.1;8;Successful;Effective;No;No;No;No;No;No;0.0;-6.0;0.2;-6.35;0.31;-6.57;0.38;-6.7;;;;;;;;
273;17.2;23.2;1.1;10;Successful;Effective;No;No;No;No;No;No;0.0;-6.0;0.2;-6.35;0.31;-6.57;0.38;-6.7;;;;;;;;
274;17.3;23.3;0.5;5;Successful;Effective;No;No;No;No;No;No;0.0;-6.0;0.2;-6.15;0.31;-6.25;0.38;-6.31;;;;;;;;
275;17.3;23.3;0.5;8;Successful;Effective;No;No;No;No;No;No;0.0;-6.0;0.2;-6.15;0.31;-6.25;0.38;-6.31;;;;;;;;
276;17.3;23.3;0.5;10;Successful;Effective;No;No;No;No;No;No;0.0;-6.0;0.2;-6.15;0.31;-6.25;0.38;-6.31;;;;;;;;
277;17.3;23.3;0.6;5;Successful;Effective;No;No;No;No;No;No;0.0;-6.0;0.2;-6.16;0.31;-6.28;0.38;-6.34;;;;;;;;
278;17.3;23.3;0.6;8;Successful;Effective;No;No;No;No;No;No;0.0;-6.0;0.2;-6.16;0.31;-6.28;0.38;-6.34;;;;;;;;
279;17.3;23.3;0.6;10;Successful;Effective;No;No;No;No;No;No;0.0;-6.0;0.2;-6.16;0.31;-6.28;0.38;-6.34;;;;;;;;
280;17.3;23.3;0.7;5;Successful;Effective;No;No;No;No;No;No;0.0;-6.0;0.2;-6.18;0.31;-6.31;0.38;-6.38;;;;;;;;
281;17.3;23.3;0.7;8;Successful;Effective;No;No;No;No;No;No;0.0;-6.0;0.2;-6.18;0.31;-6.31;0.38;-6.38;;;;;;;;
282;17.3;23.3;0.7;10;Successful;Effective;No;No;No;No;No;No;0.0;-6.0;0.2;-6.18;0.31;-6.31;0.38;-6.38;;;;;;;;
283;17.3;23.3;0.8;5;Successful;Effective;No;No;No;No;No;No;0.0;-6.0;0.2;-6.21;0.31;-6.35;0.38;-6.4;;;;;;;;
284;17.3;23.3;0.8;8;Successful;Effective;No;No;No;No;No;No;0.0;-6.0;0.2;-6.21;0.31;-6.35;0.38;-6.4;;;;;;;;
285;17.3;23.3;0.8;10;Successful;Effective;No;No;No;No;No;No;0.0;-6.0;0.2;-6.21;0.31;-6.35;0.38;-6.4;;;;;;;;
286;17.3;23.3;0.9;5;Successful;Effective;No;No;No;No;No;No;0.0;-6.0;0.2;-6.24;0.31;-6.4;0.38;-6.39;;;;;;;;
287;17.3;23.3;0.9;8;Successful;Effective;No;No;No;No;No;No;0.0;-6.0;0.2;-6.24;0.31;-6.4;0.38;-6.39;;;;;;;;
288;17.3;23.3;0.9;10;Successful;Effective;No;No;No;No;No;No;0.0;-6.0;0.2;-6.24;0.31;-6.4;0.38;-6.39;;;;;;;;
289;17.3;23.3;1.0;5;Successful;Effective;No;No;No;No;No;No;0.0;-6.0;0.2;-6.27;0.31;-6.44;0.38;-6.36;;;;;;;;
290;17.3;23.3;1.0;8;Successful;Effective;No;No;No;No;No;No;0.0;-6.0;0.2;-6.27;0.31;-6.44;0.38;-6.36;;;;;;;;
291;17.3;23.3;1.0;10;Successful;Effective;No;No;No;No;No;No;0.0;-6.0;0.2;-6.27;0.31;-6.44;0.38;-6.36;;;;;;;;
292;17.3;23.3;1.1;5;Successful;Effective;No;No;No;No;No;No;0.0;-6.0;0.2;-6.3;0.31;-6.47;0.38;-6.29;;;;;;;;
293;17.3;23.3;1.1;8;Successful;Effective;No;No;No;No;No;No;0.0;-6.0;0.2;-6.3;0.31;-6.47;0.38;-6.29;;;;;;;;
294;17.3;23.3;1.1;10;Successful;Effective;No;No;No;No;No;No;0.0;-6.0;0.2;-6.3;0.31;-6.47;0.38;-6.29;;;;;;;;
295;17.4;23.4;0.5;5;Successful;Effective;No;No;No;No;No;No;0.0;-6.0;0.2;-6.13;0.31;-6.23;0.38;-6.28;;;;;;;;
296;17.4;23.4;0.5;8;Successful;Effective;No;No;No;No;No;No;0.0;-6.0;0.2;-6.13;0.31;-6.23;0.38;-6.28;;;;;;;;
297;17.4;23.4;0.5;10;Successful;Effective;No;No;No;No;No;No;0.0;-6.0;0.2;-6.13;0.31;-6.23;0.38;-6.28;;;;;;;;
298;17.4;23.4;0.6;5;Successful;Effective;No;No;No;No;No;No;0.0;-6.0;0.2;-6.15;0.31;-6.25;0.38;-6.31;;;;;;;;
299;17.4;23.4;0.6;8;Successful;Effective;No;No;No;No;No;No;0.0;-6.0;0.2;-6.15;0.31;-6.25;0.38;-6.31;;;;;;;;
300;17.4;23.4;0.6;10;Successful;Effective;No;No;No;No;No;No;0.0;-6.0;0.2;-6.15;0.31;-6.25;0.38;-6.31;;;;;;;;
301;17.4;23.4;0.7;5;Successful;Effective;No;No;No;No;No;No;0.0;-6.0;0.2;-6.17;0.31;-6.28;0.38;-6.33;;;;;;;;
302;17.4;23.4;0.7;8;Successful;Effective;No;No;No;No;No;No;0.0;-6.0;0.2;-6.17;0.31;-6.28;0.38;-6.33;;;;;;;;
303;17.4;23.4;0.7;10;Successful;Effective;No;No;No;No;No;No;0.0;-6.0;0.2;-6.17;0.31;-6.28;0.38;-6.33;;;;;;;;
304;17.4;23.4;0.8;5;Successful;Effective;No;No;No;No;No;No;0.0;-6.0;0.2;-6.18;0.31;-6.31;0.38;-6.34;;;;;;;;
305;17.4;23.4;0.8;8;Successful;Effective;No;No;No;No;No;No;0.0;-6.0;0.2;-6.18;0.31;-6.31;0.38;-6.34;;;;;;;;
306;17.4;23.4;0.8;10;Successful;Effective;No;No;No;No;No;No;0.0;-6.0;0.2;-6.18;0.31;-6.31;0.38;-6.34;;;;;;;;
307;17.4;23.4;0.9;5;Successful;Effective;No;No;No;No;No;No;0.0;-6.0;0.2;-6.21;0.31;-6.34;0.38;-6.33;;;;;;;;
308;17.4;23.4;0.9;8;Successful;Effective;No;No;No;No;No;No;0.0;-6.0;0.2;-6.21;0.31;-6.34;0.38;-6.33;;;;;;;;
309;17.4;23.4;0.9;10;Successful;Effective;No;No;No;No;No;No;0.0;-6.0;0.2;-6.21;0.31;-6.34;0.38;-6.33;;;;;;;;
310;17.4;23.4;1.0;5;Successful;Effective;No;No;No;No;No;No;0.0;-6.0;0.2;-6.23;0.31;-6.37;0.38;-6.29;;;;;;;;
311;17.4;23.4;1.0;8;Successful;Effective;No;No;No;No;No;No;0.0;-6.0;0.2;-6.23;0.31;-6.37;0.38;-6.29;;;;;;;;
312;17.4;23.4;1.0;10;Successful;Effective;No;No;No;No;No;No;0.0;-6.0;0.2;-6.23;0.31;-6.37;0.38;-6.29;;;;;;;;
313;17.4;23.4;1.1;5;Successful;Effective;No;No;No;No;No;No;0.0;-6.0;0.2;-6.26;0.31;-6.39;0.38;-6.23;;;;;;;;
314;17.4;23.4;1.1;8;Successful;Effective;No;No;No;No;No;No;0.0;-6.0;0.2;-6.26;0.31;-6.39;0.38;-6.23;;;;;;;;
315;17.4;23.4;1.1;10;Successful;Effective;No;No;No;No;No;No;0.0;-6.0;0.2;-6.26;0.31;-6.39;0.38;-6.23;;;;;;;;
316;17.5;23.5;0.5;5;Successful;Effective;No;No;No;No;No;No;0.0;-6.0;0.2;-6.13;0.31;-6.21;0.38;-6.27;;;;;;;;
317;17.5;23.5;0.5;8;Successful;Effective;No;No;No;No;No;No;0.0;-6.0;0.2;-6.13;0.31;-6.21;0.38;-6.27;;;;;;;;
318;17.5;23.5;0.5;10;Successful;Effective;No;No;No;No;No;No;0.0;-6.0;0.2;-6.13;0.31;-6.21;0.38;-6.27;;;;;;;;
319;17.5;23.5;0.6;5;Successful;Effective;No;No;No;No;No;No;0.0;-6.0;0.2;-6.14;0.31;-6.23;0.38;-6.28;;;;;;;;
320;17.5;23.5;0.6;8;Successful;Effective;No;No;No;No;No;No;0.0;-6.0;0.2;-6.14;0.31;-6.23;0.38;-6.28;;;;;;;;
321;17.5;23.5;0.6;10;Successful;Effective;No;No;No;No;No;No;0.0;-6.0;0.2;-6.14;0.31;-6.23;0.38;-6.28;;;;;;;;
322;17.5;23.5;0.7;5;Successful;Effective;No;No;No;No;No;No;0.0;-6.0;0.2;-6.15;0.31;-6.25;0.38;-6.3;;;;;;;;
323;17.5;23.5;0.7;8;Successful;Effective;No;No;No;No;No;No;0.0;-6.0;0.2;-6.15;0.31;-6.25;0.38;-6.3;;;;;;;;
324;17.5;23.5;0.7;10;Successful;Effective;No;No;No;No;No;No;0.0;-6.0;0.2;-6.15;0.31;-6.25;0.38;-6.3;;;;;;;;
325;17.5;23.5;0.8;5;Successful;Effective;No;No;No;No;No;No;0.0;-6.0;0.2;-6.17;0.31;-6.27;0.38;-6.3;;;;;;;;
326;17.5;23.5;0.8;8;Successful;Effective;No;No;No;No;No;No;0.0;-6.0;0.2;-6.17;0.31;-6.27;0.38;-6.3;;;;;;;;
327;17.5;23.5;0.8;10;Successful;Effective;No;No;No;No;No;No;0.0;-6.0;0.2;-6.17;0.31;-6.27;0.38;-6.3;;;;;;;;
328;17.5;23.5;0.9;5;Successful;Effective;No;No;No;No;No;No;0.0;-6.0;0.2;-6.18;0.31;-6.3;0.38;-6.28;;;;;;;;
329;17.5;23.5;0.9;8;Successful;Effective;No;No;No;No;No;No;0.0;-6.0;0.2;-6.18;0.31;-6.3;0.38;-6.28;;;;;;;;
330;17.5;23.5;0.9;10;Successful;Effective;No;No;No;No;No;No;0.0;-6.0;0.2;-6.18;0.31;-6.3;0.38;-6.28;;;;;;;;
331;17.5;23.5;1.0;5;Successful;Effective;No;No;No;No;No;No;0.0;-6.0;0.2;-6.2;0.31;-6.31;0.38;-6.24;;;;;;;;
332;17.5;23.5;1.0;8;Successful;Effective;No;No;No;No;No;No;0.0;-6.0;0.2;-6.2;0.31;-6.31;0.38;-6.24;;;;;;;;
333;17.5;23.5;1.0;10;Successful;Effective;No;No;No;No;No;No;0.0;-6.0;0.2;-6.2;0.31;-6.31;0.38;-6.24;;;;;;;;
334;17.5;23.5;1.1;5;Successful;Effective;No;No;No;No;No;No;0.0;-6.0;0.2;-6.22;0.31;-6.32;0.38;-6.19;;;;;;;;
335;17.5;23.5;1.1;8;Successful;Effective;No;No;No;No;No;No;0.0;-6.0;0.2;-6.22;0.31;-6.32;0.38;-6.19;;;;;;;;
336;17.5;23.5;1.1;10;Successful;Effective;No;No;No;No;No;No;0.0;-6.0;0.2;-6.22;0.31;-6.32;0.38;-6.19;;;;;;;;
337;17.6;23.6;0.5;5;Successful;Effective;No;No;No;No;No;No;0.0;-6.0;0.2;-6.12;0.31;-6.2;0.38;-6.25;;;;;;;;
338;17.6;23.6;0.5;8;Successful;Effective;No;No;No;No;No;No;0.0;-6.0;0.2;-6.12;0.31;-6.2;0.38;-6.25;;;;;;;;
339;17.6;23.6;0.5;10;Successful;Effective;No;No;No;No;No;No;0.0;-6.0;0.2;-6.12;0.31;-6.2;0.38;-6.25;;;;;;;;
340;17.6;23.6;0.6;5;Successful;Effective;No;No;No;No;No;No;0.0;-6.0;0.2;-6.13;0.31;-6.21;0.38;-6.26;;;;;;;;
341;17.6;23.6;0.6;8;Successful;Effective;No;No;No;No;No;No;0.0;-6.0;0.2;-6.13;0.31;-6.21;0.38;-6.26;;;;;;;;
342;17.6;23.6;0.6;10;Successful;Effective;No;No;No;No;No;No;0.0;-6.0;0.2;-6.13;0.31;-6.21;0.38;-6.26;;;;;;;;
343;17.6;23.6;0.7;5;Successful;Effective;No;No;No;No;No;No;0.0;-6.0;0.2;-6.14;0.31;-6.23;0.38;-6.27;;;;;;;;
344;17.6;23.6;0.7;8;Successful;Effective;No;No;No;No;No;No;0.0;-6.0;0.2;-6.14;0.31;-6.23;0.38;-6.27;;;;;;;;
345;17.6;23.6;0.7;10;Successful;Effective;No;No;No;No;No;No;0.0;-6.0;0.2;-6.14;0.31;-6.23;0.38;-6.27;;;;;;;;
346;17.6;23.6;0.8;5;Successful;Effective;No;No;No;No;No;No;0.0;-6.0;0.2;-6.15;0.31;-6.24;0.38;-6.27;;;;;;;;
347;17.6;23.6;0.8;8;Successful;Effective;No;No;No;No;No;No;0.0;-6.0;0.2;-6.15;0.31;-6.24;0.38;-6.27;;;;;;;;
348;17.6;23.6;0.8;10;Successful;Effective;No;No;No;No;No;No;0.0;-6.0;0.2;-6.15;0.31;-6.24;0.38;-6.27;;;;;;;;
349;17.6;23.6;0.9;5;Successful;Effective;No;No;No;No;No;No;0.0;-6.0;0.2;-6.16;0.31;-6.26;0.38;-6.25;;;;;;;;
350;17.6;23.6;0.9;8;Successful;Effective;No;No;No;No;No;No;0.0;-6.0;0.2;-6.16;0.31;-6.26;0.38;-6.25;;;;;;;;
351;17.6;23.6;0.9;10;Successful;Effective;No;No;No;No;No;No;0.0;-6.0;0.2;-6.16;0.31;-6.26;0.38;-6.25;;;;;;;;
352;17.6;23.6;1.0;5;Successful;Effective;No;No;No;No;No;No;0.0;-6.0;0.2;-6.18;0.31;-6.27;0.38;-6.21;;;;;;;;
353;17.6;23.6;1.0;8;Successful;Effective;No;No;No;No;No;No;0.0;-6.0;0.2;-6.18;0.31;-6.27;0.38;-6.21;;;;;;;;
354;17.6;23.6;1.0;10;Successful;Effective;No;No;No;No;No;No;0.0;-6.0;0.2;-6.18;0.31;-6.27;0.38;-6.21;;;;;;;;
355;17.6;23.6;1.1;5;Successful;Effective;No;No;No;No;No;No;0.0;-6.0;0.2;-6.19;0.31;-6.27;0.38;-6.17;;;;;;;;
356;17.6;23.6;1.1;8;Successful;Effective;No;No;No;No;No;No;0.0;-6.0;0.2;-6.19;0.31;-6.27;0.38;-6.17;;;;;;;;
357;17.6;23.6;1.1;10;Successful;Effective;No;No;No;No;No;No;0.0;-6.0;0.2;-6.19;0.31;-6.27;0.38;-6.17;;;;;;;;
358;17.7;23.7;0.5;5;Successful;Effective;No;No;No;No;No;No;0.0;-6.0;0.2;-6.11;0.31;-6.19;0.38;-6.24;;;;;;;;
359;17.7;23.7;0.5;8;Successful;Effective;No;No;No;No;No;No;0.0;-6.0;0.2;-6.11;0.31;-6.19;0.38;-6.24;;;;;;;;
360;17.7;23.7;0.5;10;Successful;Effective;No;No;No;No;No;No;0.0;-6.0;0.2;-6.11;0.31;-6.19;0.38;-6.24;;;;;;;;
361;17.7;23.7;0.6;5;Successful;Effective;No;No;No;No;No;No;0.0;-6.0;0.2;-6.12;0.31;-6.2;0.38;-6.24;;;;;;;;
362;17.7;23.7;0.6;8;Successful;Effective;No;No;No;No;No;No;0.0;-6.0;0.2;-6.12;0.31;-6.2;0.38;-6.24;;;;;;;;
363;17.7;23.7;0.6;10;Successful;Effective;No;No;No;No;No;No;0.0;-6.0;0.2;-6.12;0.31;-6.2;0.38;-6.24;;;;;;;;
364;17.7;23.7;0.7;5;Successful;Effective;No;No;No;No;No;No;0.0;-6.0;0.2;-6.13;0.31;-6.21;0.38;-6.25;;;;;;;;
365;17.7;23.7;0.7;8;Successful;Effective;No;No;No;No;No;No;0.0;-6.0;0.2;-6.13;0.31;-6.21;0.38;-6.25;;;;;;;;
366;17.7;23.7;0.7;10;Successful;Effective;No;No;No;No;No;No;0.0;-6.0;0.2;-6.13;0.31;-6.21;0.38;-6.25;;;;;;;;
367;17.7;23.7;0.8;5;Successful;Effective;No;No;No;No;No;No;0.0;-6.0;0.2;-6.14;0.31;-6.22;0.38;-6.24;;;;;;;;
368;17.7;23.7;0.8;8;Successful;Effective;No;No;No;No;No;No;0.0;-6.0;0.2;-6.14;0.31;-6.22;0.38;-6.24;;;;;;;;
369;17.7;23.7;0.8;10;Successful;Effective;No;No;No;No;No;No;0.0;-6.0;0.2;-6.14;0.31;-6.22;0.38;-6.24;;;;;;;;
370;17.7;23.7;0.9;5;Successful;Effective;No;No;No;No;No;No;0.0;-6.0;0.2;-6.15;0.31;-6.23;0.38;-6.22;;;;;;;;
371;17.7;23.7;0.9;8;Successful;Effective;No;No;No;No;No;No;0.0;-6.0;0.2;-6.15;0.31;-6.23;0.38;-6.22;;;;;;;;
372;17.7;23.7;0.9;10;Successful;Effective;No;No;No;No;No;No;0.0;-6.0;0.2;-6.15;0.31;-6.23;0.38;-6.22;;;;;;;;
373;17.7;23.7;1.0;5;Successful;Effective;No;No;No;No;No;No;0.0;-6.0;0.2;-6.16;0.31;-6.23;0.38;-6.19;;;;;;;;
374;17.7;23.7;1.0;8;Successful;Effective;No;No;No;No;No;No;0.0;-6.0;0.2;-6.16;0.31;-6.23;0.38;-6.19;;;;;;;;
375;17.7;23.7;1.0;10;Successful;Effective;No;No;No;No;No;No;0.0;-6.0;0.2;-6.16;0.31;-6.23;0.38;-6.19;;;;;;;;
376;17.7;23.7;1.1;5;Successful;Effective;No;No;No;No;No;No;0.0;-6.0;0.2;-6.17;0.31;-6.23;0.38;-6.16;;;;;;;;
377;17.7;23.7;1.1;8;Successful;Effective;No;No;No;No;No;No;0.0;-6.0;0.2;-6.17;0.31;-6.23;0.38;-6.16;;;;;;;;
378;17.7;23.7;1.1;10;Successful;Effective;No;No;No;No;No;No;0.0;-6.0;0.2;-6.17;0.31;-6.23;0.38;-6.16;;;;;;;;
379;17.8;23.8;0.5;5;Successful;Effective;No;No;No;No;No;No;0.0;-6.0;0.2;-6.11;0.31;-6.18;0.38;-6.23;;;;;;;;
380;17.8;23.8;0.5;8;Successful;Effective;No;No;No;No;No;No;0.0;-6.0;0.2;-6.11;0.31;-6.18;0.38;-6.23;;;;;;;;
381;17.8;23.8;0.5;10;Successful;Effective;No;No;No;No;No;No;0.0;-6.0;0.2;-6.11;0.31;-6.18;0.38;-6.23;;;;;;;;
382;17.8;23.8;0.6;5;Successful;Effective;No;No;No;No;No;No;0.0;-6.0;0.2;-6.11;0.31;-6.19;0.38;-6.23;;;;;;;;
383;17.8;23.8;0.6;8;Successful;Effective;No;No;No;No;No;No;0.0;-6.0;0.2;-6.11;0.31;-6.19;0.38;-6.23;;;;;;;;
384;17.8;23.8;0.6;10;Successful;Effective;No;No;No;No;No;No;0.0;-6.0;0.2;-6.11;0.31;-6.19;0.38;-6.23;;;;;;;;
385;17.8;23.8;0.7;5;Successful;Effective;No;No;No;No;No;No;0.0;-6.0;0.2;-6.12;0.31;-6.19;0.38;-6.23;;;;;;;;
386;17.8;23.8;0.7;8;Successful;Effective;No;No;No;No;No;No;0.0;-6.0;0.2;-6.12;0.31;-6.19;0.38;-6.23;;;;;;;;
387;17.8;23.8;0.7;10;Successful;Effective;No;No;No;No;No;No;0.0;-6.0;0.2;-6.12;0.31;-6.19;0.38;-6.23;;;;;;;;
388;17.8;23.8;0.8;5;Successful;Effective;No;No;No;No;No;No;0.0;-6.0;0.2;-6.12;0.31;-6.2;0.38;-6.22;;;;;;;;
389;17.8;23.8;0.8;8;Successful;Effective;No;No;No;No;No;No;0.0;-6.0;0.2;-6.12;0.31;-6.2;0.38;-6.22;;;;;;;;
390;17.8;23.8;0.8;10;Successful;Effective;No;No;No;No;No;No;0.0;-6.0;0.2;-6.12;0.31;-6.2;0.38;-6.22;;;;;;;;
391;17.8;23.8;0.9;5;Successful;Effective;No;No;No;No;No;No;0.0;-6.0;0.2;-6.13;0.31;-6.21;0.38;-6.2;;;;;;;;
392;17.8;23.8;0.9;8;Successful;Effective;No;No;No;No;No;No;0.0;-6.0;0.2;-6.13;0.31;-6.21;0.38;-6.2;;;;;;;;
393;17.8;23.8;0.9;10;Successful;Effective;No;No;No;No;No;No;0.0;-6.0;0.2;-6.13;0.31;-6.21;0.38;-6.2;;;;;;;;
394;17.8;23.8;1.0;5;Successful;Effective;No;No;No;No;No;No;0.0;-6.0;0.2;-6.14;0.31;-6.2;0.38;-6.18;;;;;;;;
395;17.8;23.8;1.0;8;Successful;Effective;No;No;No;No;No;No;0.0;-6.0;0.2;-6.14;0.31;-6.2;0.38;-6.18;;;;;;;;
396;17.8;23.8;1.0;10;Successful;Effective;No;No;No;No;No;No;0.0;-6.0;0.2;-6.14;0.31;-6.2;0.38;-6.18;;;;;;;;
397;17.8;23.8;1.1;5;Successful;Effective;No;No;No;No;No;No;0.0;-6.0;0.2;-6.15;0.31;-6.19;0.38;-6.16;;;;;;;;
398;17.8;23.8;1.1;8;Successful;Effective;No;No;No;No;No;No;0.0;-6.0;0.2;-6.15;0.31;-6.19;0.38;-6.16;;;;;;;;
399;17.8;23.8;1.1;10;Successful;Effective;No;No;No;No;No;No;0.0;-6.0;0.2;-6.15;0.31;-6.19;0.38;-6.16;;;;;;;;
400;17.9;23.9;0.5;5;Successful;Effective;No;No;No;No;No;No;0.0;-6.0;0.2;-6.1;0.31;-6.18;0.38;-6.22;;;;;;;;
401;17.9;23.9;0.5;8;Successful;Effective;No;No;No;No;No;No;0.0;-6.0;0.2;-6.1;0.31;-6.18;0.38;-6.22;;;;;;;;
402;17.9;23.9;0.5;10;Successful;Effective;No;No;No;No;No;No;0.0;-6.0;0.2;-6.1;0.31;-6.18;0.38;-6.22;;;;;;;;
403;17.9;23.9;0.6;5;Successful;Effective;No;No;No;No;No;No;0.0;-6.0;0.2;-6.11;0.31;-6.18;0.38;-6.22;;;;;;;;
404;17.9;23.9;0.6;8;Successful;Effective;No;No;No;No;No;No;0.0;-6.0;0.2;-6.11;0.31;-6.18;0.38;-6.22;;;;;;;;
405;17.9;23.9;0.6;10;Successful;Effective;No;No;No;No;No;No;0.0;-6.0;0.2;-6.11;0.31;-6.18;0.38;-6.22;;;;;;;;
406;17.9;23.9;0.7;5;Successful;Effective;No;No;No;No;No;No;0.0;-6.0;0.2;-6.11;0.31;-6.18;0.38;-6.22;;;;;;;;
407;17.9;23.9;0.7;8;Successful;Effective;No;No;No;No;No;No;0.0;-6.0;0.2;-6.11;0.31;-6.18;0.38;-6.22;;;;;;;;
408;17.9;23.9;0.7;10;Successful;Effective;No;No;No;No;No;No;0.0;-6.0;0.2;-6.11;0.31;-6.18;0.38;-6.22;;;;;;;;
409;17.9;23.9;0.8;5;Successful;Effective;No;No;No;No;No;No;0.0;-6.0;0.2;-6.11;0.31;-6.19;0.38;-6.21;;;;;;;;
410;17.9;23.9;0.8;8;Successful;Effective;No;No;No;No;No;No;0.0;-6.0;0.2;-6.11;0.31;-6.19;0.38;-6.21;;;;;;;;
411;17.9;23.9;0.8;10;Successful;Effective;No;No;No;No;No;No;0.0;-6.0;0.2;-6.11;0.31;-6.19;0.38;-6.21;;;;;;;;
412;17.9;23.9;0.9;5;Successful;Effective;No;No;No;No;No;No;0.0;-6.0;0.2;-6.12;0.31;-6.19;0.38;-6.19;;;;;;;;
413;17.9;23.9;0.9;8;Successful;Effective;No;No;No;No;No;No;0.0;-6.0;0.2;-6.12;0.31;-6.19;0.38;-6.19;;;;;;;;
414;17.9;23.9;0.9;10;Successful;Effective;No;No;No;No;No;No;0.0;-6.0;0.2;-6.12;0.31;-6.19;0.38;-6.19;;;;;;;;
415;17.9;23.9;1.0;5;Successful;Effective;No;No;No;No;No;No;0.0;-6.0;0.2;-6.13;0.31;-6.18;0.38;-6.17;;;;;;;;
416;17.9;23.9;1.0;8;Successful;Effective;No;No;No;No;No;No;0.0;-6.0;0.2;-6.13;0.31;-6.18;0.38;-6.17;;;;;;;;
417;17.9;23.9;1.0;10;Successful;Effective;No;No;No;No;No;No;0.0;-6.0;0.2;-6.13;0.31;-6.18;0.38;-6.17;;;;;;;;
418;17.9;23.9;1.1;5;Successful;Effective;No;No;No;No;No;No;0.0;-6.0;0.2;-6.13;0.31;-6.17;0.38;-6.17;;;;;;;;
419;17.9;23.9;1.1;8;Successful;Effective;No;No;No;No;No;No;0.0;-6.0;0.2;-6.13;0.31;-6.17;0.38;-6.17;;;;;;;;
420;17.9;23.9;1.1;10;Successful;Effective;No;No;No;No;No;No;0.0;-6.0;0.2;-6.13;0.31;-6.17;0.38;-6.17;;;;;;;;
421;18.0;24.0;0.5;5;Successful;Effective;No;No;No;No;No;No;0.0;-6.0;0.2;-6.1;0.31;-6.17;0.38;-6.21;;;;;;;;
422;18.0;24.0;0.5;8;Successful;Effective;No;No;No;No;No;No;0.0;-6.0;0.2;-6.1;0.31;-6.17;0.38;-6.21;;;;;;;;
423;18.0;24.0;0.5;10;Successful;Effective;No;No;No;No;No;No;0.0;-6.0;0.2;-6.1;0.31;-6.17;0.38;-6.21;;;;;;;;
424;18.0;24.0;0.6;5;Successful;Effective;No;No;No;No;No;No;0.0;-6.0;0.2;-6.1;0.31;-6.17;0.38;-6.21;;;;;;;;
425;18.0;24.0;0.6;8;Successful;Effective;No;No;No;No;No;No;0.0;-6.0;0.2;-6.1;0.31;-6.17;0.38;-6.21;;;;;;;;
426;18.0;24.0;0.6;10;Successful;Effective;No;No;No;No;No;No;0.0;-6.0;0.2;-6.1;0.31;-6.17;0.38;-6.21;;;;;;;;
427;18.0;24.0;0.7;5;Successful;Effective;No;No;No;No;No;No;0.0;-6.0;0.2;-6.1;0.31;-6.17;0.38;-6.21;;;;;;;;
428;18.0;24.0;0.7;8;Successful;Effective;No;No;No;No;No;No;0.0;-6.0;0.2;-6.1;0.31;-6.17;0.38;-6.21;;;;;;;;
429;18.0;24.0;0.7;10;Successful;Effective;No;No;No;No;No;No;0.0;-6.0;0.2;-6.1;0.31;-6.17;0.38;-6.21;;;;;;;;
430;18.0;24.0;0.8;5;Successful;Effective;No;No;No;No;No;No;0.0;-6.0;0.2;-6.11;0.31;-6.17;0.38;-6.2;;;;;;;;
431;18.0;24.0;0.8;8;Successful;Effective;No;No;No;No;No;No;0.0;-6.0;0.2;-6.11;0.31;-6.17;0.38;-6.2;;;;;;;;
432;18.0;24.0;0.8;10;Successful;Effective;No;No;No;No;No;No;0.0;-6.0;0.2;-6.11;0.31;-6.17;0.38;-6.2;;;;;;;;
433;18.0;24.0;0.9;5;Successful;Effective;No;No;No;No;No;No;0.0;-6.0;0.2;-6.11;0.31;-6.17;0.38;-6.18;;;;;;;;
434;18.0;24.0;0.9;8;Successful;Effective;No;No;No;No;No;No;0.0;-6.0;0.2;-6.11;0.31;-6.17;0.38;-6.18;;;;;;;;
435;18.0;24.0;0.9;10;Successful;Effective;No;No;No;No;No;No;0.0;-6.0;0.2;-6.11;0.31;-6.17;0.38;-6.18;;;;;;;;
436;18.0;24.0;1.0;5;Successful;Effective;No;No;No;No;No;No;0.0;-6.0;0.2;-6.12;0.31;-6.16;0.38;-6.17;;;;;;;;
437;18.0;24.0;1.0;8;Successful;Effective;No;No;No;No;No;No;0.0;-6.0;0.2;-6.12;0.31;-6.16;0.38;-6.17;;;;;;;;
438;18.0;24.0;1.0;10;Successful;Effective;No;No;No;No;No;No;0.0;-6.0;0.2;-6.12;0.31;-6.16;0.38;-6.17;;;;;;;;
439;18.0;24.0;1.1;5;Successful;Effective;No;No;No;No;No;No;0.0;-6.0;0.2;-6.12;0.31;-6.15;0.38;-6.17;;;;;;;;
440;18.0;24.0;1.1;8;Successful;Effective;No;No;No;No;No;No;0.0;-6.0;0.2;-6.12;0.31;-6.15;0.38;-6.17;;;;;;;;
441;18.0;24.0;1.1;10;Successful;Effective;No;No;No;No;No;No;0.0;-6.0;0.2;-6.12;0.31;-6.15;0.38;-6.17;;;;;;;;
442;18.1;24.1;0.5;5;Successful;Effective;No;No;No;No;No;No;0.0;-6.0;0.2;-6.1;0.31;-6.17;0.38;-6.21;;;;;;;;
443;18.1;24.1;0.5;8;Successful;Effective;No;No;No;No;No;No;0.0;-6.0;0.2;-6.1;0.31;-6.17;0.38;-6.21;;;;;;;;
444;18.1;24.1;0.5;10;Successful;Effective;No;No;No;No;No;No;0.0;-6.0;0.2;-6.1;0.31;-6.17;0.38;-6.21;;;;;;;;
445;18.1;24.1;0.6;5;Successful;Effective;No;No;No;No;No;No;0.0;-6.0;0.2;-6.1;0.31;-6.17;0.38;-6.2;;;;;;;;
446;18.1;24.1;0.6;8;Successful;Effective;No;No;No;No;No;No;0.0;-6.0;0.2;-6.1;0.31;-6.17;0.38;-6.2;;;;;;;;
447;18.1;24.1;0.6;10;Successful;Effective;No;No;No;No;No;No;0.0;-6.0;0.2;-6.1;0.31;-6.17;0.38;-6.2;;;;;;;;
448;18.1;24.1;0.7;5;Successful;Effective;No;No;No;No;No;No;0.0;-6.0;0.2;-6.1;0.31;-6.16;0.38;-6.2;;;;;;;;
449;18.1;24.1;0.7;8;Successful;Effective;No;No;No;No;No;No;0.0;-6.0;0.2;-6.1;0.31;-6.16;0.38;-6.2;;;;;;;;
450;18.1;24.1;0.7;10;Successful;Effective;No;No;No;No;No;No;0.0;-6.0;0.2;-6.1;0.31;-6.16;0.38;-6.2;;;;;;;;
451;18.1;24.1;0.8;5;Successful;Effective;No;No;No;No;No;No;0.0;-6.0;0.2;-6.1;0.31;-6.16;0.38;-6.19;;;;;;;;
452;18.1;24.1;0.8;8;Successful;Effective;No;No;No;No;No;No;0.0;-6.0;0.2;-6.1;0.31;-6.16;0.38;-6.19;;;;;;;;
453;18.1;24.1;0.8;10;Successful;Effective;No;No;No;No;No;No;0.0;-6.0;0.2;-6.1;0.31;-6.16;0.38;-6.19;;;;;;;;
454;18.1;24.1;0.9;5;Successful;Effective;No;No;No;No;No;No;0.0;-6.0;0.2;-6.1;0.31;-6.16;0.38;-6.18;;;;;;;;
455;18.1;24.1;0.9;8;Successful;Effective;No;No;No;No;No;No;0.0;-6.0;0.2;-6.1;0.31;-6.16;0.38;-6.18;;;;;;;;
456;18.1;24.1;0.9;10;Successful;Effective;No;No;No;No;No;No;0.0;-6.0;0.2;-6.1;0.31;-6.16;0.38;-6.18;;;;;;;;
457;18.1;24.1;1.0;5;Successful;Effective;No;No;No;No;No;No;0.0;-6.0;0.2;-6.11;0.31;-6.15;0.38;-6.18;;;;;;;;
458;18.1;24.1;1.0;8;Successful;Effective;No;No;No;No;No;No;0.0;-6.0;0.2;-6.11;0.31;-6.15;0.38;-6.18;;;;;;;;
459;18.1;24.1;1.0;10;Successful;Effective;No;No;No;No;No;No;0.0;-6.0;0.2;-6.11;0.31;-6.15;0.38;-6.18;;;;;;;;
460;18.1;24.1;1.1;5;Successful;Effective;No;No;No;No;No;No;0.0;-6.0;0.2;-6.11;0.31;-6.14;0.38;-6.17;;;;;;;;
461;18.1;24.1;1.1;8;Successful;Effective;No;No;No;No;No;No;0.0;-6.0;0.2;-6.11;0.31;-6.14;0.38;-6.17;;;;;;;;
462;18.1;24.1;1.1;10;Successful;Effective;No;No;No;No;No;No;0.0;-6.0;0.2;-6.11;0.31;-6.14;0.38;-6.17;;;;;;;;
463;18.2;24.2;0.5;5;Successful;Effective;No;No;No;No;No;No;0.0;-6.0;0.2;-6.1;0.31;-6.17;0.38;-6.21;;;;;;;;
464;18.2;24.2;0.5;8;Successful;Effective;No;No;No;No;No;No;0.0;-6.0;0.2;-6.1;0.31;-6.17;0.38;-6.21;;;;;;;;
465;18.2;24.2;0.5;10;Successful;Effective;No;No;No;No;No;No;0.0;-6.0;0.2;-6.1;0.31;-6.17;0.38;-6.21;;;;;;;;
466;18.2;24.2;0.6;5;Successful;Effective;No;No;No;No;No;No;0.0;-6.0;0.2;-6.1;0.31;-6.16;0.38;-6.2;;;;;;;;
467;18.2;24.2;0.6;8;Successful;Effective;No;No;No;No;No;No;0.0;-6.0;0.2;-6.1;0.31;-6.16;0.38;-6.2;;;;;;;;
468;18.2;24.2;0.6;10;Successful;Effective;No;No;No;No;No;No;0.0;-6.0;0.2;-6.1;0.31;-6.16;0.38;-6.2;;;;;;;;
469;18.2;24.2;0.7;5;Successful;Effective;No;No;No;No;No;No;0.0;-6.0;0.2;-6.1;0.31;-6.16;0.38;-6.19;;;;;;;;
470;18.2;24.2;0.7;8;Successful;Effective;No;No;No;No;No;No;0.0;-6.0;0.2;-6.1;0.31;-6.16;0.38;-6.19;;;;;;;;
471;18.2;24.2;0.7;10;Successful;Effective;No;No;No;No;No;No;0.0;-6.0;0.2;-6.1;0.31;-6.16;0.38;-6.19;;;;;;;;
472;18.2;24.2;0.8;5;Successful;Effective;No;No;No;No;No;No;0.0;-6.0;0.2;-6.1;0.31;-6.15;0.38;-6.19;;;;;;;;
473;18.2;24.2;0.8;8;Successful;Effective;No;No;No;No;No;No;0.0;-6.0;0.2;-6.1;0.31;-6.15;0.38;-6.19;;;;;;;;
474;18.2;24.2;0.8;10;Successful;Effective;No;No;No;No;No;No;0.0;-6.0;0.2;-6.1;0.31;-6.15;0.38;-6.19;;;;;;;;
475;18.2;24.2;0.9;5;Successful;Effective;No;No;No;No;No;No;0.0;-6.0;0.2;-6.1;0.31;-6.15;0.38;-6.18;;;;;;;;
476;18.2;24.2;0.9;8;Successful;Effective;No;No;No;No;No;No;0.0;-6.0;0.2;-6.1;0.31;-6.15;0.38;-6.18;;;;;;;;
477;18.2;24.2;0.9;10;Successful;Effective;No;No;No;No;No;No;0.0;-6.0;0.2;-6.1;0.31;-6.15;0.38;-6.18;;;;;;;;
478;18.2;24.2;1.0;5;Successful;Effective;No;No;No;No;No;No;0.0;-6.0;0.2;-6.1;0.31;-6.14;0.38;-6.18;;;;;;;;
479;18.2;24.2;1.0;8;Successful;Effective;No;No;No;No;No;No;0.0;-6.0;0.2;-6.1;0.31;-6.14;0.38;-6.18;;;;;;;;
480;18.2;24.2;1.0;10;Successful;Effective;No;No;No;No;No;No;0.0;-6.0;0.2;-6.1;0.31;-6.14;0.38;-6.18;;;;;;;;
481;18.2;24.2;1.1;5;Successful;Effective;No;No;No;No;No;No;0.0;-6.0;0.2;-6.1;0.31;-6.13;0.38;-6.17;;;;;;;;
482;18.2;24.2;1.1;8;Successful;Effective;No;No;No;No;No;No;0.0;-6.0;0.2;-6.1;0.31;-6.13;0.38;-6.17;;;;;;;;
483;18.2;24.2;1.1;10;Successful;Effective;No;No;No;No;No;No;0.0;-6.0;0.2;-6.1;0.31;-6.13;0.38;-6.17;;;;;;;;
484;18.3;24.3;0.5;5;Successful;Effective;No;No;No;No;No;No;0.0;-6.0;0.2;-6.1;0.31;-6.16;0.38;-6.21;;;;;;;;
485;18.3;24.3;0.5;8;Successful;Effective;No;No;No;No;No;No;0.0;-6.0;0.2;-6.1;0.31;-6.16;0.38;-6.21;;;;;;;;
486;18.3;24.3;0.5;10;Successful;Effective;No;No;No;No;No;No;0.0;-6.0;0.2;-6.1;0.31;-6.16;0.38;-6.21;;;;;;;;
487;18.3;24.3;0.6;5;Successful;Effective;No;No;No;No;No;No;0.0;-6.0;0.2;-6.09;0.31;-6.16;0.38;-6.2;;;;;;;;
488;18.3;24.3;0.6;8;Successful;Effective;No;No;No;No;No;No;0.0;-6.0;0.2;-6.09;0.31;-6.16;0.38;-6.2;;;;;;;;
489;18.3;24.3;0.6;10;Successful;Effective;No;No;No;No;No;No;0.0;-6.0;0.2;-6.09;0.31;-6.16;0.38;-6.2;;;;;;;;
490;18.3;24.3;0.7;5;Successful;Effective;No;No;No;No;No;No;0.0;-6.0;0.2;-6.09;0.31;-6.15;0.38;-6.19;;;;;;;;
491;18.3;24.3;0.7;8;Successful;Effective;No;No;No;No;No;No;0.0;-6.0;0.2;-6.09;0.31;-6.15;0.38;-6.19;;;;;;;;
492;18.3;24.3;0.7;10;Successful;Effective;No;No;No;No;No;No;0.0;-6.0;0.2;-6.09;0.31;-6.15;0.38;-6.19;;;;;;;;
493;18.3;24.3;0.8;5;Successful;Effective;No;No;No;No;No;No;0.0;-6.0;0.2;-6.09;0.31;-6.15;0.38;-6.19;;;;;;;;
494;18.3;24.3;0.8;8;Successful;Effective;No;No;No;No;No;No;0.0;-6.0;0.2;-6.09;0.31;-6.15;0.38;-6.19;;;;;;;;
495;18.3;24.3;0.8;10;Successful;Effective;No;No;No;No;No;No;0.0;-6.0;0.2;-6.09;0.31;-6.15;0.38;-6.19;;;;;;;;
496;18.3;24.3;0.9;5;Successful;Effective;No;No;No;No;No;No;0.0;-6.0;0.2;-6.09;0.31;-6.14;0.38;-6.18;;;;;;;;
497;18.3;24.3;0.9;8;Successful;Effective;No;No;No;No;No;No;0.0;-6.0;0.2;-6.09;0.31;-6.14;0.38;-6.18;;;;;;;;
498;18.3;24.3;0.9;10;Successful;Effective;No;No;No;No;No;No;0.0;-6.0;0.2;-6.09;0.31;-6.14;0.38;-6.18;;;;;;;;
499;18.3;24.3;1.0;5;Successful;Effective;No;No;No;No;No;No;0.0;-6.0;0.2;-6.09;0.31;-6.14;0.38;-6.18;;;;;;;;
500;18.3;24.3;1.0;8;Successful;Effective;No;No;No;No;No;No;0.0;-6.0;0.2;-6.09;0.31;-6.14;0.38;-6.18;;;;;;;;
501;18.3;24.3;1.0;10;Successful;Effective;No;No;No;No;No;No;0.0;-6.0;0.2;-6.09;0.31;-6.14;0.38;-6.18;;;;;;;;
502;18.3;24.3;1.1;5;Successful;Effective;No;No;No;No;No;No;0.0;-6.0;0.2;-6.09;0.31;-6.12;0.38;-6.17;;;;;;;;
503;18.3;24.3;1.1;8;Successful;Effective;No;No;No;No;No;No;0.0;-6.0;0.2;-6.09;0.31;-6.12;0.38;-6.17;;;;;;;;
504;18.3;24.3;1.1;10;Successful;Effective;No;No;No;No;No;No;0.0;-6.0;0.2;-6.09;0.31;-6.12;0.38;-6.17;;;;;;;;
505;18.4;24.4;0.5;5;Successful;Effective;No;No;No;No;No;No;0.0;-6.0;0.2;-6.09;0.31;-6.16;0.38;-6.21;;;;;;;;
506;18.4;24.4;0.5;8;Successful;Effective;No;No;No;No;No;No;0.0;-6.0;0.2;-6.09;0.31;-6.16;0.38;-6.21;;;;;;;;
507;18.4;24.4;0.5;10;Successful;Effective;No;No;No;No;No;No;0.0;-6.0;0.2;-6.09;0.31;-6.16;0.38;-6.21;;;;;;;;
508;18.4;24.4;0.6;5;Successful;Effective;No;No;No;No;No;No;0.0;-6.0;0.2;-6.09;0.31;-6.16;0.38;-6.2;;;;;;;;
509;18.4;24.4;0.6;8;Successful;Effective;No;No;No;No;No;No;0.0;-6.0;0.2;-6.09;0.31;-6.16;0.38;-6.2;;;;;;;;
510;18.4;24.4;0.6;10;Successful;Effective;No;No;No;No;No;No;0.0;-6.0;0.2;-6.09;0.31;-6.16;0.38;-6.2;;;;;;;;
511;18.4;24.4;0.7;5;Successful;Effective;No;No;No;No;No;No;0.0;-6.0;0.2;-6.09;0.31;-6.15;0.38;-6.2;;;;;;;;
512;18.4;24.4;0.7;8;Successful;Effective;No;No;No;No;No;No;0.0;-6.0;0.2;-6.09;0.31;-6.15;0.38;-6.2;;;;;;;;
513;18.4;24.4;0.7;10;Successful;Effective;No;No;No;No;No;No;0.0;-6.0;0.2;-6.09;0.31;-6.15;0.38;-6.2;;;;;;;;
514;18.4;24.4;0.8;5;Successful;Effective;No;No;No;No;No;No;0.0;-6.0;0.2;-6.09;0.31;-6.15;0.38;-6.19;;;;;;;;
515;18.4;24.4;0.8;8;Successful;Effective;No;No;No;No;No;No;0.0;-6.0;0.2;-6.09;0.31;-6.15;0.38;-6.19;;;;;;;;
516;18.4;24.4;0.8;10;Successful;Effective;No;No;No;No;No;No;0.0;-6.0;0.2;-6.09;0.31;-6.15;0.38;-6.19;;;;;;;;
517;18.4;24.4;0.9;5;Successful;Effective;No;No;No;No;No;No;0.0;-6.0;0.2;-6.09;0.31;-6.14;0.38;-6.19;;;;;;;;
518;18.4;24.4;0.9;8;Successful;Effective;No;No;No;No;No;No;0.0;-6.0;0.2;-6.09;0.31;-6.14;0.38;-6.19;;;;;;;;
519;18.4;24.4;0.9;10;Successful;Effective;No;No;No;No;No;No;0.0;-6.0;0.2;-6.09;0.31;-6.14;0.38;-6.19;;;;;;;;
520;18.4;24.4;1.0;5;Successful;Effective;No;No;No;No;No;No;0.0;-6.0;0.2;-6.09;0.31;-6.14;0.38;-6.18;;;;;;;;
521;18.4;24.4;1.0;8;Successful;Effective;No;No;No;No;No;No;0.0;-6.0;0.2;-6.09;0.31;-6.14;0.38;-6.18;;;;;;;;
522;18.4;24.4;1.0;10;Successful;Effective;No;No;No;No;No;No;0.0;-6.0;0.2;-6.09;0.31;-6.14;0.38;-6.18;;;;;;;;
523;18.4;24.4;1.1;5;Successful;Effective;No;No;No;No;No;No;0.0;-6.0;0.2;-6.09;0.31;-6.13;0.38;-6.17;;;;;;;;
524;18.4;24.4;1.1;8;Successful;Effective;No;No;No;No;No;No;0.0;-6.0;0.2;-6.09;0.31;-6.13;0.38;-6.17;;;;;;;;
525;18.4;24.4;1.1;10;Successful;Effective;No;No;No;No;No;No;0.0;-6.0;0.2;-6.09;0.31;-6.13;0.38;-6.17;;;;;;;;
526;18.5;24.5;0.5;5;Successful;Effective;No;No;No;No;No;No;0.0;-6.0;0.2;-6.09;0.31;-6.16;0.38;-6.21;;;;;;;;
527;18.5;24.5;0.5;8;Successful;Effective;No;No;No;No;No;No;0.0;-6.0;0.2;-6.09;0.31;-6.16;0.38;-6.21;;;;;;;;
528;18.5;24.5;0.5;10;Successful;Effective;No;No;No;No;No;No;0.0;-6.0;0.2;-6.09;0.31;-6.16;0.38;-6.21;;;;;;;;
529;18.5;24.5;0.6;5;Successful;Effective;No;No;No;No;No;No;0.0;-6.0;0.2;-6.09;0.31;-6.16;0.38;-6.2;;;;;;;;
530;18.5;24.5;0.6;8;Successful;Effective;No;No;No;No;No;No;0.0;-6.0;0.2;-6.09;0.31;-6.16;0.38;-6.2;;;;;;;;
531;18.5;24.5;0.6;10;Successful;Effective;No;No;No;No;No;No;0.0;-6.0;0.2;-6.09;0.31;-6.16;0.38;-6.2;;;;;;;;
532;18.5;24.5;0.7;5;Successful;Effective;No;No;No;No;No;No;0.0;-6.0;0.2;-6.09;0.31;-6.15;0.38;-6.2;;;;;;;;
533;18.5;24.5;0.7;8;Successful;Effective;No;No;No;No;No;No;0.0;-6.0;0.2;-6.09;0.31;-6.15;0.38;-6.2;;;;;;;;
534;18.5;24.5;0.7;10;Successful;Effective;No;No;No;No;No;No;0.0;-6.0;0.2;-6.09;0.31;-6.15;0.38;-6.2;;;;;;;;
535;18.5;24.5;0.8;5;Successful;Effective;No;No;No;No;No;No;0.0;-6.0;0.2;-6.09;0.31;-6.15;0.38;-6.19;;;;;;;;
536;18.5;24.5;0.8;8;Successful;Effective;No;No;No;No;No;No;0.0;-6.0;0.2;-6.09;0.31;-6.15;0.38;-6.19;;;;;;;;
537;18.5;24.5;0.8;10;Successful;Effective;No;No;No;No;No;No;0.0;-6.0;0.2;-6.09;0.31;-6.15;0.38;-6.19;;;;;;;;
538;18.5;24.5;0.9;5;Successful;Effective;No;No;No;No;No;No;0.0;-6.0;0.2;-6.08;0.31;-6.15;0.38;-6.19;;;;;;;;
539;18.5;24.5;0.9;8;Successful;Effective;No;No;No;No;No;No;0.0;-6.0;0.2;-6.08;0.31;-6.15;0.38;-6.19;;;;;;;;
540;18.5;24.5;0.9;10;Successful;Effective;No;No;No;No;No;No;0.0;-6.0;0.2;-6.08;0.31;-6.15;0.38;-6.19;;;;;;;;
541;18.5;24.5;1.0;5;Successful;Effective;No;No;No;No;No;No;0.0;-6.0;0.2;-6.08;0.31;-6.14;0.38;-6.19;;;;;;;;
542;18.5;24.5;1.0;8;Successful;Effective;No;No;No;No;No;No;0.0;-6.0;0.2;-6.08;0.31;-6.14;0.38;-6.19;;;;;;;;
543;18.5;24.5;1.0;10;Successful;Effective;No;No;No;No;No;No;0.0;-6.0;0.2;-6.08;0.31;-6.14;0.38;-6.19;;;;;;;;
544;18.5;24.5;1.1;5;Successful;Effective;No;No;No;No;No;No;0.0;-6.0;0.2;-6.08;0.31;-6.14;0.38;-6.18;;;;;;;;
545;18.5;24.5;1.1;8;Successful;Effective;No;No;No;No;No;No;0.0;-6.0;0.2;-6.08;0.31;-6.14;0.38;-6.18;;;;;;;;
546;18.5;24.5;1.1;10;Successful;Effective;No;No;No;No;No;No;0.0;-6.0;0.2;-6.08;0.31;-6.14;0.38;-6.18;;;;;;;;
547;18.6;24.6;0.5;5;Successful;Effective;No;No;No;No;No;No;0.0;-6.0;0.2;-6.09;0.31;-6.16;0.38;-6.21;;;;;;;;
548;18.6;24.6;0.5;8;Successful;Effective;No;No;No;No;No;No;0.0;-6.0;0.2;-6.09;0.31;-6.16;0.38;-6.21;;;;;;;;
549;18.6;24.6;0.5;10;Successful;Effective;No;No;No;No;No;No;0.0;-6.0;0.2;-6.09;0.31;-6.16;0.38;-6.21;;;;;;;;
550;18.6;24.6;0.6;5;Successful;Effective;No;No;No;No;No;No;0.0;-6.0;0.2;-6.09;0.31;-6.16;0.38;-6.21;;;;;;;;
551;18.6;24.6;0.6;8;Successful;Effective;No;No;No;No;No;No;0.0;-6.0;0.2;-6.09;0.31;-6.16;0.38;-6.21;;;;;;;;
552;18.6;24.6;0.6;10;Successful;Effective;No;No;No;No;No;No;0.0;-6.0;0.2;-6.09;0.31;-6.16;0.38;-6.21;;;;;;;;
553;18.6;24.6;0.7;5;Successful;Effective;No;No;No;No;No;No;0.0;-6.0;0.2;-6.09;0.31;-6.16;0.38;-6.2;;;;;;;;
554;18.6;24.6;0.7;8;Successful;Effective;No;No;No;No;No;No;0.0;-6.0;0.2;-6.09;0.31;-6.16;0.38;-6.2;;;;;;;;
555;18.6;24.6;0.7;10;Successful;Effective;No;No;No;No;No;No;0.0;-6.0;0.2;-6.09;0.31;-6.16;0.38;-6.2;;;;;;;;
556;18.6;24.6;0.8;5;Successful;Effective;No;No;No;No;No;No;0.0;-6.0;0.2;-6.08;0.31;-6.15;0.38;-6.2;;;;;;;;
557;18.6;24.6;0.8;8;Successful;Effective;No;No;No;No;No;No;0.0;-6.0;0.2;-6.08;0.31;-6.15;0.38;-6.2;;;;;;;;
558;18.6;24.6;0.8;10;Successful;Effective;No;No;No;No;No;No;0.0;-6.0;0.2;-6.08;0.31;-6.15;0.38;-6.2;;;;;;;;
559;18.6;24.6;0.9;5;Successful;Effective;No;No;No;No;No;No;0.0;-6.0;0.2;-6.08;0.31;-6.15;0.38;-6.2;;;;;;;;
560;18.6;24.6;0.9;8;Successful;Effective;No;No;No;No;No;No;0.0;-6.0;0.2;-6.08;0.31;-6.15;0.38;-6.2;;;;;;;;
561;18.6;24.6;0.9;10;Successful;Effective;No;No;No;No;No;No;0.0;-6.0;0.2;-6.08;0.31;-6.15;0.38;-6.2;;;;;;;;
562;18.6;24.6;1.0;5;Successful;Effective;No;No;No;No;No;No;0.0;-6.0;0.2;-6.08;0.31;-6.15;0.38;-6.19;;;;;;;;
563;18.6;24.6;1.0;8;Successful;Effective;No;No;No;No;No;No;0.0;-6.0;0.2;-6.08;0.31;-6.15;0.38;-6.19;;;;;;;;
564;18.6;24.6;1.0;10;Successful;Effective;No;No;No;No;No;No;0.0;-6.0;0.2;-6.08;0.31;-6.15;0.38;-6.19;;;;;;;;
565;18.6;24.6;1.1;5;Successful;Effective;No;No;No;No;No;No;0.0;-6.0;0.2;-6.08;0.31;-6.14;0.38;-6.19;;;;;;;;
566;18.6;24.6;1.1;8;Successful;Effective;No;No;No;No;No;No;0.0;-6.0;0.2;-6.08;0.31;-6.14;0.38;-6.19;;;;;;;;
567;18.6;24.6;1.1;10;Successful;Effective;No;No;No;No;No;No;0.0;-6.0;0.2;-6.08;0.31;-6.14;0.38;-6.19;;;;;;;;
568;18.7;24.7;0.5;5;Successful;Effective;No;No;No;No;No;No;0.0;-6.0;0.2;-6.09;0.31;-6.16;0.38;-6.21;;;;;;;;
569;18.7;24.7;0.5;8;Successful;Effective;No;No;No;No;No;No;0.0;-6.0;0.2;-6.09;0.31;-6.16;0.38;-6.21;;;;;;;;
570;18.7;24.7;0.5;10;Successful;Effective;No;No;No;No;No;No;0.0;-6.0;0.2;-6.09;0.31;-6.16;0.38;-6.21;;;;;;;;
571;18.7;24.7;0.6;5;Successful;Effective;No;No;No;No;No;No;0.0;-6.0;0.2;-6.09;0.31;-6.16;0.38;-6.21;;;;;;;;
572;18.7;24.7;0.6;8;Successful;Effective;No;No;No;No;No;No;0.0;-6.0;0.2;-6.09;0.31;-6.16;0.38;-6.21;;;;;;;;
573;18.7;24.7;0.6;10;Successful;Effective;No;No;No;No;No;No;0.0;-6.0;0.2;-6.09;0.31;-6.16;0.38;-6.21;;;;;;;;
574;18.7;24.7;0.7;5;Successful;Effective;No;No;No;No;No;No;0.0;-6.0;0.2;-6.09;0.31;-6.16;0.38;-6.21;;;;;;;;
575;18.7;24.7;0.7;8;Successful;Effective;No;No;No;No;No;No;0.0;-6.0;0.2;-6.09;0.31;-6.16;0.38;-6.21;;;;;;;;
576;18.7;24.7;0.7;10;Successful;Effective;No;No;No;No;No;No;0.0;-6.0;0.2;-6.09;0.31;-6.16;0.38;-6.21;;;;;;;;
577;18.7;24.7;0.8;5;Successful;Effective;No;No;No;No;No;No;0.0;-6.0;0.2;-6.08;0.31;-6.16;0.38;-6.2;;;;;;;;
578;18.7;24.7;0.8;8;Successful;Effective;No;No;No;No;No;No;0.0;-6.0;0.2;-6.08;0.31;-6.16;0.38;-6.2;;;;;;;;
579;18.7;24.7;0.8;10;Successful;Effective;No;No;No;No;No;No;0.0;-6.0;0.2;-6.08;0.31;-6.16;0.38;-6.2;;;;;;;;
580;18.7;24.7;0.9;5;Successful;Effective;No;No;No;No;No;No;0.0;-6.0;0.2;-6.08;0.31;-6.16;0.38;-6.2;;;;;;;;
581;18.7;24.7;0.9;8;Successful;Effective;No;No;No;No;No;No;0.0;-6.0;0.2;-6.08;0.31;-6.16;0.38;-6.2;;;;;;;;
582;18.7;24.7;0.9;10;Successful;Effective;No;No;No;No;No;No;0.0;-6.0;0.2;-6.08;0.31;-6.16;0.38;-6.2;;;;;;;;
583;18.7;24.7;1.0;5;Successful;Effective;No;No;No;No;No;No;0.0;-6.0;0.2;-6.08;0.31;-6.15;0.38;-6.2;;;;;;;;
584;18.7;24.7;1.0;8;Successful;Effective;No;No;No;No;No;No;0.0;-6.0;0.2;-6.08;0.31;-6.15;0.38;-6.2;;;;;;;;
585;18.7;24.7;1.0;10;Successful;Effective;No;No;No;No;No;No;0.0;-6.0;0.2;-6.08;0.31;-6.15;0.38;-6.2;;;;;;;;
586;18.7;24.7;1.1;5;Successful;Effective;No;No;No;No;No;No;0.0;-6.0;0.2;-6.08;0.31;-6.15;0.38;-6.19;;;;;;;;
587;18.7;24.7;1.1;8;Successful;Effective;No;No;No;No;No;No;0.0;-6.0;0.2;-6.08;0.31;-6.15;0.38;-6.19;;;;;;;;
588;18.7;24.7;1.1;10;Successful;Effective;No;No;No;No;No;No;0.0;-6.0;0.2;-6.08;0.31;-6.15;0.38;-6.19;;;;;;;;
589;18.8;24.8;0.5;5;Successful;Effective;No;No;No;No;No;No;0.0;-6.0;0.2;-6.09;0.31;-6.17;0.38;-6.21;;;;;;;;
590;18.8;24.8;0.5;8;Successful;Effective;No;No;No;No;No;No;0.0;-6.0;0.2;-6.09;0.31;-6.17;0.38;-6.21;;;;;;;;
591;18.8;24.8;0.5;10;Successful;Effective;No;No;No;No;No;No;0.0;-6.0;0.2;-6.09;0.31;-6.17;0.38;-6.21;;;;;;;;
592;18.8;24.8;0.6;5;Successful;Effective;No;No;No;No;No;No;0.0;-6.0;0.2;-6.09;0.31;-6.17;0.38;-6.21;;;;;;;;
593;18.8;24.8;0.6;8;Successful;Effective;No;No;No;No;No;No;0.0;-6.0;0.2;-6.09;0.31;-6.17;0.38;-6.21;;;;;;;;
594;18.8;24.8;0.6;10;Successful;Effective;No;No;No;No;No;No;0.0;-6.0;0.2;-6.09;0.31;-6.17;0.38;-6.21;;;;;;;;
595;18.8;24.8;0.7;5;Successful;Effective;No;No;No;No;No;No;0.0;-6.0;0.2;-6.09;0.31;-6.16;0.38;-6.21;;;;;;;;
596;18.8;24.8;0.7;8;Successful;Effective;No;No;No;No;No;No;0.0;-6.0;0.2;-6.09;0.31;-6.16;0.38;-6.21;;;;;;;;
597;18.8;24.8;0.7;10;Successful;Effective;No;No;No;No;No;No;0.0;-6.0;0.2;-6.09;0.31;-6.16;0.38;-6.21;;;;;;;;
598;18.8;24.8;0.8;5;Successful;Effective;No;No;No;No;No;No;0.0;-6.0;0.2;-6.08;0.31;-6.16;0.38;-6.21;;;;;;;;
599;18.8;24.8;0.8;8;Successful;Effective;No;No;No;No;No;No;0.0;-6.0;0.2;-6.08;0.31;-6.16;0.38;-6.21;;;;;;;;
600;18.8;24.8;0.8;10;Successful;Effective;No;No;No;No;No;No;0.0;-6.0;0.2;-6.08;0.31;-6.16;0.38;-6.21;;;;;;;;
601;18.8;24.8;0.9;5;Successful;Effective;No;No;No;No;No;No;0.0;-6.0;0.2;-6.08;0.31;-6.16;0.38;-6.2;;;;;;;;
602;18.8;24.8;0.9;8;Successful;Effective;No;No;No;No;No;No;0.0;-6.0;0.2;-6.08;0.31;-6.16;0.38;-6.2;;;;;;;;
603;18.8;24.8;0.9;10;Successful;Effective;No;No;No;No;No;No;0.0;-6.0;0.2;-6.08;0.31;-6.16;0.38;-6.2;;;;;;;;
604;18.8;24.8;1.0;5;Successful;Effective;No;No;No;No;No;No;0.0;-6.0;0.2;-6.08;0.31;-6.16;0.38;-6.2;;;;;;;;
605;18.8;24.8;1.0;8;Successful;Effective;No;No;No;No;No;No;0.0;-6.0;0.2;-6.08;0.31;-6.16;0.38;-6.2;;;;;;;;
606;18.8;24.8;1.0;10;Successful;Effective;No;No;No;No;No;No;0.0;-6.0;0.2;-6.08;0.31;-6.16;0.38;-6.2;;;;;;;;
607;18.8;24.8;1.1;5;Successful;Effective;No;No;No;No;No;No;0.0;-6.0;0.2;-6.08;0.31;-6.15;0.38;-6.2;;;;;;;;
608;18.8;24.8;1.1;8;Successful;Effective;No;No;No;No;No;No;0.0;-6.0;0.2;-6.08;0.31;-6.15;0.38;-6.2;;;;;;;;
609;18.8;24.8;1.1;10;Successful;Effective;No;No;No;No;No;No;0.0;-6.0;0.2;-6.08;0.31;-6.15;0.38;-6.2;;;;;;;;
610;18.9;24.9;0.5;5;Successful;Effective;No;No;No;No;No;No;0.0;-6.0;0.2;-6.09;0.31;-6.17;0.38;-6.21;;;;;;;;
611;18.9;24.9;0.5;8;Successful;Effective;No;No;No;No;No;No;0.0;-6.0;0.2;-6.09;0.31;-6.17;0.38;-6.21;;;;;;;;
612;18.9;24.9;0.5;10;Successful;Effective;No;No;No;No;No;No;0.0;-6.0;0.2;-6.09;0.31;-6.17;0.38;-6.21;;;;;;;;
613;18.9;24.9;0.6;5;Successful;Effective;No;No;No;No;No;No;0.0;-6.0;0.2;-6.09;0.31;-6.17;0.38;-6.21;;;;;;;;
614;18.9;24.9;0.6;8;Successful;Effective;No;No;No;No;No;No;0.0;-6.0;0.2;-6.09;0.31;-6.17;0.38;-6.21;;;;;;;;
615;18.9;24.9;0.6;10;Successful;Effective;No;No;No;No;No;No;0.0;-6.0;0.2;-6.09;0.31;-6.17;0.38;-6.21;;;;;;;;
616;18.9;24.9;0.7;5;Successful;Effective;No;No;No;No;No;No;0.0;-6.0;0.2;-6.09;0.31;-6.17;0.38;-6.21;;;;;;;;
617;18.9;24.9;0.7;8;Successful;Effective;No;No;No;No;No;No;0.0;-6.0;0.2;-6.09;0.31;-6.17;0.38;-6.21;;;;;;;;
618;18.9;24.9;0.7;10;Successful;Effective;No;No;No;No;No;No;0.0;-6.0;0.2;-6.09;0.31;-6.17;0.38;-6.21;;;;;;;;
619;18.9;24.9;0.8;5;Successful;Effective;No;No;No;No;No;No;0.0;-6.0;0.2;-6.08;0.31;-6.16;0.38;-6.21;;;;;;;;
620;18.9;24.9;0.8;8;Successful;Effective;No;No;No;No;No;No;0.0;-6.0;0.2;-6.08;0.31;-6.16;0.38;-6.21;;;;;;;;
621;18.9;24.9;0.8;10;Successful;Effective;No;No;No;No;No;No;0.0;-6.0;0.2;-6.08;0.31;-6.16;0.38;-6.21;;;;;;;;
622;18.9;24.9;0.9;5;Successful;Effective;No;No;No;No;No;No;0.0;-6.0;0.2;-6.08;0.31;-6.16;0.38;-6.21;;;;;;;;
623;18.9;24.9;0.9;8;Successful;Effective;No;No;No;No;No;No;0.0;-6.0;0.2;-6.08;0.31;-6.16;0.38;-6.21;;;;;;;;
624;18.9;24.9;0.9;10;Successful;Effective;No;No;No;No;No;No;0.0;-6.0;0.2;-6.08;0.31;-6.16;0.38;-6.21;;;;;;;;
625;18.9;24.9;1.0;5;Successful;Effective;No;No;No;No;No;No;0.0;-6.0;0.2;-6.08;0.31;-6.16;0.38;-6.2;;;;;;;;
626;18.9;24.9;1.0;8;Successful;Effective;No;No;No;No;No;No;0.0;-6.0;0.2;-6.08;0.31;-6.16;0.38;-6.2;;;;;;;;
627;18.9;24.9;1.0;10;Successful;Effective;No;No;No;No;No;No;0.0;-6.0;0.2;-6.08;0.31;-6.16;0.38;-6.2;;;;;;;;
628;18.9;24.9;1.1;5;Successful;Effective;No;No;No;No;No;No;0.0;-6.0;0.2;-6.08;0.31;-6.16;0.38;-6.2;;;;;;;;
629;18.9;24.9;1.1;8;Successful;Effective;No;No;No;No;No;No;0.0;-6.0;0.2;-6.08;0.31;-6.16;0.38;-6.2;;;;;;;;
630;18.9;24.9;1.1;10;Successful;Effective;No;No;No;No;No;No;0.0;-6.0;0.2;-6.08;0.31;-6.16;0.38;-6.2;;;;;;;;
631;19.0;25.0;0.5;5;Successful;Effective;No;No;No;No;No;No;0.0;-6.0;0.2;-6.09;0.31;-6.17;0.38;-6.21;;;;;;;;
632;19.0;25.0;0.5;8;Successful;Effective;No;No;No;No;No;No;0.0;-6.0;0.2;-6.09;0.31;-6.17;0.38;-6.21;;;;;;;;
633;19.0;25.0;0.5;10;Successful;Effective;No;No;No;No;No;No;0.0;-6.0;0.2;-6.09;0.31;-6.17;0.38;-6.21;;;;;;;;
634;19.0;25.0;0.6;5;Successful;Effective;No;No;No;No;No;No;0.0;-6.0;0.2;-6.09;0.31;-6.17;0.38;-6.21;;;;;;;;
635;19.0;25.0;0.6;8;Successful;Effective;No;No;No;No;No;No;0.0;-6.0;0.2;-6.09;0.31;-6.17;0.38;-6.21;;;;;;;;
636;19.0;25.0;0.6;10;Successful;Effective;No;No;No;No;No;No;0.0;-6.0;0.2;-6.09;0.31;-6.17;0.38;-6.21;;;;;;;;
637;19.0;25.0;0.7;5;Successful;Effective;No;No;No;No;No;No;0.0;-6.0;0.2;-6.09;0.31;-6.17;0.38;-6.21;;;;;;;;
638;19.0;25.0;0.7;8;Successful;Effective;No;No;No;No;No;No;0.0;-6.0;0.2;-6.09;0.31;-6.17;0.38;-6.21;;;;;;;;
639;19.0;25.0;0.7;10;Successful;Effective;No;No;No;No;No;No;0.0;-6.0;0.2;-6.09;0.31;-6.17;0.38;-6.21;;;;;;;;
640;19.0;25.0;0.8;5;Successful;Effective;No;No;No;No;No;No;0.0;-6.0;0.2;-6.09;0.31;-6.17;0.38;-6.21;;;;;;;;
641;19.0;25.0;0.8;8;Successful;Effective;No;No;No;No;No;No;0.0;-6.0;0.2;-6.09;0.31;-6.17;0.38;-6.21;;;;;;;;
642;19.0;25.0;0.8;10;Successful;Effective;No;No;No;No;No;No;0.0;-6.0;0.2;-6.09;0.31;-6.17;0.38;-6.21;;;;;;;;
643;19.0;25.0;0.9;5;Successful;Effective;No;No;No;No;No;No;0.0;-6.0;0.2;-6.09;0.31;-6.17;0.38;-6.21;;;;;;;;
644;19.0;25.0;0.9;8;Successful;Effective;No;No;No;No;No;No;0.0;-6.0;0.2;-6.09;0.31;-6.17;0.38;-6.21;;;;;;;;
645;19.0;25.0;0.9;10;Successful;Effective;No;No;No;No;No;No;0.0;-6.0;0.2;-6.09;0.31;-6.17;0.38;-6.21;;;;;;;;
646;19.0;25.0;1.0;5;Successful;Effective;No;No;No;No;No;No;0.0;-6.0;0.2;-6.09;0.31;-6.17;0.38;-6.21;;;;;;;;
647;19.0;25.0;1.0;8;Successful;Effective;No;No;No;No;No;No;0.0;-6.0;0.2;-6.09;0.31;-6.17;0.38;-6.21;;;;;;;;
648;19.0;25.0;1.0;10;Successful;Effective;No;No;No;No;No;No;0.0;-6.0;0.2;-6.09;0.31;-6.17;0.38;-6.21;;;;;;;;
649;19.0;25.0;1.1;5;Successful;Effective;No;No;No;No;No;No;0.0;-6.0;0.2;-6.09;0.31;-6.17;0.38;-6.21;;;;;;;;
650;19.0;25.0;1.1;8;Successful;Effective;No;No;No;No;No;No;0.0;-6.0;0.2;-6.09;0.31;-6.17;0.38;-6.21;;;;;;;;
651;19.0;25.0;1.1;10;Successful;Effective;No;No;No;No;No;No;0.0;-6.0;0.2;-6.09;0.31;-6.17;0.38;-6.21;;;;;;;;
652;19.1;25.1;0.5;5;Successful;Effective;No;No;No;No;No;No;0.0;-6.0;0.2;-6.09;0.31;-6.17;0.38;-6.22;;;;;;;;
653;19.1;25.1;0.5;8;Successful;Effective;No;No;No;No;No;No;0.0;-6.0;0.2;-6.09;0.31;-6.17;0.38;-6.22;;;;;;;;
654;19.1;25.1;0.5;10;Successful;Effective;No;No;No;No;No;No;0.0;-6.0;0.2;-6.09;0.31;-6.17;0.38;-6.22;;;;;;;;
655;19.1;25.1;0.6;5;Successful;Effective;No;No;No;No;No;No;0.0;-6.0;0.2;-6.09;0.31;-6.17;0.38;-6.22;;;;;;;;
656;19.1;25.1;0.6;8;Successful;Effective;No;No;No;No;No;No;0.0;-6.0;0.2;-6.09;0.31;-6.17;0.38;-6.22;;;;;;;;
657;19.1;25.1;0.6;10;Successful;Effective;No;No;No;No;No;No;0.0;-6.0;0.2;-6.09;0.31;-6.17;0.38;-6.22;;;;;;;;
658;19.1;25.1;0.7;5;Successful;Effective;No;No;No;No;No;No;0.0;-6.0;0.2;-6.09;0.31;-6.17;0.38;-6.21;;;;;;;;
659;19.1;25.1;0.7;8;Successful;Effective;No;No;No;No;No;No;0.0;-6.0;0.2;-6.09;0.31;-6.17;0.38;-6.21;;;;;;;;
660;19.1;25.1;0.7;10;Successful;Effective;No;No;No;No;No;No;0.0;-6.0;0.2;-6.09;0.31;-6.17;0.38;-6.21;;;;;;;;
661;19.1;25.1;0.8;5;Successful;Effective;No;No;No;No;No;No;0.0;-6.0;0.2;-6.09;0.31;-6.17;0.38;-6.21;;;;;;;;
662;19.1;25.1;0.8;8;Successful;Effective;No;No;No;No;No;No;0.0;-6.0;0.2;-6.09;0.31;-6.17;0.38;-6.21;;;;;;;;
663;19.1;25.1;0.8;10;Successful;Effective;No;No;No;No;No;No;0.0;-6.0;0.2;-6.09;0.31;-6.17;0.38;-6.21;;;;;;;;
664;19.1;25.1;0.9;5;Successful;Effective;No;No;No;No;No;No;0.0;-6.0;0.2;-6.09;0.31;-6.17;0.38;-6.21;;;;;;;;
665;19.1;25.1;0.9;8;Successful;Effective;No;No;No;No;No;No;0.0;-6.0;0.2;-6.09;0.31;-6.17;0.38;-6.21;;;;;;;;
666;19.1;25.1;0.9;10;Successful;Effective;No;No;No;No;No;No;0.0;-6.0;0.2;-6.09;0.31;-6.17;0.38;-6.21;;;;;;;;
667;19.1;25.1;1.0;5;Successful;Effective;No;No;No;No;No;No;0.0;-6.0;0.2;-6.09;0.31;-6.17;0.38;-6.21;;;;;;;;
668;19.1;25.1;1.0;8;Successful;Effective;No;No;No;No;No;No;0.0;-6.0;0.2;-6.09;0.31;-6.17;0.38;-6.21;;;;;;;;
669;19.1;25.1;1.0;10;Successful;Effective;No;No;No;No;No;No;0.0;-6.0;0.2;-6.09;0.31;-6.17;0.38;-6.21;;;;;;;;
670;19.1;25.1;1.1;5;Successful;Effective;No;No;No;No;No;No;0.0;-6.0;0.2;-6.09;0.31;-6.17;0.38;-6.21;;;;;;;;
671;19.1;25.1;1.1;8;Successful;Effective;No;No;No;No;No;No;0.0;-6.0;0.2;-6.09;0.31;-6.17;0.38;-6.21;;;;;;;;
672;19.1;25.1;1.1;10;Successful;Effective;No;No;No;No;No;No;0.0;-6.0;0.2;-6.09;0.31;-6.17;0.38;-6.21;;;;;;;;
673;19.2;25.2;0.5;5;Successful;Effective;No;No;No;No;No;No;0.0;-6.0;0.2;-6.09;0.31;-6.17;0.38;-6.22;;;;;;;;
674;19.2;25.2;0.5;8;Successful;Effective;No;No;No;No;No;No;0.0;-6.0;0.2;-6.09;0.31;-6.17;0.38;-6.22;;;;;;;;
675;19.2;25.2;0.5;10;Successful;Effective;No;No;No;No;No;No;0.0;-6.0;0.2;-6.09;0.31;-6.17;0.38;-6.22;;;;;;;;
676;19.2;25.2;0.6;5;Successful;Effective;No;No;No;No;No;No;0.0;-6.0;0.2;-6.09;0.31;-6.17;0.38;-6.22;;;;;;;;
677;19.2;25.2;0.6;8;Successful;Effective;No;No;No;No;No;No;0.0;-6.0;0.2;-6.09;0.31;-6.17;0.38;-6.22;;;;;;;;
678;19.2;25.2;0.6;10;Successful;Effective;No;No;No;No;No;No;0.0;-6.0;0.2;-6.09;0.31;-6.17;0.38;-6.22;;;;;;;;
679;19.2;25.2;0.7;5;Successful;Effective;No;No;No;No;No;No;0.0;-6.0;0.2;-6.09;0.31;-6.17;0.38;-6.22;;;;;;;;
680;19.2;25.2;0.7;8;Successful;Effective;No;No;No;No;No;No;0.0;-6.0;0.2;-6.09;0.31;-6.17;0.38;-6.22;;;;;;;;
681;19.2;25.2;0.7;10;Successful;Effective;No;No;No;No;No;No;0.0;-6.0;0.2;-6.09;0.31;-6.17;0.38;-6.22;;;;;;;;
682;19.2;25.2;0.8;5;Successful;Effective;No;No;No;No;No;No;0.0;-6.0;0.2;-6.09;0.31;-6.17;0.38;-6.21;;;;;;;;
683;19.2;25.2;0.8;8;Successful;Effective;No;No;No;No;No;No;0.0;-6.0;0.2;-6.09;0.31;-6.17;0.38;-6.21;;;;;;;;
684;19.2;25.2;0.8;10;Successful;Effective;No;No;No;No;No;No;0.0;-6.0;0.2;-6.09;0.31;-6.17;0.38;-6.21;;;;;;;;
685;19.2;25.2;0.9;5;Successful;Effective;No;No;No;No;No;No;0.0;-6.0;0.2;-6.09;0.31;-6.17;0.38;-6.21;;;;;;;;
686;19.2;25.2;0.9;8;Successful;Effective;No;No;No;No;No;No;0.0;-6.0;0.2;-6.09;0.31;-6.17;0.38;-6.21;;;;;;;;
687;19.2;25.2;0.9;10;Successful;Effective;No;No;No;No;No;No;0.0;-6.0;0.2;-6.09;0.31;-6.17;0.38;-6.21;;;;;;;;
688;19.2;25.2;1.0;5;Successful;Effective;No;No;No;No;No;No;0.0;-6.0;0.2;-6.09;0.31;-6.17;0.38;-6.21;;;;;;;;
689;19.2;25.2;1.0;8;Successful;Effective;No;No;No;No;No;No;0.0;-6.0;0.2;-6.09;0.31;-6.17;0.38;-6.21;;;;;;;;
690;19.2;25.2;1.0;10;Successful;Effective;No;No;No;No;No;No;0.0;-6.0;0.2;-6.09;0.31;-6.17;0.38;-6.21;;;;;;;;
691;19.2;25.2;1.1;5;Successful;Effective;No;No;No;No;No;No;0.0;-6.0;0.2;-6.09;0.31;-6.17;0.38;-6.21;;;;;;;;
692;19.2;25.2;1.1;8;Successful;Effective;No;No;No;No;No;No;0.0;-6.0;0.2;-6.09;0.31;-6.17;0.38;-6.21;;;;;;;;
693;19.2;25.2;1.1;10;Successful;Effective;No;No;No;No;No;No;0.0;-6.0;0.2;-6.09;0.31;-6.17;0.38;-6.21;;;;;;;;
694;19.3;25.3;0.5;5;Successful;Effective;No;No;No;No;No;No;0.0;-6.0;0.2;-6.1;0.31;-6.17;0.38;-6.22;;;;;;;;
695;19.3;25.3;0.5;8;Successful;Effective;No;No;No;No;No;No;0.0;-6.0;0.2;-6.1;0.31;-6.17;0.38;-6.22;;;;;;;;
696;19.3;25.3;0.5;10;Successful;Effective;No;No;No;No;No;No;0.0;-6.0;0.2;-6.1;0.31;-6.17;0.38;-6.22;;;;;;;;
697;19.3;25.3;0.6;5;Successful;Effective;No;No;No;No;No;No;0.0;-6.0;0.2;-6.1;0.31;-6.17;0.38;-6.22;;;;;;;;
698;19.3;25.3;0.6;8;Successful;Effective;No;No;No;No;No;No;0.0;-6.0;0.2;-6.1;0.31;-6.17;0.38;-6.22;;;;;;;;
699;19.3;25.3;0.6;10;Successful;Effective;No;No;No;No;No;No;0.0;-6.0;0.2;-6.1;0.31;-6.17;0.38;-6.22;;;;;;;;
700;19.3;25.3;0.7;5;Successful;Effective;No;No;No;No;No;No;0.0;-6.0;0.2;-6.1;0.31;-6.17;0.38;-6.22;;;;;;;;
701;19.3;25.3;0.7;8;Successful;Effective;No;No;No;No;No;No;0.0;-6.0;0.2;-6.1;0.31;-6.17;0.38;-6.22;;;;;;;;
702;19.3;25.3;0.7;10;Successful;Effective;No;No;No;No;No;No;0.0;-6.0;0.2;-6.1;0.31;-6.17;0.38;-6.22;;;;;;;;
703;19.3;25.3;0.8;5;Successful;Effective;No;No;No;No;No;No;0.0;-6.0;0.2;-6.1;0.31;-6.17;0.38;-6.22;;;;;;;;
704;19.3;25.3;0.8;8;Successful;Effective;No;No;No;No;No;No;0.0;-6.0;0.2;-6.1;0.31;-6.17;0.38;-6.22;;;;;;;;
705;19.3;25.3;0.8;10;Successful;Effective;No;No;No;No;No;No;0.0;-6.0;0.2;-6.1;0.31;-6.17;0.38;-6.22;;;;;;;;
706;19.3;25.3;0.9;5;Successful;Effective;No;No;No;No;No;No;0.0;-6.0;0.2;-6.1;0.31;-6.17;0.38;-6.22;;;;;;;;
707;19.3;25.3;0.9;8;Successful;Effective;No;No;No;No;No;No;0.0;-6.0;0.2;-6.1;0.31;-6.17;0.38;-6.22;;;;;;;;
708;19.3;25.3;0.9;10;Successful;Effective;No;No;No;No;No;No;0.0;-6.0;0.2;-6.1;0.31;-6.17;0.38;-6.22;;;;;;;;
709;19.3;25.3;1.0;5;Successful;Effective;No;No;No;No;No;No;0.0;-6.0;0.2;-6.1;0.31;-6.17;0.38;-6.22;;;;;;;;
710;19.3;25.3;1.0;8;Successful;Effective;No;No;No;No;No;No;0.0;-6.0;0.2;-6.1;0.31;-6.17;0.38;-6.22;;;;;;;;
711;19.3;25.3;1.0;10;Successful;Effective;No;No;No;No;No;No;0.0;-6.0;0.2;-6.1;0.31;-6.17;0.38;-6.22;;;;;;;;
712;19.3;25.3;1.1;5;Successful;Effective;No;No;No;No;No;No;0.0;-6.0;0.2;-6.1;0.31;-6.17;0.38;-6.22;;;;;;;;
713;19.3;25.3;1.1;8;Successful;Effective;No;No;No;No;No;No;0.0;-6.0;0.2;-6.1;0.31;-6.17;0.38;-6.22;;;;;;;;
714;19.3;25.3;1.1;10;Successful;Effective;No;No;No;No;No;No;0.0;-6.0;0.2;-6.1;0.31;-6.17;0.38;-6.22;;;;;;;;
715;19.4;25.4;0.5;5;Successful;Effective;No;No;No;No;No;No;0.0;-6.0;0.2;-6.1;0.31;-6.17;0.38;-6.22;;;;;;;;
716;19.4;25.4;0.5;8;Successful;Effective;No;No;No;No;No;No;0.0;-6.0;0.2;-6.1;0.31;-6.17;0.38;-6.22;;;;;;;;
717;19.4;25.4;0.5;10;Successful;Effective;No;No;No;No;No;No;0.0;-6.0;0.2;-6.1;0.31;-6.17;0.38;-6.22;;;;;;;;
718;19.4;25.4;0.6;5;Successful;Effective;No;No;No;No;No;No;0.0;-6.0;0.2;-6.1;0.31;-6.17;0.38;-6.22;;;;;;;;
719;19.4;25.4;0.6;8;Successful;Effective;No;No;No;No;No;No;0.0;-6.0;0.2;-6.1;0.31;-6.17;0.38;-6.22;;;;;;;;
720;19.4;25.4;0.6;10;Successful;Effective;No;No;No;No;No;No;0.0;-6.0;0.2;-6.1;0.31;-6.17;0.38;-6.22;;;;;;;;
721;19.4;25.4;0.7;5;Successful;Effective;No;No;No;No;No;No;0.0;-6.0;0.2;-6.1;0.31;-6.17;0.38;-6.22;;;;;;;;
722;19.4;25.4;0.7;8;Successful;Effective;No;No;No;No;No;No;0.0;-6.0;0.2;-6.1;0.31;-6.17;0.38;-6.22;;;;;;;;
723;19.4;25.4;0.7;10;Successful;Effective;No;No;No;No;No;No;0.0;-6.0;0.2;-6.1;0.31;-6.17;0.38;-6.22;;;;;;;;
724;19.4;25.4;0.8;5;Successful;Effective;No;No;No;No;No;No;0.0;-6.0;0.2;-6.1;0.31;-6.17;0.38;-6.22;;;;;;;;
725;19.4;25.4;0.8;8;Successful;Effective;No;No;No;No;No;No;0.0;-6.0;0.2;-6.1;0.31;-6.17;0.38;-6.22;;;;;;;;
726;19.4;25.4;0.8;10;Successful;Effective;No;No;No;No;No;No;0.0;-6.0;0.2;-6.1;0.31;-6.17;0.38;-6.22;;;;;;;;
727;19.4;25.4;0.9;5;Successful;Effective;No;No;No;No;No;No;0.0;-6.0;0.2;-6.1;0.31;-6.17;0.38;-6.22;;;;;;;;
728;19.4;25.4;0.9;8;Successful;Effective;No;No;No;No;No;No;0.0;-6.0;0.2;-6.1;0.31;-6.17;0.38;-6.22;;;;;;;;
729;19.4;25.4;0.9;10;Successful;Effective;No;No;No;No;No;No;0.0;-6.0;0.2;-6.1;0.31;-6.17;0.38;-6.22;;;;;;;;
730;19.4;25.4;1.0;5;Successful;Effective;No;No;No;No;No;No;0.0;-6.0;0.2;-6.1;0.31;-6.17;0.38;-6.22;;;;;;;;
731;19.4;25.4;1.0;8;Successful;Effective;No;No;No;No;No;No;0.0;-6.0;0.2;-6.1;0.31;-6.17;0.38;-6.22;;;;;;;;
732;19.4;25.4;1.0;10;Successful;Effective;No;No;No;No;No;No;0.0;-6.0;0.2;-6.1;0.31;-6.17;0.38;-6.22;;;;;;;;
733;19.4;25.4;1.1;5;Successful;Effective;No;No;No;No;No;No;0.0;-6.0;0.2;-6.1;0.31;-6.17;0.38;-6.22;;;;;;;;
734;19.4;25.4;1.1;8;Successful;Effective;No;No;No;No;No;No;0.0;-6.0;0.2;-6.1;0.31;-6.17;0.38;-6.22;;;;;;;;
735;19.4;25.4;1.1;10;Successful;Effective;No;No;No;No;No;No;0.0;-6.0;0.2;-6.1;0.31;-6.17;0.38;-6.22;;;;;;;;
736;19.5;25.5;0.5;5;Successful;Effective;No;No;No;No;No;No;0.0;-6.0;0.2;-6.1;0.31;-6.17;0.38;-6.22;;;;;;;;
737;19.5;25.5;0.5;8;Successful;Effective;No;No;No;No;No;No;0.0;-6.0;0.2;-6.1;0.31;-6.17;0.38;-6.22;;;;;;;;
738;19.5;25.5;0.5;10;Successful;Effective;No;No;No;No;No;No;0.0;-6.0;0.2;-6.1;0.31;-6.17;0.38;-6.22;;;;;;;;
739;19.5;25.5;0.6;5;Successful;Effective;No;No;No;No;No;No;0.0;-6.0;0.2;-6.1;0.31;-6.17;0.38;-6.22;;;;;;;;
740;19.5;25.5;0.6;8;Successful;Effective;No;No;No;No;No;No;0.0;-6.0;0.2;-6.1;0.31;-6.17;0.38;-6.22;;;;;;;;
741;19.5;25.5;0.6;10;Successful;Effective;No;No;No;No;No;No;0.0;-6.0;0.2;-6.1;0.31;-6.17;0.38;-6.22;;;;;;;;
742;19.5;25.5;0.7;5;Successful;Effective;No;No;No;No;No;No;0.0;-6.0;0.2;-6.1;0.31;-6.17;0.38;-6.22;;;;;;;;
743;19.5;25.5;0.7;8;Successful;Effective;No;No;No;No;No;No;0.0;-6.0;0.2;-6.1;0.31;-6.17;0.38;-6.22;;;;;;;;
744;19.5;25.5;0.7;10;Successful;Effective;No;No;No;No;No;No;0.0;-6.0;0.2;-6.1;0.31;-6.17;0.38;-6.22;;;;;;;;
745;19.5;25.5;0.8;5;Successful;Effective;No;No;No;No;No;No;0.0;-6.0;0.2;-6.1;0.31;-6.17;0.38;-6.22;;;;;;;;
746;19.5;25.5;0.8;8;Successful;Effective;No;No;No;No;No;No;0.0;-6.0;0.2;-6.1;0.31;-6.17;0.38;-6.22;;;;;;;;
747;19.5;25.5;0.8;10;Successful;Effective;No;No;No;No;No;No;0.0;-6.0;0.2;-6.1;0.31;-6.17;0.38;-6.22;;;;;;;;
748;19.5;25.5;0.9;5;Successful;Effective;No;No;No;No;No;No;0.0;-6.0;0.2;-6.1;0.31;-6.17;0.38;-6.22;;;;;;;;
749;19.5;25.5;0.9;8;Successful;Effective;No;No;No;No;No;No;0.0;-6.0;0.2;-6.1;0.31;-6.17;0.38;-6.22;;;;;;;;
750;19.5;25.5;0.9;10;Successful;Effective;No;No;No;No;No;No;0.0;-6.0;0.2;-6.1;0.31;-6.17;0.38;-6.22;;;;;;;;
751;19.5;25.5;1.0;5;Successful;Effective;No;No;No;No;No;No;0.0;-6.0;0.2;-6.1;0.31;-6.17;0.38;-6.22;;;;;;;;
752;19.5;25.5;1.0;8;Successful;Effective;No;No;No;No;No;No;0.0;-6.0;0.2;-6.1;0.31;-6.17;0.38;-6.22;;;;;;;;
753;19.5;25.5;1.0;10;Successful;Effective;No;No;No;No;No;No;0.0;-6.0;0.2;-6.1;0.31;-6.17;0.38;-6.22;;;;;;;;
754;19.5;25.5;1.1;5;Successful;Effective;No;No;No;No;No;No;0.0;-6.0;0.2;-6.1;0.31;-6.17;0.38;-6.22;;;;;;;;
755;19.5;25.5;1.1;8;Successful;Effective;No;No;No;No;No;No;0.0;-6.0;0.2;-6.1;0.31;-6.17;0.38;-6.22;;;;;;;;
756;19.5;25.5;1.1;10;Successful;Effective;No;No;No;No;No;No;0.0;-6.0;0.2;-6.1;0.31;-6.17;0.38;-6.22;;;;;;;;
757;19.6;25.6;0.5;5;Successful;Effective;No;No;No;No;No;No;0.0;-6.0;0.2;-6.1;0.31;-6.17;0.38;-6.21;;;;;;;;
758;19.6;25.6;0.5;8;Successful;Effective;No;No;No;No;No;No;0.0;-6.0;0.2;-6.1;0.31;-6.17;0.38;-6.21;;;;;;;;
759;19.6;25.6;0.5;10;Successful;Effective;No;No;No;No;No;No;0.0;-6.0;0.2;-6.1;0.31;-6.17;0.38;-6.21;;;;;;;;
760;19.6;25.6;0.6;5;Successful;Effective;No;No;No;No;No;No;0.0;-6.0;0.2;-6.1;0.31;-6.17;0.38;-6.21;;;;;;;;
761;19.6;25.6;0.6;8;Successful;Effective;No;No;No;No;No;No;0.0;-6.0;0.2;-6.1;0.31;-6.17;0.38;-6.21;;;;;;;;
762;19.6;25.6;0.6;10;Successful;Effective;No;No;No;No;No;No;0.0;-6.0;0.2;-6.1;0.31;-6.17;0.38;-6.21;;;;;;;;
763;19.6;25.6;0.7;5;Successful;Effective;No;No;No;No;No;No;0.0;-6.0;0.2;-6.1;0.31;-6.17;0.38;-6.21;;;;;;;;
764;19.6;25.6;0.7;8;Successful;Effective;No;No;No;No;No;No;0.0;-6.0;0.2;-6.1;0.31;-6.17;0.38;-6.21;;;;;;;;
765;19.6;25.6;0.7;10;Successful;Effective;No;No;No;No;No;No;0.0;-6.0;0.2;-6.1;0.31;-6.17;0.38;-6.21;;;;;;;;
766;19.6;25.6;0.8;5;Successful;Effective;No;No;No;No;No;No;0.0;-6.0;0.2;-6.1;0.31;-6.17;0.38;-6.21;;;;;;;;
767;19.6;25.6;0.8;8;Successful;Effective;No;No;No;No;No;No;0.0;-6.0;0.2;-6.1;0.31;-6.17;0.38;-6.21;;;;;;;;
768;19.6;25.6;0.8;10;Successful;Effective;No;No;No;No;No;No;0.0;-6.0;0.2;-6.1;0.31;-6.17;0.38;-6.21;;;;;;;;
769;19.6;25.6;0.9;5;Successful;Effective;No;No;No;No;No;No;0.0;-6.0;0.2;-6.1;0.31;-6.17;0.38;-6.21;;;;;;;;
770;19.6;25.6;0.9;8;Successful;Effective;No;No;No;No;No;No;0.0;-6.0;0.2;-6.1;0.31;-6.17;0.38;-6.21;;;;;;;;
771;19.6;25.6;0.9;10;Successful;Effective;No;No;No;No;No;No;0.0;-6.0;0.2;-6.1;0.31;-6.17;0.38;-6.21;;;;;;;;
772;19.6;25.6;1.0;5;Successful;Effective;No;No;No;No;No;No;0.0;-6.0;0.2;-6.1;0.31;-6.17;0.38;-6.21;;;;;;;;
773;19.6;25.6;1.0;8;Successful;Effective;No;No;No;No;No;No;0.0;-6.0;0.2;-6.1;0.31;-6.17;0.38;-6.21;;;;;;;;
774;19.6;25.6;1.0;10;Successful;Effective;No;No;No;No;No;No;0.0;-6.0;0.2;-6.1;0.31;-6.17;0.38;-6.21;;;;;;;;
775;19.6;25.6;1.1;5;Successful;Effective;No;No;No;No;No;No;0.0;-6.0;0.2;-6.1;0.31;-6.17;0.38;-6.21;;;;;;;;
776;19.6;25.6;1.1;8;Successful;Effective;No;No;No;No;No;No;0.0;-6.0;0.2;-6.1;0.31;-6.17;0.38;-6.21;;;;;;;;
777;19.6;25.6;1.1;10;Successful;Effective;No;No;No;No;No;No;0.0;-6.0;0.2;-6.1;0.31;-6.17;0.38;-6.21;;;;;;;;
778;19.7;25.7;0.5;5;Successful;Effective;No;No;No;No;No;No;0.0;-6.0;0.2;-6.1;0.31;-6.17;0.38;-6.21;;;;;;;;
779;19.7;25.7;0.5;8;Successful;Effective;No;No;No;No;No;No;0.0;-6.0;0.2;-6.1;0.31;-6.17;0.38;-6.21;;;;;;;;
780;19.7;25.7;0.5;10;Successful;Effective;No;No;No;No;No;No;0.0;-6.0;0.2;-6.1;0.31;-6.17;0.38;-6.21;;;;;;;;
781;19.7;25.7;0.6;5;Successful;Effective;No;No;No;No;No;No;0.0;-6.0;0.2;-6.1;0.31;-6.17;0.38;-6.21;;;;;;;;
782;19.7;25.7;0.6;8;Successful;Effective;No;No;No;No;No;No;0.0;-6.0;0.2;-6.1;0.31;-6.17;0.38;-6.21;;;;;;;;
783;19.7;25.7;0.6;10;Successful;Effective;No;No;No;No;No;No;0.0;-6.0;0.2;-6.1;0.31;-6.17;0.38;-6.21;;;;;;;;
784;19.7;25.7;0.7;5;Successful;Effective;No;No;No;No;No;No;0.0;-6.0;0.2;-6.1;0.31;-6.17;0.38;-6.21;;;;;;;;
785;19.7;25.7;0.7;8;Successful;Effective;No;No;No;No;No;No;0.0;-6.0;0.2;-6.1;0.31;-6.17;0.38;-6.21;;;;;;;;
786;19.7;25.7;0.7;10;Successful;Effective;No;No;No;No;No;No;0.0;-6.0;0.2;-6.1;0.31;-6.17;0.38;-6.21;;;;;;;;
787;19.7;25.7;0.8;5;Successful;Effective;No;No;No;No;No;No;0.0;-6.0;0.2;-6.1;0.31;-6.17;0.38;-6.21;;;;;;;;
788;19.7;25.7;0.8;8;Successful;Effective;No;No;No;No;No;No;0.0;-6.0;0.2;-6.1;0.31;-6.17;0.38;-6.21;;;;;;;;
789;19.7;25.7;0.8;10;Successful;Effective;No;No;No;No;No;No;0.0;-6.0;0.2;-6.1;0.31;-6.17;0.38;-6.21;;;;;;;;
790;19.7;25.7;0.9;5;Successful;Effective;No;No;No;No;No;No;0.0;-6.0;0.2;-6.1;0.31;-6.17;0.38;-6.21;;;;;;;;
791;19.7;25.7;0.9;8;Successful;Effective;No;No;No;No;No;No;0.0;-6.0;0.2;-6.1;0.31;-6.17;0.38;-6.21;;;;;;;;
792;19.7;25.7;0.9;10;Successful;Effective;No;No;No;No;No;No;0.0;-6.0;0.2;-6.1;0.31;-6.17;0.38;-6.21;;;;;;;;
793;19.7;25.7;1.0;5;Successful;Effective;No;No;No;No;No;No;0.0;-6.0;0.2;-6.1;0.31;-6.17;0.38;-6.21;;;;;;;;
794;19.7;25.7;1.0;8;Successful;Effective;No;No;No;No;No;No;0.0;-6.0;0.2;-6.1;0.31;-6.17;0.38;-6.21;;;;;;;;
795;19.7;25.7;1.0;10;Successful;Effective;No;No;No;No;No;No;0.0;-6.0;0.2;-6.1;0.31;-6.17;0.38;-6.21;;;;;;;;
796;19.7;25.7;1.1;5;Successful;Effective;No;No;No;No;No;No;0.0;-6.0;0.2;-6.1;0.31;-6.17;0.38;-6.21;;;;;;;;
797;19.7;25.7;1.1;8;Successful;Effective;No;No;No;No;No;No;0.0;-6.0;0.2;-6.1;0.31;-6.17;0.38;-6.21;;;;;;;;
798;19.7;25.7;1.1;10;Successful;Effective;No;No;No;No;No;No;0.0;-6.0;0.2;-6.1;0.31;-6.17;0.38;-6.21;;;;;;;;
799;19.8;25.8;0.5;5;Successful;Effective;No;No;No;No;No;No;0.0;-6.0;0.2;-6.1;0.31;-6.17;0.38;-6.21;;;;;;;;
800;19.8;25.8;0.5;8;Successful;Effective;No;No;No;No;No;No;0.0;-6.0;0.2;-6.1;0.31;-6.17;0.38;-6.21;;;;;;;;
801;19.8;25.8;0.5;10;Successful;Effective;No;No;No;No;No;No;0.0;-6.0;0.2;-6.1;0.31;-6.17;0.38;-6.21;;;;;;;;
802;19.8;25.8;0.6;5;Successful;Effective;No;No;No;No;No;No;0.0;-6.0;0.2;-6.1;0.31;-6.17;0.38;-6.21;;;;;;;;
803;19.8;25.8;0.6;8;Successful;Effective;No;No;No;No;No;No;0.0;-6.0;0.2;-6.1;0.31;-6.17;0.38;-6.21;;;;;;;;
804;19.8;25.8;0.6;10;Successful;Effective;No;No;No;No;No;No;0.0;-6.0;0.2;-6.1;0.31;-6.17;0.38;-6.21;;;;;;;;
805;19.8;25.8;0.7;5;Successful;Effective;No;No;No;No;No;No;0.0;-6.0;0.2;-6.1;0.31;-6.17;0.38;-6.21;;;;;;;;
806;19.8;25.8;0.7;8;Successful;Effective;No;No;No;No;No;No;0.0;-6.0;0.2;-6.1;0.31;-6.17;0.38;-6.21;;;;;;;;
807;19.8;25.8;0.7;10;Successful;Effective;No;No;No;No;No;No;0.0;-6.0;0.2;-6.1;0.31;-6.17;0.38;-6.21;;;;;;;;
808;19.8;25.8;0.8;5;Successful;Effective;No;No;No;No;No;No;0.0;-6.0;0.2;-6.1;0.31;-6.17;0.38;-6.21;;;;;;;;
809;19.8;25.8;0.8;8;Successful;Effective;No;No;No;No;No;No;0.0;-6.0;0.2;-6.1;0.31;-6.17;0.38;-6.21;;;;;;;;
810;19.8;25.8;0.8;10;Successful;Effective;No;No;No;No;No;No;0.0;-6.0;0.2;-6.1;0.31;-6.17;0.38;-6.21;;;;;;;;
811;19.8;25.8;0.9;5;Successful;Effective;No;No;No;No;No;No;0.0;-6.0;0.2;-6.1;0.31;-6.17;0.38;-6.21;;;;;;;;
812;19.8;25.8;0.9;8;Successful;Effective;No;No;No;No;No;No;0.0;-6.0;0.2;-6.1;0.31;-6.17;0.38;-6.21;;;;;;;;
813;19.8;25.8;0.9;10;Successful;Effective;No;No;No;No;No;No;0.0;-6.0;0.2;-6.1;0.31;-6.17;0.38;-6.21;;;;;;;;
814;19.8;25.8;1.0;5;Successful;Effective;No;No;No;No;No;No;0.0;-6.0;0.2;-6.1;0.31;-6.17;0.38;-6.21;;;;;;;;
815;19.8;25.8;1.0;8;Successful;Effective;No;No;No;No;No;No;0.0;-6.0;0.2;-6.1;0.31;-6.17;0.38;-6.21;;;;;;;;
816;19.8;25.8;1.0;10;Successful;Effective;No;No;No;No;No;No;0.0;-6.0;0.2;-6.1;0.31;-6.17;0.38;-6.21;;;;;;;;
817;19.8;25.8;1.1;5;Successful;Effective;No;No;No;No;No;No;0.0;-6.0;0.2;-6.1;0.31;-6.17;0.38;-6.21;;;;;;;;
818;19.8;25.8;1.1;8;Successful;Effective;No;No;No;No;No;No;0.0;-6.0;0.2;-6.1;0.31;-6.17;0.38;-6.21;;;;;;;;
819;19.8;25.8;1.1;10;Successful;Effective;No;No;No;No;No;No;0.0;-6.0;0.2;-6.1;0.31;-6.17;0.38;-6.21;;;;;;;;
820;19.9;25.9;0.5;5;Successful;Effective;No;No;No;No;No;No;0.0;-6.0;0.2;-6.1;0.31;-6.17;0.38;-6.21;;;;;;;;
821;19.9;25.9;0.5;8;Successful;Effective;No;No;No;No;No;No;0.0;-6.0;0.2;-6.1;0.31;-6.17;0.38;-6.21;;;;;;;;
822;19.9;25.9;0.5;10;Successful;Effective;No;No;No;No;No;No;0.0;-6.0;0.2;-6.1;0.31;-6.17;0.38;-6.21;;;;;;;;
823;19.9;25.9;0.6;5;Successful;Effective;No;No;No;No;No;No;0.0;-6.0;0.2;-6.1;0.31;-6.17;0.38;-6.21;;;;;;;;
824;19.9;25.9;0.6;8;Successful;Effective;No;No;No;No;No;No;0.0;-6.0;0.2;-6.1;0.31;-6.17;0.38;-6.21;;;;;;;;
825;19.9;25.9;0.6;10;Successful;Effective;No;No;No;No;No;No;0.0;-6.0;0.2;-6.1;0.31;-6.17;0.38;-6.21;;;;;;;;
826;19.9;25.9;0.7;5;Successful;Effective;No;No;No;No;No;No;0.0;-6.0;0.2;-6.1;0.31;-6.17;0.38;-6.21;;;;;;;;
827;19.9;25.9;0.7;8;Successful;Effective;No;No;No;No;No;No;0.0;-6.0;0.2;-6.1;0.31;-6.17;0.38;-6.21;;;;;;;;
828;19.9;25.9;0.7;10;Successful;Effective;No;No;No;No;No;No;0.0;-6.0;0.2;-6.1;0.31;-6.17;0.38;-6.21;;;;;;;;
829;19.9;25.9;0.8;5;Successful;Effective;No;No;No;No;No;No;0.0;-6.0;0.2;-6.1;0.31;-6.17;0.38;-6.21;;;;;;;;
830;19.9;25.9;0.8;8;Successful;Effective;No;No;No;No;No;No;0.0;-6.0;0.2;-6.1;0.31;-6.17;0.38;-6.21;;;;;;;;
831;19.9;25.9;0.8;10;Successful;Effective;No;No;No;No;No;No;0.0;-6.0;0.2;-6.1;0.31;-6.17;0.38;-6.21;;;;;;;;
832;19.9;25.9;0.9;5;Successful;Effective;No;No;No;No;No;No;0.0;-6.0;0.2;-6.1;0.31;-6.17;0.38;-6.21;;;;;;;;
833;19.9;25.9;0.9;8;Successful;Effective;No;No;No;No;No;No;0.0;-6.0;0.2;-6.1;0.31;-6.17;0.38;-6.21;;;;;;;;
834;19.9;25.9;0.9;10;Successful;Effective;No;No;No;No;No;No;0.0;-6.0;0.2;-6.1;0.31;-6.17;0.38;-6.21;;;;;;;;
835;19.9;25.9;1.0;5;Successful;Effective;No;No;No;No;No;No;0.0;-6.0;0.2;-6.1;0.31;-6.17;0.38;-6.21;;;;;;;;
836;19.9;25.9;1.0;8;Successful;Effective;No;No;No;No;No;No;0.0;-6.0;0.2;-6.1;0.31;-6.17;0.38;-6.21;;;;;;;;
837;19.9;25.9;1.0;10;Successful;Effective;No;No;No;No;No;No;0.0;-6.0;0.2;-6.1;0.31;-6.17;0.38;-6.21;;;;;;;;
838;19.9;25.9;1.1;5;Successful;Effective;No;No;No;No;No;No;0.0;-6.0;0.2;-6.1;0.31;-6.17;0.38;-6.21;;;;;;;;
839;19.9;25.9;1.1;8;Successful;Effective;No;No;No;No;No;No;0.0;-6.0;0.2;-6.1;0.31;-6.17;0.38;-6.21;;;;;;;;
840;19.9;25.9;1.1;10;Successful;Effective;No;No;No;No;No;No;0.0;-6.0;0.2;-6.1;0.31;-6.17;0.38;-6.21;;;;;;;;
841;20.0;26.0;0.5;5;Successful;Effective;No;No;No;No;No;No;0.0;-6.0;0.2;-6.1;0.31;-6.17;0.38;-6.21;;;;;;;;
842;20.0;26.0;0.5;8;Successful;Effective;No;No;No;No;No;No;0.0;-6.0;0.2;-6.1;0.31;-6.17;0.38;-6.21;;;;;;;;
843;20.0;26.0;0.5;10;Successful;Effective;No;No;No;No;No;No;0.0;-6.0;0.2;-6.1;0.31;-6.17;0.38;-6.21;;;;;;;;
844;20.0;26.0;0.6;5;Successful;Effective;No;No;No;No;No;No;0.0;-6.0;0.2;-6.1;0.31;-6.17;0.38;-6.21;;;;;;;;
845;20.0;26.0;0.6;8;Successful;Effective;No;No;No;No;No;No;0.0;-6.0;0.2;-6.1;0.31;-6.17;0.38;-6.21;;;;;;;;
846;20.0;26.0;0.6;10;Successful;Effective;No;No;No;No;No;No;0.0;-6.0;0.2;-6.1;0.31;-6.17;0.38;-6.21;;;;;;;;
847;20.0;26.0;0.7;5;Successful;Effective;No;No;No;No;No;No;0.0;-6.0;0.2;-6.1;0.31;-6.17;0.38;-6.21;;;;;;;;
848;20.0;26.0;0.7;8;Successful;Effective;No;No;No;No;No;No;0.0;-6.0;0.2;-6.1;0.31;-6.17;0.38;-6.21;;;;;;;;
849;20.0;26.0;0.7;10;Successful;Effective;No;No;No;No;No;No;0.0;-6.0;0.2;-6.1;0.31;-6.17;0.38;-6.21;;;;;;;;
850;20.0;26.0;0.8;5;Successful;Effective;No;No;No;No;No;No;0.0;-6.0;0.2;-6.1;0.31;-6.17;0.38;-6.21;;;;;;;;
851;20.0;26.0;0.8;8;Successful;Effective;No;No;No;No;No;No;0.0;-6.0;0.2;-6.1;0.31;-6.17;0.38;-6.21;;;;;;;;
852;20.0;26.0;0.8;10;Successful;Effective;No;No;No;No;No;No;0.0;-6.0;0.2;-6.1;0.31;-6.17;0.38;-6.21;;;;;;;;
853;20.0;26.0;0.9;5;Successful;Effective;No;No;No;No;No;No;0.0;-6.0;0.2;-6.1;0.31;-6.17;0.38;-6.21;;;;;;;;
854;20.0;26.0;0.9;8;Successful;Effective;No;No;No;No;No;No;0.0;-6.0;0.2;-6.1;0.31;-6.17;0.38;-6.21;;;;;;;;
855;20.0;26.0;0.9;10;Successful;Effective;No;No;No;No;No;No;0.0;-6.0;0.2;-6.1;0.31;-6.17;0.38;-6.21;;;;;;;;
856;20.0;26.0;1.0;5;Successful;Effective;No;No;No;No;No;No;0.0;-6.0;0.2;-6.1;0.31;-6.17;0.38;-6.21;;;;;;;;
857;20.0;26.0;1.0;8;Successful;Effective;No;No;No;No;No;No;0.0;-6.0;0.2;-6.1;0.31;-6.17;0.38;-6.21;;;;;;;;
858;20.0;26.0;1.0;10;Successful;Effective;No;No;No;No;No;No;0.0;-6.0;0.2;-6.1;0.31;-6.17;0.38;-6.21;;;;;;;;
859;20.0;26.0;1.1;5;Successful;Effective;No;No;No;No;No;No;0.0;-6.0;0.2;-6.1;0.31;-6.17;0.38;-6.21;;;;;;;;
860;20.0;26.0;1.1;8;Successful;Effective;No;No;No;No;No;No;0.0;-6.0;0.2;-6.1;0.31;-6.17;0.38;-6.21;;;;;;;;
861;20.0;26.0;1.1;10;Successful;Effective;No;No;No;No;No;No;0.0;-6.0;0.2;-6.1;0.31;-6.17;0.38;-6.21;;;;;;;;
862;20.1;26.1;0.5;5;Successful;Effective;No;No;No;No;No;No;0.0;-6.0;0.2;-6.1;0.31;-6.17;0.38;-6.21;;;;;;;;
863;20.1;26.1;0.5;8;Successful;Effective;No;No;No;No;No;No;0.0;-6.0;0.2;-6.1;0.31;-6.17;0.38;-6.21;;;;;;;;
864;20.1;26.1;0.5;10;Successful;Effective;No;No;No;No;No;No;0.0;-6.0;0.2;-6.1;0.31;-6.17;0.38;-6.21;;;;;;;;
865;20.1;26.1;0.6;5;Successful;Effective;No;No;No;No;No;No;0.0;-6.0;0.2;-6.1;0.31;-6.17;0.38;-6.21;;;;;;;;
866;20.1;26.1;0.6;8;Successful;Effective;No;No;No;No;No;No;0.0;-6.0;0.2;-6.1;0.31;-6.17;0.38;-6.21;;;;;;;;
867;20.1;26.1;0.6;10;Successful;Effective;No;No;No;No;No;No;0.0;-6.0;0.2;-6.1;0.31;-6.17;0.38;-6.21;;;;;;;;
868;20.1;26.1;0.7;5;Successful;Effective;No;No;No;No;No;No;0.0;-6.0;0.2;-6.1;0.31;-6.17;0.38;-6.21;;;;;;;;
869;20.1;26.1;0.7;8;Successful;Effective;No;No;No;No;No;No;0.0;-6.0;0.2;-6.1;0.31;-6.17;0.38;-6.21;;;;;;;;
870;20.1;26.1;0.7;10;Successful;Effective;No;No;No;No;No;No;0.0;-6.0;0.2;-6.1;0.31;-6.17;0.38;-6.21;;;;;;;;
871;20.1;26.1;0.8;5;Successful;Effective;No;No;No;No;No;No;0.0;-6.0;0.2;-6.1;0.31;-6.17;0.38;-6.21;;;;;;;;
872;20.1;26.1;0.8;8;Successful;Effective;No;No;No;No;No;No;0.0;-6.0;0.2;-6.1;0.31;-6.17;0.38;-6.21;;;;;;;;
873;20.1;26.1;0.8;10;Successful;Effective;No;No;No;No;No;No;0.0;-6.0;0.2;-6.1;0.31;-6.17;0.38;-6.21;;;;;;;;
874;20.1;26.1;0.9;5;Successful;Effective;No;No;No;No;No;No;0.0;-6.0;0.2;-6.1;0.31;-6.17;0.38;-6.21;;;;;;;;
875;20.1;26.1;0.9;8;Successful;Effective;No;No;No;No;No;No;0.0;-6.0;0.2;-6.1;0.31;-6.17;0.38;-6.21;;;;;;;;
876;20.1;26.1;0.9;10;Successful;Effective;No;No;No;No;No;No;0.0;-6.0;0.2;-6.1;0.31;-6.17;0.38;-6.21;;;;;;;;
877;20.1;26.1;1.0;5;Successful;Effective;No;No;No;No;No;No;0.0;-6.0;0.2;-6.1;0.31;-6.17;0.38;-6.21;;;;;;;;
878;20.1;26.1;1.0;8;Successful;Effective;No;No;No;No;No;No;0.0;-6.0;0.2;-6.1;0.31;-6.17;0.38;-6.21;;;;;;;;
879;20.1;26.1;1.0;10;Successful;Effective;No;No;No;No;No;No;0.0;-6.0;0.2;-6.1;0.31;-6.17;0.38;-6.21;;;;;;;;
880;20.1;26.1;1.1;5;Successful;Effective;No;No;No;No;No;No;0.0;-6.0;0.2;-6.1;0.31;-6.17;0.38;-6.21;;;;;;;;
881;20.1;26.1;1.1;8;Successful;Effective;No;No;No;No;No;No;0.0;-6.0;0.2;-6.1;0.31;-6.17;0.38;-6.21;;;;;;;;
882;20.1;26.1;1.1;10;Successful;Effective;No;No;No;No;No;No;0.0;-6.0;0.2;-6.1;0.31;-6.17;0.38;-6.21;;;;;;;;
883;20.2;26.2;0.5;5;Successful;Effective;No;No;No;No;No;No;0.0;-6.0;0.2;-6.1;0.31;-6.17;0.38;-6.21;;;;;;;;
884;20.2;26.2;0.5;8;Successful;Effective;No;No;No;No;No;No;0.0;-6.0;0.2;-6.1;0.31;-6.17;0.38;-6.21;;;;;;;;
885;20.2;26.2;0.5;10;Successful;Effective;No;No;No;No;No;No;0.0;-6.0;0.2;-6.1;0.31;-6.17;0.38;-6.21;;;;;;;;
886;20.2;26.2;0.6;5;Successful;Effective;No;No;No;No;No;No;0.0;-6.0;0.2;-6.1;0.31;-6.17;0.38;-6.21;;;;;;;;
887;20.2;26.2;0.6;8;Successful;Effective;No;No;No;No;No;No;0.0;-6.0;0.2;-6.1;0.31;-6.17;0.38;-6.21;;;;;;;;
888;20.2;26.2;0.6;10;Successful;Effective;No;No;No;No;No;No;0.0;-6.0;0.2;-6.1;0.31;-6.17;0.38;-6.21;;;;;;;;
889;20.2;26.2;0.7;5;Successful;Effective;No;No;No;No;No;No;0.0;-6.0;0.2;-6.1;0.31;-6.17;0.38;-6.21;;;;;;;;
890;20.2;26.2;0.7;8;Successful;Effective;No;No;No;No;No;No;0.0;-6.0;0.2;-6.1;0.31;-6.17;0.38;-6.21;;;;;;;;
891;20.2;26.2;0.7;10;Successful;Effective;No;No;No;No;No;No;0.0;-6.0;0.2;-6.1;0.31;-6.17;0.38;-6.21;;;;;;;;
892;20.2;26.2;0.8;5;Successful;Effective;No;No;No;No;No;No;0.0;-6.0;0.2;-6.1;0.31;-6.17;0.38;-6.21;;;;;;;;
893;20.2;26.2;0.8;8;Successful;Effective;No;No;No;No;No;No;0.0;-6.0;0.2;-6.1;0.31;-6.17;0.38;-6.21;;;;;;;;
894;20.2;26.2;0.8;10;Successful;Effective;No;No;No;No;No;No;0.0;-6.0;0.2;-6.1;0.31;-6.17;0.38;-6.21;;;;;;;;
895;20.2;26.2;0.9;5;Successful;Effective;No;No;No;No;No;No;0.0;-6.0;0.2;-6.1;0.31;-6.17;0.38;-6.21;;;;;;;;
896;20.2;26.2;0.9;8;Successful;Effective;No;No;No;No;No;No;0.0;-6.0;0.2;-6.1;0.31;-6.17;0.38;-6.21;;;;;;;;
897;20.2;26.2;0.9;10;Successful;Effective;No;No;No;No;No;No;0.0;-6.0;0.2;-6.1;0.31;-6.17;0.38;-6.21;;;;;;;;
898;20.2;26.2;1.0;5;Successful;Effective;No;No;No;No;No;No;0.0;-6.0;0.2;-6.1;0.31;-6.17;0.38;-6.21;;;;;;;;
899;20.2;26.2;1.0;8;Successful;Effective;No;No;No;No;No;No;0.0;-6.0;0.2;-6.1;0.31;-6.17;0.38;-6.21;;;;;;;;
900;20.2;26.2;1.0;10;Successful;Effective;No;No;No;No;No;No;0.0;-6.0;0.2;-6.1;0.31;-6.17;0.38;-6.21;;;;;;;;
901;20.2;26.2;1.1;5;Successful;Effective;No;No;No;No;No;No;0.0;-6.0;0.2;-6.1;0.31;-6.17;0.38;-6.21;;;;;;;;
902;20.2;26.2;1.1;8;Successful;Effective;No;No;No;No;No;No;0.0;-6.0;0.2;-6.1;0.31;-6.17;0.38;-6.21;;;;;;;;
903;20.2;26.2;1.1;10;Successful;Effective;No;No;No;No;No;No;0.0;-6.0;0.2;-6.1;0.31;-6.17;0.38;-6.21;;;;;;;;
904;20.3;26.3;0.5;5;Successful;Effective;No;No;No;No;No;No;0.0;-6.0;0.2;-6.1;0.31;-6.17;0.38;-6.21;;;;;;;;
905;20.3;26.3;0.5;8;Successful;Effective;No;No;No;No;No;No;0.0;-6.0;0.2;-6.1;0.31;-6.17;0.38;-6.21;;;;;;;;
906;20.3;26.3;0.5;10;Successful;Effective;No;No;No;No;No;No;0.0;-6.0;0.2;-6.1;0.31;-6.17;0.38;-6.21;;;;;;;;
907;20.3;26.3;0.6;5;Successful;Effective;No;No;No;No;No;No;0.0;-6.0;0.2;-6.1;0.31;-6.17;0.38;-6.21;;;;;;;;
908;20.3;26.3;0.6;8;Successful;Effective;No;No;No;No;No;No;0.0;-6.0;0.2;-6.1;0.31;-6.17;0.38;-6.21;;;;;;;;
909;20.3;26.3;0.6;10;Successful;Effective;No;No;No;No;No;No;0.0;-6.0;0.2;-6.1;0.31;-6.17;0.38;-6.21;;;;;;;;
910;20.3;26.3;0.7;5;Successful;Effective;No;No;No;No;No;No;0.0;-6.0;0.2;-6.1;0.31;-6.17;0.38;-6.21;;;;;;;;
911;20.3;26.3;0.7;8;Successful;Effective;No;No;No;No;No;No;0.0;-6.0;0.2;-6.1;0.31;-6.17;0.38;-6.21;;;;;;;;
912;20.3;26.3;0.7;10;Successful;Effective;No;No;No;No;No;No;0.0;-6.0;0.2;-6.1;0.31;-6.17;0.38;-6.21;;;;;;;;
913;20.3;26.3;0.8;5;Successful;Effective;No;No;No;No;No;No;0.0;-6.0;0.2;-6.1;0.31;-6.17;0.38;-6.21;;;;;;;;
914;20.3;26.3;0.8;8;Successful;Effective;No;No;No;No;No;No;0.0;-6.0;0.2;-6.1;0.31;-6.17;0.38;-6.21;;;;;;;;
915;20.3;26.3;0.8;10;Successful;Effective;No;No;No;No;No;No;0.0;-6.0;0.2;-6.1;0.31;-6.17;0.38;-6.21;;;;;;;;
916;20.3;26.3;0.9;5;Successful;Effective;No;No;No;No;No;No;0.0;-6.0;0.2;-6.1;0.31;-6.17;0.38;-6.21;;;;;;;;
917;20.3;26.3;0.9;8;Successful;Effective;No;No;No;No;No;No;0.0;-6.0;0.2;-6.1;0.31;-6.17;0.38;-6.21;;;;;;;;
918;20.3;26.3;0.9;10;Successful;Effective;No;No;No;No;No;No;0.0;-6.0;0.2;-6.1;0.31;-6.17;0.38;-6.21;;;;;;;;
919;20.3;26.3;1.0;5;Successful;Effective;No;No;No;No;No;No;0.0;-6.0;0.2;-6.1;0.31;-6.17;0.38;-6.21;;;;;;;;
920;20.3;26.3;1.0;8;Successful;Effective;No;No;No;No;No;No;0.0;-6.0;0.2;-6.1;0.31;-6.17;0.38;-6.21;;;;;;;;
921;20.3;26.3;1.0;10;Successful;Effective;No;No;No;No;No;No;0.0;-6.0;0.2;-6.1;0.31;-6.17;0.38;-6.21;;;;;;;;
922;20.3;26.3;1.1;5;Successful;Effective;No;No;No;No;No;No;0.0;-6.0;0.2;-6.1;0.31;-6.17;0.38;-6.21;;;;;;;;
923;20.3;26.3;1.1;8;Successful;Effective;No;No;No;No;No;No;0.0;-6.0;0.2;-6.1;0.31;-6.17;0.38;-6.21;;;;;;;;
924;20.3;26.3;1.1;10;Successful;Effective;No;No;No;No;No;No;0.0;-6.0;0.2;-6.1;0.31;-6.17;0.38;-6.21;;;;;;;;
925;20.4;26.4;0.5;5;Successful;Effective;No;No;No;No;No;No;0.0;-6.0;0.2;-6.1;0.31;-6.17;0.38;-6.21;;;;;;;;
926;20.4;26.4;0.5;8;Successful;Effective;No;No;No;No;No;No;0.0;-6.0;0.2;-6.1;0.31;-6.17;0.38;-6.21;;;;;;;;
927;20.4;26.4;0.5;10;Successful;Effective;No;No;No;No;No;No;0.0;-6.0;0.2;-6.1;0.31;-6.17;0.38;-6.21;;;;;;;;
928;20.4;26.4;0.6;5;Successful;Effective;No;No;No;No;No;No;0.0;-6.0;0.2;-6.1;0.31;-6.17;0.38;-6.21;;;;;;;;
929;20.4;26.4;0.6;8;Successful;Effective;No;No;No;No;No;No;0.0;-6.0;0.2;-6.1;0.31;-6.17;0.38;-6.21;;;;;;;;
930;20.4;26.4;0.6;10;Successful;Effective;No;No;No;No;No;No;0.0;-6.0;0.2;-6.1;0.31;-6.17;0.38;-6.21;;;;;;;;
931;20.4;26.4;0.7;5;Successful;Effective;No;No;No;No;No;No;0.0;-6.0;0.2;-6.1;0.31;-6.17;0.38;-6.21;;;;;;;;
932;20.4;26.4;0.7;8;Successful;Effective;No;No;No;No;No;No;0.0;-6.0;0.2;-6.1;0.31;-6.17;0.38;-6.21;;;;;;;;
933;20.4;26.4;0.7;10;Successful;Effective;No;No;No;No;No;No;0.0;-6.0;0.2;-6.1;0.31;-6.17;0.38;-6.21;;;;;;;;
934;20.4;26.4;0.8;5;Successful;Effective;No;No;No;No;No;No;0.0;-6.0;0.2;-6.1;0.31;-6.17;0.38;-6.21;;;;;;;;
935;20.4;26.4;0.8;8;Successful;Effective;No;No;No;No;No;No;0.0;-6.0;0.2;-6.1;0.31;-6.17;0.38;-6.21;;;;;;;;
936;20.4;26.4;0.8;10;Successful;Effective;No;No;No;No;No;No;0.0;-6.0;0.2;-6.1;0.31;-6.17;0.38;-6.21;;;;;;;;
937;20.4;26.4;0.9;5;Successful;Effective;No;No;No;No;No;No;0.0;-6.0;0.2;-6.1;0.31;-6.17;0.38;-6.21;;;;;;;;
938;20.4;26.4;0.9;8;Successful;Effective;No;No;No;No;No;No;0.0;-6.0;0.2;-6.1;0.31;-6.17;0.38;-6.21;;;;;;;;
939;20.4;26.4;0.9;10;Successful;Effective;No;No;No;No;No;No;0.0;-6.0;0.2;-6.1;0.31;-6.17;0.38;-6.21;;;;;;;;
940;20.4;26.4;1.0;5;Successful;Effective;No;No;No;No;No;No;0.0;-6.0;0.2;-6.1;0.31;-6.17;0.38;-6.21;;;;;;;;
941;20.4;26.4;1.0;8;Successful;Effective;No;No;No;No;No;No;0.0;-6.0;0.2;-6.1;0.31;-6.17;0.38;-6.21;;;;;;;;
942;20.4;26.4;1.0;10;Successful;Effective;No;No;No;No;No;No;0.0;-6.0;0.2;-6.1;0.31;-6.17;0.38;-6.21;;;;;;;;
943;20.4;26.4;1.1;5;Successful;Effective;No;No;No;No;No;No;0.0;-6.0;0.2;-6.1;0.31;-6.17;0.38;-6.21;;;;;;;;
944;20.4;26.4;1.1;8;Successful;Effective;No;No;No;No;No;No;0.0;-6.0;0.2;-6.1;0.31;-6.17;0.38;-6.21;;;;;;;;
945;20.4;26.4;1.1;10;Successful;Effective;No;No;No;No;No;No;0.0;-6.0;0.2;-6.1;0.31;-6.17;0.38;-6.21;;;;;;;;
946;20.5;26.5;0.5;5;Successful;Effective;No;No;No;No;No;No;0.0;-6.0;0.2;-6.1;0.31;-6.17;0.38;-6.21;;;;;;;;
947;20.5;26.5;0.5;8;Successful;Effective;No;No;No;No;No;No;0.0;-6.0;0.2;-6.1;0.31;-6.17;0.38;-6.21;;;;;;;;
948;20.5;26.5;0.5;10;Successful;Effective;No;No;No;No;No;No;0.0;-6.0;0.2;-6.1;0.31;-6.17;0.38;-6.21;;;;;;;;
949;20.5;26.5;0.6;5;Successful;Effective;No;No;No;No;No;No;0.0;-6.0;0.2;-6.1;0.31;-6.17;0.38;-6.21;;;;;;;;
950;20.5;26.5;0.6;8;Successful;Effective;No;No;No;No;No;No;0.0;-6.0;0.2;-6.1;0.31;-6.17;0.38;-6.21;;;;;;;;
951;20.5;26.5;0.6;10;Successful;Effective;No;No;No;No;No;No;0.0;-6.0;0.2;-6.1;0.31;-6.17;0.38;-6.21;;;;;;;;
952;20.5;26.5;0.7;5;Successful;Effective;No;No;No;No;No;No;0.0;-6.0;0.2;-6.1;0.31;-6.17;0.38;-6.21;;;;;;;;
953;20.5;26.5;0.7;8;Successful;Effective;No;No;No;No;No;No;0.0;-6.0;0.2;-6.1;0.31;-6.17;0.38;-6.21;;;;;;;;
954;20.5;26.5;0.7;10;Successful;Effective;No;No;No;No;No;No;0.0;-6.0;0.2;-6.1;0.31;-6.17;0.38;-6.21;;;;;;;;
955;20.5;26.5;0.8;5;Successful;Effective;No;No;No;No;No;No;0.0;-6.0;0.2;-6.1;0.31;-6.17;0.38;-6.21;;;;;;;;
956;20.5;26.5;0.8;8;Successful;Effective;No;No;No;No;No;No;0.0;-6.0;0.2;-6.1;0.31;-6.17;0.38;-6.21;;;;;;;;
957;20.5;26.5;0.8;10;Successful;Effective;No;No;No;No;No;No;0.0;-6.0;0.2;-6.1;0.31;-6.17;0.38;-6.21;;;;;;;;
958;20.5;26.5;0.9;5;Successful;Effective;No;No;No;No;No;No;0.0;-6.0;0.2;-6.1;0.31;-6.17;0.38;-6.21;;;;;;;;
959;20.5;26.5;0.9;8;Successful;Effective;No;No;No;No;No;No;0.0;-6.0;0.2;-6.1;0.31;-6.17;0.38;-6.21;;;;;;;;
960;20.5;26.5;0.9;10;Successful;Effective;No;No;No;No;No;No;0.0;-6.0;0.2;-6.1;0.31;-6.17;0.38;-6.21;;;;;;;;
961;20.5;26.5;1.0;5;Successful;Effective;No;No;No;No;No;No;0.0;-6.0;0.2;-6.1;0.31;-6.17;0.38;-6.21;;;;;;;;
962;20.5;26.5;1.0;8;Successful;Effective;No;No;No;No;No;No;0.0;-6.0;0.2;-6.1;0.31;-6.17;0.38;-6.21;;;;;;;;
963;20.5;26.5;1.0;10;Successful;Effective;No;No;No;No;No;No;0.0;-6.0;0.2;-6.1;0.31;-6.17;0.38;-6.21;;;;;;;;
964;20.5;26.5;1.1;5;Successful;Effective;No;No;No;No;No;No;0.0;-6.0;0.2;-6.1;0.31;-6.17;0.38;-6.21;;;;;;;;
965;20.5;26.5;1.1;8;Successful;Effective;No;No;No;No;No;No;0.0;-6.0;0.2;-6.1;0.31;-6.17;0.38;-6.21;;;;;;;;
966;20.5;26.5;1.1;10;Successful;Effective;No;No;No;No;No;No;0.0;-6.0;0.2;-6.1;0.31;-6.17;0.38;-6.21;;;;;;;;
967;20.6;26.6;0.5;5;Successful;Effective;No;No;No;No;No;No;0.0;-6.0;0.2;-6.1;0.31;-6.17;0.38;-6.21;;;;;;;;
968;20.6;26.6;0.5;8;Successful;Effective;No;No;No;No;No;No;0.0;-6.0;0.2;-6.1;0.31;-6.17;0.38;-6.21;;;;;;;;
969;20.6;26.6;0.5;10;Successful;Effective;No;No;No;No;No;No;0.0;-6.0;0.2;-6.1;0.31;-6.17;0.38;-6.21;;;;;;;;
970;20.6;26.6;0.6;5;Successful;Effective;No;No;No;No;No;No;0.0;-6.0;0.2;-6.1;0.31;-6.17;0.38;-6.21;;;;;;;;
971;20.6;26.6;0.6;8;Successful;Effective;No;No;No;No;No;No;0.0;-6.0;0.2;-6.1;0.31;-6.17;0.38;-6.21;;;;;;;;
972;20.6;26.6;0.6;10;Successful;Effective;No;No;No;No;No;No;0.0;-6.0;0.2;-6.1;0.31;-6.17;0.38;-6.21;;;;;;;;
973;20.6;26.6;0.7;5;Successful;Effective;No;No;No;No;No;No;0.0;-6.0;0.2;-6.1;0.31;-6.17;0.38;-6.21;;;;;;;;
974;20.6;26.6;0.7;8;Successful;Effective;No;No;No;No;No;No;0.0;-6.0;0.2;-6.1;0.31;-6.17;0.38;-6.21;;;;;;;;
975;20.6;26.6;0.7;10;Successful;Effective;No;No;No;No;No;No;0.0;-6.0;0.2;-6.1;0.31;-6.17;0.38;-6.21;;;;;;;;
976;20.6;26.6;0.8;5;Successful;Effective;No;No;No;No;No;No;0.0;-6.0;0.2;-6.1;0.31;-6.17;0.38;-6.21;;;;;;;;
977;20.6;26.6;0.8;8;Successful;Effective;No;No;No;No;No;No;0.0;-6.0;0.2;-6.1;0.31;-6.17;0.38;-6.21;;;;;;;;
978;20.6;26.6;0.8;10;Successful;Effective;No;No;No;No;No;No;0.0;-6.0;0.2;-6.1;0.31;-6.17;0.38;-6.21;;;;;;;;
979;20.6;26.6;0.9;5;Successful;Effective;No;No;No;No;No;No;0.0;-6.0;0.2;-6.1;0.31;-6.17;0.38;-6.21;;;;;;;;
980;20.6;26.6;0.9;8;Successful;Effective;No;No;No;No;No;No;0.0;-6.0;0.2;-6.1;0.31;-6.17;0.38;-6.21;;;;;;;;
981;20.6;26.6;0.9;10;Successful;Effective;No;No;No;No;No;No;0.0;-6.0;0.2;-6.1;0.31;-6.17;0.38;-6.21;;;;;;;;
982;20.6;26.6;1.0;5;Successful;Effective;No;No;No;No;No;No;0.0;-6.0;0.2;-6.1;0.31;-6.17;0.38;-6.21;;;;;;;;
983;20.6;26.6;1.0;8;Successful;Effective;No;No;No;No;No;No;0.0;-6.0;0.2;-6.1;0.31;-6.17;0.38;-6.21;;;;;;;;
984;20.6;26.6;1.0;10;Successful;Effective;No;No;No;No;No;No;0.0;-6.0;0.2;-6.1;0.31;-6.17;0.38;-6.21;;;;;;;;
985;20.6;26.6;1.1;5;Successful;Effective;No;No;No;No;No;No;0.0;-6.0;0.2;-6.1;0.31;-6.17;0.38;-6.21;;;;;;;;
986;20.6;26.6;1.1;8;Successful;Effective;No;No;No;No;No;No;0.0;-6.0;0.2;-6.1;0.31;-6.17;0.38;-6.21;;;;;;;;
987;20.6;26.6;1.1;10;Successful;Effective;No;No;No;No;No;No;0.0;-6.0;0.2;-6.1;0.31;-6.17;0.38;-6.21;;;;;;;;
988;20.7;26.7;0.5;5;Successful;Effective;No;No;No;No;No;No;0.0;-6.0;0.2;-6.1;0.31;-6.17;0.38;-6.21;;;;;;;;
989;20.7;26.7;0.5;8;Successful;Effective;No;No;No;No;No;No;0.0;-6.0;0.2;-6.1;0.31;-6.17;0.38;-6.21;;;;;;;;
990;20.7;26.7;0.5;10;Successful;Effective;No;No;No;No;No;No;0.0;-6.0;0.2;-6.1;0.31;-6.17;0.38;-6.21;;;;;;;;
991;20.7;26.7;0.6;5;Successful;Effective;No;No;No;No;No;No;0.0;-6.0;0.2;-6.1;0.31;-6.17;0.38;-6.21;;;;;;;;
992;20.7;26.7;0.6;8;Successful;Effective;No;No;No;No;No;No;0.0;-6.0;0.2;-6.1;0.31;-6.17;0.38;-6.21;;;;;;;;
993;20.7;26.7;0.6;10;Successful;Effective;No;No;No;No;No;No;0.0;-6.0;0.2;-6.1;0.31;-6.17;0.38;-6.21;;;;;;;;
994;20.7;26.7;0.7;5;Successful;Effective;No;No;No;No;No;No;0.0;-6.0;0.2;-6.1;0.31;-6.17;0.38;-6.21;;;;;;;;
995;20.7;26.7;0.7;8;Successful;Effective;No;No;No;No;No;No;0.0;-6.0;0.2;-6.1;0.31;-6.17;0.38;-6.21;;;;;;;;
996;20.7;26.7;0.7;10;Successful;Effective;No;No;No;No;No;No;0.0;-6.0;0.2;-6.1;0.31;-6.17;0.38;-6.21;;;;;;;;
997;20.7;26.7;0.8;5;Successful;Effective;No;No;No;No;No;No;0.0;-6.0;0.2;-6.1;0.31;-6.17;0.38;-6.21;;;;;;;;
998;20.7;26.7;0.8;8;Successful;Effective;No;No;No;No;No;No;0.0;-6.0;0.2;-6.1;0.31;-6.17;0.38;-6.21;;;;;;;;
999;20.7;26.7;0.8;10;Successful;Effective;No;No;No;No;No;No;0.0;-6.0;0.2;-6.1;0.31;-6.17;0.38;-6.21;;;;;;;;
1000;20.7;26.7;0.9;5;Successful;Effective;No;No;No;No;No;No;0.0;-6.0;0.2;-6.1;0.31;-6.17;0.38;-6.21;;;;;;;;
1001;20.7;26.7;0.9;8;Successful;Effective;No;No;No;No;No;No;0.0;-6.0;0.2;-6.1;0.31;-6.17;0.38;-6.21;;;;;;;;
1002;20.7;26.7;0.9;10;Successful;Effective;No;No;No;No;No;No;0.0;-6.0;0.2;-6.1;0.31;-6.17;0.38;-6.21;;;;;;;;
1003;20.7;26.7;1.0;5;Successful;Effective;No;No;No;No;No;No;0.0;-6.0;0.2;-6.1;0.31;-6.17;0.38;-6.21;;;;;;;;
1004;20.7;26.7;1.0;8;Successful;Effective;No;No;No;No;No;No;0.0;-6.0;0.2;-6.1;0.31;-6.17;0.38;-6.21;;;;;;;;
1005;20.7;26.7;1.0;10;Successful;Effective;No;No;No;No;No;No;0.0;-6.0;0.2;-6.1;0.31;-6.17;0.38;-6.21;;;;;;;;
1006;20.7;26.7;1.1;5;Successful;Effective;No;No;No;No;No;No;0.0;-6.0;0.2;-6.1;0.31;-6.17;0.38;-6.21;;;;;;;;
1007;20.7;26.7;1.1;8;Successful;Effective;No;No;No;No;No;No;0.0;-6.0;0.2;-6.1;0.31;-6.17;0.38;-6.21;;;;;;;;
1008;20.7;26.7;1.1;10;Successful;Effective;No;No;No;No;No;No;0.0;-6.0;0.2;-6.1;0.31;-6.17;0.38;-6.21;;;;;;;;
1009;20.8;26.8;0.5;5;Successful;Effective;No;No;No;No;No;No;0.0;-6.0;0.2;-6.1;0.31;-6.17;0.38;-6.21;;;;;;;;
1010;20.8;26.8;0.5;8;Successful;Effective;No;No;No;No;No;No;0.0;-6.0;0.2;-6.1;0.31;-6.17;0.38;-6.21;;;;;;;;
1011;20.8;26.8;0.5;10;Successful;Effective;No;No;No;No;No;No;0.0;-6.0;0.2;-6.1;0.31;-6.17;0.38;-6.21;;;;;;;;
1012;20.8;26.8;0.6;5;Successful;Effective;No;No;No;No;No;No;0.0;-6.0;0.2;-6.1;0.31;-6.17;0.38;-6.21;;;;;;;;
1013;20.8;26.8;0.6;8;Successful;Effective;No;No;No;No;No;No;0.0;-6.0;0.2;-6.1;0.31;-6.17;0.38;-6.21;;;;;;;;
1014;20.8;26.8;0.6;10;Successful;Effective;No;No;No;No;No;No;0.0;-6.0;0.2;-6.1;0.31;-6.17;0.38;-6.21;;;;;;;;
1015;20.8;26.8;0.7;5;Successful;Effective;No;No;No;No;No;No;0.0;-6.0;0.2;-6.1;0.31;-6.17;0.38;-6.21;;;;;;;;
1016;20.8;26.8;0.7;8;Successful;Effective;No;No;No;No;No;No;0.0;-6.0;0.2;-6.1;0.31;-6.17;0.38;-6.21;;;;;;;;
1017;20.8;26.8;0.7;10;Successful;Effective;No;No;No;No;No;No;0.0;-6.0;0.2;-6.1;0.31;-6.17;0.38;-6.21;;;;;;;;
1018;20.8;26.8;0.8;5;Successful;Effective;No;No;No;No;No;No;0.0;-6.0;0.2;-6.1;0.31;-6.17;0.38;-6.21;;;;;;;;
1019;20.8;26.8;0.8;8;Successful;Effective;No;No;No;No;No;No;0.0;-6.0;0.2;-6.1;0.31;-6.17;0.38;-6.21;;;;;;;;
1020;20.8;26.8;0.8;10;Successful;Effective;No;No;No;No;No;No;0.0;-6.0;0.2;-6.1;0.31;-6.17;0.38;-6.21;;;;;;;;
1021;20.8;26.8;0.9;5;Successful;Effective;No;No;No;No;No;No;0.0;-6.0;0.2;-6.1;0.31;-6.17;0.38;-6.21;;;;;;;;
1022;20.8;26.8;0.9;8;Successful;Effective;No;No;No;No;No;No;0.0;-6.0;0.2;-6.1;0.31;-6.17;0.38;-6.21;;;;;;;;
1023;20.8;26.8;0.9;10;Successful;Effective;No;No;No;No;No;No;0.0;-6.0;0.2;-6.1;0.31;-6.17;0.38;-6.21;;;;;;;;
1024;20.8;26.8;1.0;5;Successful;Effective;No;No;No;No;No;No;0.0;-6.0;0.2;-6.1;0.31;-6.17;0.38;-6.21;;;;;;;;
1025;20.8;26.8;1.0;8;Successful;Effective;No;No;No;No;No;No;0.0;-6.0;0.2;-6.1;0.31;-6.17;0.38;-6.21;;;;;;;;
1026;20.8;26.8;1.0;10;Successful;Effective;No;No;No;No;No;No;0.0;-6.0;0.2;-6.1;0.31;-6.17;0.38;-6.21;;;;;;;;
1027;20.8;26.8;1.1;5;Successful;Effective;No;No;No;No;No;No;0.0;-6.0;0.2;-6.1;0.31;-6.17;0.38;-6.21;;;;;;;;
1028;20.8;26.8;1.1;8;Successful;Effective;No;No;No;No;No;No;0.0;-6.0;0.2;-6.1;0.31;-6.17;0.38;-6.21;;;;;;;;
1029;20.8;26.8;1.1;10;Successful;Effective;No;No;No;No;No;No;0.0;-6.0;0.2;-6.1;0.31;-6.17;0.38;-6.21;;;;;;;;
1030;20.9;26.9;0.5;5;Successful;Effective;No;No;No;No;No;No;0.0;-6.0;0.2;-6.1;0.31;-6.17;0.38;-6.21;;;;;;;;
1031;20.9;26.9;0.5;8;Successful;Effective;No;No;No;No;No;No;0.0;-6.0;0.2;-6.1;0.31;-6.17;0.38;-6.21;;;;;;;;
1032;20.9;26.9;0.5;10;Successful;Effective;No;No;No;No;No;No;0.0;-6.0;0.2;-6.1;0.31;-6.17;0.38;-6.21;;;;;;;;
1033;20.9;26.9;0.6;5;Successful;Effective;No;No;No;No;No;No;0.0;-6.0;0.2;-6.1;0.31;-6.17;0.38;-6.21;;;;;;;;
1034;20.9;26.9;0.6;8;Successful;Effective;No;No;No;No;No;No;0.0;-6.0;0.2;-6.1;0.31;-6.17;0.38;-6.21;;;;;;;;
1035;20.9;26.9;0.6;10;Successful;Effective;No;No;No;No;No;No;0.0;-6.0;0.2;-6.1;0.31;-6.17;0.38;-6.21;;;;;;;;
1036;20.9;26.9;0.7;5;Successful;Effective;No;No;No;No;No;No;0.0;-6.0;0.2;-6.1;0.31;-6.17;0.38;-6.21;;;;;;;;
1037;20.9;26.9;0.7;8;Successful;Effective;No;No;No;No;No;No;0.0;-6.0;0.2;-6.1;0.31;-6.17;0.38;-6.21;;;;;;;;
1038;20.9;26.9;0.7;10;Successful;Effective;No;No;No;No;No;No;0.0;-6.0;0.2;-6.1;0.31;-6.17;0.38;-6.21;;;;;;;;
1039;20.9;26.9;0.8;5;Successful;Effective;No;No;No;No;No;No;0.0;-6.0;0.2;-6.1;0.31;-6.17;0.38;-6.21;;;;;;;;
1040;20.9;26.9;0.8;8;Successful;Effective;No;No;No;No;No;No;0.0;-6.0;0.2;-6.1;0.31;-6.17;0.38;-6.21;;;;;;;;
1041;20.9;26.9;0.8;10;Successful;Effective;No;No;No;No;No;No;0.0;-6.0;0.2;-6.1;0.31;-6.17;0.38;-6.21;;;;;;;;
1042;20.9;26.9;0.9;5;Successful;Effective;No;No;No;No;No;No;0.0;-6.0;0.2;-6.1;0.31;-6.17;0.38;-6.21;;;;;;;;
1043;20.9;26.9;0.9;8;Successful;Effective;No;No;No;No;No;No;0.0;-6.0;0.2;-6.1;0.31;-6.17;0.38;-6.21;;;;;;;;
1044;20.9;26.9;0.9;10;Successful;Effective;No;No;No;No;No;No;0.0;-6.0;0.2;-6.1;0.31;-6.17;0.38;-6.21;;;;;;;;
1045;20.9;26.9;1.0;5;Successful;Effective;No;No;No;No;No;No;0.0;-6.0;0.2;-6.1;0.31;-6.17;0.38;-6.21;;;;;;;;
1046;20.9;26.9;1.0;8;Successful;Effective;No;No;No;No;No;No;0.0;-6.0;0.2;-6.1;0.31;-6.17;0.38;-6.21;;;;;;;;
1047;20.9;26.9;1.0;10;Successful;Effective;No;No;No;No;No;No;0.0;-6.0;0.2;-6.1;0.31;-6.17;0.38;-6.21;;;;;;;;
1048;20.9;26.9;1.1;5;Successful;Effective;No;No;No;No;No;No;0.0;-6.0;0.2;-6.1;0.31;-6.17;0.38;-6.21;;;;;;;;
1049;20.9;26.9;1.1;8;Successful;Effective;No;No;No;No;No;No;0.0;-6.0;0.2;-6.1;0.31;-6.17;0.38;-6.21;;;;;;;;
1050;20.9;26.9;1.1;10;Successful;Effective;No;No;No;No;No;No;0.0;-6.0;0.2;-6.1;0.31;-6.17;0.38;-6.21;;;;;;;;
1051;21.0;27.0;0.5;5;Successful;Effective;No;No;No;No;No;No;0.0;-6.0;0.2;-6.1;0.31;-6.17;0.38;-6.21;;;;;;;;
1052;21.0;27.0;0.5;8;Successful;Effective;No;No;No;No;No;No;0.0;-6.0;0.2;-6.1;0.31;-6.17;0.38;-6.21;;;;;;;;
1053;21.0;27.0;0.5;10;Successful;Effective;No;No;No;No;No;No;0.0;-6.0;0.2;-6.1;0.31;-6.17;0.38;-6.21;;;;;;;;
1054;21.0;27.0;0.6;5;Successful;Effective;No;No;No;No;No;No;0.0;-6.0;0.2;-6.1;0.31;-6.17;0.38;-6.21;;;;;;;;
1055;21.0;27.0;0.6;8;Successful;Effective;No;No;No;No;No;No;0.0;-6.0;0.2;-6.1;0.31;-6.17;0.38;-6.21;;;;;;;;
1056;21.0;27.0;0.6;10;Successful;Effective;No;No;No;No;No;No;0.0;-6.0;0.2;-6.1;0.31;-6.17;0.38;-6.21;;;;;;;;
1057;21.0;27.0;0.7;5;Successful;Effective;No;No;No;No;No;No;0.0;-6.0;0.2;-6.1;0.31;-6.17;0.38;-6.21;;;;;;;;
1058;21.0;27.0;0.7;8;Successful;Effective;No;No;No;No;No;No;0.0;-6.0;0.2;-6.1;0.31;-6.17;0.38;-6.21;;;;;;;;
1059;21.0;27.0;0.7;10;Successful;Effective;No;No;No;No;No;No;0.0;-6.0;0.2;-6.1;0.31;-6.17;0.38;-6.21;;;;;;;;
1060;21.0;27.0;0.8;5;Successful;Effective;No;No;No;No;No;No;0.0;-6.0;0.2;-6.1;0.31;-6.17;0.38;-6.21;;;;;;;;
1061;21.0;27.0;0.8;8;Successful;Effective;No;No;No;No;No;No;0.0;-6.0;0.2;-6.1;0.31;-6.17;0.38;-6.21;;;;;;;;
1062;21.0;27.0;0.8;10;Successful;Effective;No;No;No;No;No;No;0.0;-6.0;0.2;-6.1;0.31;-6.17;0.38;-6.21;;;;;;;;
1063;21.0;27.0;0.9;5;Successful;Effective;No;No;No;No;No;No;0.0;-6.0;0.2;-6.1;0.31;-6.17;0.38;-6.21;;;;;;;;
1064;21.0;27.0;0.9;8;Successful;Effective;No;No;No;No;No;No;0.0;-6.0;0.2;-6.1;0.31;-6.17;0.38;-6.21;;;;;;;;
1065;21.0;27.0;0.9;10;Successful;Effective;No;No;No;No;No;No;0.0;-6.0;0.2;-6.1;0.31;-6.17;0.38;-6.21;;;;;;;;
1066;21.0;27.0;1.0;5;Successful;Effective;No;No;No;No;No;No;0.0;-6.0;0.2;-6.1;0.31;-6.17;0.38;-6.21;;;;;;;;
1067;21.0;27.0;1.0;8;Successful;Effective;No;No;No;No;No;No;0.0;-6.0;0.2;-6.1;0.31;-6.17;0.38;-6.21;;;;;;;;
1068;21.0;27.0;1.0;10;Successful;Effective;No;No;No;No;No;No;0.0;-6.0;0.2;-6.1;0.31;-6.17;0.38;-6.21;;;;;;;;
1069;21.0;27.0;1.1;5;Successful;Effective;No;No;No;No;No;No;0.0;-6.0;0.2;-6.1;0.31;-6.17;0.38;-6.21;;;;;;;;
1070;21.0;27.0;1.1;8;Successful;Effective;No;No;No;No;No;No;0.0;-6.0;0.2;-6.1;0.31;-6.17;0.38;-6.21;;;;;;;;
1071;21.0;27.0;1.1;10;Successful;Effective;No;No;No;No;No;No;0.0;-6.0;0.2;-6.1;0.31;-6.17;0.38;-6.21;;;;;;;;
1072;21.1;27.1;0.5;5;Successful;Effective;No;No;No;No;No;No;0.0;-6.0;0.2;-6.1;0.31;-6.17;0.38;-6.21;;;;;;;;
1073;21.1;27.1;0.5;8;Successful;Effective;No;No;No;No;No;No;0.0;-6.0;0.2;-6.1;0.31;-6.17;0.38;-6.21;;;;;;;;
1074;21.1;27.1;0.5;10;Successful;Effective;No;No;No;No;No;No;0.0;-6.0;0.2;-6.1;0.31;-6.17;0.38;-6.21;;;;;;;;
1075;21.1;27.1;0.6;5;Successful;Effective;No;No;No;No;No;No;0.0;-6.0;0.2;-6.1;0.31;-6.17;0.38;-6.21;;;;;;;;
1076;21.1;27.1;0.6;8;Successful;Effective;No;No;No;No;No;No;0.0;-6.0;0.2;-6.1;0.31;-6.17;0.38;-6.21;;;;;;;;
1077;21.1;27.1;0.6;10;Successful;Effective;No;No;No;No;No;No;0.0;-6.0;0.2;-6.1;0.31;-6.17;0.38;-6.21;;;;;;;;
1078;21.1;27.1;0.7;5;Successful;Effective;No;No;No;No;No;No;0.0;-6.0;0.2;-6.1;0.31;-6.17;0.38;-6.21;;;;;;;;
1079;21.1;27.1;0.7;8;Successful;Effective;No;No;No;No;No;No;0.0;-6.0;0.2;-6.1;0.31;-6.17;0.38;-6.21;;;;;;;;
1080;21.1;27.1;0.7;10;Successful;Effective;No;No;No;No;No;No;0.0;-6.0;0.2;-6.1;0.31;-6.17;0.38;-6.21;;;;;;;;
1081;21.1;27.1;0.8;5;Successful;Effective;No;No;No;No;No;No;0.0;-6.0;0.2;-6.1;0.31;-6.17;0.38;-6.21;;;;;;;;
1082;21.1;27.1;0.8;8;Successful;Effective;No;No;No;No;No;No;0.0;-6.0;0.2;-6.1;0.31;-6.17;0.38;-6.21;;;;;;;;
1083;21.1;27.1;0.8;10;Successful;Effective;No;No;No;No;No;No;0.0;-6.0;0.2;-6.1;0.31;-6.17;0.38;-6.21;;;;;;;;
1084;21.1;27.1;0.9;5;Successful;Effective;No;No;No;No;No;No;0.0;-6.0;0.2;-6.1;0.31;-6.17;0.38;-6.21;;;;;;;;
1085;21.1;27.1;0.9;8;Successful;Effective;No;No;No;No;No;No;0.0;-6.0;0.2;-6.1;0.31;-6.17;0.38;-6.21;;;;;;;;
1086;21.1;27.1;0.9;10;Successful;Effective;No;No;No;No;No;No;0.0;-6.0;0.2;-6.1;0.31;-6.17;0.38;-6.21;;;;;;;;
1087;21.1;27.1;1.0;5;Successful;Effective;No;No;No;No;No;No;0.0;-6.0;0.2;-6.1;0.31;-6.17;0.38;-6.21;;;;;;;;
1088;21.1;27.1;1.0;8;Successful;Effective;No;No;No;No;No;No;0.0;-6.0;0.2;-6.1;0.31;-6.17;0.38;-6.21;;;;;;;;
1089;21.1;27.1;1.0;10;Successful;Effective;No;No;No;No;No;No;0.0;-6.0;0.2;-6.1;0.31;-6.17;0.38;-6.21;;;;;;;;
1090;21.1;27.1;1.1;5;Successful;Effective;No;No;No;No;No;No;0.0;-6.0;0.2;-6.1;0.31;-6.17;0.38;-6.21;;;;;;;;
1091;21.1;27.1;1.1;8;Successful;Effective;No;No;No;No;No;No;0.0;-6.0;0.2;-6.1;0.31;-6.17;0.38;-6.21;;;;;;;;
1092;21.1;27.1;1.1;10;Successful;Effective;No;No;No;No;No;No;0.0;-6.0;0.2;-6.1;0.31;-6.17;0.38;-6.21;;;;;;;;
1093;21.2;27.2;0.5;5;Successful;Effective;No;No;No;No;No;No;0.0;-6.0;0.2;-6.1;0.31;-6.17;0.38;-6.21;;;;;;;;
1094;21.2;27.2;0.5;8;Successful;Effective;No;No;No;No;No;No;0.0;-6.0;0.2;-6.1;0.31;-6.17;0.38;-6.21;;;;;;;;
1095;21.2;27.2;0.5;10;Successful;Effective;No;No;No;No;No;No;0.0;-6.0;0.2;-6.1;0.31;-6.17;0.38;-6.21;;;;;;;;
1096;21.2;27.2;0.6;5;Successful;Effective;No;No;No;No;No;No;0.0;-6.0;0.2;-6.1;0.31;-6.17;0.38;-6.21;;;;;;;;
1097;21.2;27.2;0.6;8;Successful;Effective;No;No;No;No;No;No;0.0;-6.0;0.2;-6.1;0.31;-6.17;0.38;-6.21;;;;;;;;
1098;21.2;27.2;0.6;10;Successful;Effective;No;No;No;No;No;No;0.0;-6.0;0.2;-6.1;0.31;-6.17;0.38;-6.21;;;;;;;;
1099;21.2;27.2;0.7;5;Successful;Effective;No;No;No;No;No;No;0.0;-6.0;0.2;-6.1;0.31;-6.17;0.38;-6.21;;;;;;;;
1100;21.2;27.2;0.7;8;Successful;Effective;No;No;No;No;No;No;0.0;-6.0;0.2;-6.1;0.31;-6.17;0.38;-6.21;;;;;;;;
1101;21.2;27.2;0.7;10;Successful;Effective;No;No;No;No;No;No;0.0;-6.0;0.2;-6.1;0.31;-6.17;0.38;-6.21;;;;;;;;
1102;21.2;27.2;0.8;5;Successful;Effective;No;No;No;No;No;No;0.0;-6.0;0.2;-6.1;0.31;-6.17;0.38;-6.21;;;;;;;;
1103;21.2;27.2;0.8;8;Successful;Effective;No;No;No;No;No;No;0.0;-6.0;0.2;-6.1;0.31;-6.17;0.38;-6.21;;;;;;;;
1104;21.2;27.2;0.8;10;Successful;Effective;No;No;No;No;No;No;0.0;-6.0;0.2;-6.1;0.31;-6.17;0.38;-6.21;;;;;;;;
1105;21.2;27.2;0.9;5;Successful;Effective;No;No;No;No;No;No;0.0;-6.0;0.2;-6.1;0.31;-6.17;0.38;-6.21;;;;;;;;
1106;21.2;27.2;0.9;8;Successful;Effective;No;No;No;No;No;No;0.0;-6.0;0.2;-6.1;0.31;-6.17;0.38;-6.21;;;;;;;;
1107;21.2;27.2;0.9;10;Successful;Effective;No;No;No;No;No;No;0.0;-6.0;0.2;-6.1;0.31;-6.17;0.38;-6.21;;;;;;;;
1108;21.2;27.2;1.0;5;Successful;Effective;No;No;No;No;No;No;0.0;-6.0;0.2;-6.1;0.31;-6.17;0.38;-6.21;;;;;;;;
1109;21.2;27.2;1.0;8;Successful;Effective;No;No;No;No;No;No;0.0;-6.0;0.2;-6.1;0.31;-6.17;0.38;-6.21;;;;;;;;
1110;21.2;27.2;1.0;10;Successful;Effective;No;No;No;No;No;No;0.0;-6.0;0.2;-6.1;0.31;-6.17;0.38;-6.21;;;;;;;;
1111;21.2;27.2;1.1;5;Successful;Effective;No;No;No;No;No;No;0.0;-6.0;0.2;-6.1;0.31;-6.17;0.38;-6.21;;;;;;;;
1112;21.2;27.2;1.1;8;Successful;Effective;No;No;No;No;No;No;0.0;-6.0;0.2;-6.1;0.31;-6.17;0.38;-6.21;;;;;;;;
1113;21.2;27.2;1.1;10;Successful;Effective;No;No;No;No;No;No;0.0;-6.0;0.2;-6.1;0.31;-6.17;0.38;-6.21;;;;;;;;
1114;21.3;27.3;0.5;5;Successful;Effective;No;No;No;No;No;No;0.0;-6.0;0.2;-6.1;0.31;-6.17;0.38;-6.21;;;;;;;;
1115;21.3;27.3;0.5;8;Successful;Effective;No;No;No;No;No;No;0.0;-6.0;0.2;-6.1;0.31;-6.17;0.38;-6.21;;;;;;;;
1116;21.3;27.3;0.5;10;Successful;Effective;No;No;No;No;No;No;0.0;-6.0;0.2;-6.1;0.31;-6.17;0.38;-6.21;;;;;;;;
1117;21.3;27.3;0.6;5;Successful;Effective;No;No;No;No;No;No;0.0;-6.0;0.2;-6.1;0.31;-6.17;0.38;-6.21;;;;;;;;
1118;21.3;27.3;0.6;8;Successful;Effective;No;No;No;No;No;No;0.0;-6.0;0.2;-6.1;0.31;-6.17;0.38;-6.21;;;;;;;;
1119;21.3;27.3;0.6;10;Successful;Effective;No;No;No;No;No;No;0.0;-6.0;0.2;-6.1;0.31;-6.17;0.38;-6.21;;;;;;;;
1120;21.3;27.3;0.7;5;Successful;Effective;No;No;No;No;No;No;0.0;-6.0;0.2;-6.1;0.31;-6.17;0.38;-6.21;;;;;;;;
1121;21.3;27.3;0.7;8;Successful;Effective;No;No;No;No;No;No;0.0;-6.0;0.2;-6.1;0.31;-6.17;0.38;-6.21;;;;;;;;
1122;21.3;27.3;0.7;10;Successful;Effective;No;No;No;No;No;No;0.0;-6.0;0.2;-6.1;0.31;-6.17;0.38;-6.21;;;;;;;;
1123;21.3;27.3;0.8;5;Successful;Effective;No;No;No;No;No;No;0.0;-6.0;0.2;-6.1;0.31;-6.17;0.38;-6.21;;;;;;;;
1124;21.3;27.3;0.8;8;Successful;Effective;No;No;No;No;No;No;0.0;-6.0;0.2;-6.1;0.31;-6.17;0.38;-6.21;;;;;;;;
1125;21.3;27.3;0.8;10;Successful;Effective;No;No;No;No;No;No;0.0;-6.0;0.2;-6.1;0.31;-6.17;0.38;-6.21;;;;;;;;
1126;21.3;27.3;0.9;5;Successful;Effective;No;No;No;No;No;No;0.0;-6.0;0.2;-6.1;0.31;-6.17;0.38;-6.21;;;;;;;;
1127;21.3;27.3;0.9;8;Successful;Effective;No;No;No;No;No;No;0.0;-6.0;0.2;-6.1;0.31;-6.17;0.38;-6.21;;;;;;;;
1128;21.3;27.3;0.9;10;Successful;Effective;No;No;No;No;No;No;0.0;-6.0;0.2;-6.1;0.31;-6.17;0.38;-6.21;;;;;;;;
1129;21.3;27.3;1.0;5;Successful;Effective;No;No;No;No;No;No;0.0;-6.0;0.2;-6.1;0.31;-6.17;0.38;-6.21;;;;;;;;
1130;21.3;27.3;1.0;8;Successful;Effective;No;No;No;No;No;No;0.0;-6.0;0.2;-6.1;0.31;-6.17;0.38;-6.21;;;;;;;;
1131;21.3;27.3;1.0;10;Successful;Effective;No;No;No;No;No;No;0.0;-6.0;0.2;-6.1;0.31;-6.17;0.38;-6.21;;;;;;;;
1132;21.3;27.3;1.1;5;Successful;Effective;No;No;No;No;No;No;0.0;-6.0;0.2;-6.1;0.31;-6.17;0.38;-6.21;;;;;;;;
1133;21.3;27.3;1.1;8;Successful;Effective;No;No;No;No;No;No;0.0;-6.0;0.2;-6.1;0.31;-6.17;0.38;-6.21;;;;;;;;
1134;21.3;27.3;1.1;10;Successful;Effective;No;No;No;No;No;No;0.0;-6.0;0.2;-6.1;0.31;-6.17;0.38;-6.21;;;;;;;;
1135;21.4;27.4;0.5;5;Successful;Effective;No;No;No;No;No;No;0.0;-6.0;0.2;-6.1;0.31;-6.17;0.38;-6.21;;;;;;;;
1136;21.4;27.4;0.5;8;Successful;Effective;No;No;No;No;No;No;0.0;-6.0;0.2;-6.1;0.31;-6.17;0.38;-6.21;;;;;;;;
1137;21.4;27.4;0.5;10;Successful;Effective;No;No;No;No;No;No;0.0;-6.0;0.2;-6.1;0.31;-6.17;0.38;-6.21;;;;;;;;
1138;21.4;27.4;0.6;5;Successful;Effective;No;No;No;No;No;No;0.0;-6.0;0.2;-6.1;0.31;-6.17;0.38;-6.21;;;;;;;;
1139;21.4;27.4;0.6;8;Successful;Effective;No;No;No;No;No;No;0.0;-6.0;0.2;-6.1;0.31;-6.17;0.38;-6.21;;;;;;;;
1140;21.4;27.4;0.6;10;Successful;Effective;No;No;No;No;No;No;0.0;-6.0;0.2;-6.1;0.31;-6.17;0.38;-6.21;;;;;;;;
1141;21.4;27.4;0.7;5;Successful;Effective;No;No;No;No;No;No;0.0;-6.0;0.2;-6.1;0.31;-6.17;0.38;-6.21;;;;;;;;
1142;21.4;27.4;0.7;8;Successful;Effective;No;No;No;No;No;No;0.0;-6.0;0.2;-6.1;0.31;-6.17;0.38;-6.21;;;;;;;;
1143;21.4;27.4;0.7;10;Successful;Effective;No;No;No;No;No;No;0.0;-6.0;0.2;-6.1;0.31;-6.17;0.38;-6.21;;;;;;;;
1144;21.4;27.4;0.8;5;Successful;Effective;No;No;No;No;No;No;0.0;-6.0;0.2;-6.1;0.31;-6.17;0.38;-6.21;;;;;;;;
1145;21.4;27.4;0.8;8;Successful;Effective;No;No;No;No;No;No;0.0;-6.0;0.2;-6.1;0.31;-6.17;0.38;-6.21;;;;;;;;
1146;21.4;27.4;0.8;10;Successful;Effective;No;No;No;No;No;No;0.0;-6.0;0.2;-6.1;0.31;-6.17;0.38;-6.21;;;;;;;;
1147;21.4;27.4;0.9;5;Successful;Effective;No;No;No;No;No;No;0.0;-6.0;0.2;-6.1;0.31;-6.17;0.38;-6.21;;;;;;;;
1148;21.4;27.4;0.9;8;Successful;Effective;No;No;No;No;No;No;0.0;-6.0;0.2;-6.1;0.31;-6.17;0.38;-6.21;;;;;;;;
1149;21.4;27.4;0.9;10;Successful;Effective;No;No;No;No;No;No;0.0;-6.0;0.2;-6.1;0.31;-6.17;0.38;-6.21;;;;;;;;
1150;21.4;27.4;1.0;5;Successful;Effective;No;No;No;No;No;No;0.0;-6.0;0.2;-6.1;0.31;-6.17;0.38;-6.21;;;;;;;;
1151;21.4;27.4;1.0;8;Successful;Effective;No;No;No;No;No;No;0.0;-6.0;0.2;-6.1;0.31;-6.17;0.38;-6.21;;;;;;;;
1152;21.4;27.4;1.0;10;Successful;Effective;No;No;No;No;No;No;0.0;-6.0;0.2;-6.1;0.31;-6.17;0.38;-6.21;;;;;;;;
1153;21.4;27.4;1.1;5;Successful;Effective;No;No;No;No;No;No;0.0;-6.0;0.2;-6.1;0.31;-6.17;0.38;-6.21;;;;;;;;
1154;21.4;27.4;1.1;8;Successful;Effective;No;No;No;No;No;No;0.0;-6.0;0.2;-6.1;0.31;-6.17;0.38;-6.21;;;;;;;;
1155;21.4;27.4;1.1;10;Successful;Effective;No;No;No;No;No;No;0.0;-6.0;0.2;-6.1;0.31;-6.17;0.38;-6.21;;;;;;;;
1156;21.5;27.5;0.5;5;Successful;Effective;No;No;No;No;No;No;0.0;-6.0;0.2;-6.1;0.31;-6.17;0.38;-6.21;;;;;;;;
1157;21.5;27.5;0.5;8;Successful;Effective;No;No;No;No;No;No;0.0;-6.0;0.2;-6.1;0.31;-6.17;0.38;-6.21;;;;;;;;
1158;21.5;27.5;0.5;10;Successful;Effective;No;No;No;No;No;No;0.0;-6.0;0.2;-6.1;0.31;-6.17;0.38;-6.21;;;;;;;;
1159;21.5;27.5;0.6;5;Successful;Effective;No;No;No;No;No;No;0.0;-6.0;0.2;-6.1;0.31;-6.17;0.38;-6.21;;;;;;;;
1160;21.5;27.5;0.6;8;Successful;Effective;No;No;No;No;No;No;0.0;-6.0;0.2;-6.1;0.31;-6.17;0.38;-6.21;;;;;;;;
1161;21.5;27.5;0.6;10;Successful;Effective;No;No;No;No;No;No;0.0;-6.0;0.2;-6.1;0.31;-6.17;0.38;-6.21;;;;;;;;
1162;21.5;27.5;0.7;5;Successful;Effective;No;No;No;No;No;No;0.0;-6.0;0.2;-6.1;0.31;-6.17;0.38;-6.21;;;;;;;;
1163;21.5;27.5;0.7;8;Successful;Effective;No;No;No;No;No;No;0.0;-6.0;0.2;-6.1;0.31;-6.17;0.38;-6.21;;;;;;;;
1164;21.5;27.5;0.7;10;Successful;Effective;No;No;No;No;No;No;0.0;-6.0;0.2;-6.1;0.31;-6.17;0.38;-6.21;;;;;;;;
1165;21.5;27.5;0.8;5;Successful;Effective;No;No;No;No;No;No;0.0;-6.0;0.2;-6.1;0.31;-6.17;0.38;-6.21;;;;;;;;
1166;21.5;27.5;0.8;8;Successful;Effective;No;No;No;No;No;No;0.0;-6.0;0.2;-6.1;0.31;-6.17;0.38;-6.21;;;;;;;;
1167;21.5;27.5;0.8;10;Successful;Effective;No;No;No;No;No;No;0.0;-6.0;0.2;-6.1;0.31;-6.17;0.38;-6.21;;;;;;;;
1168;21.5;27.5;0.9;5;Successful;Effective;No;No;No;No;No;No;0.0;-6.0;0.2;-6.1;0.31;-6.17;0.38;-6.21;;;;;;;;
1169;21.5;27.5;0.9;8;Successful;Effective;No;No;No;No;No;No;0.0;-6.0;0.2;-6.1;0.31;-6.17;0.38;-6.21;;;;;;;;
1170;21.5;27.5;0.9;10;Successful;Effective;No;No;No;No;No;No;0.0;-6.0;0.2;-6.1;0.31;-6.17;0.38;-6.21;;;;;;;;
1171;21.5;27.5;1.0;5;Successful;Effective;No;No;No;No;No;No;0.0;-6.0;0.2;-6.1;0.31;-6.17;0.38;-6.21;;;;;;;;
1172;21.5;27.5;1.0;8;Successful;Effective;No;No;No;No;No;No;0.0;-6.0;0.2;-6.1;0.31;-6.17;0.38;-6.21;;;;;;;;
1173;21.5;27.5;1.0;10;Successful;Effective;No;No;No;No;No;No;0.0;-6.0;0.2;-6.1;0.31;-6.17;0.38;-6.21;;;;;;;;
1174;21.5;27.5;1.1;5;Successful;Effective;No;No;No;No;No;No;0.0;-6.0;0.2;-6.1;0.31;-6.17;0.38;-6.21;;;;;;;;
1175;21.5;27.5;1.1;8;Successful;Effective;No;No;No;No;No;No;0.0;-6.0;0.2;-6.1;0.31;-6.17;0.38;-6.21;;;;;;;;
1176;21.5;27.5;1.1;10;Successful;Effective;No;No;No;No;No;No;0.0;-6.0;0.2;-6.1;0.31;-6.17;0.38;-6.21;;;;;;;;
1177;21.6;27.6;0.5;5;Successful;Effective;No;No;No;No;No;No;0.0;-6.0;0.2;-6.1;0.31;-6.17;0.38;-6.21;;;;;;;;
1178;21.6;27.6;0.5;8;Successful;Effective;No;No;No;No;No;No;0.0;-6.0;0.2;-6.1;0.31;-6.17;0.38;-6.21;;;;;;;;
1179;21.6;27.6;0.5;10;Successful;Effective;No;No;No;No;No;No;0.0;-6.0;0.2;-6.1;0.31;-6.17;0.38;-6.21;;;;;;;;
1180;21.6;27.6;0.6;5;Successful;Effective;No;No;No;No;No;No;0.0;-6.0;0.2;-6.1;0.31;-6.17;0.38;-6.21;;;;;;;;
1181;21.6;27.6;0.6;8;Successful;Effective;No;No;No;No;No;No;0.0;-6.0;0.2;-6.1;0.31;-6.17;0.38;-6.21;;;;;;;;
1182;21.6;27.6;0.6;10;Successful;Effective;No;No;No;No;No;No;0.0;-6.0;0.2;-6.1;0.31;-6.17;0.38;-6.21;;;;;;;;
1183;21.6;27.6;0.7;5;Successful;Effective;No;No;No;No;No;No;0.0;-6.0;0.2;-6.1;0.31;-6.17;0.38;-6.21;;;;;;;;
1184;21.6;27.6;0.7;8;Successful;Effective;No;No;No;No;No;No;0.0;-6.0;0.2;-6.1;0.31;-6.17;0.38;-6.21;;;;;;;;
1185;21.6;27.6;0.7;10;Successful;Effective;No;No;No;No;No;No;0.0;-6.0;0.2;-6.1;0.31;-6.17;0.38;-6.21;;;;;;;;
1186;21.6;27.6;0.8;5;Successful;Effective;No;No;No;No;No;No;0.0;-6.0;0.2;-6.1;0.31;-6.17;0.38;-6.21;;;;;;;;
1187;21.6;27.6;0.8;8;Successful;Effective;No;No;No;No;No;No;0.0;-6.0;0.2;-6.1;0.31;-6.17;0.38;-6.21;;;;;;;;
1188;21.6;27.6;0.8;10;Successful;Effective;No;No;No;No;No;No;0.0;-6.0;0.2;-6.1;0.31;-6.17;0.38;-6.21;;;;;;;;
1189;21.6;27.6;0.9;5;Successful;Effective;No;No;No;No;No;No;0.0;-6.0;0.2;-6.1;0.31;-6.17;0.38;-6.21;;;;;;;;
1190;21.6;27.6;0.9;8;Successful;Effective;No;No;No;No;No;No;0.0;-6.0;0.2;-6.1;0.31;-6.17;0.38;-6.21;;;;;;;;
1191;21.6;27.6;0.9;10;Successful;Effective;No;No;No;No;No;No;0.0;-6.0;0.2;-6.1;0.31;-6.17;0.38;-6.21;;;;;;;;
1192;21.6;27.6;1.0;5;Successful;Effective;No;No;No;No;No;No;0.0;-6.0;0.2;-6.1;0.31;-6.17;0.38;-6.21;;;;;;;;
1193;21.6;27.6;1.0;8;Successful;Effective;No;No;No;No;No;No;0.0;-6.0;0.2;-6.1;0.31;-6.17;0.38;-6.21;;;;;;;;
1194;21.6;27.6;1.0;10;Successful;Effective;No;No;No;No;No;No;0.0;-6.0;0.2;-6.1;0.31;-6.17;0.38;-6.21;;;;;;;;
1195;21.6;27.6;1.1;5;Successful;Effective;No;No;No;No;No;No;0.0;-6.0;0.2;-6.1;0.31;-6.17;0.38;-6.21;;;;;;;;
1196;21.6;27.6;1.1;8;Successful;Effective;No;No;No;No;No;No;0.0;-6.0;0.2;-6.1;0.31;-6.17;0.38;-6.21;;;;;;;;
1197;21.6;27.6;1.1;10;Successful;Effective;No;No;No;No;No;No;0.0;-6.0;0.2;-6.1;0.31;-6.17;0.38;-6.21;;;;;;;;
1198;21.7;27.7;0.5;5;Successful;Effective;No;No;No;No;No;No;0.0;-6.0;0.2;-6.1;0.31;-6.17;0.38;-6.21;;;;;;;;
1199;21.7;27.7;0.5;8;Successful;Effective;No;No;No;No;No;No;0.0;-6.0;0.2;-6.1;0.31;-6.17;0.38;-6.21;;;;;;;;
1200;21.7;27.7;0.5;10;Successful;Effective;No;No;No;No;No;No;0.0;-6.0;0.2;-6.1;0.31;-6.17;0.38;-6.21;;;;;;;;
1201;21.7;27.7;0.6;5;Successful;Effective;No;No;No;No;No;No;0.0;-6.0;0.2;-6.1;0.31;-6.17;0.38;-6.21;;;;;;;;
1202;21.7;27.7;0.6;8;Successful;Effective;No;No;No;No;No;No;0.0;-6.0;0.2;-6.1;0.31;-6.17;0.38;-6.21;;;;;;;;
1203;21.7;27.7;0.6;10;Successful;Effective;No;No;No;No;No;No;0.0;-6.0;0.2;-6.1;0.31;-6.17;0.38;-6.21;;;;;;;;
1204;21.7;27.7;0.7;5;Successful;Effective;No;No;No;No;No;No;0.0;-6.0;0.2;-6.1;0.31;-6.17;0.38;-6.21;;;;;;;;
1205;21.7;27.7;0.7;8;Successful;Effective;No;No;No;No;No;No;0.0;-6.0;0.2;-6.1;0.31;-6.17;0.38;-6.21;;;;;;;;
1206;21.7;27.7;0.7;10;Successful;Effective;No;No;No;No;No;No;0.0;-6.0;0.2;-6.1;0.31;-6.17;0.38;-6.21;;;;;;;;
1207;21.7;27.7;0.8;5;Successful;Effective;No;No;No;No;No;No;0.0;-6.0;0.2;-6.1;0.31;-6.17;0.38;-6.21;;;;;;;;
1208;21.7;27.7;0.8;8;Successful;Effective;No;No;No;No;No;No;0.0;-6.0;0.2;-6.1;0.31;-6.17;0.38;-6.21;;;;;;;;
1209;21.7;27.7;0.8;10;Successful;Effective;No;No;No;No;No;No;0.0;-6.0;0.2;-6.1;0.31;-6.17;0.38;-6.21;;;;;;;;
1210;21.7;27.7;0.9;5;Successful;Effective;No;No;No;No;No;No;0.0;-6.0;0.2;-6.1;0.31;-6.17;0.38;-6.21;;;;;;;;
1211;21.7;27.7;0.9;8;Successful;Effective;No;No;No;No;No;No;0.0;-6.0;0.2;-6.1;0.31;-6.17;0.38;-6.21;;;;;;;;
1212;21.7;27.7;0.9;10;Successful;Effective;No;No;No;No;No;No;0.0;-6.0;0.2;-6.1;0.31;-6.17;0.38;-6.21;;;;;;;;
1213;21.7;27.7;1.0;5;Successful;Effective;No;No;No;No;No;No;0.0;-6.0;0.2;-6.1;0.31;-6.17;0.38;-6.21;;;;;;;;
1214;21.7;27.7;1.0;8;Successful;Effective;No;No;No;No;No;No;0.0;-6.0;0.2;-6.1;0.31;-6.17;0.38;-6.21;;;;;;;;
1215;21.7;27.7;1.0;10;Successful;Effective;No;No;No;No;No;No;0.0;-6.0;0.2;-6.1;0.31;-6.17;0.38;-6.21;;;;;;;;
1216;21.7;27.7;1.1;5;Successful;Effective;No;No;No;No;No;No;0.0;-6.0;0.2;-6.1;0.31;-6.17;0.38;-6.21;;;;;;;;
1217;21.7;27.7;1.1;8;Successful;Effective;No;No;No;No;No;No;0.0;-6.0;0.2;-6.1;0.31;-6.17;0.38;-6.21;;;;;;;;
1218;21.7;27.7;1.1;10;Successful;Effective;No;No;No;No;No;No;0.0;-6.0;0.2;-6.1;0.31;-6.17;0.38;-6.21;;;;;;;;
1219;21.8;27.8;0.5;5;Successful;Effective;No;No;No;No;No;No;0.0;-6.0;0.2;-6.1;0.31;-6.17;0.38;-6.21;;;;;;;;
1220;21.8;27.8;0.5;8;Successful;Effective;No;No;No;No;No;No;0.0;-6.0;0.2;-6.1;0.31;-6.17;0.38;-6.21;;;;;;;;
1221;21.8;27.8;0.5;10;Successful;Effective;No;No;No;No;No;No;0.0;-6.0;0.2;-6.1;0.31;-6.17;0.38;-6.21;;;;;;;;
1222;21.8;27.8;0.6;5;Successful;Effective;No;No;No;No;No;No;0.0;-6.0;0.2;-6.1;0.31;-6.17;0.38;-6.21;;;;;;;;
1223;21.8;27.8;0.6;8;Successful;Effective;No;No;No;No;No;No;0.0;-6.0;0.2;-6.1;0.31;-6.17;0.38;-6.21;;;;;;;;
1224;21.8;27.8;0.6;10;Successful;Effective;No;No;No;No;No;No;0.0;-6.0;0.2;-6.1;0.31;-6.17;0.38;-6.21;;;;;;;;
1225;21.8;27.8;0.7;5;Successful;Effective;No;No;No;No;No;No;0.0;-6.0;0.2;-6.1;0.31;-6.17;0.38;-6.21;;;;;;;;
1226;21.8;27.8;0.7;8;Successful;Effective;No;No;No;No;No;No;0.0;-6.0;0.2;-6.1;0.31;-6.17;0.38;-6.21;;;;;;;;
1227;21.8;27.8;0.7;10;Successful;Effective;No;No;No;No;No;No;0.0;-6.0;0.2;-6.1;0.31;-6.17;0.38;-6.21;;;;;;;;
1228;21.8;27.8;0.8;5;Successful;Effective;No;No;No;No;No;No;0.0;-6.0;0.2;-6.1;0.31;-6.17;0.38;-6.21;;;;;;;;
1229;21.8;27.8;0.8;8;Successful;Effective;No;No;No;No;No;No;0.0;-6.0;0.2;-6.1;0.31;-6.17;0.38;-6.21;;;;;;;;
1230;21.8;27.8;0.8;10;Successful;Effective;No;No;No;No;No;No;0.0;-6.0;0.2;-6.1;0.31;-6.17;0.38;-6.21;;;;;;;;
1231;21.8;27.8;0.9;5;Successful;Effective;No;No;No;No;No;No;0.0;-6.0;0.2;-6.1;0.31;-6.17;0.38;-6.21;;;;;;;;
1232;21.8;27.8;0.9;8;Successful;Effective;No;No;No;No;No;No;0.0;-6.0;0.2;-6.1;0.31;-6.17;0.38;-6.21;;;;;;;;
1233;21.8;27.8;0.9;10;Successful;Effective;No;No;No;No;No;No;0.0;-6.0;0.2;-6.1;0.31;-6.17;0.38;-6.21;;;;;;;;
1234;21.8;27.8;1.0;5;Successful;Effective;No;No;No;No;No;No;0.0;-6.0;0.2;-6.1;0.31;-6.17;0.38;-6.21;;;;;;;;
1235;21.8;27.8;1.0;8;Successful;Effective;No;No;No;No;No;No;0.0;-6.0;0.2;-6.1;0.31;-6.17;0.38;-6.21;;;;;;;;
1236;21.8;27.8;1.0;10;Successful;Effective;No;No;No;No;No;No;0.0;-6.0;0.2;-6.1;0.31;-6.17;0.38;-6.21;;;;;;;;
1237;21.8;27.8;1.1;5;Successful;Effective;No;No;No;No;No;No;0.0;-6.0;0.2;-6.1;0.31;-6.17;0.38;-6.21;;;;;;;;
1238;21.8;27.8;1.1;8;Successful;Effective;No;No;No;No;No;No;0.0;-6.0;0.2;-6.1;0.31;-6.17;0.38;-6.21;;;;;;;;
1239;21.8;27.8;1.1;10;Successful;Effective;No;No;No;No;No;No;0.0;-6.0;0.2;-6.1;0.31;-6.17;0.38;-6.21;;;;;;;;
1240;21.9;27.9;0.5;5;Successful;Effective;No;No;No;No;No;No;0.0;-6.0;0.2;-6.1;0.31;-6.17;0.38;-6.21;;;;;;;;
1241;21.9;27.9;0.5;8;Successful;Effective;No;No;No;No;No;No;0.0;-6.0;0.2;-6.1;0.31;-6.17;0.38;-6.21;;;;;;;;
1242;21.9;27.9;0.5;10;Successful;Effective;No;No;No;No;No;No;0.0;-6.0;0.2;-6.1;0.31;-6.17;0.38;-6.21;;;;;;;;
1243;21.9;27.9;0.6;5;Successful;Effective;No;No;No;No;No;No;0.0;-6.0;0.2;-6.1;0.31;-6.17;0.38;-6.21;;;;;;;;
1244;21.9;27.9;0.6;8;Successful;Effective;No;No;No;No;No;No;0.0;-6.0;0.2;-6.1;0.31;-6.17;0.38;-6.21;;;;;;;;
1245;21.9;27.9;0.6;10;Successful;Effective;No;No;No;No;No;No;0.0;-6.0;0.2;-6.1;0.31;-6.17;0.38;-6.21;;;;;;;;
1246;21.9;27.9;0.7;5;Successful;Effective;No;No;No;No;No;No;0.0;-6.0;0.2;-6.1;0.31;-6.17;0.38;-6.21;;;;;;;;
1247;21.9;27.9;0.7;8;Successful;Effective;No;No;No;No;No;No;0.0;-6.0;0.2;-6.1;0.31;-6.17;0.38;-6.21;;;;;;;;
1248;21.9;27.9;0.7;10;Successful;Effective;No;No;No;No;No;No;0.0;-6.0;0.2;-6.1;0.31;-6.17;0.38;-6.21;;;;;;;;
1249;21.9;27.9;0.8;5;Successful;Effective;No;No;No;No;No;No;0.0;-6.0;0.2;-6.1;0.31;-6.17;0.38;-6.21;;;;;;;;
1250;21.9;27.9;0.8;8;Successful;Effective;No;No;No;No;No;No;0.0;-6.0;0.2;-6.1;0.31;-6.17;0.38;-6.21;;;;;;;;
1251;21.9;27.9;0.8;10;Successful;Effective;No;No;No;No;No;No;0.0;-6.0;0.2;-6.1;0.31;-6.17;0.38;-6.21;;;;;;;;
1252;21.9;27.9;0.9;5;Successful;Effective;No;No;No;No;No;No;0.0;-6.0;0.2;-6.1;0.31;-6.17;0.38;-6.21;;;;;;;;
1253;21.9;27.9;0.9;8;Successful;Effective;No;No;No;No;No;No;0.0;-6.0;0.2;-6.1;0.31;-6.17;0.38;-6.21;;;;;;;;
1254;21.9;27.9;0.9;10;Successful;Effective;No;No;No;No;No;No;0.0;-6.0;0.2;-6.1;0.31;-6.17;0.38;-6.21;;;;;;;;
1255;21.9;27.9;1.0;5;Successful;Effective;No;No;No;No;No;No;0.0;-6.0;0.2;-6.1;0.31;-6.17;0.38;-6.21;;;;;;;;
1256;21.9;27.9;1.0;8;Successful;Effective;No;No;No;No;No;No;0.0;-6.0;0.2;-6.1;0.31;-6.17;0.38;-6.21;;;;;;;;
1257;21.9;27.9;1.0;10;Successful;Effective;No;No;No;No;No;No;0.0;-6.0;0.2;-6.1;0.31;-6.17;0.38;-6.21;;;;;;;;
1258;21.9;27.9;1.1;5;Successful;Effective;No;No;No;No;No;No;0.0;-6.0;0.2;-6.1;0.31;-6.17;0.38;-6.21;;;;;;;;
1259;21.9;27.9;1.1;8;Successful;Effective;No;No;No;No;No;No;0.0;-6.0;0.2;-6.1;0.31;-6.17;0.38;-6.21;;;;;;;;
1260;21.9;27.9;1.1;10;Successful;Effective;No;No;No;No;No;No;0.0;-6.0;0.2;-6.1;0.31;-6.17;0.38;-6.21;;;;;;;;
