Ex ID;Start_time;End_time;Injected_value;CACC_spacing;Leader_speed;Braking_deceleration;Run_status;Impact_status;Collision_state;Collision_time;collider;victim;Collision_pos;Collision_lane;Accel_0_max;Dcel_0_min;Accel_1_max;Dcel_1_min;Accel_2_max;Dcel_2_min;Accel_3_max;Dcel_3_min;Accel_4_max;Dcel_4_min;Accel_5_max;Dcel_5_min;Accel_6_max;Dcel_6_min;Accel_7_max;Dcel_7_min
1;16.0;22.0;0.5;5;80;5;Successful;Effective;collision;20.82;vtypeauto.1;vtypeauto.0;494.69;edge_0_0_0;0.0;-5.0;0.2;-5.8;0.32;-6.22;0.38;-6.37;0.41;-6.37;0.43;-6.26;;;;
2;16.0;22.0;0.5;8;80;5;Successful;Effective;No;No;No;No;No;No;0.0;-5.0;0.2;-5.8;0.32;-6.22;0.38;-6.37;0.41;-6.37;0.43;-6.26;;;;
3;16.0;22.0;0.5;10;80;5;Successful;Effective;No;No;No;No;No;No;0.0;-5.0;0.2;-5.8;0.32;-6.22;0.38;-6.37;0.41;-6.37;0.43;-6.26;;;;
4;16.0;22.0;0.5;5;100;5;Successful;Effective;collision;21.04;vtypeauto.1;vtypeauto.0;615.46;edge_0_0_0;0.0;-5.0;0.25;-5.8;0.39;-6.23;0.47;-6.39;0.51;-6.39;0.54;-6.28;;;;
5;16.0;22.0;0.5;8;100;5;Successful;Effective;No;No;No;No;No;No;0.0;-5.0;0.25;-5.8;0.39;-6.23;0.47;-6.39;0.51;-6.39;0.54;-6.28;;;;
6;16.0;22.0;0.5;10;100;5;Successful;Effective;No;No;No;No;No;No;0.0;-5.0;0.25;-5.8;0.39;-6.23;0.47;-6.39;0.51;-6.39;0.54;-6.28;;;;
7;16.0;22.0;0.5;5;80;6;Successful;Effective;collision;19.94;vtypeauto.1;vtypeauto.0;484.75;edge_0_0_0;0.0;-6.0;0.2;-6.95;0.32;-7.45;0.38;-7.64;0.41;-7.63;0.43;-7.5;;;;
8;16.0;22.0;0.5;8;80;6;Successful;Effective;No;No;No;No;No;No;0.0;-6.0;0.2;-6.95;0.32;-7.45;0.38;-7.64;0.41;-7.63;0.43;-7.5;;;;
9;16.0;22.0;0.5;10;80;6;Successful;Effective;No;No;No;No;No;No;0.0;-6.0;0.2;-6.95;0.32;-7.45;0.38;-7.64;0.41;-7.63;0.43;-7.5;;;;
10;16.0;22.0;0.5;5;100;6;Successful;Effective;collision;20.05;vtypeauto.1;vtypeauto.0;599.71;edge_0_0_0;0.0;-6.0;0.25;-6.96;0.39;-7.46;0.47;-7.65;0.51;-7.65;0.54;-7.52;;;;
11;16.0;22.0;0.5;8;100;6;Successful;Effective;No;No;No;No;No;No;0.0;-6.0;0.25;-6.96;0.39;-7.46;0.47;-7.65;0.51;-7.65;0.54;-7.52;;;;
12;16.0;22.0;0.5;10;100;6;Successful;Effective;No;No;No;No;No;No;0.0;-6.0;0.25;-6.96;0.39;-7.46;0.47;-7.65;0.51;-7.65;0.54;-7.52;;;;
13;16.0;22.0;0.5;5;80;7;Successful;Effective;collision;19.51;vtypeauto.1;vtypeauto.0;478.82;edge_0_0_0;0.0;-7.0;0.2;-8.11;0.32;-8.69;0.38;-8.9;0.41;-8.89;0.43;-8.62;;;;
14;16.0;22.0;0.5;8;80;7;Successful;Effective;No;No;No;No;No;No;0.0;-7.0;0.2;-8.11;0.32;-8.69;0.38;-8.9;0.41;-8.89;0.43;-8.62;;;;
15;16.0;22.0;0.5;10;80;7;Successful;Effective;No;No;No;No;No;No;0.0;-7.0;0.2;-8.11;0.32;-8.69;0.38;-8.9;0.41;-8.89;0.43;-8.62;;;;
16;16.0;22.0;0.5;5;100;7;Successful;Effective;collision;19.59;vtypeauto.1;vtypeauto.0;591.06;edge_0_0_0;0.0;-7.0;0.25;-8.11;0.39;-8.7;0.47;-8.92;0.51;-8.91;0.54;-8.75;;;;
17;16.0;22.0;0.5;8;100;7;Successful;Effective;No;No;No;No;No;No;0.0;-7.0;0.25;-8.11;0.39;-8.7;0.47;-8.92;0.51;-8.91;0.54;-8.75;;;;
18;16.0;22.0;0.5;10;100;7;Successful;Effective;No;No;No;No;No;No;0.0;-7.0;0.25;-8.11;0.39;-8.7;0.47;-8.92;0.51;-8.91;0.54;-8.75;;;;
19;16.0;22.0;0.5;5;80;8;Successful;Effective;collision;19.23;vtypeauto.1;vtypeauto.0;474.66;edge_0_0_0;0.0;-7.99;0.2;-9.0;0.32;-9.0;0.38;-9.0;0.41;-9.0;0.43;-9.0;;;;
20;16.0;22.0;0.5;8;80;8;Successful;Effective;No;No;No;No;No;No;0.0;-7.99;0.2;-9.0;0.32;-9.0;0.38;-9.0;0.41;-9.0;0.43;-9.0;;;;
21;16.0;22.0;0.5;10;80;8;Successful;Effective;No;No;No;No;No;No;0.0;-7.99;0.2;-9.0;0.32;-9.0;0.38;-9.0;0.41;-9.0;0.43;-9.0;;;;
22;16.0;22.0;0.5;5;100;8;Successful;Effective;collision;19.29;vtypeauto.1;vtypeauto.0;585.08;edge_0_0_0;0.0;-8.0;0.25;-9.0;0.39;-9.0;0.47;-9.0;0.51;-9.0;0.54;-9.0;;;;
23;16.0;22.0;0.5;8;100;8;Successful;Effective;collision;20.52;vtypeauto.1;vtypeauto.0;610.37;edge_0_0_0;0.0;-8.0;0.25;-9.0;0.39;-9.0;0.47;-9.0;0.51;-9.0;0.54;-9.0;;;;
24;16.0;22.0;0.5;10;100;8;Successful;Effective;No;No;No;No;No;No;0.0;-8.0;0.25;-9.0;0.39;-9.0;0.47;-9.0;0.51;-9.0;0.54;-9.0;;;;
25;16.1;22.1;0.5;5;80;5;Successful;Effective;collision;20.82;vtypeauto.1;vtypeauto.0;494.69;edge_0_0_0;0.0;-5.0;0.2;-5.8;0.32;-6.22;0.38;-6.37;0.41;-6.37;0.43;-6.26;;;;
26;16.1;22.1;0.5;8;80;5;Successful;Effective;No;No;No;No;No;No;0.0;-5.0;0.2;-5.8;0.32;-6.22;0.38;-6.37;0.41;-6.37;0.43;-6.26;;;;
27;16.1;22.1;0.5;10;80;5;Successful;Effective;No;No;No;No;No;No;0.0;-5.0;0.2;-5.8;0.32;-6.22;0.38;-6.37;0.41;-6.37;0.43;-6.26;;;;
28;16.1;22.1;0.5;5;100;5;Successful;Effective;collision;21.04;vtypeauto.1;vtypeauto.0;615.46;edge_0_0_0;0.0;-5.0;0.25;-5.8;0.39;-6.23;0.47;-6.39;0.51;-6.39;0.54;-6.28;;;;
29;16.1;22.1;0.5;8;100;5;Successful;Effective;No;No;No;No;No;No;0.0;-5.0;0.25;-5.8;0.39;-6.23;0.47;-6.39;0.51;-6.39;0.54;-6.28;;;;
30;16.1;22.1;0.5;10;100;5;Successful;Effective;No;No;No;No;No;No;0.0;-5.0;0.25;-5.8;0.39;-6.23;0.47;-6.39;0.51;-6.39;0.54;-6.28;;;;
31;16.1;22.1;0.5;5;80;6;Successful;Effective;collision;19.94;vtypeauto.1;vtypeauto.0;484.75;edge_0_0_0;0.0;-6.0;0.2;-6.95;0.32;-7.45;0.38;-7.64;0.41;-7.63;0.43;-7.5;;;;
32;16.1;22.1;0.5;8;80;6;Successful;Effective;No;No;No;No;No;No;0.0;-6.0;0.2;-6.95;0.32;-7.45;0.38;-7.64;0.41;-7.63;0.43;-7.5;;;;
33;16.1;22.1;0.5;10;80;6;Successful;Effective;No;No;No;No;No;No;0.0;-6.0;0.2;-6.95;0.32;-7.45;0.38;-7.64;0.41;-7.63;0.43;-7.5;;;;
34;16.1;22.1;0.5;5;100;6;Successful;Effective;collision;20.05;vtypeauto.1;vtypeauto.0;599.71;edge_0_0_0;0.0;-6.0;0.25;-6.96;0.39;-7.46;0.47;-7.65;0.51;-7.65;0.54;-7.52;;;;
35;16.1;22.1;0.5;8;100;6;Successful;Effective;No;No;No;No;No;No;0.0;-6.0;0.25;-6.96;0.39;-7.46;0.47;-7.65;0.51;-7.65;0.54;-7.52;;;;
36;16.1;22.1;0.5;10;100;6;Successful;Effective;No;No;No;No;No;No;0.0;-6.0;0.25;-6.96;0.39;-7.46;0.47;-7.65;0.51;-7.65;0.54;-7.52;;;;
37;16.1;22.1;0.5;5;80;7;Successful;Effective;collision;19.51;vtypeauto.1;vtypeauto.0;478.82;edge_0_0_0;0.0;-7.0;0.2;-8.11;0.32;-8.69;0.38;-8.9;0.41;-8.89;0.43;-8.62;;;;
38;16.1;22.1;0.5;8;80;7;Successful;Effective;No;No;No;No;No;No;0.0;-7.0;0.2;-8.11;0.32;-8.69;0.38;-8.9;0.41;-8.89;0.43;-8.62;;;;
39;16.1;22.1;0.5;10;80;7;Successful;Effective;No;No;No;No;No;No;0.0;-7.0;0.2;-8.11;0.32;-8.69;0.38;-8.9;0.41;-8.89;0.43;-8.62;;;;
40;16.1;22.1;0.5;5;100;7;Successful;Effective;collision;19.59;vtypeauto.1;vtypeauto.0;591.06;edge_0_0_0;0.0;-7.0;0.25;-8.11;0.39;-8.7;0.47;-8.92;0.51;-8.91;0.54;-8.75;;;;
41;16.1;22.1;0.5;8;100;7;Successful;Effective;No;No;No;No;No;No;0.0;-7.0;0.25;-8.11;0.39;-8.7;0.47;-8.92;0.51;-8.91;0.54;-8.75;;;;
42;16.1;22.1;0.5;10;100;7;Successful;Effective;No;No;No;No;No;No;0.0;-7.0;0.25;-8.11;0.39;-8.7;0.47;-8.92;0.51;-8.91;0.54;-8.75;;;;
43;16.1;22.1;0.5;5;80;8;Successful;Effective;collision;19.23;vtypeauto.1;vtypeauto.0;474.66;edge_0_0_0;0.0;-7.99;0.2;-9.0;0.32;-9.0;0.38;-9.0;0.41;-9.0;0.43;-9.0;;;;
44;16.1;22.1;0.5;8;80;8;Successful;Effective;No;No;No;No;No;No;0.0;-7.99;0.2;-9.0;0.32;-9.0;0.38;-9.0;0.41;-9.0;0.43;-9.0;;;;
45;16.1;22.1;0.5;10;80;8;Successful;Effective;No;No;No;No;No;No;0.0;-7.99;0.2;-9.0;0.32;-9.0;0.38;-9.0;0.41;-9.0;0.43;-9.0;;;;
46;16.1;22.1;0.5;5;100;8;Successful;Effective;collision;19.29;vtypeauto.1;vtypeauto.0;585.08;edge_0_0_0;0.0;-8.0;0.25;-9.0;0.39;-9.0;0.47;-9.0;0.51;-9.0;0.54;-9.0;;;;
47;16.1;22.1;0.5;8;100;8;Successful;Effective;collision;20.52;vtypeauto.1;vtypeauto.0;610.37;edge_0_0_0;0.0;-8.0;0.25;-9.0;0.39;-9.0;0.47;-9.0;0.51;-9.0;0.54;-9.0;;;;
48;16.1;22.1;0.5;10;100;8;Successful;Effective;No;No;No;No;No;No;0.0;-8.0;0.25;-9.0;0.39;-9.0;0.47;-9.0;0.51;-9.0;0.54;-9.0;;;;
49;16.2;22.2;0.5;5;80;5;Successful;Effective;collision;20.82;vtypeauto.1;vtypeauto.0;494.69;edge_0_0_0;0.0;-5.0;0.2;-5.8;0.32;-6.22;0.38;-6.37;0.41;-6.37;0.43;-6.26;;;;
50;16.2;22.2;0.5;8;80;5;Successful;Effective;No;No;No;No;No;No;0.0;-5.0;0.2;-5.8;0.32;-6.22;0.38;-6.37;0.41;-6.37;0.43;-6.26;;;;
51;16.2;22.2;0.5;10;80;5;Successful;Effective;No;No;No;No;No;No;0.0;-5.0;0.2;-5.8;0.32;-6.22;0.38;-6.37;0.41;-6.37;0.43;-6.26;;;;
52;16.2;22.2;0.5;5;100;5;Successful;Effective;collision;21.04;vtypeauto.1;vtypeauto.0;615.46;edge_0_0_0;0.0;-5.0;0.25;-5.8;0.39;-6.23;0.47;-6.39;0.51;-6.39;0.54;-6.28;;;;
53;16.2;22.2;0.5;8;100;5;Successful;Effective;No;No;No;No;No;No;0.0;-5.0;0.25;-5.8;0.39;-6.23;0.47;-6.39;0.51;-6.39;0.54;-6.28;;;;
54;16.2;22.2;0.5;10;100;5;Successful;Effective;No;No;No;No;No;No;0.0;-5.0;0.25;-5.8;0.39;-6.23;0.47;-6.39;0.51;-6.39;0.54;-6.28;;;;
55;16.2;22.2;0.5;5;80;6;Successful;Effective;collision;19.94;vtypeauto.1;vtypeauto.0;484.75;edge_0_0_0;0.0;-6.0;0.2;-6.95;0.32;-7.45;0.38;-7.64;0.41;-7.63;0.43;-7.5;;;;
56;16.2;22.2;0.5;8;80;6;Successful;Effective;No;No;No;No;No;No;0.0;-6.0;0.2;-6.95;0.32;-7.45;0.38;-7.64;0.41;-7.63;0.43;-7.5;;;;
57;16.2;22.2;0.5;10;80;6;Successful;Effective;No;No;No;No;No;No;0.0;-6.0;0.2;-6.95;0.32;-7.45;0.38;-7.64;0.41;-7.63;0.43;-7.5;;;;
58;16.2;22.2;0.5;5;100;6;Successful;Effective;collision;20.05;vtypeauto.1;vtypeauto.0;599.71;edge_0_0_0;0.0;-6.0;0.25;-6.96;0.39;-7.46;0.47;-7.65;0.51;-7.65;0.54;-7.52;;;;
59;16.2;22.2;0.5;8;100;6;Successful;Effective;No;No;No;No;No;No;0.0;-6.0;0.25;-6.96;0.39;-7.46;0.47;-7.65;0.51;-7.65;0.54;-7.52;;;;
60;16.2;22.2;0.5;10;100;6;Successful;Effective;No;No;No;No;No;No;0.0;-6.0;0.25;-6.96;0.39;-7.46;0.47;-7.65;0.51;-7.65;0.54;-7.52;;;;
61;16.2;22.2;0.5;5;80;7;Successful;Effective;collision;19.51;vtypeauto.1;vtypeauto.0;478.82;edge_0_0_0;0.0;-7.0;0.2;-8.11;0.32;-8.69;0.38;-8.9;0.41;-8.89;0.43;-8.62;;;;
62;16.2;22.2;0.5;8;80;7;Successful;Effective;No;No;No;No;No;No;0.0;-7.0;0.2;-8.11;0.32;-8.69;0.38;-8.9;0.41;-8.89;0.43;-8.62;;;;
63;16.2;22.2;0.5;10;80;7;Successful;Effective;No;No;No;No;No;No;0.0;-7.0;0.2;-8.11;0.32;-8.69;0.38;-8.9;0.41;-8.89;0.43;-8.62;;;;
64;16.2;22.2;0.5;5;100;7;Successful;Effective;collision;19.59;vtypeauto.1;vtypeauto.0;591.06;edge_0_0_0;0.0;-7.0;0.25;-8.11;0.39;-8.7;0.47;-8.92;0.51;-8.91;0.54;-8.75;;;;
65;16.2;22.2;0.5;8;100;7;Successful;Effective;No;No;No;No;No;No;0.0;-7.0;0.25;-8.11;0.39;-8.7;0.47;-8.92;0.51;-8.91;0.54;-8.75;;;;
66;16.2;22.2;0.5;10;100;7;Successful;Effective;No;No;No;No;No;No;0.0;-7.0;0.25;-8.11;0.39;-8.7;0.47;-8.92;0.51;-8.91;0.54;-8.75;;;;
67;16.2;22.2;0.5;5;80;8;Successful;Effective;collision;19.23;vtypeauto.1;vtypeauto.0;474.66;edge_0_0_0;0.0;-7.99;0.2;-9.0;0.32;-9.0;0.38;-9.0;0.41;-9.0;0.43;-9.0;;;;
68;16.2;22.2;0.5;8;80;8;Successful;Effective;No;No;No;No;No;No;0.0;-7.99;0.2;-9.0;0.32;-9.0;0.38;-9.0;0.41;-9.0;0.43;-9.0;;;;
69;16.2;22.2;0.5;10;80;8;Successful;Effective;No;No;No;No;No;No;0.0;-7.99;0.2;-9.0;0.32;-9.0;0.38;-9.0;0.41;-9.0;0.43;-9.0;;;;
70;16.2;22.2;0.5;5;100;8;Successful;Effective;collision;19.29;vtypeauto.1;vtypeauto.0;585.08;edge_0_0_0;0.0;-8.0;0.25;-9.0;0.39;-9.0;0.47;-9.0;0.51;-9.0;0.54;-9.0;;;;
71;16.2;22.2;0.5;8;100;8;Successful;Effective;collision;20.52;vtypeauto.1;vtypeauto.0;610.37;edge_0_0_0;0.0;-8.0;0.25;-9.0;0.39;-9.0;0.47;-9.0;0.51;-9.0;0.54;-9.0;;;;
72;16.2;22.2;0.5;10;100;8;Successful;Effective;No;No;No;No;No;No;0.0;-8.0;0.25;-9.0;0.39;-9.0;0.47;-9.0;0.51;-9.0;0.54;-9.0;;;;
73;16.3;22.3;0.5;5;80;5;Successful;Effective;collision;20.82;vtypeauto.1;vtypeauto.0;494.69;edge_0_0_0;0.0;-5.0;0.2;-5.8;0.32;-6.22;0.38;-6.37;0.41;-6.37;0.43;-6.26;;;;
74;16.3;22.3;0.5;8;80;5;Successful;Effective;No;No;No;No;No;No;0.0;-5.0;0.2;-5.8;0.32;-6.22;0.38;-6.37;0.41;-6.37;0.43;-6.26;;;;
75;16.3;22.3;0.5;10;80;5;Successful;Effective;No;No;No;No;No;No;0.0;-5.0;0.2;-5.8;0.32;-6.22;0.38;-6.37;0.41;-6.37;0.43;-6.26;;;;
76;16.3;22.3;0.5;5;100;5;Successful;Effective;collision;21.04;vtypeauto.1;vtypeauto.0;615.46;edge_0_0_0;0.0;-5.0;0.25;-5.8;0.39;-6.23;0.47;-6.39;0.51;-6.39;0.54;-6.28;;;;
77;16.3;22.3;0.5;8;100;5;Successful;Effective;No;No;No;No;No;No;0.0;-5.0;0.25;-5.8;0.39;-6.23;0.47;-6.39;0.51;-6.39;0.54;-6.28;;;;
78;16.3;22.3;0.5;10;100;5;Successful;Effective;No;No;No;No;No;No;0.0;-5.0;0.25;-5.8;0.39;-6.23;0.47;-6.39;0.51;-6.39;0.54;-6.28;;;;
79;16.3;22.3;0.5;5;80;6;Successful;Effective;collision;19.94;vtypeauto.1;vtypeauto.0;484.75;edge_0_0_0;0.0;-6.0;0.2;-6.95;0.32;-7.45;0.38;-7.64;0.41;-7.63;0.43;-7.5;;;;
80;16.3;22.3;0.5;8;80;6;Successful;Effective;No;No;No;No;No;No;0.0;-6.0;0.2;-6.95;0.32;-7.45;0.38;-7.64;0.41;-7.63;0.43;-7.5;;;;
81;16.3;22.3;0.5;10;80;6;Successful;Effective;No;No;No;No;No;No;0.0;-6.0;0.2;-6.95;0.32;-7.45;0.38;-7.64;0.41;-7.63;0.43;-7.5;;;;
82;16.3;22.3;0.5;5;100;6;Successful;Effective;collision;20.05;vtypeauto.1;vtypeauto.0;599.71;edge_0_0_0;0.0;-6.0;0.25;-6.96;0.39;-7.46;0.47;-7.65;0.51;-7.65;0.54;-7.52;;;;
83;16.3;22.3;0.5;8;100;6;Successful;Effective;No;No;No;No;No;No;0.0;-6.0;0.25;-6.96;0.39;-7.46;0.47;-7.65;0.51;-7.65;0.54;-7.52;;;;
84;16.3;22.3;0.5;10;100;6;Successful;Effective;No;No;No;No;No;No;0.0;-6.0;0.25;-6.96;0.39;-7.46;0.47;-7.65;0.51;-7.65;0.54;-7.52;;;;
85;16.3;22.3;0.5;5;80;7;Successful;Effective;collision;19.51;vtypeauto.1;vtypeauto.0;478.82;edge_0_0_0;0.0;-7.0;0.2;-8.11;0.32;-8.69;0.38;-8.9;0.41;-8.89;0.43;-8.62;;;;
86;16.3;22.3;0.5;8;80;7;Successful;Effective;No;No;No;No;No;No;0.0;-7.0;0.2;-8.11;0.32;-8.69;0.38;-8.9;0.41;-8.89;0.43;-8.62;;;;
87;16.3;22.3;0.5;10;80;7;Successful;Effective;No;No;No;No;No;No;0.0;-7.0;0.2;-8.11;0.32;-8.69;0.38;-8.9;0.41;-8.89;0.43;-8.62;;;;
88;16.3;22.3;0.5;5;100;7;Successful;Effective;collision;19.59;vtypeauto.1;vtypeauto.0;591.06;edge_0_0_0;0.0;-7.0;0.25;-8.11;0.39;-8.7;0.47;-8.92;0.51;-8.91;0.54;-8.75;;;;
89;16.3;22.3;0.5;8;100;7;Successful;Effective;No;No;No;No;No;No;0.0;-7.0;0.25;-8.11;0.39;-8.7;0.47;-8.92;0.51;-8.91;0.54;-8.75;;;;
90;16.3;22.3;0.5;10;100;7;Successful;Effective;No;No;No;No;No;No;0.0;-7.0;0.25;-8.11;0.39;-8.7;0.47;-8.92;0.51;-8.91;0.54;-8.75;;;;
91;16.3;22.3;0.5;5;80;8;Successful;Effective;collision;19.23;vtypeauto.1;vtypeauto.0;474.66;edge_0_0_0;0.0;-7.99;0.2;-9.0;0.32;-9.0;0.38;-9.0;0.41;-9.0;0.43;-9.0;;;;
92;16.3;22.3;0.5;8;80;8;Successful;Effective;No;No;No;No;No;No;0.0;-7.99;0.2;-9.0;0.32;-9.0;0.38;-9.0;0.41;-9.0;0.43;-9.0;;;;
93;16.3;22.3;0.5;10;80;8;Successful;Effective;No;No;No;No;No;No;0.0;-7.99;0.2;-9.0;0.32;-9.0;0.38;-9.0;0.41;-9.0;0.43;-9.0;;;;
94;16.3;22.3;0.5;5;100;8;Successful;Effective;collision;19.29;vtypeauto.1;vtypeauto.0;585.08;edge_0_0_0;0.0;-8.0;0.25;-9.0;0.39;-9.0;0.47;-9.0;0.51;-9.0;0.54;-9.0;;;;
95;16.3;22.3;0.5;8;100;8;Successful;Effective;collision;20.52;vtypeauto.1;vtypeauto.0;610.37;edge_0_0_0;0.0;-8.0;0.25;-9.0;0.39;-9.0;0.47;-9.0;0.51;-9.0;0.54;-9.0;;;;
96;16.3;22.3;0.5;10;100;8;Successful;Effective;No;No;No;No;No;No;0.0;-8.0;0.25;-9.0;0.39;-9.0;0.47;-9.0;0.51;-9.0;0.54;-9.0;;;;
97;16.4;22.4;0.5;5;80;5;Successful;Effective;collision;20.82;vtypeauto.1;vtypeauto.0;494.69;edge_0_0_0;0.0;-5.0;0.2;-5.8;0.32;-6.22;0.38;-6.37;0.41;-6.37;0.43;-6.26;;;;
98;16.4;22.4;0.5;8;80;5;Successful;Effective;No;No;No;No;No;No;0.0;-5.0;0.2;-5.8;0.32;-6.22;0.38;-6.37;0.41;-6.37;0.43;-6.26;;;;
99;16.4;22.4;0.5;10;80;5;Successful;Effective;No;No;No;No;No;No;0.0;-5.0;0.2;-5.8;0.32;-6.22;0.38;-6.37;0.41;-6.37;0.43;-6.26;;;;
100;16.4;22.4;0.5;5;100;5;Successful;Effective;collision;21.04;vtypeauto.1;vtypeauto.0;615.46;edge_0_0_0;0.0;-5.0;0.25;-5.8;0.39;-6.23;0.47;-6.39;0.51;-6.39;0.54;-6.28;;;;
101;16.4;22.4;0.5;8;100;5;Successful;Effective;No;No;No;No;No;No;0.0;-5.0;0.25;-5.8;0.39;-6.23;0.47;-6.39;0.51;-6.39;0.54;-6.28;;;;
102;16.4;22.4;0.5;10;100;5;Successful;Effective;No;No;No;No;No;No;0.0;-5.0;0.25;-5.8;0.39;-6.23;0.47;-6.39;0.51;-6.39;0.54;-6.28;;;;
103;16.4;22.4;0.5;5;80;6;Successful;Effective;collision;19.94;vtypeauto.1;vtypeauto.0;484.75;edge_0_0_0;0.0;-6.0;0.2;-6.95;0.32;-7.45;0.38;-7.64;0.41;-7.63;0.43;-7.5;;;;
104;16.4;22.4;0.5;8;80;6;Successful;Effective;No;No;No;No;No;No;0.0;-6.0;0.2;-6.95;0.32;-7.45;0.38;-7.64;0.41;-7.63;0.43;-7.5;;;;
105;16.4;22.4;0.5;10;80;6;Successful;Effective;No;No;No;No;No;No;0.0;-6.0;0.2;-6.95;0.32;-7.45;0.38;-7.64;0.41;-7.63;0.43;-7.5;;;;
106;16.4;22.4;0.5;5;100;6;Successful;Effective;collision;20.05;vtypeauto.1;vtypeauto.0;599.71;edge_0_0_0;0.0;-6.0;0.25;-6.96;0.39;-7.46;0.47;-7.65;0.51;-7.65;0.54;-7.52;;;;
107;16.4;22.4;0.5;8;100;6;Successful;Effective;No;No;No;No;No;No;0.0;-6.0;0.25;-6.96;0.39;-7.46;0.47;-7.65;0.51;-7.65;0.54;-7.52;;;;
108;16.4;22.4;0.5;10;100;6;Successful;Effective;No;No;No;No;No;No;0.0;-6.0;0.25;-6.96;0.39;-7.46;0.47;-7.65;0.51;-7.65;0.54;-7.52;;;;
109;16.4;22.4;0.5;5;80;7;Successful;Effective;collision;19.51;vtypeauto.1;vtypeauto.0;478.82;edge_0_0_0;0.0;-7.0;0.2;-8.11;0.32;-8.69;0.38;-8.9;0.41;-8.89;0.43;-8.62;;;;
110;16.4;22.4;0.5;8;80;7;Successful;Effective;No;No;No;No;No;No;0.0;-7.0;0.2;-8.11;0.32;-8.69;0.38;-8.9;0.41;-8.89;0.43;-8.62;;;;
111;16.4;22.4;0.5;10;80;7;Successful;Effective;No;No;No;No;No;No;0.0;-7.0;0.2;-8.11;0.32;-8.69;0.38;-8.9;0.41;-8.89;0.43;-8.62;;;;
112;16.4;22.4;0.5;5;100;7;Successful;Effective;collision;19.59;vtypeauto.1;vtypeauto.0;591.06;edge_0_0_0;0.0;-7.0;0.25;-8.11;0.39;-8.7;0.47;-8.92;0.51;-8.91;0.54;-8.76;;;;
113;16.4;22.4;0.5;8;100;7;Successful;Effective;No;No;No;No;No;No;0.0;-7.0;0.25;-8.11;0.39;-8.7;0.47;-8.92;0.51;-8.91;0.54;-8.76;;;;
114;16.4;22.4;0.5;10;100;7;Successful;Effective;No;No;No;No;No;No;0.0;-7.0;0.25;-8.11;0.39;-8.7;0.47;-8.92;0.51;-8.91;0.54;-8.76;;;;
115;16.4;22.4;0.5;5;80;8;Successful;Effective;collision;19.23;vtypeauto.1;vtypeauto.0;474.66;edge_0_0_0;0.0;-7.99;0.2;-9.0;0.32;-9.0;0.38;-9.0;0.41;-9.0;0.43;-9.0;;;;
116;16.4;22.4;0.5;8;80;8;Successful;Effective;No;No;No;No;No;No;0.0;-7.99;0.2;-9.0;0.32;-9.0;0.38;-9.0;0.41;-9.0;0.43;-9.0;;;;
117;16.4;22.4;0.5;10;80;8;Successful;Effective;No;No;No;No;No;No;0.0;-7.99;0.2;-9.0;0.32;-9.0;0.38;-9.0;0.41;-9.0;0.43;-9.0;;;;
118;16.4;22.4;0.5;5;100;8;Successful;Effective;collision;19.29;vtypeauto.1;vtypeauto.0;585.08;edge_0_0_0;0.0;-8.0;0.25;-9.0;0.39;-9.0;0.47;-9.0;0.51;-9.0;0.54;-9.0;;;;
119;16.4;22.4;0.5;8;100;8;Successful;Effective;collision;20.52;vtypeauto.1;vtypeauto.0;610.37;edge_0_0_0;0.0;-8.0;0.25;-9.0;0.39;-9.0;0.47;-9.0;0.51;-9.0;0.54;-9.0;;;;
120;16.4;22.4;0.5;10;100;8;Successful;Effective;No;No;No;No;No;No;0.0;-8.0;0.25;-9.0;0.39;-9.0;0.47;-9.0;0.51;-9.0;0.54;-9.0;;;;
121;16.5;22.5;0.5;5;80;5;Successful;Effective;collision;20.82;vtypeauto.1;vtypeauto.0;494.69;edge_0_0_0;0.0;-5.0;0.2;-5.8;0.32;-6.22;0.38;-6.37;0.41;-6.37;0.43;-6.26;;;;
122;16.5;22.5;0.5;8;80;5;Successful;Effective;No;No;No;No;No;No;0.0;-5.0;0.2;-5.8;0.32;-6.22;0.38;-6.37;0.41;-6.37;0.43;-6.26;;;;
123;16.5;22.5;0.5;10;80;5;Successful;Effective;No;No;No;No;No;No;0.0;-5.0;0.2;-5.8;0.32;-6.22;0.38;-6.37;0.41;-6.37;0.43;-6.26;;;;
124;16.5;22.5;0.5;5;100;5;Successful;Effective;collision;21.04;vtypeauto.1;vtypeauto.0;615.46;edge_0_0_0;0.0;-5.0;0.25;-5.8;0.39;-6.23;0.47;-6.39;0.51;-6.39;0.54;-6.28;;;;
125;16.5;22.5;0.5;8;100;5;Successful;Effective;No;No;No;No;No;No;0.0;-5.0;0.25;-5.8;0.39;-6.23;0.47;-6.39;0.51;-6.39;0.54;-6.28;;;;
126;16.5;22.5;0.5;10;100;5;Successful;Effective;No;No;No;No;No;No;0.0;-5.0;0.25;-5.8;0.39;-6.23;0.47;-6.39;0.51;-6.39;0.54;-6.28;;;;
127;16.5;22.5;0.5;5;80;6;Successful;Effective;collision;19.94;vtypeauto.1;vtypeauto.0;484.75;edge_0_0_0;0.0;-6.0;0.2;-6.95;0.32;-7.45;0.38;-7.64;0.41;-7.63;0.43;-7.5;;;;
128;16.5;22.5;0.5;8;80;6;Successful;Effective;No;No;No;No;No;No;0.0;-6.0;0.2;-6.95;0.32;-7.45;0.38;-7.64;0.41;-7.63;0.43;-7.5;;;;
129;16.5;22.5;0.5;10;80;6;Successful;Effective;No;No;No;No;No;No;0.0;-6.0;0.2;-6.95;0.32;-7.45;0.38;-7.64;0.41;-7.63;0.43;-7.5;;;;
130;16.5;22.5;0.5;5;100;6;Successful;Effective;collision;20.05;vtypeauto.1;vtypeauto.0;599.71;edge_0_0_0;0.0;-6.0;0.25;-6.96;0.39;-7.46;0.47;-7.65;0.51;-7.65;0.54;-7.52;;;;
131;16.5;22.5;0.5;8;100;6;Successful;Effective;No;No;No;No;No;No;0.0;-6.0;0.25;-6.96;0.39;-7.46;0.47;-7.65;0.51;-7.65;0.54;-7.52;;;;
132;16.5;22.5;0.5;10;100;6;Successful;Effective;No;No;No;No;No;No;0.0;-6.0;0.25;-6.96;0.39;-7.46;0.47;-7.65;0.51;-7.65;0.54;-7.52;;;;
133;16.5;22.5;0.5;5;80;7;Successful;Effective;collision;19.51;vtypeauto.1;vtypeauto.0;478.82;edge_0_0_0;0.0;-7.0;0.2;-8.11;0.32;-8.69;0.38;-8.9;0.41;-8.89;0.43;-8.62;;;;
134;16.5;22.5;0.5;8;80;7;Successful;Effective;No;No;No;No;No;No;0.0;-7.0;0.2;-8.11;0.32;-8.69;0.38;-8.9;0.41;-8.89;0.43;-8.62;;;;
135;16.5;22.5;0.5;10;80;7;Successful;Effective;No;No;No;No;No;No;0.0;-7.0;0.2;-8.11;0.32;-8.69;0.38;-8.9;0.41;-8.89;0.43;-8.62;;;;
136;16.5;22.5;0.5;5;100;7;Successful;Effective;collision;19.59;vtypeauto.1;vtypeauto.0;591.06;edge_0_0_0;0.0;-7.0;0.25;-8.11;0.39;-8.7;0.47;-8.92;0.51;-8.91;0.54;-8.76;;;;
137;16.5;22.5;0.5;8;100;7;Successful;Effective;No;No;No;No;No;No;0.0;-7.0;0.25;-8.11;0.39;-8.7;0.47;-8.92;0.51;-8.91;0.54;-8.76;;;;
138;16.5;22.5;0.5;10;100;7;Successful;Effective;No;No;No;No;No;No;0.0;-7.0;0.25;-8.11;0.39;-8.7;0.47;-8.92;0.51;-8.91;0.54;-8.76;;;;
139;16.5;22.5;0.5;5;80;8;Successful;Effective;collision;19.23;vtypeauto.1;vtypeauto.0;474.66;edge_0_0_0;0.0;-7.99;0.2;-9.0;0.32;-9.0;0.38;-9.0;0.41;-9.0;0.43;-9.0;;;;
140;16.5;22.5;0.5;8;80;8;Successful;Effective;No;No;No;No;No;No;0.0;-7.99;0.2;-9.0;0.32;-9.0;0.38;-9.0;0.41;-9.0;0.43;-9.0;;;;
141;16.5;22.5;0.5;10;80;8;Successful;Effective;No;No;No;No;No;No;0.0;-7.99;0.2;-9.0;0.32;-9.0;0.38;-9.0;0.41;-9.0;0.43;-9.0;;;;
142;16.5;22.5;0.5;5;100;8;Successful;Effective;collision;19.29;vtypeauto.1;vtypeauto.0;585.08;edge_0_0_0;0.0;-8.0;0.25;-9.0;0.39;-9.0;0.47;-9.0;0.51;-9.0;0.54;-9.0;;;;
143;16.5;22.5;0.5;8;100;8;Successful;Effective;collision;20.52;vtypeauto.1;vtypeauto.0;610.37;edge_0_0_0;0.0;-8.0;0.25;-9.0;0.39;-9.0;0.47;-9.0;0.51;-9.0;0.54;-9.0;;;;
144;16.5;22.5;0.5;10;100;8;Successful;Effective;No;No;No;No;No;No;0.0;-8.0;0.25;-9.0;0.39;-9.0;0.47;-9.0;0.51;-9.0;0.54;-9.0;;;;
145;16.6;22.6;0.5;5;80;5;Successful;Effective;collision;20.82;vtypeauto.1;vtypeauto.0;494.69;edge_0_0_0;0.0;-5.0;0.2;-5.8;0.32;-6.22;0.38;-6.37;0.41;-6.37;0.43;-6.26;;;;
146;16.6;22.6;0.5;8;80;5;Successful;Effective;No;No;No;No;No;No;0.0;-5.0;0.2;-5.8;0.32;-6.22;0.38;-6.37;0.41;-6.37;0.43;-6.26;;;;
147;16.6;22.6;0.5;10;80;5;Successful;Effective;No;No;No;No;No;No;0.0;-5.0;0.2;-5.8;0.32;-6.22;0.38;-6.37;0.41;-6.37;0.43;-6.26;;;;
148;16.6;22.6;0.5;5;100;5;Successful;Effective;collision;21.04;vtypeauto.1;vtypeauto.0;615.46;edge_0_0_0;0.0;-5.0;0.25;-5.8;0.39;-6.23;0.47;-6.39;0.51;-6.39;0.54;-6.28;;;;
149;16.6;22.6;0.5;8;100;5;Successful;Effective;No;No;No;No;No;No;0.0;-5.0;0.25;-5.8;0.39;-6.23;0.47;-6.39;0.51;-6.39;0.54;-6.28;;;;
150;16.6;22.6;0.5;10;100;5;Successful;Effective;No;No;No;No;No;No;0.0;-5.0;0.25;-5.8;0.39;-6.23;0.47;-6.39;0.51;-6.39;0.54;-6.28;;;;
151;16.6;22.6;0.5;5;80;6;Successful;Effective;collision;19.94;vtypeauto.1;vtypeauto.0;484.75;edge_0_0_0;0.0;-6.0;0.2;-6.95;0.32;-7.45;0.38;-7.64;0.41;-7.63;0.43;-7.5;;;;
152;16.6;22.6;0.5;8;80;6;Successful;Effective;No;No;No;No;No;No;0.0;-6.0;0.2;-6.95;0.32;-7.45;0.38;-7.64;0.41;-7.63;0.43;-7.5;;;;
153;16.6;22.6;0.5;10;80;6;Successful;Effective;No;No;No;No;No;No;0.0;-6.0;0.2;-6.95;0.32;-7.45;0.38;-7.64;0.41;-7.63;0.43;-7.5;;;;
154;16.6;22.6;0.5;5;100;6;Successful;Effective;collision;20.05;vtypeauto.1;vtypeauto.0;599.71;edge_0_0_0;0.0;-6.0;0.25;-6.96;0.39;-7.46;0.47;-7.65;0.51;-7.65;0.54;-7.52;;;;
155;16.6;22.6;0.5;8;100;6;Successful;Effective;No;No;No;No;No;No;0.0;-6.0;0.25;-6.96;0.39;-7.46;0.47;-7.65;0.51;-7.65;0.54;-7.52;;;;
156;16.6;22.6;0.5;10;100;6;Successful;Effective;No;No;No;No;No;No;0.0;-6.0;0.25;-6.96;0.39;-7.46;0.47;-7.65;0.51;-7.65;0.54;-7.52;;;;
157;16.6;22.6;0.5;5;80;7;Successful;Effective;collision;19.51;vtypeauto.1;vtypeauto.0;478.82;edge_0_0_0;0.0;-7.0;0.2;-8.11;0.32;-8.69;0.38;-8.9;0.41;-8.89;0.43;-8.62;;;;
158;16.6;22.6;0.5;8;80;7;Successful;Effective;No;No;No;No;No;No;0.0;-7.0;0.2;-8.11;0.32;-8.69;0.38;-8.9;0.41;-8.89;0.43;-8.62;;;;
159;16.6;22.6;0.5;10;80;7;Successful;Effective;No;No;No;No;No;No;0.0;-7.0;0.2;-8.11;0.32;-8.69;0.38;-8.9;0.41;-8.89;0.43;-8.62;;;;
160;16.6;22.6;0.5;5;100;7;Successful;Effective;collision;19.59;vtypeauto.1;vtypeauto.0;591.06;edge_0_0_0;0.0;-7.0;0.25;-8.11;0.39;-8.7;0.47;-8.92;0.51;-8.91;0.54;-8.76;;;;
161;16.6;22.6;0.5;8;100;7;Successful;Effective;No;No;No;No;No;No;0.0;-7.0;0.25;-8.11;0.39;-8.7;0.47;-8.92;0.51;-8.91;0.54;-8.76;;;;
162;16.6;22.6;0.5;10;100;7;Successful;Effective;No;No;No;No;No;No;0.0;-7.0;0.25;-8.11;0.39;-8.7;0.47;-8.92;0.51;-8.91;0.54;-8.76;;;;
163;16.6;22.6;0.5;5;80;8;Successful;Effective;collision;19.23;vtypeauto.1;vtypeauto.0;474.66;edge_0_0_0;0.0;-7.99;0.2;-9.0;0.32;-9.0;0.38;-9.0;0.41;-9.0;0.43;-9.0;;;;
164;16.6;22.6;0.5;8;80;8;Successful;Effective;No;No;No;No;No;No;0.0;-7.99;0.2;-9.0;0.32;-9.0;0.38;-9.0;0.41;-9.0;0.43;-9.0;;;;
165;16.6;22.6;0.5;10;80;8;Successful;Effective;No;No;No;No;No;No;0.0;-7.99;0.2;-9.0;0.32;-9.0;0.38;-9.0;0.41;-9.0;0.43;-9.0;;;;
166;16.6;22.6;0.5;5;100;8;Successful;Effective;collision;19.29;vtypeauto.1;vtypeauto.0;585.08;edge_0_0_0;0.0;-8.0;0.25;-9.0;0.39;-9.0;0.47;-9.0;0.51;-9.0;0.54;-9.0;;;;
167;16.6;22.6;0.5;8;100;8;Successful;Effective;collision;20.52;vtypeauto.1;vtypeauto.0;610.37;edge_0_0_0;0.0;-8.0;0.25;-9.0;0.39;-9.0;0.47;-9.0;0.51;-9.0;0.54;-9.0;;;;
168;16.6;22.6;0.5;10;100;8;Successful;Effective;No;No;No;No;No;No;0.0;-8.0;0.25;-9.0;0.39;-9.0;0.47;-9.0;0.51;-9.0;0.54;-9.0;;;;
169;16.7;22.7;0.5;5;80;5;Successful;Effective;collision;20.82;vtypeauto.1;vtypeauto.0;494.69;edge_0_0_0;0.0;-5.0;0.2;-5.8;0.32;-6.22;0.38;-6.37;0.41;-6.37;0.43;-6.26;;;;
170;16.7;22.7;0.5;8;80;5;Successful;Effective;No;No;No;No;No;No;0.0;-5.0;0.2;-5.8;0.32;-6.22;0.38;-6.37;0.41;-6.37;0.43;-6.26;;;;
171;16.7;22.7;0.5;10;80;5;Successful;Effective;No;No;No;No;No;No;0.0;-5.0;0.2;-5.8;0.32;-6.22;0.38;-6.37;0.41;-6.37;0.43;-6.26;;;;
172;16.7;22.7;0.5;5;100;5;Successful;Effective;collision;21.04;vtypeauto.1;vtypeauto.0;615.46;edge_0_0_0;0.0;-5.0;0.25;-5.8;0.39;-6.23;0.47;-6.39;0.51;-6.39;0.54;-6.28;;;;
173;16.7;22.7;0.5;8;100;5;Successful;Effective;No;No;No;No;No;No;0.0;-5.0;0.25;-5.8;0.39;-6.23;0.47;-6.39;0.51;-6.39;0.54;-6.28;;;;
174;16.7;22.7;0.5;10;100;5;Successful;Effective;No;No;No;No;No;No;0.0;-5.0;0.25;-5.8;0.39;-6.23;0.47;-6.39;0.51;-6.39;0.54;-6.28;;;;
175;16.7;22.7;0.5;5;80;6;Successful;Effective;collision;19.94;vtypeauto.1;vtypeauto.0;484.75;edge_0_0_0;0.0;-6.0;0.2;-6.95;0.32;-7.45;0.38;-7.64;0.41;-7.63;0.43;-7.5;;;;
176;16.7;22.7;0.5;8;80;6;Successful;Effective;No;No;No;No;No;No;0.0;-6.0;0.2;-6.95;0.32;-7.45;0.38;-7.64;0.41;-7.63;0.43;-7.5;;;;
177;16.7;22.7;0.5;10;80;6;Successful;Effective;No;No;No;No;No;No;0.0;-6.0;0.2;-6.95;0.32;-7.45;0.38;-7.64;0.41;-7.63;0.43;-7.5;;;;
178;16.7;22.7;0.5;5;100;6;Successful;Effective;collision;20.05;vtypeauto.1;vtypeauto.0;599.71;edge_0_0_0;0.0;-6.0;0.25;-6.96;0.39;-7.46;0.47;-7.65;0.51;-7.65;0.54;-7.52;;;;
179;16.7;22.7;0.5;8;100;6;Successful;Effective;No;No;No;No;No;No;0.0;-6.0;0.25;-6.96;0.39;-7.46;0.47;-7.65;0.51;-7.65;0.54;-7.52;;;;
180;16.7;22.7;0.5;10;100;6;Successful;Effective;No;No;No;No;No;No;0.0;-6.0;0.25;-6.96;0.39;-7.46;0.47;-7.65;0.51;-7.65;0.54;-7.52;;;;
181;16.7;22.7;0.5;5;80;7;Successful;Effective;collision;19.51;vtypeauto.1;vtypeauto.0;478.82;edge_0_0_0;0.0;-7.0;0.2;-8.11;0.32;-8.69;0.38;-8.9;0.41;-8.89;0.43;-8.62;;;;
182;16.7;22.7;0.5;8;80;7;Successful;Effective;No;No;No;No;No;No;0.0;-7.0;0.2;-8.11;0.32;-8.69;0.38;-8.9;0.41;-8.89;0.43;-8.62;;;;
183;16.7;22.7;0.5;10;80;7;Successful;Effective;No;No;No;No;No;No;0.0;-7.0;0.2;-8.11;0.32;-8.69;0.38;-8.9;0.41;-8.89;0.43;-8.62;;;;
184;16.7;22.7;0.5;5;100;7;Successful;Effective;collision;19.59;vtypeauto.1;vtypeauto.0;591.06;edge_0_0_0;0.0;-7.0;0.25;-8.11;0.39;-8.7;0.47;-8.92;0.51;-8.91;0.54;-8.76;;;;
185;16.7;22.7;0.5;8;100;7;Successful;Effective;No;No;No;No;No;No;0.0;-7.0;0.25;-8.11;0.39;-8.7;0.47;-8.92;0.51;-8.91;0.54;-8.76;;;;
186;16.7;22.7;0.5;10;100;7;Successful;Effective;No;No;No;No;No;No;0.0;-7.0;0.25;-8.11;0.39;-8.7;0.47;-8.92;0.51;-8.91;0.54;-8.76;;;;
187;16.7;22.7;0.5;5;80;8;Successful;Effective;collision;19.23;vtypeauto.1;vtypeauto.0;474.66;edge_0_0_0;0.0;-7.99;0.2;-9.0;0.32;-9.0;0.38;-9.0;0.41;-9.0;0.43;-9.0;;;;
188;16.7;22.7;0.5;8;80;8;Successful;Effective;No;No;No;No;No;No;0.0;-7.99;0.2;-9.0;0.32;-9.0;0.38;-9.0;0.41;-9.0;0.43;-9.0;;;;
189;16.7;22.7;0.5;10;80;8;Successful;Effective;No;No;No;No;No;No;0.0;-7.99;0.2;-9.0;0.32;-9.0;0.38;-9.0;0.41;-9.0;0.43;-9.0;;;;
190;16.7;22.7;0.5;5;100;8;Successful;Effective;collision;19.29;vtypeauto.1;vtypeauto.0;585.08;edge_0_0_0;0.0;-8.0;0.25;-9.0;0.39;-9.0;0.47;-9.0;0.51;-9.0;0.54;-9.0;;;;
191;16.7;22.7;0.5;8;100;8;Successful;Effective;collision;20.52;vtypeauto.1;vtypeauto.0;610.37;edge_0_0_0;0.0;-8.0;0.25;-9.0;0.39;-9.0;0.47;-9.0;0.51;-9.0;0.54;-9.0;;;;
192;16.7;22.7;0.5;10;100;8;Successful;Effective;No;No;No;No;No;No;0.0;-8.0;0.25;-9.0;0.39;-9.0;0.47;-9.0;0.51;-9.0;0.54;-9.0;;;;
193;16.8;22.8;0.5;5;80;5;Successful;Effective;collision;20.82;vtypeauto.1;vtypeauto.0;494.69;edge_0_0_0;0.0;-5.0;0.2;-5.8;0.32;-6.22;0.38;-6.37;0.41;-6.37;0.43;-6.26;;;;
194;16.8;22.8;0.5;8;80;5;Successful;Effective;No;No;No;No;No;No;0.0;-5.0;0.2;-5.8;0.32;-6.22;0.38;-6.37;0.41;-6.37;0.43;-6.26;;;;
195;16.8;22.8;0.5;10;80;5;Successful;Effective;No;No;No;No;No;No;0.0;-5.0;0.2;-5.8;0.32;-6.22;0.38;-6.37;0.41;-6.37;0.43;-6.26;;;;
196;16.8;22.8;0.5;5;100;5;Successful;Effective;collision;21.04;vtypeauto.1;vtypeauto.0;615.46;edge_0_0_0;0.0;-5.0;0.25;-5.8;0.39;-6.23;0.47;-6.39;0.51;-6.39;0.54;-6.28;;;;
197;16.8;22.8;0.5;8;100;5;Successful;Effective;No;No;No;No;No;No;0.0;-5.0;0.25;-5.8;0.39;-6.23;0.47;-6.39;0.51;-6.39;0.54;-6.28;;;;
198;16.8;22.8;0.5;10;100;5;Successful;Effective;No;No;No;No;No;No;0.0;-5.0;0.25;-5.8;0.39;-6.23;0.47;-6.39;0.51;-6.39;0.54;-6.28;;;;
199;16.8;22.8;0.5;5;80;6;Successful;Effective;collision;19.94;vtypeauto.1;vtypeauto.0;484.75;edge_0_0_0;0.0;-6.0;0.2;-6.95;0.32;-7.45;0.38;-7.64;0.41;-7.63;0.43;-7.5;;;;
200;16.8;22.8;0.5;8;80;6;Successful;Effective;No;No;No;No;No;No;0.0;-6.0;0.2;-6.95;0.32;-7.45;0.38;-7.64;0.41;-7.63;0.43;-7.5;;;;
201;16.8;22.8;0.5;10;80;6;Successful;Effective;No;No;No;No;No;No;0.0;-6.0;0.2;-6.95;0.32;-7.45;0.38;-7.64;0.41;-7.63;0.43;-7.5;;;;
202;16.8;22.8;0.5;5;100;6;Successful;Effective;collision;20.05;vtypeauto.1;vtypeauto.0;599.71;edge_0_0_0;0.0;-6.0;0.25;-6.96;0.39;-7.46;0.47;-7.65;0.51;-7.65;0.54;-7.52;;;;
203;16.8;22.8;0.5;8;100;6;Successful;Effective;No;No;No;No;No;No;0.0;-6.0;0.25;-6.96;0.39;-7.46;0.47;-7.65;0.51;-7.65;0.54;-7.52;;;;
204;16.8;22.8;0.5;10;100;6;Successful;Effective;No;No;No;No;No;No;0.0;-6.0;0.25;-6.96;0.39;-7.46;0.47;-7.65;0.51;-7.65;0.54;-7.52;;;;
205;16.8;22.8;0.5;5;80;7;Successful;Effective;collision;19.51;vtypeauto.1;vtypeauto.0;478.82;edge_0_0_0;0.0;-7.0;0.2;-8.11;0.32;-8.69;0.38;-8.9;0.41;-8.89;0.43;-8.62;;;;
206;16.8;22.8;0.5;8;80;7;Successful;Effective;No;No;No;No;No;No;0.0;-7.0;0.2;-8.11;0.32;-8.69;0.38;-8.9;0.41;-8.89;0.43;-8.62;;;;
207;16.8;22.8;0.5;10;80;7;Successful;Effective;No;No;No;No;No;No;0.0;-7.0;0.2;-8.11;0.32;-8.69;0.38;-8.9;0.41;-8.89;0.43;-8.62;;;;
208;16.8;22.8;0.5;5;100;7;Successful;Effective;collision;19.59;vtypeauto.1;vtypeauto.0;591.06;edge_0_0_0;0.0;-7.0;0.25;-8.11;0.39;-8.7;0.47;-8.92;0.51;-8.91;0.54;-8.76;;;;
209;16.8;22.8;0.5;8;100;7;Successful;Effective;No;No;No;No;No;No;0.0;-7.0;0.25;-8.11;0.39;-8.7;0.47;-8.92;0.51;-8.91;0.54;-8.76;;;;
210;16.8;22.8;0.5;10;100;7;Successful;Effective;No;No;No;No;No;No;0.0;-7.0;0.25;-8.11;0.39;-8.7;0.47;-8.92;0.51;-8.91;0.54;-8.76;;;;
211;16.8;22.8;0.5;5;80;8;Successful;Effective;collision;19.23;vtypeauto.1;vtypeauto.0;474.66;edge_0_0_0;0.0;-7.99;0.2;-9.0;0.32;-9.0;0.38;-9.0;0.41;-9.0;0.43;-9.0;;;;
212;16.8;22.8;0.5;8;80;8;Successful;Effective;No;No;No;No;No;No;0.0;-7.99;0.2;-9.0;0.32;-9.0;0.38;-9.0;0.41;-9.0;0.43;-9.0;;;;
213;16.8;22.8;0.5;10;80;8;Successful;Effective;No;No;No;No;No;No;0.0;-7.99;0.2;-9.0;0.32;-9.0;0.38;-9.0;0.41;-9.0;0.43;-9.0;;;;
214;16.8;22.8;0.5;5;100;8;Successful;Effective;collision;19.29;vtypeauto.1;vtypeauto.0;585.08;edge_0_0_0;0.0;-8.0;0.25;-9.0;0.39;-9.0;0.47;-9.0;0.51;-9.0;0.54;-9.0;;;;
215;16.8;22.8;0.5;8;100;8;Successful;Effective;collision;20.52;vtypeauto.1;vtypeauto.0;610.37;edge_0_0_0;0.0;-8.0;0.25;-9.0;0.39;-9.0;0.47;-9.0;0.51;-9.0;0.54;-9.0;;;;
216;16.8;22.8;0.5;10;100;8;Successful;Effective;No;No;No;No;No;No;0.0;-8.0;0.25;-9.0;0.39;-9.0;0.47;-9.0;0.51;-9.0;0.54;-9.0;;;;
217;16.9;22.9;0.5;5;80;5;Successful;Effective;collision;20.82;vtypeauto.1;vtypeauto.0;494.69;edge_0_0_0;0.0;-5.0;0.2;-5.8;0.32;-6.22;0.38;-6.37;0.41;-6.37;0.43;-6.26;;;;
218;16.9;22.9;0.5;8;80;5;Successful;Effective;No;No;No;No;No;No;0.0;-5.0;0.2;-5.8;0.32;-6.22;0.38;-6.37;0.41;-6.37;0.43;-6.26;;;;
219;16.9;22.9;0.5;10;80;5;Successful;Effective;No;No;No;No;No;No;0.0;-5.0;0.2;-5.8;0.32;-6.22;0.38;-6.37;0.41;-6.37;0.43;-6.26;;;;
220;16.9;22.9;0.5;5;100;5;Successful;Effective;collision;21.04;vtypeauto.1;vtypeauto.0;615.46;edge_0_0_0;0.0;-5.0;0.25;-5.8;0.39;-6.23;0.47;-6.39;0.51;-6.39;0.54;-6.28;;;;
221;16.9;22.9;0.5;8;100;5;Successful;Effective;No;No;No;No;No;No;0.0;-5.0;0.25;-5.8;0.39;-6.23;0.47;-6.39;0.51;-6.39;0.54;-6.28;;;;
222;16.9;22.9;0.5;10;100;5;Successful;Effective;No;No;No;No;No;No;0.0;-5.0;0.25;-5.8;0.39;-6.23;0.47;-6.39;0.51;-6.39;0.54;-6.28;;;;
223;16.9;22.9;0.5;5;80;6;Successful;Effective;collision;19.94;vtypeauto.1;vtypeauto.0;484.75;edge_0_0_0;0.0;-6.0;0.2;-6.95;0.32;-7.46;0.38;-7.64;0.41;-7.63;0.43;-7.5;;;;
224;16.9;22.9;0.5;8;80;6;Successful;Effective;No;No;No;No;No;No;0.0;-6.0;0.2;-6.95;0.32;-7.46;0.38;-7.64;0.41;-7.63;0.43;-7.5;;;;
225;16.9;22.9;0.5;10;80;6;Successful;Effective;No;No;No;No;No;No;0.0;-6.0;0.2;-6.95;0.32;-7.46;0.38;-7.64;0.41;-7.63;0.43;-7.5;;;;
226;16.9;22.9;0.5;5;100;6;Successful;Effective;collision;20.05;vtypeauto.1;vtypeauto.0;599.71;edge_0_0_0;0.0;-6.0;0.25;-6.96;0.39;-7.46;0.47;-7.65;0.51;-7.65;0.54;-7.52;;;;
227;16.9;22.9;0.5;8;100;6;Successful;Effective;No;No;No;No;No;No;0.0;-6.0;0.25;-6.96;0.39;-7.46;0.47;-7.65;0.51;-7.65;0.54;-7.52;;;;
228;16.9;22.9;0.5;10;100;6;Successful;Effective;No;No;No;No;No;No;0.0;-6.0;0.25;-6.96;0.39;-7.46;0.47;-7.65;0.51;-7.65;0.54;-7.52;;;;
229;16.9;22.9;0.5;5;80;7;Successful;Effective;collision;19.51;vtypeauto.1;vtypeauto.0;478.82;edge_0_0_0;0.0;-7.0;0.2;-8.11;0.32;-8.69;0.38;-8.9;0.41;-8.89;0.43;-8.62;;;;
230;16.9;22.9;0.5;8;80;7;Successful;Effective;No;No;No;No;No;No;0.0;-7.0;0.2;-8.11;0.32;-8.69;0.38;-8.9;0.41;-8.89;0.43;-8.62;;;;
231;16.9;22.9;0.5;10;80;7;Successful;Effective;No;No;No;No;No;No;0.0;-7.0;0.2;-8.11;0.32;-8.69;0.38;-8.9;0.41;-8.89;0.43;-8.62;;;;
232;16.9;22.9;0.5;5;100;7;Successful;Effective;collision;19.59;vtypeauto.1;vtypeauto.0;591.06;edge_0_0_0;0.0;-7.0;0.25;-8.11;0.39;-8.7;0.47;-8.92;0.51;-8.91;0.54;-8.76;;;;
233;16.9;22.9;0.5;8;100;7;Successful;Effective;No;No;No;No;No;No;0.0;-7.0;0.25;-8.11;0.39;-8.7;0.47;-8.92;0.51;-8.91;0.54;-8.76;;;;
234;16.9;22.9;0.5;10;100;7;Successful;Effective;No;No;No;No;No;No;0.0;-7.0;0.25;-8.11;0.39;-8.7;0.47;-8.92;0.51;-8.91;0.54;-8.76;;;;
235;16.9;22.9;0.5;5;80;8;Successful;Effective;collision;19.23;vtypeauto.1;vtypeauto.0;474.66;edge_0_0_0;0.0;-7.99;0.2;-9.0;0.32;-9.0;0.38;-9.0;0.41;-9.0;0.43;-9.0;;;;
236;16.9;22.9;0.5;8;80;8;Successful;Effective;No;No;No;No;No;No;0.0;-7.99;0.2;-9.0;0.32;-9.0;0.38;-9.0;0.41;-9.0;0.43;-9.0;;;;
237;16.9;22.9;0.5;10;80;8;Successful;Effective;No;No;No;No;No;No;0.0;-7.99;0.2;-9.0;0.32;-9.0;0.38;-9.0;0.41;-9.0;0.43;-9.0;;;;
238;16.9;22.9;0.5;5;100;8;Successful;Effective;collision;19.29;vtypeauto.1;vtypeauto.0;585.08;edge_0_0_0;0.0;-8.0;0.25;-9.0;0.39;-9.0;0.47;-9.0;0.51;-9.0;0.54;-9.0;;;;
239;16.9;22.9;0.5;8;100;8;Successful;Effective;collision;20.52;vtypeauto.1;vtypeauto.0;610.37;edge_0_0_0;0.0;-8.0;0.25;-9.0;0.39;-9.0;0.47;-9.0;0.51;-9.0;0.54;-9.0;;;;
240;16.9;22.9;0.5;10;100;8;Successful;Effective;No;No;No;No;No;No;0.0;-8.0;0.25;-9.0;0.39;-9.0;0.47;-9.0;0.51;-9.0;0.54;-9.0;;;;
241;17.0;23.0;0.5;5;80;5;Successful;Effective;collision;20.82;vtypeauto.1;vtypeauto.0;494.69;edge_0_0_0;0.0;-5.0;0.2;-5.8;0.32;-6.22;0.38;-6.37;0.41;-6.37;0.43;-6.26;;;;
242;17.0;23.0;0.5;8;80;5;Successful;Effective;No;No;No;No;No;No;0.0;-5.0;0.2;-5.8;0.32;-6.22;0.38;-6.37;0.41;-6.37;0.43;-6.26;;;;
243;17.0;23.0;0.5;10;80;5;Successful;Effective;No;No;No;No;No;No;0.0;-5.0;0.2;-5.8;0.32;-6.22;0.38;-6.37;0.41;-6.37;0.43;-6.26;;;;
244;17.0;23.0;0.5;5;100;5;Successful;Effective;collision;21.04;vtypeauto.1;vtypeauto.0;615.46;edge_0_0_0;0.0;-5.0;0.25;-5.8;0.39;-6.23;0.47;-6.39;0.51;-6.39;0.54;-6.28;;;;
245;17.0;23.0;0.5;8;100;5;Successful;Effective;No;No;No;No;No;No;0.0;-5.0;0.25;-5.8;0.39;-6.23;0.47;-6.39;0.51;-6.39;0.54;-6.28;;;;
246;17.0;23.0;0.5;10;100;5;Successful;Effective;No;No;No;No;No;No;0.0;-5.0;0.25;-5.8;0.39;-6.23;0.47;-6.39;0.51;-6.39;0.54;-6.28;;;;
247;17.0;23.0;0.5;5;80;6;Successful;Effective;collision;19.94;vtypeauto.1;vtypeauto.0;484.75;edge_0_0_0;0.0;-6.0;0.2;-6.95;0.32;-7.46;0.38;-7.64;0.41;-7.63;0.43;-7.5;;;;
248;17.0;23.0;0.5;8;80;6;Successful;Effective;No;No;No;No;No;No;0.0;-6.0;0.2;-6.95;0.32;-7.46;0.38;-7.64;0.41;-7.63;0.43;-7.5;;;;
249;17.0;23.0;0.5;10;80;6;Successful;Effective;No;No;No;No;No;No;0.0;-6.0;0.2;-6.95;0.32;-7.46;0.38;-7.64;0.41;-7.63;0.43;-7.5;;;;
250;17.0;23.0;0.5;5;100;6;Successful;Effective;collision;20.05;vtypeauto.1;vtypeauto.0;599.71;edge_0_0_0;0.0;-6.0;0.25;-6.96;0.39;-7.46;0.47;-7.65;0.51;-7.65;0.54;-7.52;;;;
251;17.0;23.0;0.5;8;100;6;Successful;Effective;No;No;No;No;No;No;0.0;-6.0;0.25;-6.96;0.39;-7.46;0.47;-7.65;0.51;-7.65;0.54;-7.52;;;;
252;17.0;23.0;0.5;10;100;6;Successful;Effective;No;No;No;No;No;No;0.0;-6.0;0.25;-6.96;0.39;-7.46;0.47;-7.65;0.51;-7.65;0.54;-7.52;;;;
253;17.0;23.0;0.5;5;80;7;Successful;Effective;collision;19.51;vtypeauto.1;vtypeauto.0;478.82;edge_0_0_0;0.0;-7.0;0.2;-8.11;0.32;-8.69;0.38;-8.9;0.41;-8.89;0.43;-8.62;;;;
254;17.0;23.0;0.5;8;80;7;Successful;Effective;No;No;No;No;No;No;0.0;-7.0;0.2;-8.11;0.32;-8.69;0.38;-8.9;0.41;-8.89;0.43;-8.62;;;;
255;17.0;23.0;0.5;10;80;7;Successful;Effective;No;No;No;No;No;No;0.0;-7.0;0.2;-8.11;0.32;-8.69;0.38;-8.9;0.41;-8.89;0.43;-8.62;;;;
256;17.0;23.0;0.5;5;100;7;Successful;Effective;collision;19.59;vtypeauto.1;vtypeauto.0;591.06;edge_0_0_0;0.0;-7.0;0.25;-8.11;0.39;-8.7;0.47;-8.92;0.51;-8.91;0.54;-8.76;;;;
257;17.0;23.0;0.5;8;100;7;Successful;Effective;No;No;No;No;No;No;0.0;-7.0;0.25;-8.11;0.39;-8.7;0.47;-8.92;0.51;-8.91;0.54;-8.76;;;;
258;17.0;23.0;0.5;10;100;7;Successful;Effective;No;No;No;No;No;No;0.0;-7.0;0.25;-8.11;0.39;-8.7;0.47;-8.92;0.51;-8.91;0.54;-8.76;;;;
259;17.0;23.0;0.5;5;80;8;Successful;Effective;collision;19.23;vtypeauto.1;vtypeauto.0;474.66;edge_0_0_0;0.0;-7.99;0.2;-9.0;0.32;-9.0;0.38;-9.0;0.41;-9.0;0.43;-9.0;;;;
260;17.0;23.0;0.5;8;80;8;Successful;Effective;No;No;No;No;No;No;0.0;-7.99;0.2;-9.0;0.32;-9.0;0.38;-9.0;0.41;-9.0;0.43;-9.0;;;;
261;17.0;23.0;0.5;10;80;8;Successful;Effective;No;No;No;No;No;No;0.0;-7.99;0.2;-9.0;0.32;-9.0;0.38;-9.0;0.41;-9.0;0.43;-9.0;;;;
262;17.0;23.0;0.5;5;100;8;Successful;Effective;collision;19.29;vtypeauto.1;vtypeauto.0;585.08;edge_0_0_0;0.0;-8.0;0.25;-9.0;0.39;-9.0;0.47;-9.0;0.51;-9.0;0.54;-9.0;;;;
263;17.0;23.0;0.5;8;100;8;Successful;Effective;collision;20.52;vtypeauto.1;vtypeauto.0;610.37;edge_0_0_0;0.0;-8.0;0.25;-9.0;0.39;-9.0;0.47;-9.0;0.51;-9.0;0.54;-9.0;;;;
264;17.0;23.0;0.5;10;100;8;Successful;Effective;No;No;No;No;No;No;0.0;-8.0;0.25;-9.0;0.39;-9.0;0.47;-9.0;0.51;-9.0;0.54;-9.0;;;;
265;17.1;23.1;0.5;5;80;5;Successful;Effective;No;No;No;No;No;No;0.0;-5.0;0.2;-5.15;0.32;-5.55;0.38;-5.77;0.41;-5.84;0.43;-5.72;;;;
266;17.1;23.1;0.5;8;80;5;Successful;Effective;No;No;No;No;No;No;0.0;-5.0;0.2;-5.15;0.32;-5.55;0.38;-5.77;0.41;-5.84;0.43;-5.72;;;;
267;17.1;23.1;0.5;10;80;5;Successful;Effective;No;No;No;No;No;No;0.0;-5.0;0.2;-5.15;0.32;-5.55;0.38;-5.77;0.41;-5.84;0.43;-5.72;;;;
268;17.1;23.1;0.5;5;100;5;Successful;Effective;No;No;No;No;No;No;0.0;-5.0;0.25;-5.15;0.39;-5.56;0.47;-5.78;0.51;-5.86;0.54;-5.74;;;;
269;17.1;23.1;0.5;8;100;5;Successful;Effective;No;No;No;No;No;No;0.0;-5.0;0.25;-5.15;0.39;-5.56;0.47;-5.78;0.51;-5.86;0.54;-5.74;;;;
270;17.1;23.1;0.5;10;100;5;Successful;Effective;No;No;No;No;No;No;0.0;-5.0;0.25;-5.15;0.39;-5.56;0.47;-5.78;0.51;-5.86;0.54;-5.74;;;;
271;17.1;23.1;0.5;5;80;6;Successful;Effective;No;No;No;No;No;No;0.0;-6.0;0.2;-6.17;0.32;-6.65;0.38;-6.91;0.41;-7.0;0.43;-6.85;;;;
272;17.1;23.1;0.5;8;80;6;Successful;Effective;No;No;No;No;No;No;0.0;-6.0;0.2;-6.17;0.32;-6.65;0.38;-6.91;0.41;-7.0;0.43;-6.85;;;;
273;17.1;23.1;0.5;10;80;6;Successful;Effective;No;No;No;No;No;No;0.0;-6.0;0.2;-6.17;0.32;-6.65;0.38;-6.91;0.41;-7.0;0.43;-6.85;;;;
274;17.1;23.1;0.5;5;100;6;Successful;Effective;No;No;No;No;No;No;0.0;-6.0;0.25;-6.18;0.39;-6.66;0.47;-6.92;0.51;-7.01;0.54;-6.87;;;;
275;17.1;23.1;0.5;8;100;6;Successful;Effective;No;No;No;No;No;No;0.0;-6.0;0.25;-6.18;0.39;-6.66;0.47;-6.92;0.51;-7.01;0.54;-6.87;;;;
276;17.1;23.1;0.5;10;100;6;Successful;Effective;No;No;No;No;No;No;0.0;-6.0;0.25;-6.18;0.39;-6.66;0.47;-6.92;0.51;-7.01;0.54;-6.87;;;;
277;17.1;23.1;0.5;5;80;7;Successful;Effective;No;No;No;No;No;No;0.0;-7.0;0.2;-7.2;0.32;-7.76;0.38;-8.05;0.41;-8.15;0.43;-7.92;;;;
278;17.1;23.1;0.5;8;80;7;Successful;Effective;No;No;No;No;No;No;0.0;-7.0;0.2;-7.2;0.32;-7.76;0.38;-8.05;0.41;-8.15;0.43;-7.92;;;;
279;17.1;23.1;0.5;10;80;7;Successful;Effective;No;No;No;No;No;No;0.0;-7.0;0.2;-7.2;0.32;-7.76;0.38;-8.05;0.41;-8.15;0.43;-7.92;;;;
280;17.1;23.1;0.5;5;100;7;Successful;Effective;No;No;No;No;No;No;0.0;-7.0;0.25;-7.2;0.39;-7.77;0.47;-8.07;0.51;-8.17;0.54;-8.0;;;;
281;17.1;23.1;0.5;8;100;7;Successful;Effective;No;No;No;No;No;No;0.0;-7.0;0.25;-7.2;0.39;-7.77;0.47;-8.07;0.51;-8.17;0.54;-8.0;;;;
282;17.1;23.1;0.5;10;100;7;Successful;Effective;No;No;No;No;No;No;0.0;-7.0;0.25;-7.2;0.39;-7.77;0.47;-8.07;0.51;-8.17;0.54;-8.0;;;;
283;17.1;23.1;0.5;5;80;8;Successful;Effective;No;No;No;No;No;No;0.0;-7.99;0.2;-8.22;0.32;-8.86;0.38;-9.0;0.41;-9.0;0.43;-8.91;;;;
284;17.1;23.1;0.5;8;80;8;Successful;Effective;No;No;No;No;No;No;0.0;-7.99;0.2;-8.22;0.32;-8.86;0.38;-9.0;0.41;-9.0;0.43;-8.91;;;;
285;17.1;23.1;0.5;10;80;8;Successful;Effective;No;No;No;No;No;No;0.0;-7.99;0.2;-8.22;0.32;-8.86;0.38;-9.0;0.41;-9.0;0.43;-8.91;;;;
286;17.1;23.1;0.5;5;100;8;Successful;Effective;No;No;No;No;No;No;0.0;-8.0;0.25;-8.23;0.39;-8.87;0.47;-9.0;0.51;-9.0;0.54;-9.0;;;;
287;17.1;23.1;0.5;8;100;8;Successful;Effective;No;No;No;No;No;No;0.0;-8.0;0.25;-8.23;0.39;-8.87;0.47;-9.0;0.51;-9.0;0.54;-9.0;;;;
288;17.1;23.1;0.5;10;100;8;Successful;Effective;No;No;No;No;No;No;0.0;-8.0;0.25;-8.23;0.39;-8.87;0.47;-9.0;0.51;-9.0;0.54;-9.0;;;;
289;17.2;23.2;0.5;5;80;5;Successful;Effective;No;No;No;No;No;No;0.0;-5.0;0.2;-5.13;0.32;-5.23;0.38;-5.42;0.41;-5.52;0.43;-5.48;;;;
290;17.2;23.2;0.5;8;80;5;Successful;Effective;No;No;No;No;No;No;0.0;-5.0;0.2;-5.13;0.32;-5.23;0.38;-5.42;0.41;-5.52;0.43;-5.48;;;;
291;17.2;23.2;0.5;10;80;5;Successful;Effective;No;No;No;No;No;No;0.0;-5.0;0.2;-5.13;0.32;-5.23;0.38;-5.42;0.41;-5.52;0.43;-5.48;;;;
292;17.2;23.2;0.5;5;100;5;Successful;Effective;No;No;No;No;No;No;0.0;-5.0;0.25;-5.14;0.39;-5.24;0.47;-5.43;0.51;-5.54;0.54;-5.5;;;;
293;17.2;23.2;0.5;8;100;5;Successful;Effective;No;No;No;No;No;No;0.0;-5.0;0.25;-5.14;0.39;-5.24;0.47;-5.43;0.51;-5.54;0.54;-5.5;;;;
294;17.2;23.2;0.5;10;100;5;Successful;Effective;No;No;No;No;No;No;0.0;-5.0;0.25;-5.14;0.39;-5.24;0.47;-5.43;0.51;-5.54;0.54;-5.5;;;;
295;17.2;23.2;0.5;5;80;6;Successful;Effective;No;No;No;No;No;No;0.0;-6.0;0.2;-6.16;0.32;-6.27;0.38;-6.5;0.41;-6.61;0.43;-6.57;;;;
296;17.2;23.2;0.5;8;80;6;Successful;Effective;No;No;No;No;No;No;0.0;-6.0;0.2;-6.16;0.32;-6.27;0.38;-6.5;0.41;-6.61;0.43;-6.57;;;;
297;17.2;23.2;0.5;10;80;6;Successful;Effective;No;No;No;No;No;No;0.0;-6.0;0.2;-6.16;0.32;-6.27;0.38;-6.5;0.41;-6.61;0.43;-6.57;;;;
298;17.2;23.2;0.5;5;100;6;Successful;Effective;No;No;No;No;No;No;0.0;-6.0;0.25;-6.16;0.39;-6.28;0.47;-6.51;0.51;-6.63;0.54;-6.58;;;;
299;17.2;23.2;0.5;8;100;6;Successful;Effective;No;No;No;No;No;No;0.0;-6.0;0.25;-6.16;0.39;-6.28;0.47;-6.51;0.51;-6.63;0.54;-6.58;;;;
300;17.2;23.2;0.5;10;100;6;Successful;Effective;No;No;No;No;No;No;0.0;-6.0;0.25;-6.16;0.39;-6.28;0.47;-6.51;0.51;-6.63;0.54;-6.58;;;;
301;17.2;23.2;0.5;5;80;7;Successful;Effective;No;No;No;No;No;No;0.0;-7.0;0.2;-7.18;0.32;-7.31;0.38;-7.57;0.41;-7.71;0.43;-7.62;;;;
302;17.2;23.2;0.5;8;80;7;Successful;Effective;No;No;No;No;No;No;0.0;-7.0;0.2;-7.18;0.32;-7.31;0.38;-7.57;0.41;-7.71;0.43;-7.62;;;;
303;17.2;23.2;0.5;10;80;7;Successful;Effective;No;No;No;No;No;No;0.0;-7.0;0.2;-7.18;0.32;-7.31;0.38;-7.57;0.41;-7.71;0.43;-7.62;;;;
304;17.2;23.2;0.5;5;100;7;Successful;Effective;No;No;No;No;No;No;0.0;-7.0;0.25;-7.19;0.39;-7.32;0.47;-7.58;0.51;-7.72;0.54;-7.67;;;;
305;17.2;23.2;0.5;8;100;7;Successful;Effective;No;No;No;No;No;No;0.0;-7.0;0.25;-7.19;0.39;-7.32;0.47;-7.58;0.51;-7.72;0.54;-7.67;;;;
306;17.2;23.2;0.5;10;100;7;Successful;Effective;No;No;No;No;No;No;0.0;-7.0;0.25;-7.19;0.39;-7.32;0.47;-7.58;0.51;-7.72;0.54;-7.67;;;;
307;17.2;23.2;0.5;5;80;8;Successful;Effective;No;No;No;No;No;No;0.0;-7.99;0.2;-8.2;0.32;-8.35;0.38;-8.64;0.41;-8.78;0.43;-8.62;;;;
308;17.2;23.2;0.5;8;80;8;Successful;Effective;No;No;No;No;No;No;0.0;-7.99;0.2;-8.2;0.32;-8.35;0.38;-8.64;0.41;-8.78;0.43;-8.62;;;;
309;17.2;23.2;0.5;10;80;8;Successful;Effective;No;No;No;No;No;No;0.0;-7.99;0.2;-8.2;0.32;-8.35;0.38;-8.64;0.41;-8.78;0.43;-8.62;;;;
310;17.2;23.2;0.5;5;100;8;Successful;Effective;No;No;No;No;No;No;0.0;-8.0;0.25;-8.21;0.39;-8.36;0.47;-8.66;0.51;-8.81;0.54;-8.74;;;;
311;17.2;23.2;0.5;8;100;8;Successful;Effective;No;No;No;No;No;No;0.0;-8.0;0.25;-8.21;0.39;-8.36;0.47;-8.66;0.51;-8.81;0.54;-8.74;;;;
312;17.2;23.2;0.5;10;100;8;Successful;Effective;No;No;No;No;No;No;0.0;-8.0;0.25;-8.21;0.39;-8.36;0.47;-8.66;0.51;-8.81;0.54;-8.74;;;;
313;17.3;23.3;0.5;5;80;5;Successful;Effective;No;No;No;No;No;No;0.0;-5.0;0.2;-5.12;0.32;-5.21;0.38;-5.26;0.41;-5.35;0.43;-5.34;;;;
314;17.3;23.3;0.5;8;80;5;Successful;Effective;No;No;No;No;No;No;0.0;-5.0;0.2;-5.12;0.32;-5.21;0.38;-5.26;0.41;-5.35;0.43;-5.34;;;;
315;17.3;23.3;0.5;10;80;5;Successful;Effective;No;No;No;No;No;No;0.0;-5.0;0.2;-5.12;0.32;-5.21;0.38;-5.26;0.41;-5.35;0.43;-5.34;;;;
316;17.3;23.3;0.5;5;100;5;Successful;Effective;No;No;No;No;No;No;0.0;-5.0;0.25;-5.13;0.39;-5.22;0.47;-5.28;0.51;-5.36;0.54;-5.36;;;;
317;17.3;23.3;0.5;8;100;5;Successful;Effective;No;No;No;No;No;No;0.0;-5.0;0.25;-5.13;0.39;-5.22;0.47;-5.28;0.51;-5.36;0.54;-5.36;;;;
318;17.3;23.3;0.5;10;100;5;Successful;Effective;No;No;No;No;No;No;0.0;-5.0;0.25;-5.13;0.39;-5.22;0.47;-5.28;0.51;-5.36;0.54;-5.36;;;;
319;17.3;23.3;0.5;5;80;6;Successful;Effective;No;No;No;No;No;No;0.0;-6.0;0.2;-6.15;0.32;-6.25;0.38;-6.31;0.41;-6.4;0.43;-6.39;;;;
320;17.3;23.3;0.5;8;80;6;Successful;Effective;No;No;No;No;No;No;0.0;-6.0;0.2;-6.15;0.32;-6.25;0.38;-6.31;0.41;-6.4;0.43;-6.39;;;;
321;17.3;23.3;0.5;10;80;6;Successful;Effective;No;No;No;No;No;No;0.0;-6.0;0.2;-6.15;0.32;-6.25;0.38;-6.31;0.41;-6.4;0.43;-6.39;;;;
322;17.3;23.3;0.5;5;100;6;Successful;Effective;No;No;No;No;No;No;0.0;-6.0;0.25;-6.15;0.39;-6.26;0.47;-6.32;0.51;-6.42;0.54;-6.41;;;;
323;17.3;23.3;0.5;8;100;6;Successful;Effective;No;No;No;No;No;No;0.0;-6.0;0.25;-6.15;0.39;-6.26;0.47;-6.32;0.51;-6.42;0.54;-6.41;;;;
324;17.3;23.3;0.5;10;100;6;Successful;Effective;No;No;No;No;No;No;0.0;-6.0;0.25;-6.15;0.39;-6.26;0.47;-6.32;0.51;-6.42;0.54;-6.41;;;;
325;17.3;23.3;0.5;5;80;7;Successful;Effective;No;No;No;No;No;No;0.0;-7.0;0.2;-7.17;0.32;-7.28;0.38;-7.35;0.41;-7.45;0.43;-7.42;;;;
326;17.3;23.3;0.5;8;80;7;Successful;Effective;No;No;No;No;No;No;0.0;-7.0;0.2;-7.17;0.32;-7.28;0.38;-7.35;0.41;-7.45;0.43;-7.42;;;;
327;17.3;23.3;0.5;10;80;7;Successful;Effective;No;No;No;No;No;No;0.0;-7.0;0.2;-7.17;0.32;-7.28;0.38;-7.35;0.41;-7.45;0.43;-7.42;;;;
328;17.3;23.3;0.5;5;100;7;Successful;Effective;No;No;No;No;No;No;0.0;-7.0;0.25;-7.17;0.39;-7.29;0.47;-7.36;0.51;-7.47;0.54;-7.47;;;;
329;17.3;23.3;0.5;8;100;7;Successful;Effective;No;No;No;No;No;No;0.0;-7.0;0.25;-7.17;0.39;-7.29;0.47;-7.36;0.51;-7.47;0.54;-7.47;;;;
330;17.3;23.3;0.5;10;100;7;Successful;Effective;No;No;No;No;No;No;0.0;-7.0;0.25;-7.17;0.39;-7.29;0.47;-7.36;0.51;-7.47;0.54;-7.47;;;;
331;17.3;23.3;0.5;5;80;8;Successful;Effective;No;No;No;No;No;No;0.0;-7.99;0.2;-8.19;0.32;-8.32;0.38;-8.37;0.41;-8.48;0.43;-8.42;;;;
332;17.3;23.3;0.5;8;80;8;Successful;Effective;No;No;No;No;No;No;0.0;-7.99;0.2;-8.19;0.32;-8.32;0.38;-8.37;0.41;-8.48;0.43;-8.42;;;;
333;17.3;23.3;0.5;10;80;8;Successful;Effective;No;No;No;No;No;No;0.0;-7.99;0.2;-8.19;0.32;-8.32;0.38;-8.37;0.41;-8.48;0.43;-8.42;;;;
334;17.3;23.3;0.5;5;100;8;Successful;Effective;No;No;No;No;No;No;0.0;-8.0;0.25;-8.19;0.39;-8.33;0.47;-8.41;0.51;-8.53;0.54;-8.51;;;;
335;17.3;23.3;0.5;8;100;8;Successful;Effective;No;No;No;No;No;No;0.0;-8.0;0.25;-8.19;0.39;-8.33;0.47;-8.41;0.51;-8.53;0.54;-8.51;;;;
336;17.3;23.3;0.5;10;100;8;Successful;Effective;No;No;No;No;No;No;0.0;-8.0;0.25;-8.19;0.39;-8.33;0.47;-8.41;0.51;-8.53;0.54;-8.51;;;;
337;17.4;23.4;0.5;5;80;5;Successful;Effective;No;No;No;No;No;No;0.0;-5.0;0.2;-5.11;0.32;-5.2;0.38;-5.25;0.41;-5.27;0.43;-5.25;;;;
338;17.4;23.4;0.5;8;80;5;Successful;Effective;No;No;No;No;No;No;0.0;-5.0;0.2;-5.11;0.32;-5.2;0.38;-5.25;0.41;-5.27;0.43;-5.25;;;;
339;17.4;23.4;0.5;10;80;5;Successful;Effective;No;No;No;No;No;No;0.0;-5.0;0.2;-5.11;0.32;-5.2;0.38;-5.25;0.41;-5.27;0.43;-5.25;;;;
340;17.4;23.4;0.5;5;100;5;Successful;Effective;No;No;No;No;No;No;0.0;-5.0;0.25;-5.12;0.39;-5.21;0.47;-5.26;0.51;-5.28;0.54;-5.27;;;;
341;17.4;23.4;0.5;8;100;5;Successful;Effective;No;No;No;No;No;No;0.0;-5.0;0.25;-5.12;0.39;-5.21;0.47;-5.26;0.51;-5.28;0.54;-5.27;;;;
342;17.4;23.4;0.5;10;100;5;Successful;Effective;No;No;No;No;No;No;0.0;-5.0;0.25;-5.12;0.39;-5.21;0.47;-5.26;0.51;-5.28;0.54;-5.27;;;;
343;17.4;23.4;0.5;5;80;6;Successful;Effective;No;No;No;No;No;No;0.0;-6.0;0.2;-6.13;0.32;-6.23;0.38;-6.28;0.41;-6.31;0.43;-6.28;;;;
344;17.4;23.4;0.5;8;80;6;Successful;Effective;No;No;No;No;No;No;0.0;-6.0;0.2;-6.13;0.32;-6.23;0.38;-6.28;0.41;-6.31;0.43;-6.28;;;;
345;17.4;23.4;0.5;10;80;6;Successful;Effective;No;No;No;No;No;No;0.0;-6.0;0.2;-6.13;0.32;-6.23;0.38;-6.28;0.41;-6.31;0.43;-6.28;;;;
346;17.4;23.4;0.5;5;100;6;Successful;Effective;No;No;No;No;No;No;0.0;-6.0;0.25;-6.14;0.39;-6.24;0.47;-6.3;0.51;-6.32;0.54;-6.31;;;;
347;17.4;23.4;0.5;8;100;6;Successful;Effective;No;No;No;No;No;No;0.0;-6.0;0.25;-6.14;0.39;-6.24;0.47;-6.3;0.51;-6.32;0.54;-6.31;;;;
348;17.4;23.4;0.5;10;100;6;Successful;Effective;No;No;No;No;No;No;0.0;-6.0;0.25;-6.14;0.39;-6.24;0.47;-6.3;0.51;-6.32;0.54;-6.31;;;;
349;17.4;23.4;0.5;5;80;7;Successful;Effective;No;No;No;No;No;No;0.0;-7.0;0.2;-7.15;0.32;-7.26;0.38;-7.32;0.41;-7.33;0.43;-7.29;;;;
350;17.4;23.4;0.5;8;80;7;Successful;Effective;No;No;No;No;No;No;0.0;-7.0;0.2;-7.15;0.32;-7.26;0.38;-7.32;0.41;-7.33;0.43;-7.29;;;;
351;17.4;23.4;0.5;10;80;7;Successful;Effective;No;No;No;No;No;No;0.0;-7.0;0.2;-7.15;0.32;-7.26;0.38;-7.32;0.41;-7.33;0.43;-7.29;;;;
352;17.4;23.4;0.5;5;100;7;Successful;Effective;No;No;No;No;No;No;0.0;-7.0;0.25;-7.16;0.39;-7.27;0.47;-7.34;0.51;-7.36;0.54;-7.34;;;;
353;17.4;23.4;0.5;8;100;7;Successful;Effective;No;No;No;No;No;No;0.0;-7.0;0.25;-7.16;0.39;-7.27;0.47;-7.34;0.51;-7.36;0.54;-7.34;;;;
354;17.4;23.4;0.5;10;100;7;Successful;Effective;No;No;No;No;No;No;0.0;-7.0;0.25;-7.16;0.39;-7.27;0.47;-7.34;0.51;-7.36;0.54;-7.34;;;;
355;17.4;23.4;0.5;5;80;8;Successful;Effective;No;No;No;No;No;No;0.0;-7.99;0.2;-8.17;0.32;-8.29;0.38;-8.34;0.41;-8.33;0.43;-8.27;;;;
356;17.4;23.4;0.5;8;80;8;Successful;Effective;No;No;No;No;No;No;0.0;-7.99;0.2;-8.17;0.32;-8.29;0.38;-8.34;0.41;-8.33;0.43;-8.27;;;;
357;17.4;23.4;0.5;10;80;8;Successful;Effective;No;No;No;No;No;No;0.0;-7.99;0.2;-8.17;0.32;-8.29;0.38;-8.34;0.41;-8.33;0.43;-8.27;;;;
358;17.4;23.4;0.5;5;100;8;Successful;Effective;No;No;No;No;No;No;0.0;-8.0;0.25;-8.18;0.39;-8.3;0.47;-8.37;0.51;-8.4;0.54;-8.36;;;;
359;17.4;23.4;0.5;8;100;8;Successful;Effective;No;No;No;No;No;No;0.0;-8.0;0.25;-8.18;0.39;-8.3;0.47;-8.37;0.51;-8.4;0.54;-8.36;;;;
360;17.4;23.4;0.5;10;100;8;Successful;Effective;No;No;No;No;No;No;0.0;-8.0;0.25;-8.18;0.39;-8.3;0.47;-8.37;0.51;-8.4;0.54;-8.36;;;;
361;17.5;23.5;0.5;5;80;5;Successful;Effective;No;No;No;No;No;No;0.0;-5.0;0.2;-5.11;0.32;-5.18;0.38;-5.23;0.41;-5.25;0.43;-5.24;;;;
362;17.5;23.5;0.5;8;80;5;Successful;Effective;No;No;No;No;No;No;0.0;-5.0;0.2;-5.11;0.32;-5.18;0.38;-5.23;0.41;-5.25;0.43;-5.24;;;;
363;17.5;23.5;0.5;10;80;5;Successful;Effective;No;No;No;No;No;No;0.0;-5.0;0.2;-5.11;0.32;-5.18;0.38;-5.23;0.41;-5.25;0.43;-5.24;;;;
364;17.5;23.5;0.5;5;100;5;Successful;Effective;No;No;No;No;No;No;0.0;-5.0;0.25;-5.11;0.39;-5.19;0.47;-5.24;0.51;-5.27;0.54;-5.26;;;;
365;17.5;23.5;0.5;8;100;5;Successful;Effective;No;No;No;No;No;No;0.0;-5.0;0.25;-5.11;0.39;-5.19;0.47;-5.24;0.51;-5.27;0.54;-5.26;;;;
366;17.5;23.5;0.5;10;100;5;Successful;Effective;No;No;No;No;No;No;0.0;-5.0;0.25;-5.11;0.39;-5.19;0.47;-5.24;0.51;-5.27;0.54;-5.26;;;;
367;17.5;23.5;0.5;5;80;6;Successful;Effective;No;No;No;No;No;No;0.0;-6.0;0.2;-6.13;0.32;-6.21;0.38;-6.27;0.41;-6.29;0.43;-6.27;;;;
368;17.5;23.5;0.5;8;80;6;Successful;Effective;No;No;No;No;No;No;0.0;-6.0;0.2;-6.13;0.32;-6.21;0.38;-6.27;0.41;-6.29;0.43;-6.27;;;;
369;17.5;23.5;0.5;10;80;6;Successful;Effective;No;No;No;No;No;No;0.0;-6.0;0.2;-6.13;0.32;-6.21;0.38;-6.27;0.41;-6.29;0.43;-6.27;;;;
370;17.5;23.5;0.5;5;100;6;Successful;Effective;No;No;No;No;No;No;0.0;-6.0;0.25;-6.13;0.39;-6.22;0.47;-6.28;0.51;-6.3;0.54;-6.29;;;;
371;17.5;23.5;0.5;8;100;6;Successful;Effective;No;No;No;No;No;No;0.0;-6.0;0.25;-6.13;0.39;-6.22;0.47;-6.28;0.51;-6.3;0.54;-6.29;;;;
372;17.5;23.5;0.5;10;100;6;Successful;Effective;No;No;No;No;No;No;0.0;-6.0;0.25;-6.13;0.39;-6.22;0.47;-6.28;0.51;-6.3;0.54;-6.29;;;;
373;17.5;23.5;0.5;5;80;7;Successful;Effective;No;No;No;No;No;No;0.0;-7.0;0.2;-7.14;0.32;-7.24;0.38;-7.3;0.41;-7.31;0.43;-7.27;;;;
374;17.5;23.5;0.5;8;80;7;Successful;Effective;No;No;No;No;No;No;0.0;-7.0;0.2;-7.14;0.32;-7.24;0.38;-7.3;0.41;-7.31;0.43;-7.27;;;;
375;17.5;23.5;0.5;10;80;7;Successful;Effective;No;No;No;No;No;No;0.0;-7.0;0.2;-7.14;0.32;-7.24;0.38;-7.3;0.41;-7.31;0.43;-7.27;;;;
376;17.5;23.5;0.5;5;100;7;Successful;Effective;No;No;No;No;No;No;0.0;-7.0;0.25;-7.15;0.39;-7.25;0.47;-7.31;0.51;-7.34;0.54;-7.32;;;;
377;17.5;23.5;0.5;8;100;7;Successful;Effective;No;No;No;No;No;No;0.0;-7.0;0.25;-7.15;0.39;-7.25;0.47;-7.31;0.51;-7.34;0.54;-7.32;;;;
378;17.5;23.5;0.5;10;100;7;Successful;Effective;No;No;No;No;No;No;0.0;-7.0;0.25;-7.15;0.39;-7.25;0.47;-7.31;0.51;-7.34;0.54;-7.32;;;;
379;17.5;23.5;0.5;5;80;8;Successful;Effective;No;No;No;No;No;No;0.0;-7.99;0.2;-8.16;0.32;-8.27;0.38;-8.31;0.41;-8.31;0.43;-8.26;;;;
380;17.5;23.5;0.5;8;80;8;Successful;Effective;No;No;No;No;No;No;0.0;-7.99;0.2;-8.16;0.32;-8.27;0.38;-8.31;0.41;-8.31;0.43;-8.26;;;;
381;17.5;23.5;0.5;10;80;8;Successful;Effective;No;No;No;No;No;No;0.0;-7.99;0.2;-8.16;0.32;-8.27;0.38;-8.31;0.41;-8.31;0.43;-8.26;;;;
382;17.5;23.5;0.5;5;100;8;Successful;Effective;No;No;No;No;No;No;0.0;-8.0;0.25;-8.17;0.39;-8.28;0.47;-8.35;0.51;-8.37;0.54;-8.34;;;;
383;17.5;23.5;0.5;8;100;8;Successful;Effective;No;No;No;No;No;No;0.0;-8.0;0.25;-8.17;0.39;-8.28;0.47;-8.35;0.51;-8.37;0.54;-8.34;;;;
384;17.5;23.5;0.5;10;100;8;Successful;Effective;No;No;No;No;No;No;0.0;-8.0;0.25;-8.17;0.39;-8.28;0.47;-8.35;0.51;-8.37;0.54;-8.34;;;;
385;17.6;23.6;0.5;5;80;5;Successful;Effective;No;No;No;No;No;No;0.0;-5.0;0.2;-5.1;0.32;-5.17;0.38;-5.22;0.41;-5.24;0.43;-5.23;;;;
386;17.6;23.6;0.5;8;80;5;Successful;Effective;No;No;No;No;No;No;0.0;-5.0;0.2;-5.1;0.32;-5.17;0.38;-5.22;0.41;-5.24;0.43;-5.23;;;;
387;17.6;23.6;0.5;10;80;5;Successful;Effective;No;No;No;No;No;No;0.0;-5.0;0.2;-5.1;0.32;-5.17;0.38;-5.22;0.41;-5.24;0.43;-5.23;;;;
388;17.6;23.6;0.5;5;100;5;Successful;Effective;No;No;No;No;No;No;0.0;-5.0;0.25;-5.11;0.39;-5.18;0.47;-5.23;0.51;-5.25;0.54;-5.24;;;;
389;17.6;23.6;0.5;8;100;5;Successful;Effective;No;No;No;No;No;No;0.0;-5.0;0.25;-5.11;0.39;-5.18;0.47;-5.23;0.51;-5.25;0.54;-5.24;;;;
390;17.6;23.6;0.5;10;100;5;Successful;Effective;No;No;No;No;No;No;0.0;-5.0;0.25;-5.11;0.39;-5.18;0.47;-5.23;0.51;-5.25;0.54;-5.24;;;;
391;17.6;23.6;0.5;5;80;6;Successful;Effective;No;No;No;No;No;No;0.0;-6.0;0.2;-6.12;0.32;-6.2;0.38;-6.25;0.41;-6.27;0.43;-6.25;;;;
392;17.6;23.6;0.5;8;80;6;Successful;Effective;No;No;No;No;No;No;0.0;-6.0;0.2;-6.12;0.32;-6.2;0.38;-6.25;0.41;-6.27;0.43;-6.25;;;;
393;17.6;23.6;0.5;10;80;6;Successful;Effective;No;No;No;No;No;No;0.0;-6.0;0.2;-6.12;0.32;-6.2;0.38;-6.25;0.41;-6.27;0.43;-6.25;;;;
394;17.6;23.6;0.5;5;100;6;Successful;Effective;No;No;No;No;No;No;0.0;-6.0;0.25;-6.12;0.39;-6.21;0.47;-6.26;0.51;-6.29;0.54;-6.27;;;;
395;17.6;23.6;0.5;8;100;6;Successful;Effective;No;No;No;No;No;No;0.0;-6.0;0.25;-6.12;0.39;-6.21;0.47;-6.26;0.51;-6.29;0.54;-6.27;;;;
396;17.6;23.6;0.5;10;100;6;Successful;Effective;No;No;No;No;No;No;0.0;-6.0;0.25;-6.12;0.39;-6.21;0.47;-6.26;0.51;-6.29;0.54;-6.27;;;;
397;17.6;23.6;0.5;5;80;7;Successful;Effective;No;No;No;No;No;No;0.0;-7.0;0.2;-7.14;0.32;-7.23;0.38;-7.28;0.41;-7.29;0.43;-7.26;;;;
398;17.6;23.6;0.5;8;80;7;Successful;Effective;No;No;No;No;No;No;0.0;-7.0;0.2;-7.14;0.32;-7.23;0.38;-7.28;0.41;-7.29;0.43;-7.26;;;;
399;17.6;23.6;0.5;10;80;7;Successful;Effective;No;No;No;No;No;No;0.0;-7.0;0.2;-7.14;0.32;-7.23;0.38;-7.28;0.41;-7.29;0.43;-7.26;;;;
400;17.6;23.6;0.5;5;100;7;Successful;Effective;No;No;No;No;No;No;0.0;-7.0;0.25;-7.14;0.39;-7.24;0.47;-7.3;0.51;-7.32;0.54;-7.3;;;;
401;17.6;23.6;0.5;8;100;7;Successful;Effective;No;No;No;No;No;No;0.0;-7.0;0.25;-7.14;0.39;-7.24;0.47;-7.3;0.51;-7.32;0.54;-7.3;;;;
402;17.6;23.6;0.5;10;100;7;Successful;Effective;No;No;No;No;No;No;0.0;-7.0;0.25;-7.14;0.39;-7.24;0.47;-7.3;0.51;-7.32;0.54;-7.3;;;;
403;17.6;23.6;0.5;5;80;8;Successful;Effective;No;No;No;No;No;No;0.0;-7.99;0.2;-8.15;0.32;-8.25;0.38;-8.3;0.41;-8.29;0.43;-8.25;;;;
404;17.6;23.6;0.5;8;80;8;Successful;Effective;No;No;No;No;No;No;0.0;-7.99;0.2;-8.15;0.32;-8.25;0.38;-8.3;0.41;-8.29;0.43;-8.25;;;;
405;17.6;23.6;0.5;10;80;8;Successful;Effective;No;No;No;No;No;No;0.0;-7.99;0.2;-8.15;0.32;-8.25;0.38;-8.3;0.41;-8.29;0.43;-8.25;;;;
406;17.6;23.6;0.5;5;100;8;Successful;Effective;No;No;No;No;No;No;0.0;-8.0;0.25;-8.16;0.39;-8.27;0.47;-8.33;0.51;-8.35;0.54;-8.32;;;;
407;17.6;23.6;0.5;8;100;8;Successful;Effective;No;No;No;No;No;No;0.0;-8.0;0.25;-8.16;0.39;-8.27;0.47;-8.33;0.51;-8.35;0.54;-8.32;;;;
408;17.6;23.6;0.5;10;100;8;Successful;Effective;No;No;No;No;No;No;0.0;-8.0;0.25;-8.16;0.39;-8.27;0.47;-8.33;0.51;-8.35;0.54;-8.32;;;;
409;17.7;23.7;0.5;5;80;5;Successful;Effective;No;No;No;No;No;No;0.0;-5.0;0.2;-5.1;0.32;-5.17;0.38;-5.21;0.41;-5.22;0.43;-5.21;;;;
410;17.7;23.7;0.5;8;80;5;Successful;Effective;No;No;No;No;No;No;0.0;-5.0;0.2;-5.1;0.32;-5.17;0.38;-5.21;0.41;-5.22;0.43;-5.21;;;;
411;17.7;23.7;0.5;10;80;5;Successful;Effective;No;No;No;No;No;No;0.0;-5.0;0.2;-5.1;0.32;-5.17;0.38;-5.21;0.41;-5.22;0.43;-5.21;;;;
412;17.7;23.7;0.5;5;100;5;Successful;Effective;No;No;No;No;No;No;0.0;-5.0;0.25;-5.1;0.39;-5.17;0.47;-5.22;0.51;-5.24;0.54;-5.23;;;;
413;17.7;23.7;0.5;8;100;5;Successful;Effective;No;No;No;No;No;No;0.0;-5.0;0.25;-5.1;0.39;-5.17;0.47;-5.22;0.51;-5.24;0.54;-5.23;;;;
414;17.7;23.7;0.5;10;100;5;Successful;Effective;No;No;No;No;No;No;0.0;-5.0;0.25;-5.1;0.39;-5.17;0.47;-5.22;0.51;-5.24;0.54;-5.23;;;;
415;17.7;23.7;0.5;5;80;6;Successful;Effective;No;No;No;No;No;No;0.0;-6.0;0.2;-6.11;0.32;-6.19;0.38;-6.24;0.41;-6.26;0.43;-6.24;;;;
416;17.7;23.7;0.5;8;80;6;Successful;Effective;No;No;No;No;No;No;0.0;-6.0;0.2;-6.11;0.32;-6.19;0.38;-6.24;0.41;-6.26;0.43;-6.24;;;;
417;17.7;23.7;0.5;10;80;6;Successful;Effective;No;No;No;No;No;No;0.0;-6.0;0.2;-6.11;0.32;-6.19;0.38;-6.24;0.41;-6.26;0.43;-6.24;;;;
418;17.7;23.7;0.5;5;100;6;Successful;Effective;No;No;No;No;No;No;0.0;-6.0;0.25;-6.12;0.39;-6.2;0.47;-6.25;0.51;-6.27;0.54;-6.26;;;;
419;17.7;23.7;0.5;8;100;6;Successful;Effective;No;No;No;No;No;No;0.0;-6.0;0.25;-6.12;0.39;-6.2;0.47;-6.25;0.51;-6.27;0.54;-6.26;;;;
420;17.7;23.7;0.5;10;100;6;Successful;Effective;No;No;No;No;No;No;0.0;-6.0;0.25;-6.12;0.39;-6.2;0.47;-6.25;0.51;-6.27;0.54;-6.26;;;;
421;17.7;23.7;0.5;5;80;7;Successful;Effective;No;No;No;No;No;No;0.0;-7.0;0.2;-7.13;0.32;-7.22;0.38;-7.27;0.41;-7.28;0.43;-7.25;;;;
422;17.7;23.7;0.5;8;80;7;Successful;Effective;No;No;No;No;No;No;0.0;-7.0;0.2;-7.13;0.32;-7.22;0.38;-7.27;0.41;-7.28;0.43;-7.25;;;;
423;17.7;23.7;0.5;10;80;7;Successful;Effective;No;No;No;No;No;No;0.0;-7.0;0.2;-7.13;0.32;-7.22;0.38;-7.27;0.41;-7.28;0.43;-7.25;;;;
424;17.7;23.7;0.5;5;100;7;Successful;Effective;No;No;No;No;No;No;0.0;-7.0;0.25;-7.13;0.39;-7.23;0.47;-7.28;0.51;-7.3;0.54;-7.29;;;;
425;17.7;23.7;0.5;8;100;7;Successful;Effective;No;No;No;No;No;No;0.0;-7.0;0.25;-7.13;0.39;-7.23;0.47;-7.28;0.51;-7.3;0.54;-7.29;;;;
426;17.7;23.7;0.5;10;100;7;Successful;Effective;No;No;No;No;No;No;0.0;-7.0;0.25;-7.13;0.39;-7.23;0.47;-7.28;0.51;-7.3;0.54;-7.29;;;;
427;17.7;23.7;0.5;5;80;8;Successful;Effective;No;No;No;No;No;No;0.0;-7.99;0.2;-8.15;0.32;-8.24;0.38;-8.28;0.41;-8.28;0.43;-8.25;;;;
428;17.7;23.7;0.5;8;80;8;Successful;Effective;No;No;No;No;No;No;0.0;-7.99;0.2;-8.15;0.32;-8.24;0.38;-8.28;0.41;-8.28;0.43;-8.25;;;;
429;17.7;23.7;0.5;10;80;8;Successful;Effective;No;No;No;No;No;No;0.0;-7.99;0.2;-8.15;0.32;-8.24;0.38;-8.28;0.41;-8.28;0.43;-8.25;;;;
430;17.7;23.7;0.5;5;100;8;Successful;Effective;No;No;No;No;No;No;0.0;-8.0;0.25;-8.15;0.39;-8.25;0.47;-8.31;0.51;-8.34;0.54;-8.31;;;;
431;17.7;23.7;0.5;8;100;8;Successful;Effective;No;No;No;No;No;No;0.0;-8.0;0.25;-8.15;0.39;-8.25;0.47;-8.31;0.51;-8.34;0.54;-8.31;;;;
432;17.7;23.7;0.5;10;100;8;Successful;Effective;No;No;No;No;No;No;0.0;-8.0;0.25;-8.15;0.39;-8.25;0.47;-8.31;0.51;-8.34;0.54;-8.31;;;;
433;17.8;23.8;0.5;5;80;5;Successful;Effective;No;No;No;No;No;No;0.0;-5.0;0.2;-5.09;0.32;-5.16;0.38;-5.2;0.41;-5.22;0.43;-5.21;;;;
434;17.8;23.8;0.5;8;80;5;Successful;Effective;No;No;No;No;No;No;0.0;-5.0;0.2;-5.09;0.32;-5.16;0.38;-5.2;0.41;-5.22;0.43;-5.21;;;;
435;17.8;23.8;0.5;10;80;5;Successful;Effective;No;No;No;No;No;No;0.0;-5.0;0.2;-5.09;0.32;-5.16;0.38;-5.2;0.41;-5.22;0.43;-5.21;;;;
436;17.8;23.8;0.5;5;100;5;Successful;Effective;No;No;No;No;No;No;0.0;-5.0;0.25;-5.1;0.39;-5.17;0.47;-5.21;0.51;-5.23;0.54;-5.23;;;;
437;17.8;23.8;0.5;8;100;5;Successful;Effective;No;No;No;No;No;No;0.0;-5.0;0.25;-5.1;0.39;-5.17;0.47;-5.21;0.51;-5.23;0.54;-5.23;;;;
438;17.8;23.8;0.5;10;100;5;Successful;Effective;No;No;No;No;No;No;0.0;-5.0;0.25;-5.1;0.39;-5.17;0.47;-5.21;0.51;-5.23;0.54;-5.23;;;;
439;17.8;23.8;0.5;5;80;6;Successful;Effective;No;No;No;No;No;No;0.0;-6.0;0.2;-6.11;0.32;-6.18;0.38;-6.23;0.41;-6.25;0.43;-6.23;;;;
440;17.8;23.8;0.5;8;80;6;Successful;Effective;No;No;No;No;No;No;0.0;-6.0;0.2;-6.11;0.32;-6.18;0.38;-6.23;0.41;-6.25;0.43;-6.23;;;;
441;17.8;23.8;0.5;10;80;6;Successful;Effective;No;No;No;No;No;No;0.0;-6.0;0.2;-6.11;0.32;-6.18;0.38;-6.23;0.41;-6.25;0.43;-6.23;;;;
442;17.8;23.8;0.5;5;100;6;Successful;Effective;No;No;No;No;No;No;0.0;-6.0;0.25;-6.11;0.39;-6.19;0.47;-6.24;0.51;-6.26;0.54;-6.25;;;;
443;17.8;23.8;0.5;8;100;6;Successful;Effective;No;No;No;No;No;No;0.0;-6.0;0.25;-6.11;0.39;-6.19;0.47;-6.24;0.51;-6.26;0.54;-6.25;;;;
444;17.8;23.8;0.5;10;100;6;Successful;Effective;No;No;No;No;No;No;0.0;-6.0;0.25;-6.11;0.39;-6.19;0.47;-6.24;0.51;-6.26;0.54;-6.25;;;;
445;17.8;23.8;0.5;5;80;7;Successful;Effective;No;No;No;No;No;No;0.0;-7.0;0.2;-7.12;0.32;-7.21;0.38;-7.26;0.41;-7.27;0.43;-7.24;;;;
446;17.8;23.8;0.5;8;80;7;Successful;Effective;No;No;No;No;No;No;0.0;-7.0;0.2;-7.12;0.32;-7.21;0.38;-7.26;0.41;-7.27;0.43;-7.24;;;;
447;17.8;23.8;0.5;10;80;7;Successful;Effective;No;No;No;No;No;No;0.0;-7.0;0.2;-7.12;0.32;-7.21;0.38;-7.26;0.41;-7.27;0.43;-7.24;;;;
448;17.8;23.8;0.5;5;100;7;Successful;Effective;No;No;No;No;No;No;0.0;-7.0;0.25;-7.13;0.39;-7.22;0.47;-7.27;0.51;-7.29;0.54;-7.28;;;;
449;17.8;23.8;0.5;8;100;7;Successful;Effective;No;No;No;No;No;No;0.0;-7.0;0.25;-7.13;0.39;-7.22;0.47;-7.27;0.51;-7.29;0.54;-7.28;;;;
450;17.8;23.8;0.5;10;100;7;Successful;Effective;No;No;No;No;No;No;0.0;-7.0;0.25;-7.13;0.39;-7.22;0.47;-7.27;0.51;-7.29;0.54;-7.28;;;;
451;17.8;23.8;0.5;5;80;8;Successful;Effective;No;No;No;No;No;No;0.0;-7.99;0.2;-8.14;0.32;-8.23;0.38;-8.27;0.41;-8.28;0.43;-8.24;;;;
452;17.8;23.8;0.5;8;80;8;Successful;Effective;No;No;No;No;No;No;0.0;-7.99;0.2;-8.14;0.32;-8.23;0.38;-8.27;0.41;-8.28;0.43;-8.24;;;;
453;17.8;23.8;0.5;10;80;8;Successful;Effective;No;No;No;No;No;No;0.0;-7.99;0.2;-8.14;0.32;-8.23;0.38;-8.27;0.41;-8.28;0.43;-8.24;;;;
454;17.8;23.8;0.5;5;100;8;Successful;Effective;No;No;No;No;No;No;0.0;-8.0;0.25;-8.14;0.39;-8.24;0.47;-8.3;0.51;-8.32;0.54;-8.3;;;;
455;17.8;23.8;0.5;8;100;8;Successful;Effective;No;No;No;No;No;No;0.0;-8.0;0.25;-8.14;0.39;-8.24;0.47;-8.3;0.51;-8.32;0.54;-8.3;;;;
456;17.8;23.8;0.5;10;100;8;Successful;Effective;No;No;No;No;No;No;0.0;-8.0;0.25;-8.14;0.39;-8.24;0.47;-8.3;0.51;-8.32;0.54;-8.3;;;;
457;17.9;23.9;0.5;5;80;5;Successful;Effective;No;No;No;No;No;No;0.0;-5.0;0.2;-5.09;0.32;-5.15;0.38;-5.19;0.41;-5.21;0.43;-5.2;;;;
458;17.9;23.9;0.5;8;80;5;Successful;Effective;No;No;No;No;No;No;0.0;-5.0;0.2;-5.09;0.32;-5.15;0.38;-5.19;0.41;-5.21;0.43;-5.2;;;;
459;17.9;23.9;0.5;10;80;5;Successful;Effective;No;No;No;No;No;No;0.0;-5.0;0.2;-5.09;0.32;-5.15;0.38;-5.19;0.41;-5.21;0.43;-5.2;;;;
460;17.9;23.9;0.5;5;100;5;Successful;Effective;No;No;No;No;No;No;0.0;-5.0;0.25;-5.09;0.39;-5.16;0.47;-5.2;0.51;-5.23;0.54;-5.22;;;;
461;17.9;23.9;0.5;8;100;5;Successful;Effective;No;No;No;No;No;No;0.0;-5.0;0.25;-5.09;0.39;-5.16;0.47;-5.2;0.51;-5.23;0.54;-5.22;;;;
462;17.9;23.9;0.5;10;100;5;Successful;Effective;No;No;No;No;No;No;0.0;-5.0;0.25;-5.09;0.39;-5.16;0.47;-5.2;0.51;-5.23;0.54;-5.22;;;;
463;17.9;23.9;0.5;5;80;6;Successful;Effective;No;No;No;No;No;No;0.0;-6.0;0.2;-6.1;0.32;-6.18;0.38;-6.22;0.41;-6.24;0.43;-6.22;;;;
464;17.9;23.9;0.5;8;80;6;Successful;Effective;No;No;No;No;No;No;0.0;-6.0;0.2;-6.1;0.32;-6.18;0.38;-6.22;0.41;-6.24;0.43;-6.22;;;;
465;17.9;23.9;0.5;10;80;6;Successful;Effective;No;No;No;No;No;No;0.0;-6.0;0.2;-6.1;0.32;-6.18;0.38;-6.22;0.41;-6.24;0.43;-6.22;;;;
466;17.9;23.9;0.5;5;100;6;Successful;Effective;No;No;No;No;No;No;0.0;-6.0;0.25;-6.11;0.39;-6.19;0.47;-6.23;0.51;-6.25;0.54;-6.24;;;;
467;17.9;23.9;0.5;8;100;6;Successful;Effective;No;No;No;No;No;No;0.0;-6.0;0.25;-6.11;0.39;-6.19;0.47;-6.23;0.51;-6.25;0.54;-6.24;;;;
468;17.9;23.9;0.5;10;100;6;Successful;Effective;No;No;No;No;No;No;0.0;-6.0;0.25;-6.11;0.39;-6.19;0.47;-6.23;0.51;-6.25;0.54;-6.24;;;;
469;17.9;23.9;0.5;5;80;7;Successful;Effective;No;No;No;No;No;No;0.0;-7.0;0.2;-7.12;0.32;-7.2;0.38;-7.25;0.41;-7.26;0.43;-7.24;;;;
470;17.9;23.9;0.5;8;80;7;Successful;Effective;No;No;No;No;No;No;0.0;-7.0;0.2;-7.12;0.32;-7.2;0.38;-7.25;0.41;-7.26;0.43;-7.24;;;;
471;17.9;23.9;0.5;10;80;7;Successful;Effective;No;No;No;No;No;No;0.0;-7.0;0.2;-7.12;0.32;-7.2;0.38;-7.25;0.41;-7.26;0.43;-7.24;;;;
472;17.9;23.9;0.5;5;100;7;Successful;Effective;No;No;No;No;No;No;0.0;-7.0;0.25;-7.12;0.39;-7.21;0.47;-7.26;0.51;-7.28;0.54;-7.27;;;;
473;17.9;23.9;0.5;8;100;7;Successful;Effective;No;No;No;No;No;No;0.0;-7.0;0.25;-7.12;0.39;-7.21;0.47;-7.26;0.51;-7.28;0.54;-7.27;;;;
474;17.9;23.9;0.5;10;100;7;Successful;Effective;No;No;No;No;No;No;0.0;-7.0;0.25;-7.12;0.39;-7.21;0.47;-7.26;0.51;-7.28;0.54;-7.27;;;;
475;17.9;23.9;0.5;5;80;8;Successful;Effective;No;No;No;No;No;No;0.0;-7.99;0.2;-8.13;0.32;-8.22;0.38;-8.26;0.41;-8.27;0.43;-8.24;;;;
476;17.9;23.9;0.5;8;80;8;Successful;Effective;No;No;No;No;No;No;0.0;-7.99;0.2;-8.13;0.32;-8.22;0.38;-8.26;0.41;-8.27;0.43;-8.24;;;;
477;17.9;23.9;0.5;10;80;8;Successful;Effective;No;No;No;No;No;No;0.0;-7.99;0.2;-8.13;0.32;-8.22;0.38;-8.26;0.41;-8.27;0.43;-8.24;;;;
478;17.9;23.9;0.5;5;100;8;Successful;Effective;No;No;No;No;No;No;0.0;-8.0;0.25;-8.14;0.39;-8.23;0.47;-8.29;0.51;-8.31;0.54;-8.29;;;;
479;17.9;23.9;0.5;8;100;8;Successful;Effective;No;No;No;No;No;No;0.0;-8.0;0.25;-8.14;0.39;-8.23;0.47;-8.29;0.51;-8.31;0.54;-8.29;;;;
480;17.9;23.9;0.5;10;100;8;Successful;Effective;No;No;No;No;No;No;0.0;-8.0;0.25;-8.14;0.39;-8.23;0.47;-8.29;0.51;-8.31;0.54;-8.29;;;;
481;18.0;24.0;0.5;5;80;5;Successful;Effective;No;No;No;No;No;No;0.0;-5.0;0.2;-5.09;0.32;-5.15;0.38;-5.19;0.41;-5.2;0.43;-5.2;;;;
482;18.0;24.0;0.5;8;80;5;Successful;Effective;No;No;No;No;No;No;0.0;-5.0;0.2;-5.09;0.32;-5.15;0.38;-5.19;0.41;-5.2;0.43;-5.2;;;;
483;18.0;24.0;0.5;10;80;5;Successful;Effective;No;No;No;No;No;No;0.0;-5.0;0.2;-5.09;0.32;-5.15;0.38;-5.19;0.41;-5.2;0.43;-5.2;;;;
484;18.0;24.0;0.5;5;100;5;Successful;Effective;No;No;No;No;No;No;0.0;-5.0;0.25;-5.09;0.39;-5.16;0.47;-5.2;0.51;-5.22;0.54;-5.22;;;;
485;18.0;24.0;0.5;8;100;5;Successful;Effective;No;No;No;No;No;No;0.0;-5.0;0.25;-5.09;0.39;-5.16;0.47;-5.2;0.51;-5.22;0.54;-5.22;;;;
486;18.0;24.0;0.5;10;100;5;Successful;Effective;No;No;No;No;No;No;0.0;-5.0;0.25;-5.09;0.39;-5.16;0.47;-5.2;0.51;-5.22;0.54;-5.22;;;;
487;18.0;24.0;0.5;5;80;6;Successful;Effective;No;No;No;No;No;No;0.0;-6.0;0.2;-6.1;0.32;-6.17;0.38;-6.21;0.41;-6.23;0.43;-6.22;;;;
488;18.0;24.0;0.5;8;80;6;Successful;Effective;No;No;No;No;No;No;0.0;-6.0;0.2;-6.1;0.32;-6.17;0.38;-6.21;0.41;-6.23;0.43;-6.22;;;;
489;18.0;24.0;0.5;10;80;6;Successful;Effective;No;No;No;No;No;No;0.0;-6.0;0.2;-6.1;0.32;-6.17;0.38;-6.21;0.41;-6.23;0.43;-6.22;;;;
490;18.0;24.0;0.5;5;100;6;Successful;Effective;No;No;No;No;No;No;0.0;-6.0;0.25;-6.11;0.39;-6.18;0.47;-6.23;0.51;-6.25;0.54;-6.24;;;;
491;18.0;24.0;0.5;8;100;6;Successful;Effective;No;No;No;No;No;No;0.0;-6.0;0.25;-6.11;0.39;-6.18;0.47;-6.23;0.51;-6.25;0.54;-6.24;;;;
492;18.0;24.0;0.5;10;100;6;Successful;Effective;No;No;No;No;No;No;0.0;-6.0;0.25;-6.11;0.39;-6.18;0.47;-6.23;0.51;-6.25;0.54;-6.24;;;;
493;18.0;24.0;0.5;5;80;7;Successful;Effective;No;No;No;No;No;No;0.0;-7.0;0.2;-7.12;0.32;-7.2;0.38;-7.24;0.41;-7.26;0.43;-7.24;;;;
494;18.0;24.0;0.5;8;80;7;Successful;Effective;No;No;No;No;No;No;0.0;-7.0;0.2;-7.12;0.32;-7.2;0.38;-7.24;0.41;-7.26;0.43;-7.24;;;;
495;18.0;24.0;0.5;10;80;7;Successful;Effective;No;No;No;No;No;No;0.0;-7.0;0.2;-7.12;0.32;-7.2;0.38;-7.24;0.41;-7.26;0.43;-7.24;;;;
496;18.0;24.0;0.5;5;100;7;Successful;Effective;No;No;No;No;No;No;0.0;-7.0;0.25;-7.12;0.39;-7.2;0.47;-7.25;0.51;-7.28;0.54;-7.26;;;;
497;18.0;24.0;0.5;8;100;7;Successful;Effective;No;No;No;No;No;No;0.0;-7.0;0.25;-7.12;0.39;-7.2;0.47;-7.25;0.51;-7.28;0.54;-7.26;;;;
498;18.0;24.0;0.5;10;100;7;Successful;Effective;No;No;No;No;No;No;0.0;-7.0;0.25;-7.12;0.39;-7.2;0.47;-7.25;0.51;-7.28;0.54;-7.26;;;;
499;18.0;24.0;0.5;5;80;8;Successful;Effective;No;No;No;No;No;No;0.0;-7.99;0.2;-8.13;0.32;-8.22;0.38;-8.26;0.41;-8.27;0.43;-8.24;;;;
500;18.0;24.0;0.5;8;80;8;Successful;Effective;No;No;No;No;No;No;0.0;-7.99;0.2;-8.13;0.32;-8.22;0.38;-8.26;0.41;-8.27;0.43;-8.24;;;;
501;18.0;24.0;0.5;10;80;8;Successful;Effective;No;No;No;No;No;No;0.0;-7.99;0.2;-8.13;0.32;-8.22;0.38;-8.26;0.41;-8.27;0.43;-8.24;;;;
502;18.0;24.0;0.5;5;100;8;Successful;Effective;No;No;No;No;No;No;0.0;-8.0;0.25;-8.13;0.39;-8.23;0.47;-8.28;0.51;-8.3;0.54;-8.28;;;;
503;18.0;24.0;0.5;8;100;8;Successful;Effective;No;No;No;No;No;No;0.0;-8.0;0.25;-8.13;0.39;-8.23;0.47;-8.28;0.51;-8.3;0.54;-8.28;;;;
504;18.0;24.0;0.5;10;100;8;Successful;Effective;No;No;No;No;No;No;0.0;-8.0;0.25;-8.13;0.39;-8.23;0.47;-8.28;0.51;-8.3;0.54;-8.28;;;;
505;18.1;24.1;0.5;5;80;5;Successful;Effective;No;No;No;No;No;No;0.0;-5.0;0.2;-5.08;0.32;-5.15;0.38;-5.18;0.41;-5.2;0.43;-5.19;;;;
506;18.1;24.1;0.5;8;80;5;Successful;Effective;No;No;No;No;No;No;0.0;-5.0;0.2;-5.08;0.32;-5.15;0.38;-5.18;0.41;-5.2;0.43;-5.19;;;;
507;18.1;24.1;0.5;10;80;5;Successful;Effective;No;No;No;No;No;No;0.0;-5.0;0.2;-5.08;0.32;-5.15;0.38;-5.18;0.41;-5.2;0.43;-5.19;;;;
508;18.1;24.1;0.5;5;100;5;Successful;Effective;No;No;No;No;No;No;0.0;-5.0;0.25;-5.09;0.39;-5.15;0.47;-5.2;0.51;-5.22;0.54;-5.21;;;;
509;18.1;24.1;0.5;8;100;5;Successful;Effective;No;No;No;No;No;No;0.0;-5.0;0.25;-5.09;0.39;-5.15;0.47;-5.2;0.51;-5.22;0.54;-5.21;;;;
510;18.1;24.1;0.5;10;100;5;Successful;Effective;No;No;No;No;No;No;0.0;-5.0;0.25;-5.09;0.39;-5.15;0.47;-5.2;0.51;-5.22;0.54;-5.21;;;;
511;18.1;24.1;0.5;5;80;6;Successful;Effective;No;No;No;No;No;No;0.0;-6.0;0.2;-6.1;0.32;-6.17;0.38;-6.21;0.41;-6.23;0.43;-6.22;;;;
512;18.1;24.1;0.5;8;80;6;Successful;Effective;No;No;No;No;No;No;0.0;-6.0;0.2;-6.1;0.32;-6.17;0.38;-6.21;0.41;-6.23;0.43;-6.22;;;;
513;18.1;24.1;0.5;10;80;6;Successful;Effective;No;No;No;No;No;No;0.0;-6.0;0.2;-6.1;0.32;-6.17;0.38;-6.21;0.41;-6.23;0.43;-6.22;;;;
514;18.1;24.1;0.5;5;100;6;Successful;Effective;No;No;No;No;No;No;0.0;-6.0;0.25;-6.1;0.39;-6.18;0.47;-6.22;0.51;-6.24;0.54;-6.24;;;;
515;18.1;24.1;0.5;8;100;6;Successful;Effective;No;No;No;No;No;No;0.0;-6.0;0.25;-6.1;0.39;-6.18;0.47;-6.22;0.51;-6.24;0.54;-6.24;;;;
516;18.1;24.1;0.5;10;100;6;Successful;Effective;No;No;No;No;No;No;0.0;-6.0;0.25;-6.1;0.39;-6.18;0.47;-6.22;0.51;-6.24;0.54;-6.24;;;;
517;18.1;24.1;0.5;5;80;7;Successful;Effective;No;No;No;No;No;No;0.0;-7.0;0.2;-7.11;0.32;-7.19;0.38;-7.24;0.41;-7.25;0.43;-7.24;;;;
518;18.1;24.1;0.5;8;80;7;Successful;Effective;No;No;No;No;No;No;0.0;-7.0;0.2;-7.11;0.32;-7.19;0.38;-7.24;0.41;-7.25;0.43;-7.24;;;;
519;18.1;24.1;0.5;10;80;7;Successful;Effective;No;No;No;No;No;No;0.0;-7.0;0.2;-7.11;0.32;-7.19;0.38;-7.24;0.41;-7.25;0.43;-7.24;;;;
520;18.1;24.1;0.5;5;100;7;Successful;Effective;No;No;No;No;No;No;0.0;-7.0;0.25;-7.12;0.39;-7.2;0.47;-7.25;0.51;-7.27;0.54;-7.26;;;;
521;18.1;24.1;0.5;8;100;7;Successful;Effective;No;No;No;No;No;No;0.0;-7.0;0.25;-7.12;0.39;-7.2;0.47;-7.25;0.51;-7.27;0.54;-7.26;;;;
522;18.1;24.1;0.5;10;100;7;Successful;Effective;No;No;No;No;No;No;0.0;-7.0;0.25;-7.12;0.39;-7.2;0.47;-7.25;0.51;-7.27;0.54;-7.26;;;;
523;18.1;24.1;0.5;5;80;8;Successful;Effective;No;No;No;No;No;No;0.0;-7.99;0.2;-8.13;0.32;-8.21;0.38;-8.26;0.41;-8.27;0.43;-8.24;;;;
524;18.1;24.1;0.5;8;80;8;Successful;Effective;No;No;No;No;No;No;0.0;-7.99;0.2;-8.13;0.32;-8.21;0.38;-8.26;0.41;-8.27;0.43;-8.24;;;;
525;18.1;24.1;0.5;10;80;8;Successful;Effective;No;No;No;No;No;No;0.0;-7.99;0.2;-8.13;0.32;-8.21;0.38;-8.26;0.41;-8.27;0.43;-8.24;;;;
526;18.1;24.1;0.5;5;100;8;Successful;Effective;No;No;No;No;No;No;0.0;-8.0;0.25;-8.13;0.39;-8.22;0.47;-8.27;0.51;-8.3;0.54;-8.28;;;;
527;18.1;24.1;0.5;8;100;8;Successful;Effective;No;No;No;No;No;No;0.0;-8.0;0.25;-8.13;0.39;-8.22;0.47;-8.27;0.51;-8.3;0.54;-8.28;;;;
528;18.1;24.1;0.5;10;100;8;Successful;Effective;No;No;No;No;No;No;0.0;-8.0;0.25;-8.13;0.39;-8.22;0.47;-8.27;0.51;-8.3;0.54;-8.28;;;;
529;18.2;24.2;0.5;5;80;5;Successful;Effective;No;No;No;No;No;No;0.0;-5.0;0.2;-5.08;0.32;-5.14;0.38;-5.18;0.41;-5.2;0.43;-5.19;;;;
530;18.2;24.2;0.5;8;80;5;Successful;Effective;No;No;No;No;No;No;0.0;-5.0;0.2;-5.08;0.32;-5.14;0.38;-5.18;0.41;-5.2;0.43;-5.19;;;;
531;18.2;24.2;0.5;10;80;5;Successful;Effective;No;No;No;No;No;No;0.0;-5.0;0.2;-5.08;0.32;-5.14;0.38;-5.18;0.41;-5.2;0.43;-5.19;;;;
532;18.2;24.2;0.5;5;100;5;Successful;Effective;No;No;No;No;No;No;0.0;-5.0;0.25;-5.09;0.39;-5.15;0.47;-5.19;0.51;-5.22;0.54;-5.21;;;;
533;18.2;24.2;0.5;8;100;5;Successful;Effective;No;No;No;No;No;No;0.0;-5.0;0.25;-5.09;0.39;-5.15;0.47;-5.19;0.51;-5.22;0.54;-5.21;;;;
534;18.2;24.2;0.5;10;100;5;Successful;Effective;No;No;No;No;No;No;0.0;-5.0;0.25;-5.09;0.39;-5.15;0.47;-5.19;0.51;-5.22;0.54;-5.21;;;;
535;18.2;24.2;0.5;5;80;6;Successful;Effective;No;No;No;No;No;No;0.0;-6.0;0.2;-6.1;0.32;-6.17;0.38;-6.21;0.41;-6.23;0.43;-6.21;;;;
536;18.2;24.2;0.5;8;80;6;Successful;Effective;No;No;No;No;No;No;0.0;-6.0;0.2;-6.1;0.32;-6.17;0.38;-6.21;0.41;-6.23;0.43;-6.21;;;;
537;18.2;24.2;0.5;10;80;6;Successful;Effective;No;No;No;No;No;No;0.0;-6.0;0.2;-6.1;0.32;-6.17;0.38;-6.21;0.41;-6.23;0.43;-6.21;;;;
538;18.2;24.2;0.5;5;100;6;Successful;Effective;No;No;No;No;No;No;0.0;-6.0;0.25;-6.1;0.39;-6.17;0.47;-6.22;0.51;-6.24;0.54;-6.23;;;;
539;18.2;24.2;0.5;8;100;6;Successful;Effective;No;No;No;No;No;No;0.0;-6.0;0.25;-6.1;0.39;-6.17;0.47;-6.22;0.51;-6.24;0.54;-6.23;;;;
540;18.2;24.2;0.5;10;100;6;Successful;Effective;No;No;No;No;No;No;0.0;-6.0;0.25;-6.1;0.39;-6.17;0.47;-6.22;0.51;-6.24;0.54;-6.23;;;;
541;18.2;24.2;0.5;5;80;7;Successful;Effective;No;No;No;No;No;No;0.0;-7.0;0.2;-7.11;0.32;-7.19;0.38;-7.23;0.41;-7.25;0.43;-7.23;;;;
542;18.2;24.2;0.5;8;80;7;Successful;Effective;No;No;No;No;No;No;0.0;-7.0;0.2;-7.11;0.32;-7.19;0.38;-7.23;0.41;-7.25;0.43;-7.23;;;;
543;18.2;24.2;0.5;10;80;7;Successful;Effective;No;No;No;No;No;No;0.0;-7.0;0.2;-7.11;0.32;-7.19;0.38;-7.23;0.41;-7.25;0.43;-7.23;;;;
544;18.2;24.2;0.5;5;100;7;Successful;Effective;No;No;No;No;No;No;0.0;-7.0;0.25;-7.11;0.39;-7.2;0.47;-7.25;0.51;-7.27;0.54;-7.26;;;;
545;18.2;24.2;0.5;8;100;7;Successful;Effective;No;No;No;No;No;No;0.0;-7.0;0.25;-7.11;0.39;-7.2;0.47;-7.25;0.51;-7.27;0.54;-7.26;;;;
546;18.2;24.2;0.5;10;100;7;Successful;Effective;No;No;No;No;No;No;0.0;-7.0;0.25;-7.11;0.39;-7.2;0.47;-7.25;0.51;-7.27;0.54;-7.26;;;;
547;18.2;24.2;0.5;5;80;8;Successful;Effective;No;No;No;No;No;No;0.0;-7.99;0.2;-8.12;0.32;-8.21;0.38;-8.26;0.41;-8.27;0.43;-8.24;;;;
548;18.2;24.2;0.5;8;80;8;Successful;Effective;No;No;No;No;No;No;0.0;-7.99;0.2;-8.12;0.32;-8.21;0.38;-8.26;0.41;-8.27;0.43;-8.24;;;;
549;18.2;24.2;0.5;10;80;8;Successful;Effective;No;No;No;No;No;No;0.0;-7.99;0.2;-8.12;0.32;-8.21;0.38;-8.26;0.41;-8.27;0.43;-8.24;;;;
550;18.2;24.2;0.5;5;100;8;Successful;Effective;No;No;No;No;No;No;0.0;-8.0;0.25;-8.13;0.39;-8.22;0.47;-8.27;0.51;-8.3;0.54;-8.28;;;;
551;18.2;24.2;0.5;8;100;8;Successful;Effective;No;No;No;No;No;No;0.0;-8.0;0.25;-8.13;0.39;-8.22;0.47;-8.27;0.51;-8.3;0.54;-8.28;;;;
552;18.2;24.2;0.5;10;100;8;Successful;Effective;No;No;No;No;No;No;0.0;-8.0;0.25;-8.13;0.39;-8.22;0.47;-8.27;0.51;-8.3;0.54;-8.28;;;;
553;18.3;24.3;0.5;5;80;5;Successful;Effective;No;No;No;No;No;No;0.0;-5.0;0.2;-5.08;0.32;-5.14;0.38;-5.18;0.41;-5.2;0.43;-5.19;;;;
554;18.3;24.3;0.5;8;80;5;Successful;Effective;No;No;No;No;No;No;0.0;-5.0;0.2;-5.08;0.32;-5.14;0.38;-5.18;0.41;-5.2;0.43;-5.19;;;;
555;18.3;24.3;0.5;10;80;5;Successful;Effective;No;No;No;No;No;No;0.0;-5.0;0.2;-5.08;0.32;-5.14;0.38;-5.18;0.41;-5.2;0.43;-5.19;;;;
556;18.3;24.3;0.5;5;100;5;Successful;Effective;No;No;No;No;No;No;0.0;-5.0;0.25;-5.09;0.39;-5.15;0.47;-5.19;0.51;-5.22;0.54;-5.21;;;;
557;18.3;24.3;0.5;8;100;5;Successful;Effective;No;No;No;No;No;No;0.0;-5.0;0.25;-5.09;0.39;-5.15;0.47;-5.19;0.51;-5.22;0.54;-5.21;;;;
558;18.3;24.3;0.5;10;100;5;Successful;Effective;No;No;No;No;No;No;0.0;-5.0;0.25;-5.09;0.39;-5.15;0.47;-5.19;0.51;-5.22;0.54;-5.21;;;;
559;18.3;24.3;0.5;5;80;6;Successful;Effective;No;No;No;No;No;No;0.0;-6.0;0.2;-6.1;0.32;-6.16;0.38;-6.21;0.41;-6.23;0.43;-6.21;;;;
560;18.3;24.3;0.5;8;80;6;Successful;Effective;No;No;No;No;No;No;0.0;-6.0;0.2;-6.1;0.32;-6.16;0.38;-6.21;0.41;-6.23;0.43;-6.21;;;;
561;18.3;24.3;0.5;10;80;6;Successful;Effective;No;No;No;No;No;No;0.0;-6.0;0.2;-6.1;0.32;-6.16;0.38;-6.21;0.41;-6.23;0.43;-6.21;;;;
562;18.3;24.3;0.5;5;100;6;Successful;Effective;No;No;No;No;No;No;0.0;-6.0;0.25;-6.1;0.39;-6.17;0.47;-6.22;0.51;-6.24;0.54;-6.23;;;;
563;18.3;24.3;0.5;8;100;6;Successful;Effective;No;No;No;No;No;No;0.0;-6.0;0.25;-6.1;0.39;-6.17;0.47;-6.22;0.51;-6.24;0.54;-6.23;;;;
564;18.3;24.3;0.5;10;100;6;Successful;Effective;No;No;No;No;No;No;0.0;-6.0;0.25;-6.1;0.39;-6.17;0.47;-6.22;0.51;-6.24;0.54;-6.23;;;;
565;18.3;24.3;0.5;5;80;7;Successful;Effective;No;No;No;No;No;No;0.0;-7.0;0.2;-7.11;0.32;-7.19;0.38;-7.23;0.41;-7.25;0.43;-7.23;;;;
566;18.3;24.3;0.5;8;80;7;Successful;Effective;No;No;No;No;No;No;0.0;-7.0;0.2;-7.11;0.32;-7.19;0.38;-7.23;0.41;-7.25;0.43;-7.23;;;;
567;18.3;24.3;0.5;10;80;7;Successful;Effective;No;No;No;No;No;No;0.0;-7.0;0.2;-7.11;0.32;-7.19;0.38;-7.23;0.41;-7.25;0.43;-7.23;;;;
568;18.3;24.3;0.5;5;100;7;Successful;Effective;No;No;No;No;No;No;0.0;-7.0;0.25;-7.11;0.39;-7.19;0.47;-7.24;0.51;-7.27;0.54;-7.26;;;;
569;18.3;24.3;0.5;8;100;7;Successful;Effective;No;No;No;No;No;No;0.0;-7.0;0.25;-7.11;0.39;-7.19;0.47;-7.24;0.51;-7.27;0.54;-7.26;;;;
570;18.3;24.3;0.5;10;100;7;Successful;Effective;No;No;No;No;No;No;0.0;-7.0;0.25;-7.11;0.39;-7.19;0.47;-7.24;0.51;-7.27;0.54;-7.26;;;;
571;18.3;24.3;0.5;5;80;8;Successful;Effective;No;No;No;No;No;No;0.0;-7.99;0.2;-8.12;0.32;-8.21;0.38;-8.26;0.41;-8.28;0.43;-8.25;;;;
572;18.3;24.3;0.5;8;80;8;Successful;Effective;No;No;No;No;No;No;0.0;-7.99;0.2;-8.12;0.32;-8.21;0.38;-8.26;0.41;-8.28;0.43;-8.25;;;;
573;18.3;24.3;0.5;10;80;8;Successful;Effective;No;No;No;No;No;No;0.0;-7.99;0.2;-8.12;0.32;-8.21;0.38;-8.26;0.41;-8.28;0.43;-8.25;;;;
574;18.3;24.3;0.5;5;100;8;Successful;Effective;No;No;No;No;No;No;0.0;-8.0;0.25;-8.13;0.39;-8.22;0.47;-8.27;0.51;-8.3;0.54;-8.28;;;;
575;18.3;24.3;0.5;8;100;8;Successful;Effective;No;No;No;No;No;No;0.0;-8.0;0.25;-8.13;0.39;-8.22;0.47;-8.27;0.51;-8.3;0.54;-8.28;;;;
576;18.3;24.3;0.5;10;100;8;Successful;Effective;No;No;No;No;No;No;0.0;-8.0;0.25;-8.13;0.39;-8.22;0.47;-8.27;0.51;-8.3;0.54;-8.28;;;;
577;18.4;24.4;0.5;5;80;5;Successful;Effective;No;No;No;No;No;No;0.0;-5.0;0.2;-5.08;0.32;-5.14;0.38;-5.18;0.41;-5.2;0.43;-5.19;;;;
578;18.4;24.4;0.5;8;80;5;Successful;Effective;No;No;No;No;No;No;0.0;-5.0;0.2;-5.08;0.32;-5.14;0.38;-5.18;0.41;-5.2;0.43;-5.19;;;;
579;18.4;24.4;0.5;10;80;5;Successful;Effective;No;No;No;No;No;No;0.0;-5.0;0.2;-5.08;0.32;-5.14;0.38;-5.18;0.41;-5.2;0.43;-5.19;;;;
580;18.4;24.4;0.5;5;100;5;Successful;Effective;No;No;No;No;No;No;0.0;-5.0;0.25;-5.09;0.39;-5.15;0.47;-5.19;0.51;-5.22;0.54;-5.21;;;;
581;18.4;24.4;0.5;8;100;5;Successful;Effective;No;No;No;No;No;No;0.0;-5.0;0.25;-5.09;0.39;-5.15;0.47;-5.19;0.51;-5.22;0.54;-5.21;;;;
582;18.4;24.4;0.5;10;100;5;Successful;Effective;No;No;No;No;No;No;0.0;-5.0;0.25;-5.09;0.39;-5.15;0.47;-5.19;0.51;-5.22;0.54;-5.21;;;;
583;18.4;24.4;0.5;5;80;6;Successful;Effective;No;No;No;No;No;No;0.0;-6.0;0.2;-6.09;0.32;-6.16;0.38;-6.21;0.41;-6.23;0.43;-6.21;;;;
584;18.4;24.4;0.5;8;80;6;Successful;Effective;No;No;No;No;No;No;0.0;-6.0;0.2;-6.09;0.32;-6.16;0.38;-6.21;0.41;-6.23;0.43;-6.21;;;;
585;18.4;24.4;0.5;10;80;6;Successful;Effective;No;No;No;No;No;No;0.0;-6.0;0.2;-6.09;0.32;-6.16;0.38;-6.21;0.41;-6.23;0.43;-6.21;;;;
586;18.4;24.4;0.5;5;100;6;Successful;Effective;No;No;No;No;No;No;0.0;-6.0;0.25;-6.1;0.39;-6.17;0.47;-6.22;0.51;-6.24;0.54;-6.23;;;;
587;18.4;24.4;0.5;8;100;6;Successful;Effective;No;No;No;No;No;No;0.0;-6.0;0.25;-6.1;0.39;-6.17;0.47;-6.22;0.51;-6.24;0.54;-6.23;;;;
588;18.4;24.4;0.5;10;100;6;Successful;Effective;No;No;No;No;No;No;0.0;-6.0;0.25;-6.1;0.39;-6.17;0.47;-6.22;0.51;-6.24;0.54;-6.23;;;;
589;18.4;24.4;0.5;5;80;7;Successful;Effective;No;No;No;No;No;No;0.0;-7.0;0.2;-7.11;0.32;-7.18;0.38;-7.23;0.41;-7.25;0.43;-7.23;;;;
590;18.4;24.4;0.5;8;80;7;Successful;Effective;No;No;No;No;No;No;0.0;-7.0;0.2;-7.11;0.32;-7.18;0.38;-7.23;0.41;-7.25;0.43;-7.23;;;;
591;18.4;24.4;0.5;10;80;7;Successful;Effective;No;No;No;No;No;No;0.0;-7.0;0.2;-7.11;0.32;-7.18;0.38;-7.23;0.41;-7.25;0.43;-7.23;;;;
592;18.4;24.4;0.5;5;100;7;Successful;Effective;No;No;No;No;No;No;0.0;-7.0;0.25;-7.11;0.39;-7.19;0.47;-7.24;0.51;-7.27;0.54;-7.25;;;;
593;18.4;24.4;0.5;8;100;7;Successful;Effective;No;No;No;No;No;No;0.0;-7.0;0.25;-7.11;0.39;-7.19;0.47;-7.24;0.51;-7.27;0.54;-7.25;;;;
594;18.4;24.4;0.5;10;100;7;Successful;Effective;No;No;No;No;No;No;0.0;-7.0;0.25;-7.11;0.39;-7.19;0.47;-7.24;0.51;-7.27;0.54;-7.25;;;;
595;18.4;24.4;0.5;5;80;8;Successful;Effective;No;No;No;No;No;No;0.0;-7.99;0.2;-8.12;0.32;-8.21;0.38;-8.26;0.41;-8.28;0.43;-8.25;;;;
596;18.4;24.4;0.5;8;80;8;Successful;Effective;No;No;No;No;No;No;0.0;-7.99;0.2;-8.12;0.32;-8.21;0.38;-8.26;0.41;-8.28;0.43;-8.25;;;;
597;18.4;24.4;0.5;10;80;8;Successful;Effective;No;No;No;No;No;No;0.0;-7.99;0.2;-8.12;0.32;-8.21;0.38;-8.26;0.41;-8.28;0.43;-8.25;;;;
598;18.4;24.4;0.5;5;100;8;Successful;Effective;No;No;No;No;No;No;0.0;-8.0;0.25;-8.12;0.39;-8.21;0.47;-8.27;0.51;-8.3;0.54;-8.28;;;;
599;18.4;24.4;0.5;8;100;8;Successful;Effective;No;No;No;No;No;No;0.0;-8.0;0.25;-8.12;0.39;-8.21;0.47;-8.27;0.51;-8.3;0.54;-8.28;;;;
600;18.4;24.4;0.5;10;100;8;Successful;Effective;No;No;No;No;No;No;0.0;-8.0;0.25;-8.12;0.39;-8.21;0.47;-8.27;0.51;-8.3;0.54;-8.28;;;;
601;18.5;24.5;0.5;5;80;5;Successful;Effective;No;No;No;No;No;No;0.0;-5.0;0.2;-5.08;0.32;-5.14;0.38;-5.18;0.41;-5.2;0.43;-5.19;;;;
602;18.5;24.5;0.5;8;80;5;Successful;Effective;No;No;No;No;No;No;0.0;-5.0;0.2;-5.08;0.32;-5.14;0.38;-5.18;0.41;-5.2;0.43;-5.19;;;;
603;18.5;24.5;0.5;10;80;5;Successful;Effective;No;No;No;No;No;No;0.0;-5.0;0.2;-5.08;0.32;-5.14;0.38;-5.18;0.41;-5.2;0.43;-5.19;;;;
604;18.5;24.5;0.5;5;100;5;Successful;Effective;No;No;No;No;No;No;0.0;-5.0;0.25;-5.08;0.39;-5.15;0.47;-5.2;0.51;-5.22;0.54;-5.21;;;;
605;18.5;24.5;0.5;8;100;5;Successful;Effective;No;No;No;No;No;No;0.0;-5.0;0.25;-5.08;0.39;-5.15;0.47;-5.2;0.51;-5.22;0.54;-5.21;;;;
606;18.5;24.5;0.5;10;100;5;Successful;Effective;No;No;No;No;No;No;0.0;-5.0;0.25;-5.08;0.39;-5.15;0.47;-5.2;0.51;-5.22;0.54;-5.21;;;;
607;18.5;24.5;0.5;5;80;6;Successful;Effective;No;No;No;No;No;No;0.0;-6.0;0.2;-6.09;0.32;-6.16;0.38;-6.21;0.41;-6.23;0.43;-6.21;;;;
608;18.5;24.5;0.5;8;80;6;Successful;Effective;No;No;No;No;No;No;0.0;-6.0;0.2;-6.09;0.32;-6.16;0.38;-6.21;0.41;-6.23;0.43;-6.21;;;;
609;18.5;24.5;0.5;10;80;6;Successful;Effective;No;No;No;No;No;No;0.0;-6.0;0.2;-6.09;0.32;-6.16;0.38;-6.21;0.41;-6.23;0.43;-6.21;;;;
610;18.5;24.5;0.5;5;100;6;Successful;Effective;No;No;No;No;No;No;0.0;-6.0;0.25;-6.1;0.39;-6.17;0.47;-6.22;0.51;-6.24;0.54;-6.23;;;;
611;18.5;24.5;0.5;8;100;6;Successful;Effective;No;No;No;No;No;No;0.0;-6.0;0.25;-6.1;0.39;-6.17;0.47;-6.22;0.51;-6.24;0.54;-6.23;;;;
612;18.5;24.5;0.5;10;100;6;Successful;Effective;No;No;No;No;No;No;0.0;-6.0;0.25;-6.1;0.39;-6.17;0.47;-6.22;0.51;-6.24;0.54;-6.23;;;;
613;18.5;24.5;0.5;5;80;7;Successful;Effective;No;No;No;No;No;No;0.0;-7.0;0.2;-7.11;0.32;-7.18;0.38;-7.23;0.41;-7.25;0.43;-7.23;;;;
614;18.5;24.5;0.5;8;80;7;Successful;Effective;No;No;No;No;No;No;0.0;-7.0;0.2;-7.11;0.32;-7.18;0.38;-7.23;0.41;-7.25;0.43;-7.23;;;;
615;18.5;24.5;0.5;10;80;7;Successful;Effective;No;No;No;No;No;No;0.0;-7.0;0.2;-7.11;0.32;-7.18;0.38;-7.23;0.41;-7.25;0.43;-7.23;;;;
616;18.5;24.5;0.5;5;100;7;Successful;Effective;No;No;No;No;No;No;0.0;-7.0;0.25;-7.11;0.39;-7.19;0.47;-7.25;0.51;-7.27;0.54;-7.25;;;;
617;18.5;24.5;0.5;8;100;7;Successful;Effective;No;No;No;No;No;No;0.0;-7.0;0.25;-7.11;0.39;-7.19;0.47;-7.25;0.51;-7.27;0.54;-7.25;;;;
618;18.5;24.5;0.5;10;100;7;Successful;Effective;No;No;No;No;No;No;0.0;-7.0;0.25;-7.11;0.39;-7.19;0.47;-7.25;0.51;-7.27;0.54;-7.25;;;;
619;18.5;24.5;0.5;5;80;8;Successful;Effective;No;No;No;No;No;No;0.0;-7.99;0.2;-8.12;0.32;-8.21;0.38;-8.26;0.41;-8.28;0.43;-8.25;;;;
620;18.5;24.5;0.5;8;80;8;Successful;Effective;No;No;No;No;No;No;0.0;-7.99;0.2;-8.12;0.32;-8.21;0.38;-8.26;0.41;-8.28;0.43;-8.25;;;;
621;18.5;24.5;0.5;10;80;8;Successful;Effective;No;No;No;No;No;No;0.0;-7.99;0.2;-8.12;0.32;-8.21;0.38;-8.26;0.41;-8.28;0.43;-8.25;;;;
622;18.5;24.5;0.5;5;100;8;Successful;Effective;No;No;No;No;No;No;0.0;-8.0;0.25;-8.12;0.39;-8.21;0.47;-8.27;0.51;-8.3;0.54;-8.28;;;;
623;18.5;24.5;0.5;8;100;8;Successful;Effective;No;No;No;No;No;No;0.0;-8.0;0.25;-8.12;0.39;-8.21;0.47;-8.27;0.51;-8.3;0.54;-8.28;;;;
624;18.5;24.5;0.5;10;100;8;Successful;Effective;No;No;No;No;No;No;0.0;-8.0;0.25;-8.12;0.39;-8.21;0.47;-8.27;0.51;-8.3;0.54;-8.28;;;;
625;18.6;24.6;0.5;5;80;5;Successful;Effective;No;No;No;No;No;No;0.0;-5.0;0.2;-5.08;0.32;-5.14;0.38;-5.18;0.41;-5.2;0.43;-5.19;;;;
626;18.6;24.6;0.5;8;80;5;Successful;Effective;No;No;No;No;No;No;0.0;-5.0;0.2;-5.08;0.32;-5.14;0.38;-5.18;0.41;-5.2;0.43;-5.19;;;;
627;18.6;24.6;0.5;10;80;5;Successful;Effective;No;No;No;No;No;No;0.0;-5.0;0.2;-5.08;0.32;-5.14;0.38;-5.18;0.41;-5.2;0.43;-5.19;;;;
628;18.6;24.6;0.5;5;100;5;Successful;Effective;No;No;No;No;No;No;0.0;-5.0;0.25;-5.08;0.39;-5.15;0.47;-5.2;0.51;-5.22;0.54;-5.21;;;;
629;18.6;24.6;0.5;8;100;5;Successful;Effective;No;No;No;No;No;No;0.0;-5.0;0.25;-5.08;0.39;-5.15;0.47;-5.2;0.51;-5.22;0.54;-5.21;;;;
630;18.6;24.6;0.5;10;100;5;Successful;Effective;No;No;No;No;No;No;0.0;-5.0;0.25;-5.08;0.39;-5.15;0.47;-5.2;0.51;-5.22;0.54;-5.21;;;;
631;18.6;24.6;0.5;5;80;6;Successful;Effective;No;No;No;No;No;No;0.0;-6.0;0.2;-6.09;0.32;-6.16;0.38;-6.21;0.41;-6.23;0.43;-6.21;;;;
632;18.6;24.6;0.5;8;80;6;Successful;Effective;No;No;No;No;No;No;0.0;-6.0;0.2;-6.09;0.32;-6.16;0.38;-6.21;0.41;-6.23;0.43;-6.21;;;;
633;18.6;24.6;0.5;10;80;6;Successful;Effective;No;No;No;No;No;No;0.0;-6.0;0.2;-6.09;0.32;-6.16;0.38;-6.21;0.41;-6.23;0.43;-6.21;;;;
634;18.6;24.6;0.5;5;100;6;Successful;Effective;No;No;No;No;No;No;0.0;-6.0;0.25;-6.1;0.39;-6.17;0.47;-6.22;0.51;-6.25;0.54;-6.23;;;;
635;18.6;24.6;0.5;8;100;6;Successful;Effective;No;No;No;No;No;No;0.0;-6.0;0.25;-6.1;0.39;-6.17;0.47;-6.22;0.51;-6.25;0.54;-6.23;;;;
636;18.6;24.6;0.5;10;100;6;Successful;Effective;No;No;No;No;No;No;0.0;-6.0;0.25;-6.1;0.39;-6.17;0.47;-6.22;0.51;-6.25;0.54;-6.23;;;;
637;18.6;24.6;0.5;5;80;7;Successful;Effective;No;No;No;No;No;No;0.0;-7.0;0.2;-7.11;0.32;-7.19;0.38;-7.24;0.41;-7.25;0.43;-7.24;;;;
638;18.6;24.6;0.5;8;80;7;Successful;Effective;No;No;No;No;No;No;0.0;-7.0;0.2;-7.11;0.32;-7.19;0.38;-7.24;0.41;-7.25;0.43;-7.24;;;;
639;18.6;24.6;0.5;10;80;7;Successful;Effective;No;No;No;No;No;No;0.0;-7.0;0.2;-7.11;0.32;-7.19;0.38;-7.24;0.41;-7.25;0.43;-7.24;;;;
640;18.6;24.6;0.5;5;100;7;Successful;Effective;No;No;No;No;No;No;0.0;-7.0;0.25;-7.11;0.39;-7.19;0.47;-7.25;0.51;-7.27;0.54;-7.26;;;;
641;18.6;24.6;0.5;8;100;7;Successful;Effective;No;No;No;No;No;No;0.0;-7.0;0.25;-7.11;0.39;-7.19;0.47;-7.25;0.51;-7.27;0.54;-7.26;;;;
642;18.6;24.6;0.5;10;100;7;Successful;Effective;No;No;No;No;No;No;0.0;-7.0;0.25;-7.11;0.39;-7.19;0.47;-7.25;0.51;-7.27;0.54;-7.26;;;;
643;18.6;24.6;0.5;5;80;8;Successful;Effective;No;No;No;No;No;No;0.0;-7.99;0.2;-8.12;0.32;-8.21;0.38;-8.26;0.41;-8.28;0.43;-8.25;;;;
644;18.6;24.6;0.5;8;80;8;Successful;Effective;No;No;No;No;No;No;0.0;-7.99;0.2;-8.12;0.32;-8.21;0.38;-8.26;0.41;-8.28;0.43;-8.25;;;;
645;18.6;24.6;0.5;10;80;8;Successful;Effective;No;No;No;No;No;No;0.0;-7.99;0.2;-8.12;0.32;-8.21;0.38;-8.26;0.41;-8.28;0.43;-8.25;;;;
646;18.6;24.6;0.5;5;100;8;Successful;Effective;No;No;No;No;No;No;0.0;-8.0;0.25;-8.12;0.39;-8.22;0.47;-8.27;0.51;-8.3;0.54;-8.28;;;;
647;18.6;24.6;0.5;8;100;8;Successful;Effective;No;No;No;No;No;No;0.0;-8.0;0.25;-8.12;0.39;-8.22;0.47;-8.27;0.51;-8.3;0.54;-8.28;;;;
648;18.6;24.6;0.5;10;100;8;Successful;Effective;No;No;No;No;No;No;0.0;-8.0;0.25;-8.12;0.39;-8.22;0.47;-8.27;0.51;-8.3;0.54;-8.28;;;;
649;18.7;24.7;0.5;5;80;5;Successful;Effective;No;No;No;No;No;No;0.0;-5.0;0.2;-5.08;0.32;-5.14;0.38;-5.19;0.41;-5.2;0.43;-5.19;;;;
650;18.7;24.7;0.5;8;80;5;Successful;Effective;No;No;No;No;No;No;0.0;-5.0;0.2;-5.08;0.32;-5.14;0.38;-5.19;0.41;-5.2;0.43;-5.19;;;;
651;18.7;24.7;0.5;10;80;5;Successful;Effective;No;No;No;No;No;No;0.0;-5.0;0.2;-5.08;0.32;-5.14;0.38;-5.19;0.41;-5.2;0.43;-5.19;;;;
652;18.7;24.7;0.5;5;100;5;Successful;Effective;No;No;No;No;No;No;0.0;-5.0;0.25;-5.08;0.39;-5.15;0.47;-5.2;0.51;-5.22;0.54;-5.21;;;;
653;18.7;24.7;0.5;8;100;5;Successful;Effective;No;No;No;No;No;No;0.0;-5.0;0.25;-5.08;0.39;-5.15;0.47;-5.2;0.51;-5.22;0.54;-5.21;;;;
654;18.7;24.7;0.5;10;100;5;Successful;Effective;No;No;No;No;No;No;0.0;-5.0;0.25;-5.08;0.39;-5.15;0.47;-5.2;0.51;-5.22;0.54;-5.21;;;;
655;18.7;24.7;0.5;5;80;6;Successful;Effective;No;No;No;No;No;No;0.0;-6.0;0.2;-6.09;0.32;-6.16;0.38;-6.21;0.41;-6.23;0.43;-6.21;;;;
656;18.7;24.7;0.5;8;80;6;Successful;Effective;No;No;No;No;No;No;0.0;-6.0;0.2;-6.09;0.32;-6.16;0.38;-6.21;0.41;-6.23;0.43;-6.21;;;;
657;18.7;24.7;0.5;10;80;6;Successful;Effective;No;No;No;No;No;No;0.0;-6.0;0.2;-6.09;0.32;-6.16;0.38;-6.21;0.41;-6.23;0.43;-6.21;;;;
658;18.7;24.7;0.5;5;100;6;Successful;Effective;No;No;No;No;No;No;0.0;-6.0;0.25;-6.1;0.39;-6.17;0.47;-6.22;0.51;-6.25;0.54;-6.23;;;;
659;18.7;24.7;0.5;8;100;6;Successful;Effective;No;No;No;No;No;No;0.0;-6.0;0.25;-6.1;0.39;-6.17;0.47;-6.22;0.51;-6.25;0.54;-6.23;;;;
660;18.7;24.7;0.5;10;100;6;Successful;Effective;No;No;No;No;No;No;0.0;-6.0;0.25;-6.1;0.39;-6.17;0.47;-6.22;0.51;-6.25;0.54;-6.23;;;;
661;18.7;24.7;0.5;5;80;7;Successful;Effective;No;No;No;No;No;No;0.0;-7.0;0.2;-7.11;0.32;-7.19;0.38;-7.24;0.41;-7.26;0.43;-7.24;;;;
662;18.7;24.7;0.5;8;80;7;Successful;Effective;No;No;No;No;No;No;0.0;-7.0;0.2;-7.11;0.32;-7.19;0.38;-7.24;0.41;-7.26;0.43;-7.24;;;;
663;18.7;24.7;0.5;10;80;7;Successful;Effective;No;No;No;No;No;No;0.0;-7.0;0.2;-7.11;0.32;-7.19;0.38;-7.24;0.41;-7.26;0.43;-7.24;;;;
664;18.7;24.7;0.5;5;100;7;Successful;Effective;No;No;No;No;No;No;0.0;-7.0;0.25;-7.11;0.39;-7.2;0.47;-7.25;0.51;-7.27;0.54;-7.26;;;;
665;18.7;24.7;0.5;8;100;7;Successful;Effective;No;No;No;No;No;No;0.0;-7.0;0.25;-7.11;0.39;-7.2;0.47;-7.25;0.51;-7.27;0.54;-7.26;;;;
666;18.7;24.7;0.5;10;100;7;Successful;Effective;No;No;No;No;No;No;0.0;-7.0;0.25;-7.11;0.39;-7.2;0.47;-7.25;0.51;-7.27;0.54;-7.26;;;;
667;18.7;24.7;0.5;5;80;8;Successful;Effective;No;No;No;No;No;No;0.0;-7.99;0.2;-8.12;0.32;-8.21;0.38;-8.26;0.41;-8.28;0.43;-8.26;;;;
668;18.7;24.7;0.5;8;80;8;Successful;Effective;No;No;No;No;No;No;0.0;-7.99;0.2;-8.12;0.32;-8.21;0.38;-8.26;0.41;-8.28;0.43;-8.26;;;;
669;18.7;24.7;0.5;10;80;8;Successful;Effective;No;No;No;No;No;No;0.0;-7.99;0.2;-8.12;0.32;-8.21;0.38;-8.26;0.41;-8.28;0.43;-8.26;;;;
670;18.7;24.7;0.5;5;100;8;Successful;Effective;No;No;No;No;No;No;0.0;-8.0;0.25;-8.12;0.39;-8.22;0.47;-8.28;0.51;-8.3;0.54;-8.28;;;;
671;18.7;24.7;0.5;8;100;8;Successful;Effective;No;No;No;No;No;No;0.0;-8.0;0.25;-8.12;0.39;-8.22;0.47;-8.28;0.51;-8.3;0.54;-8.28;;;;
672;18.7;24.7;0.5;10;100;8;Successful;Effective;No;No;No;No;No;No;0.0;-8.0;0.25;-8.12;0.39;-8.22;0.47;-8.28;0.51;-8.3;0.54;-8.28;;;;
673;18.8;24.8;0.5;5;80;5;Successful;Effective;No;No;No;No;No;No;0.0;-5.0;0.2;-5.08;0.32;-5.14;0.38;-5.19;0.41;-5.2;0.43;-5.19;;;;
674;18.8;24.8;0.5;8;80;5;Successful;Effective;No;No;No;No;No;No;0.0;-5.0;0.2;-5.08;0.32;-5.14;0.38;-5.19;0.41;-5.2;0.43;-5.19;;;;
675;18.8;24.8;0.5;10;80;5;Successful;Effective;No;No;No;No;No;No;0.0;-5.0;0.2;-5.08;0.32;-5.14;0.38;-5.19;0.41;-5.2;0.43;-5.19;;;;
676;18.8;24.8;0.5;5;100;5;Successful;Effective;No;No;No;No;No;No;0.0;-5.0;0.25;-5.08;0.39;-5.15;0.47;-5.2;0.51;-5.22;0.54;-5.21;;;;
677;18.8;24.8;0.5;8;100;5;Successful;Effective;No;No;No;No;No;No;0.0;-5.0;0.25;-5.08;0.39;-5.15;0.47;-5.2;0.51;-5.22;0.54;-5.21;;;;
678;18.8;24.8;0.5;10;100;5;Successful;Effective;No;No;No;No;No;No;0.0;-5.0;0.25;-5.08;0.39;-5.15;0.47;-5.2;0.51;-5.22;0.54;-5.21;;;;
679;18.8;24.8;0.5;5;80;6;Successful;Effective;No;No;No;No;No;No;0.0;-6.0;0.2;-6.09;0.32;-6.17;0.38;-6.21;0.41;-6.23;0.43;-6.21;;;;
680;18.8;24.8;0.5;8;80;6;Successful;Effective;No;No;No;No;No;No;0.0;-6.0;0.2;-6.09;0.32;-6.17;0.38;-6.21;0.41;-6.23;0.43;-6.21;;;;
681;18.8;24.8;0.5;10;80;6;Successful;Effective;No;No;No;No;No;No;0.0;-6.0;0.2;-6.09;0.32;-6.17;0.38;-6.21;0.41;-6.23;0.43;-6.21;;;;
682;18.8;24.8;0.5;5;100;6;Successful;Effective;No;No;No;No;No;No;0.0;-6.0;0.25;-6.1;0.39;-6.18;0.47;-6.23;0.51;-6.25;0.54;-6.23;;;;
683;18.8;24.8;0.5;8;100;6;Successful;Effective;No;No;No;No;No;No;0.0;-6.0;0.25;-6.1;0.39;-6.18;0.47;-6.23;0.51;-6.25;0.54;-6.23;;;;
684;18.8;24.8;0.5;10;100;6;Successful;Effective;No;No;No;No;No;No;0.0;-6.0;0.25;-6.1;0.39;-6.18;0.47;-6.23;0.51;-6.25;0.54;-6.23;;;;
685;18.8;24.8;0.5;5;80;7;Successful;Effective;No;No;No;No;No;No;0.0;-7.0;0.2;-7.11;0.32;-7.19;0.38;-7.24;0.41;-7.26;0.43;-7.24;;;;
686;18.8;24.8;0.5;8;80;7;Successful;Effective;No;No;No;No;No;No;0.0;-7.0;0.2;-7.11;0.32;-7.19;0.38;-7.24;0.41;-7.26;0.43;-7.24;;;;
687;18.8;24.8;0.5;10;80;7;Successful;Effective;No;No;No;No;No;No;0.0;-7.0;0.2;-7.11;0.32;-7.19;0.38;-7.24;0.41;-7.26;0.43;-7.24;;;;
688;18.8;24.8;0.5;5;100;7;Successful;Effective;No;No;No;No;No;No;0.0;-7.0;0.25;-7.11;0.39;-7.2;0.47;-7.25;0.51;-7.28;0.54;-7.26;;;;
689;18.8;24.8;0.5;8;100;7;Successful;Effective;No;No;No;No;No;No;0.0;-7.0;0.25;-7.11;0.39;-7.2;0.47;-7.25;0.51;-7.28;0.54;-7.26;;;;
690;18.8;24.8;0.5;10;100;7;Successful;Effective;No;No;No;No;No;No;0.0;-7.0;0.25;-7.11;0.39;-7.2;0.47;-7.25;0.51;-7.28;0.54;-7.26;;;;
691;18.8;24.8;0.5;5;80;8;Successful;Effective;No;No;No;No;No;No;0.0;-7.99;0.2;-8.12;0.32;-8.21;0.38;-8.27;0.41;-8.28;0.43;-8.26;;;;
692;18.8;24.8;0.5;8;80;8;Successful;Effective;No;No;No;No;No;No;0.0;-7.99;0.2;-8.12;0.32;-8.21;0.38;-8.27;0.41;-8.28;0.43;-8.26;;;;
693;18.8;24.8;0.5;10;80;8;Successful;Effective;No;No;No;No;No;No;0.0;-7.99;0.2;-8.12;0.32;-8.21;0.38;-8.27;0.41;-8.28;0.43;-8.26;;;;
694;18.8;24.8;0.5;5;100;8;Successful;Effective;No;No;No;No;No;No;0.0;-8.0;0.25;-8.12;0.39;-8.22;0.47;-8.28;0.51;-8.3;0.54;-8.28;;;;
695;18.8;24.8;0.5;8;100;8;Successful;Effective;No;No;No;No;No;No;0.0;-8.0;0.25;-8.12;0.39;-8.22;0.47;-8.28;0.51;-8.3;0.54;-8.28;;;;
696;18.8;24.8;0.5;10;100;8;Successful;Effective;No;No;No;No;No;No;0.0;-8.0;0.25;-8.12;0.39;-8.22;0.47;-8.28;0.51;-8.3;0.54;-8.28;;;;
697;18.9;24.9;0.5;5;80;5;Successful;Effective;No;No;No;No;No;No;0.0;-5.0;0.2;-5.08;0.32;-5.15;0.38;-5.19;0.41;-5.21;0.43;-5.19;;;;
698;18.9;24.9;0.5;8;80;5;Successful;Effective;No;No;No;No;No;No;0.0;-5.0;0.2;-5.08;0.32;-5.15;0.38;-5.19;0.41;-5.21;0.43;-5.19;;;;
699;18.9;24.9;0.5;10;80;5;Successful;Effective;No;No;No;No;No;No;0.0;-5.0;0.2;-5.08;0.32;-5.15;0.38;-5.19;0.41;-5.21;0.43;-5.19;;;;
700;18.9;24.9;0.5;5;100;5;Successful;Effective;No;No;No;No;No;No;0.0;-5.0;0.25;-5.08;0.39;-5.16;0.47;-5.2;0.51;-5.22;0.54;-5.21;;;;
701;18.9;24.9;0.5;8;100;5;Successful;Effective;No;No;No;No;No;No;0.0;-5.0;0.25;-5.08;0.39;-5.16;0.47;-5.2;0.51;-5.22;0.54;-5.21;;;;
702;18.9;24.9;0.5;10;100;5;Successful;Effective;No;No;No;No;No;No;0.0;-5.0;0.25;-5.08;0.39;-5.16;0.47;-5.2;0.51;-5.22;0.54;-5.21;;;;
703;18.9;24.9;0.5;5;80;6;Successful;Effective;No;No;No;No;No;No;0.0;-6.0;0.2;-6.09;0.32;-6.17;0.38;-6.21;0.41;-6.23;0.43;-6.22;;;;
704;18.9;24.9;0.5;8;80;6;Successful;Effective;No;No;No;No;No;No;0.0;-6.0;0.2;-6.09;0.32;-6.17;0.38;-6.21;0.41;-6.23;0.43;-6.22;;;;
705;18.9;24.9;0.5;10;80;6;Successful;Effective;No;No;No;No;No;No;0.0;-6.0;0.2;-6.09;0.32;-6.17;0.38;-6.21;0.41;-6.23;0.43;-6.22;;;;
706;18.9;24.9;0.5;5;100;6;Successful;Effective;No;No;No;No;No;No;0.0;-6.0;0.25;-6.1;0.39;-6.18;0.47;-6.23;0.51;-6.25;0.54;-6.24;;;;
707;18.9;24.9;0.5;8;100;6;Successful;Effective;No;No;No;No;No;No;0.0;-6.0;0.25;-6.1;0.39;-6.18;0.47;-6.23;0.51;-6.25;0.54;-6.24;;;;
708;18.9;24.9;0.5;10;100;6;Successful;Effective;No;No;No;No;No;No;0.0;-6.0;0.25;-6.1;0.39;-6.18;0.47;-6.23;0.51;-6.25;0.54;-6.24;;;;
709;18.9;24.9;0.5;5;80;7;Successful;Effective;No;No;No;No;No;No;0.0;-7.0;0.2;-7.11;0.32;-7.19;0.38;-7.24;0.41;-7.26;0.43;-7.24;;;;
710;18.9;24.9;0.5;8;80;7;Successful;Effective;No;No;No;No;No;No;0.0;-7.0;0.2;-7.11;0.32;-7.19;0.38;-7.24;0.41;-7.26;0.43;-7.24;;;;
711;18.9;24.9;0.5;10;80;7;Successful;Effective;No;No;No;No;No;No;0.0;-7.0;0.2;-7.11;0.32;-7.19;0.38;-7.24;0.41;-7.26;0.43;-7.24;;;;
712;18.9;24.9;0.5;5;100;7;Successful;Effective;No;No;No;No;No;No;0.0;-7.0;0.25;-7.11;0.39;-7.2;0.47;-7.25;0.51;-7.28;0.54;-7.26;;;;
713;18.9;24.9;0.5;8;100;7;Successful;Effective;No;No;No;No;No;No;0.0;-7.0;0.25;-7.11;0.39;-7.2;0.47;-7.25;0.51;-7.28;0.54;-7.26;;;;
714;18.9;24.9;0.5;10;100;7;Successful;Effective;No;No;No;No;No;No;0.0;-7.0;0.25;-7.11;0.39;-7.2;0.47;-7.25;0.51;-7.28;0.54;-7.26;;;;
715;18.9;24.9;0.5;5;80;8;Successful;Effective;No;No;No;No;No;No;0.0;-7.99;0.2;-8.12;0.32;-8.21;0.38;-8.27;0.41;-8.29;0.43;-8.26;;;;
716;18.9;24.9;0.5;8;80;8;Successful;Effective;No;No;No;No;No;No;0.0;-7.99;0.2;-8.12;0.32;-8.21;0.38;-8.27;0.41;-8.29;0.43;-8.26;;;;
717;18.9;24.9;0.5;10;80;8;Successful;Effective;No;No;No;No;No;No;0.0;-7.99;0.2;-8.12;0.32;-8.21;0.38;-8.27;0.41;-8.29;0.43;-8.26;;;;
718;18.9;24.9;0.5;5;100;8;Successful;Effective;No;No;No;No;No;No;0.0;-8.0;0.25;-8.12;0.39;-8.22;0.47;-8.28;0.51;-8.3;0.54;-8.28;;;;
719;18.9;24.9;0.5;8;100;8;Successful;Effective;No;No;No;No;No;No;0.0;-8.0;0.25;-8.12;0.39;-8.22;0.47;-8.28;0.51;-8.3;0.54;-8.28;;;;
720;18.9;24.9;0.5;10;100;8;Successful;Effective;No;No;No;No;No;No;0.0;-8.0;0.25;-8.12;0.39;-8.22;0.47;-8.28;0.51;-8.3;0.54;-8.28;;;;
721;19.0;25.0;0.5;5;80;5;Successful;Effective;No;No;No;No;No;No;0.0;-5.0;0.2;-5.08;0.32;-5.15;0.38;-5.19;0.41;-5.21;0.43;-5.19;;;;
722;19.0;25.0;0.5;8;80;5;Successful;Effective;No;No;No;No;No;No;0.0;-5.0;0.2;-5.08;0.32;-5.15;0.38;-5.19;0.41;-5.21;0.43;-5.19;;;;
723;19.0;25.0;0.5;10;80;5;Successful;Effective;No;No;No;No;No;No;0.0;-5.0;0.2;-5.08;0.32;-5.15;0.38;-5.19;0.41;-5.21;0.43;-5.19;;;;
724;19.0;25.0;0.5;5;100;5;Successful;Effective;No;No;No;No;No;No;0.0;-5.0;0.25;-5.08;0.39;-5.16;0.47;-5.2;0.51;-5.22;0.54;-5.21;;;;
725;19.0;25.0;0.5;8;100;5;Successful;Effective;No;No;No;No;No;No;0.0;-5.0;0.25;-5.08;0.39;-5.16;0.47;-5.2;0.51;-5.22;0.54;-5.21;;;;
726;19.0;25.0;0.5;10;100;5;Successful;Effective;No;No;No;No;No;No;0.0;-5.0;0.25;-5.08;0.39;-5.16;0.47;-5.2;0.51;-5.22;0.54;-5.21;;;;
727;19.0;25.0;0.5;5;80;6;Successful;Effective;No;No;No;No;No;No;0.0;-6.0;0.2;-6.09;0.32;-6.17;0.38;-6.21;0.41;-6.23;0.43;-6.22;;;;
728;19.0;25.0;0.5;8;80;6;Successful;Effective;No;No;No;No;No;No;0.0;-6.0;0.2;-6.09;0.32;-6.17;0.38;-6.21;0.41;-6.23;0.43;-6.22;;;;
729;19.0;25.0;0.5;10;80;6;Successful;Effective;No;No;No;No;No;No;0.0;-6.0;0.2;-6.09;0.32;-6.17;0.38;-6.21;0.41;-6.23;0.43;-6.22;;;;
730;19.0;25.0;0.5;5;100;6;Successful;Effective;No;No;No;No;No;No;0.0;-6.0;0.25;-6.1;0.39;-6.18;0.47;-6.23;0.51;-6.25;0.54;-6.24;;;;
731;19.0;25.0;0.5;8;100;6;Successful;Effective;No;No;No;No;No;No;0.0;-6.0;0.25;-6.1;0.39;-6.18;0.47;-6.23;0.51;-6.25;0.54;-6.24;;;;
732;19.0;25.0;0.5;10;100;6;Successful;Effective;No;No;No;No;No;No;0.0;-6.0;0.25;-6.1;0.39;-6.18;0.47;-6.23;0.51;-6.25;0.54;-6.24;;;;
733;19.0;25.0;0.5;5;80;7;Successful;Effective;No;No;No;No;No;No;0.0;-7.0;0.2;-7.11;0.32;-7.19;0.38;-7.24;0.41;-7.26;0.43;-7.24;;;;
734;19.0;25.0;0.5;8;80;7;Successful;Effective;No;No;No;No;No;No;0.0;-7.0;0.2;-7.11;0.32;-7.19;0.38;-7.24;0.41;-7.26;0.43;-7.24;;;;
735;19.0;25.0;0.5;10;80;7;Successful;Effective;No;No;No;No;No;No;0.0;-7.0;0.2;-7.11;0.32;-7.19;0.38;-7.24;0.41;-7.26;0.43;-7.24;;;;
736;19.0;25.0;0.5;5;100;7;Successful;Effective;No;No;No;No;No;No;0.0;-7.0;0.25;-7.11;0.39;-7.2;0.47;-7.26;0.51;-7.28;0.54;-7.26;;;;
737;19.0;25.0;0.5;8;100;7;Successful;Effective;No;No;No;No;No;No;0.0;-7.0;0.25;-7.11;0.39;-7.2;0.47;-7.26;0.51;-7.28;0.54;-7.26;;;;
738;19.0;25.0;0.5;10;100;7;Successful;Effective;No;No;No;No;No;No;0.0;-7.0;0.25;-7.11;0.39;-7.2;0.47;-7.26;0.51;-7.28;0.54;-7.26;;;;
739;19.0;25.0;0.5;5;80;8;Successful;Effective;No;No;No;No;No;No;0.0;-7.99;0.2;-8.12;0.32;-8.21;0.38;-8.27;0.41;-8.29;0.43;-8.26;;;;
740;19.0;25.0;0.5;8;80;8;Successful;Effective;No;No;No;No;No;No;0.0;-7.99;0.2;-8.12;0.32;-8.21;0.38;-8.27;0.41;-8.29;0.43;-8.26;;;;
741;19.0;25.0;0.5;10;80;8;Successful;Effective;No;No;No;No;No;No;0.0;-7.99;0.2;-8.12;0.32;-8.21;0.38;-8.27;0.41;-8.29;0.43;-8.26;;;;
742;19.0;25.0;0.5;5;100;8;Successful;Effective;No;No;No;No;No;No;0.0;-8.0;0.25;-8.12;0.39;-8.22;0.47;-8.28;0.51;-8.3;0.54;-8.28;;;;
743;19.0;25.0;0.5;8;100;8;Successful;Effective;No;No;No;No;No;No;0.0;-8.0;0.25;-8.12;0.39;-8.22;0.47;-8.28;0.51;-8.3;0.54;-8.28;;;;
744;19.0;25.0;0.5;10;100;8;Successful;Effective;No;No;No;No;No;No;0.0;-8.0;0.25;-8.12;0.39;-8.22;0.47;-8.28;0.51;-8.3;0.54;-8.28;;;;
745;19.1;25.1;0.5;5;80;5;Successful;Effective;No;No;No;No;No;No;0.0;-5.0;0.2;-5.08;0.32;-5.15;0.38;-5.19;0.41;-5.21;0.43;-5.19;;;;
746;19.1;25.1;0.5;8;80;5;Successful;Effective;No;No;No;No;No;No;0.0;-5.0;0.2;-5.08;0.32;-5.15;0.38;-5.19;0.41;-5.21;0.43;-5.19;;;;
747;19.1;25.1;0.5;10;80;5;Successful;Effective;No;No;No;No;No;No;0.0;-5.0;0.2;-5.08;0.32;-5.15;0.38;-5.19;0.41;-5.21;0.43;-5.19;;;;
748;19.1;25.1;0.5;5;100;5;Successful;Effective;No;No;No;No;No;No;0.0;-5.0;0.25;-5.09;0.39;-5.16;0.47;-5.2;0.51;-5.22;0.54;-5.21;;;;
749;19.1;25.1;0.5;8;100;5;Successful;Effective;No;No;No;No;No;No;0.0;-5.0;0.25;-5.09;0.39;-5.16;0.47;-5.2;0.51;-5.22;0.54;-5.21;;;;
750;19.1;25.1;0.5;10;100;5;Successful;Effective;No;No;No;No;No;No;0.0;-5.0;0.25;-5.09;0.39;-5.16;0.47;-5.2;0.51;-5.22;0.54;-5.21;;;;
751;19.1;25.1;0.5;5;80;6;Successful;Effective;No;No;No;No;No;No;0.0;-6.0;0.2;-6.09;0.32;-6.17;0.38;-6.22;0.41;-6.23;0.43;-6.22;;;;
752;19.1;25.1;0.5;8;80;6;Successful;Effective;No;No;No;No;No;No;0.0;-6.0;0.2;-6.09;0.32;-6.17;0.38;-6.22;0.41;-6.23;0.43;-6.22;;;;
753;19.1;25.1;0.5;10;80;6;Successful;Effective;No;No;No;No;No;No;0.0;-6.0;0.2;-6.09;0.32;-6.17;0.38;-6.22;0.41;-6.23;0.43;-6.22;;;;
754;19.1;25.1;0.5;5;100;6;Successful;Effective;No;No;No;No;No;No;0.0;-6.0;0.25;-6.1;0.39;-6.18;0.47;-6.23;0.51;-6.25;0.54;-6.24;;;;
755;19.1;25.1;0.5;8;100;6;Successful;Effective;No;No;No;No;No;No;0.0;-6.0;0.25;-6.1;0.39;-6.18;0.47;-6.23;0.51;-6.25;0.54;-6.24;;;;
756;19.1;25.1;0.5;10;100;6;Successful;Effective;No;No;No;No;No;No;0.0;-6.0;0.25;-6.1;0.39;-6.18;0.47;-6.23;0.51;-6.25;0.54;-6.24;;;;
757;19.1;25.1;0.5;5;80;7;Successful;Effective;No;No;No;No;No;No;0.0;-7.0;0.2;-7.11;0.32;-7.19;0.38;-7.24;0.41;-7.26;0.43;-7.24;;;;
758;19.1;25.1;0.5;8;80;7;Successful;Effective;No;No;No;No;No;No;0.0;-7.0;0.2;-7.11;0.32;-7.19;0.38;-7.24;0.41;-7.26;0.43;-7.24;;;;
759;19.1;25.1;0.5;10;80;7;Successful;Effective;No;No;No;No;No;No;0.0;-7.0;0.2;-7.11;0.32;-7.19;0.38;-7.24;0.41;-7.26;0.43;-7.24;;;;
760;19.1;25.1;0.5;5;100;7;Successful;Effective;No;No;No;No;No;No;0.0;-7.0;0.25;-7.11;0.39;-7.2;0.47;-7.26;0.51;-7.28;0.54;-7.26;;;;
761;19.1;25.1;0.5;8;100;7;Successful;Effective;No;No;No;No;No;No;0.0;-7.0;0.25;-7.11;0.39;-7.2;0.47;-7.26;0.51;-7.28;0.54;-7.26;;;;
762;19.1;25.1;0.5;10;100;7;Successful;Effective;No;No;No;No;No;No;0.0;-7.0;0.25;-7.11;0.39;-7.2;0.47;-7.26;0.51;-7.28;0.54;-7.26;;;;
763;19.1;25.1;0.5;5;80;8;Successful;Effective;No;No;No;No;No;No;0.0;-7.99;0.2;-8.12;0.32;-8.22;0.38;-8.27;0.41;-8.29;0.43;-8.26;;;;
764;19.1;25.1;0.5;8;80;8;Successful;Effective;No;No;No;No;No;No;0.0;-7.99;0.2;-8.12;0.32;-8.22;0.38;-8.27;0.41;-8.29;0.43;-8.26;;;;
765;19.1;25.1;0.5;10;80;8;Successful;Effective;No;No;No;No;No;No;0.0;-7.99;0.2;-8.12;0.32;-8.22;0.38;-8.27;0.41;-8.29;0.43;-8.26;;;;
766;19.1;25.1;0.5;5;100;8;Successful;Effective;No;No;No;No;No;No;0.0;-8.0;0.25;-8.12;0.39;-8.23;0.47;-8.28;0.51;-8.31;0.54;-8.28;;;;
767;19.1;25.1;0.5;8;100;8;Successful;Effective;No;No;No;No;No;No;0.0;-8.0;0.25;-8.12;0.39;-8.23;0.47;-8.28;0.51;-8.31;0.54;-8.28;;;;
768;19.1;25.1;0.5;10;100;8;Successful;Effective;No;No;No;No;No;No;0.0;-8.0;0.25;-8.12;0.39;-8.23;0.47;-8.28;0.51;-8.31;0.54;-8.28;;;;
769;19.2;25.2;0.5;5;80;5;Successful;Effective;No;No;No;No;No;No;0.0;-5.0;0.2;-5.08;0.32;-5.15;0.38;-5.19;0.41;-5.21;0.43;-5.19;;;;
770;19.2;25.2;0.5;8;80;5;Successful;Effective;No;No;No;No;No;No;0.0;-5.0;0.2;-5.08;0.32;-5.15;0.38;-5.19;0.41;-5.21;0.43;-5.19;;;;
771;19.2;25.2;0.5;10;80;5;Successful;Effective;No;No;No;No;No;No;0.0;-5.0;0.2;-5.08;0.32;-5.15;0.38;-5.19;0.41;-5.21;0.43;-5.19;;;;
772;19.2;25.2;0.5;5;100;5;Successful;Effective;No;No;No;No;No;No;0.0;-5.0;0.25;-5.09;0.39;-5.16;0.47;-5.2;0.51;-5.22;0.54;-5.21;;;;
773;19.2;25.2;0.5;8;100;5;Successful;Effective;No;No;No;No;No;No;0.0;-5.0;0.25;-5.09;0.39;-5.16;0.47;-5.2;0.51;-5.22;0.54;-5.21;;;;
774;19.2;25.2;0.5;10;100;5;Successful;Effective;No;No;No;No;No;No;0.0;-5.0;0.25;-5.09;0.39;-5.16;0.47;-5.2;0.51;-5.22;0.54;-5.21;;;;
775;19.2;25.2;0.5;5;80;6;Successful;Effective;No;No;No;No;No;No;0.0;-6.0;0.2;-6.09;0.32;-6.17;0.38;-6.22;0.41;-6.23;0.43;-6.22;;;;
776;19.2;25.2;0.5;8;80;6;Successful;Effective;No;No;No;No;No;No;0.0;-6.0;0.2;-6.09;0.32;-6.17;0.38;-6.22;0.41;-6.23;0.43;-6.22;;;;
777;19.2;25.2;0.5;10;80;6;Successful;Effective;No;No;No;No;No;No;0.0;-6.0;0.2;-6.09;0.32;-6.17;0.38;-6.22;0.41;-6.23;0.43;-6.22;;;;
778;19.2;25.2;0.5;5;100;6;Successful;Effective;No;No;No;No;No;No;0.0;-6.0;0.25;-6.1;0.39;-6.18;0.47;-6.23;0.51;-6.25;0.54;-6.24;;;;
779;19.2;25.2;0.5;8;100;6;Successful;Effective;No;No;No;No;No;No;0.0;-6.0;0.25;-6.1;0.39;-6.18;0.47;-6.23;0.51;-6.25;0.54;-6.24;;;;
780;19.2;25.2;0.5;10;100;6;Successful;Effective;No;No;No;No;No;No;0.0;-6.0;0.25;-6.1;0.39;-6.18;0.47;-6.23;0.51;-6.25;0.54;-6.24;;;;
781;19.2;25.2;0.5;5;80;7;Successful;Effective;No;No;No;No;No;No;0.0;-7.0;0.2;-7.11;0.32;-7.19;0.38;-7.24;0.41;-7.26;0.43;-7.24;;;;
782;19.2;25.2;0.5;8;80;7;Successful;Effective;No;No;No;No;No;No;0.0;-7.0;0.2;-7.11;0.32;-7.19;0.38;-7.24;0.41;-7.26;0.43;-7.24;;;;
783;19.2;25.2;0.5;10;80;7;Successful;Effective;No;No;No;No;No;No;0.0;-7.0;0.2;-7.11;0.32;-7.19;0.38;-7.24;0.41;-7.26;0.43;-7.24;;;;
784;19.2;25.2;0.5;5;100;7;Successful;Effective;No;No;No;No;No;No;0.0;-7.0;0.25;-7.11;0.39;-7.2;0.47;-7.26;0.51;-7.28;0.54;-7.26;;;;
785;19.2;25.2;0.5;8;100;7;Successful;Effective;No;No;No;No;No;No;0.0;-7.0;0.25;-7.11;0.39;-7.2;0.47;-7.26;0.51;-7.28;0.54;-7.26;;;;
786;19.2;25.2;0.5;10;100;7;Successful;Effective;No;No;No;No;No;No;0.0;-7.0;0.25;-7.11;0.39;-7.2;0.47;-7.26;0.51;-7.28;0.54;-7.26;;;;
787;19.2;25.2;0.5;5;80;8;Successful;Effective;No;No;No;No;No;No;0.0;-7.99;0.2;-8.12;0.32;-8.22;0.38;-8.27;0.41;-8.29;0.43;-8.26;;;;
788;19.2;25.2;0.5;8;80;8;Successful;Effective;No;No;No;No;No;No;0.0;-7.99;0.2;-8.12;0.32;-8.22;0.38;-8.27;0.41;-8.29;0.43;-8.26;;;;
789;19.2;25.2;0.5;10;80;8;Successful;Effective;No;No;No;No;No;No;0.0;-7.99;0.2;-8.12;0.32;-8.22;0.38;-8.27;0.41;-8.29;0.43;-8.26;;;;
790;19.2;25.2;0.5;5;100;8;Successful;Effective;No;No;No;No;No;No;0.0;-8.0;0.25;-8.12;0.39;-8.23;0.47;-8.28;0.51;-8.31;0.54;-8.28;;;;
791;19.2;25.2;0.5;8;100;8;Successful;Effective;No;No;No;No;No;No;0.0;-8.0;0.25;-8.12;0.39;-8.23;0.47;-8.28;0.51;-8.31;0.54;-8.28;;;;
792;19.2;25.2;0.5;10;100;8;Successful;Effective;No;No;No;No;No;No;0.0;-8.0;0.25;-8.12;0.39;-8.23;0.47;-8.28;0.51;-8.31;0.54;-8.28;;;;
793;19.3;25.3;0.5;5;80;5;Successful;Effective;No;No;No;No;No;No;0.0;-5.0;0.2;-5.08;0.32;-5.15;0.38;-5.19;0.41;-5.21;0.43;-5.19;;;;
794;19.3;25.3;0.5;8;80;5;Successful;Effective;No;No;No;No;No;No;0.0;-5.0;0.2;-5.08;0.32;-5.15;0.38;-5.19;0.41;-5.21;0.43;-5.19;;;;
795;19.3;25.3;0.5;10;80;5;Successful;Effective;No;No;No;No;No;No;0.0;-5.0;0.2;-5.08;0.32;-5.15;0.38;-5.19;0.41;-5.21;0.43;-5.19;;;;
796;19.3;25.3;0.5;5;100;5;Successful;Effective;No;No;No;No;No;No;0.0;-5.0;0.25;-5.09;0.39;-5.16;0.47;-5.2;0.51;-5.22;0.54;-5.21;;;;
797;19.3;25.3;0.5;8;100;5;Successful;Effective;No;No;No;No;No;No;0.0;-5.0;0.25;-5.09;0.39;-5.16;0.47;-5.2;0.51;-5.22;0.54;-5.21;;;;
798;19.3;25.3;0.5;10;100;5;Successful;Effective;No;No;No;No;No;No;0.0;-5.0;0.25;-5.09;0.39;-5.16;0.47;-5.2;0.51;-5.22;0.54;-5.21;;;;
799;19.3;25.3;0.5;5;80;6;Successful;Effective;No;No;No;No;No;No;0.0;-6.0;0.2;-6.1;0.32;-6.17;0.38;-6.22;0.41;-6.23;0.43;-6.22;;;;
800;19.3;25.3;0.5;8;80;6;Successful;Effective;No;No;No;No;No;No;0.0;-6.0;0.2;-6.1;0.32;-6.17;0.38;-6.22;0.41;-6.23;0.43;-6.22;;;;
801;19.3;25.3;0.5;10;80;6;Successful;Effective;No;No;No;No;No;No;0.0;-6.0;0.2;-6.1;0.32;-6.17;0.38;-6.22;0.41;-6.23;0.43;-6.22;;;;
802;19.3;25.3;0.5;5;100;6;Successful;Effective;No;No;No;No;No;No;0.0;-6.0;0.25;-6.1;0.39;-6.18;0.47;-6.23;0.51;-6.25;0.54;-6.24;;;;
803;19.3;25.3;0.5;8;100;6;Successful;Effective;No;No;No;No;No;No;0.0;-6.0;0.25;-6.1;0.39;-6.18;0.47;-6.23;0.51;-6.25;0.54;-6.24;;;;
804;19.3;25.3;0.5;10;100;6;Successful;Effective;No;No;No;No;No;No;0.0;-6.0;0.25;-6.1;0.39;-6.18;0.47;-6.23;0.51;-6.25;0.54;-6.24;;;;
805;19.3;25.3;0.5;5;80;7;Successful;Effective;No;No;No;No;No;No;0.0;-7.0;0.2;-7.11;0.32;-7.19;0.38;-7.24;0.41;-7.26;0.43;-7.24;;;;
806;19.3;25.3;0.5;8;80;7;Successful;Effective;No;No;No;No;No;No;0.0;-7.0;0.2;-7.11;0.32;-7.19;0.38;-7.24;0.41;-7.26;0.43;-7.24;;;;
807;19.3;25.3;0.5;10;80;7;Successful;Effective;No;No;No;No;No;No;0.0;-7.0;0.2;-7.11;0.32;-7.19;0.38;-7.24;0.41;-7.26;0.43;-7.24;;;;
808;19.3;25.3;0.5;5;100;7;Successful;Effective;No;No;No;No;No;No;0.0;-7.0;0.25;-7.11;0.39;-7.2;0.47;-7.26;0.51;-7.28;0.54;-7.26;;;;
809;19.3;25.3;0.5;8;100;7;Successful;Effective;No;No;No;No;No;No;0.0;-7.0;0.25;-7.11;0.39;-7.2;0.47;-7.26;0.51;-7.28;0.54;-7.26;;;;
810;19.3;25.3;0.5;10;100;7;Successful;Effective;No;No;No;No;No;No;0.0;-7.0;0.25;-7.11;0.39;-7.2;0.47;-7.26;0.51;-7.28;0.54;-7.26;;;;
811;19.3;25.3;0.5;5;80;8;Successful;Effective;No;No;No;No;No;No;0.0;-7.99;0.2;-8.12;0.32;-8.22;0.38;-8.27;0.41;-8.29;0.43;-8.26;;;;
812;19.3;25.3;0.5;8;80;8;Successful;Effective;No;No;No;No;No;No;0.0;-7.99;0.2;-8.12;0.32;-8.22;0.38;-8.27;0.41;-8.29;0.43;-8.26;;;;
813;19.3;25.3;0.5;10;80;8;Successful;Effective;No;No;No;No;No;No;0.0;-7.99;0.2;-8.12;0.32;-8.22;0.38;-8.27;0.41;-8.29;0.43;-8.26;;;;
814;19.3;25.3;0.5;5;100;8;Successful;Effective;No;No;No;No;No;No;0.0;-8.0;0.25;-8.13;0.39;-8.23;0.47;-8.28;0.51;-8.31;0.54;-8.28;;;;
815;19.3;25.3;0.5;8;100;8;Successful;Effective;No;No;No;No;No;No;0.0;-8.0;0.25;-8.13;0.39;-8.23;0.47;-8.28;0.51;-8.31;0.54;-8.28;;;;
816;19.3;25.3;0.5;10;100;8;Successful;Effective;No;No;No;No;No;No;0.0;-8.0;0.25;-8.13;0.39;-8.23;0.47;-8.28;0.51;-8.31;0.54;-8.28;;;;
817;19.4;25.4;0.5;5;80;5;Successful;Effective;No;No;No;No;No;No;0.0;-5.0;0.2;-5.08;0.32;-5.15;0.38;-5.19;0.41;-5.21;0.43;-5.19;;;;
818;19.4;25.4;0.5;8;80;5;Successful;Effective;No;No;No;No;No;No;0.0;-5.0;0.2;-5.08;0.32;-5.15;0.38;-5.19;0.41;-5.21;0.43;-5.19;;;;
819;19.4;25.4;0.5;10;80;5;Successful;Effective;No;No;No;No;No;No;0.0;-5.0;0.2;-5.08;0.32;-5.15;0.38;-5.19;0.41;-5.21;0.43;-5.19;;;;
820;19.4;25.4;0.5;5;100;5;Successful;Effective;No;No;No;No;No;No;0.0;-5.0;0.25;-5.09;0.39;-5.16;0.47;-5.2;0.51;-5.22;0.54;-5.21;;;;
821;19.4;25.4;0.5;8;100;5;Successful;Effective;No;No;No;No;No;No;0.0;-5.0;0.25;-5.09;0.39;-5.16;0.47;-5.2;0.51;-5.22;0.54;-5.21;;;;
822;19.4;25.4;0.5;10;100;5;Successful;Effective;No;No;No;No;No;No;0.0;-5.0;0.25;-5.09;0.39;-5.16;0.47;-5.2;0.51;-5.22;0.54;-5.21;;;;
823;19.4;25.4;0.5;5;80;6;Successful;Effective;No;No;No;No;No;No;0.0;-6.0;0.2;-6.1;0.32;-6.17;0.38;-6.22;0.41;-6.23;0.43;-6.22;;;;
824;19.4;25.4;0.5;8;80;6;Successful;Effective;No;No;No;No;No;No;0.0;-6.0;0.2;-6.1;0.32;-6.17;0.38;-6.22;0.41;-6.23;0.43;-6.22;;;;
825;19.4;25.4;0.5;10;80;6;Successful;Effective;No;No;No;No;No;No;0.0;-6.0;0.2;-6.1;0.32;-6.17;0.38;-6.22;0.41;-6.23;0.43;-6.22;;;;
826;19.4;25.4;0.5;5;100;6;Successful;Effective;No;No;No;No;No;No;0.0;-6.0;0.25;-6.1;0.39;-6.18;0.47;-6.23;0.51;-6.25;0.54;-6.24;;;;
827;19.4;25.4;0.5;8;100;6;Successful;Effective;No;No;No;No;No;No;0.0;-6.0;0.25;-6.1;0.39;-6.18;0.47;-6.23;0.51;-6.25;0.54;-6.24;;;;
828;19.4;25.4;0.5;10;100;6;Successful;Effective;No;No;No;No;No;No;0.0;-6.0;0.25;-6.1;0.39;-6.18;0.47;-6.23;0.51;-6.25;0.54;-6.24;;;;
829;19.4;25.4;0.5;5;80;7;Successful;Effective;No;No;No;No;No;No;0.0;-7.0;0.2;-7.11;0.32;-7.19;0.38;-7.24;0.41;-7.26;0.43;-7.24;;;;
830;19.4;25.4;0.5;8;80;7;Successful;Effective;No;No;No;No;No;No;0.0;-7.0;0.2;-7.11;0.32;-7.19;0.38;-7.24;0.41;-7.26;0.43;-7.24;;;;
831;19.4;25.4;0.5;10;80;7;Successful;Effective;No;No;No;No;No;No;0.0;-7.0;0.2;-7.11;0.32;-7.19;0.38;-7.24;0.41;-7.26;0.43;-7.24;;;;
832;19.4;25.4;0.5;5;100;7;Successful;Effective;No;No;No;No;No;No;0.0;-7.0;0.25;-7.11;0.39;-7.2;0.47;-7.26;0.51;-7.28;0.54;-7.26;;;;
833;19.4;25.4;0.5;8;100;7;Successful;Effective;No;No;No;No;No;No;0.0;-7.0;0.25;-7.11;0.39;-7.2;0.47;-7.26;0.51;-7.28;0.54;-7.26;;;;
834;19.4;25.4;0.5;10;100;7;Successful;Effective;No;No;No;No;No;No;0.0;-7.0;0.25;-7.11;0.39;-7.2;0.47;-7.26;0.51;-7.28;0.54;-7.26;;;;
835;19.4;25.4;0.5;5;80;8;Successful;Effective;No;No;No;No;No;No;0.0;-7.99;0.2;-8.12;0.32;-8.22;0.38;-8.27;0.41;-8.29;0.43;-8.26;;;;
836;19.4;25.4;0.5;8;80;8;Successful;Effective;No;No;No;No;No;No;0.0;-7.99;0.2;-8.12;0.32;-8.22;0.38;-8.27;0.41;-8.29;0.43;-8.26;;;;
837;19.4;25.4;0.5;10;80;8;Successful;Effective;No;No;No;No;No;No;0.0;-7.99;0.2;-8.12;0.32;-8.22;0.38;-8.27;0.41;-8.29;0.43;-8.26;;;;
838;19.4;25.4;0.5;5;100;8;Successful;Effective;No;No;No;No;No;No;0.0;-8.0;0.25;-8.13;0.39;-8.23;0.47;-8.28;0.51;-8.31;0.54;-8.28;;;;
839;19.4;25.4;0.5;8;100;8;Successful;Effective;No;No;No;No;No;No;0.0;-8.0;0.25;-8.13;0.39;-8.23;0.47;-8.28;0.51;-8.31;0.54;-8.28;;;;
840;19.4;25.4;0.5;10;100;8;Successful;Effective;No;No;No;No;No;No;0.0;-8.0;0.25;-8.13;0.39;-8.23;0.47;-8.28;0.51;-8.31;0.54;-8.28;;;;
841;19.5;25.5;0.5;5;80;5;Successful;Effective;No;No;No;No;No;No;0.0;-5.0;0.2;-5.08;0.32;-5.15;0.38;-5.19;0.41;-5.21;0.43;-5.19;;;;
842;19.5;25.5;0.5;8;80;5;Successful;Effective;No;No;No;No;No;No;0.0;-5.0;0.2;-5.08;0.32;-5.15;0.38;-5.19;0.41;-5.21;0.43;-5.19;;;;
843;19.5;25.5;0.5;10;80;5;Successful;Effective;No;No;No;No;No;No;0.0;-5.0;0.2;-5.08;0.32;-5.15;0.38;-5.19;0.41;-5.21;0.43;-5.19;;;;
844;19.5;25.5;0.5;5;100;5;Successful;Effective;No;No;No;No;No;No;0.0;-5.0;0.25;-5.09;0.39;-5.16;0.47;-5.2;0.51;-5.22;0.54;-5.21;;;;
845;19.5;25.5;0.5;8;100;5;Successful;Effective;No;No;No;No;No;No;0.0;-5.0;0.25;-5.09;0.39;-5.16;0.47;-5.2;0.51;-5.22;0.54;-5.21;;;;
846;19.5;25.5;0.5;10;100;5;Successful;Effective;No;No;No;No;No;No;0.0;-5.0;0.25;-5.09;0.39;-5.16;0.47;-5.2;0.51;-5.22;0.54;-5.21;;;;
847;19.5;25.5;0.5;5;80;6;Successful;Effective;No;No;No;No;No;No;0.0;-6.0;0.2;-6.1;0.32;-6.17;0.38;-6.22;0.41;-6.23;0.43;-6.22;;;;
848;19.5;25.5;0.5;8;80;6;Successful;Effective;No;No;No;No;No;No;0.0;-6.0;0.2;-6.1;0.32;-6.17;0.38;-6.22;0.41;-6.23;0.43;-6.22;;;;
849;19.5;25.5;0.5;10;80;6;Successful;Effective;No;No;No;No;No;No;0.0;-6.0;0.2;-6.1;0.32;-6.17;0.38;-6.22;0.41;-6.23;0.43;-6.22;;;;
850;19.5;25.5;0.5;5;100;6;Successful;Effective;No;No;No;No;No;No;0.0;-6.0;0.25;-6.1;0.39;-6.18;0.47;-6.23;0.51;-6.25;0.54;-6.24;;;;
851;19.5;25.5;0.5;8;100;6;Successful;Effective;No;No;No;No;No;No;0.0;-6.0;0.25;-6.1;0.39;-6.18;0.47;-6.23;0.51;-6.25;0.54;-6.24;;;;
852;19.5;25.5;0.5;10;100;6;Successful;Effective;No;No;No;No;No;No;0.0;-6.0;0.25;-6.1;0.39;-6.18;0.47;-6.23;0.51;-6.25;0.54;-6.24;;;;
853;19.5;25.5;0.5;5;80;7;Successful;Effective;No;No;No;No;No;No;0.0;-7.0;0.2;-7.11;0.32;-7.19;0.38;-7.24;0.41;-7.26;0.43;-7.24;;;;
854;19.5;25.5;0.5;8;80;7;Successful;Effective;No;No;No;No;No;No;0.0;-7.0;0.2;-7.11;0.32;-7.19;0.38;-7.24;0.41;-7.26;0.43;-7.24;;;;
855;19.5;25.5;0.5;10;80;7;Successful;Effective;No;No;No;No;No;No;0.0;-7.0;0.2;-7.11;0.32;-7.19;0.38;-7.24;0.41;-7.26;0.43;-7.24;;;;
856;19.5;25.5;0.5;5;100;7;Successful;Effective;No;No;No;No;No;No;0.0;-7.0;0.25;-7.11;0.39;-7.2;0.47;-7.26;0.51;-7.28;0.54;-7.26;;;;
857;19.5;25.5;0.5;8;100;7;Successful;Effective;No;No;No;No;No;No;0.0;-7.0;0.25;-7.11;0.39;-7.2;0.47;-7.26;0.51;-7.28;0.54;-7.26;;;;
858;19.5;25.5;0.5;10;100;7;Successful;Effective;No;No;No;No;No;No;0.0;-7.0;0.25;-7.11;0.39;-7.2;0.47;-7.26;0.51;-7.28;0.54;-7.26;;;;
859;19.5;25.5;0.5;5;80;8;Successful;Effective;No;No;No;No;No;No;0.0;-7.99;0.2;-8.12;0.32;-8.22;0.38;-8.27;0.41;-8.29;0.43;-8.26;;;;
860;19.5;25.5;0.5;8;80;8;Successful;Effective;No;No;No;No;No;No;0.0;-7.99;0.2;-8.12;0.32;-8.22;0.38;-8.27;0.41;-8.29;0.43;-8.26;;;;
861;19.5;25.5;0.5;10;80;8;Successful;Effective;No;No;No;No;No;No;0.0;-7.99;0.2;-8.12;0.32;-8.22;0.38;-8.27;0.41;-8.29;0.43;-8.26;;;;
862;19.5;25.5;0.5;5;100;8;Successful;Effective;No;No;No;No;No;No;0.0;-8.0;0.25;-8.13;0.39;-8.23;0.47;-8.28;0.51;-8.31;0.54;-8.28;;;;
863;19.5;25.5;0.5;8;100;8;Successful;Effective;No;No;No;No;No;No;0.0;-8.0;0.25;-8.13;0.39;-8.23;0.47;-8.28;0.51;-8.31;0.54;-8.28;;;;
864;19.5;25.5;0.5;10;100;8;Successful;Effective;No;No;No;No;No;No;0.0;-8.0;0.25;-8.13;0.39;-8.23;0.47;-8.28;0.51;-8.31;0.54;-8.28;;;;
865;19.6;25.6;0.5;5;80;5;Successful;Effective;No;No;No;No;No;No;0.0;-5.0;0.2;-5.08;0.32;-5.15;0.38;-5.19;0.41;-5.21;0.43;-5.19;;;;
866;19.6;25.6;0.5;8;80;5;Successful;Effective;No;No;No;No;No;No;0.0;-5.0;0.2;-5.08;0.32;-5.15;0.38;-5.19;0.41;-5.21;0.43;-5.19;;;;
867;19.6;25.6;0.5;10;80;5;Successful;Effective;No;No;No;No;No;No;0.0;-5.0;0.2;-5.08;0.32;-5.15;0.38;-5.19;0.41;-5.21;0.43;-5.19;;;;
868;19.6;25.6;0.5;5;100;5;Successful;Effective;No;No;No;No;No;No;0.0;-5.0;0.25;-5.09;0.39;-5.16;0.47;-5.2;0.51;-5.22;0.54;-5.21;;;;
869;19.6;25.6;0.5;8;100;5;Successful;Effective;No;No;No;No;No;No;0.0;-5.0;0.25;-5.09;0.39;-5.16;0.47;-5.2;0.51;-5.22;0.54;-5.21;;;;
870;19.6;25.6;0.5;10;100;5;Successful;Effective;No;No;No;No;No;No;0.0;-5.0;0.25;-5.09;0.39;-5.16;0.47;-5.2;0.51;-5.22;0.54;-5.21;;;;
871;19.6;25.6;0.5;5;80;6;Successful;Effective;No;No;No;No;No;No;0.0;-6.0;0.2;-6.1;0.32;-6.17;0.38;-6.21;0.41;-6.23;0.43;-6.22;;;;
872;19.6;25.6;0.5;8;80;6;Successful;Effective;No;No;No;No;No;No;0.0;-6.0;0.2;-6.1;0.32;-6.17;0.38;-6.21;0.41;-6.23;0.43;-6.22;;;;
873;19.6;25.6;0.5;10;80;6;Successful;Effective;No;No;No;No;No;No;0.0;-6.0;0.2;-6.1;0.32;-6.17;0.38;-6.21;0.41;-6.23;0.43;-6.22;;;;
874;19.6;25.6;0.5;5;100;6;Successful;Effective;No;No;No;No;No;No;0.0;-6.0;0.25;-6.1;0.39;-6.18;0.47;-6.23;0.51;-6.25;0.54;-6.24;;;;
875;19.6;25.6;0.5;8;100;6;Successful;Effective;No;No;No;No;No;No;0.0;-6.0;0.25;-6.1;0.39;-6.18;0.47;-6.23;0.51;-6.25;0.54;-6.24;;;;
876;19.6;25.6;0.5;10;100;6;Successful;Effective;No;No;No;No;No;No;0.0;-6.0;0.25;-6.1;0.39;-6.18;0.47;-6.23;0.51;-6.25;0.54;-6.24;;;;
877;19.6;25.6;0.5;5;80;7;Successful;Effective;No;No;No;No;No;No;0.0;-7.0;0.2;-7.11;0.32;-7.19;0.38;-7.24;0.41;-7.26;0.43;-7.24;;;;
878;19.6;25.6;0.5;8;80;7;Successful;Effective;No;No;No;No;No;No;0.0;-7.0;0.2;-7.11;0.32;-7.19;0.38;-7.24;0.41;-7.26;0.43;-7.24;;;;
879;19.6;25.6;0.5;10;80;7;Successful;Effective;No;No;No;No;No;No;0.0;-7.0;0.2;-7.11;0.32;-7.19;0.38;-7.24;0.41;-7.26;0.43;-7.24;;;;
880;19.6;25.6;0.5;5;100;7;Successful;Effective;No;No;No;No;No;No;0.0;-7.0;0.25;-7.12;0.39;-7.2;0.47;-7.26;0.51;-7.28;0.54;-7.26;;;;
881;19.6;25.6;0.5;8;100;7;Successful;Effective;No;No;No;No;No;No;0.0;-7.0;0.25;-7.12;0.39;-7.2;0.47;-7.26;0.51;-7.28;0.54;-7.26;;;;
882;19.6;25.6;0.5;10;100;7;Successful;Effective;No;No;No;No;No;No;0.0;-7.0;0.25;-7.12;0.39;-7.2;0.47;-7.26;0.51;-7.28;0.54;-7.26;;;;
883;19.6;25.6;0.5;5;80;8;Successful;Effective;No;No;No;No;No;No;0.0;-7.99;0.2;-8.12;0.32;-8.22;0.38;-8.27;0.41;-8.29;0.43;-8.26;;;;
884;19.6;25.6;0.5;8;80;8;Successful;Effective;No;No;No;No;No;No;0.0;-7.99;0.2;-8.12;0.32;-8.22;0.38;-8.27;0.41;-8.29;0.43;-8.26;;;;
885;19.6;25.6;0.5;10;80;8;Successful;Effective;No;No;No;No;No;No;0.0;-7.99;0.2;-8.12;0.32;-8.22;0.38;-8.27;0.41;-8.29;0.43;-8.26;;;;
886;19.6;25.6;0.5;5;100;8;Successful;Effective;No;No;No;No;No;No;0.0;-8.0;0.25;-8.13;0.39;-8.23;0.47;-8.28;0.51;-8.31;0.54;-8.28;;;;
887;19.6;25.6;0.5;8;100;8;Successful;Effective;No;No;No;No;No;No;0.0;-8.0;0.25;-8.13;0.39;-8.23;0.47;-8.28;0.51;-8.31;0.54;-8.28;;;;
888;19.6;25.6;0.5;10;100;8;Successful;Effective;No;No;No;No;No;No;0.0;-8.0;0.25;-8.13;0.39;-8.23;0.47;-8.28;0.51;-8.31;0.54;-8.28;;;;
889;19.7;25.7;0.5;5;80;5;Successful;Effective;No;No;No;No;No;No;0.0;-5.0;0.2;-5.08;0.32;-5.15;0.38;-5.19;0.41;-5.21;0.43;-5.19;;;;
890;19.7;25.7;0.5;8;80;5;Successful;Effective;No;No;No;No;No;No;0.0;-5.0;0.2;-5.08;0.32;-5.15;0.38;-5.19;0.41;-5.21;0.43;-5.19;;;;
891;19.7;25.7;0.5;10;80;5;Successful;Effective;No;No;No;No;No;No;0.0;-5.0;0.2;-5.08;0.32;-5.15;0.38;-5.19;0.41;-5.21;0.43;-5.19;;;;
892;19.7;25.7;0.5;5;100;5;Successful;Effective;No;No;No;No;No;No;0.0;-5.0;0.25;-5.09;0.39;-5.16;0.47;-5.2;0.51;-5.22;0.54;-5.21;;;;
893;19.7;25.7;0.5;8;100;5;Successful;Effective;No;No;No;No;No;No;0.0;-5.0;0.25;-5.09;0.39;-5.16;0.47;-5.2;0.51;-5.22;0.54;-5.21;;;;
894;19.7;25.7;0.5;10;100;5;Successful;Effective;No;No;No;No;No;No;0.0;-5.0;0.25;-5.09;0.39;-5.16;0.47;-5.2;0.51;-5.22;0.54;-5.21;;;;
895;19.7;25.7;0.5;5;80;6;Successful;Effective;No;No;No;No;No;No;0.0;-6.0;0.2;-6.1;0.32;-6.17;0.38;-6.21;0.41;-6.23;0.43;-6.22;;;;
896;19.7;25.7;0.5;8;80;6;Successful;Effective;No;No;No;No;No;No;0.0;-6.0;0.2;-6.1;0.32;-6.17;0.38;-6.21;0.41;-6.23;0.43;-6.22;;;;
897;19.7;25.7;0.5;10;80;6;Successful;Effective;No;No;No;No;No;No;0.0;-6.0;0.2;-6.1;0.32;-6.17;0.38;-6.21;0.41;-6.23;0.43;-6.22;;;;
898;19.7;25.7;0.5;5;100;6;Successful;Effective;No;No;No;No;No;No;0.0;-6.0;0.25;-6.1;0.39;-6.18;0.47;-6.23;0.51;-6.25;0.54;-6.24;;;;
899;19.7;25.7;0.5;8;100;6;Successful;Effective;No;No;No;No;No;No;0.0;-6.0;0.25;-6.1;0.39;-6.18;0.47;-6.23;0.51;-6.25;0.54;-6.24;;;;
900;19.7;25.7;0.5;10;100;6;Successful;Effective;No;No;No;No;No;No;0.0;-6.0;0.25;-6.1;0.39;-6.18;0.47;-6.23;0.51;-6.25;0.54;-6.24;;;;
901;19.7;25.7;0.5;5;80;7;Successful;Effective;No;No;No;No;No;No;0.0;-7.0;0.2;-7.11;0.32;-7.19;0.38;-7.24;0.41;-7.26;0.43;-7.24;;;;
902;19.7;25.7;0.5;8;80;7;Successful;Effective;No;No;No;No;No;No;0.0;-7.0;0.2;-7.11;0.32;-7.19;0.38;-7.24;0.41;-7.26;0.43;-7.24;;;;
903;19.7;25.7;0.5;10;80;7;Successful;Effective;No;No;No;No;No;No;0.0;-7.0;0.2;-7.11;0.32;-7.19;0.38;-7.24;0.41;-7.26;0.43;-7.24;;;;
904;19.7;25.7;0.5;5;100;7;Successful;Effective;No;No;No;No;No;No;0.0;-7.0;0.25;-7.12;0.39;-7.2;0.47;-7.25;0.51;-7.28;0.54;-7.26;;;;
905;19.7;25.7;0.5;8;100;7;Successful;Effective;No;No;No;No;No;No;0.0;-7.0;0.25;-7.12;0.39;-7.2;0.47;-7.25;0.51;-7.28;0.54;-7.26;;;;
906;19.7;25.7;0.5;10;100;7;Successful;Effective;No;No;No;No;No;No;0.0;-7.0;0.25;-7.12;0.39;-7.2;0.47;-7.25;0.51;-7.28;0.54;-7.26;;;;
907;19.7;25.7;0.5;5;80;8;Successful;Effective;No;No;No;No;No;No;0.0;-7.99;0.2;-8.13;0.32;-8.22;0.38;-8.27;0.41;-8.29;0.43;-8.26;;;;
908;19.7;25.7;0.5;8;80;8;Successful;Effective;No;No;No;No;No;No;0.0;-7.99;0.2;-8.13;0.32;-8.22;0.38;-8.27;0.41;-8.29;0.43;-8.26;;;;
909;19.7;25.7;0.5;10;80;8;Successful;Effective;No;No;No;No;No;No;0.0;-7.99;0.2;-8.13;0.32;-8.22;0.38;-8.27;0.41;-8.29;0.43;-8.26;;;;
910;19.7;25.7;0.5;5;100;8;Successful;Effective;No;No;No;No;No;No;0.0;-8.0;0.25;-8.13;0.39;-8.22;0.47;-8.28;0.51;-8.3;0.54;-8.28;;;;
911;19.7;25.7;0.5;8;100;8;Successful;Effective;No;No;No;No;No;No;0.0;-8.0;0.25;-8.13;0.39;-8.22;0.47;-8.28;0.51;-8.3;0.54;-8.28;;;;
912;19.7;25.7;0.5;10;100;8;Successful;Effective;No;No;No;No;No;No;0.0;-8.0;0.25;-8.13;0.39;-8.22;0.47;-8.28;0.51;-8.3;0.54;-8.28;;;;
913;19.8;25.8;0.5;5;80;5;Successful;Effective;No;No;No;No;No;No;0.0;-5.0;0.2;-5.08;0.32;-5.15;0.38;-5.19;0.41;-5.2;0.43;-5.19;;;;
914;19.8;25.8;0.5;8;80;5;Successful;Effective;No;No;No;No;No;No;0.0;-5.0;0.2;-5.08;0.32;-5.15;0.38;-5.19;0.41;-5.2;0.43;-5.19;;;;
915;19.8;25.8;0.5;10;80;5;Successful;Effective;No;No;No;No;No;No;0.0;-5.0;0.2;-5.08;0.32;-5.15;0.38;-5.19;0.41;-5.2;0.43;-5.19;;;;
916;19.8;25.8;0.5;5;100;5;Successful;Effective;No;No;No;No;No;No;0.0;-5.0;0.25;-5.09;0.39;-5.16;0.47;-5.2;0.51;-5.22;0.54;-5.21;;;;
917;19.8;25.8;0.5;8;100;5;Successful;Effective;No;No;No;No;No;No;0.0;-5.0;0.25;-5.09;0.39;-5.16;0.47;-5.2;0.51;-5.22;0.54;-5.21;;;;
918;19.8;25.8;0.5;10;100;5;Successful;Effective;No;No;No;No;No;No;0.0;-5.0;0.25;-5.09;0.39;-5.16;0.47;-5.2;0.51;-5.22;0.54;-5.21;;;;
919;19.8;25.8;0.5;5;80;6;Successful;Effective;No;No;No;No;No;No;0.0;-6.0;0.2;-6.1;0.32;-6.17;0.38;-6.21;0.41;-6.23;0.43;-6.22;;;;
920;19.8;25.8;0.5;8;80;6;Successful;Effective;No;No;No;No;No;No;0.0;-6.0;0.2;-6.1;0.32;-6.17;0.38;-6.21;0.41;-6.23;0.43;-6.22;;;;
921;19.8;25.8;0.5;10;80;6;Successful;Effective;No;No;No;No;No;No;0.0;-6.0;0.2;-6.1;0.32;-6.17;0.38;-6.21;0.41;-6.23;0.43;-6.22;;;;
922;19.8;25.8;0.5;5;100;6;Successful;Effective;No;No;No;No;No;No;0.0;-6.0;0.25;-6.1;0.39;-6.18;0.47;-6.23;0.51;-6.25;0.54;-6.23;;;;
923;19.8;25.8;0.5;8;100;6;Successful;Effective;No;No;No;No;No;No;0.0;-6.0;0.25;-6.1;0.39;-6.18;0.47;-6.23;0.51;-6.25;0.54;-6.23;;;;
924;19.8;25.8;0.5;10;100;6;Successful;Effective;No;No;No;No;No;No;0.0;-6.0;0.25;-6.1;0.39;-6.18;0.47;-6.23;0.51;-6.25;0.54;-6.23;;;;
925;19.8;25.8;0.5;5;80;7;Successful;Effective;No;No;No;No;No;No;0.0;-7.0;0.2;-7.11;0.32;-7.19;0.38;-7.24;0.41;-7.26;0.43;-7.24;;;;
926;19.8;25.8;0.5;8;80;7;Successful;Effective;No;No;No;No;No;No;0.0;-7.0;0.2;-7.11;0.32;-7.19;0.38;-7.24;0.41;-7.26;0.43;-7.24;;;;
927;19.8;25.8;0.5;10;80;7;Successful;Effective;No;No;No;No;No;No;0.0;-7.0;0.2;-7.11;0.32;-7.19;0.38;-7.24;0.41;-7.26;0.43;-7.24;;;;
928;19.8;25.8;0.5;5;100;7;Successful;Effective;No;No;No;No;No;No;0.0;-7.0;0.25;-7.12;0.39;-7.2;0.47;-7.25;0.51;-7.28;0.54;-7.26;;;;
929;19.8;25.8;0.5;8;100;7;Successful;Effective;No;No;No;No;No;No;0.0;-7.0;0.25;-7.12;0.39;-7.2;0.47;-7.25;0.51;-7.28;0.54;-7.26;;;;
930;19.8;25.8;0.5;10;100;7;Successful;Effective;No;No;No;No;No;No;0.0;-7.0;0.25;-7.12;0.39;-7.2;0.47;-7.25;0.51;-7.28;0.54;-7.26;;;;
931;19.8;25.8;0.5;5;80;8;Successful;Effective;No;No;No;No;No;No;0.0;-7.99;0.2;-8.13;0.32;-8.21;0.38;-8.27;0.41;-8.29;0.43;-8.26;;;;
932;19.8;25.8;0.5;8;80;8;Successful;Effective;No;No;No;No;No;No;0.0;-7.99;0.2;-8.13;0.32;-8.21;0.38;-8.27;0.41;-8.29;0.43;-8.26;;;;
933;19.8;25.8;0.5;10;80;8;Successful;Effective;No;No;No;No;No;No;0.0;-7.99;0.2;-8.13;0.32;-8.21;0.38;-8.27;0.41;-8.29;0.43;-8.26;;;;
934;19.8;25.8;0.5;5;100;8;Successful;Effective;No;No;No;No;No;No;0.0;-8.0;0.25;-8.13;0.39;-8.22;0.47;-8.28;0.51;-8.3;0.54;-8.28;;;;
935;19.8;25.8;0.5;8;100;8;Successful;Effective;No;No;No;No;No;No;0.0;-8.0;0.25;-8.13;0.39;-8.22;0.47;-8.28;0.51;-8.3;0.54;-8.28;;;;
936;19.8;25.8;0.5;10;100;8;Successful;Effective;No;No;No;No;No;No;0.0;-8.0;0.25;-8.13;0.39;-8.22;0.47;-8.28;0.51;-8.3;0.54;-8.28;;;;
937;19.9;25.9;0.5;5;80;5;Successful;Effective;No;No;No;No;No;No;0.0;-5.0;0.2;-5.08;0.32;-5.15;0.38;-5.19;0.41;-5.2;0.43;-5.19;;;;
938;19.9;25.9;0.5;8;80;5;Successful;Effective;No;No;No;No;No;No;0.0;-5.0;0.2;-5.08;0.32;-5.15;0.38;-5.19;0.41;-5.2;0.43;-5.19;;;;
939;19.9;25.9;0.5;10;80;5;Successful;Effective;No;No;No;No;No;No;0.0;-5.0;0.2;-5.08;0.32;-5.15;0.38;-5.19;0.41;-5.2;0.43;-5.19;;;;
940;19.9;25.9;0.5;5;100;5;Successful;Effective;No;No;No;No;No;No;0.0;-5.0;0.25;-5.09;0.39;-5.16;0.47;-5.2;0.51;-5.22;0.54;-5.21;;;;
941;19.9;25.9;0.5;8;100;5;Successful;Effective;No;No;No;No;No;No;0.0;-5.0;0.25;-5.09;0.39;-5.16;0.47;-5.2;0.51;-5.22;0.54;-5.21;;;;
942;19.9;25.9;0.5;10;100;5;Successful;Effective;No;No;No;No;No;No;0.0;-5.0;0.25;-5.09;0.39;-5.16;0.47;-5.2;0.51;-5.22;0.54;-5.21;;;;
943;19.9;25.9;0.5;5;80;6;Successful;Effective;No;No;No;No;No;No;0.0;-6.0;0.2;-6.1;0.32;-6.17;0.38;-6.21;0.41;-6.23;0.43;-6.21;;;;
944;19.9;25.9;0.5;8;80;6;Successful;Effective;No;No;No;No;No;No;0.0;-6.0;0.2;-6.1;0.32;-6.17;0.38;-6.21;0.41;-6.23;0.43;-6.21;;;;
945;19.9;25.9;0.5;10;80;6;Successful;Effective;No;No;No;No;No;No;0.0;-6.0;0.2;-6.1;0.32;-6.17;0.38;-6.21;0.41;-6.23;0.43;-6.21;;;;
946;19.9;25.9;0.5;5;100;6;Successful;Effective;No;No;No;No;No;No;0.0;-6.0;0.25;-6.1;0.39;-6.18;0.47;-6.23;0.51;-6.25;0.54;-6.23;;;;
947;19.9;25.9;0.5;8;100;6;Successful;Effective;No;No;No;No;No;No;0.0;-6.0;0.25;-6.1;0.39;-6.18;0.47;-6.23;0.51;-6.25;0.54;-6.23;;;;
948;19.9;25.9;0.5;10;100;6;Successful;Effective;No;No;No;No;No;No;0.0;-6.0;0.25;-6.1;0.39;-6.18;0.47;-6.23;0.51;-6.25;0.54;-6.23;;;;
949;19.9;25.9;0.5;5;80;7;Successful;Effective;No;No;No;No;No;No;0.0;-7.0;0.2;-7.11;0.32;-7.19;0.38;-7.24;0.41;-7.26;0.43;-7.24;;;;
950;19.9;25.9;0.5;8;80;7;Successful;Effective;No;No;No;No;No;No;0.0;-7.0;0.2;-7.11;0.32;-7.19;0.38;-7.24;0.41;-7.26;0.43;-7.24;;;;
951;19.9;25.9;0.5;10;80;7;Successful;Effective;No;No;No;No;No;No;0.0;-7.0;0.2;-7.11;0.32;-7.19;0.38;-7.24;0.41;-7.26;0.43;-7.24;;;;
952;19.9;25.9;0.5;5;100;7;Successful;Effective;No;No;No;No;No;No;0.0;-7.0;0.25;-7.12;0.39;-7.2;0.47;-7.25;0.51;-7.27;0.54;-7.26;;;;
953;19.9;25.9;0.5;8;100;7;Successful;Effective;No;No;No;No;No;No;0.0;-7.0;0.25;-7.12;0.39;-7.2;0.47;-7.25;0.51;-7.27;0.54;-7.26;;;;
954;19.9;25.9;0.5;10;100;7;Successful;Effective;No;No;No;No;No;No;0.0;-7.0;0.25;-7.12;0.39;-7.2;0.47;-7.25;0.51;-7.27;0.54;-7.26;;;;
955;19.9;25.9;0.5;5;80;8;Successful;Effective;No;No;No;No;No;No;0.0;-7.99;0.2;-8.13;0.32;-8.21;0.38;-8.26;0.41;-8.28;0.43;-8.26;;;;
956;19.9;25.9;0.5;8;80;8;Successful;Effective;No;No;No;No;No;No;0.0;-7.99;0.2;-8.13;0.32;-8.21;0.38;-8.26;0.41;-8.28;0.43;-8.26;;;;
957;19.9;25.9;0.5;10;80;8;Successful;Effective;No;No;No;No;No;No;0.0;-7.99;0.2;-8.13;0.32;-8.21;0.38;-8.26;0.41;-8.28;0.43;-8.26;;;;
958;19.9;25.9;0.5;5;100;8;Successful;Effective;No;No;No;No;No;No;0.0;-8.0;0.25;-8.13;0.39;-8.22;0.47;-8.28;0.51;-8.3;0.54;-8.28;;;;
959;19.9;25.9;0.5;8;100;8;Successful;Effective;No;No;No;No;No;No;0.0;-8.0;0.25;-8.13;0.39;-8.22;0.47;-8.28;0.51;-8.3;0.54;-8.28;;;;
960;19.9;25.9;0.5;10;100;8;Successful;Effective;No;No;No;No;No;No;0.0;-8.0;0.25;-8.13;0.39;-8.22;0.47;-8.28;0.51;-8.3;0.54;-8.28;;;;
961;20.0;26.0;0.5;5;80;5;Successful;Effective;No;No;No;No;No;No;0.0;-5.0;0.2;-5.08;0.32;-5.15;0.38;-5.19;0.41;-5.2;0.43;-5.19;;;;
962;20.0;26.0;0.5;8;80;5;Successful;Effective;No;No;No;No;No;No;0.0;-5.0;0.2;-5.08;0.32;-5.15;0.38;-5.19;0.41;-5.2;0.43;-5.19;;;;
963;20.0;26.0;0.5;10;80;5;Successful;Effective;No;No;No;No;No;No;0.0;-5.0;0.2;-5.08;0.32;-5.15;0.38;-5.19;0.41;-5.2;0.43;-5.19;;;;
964;20.0;26.0;0.5;5;100;5;Successful;Effective;No;No;No;No;No;No;0.0;-5.0;0.25;-5.09;0.39;-5.16;0.47;-5.2;0.51;-5.22;0.54;-5.21;;;;
965;20.0;26.0;0.5;8;100;5;Successful;Effective;No;No;No;No;No;No;0.0;-5.0;0.25;-5.09;0.39;-5.16;0.47;-5.2;0.51;-5.22;0.54;-5.21;;;;
966;20.0;26.0;0.5;10;100;5;Successful;Effective;No;No;No;No;No;No;0.0;-5.0;0.25;-5.09;0.39;-5.16;0.47;-5.2;0.51;-5.22;0.54;-5.21;;;;
967;20.0;26.0;0.5;5;80;6;Successful;Effective;No;No;No;No;No;No;0.0;-6.0;0.2;-6.1;0.32;-6.17;0.38;-6.21;0.41;-6.23;0.43;-6.21;;;;
968;20.0;26.0;0.5;8;80;6;Successful;Effective;No;No;No;No;No;No;0.0;-6.0;0.2;-6.1;0.32;-6.17;0.38;-6.21;0.41;-6.23;0.43;-6.21;;;;
969;20.0;26.0;0.5;10;80;6;Successful;Effective;No;No;No;No;No;No;0.0;-6.0;0.2;-6.1;0.32;-6.17;0.38;-6.21;0.41;-6.23;0.43;-6.21;;;;
970;20.0;26.0;0.5;5;100;6;Successful;Effective;No;No;No;No;No;No;0.0;-6.0;0.25;-6.1;0.39;-6.18;0.47;-6.22;0.51;-6.25;0.54;-6.23;;;;
971;20.0;26.0;0.5;8;100;6;Successful;Effective;No;No;No;No;No;No;0.0;-6.0;0.25;-6.1;0.39;-6.18;0.47;-6.22;0.51;-6.25;0.54;-6.23;;;;
972;20.0;26.0;0.5;10;100;6;Successful;Effective;No;No;No;No;No;No;0.0;-6.0;0.25;-6.1;0.39;-6.18;0.47;-6.22;0.51;-6.25;0.54;-6.23;;;;
973;20.0;26.0;0.5;5;80;7;Successful;Effective;No;No;No;No;No;No;0.0;-7.0;0.2;-7.11;0.32;-7.19;0.38;-7.24;0.41;-7.26;0.43;-7.24;;;;
974;20.0;26.0;0.5;8;80;7;Successful;Effective;No;No;No;No;No;No;0.0;-7.0;0.2;-7.11;0.32;-7.19;0.38;-7.24;0.41;-7.26;0.43;-7.24;;;;
975;20.0;26.0;0.5;10;80;7;Successful;Effective;No;No;No;No;No;No;0.0;-7.0;0.2;-7.11;0.32;-7.19;0.38;-7.24;0.41;-7.26;0.43;-7.24;;;;
976;20.0;26.0;0.5;5;100;7;Successful;Effective;No;No;No;No;No;No;0.0;-7.0;0.25;-7.12;0.39;-7.2;0.47;-7.25;0.51;-7.27;0.54;-7.26;;;;
977;20.0;26.0;0.5;8;100;7;Successful;Effective;No;No;No;No;No;No;0.0;-7.0;0.25;-7.12;0.39;-7.2;0.47;-7.25;0.51;-7.27;0.54;-7.26;;;;
978;20.0;26.0;0.5;10;100;7;Successful;Effective;No;No;No;No;No;No;0.0;-7.0;0.25;-7.12;0.39;-7.2;0.47;-7.25;0.51;-7.27;0.54;-7.26;;;;
979;20.0;26.0;0.5;5;80;8;Successful;Effective;No;No;No;No;No;No;0.0;-7.99;0.2;-8.13;0.32;-8.21;0.38;-8.26;0.41;-8.28;0.43;-8.26;;;;
980;20.0;26.0;0.5;8;80;8;Successful;Effective;No;No;No;No;No;No;0.0;-7.99;0.2;-8.13;0.32;-8.21;0.38;-8.26;0.41;-8.28;0.43;-8.26;;;;
981;20.0;26.0;0.5;10;80;8;Successful;Effective;No;No;No;No;No;No;0.0;-7.99;0.2;-8.13;0.32;-8.21;0.38;-8.26;0.41;-8.28;0.43;-8.26;;;;
982;20.0;26.0;0.5;5;100;8;Successful;Effective;No;No;No;No;No;No;0.0;-8.0;0.25;-8.13;0.39;-8.22;0.47;-8.28;0.51;-8.3;0.54;-8.28;;;;
983;20.0;26.0;0.5;8;100;8;Successful;Effective;No;No;No;No;No;No;0.0;-8.0;0.25;-8.13;0.39;-8.22;0.47;-8.28;0.51;-8.3;0.54;-8.28;;;;
984;20.0;26.0;0.5;10;100;8;Successful;Effective;No;No;No;No;No;No;0.0;-8.0;0.25;-8.13;0.39;-8.22;0.47;-8.28;0.51;-8.3;0.54;-8.28;;;;
985;20.1;26.1;0.5;5;80;5;Successful;Effective;No;No;No;No;No;No;0.0;-5.0;0.2;-5.08;0.32;-5.15;0.38;-5.19;0.41;-5.2;0.43;-5.19;;;;
986;20.1;26.1;0.5;8;80;5;Successful;Effective;No;No;No;No;No;No;0.0;-5.0;0.2;-5.08;0.32;-5.15;0.38;-5.19;0.41;-5.2;0.43;-5.19;;;;
987;20.1;26.1;0.5;10;80;5;Successful;Effective;No;No;No;No;No;No;0.0;-5.0;0.2;-5.08;0.32;-5.15;0.38;-5.19;0.41;-5.2;0.43;-5.19;;;;
988;20.1;26.1;0.5;5;100;5;Successful;Effective;No;No;No;No;No;No;0.0;-5.0;0.25;-5.09;0.39;-5.16;0.47;-5.2;0.51;-5.22;0.54;-5.21;;;;
989;20.1;26.1;0.5;8;100;5;Successful;Effective;No;No;No;No;No;No;0.0;-5.0;0.25;-5.09;0.39;-5.16;0.47;-5.2;0.51;-5.22;0.54;-5.21;;;;
990;20.1;26.1;0.5;10;100;5;Successful;Effective;No;No;No;No;No;No;0.0;-5.0;0.25;-5.09;0.39;-5.16;0.47;-5.2;0.51;-5.22;0.54;-5.21;;;;
991;20.1;26.1;0.5;5;80;6;Successful;Effective;No;No;No;No;No;No;0.0;-6.0;0.2;-6.1;0.32;-6.17;0.38;-6.21;0.41;-6.23;0.43;-6.21;;;;
992;20.1;26.1;0.5;8;80;6;Successful;Effective;No;No;No;No;No;No;0.0;-6.0;0.2;-6.1;0.32;-6.17;0.38;-6.21;0.41;-6.23;0.43;-6.21;;;;
993;20.1;26.1;0.5;10;80;6;Successful;Effective;No;No;No;No;No;No;0.0;-6.0;0.2;-6.1;0.32;-6.17;0.38;-6.21;0.41;-6.23;0.43;-6.21;;;;
994;20.1;26.1;0.5;5;100;6;Successful;Effective;No;No;No;No;No;No;0.0;-6.0;0.25;-6.1;0.39;-6.18;0.47;-6.22;0.51;-6.25;0.54;-6.23;;;;
995;20.1;26.1;0.5;8;100;6;Successful;Effective;No;No;No;No;No;No;0.0;-6.0;0.25;-6.1;0.39;-6.18;0.47;-6.22;0.51;-6.25;0.54;-6.23;;;;
996;20.1;26.1;0.5;10;100;6;Successful;Effective;No;No;No;No;No;No;0.0;-6.0;0.25;-6.1;0.39;-6.18;0.47;-6.22;0.51;-6.25;0.54;-6.23;;;;
997;20.1;26.1;0.5;5;80;7;Successful;Effective;No;No;No;No;No;No;0.0;-7.0;0.2;-7.11;0.32;-7.19;0.38;-7.24;0.41;-7.26;0.43;-7.23;;;;
998;20.1;26.1;0.5;8;80;7;Successful;Effective;No;No;No;No;No;No;0.0;-7.0;0.2;-7.11;0.32;-7.19;0.38;-7.24;0.41;-7.26;0.43;-7.23;;;;
999;20.1;26.1;0.5;10;80;7;Successful;Effective;No;No;No;No;No;No;0.0;-7.0;0.2;-7.11;0.32;-7.19;0.38;-7.24;0.41;-7.26;0.43;-7.23;;;;
1000;20.1;26.1;0.5;5;100;7;Successful;Effective;No;No;No;No;No;No;0.0;-7.0;0.25;-7.12;0.39;-7.2;0.47;-7.25;0.51;-7.27;0.54;-7.25;;;;
1001;20.1;26.1;0.5;8;100;7;Successful;Effective;No;No;No;No;No;No;0.0;-7.0;0.25;-7.12;0.39;-7.2;0.47;-7.25;0.51;-7.27;0.54;-7.25;;;;
1002;20.1;26.1;0.5;10;100;7;Successful;Effective;No;No;No;No;No;No;0.0;-7.0;0.25;-7.12;0.39;-7.2;0.47;-7.25;0.51;-7.27;0.54;-7.25;;;;
1003;20.1;26.1;0.5;5;80;8;Successful;Effective;No;No;No;No;No;No;0.0;-7.99;0.2;-8.13;0.32;-8.21;0.38;-8.26;0.41;-8.28;0.43;-8.26;;;;
1004;20.1;26.1;0.5;8;80;8;Successful;Effective;No;No;No;No;No;No;0.0;-7.99;0.2;-8.13;0.32;-8.21;0.38;-8.26;0.41;-8.28;0.43;-8.26;;;;
1005;20.1;26.1;0.5;10;80;8;Successful;Effective;No;No;No;No;No;No;0.0;-7.99;0.2;-8.13;0.32;-8.21;0.38;-8.26;0.41;-8.28;0.43;-8.26;;;;
1006;20.1;26.1;0.5;5;100;8;Successful;Effective;No;No;No;No;No;No;0.0;-8.0;0.25;-8.13;0.39;-8.22;0.47;-8.28;0.51;-8.3;0.54;-8.28;;;;
1007;20.1;26.1;0.5;8;100;8;Successful;Effective;No;No;No;No;No;No;0.0;-8.0;0.25;-8.13;0.39;-8.22;0.47;-8.28;0.51;-8.3;0.54;-8.28;;;;
1008;20.1;26.1;0.5;10;100;8;Successful;Effective;No;No;No;No;No;No;0.0;-8.0;0.25;-8.13;0.39;-8.22;0.47;-8.28;0.51;-8.3;0.54;-8.28;;;;
1009;20.2;26.2;0.5;5;80;5;Successful;Effective;No;No;No;No;No;No;0.0;-5.0;0.2;-5.08;0.32;-5.15;0.38;-5.19;0.41;-5.2;0.43;-5.19;;;;
1010;20.2;26.2;0.5;8;80;5;Successful;Effective;No;No;No;No;No;No;0.0;-5.0;0.2;-5.08;0.32;-5.15;0.38;-5.19;0.41;-5.2;0.43;-5.19;;;;
1011;20.2;26.2;0.5;10;80;5;Successful;Effective;No;No;No;No;No;No;0.0;-5.0;0.2;-5.08;0.32;-5.15;0.38;-5.19;0.41;-5.2;0.43;-5.19;;;;
1012;20.2;26.2;0.5;5;100;5;Successful;Effective;No;No;No;No;No;No;0.0;-5.0;0.25;-5.09;0.39;-5.16;0.47;-5.2;0.51;-5.22;0.54;-5.21;;;;
1013;20.2;26.2;0.5;8;100;5;Successful;Effective;No;No;No;No;No;No;0.0;-5.0;0.25;-5.09;0.39;-5.16;0.47;-5.2;0.51;-5.22;0.54;-5.21;;;;
1014;20.2;26.2;0.5;10;100;5;Successful;Effective;No;No;No;No;No;No;0.0;-5.0;0.25;-5.09;0.39;-5.16;0.47;-5.2;0.51;-5.22;0.54;-5.21;;;;
1015;20.2;26.2;0.5;5;80;6;Successful;Effective;No;No;No;No;No;No;0.0;-6.0;0.2;-6.1;0.32;-6.17;0.38;-6.21;0.41;-6.23;0.43;-6.21;;;;
1016;20.2;26.2;0.5;8;80;6;Successful;Effective;No;No;No;No;No;No;0.0;-6.0;0.2;-6.1;0.32;-6.17;0.38;-6.21;0.41;-6.23;0.43;-6.21;;;;
1017;20.2;26.2;0.5;10;80;6;Successful;Effective;No;No;No;No;No;No;0.0;-6.0;0.2;-6.1;0.32;-6.17;0.38;-6.21;0.41;-6.23;0.43;-6.21;;;;
1018;20.2;26.2;0.5;5;100;6;Successful;Effective;No;No;No;No;No;No;0.0;-6.0;0.25;-6.1;0.39;-6.18;0.47;-6.22;0.51;-6.25;0.54;-6.23;;;;
1019;20.2;26.2;0.5;8;100;6;Successful;Effective;No;No;No;No;No;No;0.0;-6.0;0.25;-6.1;0.39;-6.18;0.47;-6.22;0.51;-6.25;0.54;-6.23;;;;
1020;20.2;26.2;0.5;10;100;6;Successful;Effective;No;No;No;No;No;No;0.0;-6.0;0.25;-6.1;0.39;-6.18;0.47;-6.22;0.51;-6.25;0.54;-6.23;;;;
1021;20.2;26.2;0.5;5;80;7;Successful;Effective;No;No;No;No;No;No;0.0;-7.0;0.2;-7.11;0.32;-7.19;0.38;-7.24;0.41;-7.26;0.43;-7.23;;;;
1022;20.2;26.2;0.5;8;80;7;Successful;Effective;No;No;No;No;No;No;0.0;-7.0;0.2;-7.11;0.32;-7.19;0.38;-7.24;0.41;-7.26;0.43;-7.23;;;;
1023;20.2;26.2;0.5;10;80;7;Successful;Effective;No;No;No;No;No;No;0.0;-7.0;0.2;-7.11;0.32;-7.19;0.38;-7.24;0.41;-7.26;0.43;-7.23;;;;
1024;20.2;26.2;0.5;5;100;7;Successful;Effective;No;No;No;No;No;No;0.0;-7.0;0.25;-7.12;0.39;-7.2;0.47;-7.25;0.51;-7.27;0.54;-7.25;;;;
1025;20.2;26.2;0.5;8;100;7;Successful;Effective;No;No;No;No;No;No;0.0;-7.0;0.25;-7.12;0.39;-7.2;0.47;-7.25;0.51;-7.27;0.54;-7.25;;;;
1026;20.2;26.2;0.5;10;100;7;Successful;Effective;No;No;No;No;No;No;0.0;-7.0;0.25;-7.12;0.39;-7.2;0.47;-7.25;0.51;-7.27;0.54;-7.25;;;;
1027;20.2;26.2;0.5;5;80;8;Successful;Effective;No;No;No;No;No;No;0.0;-7.99;0.2;-8.13;0.32;-8.21;0.38;-8.26;0.41;-8.28;0.43;-8.25;;;;
1028;20.2;26.2;0.5;8;80;8;Successful;Effective;No;No;No;No;No;No;0.0;-7.99;0.2;-8.13;0.32;-8.21;0.38;-8.26;0.41;-8.28;0.43;-8.25;;;;
1029;20.2;26.2;0.5;10;80;8;Successful;Effective;No;No;No;No;No;No;0.0;-7.99;0.2;-8.13;0.32;-8.21;0.38;-8.26;0.41;-8.28;0.43;-8.25;;;;
1030;20.2;26.2;0.5;5;100;8;Successful;Effective;No;No;No;No;No;No;0.0;-8.0;0.25;-8.13;0.39;-8.22;0.47;-8.28;0.51;-8.3;0.54;-8.27;;;;
1031;20.2;26.2;0.5;8;100;8;Successful;Effective;No;No;No;No;No;No;0.0;-8.0;0.25;-8.13;0.39;-8.22;0.47;-8.28;0.51;-8.3;0.54;-8.27;;;;
1032;20.2;26.2;0.5;10;100;8;Successful;Effective;No;No;No;No;No;No;0.0;-8.0;0.25;-8.13;0.39;-8.22;0.47;-8.28;0.51;-8.3;0.54;-8.27;;;;
1033;20.3;26.3;0.5;5;80;5;Successful;Effective;No;No;No;No;No;No;0.0;-5.0;0.2;-5.08;0.32;-5.15;0.38;-5.19;0.41;-5.2;0.43;-5.19;;;;
1034;20.3;26.3;0.5;8;80;5;Successful;Effective;No;No;No;No;No;No;0.0;-5.0;0.2;-5.08;0.32;-5.15;0.38;-5.19;0.41;-5.2;0.43;-5.19;;;;
1035;20.3;26.3;0.5;10;80;5;Successful;Effective;No;No;No;No;No;No;0.0;-5.0;0.2;-5.08;0.32;-5.15;0.38;-5.19;0.41;-5.2;0.43;-5.19;;;;
1036;20.3;26.3;0.5;5;100;5;Successful;Effective;No;No;No;No;No;No;0.0;-5.0;0.25;-5.09;0.39;-5.16;0.47;-5.2;0.51;-5.22;0.54;-5.21;;;;
1037;20.3;26.3;0.5;8;100;5;Successful;Effective;No;No;No;No;No;No;0.0;-5.0;0.25;-5.09;0.39;-5.16;0.47;-5.2;0.51;-5.22;0.54;-5.21;;;;
1038;20.3;26.3;0.5;10;100;5;Successful;Effective;No;No;No;No;No;No;0.0;-5.0;0.25;-5.09;0.39;-5.16;0.47;-5.2;0.51;-5.22;0.54;-5.21;;;;
1039;20.3;26.3;0.5;5;80;6;Successful;Effective;No;No;No;No;No;No;0.0;-6.0;0.2;-6.1;0.32;-6.17;0.38;-6.21;0.41;-6.23;0.43;-6.21;;;;
1040;20.3;26.3;0.5;8;80;6;Successful;Effective;No;No;No;No;No;No;0.0;-6.0;0.2;-6.1;0.32;-6.17;0.38;-6.21;0.41;-6.23;0.43;-6.21;;;;
1041;20.3;26.3;0.5;10;80;6;Successful;Effective;No;No;No;No;No;No;0.0;-6.0;0.2;-6.1;0.32;-6.17;0.38;-6.21;0.41;-6.23;0.43;-6.21;;;;
1042;20.3;26.3;0.5;5;100;6;Successful;Effective;No;No;No;No;No;No;0.0;-6.0;0.25;-6.1;0.39;-6.18;0.47;-6.22;0.51;-6.25;0.54;-6.23;;;;
1043;20.3;26.3;0.5;8;100;6;Successful;Effective;No;No;No;No;No;No;0.0;-6.0;0.25;-6.1;0.39;-6.18;0.47;-6.22;0.51;-6.25;0.54;-6.23;;;;
1044;20.3;26.3;0.5;10;100;6;Successful;Effective;No;No;No;No;No;No;0.0;-6.0;0.25;-6.1;0.39;-6.18;0.47;-6.22;0.51;-6.25;0.54;-6.23;;;;
1045;20.3;26.3;0.5;5;80;7;Successful;Effective;No;No;No;No;No;No;0.0;-7.0;0.2;-7.11;0.32;-7.19;0.38;-7.24;0.41;-7.26;0.43;-7.23;;;;
1046;20.3;26.3;0.5;8;80;7;Successful;Effective;No;No;No;No;No;No;0.0;-7.0;0.2;-7.11;0.32;-7.19;0.38;-7.24;0.41;-7.26;0.43;-7.23;;;;
1047;20.3;26.3;0.5;10;80;7;Successful;Effective;No;No;No;No;No;No;0.0;-7.0;0.2;-7.11;0.32;-7.19;0.38;-7.24;0.41;-7.26;0.43;-7.23;;;;
1048;20.3;26.3;0.5;5;100;7;Successful;Effective;No;No;No;No;No;No;0.0;-7.0;0.25;-7.12;0.39;-7.2;0.47;-7.25;0.51;-7.27;0.54;-7.25;;;;
1049;20.3;26.3;0.5;8;100;7;Successful;Effective;No;No;No;No;No;No;0.0;-7.0;0.25;-7.12;0.39;-7.2;0.47;-7.25;0.51;-7.27;0.54;-7.25;;;;
1050;20.3;26.3;0.5;10;100;7;Successful;Effective;No;No;No;No;No;No;0.0;-7.0;0.25;-7.12;0.39;-7.2;0.47;-7.25;0.51;-7.27;0.54;-7.25;;;;
1051;20.3;26.3;0.5;5;80;8;Successful;Effective;No;No;No;No;No;No;0.0;-7.99;0.2;-8.13;0.32;-8.21;0.38;-8.26;0.41;-8.28;0.43;-8.25;;;;
1052;20.3;26.3;0.5;8;80;8;Successful;Effective;No;No;No;No;No;No;0.0;-7.99;0.2;-8.13;0.32;-8.21;0.38;-8.26;0.41;-8.28;0.43;-8.25;;;;
1053;20.3;26.3;0.5;10;80;8;Successful;Effective;No;No;No;No;No;No;0.0;-7.99;0.2;-8.13;0.32;-8.21;0.38;-8.26;0.41;-8.28;0.43;-8.25;;;;
1054;20.3;26.3;0.5;5;100;8;Successful;Effective;No;No;No;No;No;No;0.0;-8.0;0.25;-8.13;0.39;-8.22;0.47;-8.28;0.51;-8.3;0.54;-8.27;;;;
1055;20.3;26.3;0.5;8;100;8;Successful;Effective;No;No;No;No;No;No;0.0;-8.0;0.25;-8.13;0.39;-8.22;0.47;-8.28;0.51;-8.3;0.54;-8.27;;;;
1056;20.3;26.3;0.5;10;100;8;Successful;Effective;No;No;No;No;No;No;0.0;-8.0;0.25;-8.13;0.39;-8.22;0.47;-8.28;0.51;-8.3;0.54;-8.27;;;;
1057;20.4;26.4;0.5;5;80;5;Successful;Effective;No;No;No;No;No;No;0.0;-5.0;0.2;-5.08;0.32;-5.15;0.38;-5.19;0.41;-5.2;0.43;-5.19;;;;
1058;20.4;26.4;0.5;8;80;5;Successful;Effective;No;No;No;No;No;No;0.0;-5.0;0.2;-5.08;0.32;-5.15;0.38;-5.19;0.41;-5.2;0.43;-5.19;;;;
1059;20.4;26.4;0.5;10;80;5;Successful;Effective;No;No;No;No;No;No;0.0;-5.0;0.2;-5.08;0.32;-5.15;0.38;-5.19;0.41;-5.2;0.43;-5.19;;;;
1060;20.4;26.4;0.5;5;100;5;Successful;Effective;No;No;No;No;No;No;0.0;-5.0;0.25;-5.09;0.39;-5.16;0.47;-5.2;0.51;-5.22;0.54;-5.21;;;;
1061;20.4;26.4;0.5;8;100;5;Successful;Effective;No;No;No;No;No;No;0.0;-5.0;0.25;-5.09;0.39;-5.16;0.47;-5.2;0.51;-5.22;0.54;-5.21;;;;
1062;20.4;26.4;0.5;10;100;5;Successful;Effective;No;No;No;No;No;No;0.0;-5.0;0.25;-5.09;0.39;-5.16;0.47;-5.2;0.51;-5.22;0.54;-5.21;;;;
1063;20.4;26.4;0.5;5;80;6;Successful;Effective;No;No;No;No;No;No;0.0;-6.0;0.2;-6.1;0.32;-6.17;0.38;-6.21;0.41;-6.23;0.43;-6.21;;;;
1064;20.4;26.4;0.5;8;80;6;Successful;Effective;No;No;No;No;No;No;0.0;-6.0;0.2;-6.1;0.32;-6.17;0.38;-6.21;0.41;-6.23;0.43;-6.21;;;;
1065;20.4;26.4;0.5;10;80;6;Successful;Effective;No;No;No;No;No;No;0.0;-6.0;0.2;-6.1;0.32;-6.17;0.38;-6.21;0.41;-6.23;0.43;-6.21;;;;
1066;20.4;26.4;0.5;5;100;6;Successful;Effective;No;No;No;No;No;No;0.0;-6.0;0.25;-6.1;0.39;-6.18;0.47;-6.22;0.51;-6.25;0.54;-6.23;;;;
1067;20.4;26.4;0.5;8;100;6;Successful;Effective;No;No;No;No;No;No;0.0;-6.0;0.25;-6.1;0.39;-6.18;0.47;-6.22;0.51;-6.25;0.54;-6.23;;;;
1068;20.4;26.4;0.5;10;100;6;Successful;Effective;No;No;No;No;No;No;0.0;-6.0;0.25;-6.1;0.39;-6.18;0.47;-6.22;0.51;-6.25;0.54;-6.23;;;;
1069;20.4;26.4;0.5;5;80;7;Successful;Effective;No;No;No;No;No;No;0.0;-7.0;0.2;-7.11;0.32;-7.19;0.38;-7.24;0.41;-7.26;0.43;-7.23;;;;
1070;20.4;26.4;0.5;8;80;7;Successful;Effective;No;No;No;No;No;No;0.0;-7.0;0.2;-7.11;0.32;-7.19;0.38;-7.24;0.41;-7.26;0.43;-7.23;;;;
1071;20.4;26.4;0.5;10;80;7;Successful;Effective;No;No;No;No;No;No;0.0;-7.0;0.2;-7.11;0.32;-7.19;0.38;-7.24;0.41;-7.26;0.43;-7.23;;;;
1072;20.4;26.4;0.5;5;100;7;Successful;Effective;No;No;No;No;No;No;0.0;-7.0;0.25;-7.12;0.39;-7.2;0.47;-7.25;0.51;-7.27;0.54;-7.25;;;;
1073;20.4;26.4;0.5;8;100;7;Successful;Effective;No;No;No;No;No;No;0.0;-7.0;0.25;-7.12;0.39;-7.2;0.47;-7.25;0.51;-7.27;0.54;-7.25;;;;
1074;20.4;26.4;0.5;10;100;7;Successful;Effective;No;No;No;No;No;No;0.0;-7.0;0.25;-7.12;0.39;-7.2;0.47;-7.25;0.51;-7.27;0.54;-7.25;;;;
1075;20.4;26.4;0.5;5;80;8;Successful;Effective;No;No;No;No;No;No;0.0;-7.99;0.2;-8.13;0.32;-8.21;0.38;-8.26;0.41;-8.28;0.43;-8.25;;;;
1076;20.4;26.4;0.5;8;80;8;Successful;Effective;No;No;No;No;No;No;0.0;-7.99;0.2;-8.13;0.32;-8.21;0.38;-8.26;0.41;-8.28;0.43;-8.25;;;;
1077;20.4;26.4;0.5;10;80;8;Successful;Effective;No;No;No;No;No;No;0.0;-7.99;0.2;-8.13;0.32;-8.21;0.38;-8.26;0.41;-8.28;0.43;-8.25;;;;
1078;20.4;26.4;0.5;5;100;8;Successful;Effective;No;No;No;No;No;No;0.0;-8.0;0.25;-8.13;0.39;-8.22;0.47;-8.28;0.51;-8.3;0.54;-8.27;;;;
1079;20.4;26.4;0.5;8;100;8;Successful;Effective;No;No;No;No;No;No;0.0;-8.0;0.25;-8.13;0.39;-8.22;0.47;-8.28;0.51;-8.3;0.54;-8.27;;;;
1080;20.4;26.4;0.5;10;100;8;Successful;Effective;No;No;No;No;No;No;0.0;-8.0;0.25;-8.13;0.39;-8.22;0.47;-8.28;0.51;-8.3;0.54;-8.27;;;;
1081;20.5;26.5;0.5;5;80;5;Successful;Effective;No;No;No;No;No;No;0.0;-5.0;0.2;-5.08;0.32;-5.15;0.38;-5.19;0.41;-5.2;0.43;-5.19;;;;
1082;20.5;26.5;0.5;8;80;5;Successful;Effective;No;No;No;No;No;No;0.0;-5.0;0.2;-5.08;0.32;-5.15;0.38;-5.19;0.41;-5.2;0.43;-5.19;;;;
1083;20.5;26.5;0.5;10;80;5;Successful;Effective;No;No;No;No;No;No;0.0;-5.0;0.2;-5.08;0.32;-5.15;0.38;-5.19;0.41;-5.2;0.43;-5.19;;;;
1084;20.5;26.5;0.5;5;100;5;Successful;Effective;No;No;No;No;No;No;0.0;-5.0;0.25;-5.09;0.39;-5.16;0.47;-5.2;0.51;-5.22;0.54;-5.21;;;;
1085;20.5;26.5;0.5;8;100;5;Successful;Effective;No;No;No;No;No;No;0.0;-5.0;0.25;-5.09;0.39;-5.16;0.47;-5.2;0.51;-5.22;0.54;-5.21;;;;
1086;20.5;26.5;0.5;10;100;5;Successful;Effective;No;No;No;No;No;No;0.0;-5.0;0.25;-5.09;0.39;-5.16;0.47;-5.2;0.51;-5.22;0.54;-5.21;;;;
1087;20.5;26.5;0.5;5;80;6;Successful;Effective;No;No;No;No;No;No;0.0;-6.0;0.2;-6.1;0.32;-6.17;0.38;-6.21;0.41;-6.23;0.43;-6.21;;;;
1088;20.5;26.5;0.5;8;80;6;Successful;Effective;No;No;No;No;No;No;0.0;-6.0;0.2;-6.1;0.32;-6.17;0.38;-6.21;0.41;-6.23;0.43;-6.21;;;;
1089;20.5;26.5;0.5;10;80;6;Successful;Effective;No;No;No;No;No;No;0.0;-6.0;0.2;-6.1;0.32;-6.17;0.38;-6.21;0.41;-6.23;0.43;-6.21;;;;
1090;20.5;26.5;0.5;5;100;6;Successful;Effective;No;No;No;No;No;No;0.0;-6.0;0.25;-6.1;0.39;-6.18;0.47;-6.22;0.51;-6.25;0.54;-6.23;;;;
1091;20.5;26.5;0.5;8;100;6;Successful;Effective;No;No;No;No;No;No;0.0;-6.0;0.25;-6.1;0.39;-6.18;0.47;-6.22;0.51;-6.25;0.54;-6.23;;;;
1092;20.5;26.5;0.5;10;100;6;Successful;Effective;No;No;No;No;No;No;0.0;-6.0;0.25;-6.1;0.39;-6.18;0.47;-6.22;0.51;-6.25;0.54;-6.23;;;;
1093;20.5;26.5;0.5;5;80;7;Successful;Effective;No;No;No;No;No;No;0.0;-7.0;0.2;-7.11;0.32;-7.19;0.38;-7.24;0.41;-7.26;0.43;-7.23;;;;
1094;20.5;26.5;0.5;8;80;7;Successful;Effective;No;No;No;No;No;No;0.0;-7.0;0.2;-7.11;0.32;-7.19;0.38;-7.24;0.41;-7.26;0.43;-7.23;;;;
1095;20.5;26.5;0.5;10;80;7;Successful;Effective;No;No;No;No;No;No;0.0;-7.0;0.2;-7.11;0.32;-7.19;0.38;-7.24;0.41;-7.26;0.43;-7.23;;;;
1096;20.5;26.5;0.5;5;100;7;Successful;Effective;No;No;No;No;No;No;0.0;-7.0;0.25;-7.12;0.39;-7.2;0.47;-7.25;0.51;-7.27;0.54;-7.25;;;;
1097;20.5;26.5;0.5;8;100;7;Successful;Effective;No;No;No;No;No;No;0.0;-7.0;0.25;-7.12;0.39;-7.2;0.47;-7.25;0.51;-7.27;0.54;-7.25;;;;
1098;20.5;26.5;0.5;10;100;7;Successful;Effective;No;No;No;No;No;No;0.0;-7.0;0.25;-7.12;0.39;-7.2;0.47;-7.25;0.51;-7.27;0.54;-7.25;;;;
1099;20.5;26.5;0.5;5;80;8;Successful;Effective;No;No;No;No;No;No;0.0;-7.99;0.2;-8.13;0.32;-8.21;0.38;-8.26;0.41;-8.28;0.43;-8.25;;;;
1100;20.5;26.5;0.5;8;80;8;Successful;Effective;No;No;No;No;No;No;0.0;-7.99;0.2;-8.13;0.32;-8.21;0.38;-8.26;0.41;-8.28;0.43;-8.25;;;;
1101;20.5;26.5;0.5;10;80;8;Successful;Effective;No;No;No;No;No;No;0.0;-7.99;0.2;-8.13;0.32;-8.21;0.38;-8.26;0.41;-8.28;0.43;-8.25;;;;
1102;20.5;26.5;0.5;5;100;8;Successful;Effective;No;No;No;No;No;No;0.0;-8.0;0.25;-8.13;0.39;-8.22;0.47;-8.28;0.51;-8.3;0.54;-8.27;;;;
1103;20.5;26.5;0.5;8;100;8;Successful;Effective;No;No;No;No;No;No;0.0;-8.0;0.25;-8.13;0.39;-8.22;0.47;-8.28;0.51;-8.3;0.54;-8.27;;;;
1104;20.5;26.5;0.5;10;100;8;Successful;Effective;No;No;No;No;No;No;0.0;-8.0;0.25;-8.13;0.39;-8.22;0.47;-8.28;0.51;-8.3;0.54;-8.27;;;;
1105;20.6;26.6;0.5;5;80;5;Successful;Effective;No;No;No;No;No;No;0.0;-5.0;0.2;-5.08;0.32;-5.15;0.38;-5.19;0.41;-5.2;0.43;-5.19;;;;
1106;20.6;26.6;0.5;8;80;5;Successful;Effective;No;No;No;No;No;No;0.0;-5.0;0.2;-5.08;0.32;-5.15;0.38;-5.19;0.41;-5.2;0.43;-5.19;;;;
1107;20.6;26.6;0.5;10;80;5;Successful;Effective;No;No;No;No;No;No;0.0;-5.0;0.2;-5.08;0.32;-5.15;0.38;-5.19;0.41;-5.2;0.43;-5.19;;;;
1108;20.6;26.6;0.5;5;100;5;Successful;Effective;No;No;No;No;No;No;0.0;-5.0;0.25;-5.09;0.39;-5.16;0.47;-5.2;0.51;-5.22;0.54;-5.21;;;;
1109;20.6;26.6;0.5;8;100;5;Successful;Effective;No;No;No;No;No;No;0.0;-5.0;0.25;-5.09;0.39;-5.16;0.47;-5.2;0.51;-5.22;0.54;-5.21;;;;
1110;20.6;26.6;0.5;10;100;5;Successful;Effective;No;No;No;No;No;No;0.0;-5.0;0.25;-5.09;0.39;-5.16;0.47;-5.2;0.51;-5.22;0.54;-5.21;;;;
1111;20.6;26.6;0.5;5;80;6;Successful;Effective;No;No;No;No;No;No;0.0;-6.0;0.2;-6.1;0.32;-6.17;0.38;-6.21;0.41;-6.23;0.43;-6.21;;;;
1112;20.6;26.6;0.5;8;80;6;Successful;Effective;No;No;No;No;No;No;0.0;-6.0;0.2;-6.1;0.32;-6.17;0.38;-6.21;0.41;-6.23;0.43;-6.21;;;;
1113;20.6;26.6;0.5;10;80;6;Successful;Effective;No;No;No;No;No;No;0.0;-6.0;0.2;-6.1;0.32;-6.17;0.38;-6.21;0.41;-6.23;0.43;-6.21;;;;
1114;20.6;26.6;0.5;5;100;6;Successful;Effective;No;No;No;No;No;No;0.0;-6.0;0.25;-6.1;0.39;-6.18;0.47;-6.22;0.51;-6.25;0.54;-6.23;;;;
1115;20.6;26.6;0.5;8;100;6;Successful;Effective;No;No;No;No;No;No;0.0;-6.0;0.25;-6.1;0.39;-6.18;0.47;-6.22;0.51;-6.25;0.54;-6.23;;;;
1116;20.6;26.6;0.5;10;100;6;Successful;Effective;No;No;No;No;No;No;0.0;-6.0;0.25;-6.1;0.39;-6.18;0.47;-6.22;0.51;-6.25;0.54;-6.23;;;;
1117;20.6;26.6;0.5;5;80;7;Successful;Effective;No;No;No;No;No;No;0.0;-7.0;0.2;-7.11;0.32;-7.19;0.38;-7.24;0.41;-7.26;0.43;-7.23;;;;
1118;20.6;26.6;0.5;8;80;7;Successful;Effective;No;No;No;No;No;No;0.0;-7.0;0.2;-7.11;0.32;-7.19;0.38;-7.24;0.41;-7.26;0.43;-7.23;;;;
1119;20.6;26.6;0.5;10;80;7;Successful;Effective;No;No;No;No;No;No;0.0;-7.0;0.2;-7.11;0.32;-7.19;0.38;-7.24;0.41;-7.26;0.43;-7.23;;;;
1120;20.6;26.6;0.5;5;100;7;Successful;Effective;No;No;No;No;No;No;0.0;-7.0;0.25;-7.12;0.39;-7.2;0.47;-7.25;0.51;-7.27;0.54;-7.25;;;;
1121;20.6;26.6;0.5;8;100;7;Successful;Effective;No;No;No;No;No;No;0.0;-7.0;0.25;-7.12;0.39;-7.2;0.47;-7.25;0.51;-7.27;0.54;-7.25;;;;
1122;20.6;26.6;0.5;10;100;7;Successful;Effective;No;No;No;No;No;No;0.0;-7.0;0.25;-7.12;0.39;-7.2;0.47;-7.25;0.51;-7.27;0.54;-7.25;;;;
1123;20.6;26.6;0.5;5;80;8;Successful;Effective;No;No;No;No;No;No;0.0;-7.99;0.2;-8.13;0.32;-8.21;0.38;-8.26;0.41;-8.28;0.43;-8.25;;;;
1124;20.6;26.6;0.5;8;80;8;Successful;Effective;No;No;No;No;No;No;0.0;-7.99;0.2;-8.13;0.32;-8.21;0.38;-8.26;0.41;-8.28;0.43;-8.25;;;;
1125;20.6;26.6;0.5;10;80;8;Successful;Effective;No;No;No;No;No;No;0.0;-7.99;0.2;-8.13;0.32;-8.21;0.38;-8.26;0.41;-8.28;0.43;-8.25;;;;
1126;20.6;26.6;0.5;5;100;8;Successful;Effective;No;No;No;No;No;No;0.0;-8.0;0.25;-8.13;0.39;-8.22;0.47;-8.28;0.51;-8.3;0.54;-8.27;;;;
1127;20.6;26.6;0.5;8;100;8;Successful;Effective;No;No;No;No;No;No;0.0;-8.0;0.25;-8.13;0.39;-8.22;0.47;-8.28;0.51;-8.3;0.54;-8.27;;;;
1128;20.6;26.6;0.5;10;100;8;Successful;Effective;No;No;No;No;No;No;0.0;-8.0;0.25;-8.13;0.39;-8.22;0.47;-8.28;0.51;-8.3;0.54;-8.27;;;;
1129;20.7;26.7;0.5;5;80;5;Successful;Effective;No;No;No;No;No;No;0.0;-5.0;0.2;-5.08;0.32;-5.15;0.38;-5.19;0.41;-5.2;0.43;-5.19;;;;
1130;20.7;26.7;0.5;8;80;5;Successful;Effective;No;No;No;No;No;No;0.0;-5.0;0.2;-5.08;0.32;-5.15;0.38;-5.19;0.41;-5.2;0.43;-5.19;;;;
1131;20.7;26.7;0.5;10;80;5;Successful;Effective;No;No;No;No;No;No;0.0;-5.0;0.2;-5.08;0.32;-5.15;0.38;-5.19;0.41;-5.2;0.43;-5.19;;;;
1132;20.7;26.7;0.5;5;100;5;Successful;Effective;No;No;No;No;No;No;0.0;-5.0;0.25;-5.09;0.39;-5.16;0.47;-5.2;0.51;-5.22;0.54;-5.21;;;;
1133;20.7;26.7;0.5;8;100;5;Successful;Effective;No;No;No;No;No;No;0.0;-5.0;0.25;-5.09;0.39;-5.16;0.47;-5.2;0.51;-5.22;0.54;-5.21;;;;
1134;20.7;26.7;0.5;10;100;5;Successful;Effective;No;No;No;No;No;No;0.0;-5.0;0.25;-5.09;0.39;-5.16;0.47;-5.2;0.51;-5.22;0.54;-5.21;;;;
1135;20.7;26.7;0.5;5;80;6;Successful;Effective;No;No;No;No;No;No;0.0;-6.0;0.2;-6.1;0.32;-6.17;0.38;-6.21;0.41;-6.23;0.43;-6.21;;;;
1136;20.7;26.7;0.5;8;80;6;Successful;Effective;No;No;No;No;No;No;0.0;-6.0;0.2;-6.1;0.32;-6.17;0.38;-6.21;0.41;-6.23;0.43;-6.21;;;;
1137;20.7;26.7;0.5;10;80;6;Successful;Effective;No;No;No;No;No;No;0.0;-6.0;0.2;-6.1;0.32;-6.17;0.38;-6.21;0.41;-6.23;0.43;-6.21;;;;
1138;20.7;26.7;0.5;5;100;6;Successful;Effective;No;No;No;No;No;No;0.0;-6.0;0.25;-6.1;0.39;-6.18;0.47;-6.22;0.51;-6.25;0.54;-6.23;;;;
1139;20.7;26.7;0.5;8;100;6;Successful;Effective;No;No;No;No;No;No;0.0;-6.0;0.25;-6.1;0.39;-6.18;0.47;-6.22;0.51;-6.25;0.54;-6.23;;;;
1140;20.7;26.7;0.5;10;100;6;Successful;Effective;No;No;No;No;No;No;0.0;-6.0;0.25;-6.1;0.39;-6.18;0.47;-6.22;0.51;-6.25;0.54;-6.23;;;;
1141;20.7;26.7;0.5;5;80;7;Successful;Effective;No;No;No;No;No;No;0.0;-7.0;0.2;-7.11;0.32;-7.19;0.38;-7.24;0.41;-7.26;0.43;-7.23;;;;
1142;20.7;26.7;0.5;8;80;7;Successful;Effective;No;No;No;No;No;No;0.0;-7.0;0.2;-7.11;0.32;-7.19;0.38;-7.24;0.41;-7.26;0.43;-7.23;;;;
1143;20.7;26.7;0.5;10;80;7;Successful;Effective;No;No;No;No;No;No;0.0;-7.0;0.2;-7.11;0.32;-7.19;0.38;-7.24;0.41;-7.26;0.43;-7.23;;;;
1144;20.7;26.7;0.5;5;100;7;Successful;Effective;No;No;No;No;No;No;0.0;-7.0;0.25;-7.12;0.39;-7.2;0.47;-7.25;0.51;-7.27;0.54;-7.25;;;;
1145;20.7;26.7;0.5;8;100;7;Successful;Effective;No;No;No;No;No;No;0.0;-7.0;0.25;-7.12;0.39;-7.2;0.47;-7.25;0.51;-7.27;0.54;-7.25;;;;
1146;20.7;26.7;0.5;10;100;7;Successful;Effective;No;No;No;No;No;No;0.0;-7.0;0.25;-7.12;0.39;-7.2;0.47;-7.25;0.51;-7.27;0.54;-7.25;;;;
1147;20.7;26.7;0.5;5;80;8;Successful;Effective;No;No;No;No;No;No;0.0;-7.99;0.2;-8.13;0.32;-8.21;0.38;-8.26;0.41;-8.28;0.43;-8.25;;;;
1148;20.7;26.7;0.5;8;80;8;Successful;Effective;No;No;No;No;No;No;0.0;-7.99;0.2;-8.13;0.32;-8.21;0.38;-8.26;0.41;-8.28;0.43;-8.25;;;;
1149;20.7;26.7;0.5;10;80;8;Successful;Effective;No;No;No;No;No;No;0.0;-7.99;0.2;-8.13;0.32;-8.21;0.38;-8.26;0.41;-8.28;0.43;-8.25;;;;
1150;20.7;26.7;0.5;5;100;8;Successful;Effective;No;No;No;No;No;No;0.0;-8.0;0.25;-8.13;0.39;-8.22;0.47;-8.28;0.51;-8.3;0.54;-8.27;;;;
1151;20.7;26.7;0.5;8;100;8;Successful;Effective;No;No;No;No;No;No;0.0;-8.0;0.25;-8.13;0.39;-8.22;0.47;-8.28;0.51;-8.3;0.54;-8.27;;;;
1152;20.7;26.7;0.5;10;100;8;Successful;Effective;No;No;No;No;No;No;0.0;-8.0;0.25;-8.13;0.39;-8.22;0.47;-8.28;0.51;-8.3;0.54;-8.27;;;;
1153;20.8;26.8;0.5;5;80;5;Successful;Effective;No;No;No;No;No;No;0.0;-5.0;0.2;-5.08;0.32;-5.15;0.38;-5.19;0.41;-5.2;0.43;-5.19;;;;
1154;20.8;26.8;0.5;8;80;5;Successful;Effective;No;No;No;No;No;No;0.0;-5.0;0.2;-5.08;0.32;-5.15;0.38;-5.19;0.41;-5.2;0.43;-5.19;;;;
1155;20.8;26.8;0.5;10;80;5;Successful;Effective;No;No;No;No;No;No;0.0;-5.0;0.2;-5.08;0.32;-5.15;0.38;-5.19;0.41;-5.2;0.43;-5.19;;;;
1156;20.8;26.8;0.5;5;100;5;Successful;Effective;No;No;No;No;No;No;0.0;-5.0;0.25;-5.09;0.39;-5.16;0.47;-5.2;0.51;-5.22;0.54;-5.21;;;;
1157;20.8;26.8;0.5;8;100;5;Successful;Effective;No;No;No;No;No;No;0.0;-5.0;0.25;-5.09;0.39;-5.16;0.47;-5.2;0.51;-5.22;0.54;-5.21;;;;
1158;20.8;26.8;0.5;10;100;5;Successful;Effective;No;No;No;No;No;No;0.0;-5.0;0.25;-5.09;0.39;-5.16;0.47;-5.2;0.51;-5.22;0.54;-5.21;;;;
1159;20.8;26.8;0.5;5;80;6;Successful;Effective;No;No;No;No;No;No;0.0;-6.0;0.2;-6.1;0.32;-6.17;0.38;-6.21;0.41;-6.23;0.43;-6.21;;;;
1160;20.8;26.8;0.5;8;80;6;Successful;Effective;No;No;No;No;No;No;0.0;-6.0;0.2;-6.1;0.32;-6.17;0.38;-6.21;0.41;-6.23;0.43;-6.21;;;;
1161;20.8;26.8;0.5;10;80;6;Successful;Effective;No;No;No;No;No;No;0.0;-6.0;0.2;-6.1;0.32;-6.17;0.38;-6.21;0.41;-6.23;0.43;-6.21;;;;
1162;20.8;26.8;0.5;5;100;6;Successful;Effective;No;No;No;No;No;No;0.0;-6.0;0.25;-6.1;0.39;-6.18;0.47;-6.22;0.51;-6.25;0.54;-6.23;;;;
1163;20.8;26.8;0.5;8;100;6;Successful;Effective;No;No;No;No;No;No;0.0;-6.0;0.25;-6.1;0.39;-6.18;0.47;-6.22;0.51;-6.25;0.54;-6.23;;;;
1164;20.8;26.8;0.5;10;100;6;Successful;Effective;No;No;No;No;No;No;0.0;-6.0;0.25;-6.1;0.39;-6.18;0.47;-6.22;0.51;-6.25;0.54;-6.23;;;;
1165;20.8;26.8;0.5;5;80;7;Successful;Effective;No;No;No;No;No;No;0.0;-7.0;0.2;-7.11;0.32;-7.19;0.38;-7.24;0.41;-7.26;0.43;-7.23;;;;
1166;20.8;26.8;0.5;8;80;7;Successful;Effective;No;No;No;No;No;No;0.0;-7.0;0.2;-7.11;0.32;-7.19;0.38;-7.24;0.41;-7.26;0.43;-7.23;;;;
1167;20.8;26.8;0.5;10;80;7;Successful;Effective;No;No;No;No;No;No;0.0;-7.0;0.2;-7.11;0.32;-7.19;0.38;-7.24;0.41;-7.26;0.43;-7.23;;;;
1168;20.8;26.8;0.5;5;100;7;Successful;Effective;No;No;No;No;No;No;0.0;-7.0;0.25;-7.12;0.39;-7.2;0.47;-7.25;0.51;-7.27;0.54;-7.25;;;;
1169;20.8;26.8;0.5;8;100;7;Successful;Effective;No;No;No;No;No;No;0.0;-7.0;0.25;-7.12;0.39;-7.2;0.47;-7.25;0.51;-7.27;0.54;-7.25;;;;
1170;20.8;26.8;0.5;10;100;7;Successful;Effective;No;No;No;No;No;No;0.0;-7.0;0.25;-7.12;0.39;-7.2;0.47;-7.25;0.51;-7.27;0.54;-7.25;;;;
1171;20.8;26.8;0.5;5;80;8;Successful;Effective;No;No;No;No;No;No;0.0;-7.99;0.2;-8.13;0.32;-8.21;0.38;-8.26;0.41;-8.28;0.43;-8.25;;;;
1172;20.8;26.8;0.5;8;80;8;Successful;Effective;No;No;No;No;No;No;0.0;-7.99;0.2;-8.13;0.32;-8.21;0.38;-8.26;0.41;-8.28;0.43;-8.25;;;;
1173;20.8;26.8;0.5;10;80;8;Successful;Effective;No;No;No;No;No;No;0.0;-7.99;0.2;-8.13;0.32;-8.21;0.38;-8.26;0.41;-8.28;0.43;-8.25;;;;
1174;20.8;26.8;0.5;5;100;8;Successful;Effective;No;No;No;No;No;No;0.0;-8.0;0.25;-8.13;0.39;-8.22;0.47;-8.28;0.51;-8.3;0.54;-8.27;;;;
1175;20.8;26.8;0.5;8;100;8;Successful;Effective;No;No;No;No;No;No;0.0;-8.0;0.25;-8.13;0.39;-8.22;0.47;-8.28;0.51;-8.3;0.54;-8.27;;;;
1176;20.8;26.8;0.5;10;100;8;Successful;Effective;No;No;No;No;No;No;0.0;-8.0;0.25;-8.13;0.39;-8.22;0.47;-8.28;0.51;-8.3;0.54;-8.27;;;;
1177;20.9;26.9;0.5;5;80;5;Successful;Effective;No;No;No;No;No;No;0.0;-5.0;0.2;-5.08;0.32;-5.15;0.38;-5.19;0.41;-5.2;0.43;-5.19;;;;
1178;20.9;26.9;0.5;8;80;5;Successful;Effective;No;No;No;No;No;No;0.0;-5.0;0.2;-5.08;0.32;-5.15;0.38;-5.19;0.41;-5.2;0.43;-5.19;;;;
1179;20.9;26.9;0.5;10;80;5;Successful;Effective;No;No;No;No;No;No;0.0;-5.0;0.2;-5.08;0.32;-5.15;0.38;-5.19;0.41;-5.2;0.43;-5.19;;;;
1180;20.9;26.9;0.5;5;100;5;Successful;Effective;No;No;No;No;No;No;0.0;-5.0;0.25;-5.09;0.39;-5.16;0.47;-5.2;0.51;-5.22;0.54;-5.21;;;;
1181;20.9;26.9;0.5;8;100;5;Successful;Effective;No;No;No;No;No;No;0.0;-5.0;0.25;-5.09;0.39;-5.16;0.47;-5.2;0.51;-5.22;0.54;-5.21;;;;
1182;20.9;26.9;0.5;10;100;5;Successful;Effective;No;No;No;No;No;No;0.0;-5.0;0.25;-5.09;0.39;-5.16;0.47;-5.2;0.51;-5.22;0.54;-5.21;;;;
1183;20.9;26.9;0.5;5;80;6;Successful;Effective;No;No;No;No;No;No;0.0;-6.0;0.2;-6.1;0.32;-6.17;0.38;-6.21;0.41;-6.23;0.43;-6.21;;;;
1184;20.9;26.9;0.5;8;80;6;Successful;Effective;No;No;No;No;No;No;0.0;-6.0;0.2;-6.1;0.32;-6.17;0.38;-6.21;0.41;-6.23;0.43;-6.21;;;;
1185;20.9;26.9;0.5;10;80;6;Successful;Effective;No;No;No;No;No;No;0.0;-6.0;0.2;-6.1;0.32;-6.17;0.38;-6.21;0.41;-6.23;0.43;-6.21;;;;
1186;20.9;26.9;0.5;5;100;6;Successful;Effective;No;No;No;No;No;No;0.0;-6.0;0.25;-6.1;0.39;-6.18;0.47;-6.22;0.51;-6.25;0.54;-6.23;;;;
1187;20.9;26.9;0.5;8;100;6;Successful;Effective;No;No;No;No;No;No;0.0;-6.0;0.25;-6.1;0.39;-6.18;0.47;-6.22;0.51;-6.25;0.54;-6.23;;;;
1188;20.9;26.9;0.5;10;100;6;Successful;Effective;No;No;No;No;No;No;0.0;-6.0;0.25;-6.1;0.39;-6.18;0.47;-6.22;0.51;-6.25;0.54;-6.23;;;;
1189;20.9;26.9;0.5;5;80;7;Successful;Effective;No;No;No;No;No;No;0.0;-7.0;0.2;-7.11;0.32;-7.19;0.38;-7.24;0.41;-7.26;0.43;-7.23;;;;
1190;20.9;26.9;0.5;8;80;7;Successful;Effective;No;No;No;No;No;No;0.0;-7.0;0.2;-7.11;0.32;-7.19;0.38;-7.24;0.41;-7.26;0.43;-7.23;;;;
1191;20.9;26.9;0.5;10;80;7;Successful;Effective;No;No;No;No;No;No;0.0;-7.0;0.2;-7.11;0.32;-7.19;0.38;-7.24;0.41;-7.26;0.43;-7.23;;;;
1192;20.9;26.9;0.5;5;100;7;Successful;Effective;No;No;No;No;No;No;0.0;-7.0;0.25;-7.12;0.39;-7.2;0.47;-7.25;0.51;-7.27;0.54;-7.25;;;;
1193;20.9;26.9;0.5;8;100;7;Successful;Effective;No;No;No;No;No;No;0.0;-7.0;0.25;-7.12;0.39;-7.2;0.47;-7.25;0.51;-7.27;0.54;-7.25;;;;
1194;20.9;26.9;0.5;10;100;7;Successful;Effective;No;No;No;No;No;No;0.0;-7.0;0.25;-7.12;0.39;-7.2;0.47;-7.25;0.51;-7.27;0.54;-7.25;;;;
1195;20.9;26.9;0.5;5;80;8;Successful;Effective;No;No;No;No;No;No;0.0;-7.99;0.2;-8.13;0.32;-8.21;0.38;-8.26;0.41;-8.28;0.43;-8.25;;;;
1196;20.9;26.9;0.5;8;80;8;Successful;Effective;No;No;No;No;No;No;0.0;-7.99;0.2;-8.13;0.32;-8.21;0.38;-8.26;0.41;-8.28;0.43;-8.25;;;;
1197;20.9;26.9;0.5;10;80;8;Successful;Effective;No;No;No;No;No;No;0.0;-7.99;0.2;-8.13;0.32;-8.21;0.38;-8.26;0.41;-8.28;0.43;-8.25;;;;
1198;20.9;26.9;0.5;5;100;8;Successful;Effective;No;No;No;No;No;No;0.0;-8.0;0.25;-8.13;0.39;-8.22;0.47;-8.28;0.51;-8.3;0.54;-8.27;;;;
1199;20.9;26.9;0.5;8;100;8;Successful;Effective;No;No;No;No;No;No;0.0;-8.0;0.25;-8.13;0.39;-8.22;0.47;-8.28;0.51;-8.3;0.54;-8.27;;;;
1200;20.9;26.9;0.5;10;100;8;Successful;Effective;No;No;No;No;No;No;0.0;-8.0;0.25;-8.13;0.39;-8.22;0.47;-8.28;0.51;-8.3;0.54;-8.27;;;;
1201;21.0;27.0;0.5;5;80;5;Successful;Effective;No;No;No;No;No;No;0.0;-5.0;0.2;-5.08;0.32;-5.15;0.38;-5.19;0.41;-5.2;0.43;-5.19;;;;
1202;21.0;27.0;0.5;8;80;5;Successful;Effective;No;No;No;No;No;No;0.0;-5.0;0.2;-5.08;0.32;-5.15;0.38;-5.19;0.41;-5.2;0.43;-5.19;;;;
1203;21.0;27.0;0.5;10;80;5;Successful;Effective;No;No;No;No;No;No;0.0;-5.0;0.2;-5.08;0.32;-5.15;0.38;-5.19;0.41;-5.2;0.43;-5.19;;;;
1204;21.0;27.0;0.5;5;100;5;Successful;Effective;No;No;No;No;No;No;0.0;-5.0;0.25;-5.09;0.39;-5.16;0.47;-5.2;0.51;-5.22;0.54;-5.21;;;;
1205;21.0;27.0;0.5;8;100;5;Successful;Effective;No;No;No;No;No;No;0.0;-5.0;0.25;-5.09;0.39;-5.16;0.47;-5.2;0.51;-5.22;0.54;-5.21;;;;
1206;21.0;27.0;0.5;10;100;5;Successful;Effective;No;No;No;No;No;No;0.0;-5.0;0.25;-5.09;0.39;-5.16;0.47;-5.2;0.51;-5.22;0.54;-5.21;;;;
1207;21.0;27.0;0.5;5;80;6;Successful;Effective;No;No;No;No;No;No;0.0;-6.0;0.2;-6.1;0.32;-6.17;0.38;-6.21;0.41;-6.23;0.43;-6.21;;;;
1208;21.0;27.0;0.5;8;80;6;Successful;Effective;No;No;No;No;No;No;0.0;-6.0;0.2;-6.1;0.32;-6.17;0.38;-6.21;0.41;-6.23;0.43;-6.21;;;;
1209;21.0;27.0;0.5;10;80;6;Successful;Effective;No;No;No;No;No;No;0.0;-6.0;0.2;-6.1;0.32;-6.17;0.38;-6.21;0.41;-6.23;0.43;-6.21;;;;
1210;21.0;27.0;0.5;5;100;6;Successful;Effective;No;No;No;No;No;No;0.0;-6.0;0.25;-6.1;0.39;-6.18;0.47;-6.22;0.51;-6.25;0.54;-6.23;;;;
1211;21.0;27.0;0.5;8;100;6;Successful;Effective;No;No;No;No;No;No;0.0;-6.0;0.25;-6.1;0.39;-6.18;0.47;-6.22;0.51;-6.25;0.54;-6.23;;;;
1212;21.0;27.0;0.5;10;100;6;Successful;Effective;No;No;No;No;No;No;0.0;-6.0;0.25;-6.1;0.39;-6.18;0.47;-6.22;0.51;-6.25;0.54;-6.23;;;;
1213;21.0;27.0;0.5;5;80;7;Successful;Effective;No;No;No;No;No;No;0.0;-7.0;0.2;-7.11;0.32;-7.19;0.38;-7.24;0.41;-7.26;0.43;-7.23;;;;
1214;21.0;27.0;0.5;8;80;7;Successful;Effective;No;No;No;No;No;No;0.0;-7.0;0.2;-7.11;0.32;-7.19;0.38;-7.24;0.41;-7.26;0.43;-7.23;;;;
1215;21.0;27.0;0.5;10;80;7;Successful;Effective;No;No;No;No;No;No;0.0;-7.0;0.2;-7.11;0.32;-7.19;0.38;-7.24;0.41;-7.26;0.43;-7.23;;;;
1216;21.0;27.0;0.5;5;100;7;Successful;Effective;No;No;No;No;No;No;0.0;-7.0;0.25;-7.12;0.39;-7.2;0.47;-7.25;0.51;-7.27;0.54;-7.25;;;;
1217;21.0;27.0;0.5;8;100;7;Successful;Effective;No;No;No;No;No;No;0.0;-7.0;0.25;-7.12;0.39;-7.2;0.47;-7.25;0.51;-7.27;0.54;-7.25;;;;
1218;21.0;27.0;0.5;10;100;7;Successful;Effective;No;No;No;No;No;No;0.0;-7.0;0.25;-7.12;0.39;-7.2;0.47;-7.25;0.51;-7.27;0.54;-7.25;;;;
1219;21.0;27.0;0.5;5;80;8;Successful;Effective;No;No;No;No;No;No;0.0;-7.99;0.2;-8.13;0.32;-8.21;0.38;-8.26;0.41;-8.28;0.43;-8.25;;;;
1220;21.0;27.0;0.5;8;80;8;Successful;Effective;No;No;No;No;No;No;0.0;-7.99;0.2;-8.13;0.32;-8.21;0.38;-8.26;0.41;-8.28;0.43;-8.25;;;;
1221;21.0;27.0;0.5;10;80;8;Successful;Effective;No;No;No;No;No;No;0.0;-7.99;0.2;-8.13;0.32;-8.21;0.38;-8.26;0.41;-8.28;0.43;-8.25;;;;
1222;21.0;27.0;0.5;5;100;8;Successful;Effective;No;No;No;No;No;No;0.0;-8.0;0.25;-8.13;0.39;-8.22;0.47;-8.28;0.51;-8.3;0.54;-8.27;;;;
1223;21.0;27.0;0.5;8;100;8;Successful;Effective;No;No;No;No;No;No;0.0;-8.0;0.25;-8.13;0.39;-8.22;0.47;-8.28;0.51;-8.3;0.54;-8.27;;;;
1224;21.0;27.0;0.5;10;100;8;Successful;Effective;No;No;No;No;No;No;0.0;-8.0;0.25;-8.13;0.39;-8.22;0.47;-8.28;0.51;-8.3;0.54;-8.27;;;;
1225;21.1;27.1;0.5;5;80;5;Successful;Effective;No;No;No;No;No;No;0.0;-5.0;0.2;-5.08;0.32;-5.15;0.38;-5.19;0.41;-5.2;0.43;-5.19;;;;
1226;21.1;27.1;0.5;8;80;5;Successful;Effective;No;No;No;No;No;No;0.0;-5.0;0.2;-5.08;0.32;-5.15;0.38;-5.19;0.41;-5.2;0.43;-5.19;;;;
1227;21.1;27.1;0.5;10;80;5;Successful;Effective;No;No;No;No;No;No;0.0;-5.0;0.2;-5.08;0.32;-5.15;0.38;-5.19;0.41;-5.2;0.43;-5.19;;;;
1228;21.1;27.1;0.5;5;100;5;Successful;Effective;No;No;No;No;No;No;0.0;-5.0;0.25;-5.09;0.39;-5.16;0.47;-5.2;0.51;-5.22;0.54;-5.21;;;;
1229;21.1;27.1;0.5;8;100;5;Successful;Effective;No;No;No;No;No;No;0.0;-5.0;0.25;-5.09;0.39;-5.16;0.47;-5.2;0.51;-5.22;0.54;-5.21;;;;
1230;21.1;27.1;0.5;10;100;5;Successful;Effective;No;No;No;No;No;No;0.0;-5.0;0.25;-5.09;0.39;-5.16;0.47;-5.2;0.51;-5.22;0.54;-5.21;;;;
1231;21.1;27.1;0.5;5;80;6;Successful;Effective;No;No;No;No;No;No;0.0;-6.0;0.2;-6.1;0.32;-6.17;0.38;-6.21;0.41;-6.23;0.43;-6.21;;;;
1232;21.1;27.1;0.5;8;80;6;Successful;Effective;No;No;No;No;No;No;0.0;-6.0;0.2;-6.1;0.32;-6.17;0.38;-6.21;0.41;-6.23;0.43;-6.21;;;;
1233;21.1;27.1;0.5;10;80;6;Successful;Effective;No;No;No;No;No;No;0.0;-6.0;0.2;-6.1;0.32;-6.17;0.38;-6.21;0.41;-6.23;0.43;-6.21;;;;
1234;21.1;27.1;0.5;5;100;6;Successful;Effective;No;No;No;No;No;No;0.0;-6.0;0.25;-6.1;0.39;-6.18;0.47;-6.22;0.51;-6.25;0.54;-6.23;;;;
1235;21.1;27.1;0.5;8;100;6;Successful;Effective;No;No;No;No;No;No;0.0;-6.0;0.25;-6.1;0.39;-6.18;0.47;-6.22;0.51;-6.25;0.54;-6.23;;;;
1236;21.1;27.1;0.5;10;100;6;Successful;Effective;No;No;No;No;No;No;0.0;-6.0;0.25;-6.1;0.39;-6.18;0.47;-6.22;0.51;-6.25;0.54;-6.23;;;;
1237;21.1;27.1;0.5;5;80;7;Successful;Effective;No;No;No;No;No;No;0.0;-7.0;0.2;-7.11;0.32;-7.19;0.38;-7.24;0.41;-7.26;0.43;-7.23;;;;
1238;21.1;27.1;0.5;8;80;7;Successful;Effective;No;No;No;No;No;No;0.0;-7.0;0.2;-7.11;0.32;-7.19;0.38;-7.24;0.41;-7.26;0.43;-7.23;;;;
1239;21.1;27.1;0.5;10;80;7;Successful;Effective;No;No;No;No;No;No;0.0;-7.0;0.2;-7.11;0.32;-7.19;0.38;-7.24;0.41;-7.26;0.43;-7.23;;;;
1240;21.1;27.1;0.5;5;100;7;Successful;Effective;No;No;No;No;No;No;0.0;-7.0;0.25;-7.12;0.39;-7.2;0.47;-7.25;0.51;-7.27;0.54;-7.25;;;;
1241;21.1;27.1;0.5;8;100;7;Successful;Effective;No;No;No;No;No;No;0.0;-7.0;0.25;-7.12;0.39;-7.2;0.47;-7.25;0.51;-7.27;0.54;-7.25;;;;
1242;21.1;27.1;0.5;10;100;7;Successful;Effective;No;No;No;No;No;No;0.0;-7.0;0.25;-7.12;0.39;-7.2;0.47;-7.25;0.51;-7.27;0.54;-7.25;;;;
1243;21.1;27.1;0.5;5;80;8;Successful;Effective;No;No;No;No;No;No;0.0;-7.99;0.2;-8.13;0.32;-8.21;0.38;-8.26;0.41;-8.28;0.43;-8.25;;;;
1244;21.1;27.1;0.5;8;80;8;Successful;Effective;No;No;No;No;No;No;0.0;-7.99;0.2;-8.13;0.32;-8.21;0.38;-8.26;0.41;-8.28;0.43;-8.25;;;;
1245;21.1;27.1;0.5;10;80;8;Successful;Effective;No;No;No;No;No;No;0.0;-7.99;0.2;-8.13;0.32;-8.21;0.38;-8.26;0.41;-8.28;0.43;-8.25;;;;
1246;21.1;27.1;0.5;5;100;8;Successful;Effective;No;No;No;No;No;No;0.0;-8.0;0.25;-8.13;0.39;-8.22;0.47;-8.28;0.51;-8.3;0.54;-8.27;;;;
1247;21.1;27.1;0.5;8;100;8;Successful;Effective;No;No;No;No;No;No;0.0;-8.0;0.25;-8.13;0.39;-8.22;0.47;-8.28;0.51;-8.3;0.54;-8.27;;;;
1248;21.1;27.1;0.5;10;100;8;Successful;Effective;No;No;No;No;No;No;0.0;-8.0;0.25;-8.13;0.39;-8.22;0.47;-8.28;0.51;-8.3;0.54;-8.27;;;;
1249;21.2;27.2;0.5;5;80;5;Successful;Effective;No;No;No;No;No;No;0.0;-5.0;0.2;-5.08;0.32;-5.15;0.38;-5.19;0.41;-5.2;0.43;-5.19;;;;
1250;21.2;27.2;0.5;8;80;5;Successful;Effective;No;No;No;No;No;No;0.0;-5.0;0.2;-5.08;0.32;-5.15;0.38;-5.19;0.41;-5.2;0.43;-5.19;;;;
1251;21.2;27.2;0.5;10;80;5;Successful;Effective;No;No;No;No;No;No;0.0;-5.0;0.2;-5.08;0.32;-5.15;0.38;-5.19;0.41;-5.2;0.43;-5.19;;;;
1252;21.2;27.2;0.5;5;100;5;Successful;Effective;No;No;No;No;No;No;0.0;-5.0;0.25;-5.09;0.39;-5.16;0.47;-5.2;0.51;-5.22;0.54;-5.21;;;;
1253;21.2;27.2;0.5;8;100;5;Successful;Effective;No;No;No;No;No;No;0.0;-5.0;0.25;-5.09;0.39;-5.16;0.47;-5.2;0.51;-5.22;0.54;-5.21;;;;
1254;21.2;27.2;0.5;10;100;5;Successful;Effective;No;No;No;No;No;No;0.0;-5.0;0.25;-5.09;0.39;-5.16;0.47;-5.2;0.51;-5.22;0.54;-5.21;;;;
1255;21.2;27.2;0.5;5;80;6;Successful;Effective;No;No;No;No;No;No;0.0;-6.0;0.2;-6.1;0.32;-6.17;0.38;-6.21;0.41;-6.23;0.43;-6.21;;;;
1256;21.2;27.2;0.5;8;80;6;Successful;Effective;No;No;No;No;No;No;0.0;-6.0;0.2;-6.1;0.32;-6.17;0.38;-6.21;0.41;-6.23;0.43;-6.21;;;;
1257;21.2;27.2;0.5;10;80;6;Successful;Effective;No;No;No;No;No;No;0.0;-6.0;0.2;-6.1;0.32;-6.17;0.38;-6.21;0.41;-6.23;0.43;-6.21;;;;
1258;21.2;27.2;0.5;5;100;6;Successful;Effective;No;No;No;No;No;No;0.0;-6.0;0.25;-6.1;0.39;-6.18;0.47;-6.22;0.51;-6.25;0.54;-6.23;;;;
1259;21.2;27.2;0.5;8;100;6;Successful;Effective;No;No;No;No;No;No;0.0;-6.0;0.25;-6.1;0.39;-6.18;0.47;-6.22;0.51;-6.25;0.54;-6.23;;;;
1260;21.2;27.2;0.5;10;100;6;Successful;Effective;No;No;No;No;No;No;0.0;-6.0;0.25;-6.1;0.39;-6.18;0.47;-6.22;0.51;-6.25;0.54;-6.23;;;;
1261;21.2;27.2;0.5;5;80;7;Successful;Effective;No;No;No;No;No;No;0.0;-7.0;0.2;-7.11;0.32;-7.19;0.38;-7.24;0.41;-7.26;0.43;-7.23;;;;
1262;21.2;27.2;0.5;8;80;7;Successful;Effective;No;No;No;No;No;No;0.0;-7.0;0.2;-7.11;0.32;-7.19;0.38;-7.24;0.41;-7.26;0.43;-7.23;;;;
1263;21.2;27.2;0.5;10;80;7;Successful;Effective;No;No;No;No;No;No;0.0;-7.0;0.2;-7.11;0.32;-7.19;0.38;-7.24;0.41;-7.26;0.43;-7.23;;;;
1264;21.2;27.2;0.5;5;100;7;Successful;Effective;No;No;No;No;No;No;0.0;-7.0;0.25;-7.12;0.39;-7.2;0.47;-7.25;0.51;-7.27;0.54;-7.25;;;;
1265;21.2;27.2;0.5;8;100;7;Successful;Effective;No;No;No;No;No;No;0.0;-7.0;0.25;-7.12;0.39;-7.2;0.47;-7.25;0.51;-7.27;0.54;-7.25;;;;
1266;21.2;27.2;0.5;10;100;7;Successful;Effective;No;No;No;No;No;No;0.0;-7.0;0.25;-7.12;0.39;-7.2;0.47;-7.25;0.51;-7.27;0.54;-7.25;;;;
1267;21.2;27.2;0.5;5;80;8;Successful;Effective;No;No;No;No;No;No;0.0;-7.99;0.2;-8.13;0.32;-8.21;0.38;-8.26;0.41;-8.28;0.43;-8.25;;;;
1268;21.2;27.2;0.5;8;80;8;Successful;Effective;No;No;No;No;No;No;0.0;-7.99;0.2;-8.13;0.32;-8.21;0.38;-8.26;0.41;-8.28;0.43;-8.25;;;;
1269;21.2;27.2;0.5;10;80;8;Successful;Effective;No;No;No;No;No;No;0.0;-7.99;0.2;-8.13;0.32;-8.21;0.38;-8.26;0.41;-8.28;0.43;-8.25;;;;
1270;21.2;27.2;0.5;5;100;8;Successful;Effective;No;No;No;No;No;No;0.0;-8.0;0.25;-8.13;0.39;-8.22;0.47;-8.28;0.51;-8.3;0.54;-8.27;;;;
1271;21.2;27.2;0.5;8;100;8;Successful;Effective;No;No;No;No;No;No;0.0;-8.0;0.25;-8.13;0.39;-8.22;0.47;-8.28;0.51;-8.3;0.54;-8.27;;;;
1272;21.2;27.2;0.5;10;100;8;Successful;Effective;No;No;No;No;No;No;0.0;-8.0;0.25;-8.13;0.39;-8.22;0.47;-8.28;0.51;-8.3;0.54;-8.27;;;;
1273;21.3;27.3;0.5;5;80;5;Successful;Effective;No;No;No;No;No;No;0.0;-5.0;0.2;-5.08;0.32;-5.15;0.38;-5.19;0.41;-5.2;0.43;-5.19;;;;
1274;21.3;27.3;0.5;8;80;5;Successful;Effective;No;No;No;No;No;No;0.0;-5.0;0.2;-5.08;0.32;-5.15;0.38;-5.19;0.41;-5.2;0.43;-5.19;;;;
1275;21.3;27.3;0.5;10;80;5;Successful;Effective;No;No;No;No;No;No;0.0;-5.0;0.2;-5.08;0.32;-5.15;0.38;-5.19;0.41;-5.2;0.43;-5.19;;;;
1276;21.3;27.3;0.5;5;100;5;Successful;Effective;No;No;No;No;No;No;0.0;-5.0;0.25;-5.09;0.39;-5.16;0.47;-5.2;0.51;-5.22;0.54;-5.21;;;;
1277;21.3;27.3;0.5;8;100;5;Successful;Effective;No;No;No;No;No;No;0.0;-5.0;0.25;-5.09;0.39;-5.16;0.47;-5.2;0.51;-5.22;0.54;-5.21;;;;
1278;21.3;27.3;0.5;10;100;5;Successful;Effective;No;No;No;No;No;No;0.0;-5.0;0.25;-5.09;0.39;-5.16;0.47;-5.2;0.51;-5.22;0.54;-5.21;;;;
1279;21.3;27.3;0.5;5;80;6;Successful;Effective;No;No;No;No;No;No;0.0;-6.0;0.2;-6.1;0.32;-6.17;0.38;-6.21;0.41;-6.23;0.43;-6.21;;;;
1280;21.3;27.3;0.5;8;80;6;Successful;Effective;No;No;No;No;No;No;0.0;-6.0;0.2;-6.1;0.32;-6.17;0.38;-6.21;0.41;-6.23;0.43;-6.21;;;;
1281;21.3;27.3;0.5;10;80;6;Successful;Effective;No;No;No;No;No;No;0.0;-6.0;0.2;-6.1;0.32;-6.17;0.38;-6.21;0.41;-6.23;0.43;-6.21;;;;
1282;21.3;27.3;0.5;5;100;6;Successful;Effective;No;No;No;No;No;No;0.0;-6.0;0.25;-6.1;0.39;-6.18;0.47;-6.22;0.51;-6.25;0.54;-6.23;;;;
1283;21.3;27.3;0.5;8;100;6;Successful;Effective;No;No;No;No;No;No;0.0;-6.0;0.25;-6.1;0.39;-6.18;0.47;-6.22;0.51;-6.25;0.54;-6.23;;;;
1284;21.3;27.3;0.5;10;100;6;Successful;Effective;No;No;No;No;No;No;0.0;-6.0;0.25;-6.1;0.39;-6.18;0.47;-6.22;0.51;-6.25;0.54;-6.23;;;;
1285;21.3;27.3;0.5;5;80;7;Successful;Effective;No;No;No;No;No;No;0.0;-7.0;0.2;-7.11;0.32;-7.19;0.38;-7.24;0.41;-7.26;0.43;-7.23;;;;
1286;21.3;27.3;0.5;8;80;7;Successful;Effective;No;No;No;No;No;No;0.0;-7.0;0.2;-7.11;0.32;-7.19;0.38;-7.24;0.41;-7.26;0.43;-7.23;;;;
1287;21.3;27.3;0.5;10;80;7;Successful;Effective;No;No;No;No;No;No;0.0;-7.0;0.2;-7.11;0.32;-7.19;0.38;-7.24;0.41;-7.26;0.43;-7.23;;;;
1288;21.3;27.3;0.5;5;100;7;Successful;Effective;No;No;No;No;No;No;0.0;-7.0;0.25;-7.12;0.39;-7.2;0.47;-7.25;0.51;-7.27;0.54;-7.25;;;;
1289;21.3;27.3;0.5;8;100;7;Successful;Effective;No;No;No;No;No;No;0.0;-7.0;0.25;-7.12;0.39;-7.2;0.47;-7.25;0.51;-7.27;0.54;-7.25;;;;
1290;21.3;27.3;0.5;10;100;7;Successful;Effective;No;No;No;No;No;No;0.0;-7.0;0.25;-7.12;0.39;-7.2;0.47;-7.25;0.51;-7.27;0.54;-7.25;;;;
1291;21.3;27.3;0.5;5;80;8;Successful;Effective;No;No;No;No;No;No;0.0;-7.99;0.2;-8.13;0.32;-8.21;0.38;-8.26;0.41;-8.28;0.43;-8.25;;;;
1292;21.3;27.3;0.5;8;80;8;Successful;Effective;No;No;No;No;No;No;0.0;-7.99;0.2;-8.13;0.32;-8.21;0.38;-8.26;0.41;-8.28;0.43;-8.25;;;;
1293;21.3;27.3;0.5;10;80;8;Successful;Effective;No;No;No;No;No;No;0.0;-7.99;0.2;-8.13;0.32;-8.21;0.38;-8.26;0.41;-8.28;0.43;-8.25;;;;
1294;21.3;27.3;0.5;5;100;8;Successful;Effective;No;No;No;No;No;No;0.0;-8.0;0.25;-8.13;0.39;-8.22;0.47;-8.28;0.51;-8.3;0.54;-8.27;;;;
1295;21.3;27.3;0.5;8;100;8;Successful;Effective;No;No;No;No;No;No;0.0;-8.0;0.25;-8.13;0.39;-8.22;0.47;-8.28;0.51;-8.3;0.54;-8.27;;;;
1296;21.3;27.3;0.5;10;100;8;Successful;Effective;No;No;No;No;No;No;0.0;-8.0;0.25;-8.13;0.39;-8.22;0.47;-8.28;0.51;-8.3;0.54;-8.27;;;;
1297;21.4;27.4;0.5;5;80;5;Successful;Effective;No;No;No;No;No;No;0.0;-5.0;0.2;-5.08;0.32;-5.15;0.38;-5.19;0.41;-5.2;0.43;-5.19;;;;
1298;21.4;27.4;0.5;8;80;5;Successful;Effective;No;No;No;No;No;No;0.0;-5.0;0.2;-5.08;0.32;-5.15;0.38;-5.19;0.41;-5.2;0.43;-5.19;;;;
1299;21.4;27.4;0.5;10;80;5;Successful;Effective;No;No;No;No;No;No;0.0;-5.0;0.2;-5.08;0.32;-5.15;0.38;-5.19;0.41;-5.2;0.43;-5.19;;;;
1300;21.4;27.4;0.5;5;100;5;Successful;Effective;No;No;No;No;No;No;0.0;-5.0;0.25;-5.09;0.39;-5.16;0.47;-5.2;0.51;-5.22;0.54;-5.21;;;;
1301;21.4;27.4;0.5;8;100;5;Successful;Effective;No;No;No;No;No;No;0.0;-5.0;0.25;-5.09;0.39;-5.16;0.47;-5.2;0.51;-5.22;0.54;-5.21;;;;
1302;21.4;27.4;0.5;10;100;5;Successful;Effective;No;No;No;No;No;No;0.0;-5.0;0.25;-5.09;0.39;-5.16;0.47;-5.2;0.51;-5.22;0.54;-5.21;;;;
1303;21.4;27.4;0.5;5;80;6;Successful;Effective;No;No;No;No;No;No;0.0;-6.0;0.2;-6.1;0.32;-6.17;0.38;-6.21;0.41;-6.23;0.43;-6.21;;;;
1304;21.4;27.4;0.5;8;80;6;Successful;Effective;No;No;No;No;No;No;0.0;-6.0;0.2;-6.1;0.32;-6.17;0.38;-6.21;0.41;-6.23;0.43;-6.21;;;;
1305;21.4;27.4;0.5;10;80;6;Successful;Effective;No;No;No;No;No;No;0.0;-6.0;0.2;-6.1;0.32;-6.17;0.38;-6.21;0.41;-6.23;0.43;-6.21;;;;
1306;21.4;27.4;0.5;5;100;6;Successful;Effective;No;No;No;No;No;No;0.0;-6.0;0.25;-6.1;0.39;-6.18;0.47;-6.22;0.51;-6.25;0.54;-6.23;;;;
1307;21.4;27.4;0.5;8;100;6;Successful;Effective;No;No;No;No;No;No;0.0;-6.0;0.25;-6.1;0.39;-6.18;0.47;-6.22;0.51;-6.25;0.54;-6.23;;;;
1308;21.4;27.4;0.5;10;100;6;Successful;Effective;No;No;No;No;No;No;0.0;-6.0;0.25;-6.1;0.39;-6.18;0.47;-6.22;0.51;-6.25;0.54;-6.23;;;;
1309;21.4;27.4;0.5;5;80;7;Successful;Effective;No;No;No;No;No;No;0.0;-7.0;0.2;-7.11;0.32;-7.19;0.38;-7.24;0.41;-7.26;0.43;-7.23;;;;
1310;21.4;27.4;0.5;8;80;7;Successful;Effective;No;No;No;No;No;No;0.0;-7.0;0.2;-7.11;0.32;-7.19;0.38;-7.24;0.41;-7.26;0.43;-7.23;;;;
1311;21.4;27.4;0.5;10;80;7;Successful;Effective;No;No;No;No;No;No;0.0;-7.0;0.2;-7.11;0.32;-7.19;0.38;-7.24;0.41;-7.26;0.43;-7.23;;;;
1312;21.4;27.4;0.5;5;100;7;Successful;Effective;No;No;No;No;No;No;0.0;-7.0;0.25;-7.12;0.39;-7.2;0.47;-7.25;0.51;-7.27;0.54;-7.25;;;;
1313;21.4;27.4;0.5;8;100;7;Successful;Effective;No;No;No;No;No;No;0.0;-7.0;0.25;-7.12;0.39;-7.2;0.47;-7.25;0.51;-7.27;0.54;-7.25;;;;
1314;21.4;27.4;0.5;10;100;7;Successful;Effective;No;No;No;No;No;No;0.0;-7.0;0.25;-7.12;0.39;-7.2;0.47;-7.25;0.51;-7.27;0.54;-7.25;;;;
1315;21.4;27.4;0.5;5;80;8;Successful;Effective;No;No;No;No;No;No;0.0;-7.99;0.2;-8.13;0.32;-8.21;0.38;-8.26;0.41;-8.28;0.43;-8.25;;;;
1316;21.4;27.4;0.5;8;80;8;Successful;Effective;No;No;No;No;No;No;0.0;-7.99;0.2;-8.13;0.32;-8.21;0.38;-8.26;0.41;-8.28;0.43;-8.25;;;;
1317;21.4;27.4;0.5;10;80;8;Successful;Effective;No;No;No;No;No;No;0.0;-7.99;0.2;-8.13;0.32;-8.21;0.38;-8.26;0.41;-8.28;0.43;-8.25;;;;
1318;21.4;27.4;0.5;5;100;8;Successful;Effective;No;No;No;No;No;No;0.0;-8.0;0.25;-8.13;0.39;-8.22;0.47;-8.28;0.51;-8.3;0.54;-8.27;;;;
1319;21.4;27.4;0.5;8;100;8;Successful;Effective;No;No;No;No;No;No;0.0;-8.0;0.25;-8.13;0.39;-8.22;0.47;-8.28;0.51;-8.3;0.54;-8.27;;;;
1320;21.4;27.4;0.5;10;100;8;Successful;Effective;No;No;No;No;No;No;0.0;-8.0;0.25;-8.13;0.39;-8.22;0.47;-8.28;0.51;-8.3;0.54;-8.27;;;;
1321;21.5;27.5;0.5;5;80;5;Successful;Effective;No;No;No;No;No;No;0.0;-5.0;0.2;-5.08;0.32;-5.15;0.38;-5.19;0.41;-5.2;0.43;-5.19;;;;
1322;21.5;27.5;0.5;8;80;5;Successful;Effective;No;No;No;No;No;No;0.0;-5.0;0.2;-5.08;0.32;-5.15;0.38;-5.19;0.41;-5.2;0.43;-5.19;;;;
1323;21.5;27.5;0.5;10;80;5;Successful;Effective;No;No;No;No;No;No;0.0;-5.0;0.2;-5.08;0.32;-5.15;0.38;-5.19;0.41;-5.2;0.43;-5.19;;;;
1324;21.5;27.5;0.5;5;100;5;Successful;Effective;No;No;No;No;No;No;0.0;-5.0;0.25;-5.09;0.39;-5.16;0.47;-5.2;0.51;-5.22;0.54;-5.21;;;;
1325;21.5;27.5;0.5;8;100;5;Successful;Effective;No;No;No;No;No;No;0.0;-5.0;0.25;-5.09;0.39;-5.16;0.47;-5.2;0.51;-5.22;0.54;-5.21;;;;
1326;21.5;27.5;0.5;10;100;5;Successful;Effective;No;No;No;No;No;No;0.0;-5.0;0.25;-5.09;0.39;-5.16;0.47;-5.2;0.51;-5.22;0.54;-5.21;;;;
1327;21.5;27.5;0.5;5;80;6;Successful;Effective;No;No;No;No;No;No;0.0;-6.0;0.2;-6.1;0.32;-6.17;0.38;-6.21;0.41;-6.23;0.43;-6.21;;;;
1328;21.5;27.5;0.5;8;80;6;Successful;Effective;No;No;No;No;No;No;0.0;-6.0;0.2;-6.1;0.32;-6.17;0.38;-6.21;0.41;-6.23;0.43;-6.21;;;;
1329;21.5;27.5;0.5;10;80;6;Successful;Effective;No;No;No;No;No;No;0.0;-6.0;0.2;-6.1;0.32;-6.17;0.38;-6.21;0.41;-6.23;0.43;-6.21;;;;
1330;21.5;27.5;0.5;5;100;6;Successful;Effective;No;No;No;No;No;No;0.0;-6.0;0.25;-6.1;0.39;-6.18;0.47;-6.22;0.51;-6.25;0.54;-6.23;;;;
1331;21.5;27.5;0.5;8;100;6;Successful;Effective;No;No;No;No;No;No;0.0;-6.0;0.25;-6.1;0.39;-6.18;0.47;-6.22;0.51;-6.25;0.54;-6.23;;;;
1332;21.5;27.5;0.5;10;100;6;Successful;Effective;No;No;No;No;No;No;0.0;-6.0;0.25;-6.1;0.39;-6.18;0.47;-6.22;0.51;-6.25;0.54;-6.23;;;;
1333;21.5;27.5;0.5;5;80;7;Successful;Effective;No;No;No;No;No;No;0.0;-7.0;0.2;-7.11;0.32;-7.19;0.38;-7.24;0.41;-7.26;0.43;-7.23;;;;
1334;21.5;27.5;0.5;8;80;7;Successful;Effective;No;No;No;No;No;No;0.0;-7.0;0.2;-7.11;0.32;-7.19;0.38;-7.24;0.41;-7.26;0.43;-7.23;;;;
1335;21.5;27.5;0.5;10;80;7;Successful;Effective;No;No;No;No;No;No;0.0;-7.0;0.2;-7.11;0.32;-7.19;0.38;-7.24;0.41;-7.26;0.43;-7.23;;;;
1336;21.5;27.5;0.5;5;100;7;Successful;Effective;No;No;No;No;No;No;0.0;-7.0;0.25;-7.12;0.39;-7.2;0.47;-7.25;0.51;-7.27;0.54;-7.25;;;;
1337;21.5;27.5;0.5;8;100;7;Successful;Effective;No;No;No;No;No;No;0.0;-7.0;0.25;-7.12;0.39;-7.2;0.47;-7.25;0.51;-7.27;0.54;-7.25;;;;
1338;21.5;27.5;0.5;10;100;7;Successful;Effective;No;No;No;No;No;No;0.0;-7.0;0.25;-7.12;0.39;-7.2;0.47;-7.25;0.51;-7.27;0.54;-7.25;;;;
1339;21.5;27.5;0.5;5;80;8;Successful;Effective;No;No;No;No;No;No;0.0;-7.99;0.2;-8.13;0.32;-8.21;0.38;-8.26;0.41;-8.28;0.43;-8.25;;;;
1340;21.5;27.5;0.5;8;80;8;Successful;Effective;No;No;No;No;No;No;0.0;-7.99;0.2;-8.13;0.32;-8.21;0.38;-8.26;0.41;-8.28;0.43;-8.25;;;;
1341;21.5;27.5;0.5;10;80;8;Successful;Effective;No;No;No;No;No;No;0.0;-7.99;0.2;-8.13;0.32;-8.21;0.38;-8.26;0.41;-8.28;0.43;-8.25;;;;
1342;21.5;27.5;0.5;5;100;8;Successful;Effective;No;No;No;No;No;No;0.0;-8.0;0.25;-8.13;0.39;-8.22;0.47;-8.28;0.51;-8.3;0.54;-8.27;;;;
1343;21.5;27.5;0.5;8;100;8;Successful;Effective;No;No;No;No;No;No;0.0;-8.0;0.25;-8.13;0.39;-8.22;0.47;-8.28;0.51;-8.3;0.54;-8.27;;;;
1344;21.5;27.5;0.5;10;100;8;Successful;Effective;No;No;No;No;No;No;0.0;-8.0;0.25;-8.13;0.39;-8.22;0.47;-8.28;0.51;-8.3;0.54;-8.27;;;;
1345;21.6;27.6;0.5;5;80;5;Successful;Effective;No;No;No;No;No;No;0.0;-5.0;0.2;-5.08;0.32;-5.15;0.38;-5.19;0.41;-5.2;0.43;-5.19;;;;
1346;21.6;27.6;0.5;8;80;5;Successful;Effective;No;No;No;No;No;No;0.0;-5.0;0.2;-5.08;0.32;-5.15;0.38;-5.19;0.41;-5.2;0.43;-5.19;;;;
1347;21.6;27.6;0.5;10;80;5;Successful;Effective;No;No;No;No;No;No;0.0;-5.0;0.2;-5.08;0.32;-5.15;0.38;-5.19;0.41;-5.2;0.43;-5.19;;;;
1348;21.6;27.6;0.5;5;100;5;Successful;Effective;No;No;No;No;No;No;0.0;-5.0;0.25;-5.09;0.39;-5.16;0.47;-5.2;0.51;-5.22;0.54;-5.21;;;;
1349;21.6;27.6;0.5;8;100;5;Successful;Effective;No;No;No;No;No;No;0.0;-5.0;0.25;-5.09;0.39;-5.16;0.47;-5.2;0.51;-5.22;0.54;-5.21;;;;
1350;21.6;27.6;0.5;10;100;5;Successful;Effective;No;No;No;No;No;No;0.0;-5.0;0.25;-5.09;0.39;-5.16;0.47;-5.2;0.51;-5.22;0.54;-5.21;;;;
1351;21.6;27.6;0.5;5;80;6;Successful;Effective;No;No;No;No;No;No;0.0;-6.0;0.2;-6.1;0.32;-6.17;0.38;-6.21;0.41;-6.23;0.43;-6.21;;;;
1352;21.6;27.6;0.5;8;80;6;Successful;Effective;No;No;No;No;No;No;0.0;-6.0;0.2;-6.1;0.32;-6.17;0.38;-6.21;0.41;-6.23;0.43;-6.21;;;;
1353;21.6;27.6;0.5;10;80;6;Successful;Effective;No;No;No;No;No;No;0.0;-6.0;0.2;-6.1;0.32;-6.17;0.38;-6.21;0.41;-6.23;0.43;-6.21;;;;
1354;21.6;27.6;0.5;5;100;6;Successful;Effective;No;No;No;No;No;No;0.0;-6.0;0.25;-6.1;0.39;-6.18;0.47;-6.22;0.51;-6.25;0.54;-6.23;;;;
1355;21.6;27.6;0.5;8;100;6;Successful;Effective;No;No;No;No;No;No;0.0;-6.0;0.25;-6.1;0.39;-6.18;0.47;-6.22;0.51;-6.25;0.54;-6.23;;;;
1356;21.6;27.6;0.5;10;100;6;Successful;Effective;No;No;No;No;No;No;0.0;-6.0;0.25;-6.1;0.39;-6.18;0.47;-6.22;0.51;-6.25;0.54;-6.23;;;;
1357;21.6;27.6;0.5;5;80;7;Successful;Effective;No;No;No;No;No;No;0.0;-7.0;0.2;-7.11;0.32;-7.19;0.38;-7.24;0.41;-7.26;0.43;-7.23;;;;
1358;21.6;27.6;0.5;8;80;7;Successful;Effective;No;No;No;No;No;No;0.0;-7.0;0.2;-7.11;0.32;-7.19;0.38;-7.24;0.41;-7.26;0.43;-7.23;;;;
1359;21.6;27.6;0.5;10;80;7;Successful;Effective;No;No;No;No;No;No;0.0;-7.0;0.2;-7.11;0.32;-7.19;0.38;-7.24;0.41;-7.26;0.43;-7.23;;;;
1360;21.6;27.6;0.5;5;100;7;Successful;Effective;No;No;No;No;No;No;0.0;-7.0;0.25;-7.12;0.39;-7.2;0.47;-7.25;0.51;-7.27;0.54;-7.25;;;;
1361;21.6;27.6;0.5;8;100;7;Successful;Effective;No;No;No;No;No;No;0.0;-7.0;0.25;-7.12;0.39;-7.2;0.47;-7.25;0.51;-7.27;0.54;-7.25;;;;
1362;21.6;27.6;0.5;10;100;7;Successful;Effective;No;No;No;No;No;No;0.0;-7.0;0.25;-7.12;0.39;-7.2;0.47;-7.25;0.51;-7.27;0.54;-7.25;;;;
1363;21.6;27.6;0.5;5;80;8;Successful;Effective;No;No;No;No;No;No;0.0;-7.99;0.2;-8.13;0.32;-8.21;0.38;-8.26;0.41;-8.28;0.43;-8.25;;;;
1364;21.6;27.6;0.5;8;80;8;Successful;Effective;No;No;No;No;No;No;0.0;-7.99;0.2;-8.13;0.32;-8.21;0.38;-8.26;0.41;-8.28;0.43;-8.25;;;;
1365;21.6;27.6;0.5;10;80;8;Successful;Effective;No;No;No;No;No;No;0.0;-7.99;0.2;-8.13;0.32;-8.21;0.38;-8.26;0.41;-8.28;0.43;-8.25;;;;
1366;21.6;27.6;0.5;5;100;8;Successful;Effective;No;No;No;No;No;No;0.0;-8.0;0.25;-8.13;0.39;-8.22;0.47;-8.28;0.51;-8.3;0.54;-8.27;;;;
1367;21.6;27.6;0.5;8;100;8;Successful;Effective;No;No;No;No;No;No;0.0;-8.0;0.25;-8.13;0.39;-8.22;0.47;-8.28;0.51;-8.3;0.54;-8.27;;;;
1368;21.6;27.6;0.5;10;100;8;Successful;Effective;No;No;No;No;No;No;0.0;-8.0;0.25;-8.13;0.39;-8.22;0.47;-8.28;0.51;-8.3;0.54;-8.27;;;;
1369;21.7;27.7;0.5;5;80;5;Successful;Effective;No;No;No;No;No;No;0.0;-5.0;0.2;-5.08;0.32;-5.15;0.38;-5.19;0.41;-5.2;0.43;-5.19;;;;
1370;21.7;27.7;0.5;8;80;5;Successful;Effective;No;No;No;No;No;No;0.0;-5.0;0.2;-5.08;0.32;-5.15;0.38;-5.19;0.41;-5.2;0.43;-5.19;;;;
1371;21.7;27.7;0.5;10;80;5;Successful;Effective;No;No;No;No;No;No;0.0;-5.0;0.2;-5.08;0.32;-5.15;0.38;-5.19;0.41;-5.2;0.43;-5.19;;;;
1372;21.7;27.7;0.5;5;100;5;Successful;Effective;No;No;No;No;No;No;0.0;-5.0;0.25;-5.09;0.39;-5.16;0.47;-5.2;0.51;-5.22;0.54;-5.21;;;;
1373;21.7;27.7;0.5;8;100;5;Successful;Effective;No;No;No;No;No;No;0.0;-5.0;0.25;-5.09;0.39;-5.16;0.47;-5.2;0.51;-5.22;0.54;-5.21;;;;
1374;21.7;27.7;0.5;10;100;5;Successful;Effective;No;No;No;No;No;No;0.0;-5.0;0.25;-5.09;0.39;-5.16;0.47;-5.2;0.51;-5.22;0.54;-5.21;;;;
1375;21.7;27.7;0.5;5;80;6;Successful;Effective;No;No;No;No;No;No;0.0;-6.0;0.2;-6.1;0.32;-6.17;0.38;-6.21;0.41;-6.23;0.43;-6.21;;;;
1376;21.7;27.7;0.5;8;80;6;Successful;Effective;No;No;No;No;No;No;0.0;-6.0;0.2;-6.1;0.32;-6.17;0.38;-6.21;0.41;-6.23;0.43;-6.21;;;;
1377;21.7;27.7;0.5;10;80;6;Successful;Effective;No;No;No;No;No;No;0.0;-6.0;0.2;-6.1;0.32;-6.17;0.38;-6.21;0.41;-6.23;0.43;-6.21;;;;
1378;21.7;27.7;0.5;5;100;6;Successful;Effective;No;No;No;No;No;No;0.0;-6.0;0.25;-6.1;0.39;-6.18;0.47;-6.22;0.51;-6.25;0.54;-6.23;;;;
1379;21.7;27.7;0.5;8;100;6;Successful;Effective;No;No;No;No;No;No;0.0;-6.0;0.25;-6.1;0.39;-6.18;0.47;-6.22;0.51;-6.25;0.54;-6.23;;;;
1380;21.7;27.7;0.5;10;100;6;Successful;Effective;No;No;No;No;No;No;0.0;-6.0;0.25;-6.1;0.39;-6.18;0.47;-6.22;0.51;-6.25;0.54;-6.23;;;;
1381;21.7;27.7;0.5;5;80;7;Successful;Effective;No;No;No;No;No;No;0.0;-7.0;0.2;-7.11;0.32;-7.19;0.38;-7.24;0.41;-7.26;0.43;-7.23;;;;
1382;21.7;27.7;0.5;8;80;7;Successful;Effective;No;No;No;No;No;No;0.0;-7.0;0.2;-7.11;0.32;-7.19;0.38;-7.24;0.41;-7.26;0.43;-7.23;;;;
1383;21.7;27.7;0.5;10;80;7;Successful;Effective;No;No;No;No;No;No;0.0;-7.0;0.2;-7.11;0.32;-7.19;0.38;-7.24;0.41;-7.26;0.43;-7.23;;;;
1384;21.7;27.7;0.5;5;100;7;Successful;Effective;No;No;No;No;No;No;0.0;-7.0;0.25;-7.12;0.39;-7.2;0.47;-7.25;0.51;-7.27;0.54;-7.25;;;;
1385;21.7;27.7;0.5;8;100;7;Successful;Effective;No;No;No;No;No;No;0.0;-7.0;0.25;-7.12;0.39;-7.2;0.47;-7.25;0.51;-7.27;0.54;-7.25;;;;
1386;21.7;27.7;0.5;10;100;7;Successful;Effective;No;No;No;No;No;No;0.0;-7.0;0.25;-7.12;0.39;-7.2;0.47;-7.25;0.51;-7.27;0.54;-7.25;;;;
1387;21.7;27.7;0.5;5;80;8;Successful;Effective;No;No;No;No;No;No;0.0;-7.99;0.2;-8.13;0.32;-8.21;0.38;-8.26;0.41;-8.28;0.43;-8.25;;;;
1388;21.7;27.7;0.5;8;80;8;Successful;Effective;No;No;No;No;No;No;0.0;-7.99;0.2;-8.13;0.32;-8.21;0.38;-8.26;0.41;-8.28;0.43;-8.25;;;;
1389;21.7;27.7;0.5;10;80;8;Successful;Effective;No;No;No;No;No;No;0.0;-7.99;0.2;-8.13;0.32;-8.21;0.38;-8.26;0.41;-8.28;0.43;-8.25;;;;
1390;21.7;27.7;0.5;5;100;8;Successful;Effective;No;No;No;No;No;No;0.0;-8.0;0.25;-8.13;0.39;-8.22;0.47;-8.28;0.51;-8.3;0.54;-8.27;;;;
1391;21.7;27.7;0.5;8;100;8;Successful;Effective;No;No;No;No;No;No;0.0;-8.0;0.25;-8.13;0.39;-8.22;0.47;-8.28;0.51;-8.3;0.54;-8.27;;;;
1392;21.7;27.7;0.5;10;100;8;Successful;Effective;No;No;No;No;No;No;0.0;-8.0;0.25;-8.13;0.39;-8.22;0.47;-8.28;0.51;-8.3;0.54;-8.27;;;;
1393;21.8;27.8;0.5;5;80;5;Successful;Effective;No;No;No;No;No;No;0.0;-5.0;0.2;-5.08;0.32;-5.15;0.38;-5.19;0.41;-5.2;0.43;-5.19;;;;
1394;21.8;27.8;0.5;8;80;5;Successful;Effective;No;No;No;No;No;No;0.0;-5.0;0.2;-5.08;0.32;-5.15;0.38;-5.19;0.41;-5.2;0.43;-5.19;;;;
1395;21.8;27.8;0.5;10;80;5;Successful;Effective;No;No;No;No;No;No;0.0;-5.0;0.2;-5.08;0.32;-5.15;0.38;-5.19;0.41;-5.2;0.43;-5.19;;;;
1396;21.8;27.8;0.5;5;100;5;Successful;Effective;No;No;No;No;No;No;0.0;-5.0;0.25;-5.09;0.39;-5.16;0.47;-5.2;0.51;-5.22;0.54;-5.21;;;;
1397;21.8;27.8;0.5;8;100;5;Successful;Effective;No;No;No;No;No;No;0.0;-5.0;0.25;-5.09;0.39;-5.16;0.47;-5.2;0.51;-5.22;0.54;-5.21;;;;
1398;21.8;27.8;0.5;10;100;5;Successful;Effective;No;No;No;No;No;No;0.0;-5.0;0.25;-5.09;0.39;-5.16;0.47;-5.2;0.51;-5.22;0.54;-5.21;;;;
1399;21.8;27.8;0.5;5;80;6;Successful;Effective;No;No;No;No;No;No;0.0;-6.0;0.2;-6.1;0.32;-6.17;0.38;-6.21;0.41;-6.23;0.43;-6.21;;;;
1400;21.8;27.8;0.5;8;80;6;Successful;Effective;No;No;No;No;No;No;0.0;-6.0;0.2;-6.1;0.32;-6.17;0.38;-6.21;0.41;-6.23;0.43;-6.21;;;;
1401;21.8;27.8;0.5;10;80;6;Successful;Effective;No;No;No;No;No;No;0.0;-6.0;0.2;-6.1;0.32;-6.17;0.38;-6.21;0.41;-6.23;0.43;-6.21;;;;
1402;21.8;27.8;0.5;5;100;6;Successful;Effective;No;No;No;No;No;No;0.0;-6.0;0.25;-6.1;0.39;-6.18;0.47;-6.22;0.51;-6.25;0.54;-6.23;;;;
1403;21.8;27.8;0.5;8;100;6;Successful;Effective;No;No;No;No;No;No;0.0;-6.0;0.25;-6.1;0.39;-6.18;0.47;-6.22;0.51;-6.25;0.54;-6.23;;;;
1404;21.8;27.8;0.5;10;100;6;Successful;Effective;No;No;No;No;No;No;0.0;-6.0;0.25;-6.1;0.39;-6.18;0.47;-6.22;0.51;-6.25;0.54;-6.23;;;;
1405;21.8;27.8;0.5;5;80;7;Successful;Effective;No;No;No;No;No;No;0.0;-7.0;0.2;-7.11;0.32;-7.19;0.38;-7.24;0.41;-7.26;0.43;-7.23;;;;
1406;21.8;27.8;0.5;8;80;7;Successful;Effective;No;No;No;No;No;No;0.0;-7.0;0.2;-7.11;0.32;-7.19;0.38;-7.24;0.41;-7.26;0.43;-7.23;;;;
1407;21.8;27.8;0.5;10;80;7;Successful;Effective;No;No;No;No;No;No;0.0;-7.0;0.2;-7.11;0.32;-7.19;0.38;-7.24;0.41;-7.26;0.43;-7.23;;;;
1408;21.8;27.8;0.5;5;100;7;Successful;Effective;No;No;No;No;No;No;0.0;-7.0;0.25;-7.12;0.39;-7.2;0.47;-7.25;0.51;-7.27;0.54;-7.25;;;;
1409;21.8;27.8;0.5;8;100;7;Successful;Effective;No;No;No;No;No;No;0.0;-7.0;0.25;-7.12;0.39;-7.2;0.47;-7.25;0.51;-7.27;0.54;-7.25;;;;
1410;21.8;27.8;0.5;10;100;7;Successful;Effective;No;No;No;No;No;No;0.0;-7.0;0.25;-7.12;0.39;-7.2;0.47;-7.25;0.51;-7.27;0.54;-7.25;;;;
1411;21.8;27.8;0.5;5;80;8;Successful;Effective;No;No;No;No;No;No;0.0;-7.99;0.2;-8.13;0.32;-8.21;0.38;-8.26;0.41;-8.28;0.43;-8.25;;;;
1412;21.8;27.8;0.5;8;80;8;Successful;Effective;No;No;No;No;No;No;0.0;-7.99;0.2;-8.13;0.32;-8.21;0.38;-8.26;0.41;-8.28;0.43;-8.25;;;;
1413;21.8;27.8;0.5;10;80;8;Successful;Effective;No;No;No;No;No;No;0.0;-7.99;0.2;-8.13;0.32;-8.21;0.38;-8.26;0.41;-8.28;0.43;-8.25;;;;
1414;21.8;27.8;0.5;5;100;8;Successful;Effective;No;No;No;No;No;No;0.0;-8.0;0.25;-8.13;0.39;-8.22;0.47;-8.28;0.51;-8.3;0.54;-8.27;;;;
1415;21.8;27.8;0.5;8;100;8;Successful;Effective;No;No;No;No;No;No;0.0;-8.0;0.25;-8.13;0.39;-8.22;0.47;-8.28;0.51;-8.3;0.54;-8.27;;;;
1416;21.8;27.8;0.5;10;100;8;Successful;Effective;No;No;No;No;No;No;0.0;-8.0;0.25;-8.13;0.39;-8.22;0.47;-8.28;0.51;-8.3;0.54;-8.27;;;;
1417;21.9;27.9;0.5;5;80;5;Successful;Effective;No;No;No;No;No;No;0.0;-5.0;0.2;-5.08;0.32;-5.15;0.38;-5.19;0.41;-5.2;0.43;-5.19;;;;
1418;21.9;27.9;0.5;8;80;5;Successful;Effective;No;No;No;No;No;No;0.0;-5.0;0.2;-5.08;0.32;-5.15;0.38;-5.19;0.41;-5.2;0.43;-5.19;;;;
1419;21.9;27.9;0.5;10;80;5;Successful;Effective;No;No;No;No;No;No;0.0;-5.0;0.2;-5.08;0.32;-5.15;0.38;-5.19;0.41;-5.2;0.43;-5.19;;;;
1420;21.9;27.9;0.5;5;100;5;Successful;Effective;No;No;No;No;No;No;0.0;-5.0;0.25;-5.09;0.39;-5.16;0.47;-5.2;0.51;-5.22;0.54;-5.21;;;;
1421;21.9;27.9;0.5;8;100;5;Successful;Effective;No;No;No;No;No;No;0.0;-5.0;0.25;-5.09;0.39;-5.16;0.47;-5.2;0.51;-5.22;0.54;-5.21;;;;
1422;21.9;27.9;0.5;10;100;5;Successful;Effective;No;No;No;No;No;No;0.0;-5.0;0.25;-5.09;0.39;-5.16;0.47;-5.2;0.51;-5.22;0.54;-5.21;;;;
1423;21.9;27.9;0.5;5;80;6;Successful;Effective;No;No;No;No;No;No;0.0;-6.0;0.2;-6.1;0.32;-6.17;0.38;-6.21;0.41;-6.23;0.43;-6.21;;;;
1424;21.9;27.9;0.5;8;80;6;Successful;Effective;No;No;No;No;No;No;0.0;-6.0;0.2;-6.1;0.32;-6.17;0.38;-6.21;0.41;-6.23;0.43;-6.21;;;;
1425;21.9;27.9;0.5;10;80;6;Successful;Effective;No;No;No;No;No;No;0.0;-6.0;0.2;-6.1;0.32;-6.17;0.38;-6.21;0.41;-6.23;0.43;-6.21;;;;
1426;21.9;27.9;0.5;5;100;6;Successful;Effective;No;No;No;No;No;No;0.0;-6.0;0.25;-6.1;0.39;-6.18;0.47;-6.22;0.51;-6.25;0.54;-6.23;;;;
1427;21.9;27.9;0.5;8;100;6;Successful;Effective;No;No;No;No;No;No;0.0;-6.0;0.25;-6.1;0.39;-6.18;0.47;-6.22;0.51;-6.25;0.54;-6.23;;;;
1428;21.9;27.9;0.5;10;100;6;Successful;Effective;No;No;No;No;No;No;0.0;-6.0;0.25;-6.1;0.39;-6.18;0.47;-6.22;0.51;-6.25;0.54;-6.23;;;;
1429;21.9;27.9;0.5;5;80;7;Successful;Effective;No;No;No;No;No;No;0.0;-7.0;0.2;-7.11;0.32;-7.19;0.38;-7.24;0.41;-7.26;0.43;-7.23;;;;
1430;21.9;27.9;0.5;8;80;7;Successful;Effective;No;No;No;No;No;No;0.0;-7.0;0.2;-7.11;0.32;-7.19;0.38;-7.24;0.41;-7.26;0.43;-7.23;;;;
1431;21.9;27.9;0.5;10;80;7;Successful;Effective;No;No;No;No;No;No;0.0;-7.0;0.2;-7.11;0.32;-7.19;0.38;-7.24;0.41;-7.26;0.43;-7.23;;;;
1432;21.9;27.9;0.5;5;100;7;Successful;Effective;No;No;No;No;No;No;0.0;-7.0;0.25;-7.12;0.39;-7.2;0.47;-7.25;0.51;-7.27;0.54;-7.25;;;;
1433;21.9;27.9;0.5;8;100;7;Successful;Effective;No;No;No;No;No;No;0.0;-7.0;0.25;-7.12;0.39;-7.2;0.47;-7.25;0.51;-7.27;0.54;-7.25;;;;
1434;21.9;27.9;0.5;10;100;7;Successful;Effective;No;No;No;No;No;No;0.0;-7.0;0.25;-7.12;0.39;-7.2;0.47;-7.25;0.51;-7.27;0.54;-7.25;;;;
1435;21.9;27.9;0.5;5;80;8;Successful;Effective;No;No;No;No;No;No;0.0;-7.99;0.2;-8.13;0.32;-8.21;0.38;-8.26;0.41;-8.28;0.43;-8.25;;;;
1436;21.9;27.9;0.5;8;80;8;Successful;Effective;No;No;No;No;No;No;0.0;-7.99;0.2;-8.13;0.32;-8.21;0.38;-8.26;0.41;-8.28;0.43;-8.25;;;;
1437;21.9;27.9;0.5;10;80;8;Successful;Effective;No;No;No;No;No;No;0.0;-7.99;0.2;-8.13;0.32;-8.21;0.38;-8.26;0.41;-8.28;0.43;-8.25;;;;
1438;21.9;27.9;0.5;5;100;8;Successful;Effective;No;No;No;No;No;No;0.0;-8.0;0.25;-8.13;0.39;-8.22;0.47;-8.28;0.51;-8.3;0.54;-8.27;;;;
1439;21.9;27.9;0.5;8;100;8;Successful;Effective;No;No;No;No;No;No;0.0;-8.0;0.25;-8.13;0.39;-8.22;0.47;-8.28;0.51;-8.3;0.54;-8.27;;;;
1440;21.9;27.9;0.5;10;100;8;Successful;Effective;No;No;No;No;No;No;0.0;-8.0;0.25;-8.13;0.39;-8.22;0.47;-8.28;0.51;-8.3;0.54;-8.27;;;;
