Ex ID;Start_time;End_time;Injected_value;CACC_spacing;Leader_speed;Braking_deceleration;Run_status;Impact_status;Collision_state;Collision_time;collider;victim;Collision_pos;Collision_lane;Accel_0_max;Dcel_0_min;Accel_1_max;Dcel_1_min;Accel_2_max;Dcel_2_min;Accel_3_max;Dcel_3_min;Accel_4_max;Dcel_4_min;Accel_5_max;Dcel_5_min;Accel_6_max;Dcel_6_min;Accel_7_max;Dcel_7_min
1;16.0;22.0;0.5;5;80;5;Successful;Effective;collision;20.82;vtypeauto.1;vtypeauto.0;510.36;edge_0_0_0;0.0;-5.0;0.2;-5.8;0.31;-6.22;0.38;-6.37;0.41;-6.37;0.43;-6.26;0.44;-6.13;;
2;16.0;22.0;0.5;8;80;5;Successful;Effective;No;No;No;No;No;No;0.0;-5.0;0.2;-5.8;0.31;-6.22;0.38;-6.37;0.41;-6.37;0.43;-6.26;0.44;-6.13;;
3;16.0;22.0;0.5;10;80;5;Successful;Effective;No;No;No;No;No;No;0.0;-5.0;0.2;-5.8;0.31;-6.22;0.38;-6.37;0.41;-6.37;0.43;-6.26;0.44;-6.13;;
4;16.0;22.0;0.5;5;100;5;Successful;Effective;collision;21.04;vtypeauto.1;vtypeauto.0;632.80;edge_0_0_0;0.0;-5.0;0.25;-5.8;0.39;-6.23;0.47;-6.39;0.51;-6.39;0.54;-6.28;0.55;-6.15;;
5;16.0;22.0;0.5;8;100;5;Successful;Effective;No;No;No;No;No;No;0.0;-5.0;0.25;-5.8;0.39;-6.23;0.47;-6.39;0.51;-6.39;0.54;-6.28;0.55;-6.15;;
6;16.0;22.0;0.5;10;100;5;Successful;Effective;No;No;No;No;No;No;0.0;-5.0;0.25;-5.8;0.39;-6.23;0.47;-6.39;0.51;-6.39;0.54;-6.28;0.55;-6.15;;
7;16.0;22.0;0.5;5;80;6;Successful;Effective;collision;19.94;vtypeauto.1;vtypeauto.0;500.41;edge_0_0_0;0.0;-6.0;0.2;-6.95;0.31;-7.45;0.38;-7.64;0.41;-7.63;0.43;-7.5;0.44;-7.28;;
8;16.0;22.0;0.5;8;80;6;Successful;Effective;No;No;No;No;No;No;0.0;-6.0;0.2;-6.95;0.31;-7.45;0.38;-7.64;0.41;-7.63;0.43;-7.5;0.44;-7.28;;
9;16.0;22.0;0.5;10;80;6;Successful;Effective;No;No;No;No;No;No;0.0;-6.0;0.2;-6.95;0.31;-7.45;0.38;-7.64;0.41;-7.63;0.43;-7.5;0.44;-7.28;;
10;16.0;22.0;0.5;5;100;6;Successful;Effective;collision;20.05;vtypeauto.1;vtypeauto.0;617.04;edge_0_0_0;0.0;-6.0;0.25;-6.96;0.39;-7.46;0.47;-7.65;0.51;-7.65;0.54;-7.52;0.55;-7.36;;
11;16.0;22.0;0.5;8;100;6;Successful;Effective;No;No;No;No;No;No;0.0;-6.0;0.25;-6.96;0.39;-7.46;0.47;-7.65;0.51;-7.65;0.54;-7.52;0.55;-7.36;;
12;16.0;22.0;0.5;10;100;6;Successful;Effective;No;No;No;No;No;No;0.0;-6.0;0.25;-6.96;0.39;-7.46;0.47;-7.65;0.51;-7.65;0.54;-7.52;0.55;-7.36;;
13;16.0;22.0;0.5;5;80;7;Successful;Effective;collision;19.51;vtypeauto.1;vtypeauto.0;494.49;edge_0_0_0;0.0;-7.0;0.2;-8.11;0.31;-8.69;0.38;-8.9;0.41;-8.89;0.43;-8.62;0.44;-8.29;;
14;16.0;22.0;0.5;8;80;7;Successful;Effective;No;No;No;No;No;No;0.0;-7.0;0.2;-8.11;0.31;-8.69;0.38;-8.9;0.41;-8.89;0.43;-8.62;0.44;-8.29;;
15;16.0;22.0;0.5;10;80;7;Successful;Effective;No;No;No;No;No;No;0.0;-7.0;0.2;-8.11;0.31;-8.69;0.38;-8.9;0.41;-8.89;0.43;-8.62;0.44;-8.29;;
16;16.0;22.0;0.5;5;100;7;Successful;Effective;collision;19.59;vtypeauto.1;vtypeauto.0;608.39;edge_0_0_0;0.0;-7.0;0.25;-8.11;0.39;-8.7;0.47;-8.92;0.51;-8.91;0.54;-8.75;0.55;-8.57;;
17;16.0;22.0;0.5;8;100;7;Successful;Effective;No;No;No;No;No;No;0.0;-7.0;0.25;-8.11;0.39;-8.7;0.47;-8.92;0.51;-8.91;0.54;-8.75;0.55;-8.57;;
18;16.0;22.0;0.5;10;100;7;Successful;Effective;No;No;No;No;No;No;0.0;-7.0;0.25;-8.11;0.39;-8.7;0.47;-8.92;0.51;-8.91;0.54;-8.75;0.55;-8.57;;
19;16.0;22.0;0.5;5;80;8;Successful;Effective;collision;19.23;vtypeauto.1;vtypeauto.0;490.33;edge_0_0_0;0.0;-7.99;0.2;-9.0;0.31;-9.0;0.38;-9.0;0.41;-9.0;0.43;-9.0;0.44;-9.0;;
20;16.0;22.0;0.5;8;80;8;Successful;Effective;No;No;No;No;No;No;0.0;-7.99;0.2;-9.0;0.31;-9.0;0.38;-9.0;0.41;-9.0;0.43;-9.0;0.44;-9.0;;
21;16.0;22.0;0.5;10;80;8;Successful;Effective;No;No;No;No;No;No;0.0;-7.99;0.2;-9.0;0.31;-9.0;0.38;-9.0;0.41;-9.0;0.43;-9.0;0.44;-9.0;;
22;16.0;22.0;0.5;5;100;8;Successful;Effective;collision;19.29;vtypeauto.1;vtypeauto.0;602.41;edge_0_0_0;0.0;-8.0;0.25;-9.0;0.39;-9.0;0.47;-9.0;0.51;-9.0;0.54;-9.0;0.55;-9.0;;
23;16.0;22.0;0.5;8;100;8;Successful;Effective;collision;20.51;vtypeauto.1;vtypeauto.0;630.65;edge_0_0_0;0.0;-8.0;0.25;-9.0;0.39;-9.0;0.47;-9.0;0.51;-9.0;0.54;-9.0;0.55;-9.0;;
24;16.0;22.0;0.5;10;100;8;Successful;Effective;No;No;No;No;No;No;0.0;-8.0;0.25;-9.0;0.39;-9.0;0.47;-9.0;0.51;-9.0;0.54;-9.0;0.55;-9.0;;
25;16.1;22.1;0.5;5;80;5;Successful;Effective;collision;20.82;vtypeauto.1;vtypeauto.0;510.36;edge_0_0_0;0.0;-5.0;0.2;-5.8;0.31;-6.22;0.38;-6.37;0.41;-6.37;0.43;-6.26;0.44;-6.13;;
26;16.1;22.1;0.5;8;80;5;Successful;Effective;No;No;No;No;No;No;0.0;-5.0;0.2;-5.8;0.31;-6.22;0.38;-6.37;0.41;-6.37;0.43;-6.26;0.44;-6.13;;
27;16.1;22.1;0.5;10;80;5;Successful;Effective;No;No;No;No;No;No;0.0;-5.0;0.2;-5.8;0.31;-6.22;0.38;-6.37;0.41;-6.37;0.43;-6.26;0.44;-6.13;;
28;16.1;22.1;0.5;5;100;5;Successful;Effective;collision;21.04;vtypeauto.1;vtypeauto.0;632.80;edge_0_0_0;0.0;-5.0;0.25;-5.8;0.39;-6.23;0.47;-6.39;0.51;-6.39;0.54;-6.28;0.55;-6.15;;
29;16.1;22.1;0.5;8;100;5;Successful;Effective;No;No;No;No;No;No;0.0;-5.0;0.25;-5.8;0.39;-6.23;0.47;-6.39;0.51;-6.39;0.54;-6.28;0.55;-6.15;;
30;16.1;22.1;0.5;10;100;5;Successful;Effective;No;No;No;No;No;No;0.0;-5.0;0.25;-5.8;0.39;-6.23;0.47;-6.39;0.51;-6.39;0.54;-6.28;0.55;-6.15;;
31;16.1;22.1;0.5;5;80;6;Successful;Effective;collision;19.94;vtypeauto.1;vtypeauto.0;500.41;edge_0_0_0;0.0;-6.0;0.2;-6.95;0.31;-7.45;0.38;-7.64;0.41;-7.63;0.43;-7.5;0.44;-7.28;;
32;16.1;22.1;0.5;8;80;6;Successful;Effective;No;No;No;No;No;No;0.0;-6.0;0.2;-6.95;0.31;-7.45;0.38;-7.64;0.41;-7.63;0.43;-7.5;0.44;-7.28;;
33;16.1;22.1;0.5;10;80;6;Successful;Effective;No;No;No;No;No;No;0.0;-6.0;0.2;-6.95;0.31;-7.45;0.38;-7.64;0.41;-7.63;0.43;-7.5;0.44;-7.28;;
34;16.1;22.1;0.5;5;100;6;Successful;Effective;collision;20.05;vtypeauto.1;vtypeauto.0;617.04;edge_0_0_0;0.0;-6.0;0.25;-6.96;0.39;-7.46;0.47;-7.65;0.51;-7.65;0.54;-7.52;0.55;-7.36;;
35;16.1;22.1;0.5;8;100;6;Successful;Effective;No;No;No;No;No;No;0.0;-6.0;0.25;-6.96;0.39;-7.46;0.47;-7.65;0.51;-7.65;0.54;-7.52;0.55;-7.36;;
36;16.1;22.1;0.5;10;100;6;Successful;Effective;No;No;No;No;No;No;0.0;-6.0;0.25;-6.96;0.39;-7.46;0.47;-7.65;0.51;-7.65;0.54;-7.52;0.55;-7.36;;
37;16.1;22.1;0.5;5;80;7;Successful;Effective;collision;19.51;vtypeauto.1;vtypeauto.0;494.49;edge_0_0_0;0.0;-7.0;0.2;-8.11;0.31;-8.69;0.38;-8.9;0.41;-8.89;0.43;-8.62;0.44;-8.29;;
38;16.1;22.1;0.5;8;80;7;Successful;Effective;No;No;No;No;No;No;0.0;-7.0;0.2;-8.11;0.31;-8.69;0.38;-8.9;0.41;-8.89;0.43;-8.62;0.44;-8.29;;
39;16.1;22.1;0.5;10;80;7;Successful;Effective;No;No;No;No;No;No;0.0;-7.0;0.2;-8.11;0.31;-8.69;0.38;-8.9;0.41;-8.89;0.43;-8.62;0.44;-8.29;;
40;16.1;22.1;0.5;5;100;7;Successful;Effective;collision;19.59;vtypeauto.1;vtypeauto.0;608.39;edge_0_0_0;0.0;-7.0;0.25;-8.11;0.39;-8.7;0.47;-8.92;0.51;-8.91;0.54;-8.75;0.55;-8.55;;
41;16.1;22.1;0.5;8;100;7;Successful;Effective;No;No;No;No;No;No;0.0;-7.0;0.25;-8.11;0.39;-8.7;0.47;-8.92;0.51;-8.91;0.54;-8.75;0.55;-8.55;;
42;16.1;22.1;0.5;10;100;7;Successful;Effective;No;No;No;No;No;No;0.0;-7.0;0.25;-8.11;0.39;-8.7;0.47;-8.92;0.51;-8.91;0.54;-8.75;0.55;-8.55;;
43;16.1;22.1;0.5;5;80;8;Successful;Effective;collision;19.23;vtypeauto.1;vtypeauto.0;490.33;edge_0_0_0;0.0;-7.99;0.2;-9.0;0.31;-9.0;0.38;-9.0;0.41;-9.0;0.43;-9.0;0.44;-9.0;;
44;16.1;22.1;0.5;8;80;8;Successful;Effective;No;No;No;No;No;No;0.0;-7.99;0.2;-9.0;0.31;-9.0;0.38;-9.0;0.41;-9.0;0.43;-9.0;0.44;-9.0;;
45;16.1;22.1;0.5;10;80;8;Successful;Effective;No;No;No;No;No;No;0.0;-7.99;0.2;-9.0;0.31;-9.0;0.38;-9.0;0.41;-9.0;0.43;-9.0;0.44;-9.0;;
46;16.1;22.1;0.5;5;100;8;Successful;Effective;collision;19.29;vtypeauto.1;vtypeauto.0;602.41;edge_0_0_0;0.0;-8.0;0.25;-9.0;0.39;-9.0;0.47;-9.0;0.51;-9.0;0.54;-9.0;0.55;-9.0;;
47;16.1;22.1;0.5;8;100;8;Successful;Effective;collision;20.51;vtypeauto.1;vtypeauto.0;630.65;edge_0_0_0;0.0;-8.0;0.25;-9.0;0.39;-9.0;0.47;-9.0;0.51;-9.0;0.54;-9.0;0.55;-9.0;;
48;16.1;22.1;0.5;10;100;8;Successful;Effective;No;No;No;No;No;No;0.0;-8.0;0.25;-9.0;0.39;-9.0;0.47;-9.0;0.51;-9.0;0.54;-9.0;0.55;-9.0;;
49;16.2;22.2;0.5;5;80;5;Successful;Effective;collision;20.82;vtypeauto.1;vtypeauto.0;510.36;edge_0_0_0;0.0;-5.0;0.2;-5.8;0.31;-6.22;0.38;-6.37;0.41;-6.37;0.43;-6.26;0.44;-6.13;;
50;16.2;22.2;0.5;8;80;5;Successful;Effective;No;No;No;No;No;No;0.0;-5.0;0.2;-5.8;0.31;-6.22;0.38;-6.37;0.41;-6.37;0.43;-6.26;0.44;-6.13;;
51;16.2;22.2;0.5;10;80;5;Successful;Effective;No;No;No;No;No;No;0.0;-5.0;0.2;-5.8;0.31;-6.22;0.38;-6.37;0.41;-6.37;0.43;-6.26;0.44;-6.13;;
52;16.2;22.2;0.5;5;100;5;Successful;Effective;collision;21.04;vtypeauto.1;vtypeauto.0;632.80;edge_0_0_0;0.0;-5.0;0.25;-5.8;0.39;-6.23;0.47;-6.39;0.51;-6.39;0.54;-6.28;0.55;-6.15;;
53;16.2;22.2;0.5;8;100;5;Successful;Effective;No;No;No;No;No;No;0.0;-5.0;0.25;-5.8;0.39;-6.23;0.47;-6.39;0.51;-6.39;0.54;-6.28;0.55;-6.15;;
54;16.2;22.2;0.5;10;100;5;Successful;Effective;No;No;No;No;No;No;0.0;-5.0;0.25;-5.8;0.39;-6.23;0.47;-6.39;0.51;-6.39;0.54;-6.28;0.55;-6.15;;
55;16.2;22.2;0.5;5;80;6;Successful;Effective;collision;19.94;vtypeauto.1;vtypeauto.0;500.41;edge_0_0_0;0.0;-6.0;0.2;-6.95;0.31;-7.45;0.38;-7.64;0.41;-7.63;0.43;-7.5;0.44;-7.28;;
56;16.2;22.2;0.5;8;80;6;Successful;Effective;No;No;No;No;No;No;0.0;-6.0;0.2;-6.95;0.31;-7.45;0.38;-7.64;0.41;-7.63;0.43;-7.5;0.44;-7.28;;
57;16.2;22.2;0.5;10;80;6;Successful;Effective;No;No;No;No;No;No;0.0;-6.0;0.2;-6.95;0.31;-7.45;0.38;-7.64;0.41;-7.63;0.43;-7.5;0.44;-7.28;;
58;16.2;22.2;0.5;5;100;6;Successful;Effective;collision;20.05;vtypeauto.1;vtypeauto.0;617.04;edge_0_0_0;0.0;-6.0;0.25;-6.96;0.39;-7.46;0.47;-7.65;0.51;-7.65;0.54;-7.52;0.55;-7.36;;
59;16.2;22.2;0.5;8;100;6;Successful;Effective;No;No;No;No;No;No;0.0;-6.0;0.25;-6.96;0.39;-7.46;0.47;-7.65;0.51;-7.65;0.54;-7.52;0.55;-7.36;;
60;16.2;22.2;0.5;10;100;6;Successful;Effective;No;No;No;No;No;No;0.0;-6.0;0.25;-6.96;0.39;-7.46;0.47;-7.65;0.51;-7.65;0.54;-7.52;0.55;-7.36;;
61;16.2;22.2;0.5;5;80;7;Successful;Effective;collision;19.51;vtypeauto.1;vtypeauto.0;494.49;edge_0_0_0;0.0;-7.0;0.2;-8.11;0.31;-8.69;0.38;-8.9;0.41;-8.89;0.43;-8.62;0.44;-8.29;;
62;16.2;22.2;0.5;8;80;7;Successful;Effective;No;No;No;No;No;No;0.0;-7.0;0.2;-8.11;0.31;-8.69;0.38;-8.9;0.41;-8.89;0.43;-8.62;0.44;-8.29;;
63;16.2;22.2;0.5;10;80;7;Successful;Effective;No;No;No;No;No;No;0.0;-7.0;0.2;-8.11;0.31;-8.69;0.38;-8.9;0.41;-8.89;0.43;-8.62;0.44;-8.29;;
64;16.2;22.2;0.5;5;100;7;Successful;Effective;collision;19.59;vtypeauto.1;vtypeauto.0;608.39;edge_0_0_0;0.0;-7.0;0.25;-8.11;0.39;-8.7;0.47;-8.92;0.51;-8.91;0.54;-8.75;0.55;-8.55;;
65;16.2;22.2;0.5;8;100;7;Successful;Effective;No;No;No;No;No;No;0.0;-7.0;0.25;-8.11;0.39;-8.7;0.47;-8.92;0.51;-8.91;0.54;-8.75;0.55;-8.55;;
66;16.2;22.2;0.5;10;100;7;Successful;Effective;No;No;No;No;No;No;0.0;-7.0;0.25;-8.11;0.39;-8.7;0.47;-8.92;0.51;-8.91;0.54;-8.75;0.55;-8.55;;
67;16.2;22.2;0.5;5;80;8;Successful;Effective;collision;19.23;vtypeauto.1;vtypeauto.0;490.33;edge_0_0_0;0.0;-7.99;0.2;-9.0;0.31;-9.0;0.38;-9.0;0.41;-9.0;0.43;-9.0;0.44;-9.0;;
68;16.2;22.2;0.5;8;80;8;Successful;Effective;No;No;No;No;No;No;0.0;-7.99;0.2;-9.0;0.31;-9.0;0.38;-9.0;0.41;-9.0;0.43;-9.0;0.44;-9.0;;
69;16.2;22.2;0.5;10;80;8;Successful;Effective;No;No;No;No;No;No;0.0;-7.99;0.2;-9.0;0.31;-9.0;0.38;-9.0;0.41;-9.0;0.43;-9.0;0.44;-9.0;;
70;16.2;22.2;0.5;5;100;8;Successful;Effective;collision;19.29;vtypeauto.1;vtypeauto.0;602.41;edge_0_0_0;0.0;-8.0;0.25;-9.0;0.39;-9.0;0.47;-9.0;0.51;-9.0;0.54;-9.0;0.55;-9.0;;
71;16.2;22.2;0.5;8;100;8;Successful;Effective;collision;20.51;vtypeauto.1;vtypeauto.0;630.65;edge_0_0_0;0.0;-8.0;0.25;-9.0;0.39;-9.0;0.47;-9.0;0.51;-9.0;0.54;-9.0;0.55;-9.0;;
72;16.2;22.2;0.5;10;100;8;Successful;Effective;No;No;No;No;No;No;0.0;-8.0;0.25;-9.0;0.39;-9.0;0.47;-9.0;0.51;-9.0;0.54;-9.0;0.55;-9.0;;
73;16.3;22.3;0.5;5;80;5;Successful;Effective;collision;20.82;vtypeauto.1;vtypeauto.0;510.36;edge_0_0_0;0.0;-5.0;0.2;-5.8;0.31;-6.22;0.38;-6.37;0.41;-6.37;0.43;-6.26;0.44;-6.13;;
74;16.3;22.3;0.5;8;80;5;Successful;Effective;No;No;No;No;No;No;0.0;-5.0;0.2;-5.8;0.31;-6.22;0.38;-6.37;0.41;-6.37;0.43;-6.26;0.44;-6.13;;
75;16.3;22.3;0.5;10;80;5;Successful;Effective;No;No;No;No;No;No;0.0;-5.0;0.2;-5.8;0.31;-6.22;0.38;-6.37;0.41;-6.37;0.43;-6.26;0.44;-6.13;;
76;16.3;22.3;0.5;5;100;5;Successful;Effective;collision;21.04;vtypeauto.1;vtypeauto.0;632.80;edge_0_0_0;0.0;-5.0;0.25;-5.8;0.39;-6.23;0.47;-6.39;0.51;-6.39;0.54;-6.28;0.55;-6.15;;
77;16.3;22.3;0.5;8;100;5;Successful;Effective;No;No;No;No;No;No;0.0;-5.0;0.25;-5.8;0.39;-6.23;0.47;-6.39;0.51;-6.39;0.54;-6.28;0.55;-6.15;;
78;16.3;22.3;0.5;10;100;5;Successful;Effective;No;No;No;No;No;No;0.0;-5.0;0.25;-5.8;0.39;-6.23;0.47;-6.39;0.51;-6.39;0.54;-6.28;0.55;-6.15;;
79;16.3;22.3;0.5;5;80;6;Successful;Effective;collision;19.94;vtypeauto.1;vtypeauto.0;500.41;edge_0_0_0;0.0;-6.0;0.2;-6.95;0.31;-7.45;0.38;-7.64;0.41;-7.63;0.43;-7.5;0.44;-7.28;;
80;16.3;22.3;0.5;8;80;6;Successful;Effective;No;No;No;No;No;No;0.0;-6.0;0.2;-6.95;0.31;-7.45;0.38;-7.64;0.41;-7.63;0.43;-7.5;0.44;-7.28;;
81;16.3;22.3;0.5;10;80;6;Successful;Effective;No;No;No;No;No;No;0.0;-6.0;0.2;-6.95;0.31;-7.45;0.38;-7.64;0.41;-7.63;0.43;-7.5;0.44;-7.28;;
82;16.3;22.3;0.5;5;100;6;Successful;Effective;collision;20.05;vtypeauto.1;vtypeauto.0;617.04;edge_0_0_0;0.0;-6.0;0.25;-6.96;0.39;-7.46;0.47;-7.65;0.51;-7.65;0.54;-7.52;0.55;-7.36;;
83;16.3;22.3;0.5;8;100;6;Successful;Effective;No;No;No;No;No;No;0.0;-6.0;0.25;-6.96;0.39;-7.46;0.47;-7.65;0.51;-7.65;0.54;-7.52;0.55;-7.36;;
84;16.3;22.3;0.5;10;100;6;Successful;Effective;No;No;No;No;No;No;0.0;-6.0;0.25;-6.96;0.39;-7.46;0.47;-7.65;0.51;-7.65;0.54;-7.52;0.55;-7.36;;
85;16.3;22.3;0.5;5;80;7;Successful;Effective;collision;19.51;vtypeauto.1;vtypeauto.0;494.49;edge_0_0_0;0.0;-7.0;0.2;-8.11;0.31;-8.69;0.38;-8.9;0.41;-8.89;0.43;-8.62;0.44;-8.29;;
86;16.3;22.3;0.5;8;80;7;Successful;Effective;No;No;No;No;No;No;0.0;-7.0;0.2;-8.11;0.31;-8.69;0.38;-8.9;0.41;-8.89;0.43;-8.62;0.44;-8.29;;
87;16.3;22.3;0.5;10;80;7;Successful;Effective;No;No;No;No;No;No;0.0;-7.0;0.2;-8.11;0.31;-8.69;0.38;-8.9;0.41;-8.89;0.43;-8.62;0.44;-8.29;;
88;16.3;22.3;0.5;5;100;7;Successful;Effective;collision;19.59;vtypeauto.1;vtypeauto.0;608.39;edge_0_0_0;0.0;-7.0;0.25;-8.11;0.39;-8.7;0.47;-8.92;0.51;-8.91;0.54;-8.75;0.55;-8.55;;
89;16.3;22.3;0.5;8;100;7;Successful;Effective;No;No;No;No;No;No;0.0;-7.0;0.25;-8.11;0.39;-8.7;0.47;-8.92;0.51;-8.91;0.54;-8.75;0.55;-8.55;;
90;16.3;22.3;0.5;10;100;7;Successful;Effective;No;No;No;No;No;No;0.0;-7.0;0.25;-8.11;0.39;-8.7;0.47;-8.92;0.51;-8.91;0.54;-8.75;0.55;-8.55;;
91;16.3;22.3;0.5;5;80;8;Successful;Effective;collision;19.23;vtypeauto.1;vtypeauto.0;490.33;edge_0_0_0;0.0;-7.99;0.2;-9.0;0.31;-9.0;0.38;-9.0;0.41;-9.0;0.43;-9.0;0.44;-9.0;;
92;16.3;22.3;0.5;8;80;8;Successful;Effective;No;No;No;No;No;No;0.0;-7.99;0.2;-9.0;0.31;-9.0;0.38;-9.0;0.41;-9.0;0.43;-9.0;0.44;-9.0;;
93;16.3;22.3;0.5;10;80;8;Successful;Effective;No;No;No;No;No;No;0.0;-7.99;0.2;-9.0;0.31;-9.0;0.38;-9.0;0.41;-9.0;0.43;-9.0;0.44;-9.0;;
94;16.3;22.3;0.5;5;100;8;Successful;Effective;collision;19.29;vtypeauto.1;vtypeauto.0;602.41;edge_0_0_0;0.0;-8.0;0.25;-9.0;0.39;-9.0;0.47;-9.0;0.51;-9.0;0.54;-9.0;0.55;-9.0;;
95;16.3;22.3;0.5;8;100;8;Successful;Effective;collision;20.51;vtypeauto.1;vtypeauto.0;630.65;edge_0_0_0;0.0;-8.0;0.25;-9.0;0.39;-9.0;0.47;-9.0;0.51;-9.0;0.54;-9.0;0.55;-9.0;;
96;16.3;22.3;0.5;10;100;8;Successful;Effective;No;No;No;No;No;No;0.0;-8.0;0.25;-9.0;0.39;-9.0;0.47;-9.0;0.51;-9.0;0.54;-9.0;0.55;-9.0;;
97;16.4;22.4;0.5;5;80;5;Successful;Effective;collision;20.82;vtypeauto.1;vtypeauto.0;510.36;edge_0_0_0;0.0;-5.0;0.2;-5.8;0.31;-6.22;0.38;-6.37;0.41;-6.37;0.43;-6.26;0.44;-6.13;;
98;16.4;22.4;0.5;8;80;5;Successful;Effective;No;No;No;No;No;No;0.0;-5.0;0.2;-5.8;0.31;-6.22;0.38;-6.37;0.41;-6.37;0.43;-6.26;0.44;-6.13;;
99;16.4;22.4;0.5;10;80;5;Successful;Effective;No;No;No;No;No;No;0.0;-5.0;0.2;-5.8;0.31;-6.22;0.38;-6.37;0.41;-6.37;0.43;-6.26;0.44;-6.13;;
100;16.4;22.4;0.5;5;100;5;Successful;Effective;collision;21.04;vtypeauto.1;vtypeauto.0;632.80;edge_0_0_0;0.0;-5.0;0.25;-5.8;0.39;-6.23;0.47;-6.39;0.51;-6.39;0.54;-6.28;0.55;-6.15;;
101;16.4;22.4;0.5;8;100;5;Successful;Effective;No;No;No;No;No;No;0.0;-5.0;0.25;-5.8;0.39;-6.23;0.47;-6.39;0.51;-6.39;0.54;-6.28;0.55;-6.15;;
102;16.4;22.4;0.5;10;100;5;Successful;Effective;No;No;No;No;No;No;0.0;-5.0;0.25;-5.8;0.39;-6.23;0.47;-6.39;0.51;-6.39;0.54;-6.28;0.55;-6.15;;
103;16.4;22.4;0.5;5;80;6;Successful;Effective;collision;19.94;vtypeauto.1;vtypeauto.0;500.41;edge_0_0_0;0.0;-6.0;0.2;-6.95;0.31;-7.45;0.38;-7.64;0.41;-7.63;0.43;-7.5;0.44;-7.28;;
104;16.4;22.4;0.5;8;80;6;Successful;Effective;No;No;No;No;No;No;0.0;-6.0;0.2;-6.95;0.31;-7.45;0.38;-7.64;0.41;-7.63;0.43;-7.5;0.44;-7.28;;
105;16.4;22.4;0.5;10;80;6;Successful;Effective;No;No;No;No;No;No;0.0;-6.0;0.2;-6.95;0.31;-7.45;0.38;-7.64;0.41;-7.63;0.43;-7.5;0.44;-7.28;;
106;16.4;22.4;0.5;5;100;6;Successful;Effective;collision;20.05;vtypeauto.1;vtypeauto.0;617.04;edge_0_0_0;0.0;-6.0;0.25;-6.96;0.39;-7.46;0.47;-7.65;0.51;-7.65;0.54;-7.52;0.55;-7.36;;
107;16.4;22.4;0.5;8;100;6;Successful;Effective;No;No;No;No;No;No;0.0;-6.0;0.25;-6.96;0.39;-7.46;0.47;-7.65;0.51;-7.65;0.54;-7.52;0.55;-7.36;;
108;16.4;22.4;0.5;10;100;6;Successful;Effective;No;No;No;No;No;No;0.0;-6.0;0.25;-6.96;0.39;-7.46;0.47;-7.65;0.51;-7.65;0.54;-7.52;0.55;-7.36;;
109;16.4;22.4;0.5;5;80;7;Successful;Effective;collision;19.51;vtypeauto.1;vtypeauto.0;494.49;edge_0_0_0;0.0;-7.0;0.2;-8.11;0.31;-8.69;0.38;-8.9;0.41;-8.89;0.43;-8.62;0.44;-8.29;;
110;16.4;22.4;0.5;8;80;7;Successful;Effective;No;No;No;No;No;No;0.0;-7.0;0.2;-8.11;0.31;-8.69;0.38;-8.9;0.41;-8.89;0.43;-8.62;0.44;-8.29;;
111;16.4;22.4;0.5;10;80;7;Successful;Effective;No;No;No;No;No;No;0.0;-7.0;0.2;-8.11;0.31;-8.69;0.38;-8.9;0.41;-8.89;0.43;-8.62;0.44;-8.29;;
112;16.4;22.4;0.5;5;100;7;Successful;Effective;collision;19.59;vtypeauto.1;vtypeauto.0;608.39;edge_0_0_0;0.0;-7.0;0.25;-8.11;0.39;-8.7;0.47;-8.92;0.51;-8.91;0.54;-8.76;0.55;-8.56;;
113;16.4;22.4;0.5;8;100;7;Successful;Effective;No;No;No;No;No;No;0.0;-7.0;0.25;-8.11;0.39;-8.7;0.47;-8.92;0.51;-8.91;0.54;-8.76;0.55;-8.56;;
114;16.4;22.4;0.5;10;100;7;Successful;Effective;No;No;No;No;No;No;0.0;-7.0;0.25;-8.11;0.39;-8.7;0.47;-8.92;0.51;-8.91;0.54;-8.76;0.55;-8.56;;
115;16.4;22.4;0.5;5;80;8;Successful;Effective;collision;19.23;vtypeauto.1;vtypeauto.0;490.33;edge_0_0_0;0.0;-7.99;0.2;-9.0;0.31;-9.0;0.38;-9.0;0.41;-9.0;0.43;-9.0;0.44;-9.0;;
116;16.4;22.4;0.5;8;80;8;Successful;Effective;No;No;No;No;No;No;0.0;-7.99;0.2;-9.0;0.31;-9.0;0.38;-9.0;0.41;-9.0;0.43;-9.0;0.44;-9.0;;
117;16.4;22.4;0.5;10;80;8;Successful;Effective;No;No;No;No;No;No;0.0;-7.99;0.2;-9.0;0.31;-9.0;0.38;-9.0;0.41;-9.0;0.43;-9.0;0.44;-9.0;;
118;16.4;22.4;0.5;5;100;8;Successful;Effective;collision;19.29;vtypeauto.1;vtypeauto.0;602.41;edge_0_0_0;0.0;-8.0;0.25;-9.0;0.39;-9.0;0.47;-9.0;0.51;-9.0;0.54;-9.0;0.55;-9.0;;
119;16.4;22.4;0.5;8;100;8;Successful;Effective;collision;20.51;vtypeauto.1;vtypeauto.0;630.65;edge_0_0_0;0.0;-8.0;0.25;-9.0;0.39;-9.0;0.47;-9.0;0.51;-9.0;0.54;-9.0;0.55;-9.0;;
120;16.4;22.4;0.5;10;100;8;Successful;Effective;No;No;No;No;No;No;0.0;-8.0;0.25;-9.0;0.39;-9.0;0.47;-9.0;0.51;-9.0;0.54;-9.0;0.55;-9.0;;
121;16.5;22.5;0.5;5;80;5;Successful;Effective;collision;20.82;vtypeauto.1;vtypeauto.0;510.36;edge_0_0_0;0.0;-5.0;0.2;-5.8;0.31;-6.22;0.38;-6.37;0.41;-6.37;0.43;-6.26;0.44;-6.13;;
122;16.5;22.5;0.5;8;80;5;Successful;Effective;No;No;No;No;No;No;0.0;-5.0;0.2;-5.8;0.31;-6.22;0.38;-6.37;0.41;-6.37;0.43;-6.26;0.44;-6.13;;
123;16.5;22.5;0.5;10;80;5;Successful;Effective;No;No;No;No;No;No;0.0;-5.0;0.2;-5.8;0.31;-6.22;0.38;-6.37;0.41;-6.37;0.43;-6.26;0.44;-6.13;;
124;16.5;22.5;0.5;5;100;5;Successful;Effective;collision;21.04;vtypeauto.1;vtypeauto.0;632.80;edge_0_0_0;0.0;-5.0;0.25;-5.8;0.39;-6.23;0.47;-6.39;0.51;-6.39;0.54;-6.28;0.55;-6.15;;
125;16.5;22.5;0.5;8;100;5;Successful;Effective;No;No;No;No;No;No;0.0;-5.0;0.25;-5.8;0.39;-6.23;0.47;-6.39;0.51;-6.39;0.54;-6.28;0.55;-6.15;;
126;16.5;22.5;0.5;10;100;5;Successful;Effective;No;No;No;No;No;No;0.0;-5.0;0.25;-5.8;0.39;-6.23;0.47;-6.39;0.51;-6.39;0.54;-6.28;0.55;-6.15;;
127;16.5;22.5;0.5;5;80;6;Successful;Effective;collision;19.94;vtypeauto.1;vtypeauto.0;500.41;edge_0_0_0;0.0;-6.0;0.2;-6.95;0.31;-7.45;0.38;-7.64;0.41;-7.63;0.43;-7.5;0.44;-7.28;;
128;16.5;22.5;0.5;8;80;6;Successful;Effective;No;No;No;No;No;No;0.0;-6.0;0.2;-6.95;0.31;-7.45;0.38;-7.64;0.41;-7.63;0.43;-7.5;0.44;-7.28;;
129;16.5;22.5;0.5;10;80;6;Successful;Effective;No;No;No;No;No;No;0.0;-6.0;0.2;-6.95;0.31;-7.45;0.38;-7.64;0.41;-7.63;0.43;-7.5;0.44;-7.28;;
130;16.5;22.5;0.5;5;100;6;Successful;Effective;collision;20.05;vtypeauto.1;vtypeauto.0;617.04;edge_0_0_0;0.0;-6.0;0.25;-6.96;0.39;-7.46;0.47;-7.65;0.51;-7.65;0.54;-7.52;0.55;-7.36;;
131;16.5;22.5;0.5;8;100;6;Successful;Effective;No;No;No;No;No;No;0.0;-6.0;0.25;-6.96;0.39;-7.46;0.47;-7.65;0.51;-7.65;0.54;-7.52;0.55;-7.36;;
132;16.5;22.5;0.5;10;100;6;Successful;Effective;No;No;No;No;No;No;0.0;-6.0;0.25;-6.96;0.39;-7.46;0.47;-7.65;0.51;-7.65;0.54;-7.52;0.55;-7.36;;
133;16.5;22.5;0.5;5;80;7;Successful;Effective;collision;19.51;vtypeauto.1;vtypeauto.0;494.49;edge_0_0_0;0.0;-7.0;0.2;-8.11;0.31;-8.69;0.38;-8.9;0.41;-8.89;0.43;-8.62;0.44;-8.29;;
134;16.5;22.5;0.5;8;80;7;Successful;Effective;No;No;No;No;No;No;0.0;-7.0;0.2;-8.11;0.31;-8.69;0.38;-8.9;0.41;-8.89;0.43;-8.62;0.44;-8.29;;
135;16.5;22.5;0.5;10;80;7;Successful;Effective;No;No;No;No;No;No;0.0;-7.0;0.2;-8.11;0.31;-8.69;0.38;-8.9;0.41;-8.89;0.43;-8.62;0.44;-8.29;;
136;16.5;22.5;0.5;5;100;7;Successful;Effective;collision;19.59;vtypeauto.1;vtypeauto.0;608.39;edge_0_0_0;0.0;-7.0;0.25;-8.11;0.39;-8.7;0.47;-8.92;0.51;-8.91;0.54;-8.76;0.55;-8.56;;
137;16.5;22.5;0.5;8;100;7;Successful;Effective;No;No;No;No;No;No;0.0;-7.0;0.25;-8.11;0.39;-8.7;0.47;-8.92;0.51;-8.91;0.54;-8.76;0.55;-8.56;;
138;16.5;22.5;0.5;10;100;7;Successful;Effective;No;No;No;No;No;No;0.0;-7.0;0.25;-8.11;0.39;-8.7;0.47;-8.92;0.51;-8.91;0.54;-8.76;0.55;-8.56;;
139;16.5;22.5;0.5;5;80;8;Successful;Effective;collision;19.23;vtypeauto.1;vtypeauto.0;490.33;edge_0_0_0;0.0;-7.99;0.2;-9.0;0.31;-9.0;0.38;-9.0;0.41;-9.0;0.43;-9.0;0.44;-9.0;;
140;16.5;22.5;0.5;8;80;8;Successful;Effective;No;No;No;No;No;No;0.0;-7.99;0.2;-9.0;0.31;-9.0;0.38;-9.0;0.41;-9.0;0.43;-9.0;0.44;-9.0;;
141;16.5;22.5;0.5;10;80;8;Successful;Effective;No;No;No;No;No;No;0.0;-7.99;0.2;-9.0;0.31;-9.0;0.38;-9.0;0.41;-9.0;0.43;-9.0;0.44;-9.0;;
142;16.5;22.5;0.5;5;100;8;Successful;Effective;collision;19.29;vtypeauto.1;vtypeauto.0;602.41;edge_0_0_0;0.0;-8.0;0.25;-9.0;0.39;-9.0;0.47;-9.0;0.51;-9.0;0.54;-9.0;0.55;-9.0;;
143;16.5;22.5;0.5;8;100;8;Successful;Effective;collision;20.51;vtypeauto.1;vtypeauto.0;630.65;edge_0_0_0;0.0;-8.0;0.25;-9.0;0.39;-9.0;0.47;-9.0;0.51;-9.0;0.54;-9.0;0.55;-9.0;;
144;16.5;22.5;0.5;10;100;8;Successful;Effective;No;No;No;No;No;No;0.0;-8.0;0.25;-9.0;0.39;-9.0;0.47;-9.0;0.51;-9.0;0.54;-9.0;0.55;-9.0;;
145;16.6;22.6;0.5;5;80;5;Successful;Effective;collision;20.08;vtypeauto.1;vtypeauto.0;504.91;edge_0_0_0;0.0;-5.0;0.2;-5.93;0.31;-6.35;0.38;-6.49;0.41;-6.47;0.43;-6.35;0.44;-6.21;;
146;16.6;22.6;0.5;8;80;5;Successful;Effective;No;No;No;No;No;No;0.0;-5.0;0.2;-5.93;0.31;-6.35;0.38;-6.49;0.41;-6.47;0.43;-6.35;0.44;-6.21;;
147;16.6;22.6;0.5;10;80;5;Successful;Effective;No;No;No;No;No;No;0.0;-5.0;0.2;-5.93;0.31;-6.35;0.38;-6.49;0.41;-6.47;0.43;-6.35;0.44;-6.21;;
148;16.6;22.6;0.5;5;100;5;Successful;Effective;collision;20.20;vtypeauto.1;vtypeauto.0;622.66;edge_0_0_0;0.0;-5.0;0.25;-5.94;0.39;-6.36;0.47;-6.51;0.51;-6.49;0.54;-6.37;0.55;-6.23;;
149;16.6;22.6;0.5;8;100;5;Successful;Effective;No;No;No;No;No;No;0.0;-5.0;0.25;-5.94;0.39;-6.36;0.47;-6.51;0.51;-6.49;0.54;-6.37;0.55;-6.23;;
150;16.6;22.6;0.5;10;100;5;Successful;Effective;No;No;No;No;No;No;0.0;-5.0;0.25;-5.94;0.39;-6.36;0.47;-6.51;0.51;-6.49;0.54;-6.37;0.55;-6.23;;
151;16.6;22.6;0.5;5;80;6;Successful;Effective;collision;19.55;vtypeauto.1;vtypeauto.0;497.07;edge_0_0_0;0.0;-6.0;0.2;-7.12;0.31;-7.61;0.38;-7.78;0.41;-7.76;0.43;-7.6;0.44;-7.35;;
152;16.6;22.6;0.5;8;80;6;Successful;Effective;No;No;No;No;No;No;0.0;-6.0;0.2;-7.12;0.31;-7.61;0.38;-7.78;0.41;-7.76;0.43;-7.6;0.44;-7.35;;
153;16.6;22.6;0.5;10;80;6;Successful;Effective;No;No;No;No;No;No;0.0;-6.0;0.2;-7.12;0.31;-7.61;0.38;-7.78;0.41;-7.76;0.43;-7.6;0.44;-7.35;;
154;16.6;22.6;0.5;5;100;6;Successful;Effective;collision;19.62;vtypeauto.1;vtypeauto.0;611.17;edge_0_0_0;0.0;-6.0;0.25;-7.12;0.39;-7.62;0.47;-7.79;0.51;-7.77;0.54;-7.62;0.55;-7.45;;
155;16.6;22.6;0.5;8;100;6;Successful;Effective;No;No;No;No;No;No;0.0;-6.0;0.25;-7.12;0.39;-7.62;0.47;-7.79;0.51;-7.77;0.54;-7.62;0.55;-7.45;;
156;16.6;22.6;0.5;10;100;6;Successful;Effective;No;No;No;No;No;No;0.0;-6.0;0.25;-7.12;0.39;-7.62;0.47;-7.79;0.51;-7.77;0.54;-7.62;0.55;-7.45;;
157;16.6;22.6;0.5;5;80;7;Successful;Effective;collision;19.23;vtypeauto.1;vtypeauto.0;491.98;edge_0_0_0;0.0;-7.0;0.2;-8.3;0.31;-8.88;0.38;-9.0;0.41;-9.0;0.43;-8.71;0.44;-8.35;;
158;16.6;22.6;0.5;8;80;7;Successful;Effective;collision;20.46;vtypeauto.1;vtypeauto.0;516.91;edge_0_0_0;0.0;-7.0;0.2;-8.3;0.31;-8.88;0.38;-9.0;0.41;-9.0;0.43;-8.71;0.44;-8.35;;
159;16.6;22.6;0.5;10;80;7;Successful;Effective;No;No;No;No;No;No;0.0;-7.0;0.2;-8.3;0.31;-8.88;0.38;-9.0;0.41;-9.0;0.43;-8.71;0.44;-8.35;;
160;16.6;22.6;0.5;5;100;7;Successful;Effective;collision;19.29;vtypeauto.1;vtypeauto.0;604.17;edge_0_0_0;0.0;-7.0;0.25;-8.3;0.39;-8.88;0.47;-9.0;0.51;-9.0;0.54;-8.87;0.55;-8.65;;
161;16.6;22.6;0.5;8;100;7;Successful;Effective;collision;20.56;vtypeauto.1;vtypeauto.0;635.68;edge_0_0_0;0.0;-7.0;0.25;-8.3;0.39;-8.88;0.47;-9.0;0.51;-9.0;0.54;-8.87;0.55;-8.65;;
162;16.6;22.6;0.5;10;100;7;Successful;Effective;No;No;No;No;No;No;0.0;-7.0;0.25;-8.3;0.39;-8.88;0.47;-9.0;0.51;-9.0;0.54;-8.87;0.55;-8.65;;
163;16.6;22.6;0.5;5;80;8;Successful;Effective;collision;19.01;vtypeauto.1;vtypeauto.0;488.32;edge_0_0_0;0.0;-7.99;0.2;-9.0;0.31;-9.0;0.38;-9.0;0.41;-9.0;0.43;-9.0;0.44;-9.0;;
164;16.6;22.6;0.5;8;80;8;Successful;Effective;collision;19.87;vtypeauto.1;vtypeauto.0;511.92;edge_0_0_0;0.0;-7.99;0.2;-9.0;0.31;-9.0;0.38;-9.0;0.41;-9.0;0.43;-9.0;0.44;-9.0;;
165;16.6;22.6;0.5;10;80;8;Successful;Effective;No;No;No;No;No;No;0.0;-7.99;0.2;-9.0;0.31;-9.0;0.38;-9.0;0.41;-9.0;0.43;-9.0;0.44;-9.0;;
166;16.6;22.6;0.5;5;100;8;Successful;Effective;collision;19.06;vtypeauto.1;vtypeauto.0;599.14;edge_0_0_0;0.0;-8.0;0.25;-9.0;0.39;-9.0;0.47;-9.0;0.51;-9.0;0.54;-9.0;0.55;-9.0;;
167;16.6;22.6;0.5;8;100;8;Successful;Effective;collision;19.93;vtypeauto.1;vtypeauto.0;627.27;edge_0_0_0;0.0;-8.0;0.25;-9.0;0.39;-9.0;0.47;-9.0;0.51;-9.0;0.54;-9.0;0.55;-9.0;;
168;16.6;22.6;0.5;10;100;8;Successful;Effective;collision;20.69;vtypeauto.1;vtypeauto.0;643.16;edge_0_0_0;0.0;-8.0;0.25;-9.0;0.39;-9.0;0.47;-9.0;0.51;-9.0;0.54;-9.0;0.55;-9.0;;
169;16.7;22.7;0.5;5;80;5;Successful;Effective;collision;19.70;vtypeauto.1;vtypeauto.0;501.06;edge_0_0_0;0.0;-5.0;0.2;-6.07;0.31;-6.48;0.38;-6.61;0.41;-6.58;0.43;-6.44;0.44;-6.28;;
170;16.7;22.7;0.5;8;80;5;Successful;Effective;No;No;No;No;No;No;0.0;-5.0;0.2;-6.07;0.31;-6.48;0.38;-6.61;0.41;-6.58;0.43;-6.44;0.44;-6.28;;
171;16.7;22.7;0.5;10;80;5;Successful;Effective;No;No;No;No;No;No;0.0;-5.0;0.2;-6.07;0.31;-6.48;0.38;-6.61;0.41;-6.58;0.43;-6.44;0.44;-6.28;;
172;16.7;22.7;0.5;5;100;5;Successful;Effective;collision;19.78;vtypeauto.1;vtypeauto.0;616.26;edge_0_0_0;0.0;-5.0;0.25;-6.08;0.39;-6.49;0.47;-6.63;0.51;-6.59;0.54;-6.46;0.55;-6.3;;
173;16.7;22.7;0.5;8;100;5;Successful;Effective;No;No;No;No;No;No;0.0;-5.0;0.25;-6.08;0.39;-6.49;0.47;-6.63;0.51;-6.59;0.54;-6.46;0.55;-6.3;;
174;16.7;22.7;0.5;10;100;5;Successful;Effective;No;No;No;No;No;No;0.0;-5.0;0.25;-6.08;0.39;-6.49;0.47;-6.63;0.51;-6.59;0.54;-6.46;0.55;-6.3;;
175;16.7;22.7;0.5;5;80;6;Successful;Effective;collision;19.30;vtypeauto.1;vtypeauto.0;494.43;edge_0_0_0;0.0;-6.0;0.2;-7.29;0.31;-7.77;0.38;-7.93;0.41;-7.88;0.43;-7.69;0.44;-7.42;;
176;16.7;22.7;0.5;8;80;6;Successful;Effective;collision;20.59;vtypeauto.1;vtypeauto.0;522.00;edge_0_0_0;0.0;-6.0;0.2;-7.29;0.31;-7.77;0.38;-7.93;0.41;-7.88;0.43;-7.69;0.44;-7.42;;
177;16.7;22.7;0.5;10;80;6;Successful;Effective;No;No;No;No;No;No;0.0;-6.0;0.2;-7.29;0.31;-7.77;0.38;-7.93;0.41;-7.88;0.43;-7.69;0.44;-7.42;;
178;16.7;22.7;0.5;5;100;6;Successful;Effective;collision;19.36;vtypeauto.1;vtypeauto.0;607.09;edge_0_0_0;0.0;-6.0;0.25;-7.29;0.39;-7.78;0.47;-7.94;0.51;-7.9;0.54;-7.73;0.55;-7.54;;
179;16.7;22.7;0.5;8;100;6;Successful;Effective;collision;20.70;vtypeauto.1;vtypeauto.0;641.81;edge_0_0_0;0.0;-6.0;0.25;-7.29;0.39;-7.78;0.47;-7.94;0.51;-7.9;0.54;-7.73;0.55;-7.54;;
180;16.7;22.7;0.5;10;100;6;Successful;Effective;No;No;No;No;No;No;0.0;-6.0;0.25;-7.29;0.39;-7.78;0.47;-7.94;0.51;-7.9;0.54;-7.73;0.55;-7.54;;
181;16.7;22.7;0.5;5;80;7;Successful;Effective;collision;19.05;vtypeauto.1;vtypeauto.0;490.08;edge_0_0_0;0.0;-7.0;0.2;-8.5;0.31;-9.0;0.38;-9.0;0.41;-9.0;0.43;-8.78;0.44;-8.4;;
182;16.7;22.7;0.5;8;80;7;Successful;Effective;collision;19.94;vtypeauto.1;vtypeauto.0;515.27;edge_0_0_0;0.0;-7.0;0.2;-8.5;0.31;-9.0;0.38;-9.0;0.41;-9.0;0.43;-8.78;0.44;-8.4;;
183;16.7;22.7;0.5;10;80;7;Successful;Effective;No;No;No;No;No;No;0.0;-7.0;0.2;-8.5;0.31;-9.0;0.38;-9.0;0.41;-9.0;0.43;-8.78;0.44;-8.4;;
184;16.7;22.7;0.5;5;100;7;Successful;Effective;collision;19.10;vtypeauto.1;vtypeauto.0;601.19;edge_0_0_0;0.0;-7.0;0.25;-8.5;0.39;-9.0;0.47;-9.0;0.51;-9.0;0.54;-8.97;0.55;-8.74;;
185;16.7;22.7;0.5;8;100;7;Successful;Effective;collision;20.01;vtypeauto.1;vtypeauto.0;631.23;edge_0_0_0;0.0;-7.0;0.25;-8.5;0.39;-9.0;0.47;-9.0;0.51;-9.0;0.54;-8.97;0.55;-8.74;;
186;16.7;22.7;0.5;10;100;7;Successful;Effective;collision;21.07;vtypeauto.1;vtypeauto.0;649.95;edge_0_0_0;0.0;-7.0;0.25;-8.5;0.39;-9.0;0.47;-9.0;0.51;-9.0;0.54;-8.97;0.55;-8.74;;
187;16.7;22.7;0.5;5;80;8;Successful;Effective;collision;18.87;vtypeauto.1;vtypeauto.0;486.87;edge_0_0_0;0.0;-7.99;0.2;-9.0;0.31;-9.0;0.38;-9.0;0.41;-9.0;0.43;-9.0;0.44;-9.0;;
188;16.7;22.7;0.5;8;80;8;Successful;Effective;collision;19.56;vtypeauto.1;vtypeauto.0;510.61;edge_0_0_0;0.0;-7.99;0.2;-9.0;0.31;-9.0;0.38;-9.0;0.41;-9.0;0.43;-9.0;0.44;-9.0;;
189;16.7;22.7;0.5;10;80;8;Successful;Effective;collision;20.09;vtypeauto.1;vtypeauto.0;524.41;edge_0_0_0;0.0;-7.99;0.2;-9.0;0.31;-9.0;0.38;-9.0;0.41;-9.0;0.43;-9.0;0.44;-9.0;;
190;16.7;22.7;0.5;5;100;8;Successful;Effective;collision;18.91;vtypeauto.1;vtypeauto.0;596.79;edge_0_0_0;0.0;-8.0;0.25;-9.0;0.39;-9.0;0.47;-9.0;0.51;-9.0;0.54;-9.0;0.55;-9.0;;
191;16.7;22.7;0.5;8;100;8;Successful;Effective;collision;19.60;vtypeauto.1;vtypeauto.0;624.13;edge_0_0_0;0.0;-8.0;0.25;-9.0;0.39;-9.0;0.47;-9.0;0.51;-9.0;0.54;-9.0;0.55;-9.0;;
192;16.7;22.7;0.5;10;100;8;Successful;Effective;collision;20.14;vtypeauto.1;vtypeauto.0;640.81;edge_0_0_0;0.0;-8.0;0.25;-9.0;0.39;-9.0;0.47;-9.0;0.51;-9.0;0.54;-9.0;0.55;-9.0;;
193;16.8;22.8;0.5;5;80;5;Successful;Effective;collision;19.46;vtypeauto.1;vtypeauto.0;498.26;edge_0_0_0;0.0;-5.0;0.2;-6.22;0.31;-6.62;0.38;-6.73;0.41;-6.68;0.43;-6.53;0.44;-6.35;;
194;16.8;22.8;0.5;8;80;5;Successful;Effective;collision;21.00;vtypeauto.1;vtypeauto.0;529.27;edge_0_0_0;0.0;-5.0;0.2;-6.22;0.31;-6.62;0.38;-6.73;0.41;-6.68;0.43;-6.53;0.44;-6.35;;
195;16.8;22.8;0.5;10;80;5;Successful;Effective;No;No;No;No;No;No;0.0;-5.0;0.2;-6.22;0.31;-6.62;0.38;-6.73;0.41;-6.68;0.43;-6.53;0.44;-6.35;;
196;16.8;22.8;0.5;5;100;5;Successful;Effective;collision;19.52;vtypeauto.1;vtypeauto.0;611.86;edge_0_0_0;0.0;-5.0;0.25;-6.22;0.39;-6.63;0.47;-6.75;0.51;-6.7;0.54;-6.55;0.55;-6.38;;
197;16.8;22.8;0.5;8;100;5;Successful;Effective;collision;21.15;vtypeauto.1;vtypeauto.0;651.86;edge_0_0_0;0.0;-5.0;0.25;-6.22;0.39;-6.63;0.47;-6.75;0.51;-6.7;0.54;-6.55;0.55;-6.38;;
198;16.8;22.8;0.5;10;100;5;Successful;Effective;No;No;No;No;No;No;0.0;-5.0;0.25;-6.22;0.39;-6.63;0.47;-6.75;0.51;-6.7;0.54;-6.55;0.55;-6.38;;
199;16.8;22.8;0.5;5;80;6;Successful;Effective;collision;19.14;vtypeauto.1;vtypeauto.0;492.57;edge_0_0_0;0.0;-6.0;0.2;-7.46;0.31;-7.94;0.38;-8.07;0.41;-8.01;0.43;-7.79;0.44;-7.48;;
200;16.8;22.8;0.5;8;80;6;Successful;Effective;collision;20.08;vtypeauto.1;vtypeauto.0;519.40;edge_0_0_0;0.0;-6.0;0.2;-7.46;0.31;-7.94;0.38;-8.07;0.41;-8.01;0.43;-7.79;0.44;-7.48;;
201;16.8;22.8;0.5;10;80;6;Successful;Effective;collision;21.26;vtypeauto.1;vtypeauto.0;535.05;edge_0_0_0;0.0;-6.0;0.2;-7.46;0.31;-7.94;0.38;-8.07;0.41;-8.01;0.43;-7.79;0.44;-7.48;;
202;16.8;22.8;0.5;5;100;6;Successful;Effective;collision;19.19;vtypeauto.1;vtypeauto.0;604.22;edge_0_0_0;0.0;-6.0;0.25;-7.46;0.39;-7.94;0.47;-8.08;0.51;-8.02;0.54;-7.84;0.55;-7.63;;
203;16.8;22.8;0.5;8;100;6;Successful;Effective;collision;20.15;vtypeauto.1;vtypeauto.0;636.25;edge_0_0_0;0.0;-6.0;0.25;-7.46;0.39;-7.94;0.47;-8.08;0.51;-8.02;0.54;-7.84;0.55;-7.63;;
204;16.8;22.8;0.5;10;100;6;Successful;Effective;collision;21.39;vtypeauto.1;vtypeauto.0;658.21;edge_0_0_0;0.0;-6.0;0.25;-7.46;0.39;-7.94;0.47;-8.08;0.51;-8.02;0.54;-7.84;0.55;-7.63;;
205;16.8;22.8;0.5;5;80;7;Successful;Effective;collision;18.93;vtypeauto.1;vtypeauto.0;488.71;edge_0_0_0;0.0;-7.0;0.2;-8.7;0.31;-9.0;0.38;-9.0;0.41;-9.0;0.43;-8.85;0.44;-8.44;;
206;16.8;22.8;0.5;8;80;7;Successful;Effective;collision;19.64;vtypeauto.1;vtypeauto.0;513.47;edge_0_0_0;0.0;-7.0;0.2;-8.7;0.31;-9.0;0.38;-9.0;0.41;-9.0;0.43;-8.85;0.44;-8.44;;
207;16.8;22.8;0.5;10;80;7;Successful;Effective;collision;20.28;vtypeauto.1;vtypeauto.0;528.56;edge_0_0_0;0.0;-7.0;0.2;-8.7;0.31;-9.0;0.38;-9.0;0.41;-9.0;0.43;-8.85;0.44;-8.44;;
208;16.8;22.8;0.5;5;100;7;Successful;Effective;collision;18.97;vtypeauto.1;vtypeauto.0;599.00;edge_0_0_0;0.0;-7.0;0.25;-8.7;0.39;-9.0;0.47;-9.0;0.51;-9.0;0.54;-9.0;0.55;-8.83;;
209;16.8;22.8;0.5;8;100;7;Successful;Effective;collision;19.69;vtypeauto.1;vtypeauto.0;627.65;edge_0_0_0;0.0;-7.0;0.25;-8.7;0.39;-9.0;0.47;-9.0;0.51;-9.0;0.54;-9.0;0.55;-8.83;;
210;16.8;22.8;0.5;10;100;7;Successful;Effective;collision;20.35;vtypeauto.1;vtypeauto.0;646.23;edge_0_0_0;0.0;-7.0;0.25;-8.7;0.39;-9.0;0.47;-9.0;0.51;-9.0;0.54;-9.0;0.55;-8.83;;
211;16.8;22.8;0.5;5;80;8;Successful;Effective;collision;18.77;vtypeauto.1;vtypeauto.0;485.71;edge_0_0_0;0.0;-7.99;0.2;-9.0;0.31;-9.0;0.38;-9.0;0.41;-9.0;0.43;-9.0;0.44;-9.0;;
212;16.8;22.8;0.5;8;80;8;Successful;Effective;collision;19.35;vtypeauto.1;vtypeauto.0;509.26;edge_0_0_0;0.0;-7.99;0.2;-9.0;0.31;-9.0;0.38;-9.0;0.41;-9.0;0.43;-9.0;0.44;-9.0;;
213;16.8;22.8;0.5;10;80;8;Successful;Effective;collision;19.78;vtypeauto.1;vtypeauto.0;523.64;edge_0_0_0;0.0;-7.99;0.2;-9.0;0.31;-9.0;0.38;-9.0;0.41;-9.0;0.43;-9.0;0.44;-9.0;;
214;16.8;22.8;0.5;5;100;8;Successful;Effective;collision;18.81;vtypeauto.1;vtypeauto.0;595.14;edge_0_0_0;0.0;-8.0;0.25;-9.0;0.39;-9.0;0.47;-9.0;0.51;-9.0;0.54;-9.0;0.55;-9.0;;
215;16.8;22.8;0.5;8;100;8;Successful;Effective;collision;19.39;vtypeauto.1;vtypeauto.0;621.71;edge_0_0_0;0.0;-8.0;0.25;-9.0;0.39;-9.0;0.47;-9.0;0.51;-9.0;0.54;-9.0;0.55;-9.0;;
216;16.8;22.8;0.5;10;100;8;Successful;Effective;collision;19.82;vtypeauto.1;vtypeauto.0;638.34;edge_0_0_0;0.0;-8.0;0.25;-9.0;0.39;-9.0;0.47;-9.0;0.51;-9.0;0.54;-9.0;0.55;-9.0;;
217;16.9;22.9;0.5;5;80;5;Successful;Effective;collision;19.29;vtypeauto.1;vtypeauto.0;496.07;edge_0_0_0;0.0;-5.0;0.2;-6.37;0.31;-6.76;0.38;-6.86;0.41;-6.79;0.43;-6.62;0.44;-6.43;;
218;16.9;22.9;0.5;8;80;5;Successful;Effective;collision;20.39;vtypeauto.1;vtypeauto.0;525.53;edge_0_0_0;0.0;-5.0;0.2;-6.37;0.31;-6.76;0.38;-6.86;0.41;-6.79;0.43;-6.62;0.44;-6.43;;
219;16.9;22.9;0.5;10;80;5;Successful;Effective;No;No;No;No;No;No;0.0;-5.0;0.2;-6.37;0.31;-6.76;0.38;-6.86;0.41;-6.79;0.43;-6.62;0.44;-6.43;;
220;16.9;22.9;0.5;5;100;5;Successful;Effective;collision;19.35;vtypeauto.1;vtypeauto.0;608.81;edge_0_0_0;0.0;-5.0;0.25;-6.37;0.39;-6.77;0.47;-6.87;0.51;-6.81;0.54;-6.64;0.55;-6.45;;
221;16.9;22.9;0.5;8;100;5;Successful;Effective;collision;20.47;vtypeauto.1;vtypeauto.0;644.29;edge_0_0_0;0.0;-5.0;0.25;-6.37;0.39;-6.77;0.47;-6.87;0.51;-6.81;0.54;-6.64;0.55;-6.45;;
222;16.9;22.9;0.5;10;100;5;Successful;Effective;No;No;No;No;No;No;0.0;-5.0;0.25;-6.37;0.39;-6.77;0.47;-6.87;0.51;-6.81;0.54;-6.64;0.55;-6.45;;
223;16.9;22.9;0.5;5;80;6;Successful;Effective;collision;19.03;vtypeauto.1;vtypeauto.0;491.20;edge_0_0_0;0.0;-6.0;0.2;-7.64;0.31;-8.1;0.38;-8.22;0.41;-8.14;0.43;-7.88;0.44;-7.54;;
224;16.9;22.9;0.5;8;80;6;Successful;Effective;collision;19.78;vtypeauto.1;vtypeauto.0;517.15;edge_0_0_0;0.0;-6.0;0.2;-7.64;0.31;-8.1;0.38;-8.22;0.41;-8.14;0.43;-7.88;0.44;-7.54;;
225;16.9;22.9;0.5;10;80;6;Successful;Effective;collision;20.50;vtypeauto.1;vtypeauto.0;533.65;edge_0_0_0;0.0;-6.0;0.2;-7.64;0.31;-8.1;0.38;-8.22;0.41;-8.14;0.43;-7.88;0.44;-7.54;;
226;16.9;22.9;0.5;5;100;6;Successful;Effective;collision;19.07;vtypeauto.1;vtypeauto.0;602.08;edge_0_0_0;0.0;-6.0;0.25;-7.64;0.39;-8.11;0.47;-8.23;0.51;-8.15;0.54;-7.95;0.55;-7.72;;
227;16.9;22.9;0.5;8;100;6;Successful;Effective;collision;19.84;vtypeauto.1;vtypeauto.0;632.33;edge_0_0_0;0.0;-6.0;0.25;-7.64;0.39;-8.11;0.47;-8.23;0.51;-8.15;0.54;-7.95;0.55;-7.72;;
228;16.9;22.9;0.5;10;100;6;Successful;Effective;collision;20.58;vtypeauto.1;vtypeauto.0;652.75;edge_0_0_0;0.0;-6.0;0.25;-7.64;0.39;-8.11;0.47;-8.23;0.51;-8.15;0.54;-7.95;0.55;-7.72;;
229;16.9;22.9;0.5;5;80;7;Successful;Effective;collision;18.84;vtypeauto.1;vtypeauto.0;487.57;edge_0_0_0;0.0;-7.0;0.2;-8.91;0.31;-9.0;0.38;-9.0;0.41;-9.0;0.43;-8.91;0.44;-8.48;;
230;16.9;22.9;0.5;8;80;7;Successful;Effective;collision;19.44;vtypeauto.1;vtypeauto.0;511.92;edge_0_0_0;0.0;-7.0;0.2;-8.91;0.31;-9.0;0.38;-9.0;0.41;-9.0;0.43;-8.91;0.44;-8.48;;
231;16.9;22.9;0.5;10;80;7;Successful;Effective;collision;19.93;vtypeauto.1;vtypeauto.0;527.23;edge_0_0_0;0.0;-7.0;0.2;-8.91;0.31;-9.0;0.38;-9.0;0.41;-9.0;0.43;-8.91;0.44;-8.48;;
232;16.9;22.9;0.5;5;100;7;Successful;Effective;collision;18.88;vtypeauto.1;vtypeauto.0;597.42;edge_0_0_0;0.0;-7.0;0.25;-8.91;0.39;-9.0;0.47;-9.0;0.51;-9.0;0.54;-9.0;0.55;-8.91;;
233;16.9;22.9;0.5;8;100;7;Successful;Effective;collision;19.48;vtypeauto.1;vtypeauto.0;624.91;edge_0_0_0;0.0;-7.0;0.25;-8.91;0.39;-9.0;0.47;-9.0;0.51;-9.0;0.54;-9.0;0.55;-8.91;;
234;16.9;22.9;0.5;10;100;7;Successful;Effective;collision;19.98;vtypeauto.1;vtypeauto.0;642.93;edge_0_0_0;0.0;-7.0;0.25;-8.91;0.39;-9.0;0.47;-9.0;0.51;-9.0;0.54;-9.0;0.55;-8.91;;
235;16.9;22.9;0.5;5;80;8;Successful;Effective;collision;18.71;vtypeauto.1;vtypeauto.0;485.03;edge_0_0_0;0.0;-7.99;0.2;-9.0;0.31;-9.0;0.38;-9.0;0.41;-9.0;0.43;-9.0;0.44;-9.0;;
236;16.9;22.9;0.5;8;80;8;Successful;Effective;collision;19.21;vtypeauto.1;vtypeauto.0;508.19;edge_0_0_0;0.0;-7.99;0.2;-9.0;0.31;-9.0;0.38;-9.0;0.41;-9.0;0.43;-9.0;0.44;-9.0;;
237;16.9;22.9;0.5;10;80;8;Successful;Effective;collision;19.57;vtypeauto.1;vtypeauto.0;522.68;edge_0_0_0;0.0;-7.99;0.2;-9.0;0.31;-9.0;0.38;-9.0;0.41;-9.0;0.43;-9.0;0.44;-9.0;;
238;16.9;22.9;0.5;5;100;8;Successful;Effective;collision;18.74;vtypeauto.1;vtypeauto.0;593.93;edge_0_0_0;0.0;-8.0;0.25;-9.0;0.39;-9.0;0.47;-9.0;0.51;-9.0;0.54;-9.0;0.55;-9.0;;
239;16.9;22.9;0.5;8;100;8;Successful;Effective;collision;19.24;vtypeauto.1;vtypeauto.0;619.75;edge_0_0_0;0.0;-8.0;0.25;-9.0;0.39;-9.0;0.47;-9.0;0.51;-9.0;0.54;-9.0;0.55;-9.0;;
240;16.9;22.9;0.5;10;100;8;Successful;Effective;collision;19.60;vtypeauto.1;vtypeauto.0;636.15;edge_0_0_0;0.0;-8.0;0.25;-9.0;0.39;-9.0;0.47;-9.0;0.51;-9.0;0.54;-9.0;0.55;-9.0;;
241;17.0;23.0;0.5;5;80;5;Successful;Effective;collision;19.18;vtypeauto.1;vtypeauto.0;494.62;edge_0_0_0;0.0;-5.0;0.2;-6.52;0.31;-6.9;0.38;-6.98;0.41;-6.9;0.43;-6.71;0.44;-6.5;;
242;17.0;23.0;0.5;8;80;5;Successful;Effective;collision;20.05;vtypeauto.1;vtypeauto.0;522.64;edge_0_0_0;0.0;-5.0;0.2;-6.52;0.31;-6.9;0.38;-6.98;0.41;-6.9;0.43;-6.71;0.44;-6.5;;
243;17.0;23.0;0.5;10;80;5;Successful;Effective;collision;20.99;vtypeauto.1;vtypeauto.0;541.23;edge_0_0_0;0.0;-5.0;0.2;-6.52;0.31;-6.9;0.38;-6.98;0.41;-6.9;0.43;-6.71;0.44;-6.5;;
244;17.0;23.0;0.5;5;100;5;Successful;Effective;collision;19.23;vtypeauto.1;vtypeauto.0;606.58;edge_0_0_0;0.0;-5.0;0.25;-6.52;0.39;-6.91;0.47;-6.99;0.51;-6.91;0.54;-6.73;0.55;-6.53;;
245;17.0;23.0;0.5;8;100;5;Successful;Effective;collision;20.11;vtypeauto.1;vtypeauto.0;639.36;edge_0_0_0;0.0;-5.0;0.25;-6.52;0.39;-6.91;0.47;-6.99;0.51;-6.91;0.54;-6.73;0.55;-6.53;;
246;17.0;23.0;0.5;10;100;5;Successful;Effective;collision;21.10;vtypeauto.1;vtypeauto.0;663.39;edge_0_0_0;0.0;-5.0;0.25;-6.52;0.39;-6.91;0.47;-6.99;0.51;-6.91;0.54;-6.73;0.55;-6.53;;
247;17.0;23.0;0.5;5;80;6;Successful;Effective;collision;18.95;vtypeauto.1;vtypeauto.0;490.16;edge_0_0_0;0.0;-6.0;0.2;-7.82;0.31;-8.27;0.38;-8.37;0.41;-8.27;0.43;-7.96;0.44;-7.6;;
248;17.0;23.0;0.5;8;80;6;Successful;Effective;collision;19.59;vtypeauto.1;vtypeauto.0;515.48;edge_0_0_0;0.0;-6.0;0.2;-7.82;0.31;-8.27;0.38;-8.37;0.41;-8.27;0.43;-7.96;0.44;-7.6;;
249;17.0;23.0;0.5;10;80;6;Successful;Effective;collision;20.13;vtypeauto.1;vtypeauto.0;531.74;edge_0_0_0;0.0;-6.0;0.2;-7.82;0.31;-8.27;0.38;-8.37;0.41;-8.27;0.43;-7.96;0.44;-7.6;;
250;17.0;23.0;0.5;5;100;6;Successful;Effective;collision;18.99;vtypeauto.1;vtypeauto.0;600.63;edge_0_0_0;0.0;-6.0;0.25;-7.82;0.39;-8.28;0.47;-8.38;0.51;-8.28;0.54;-8.06;0.55;-7.81;;
251;17.0;23.0;0.5;8;100;6;Successful;Effective;collision;19.63;vtypeauto.1;vtypeauto.0;629.34;edge_0_0_0;0.0;-6.0;0.25;-7.82;0.39;-8.28;0.47;-8.38;0.51;-8.28;0.54;-8.06;0.55;-7.81;;
252;17.0;23.0;0.5;10;100;6;Successful;Effective;collision;20.18;vtypeauto.1;vtypeauto.0;648.60;edge_0_0_0;0.0;-6.0;0.25;-7.82;0.39;-8.28;0.47;-8.38;0.51;-8.28;0.54;-8.06;0.55;-7.81;;
253;17.0;23.0;0.5;5;80;7;Successful;Effective;collision;18.78;vtypeauto.1;vtypeauto.0;486.80;edge_0_0_0;0.0;-7.0;0.2;-9.0;0.31;-9.0;0.38;-9.0;0.41;-9.0;0.43;-8.95;0.44;-8.51;;
254;17.0;23.0;0.5;8;80;7;Successful;Effective;collision;19.30;vtypeauto.1;vtypeauto.0;510.66;edge_0_0_0;0.0;-7.0;0.2;-9.0;0.31;-9.0;0.38;-9.0;0.41;-9.0;0.43;-8.95;0.44;-8.51;;
255;17.0;23.0;0.5;10;80;7;Successful;Effective;collision;19.70;vtypeauto.1;vtypeauto.0;525.89;edge_0_0_0;0.0;-7.0;0.2;-9.0;0.31;-9.0;0.38;-9.0;0.41;-9.0;0.43;-8.95;0.44;-8.51;;
256;17.0;23.0;0.5;5;100;7;Successful;Effective;collision;18.82;vtypeauto.1;vtypeauto.0;596.35;edge_0_0_0;0.0;-7.0;0.25;-9.0;0.39;-9.0;0.47;-9.0;0.51;-9.0;0.54;-9.0;0.55;-8.98;;
257;17.0;23.0;0.5;8;100;7;Successful;Effective;collision;19.34;vtypeauto.1;vtypeauto.0;622.94;edge_0_0_0;0.0;-7.0;0.25;-9.0;0.39;-9.0;0.47;-9.0;0.51;-9.0;0.54;-9.0;0.55;-8.98;;
258;17.0;23.0;0.5;10;100;7;Successful;Effective;collision;19.74;vtypeauto.1;vtypeauto.0;640.26;edge_0_0_0;0.0;-7.0;0.25;-9.0;0.39;-9.0;0.47;-9.0;0.51;-9.0;0.54;-9.0;0.55;-8.98;;
259;17.0;23.0;0.5;5;80;8;Successful;Effective;collision;18.66;vtypeauto.1;vtypeauto.0;484.38;edge_0_0_0;0.0;-7.99;0.2;-9.0;0.31;-9.0;0.38;-9.0;0.41;-9.0;0.43;-9.0;0.44;-9.0;;
260;17.0;23.0;0.5;8;80;8;Successful;Effective;collision;19.10;vtypeauto.1;vtypeauto.0;507.18;edge_0_0_0;0.0;-7.99;0.2;-9.0;0.31;-9.0;0.38;-9.0;0.41;-9.0;0.43;-9.0;0.44;-9.0;;
261;17.0;23.0;0.5;10;80;8;Successful;Effective;collision;19.42;vtypeauto.1;vtypeauto.0;521.77;edge_0_0_0;0.0;-7.99;0.2;-9.0;0.31;-9.0;0.38;-9.0;0.41;-9.0;0.43;-9.0;0.44;-9.0;;
262;17.0;23.0;0.5;5;100;8;Successful;Effective;collision;18.69;vtypeauto.1;vtypeauto.0;593.03;edge_0_0_0;0.0;-8.0;0.25;-9.0;0.39;-9.0;0.47;-9.0;0.51;-9.0;0.54;-9.0;0.55;-9.0;;
263;17.0;23.0;0.5;8;100;8;Successful;Effective;collision;19.13;vtypeauto.1;vtypeauto.0;618.18;edge_0_0_0;0.0;-8.0;0.25;-9.0;0.39;-9.0;0.47;-9.0;0.51;-9.0;0.54;-9.0;0.55;-9.0;;
264;17.0;23.0;0.5;10;100;8;Successful;Effective;collision;19.45;vtypeauto.1;vtypeauto.0;634.47;edge_0_0_0;0.0;-8.0;0.25;-9.0;0.39;-9.0;0.47;-9.0;0.51;-9.0;0.54;-9.0;0.55;-9.0;;
265;17.1;23.1;0.5;5;80;5;Successful;Effective;No;No;No;No;No;No;0.0;-5.0;0.2;-5.22;0.31;-5.59;0.38;-5.78;0.41;-5.85;0.43;-5.73;0.44;-5.68;;
266;17.1;23.1;0.5;8;80;5;Successful;Effective;No;No;No;No;No;No;0.0;-5.0;0.2;-5.22;0.31;-5.59;0.38;-5.78;0.41;-5.85;0.43;-5.73;0.44;-5.68;;
267;17.1;23.1;0.5;10;80;5;Successful;Effective;No;No;No;No;No;No;0.0;-5.0;0.2;-5.22;0.31;-5.59;0.38;-5.78;0.41;-5.85;0.43;-5.73;0.44;-5.68;;
268;17.1;23.1;0.5;5;100;5;Successful;Effective;No;No;No;No;No;No;0.0;-5.0;0.25;-5.23;0.39;-5.6;0.47;-5.8;0.51;-5.87;0.54;-5.75;0.55;-5.71;;
269;17.1;23.1;0.5;8;100;5;Successful;Effective;No;No;No;No;No;No;0.0;-5.0;0.25;-5.23;0.39;-5.6;0.47;-5.8;0.51;-5.87;0.54;-5.75;0.55;-5.71;;
270;17.1;23.1;0.5;10;100;5;Successful;Effective;No;No;No;No;No;No;0.0;-5.0;0.25;-5.23;0.39;-5.6;0.47;-5.8;0.51;-5.87;0.54;-5.75;0.55;-5.71;;
271;17.1;23.1;0.5;5;80;6;Successful;Effective;No;No;No;No;No;No;0.0;-6.0;0.2;-6.26;0.31;-6.7;0.38;-6.93;0.41;-7.01;0.43;-6.86;0.44;-6.78;;
272;17.1;23.1;0.5;8;80;6;Successful;Effective;No;No;No;No;No;No;0.0;-6.0;0.2;-6.26;0.31;-6.7;0.38;-6.93;0.41;-7.01;0.43;-6.86;0.44;-6.78;;
273;17.1;23.1;0.5;10;80;6;Successful;Effective;No;No;No;No;No;No;0.0;-6.0;0.2;-6.26;0.31;-6.7;0.38;-6.93;0.41;-7.01;0.43;-6.86;0.44;-6.78;;
274;17.1;23.1;0.5;5;100;6;Successful;Effective;No;No;No;No;No;No;0.0;-6.0;0.25;-6.27;0.39;-6.71;0.47;-6.94;0.51;-7.02;0.54;-6.88;0.55;-6.83;;
275;17.1;23.1;0.5;8;100;6;Successful;Effective;No;No;No;No;No;No;0.0;-6.0;0.25;-6.27;0.39;-6.71;0.47;-6.94;0.51;-7.02;0.54;-6.88;0.55;-6.83;;
276;17.1;23.1;0.5;10;100;6;Successful;Effective;No;No;No;No;No;No;0.0;-6.0;0.25;-6.27;0.39;-6.71;0.47;-6.94;0.51;-7.02;0.54;-6.88;0.55;-6.83;;
277;17.1;23.1;0.5;5;80;7;Successful;Effective;No;No;No;No;No;No;0.0;-7.0;0.2;-7.3;0.31;-7.81;0.38;-8.08;0.41;-8.16;0.43;-7.92;0.44;-7.79;;
278;17.1;23.1;0.5;8;80;7;Successful;Effective;No;No;No;No;No;No;0.0;-7.0;0.2;-7.3;0.31;-7.81;0.38;-8.08;0.41;-8.16;0.43;-7.92;0.44;-7.79;;
279;17.1;23.1;0.5;10;80;7;Successful;Effective;No;No;No;No;No;No;0.0;-7.0;0.2;-7.3;0.31;-7.81;0.38;-8.08;0.41;-8.16;0.43;-7.92;0.44;-7.79;;
280;17.1;23.1;0.5;5;100;7;Successful;Effective;No;No;No;No;No;No;0.0;-7.0;0.25;-7.31;0.39;-7.82;0.47;-8.09;0.51;-8.18;0.54;-8.01;0.55;-7.94;;
281;17.1;23.1;0.5;8;100;7;Successful;Effective;No;No;No;No;No;No;0.0;-7.0;0.25;-7.31;0.39;-7.82;0.47;-8.09;0.51;-8.18;0.54;-8.01;0.55;-7.94;;
282;17.1;23.1;0.5;10;100;7;Successful;Effective;No;No;No;No;No;No;0.0;-7.0;0.25;-7.31;0.39;-7.82;0.47;-8.09;0.51;-8.18;0.54;-8.01;0.55;-7.94;;
283;17.1;23.1;0.5;5;80;8;Successful;Effective;No;No;No;No;No;No;0.0;-7.99;0.2;-8.35;0.31;-8.92;0.38;-9.0;0.41;-9.0;0.43;-8.89;0.44;-8.74;;
284;17.1;23.1;0.5;8;80;8;Successful;Effective;No;No;No;No;No;No;0.0;-7.99;0.2;-8.35;0.31;-8.92;0.38;-9.0;0.41;-9.0;0.43;-8.89;0.44;-8.74;;
285;17.1;23.1;0.5;10;80;8;Successful;Effective;No;No;No;No;No;No;0.0;-7.99;0.2;-8.35;0.31;-8.92;0.38;-9.0;0.41;-9.0;0.43;-8.89;0.44;-8.74;;
286;17.1;23.1;0.5;5;100;8;Successful;Effective;No;No;No;No;No;No;0.0;-8.0;0.25;-8.35;0.39;-8.93;0.47;-9.0;0.51;-9.0;0.54;-9.0;0.55;-8.99;;
287;17.1;23.1;0.5;8;100;8;Successful;Effective;No;No;No;No;No;No;0.0;-8.0;0.25;-8.35;0.39;-8.93;0.47;-9.0;0.51;-9.0;0.54;-9.0;0.55;-8.99;;
288;17.1;23.1;0.5;10;100;8;Successful;Effective;No;No;No;No;No;No;0.0;-8.0;0.25;-8.35;0.39;-8.93;0.47;-9.0;0.51;-9.0;0.54;-9.0;0.55;-8.99;;
289;17.2;23.2;0.5;5;80;5;Successful;Effective;No;No;No;No;No;No;0.0;-5.0;0.2;-5.2;0.31;-5.27;0.38;-5.44;0.41;-5.52;0.43;-5.49;0.44;-5.44;;
290;17.2;23.2;0.5;8;80;5;Successful;Effective;No;No;No;No;No;No;0.0;-5.0;0.2;-5.2;0.31;-5.27;0.38;-5.44;0.41;-5.52;0.43;-5.49;0.44;-5.44;;
291;17.2;23.2;0.5;10;80;5;Successful;Effective;No;No;No;No;No;No;0.0;-5.0;0.2;-5.2;0.31;-5.27;0.38;-5.44;0.41;-5.52;0.43;-5.49;0.44;-5.44;;
292;17.2;23.2;0.5;5;100;5;Successful;Effective;No;No;No;No;No;No;0.0;-5.0;0.25;-5.2;0.39;-5.28;0.47;-5.45;0.51;-5.54;0.54;-5.5;0.55;-5.46;;
293;17.2;23.2;0.5;8;100;5;Successful;Effective;No;No;No;No;No;No;0.0;-5.0;0.25;-5.2;0.39;-5.28;0.47;-5.45;0.51;-5.54;0.54;-5.5;0.55;-5.46;;
294;17.2;23.2;0.5;10;100;5;Successful;Effective;No;No;No;No;No;No;0.0;-5.0;0.25;-5.2;0.39;-5.28;0.47;-5.45;0.51;-5.54;0.54;-5.5;0.55;-5.46;;
295;17.2;23.2;0.5;5;80;6;Successful;Effective;No;No;No;No;No;No;0.0;-6.0;0.2;-6.23;0.31;-6.32;0.38;-6.51;0.41;-6.62;0.43;-6.57;0.44;-6.49;;
296;17.2;23.2;0.5;8;80;6;Successful;Effective;No;No;No;No;No;No;0.0;-6.0;0.2;-6.23;0.31;-6.32;0.38;-6.51;0.41;-6.62;0.43;-6.57;0.44;-6.49;;
297;17.2;23.2;0.5;10;80;6;Successful;Effective;No;No;No;No;No;No;0.0;-6.0;0.2;-6.23;0.31;-6.32;0.38;-6.51;0.41;-6.62;0.43;-6.57;0.44;-6.49;;
298;17.2;23.2;0.5;5;100;6;Successful;Effective;No;No;No;No;No;No;0.0;-6.0;0.25;-6.24;0.39;-6.33;0.47;-6.53;0.51;-6.63;0.54;-6.59;0.55;-6.53;;
299;17.2;23.2;0.5;8;100;6;Successful;Effective;No;No;No;No;No;No;0.0;-6.0;0.25;-6.24;0.39;-6.33;0.47;-6.53;0.51;-6.63;0.54;-6.59;0.55;-6.53;;
300;17.2;23.2;0.5;10;100;6;Successful;Effective;No;No;No;No;No;No;0.0;-6.0;0.25;-6.24;0.39;-6.33;0.47;-6.53;0.51;-6.63;0.54;-6.59;0.55;-6.53;;
301;17.2;23.2;0.5;5;80;7;Successful;Effective;No;No;No;No;No;No;0.0;-7.0;0.2;-7.27;0.31;-7.37;0.38;-7.59;0.41;-7.7;0.43;-7.6;0.44;-7.49;;
302;17.2;23.2;0.5;8;80;7;Successful;Effective;No;No;No;No;No;No;0.0;-7.0;0.2;-7.27;0.31;-7.37;0.38;-7.59;0.41;-7.7;0.43;-7.6;0.44;-7.49;;
303;17.2;23.2;0.5;10;80;7;Successful;Effective;No;No;No;No;No;No;0.0;-7.0;0.2;-7.27;0.31;-7.37;0.38;-7.59;0.41;-7.7;0.43;-7.6;0.44;-7.49;;
304;17.2;23.2;0.5;5;100;7;Successful;Effective;No;No;No;No;No;No;0.0;-7.0;0.25;-7.27;0.39;-7.38;0.47;-7.6;0.51;-7.72;0.54;-7.67;0.55;-7.6;;
305;17.2;23.2;0.5;8;100;7;Successful;Effective;No;No;No;No;No;No;0.0;-7.0;0.25;-7.27;0.39;-7.38;0.47;-7.6;0.51;-7.72;0.54;-7.67;0.55;-7.6;;
306;17.2;23.2;0.5;10;100;7;Successful;Effective;No;No;No;No;No;No;0.0;-7.0;0.25;-7.27;0.39;-7.38;0.47;-7.6;0.51;-7.72;0.54;-7.67;0.55;-7.6;;
307;17.2;23.2;0.5;5;80;8;Successful;Effective;No;No;No;No;No;No;0.0;-7.99;0.2;-8.3;0.31;-8.41;0.38;-8.64;0.41;-8.74;0.43;-8.59;0.44;-8.45;;
308;17.2;23.2;0.5;8;80;8;Successful;Effective;No;No;No;No;No;No;0.0;-7.99;0.2;-8.3;0.31;-8.41;0.38;-8.64;0.41;-8.74;0.43;-8.59;0.44;-8.45;;
309;17.2;23.2;0.5;10;80;8;Successful;Effective;No;No;No;No;No;No;0.0;-7.99;0.2;-8.3;0.31;-8.41;0.38;-8.64;0.41;-8.74;0.43;-8.59;0.44;-8.45;;
310;17.2;23.2;0.5;5;100;8;Successful;Effective;No;No;No;No;No;No;0.0;-8.0;0.25;-8.31;0.39;-8.43;0.47;-8.68;0.51;-8.81;0.54;-8.73;0.55;-8.62;;
311;17.2;23.2;0.5;8;100;8;Successful;Effective;No;No;No;No;No;No;0.0;-8.0;0.25;-8.31;0.39;-8.43;0.47;-8.68;0.51;-8.81;0.54;-8.73;0.55;-8.62;;
312;17.2;23.2;0.5;10;100;8;Successful;Effective;No;No;No;No;No;No;0.0;-8.0;0.25;-8.31;0.39;-8.43;0.47;-8.68;0.51;-8.81;0.54;-8.73;0.55;-8.62;;
313;17.3;23.3;0.5;5;80;5;Successful;Effective;No;No;No;No;No;No;0.0;-5.0;0.2;-5.17;0.31;-5.25;0.38;-5.29;0.41;-5.35;0.43;-5.34;0.44;-5.33;;
314;17.3;23.3;0.5;8;80;5;Successful;Effective;No;No;No;No;No;No;0.0;-5.0;0.2;-5.17;0.31;-5.25;0.38;-5.29;0.41;-5.35;0.43;-5.34;0.44;-5.33;;
315;17.3;23.3;0.5;10;80;5;Successful;Effective;No;No;No;No;No;No;0.0;-5.0;0.2;-5.17;0.31;-5.25;0.38;-5.29;0.41;-5.35;0.43;-5.34;0.44;-5.33;;
316;17.3;23.3;0.5;5;100;5;Successful;Effective;No;No;No;No;No;No;0.0;-5.0;0.25;-5.18;0.39;-5.25;0.47;-5.3;0.51;-5.37;0.54;-5.36;0.55;-5.35;;
317;17.3;23.3;0.5;8;100;5;Successful;Effective;No;No;No;No;No;No;0.0;-5.0;0.25;-5.18;0.39;-5.25;0.47;-5.3;0.51;-5.37;0.54;-5.36;0.55;-5.35;;
318;17.3;23.3;0.5;10;100;5;Successful;Effective;No;No;No;No;No;No;0.0;-5.0;0.25;-5.18;0.39;-5.25;0.47;-5.3;0.51;-5.37;0.54;-5.36;0.55;-5.35;;
319;17.3;23.3;0.5;5;80;6;Successful;Effective;No;No;No;No;No;No;0.0;-6.0;0.2;-6.21;0.31;-6.29;0.38;-6.33;0.41;-6.41;0.43;-6.39;0.44;-6.37;;
320;17.3;23.3;0.5;8;80;6;Successful;Effective;No;No;No;No;No;No;0.0;-6.0;0.2;-6.21;0.31;-6.29;0.38;-6.33;0.41;-6.41;0.43;-6.39;0.44;-6.37;;
321;17.3;23.3;0.5;10;80;6;Successful;Effective;No;No;No;No;No;No;0.0;-6.0;0.2;-6.21;0.31;-6.29;0.38;-6.33;0.41;-6.41;0.43;-6.39;0.44;-6.37;;
322;17.3;23.3;0.5;5;100;6;Successful;Effective;No;No;No;No;No;No;0.0;-6.0;0.25;-6.21;0.39;-6.3;0.47;-6.34;0.51;-6.42;0.54;-6.41;0.55;-6.4;;
323;17.3;23.3;0.5;8;100;6;Successful;Effective;No;No;No;No;No;No;0.0;-6.0;0.25;-6.21;0.39;-6.3;0.47;-6.34;0.51;-6.42;0.54;-6.41;0.55;-6.4;;
324;17.3;23.3;0.5;10;100;6;Successful;Effective;No;No;No;No;No;No;0.0;-6.0;0.25;-6.21;0.39;-6.3;0.47;-6.34;0.51;-6.42;0.54;-6.41;0.55;-6.4;;
325;17.3;23.3;0.5;5;80;7;Successful;Effective;No;No;No;No;No;No;0.0;-7.0;0.2;-7.24;0.31;-7.33;0.38;-7.37;0.41;-7.44;0.43;-7.4;0.44;-7.39;;
326;17.3;23.3;0.5;8;80;7;Successful;Effective;No;No;No;No;No;No;0.0;-7.0;0.2;-7.24;0.31;-7.33;0.38;-7.37;0.41;-7.44;0.43;-7.4;0.44;-7.39;;
327;17.3;23.3;0.5;10;80;7;Successful;Effective;No;No;No;No;No;No;0.0;-7.0;0.2;-7.24;0.31;-7.33;0.38;-7.37;0.41;-7.44;0.43;-7.4;0.44;-7.39;;
328;17.3;23.3;0.5;5;100;7;Successful;Effective;No;No;No;No;No;No;0.0;-7.0;0.25;-7.24;0.39;-7.34;0.47;-7.39;0.51;-7.48;0.54;-7.47;0.55;-7.44;;
329;17.3;23.3;0.5;8;100;7;Successful;Effective;No;No;No;No;No;No;0.0;-7.0;0.25;-7.24;0.39;-7.34;0.47;-7.39;0.51;-7.48;0.54;-7.47;0.55;-7.44;;
330;17.3;23.3;0.5;10;100;7;Successful;Effective;No;No;No;No;No;No;0.0;-7.0;0.25;-7.24;0.39;-7.34;0.47;-7.39;0.51;-7.48;0.54;-7.47;0.55;-7.44;;
331;17.3;23.3;0.5;5;80;8;Successful;Effective;No;No;No;No;No;No;0.0;-7.99;0.2;-8.27;0.31;-8.36;0.38;-8.36;0.41;-8.43;0.43;-8.4;0.44;-8.37;;
332;17.3;23.3;0.5;8;80;8;Successful;Effective;No;No;No;No;No;No;0.0;-7.99;0.2;-8.27;0.31;-8.36;0.38;-8.36;0.41;-8.43;0.43;-8.4;0.44;-8.37;;
333;17.3;23.3;0.5;10;80;8;Successful;Effective;No;No;No;No;No;No;0.0;-7.99;0.2;-8.27;0.31;-8.36;0.38;-8.36;0.41;-8.43;0.43;-8.4;0.44;-8.37;;
334;17.3;23.3;0.5;5;100;8;Successful;Effective;No;No;No;No;No;No;0.0;-8.0;0.25;-8.27;0.39;-8.38;0.47;-8.44;0.51;-8.53;0.54;-8.5;0.55;-8.47;;
335;17.3;23.3;0.5;8;100;8;Successful;Effective;No;No;No;No;No;No;0.0;-8.0;0.25;-8.27;0.39;-8.38;0.47;-8.44;0.51;-8.53;0.54;-8.5;0.55;-8.47;;
336;17.3;23.3;0.5;10;100;8;Successful;Effective;No;No;No;No;No;No;0.0;-8.0;0.25;-8.27;0.39;-8.38;0.47;-8.44;0.51;-8.53;0.54;-8.5;0.55;-8.47;;
337;17.4;23.4;0.5;5;80;5;Successful;Effective;No;No;No;No;No;No;0.0;-5.0;0.2;-5.16;0.31;-5.22;0.38;-5.26;0.41;-5.27;0.43;-5.26;0.44;-5.25;;
338;17.4;23.4;0.5;8;80;5;Successful;Effective;No;No;No;No;No;No;0.0;-5.0;0.2;-5.16;0.31;-5.22;0.38;-5.26;0.41;-5.27;0.43;-5.26;0.44;-5.25;;
339;17.4;23.4;0.5;10;80;5;Successful;Effective;No;No;No;No;No;No;0.0;-5.0;0.2;-5.16;0.31;-5.22;0.38;-5.26;0.41;-5.27;0.43;-5.26;0.44;-5.25;;
340;17.4;23.4;0.5;5;100;5;Successful;Effective;No;No;No;No;No;No;0.0;-5.0;0.25;-5.16;0.39;-5.23;0.47;-5.27;0.51;-5.29;0.54;-5.28;0.55;-5.27;;
341;17.4;23.4;0.5;8;100;5;Successful;Effective;No;No;No;No;No;No;0.0;-5.0;0.25;-5.16;0.39;-5.23;0.47;-5.27;0.51;-5.29;0.54;-5.28;0.55;-5.27;;
342;17.4;23.4;0.5;10;100;5;Successful;Effective;No;No;No;No;No;No;0.0;-5.0;0.25;-5.16;0.39;-5.23;0.47;-5.27;0.51;-5.29;0.54;-5.28;0.55;-5.27;;
343;17.4;23.4;0.5;5;80;6;Successful;Effective;No;No;No;No;No;No;0.0;-6.0;0.2;-6.18;0.31;-6.26;0.38;-6.3;0.41;-6.31;0.43;-6.28;0.44;-6.27;;
344;17.4;23.4;0.5;8;80;6;Successful;Effective;No;No;No;No;No;No;0.0;-6.0;0.2;-6.18;0.31;-6.26;0.38;-6.3;0.41;-6.31;0.43;-6.28;0.44;-6.27;;
345;17.4;23.4;0.5;10;80;6;Successful;Effective;No;No;No;No;No;No;0.0;-6.0;0.2;-6.18;0.31;-6.26;0.38;-6.3;0.41;-6.31;0.43;-6.28;0.44;-6.27;;
346;17.4;23.4;0.5;5;100;6;Successful;Effective;No;No;No;No;No;No;0.0;-6.0;0.25;-6.19;0.39;-6.27;0.47;-6.31;0.51;-6.33;0.54;-6.31;0.55;-6.31;;
347;17.4;23.4;0.5;8;100;6;Successful;Effective;No;No;No;No;No;No;0.0;-6.0;0.25;-6.19;0.39;-6.27;0.47;-6.31;0.51;-6.33;0.54;-6.31;0.55;-6.31;;
348;17.4;23.4;0.5;10;100;6;Successful;Effective;No;No;No;No;No;No;0.0;-6.0;0.25;-6.19;0.39;-6.27;0.47;-6.31;0.51;-6.33;0.54;-6.31;0.55;-6.31;;
349;17.4;23.4;0.5;5;80;7;Successful;Effective;No;No;No;No;No;No;0.0;-7.0;0.2;-7.21;0.31;-7.3;0.38;-7.33;0.41;-7.32;0.43;-7.27;0.44;-7.29;;
350;17.4;23.4;0.5;8;80;7;Successful;Effective;No;No;No;No;No;No;0.0;-7.0;0.2;-7.21;0.31;-7.3;0.38;-7.33;0.41;-7.32;0.43;-7.27;0.44;-7.29;;
351;17.4;23.4;0.5;10;80;7;Successful;Effective;No;No;No;No;No;No;0.0;-7.0;0.2;-7.21;0.31;-7.3;0.38;-7.33;0.41;-7.32;0.43;-7.27;0.44;-7.29;;
352;17.4;23.4;0.5;5;100;7;Successful;Effective;No;No;No;No;No;No;0.0;-7.0;0.25;-7.22;0.39;-7.31;0.47;-7.36;0.51;-7.37;0.54;-7.34;0.55;-7.34;;
353;17.4;23.4;0.5;8;100;7;Successful;Effective;No;No;No;No;No;No;0.0;-7.0;0.25;-7.22;0.39;-7.31;0.47;-7.36;0.51;-7.37;0.54;-7.34;0.55;-7.34;;
354;17.4;23.4;0.5;10;100;7;Successful;Effective;No;No;No;No;No;No;0.0;-7.0;0.25;-7.22;0.39;-7.31;0.47;-7.36;0.51;-7.37;0.54;-7.34;0.55;-7.34;;
355;17.4;23.4;0.5;5;80;8;Successful;Effective;No;No;No;No;No;No;0.0;-7.99;0.2;-8.24;0.31;-8.32;0.38;-8.32;0.41;-8.29;0.43;-8.26;0.44;-8.28;;
356;17.4;23.4;0.5;8;80;8;Successful;Effective;No;No;No;No;No;No;0.0;-7.99;0.2;-8.24;0.31;-8.32;0.38;-8.32;0.41;-8.29;0.43;-8.26;0.44;-8.28;;
357;17.4;23.4;0.5;10;80;8;Successful;Effective;No;No;No;No;No;No;0.0;-7.99;0.2;-8.24;0.31;-8.32;0.38;-8.32;0.41;-8.29;0.43;-8.26;0.44;-8.28;;
358;17.4;23.4;0.5;5;100;8;Successful;Effective;No;No;No;No;No;No;0.0;-8.0;0.25;-8.24;0.39;-8.35;0.47;-8.4;0.51;-8.4;0.54;-8.34;0.55;-8.35;;
359;17.4;23.4;0.5;8;100;8;Successful;Effective;No;No;No;No;No;No;0.0;-8.0;0.25;-8.24;0.39;-8.35;0.47;-8.4;0.51;-8.4;0.54;-8.34;0.55;-8.35;;
360;17.4;23.4;0.5;10;100;8;Successful;Effective;No;No;No;No;No;No;0.0;-8.0;0.25;-8.24;0.39;-8.35;0.47;-8.4;0.51;-8.4;0.54;-8.34;0.55;-8.35;;
361;17.5;23.5;0.5;5;80;5;Successful;Effective;No;No;No;No;No;No;0.0;-5.0;0.2;-5.14;0.31;-5.2;0.38;-5.24;0.41;-5.25;0.43;-5.24;0.44;-5.23;;
362;17.5;23.5;0.5;8;80;5;Successful;Effective;No;No;No;No;No;No;0.0;-5.0;0.2;-5.14;0.31;-5.2;0.38;-5.24;0.41;-5.25;0.43;-5.24;0.44;-5.23;;
363;17.5;23.5;0.5;10;80;5;Successful;Effective;No;No;No;No;No;No;0.0;-5.0;0.2;-5.14;0.31;-5.2;0.38;-5.24;0.41;-5.25;0.43;-5.24;0.44;-5.23;;
364;17.5;23.5;0.5;5;100;5;Successful;Effective;No;No;No;No;No;No;0.0;-5.0;0.25;-5.15;0.39;-5.21;0.47;-5.25;0.51;-5.27;0.54;-5.26;0.55;-5.25;;
365;17.5;23.5;0.5;8;100;5;Successful;Effective;No;No;No;No;No;No;0.0;-5.0;0.25;-5.15;0.39;-5.21;0.47;-5.25;0.51;-5.27;0.54;-5.26;0.55;-5.25;;
366;17.5;23.5;0.5;10;100;5;Successful;Effective;No;No;No;No;No;No;0.0;-5.0;0.25;-5.15;0.39;-5.21;0.47;-5.25;0.51;-5.27;0.54;-5.26;0.55;-5.25;;
367;17.5;23.5;0.5;5;80;6;Successful;Effective;No;No;No;No;No;No;0.0;-6.0;0.2;-6.17;0.31;-6.24;0.38;-6.28;0.41;-6.29;0.43;-6.26;0.44;-6.24;;
368;17.5;23.5;0.5;8;80;6;Successful;Effective;No;No;No;No;No;No;0.0;-6.0;0.2;-6.17;0.31;-6.24;0.38;-6.28;0.41;-6.29;0.43;-6.26;0.44;-6.24;;
369;17.5;23.5;0.5;10;80;6;Successful;Effective;No;No;No;No;No;No;0.0;-6.0;0.2;-6.17;0.31;-6.24;0.38;-6.28;0.41;-6.29;0.43;-6.26;0.44;-6.24;;
370;17.5;23.5;0.5;5;100;6;Successful;Effective;No;No;No;No;No;No;0.0;-6.0;0.25;-6.17;0.39;-6.25;0.47;-6.29;0.51;-6.31;0.54;-6.29;0.55;-6.28;;
371;17.5;23.5;0.5;8;100;6;Successful;Effective;No;No;No;No;No;No;0.0;-6.0;0.25;-6.17;0.39;-6.25;0.47;-6.29;0.51;-6.31;0.54;-6.29;0.55;-6.28;;
372;17.5;23.5;0.5;10;100;6;Successful;Effective;No;No;No;No;No;No;0.0;-6.0;0.25;-6.17;0.39;-6.25;0.47;-6.29;0.51;-6.31;0.54;-6.29;0.55;-6.28;;
373;17.5;23.5;0.5;5;80;7;Successful;Effective;No;No;No;No;No;No;0.0;-7.0;0.2;-7.19;0.31;-7.27;0.38;-7.3;0.41;-7.29;0.43;-7.25;0.44;-7.25;;
374;17.5;23.5;0.5;8;80;7;Successful;Effective;No;No;No;No;No;No;0.0;-7.0;0.2;-7.19;0.31;-7.27;0.38;-7.3;0.41;-7.29;0.43;-7.25;0.44;-7.25;;
375;17.5;23.5;0.5;10;80;7;Successful;Effective;No;No;No;No;No;No;0.0;-7.0;0.2;-7.19;0.31;-7.27;0.38;-7.3;0.41;-7.29;0.43;-7.25;0.44;-7.25;;
376;17.5;23.5;0.5;5;100;7;Successful;Effective;No;No;No;No;No;No;0.0;-7.0;0.25;-7.2;0.39;-7.28;0.47;-7.33;0.51;-7.34;0.54;-7.32;0.55;-7.3;;
377;17.5;23.5;0.5;8;100;7;Successful;Effective;No;No;No;No;No;No;0.0;-7.0;0.25;-7.2;0.39;-7.28;0.47;-7.33;0.51;-7.34;0.54;-7.32;0.55;-7.3;;
378;17.5;23.5;0.5;10;100;7;Successful;Effective;No;No;No;No;No;No;0.0;-7.0;0.25;-7.2;0.39;-7.28;0.47;-7.33;0.51;-7.34;0.54;-7.32;0.55;-7.3;;
379;17.5;23.5;0.5;5;80;8;Successful;Effective;No;No;No;No;No;No;0.0;-7.99;0.2;-8.22;0.31;-8.29;0.38;-8.29;0.41;-8.27;0.43;-8.25;0.44;-8.24;;
380;17.5;23.5;0.5;8;80;8;Successful;Effective;No;No;No;No;No;No;0.0;-7.99;0.2;-8.22;0.31;-8.29;0.38;-8.29;0.41;-8.27;0.43;-8.25;0.44;-8.24;;
381;17.5;23.5;0.5;10;80;8;Successful;Effective;No;No;No;No;No;No;0.0;-7.99;0.2;-8.22;0.31;-8.29;0.38;-8.29;0.41;-8.27;0.43;-8.25;0.44;-8.24;;
382;17.5;23.5;0.5;5;100;8;Successful;Effective;No;No;No;No;No;No;0.0;-8.0;0.25;-8.22;0.39;-8.32;0.47;-8.36;0.51;-8.37;0.54;-8.32;0.55;-8.31;;
383;17.5;23.5;0.5;8;100;8;Successful;Effective;No;No;No;No;No;No;0.0;-8.0;0.25;-8.22;0.39;-8.32;0.47;-8.36;0.51;-8.37;0.54;-8.32;0.55;-8.31;;
384;17.5;23.5;0.5;10;100;8;Successful;Effective;No;No;No;No;No;No;0.0;-8.0;0.25;-8.22;0.39;-8.32;0.47;-8.36;0.51;-8.37;0.54;-8.32;0.55;-8.31;;
385;17.6;23.6;0.5;5;80;5;Successful;Effective;No;No;No;No;No;No;0.0;-5.0;0.2;-5.13;0.31;-5.19;0.38;-5.22;0.41;-5.24;0.43;-5.22;0.44;-5.22;;
386;17.6;23.6;0.5;8;80;5;Successful;Effective;No;No;No;No;No;No;0.0;-5.0;0.2;-5.13;0.31;-5.19;0.38;-5.22;0.41;-5.24;0.43;-5.22;0.44;-5.22;;
387;17.6;23.6;0.5;10;80;5;Successful;Effective;No;No;No;No;No;No;0.0;-5.0;0.2;-5.13;0.31;-5.19;0.38;-5.22;0.41;-5.24;0.43;-5.22;0.44;-5.22;;
388;17.6;23.6;0.5;5;100;5;Successful;Effective;No;No;No;No;No;No;0.0;-5.0;0.25;-5.13;0.39;-5.2;0.47;-5.23;0.51;-5.25;0.54;-5.24;0.55;-5.24;;
389;17.6;23.6;0.5;8;100;5;Successful;Effective;No;No;No;No;No;No;0.0;-5.0;0.25;-5.13;0.39;-5.2;0.47;-5.23;0.51;-5.25;0.54;-5.24;0.55;-5.24;;
390;17.6;23.6;0.5;10;100;5;Successful;Effective;No;No;No;No;No;No;0.0;-5.0;0.25;-5.13;0.39;-5.2;0.47;-5.23;0.51;-5.25;0.54;-5.24;0.55;-5.24;;
391;17.6;23.6;0.5;5;80;6;Successful;Effective;No;No;No;No;No;No;0.0;-6.0;0.2;-6.15;0.31;-6.22;0.38;-6.26;0.41;-6.27;0.43;-6.24;0.44;-6.24;;
392;17.6;23.6;0.5;8;80;6;Successful;Effective;No;No;No;No;No;No;0.0;-6.0;0.2;-6.15;0.31;-6.22;0.38;-6.26;0.41;-6.27;0.43;-6.24;0.44;-6.24;;
393;17.6;23.6;0.5;10;80;6;Successful;Effective;No;No;No;No;No;No;0.0;-6.0;0.2;-6.15;0.31;-6.22;0.38;-6.26;0.41;-6.27;0.43;-6.24;0.44;-6.24;;
394;17.6;23.6;0.5;5;100;6;Successful;Effective;No;No;No;No;No;No;0.0;-6.0;0.25;-6.16;0.39;-6.23;0.47;-6.27;0.51;-6.29;0.54;-6.27;0.55;-6.26;;
395;17.6;23.6;0.5;8;100;6;Successful;Effective;No;No;No;No;No;No;0.0;-6.0;0.25;-6.16;0.39;-6.23;0.47;-6.27;0.51;-6.29;0.54;-6.27;0.55;-6.26;;
396;17.6;23.6;0.5;10;100;6;Successful;Effective;No;No;No;No;No;No;0.0;-6.0;0.25;-6.16;0.39;-6.23;0.47;-6.27;0.51;-6.29;0.54;-6.27;0.55;-6.26;;
397;17.6;23.6;0.5;5;80;7;Successful;Effective;No;No;No;No;No;No;0.0;-7.0;0.2;-7.17;0.31;-7.25;0.38;-7.28;0.41;-7.27;0.43;-7.25;0.44;-7.24;;
398;17.6;23.6;0.5;8;80;7;Successful;Effective;No;No;No;No;No;No;0.0;-7.0;0.2;-7.17;0.31;-7.25;0.38;-7.28;0.41;-7.27;0.43;-7.25;0.44;-7.24;;
399;17.6;23.6;0.5;10;80;7;Successful;Effective;No;No;No;No;No;No;0.0;-7.0;0.2;-7.17;0.31;-7.25;0.38;-7.28;0.41;-7.27;0.43;-7.25;0.44;-7.24;;
400;17.6;23.6;0.5;5;100;7;Successful;Effective;No;No;No;No;No;No;0.0;-7.0;0.25;-7.18;0.39;-7.26;0.47;-7.3;0.51;-7.32;0.54;-7.3;0.55;-7.29;;
401;17.6;23.6;0.5;8;100;7;Successful;Effective;No;No;No;No;No;No;0.0;-7.0;0.25;-7.18;0.39;-7.26;0.47;-7.3;0.51;-7.32;0.54;-7.3;0.55;-7.29;;
402;17.6;23.6;0.5;10;100;7;Successful;Effective;No;No;No;No;No;No;0.0;-7.0;0.25;-7.18;0.39;-7.26;0.47;-7.3;0.51;-7.32;0.54;-7.3;0.55;-7.29;;
403;17.6;23.6;0.5;5;80;8;Successful;Effective;No;No;No;No;No;No;0.0;-7.99;0.2;-8.2;0.31;-8.26;0.38;-8.27;0.41;-8.25;0.43;-8.24;0.44;-8.23;;
404;17.6;23.6;0.5;8;80;8;Successful;Effective;No;No;No;No;No;No;0.0;-7.99;0.2;-8.2;0.31;-8.26;0.38;-8.27;0.41;-8.25;0.43;-8.24;0.44;-8.23;;
405;17.6;23.6;0.5;10;80;8;Successful;Effective;No;No;No;No;No;No;0.0;-7.99;0.2;-8.2;0.31;-8.26;0.38;-8.27;0.41;-8.25;0.43;-8.24;0.44;-8.23;;
406;17.6;23.6;0.5;5;100;8;Successful;Effective;No;No;No;No;No;No;0.0;-8.0;0.25;-8.2;0.39;-8.29;0.47;-8.34;0.51;-8.34;0.54;-8.3;0.55;-8.3;;
407;17.6;23.6;0.5;8;100;8;Successful;Effective;No;No;No;No;No;No;0.0;-8.0;0.25;-8.2;0.39;-8.29;0.47;-8.34;0.51;-8.34;0.54;-8.3;0.55;-8.3;;
408;17.6;23.6;0.5;10;100;8;Successful;Effective;No;No;No;No;No;No;0.0;-8.0;0.25;-8.2;0.39;-8.29;0.47;-8.34;0.51;-8.34;0.54;-8.3;0.55;-8.3;;
409;17.7;23.7;0.5;5;80;5;Successful;Effective;No;No;No;No;No;No;0.0;-5.0;0.2;-5.12;0.31;-5.18;0.38;-5.21;0.41;-5.22;0.43;-5.21;0.44;-5.21;;
410;17.7;23.7;0.5;8;80;5;Successful;Effective;No;No;No;No;No;No;0.0;-5.0;0.2;-5.12;0.31;-5.18;0.38;-5.21;0.41;-5.22;0.43;-5.21;0.44;-5.21;;
411;17.7;23.7;0.5;10;80;5;Successful;Effective;No;No;No;No;No;No;0.0;-5.0;0.2;-5.12;0.31;-5.18;0.38;-5.21;0.41;-5.22;0.43;-5.21;0.44;-5.21;;
412;17.7;23.7;0.5;5;100;5;Successful;Effective;No;No;No;No;No;No;0.0;-5.0;0.25;-5.12;0.39;-5.18;0.47;-5.22;0.51;-5.24;0.54;-5.23;0.55;-5.23;;
413;17.7;23.7;0.5;8;100;5;Successful;Effective;No;No;No;No;No;No;0.0;-5.0;0.25;-5.12;0.39;-5.18;0.47;-5.22;0.51;-5.24;0.54;-5.23;0.55;-5.23;;
414;17.7;23.7;0.5;10;100;5;Successful;Effective;No;No;No;No;No;No;0.0;-5.0;0.25;-5.12;0.39;-5.18;0.47;-5.22;0.51;-5.24;0.54;-5.23;0.55;-5.23;;
415;17.7;23.7;0.5;5;80;6;Successful;Effective;No;No;No;No;No;No;0.0;-6.0;0.2;-6.14;0.31;-6.2;0.38;-6.24;0.41;-6.25;0.43;-6.23;0.44;-6.23;;
416;17.7;23.7;0.5;8;80;6;Successful;Effective;No;No;No;No;No;No;0.0;-6.0;0.2;-6.14;0.31;-6.2;0.38;-6.24;0.41;-6.25;0.43;-6.23;0.44;-6.23;;
417;17.7;23.7;0.5;10;80;6;Successful;Effective;No;No;No;No;No;No;0.0;-6.0;0.2;-6.14;0.31;-6.2;0.38;-6.24;0.41;-6.25;0.43;-6.23;0.44;-6.23;;
418;17.7;23.7;0.5;5;100;6;Successful;Effective;No;No;No;No;No;No;0.0;-6.0;0.25;-6.14;0.39;-6.21;0.47;-6.25;0.51;-6.27;0.54;-6.26;0.55;-6.25;;
419;17.7;23.7;0.5;8;100;6;Successful;Effective;No;No;No;No;No;No;0.0;-6.0;0.25;-6.14;0.39;-6.21;0.47;-6.25;0.51;-6.27;0.54;-6.26;0.55;-6.25;;
420;17.7;23.7;0.5;10;100;6;Successful;Effective;No;No;No;No;No;No;0.0;-6.0;0.25;-6.14;0.39;-6.21;0.47;-6.25;0.51;-6.27;0.54;-6.26;0.55;-6.25;;
421;17.7;23.7;0.5;5;80;7;Successful;Effective;No;No;No;No;No;No;0.0;-7.0;0.2;-7.16;0.31;-7.23;0.38;-7.26;0.41;-7.26;0.43;-7.24;0.44;-7.24;;
422;17.7;23.7;0.5;8;80;7;Successful;Effective;No;No;No;No;No;No;0.0;-7.0;0.2;-7.16;0.31;-7.23;0.38;-7.26;0.41;-7.26;0.43;-7.24;0.44;-7.24;;
423;17.7;23.7;0.5;10;80;7;Successful;Effective;No;No;No;No;No;No;0.0;-7.0;0.2;-7.16;0.31;-7.23;0.38;-7.26;0.41;-7.26;0.43;-7.24;0.44;-7.24;;
424;17.7;23.7;0.5;5;100;7;Successful;Effective;No;No;No;No;No;No;0.0;-7.0;0.25;-7.16;0.39;-7.24;0.47;-7.28;0.51;-7.3;0.54;-7.28;0.55;-7.27;;
425;17.7;23.7;0.5;8;100;7;Successful;Effective;No;No;No;No;No;No;0.0;-7.0;0.25;-7.16;0.39;-7.24;0.47;-7.28;0.51;-7.3;0.54;-7.28;0.55;-7.27;;
426;17.7;23.7;0.5;10;100;7;Successful;Effective;No;No;No;No;No;No;0.0;-7.0;0.25;-7.16;0.39;-7.24;0.47;-7.28;0.51;-7.3;0.54;-7.28;0.55;-7.27;;
427;17.7;23.7;0.5;5;80;8;Successful;Effective;No;No;No;No;No;No;0.0;-7.99;0.2;-8.18;0.31;-8.24;0.38;-8.25;0.41;-8.26;0.43;-8.24;0.44;-8.22;;
428;17.7;23.7;0.5;8;80;8;Successful;Effective;No;No;No;No;No;No;0.0;-7.99;0.2;-8.18;0.31;-8.24;0.38;-8.25;0.41;-8.26;0.43;-8.24;0.44;-8.22;;
429;17.7;23.7;0.5;10;80;8;Successful;Effective;No;No;No;No;No;No;0.0;-7.99;0.2;-8.18;0.31;-8.24;0.38;-8.25;0.41;-8.26;0.43;-8.24;0.44;-8.22;;
430;17.7;23.7;0.5;5;100;8;Successful;Effective;No;No;No;No;No;No;0.0;-8.0;0.25;-8.18;0.39;-8.27;0.47;-8.31;0.51;-8.32;0.54;-8.29;0.55;-8.29;;
431;17.7;23.7;0.5;8;100;8;Successful;Effective;No;No;No;No;No;No;0.0;-8.0;0.25;-8.18;0.39;-8.27;0.47;-8.31;0.51;-8.32;0.54;-8.29;0.55;-8.29;;
432;17.7;23.7;0.5;10;100;8;Successful;Effective;No;No;No;No;No;No;0.0;-8.0;0.25;-8.18;0.39;-8.27;0.47;-8.31;0.51;-8.32;0.54;-8.29;0.55;-8.29;;
433;17.8;23.8;0.5;5;80;5;Successful;Effective;No;No;No;No;No;No;0.0;-5.0;0.2;-5.11;0.31;-5.16;0.38;-5.2;0.41;-5.21;0.43;-5.2;0.44;-5.2;;
434;17.8;23.8;0.5;8;80;5;Successful;Effective;No;No;No;No;No;No;0.0;-5.0;0.2;-5.11;0.31;-5.16;0.38;-5.2;0.41;-5.21;0.43;-5.2;0.44;-5.2;;
435;17.8;23.8;0.5;10;80;5;Successful;Effective;No;No;No;No;No;No;0.0;-5.0;0.2;-5.11;0.31;-5.16;0.38;-5.2;0.41;-5.21;0.43;-5.2;0.44;-5.2;;
436;17.8;23.8;0.5;5;100;5;Successful;Effective;No;No;No;No;No;No;0.0;-5.0;0.25;-5.11;0.39;-5.17;0.47;-5.21;0.51;-5.23;0.54;-5.22;0.55;-5.22;;
437;17.8;23.8;0.5;8;100;5;Successful;Effective;No;No;No;No;No;No;0.0;-5.0;0.25;-5.11;0.39;-5.17;0.47;-5.21;0.51;-5.23;0.54;-5.22;0.55;-5.22;;
438;17.8;23.8;0.5;10;100;5;Successful;Effective;No;No;No;No;No;No;0.0;-5.0;0.25;-5.11;0.39;-5.17;0.47;-5.21;0.51;-5.23;0.54;-5.22;0.55;-5.22;;
439;17.8;23.8;0.5;5;80;6;Successful;Effective;No;No;No;No;No;No;0.0;-6.0;0.2;-6.13;0.31;-6.19;0.38;-6.23;0.41;-6.24;0.43;-6.22;0.44;-6.22;;
440;17.8;23.8;0.5;8;80;6;Successful;Effective;No;No;No;No;No;No;0.0;-6.0;0.2;-6.13;0.31;-6.19;0.38;-6.23;0.41;-6.24;0.43;-6.22;0.44;-6.22;;
441;17.8;23.8;0.5;10;80;6;Successful;Effective;No;No;No;No;No;No;0.0;-6.0;0.2;-6.13;0.31;-6.19;0.38;-6.23;0.41;-6.24;0.43;-6.22;0.44;-6.22;;
442;17.8;23.8;0.5;5;100;6;Successful;Effective;No;No;No;No;No;No;0.0;-6.0;0.25;-6.13;0.39;-6.2;0.47;-6.24;0.51;-6.26;0.54;-6.25;0.55;-6.24;;
443;17.8;23.8;0.5;8;100;6;Successful;Effective;No;No;No;No;No;No;0.0;-6.0;0.25;-6.13;0.39;-6.2;0.47;-6.24;0.51;-6.26;0.54;-6.25;0.55;-6.24;;
444;17.8;23.8;0.5;10;100;6;Successful;Effective;No;No;No;No;No;No;0.0;-6.0;0.25;-6.13;0.39;-6.2;0.47;-6.24;0.51;-6.26;0.54;-6.25;0.55;-6.24;;
445;17.8;23.8;0.5;5;80;7;Successful;Effective;No;No;No;No;No;No;0.0;-7.0;0.2;-7.15;0.31;-7.22;0.38;-7.25;0.41;-7.25;0.43;-7.24;0.44;-7.23;;
446;17.8;23.8;0.5;8;80;7;Successful;Effective;No;No;No;No;No;No;0.0;-7.0;0.2;-7.15;0.31;-7.22;0.38;-7.25;0.41;-7.25;0.43;-7.24;0.44;-7.23;;
447;17.8;23.8;0.5;10;80;7;Successful;Effective;No;No;No;No;No;No;0.0;-7.0;0.2;-7.15;0.31;-7.22;0.38;-7.25;0.41;-7.25;0.43;-7.24;0.44;-7.23;;
448;17.8;23.8;0.5;5;100;7;Successful;Effective;No;No;No;No;No;No;0.0;-7.0;0.25;-7.15;0.39;-7.23;0.47;-7.27;0.51;-7.29;0.54;-7.27;0.55;-7.27;;
449;17.8;23.8;0.5;8;100;7;Successful;Effective;No;No;No;No;No;No;0.0;-7.0;0.25;-7.15;0.39;-7.23;0.47;-7.27;0.51;-7.29;0.54;-7.27;0.55;-7.27;;
450;17.8;23.8;0.5;10;100;7;Successful;Effective;No;No;No;No;No;No;0.0;-7.0;0.25;-7.15;0.39;-7.23;0.47;-7.27;0.51;-7.29;0.54;-7.27;0.55;-7.27;;
451;17.8;23.8;0.5;5;80;8;Successful;Effective;No;No;No;No;No;No;0.0;-7.99;0.2;-8.16;0.31;-8.23;0.38;-8.24;0.41;-8.26;0.43;-8.24;0.44;-8.22;;
452;17.8;23.8;0.5;8;80;8;Successful;Effective;No;No;No;No;No;No;0.0;-7.99;0.2;-8.16;0.31;-8.23;0.38;-8.24;0.41;-8.26;0.43;-8.24;0.44;-8.22;;
453;17.8;23.8;0.5;10;80;8;Successful;Effective;No;No;No;No;No;No;0.0;-7.99;0.2;-8.16;0.31;-8.23;0.38;-8.24;0.41;-8.26;0.43;-8.24;0.44;-8.22;;
454;17.8;23.8;0.5;5;100;8;Successful;Effective;No;No;No;No;No;No;0.0;-8.0;0.25;-8.17;0.39;-8.25;0.47;-8.3;0.51;-8.31;0.54;-8.29;0.55;-8.29;;
455;17.8;23.8;0.5;8;100;8;Successful;Effective;No;No;No;No;No;No;0.0;-8.0;0.25;-8.17;0.39;-8.25;0.47;-8.3;0.51;-8.31;0.54;-8.29;0.55;-8.29;;
456;17.8;23.8;0.5;10;100;8;Successful;Effective;No;No;No;No;No;No;0.0;-8.0;0.25;-8.17;0.39;-8.25;0.47;-8.3;0.51;-8.31;0.54;-8.29;0.55;-8.29;;
457;17.9;23.9;0.5;5;80;5;Successful;Effective;No;No;No;No;No;No;0.0;-5.0;0.2;-5.1;0.31;-5.16;0.38;-5.19;0.41;-5.2;0.43;-5.2;0.44;-5.2;;
458;17.9;23.9;0.5;8;80;5;Successful;Effective;No;No;No;No;No;No;0.0;-5.0;0.2;-5.1;0.31;-5.16;0.38;-5.19;0.41;-5.2;0.43;-5.2;0.44;-5.2;;
459;17.9;23.9;0.5;10;80;5;Successful;Effective;No;No;No;No;No;No;0.0;-5.0;0.2;-5.1;0.31;-5.16;0.38;-5.19;0.41;-5.2;0.43;-5.2;0.44;-5.2;;
460;17.9;23.9;0.5;5;100;5;Successful;Effective;No;No;No;No;No;No;0.0;-5.0;0.25;-5.11;0.39;-5.16;0.47;-5.2;0.51;-5.22;0.54;-5.22;0.55;-5.22;;
461;17.9;23.9;0.5;8;100;5;Successful;Effective;No;No;No;No;No;No;0.0;-5.0;0.25;-5.11;0.39;-5.16;0.47;-5.2;0.51;-5.22;0.54;-5.22;0.55;-5.22;;
462;17.9;23.9;0.5;10;100;5;Successful;Effective;No;No;No;No;No;No;0.0;-5.0;0.25;-5.11;0.39;-5.16;0.47;-5.2;0.51;-5.22;0.54;-5.22;0.55;-5.22;;
463;17.9;23.9;0.5;5;80;6;Successful;Effective;No;No;No;No;No;No;0.0;-6.0;0.2;-6.12;0.31;-6.18;0.38;-6.22;0.41;-6.23;0.43;-6.22;0.44;-6.22;;
464;17.9;23.9;0.5;8;80;6;Successful;Effective;No;No;No;No;No;No;0.0;-6.0;0.2;-6.12;0.31;-6.18;0.38;-6.22;0.41;-6.23;0.43;-6.22;0.44;-6.22;;
465;17.9;23.9;0.5;10;80;6;Successful;Effective;No;No;No;No;No;No;0.0;-6.0;0.2;-6.12;0.31;-6.18;0.38;-6.22;0.41;-6.23;0.43;-6.22;0.44;-6.22;;
466;17.9;23.9;0.5;5;100;6;Successful;Effective;No;No;No;No;No;No;0.0;-6.0;0.25;-6.12;0.39;-6.19;0.47;-6.23;0.51;-6.25;0.54;-6.24;0.55;-6.24;;
467;17.9;23.9;0.5;8;100;6;Successful;Effective;No;No;No;No;No;No;0.0;-6.0;0.25;-6.12;0.39;-6.19;0.47;-6.23;0.51;-6.25;0.54;-6.24;0.55;-6.24;;
468;17.9;23.9;0.5;10;100;6;Successful;Effective;No;No;No;No;No;No;0.0;-6.0;0.25;-6.12;0.39;-6.19;0.47;-6.23;0.51;-6.25;0.54;-6.24;0.55;-6.24;;
469;17.9;23.9;0.5;5;80;7;Successful;Effective;No;No;No;No;No;No;0.0;-7.0;0.2;-7.14;0.31;-7.21;0.38;-7.24;0.41;-7.24;0.43;-7.24;0.44;-7.23;;
470;17.9;23.9;0.5;8;80;7;Successful;Effective;No;No;No;No;No;No;0.0;-7.0;0.2;-7.14;0.31;-7.21;0.38;-7.24;0.41;-7.24;0.43;-7.24;0.44;-7.23;;
471;17.9;23.9;0.5;10;80;7;Successful;Effective;No;No;No;No;No;No;0.0;-7.0;0.2;-7.14;0.31;-7.21;0.38;-7.24;0.41;-7.24;0.43;-7.24;0.44;-7.23;;
472;17.9;23.9;0.5;5;100;7;Successful;Effective;No;No;No;No;No;No;0.0;-7.0;0.25;-7.14;0.39;-7.21;0.47;-7.26;0.51;-7.27;0.54;-7.26;0.55;-7.26;;
473;17.9;23.9;0.5;8;100;7;Successful;Effective;No;No;No;No;No;No;0.0;-7.0;0.25;-7.14;0.39;-7.21;0.47;-7.26;0.51;-7.27;0.54;-7.26;0.55;-7.26;;
474;17.9;23.9;0.5;10;100;7;Successful;Effective;No;No;No;No;No;No;0.0;-7.0;0.25;-7.14;0.39;-7.21;0.47;-7.26;0.51;-7.27;0.54;-7.26;0.55;-7.26;;
475;17.9;23.9;0.5;5;80;8;Successful;Effective;No;No;No;No;No;No;0.0;-7.99;0.2;-8.15;0.31;-8.21;0.38;-8.23;0.41;-8.26;0.43;-8.24;0.44;-8.22;;
476;17.9;23.9;0.5;8;80;8;Successful;Effective;No;No;No;No;No;No;0.0;-7.99;0.2;-8.15;0.31;-8.21;0.38;-8.23;0.41;-8.26;0.43;-8.24;0.44;-8.22;;
477;17.9;23.9;0.5;10;80;8;Successful;Effective;No;No;No;No;No;No;0.0;-7.99;0.2;-8.15;0.31;-8.21;0.38;-8.23;0.41;-8.26;0.43;-8.24;0.44;-8.22;;
478;17.9;23.9;0.5;5;100;8;Successful;Effective;No;No;No;No;No;No;0.0;-8.0;0.25;-8.16;0.39;-8.24;0.47;-8.28;0.51;-8.3;0.54;-8.28;0.55;-8.28;;
479;17.9;23.9;0.5;8;100;8;Successful;Effective;No;No;No;No;No;No;0.0;-8.0;0.25;-8.16;0.39;-8.24;0.47;-8.28;0.51;-8.3;0.54;-8.28;0.55;-8.28;;
480;17.9;23.9;0.5;10;100;8;Successful;Effective;No;No;No;No;No;No;0.0;-8.0;0.25;-8.16;0.39;-8.24;0.47;-8.28;0.51;-8.3;0.54;-8.28;0.55;-8.28;;
481;18.0;24.0;0.5;5;80;5;Successful;Effective;No;No;No;No;No;No;0.0;-5.0;0.2;-5.1;0.31;-5.15;0.38;-5.18;0.41;-5.2;0.43;-5.19;0.44;-5.19;;
482;18.0;24.0;0.5;8;80;5;Successful;Effective;No;No;No;No;No;No;0.0;-5.0;0.2;-5.1;0.31;-5.15;0.38;-5.18;0.41;-5.2;0.43;-5.19;0.44;-5.19;;
483;18.0;24.0;0.5;10;80;5;Successful;Effective;No;No;No;No;No;No;0.0;-5.0;0.2;-5.1;0.31;-5.15;0.38;-5.18;0.41;-5.2;0.43;-5.19;0.44;-5.19;;
484;18.0;24.0;0.5;5;100;5;Successful;Effective;No;No;No;No;No;No;0.0;-5.0;0.25;-5.1;0.39;-5.16;0.47;-5.19;0.51;-5.21;0.54;-5.21;0.55;-5.21;;
485;18.0;24.0;0.5;8;100;5;Successful;Effective;No;No;No;No;No;No;0.0;-5.0;0.25;-5.1;0.39;-5.16;0.47;-5.19;0.51;-5.21;0.54;-5.21;0.55;-5.21;;
486;18.0;24.0;0.5;10;100;5;Successful;Effective;No;No;No;No;No;No;0.0;-5.0;0.25;-5.1;0.39;-5.16;0.47;-5.19;0.51;-5.21;0.54;-5.21;0.55;-5.21;;
487;18.0;24.0;0.5;5;80;6;Successful;Effective;No;No;No;No;No;No;0.0;-6.0;0.2;-6.11;0.31;-6.17;0.38;-6.21;0.41;-6.22;0.43;-6.22;0.44;-6.21;;
488;18.0;24.0;0.5;8;80;6;Successful;Effective;No;No;No;No;No;No;0.0;-6.0;0.2;-6.11;0.31;-6.17;0.38;-6.21;0.41;-6.22;0.43;-6.22;0.44;-6.21;;
489;18.0;24.0;0.5;10;80;6;Successful;Effective;No;No;No;No;No;No;0.0;-6.0;0.2;-6.11;0.31;-6.17;0.38;-6.21;0.41;-6.22;0.43;-6.22;0.44;-6.21;;
490;18.0;24.0;0.5;5;100;6;Successful;Effective;No;No;No;No;No;No;0.0;-6.0;0.25;-6.12;0.39;-6.18;0.47;-6.22;0.51;-6.24;0.54;-6.24;0.55;-6.24;;
491;18.0;24.0;0.5;8;100;6;Successful;Effective;No;No;No;No;No;No;0.0;-6.0;0.25;-6.12;0.39;-6.18;0.47;-6.22;0.51;-6.24;0.54;-6.24;0.55;-6.24;;
492;18.0;24.0;0.5;10;100;6;Successful;Effective;No;No;No;No;No;No;0.0;-6.0;0.25;-6.12;0.39;-6.18;0.47;-6.22;0.51;-6.24;0.54;-6.24;0.55;-6.24;;
493;18.0;24.0;0.5;5;80;7;Successful;Effective;No;No;No;No;No;No;0.0;-7.0;0.2;-7.13;0.31;-7.2;0.38;-7.23;0.41;-7.24;0.43;-7.23;0.44;-7.22;;
494;18.0;24.0;0.5;8;80;7;Successful;Effective;No;No;No;No;No;No;0.0;-7.0;0.2;-7.13;0.31;-7.2;0.38;-7.23;0.41;-7.24;0.43;-7.23;0.44;-7.22;;
495;18.0;24.0;0.5;10;80;7;Successful;Effective;No;No;No;No;No;No;0.0;-7.0;0.2;-7.13;0.31;-7.2;0.38;-7.23;0.41;-7.24;0.43;-7.23;0.44;-7.22;;
496;18.0;24.0;0.5;5;100;7;Successful;Effective;No;No;No;No;No;No;0.0;-7.0;0.25;-7.13;0.39;-7.2;0.47;-7.25;0.51;-7.27;0.54;-7.26;0.55;-7.26;;
497;18.0;24.0;0.5;8;100;7;Successful;Effective;No;No;No;No;No;No;0.0;-7.0;0.25;-7.13;0.39;-7.2;0.47;-7.25;0.51;-7.27;0.54;-7.26;0.55;-7.26;;
498;18.0;24.0;0.5;10;100;7;Successful;Effective;No;No;No;No;No;No;0.0;-7.0;0.25;-7.13;0.39;-7.2;0.47;-7.25;0.51;-7.27;0.54;-7.26;0.55;-7.26;;
499;18.0;24.0;0.5;5;80;8;Successful;Effective;No;No;No;No;No;No;0.0;-7.99;0.2;-8.14;0.31;-8.2;0.38;-8.23;0.41;-8.27;0.43;-8.24;0.44;-8.23;;
500;18.0;24.0;0.5;8;80;8;Successful;Effective;No;No;No;No;No;No;0.0;-7.99;0.2;-8.14;0.31;-8.2;0.38;-8.23;0.41;-8.27;0.43;-8.24;0.44;-8.23;;
501;18.0;24.0;0.5;10;80;8;Successful;Effective;No;No;No;No;No;No;0.0;-7.99;0.2;-8.14;0.31;-8.2;0.38;-8.23;0.41;-8.27;0.43;-8.24;0.44;-8.23;;
502;18.0;24.0;0.5;5;100;8;Successful;Effective;No;No;No;No;No;No;0.0;-8.0;0.25;-8.15;0.39;-8.23;0.47;-8.27;0.51;-8.29;0.54;-8.28;0.55;-8.28;;
503;18.0;24.0;0.5;8;100;8;Successful;Effective;No;No;No;No;No;No;0.0;-8.0;0.25;-8.15;0.39;-8.23;0.47;-8.27;0.51;-8.29;0.54;-8.28;0.55;-8.28;;
504;18.0;24.0;0.5;10;100;8;Successful;Effective;No;No;No;No;No;No;0.0;-8.0;0.25;-8.15;0.39;-8.23;0.47;-8.27;0.51;-8.29;0.54;-8.28;0.55;-8.28;;
505;18.1;24.1;0.5;5;80;5;Successful;Effective;No;No;No;No;No;No;0.0;-5.0;0.2;-5.09;0.31;-5.14;0.38;-5.18;0.41;-5.2;0.43;-5.19;0.44;-5.19;;
506;18.1;24.1;0.5;8;80;5;Successful;Effective;No;No;No;No;No;No;0.0;-5.0;0.2;-5.09;0.31;-5.14;0.38;-5.18;0.41;-5.2;0.43;-5.19;0.44;-5.19;;
507;18.1;24.1;0.5;10;80;5;Successful;Effective;No;No;No;No;No;No;0.0;-5.0;0.2;-5.09;0.31;-5.14;0.38;-5.18;0.41;-5.2;0.43;-5.19;0.44;-5.19;;
508;18.1;24.1;0.5;5;100;5;Successful;Effective;No;No;No;No;No;No;0.0;-5.0;0.25;-5.1;0.39;-5.15;0.47;-5.19;0.51;-5.21;0.54;-5.21;0.55;-5.21;;
509;18.1;24.1;0.5;8;100;5;Successful;Effective;No;No;No;No;No;No;0.0;-5.0;0.25;-5.1;0.39;-5.15;0.47;-5.19;0.51;-5.21;0.54;-5.21;0.55;-5.21;;
510;18.1;24.1;0.5;10;100;5;Successful;Effective;No;No;No;No;No;No;0.0;-5.0;0.25;-5.1;0.39;-5.15;0.47;-5.19;0.51;-5.21;0.54;-5.21;0.55;-5.21;;
511;18.1;24.1;0.5;5;80;6;Successful;Effective;No;No;No;No;No;No;0.0;-6.0;0.2;-6.11;0.31;-6.17;0.38;-6.2;0.41;-6.22;0.43;-6.21;0.44;-6.21;;
512;18.1;24.1;0.5;8;80;6;Successful;Effective;No;No;No;No;No;No;0.0;-6.0;0.2;-6.11;0.31;-6.17;0.38;-6.2;0.41;-6.22;0.43;-6.21;0.44;-6.21;;
513;18.1;24.1;0.5;10;80;6;Successful;Effective;No;No;No;No;No;No;0.0;-6.0;0.2;-6.11;0.31;-6.17;0.38;-6.2;0.41;-6.22;0.43;-6.21;0.44;-6.21;;
514;18.1;24.1;0.5;5;100;6;Successful;Effective;No;No;No;No;No;No;0.0;-6.0;0.25;-6.11;0.39;-6.17;0.47;-6.21;0.51;-6.24;0.54;-6.23;0.55;-6.23;;
515;18.1;24.1;0.5;8;100;6;Successful;Effective;No;No;No;No;No;No;0.0;-6.0;0.25;-6.11;0.39;-6.17;0.47;-6.21;0.51;-6.24;0.54;-6.23;0.55;-6.23;;
516;18.1;24.1;0.5;10;100;6;Successful;Effective;No;No;No;No;No;No;0.0;-6.0;0.25;-6.11;0.39;-6.17;0.47;-6.21;0.51;-6.24;0.54;-6.23;0.55;-6.23;;
517;18.1;24.1;0.5;5;80;7;Successful;Effective;No;No;No;No;No;No;0.0;-7.0;0.2;-7.12;0.31;-7.19;0.38;-7.22;0.41;-7.25;0.43;-7.23;0.44;-7.22;;
518;18.1;24.1;0.5;8;80;7;Successful;Effective;No;No;No;No;No;No;0.0;-7.0;0.2;-7.12;0.31;-7.19;0.38;-7.22;0.41;-7.25;0.43;-7.23;0.44;-7.22;;
519;18.1;24.1;0.5;10;80;7;Successful;Effective;No;No;No;No;No;No;0.0;-7.0;0.2;-7.12;0.31;-7.19;0.38;-7.22;0.41;-7.25;0.43;-7.23;0.44;-7.22;;
520;18.1;24.1;0.5;5;100;7;Successful;Effective;No;No;No;No;No;No;0.0;-7.0;0.25;-7.13;0.39;-7.2;0.47;-7.24;0.51;-7.26;0.54;-7.26;0.55;-7.25;;
521;18.1;24.1;0.5;8;100;7;Successful;Effective;No;No;No;No;No;No;0.0;-7.0;0.25;-7.13;0.39;-7.2;0.47;-7.24;0.51;-7.26;0.54;-7.26;0.55;-7.25;;
522;18.1;24.1;0.5;10;100;7;Successful;Effective;No;No;No;No;No;No;0.0;-7.0;0.25;-7.13;0.39;-7.2;0.47;-7.24;0.51;-7.26;0.54;-7.26;0.55;-7.25;;
523;18.1;24.1;0.5;5;80;8;Successful;Effective;No;No;No;No;No;No;0.0;-7.99;0.2;-8.13;0.31;-8.2;0.38;-8.23;0.41;-8.27;0.43;-8.24;0.44;-8.23;;
524;18.1;24.1;0.5;8;80;8;Successful;Effective;No;No;No;No;No;No;0.0;-7.99;0.2;-8.13;0.31;-8.2;0.38;-8.23;0.41;-8.27;0.43;-8.24;0.44;-8.23;;
525;18.1;24.1;0.5;10;80;8;Successful;Effective;No;No;No;No;No;No;0.0;-7.99;0.2;-8.13;0.31;-8.2;0.38;-8.23;0.41;-8.27;0.43;-8.24;0.44;-8.23;;
526;18.1;24.1;0.5;5;100;8;Successful;Effective;No;No;No;No;No;No;0.0;-8.0;0.25;-8.14;0.39;-8.22;0.47;-8.26;0.51;-8.29;0.54;-8.28;0.55;-8.27;;
527;18.1;24.1;0.5;8;100;8;Successful;Effective;No;No;No;No;No;No;0.0;-8.0;0.25;-8.14;0.39;-8.22;0.47;-8.26;0.51;-8.29;0.54;-8.28;0.55;-8.27;;
528;18.1;24.1;0.5;10;100;8;Successful;Effective;No;No;No;No;No;No;0.0;-8.0;0.25;-8.14;0.39;-8.22;0.47;-8.26;0.51;-8.29;0.54;-8.28;0.55;-8.27;;
529;18.2;24.2;0.5;5;80;5;Successful;Effective;No;No;No;No;No;No;0.0;-5.0;0.2;-5.09;0.31;-5.14;0.38;-5.17;0.41;-5.2;0.43;-5.19;0.44;-5.19;;
530;18.2;24.2;0.5;8;80;5;Successful;Effective;No;No;No;No;No;No;0.0;-5.0;0.2;-5.09;0.31;-5.14;0.38;-5.17;0.41;-5.2;0.43;-5.19;0.44;-5.19;;
531;18.2;24.2;0.5;10;80;5;Successful;Effective;No;No;No;No;No;No;0.0;-5.0;0.2;-5.09;0.31;-5.14;0.38;-5.17;0.41;-5.2;0.43;-5.19;0.44;-5.19;;
532;18.2;24.2;0.5;5;100;5;Successful;Effective;No;No;No;No;No;No;0.0;-5.0;0.25;-5.09;0.39;-5.15;0.47;-5.18;0.51;-5.21;0.54;-5.21;0.55;-5.21;;
533;18.2;24.2;0.5;8;100;5;Successful;Effective;No;No;No;No;No;No;0.0;-5.0;0.25;-5.09;0.39;-5.15;0.47;-5.18;0.51;-5.21;0.54;-5.21;0.55;-5.21;;
534;18.2;24.2;0.5;10;100;5;Successful;Effective;No;No;No;No;No;No;0.0;-5.0;0.25;-5.09;0.39;-5.15;0.47;-5.18;0.51;-5.21;0.54;-5.21;0.55;-5.21;;
535;18.2;24.2;0.5;5;80;6;Successful;Effective;No;No;No;No;No;No;0.0;-6.0;0.2;-6.1;0.31;-6.16;0.38;-6.2;0.41;-6.22;0.43;-6.21;0.44;-6.21;;
536;18.2;24.2;0.5;8;80;6;Successful;Effective;No;No;No;No;No;No;0.0;-6.0;0.2;-6.1;0.31;-6.16;0.38;-6.2;0.41;-6.22;0.43;-6.21;0.44;-6.21;;
537;18.2;24.2;0.5;10;80;6;Successful;Effective;No;No;No;No;No;No;0.0;-6.0;0.2;-6.1;0.31;-6.16;0.38;-6.2;0.41;-6.22;0.43;-6.21;0.44;-6.21;;
538;18.2;24.2;0.5;5;100;6;Successful;Effective;No;No;No;No;No;No;0.0;-6.0;0.25;-6.11;0.39;-6.17;0.47;-6.21;0.51;-6.24;0.54;-6.23;0.55;-6.23;;
539;18.2;24.2;0.5;8;100;6;Successful;Effective;No;No;No;No;No;No;0.0;-6.0;0.25;-6.11;0.39;-6.17;0.47;-6.21;0.51;-6.24;0.54;-6.23;0.55;-6.23;;
540;18.2;24.2;0.5;10;100;6;Successful;Effective;No;No;No;No;No;No;0.0;-6.0;0.25;-6.11;0.39;-6.17;0.47;-6.21;0.51;-6.24;0.54;-6.23;0.55;-6.23;;
541;18.2;24.2;0.5;5;80;7;Successful;Effective;No;No;No;No;No;No;0.0;-7.0;0.2;-7.12;0.31;-7.18;0.38;-7.22;0.41;-7.25;0.43;-7.23;0.44;-7.22;;
542;18.2;24.2;0.5;8;80;7;Successful;Effective;No;No;No;No;No;No;0.0;-7.0;0.2;-7.12;0.31;-7.18;0.38;-7.22;0.41;-7.25;0.43;-7.23;0.44;-7.22;;
543;18.2;24.2;0.5;10;80;7;Successful;Effective;No;No;No;No;No;No;0.0;-7.0;0.2;-7.12;0.31;-7.18;0.38;-7.22;0.41;-7.25;0.43;-7.23;0.44;-7.22;;
544;18.2;24.2;0.5;5;100;7;Successful;Effective;No;No;No;No;No;No;0.0;-7.0;0.25;-7.12;0.39;-7.19;0.47;-7.23;0.51;-7.26;0.54;-7.25;0.55;-7.25;;
545;18.2;24.2;0.5;8;100;7;Successful;Effective;No;No;No;No;No;No;0.0;-7.0;0.25;-7.12;0.39;-7.19;0.47;-7.23;0.51;-7.26;0.54;-7.25;0.55;-7.25;;
546;18.2;24.2;0.5;10;100;7;Successful;Effective;No;No;No;No;No;No;0.0;-7.0;0.25;-7.12;0.39;-7.19;0.47;-7.23;0.51;-7.26;0.54;-7.25;0.55;-7.25;;
547;18.2;24.2;0.5;5;80;8;Successful;Effective;No;No;No;No;No;No;0.0;-7.99;0.2;-8.13;0.31;-8.19;0.38;-8.24;0.41;-8.27;0.43;-8.24;0.44;-8.23;;
548;18.2;24.2;0.5;8;80;8;Successful;Effective;No;No;No;No;No;No;0.0;-7.99;0.2;-8.13;0.31;-8.19;0.38;-8.24;0.41;-8.27;0.43;-8.24;0.44;-8.23;;
549;18.2;24.2;0.5;10;80;8;Successful;Effective;No;No;No;No;No;No;0.0;-7.99;0.2;-8.13;0.31;-8.19;0.38;-8.24;0.41;-8.27;0.43;-8.24;0.44;-8.23;;
550;18.2;24.2;0.5;5;100;8;Successful;Effective;No;No;No;No;No;No;0.0;-8.0;0.25;-8.13;0.39;-8.21;0.47;-8.26;0.51;-8.29;0.54;-8.28;0.55;-8.27;;
551;18.2;24.2;0.5;8;100;8;Successful;Effective;No;No;No;No;No;No;0.0;-8.0;0.25;-8.13;0.39;-8.21;0.47;-8.26;0.51;-8.29;0.54;-8.28;0.55;-8.27;;
552;18.2;24.2;0.5;10;100;8;Successful;Effective;No;No;No;No;No;No;0.0;-8.0;0.25;-8.13;0.39;-8.21;0.47;-8.26;0.51;-8.29;0.54;-8.28;0.55;-8.27;;
553;18.3;24.3;0.5;5;80;5;Successful;Effective;No;No;No;No;No;No;0.0;-5.0;0.2;-5.08;0.31;-5.14;0.38;-5.17;0.41;-5.2;0.43;-5.19;0.44;-5.19;;
554;18.3;24.3;0.5;8;80;5;Successful;Effective;No;No;No;No;No;No;0.0;-5.0;0.2;-5.08;0.31;-5.14;0.38;-5.17;0.41;-5.2;0.43;-5.19;0.44;-5.19;;
555;18.3;24.3;0.5;10;80;5;Successful;Effective;No;No;No;No;No;No;0.0;-5.0;0.2;-5.08;0.31;-5.14;0.38;-5.17;0.41;-5.2;0.43;-5.19;0.44;-5.19;;
556;18.3;24.3;0.5;5;100;5;Successful;Effective;No;No;No;No;No;No;0.0;-5.0;0.25;-5.09;0.39;-5.14;0.47;-5.19;0.51;-5.21;0.54;-5.21;0.55;-5.21;;
557;18.3;24.3;0.5;8;100;5;Successful;Effective;No;No;No;No;No;No;0.0;-5.0;0.25;-5.09;0.39;-5.14;0.47;-5.19;0.51;-5.21;0.54;-5.21;0.55;-5.21;;
558;18.3;24.3;0.5;10;100;5;Successful;Effective;No;No;No;No;No;No;0.0;-5.0;0.25;-5.09;0.39;-5.14;0.47;-5.19;0.51;-5.21;0.54;-5.21;0.55;-5.21;;
559;18.3;24.3;0.5;5;80;6;Successful;Effective;No;No;No;No;No;No;0.0;-6.0;0.2;-6.1;0.31;-6.16;0.38;-6.2;0.41;-6.22;0.43;-6.21;0.44;-6.21;;
560;18.3;24.3;0.5;8;80;6;Successful;Effective;No;No;No;No;No;No;0.0;-6.0;0.2;-6.1;0.31;-6.16;0.38;-6.2;0.41;-6.22;0.43;-6.21;0.44;-6.21;;
561;18.3;24.3;0.5;10;80;6;Successful;Effective;No;No;No;No;No;No;0.0;-6.0;0.2;-6.1;0.31;-6.16;0.38;-6.2;0.41;-6.22;0.43;-6.21;0.44;-6.21;;
562;18.3;24.3;0.5;5;100;6;Successful;Effective;No;No;No;No;No;No;0.0;-6.0;0.25;-6.1;0.39;-6.16;0.47;-6.21;0.51;-6.24;0.54;-6.23;0.55;-6.23;;
563;18.3;24.3;0.5;8;100;6;Successful;Effective;No;No;No;No;No;No;0.0;-6.0;0.25;-6.1;0.39;-6.16;0.47;-6.21;0.51;-6.24;0.54;-6.23;0.55;-6.23;;
564;18.3;24.3;0.5;10;100;6;Successful;Effective;No;No;No;No;No;No;0.0;-6.0;0.25;-6.1;0.39;-6.16;0.47;-6.21;0.51;-6.24;0.54;-6.23;0.55;-6.23;;
565;18.3;24.3;0.5;5;80;7;Successful;Effective;No;No;No;No;No;No;0.0;-7.0;0.2;-7.11;0.31;-7.18;0.38;-7.22;0.41;-7.25;0.43;-7.23;0.44;-7.22;;
566;18.3;24.3;0.5;8;80;7;Successful;Effective;No;No;No;No;No;No;0.0;-7.0;0.2;-7.11;0.31;-7.18;0.38;-7.22;0.41;-7.25;0.43;-7.23;0.44;-7.22;;
567;18.3;24.3;0.5;10;80;7;Successful;Effective;No;No;No;No;No;No;0.0;-7.0;0.2;-7.11;0.31;-7.18;0.38;-7.22;0.41;-7.25;0.43;-7.23;0.44;-7.22;;
568;18.3;24.3;0.5;5;100;7;Successful;Effective;No;No;No;No;No;No;0.0;-7.0;0.25;-7.12;0.39;-7.19;0.47;-7.23;0.51;-7.26;0.54;-7.25;0.55;-7.25;;
569;18.3;24.3;0.5;8;100;7;Successful;Effective;No;No;No;No;No;No;0.0;-7.0;0.25;-7.12;0.39;-7.19;0.47;-7.23;0.51;-7.26;0.54;-7.25;0.55;-7.25;;
570;18.3;24.3;0.5;10;100;7;Successful;Effective;No;No;No;No;No;No;0.0;-7.0;0.25;-7.12;0.39;-7.19;0.47;-7.23;0.51;-7.26;0.54;-7.25;0.55;-7.25;;
571;18.3;24.3;0.5;5;80;8;Successful;Effective;No;No;No;No;No;No;0.0;-7.99;0.2;-8.12;0.31;-8.19;0.38;-8.24;0.41;-8.27;0.43;-8.24;0.44;-8.23;;
572;18.3;24.3;0.5;8;80;8;Successful;Effective;No;No;No;No;No;No;0.0;-7.99;0.2;-8.12;0.31;-8.19;0.38;-8.24;0.41;-8.27;0.43;-8.24;0.44;-8.23;;
573;18.3;24.3;0.5;10;80;8;Successful;Effective;No;No;No;No;No;No;0.0;-7.99;0.2;-8.12;0.31;-8.19;0.38;-8.24;0.41;-8.27;0.43;-8.24;0.44;-8.23;;
574;18.3;24.3;0.5;5;100;8;Successful;Effective;No;No;No;No;No;No;0.0;-8.0;0.25;-8.13;0.39;-8.21;0.47;-8.26;0.51;-8.29;0.54;-8.28;0.55;-8.27;;
575;18.3;24.3;0.5;8;100;8;Successful;Effective;No;No;No;No;No;No;0.0;-8.0;0.25;-8.13;0.39;-8.21;0.47;-8.26;0.51;-8.29;0.54;-8.28;0.55;-8.27;;
576;18.3;24.3;0.5;10;100;8;Successful;Effective;No;No;No;No;No;No;0.0;-8.0;0.25;-8.13;0.39;-8.21;0.47;-8.26;0.51;-8.29;0.54;-8.28;0.55;-8.27;;
577;18.4;24.4;0.5;5;80;5;Successful;Effective;No;No;No;No;No;No;0.0;-5.0;0.2;-5.08;0.31;-5.13;0.38;-5.18;0.41;-5.2;0.43;-5.19;0.44;-5.19;;
578;18.4;24.4;0.5;8;80;5;Successful;Effective;No;No;No;No;No;No;0.0;-5.0;0.2;-5.08;0.31;-5.13;0.38;-5.18;0.41;-5.2;0.43;-5.19;0.44;-5.19;;
579;18.4;24.4;0.5;10;80;5;Successful;Effective;No;No;No;No;No;No;0.0;-5.0;0.2;-5.08;0.31;-5.13;0.38;-5.18;0.41;-5.2;0.43;-5.19;0.44;-5.19;;
580;18.4;24.4;0.5;5;100;5;Successful;Effective;No;No;No;No;No;No;0.0;-5.0;0.25;-5.09;0.39;-5.14;0.47;-5.19;0.51;-5.21;0.54;-5.21;0.55;-5.21;;
581;18.4;24.4;0.5;8;100;5;Successful;Effective;No;No;No;No;No;No;0.0;-5.0;0.25;-5.09;0.39;-5.14;0.47;-5.19;0.51;-5.21;0.54;-5.21;0.55;-5.21;;
582;18.4;24.4;0.5;10;100;5;Successful;Effective;No;No;No;No;No;No;0.0;-5.0;0.25;-5.09;0.39;-5.14;0.47;-5.19;0.51;-5.21;0.54;-5.21;0.55;-5.21;;
583;18.4;24.4;0.5;5;80;6;Successful;Effective;No;No;No;No;No;No;0.0;-6.0;0.2;-6.09;0.31;-6.15;0.38;-6.2;0.41;-6.22;0.43;-6.21;0.44;-6.21;;
584;18.4;24.4;0.5;8;80;6;Successful;Effective;No;No;No;No;No;No;0.0;-6.0;0.2;-6.09;0.31;-6.15;0.38;-6.2;0.41;-6.22;0.43;-6.21;0.44;-6.21;;
585;18.4;24.4;0.5;10;80;6;Successful;Effective;No;No;No;No;No;No;0.0;-6.0;0.2;-6.09;0.31;-6.15;0.38;-6.2;0.41;-6.22;0.43;-6.21;0.44;-6.21;;
586;18.4;24.4;0.5;5;100;6;Successful;Effective;No;No;No;No;No;No;0.0;-6.0;0.25;-6.1;0.39;-6.16;0.47;-6.21;0.51;-6.24;0.54;-6.23;0.55;-6.23;;
587;18.4;24.4;0.5;8;100;6;Successful;Effective;No;No;No;No;No;No;0.0;-6.0;0.25;-6.1;0.39;-6.16;0.47;-6.21;0.51;-6.24;0.54;-6.23;0.55;-6.23;;
588;18.4;24.4;0.5;10;100;6;Successful;Effective;No;No;No;No;No;No;0.0;-6.0;0.25;-6.1;0.39;-6.16;0.47;-6.21;0.51;-6.24;0.54;-6.23;0.55;-6.23;;
589;18.4;24.4;0.5;5;80;7;Successful;Effective;No;No;No;No;No;No;0.0;-7.0;0.2;-7.11;0.31;-7.17;0.38;-7.22;0.41;-7.25;0.43;-7.23;0.44;-7.22;;
590;18.4;24.4;0.5;8;80;7;Successful;Effective;No;No;No;No;No;No;0.0;-7.0;0.2;-7.11;0.31;-7.17;0.38;-7.22;0.41;-7.25;0.43;-7.23;0.44;-7.22;;
591;18.4;24.4;0.5;10;80;7;Successful;Effective;No;No;No;No;No;No;0.0;-7.0;0.2;-7.11;0.31;-7.17;0.38;-7.22;0.41;-7.25;0.43;-7.23;0.44;-7.22;;
592;18.4;24.4;0.5;5;100;7;Successful;Effective;No;No;No;No;No;No;0.0;-7.0;0.25;-7.11;0.39;-7.18;0.47;-7.24;0.51;-7.27;0.54;-7.25;0.55;-7.25;;
593;18.4;24.4;0.5;8;100;7;Successful;Effective;No;No;No;No;No;No;0.0;-7.0;0.25;-7.11;0.39;-7.18;0.47;-7.24;0.51;-7.27;0.54;-7.25;0.55;-7.25;;
594;18.4;24.4;0.5;10;100;7;Successful;Effective;No;No;No;No;No;No;0.0;-7.0;0.25;-7.11;0.39;-7.18;0.47;-7.24;0.51;-7.27;0.54;-7.25;0.55;-7.25;;
595;18.4;24.4;0.5;5;80;8;Successful;Effective;No;No;No;No;No;No;0.0;-7.99;0.2;-8.12;0.31;-8.19;0.38;-8.25;0.41;-8.27;0.43;-8.24;0.44;-8.23;;
596;18.4;24.4;0.5;8;80;8;Successful;Effective;No;No;No;No;No;No;0.0;-7.99;0.2;-8.12;0.31;-8.19;0.38;-8.25;0.41;-8.27;0.43;-8.24;0.44;-8.23;;
597;18.4;24.4;0.5;10;80;8;Successful;Effective;No;No;No;No;No;No;0.0;-7.99;0.2;-8.12;0.31;-8.19;0.38;-8.25;0.41;-8.27;0.43;-8.24;0.44;-8.23;;
598;18.4;24.4;0.5;5;100;8;Successful;Effective;No;No;No;No;No;No;0.0;-8.0;0.25;-8.12;0.39;-8.2;0.47;-8.26;0.51;-8.29;0.54;-8.27;0.55;-8.27;;
599;18.4;24.4;0.5;8;100;8;Successful;Effective;No;No;No;No;No;No;0.0;-8.0;0.25;-8.12;0.39;-8.2;0.47;-8.26;0.51;-8.29;0.54;-8.27;0.55;-8.27;;
600;18.4;24.4;0.5;10;100;8;Successful;Effective;No;No;No;No;No;No;0.0;-8.0;0.25;-8.12;0.39;-8.2;0.47;-8.26;0.51;-8.29;0.54;-8.27;0.55;-8.27;;
601;18.5;24.5;0.5;5;80;5;Successful;Effective;No;No;No;No;No;No;0.0;-5.0;0.2;-5.08;0.31;-5.13;0.38;-5.18;0.41;-5.2;0.43;-5.19;0.44;-5.19;;
602;18.5;24.5;0.5;8;80;5;Successful;Effective;No;No;No;No;No;No;0.0;-5.0;0.2;-5.08;0.31;-5.13;0.38;-5.18;0.41;-5.2;0.43;-5.19;0.44;-5.19;;
603;18.5;24.5;0.5;10;80;5;Successful;Effective;No;No;No;No;No;No;0.0;-5.0;0.2;-5.08;0.31;-5.13;0.38;-5.18;0.41;-5.2;0.43;-5.19;0.44;-5.19;;
604;18.5;24.5;0.5;5;100;5;Successful;Effective;No;No;No;No;No;No;0.0;-5.0;0.25;-5.08;0.39;-5.14;0.47;-5.19;0.51;-5.22;0.54;-5.21;0.55;-5.21;;
605;18.5;24.5;0.5;8;100;5;Successful;Effective;No;No;No;No;No;No;0.0;-5.0;0.25;-5.08;0.39;-5.14;0.47;-5.19;0.51;-5.22;0.54;-5.21;0.55;-5.21;;
606;18.5;24.5;0.5;10;100;5;Successful;Effective;No;No;No;No;No;No;0.0;-5.0;0.25;-5.08;0.39;-5.14;0.47;-5.19;0.51;-5.22;0.54;-5.21;0.55;-5.21;;
607;18.5;24.5;0.5;5;80;6;Successful;Effective;No;No;No;No;No;No;0.0;-6.0;0.2;-6.09;0.31;-6.15;0.38;-6.2;0.41;-6.22;0.43;-6.21;0.44;-6.21;;
608;18.5;24.5;0.5;8;80;6;Successful;Effective;No;No;No;No;No;No;0.0;-6.0;0.2;-6.09;0.31;-6.15;0.38;-6.2;0.41;-6.22;0.43;-6.21;0.44;-6.21;;
609;18.5;24.5;0.5;10;80;6;Successful;Effective;No;No;No;No;No;No;0.0;-6.0;0.2;-6.09;0.31;-6.15;0.38;-6.2;0.41;-6.22;0.43;-6.21;0.44;-6.21;;
610;18.5;24.5;0.5;5;100;6;Successful;Effective;No;No;No;No;No;No;0.0;-6.0;0.25;-6.1;0.39;-6.16;0.47;-6.22;0.51;-6.24;0.54;-6.23;0.55;-6.23;;
611;18.5;24.5;0.5;8;100;6;Successful;Effective;No;No;No;No;No;No;0.0;-6.0;0.25;-6.1;0.39;-6.16;0.47;-6.22;0.51;-6.24;0.54;-6.23;0.55;-6.23;;
612;18.5;24.5;0.5;10;100;6;Successful;Effective;No;No;No;No;No;No;0.0;-6.0;0.25;-6.1;0.39;-6.16;0.47;-6.22;0.51;-6.24;0.54;-6.23;0.55;-6.23;;
613;18.5;24.5;0.5;5;80;7;Successful;Effective;No;No;No;No;No;No;0.0;-7.0;0.2;-7.1;0.31;-7.17;0.38;-7.23;0.41;-7.25;0.43;-7.23;0.44;-7.22;;
614;18.5;24.5;0.5;8;80;7;Successful;Effective;No;No;No;No;No;No;0.0;-7.0;0.2;-7.1;0.31;-7.17;0.38;-7.23;0.41;-7.25;0.43;-7.23;0.44;-7.22;;
615;18.5;24.5;0.5;10;80;7;Successful;Effective;No;No;No;No;No;No;0.0;-7.0;0.2;-7.1;0.31;-7.17;0.38;-7.23;0.41;-7.25;0.43;-7.23;0.44;-7.22;;
616;18.5;24.5;0.5;5;100;7;Successful;Effective;No;No;No;No;No;No;0.0;-7.0;0.25;-7.11;0.39;-7.18;0.47;-7.24;0.51;-7.27;0.54;-7.25;0.55;-7.25;;
617;18.5;24.5;0.5;8;100;7;Successful;Effective;No;No;No;No;No;No;0.0;-7.0;0.25;-7.11;0.39;-7.18;0.47;-7.24;0.51;-7.27;0.54;-7.25;0.55;-7.25;;
618;18.5;24.5;0.5;10;100;7;Successful;Effective;No;No;No;No;No;No;0.0;-7.0;0.25;-7.11;0.39;-7.18;0.47;-7.24;0.51;-7.27;0.54;-7.25;0.55;-7.25;;
619;18.5;24.5;0.5;5;80;8;Successful;Effective;No;No;No;No;No;No;0.0;-7.99;0.2;-8.12;0.31;-8.19;0.38;-8.25;0.41;-8.27;0.43;-8.25;0.44;-8.24;;
620;18.5;24.5;0.5;8;80;8;Successful;Effective;No;No;No;No;No;No;0.0;-7.99;0.2;-8.12;0.31;-8.19;0.38;-8.25;0.41;-8.27;0.43;-8.25;0.44;-8.24;;
621;18.5;24.5;0.5;10;80;8;Successful;Effective;No;No;No;No;No;No;0.0;-7.99;0.2;-8.12;0.31;-8.19;0.38;-8.25;0.41;-8.27;0.43;-8.25;0.44;-8.24;;
622;18.5;24.5;0.5;5;100;8;Successful;Effective;No;No;No;No;No;No;0.0;-8.0;0.25;-8.12;0.39;-8.2;0.47;-8.27;0.51;-8.29;0.54;-8.27;0.55;-8.27;;
623;18.5;24.5;0.5;8;100;8;Successful;Effective;No;No;No;No;No;No;0.0;-8.0;0.25;-8.12;0.39;-8.2;0.47;-8.27;0.51;-8.29;0.54;-8.27;0.55;-8.27;;
624;18.5;24.5;0.5;10;100;8;Successful;Effective;No;No;No;No;No;No;0.0;-8.0;0.25;-8.12;0.39;-8.2;0.47;-8.27;0.51;-8.29;0.54;-8.27;0.55;-8.27;;
625;18.6;24.6;0.5;5;80;5;Successful;Effective;No;No;No;No;No;No;0.0;-5.0;0.2;-5.08;0.31;-5.14;0.38;-5.18;0.41;-5.2;0.43;-5.19;0.44;-5.19;;
626;18.6;24.6;0.5;8;80;5;Successful;Effective;No;No;No;No;No;No;0.0;-5.0;0.2;-5.08;0.31;-5.14;0.38;-5.18;0.41;-5.2;0.43;-5.19;0.44;-5.19;;
627;18.6;24.6;0.5;10;80;5;Successful;Effective;No;No;No;No;No;No;0.0;-5.0;0.2;-5.08;0.31;-5.14;0.38;-5.18;0.41;-5.2;0.43;-5.19;0.44;-5.19;;
628;18.6;24.6;0.5;5;100;5;Successful;Effective;No;No;No;No;No;No;0.0;-5.0;0.25;-5.08;0.39;-5.14;0.47;-5.19;0.51;-5.22;0.54;-5.21;0.55;-5.21;;
629;18.6;24.6;0.5;8;100;5;Successful;Effective;No;No;No;No;No;No;0.0;-5.0;0.25;-5.08;0.39;-5.14;0.47;-5.19;0.51;-5.22;0.54;-5.21;0.55;-5.21;;
630;18.6;24.6;0.5;10;100;5;Successful;Effective;No;No;No;No;No;No;0.0;-5.0;0.25;-5.08;0.39;-5.14;0.47;-5.19;0.51;-5.22;0.54;-5.21;0.55;-5.21;;
631;18.6;24.6;0.5;5;80;6;Successful;Effective;No;No;No;No;No;No;0.0;-6.0;0.2;-6.09;0.31;-6.16;0.38;-6.2;0.41;-6.23;0.43;-6.21;0.44;-6.21;;
632;18.6;24.6;0.5;8;80;6;Successful;Effective;No;No;No;No;No;No;0.0;-6.0;0.2;-6.09;0.31;-6.16;0.38;-6.2;0.41;-6.23;0.43;-6.21;0.44;-6.21;;
633;18.6;24.6;0.5;10;80;6;Successful;Effective;No;No;No;No;No;No;0.0;-6.0;0.2;-6.09;0.31;-6.16;0.38;-6.2;0.41;-6.23;0.43;-6.21;0.44;-6.21;;
634;18.6;24.6;0.5;5;100;6;Successful;Effective;No;No;No;No;No;No;0.0;-6.0;0.25;-6.09;0.39;-6.16;0.47;-6.22;0.51;-6.24;0.54;-6.23;0.55;-6.23;;
635;18.6;24.6;0.5;8;100;6;Successful;Effective;No;No;No;No;No;No;0.0;-6.0;0.25;-6.09;0.39;-6.16;0.47;-6.22;0.51;-6.24;0.54;-6.23;0.55;-6.23;;
636;18.6;24.6;0.5;10;100;6;Successful;Effective;No;No;No;No;No;No;0.0;-6.0;0.25;-6.09;0.39;-6.16;0.47;-6.22;0.51;-6.24;0.54;-6.23;0.55;-6.23;;
637;18.6;24.6;0.5;5;80;7;Successful;Effective;No;No;No;No;No;No;0.0;-7.0;0.2;-7.1;0.31;-7.18;0.38;-7.23;0.41;-7.25;0.43;-7.23;0.44;-7.22;;
638;18.6;24.6;0.5;8;80;7;Successful;Effective;No;No;No;No;No;No;0.0;-7.0;0.2;-7.1;0.31;-7.18;0.38;-7.23;0.41;-7.25;0.43;-7.23;0.44;-7.22;;
639;18.6;24.6;0.5;10;80;7;Successful;Effective;No;No;No;No;No;No;0.0;-7.0;0.2;-7.1;0.31;-7.18;0.38;-7.23;0.41;-7.25;0.43;-7.23;0.44;-7.22;;
640;18.6;24.6;0.5;5;100;7;Successful;Effective;No;No;No;No;No;No;0.0;-7.0;0.25;-7.11;0.39;-7.18;0.47;-7.24;0.51;-7.27;0.54;-7.25;0.55;-7.25;;
641;18.6;24.6;0.5;8;100;7;Successful;Effective;No;No;No;No;No;No;0.0;-7.0;0.25;-7.11;0.39;-7.18;0.47;-7.24;0.51;-7.27;0.54;-7.25;0.55;-7.25;;
642;18.6;24.6;0.5;10;100;7;Successful;Effective;No;No;No;No;No;No;0.0;-7.0;0.25;-7.11;0.39;-7.18;0.47;-7.24;0.51;-7.27;0.54;-7.25;0.55;-7.25;;
643;18.6;24.6;0.5;5;80;8;Successful;Effective;No;No;No;No;No;No;0.0;-7.99;0.2;-8.11;0.31;-8.2;0.38;-8.26;0.41;-8.28;0.43;-8.25;0.44;-8.24;;
644;18.6;24.6;0.5;8;80;8;Successful;Effective;No;No;No;No;No;No;0.0;-7.99;0.2;-8.11;0.31;-8.2;0.38;-8.26;0.41;-8.28;0.43;-8.25;0.44;-8.24;;
645;18.6;24.6;0.5;10;80;8;Successful;Effective;No;No;No;No;No;No;0.0;-7.99;0.2;-8.11;0.31;-8.2;0.38;-8.26;0.41;-8.28;0.43;-8.25;0.44;-8.24;;
646;18.6;24.6;0.5;5;100;8;Successful;Effective;No;No;No;No;No;No;0.0;-8.0;0.25;-8.12;0.39;-8.2;0.47;-8.27;0.51;-8.29;0.54;-8.28;0.55;-8.27;;
647;18.6;24.6;0.5;8;100;8;Successful;Effective;No;No;No;No;No;No;0.0;-8.0;0.25;-8.12;0.39;-8.2;0.47;-8.27;0.51;-8.29;0.54;-8.28;0.55;-8.27;;
648;18.6;24.6;0.5;10;100;8;Successful;Effective;No;No;No;No;No;No;0.0;-8.0;0.25;-8.12;0.39;-8.2;0.47;-8.27;0.51;-8.29;0.54;-8.28;0.55;-8.27;;
649;18.7;24.7;0.5;5;80;5;Successful;Effective;No;No;No;No;No;No;0.0;-5.0;0.2;-5.08;0.31;-5.14;0.38;-5.18;0.41;-5.2;0.43;-5.19;0.44;-5.19;;
650;18.7;24.7;0.5;8;80;5;Successful;Effective;No;No;No;No;No;No;0.0;-5.0;0.2;-5.08;0.31;-5.14;0.38;-5.18;0.41;-5.2;0.43;-5.19;0.44;-5.19;;
651;18.7;24.7;0.5;10;80;5;Successful;Effective;No;No;No;No;No;No;0.0;-5.0;0.2;-5.08;0.31;-5.14;0.38;-5.18;0.41;-5.2;0.43;-5.19;0.44;-5.19;;
652;18.7;24.7;0.5;5;100;5;Successful;Effective;No;No;No;No;No;No;0.0;-5.0;0.25;-5.08;0.39;-5.15;0.47;-5.2;0.51;-5.22;0.54;-5.21;0.55;-5.21;;
653;18.7;24.7;0.5;8;100;5;Successful;Effective;No;No;No;No;No;No;0.0;-5.0;0.25;-5.08;0.39;-5.15;0.47;-5.2;0.51;-5.22;0.54;-5.21;0.55;-5.21;;
654;18.7;24.7;0.5;10;100;5;Successful;Effective;No;No;No;No;No;No;0.0;-5.0;0.25;-5.08;0.39;-5.15;0.47;-5.2;0.51;-5.22;0.54;-5.21;0.55;-5.21;;
655;18.7;24.7;0.5;5;80;6;Successful;Effective;No;No;No;No;No;No;0.0;-6.0;0.2;-6.09;0.31;-6.16;0.38;-6.21;0.41;-6.23;0.43;-6.21;0.44;-6.21;;
656;18.7;24.7;0.5;8;80;6;Successful;Effective;No;No;No;No;No;No;0.0;-6.0;0.2;-6.09;0.31;-6.16;0.38;-6.21;0.41;-6.23;0.43;-6.21;0.44;-6.21;;
657;18.7;24.7;0.5;10;80;6;Successful;Effective;No;No;No;No;No;No;0.0;-6.0;0.2;-6.09;0.31;-6.16;0.38;-6.21;0.41;-6.23;0.43;-6.21;0.44;-6.21;;
658;18.7;24.7;0.5;5;100;6;Successful;Effective;No;No;No;No;No;No;0.0;-6.0;0.25;-6.09;0.39;-6.17;0.47;-6.22;0.51;-6.24;0.54;-6.23;0.55;-6.23;;
659;18.7;24.7;0.5;8;100;6;Successful;Effective;No;No;No;No;No;No;0.0;-6.0;0.25;-6.09;0.39;-6.17;0.47;-6.22;0.51;-6.24;0.54;-6.23;0.55;-6.23;;
660;18.7;24.7;0.5;10;100;6;Successful;Effective;No;No;No;No;No;No;0.0;-6.0;0.25;-6.09;0.39;-6.17;0.47;-6.22;0.51;-6.24;0.54;-6.23;0.55;-6.23;;
661;18.7;24.7;0.5;5;80;7;Successful;Effective;No;No;No;No;No;No;0.0;-7.0;0.2;-7.1;0.31;-7.18;0.38;-7.23;0.41;-7.25;0.43;-7.23;0.44;-7.23;;
662;18.7;24.7;0.5;8;80;7;Successful;Effective;No;No;No;No;No;No;0.0;-7.0;0.2;-7.1;0.31;-7.18;0.38;-7.23;0.41;-7.25;0.43;-7.23;0.44;-7.23;;
663;18.7;24.7;0.5;10;80;7;Successful;Effective;No;No;No;No;No;No;0.0;-7.0;0.2;-7.1;0.31;-7.18;0.38;-7.23;0.41;-7.25;0.43;-7.23;0.44;-7.23;;
664;18.7;24.7;0.5;5;100;7;Successful;Effective;No;No;No;No;No;No;0.0;-7.0;0.25;-7.1;0.39;-7.19;0.47;-7.25;0.51;-7.27;0.54;-7.25;0.55;-7.25;;
665;18.7;24.7;0.5;8;100;7;Successful;Effective;No;No;No;No;No;No;0.0;-7.0;0.25;-7.1;0.39;-7.19;0.47;-7.25;0.51;-7.27;0.54;-7.25;0.55;-7.25;;
666;18.7;24.7;0.5;10;100;7;Successful;Effective;No;No;No;No;No;No;0.0;-7.0;0.25;-7.1;0.39;-7.19;0.47;-7.25;0.51;-7.27;0.54;-7.25;0.55;-7.25;;
667;18.7;24.7;0.5;5;80;8;Successful;Effective;No;No;No;No;No;No;0.0;-7.99;0.2;-8.11;0.31;-8.2;0.38;-8.26;0.41;-8.28;0.43;-8.25;0.44;-8.24;;
668;18.7;24.7;0.5;8;80;8;Successful;Effective;No;No;No;No;No;No;0.0;-7.99;0.2;-8.11;0.31;-8.2;0.38;-8.26;0.41;-8.28;0.43;-8.25;0.44;-8.24;;
669;18.7;24.7;0.5;10;80;8;Successful;Effective;No;No;No;No;No;No;0.0;-7.99;0.2;-8.11;0.31;-8.2;0.38;-8.26;0.41;-8.28;0.43;-8.25;0.44;-8.24;;
670;18.7;24.7;0.5;5;100;8;Successful;Effective;No;No;No;No;No;No;0.0;-8.0;0.25;-8.12;0.39;-8.21;0.47;-8.27;0.51;-8.3;0.54;-8.28;0.55;-8.27;;
671;18.7;24.7;0.5;8;100;8;Successful;Effective;No;No;No;No;No;No;0.0;-8.0;0.25;-8.12;0.39;-8.21;0.47;-8.27;0.51;-8.3;0.54;-8.28;0.55;-8.27;;
672;18.7;24.7;0.5;10;100;8;Successful;Effective;No;No;No;No;No;No;0.0;-8.0;0.25;-8.12;0.39;-8.21;0.47;-8.27;0.51;-8.3;0.54;-8.28;0.55;-8.27;;
673;18.8;24.8;0.5;5;80;5;Successful;Effective;No;No;No;No;No;No;0.0;-5.0;0.2;-5.08;0.31;-5.14;0.38;-5.18;0.41;-5.2;0.43;-5.19;0.44;-5.19;;
674;18.8;24.8;0.5;8;80;5;Successful;Effective;No;No;No;No;No;No;0.0;-5.0;0.2;-5.08;0.31;-5.14;0.38;-5.18;0.41;-5.2;0.43;-5.19;0.44;-5.19;;
675;18.8;24.8;0.5;10;80;5;Successful;Effective;No;No;No;No;No;No;0.0;-5.0;0.2;-5.08;0.31;-5.14;0.38;-5.18;0.41;-5.2;0.43;-5.19;0.44;-5.19;;
676;18.8;24.8;0.5;5;100;5;Successful;Effective;No;No;No;No;No;No;0.0;-5.0;0.25;-5.08;0.39;-5.15;0.47;-5.2;0.51;-5.22;0.54;-5.21;0.55;-5.21;;
677;18.8;24.8;0.5;8;100;5;Successful;Effective;No;No;No;No;No;No;0.0;-5.0;0.25;-5.08;0.39;-5.15;0.47;-5.2;0.51;-5.22;0.54;-5.21;0.55;-5.21;;
678;18.8;24.8;0.5;10;100;5;Successful;Effective;No;No;No;No;No;No;0.0;-5.0;0.25;-5.08;0.39;-5.15;0.47;-5.2;0.51;-5.22;0.54;-5.21;0.55;-5.21;;
679;18.8;24.8;0.5;5;80;6;Successful;Effective;No;No;No;No;No;No;0.0;-6.0;0.2;-6.09;0.31;-6.16;0.38;-6.21;0.41;-6.23;0.43;-6.21;0.44;-6.21;;
680;18.8;24.8;0.5;8;80;6;Successful;Effective;No;No;No;No;No;No;0.0;-6.0;0.2;-6.09;0.31;-6.16;0.38;-6.21;0.41;-6.23;0.43;-6.21;0.44;-6.21;;
681;18.8;24.8;0.5;10;80;6;Successful;Effective;No;No;No;No;No;No;0.0;-6.0;0.2;-6.09;0.31;-6.16;0.38;-6.21;0.41;-6.23;0.43;-6.21;0.44;-6.21;;
682;18.8;24.8;0.5;5;100;6;Successful;Effective;No;No;No;No;No;No;0.0;-6.0;0.25;-6.09;0.39;-6.17;0.47;-6.22;0.51;-6.25;0.54;-6.23;0.55;-6.23;;
683;18.8;24.8;0.5;8;100;6;Successful;Effective;No;No;No;No;No;No;0.0;-6.0;0.25;-6.09;0.39;-6.17;0.47;-6.22;0.51;-6.25;0.54;-6.23;0.55;-6.23;;
684;18.8;24.8;0.5;10;100;6;Successful;Effective;No;No;No;No;No;No;0.0;-6.0;0.25;-6.09;0.39;-6.17;0.47;-6.22;0.51;-6.25;0.54;-6.23;0.55;-6.23;;
685;18.8;24.8;0.5;5;80;7;Successful;Effective;No;No;No;No;No;No;0.0;-7.0;0.2;-7.1;0.31;-7.18;0.38;-7.24;0.41;-7.25;0.43;-7.24;0.44;-7.23;;
686;18.8;24.8;0.5;8;80;7;Successful;Effective;No;No;No;No;No;No;0.0;-7.0;0.2;-7.1;0.31;-7.18;0.38;-7.24;0.41;-7.25;0.43;-7.24;0.44;-7.23;;
687;18.8;24.8;0.5;10;80;7;Successful;Effective;No;No;No;No;No;No;0.0;-7.0;0.2;-7.1;0.31;-7.18;0.38;-7.24;0.41;-7.25;0.43;-7.24;0.44;-7.23;;
688;18.8;24.8;0.5;5;100;7;Successful;Effective;No;No;No;No;No;No;0.0;-7.0;0.25;-7.1;0.39;-7.19;0.47;-7.25;0.51;-7.27;0.54;-7.26;0.55;-7.25;;
689;18.8;24.8;0.5;8;100;7;Successful;Effective;No;No;No;No;No;No;0.0;-7.0;0.25;-7.1;0.39;-7.19;0.47;-7.25;0.51;-7.27;0.54;-7.26;0.55;-7.25;;
690;18.8;24.8;0.5;10;100;7;Successful;Effective;No;No;No;No;No;No;0.0;-7.0;0.25;-7.1;0.39;-7.19;0.47;-7.25;0.51;-7.27;0.54;-7.26;0.55;-7.25;;
691;18.8;24.8;0.5;5;80;8;Successful;Effective;No;No;No;No;No;No;0.0;-7.99;0.2;-8.11;0.31;-8.21;0.38;-8.26;0.41;-8.28;0.43;-8.25;0.44;-8.24;;
692;18.8;24.8;0.5;8;80;8;Successful;Effective;No;No;No;No;No;No;0.0;-7.99;0.2;-8.11;0.31;-8.21;0.38;-8.26;0.41;-8.28;0.43;-8.25;0.44;-8.24;;
693;18.8;24.8;0.5;10;80;8;Successful;Effective;No;No;No;No;No;No;0.0;-7.99;0.2;-8.11;0.31;-8.21;0.38;-8.26;0.41;-8.28;0.43;-8.25;0.44;-8.24;;
694;18.8;24.8;0.5;5;100;8;Successful;Effective;No;No;No;No;No;No;0.0;-8.0;0.25;-8.12;0.39;-8.21;0.47;-8.28;0.51;-8.3;0.54;-8.28;0.55;-8.27;;
695;18.8;24.8;0.5;8;100;8;Successful;Effective;No;No;No;No;No;No;0.0;-8.0;0.25;-8.12;0.39;-8.21;0.47;-8.28;0.51;-8.3;0.54;-8.28;0.55;-8.27;;
696;18.8;24.8;0.5;10;100;8;Successful;Effective;No;No;No;No;No;No;0.0;-8.0;0.25;-8.12;0.39;-8.21;0.47;-8.28;0.51;-8.3;0.54;-8.28;0.55;-8.27;;
697;18.9;24.9;0.5;5;80;5;Successful;Effective;No;No;No;No;No;No;0.0;-5.0;0.2;-5.07;0.31;-5.14;0.38;-5.19;0.41;-5.2;0.43;-5.19;0.44;-5.19;;
698;18.9;24.9;0.5;8;80;5;Successful;Effective;No;No;No;No;No;No;0.0;-5.0;0.2;-5.07;0.31;-5.14;0.38;-5.19;0.41;-5.2;0.43;-5.19;0.44;-5.19;;
699;18.9;24.9;0.5;10;80;5;Successful;Effective;No;No;No;No;No;No;0.0;-5.0;0.2;-5.07;0.31;-5.14;0.38;-5.19;0.41;-5.2;0.43;-5.19;0.44;-5.19;;
700;18.9;24.9;0.5;5;100;5;Successful;Effective;No;No;No;No;No;No;0.0;-5.0;0.25;-5.08;0.39;-5.15;0.47;-5.2;0.51;-5.22;0.54;-5.21;0.55;-5.21;;
701;18.9;24.9;0.5;8;100;5;Successful;Effective;No;No;No;No;No;No;0.0;-5.0;0.25;-5.08;0.39;-5.15;0.47;-5.2;0.51;-5.22;0.54;-5.21;0.55;-5.21;;
702;18.9;24.9;0.5;10;100;5;Successful;Effective;No;No;No;No;No;No;0.0;-5.0;0.25;-5.08;0.39;-5.15;0.47;-5.2;0.51;-5.22;0.54;-5.21;0.55;-5.21;;
703;18.9;24.9;0.5;5;80;6;Successful;Effective;No;No;No;No;No;No;0.0;-6.0;0.2;-6.09;0.31;-6.17;0.38;-6.21;0.41;-6.23;0.43;-6.21;0.44;-6.21;;
704;18.9;24.9;0.5;8;80;6;Successful;Effective;No;No;No;No;No;No;0.0;-6.0;0.2;-6.09;0.31;-6.17;0.38;-6.21;0.41;-6.23;0.43;-6.21;0.44;-6.21;;
705;18.9;24.9;0.5;10;80;6;Successful;Effective;No;No;No;No;No;No;0.0;-6.0;0.2;-6.09;0.31;-6.17;0.38;-6.21;0.41;-6.23;0.43;-6.21;0.44;-6.21;;
706;18.9;24.9;0.5;5;100;6;Successful;Effective;No;No;No;No;No;No;0.0;-6.0;0.25;-6.09;0.39;-6.17;0.47;-6.22;0.51;-6.25;0.54;-6.23;0.55;-6.23;;
707;18.9;24.9;0.5;8;100;6;Successful;Effective;No;No;No;No;No;No;0.0;-6.0;0.25;-6.09;0.39;-6.17;0.47;-6.22;0.51;-6.25;0.54;-6.23;0.55;-6.23;;
708;18.9;24.9;0.5;10;100;6;Successful;Effective;No;No;No;No;No;No;0.0;-6.0;0.25;-6.09;0.39;-6.17;0.47;-6.22;0.51;-6.25;0.54;-6.23;0.55;-6.23;;
709;18.9;24.9;0.5;5;80;7;Successful;Effective;No;No;No;No;No;No;0.0;-7.0;0.2;-7.1;0.31;-7.19;0.38;-7.24;0.41;-7.26;0.43;-7.24;0.44;-7.23;;
710;18.9;24.9;0.5;8;80;7;Successful;Effective;No;No;No;No;No;No;0.0;-7.0;0.2;-7.1;0.31;-7.19;0.38;-7.24;0.41;-7.26;0.43;-7.24;0.44;-7.23;;
711;18.9;24.9;0.5;10;80;7;Successful;Effective;No;No;No;No;No;No;0.0;-7.0;0.2;-7.1;0.31;-7.19;0.38;-7.24;0.41;-7.26;0.43;-7.24;0.44;-7.23;;
712;18.9;24.9;0.5;5;100;7;Successful;Effective;No;No;No;No;No;No;0.0;-7.0;0.25;-7.1;0.39;-7.2;0.47;-7.25;0.51;-7.27;0.54;-7.26;0.55;-7.25;;
713;18.9;24.9;0.5;8;100;7;Successful;Effective;No;No;No;No;No;No;0.0;-7.0;0.25;-7.1;0.39;-7.2;0.47;-7.25;0.51;-7.27;0.54;-7.26;0.55;-7.25;;
714;18.9;24.9;0.5;10;100;7;Successful;Effective;No;No;No;No;No;No;0.0;-7.0;0.25;-7.1;0.39;-7.2;0.47;-7.25;0.51;-7.27;0.54;-7.26;0.55;-7.25;;
715;18.9;24.9;0.5;5;80;8;Successful;Effective;No;No;No;No;No;No;0.0;-7.99;0.2;-8.11;0.31;-8.21;0.38;-8.26;0.41;-8.28;0.43;-8.26;0.44;-8.24;;
716;18.9;24.9;0.5;8;80;8;Successful;Effective;No;No;No;No;No;No;0.0;-7.99;0.2;-8.11;0.31;-8.21;0.38;-8.26;0.41;-8.28;0.43;-8.26;0.44;-8.24;;
717;18.9;24.9;0.5;10;80;8;Successful;Effective;No;No;No;No;No;No;0.0;-7.99;0.2;-8.11;0.31;-8.21;0.38;-8.26;0.41;-8.28;0.43;-8.26;0.44;-8.24;;
718;18.9;24.9;0.5;5;100;8;Successful;Effective;No;No;No;No;No;No;0.0;-8.0;0.25;-8.11;0.39;-8.22;0.47;-8.28;0.51;-8.3;0.54;-8.28;0.55;-8.27;;
719;18.9;24.9;0.5;8;100;8;Successful;Effective;No;No;No;No;No;No;0.0;-8.0;0.25;-8.11;0.39;-8.22;0.47;-8.28;0.51;-8.3;0.54;-8.28;0.55;-8.27;;
720;18.9;24.9;0.5;10;100;8;Successful;Effective;No;No;No;No;No;No;0.0;-8.0;0.25;-8.11;0.39;-8.22;0.47;-8.28;0.51;-8.3;0.54;-8.28;0.55;-8.27;;
721;19.0;25.0;0.5;5;80;5;Successful;Effective;No;No;No;No;No;No;0.0;-5.0;0.2;-5.08;0.31;-5.15;0.38;-5.19;0.41;-5.2;0.43;-5.19;0.44;-5.19;;
722;19.0;25.0;0.5;8;80;5;Successful;Effective;No;No;No;No;No;No;0.0;-5.0;0.2;-5.08;0.31;-5.15;0.38;-5.19;0.41;-5.2;0.43;-5.19;0.44;-5.19;;
723;19.0;25.0;0.5;10;80;5;Successful;Effective;No;No;No;No;No;No;0.0;-5.0;0.2;-5.08;0.31;-5.15;0.38;-5.19;0.41;-5.2;0.43;-5.19;0.44;-5.19;;
724;19.0;25.0;0.5;5;100;5;Successful;Effective;No;No;No;No;No;No;0.0;-5.0;0.25;-5.08;0.39;-5.16;0.47;-5.2;0.51;-5.22;0.54;-5.21;0.55;-5.21;;
725;19.0;25.0;0.5;8;100;5;Successful;Effective;No;No;No;No;No;No;0.0;-5.0;0.25;-5.08;0.39;-5.16;0.47;-5.2;0.51;-5.22;0.54;-5.21;0.55;-5.21;;
726;19.0;25.0;0.5;10;100;5;Successful;Effective;No;No;No;No;No;No;0.0;-5.0;0.25;-5.08;0.39;-5.16;0.47;-5.2;0.51;-5.22;0.54;-5.21;0.55;-5.21;;
727;19.0;25.0;0.5;5;80;6;Successful;Effective;No;No;No;No;No;No;0.0;-6.0;0.2;-6.09;0.31;-6.17;0.38;-6.21;0.41;-6.23;0.43;-6.21;0.44;-6.21;;
728;19.0;25.0;0.5;8;80;6;Successful;Effective;No;No;No;No;No;No;0.0;-6.0;0.2;-6.09;0.31;-6.17;0.38;-6.21;0.41;-6.23;0.43;-6.21;0.44;-6.21;;
729;19.0;25.0;0.5;10;80;6;Successful;Effective;No;No;No;No;No;No;0.0;-6.0;0.2;-6.09;0.31;-6.17;0.38;-6.21;0.41;-6.23;0.43;-6.21;0.44;-6.21;;
730;19.0;25.0;0.5;5;100;6;Successful;Effective;No;No;No;No;No;No;0.0;-6.0;0.25;-6.09;0.39;-6.18;0.47;-6.23;0.51;-6.25;0.54;-6.23;0.55;-6.23;;
731;19.0;25.0;0.5;8;100;6;Successful;Effective;No;No;No;No;No;No;0.0;-6.0;0.25;-6.09;0.39;-6.18;0.47;-6.23;0.51;-6.25;0.54;-6.23;0.55;-6.23;;
732;19.0;25.0;0.5;10;100;6;Successful;Effective;No;No;No;No;No;No;0.0;-6.0;0.25;-6.09;0.39;-6.18;0.47;-6.23;0.51;-6.25;0.54;-6.23;0.55;-6.23;;
733;19.0;25.0;0.5;5;80;7;Successful;Effective;No;No;No;No;No;No;0.0;-7.0;0.2;-7.1;0.31;-7.19;0.38;-7.24;0.41;-7.26;0.43;-7.24;0.44;-7.23;;
734;19.0;25.0;0.5;8;80;7;Successful;Effective;No;No;No;No;No;No;0.0;-7.0;0.2;-7.1;0.31;-7.19;0.38;-7.24;0.41;-7.26;0.43;-7.24;0.44;-7.23;;
735;19.0;25.0;0.5;10;80;7;Successful;Effective;No;No;No;No;No;No;0.0;-7.0;0.2;-7.1;0.31;-7.19;0.38;-7.24;0.41;-7.26;0.43;-7.24;0.44;-7.23;;
736;19.0;25.0;0.5;5;100;7;Successful;Effective;No;No;No;No;No;No;0.0;-7.0;0.25;-7.1;0.39;-7.2;0.47;-7.25;0.51;-7.28;0.54;-7.26;0.55;-7.25;;
737;19.0;25.0;0.5;8;100;7;Successful;Effective;No;No;No;No;No;No;0.0;-7.0;0.25;-7.1;0.39;-7.2;0.47;-7.25;0.51;-7.28;0.54;-7.26;0.55;-7.25;;
738;19.0;25.0;0.5;10;100;7;Successful;Effective;No;No;No;No;No;No;0.0;-7.0;0.25;-7.1;0.39;-7.2;0.47;-7.25;0.51;-7.28;0.54;-7.26;0.55;-7.25;;
739;19.0;25.0;0.5;5;80;8;Successful;Effective;No;No;No;No;No;No;0.0;-7.99;0.2;-8.11;0.31;-8.21;0.38;-8.27;0.41;-8.28;0.43;-8.26;0.44;-8.25;;
740;19.0;25.0;0.5;8;80;8;Successful;Effective;No;No;No;No;No;No;0.0;-7.99;0.2;-8.11;0.31;-8.21;0.38;-8.27;0.41;-8.28;0.43;-8.26;0.44;-8.25;;
741;19.0;25.0;0.5;10;80;8;Successful;Effective;No;No;No;No;No;No;0.0;-7.99;0.2;-8.11;0.31;-8.21;0.38;-8.27;0.41;-8.28;0.43;-8.26;0.44;-8.25;;
742;19.0;25.0;0.5;5;100;8;Successful;Effective;No;No;No;No;No;No;0.0;-8.0;0.25;-8.12;0.39;-8.22;0.47;-8.28;0.51;-8.3;0.54;-8.28;0.55;-8.27;;
743;19.0;25.0;0.5;8;100;8;Successful;Effective;No;No;No;No;No;No;0.0;-8.0;0.25;-8.12;0.39;-8.22;0.47;-8.28;0.51;-8.3;0.54;-8.28;0.55;-8.27;;
744;19.0;25.0;0.5;10;100;8;Successful;Effective;No;No;No;No;No;No;0.0;-8.0;0.25;-8.12;0.39;-8.22;0.47;-8.28;0.51;-8.3;0.54;-8.28;0.55;-8.27;;
745;19.1;25.1;0.5;5;80;5;Successful;Effective;No;No;No;No;No;No;0.0;-5.0;0.2;-5.08;0.31;-5.15;0.38;-5.19;0.41;-5.2;0.43;-5.19;0.44;-5.19;;
746;19.1;25.1;0.5;8;80;5;Successful;Effective;No;No;No;No;No;No;0.0;-5.0;0.2;-5.08;0.31;-5.15;0.38;-5.19;0.41;-5.2;0.43;-5.19;0.44;-5.19;;
747;19.1;25.1;0.5;10;80;5;Successful;Effective;No;No;No;No;No;No;0.0;-5.0;0.2;-5.08;0.31;-5.15;0.38;-5.19;0.41;-5.2;0.43;-5.19;0.44;-5.19;;
748;19.1;25.1;0.5;5;100;5;Successful;Effective;No;No;No;No;No;No;0.0;-5.0;0.25;-5.08;0.39;-5.16;0.47;-5.2;0.51;-5.22;0.54;-5.21;0.55;-5.21;;
749;19.1;25.1;0.5;8;100;5;Successful;Effective;No;No;No;No;No;No;0.0;-5.0;0.25;-5.08;0.39;-5.16;0.47;-5.2;0.51;-5.22;0.54;-5.21;0.55;-5.21;;
750;19.1;25.1;0.5;10;100;5;Successful;Effective;No;No;No;No;No;No;0.0;-5.0;0.25;-5.08;0.39;-5.16;0.47;-5.2;0.51;-5.22;0.54;-5.21;0.55;-5.21;;
751;19.1;25.1;0.5;5;80;6;Successful;Effective;No;No;No;No;No;No;0.0;-6.0;0.2;-6.09;0.31;-6.17;0.38;-6.21;0.41;-6.23;0.43;-6.22;0.44;-6.21;;
752;19.1;25.1;0.5;8;80;6;Successful;Effective;No;No;No;No;No;No;0.0;-6.0;0.2;-6.09;0.31;-6.17;0.38;-6.21;0.41;-6.23;0.43;-6.22;0.44;-6.21;;
753;19.1;25.1;0.5;10;80;6;Successful;Effective;No;No;No;No;No;No;0.0;-6.0;0.2;-6.09;0.31;-6.17;0.38;-6.21;0.41;-6.23;0.43;-6.22;0.44;-6.21;;
754;19.1;25.1;0.5;5;100;6;Successful;Effective;No;No;No;No;No;No;0.0;-6.0;0.25;-6.1;0.39;-6.18;0.47;-6.23;0.51;-6.25;0.54;-6.24;0.55;-6.23;;
755;19.1;25.1;0.5;8;100;6;Successful;Effective;No;No;No;No;No;No;0.0;-6.0;0.25;-6.1;0.39;-6.18;0.47;-6.23;0.51;-6.25;0.54;-6.24;0.55;-6.23;;
756;19.1;25.1;0.5;10;100;6;Successful;Effective;No;No;No;No;No;No;0.0;-6.0;0.25;-6.1;0.39;-6.18;0.47;-6.23;0.51;-6.25;0.54;-6.24;0.55;-6.23;;
757;19.1;25.1;0.5;5;80;7;Successful;Effective;No;No;No;No;No;No;0.0;-7.0;0.2;-7.1;0.31;-7.19;0.38;-7.24;0.41;-7.26;0.43;-7.24;0.44;-7.23;;
758;19.1;25.1;0.5;8;80;7;Successful;Effective;No;No;No;No;No;No;0.0;-7.0;0.2;-7.1;0.31;-7.19;0.38;-7.24;0.41;-7.26;0.43;-7.24;0.44;-7.23;;
759;19.1;25.1;0.5;10;80;7;Successful;Effective;No;No;No;No;No;No;0.0;-7.0;0.2;-7.1;0.31;-7.19;0.38;-7.24;0.41;-7.26;0.43;-7.24;0.44;-7.23;;
760;19.1;25.1;0.5;5;100;7;Successful;Effective;No;No;No;No;No;No;0.0;-7.0;0.25;-7.11;0.39;-7.2;0.47;-7.25;0.51;-7.28;0.54;-7.26;0.55;-7.25;;
761;19.1;25.1;0.5;8;100;7;Successful;Effective;No;No;No;No;No;No;0.0;-7.0;0.25;-7.11;0.39;-7.2;0.47;-7.25;0.51;-7.28;0.54;-7.26;0.55;-7.25;;
762;19.1;25.1;0.5;10;100;7;Successful;Effective;No;No;No;No;No;No;0.0;-7.0;0.25;-7.11;0.39;-7.2;0.47;-7.25;0.51;-7.28;0.54;-7.26;0.55;-7.25;;
763;19.1;25.1;0.5;5;80;8;Successful;Effective;No;No;No;No;No;No;0.0;-7.99;0.2;-8.12;0.31;-8.21;0.38;-8.27;0.41;-8.29;0.43;-8.26;0.44;-8.25;;
764;19.1;25.1;0.5;8;80;8;Successful;Effective;No;No;No;No;No;No;0.0;-7.99;0.2;-8.12;0.31;-8.21;0.38;-8.27;0.41;-8.29;0.43;-8.26;0.44;-8.25;;
765;19.1;25.1;0.5;10;80;8;Successful;Effective;No;No;No;No;No;No;0.0;-7.99;0.2;-8.12;0.31;-8.21;0.38;-8.27;0.41;-8.29;0.43;-8.26;0.44;-8.25;;
766;19.1;25.1;0.5;5;100;8;Successful;Effective;No;No;No;No;No;No;0.0;-8.0;0.25;-8.12;0.39;-8.22;0.47;-8.28;0.51;-8.3;0.54;-8.28;0.55;-8.27;;
767;19.1;25.1;0.5;8;100;8;Successful;Effective;No;No;No;No;No;No;0.0;-8.0;0.25;-8.12;0.39;-8.22;0.47;-8.28;0.51;-8.3;0.54;-8.28;0.55;-8.27;;
768;19.1;25.1;0.5;10;100;8;Successful;Effective;No;No;No;No;No;No;0.0;-8.0;0.25;-8.12;0.39;-8.22;0.47;-8.28;0.51;-8.3;0.54;-8.28;0.55;-8.27;;
769;19.2;25.2;0.5;5;80;5;Successful;Effective;No;No;No;No;No;No;0.0;-5.0;0.2;-5.08;0.31;-5.15;0.38;-5.19;0.41;-5.21;0.43;-5.19;0.44;-5.19;;
770;19.2;25.2;0.5;8;80;5;Successful;Effective;No;No;No;No;No;No;0.0;-5.0;0.2;-5.08;0.31;-5.15;0.38;-5.19;0.41;-5.21;0.43;-5.19;0.44;-5.19;;
771;19.2;25.2;0.5;10;80;5;Successful;Effective;No;No;No;No;No;No;0.0;-5.0;0.2;-5.08;0.31;-5.15;0.38;-5.19;0.41;-5.21;0.43;-5.19;0.44;-5.19;;
772;19.2;25.2;0.5;5;100;5;Successful;Effective;No;No;No;No;No;No;0.0;-5.0;0.25;-5.08;0.39;-5.16;0.47;-5.2;0.51;-5.22;0.54;-5.21;0.55;-5.21;;
773;19.2;25.2;0.5;8;100;5;Successful;Effective;No;No;No;No;No;No;0.0;-5.0;0.25;-5.08;0.39;-5.16;0.47;-5.2;0.51;-5.22;0.54;-5.21;0.55;-5.21;;
774;19.2;25.2;0.5;10;100;5;Successful;Effective;No;No;No;No;No;No;0.0;-5.0;0.25;-5.08;0.39;-5.16;0.47;-5.2;0.51;-5.22;0.54;-5.21;0.55;-5.21;;
775;19.2;25.2;0.5;5;80;6;Successful;Effective;No;No;No;No;No;No;0.0;-6.0;0.2;-6.09;0.31;-6.17;0.38;-6.22;0.41;-6.23;0.43;-6.22;0.44;-6.21;;
776;19.2;25.2;0.5;8;80;6;Successful;Effective;No;No;No;No;No;No;0.0;-6.0;0.2;-6.09;0.31;-6.17;0.38;-6.22;0.41;-6.23;0.43;-6.22;0.44;-6.21;;
777;19.2;25.2;0.5;10;80;6;Successful;Effective;No;No;No;No;No;No;0.0;-6.0;0.2;-6.09;0.31;-6.17;0.38;-6.22;0.41;-6.23;0.43;-6.22;0.44;-6.21;;
778;19.2;25.2;0.5;5;100;6;Successful;Effective;No;No;No;No;No;No;0.0;-6.0;0.25;-6.1;0.39;-6.18;0.47;-6.23;0.51;-6.25;0.54;-6.24;0.55;-6.23;;
779;19.2;25.2;0.5;8;100;6;Successful;Effective;No;No;No;No;No;No;0.0;-6.0;0.25;-6.1;0.39;-6.18;0.47;-6.23;0.51;-6.25;0.54;-6.24;0.55;-6.23;;
780;19.2;25.2;0.5;10;100;6;Successful;Effective;No;No;No;No;No;No;0.0;-6.0;0.25;-6.1;0.39;-6.18;0.47;-6.23;0.51;-6.25;0.54;-6.24;0.55;-6.23;;
781;19.2;25.2;0.5;5;80;7;Successful;Effective;No;No;No;No;No;No;0.0;-7.0;0.2;-7.11;0.31;-7.19;0.38;-7.24;0.41;-7.26;0.43;-7.24;0.44;-7.23;;
782;19.2;25.2;0.5;8;80;7;Successful;Effective;No;No;No;No;No;No;0.0;-7.0;0.2;-7.11;0.31;-7.19;0.38;-7.24;0.41;-7.26;0.43;-7.24;0.44;-7.23;;
783;19.2;25.2;0.5;10;80;7;Successful;Effective;No;No;No;No;No;No;0.0;-7.0;0.2;-7.11;0.31;-7.19;0.38;-7.24;0.41;-7.26;0.43;-7.24;0.44;-7.23;;
784;19.2;25.2;0.5;5;100;7;Successful;Effective;No;No;No;No;No;No;0.0;-7.0;0.25;-7.11;0.39;-7.2;0.47;-7.26;0.51;-7.28;0.54;-7.26;0.55;-7.25;;
785;19.2;25.2;0.5;8;100;7;Successful;Effective;No;No;No;No;No;No;0.0;-7.0;0.25;-7.11;0.39;-7.2;0.47;-7.26;0.51;-7.28;0.54;-7.26;0.55;-7.25;;
786;19.2;25.2;0.5;10;100;7;Successful;Effective;No;No;No;No;No;No;0.0;-7.0;0.25;-7.11;0.39;-7.2;0.47;-7.26;0.51;-7.28;0.54;-7.26;0.55;-7.25;;
787;19.2;25.2;0.5;5;80;8;Successful;Effective;No;No;No;No;No;No;0.0;-7.99;0.2;-8.12;0.31;-8.22;0.38;-8.27;0.41;-8.29;0.43;-8.26;0.44;-8.25;;
788;19.2;25.2;0.5;8;80;8;Successful;Effective;No;No;No;No;No;No;0.0;-7.99;0.2;-8.12;0.31;-8.22;0.38;-8.27;0.41;-8.29;0.43;-8.26;0.44;-8.25;;
789;19.2;25.2;0.5;10;80;8;Successful;Effective;No;No;No;No;No;No;0.0;-7.99;0.2;-8.12;0.31;-8.22;0.38;-8.27;0.41;-8.29;0.43;-8.26;0.44;-8.25;;
790;19.2;25.2;0.5;5;100;8;Successful;Effective;No;No;No;No;No;No;0.0;-8.0;0.25;-8.12;0.39;-8.23;0.47;-8.28;0.51;-8.3;0.54;-8.28;0.55;-8.27;;
791;19.2;25.2;0.5;8;100;8;Successful;Effective;No;No;No;No;No;No;0.0;-8.0;0.25;-8.12;0.39;-8.23;0.47;-8.28;0.51;-8.3;0.54;-8.28;0.55;-8.27;;
792;19.2;25.2;0.5;10;100;8;Successful;Effective;No;No;No;No;No;No;0.0;-8.0;0.25;-8.12;0.39;-8.23;0.47;-8.28;0.51;-8.3;0.54;-8.28;0.55;-8.27;;
793;19.3;25.3;0.5;5;80;5;Successful;Effective;No;No;No;No;No;No;0.0;-5.0;0.2;-5.08;0.31;-5.15;0.38;-5.19;0.41;-5.21;0.43;-5.19;0.44;-5.19;;
794;19.3;25.3;0.5;8;80;5;Successful;Effective;No;No;No;No;No;No;0.0;-5.0;0.2;-5.08;0.31;-5.15;0.38;-5.19;0.41;-5.21;0.43;-5.19;0.44;-5.19;;
795;19.3;25.3;0.5;10;80;5;Successful;Effective;No;No;No;No;No;No;0.0;-5.0;0.2;-5.08;0.31;-5.15;0.38;-5.19;0.41;-5.21;0.43;-5.19;0.44;-5.19;;
796;19.3;25.3;0.5;5;100;5;Successful;Effective;No;No;No;No;No;No;0.0;-5.0;0.25;-5.09;0.39;-5.16;0.47;-5.2;0.51;-5.22;0.54;-5.21;0.55;-5.21;;
797;19.3;25.3;0.5;8;100;5;Successful;Effective;No;No;No;No;No;No;0.0;-5.0;0.25;-5.09;0.39;-5.16;0.47;-5.2;0.51;-5.22;0.54;-5.21;0.55;-5.21;;
798;19.3;25.3;0.5;10;100;5;Successful;Effective;No;No;No;No;No;No;0.0;-5.0;0.25;-5.09;0.39;-5.16;0.47;-5.2;0.51;-5.22;0.54;-5.21;0.55;-5.21;;
799;19.3;25.3;0.5;5;80;6;Successful;Effective;No;No;No;No;No;No;0.0;-6.0;0.2;-6.1;0.31;-6.17;0.38;-6.22;0.41;-6.23;0.43;-6.22;0.44;-6.21;;
800;19.3;25.3;0.5;8;80;6;Successful;Effective;No;No;No;No;No;No;0.0;-6.0;0.2;-6.1;0.31;-6.17;0.38;-6.22;0.41;-6.23;0.43;-6.22;0.44;-6.21;;
801;19.3;25.3;0.5;10;80;6;Successful;Effective;No;No;No;No;No;No;0.0;-6.0;0.2;-6.1;0.31;-6.17;0.38;-6.22;0.41;-6.23;0.43;-6.22;0.44;-6.21;;
802;19.3;25.3;0.5;5;100;6;Successful;Effective;No;No;No;No;No;No;0.0;-6.0;0.25;-6.1;0.39;-6.18;0.47;-6.23;0.51;-6.25;0.54;-6.24;0.55;-6.23;;
803;19.3;25.3;0.5;8;100;6;Successful;Effective;No;No;No;No;No;No;0.0;-6.0;0.25;-6.1;0.39;-6.18;0.47;-6.23;0.51;-6.25;0.54;-6.24;0.55;-6.23;;
804;19.3;25.3;0.5;10;100;6;Successful;Effective;No;No;No;No;No;No;0.0;-6.0;0.25;-6.1;0.39;-6.18;0.47;-6.23;0.51;-6.25;0.54;-6.24;0.55;-6.23;;
805;19.3;25.3;0.5;5;80;7;Successful;Effective;No;No;No;No;No;No;0.0;-7.0;0.2;-7.11;0.31;-7.19;0.38;-7.24;0.41;-7.26;0.43;-7.24;0.44;-7.23;;
806;19.3;25.3;0.5;8;80;7;Successful;Effective;No;No;No;No;No;No;0.0;-7.0;0.2;-7.11;0.31;-7.19;0.38;-7.24;0.41;-7.26;0.43;-7.24;0.44;-7.23;;
807;19.3;25.3;0.5;10;80;7;Successful;Effective;No;No;No;No;No;No;0.0;-7.0;0.2;-7.11;0.31;-7.19;0.38;-7.24;0.41;-7.26;0.43;-7.24;0.44;-7.23;;
808;19.3;25.3;0.5;5;100;7;Successful;Effective;No;No;No;No;No;No;0.0;-7.0;0.25;-7.11;0.39;-7.2;0.47;-7.26;0.51;-7.28;0.54;-7.26;0.55;-7.25;;
809;19.3;25.3;0.5;8;100;7;Successful;Effective;No;No;No;No;No;No;0.0;-7.0;0.25;-7.11;0.39;-7.2;0.47;-7.26;0.51;-7.28;0.54;-7.26;0.55;-7.25;;
810;19.3;25.3;0.5;10;100;7;Successful;Effective;No;No;No;No;No;No;0.0;-7.0;0.25;-7.11;0.39;-7.2;0.47;-7.26;0.51;-7.28;0.54;-7.26;0.55;-7.25;;
811;19.3;25.3;0.5;5;80;8;Successful;Effective;No;No;No;No;No;No;0.0;-7.99;0.2;-8.12;0.31;-8.22;0.38;-8.27;0.41;-8.29;0.43;-8.26;0.44;-8.25;;
812;19.3;25.3;0.5;8;80;8;Successful;Effective;No;No;No;No;No;No;0.0;-7.99;0.2;-8.12;0.31;-8.22;0.38;-8.27;0.41;-8.29;0.43;-8.26;0.44;-8.25;;
813;19.3;25.3;0.5;10;80;8;Successful;Effective;No;No;No;No;No;No;0.0;-7.99;0.2;-8.12;0.31;-8.22;0.38;-8.27;0.41;-8.29;0.43;-8.26;0.44;-8.25;;
814;19.3;25.3;0.5;5;100;8;Successful;Effective;No;No;No;No;No;No;0.0;-8.0;0.25;-8.13;0.39;-8.23;0.47;-8.28;0.51;-8.31;0.54;-8.28;0.55;-8.27;;
815;19.3;25.3;0.5;8;100;8;Successful;Effective;No;No;No;No;No;No;0.0;-8.0;0.25;-8.13;0.39;-8.23;0.47;-8.28;0.51;-8.31;0.54;-8.28;0.55;-8.27;;
816;19.3;25.3;0.5;10;100;8;Successful;Effective;No;No;No;No;No;No;0.0;-8.0;0.25;-8.13;0.39;-8.23;0.47;-8.28;0.51;-8.31;0.54;-8.28;0.55;-8.27;;
817;19.4;25.4;0.5;5;80;5;Successful;Effective;No;No;No;No;No;No;0.0;-5.0;0.2;-5.08;0.31;-5.15;0.38;-5.19;0.41;-5.21;0.43;-5.19;0.44;-5.19;;
818;19.4;25.4;0.5;8;80;5;Successful;Effective;No;No;No;No;No;No;0.0;-5.0;0.2;-5.08;0.31;-5.15;0.38;-5.19;0.41;-5.21;0.43;-5.19;0.44;-5.19;;
819;19.4;25.4;0.5;10;80;5;Successful;Effective;No;No;No;No;No;No;0.0;-5.0;0.2;-5.08;0.31;-5.15;0.38;-5.19;0.41;-5.21;0.43;-5.19;0.44;-5.19;;
820;19.4;25.4;0.5;5;100;5;Successful;Effective;No;No;No;No;No;No;0.0;-5.0;0.25;-5.09;0.39;-5.16;0.47;-5.2;0.51;-5.22;0.54;-5.21;0.55;-5.21;;
821;19.4;25.4;0.5;8;100;5;Successful;Effective;No;No;No;No;No;No;0.0;-5.0;0.25;-5.09;0.39;-5.16;0.47;-5.2;0.51;-5.22;0.54;-5.21;0.55;-5.21;;
822;19.4;25.4;0.5;10;100;5;Successful;Effective;No;No;No;No;No;No;0.0;-5.0;0.25;-5.09;0.39;-5.16;0.47;-5.2;0.51;-5.22;0.54;-5.21;0.55;-5.21;;
823;19.4;25.4;0.5;5;80;6;Successful;Effective;No;No;No;No;No;No;0.0;-6.0;0.2;-6.1;0.31;-6.17;0.38;-6.22;0.41;-6.23;0.43;-6.22;0.44;-6.21;;
824;19.4;25.4;0.5;8;80;6;Successful;Effective;No;No;No;No;No;No;0.0;-6.0;0.2;-6.1;0.31;-6.17;0.38;-6.22;0.41;-6.23;0.43;-6.22;0.44;-6.21;;
825;19.4;25.4;0.5;10;80;6;Successful;Effective;No;No;No;No;No;No;0.0;-6.0;0.2;-6.1;0.31;-6.17;0.38;-6.22;0.41;-6.23;0.43;-6.22;0.44;-6.21;;
826;19.4;25.4;0.5;5;100;6;Successful;Effective;No;No;No;No;No;No;0.0;-6.0;0.25;-6.1;0.39;-6.18;0.47;-6.23;0.51;-6.25;0.54;-6.24;0.55;-6.23;;
827;19.4;25.4;0.5;8;100;6;Successful;Effective;No;No;No;No;No;No;0.0;-6.0;0.25;-6.1;0.39;-6.18;0.47;-6.23;0.51;-6.25;0.54;-6.24;0.55;-6.23;;
828;19.4;25.4;0.5;10;100;6;Successful;Effective;No;No;No;No;No;No;0.0;-6.0;0.25;-6.1;0.39;-6.18;0.47;-6.23;0.51;-6.25;0.54;-6.24;0.55;-6.23;;
829;19.4;25.4;0.5;5;80;7;Successful;Effective;No;No;No;No;No;No;0.0;-7.0;0.2;-7.11;0.31;-7.19;0.38;-7.24;0.41;-7.26;0.43;-7.24;0.44;-7.23;;
830;19.4;25.4;0.5;8;80;7;Successful;Effective;No;No;No;No;No;No;0.0;-7.0;0.2;-7.11;0.31;-7.19;0.38;-7.24;0.41;-7.26;0.43;-7.24;0.44;-7.23;;
831;19.4;25.4;0.5;10;80;7;Successful;Effective;No;No;No;No;No;No;0.0;-7.0;0.2;-7.11;0.31;-7.19;0.38;-7.24;0.41;-7.26;0.43;-7.24;0.44;-7.23;;
832;19.4;25.4;0.5;5;100;7;Successful;Effective;No;No;No;No;No;No;0.0;-7.0;0.25;-7.11;0.39;-7.2;0.47;-7.26;0.51;-7.28;0.54;-7.26;0.55;-7.25;;
833;19.4;25.4;0.5;8;100;7;Successful;Effective;No;No;No;No;No;No;0.0;-7.0;0.25;-7.11;0.39;-7.2;0.47;-7.26;0.51;-7.28;0.54;-7.26;0.55;-7.25;;
834;19.4;25.4;0.5;10;100;7;Successful;Effective;No;No;No;No;No;No;0.0;-7.0;0.25;-7.11;0.39;-7.2;0.47;-7.26;0.51;-7.28;0.54;-7.26;0.55;-7.25;;
835;19.4;25.4;0.5;5;80;8;Successful;Effective;No;No;No;No;No;No;0.0;-7.99;0.2;-8.12;0.31;-8.22;0.38;-8.27;0.41;-8.29;0.43;-8.26;0.44;-8.25;;
836;19.4;25.4;0.5;8;80;8;Successful;Effective;No;No;No;No;No;No;0.0;-7.99;0.2;-8.12;0.31;-8.22;0.38;-8.27;0.41;-8.29;0.43;-8.26;0.44;-8.25;;
837;19.4;25.4;0.5;10;80;8;Successful;Effective;No;No;No;No;No;No;0.0;-7.99;0.2;-8.12;0.31;-8.22;0.38;-8.27;0.41;-8.29;0.43;-8.26;0.44;-8.25;;
838;19.4;25.4;0.5;5;100;8;Successful;Effective;No;No;No;No;No;No;0.0;-8.0;0.25;-8.13;0.39;-8.23;0.47;-8.28;0.51;-8.31;0.54;-8.28;0.55;-8.27;;
839;19.4;25.4;0.5;8;100;8;Successful;Effective;No;No;No;No;No;No;0.0;-8.0;0.25;-8.13;0.39;-8.23;0.47;-8.28;0.51;-8.31;0.54;-8.28;0.55;-8.27;;
840;19.4;25.4;0.5;10;100;8;Successful;Effective;No;No;No;No;No;No;0.0;-8.0;0.25;-8.13;0.39;-8.23;0.47;-8.28;0.51;-8.31;0.54;-8.28;0.55;-8.27;;
841;19.5;25.5;0.5;5;80;5;Successful;Effective;No;No;No;No;No;No;0.0;-5.0;0.2;-5.08;0.31;-5.15;0.38;-5.19;0.41;-5.21;0.43;-5.19;0.44;-5.19;;
842;19.5;25.5;0.5;8;80;5;Successful;Effective;No;No;No;No;No;No;0.0;-5.0;0.2;-5.08;0.31;-5.15;0.38;-5.19;0.41;-5.21;0.43;-5.19;0.44;-5.19;;
843;19.5;25.5;0.5;10;80;5;Successful;Effective;No;No;No;No;No;No;0.0;-5.0;0.2;-5.08;0.31;-5.15;0.38;-5.19;0.41;-5.21;0.43;-5.19;0.44;-5.19;;
844;19.5;25.5;0.5;5;100;5;Successful;Effective;No;No;No;No;No;No;0.0;-5.0;0.25;-5.09;0.39;-5.16;0.47;-5.2;0.51;-5.22;0.54;-5.21;0.55;-5.21;;
845;19.5;25.5;0.5;8;100;5;Successful;Effective;No;No;No;No;No;No;0.0;-5.0;0.25;-5.09;0.39;-5.16;0.47;-5.2;0.51;-5.22;0.54;-5.21;0.55;-5.21;;
846;19.5;25.5;0.5;10;100;5;Successful;Effective;No;No;No;No;No;No;0.0;-5.0;0.25;-5.09;0.39;-5.16;0.47;-5.2;0.51;-5.22;0.54;-5.21;0.55;-5.21;;
847;19.5;25.5;0.5;5;80;6;Successful;Effective;No;No;No;No;No;No;0.0;-6.0;0.2;-6.1;0.31;-6.17;0.38;-6.22;0.41;-6.23;0.43;-6.22;0.44;-6.21;;
848;19.5;25.5;0.5;8;80;6;Successful;Effective;No;No;No;No;No;No;0.0;-6.0;0.2;-6.1;0.31;-6.17;0.38;-6.22;0.41;-6.23;0.43;-6.22;0.44;-6.21;;
849;19.5;25.5;0.5;10;80;6;Successful;Effective;No;No;No;No;No;No;0.0;-6.0;0.2;-6.1;0.31;-6.17;0.38;-6.22;0.41;-6.23;0.43;-6.22;0.44;-6.21;;
850;19.5;25.5;0.5;5;100;6;Successful;Effective;No;No;No;No;No;No;0.0;-6.0;0.25;-6.1;0.39;-6.18;0.47;-6.23;0.51;-6.25;0.54;-6.24;0.55;-6.23;;
851;19.5;25.5;0.5;8;100;6;Successful;Effective;No;No;No;No;No;No;0.0;-6.0;0.25;-6.1;0.39;-6.18;0.47;-6.23;0.51;-6.25;0.54;-6.24;0.55;-6.23;;
852;19.5;25.5;0.5;10;100;6;Successful;Effective;No;No;No;No;No;No;0.0;-6.0;0.25;-6.1;0.39;-6.18;0.47;-6.23;0.51;-6.25;0.54;-6.24;0.55;-6.23;;
853;19.5;25.5;0.5;5;80;7;Successful;Effective;No;No;No;No;No;No;0.0;-7.0;0.2;-7.11;0.31;-7.19;0.38;-7.24;0.41;-7.26;0.43;-7.24;0.44;-7.23;;
854;19.5;25.5;0.5;8;80;7;Successful;Effective;No;No;No;No;No;No;0.0;-7.0;0.2;-7.11;0.31;-7.19;0.38;-7.24;0.41;-7.26;0.43;-7.24;0.44;-7.23;;
855;19.5;25.5;0.5;10;80;7;Successful;Effective;No;No;No;No;No;No;0.0;-7.0;0.2;-7.11;0.31;-7.19;0.38;-7.24;0.41;-7.26;0.43;-7.24;0.44;-7.23;;
856;19.5;25.5;0.5;5;100;7;Successful;Effective;No;No;No;No;No;No;0.0;-7.0;0.25;-7.11;0.39;-7.2;0.47;-7.26;0.51;-7.28;0.54;-7.26;0.55;-7.25;;
857;19.5;25.5;0.5;8;100;7;Successful;Effective;No;No;No;No;No;No;0.0;-7.0;0.25;-7.11;0.39;-7.2;0.47;-7.26;0.51;-7.28;0.54;-7.26;0.55;-7.25;;
858;19.5;25.5;0.5;10;100;7;Successful;Effective;No;No;No;No;No;No;0.0;-7.0;0.25;-7.11;0.39;-7.2;0.47;-7.26;0.51;-7.28;0.54;-7.26;0.55;-7.25;;
859;19.5;25.5;0.5;5;80;8;Successful;Effective;No;No;No;No;No;No;0.0;-7.99;0.2;-8.12;0.31;-8.22;0.38;-8.27;0.41;-8.29;0.43;-8.26;0.44;-8.25;;
860;19.5;25.5;0.5;8;80;8;Successful;Effective;No;No;No;No;No;No;0.0;-7.99;0.2;-8.12;0.31;-8.22;0.38;-8.27;0.41;-8.29;0.43;-8.26;0.44;-8.25;;
861;19.5;25.5;0.5;10;80;8;Successful;Effective;No;No;No;No;No;No;0.0;-7.99;0.2;-8.12;0.31;-8.22;0.38;-8.27;0.41;-8.29;0.43;-8.26;0.44;-8.25;;
862;19.5;25.5;0.5;5;100;8;Successful;Effective;No;No;No;No;No;No;0.0;-8.0;0.25;-8.13;0.39;-8.23;0.47;-8.28;0.51;-8.31;0.54;-8.28;0.55;-8.27;;
863;19.5;25.5;0.5;8;100;8;Successful;Effective;No;No;No;No;No;No;0.0;-8.0;0.25;-8.13;0.39;-8.23;0.47;-8.28;0.51;-8.31;0.54;-8.28;0.55;-8.27;;
864;19.5;25.5;0.5;10;100;8;Successful;Effective;No;No;No;No;No;No;0.0;-8.0;0.25;-8.13;0.39;-8.23;0.47;-8.28;0.51;-8.31;0.54;-8.28;0.55;-8.27;;
865;19.6;25.6;0.5;5;80;5;Successful;Effective;No;No;No;No;No;No;0.0;-5.0;0.2;-5.08;0.31;-5.15;0.38;-5.19;0.41;-5.21;0.43;-5.19;0.44;-5.19;;
866;19.6;25.6;0.5;8;80;5;Successful;Effective;No;No;No;No;No;No;0.0;-5.0;0.2;-5.08;0.31;-5.15;0.38;-5.19;0.41;-5.21;0.43;-5.19;0.44;-5.19;;
867;19.6;25.6;0.5;10;80;5;Successful;Effective;No;No;No;No;No;No;0.0;-5.0;0.2;-5.08;0.31;-5.15;0.38;-5.19;0.41;-5.21;0.43;-5.19;0.44;-5.19;;
868;19.6;25.6;0.5;5;100;5;Successful;Effective;No;No;No;No;No;No;0.0;-5.0;0.25;-5.09;0.39;-5.16;0.47;-5.2;0.51;-5.22;0.54;-5.21;0.55;-5.21;;
869;19.6;25.6;0.5;8;100;5;Successful;Effective;No;No;No;No;No;No;0.0;-5.0;0.25;-5.09;0.39;-5.16;0.47;-5.2;0.51;-5.22;0.54;-5.21;0.55;-5.21;;
870;19.6;25.6;0.5;10;100;5;Successful;Effective;No;No;No;No;No;No;0.0;-5.0;0.25;-5.09;0.39;-5.16;0.47;-5.2;0.51;-5.22;0.54;-5.21;0.55;-5.21;;
871;19.6;25.6;0.5;5;80;6;Successful;Effective;No;No;No;No;No;No;0.0;-6.0;0.2;-6.1;0.31;-6.17;0.38;-6.21;0.41;-6.23;0.43;-6.22;0.44;-6.21;;
872;19.6;25.6;0.5;8;80;6;Successful;Effective;No;No;No;No;No;No;0.0;-6.0;0.2;-6.1;0.31;-6.17;0.38;-6.21;0.41;-6.23;0.43;-6.22;0.44;-6.21;;
873;19.6;25.6;0.5;10;80;6;Successful;Effective;No;No;No;No;No;No;0.0;-6.0;0.2;-6.1;0.31;-6.17;0.38;-6.21;0.41;-6.23;0.43;-6.22;0.44;-6.21;;
874;19.6;25.6;0.5;5;100;6;Successful;Effective;No;No;No;No;No;No;0.0;-6.0;0.25;-6.1;0.39;-6.18;0.47;-6.23;0.51;-6.25;0.54;-6.24;0.55;-6.23;;
875;19.6;25.6;0.5;8;100;6;Successful;Effective;No;No;No;No;No;No;0.0;-6.0;0.25;-6.1;0.39;-6.18;0.47;-6.23;0.51;-6.25;0.54;-6.24;0.55;-6.23;;
876;19.6;25.6;0.5;10;100;6;Successful;Effective;No;No;No;No;No;No;0.0;-6.0;0.25;-6.1;0.39;-6.18;0.47;-6.23;0.51;-6.25;0.54;-6.24;0.55;-6.23;;
877;19.6;25.6;0.5;5;80;7;Successful;Effective;No;No;No;No;No;No;0.0;-7.0;0.2;-7.11;0.31;-7.19;0.38;-7.24;0.41;-7.26;0.43;-7.24;0.44;-7.23;;
878;19.6;25.6;0.5;8;80;7;Successful;Effective;No;No;No;No;No;No;0.0;-7.0;0.2;-7.11;0.31;-7.19;0.38;-7.24;0.41;-7.26;0.43;-7.24;0.44;-7.23;;
879;19.6;25.6;0.5;10;80;7;Successful;Effective;No;No;No;No;No;No;0.0;-7.0;0.2;-7.11;0.31;-7.19;0.38;-7.24;0.41;-7.26;0.43;-7.24;0.44;-7.23;;
880;19.6;25.6;0.5;5;100;7;Successful;Effective;No;No;No;No;No;No;0.0;-7.0;0.25;-7.12;0.39;-7.2;0.47;-7.26;0.51;-7.28;0.54;-7.26;0.55;-7.25;;
881;19.6;25.6;0.5;8;100;7;Successful;Effective;No;No;No;No;No;No;0.0;-7.0;0.25;-7.12;0.39;-7.2;0.47;-7.26;0.51;-7.28;0.54;-7.26;0.55;-7.25;;
882;19.6;25.6;0.5;10;100;7;Successful;Effective;No;No;No;No;No;No;0.0;-7.0;0.25;-7.12;0.39;-7.2;0.47;-7.26;0.51;-7.28;0.54;-7.26;0.55;-7.25;;
883;19.6;25.6;0.5;5;80;8;Successful;Effective;No;No;No;No;No;No;0.0;-7.99;0.2;-8.12;0.31;-8.22;0.38;-8.27;0.41;-8.29;0.43;-8.26;0.44;-8.25;;
884;19.6;25.6;0.5;8;80;8;Successful;Effective;No;No;No;No;No;No;0.0;-7.99;0.2;-8.12;0.31;-8.22;0.38;-8.27;0.41;-8.29;0.43;-8.26;0.44;-8.25;;
885;19.6;25.6;0.5;10;80;8;Successful;Effective;No;No;No;No;No;No;0.0;-7.99;0.2;-8.12;0.31;-8.22;0.38;-8.27;0.41;-8.29;0.43;-8.26;0.44;-8.25;;
886;19.6;25.6;0.5;5;100;8;Successful;Effective;No;No;No;No;No;No;0.0;-8.0;0.25;-8.13;0.39;-8.23;0.47;-8.28;0.51;-8.3;0.54;-8.28;0.55;-8.27;;
887;19.6;25.6;0.5;8;100;8;Successful;Effective;No;No;No;No;No;No;0.0;-8.0;0.25;-8.13;0.39;-8.23;0.47;-8.28;0.51;-8.3;0.54;-8.28;0.55;-8.27;;
888;19.6;25.6;0.5;10;100;8;Successful;Effective;No;No;No;No;No;No;0.0;-8.0;0.25;-8.13;0.39;-8.23;0.47;-8.28;0.51;-8.3;0.54;-8.28;0.55;-8.27;;
889;19.7;25.7;0.5;5;80;5;Successful;Effective;No;No;No;No;No;No;0.0;-5.0;0.2;-5.08;0.31;-5.15;0.38;-5.19;0.41;-5.21;0.43;-5.19;0.44;-5.19;;
890;19.7;25.7;0.5;8;80;5;Successful;Effective;No;No;No;No;No;No;0.0;-5.0;0.2;-5.08;0.31;-5.15;0.38;-5.19;0.41;-5.21;0.43;-5.19;0.44;-5.19;;
891;19.7;25.7;0.5;10;80;5;Successful;Effective;No;No;No;No;No;No;0.0;-5.0;0.2;-5.08;0.31;-5.15;0.38;-5.19;0.41;-5.21;0.43;-5.19;0.44;-5.19;;
892;19.7;25.7;0.5;5;100;5;Successful;Effective;No;No;No;No;No;No;0.0;-5.0;0.25;-5.09;0.39;-5.16;0.47;-5.2;0.51;-5.22;0.54;-5.21;0.55;-5.21;;
893;19.7;25.7;0.5;8;100;5;Successful;Effective;No;No;No;No;No;No;0.0;-5.0;0.25;-5.09;0.39;-5.16;0.47;-5.2;0.51;-5.22;0.54;-5.21;0.55;-5.21;;
894;19.7;25.7;0.5;10;100;5;Successful;Effective;No;No;No;No;No;No;0.0;-5.0;0.25;-5.09;0.39;-5.16;0.47;-5.2;0.51;-5.22;0.54;-5.21;0.55;-5.21;;
895;19.7;25.7;0.5;5;80;6;Successful;Effective;No;No;No;No;No;No;0.0;-6.0;0.2;-6.1;0.31;-6.17;0.38;-6.21;0.41;-6.23;0.43;-6.22;0.44;-6.21;;
896;19.7;25.7;0.5;8;80;6;Successful;Effective;No;No;No;No;No;No;0.0;-6.0;0.2;-6.1;0.31;-6.17;0.38;-6.21;0.41;-6.23;0.43;-6.22;0.44;-6.21;;
897;19.7;25.7;0.5;10;80;6;Successful;Effective;No;No;No;No;No;No;0.0;-6.0;0.2;-6.1;0.31;-6.17;0.38;-6.21;0.41;-6.23;0.43;-6.22;0.44;-6.21;;
898;19.7;25.7;0.5;5;100;6;Successful;Effective;No;No;No;No;No;No;0.0;-6.0;0.25;-6.1;0.39;-6.18;0.47;-6.23;0.51;-6.25;0.54;-6.24;0.55;-6.23;;
899;19.7;25.7;0.5;8;100;6;Successful;Effective;No;No;No;No;No;No;0.0;-6.0;0.25;-6.1;0.39;-6.18;0.47;-6.23;0.51;-6.25;0.54;-6.24;0.55;-6.23;;
900;19.7;25.7;0.5;10;100;6;Successful;Effective;No;No;No;No;No;No;0.0;-6.0;0.25;-6.1;0.39;-6.18;0.47;-6.23;0.51;-6.25;0.54;-6.24;0.55;-6.23;;
901;19.7;25.7;0.5;5;80;7;Successful;Effective;No;No;No;No;No;No;0.0;-7.0;0.2;-7.11;0.31;-7.19;0.38;-7.24;0.41;-7.26;0.43;-7.24;0.44;-7.23;;
902;19.7;25.7;0.5;8;80;7;Successful;Effective;No;No;No;No;No;No;0.0;-7.0;0.2;-7.11;0.31;-7.19;0.38;-7.24;0.41;-7.26;0.43;-7.24;0.44;-7.23;;
903;19.7;25.7;0.5;10;80;7;Successful;Effective;No;No;No;No;No;No;0.0;-7.0;0.2;-7.11;0.31;-7.19;0.38;-7.24;0.41;-7.26;0.43;-7.24;0.44;-7.23;;
904;19.7;25.7;0.5;5;100;7;Successful;Effective;No;No;No;No;No;No;0.0;-7.0;0.25;-7.12;0.39;-7.2;0.47;-7.25;0.51;-7.28;0.54;-7.26;0.55;-7.25;;
905;19.7;25.7;0.5;8;100;7;Successful;Effective;No;No;No;No;No;No;0.0;-7.0;0.25;-7.12;0.39;-7.2;0.47;-7.25;0.51;-7.28;0.54;-7.26;0.55;-7.25;;
906;19.7;25.7;0.5;10;100;7;Successful;Effective;No;No;No;No;No;No;0.0;-7.0;0.25;-7.12;0.39;-7.2;0.47;-7.25;0.51;-7.28;0.54;-7.26;0.55;-7.25;;
907;19.7;25.7;0.5;5;80;8;Successful;Effective;No;No;No;No;No;No;0.0;-7.99;0.2;-8.13;0.31;-8.22;0.38;-8.27;0.41;-8.29;0.43;-8.26;0.44;-8.25;;
908;19.7;25.7;0.5;8;80;8;Successful;Effective;No;No;No;No;No;No;0.0;-7.99;0.2;-8.13;0.31;-8.22;0.38;-8.27;0.41;-8.29;0.43;-8.26;0.44;-8.25;;
909;19.7;25.7;0.5;10;80;8;Successful;Effective;No;No;No;No;No;No;0.0;-7.99;0.2;-8.13;0.31;-8.22;0.38;-8.27;0.41;-8.29;0.43;-8.26;0.44;-8.25;;
910;19.7;25.7;0.5;5;100;8;Successful;Effective;No;No;No;No;No;No;0.0;-8.0;0.25;-8.13;0.39;-8.22;0.47;-8.28;0.51;-8.3;0.54;-8.28;0.55;-8.27;;
911;19.7;25.7;0.5;8;100;8;Successful;Effective;No;No;No;No;No;No;0.0;-8.0;0.25;-8.13;0.39;-8.22;0.47;-8.28;0.51;-8.3;0.54;-8.28;0.55;-8.27;;
912;19.7;25.7;0.5;10;100;8;Successful;Effective;No;No;No;No;No;No;0.0;-8.0;0.25;-8.13;0.39;-8.22;0.47;-8.28;0.51;-8.3;0.54;-8.28;0.55;-8.27;;
913;19.8;25.8;0.5;5;80;5;Successful;Effective;No;No;No;No;No;No;0.0;-5.0;0.2;-5.08;0.31;-5.15;0.38;-5.19;0.41;-5.2;0.43;-5.19;0.44;-5.19;;
914;19.8;25.8;0.5;8;80;5;Successful;Effective;No;No;No;No;No;No;0.0;-5.0;0.2;-5.08;0.31;-5.15;0.38;-5.19;0.41;-5.2;0.43;-5.19;0.44;-5.19;;
915;19.8;25.8;0.5;10;80;5;Successful;Effective;No;No;No;No;No;No;0.0;-5.0;0.2;-5.08;0.31;-5.15;0.38;-5.19;0.41;-5.2;0.43;-5.19;0.44;-5.19;;
916;19.8;25.8;0.5;5;100;5;Successful;Effective;No;No;No;No;No;No;0.0;-5.0;0.25;-5.09;0.39;-5.16;0.47;-5.2;0.51;-5.22;0.54;-5.21;0.55;-5.21;;
917;19.8;25.8;0.5;8;100;5;Successful;Effective;No;No;No;No;No;No;0.0;-5.0;0.25;-5.09;0.39;-5.16;0.47;-5.2;0.51;-5.22;0.54;-5.21;0.55;-5.21;;
918;19.8;25.8;0.5;10;100;5;Successful;Effective;No;No;No;No;No;No;0.0;-5.0;0.25;-5.09;0.39;-5.16;0.47;-5.2;0.51;-5.22;0.54;-5.21;0.55;-5.21;;
919;19.8;25.8;0.5;5;80;6;Successful;Effective;No;No;No;No;No;No;0.0;-6.0;0.2;-6.1;0.31;-6.17;0.38;-6.21;0.41;-6.23;0.43;-6.21;0.44;-6.21;;
920;19.8;25.8;0.5;8;80;6;Successful;Effective;No;No;No;No;No;No;0.0;-6.0;0.2;-6.1;0.31;-6.17;0.38;-6.21;0.41;-6.23;0.43;-6.21;0.44;-6.21;;
921;19.8;25.8;0.5;10;80;6;Successful;Effective;No;No;No;No;No;No;0.0;-6.0;0.2;-6.1;0.31;-6.17;0.38;-6.21;0.41;-6.23;0.43;-6.21;0.44;-6.21;;
922;19.8;25.8;0.5;5;100;6;Successful;Effective;No;No;No;No;No;No;0.0;-6.0;0.25;-6.1;0.39;-6.18;0.47;-6.23;0.51;-6.25;0.54;-6.23;0.55;-6.23;;
923;19.8;25.8;0.5;8;100;6;Successful;Effective;No;No;No;No;No;No;0.0;-6.0;0.25;-6.1;0.39;-6.18;0.47;-6.23;0.51;-6.25;0.54;-6.23;0.55;-6.23;;
924;19.8;25.8;0.5;10;100;6;Successful;Effective;No;No;No;No;No;No;0.0;-6.0;0.25;-6.1;0.39;-6.18;0.47;-6.23;0.51;-6.25;0.54;-6.23;0.55;-6.23;;
925;19.8;25.8;0.5;5;80;7;Successful;Effective;No;No;No;No;No;No;0.0;-7.0;0.2;-7.11;0.31;-7.19;0.38;-7.24;0.41;-7.26;0.43;-7.24;0.44;-7.23;;
926;19.8;25.8;0.5;8;80;7;Successful;Effective;No;No;No;No;No;No;0.0;-7.0;0.2;-7.11;0.31;-7.19;0.38;-7.24;0.41;-7.26;0.43;-7.24;0.44;-7.23;;
927;19.8;25.8;0.5;10;80;7;Successful;Effective;No;No;No;No;No;No;0.0;-7.0;0.2;-7.11;0.31;-7.19;0.38;-7.24;0.41;-7.26;0.43;-7.24;0.44;-7.23;;
928;19.8;25.8;0.5;5;100;7;Successful;Effective;No;No;No;No;No;No;0.0;-7.0;0.25;-7.12;0.39;-7.2;0.47;-7.25;0.51;-7.28;0.54;-7.26;0.55;-7.25;;
929;19.8;25.8;0.5;8;100;7;Successful;Effective;No;No;No;No;No;No;0.0;-7.0;0.25;-7.12;0.39;-7.2;0.47;-7.25;0.51;-7.28;0.54;-7.26;0.55;-7.25;;
930;19.8;25.8;0.5;10;100;7;Successful;Effective;No;No;No;No;No;No;0.0;-7.0;0.25;-7.12;0.39;-7.2;0.47;-7.25;0.51;-7.28;0.54;-7.26;0.55;-7.25;;
931;19.8;25.8;0.5;5;80;8;Successful;Effective;No;No;No;No;No;No;0.0;-7.99;0.2;-8.13;0.31;-8.21;0.38;-8.27;0.41;-8.29;0.43;-8.26;0.44;-8.25;;
932;19.8;25.8;0.5;8;80;8;Successful;Effective;No;No;No;No;No;No;0.0;-7.99;0.2;-8.13;0.31;-8.21;0.38;-8.27;0.41;-8.29;0.43;-8.26;0.44;-8.25;;
933;19.8;25.8;0.5;10;80;8;Successful;Effective;No;No;No;No;No;No;0.0;-7.99;0.2;-8.13;0.31;-8.21;0.38;-8.27;0.41;-8.29;0.43;-8.26;0.44;-8.25;;
934;19.8;25.8;0.5;5;100;8;Successful;Effective;No;No;No;No;No;No;0.0;-8.0;0.25;-8.13;0.39;-8.22;0.47;-8.28;0.51;-8.3;0.54;-8.28;0.55;-8.27;;
935;19.8;25.8;0.5;8;100;8;Successful;Effective;No;No;No;No;No;No;0.0;-8.0;0.25;-8.13;0.39;-8.22;0.47;-8.28;0.51;-8.3;0.54;-8.28;0.55;-8.27;;
936;19.8;25.8;0.5;10;100;8;Successful;Effective;No;No;No;No;No;No;0.0;-8.0;0.25;-8.13;0.39;-8.22;0.47;-8.28;0.51;-8.3;0.54;-8.28;0.55;-8.27;;
937;19.9;25.9;0.5;5;80;5;Successful;Effective;No;No;No;No;No;No;0.0;-5.0;0.2;-5.08;0.31;-5.15;0.38;-5.19;0.41;-5.2;0.43;-5.19;0.44;-5.19;;
938;19.9;25.9;0.5;8;80;5;Successful;Effective;No;No;No;No;No;No;0.0;-5.0;0.2;-5.08;0.31;-5.15;0.38;-5.19;0.41;-5.2;0.43;-5.19;0.44;-5.19;;
939;19.9;25.9;0.5;10;80;5;Successful;Effective;No;No;No;No;No;No;0.0;-5.0;0.2;-5.08;0.31;-5.15;0.38;-5.19;0.41;-5.2;0.43;-5.19;0.44;-5.19;;
940;19.9;25.9;0.5;5;100;5;Successful;Effective;No;No;No;No;No;No;0.0;-5.0;0.25;-5.09;0.39;-5.16;0.47;-5.2;0.51;-5.22;0.54;-5.21;0.55;-5.21;;
941;19.9;25.9;0.5;8;100;5;Successful;Effective;No;No;No;No;No;No;0.0;-5.0;0.25;-5.09;0.39;-5.16;0.47;-5.2;0.51;-5.22;0.54;-5.21;0.55;-5.21;;
942;19.9;25.9;0.5;10;100;5;Successful;Effective;No;No;No;No;No;No;0.0;-5.0;0.25;-5.09;0.39;-5.16;0.47;-5.2;0.51;-5.22;0.54;-5.21;0.55;-5.21;;
943;19.9;25.9;0.5;5;80;6;Successful;Effective;No;No;No;No;No;No;0.0;-6.0;0.2;-6.1;0.31;-6.17;0.38;-6.21;0.41;-6.23;0.43;-6.21;0.44;-6.21;;
944;19.9;25.9;0.5;8;80;6;Successful;Effective;No;No;No;No;No;No;0.0;-6.0;0.2;-6.1;0.31;-6.17;0.38;-6.21;0.41;-6.23;0.43;-6.21;0.44;-6.21;;
945;19.9;25.9;0.5;10;80;6;Successful;Effective;No;No;No;No;No;No;0.0;-6.0;0.2;-6.1;0.31;-6.17;0.38;-6.21;0.41;-6.23;0.43;-6.21;0.44;-6.21;;
946;19.9;25.9;0.5;5;100;6;Successful;Effective;No;No;No;No;No;No;0.0;-6.0;0.25;-6.1;0.39;-6.18;0.47;-6.23;0.51;-6.25;0.54;-6.23;0.55;-6.23;;
947;19.9;25.9;0.5;8;100;6;Successful;Effective;No;No;No;No;No;No;0.0;-6.0;0.25;-6.1;0.39;-6.18;0.47;-6.23;0.51;-6.25;0.54;-6.23;0.55;-6.23;;
948;19.9;25.9;0.5;10;100;6;Successful;Effective;No;No;No;No;No;No;0.0;-6.0;0.25;-6.1;0.39;-6.18;0.47;-6.23;0.51;-6.25;0.54;-6.23;0.55;-6.23;;
949;19.9;25.9;0.5;5;80;7;Successful;Effective;No;No;No;No;No;No;0.0;-7.0;0.2;-7.11;0.31;-7.19;0.38;-7.24;0.41;-7.26;0.43;-7.24;0.44;-7.23;;
950;19.9;25.9;0.5;8;80;7;Successful;Effective;No;No;No;No;No;No;0.0;-7.0;0.2;-7.11;0.31;-7.19;0.38;-7.24;0.41;-7.26;0.43;-7.24;0.44;-7.23;;
951;19.9;25.9;0.5;10;80;7;Successful;Effective;No;No;No;No;No;No;0.0;-7.0;0.2;-7.11;0.31;-7.19;0.38;-7.24;0.41;-7.26;0.43;-7.24;0.44;-7.23;;
952;19.9;25.9;0.5;5;100;7;Successful;Effective;No;No;No;No;No;No;0.0;-7.0;0.25;-7.12;0.39;-7.2;0.47;-7.25;0.51;-7.27;0.54;-7.26;0.55;-7.25;;
953;19.9;25.9;0.5;8;100;7;Successful;Effective;No;No;No;No;No;No;0.0;-7.0;0.25;-7.12;0.39;-7.2;0.47;-7.25;0.51;-7.27;0.54;-7.26;0.55;-7.25;;
954;19.9;25.9;0.5;10;100;7;Successful;Effective;No;No;No;No;No;No;0.0;-7.0;0.25;-7.12;0.39;-7.2;0.47;-7.25;0.51;-7.27;0.54;-7.26;0.55;-7.25;;
955;19.9;25.9;0.5;5;80;8;Successful;Effective;No;No;No;No;No;No;0.0;-7.99;0.2;-8.13;0.31;-8.21;0.38;-8.26;0.41;-8.28;0.43;-8.26;0.44;-8.25;;
956;19.9;25.9;0.5;8;80;8;Successful;Effective;No;No;No;No;No;No;0.0;-7.99;0.2;-8.13;0.31;-8.21;0.38;-8.26;0.41;-8.28;0.43;-8.26;0.44;-8.25;;
957;19.9;25.9;0.5;10;80;8;Successful;Effective;No;No;No;No;No;No;0.0;-7.99;0.2;-8.13;0.31;-8.21;0.38;-8.26;0.41;-8.28;0.43;-8.26;0.44;-8.25;;
958;19.9;25.9;0.5;5;100;8;Successful;Effective;No;No;No;No;No;No;0.0;-8.0;0.25;-8.13;0.39;-8.22;0.47;-8.28;0.51;-8.3;0.54;-8.28;0.55;-8.27;;
959;19.9;25.9;0.5;8;100;8;Successful;Effective;No;No;No;No;No;No;0.0;-8.0;0.25;-8.13;0.39;-8.22;0.47;-8.28;0.51;-8.3;0.54;-8.28;0.55;-8.27;;
960;19.9;25.9;0.5;10;100;8;Successful;Effective;No;No;No;No;No;No;0.0;-8.0;0.25;-8.13;0.39;-8.22;0.47;-8.28;0.51;-8.3;0.54;-8.28;0.55;-8.27;;
961;20.0;26.0;0.5;5;80;5;Successful;Effective;No;No;No;No;No;No;0.0;-5.0;0.2;-5.08;0.31;-5.15;0.38;-5.19;0.41;-5.2;0.43;-5.19;0.44;-5.19;;
962;20.0;26.0;0.5;8;80;5;Successful;Effective;No;No;No;No;No;No;0.0;-5.0;0.2;-5.08;0.31;-5.15;0.38;-5.19;0.41;-5.2;0.43;-5.19;0.44;-5.19;;
963;20.0;26.0;0.5;10;80;5;Successful;Effective;No;No;No;No;No;No;0.0;-5.0;0.2;-5.08;0.31;-5.15;0.38;-5.19;0.41;-5.2;0.43;-5.19;0.44;-5.19;;
964;20.0;26.0;0.5;5;100;5;Successful;Effective;No;No;No;No;No;No;0.0;-5.0;0.25;-5.09;0.39;-5.16;0.47;-5.2;0.51;-5.22;0.54;-5.21;0.55;-5.21;;
965;20.0;26.0;0.5;8;100;5;Successful;Effective;No;No;No;No;No;No;0.0;-5.0;0.25;-5.09;0.39;-5.16;0.47;-5.2;0.51;-5.22;0.54;-5.21;0.55;-5.21;;
966;20.0;26.0;0.5;10;100;5;Successful;Effective;No;No;No;No;No;No;0.0;-5.0;0.25;-5.09;0.39;-5.16;0.47;-5.2;0.51;-5.22;0.54;-5.21;0.55;-5.21;;
967;20.0;26.0;0.5;5;80;6;Successful;Effective;No;No;No;No;No;No;0.0;-6.0;0.2;-6.1;0.31;-6.17;0.38;-6.21;0.41;-6.23;0.43;-6.21;0.44;-6.21;;
968;20.0;26.0;0.5;8;80;6;Successful;Effective;No;No;No;No;No;No;0.0;-6.0;0.2;-6.1;0.31;-6.17;0.38;-6.21;0.41;-6.23;0.43;-6.21;0.44;-6.21;;
969;20.0;26.0;0.5;10;80;6;Successful;Effective;No;No;No;No;No;No;0.0;-6.0;0.2;-6.1;0.31;-6.17;0.38;-6.21;0.41;-6.23;0.43;-6.21;0.44;-6.21;;
970;20.0;26.0;0.5;5;100;6;Successful;Effective;No;No;No;No;No;No;0.0;-6.0;0.25;-6.1;0.39;-6.18;0.47;-6.22;0.51;-6.25;0.54;-6.23;0.55;-6.23;;
971;20.0;26.0;0.5;8;100;6;Successful;Effective;No;No;No;No;No;No;0.0;-6.0;0.25;-6.1;0.39;-6.18;0.47;-6.22;0.51;-6.25;0.54;-6.23;0.55;-6.23;;
972;20.0;26.0;0.5;10;100;6;Successful;Effective;No;No;No;No;No;No;0.0;-6.0;0.25;-6.1;0.39;-6.18;0.47;-6.22;0.51;-6.25;0.54;-6.23;0.55;-6.23;;
973;20.0;26.0;0.5;5;80;7;Successful;Effective;No;No;No;No;No;No;0.0;-7.0;0.2;-7.11;0.31;-7.19;0.38;-7.24;0.41;-7.26;0.43;-7.24;0.44;-7.23;;
974;20.0;26.0;0.5;8;80;7;Successful;Effective;No;No;No;No;No;No;0.0;-7.0;0.2;-7.11;0.31;-7.19;0.38;-7.24;0.41;-7.26;0.43;-7.24;0.44;-7.23;;
975;20.0;26.0;0.5;10;80;7;Successful;Effective;No;No;No;No;No;No;0.0;-7.0;0.2;-7.11;0.31;-7.19;0.38;-7.24;0.41;-7.26;0.43;-7.24;0.44;-7.23;;
976;20.0;26.0;0.5;5;100;7;Successful;Effective;No;No;No;No;No;No;0.0;-7.0;0.25;-7.12;0.39;-7.2;0.47;-7.25;0.51;-7.27;0.54;-7.26;0.55;-7.25;;
977;20.0;26.0;0.5;8;100;7;Successful;Effective;No;No;No;No;No;No;0.0;-7.0;0.25;-7.12;0.39;-7.2;0.47;-7.25;0.51;-7.27;0.54;-7.26;0.55;-7.25;;
978;20.0;26.0;0.5;10;100;7;Successful;Effective;No;No;No;No;No;No;0.0;-7.0;0.25;-7.12;0.39;-7.2;0.47;-7.25;0.51;-7.27;0.54;-7.26;0.55;-7.25;;
979;20.0;26.0;0.5;5;80;8;Successful;Effective;No;No;No;No;No;No;0.0;-7.99;0.2;-8.13;0.31;-8.21;0.38;-8.26;0.41;-8.28;0.43;-8.26;0.44;-8.25;;
980;20.0;26.0;0.5;8;80;8;Successful;Effective;No;No;No;No;No;No;0.0;-7.99;0.2;-8.13;0.31;-8.21;0.38;-8.26;0.41;-8.28;0.43;-8.26;0.44;-8.25;;
981;20.0;26.0;0.5;10;80;8;Successful;Effective;No;No;No;No;No;No;0.0;-7.99;0.2;-8.13;0.31;-8.21;0.38;-8.26;0.41;-8.28;0.43;-8.26;0.44;-8.25;;
982;20.0;26.0;0.5;5;100;8;Successful;Effective;No;No;No;No;No;No;0.0;-8.0;0.25;-8.13;0.39;-8.22;0.47;-8.28;0.51;-8.3;0.54;-8.28;0.55;-8.27;;
983;20.0;26.0;0.5;8;100;8;Successful;Effective;No;No;No;No;No;No;0.0;-8.0;0.25;-8.13;0.39;-8.22;0.47;-8.28;0.51;-8.3;0.54;-8.28;0.55;-8.27;;
984;20.0;26.0;0.5;10;100;8;Successful;Effective;No;No;No;No;No;No;0.0;-8.0;0.25;-8.13;0.39;-8.22;0.47;-8.28;0.51;-8.3;0.54;-8.28;0.55;-8.27;;
985;20.1;26.1;0.5;5;80;5;Successful;Effective;No;No;No;No;No;No;0.0;-5.0;0.2;-5.08;0.31;-5.15;0.38;-5.19;0.41;-5.2;0.43;-5.19;0.44;-5.19;;
986;20.1;26.1;0.5;8;80;5;Successful;Effective;No;No;No;No;No;No;0.0;-5.0;0.2;-5.08;0.31;-5.15;0.38;-5.19;0.41;-5.2;0.43;-5.19;0.44;-5.19;;
987;20.1;26.1;0.5;10;80;5;Successful;Effective;No;No;No;No;No;No;0.0;-5.0;0.2;-5.08;0.31;-5.15;0.38;-5.19;0.41;-5.2;0.43;-5.19;0.44;-5.19;;
988;20.1;26.1;0.5;5;100;5;Successful;Effective;No;No;No;No;No;No;0.0;-5.0;0.25;-5.09;0.39;-5.16;0.47;-5.2;0.51;-5.22;0.54;-5.21;0.55;-5.21;;
989;20.1;26.1;0.5;8;100;5;Successful;Effective;No;No;No;No;No;No;0.0;-5.0;0.25;-5.09;0.39;-5.16;0.47;-5.2;0.51;-5.22;0.54;-5.21;0.55;-5.21;;
990;20.1;26.1;0.5;10;100;5;Successful;Effective;No;No;No;No;No;No;0.0;-5.0;0.25;-5.09;0.39;-5.16;0.47;-5.2;0.51;-5.22;0.54;-5.21;0.55;-5.21;;
991;20.1;26.1;0.5;5;80;6;Successful;Effective;No;No;No;No;No;No;0.0;-6.0;0.2;-6.1;0.31;-6.17;0.38;-6.21;0.41;-6.23;0.43;-6.21;0.44;-6.21;;
992;20.1;26.1;0.5;8;80;6;Successful;Effective;No;No;No;No;No;No;0.0;-6.0;0.2;-6.1;0.31;-6.17;0.38;-6.21;0.41;-6.23;0.43;-6.21;0.44;-6.21;;
993;20.1;26.1;0.5;10;80;6;Successful;Effective;No;No;No;No;No;No;0.0;-6.0;0.2;-6.1;0.31;-6.17;0.38;-6.21;0.41;-6.23;0.43;-6.21;0.44;-6.21;;
994;20.1;26.1;0.5;5;100;6;Successful;Effective;No;No;No;No;No;No;0.0;-6.0;0.25;-6.1;0.39;-6.18;0.47;-6.22;0.51;-6.25;0.54;-6.23;0.55;-6.23;;
995;20.1;26.1;0.5;8;100;6;Successful;Effective;No;No;No;No;No;No;0.0;-6.0;0.25;-6.1;0.39;-6.18;0.47;-6.22;0.51;-6.25;0.54;-6.23;0.55;-6.23;;
996;20.1;26.1;0.5;10;100;6;Successful;Effective;No;No;No;No;No;No;0.0;-6.0;0.25;-6.1;0.39;-6.18;0.47;-6.22;0.51;-6.25;0.54;-6.23;0.55;-6.23;;
997;20.1;26.1;0.5;5;80;7;Successful;Effective;No;No;No;No;No;No;0.0;-7.0;0.2;-7.11;0.31;-7.19;0.38;-7.24;0.41;-7.26;0.43;-7.23;0.44;-7.23;;
998;20.1;26.1;0.5;8;80;7;Successful;Effective;No;No;No;No;No;No;0.0;-7.0;0.2;-7.11;0.31;-7.19;0.38;-7.24;0.41;-7.26;0.43;-7.23;0.44;-7.23;;
999;20.1;26.1;0.5;10;80;7;Successful;Effective;No;No;No;No;No;No;0.0;-7.0;0.2;-7.11;0.31;-7.19;0.38;-7.24;0.41;-7.26;0.43;-7.23;0.44;-7.23;;
1000;20.1;26.1;0.5;5;100;7;Successful;Effective;No;No;No;No;No;No;0.0;-7.0;0.25;-7.12;0.39;-7.2;0.47;-7.25;0.51;-7.27;0.54;-7.25;0.55;-7.25;;
1001;20.1;26.1;0.5;8;100;7;Successful;Effective;No;No;No;No;No;No;0.0;-7.0;0.25;-7.12;0.39;-7.2;0.47;-7.25;0.51;-7.27;0.54;-7.25;0.55;-7.25;;
1002;20.1;26.1;0.5;10;100;7;Successful;Effective;No;No;No;No;No;No;0.0;-7.0;0.25;-7.12;0.39;-7.2;0.47;-7.25;0.51;-7.27;0.54;-7.25;0.55;-7.25;;
1003;20.1;26.1;0.5;5;80;8;Successful;Effective;No;No;No;No;No;No;0.0;-7.99;0.2;-8.13;0.31;-8.21;0.38;-8.26;0.41;-8.28;0.43;-8.26;0.44;-8.25;;
1004;20.1;26.1;0.5;8;80;8;Successful;Effective;No;No;No;No;No;No;0.0;-7.99;0.2;-8.13;0.31;-8.21;0.38;-8.26;0.41;-8.28;0.43;-8.26;0.44;-8.25;;
1005;20.1;26.1;0.5;10;80;8;Successful;Effective;No;No;No;No;No;No;0.0;-7.99;0.2;-8.13;0.31;-8.21;0.38;-8.26;0.41;-8.28;0.43;-8.26;0.44;-8.25;;
1006;20.1;26.1;0.5;5;100;8;Successful;Effective;No;No;No;No;No;No;0.0;-8.0;0.25;-8.13;0.39;-8.22;0.47;-8.28;0.51;-8.3;0.54;-8.28;0.55;-8.27;;
1007;20.1;26.1;0.5;8;100;8;Successful;Effective;No;No;No;No;No;No;0.0;-8.0;0.25;-8.13;0.39;-8.22;0.47;-8.28;0.51;-8.3;0.54;-8.28;0.55;-8.27;;
1008;20.1;26.1;0.5;10;100;8;Successful;Effective;No;No;No;No;No;No;0.0;-8.0;0.25;-8.13;0.39;-8.22;0.47;-8.28;0.51;-8.3;0.54;-8.28;0.55;-8.27;;
1009;20.2;26.2;0.5;5;80;5;Successful;Effective;No;No;No;No;No;No;0.0;-5.0;0.2;-5.08;0.31;-5.15;0.38;-5.19;0.41;-5.2;0.43;-5.19;0.44;-5.19;;
1010;20.2;26.2;0.5;8;80;5;Successful;Effective;No;No;No;No;No;No;0.0;-5.0;0.2;-5.08;0.31;-5.15;0.38;-5.19;0.41;-5.2;0.43;-5.19;0.44;-5.19;;
1011;20.2;26.2;0.5;10;80;5;Successful;Effective;No;No;No;No;No;No;0.0;-5.0;0.2;-5.08;0.31;-5.15;0.38;-5.19;0.41;-5.2;0.43;-5.19;0.44;-5.19;;
1012;20.2;26.2;0.5;5;100;5;Successful;Effective;No;No;No;No;No;No;0.0;-5.0;0.25;-5.09;0.39;-5.16;0.47;-5.2;0.51;-5.22;0.54;-5.21;0.55;-5.21;;
1013;20.2;26.2;0.5;8;100;5;Successful;Effective;No;No;No;No;No;No;0.0;-5.0;0.25;-5.09;0.39;-5.16;0.47;-5.2;0.51;-5.22;0.54;-5.21;0.55;-5.21;;
1014;20.2;26.2;0.5;10;100;5;Successful;Effective;No;No;No;No;No;No;0.0;-5.0;0.25;-5.09;0.39;-5.16;0.47;-5.2;0.51;-5.22;0.54;-5.21;0.55;-5.21;;
1015;20.2;26.2;0.5;5;80;6;Successful;Effective;No;No;No;No;No;No;0.0;-6.0;0.2;-6.1;0.31;-6.17;0.38;-6.21;0.41;-6.23;0.43;-6.21;0.44;-6.21;;
1016;20.2;26.2;0.5;8;80;6;Successful;Effective;No;No;No;No;No;No;0.0;-6.0;0.2;-6.1;0.31;-6.17;0.38;-6.21;0.41;-6.23;0.43;-6.21;0.44;-6.21;;
1017;20.2;26.2;0.5;10;80;6;Successful;Effective;No;No;No;No;No;No;0.0;-6.0;0.2;-6.1;0.31;-6.17;0.38;-6.21;0.41;-6.23;0.43;-6.21;0.44;-6.21;;
1018;20.2;26.2;0.5;5;100;6;Successful;Effective;No;No;No;No;No;No;0.0;-6.0;0.25;-6.1;0.39;-6.18;0.47;-6.22;0.51;-6.25;0.54;-6.23;0.55;-6.23;;
1019;20.2;26.2;0.5;8;100;6;Successful;Effective;No;No;No;No;No;No;0.0;-6.0;0.25;-6.1;0.39;-6.18;0.47;-6.22;0.51;-6.25;0.54;-6.23;0.55;-6.23;;
1020;20.2;26.2;0.5;10;100;6;Successful;Effective;No;No;No;No;No;No;0.0;-6.0;0.25;-6.1;0.39;-6.18;0.47;-6.22;0.51;-6.25;0.54;-6.23;0.55;-6.23;;
1021;20.2;26.2;0.5;5;80;7;Successful;Effective;No;No;No;No;No;No;0.0;-7.0;0.2;-7.11;0.31;-7.19;0.38;-7.24;0.41;-7.26;0.43;-7.23;0.44;-7.23;;
1022;20.2;26.2;0.5;8;80;7;Successful;Effective;No;No;No;No;No;No;0.0;-7.0;0.2;-7.11;0.31;-7.19;0.38;-7.24;0.41;-7.26;0.43;-7.23;0.44;-7.23;;
1023;20.2;26.2;0.5;10;80;7;Successful;Effective;No;No;No;No;No;No;0.0;-7.0;0.2;-7.11;0.31;-7.19;0.38;-7.24;0.41;-7.26;0.43;-7.23;0.44;-7.23;;
1024;20.2;26.2;0.5;5;100;7;Successful;Effective;No;No;No;No;No;No;0.0;-7.0;0.25;-7.12;0.39;-7.2;0.47;-7.25;0.51;-7.27;0.54;-7.25;0.55;-7.25;;
1025;20.2;26.2;0.5;8;100;7;Successful;Effective;No;No;No;No;No;No;0.0;-7.0;0.25;-7.12;0.39;-7.2;0.47;-7.25;0.51;-7.27;0.54;-7.25;0.55;-7.25;;
1026;20.2;26.2;0.5;10;100;7;Successful;Effective;No;No;No;No;No;No;0.0;-7.0;0.25;-7.12;0.39;-7.2;0.47;-7.25;0.51;-7.27;0.54;-7.25;0.55;-7.25;;
1027;20.2;26.2;0.5;5;80;8;Successful;Effective;No;No;No;No;No;No;0.0;-7.99;0.2;-8.13;0.31;-8.21;0.38;-8.26;0.41;-8.28;0.43;-8.25;0.44;-8.25;;
1028;20.2;26.2;0.5;8;80;8;Successful;Effective;No;No;No;No;No;No;0.0;-7.99;0.2;-8.13;0.31;-8.21;0.38;-8.26;0.41;-8.28;0.43;-8.25;0.44;-8.25;;
1029;20.2;26.2;0.5;10;80;8;Successful;Effective;No;No;No;No;No;No;0.0;-7.99;0.2;-8.13;0.31;-8.21;0.38;-8.26;0.41;-8.28;0.43;-8.25;0.44;-8.25;;
1030;20.2;26.2;0.5;5;100;8;Successful;Effective;No;No;No;No;No;No;0.0;-8.0;0.25;-8.13;0.39;-8.22;0.47;-8.28;0.51;-8.3;0.54;-8.27;0.55;-8.27;;
1031;20.2;26.2;0.5;8;100;8;Successful;Effective;No;No;No;No;No;No;0.0;-8.0;0.25;-8.13;0.39;-8.22;0.47;-8.28;0.51;-8.3;0.54;-8.27;0.55;-8.27;;
1032;20.2;26.2;0.5;10;100;8;Successful;Effective;No;No;No;No;No;No;0.0;-8.0;0.25;-8.13;0.39;-8.22;0.47;-8.28;0.51;-8.3;0.54;-8.27;0.55;-8.27;;
1033;20.3;26.3;0.5;5;80;5;Successful;Effective;No;No;No;No;No;No;0.0;-5.0;0.2;-5.08;0.31;-5.15;0.38;-5.19;0.41;-5.2;0.43;-5.19;0.44;-5.19;;
1034;20.3;26.3;0.5;8;80;5;Successful;Effective;No;No;No;No;No;No;0.0;-5.0;0.2;-5.08;0.31;-5.15;0.38;-5.19;0.41;-5.2;0.43;-5.19;0.44;-5.19;;
1035;20.3;26.3;0.5;10;80;5;Successful;Effective;No;No;No;No;No;No;0.0;-5.0;0.2;-5.08;0.31;-5.15;0.38;-5.19;0.41;-5.2;0.43;-5.19;0.44;-5.19;;
1036;20.3;26.3;0.5;5;100;5;Successful;Effective;No;No;No;No;No;No;0.0;-5.0;0.25;-5.09;0.39;-5.16;0.47;-5.2;0.51;-5.22;0.54;-5.21;0.55;-5.21;;
1037;20.3;26.3;0.5;8;100;5;Successful;Effective;No;No;No;No;No;No;0.0;-5.0;0.25;-5.09;0.39;-5.16;0.47;-5.2;0.51;-5.22;0.54;-5.21;0.55;-5.21;;
1038;20.3;26.3;0.5;10;100;5;Successful;Effective;No;No;No;No;No;No;0.0;-5.0;0.25;-5.09;0.39;-5.16;0.47;-5.2;0.51;-5.22;0.54;-5.21;0.55;-5.21;;
1039;20.3;26.3;0.5;5;80;6;Successful;Effective;No;No;No;No;No;No;0.0;-6.0;0.2;-6.1;0.31;-6.17;0.38;-6.21;0.41;-6.23;0.43;-6.21;0.44;-6.21;;
1040;20.3;26.3;0.5;8;80;6;Successful;Effective;No;No;No;No;No;No;0.0;-6.0;0.2;-6.1;0.31;-6.17;0.38;-6.21;0.41;-6.23;0.43;-6.21;0.44;-6.21;;
1041;20.3;26.3;0.5;10;80;6;Successful;Effective;No;No;No;No;No;No;0.0;-6.0;0.2;-6.1;0.31;-6.17;0.38;-6.21;0.41;-6.23;0.43;-6.21;0.44;-6.21;;
1042;20.3;26.3;0.5;5;100;6;Successful;Effective;No;No;No;No;No;No;0.0;-6.0;0.25;-6.1;0.39;-6.18;0.47;-6.22;0.51;-6.25;0.54;-6.23;0.55;-6.23;;
1043;20.3;26.3;0.5;8;100;6;Successful;Effective;No;No;No;No;No;No;0.0;-6.0;0.25;-6.1;0.39;-6.18;0.47;-6.22;0.51;-6.25;0.54;-6.23;0.55;-6.23;;
1044;20.3;26.3;0.5;10;100;6;Successful;Effective;No;No;No;No;No;No;0.0;-6.0;0.25;-6.1;0.39;-6.18;0.47;-6.22;0.51;-6.25;0.54;-6.23;0.55;-6.23;;
1045;20.3;26.3;0.5;5;80;7;Successful;Effective;No;No;No;No;No;No;0.0;-7.0;0.2;-7.11;0.31;-7.19;0.38;-7.24;0.41;-7.26;0.43;-7.23;0.44;-7.23;;
1046;20.3;26.3;0.5;8;80;7;Successful;Effective;No;No;No;No;No;No;0.0;-7.0;0.2;-7.11;0.31;-7.19;0.38;-7.24;0.41;-7.26;0.43;-7.23;0.44;-7.23;;
1047;20.3;26.3;0.5;10;80;7;Successful;Effective;No;No;No;No;No;No;0.0;-7.0;0.2;-7.11;0.31;-7.19;0.38;-7.24;0.41;-7.26;0.43;-7.23;0.44;-7.23;;
1048;20.3;26.3;0.5;5;100;7;Successful;Effective;No;No;No;No;No;No;0.0;-7.0;0.25;-7.12;0.39;-7.2;0.47;-7.25;0.51;-7.27;0.54;-7.25;0.55;-7.25;;
1049;20.3;26.3;0.5;8;100;7;Successful;Effective;No;No;No;No;No;No;0.0;-7.0;0.25;-7.12;0.39;-7.2;0.47;-7.25;0.51;-7.27;0.54;-7.25;0.55;-7.25;;
1050;20.3;26.3;0.5;10;100;7;Successful;Effective;No;No;No;No;No;No;0.0;-7.0;0.25;-7.12;0.39;-7.2;0.47;-7.25;0.51;-7.27;0.54;-7.25;0.55;-7.25;;
1051;20.3;26.3;0.5;5;80;8;Successful;Effective;No;No;No;No;No;No;0.0;-7.99;0.2;-8.13;0.31;-8.21;0.38;-8.26;0.41;-8.28;0.43;-8.25;0.44;-8.25;;
1052;20.3;26.3;0.5;8;80;8;Successful;Effective;No;No;No;No;No;No;0.0;-7.99;0.2;-8.13;0.31;-8.21;0.38;-8.26;0.41;-8.28;0.43;-8.25;0.44;-8.25;;
1053;20.3;26.3;0.5;10;80;8;Successful;Effective;No;No;No;No;No;No;0.0;-7.99;0.2;-8.13;0.31;-8.21;0.38;-8.26;0.41;-8.28;0.43;-8.25;0.44;-8.25;;
1054;20.3;26.3;0.5;5;100;8;Successful;Effective;No;No;No;No;No;No;0.0;-8.0;0.25;-8.13;0.39;-8.22;0.47;-8.28;0.51;-8.3;0.54;-8.27;0.55;-8.27;;
1055;20.3;26.3;0.5;8;100;8;Successful;Effective;No;No;No;No;No;No;0.0;-8.0;0.25;-8.13;0.39;-8.22;0.47;-8.28;0.51;-8.3;0.54;-8.27;0.55;-8.27;;
1056;20.3;26.3;0.5;10;100;8;Successful;Effective;No;No;No;No;No;No;0.0;-8.0;0.25;-8.13;0.39;-8.22;0.47;-8.28;0.51;-8.3;0.54;-8.27;0.55;-8.27;;
1057;20.4;26.4;0.5;5;80;5;Successful;Effective;No;No;No;No;No;No;0.0;-5.0;0.2;-5.08;0.31;-5.15;0.38;-5.19;0.41;-5.2;0.43;-5.19;0.44;-5.19;;
1058;20.4;26.4;0.5;8;80;5;Successful;Effective;No;No;No;No;No;No;0.0;-5.0;0.2;-5.08;0.31;-5.15;0.38;-5.19;0.41;-5.2;0.43;-5.19;0.44;-5.19;;
1059;20.4;26.4;0.5;10;80;5;Successful;Effective;No;No;No;No;No;No;0.0;-5.0;0.2;-5.08;0.31;-5.15;0.38;-5.19;0.41;-5.2;0.43;-5.19;0.44;-5.19;;
1060;20.4;26.4;0.5;5;100;5;Successful;Effective;No;No;No;No;No;No;0.0;-5.0;0.25;-5.09;0.39;-5.16;0.47;-5.2;0.51;-5.22;0.54;-5.21;0.55;-5.21;;
1061;20.4;26.4;0.5;8;100;5;Successful;Effective;No;No;No;No;No;No;0.0;-5.0;0.25;-5.09;0.39;-5.16;0.47;-5.2;0.51;-5.22;0.54;-5.21;0.55;-5.21;;
1062;20.4;26.4;0.5;10;100;5;Successful;Effective;No;No;No;No;No;No;0.0;-5.0;0.25;-5.09;0.39;-5.16;0.47;-5.2;0.51;-5.22;0.54;-5.21;0.55;-5.21;;
1063;20.4;26.4;0.5;5;80;6;Successful;Effective;No;No;No;No;No;No;0.0;-6.0;0.2;-6.1;0.31;-6.17;0.38;-6.21;0.41;-6.23;0.43;-6.21;0.44;-6.21;;
1064;20.4;26.4;0.5;8;80;6;Successful;Effective;No;No;No;No;No;No;0.0;-6.0;0.2;-6.1;0.31;-6.17;0.38;-6.21;0.41;-6.23;0.43;-6.21;0.44;-6.21;;
1065;20.4;26.4;0.5;10;80;6;Successful;Effective;No;No;No;No;No;No;0.0;-6.0;0.2;-6.1;0.31;-6.17;0.38;-6.21;0.41;-6.23;0.43;-6.21;0.44;-6.21;;
1066;20.4;26.4;0.5;5;100;6;Successful;Effective;No;No;No;No;No;No;0.0;-6.0;0.25;-6.1;0.39;-6.18;0.47;-6.22;0.51;-6.25;0.54;-6.23;0.55;-6.23;;
1067;20.4;26.4;0.5;8;100;6;Successful;Effective;No;No;No;No;No;No;0.0;-6.0;0.25;-6.1;0.39;-6.18;0.47;-6.22;0.51;-6.25;0.54;-6.23;0.55;-6.23;;
1068;20.4;26.4;0.5;10;100;6;Successful;Effective;No;No;No;No;No;No;0.0;-6.0;0.25;-6.1;0.39;-6.18;0.47;-6.22;0.51;-6.25;0.54;-6.23;0.55;-6.23;;
1069;20.4;26.4;0.5;5;80;7;Successful;Effective;No;No;No;No;No;No;0.0;-7.0;0.2;-7.11;0.31;-7.19;0.38;-7.24;0.41;-7.26;0.43;-7.23;0.44;-7.23;;
1070;20.4;26.4;0.5;8;80;7;Successful;Effective;No;No;No;No;No;No;0.0;-7.0;0.2;-7.11;0.31;-7.19;0.38;-7.24;0.41;-7.26;0.43;-7.23;0.44;-7.23;;
1071;20.4;26.4;0.5;10;80;7;Successful;Effective;No;No;No;No;No;No;0.0;-7.0;0.2;-7.11;0.31;-7.19;0.38;-7.24;0.41;-7.26;0.43;-7.23;0.44;-7.23;;
1072;20.4;26.4;0.5;5;100;7;Successful;Effective;No;No;No;No;No;No;0.0;-7.0;0.25;-7.12;0.39;-7.2;0.47;-7.25;0.51;-7.27;0.54;-7.25;0.55;-7.25;;
1073;20.4;26.4;0.5;8;100;7;Successful;Effective;No;No;No;No;No;No;0.0;-7.0;0.25;-7.12;0.39;-7.2;0.47;-7.25;0.51;-7.27;0.54;-7.25;0.55;-7.25;;
1074;20.4;26.4;0.5;10;100;7;Successful;Effective;No;No;No;No;No;No;0.0;-7.0;0.25;-7.12;0.39;-7.2;0.47;-7.25;0.51;-7.27;0.54;-7.25;0.55;-7.25;;
1075;20.4;26.4;0.5;5;80;8;Successful;Effective;No;No;No;No;No;No;0.0;-7.99;0.2;-8.13;0.31;-8.21;0.38;-8.26;0.41;-8.28;0.43;-8.25;0.44;-8.25;;
1076;20.4;26.4;0.5;8;80;8;Successful;Effective;No;No;No;No;No;No;0.0;-7.99;0.2;-8.13;0.31;-8.21;0.38;-8.26;0.41;-8.28;0.43;-8.25;0.44;-8.25;;
1077;20.4;26.4;0.5;10;80;8;Successful;Effective;No;No;No;No;No;No;0.0;-7.99;0.2;-8.13;0.31;-8.21;0.38;-8.26;0.41;-8.28;0.43;-8.25;0.44;-8.25;;
1078;20.4;26.4;0.5;5;100;8;Successful;Effective;No;No;No;No;No;No;0.0;-8.0;0.25;-8.13;0.39;-8.22;0.47;-8.28;0.51;-8.3;0.54;-8.27;0.55;-8.27;;
1079;20.4;26.4;0.5;8;100;8;Successful;Effective;No;No;No;No;No;No;0.0;-8.0;0.25;-8.13;0.39;-8.22;0.47;-8.28;0.51;-8.3;0.54;-8.27;0.55;-8.27;;
1080;20.4;26.4;0.5;10;100;8;Successful;Effective;No;No;No;No;No;No;0.0;-8.0;0.25;-8.13;0.39;-8.22;0.47;-8.28;0.51;-8.3;0.54;-8.27;0.55;-8.27;;
1081;20.5;26.5;0.5;5;80;5;Successful;Effective;No;No;No;No;No;No;0.0;-5.0;0.2;-5.08;0.31;-5.15;0.38;-5.19;0.41;-5.2;0.43;-5.19;0.44;-5.19;;
1082;20.5;26.5;0.5;8;80;5;Successful;Effective;No;No;No;No;No;No;0.0;-5.0;0.2;-5.08;0.31;-5.15;0.38;-5.19;0.41;-5.2;0.43;-5.19;0.44;-5.19;;
1083;20.5;26.5;0.5;10;80;5;Successful;Effective;No;No;No;No;No;No;0.0;-5.0;0.2;-5.08;0.31;-5.15;0.38;-5.19;0.41;-5.2;0.43;-5.19;0.44;-5.19;;
1084;20.5;26.5;0.5;5;100;5;Successful;Effective;No;No;No;No;No;No;0.0;-5.0;0.25;-5.09;0.39;-5.16;0.47;-5.2;0.51;-5.22;0.54;-5.21;0.55;-5.21;;
1085;20.5;26.5;0.5;8;100;5;Successful;Effective;No;No;No;No;No;No;0.0;-5.0;0.25;-5.09;0.39;-5.16;0.47;-5.2;0.51;-5.22;0.54;-5.21;0.55;-5.21;;
1086;20.5;26.5;0.5;10;100;5;Successful;Effective;No;No;No;No;No;No;0.0;-5.0;0.25;-5.09;0.39;-5.16;0.47;-5.2;0.51;-5.22;0.54;-5.21;0.55;-5.21;;
1087;20.5;26.5;0.5;5;80;6;Successful;Effective;No;No;No;No;No;No;0.0;-6.0;0.2;-6.1;0.31;-6.17;0.38;-6.21;0.41;-6.23;0.43;-6.21;0.44;-6.21;;
1088;20.5;26.5;0.5;8;80;6;Successful;Effective;No;No;No;No;No;No;0.0;-6.0;0.2;-6.1;0.31;-6.17;0.38;-6.21;0.41;-6.23;0.43;-6.21;0.44;-6.21;;
1089;20.5;26.5;0.5;10;80;6;Successful;Effective;No;No;No;No;No;No;0.0;-6.0;0.2;-6.1;0.31;-6.17;0.38;-6.21;0.41;-6.23;0.43;-6.21;0.44;-6.21;;
1090;20.5;26.5;0.5;5;100;6;Successful;Effective;No;No;No;No;No;No;0.0;-6.0;0.25;-6.1;0.39;-6.18;0.47;-6.22;0.51;-6.25;0.54;-6.23;0.55;-6.23;;
1091;20.5;26.5;0.5;8;100;6;Successful;Effective;No;No;No;No;No;No;0.0;-6.0;0.25;-6.1;0.39;-6.18;0.47;-6.22;0.51;-6.25;0.54;-6.23;0.55;-6.23;;
1092;20.5;26.5;0.5;10;100;6;Successful;Effective;No;No;No;No;No;No;0.0;-6.0;0.25;-6.1;0.39;-6.18;0.47;-6.22;0.51;-6.25;0.54;-6.23;0.55;-6.23;;
1093;20.5;26.5;0.5;5;80;7;Successful;Effective;No;No;No;No;No;No;0.0;-7.0;0.2;-7.11;0.31;-7.19;0.38;-7.24;0.41;-7.26;0.43;-7.23;0.44;-7.23;;
1094;20.5;26.5;0.5;8;80;7;Successful;Effective;No;No;No;No;No;No;0.0;-7.0;0.2;-7.11;0.31;-7.19;0.38;-7.24;0.41;-7.26;0.43;-7.23;0.44;-7.23;;
1095;20.5;26.5;0.5;10;80;7;Successful;Effective;No;No;No;No;No;No;0.0;-7.0;0.2;-7.11;0.31;-7.19;0.38;-7.24;0.41;-7.26;0.43;-7.23;0.44;-7.23;;
1096;20.5;26.5;0.5;5;100;7;Successful;Effective;No;No;No;No;No;No;0.0;-7.0;0.25;-7.12;0.39;-7.2;0.47;-7.25;0.51;-7.27;0.54;-7.25;0.55;-7.25;;
1097;20.5;26.5;0.5;8;100;7;Successful;Effective;No;No;No;No;No;No;0.0;-7.0;0.25;-7.12;0.39;-7.2;0.47;-7.25;0.51;-7.27;0.54;-7.25;0.55;-7.25;;
1098;20.5;26.5;0.5;10;100;7;Successful;Effective;No;No;No;No;No;No;0.0;-7.0;0.25;-7.12;0.39;-7.2;0.47;-7.25;0.51;-7.27;0.54;-7.25;0.55;-7.25;;
1099;20.5;26.5;0.5;5;80;8;Successful;Effective;No;No;No;No;No;No;0.0;-7.99;0.2;-8.13;0.31;-8.21;0.38;-8.26;0.41;-8.28;0.43;-8.25;0.44;-8.25;;
1100;20.5;26.5;0.5;8;80;8;Successful;Effective;No;No;No;No;No;No;0.0;-7.99;0.2;-8.13;0.31;-8.21;0.38;-8.26;0.41;-8.28;0.43;-8.25;0.44;-8.25;;
1101;20.5;26.5;0.5;10;80;8;Successful;Effective;No;No;No;No;No;No;0.0;-7.99;0.2;-8.13;0.31;-8.21;0.38;-8.26;0.41;-8.28;0.43;-8.25;0.44;-8.25;;
1102;20.5;26.5;0.5;5;100;8;Successful;Effective;No;No;No;No;No;No;0.0;-8.0;0.25;-8.13;0.39;-8.22;0.47;-8.28;0.51;-8.3;0.54;-8.27;0.55;-8.27;;
1103;20.5;26.5;0.5;8;100;8;Successful;Effective;No;No;No;No;No;No;0.0;-8.0;0.25;-8.13;0.39;-8.22;0.47;-8.28;0.51;-8.3;0.54;-8.27;0.55;-8.27;;
1104;20.5;26.5;0.5;10;100;8;Successful;Effective;No;No;No;No;No;No;0.0;-8.0;0.25;-8.13;0.39;-8.22;0.47;-8.28;0.51;-8.3;0.54;-8.27;0.55;-8.27;;
1105;20.6;26.6;0.5;5;80;5;Successful;Effective;No;No;No;No;No;No;0.0;-5.0;0.2;-5.08;0.31;-5.15;0.38;-5.19;0.41;-5.2;0.43;-5.19;0.44;-5.19;;
1106;20.6;26.6;0.5;8;80;5;Successful;Effective;No;No;No;No;No;No;0.0;-5.0;0.2;-5.08;0.31;-5.15;0.38;-5.19;0.41;-5.2;0.43;-5.19;0.44;-5.19;;
1107;20.6;26.6;0.5;10;80;5;Successful;Effective;No;No;No;No;No;No;0.0;-5.0;0.2;-5.08;0.31;-5.15;0.38;-5.19;0.41;-5.2;0.43;-5.19;0.44;-5.19;;
1108;20.6;26.6;0.5;5;100;5;Successful;Effective;No;No;No;No;No;No;0.0;-5.0;0.25;-5.09;0.39;-5.16;0.47;-5.2;0.51;-5.22;0.54;-5.21;0.55;-5.21;;
1109;20.6;26.6;0.5;8;100;5;Successful;Effective;No;No;No;No;No;No;0.0;-5.0;0.25;-5.09;0.39;-5.16;0.47;-5.2;0.51;-5.22;0.54;-5.21;0.55;-5.21;;
1110;20.6;26.6;0.5;10;100;5;Successful;Effective;No;No;No;No;No;No;0.0;-5.0;0.25;-5.09;0.39;-5.16;0.47;-5.2;0.51;-5.22;0.54;-5.21;0.55;-5.21;;
1111;20.6;26.6;0.5;5;80;6;Successful;Effective;No;No;No;No;No;No;0.0;-6.0;0.2;-6.1;0.31;-6.17;0.38;-6.21;0.41;-6.23;0.43;-6.21;0.44;-6.21;;
1112;20.6;26.6;0.5;8;80;6;Successful;Effective;No;No;No;No;No;No;0.0;-6.0;0.2;-6.1;0.31;-6.17;0.38;-6.21;0.41;-6.23;0.43;-6.21;0.44;-6.21;;
1113;20.6;26.6;0.5;10;80;6;Successful;Effective;No;No;No;No;No;No;0.0;-6.0;0.2;-6.1;0.31;-6.17;0.38;-6.21;0.41;-6.23;0.43;-6.21;0.44;-6.21;;
1114;20.6;26.6;0.5;5;100;6;Successful;Effective;No;No;No;No;No;No;0.0;-6.0;0.25;-6.1;0.39;-6.18;0.47;-6.22;0.51;-6.25;0.54;-6.23;0.55;-6.23;;
1115;20.6;26.6;0.5;8;100;6;Successful;Effective;No;No;No;No;No;No;0.0;-6.0;0.25;-6.1;0.39;-6.18;0.47;-6.22;0.51;-6.25;0.54;-6.23;0.55;-6.23;;
1116;20.6;26.6;0.5;10;100;6;Successful;Effective;No;No;No;No;No;No;0.0;-6.0;0.25;-6.1;0.39;-6.18;0.47;-6.22;0.51;-6.25;0.54;-6.23;0.55;-6.23;;
1117;20.6;26.6;0.5;5;80;7;Successful;Effective;No;No;No;No;No;No;0.0;-7.0;0.2;-7.11;0.31;-7.19;0.38;-7.24;0.41;-7.26;0.43;-7.23;0.44;-7.23;;
1118;20.6;26.6;0.5;8;80;7;Successful;Effective;No;No;No;No;No;No;0.0;-7.0;0.2;-7.11;0.31;-7.19;0.38;-7.24;0.41;-7.26;0.43;-7.23;0.44;-7.23;;
1119;20.6;26.6;0.5;10;80;7;Successful;Effective;No;No;No;No;No;No;0.0;-7.0;0.2;-7.11;0.31;-7.19;0.38;-7.24;0.41;-7.26;0.43;-7.23;0.44;-7.23;;
1120;20.6;26.6;0.5;5;100;7;Successful;Effective;No;No;No;No;No;No;0.0;-7.0;0.25;-7.12;0.39;-7.2;0.47;-7.25;0.51;-7.27;0.54;-7.25;0.55;-7.25;;
1121;20.6;26.6;0.5;8;100;7;Successful;Effective;No;No;No;No;No;No;0.0;-7.0;0.25;-7.12;0.39;-7.2;0.47;-7.25;0.51;-7.27;0.54;-7.25;0.55;-7.25;;
1122;20.6;26.6;0.5;10;100;7;Successful;Effective;No;No;No;No;No;No;0.0;-7.0;0.25;-7.12;0.39;-7.2;0.47;-7.25;0.51;-7.27;0.54;-7.25;0.55;-7.25;;
1123;20.6;26.6;0.5;5;80;8;Successful;Effective;No;No;No;No;No;No;0.0;-7.99;0.2;-8.13;0.31;-8.21;0.38;-8.26;0.41;-8.28;0.43;-8.25;0.44;-8.25;;
1124;20.6;26.6;0.5;8;80;8;Successful;Effective;No;No;No;No;No;No;0.0;-7.99;0.2;-8.13;0.31;-8.21;0.38;-8.26;0.41;-8.28;0.43;-8.25;0.44;-8.25;;
1125;20.6;26.6;0.5;10;80;8;Successful;Effective;No;No;No;No;No;No;0.0;-7.99;0.2;-8.13;0.31;-8.21;0.38;-8.26;0.41;-8.28;0.43;-8.25;0.44;-8.25;;
1126;20.6;26.6;0.5;5;100;8;Successful;Effective;No;No;No;No;No;No;0.0;-8.0;0.25;-8.13;0.39;-8.22;0.47;-8.28;0.51;-8.3;0.54;-8.27;0.55;-8.27;;
1127;20.6;26.6;0.5;8;100;8;Successful;Effective;No;No;No;No;No;No;0.0;-8.0;0.25;-8.13;0.39;-8.22;0.47;-8.28;0.51;-8.3;0.54;-8.27;0.55;-8.27;;
1128;20.6;26.6;0.5;10;100;8;Successful;Effective;No;No;No;No;No;No;0.0;-8.0;0.25;-8.13;0.39;-8.22;0.47;-8.28;0.51;-8.3;0.54;-8.27;0.55;-8.27;;
1129;20.7;26.7;0.5;5;80;5;Successful;Effective;No;No;No;No;No;No;0.0;-5.0;0.2;-5.08;0.31;-5.15;0.38;-5.19;0.41;-5.2;0.43;-5.19;0.44;-5.19;;
1130;20.7;26.7;0.5;8;80;5;Successful;Effective;No;No;No;No;No;No;0.0;-5.0;0.2;-5.08;0.31;-5.15;0.38;-5.19;0.41;-5.2;0.43;-5.19;0.44;-5.19;;
1131;20.7;26.7;0.5;10;80;5;Successful;Effective;No;No;No;No;No;No;0.0;-5.0;0.2;-5.08;0.31;-5.15;0.38;-5.19;0.41;-5.2;0.43;-5.19;0.44;-5.19;;
1132;20.7;26.7;0.5;5;100;5;Successful;Effective;No;No;No;No;No;No;0.0;-5.0;0.25;-5.09;0.39;-5.16;0.47;-5.2;0.51;-5.22;0.54;-5.21;0.55;-5.21;;
1133;20.7;26.7;0.5;8;100;5;Successful;Effective;No;No;No;No;No;No;0.0;-5.0;0.25;-5.09;0.39;-5.16;0.47;-5.2;0.51;-5.22;0.54;-5.21;0.55;-5.21;;
1134;20.7;26.7;0.5;10;100;5;Successful;Effective;No;No;No;No;No;No;0.0;-5.0;0.25;-5.09;0.39;-5.16;0.47;-5.2;0.51;-5.22;0.54;-5.21;0.55;-5.21;;
1135;20.7;26.7;0.5;5;80;6;Successful;Effective;No;No;No;No;No;No;0.0;-6.0;0.2;-6.1;0.31;-6.17;0.38;-6.21;0.41;-6.23;0.43;-6.21;0.44;-6.21;;
1136;20.7;26.7;0.5;8;80;6;Successful;Effective;No;No;No;No;No;No;0.0;-6.0;0.2;-6.1;0.31;-6.17;0.38;-6.21;0.41;-6.23;0.43;-6.21;0.44;-6.21;;
1137;20.7;26.7;0.5;10;80;6;Successful;Effective;No;No;No;No;No;No;0.0;-6.0;0.2;-6.1;0.31;-6.17;0.38;-6.21;0.41;-6.23;0.43;-6.21;0.44;-6.21;;
1138;20.7;26.7;0.5;5;100;6;Successful;Effective;No;No;No;No;No;No;0.0;-6.0;0.25;-6.1;0.39;-6.18;0.47;-6.22;0.51;-6.25;0.54;-6.23;0.55;-6.23;;
1139;20.7;26.7;0.5;8;100;6;Successful;Effective;No;No;No;No;No;No;0.0;-6.0;0.25;-6.1;0.39;-6.18;0.47;-6.22;0.51;-6.25;0.54;-6.23;0.55;-6.23;;
1140;20.7;26.7;0.5;10;100;6;Successful;Effective;No;No;No;No;No;No;0.0;-6.0;0.25;-6.1;0.39;-6.18;0.47;-6.22;0.51;-6.25;0.54;-6.23;0.55;-6.23;;
1141;20.7;26.7;0.5;5;80;7;Successful;Effective;No;No;No;No;No;No;0.0;-7.0;0.2;-7.11;0.31;-7.19;0.38;-7.24;0.41;-7.26;0.43;-7.23;0.44;-7.23;;
1142;20.7;26.7;0.5;8;80;7;Successful;Effective;No;No;No;No;No;No;0.0;-7.0;0.2;-7.11;0.31;-7.19;0.38;-7.24;0.41;-7.26;0.43;-7.23;0.44;-7.23;;
1143;20.7;26.7;0.5;10;80;7;Successful;Effective;No;No;No;No;No;No;0.0;-7.0;0.2;-7.11;0.31;-7.19;0.38;-7.24;0.41;-7.26;0.43;-7.23;0.44;-7.23;;
1144;20.7;26.7;0.5;5;100;7;Successful;Effective;No;No;No;No;No;No;0.0;-7.0;0.25;-7.12;0.39;-7.2;0.47;-7.25;0.51;-7.27;0.54;-7.25;0.55;-7.25;;
1145;20.7;26.7;0.5;8;100;7;Successful;Effective;No;No;No;No;No;No;0.0;-7.0;0.25;-7.12;0.39;-7.2;0.47;-7.25;0.51;-7.27;0.54;-7.25;0.55;-7.25;;
1146;20.7;26.7;0.5;10;100;7;Successful;Effective;No;No;No;No;No;No;0.0;-7.0;0.25;-7.12;0.39;-7.2;0.47;-7.25;0.51;-7.27;0.54;-7.25;0.55;-7.25;;
1147;20.7;26.7;0.5;5;80;8;Successful;Effective;No;No;No;No;No;No;0.0;-7.99;0.2;-8.13;0.31;-8.21;0.38;-8.26;0.41;-8.28;0.43;-8.25;0.44;-8.25;;
1148;20.7;26.7;0.5;8;80;8;Successful;Effective;No;No;No;No;No;No;0.0;-7.99;0.2;-8.13;0.31;-8.21;0.38;-8.26;0.41;-8.28;0.43;-8.25;0.44;-8.25;;
1149;20.7;26.7;0.5;10;80;8;Successful;Effective;No;No;No;No;No;No;0.0;-7.99;0.2;-8.13;0.31;-8.21;0.38;-8.26;0.41;-8.28;0.43;-8.25;0.44;-8.25;;
1150;20.7;26.7;0.5;5;100;8;Successful;Effective;No;No;No;No;No;No;0.0;-8.0;0.25;-8.13;0.39;-8.22;0.47;-8.28;0.51;-8.3;0.54;-8.27;0.55;-8.27;;
1151;20.7;26.7;0.5;8;100;8;Successful;Effective;No;No;No;No;No;No;0.0;-8.0;0.25;-8.13;0.39;-8.22;0.47;-8.28;0.51;-8.3;0.54;-8.27;0.55;-8.27;;
1152;20.7;26.7;0.5;10;100;8;Successful;Effective;No;No;No;No;No;No;0.0;-8.0;0.25;-8.13;0.39;-8.22;0.47;-8.28;0.51;-8.3;0.54;-8.27;0.55;-8.27;;
1153;20.8;26.8;0.5;5;80;5;Successful;Effective;No;No;No;No;No;No;0.0;-5.0;0.2;-5.08;0.31;-5.15;0.38;-5.19;0.41;-5.2;0.43;-5.19;0.44;-5.19;;
1154;20.8;26.8;0.5;8;80;5;Successful;Effective;No;No;No;No;No;No;0.0;-5.0;0.2;-5.08;0.31;-5.15;0.38;-5.19;0.41;-5.2;0.43;-5.19;0.44;-5.19;;
1155;20.8;26.8;0.5;10;80;5;Successful;Effective;No;No;No;No;No;No;0.0;-5.0;0.2;-5.08;0.31;-5.15;0.38;-5.19;0.41;-5.2;0.43;-5.19;0.44;-5.19;;
1156;20.8;26.8;0.5;5;100;5;Successful;Effective;No;No;No;No;No;No;0.0;-5.0;0.25;-5.09;0.39;-5.16;0.47;-5.2;0.51;-5.22;0.54;-5.21;0.55;-5.21;;
1157;20.8;26.8;0.5;8;100;5;Successful;Effective;No;No;No;No;No;No;0.0;-5.0;0.25;-5.09;0.39;-5.16;0.47;-5.2;0.51;-5.22;0.54;-5.21;0.55;-5.21;;
1158;20.8;26.8;0.5;10;100;5;Successful;Effective;No;No;No;No;No;No;0.0;-5.0;0.25;-5.09;0.39;-5.16;0.47;-5.2;0.51;-5.22;0.54;-5.21;0.55;-5.21;;
1159;20.8;26.8;0.5;5;80;6;Successful;Effective;No;No;No;No;No;No;0.0;-6.0;0.2;-6.1;0.31;-6.17;0.38;-6.21;0.41;-6.23;0.43;-6.21;0.44;-6.21;;
1160;20.8;26.8;0.5;8;80;6;Successful;Effective;No;No;No;No;No;No;0.0;-6.0;0.2;-6.1;0.31;-6.17;0.38;-6.21;0.41;-6.23;0.43;-6.21;0.44;-6.21;;
1161;20.8;26.8;0.5;10;80;6;Successful;Effective;No;No;No;No;No;No;0.0;-6.0;0.2;-6.1;0.31;-6.17;0.38;-6.21;0.41;-6.23;0.43;-6.21;0.44;-6.21;;
1162;20.8;26.8;0.5;5;100;6;Successful;Effective;No;No;No;No;No;No;0.0;-6.0;0.25;-6.1;0.39;-6.18;0.47;-6.22;0.51;-6.25;0.54;-6.23;0.55;-6.23;;
1163;20.8;26.8;0.5;8;100;6;Successful;Effective;No;No;No;No;No;No;0.0;-6.0;0.25;-6.1;0.39;-6.18;0.47;-6.22;0.51;-6.25;0.54;-6.23;0.55;-6.23;;
1164;20.8;26.8;0.5;10;100;6;Successful;Effective;No;No;No;No;No;No;0.0;-6.0;0.25;-6.1;0.39;-6.18;0.47;-6.22;0.51;-6.25;0.54;-6.23;0.55;-6.23;;
1165;20.8;26.8;0.5;5;80;7;Successful;Effective;No;No;No;No;No;No;0.0;-7.0;0.2;-7.11;0.31;-7.19;0.38;-7.24;0.41;-7.26;0.43;-7.23;0.44;-7.23;;
1166;20.8;26.8;0.5;8;80;7;Successful;Effective;No;No;No;No;No;No;0.0;-7.0;0.2;-7.11;0.31;-7.19;0.38;-7.24;0.41;-7.26;0.43;-7.23;0.44;-7.23;;
1167;20.8;26.8;0.5;10;80;7;Successful;Effective;No;No;No;No;No;No;0.0;-7.0;0.2;-7.11;0.31;-7.19;0.38;-7.24;0.41;-7.26;0.43;-7.23;0.44;-7.23;;
1168;20.8;26.8;0.5;5;100;7;Successful;Effective;No;No;No;No;No;No;0.0;-7.0;0.25;-7.12;0.39;-7.2;0.47;-7.25;0.51;-7.27;0.54;-7.25;0.55;-7.25;;
1169;20.8;26.8;0.5;8;100;7;Successful;Effective;No;No;No;No;No;No;0.0;-7.0;0.25;-7.12;0.39;-7.2;0.47;-7.25;0.51;-7.27;0.54;-7.25;0.55;-7.25;;
1170;20.8;26.8;0.5;10;100;7;Successful;Effective;No;No;No;No;No;No;0.0;-7.0;0.25;-7.12;0.39;-7.2;0.47;-7.25;0.51;-7.27;0.54;-7.25;0.55;-7.25;;
1171;20.8;26.8;0.5;5;80;8;Successful;Effective;No;No;No;No;No;No;0.0;-7.99;0.2;-8.13;0.31;-8.21;0.38;-8.26;0.41;-8.28;0.43;-8.25;0.44;-8.25;;
1172;20.8;26.8;0.5;8;80;8;Successful;Effective;No;No;No;No;No;No;0.0;-7.99;0.2;-8.13;0.31;-8.21;0.38;-8.26;0.41;-8.28;0.43;-8.25;0.44;-8.25;;
1173;20.8;26.8;0.5;10;80;8;Successful;Effective;No;No;No;No;No;No;0.0;-7.99;0.2;-8.13;0.31;-8.21;0.38;-8.26;0.41;-8.28;0.43;-8.25;0.44;-8.25;;
1174;20.8;26.8;0.5;5;100;8;Successful;Effective;No;No;No;No;No;No;0.0;-8.0;0.25;-8.13;0.39;-8.22;0.47;-8.28;0.51;-8.3;0.54;-8.27;0.55;-8.27;;
1175;20.8;26.8;0.5;8;100;8;Successful;Effective;No;No;No;No;No;No;0.0;-8.0;0.25;-8.13;0.39;-8.22;0.47;-8.28;0.51;-8.3;0.54;-8.27;0.55;-8.27;;
1176;20.8;26.8;0.5;10;100;8;Successful;Effective;No;No;No;No;No;No;0.0;-8.0;0.25;-8.13;0.39;-8.22;0.47;-8.28;0.51;-8.3;0.54;-8.27;0.55;-8.27;;
1177;20.9;26.9;0.5;5;80;5;Successful;Effective;No;No;No;No;No;No;0.0;-5.0;0.2;-5.08;0.31;-5.15;0.38;-5.19;0.41;-5.2;0.43;-5.19;0.44;-5.19;;
1178;20.9;26.9;0.5;8;80;5;Successful;Effective;No;No;No;No;No;No;0.0;-5.0;0.2;-5.08;0.31;-5.15;0.38;-5.19;0.41;-5.2;0.43;-5.19;0.44;-5.19;;
1179;20.9;26.9;0.5;10;80;5;Successful;Effective;No;No;No;No;No;No;0.0;-5.0;0.2;-5.08;0.31;-5.15;0.38;-5.19;0.41;-5.2;0.43;-5.19;0.44;-5.19;;
1180;20.9;26.9;0.5;5;100;5;Successful;Effective;No;No;No;No;No;No;0.0;-5.0;0.25;-5.09;0.39;-5.16;0.47;-5.2;0.51;-5.22;0.54;-5.21;0.55;-5.21;;
1181;20.9;26.9;0.5;8;100;5;Successful;Effective;No;No;No;No;No;No;0.0;-5.0;0.25;-5.09;0.39;-5.16;0.47;-5.2;0.51;-5.22;0.54;-5.21;0.55;-5.21;;
1182;20.9;26.9;0.5;10;100;5;Successful;Effective;No;No;No;No;No;No;0.0;-5.0;0.25;-5.09;0.39;-5.16;0.47;-5.2;0.51;-5.22;0.54;-5.21;0.55;-5.21;;
1183;20.9;26.9;0.5;5;80;6;Successful;Effective;No;No;No;No;No;No;0.0;-6.0;0.2;-6.1;0.31;-6.17;0.38;-6.21;0.41;-6.23;0.43;-6.21;0.44;-6.21;;
1184;20.9;26.9;0.5;8;80;6;Successful;Effective;No;No;No;No;No;No;0.0;-6.0;0.2;-6.1;0.31;-6.17;0.38;-6.21;0.41;-6.23;0.43;-6.21;0.44;-6.21;;
1185;20.9;26.9;0.5;10;80;6;Successful;Effective;No;No;No;No;No;No;0.0;-6.0;0.2;-6.1;0.31;-6.17;0.38;-6.21;0.41;-6.23;0.43;-6.21;0.44;-6.21;;
1186;20.9;26.9;0.5;5;100;6;Successful;Effective;No;No;No;No;No;No;0.0;-6.0;0.25;-6.1;0.39;-6.18;0.47;-6.22;0.51;-6.25;0.54;-6.23;0.55;-6.23;;
1187;20.9;26.9;0.5;8;100;6;Successful;Effective;No;No;No;No;No;No;0.0;-6.0;0.25;-6.1;0.39;-6.18;0.47;-6.22;0.51;-6.25;0.54;-6.23;0.55;-6.23;;
1188;20.9;26.9;0.5;10;100;6;Successful;Effective;No;No;No;No;No;No;0.0;-6.0;0.25;-6.1;0.39;-6.18;0.47;-6.22;0.51;-6.25;0.54;-6.23;0.55;-6.23;;
1189;20.9;26.9;0.5;5;80;7;Successful;Effective;No;No;No;No;No;No;0.0;-7.0;0.2;-7.11;0.31;-7.19;0.38;-7.24;0.41;-7.26;0.43;-7.23;0.44;-7.23;;
1190;20.9;26.9;0.5;8;80;7;Successful;Effective;No;No;No;No;No;No;0.0;-7.0;0.2;-7.11;0.31;-7.19;0.38;-7.24;0.41;-7.26;0.43;-7.23;0.44;-7.23;;
1191;20.9;26.9;0.5;10;80;7;Successful;Effective;No;No;No;No;No;No;0.0;-7.0;0.2;-7.11;0.31;-7.19;0.38;-7.24;0.41;-7.26;0.43;-7.23;0.44;-7.23;;
1192;20.9;26.9;0.5;5;100;7;Successful;Effective;No;No;No;No;No;No;0.0;-7.0;0.25;-7.12;0.39;-7.2;0.47;-7.25;0.51;-7.27;0.54;-7.25;0.55;-7.25;;
1193;20.9;26.9;0.5;8;100;7;Successful;Effective;No;No;No;No;No;No;0.0;-7.0;0.25;-7.12;0.39;-7.2;0.47;-7.25;0.51;-7.27;0.54;-7.25;0.55;-7.25;;
1194;20.9;26.9;0.5;10;100;7;Successful;Effective;No;No;No;No;No;No;0.0;-7.0;0.25;-7.12;0.39;-7.2;0.47;-7.25;0.51;-7.27;0.54;-7.25;0.55;-7.25;;
1195;20.9;26.9;0.5;5;80;8;Successful;Effective;No;No;No;No;No;No;0.0;-7.99;0.2;-8.13;0.31;-8.21;0.38;-8.26;0.41;-8.28;0.43;-8.25;0.44;-8.25;;
1196;20.9;26.9;0.5;8;80;8;Successful;Effective;No;No;No;No;No;No;0.0;-7.99;0.2;-8.13;0.31;-8.21;0.38;-8.26;0.41;-8.28;0.43;-8.25;0.44;-8.25;;
1197;20.9;26.9;0.5;10;80;8;Successful;Effective;No;No;No;No;No;No;0.0;-7.99;0.2;-8.13;0.31;-8.21;0.38;-8.26;0.41;-8.28;0.43;-8.25;0.44;-8.25;;
1198;20.9;26.9;0.5;5;100;8;Successful;Effective;No;No;No;No;No;No;0.0;-8.0;0.25;-8.13;0.39;-8.22;0.47;-8.28;0.51;-8.3;0.54;-8.27;0.55;-8.27;;
1199;20.9;26.9;0.5;8;100;8;Successful;Effective;No;No;No;No;No;No;0.0;-8.0;0.25;-8.13;0.39;-8.22;0.47;-8.28;0.51;-8.3;0.54;-8.27;0.55;-8.27;;
1200;20.9;26.9;0.5;10;100;8;Successful;Effective;No;No;No;No;No;No;0.0;-8.0;0.25;-8.13;0.39;-8.22;0.47;-8.28;0.51;-8.3;0.54;-8.27;0.55;-8.27;;
1201;21.0;27.0;0.5;5;80;5;Successful;Effective;No;No;No;No;No;No;0.0;-5.0;0.2;-5.08;0.31;-5.15;0.38;-5.19;0.41;-5.2;0.43;-5.19;0.44;-5.19;;
1202;21.0;27.0;0.5;8;80;5;Successful;Effective;No;No;No;No;No;No;0.0;-5.0;0.2;-5.08;0.31;-5.15;0.38;-5.19;0.41;-5.2;0.43;-5.19;0.44;-5.19;;
1203;21.0;27.0;0.5;10;80;5;Successful;Effective;No;No;No;No;No;No;0.0;-5.0;0.2;-5.08;0.31;-5.15;0.38;-5.19;0.41;-5.2;0.43;-5.19;0.44;-5.19;;
1204;21.0;27.0;0.5;5;100;5;Successful;Effective;No;No;No;No;No;No;0.0;-5.0;0.25;-5.09;0.39;-5.16;0.47;-5.2;0.51;-5.22;0.54;-5.21;0.55;-5.21;;
1205;21.0;27.0;0.5;8;100;5;Successful;Effective;No;No;No;No;No;No;0.0;-5.0;0.25;-5.09;0.39;-5.16;0.47;-5.2;0.51;-5.22;0.54;-5.21;0.55;-5.21;;
1206;21.0;27.0;0.5;10;100;5;Successful;Effective;No;No;No;No;No;No;0.0;-5.0;0.25;-5.09;0.39;-5.16;0.47;-5.2;0.51;-5.22;0.54;-5.21;0.55;-5.21;;
1207;21.0;27.0;0.5;5;80;6;Successful;Effective;No;No;No;No;No;No;0.0;-6.0;0.2;-6.1;0.31;-6.17;0.38;-6.21;0.41;-6.23;0.43;-6.21;0.44;-6.21;;
1208;21.0;27.0;0.5;8;80;6;Successful;Effective;No;No;No;No;No;No;0.0;-6.0;0.2;-6.1;0.31;-6.17;0.38;-6.21;0.41;-6.23;0.43;-6.21;0.44;-6.21;;
1209;21.0;27.0;0.5;10;80;6;Successful;Effective;No;No;No;No;No;No;0.0;-6.0;0.2;-6.1;0.31;-6.17;0.38;-6.21;0.41;-6.23;0.43;-6.21;0.44;-6.21;;
1210;21.0;27.0;0.5;5;100;6;Successful;Effective;No;No;No;No;No;No;0.0;-6.0;0.25;-6.1;0.39;-6.18;0.47;-6.22;0.51;-6.25;0.54;-6.23;0.55;-6.23;;
1211;21.0;27.0;0.5;8;100;6;Successful;Effective;No;No;No;No;No;No;0.0;-6.0;0.25;-6.1;0.39;-6.18;0.47;-6.22;0.51;-6.25;0.54;-6.23;0.55;-6.23;;
1212;21.0;27.0;0.5;10;100;6;Successful;Effective;No;No;No;No;No;No;0.0;-6.0;0.25;-6.1;0.39;-6.18;0.47;-6.22;0.51;-6.25;0.54;-6.23;0.55;-6.23;;
1213;21.0;27.0;0.5;5;80;7;Successful;Effective;No;No;No;No;No;No;0.0;-7.0;0.2;-7.11;0.31;-7.19;0.38;-7.24;0.41;-7.26;0.43;-7.23;0.44;-7.23;;
1214;21.0;27.0;0.5;8;80;7;Successful;Effective;No;No;No;No;No;No;0.0;-7.0;0.2;-7.11;0.31;-7.19;0.38;-7.24;0.41;-7.26;0.43;-7.23;0.44;-7.23;;
1215;21.0;27.0;0.5;10;80;7;Successful;Effective;No;No;No;No;No;No;0.0;-7.0;0.2;-7.11;0.31;-7.19;0.38;-7.24;0.41;-7.26;0.43;-7.23;0.44;-7.23;;
1216;21.0;27.0;0.5;5;100;7;Successful;Effective;No;No;No;No;No;No;0.0;-7.0;0.25;-7.12;0.39;-7.2;0.47;-7.25;0.51;-7.27;0.54;-7.25;0.55;-7.25;;
1217;21.0;27.0;0.5;8;100;7;Successful;Effective;No;No;No;No;No;No;0.0;-7.0;0.25;-7.12;0.39;-7.2;0.47;-7.25;0.51;-7.27;0.54;-7.25;0.55;-7.25;;
1218;21.0;27.0;0.5;10;100;7;Successful;Effective;No;No;No;No;No;No;0.0;-7.0;0.25;-7.12;0.39;-7.2;0.47;-7.25;0.51;-7.27;0.54;-7.25;0.55;-7.25;;
1219;21.0;27.0;0.5;5;80;8;Successful;Effective;No;No;No;No;No;No;0.0;-7.99;0.2;-8.13;0.31;-8.21;0.38;-8.26;0.41;-8.28;0.43;-8.25;0.44;-8.25;;
1220;21.0;27.0;0.5;8;80;8;Successful;Effective;No;No;No;No;No;No;0.0;-7.99;0.2;-8.13;0.31;-8.21;0.38;-8.26;0.41;-8.28;0.43;-8.25;0.44;-8.25;;
1221;21.0;27.0;0.5;10;80;8;Successful;Effective;No;No;No;No;No;No;0.0;-7.99;0.2;-8.13;0.31;-8.21;0.38;-8.26;0.41;-8.28;0.43;-8.25;0.44;-8.25;;
1222;21.0;27.0;0.5;5;100;8;Successful;Effective;No;No;No;No;No;No;0.0;-8.0;0.25;-8.13;0.39;-8.22;0.47;-8.28;0.51;-8.3;0.54;-8.27;0.55;-8.27;;
1223;21.0;27.0;0.5;8;100;8;Successful;Effective;No;No;No;No;No;No;0.0;-8.0;0.25;-8.13;0.39;-8.22;0.47;-8.28;0.51;-8.3;0.54;-8.27;0.55;-8.27;;
1224;21.0;27.0;0.5;10;100;8;Successful;Effective;No;No;No;No;No;No;0.0;-8.0;0.25;-8.13;0.39;-8.22;0.47;-8.28;0.51;-8.3;0.54;-8.27;0.55;-8.27;;
1225;21.1;27.1;0.5;5;80;5;Successful;Effective;No;No;No;No;No;No;0.0;-5.0;0.2;-5.08;0.31;-5.15;0.38;-5.19;0.41;-5.2;0.43;-5.19;0.44;-5.19;;
1226;21.1;27.1;0.5;8;80;5;Successful;Effective;No;No;No;No;No;No;0.0;-5.0;0.2;-5.08;0.31;-5.15;0.38;-5.19;0.41;-5.2;0.43;-5.19;0.44;-5.19;;
1227;21.1;27.1;0.5;10;80;5;Successful;Effective;No;No;No;No;No;No;0.0;-5.0;0.2;-5.08;0.31;-5.15;0.38;-5.19;0.41;-5.2;0.43;-5.19;0.44;-5.19;;
1228;21.1;27.1;0.5;5;100;5;Successful;Effective;No;No;No;No;No;No;0.0;-5.0;0.25;-5.09;0.39;-5.16;0.47;-5.2;0.51;-5.22;0.54;-5.21;0.55;-5.21;;
1229;21.1;27.1;0.5;8;100;5;Successful;Effective;No;No;No;No;No;No;0.0;-5.0;0.25;-5.09;0.39;-5.16;0.47;-5.2;0.51;-5.22;0.54;-5.21;0.55;-5.21;;
1230;21.1;27.1;0.5;10;100;5;Successful;Effective;No;No;No;No;No;No;0.0;-5.0;0.25;-5.09;0.39;-5.16;0.47;-5.2;0.51;-5.22;0.54;-5.21;0.55;-5.21;;
1231;21.1;27.1;0.5;5;80;6;Successful;Effective;No;No;No;No;No;No;0.0;-6.0;0.2;-6.1;0.31;-6.17;0.38;-6.21;0.41;-6.23;0.43;-6.21;0.44;-6.21;;
1232;21.1;27.1;0.5;8;80;6;Successful;Effective;No;No;No;No;No;No;0.0;-6.0;0.2;-6.1;0.31;-6.17;0.38;-6.21;0.41;-6.23;0.43;-6.21;0.44;-6.21;;
1233;21.1;27.1;0.5;10;80;6;Successful;Effective;No;No;No;No;No;No;0.0;-6.0;0.2;-6.1;0.31;-6.17;0.38;-6.21;0.41;-6.23;0.43;-6.21;0.44;-6.21;;
1234;21.1;27.1;0.5;5;100;6;Successful;Effective;No;No;No;No;No;No;0.0;-6.0;0.25;-6.1;0.39;-6.18;0.47;-6.22;0.51;-6.25;0.54;-6.23;0.55;-6.23;;
1235;21.1;27.1;0.5;8;100;6;Successful;Effective;No;No;No;No;No;No;0.0;-6.0;0.25;-6.1;0.39;-6.18;0.47;-6.22;0.51;-6.25;0.54;-6.23;0.55;-6.23;;
1236;21.1;27.1;0.5;10;100;6;Successful;Effective;No;No;No;No;No;No;0.0;-6.0;0.25;-6.1;0.39;-6.18;0.47;-6.22;0.51;-6.25;0.54;-6.23;0.55;-6.23;;
1237;21.1;27.1;0.5;5;80;7;Successful;Effective;No;No;No;No;No;No;0.0;-7.0;0.2;-7.11;0.31;-7.19;0.38;-7.24;0.41;-7.26;0.43;-7.23;0.44;-7.23;;
1238;21.1;27.1;0.5;8;80;7;Successful;Effective;No;No;No;No;No;No;0.0;-7.0;0.2;-7.11;0.31;-7.19;0.38;-7.24;0.41;-7.26;0.43;-7.23;0.44;-7.23;;
1239;21.1;27.1;0.5;10;80;7;Successful;Effective;No;No;No;No;No;No;0.0;-7.0;0.2;-7.11;0.31;-7.19;0.38;-7.24;0.41;-7.26;0.43;-7.23;0.44;-7.23;;
1240;21.1;27.1;0.5;5;100;7;Successful;Effective;No;No;No;No;No;No;0.0;-7.0;0.25;-7.12;0.39;-7.2;0.47;-7.25;0.51;-7.27;0.54;-7.25;0.55;-7.25;;
1241;21.1;27.1;0.5;8;100;7;Successful;Effective;No;No;No;No;No;No;0.0;-7.0;0.25;-7.12;0.39;-7.2;0.47;-7.25;0.51;-7.27;0.54;-7.25;0.55;-7.25;;
1242;21.1;27.1;0.5;10;100;7;Successful;Effective;No;No;No;No;No;No;0.0;-7.0;0.25;-7.12;0.39;-7.2;0.47;-7.25;0.51;-7.27;0.54;-7.25;0.55;-7.25;;
1243;21.1;27.1;0.5;5;80;8;Successful;Effective;No;No;No;No;No;No;0.0;-7.99;0.2;-8.13;0.31;-8.21;0.38;-8.26;0.41;-8.28;0.43;-8.25;0.44;-8.25;;
1244;21.1;27.1;0.5;8;80;8;Successful;Effective;No;No;No;No;No;No;0.0;-7.99;0.2;-8.13;0.31;-8.21;0.38;-8.26;0.41;-8.28;0.43;-8.25;0.44;-8.25;;
1245;21.1;27.1;0.5;10;80;8;Successful;Effective;No;No;No;No;No;No;0.0;-7.99;0.2;-8.13;0.31;-8.21;0.38;-8.26;0.41;-8.28;0.43;-8.25;0.44;-8.25;;
1246;21.1;27.1;0.5;5;100;8;Successful;Effective;No;No;No;No;No;No;0.0;-8.0;0.25;-8.13;0.39;-8.22;0.47;-8.28;0.51;-8.3;0.54;-8.27;0.55;-8.27;;
1247;21.1;27.1;0.5;8;100;8;Successful;Effective;No;No;No;No;No;No;0.0;-8.0;0.25;-8.13;0.39;-8.22;0.47;-8.28;0.51;-8.3;0.54;-8.27;0.55;-8.27;;
1248;21.1;27.1;0.5;10;100;8;Successful;Effective;No;No;No;No;No;No;0.0;-8.0;0.25;-8.13;0.39;-8.22;0.47;-8.28;0.51;-8.3;0.54;-8.27;0.55;-8.27;;
1249;21.2;27.2;0.5;5;80;5;Successful;Effective;No;No;No;No;No;No;0.0;-5.0;0.2;-5.08;0.31;-5.15;0.38;-5.19;0.41;-5.2;0.43;-5.19;0.44;-5.19;;
1250;21.2;27.2;0.5;8;80;5;Successful;Effective;No;No;No;No;No;No;0.0;-5.0;0.2;-5.08;0.31;-5.15;0.38;-5.19;0.41;-5.2;0.43;-5.19;0.44;-5.19;;
1251;21.2;27.2;0.5;10;80;5;Successful;Effective;No;No;No;No;No;No;0.0;-5.0;0.2;-5.08;0.31;-5.15;0.38;-5.19;0.41;-5.2;0.43;-5.19;0.44;-5.19;;
1252;21.2;27.2;0.5;5;100;5;Successful;Effective;No;No;No;No;No;No;0.0;-5.0;0.25;-5.09;0.39;-5.16;0.47;-5.2;0.51;-5.22;0.54;-5.21;0.55;-5.21;;
1253;21.2;27.2;0.5;8;100;5;Successful;Effective;No;No;No;No;No;No;0.0;-5.0;0.25;-5.09;0.39;-5.16;0.47;-5.2;0.51;-5.22;0.54;-5.21;0.55;-5.21;;
1254;21.2;27.2;0.5;10;100;5;Successful;Effective;No;No;No;No;No;No;0.0;-5.0;0.25;-5.09;0.39;-5.16;0.47;-5.2;0.51;-5.22;0.54;-5.21;0.55;-5.21;;
1255;21.2;27.2;0.5;5;80;6;Successful;Effective;No;No;No;No;No;No;0.0;-6.0;0.2;-6.1;0.31;-6.17;0.38;-6.21;0.41;-6.23;0.43;-6.21;0.44;-6.21;;
1256;21.2;27.2;0.5;8;80;6;Successful;Effective;No;No;No;No;No;No;0.0;-6.0;0.2;-6.1;0.31;-6.17;0.38;-6.21;0.41;-6.23;0.43;-6.21;0.44;-6.21;;
1257;21.2;27.2;0.5;10;80;6;Successful;Effective;No;No;No;No;No;No;0.0;-6.0;0.2;-6.1;0.31;-6.17;0.38;-6.21;0.41;-6.23;0.43;-6.21;0.44;-6.21;;
1258;21.2;27.2;0.5;5;100;6;Successful;Effective;No;No;No;No;No;No;0.0;-6.0;0.25;-6.1;0.39;-6.18;0.47;-6.22;0.51;-6.25;0.54;-6.23;0.55;-6.23;;
1259;21.2;27.2;0.5;8;100;6;Successful;Effective;No;No;No;No;No;No;0.0;-6.0;0.25;-6.1;0.39;-6.18;0.47;-6.22;0.51;-6.25;0.54;-6.23;0.55;-6.23;;
1260;21.2;27.2;0.5;10;100;6;Successful;Effective;No;No;No;No;No;No;0.0;-6.0;0.25;-6.1;0.39;-6.18;0.47;-6.22;0.51;-6.25;0.54;-6.23;0.55;-6.23;;
1261;21.2;27.2;0.5;5;80;7;Successful;Effective;No;No;No;No;No;No;0.0;-7.0;0.2;-7.11;0.31;-7.19;0.38;-7.24;0.41;-7.26;0.43;-7.23;0.44;-7.23;;
1262;21.2;27.2;0.5;8;80;7;Successful;Effective;No;No;No;No;No;No;0.0;-7.0;0.2;-7.11;0.31;-7.19;0.38;-7.24;0.41;-7.26;0.43;-7.23;0.44;-7.23;;
1263;21.2;27.2;0.5;10;80;7;Successful;Effective;No;No;No;No;No;No;0.0;-7.0;0.2;-7.11;0.31;-7.19;0.38;-7.24;0.41;-7.26;0.43;-7.23;0.44;-7.23;;
1264;21.2;27.2;0.5;5;100;7;Successful;Effective;No;No;No;No;No;No;0.0;-7.0;0.25;-7.12;0.39;-7.2;0.47;-7.25;0.51;-7.27;0.54;-7.25;0.55;-7.25;;
1265;21.2;27.2;0.5;8;100;7;Successful;Effective;No;No;No;No;No;No;0.0;-7.0;0.25;-7.12;0.39;-7.2;0.47;-7.25;0.51;-7.27;0.54;-7.25;0.55;-7.25;;
1266;21.2;27.2;0.5;10;100;7;Successful;Effective;No;No;No;No;No;No;0.0;-7.0;0.25;-7.12;0.39;-7.2;0.47;-7.25;0.51;-7.27;0.54;-7.25;0.55;-7.25;;
1267;21.2;27.2;0.5;5;80;8;Successful;Effective;No;No;No;No;No;No;0.0;-7.99;0.2;-8.13;0.31;-8.21;0.38;-8.26;0.41;-8.28;0.43;-8.25;0.44;-8.25;;
1268;21.2;27.2;0.5;8;80;8;Successful;Effective;No;No;No;No;No;No;0.0;-7.99;0.2;-8.13;0.31;-8.21;0.38;-8.26;0.41;-8.28;0.43;-8.25;0.44;-8.25;;
1269;21.2;27.2;0.5;10;80;8;Successful;Effective;No;No;No;No;No;No;0.0;-7.99;0.2;-8.13;0.31;-8.21;0.38;-8.26;0.41;-8.28;0.43;-8.25;0.44;-8.25;;
1270;21.2;27.2;0.5;5;100;8;Successful;Effective;No;No;No;No;No;No;0.0;-8.0;0.25;-8.13;0.39;-8.22;0.47;-8.28;0.51;-8.3;0.54;-8.27;0.55;-8.27;;
1271;21.2;27.2;0.5;8;100;8;Successful;Effective;No;No;No;No;No;No;0.0;-8.0;0.25;-8.13;0.39;-8.22;0.47;-8.28;0.51;-8.3;0.54;-8.27;0.55;-8.27;;
1272;21.2;27.2;0.5;10;100;8;Successful;Effective;No;No;No;No;No;No;0.0;-8.0;0.25;-8.13;0.39;-8.22;0.47;-8.28;0.51;-8.3;0.54;-8.27;0.55;-8.27;;
1273;21.3;27.3;0.5;5;80;5;Successful;Effective;No;No;No;No;No;No;0.0;-5.0;0.2;-5.08;0.31;-5.15;0.38;-5.19;0.41;-5.2;0.43;-5.19;0.44;-5.19;;
1274;21.3;27.3;0.5;8;80;5;Successful;Effective;No;No;No;No;No;No;0.0;-5.0;0.2;-5.08;0.31;-5.15;0.38;-5.19;0.41;-5.2;0.43;-5.19;0.44;-5.19;;
1275;21.3;27.3;0.5;10;80;5;Successful;Effective;No;No;No;No;No;No;0.0;-5.0;0.2;-5.08;0.31;-5.15;0.38;-5.19;0.41;-5.2;0.43;-5.19;0.44;-5.19;;
1276;21.3;27.3;0.5;5;100;5;Successful;Effective;No;No;No;No;No;No;0.0;-5.0;0.25;-5.09;0.39;-5.16;0.47;-5.2;0.51;-5.22;0.54;-5.21;0.55;-5.21;;
1277;21.3;27.3;0.5;8;100;5;Successful;Effective;No;No;No;No;No;No;0.0;-5.0;0.25;-5.09;0.39;-5.16;0.47;-5.2;0.51;-5.22;0.54;-5.21;0.55;-5.21;;
1278;21.3;27.3;0.5;10;100;5;Successful;Effective;No;No;No;No;No;No;0.0;-5.0;0.25;-5.09;0.39;-5.16;0.47;-5.2;0.51;-5.22;0.54;-5.21;0.55;-5.21;;
1279;21.3;27.3;0.5;5;80;6;Successful;Effective;No;No;No;No;No;No;0.0;-6.0;0.2;-6.1;0.31;-6.17;0.38;-6.21;0.41;-6.23;0.43;-6.21;0.44;-6.21;;
1280;21.3;27.3;0.5;8;80;6;Successful;Effective;No;No;No;No;No;No;0.0;-6.0;0.2;-6.1;0.31;-6.17;0.38;-6.21;0.41;-6.23;0.43;-6.21;0.44;-6.21;;
1281;21.3;27.3;0.5;10;80;6;Successful;Effective;No;No;No;No;No;No;0.0;-6.0;0.2;-6.1;0.31;-6.17;0.38;-6.21;0.41;-6.23;0.43;-6.21;0.44;-6.21;;
1282;21.3;27.3;0.5;5;100;6;Successful;Effective;No;No;No;No;No;No;0.0;-6.0;0.25;-6.1;0.39;-6.18;0.47;-6.22;0.51;-6.25;0.54;-6.23;0.55;-6.23;;
1283;21.3;27.3;0.5;8;100;6;Successful;Effective;No;No;No;No;No;No;0.0;-6.0;0.25;-6.1;0.39;-6.18;0.47;-6.22;0.51;-6.25;0.54;-6.23;0.55;-6.23;;
1284;21.3;27.3;0.5;10;100;6;Successful;Effective;No;No;No;No;No;No;0.0;-6.0;0.25;-6.1;0.39;-6.18;0.47;-6.22;0.51;-6.25;0.54;-6.23;0.55;-6.23;;
1285;21.3;27.3;0.5;5;80;7;Successful;Effective;No;No;No;No;No;No;0.0;-7.0;0.2;-7.11;0.31;-7.19;0.38;-7.24;0.41;-7.26;0.43;-7.23;0.44;-7.23;;
1286;21.3;27.3;0.5;8;80;7;Successful;Effective;No;No;No;No;No;No;0.0;-7.0;0.2;-7.11;0.31;-7.19;0.38;-7.24;0.41;-7.26;0.43;-7.23;0.44;-7.23;;
1287;21.3;27.3;0.5;10;80;7;Successful;Effective;No;No;No;No;No;No;0.0;-7.0;0.2;-7.11;0.31;-7.19;0.38;-7.24;0.41;-7.26;0.43;-7.23;0.44;-7.23;;
1288;21.3;27.3;0.5;5;100;7;Successful;Effective;No;No;No;No;No;No;0.0;-7.0;0.25;-7.12;0.39;-7.2;0.47;-7.25;0.51;-7.27;0.54;-7.25;0.55;-7.25;;
1289;21.3;27.3;0.5;8;100;7;Successful;Effective;No;No;No;No;No;No;0.0;-7.0;0.25;-7.12;0.39;-7.2;0.47;-7.25;0.51;-7.27;0.54;-7.25;0.55;-7.25;;
1290;21.3;27.3;0.5;10;100;7;Successful;Effective;No;No;No;No;No;No;0.0;-7.0;0.25;-7.12;0.39;-7.2;0.47;-7.25;0.51;-7.27;0.54;-7.25;0.55;-7.25;;
1291;21.3;27.3;0.5;5;80;8;Successful;Effective;No;No;No;No;No;No;0.0;-7.99;0.2;-8.13;0.31;-8.21;0.38;-8.26;0.41;-8.28;0.43;-8.25;0.44;-8.25;;
1292;21.3;27.3;0.5;8;80;8;Successful;Effective;No;No;No;No;No;No;0.0;-7.99;0.2;-8.13;0.31;-8.21;0.38;-8.26;0.41;-8.28;0.43;-8.25;0.44;-8.25;;
1293;21.3;27.3;0.5;10;80;8;Successful;Effective;No;No;No;No;No;No;0.0;-7.99;0.2;-8.13;0.31;-8.21;0.38;-8.26;0.41;-8.28;0.43;-8.25;0.44;-8.25;;
1294;21.3;27.3;0.5;5;100;8;Successful;Effective;No;No;No;No;No;No;0.0;-8.0;0.25;-8.13;0.39;-8.22;0.47;-8.28;0.51;-8.3;0.54;-8.27;0.55;-8.27;;
1295;21.3;27.3;0.5;8;100;8;Successful;Effective;No;No;No;No;No;No;0.0;-8.0;0.25;-8.13;0.39;-8.22;0.47;-8.28;0.51;-8.3;0.54;-8.27;0.55;-8.27;;
1296;21.3;27.3;0.5;10;100;8;Successful;Effective;No;No;No;No;No;No;0.0;-8.0;0.25;-8.13;0.39;-8.22;0.47;-8.28;0.51;-8.3;0.54;-8.27;0.55;-8.27;;
1297;21.4;27.4;0.5;5;80;5;Successful;Effective;No;No;No;No;No;No;0.0;-5.0;0.2;-5.08;0.31;-5.15;0.38;-5.19;0.41;-5.2;0.43;-5.19;0.44;-5.19;;
1298;21.4;27.4;0.5;8;80;5;Successful;Effective;No;No;No;No;No;No;0.0;-5.0;0.2;-5.08;0.31;-5.15;0.38;-5.19;0.41;-5.2;0.43;-5.19;0.44;-5.19;;
1299;21.4;27.4;0.5;10;80;5;Successful;Effective;No;No;No;No;No;No;0.0;-5.0;0.2;-5.08;0.31;-5.15;0.38;-5.19;0.41;-5.2;0.43;-5.19;0.44;-5.19;;
1300;21.4;27.4;0.5;5;100;5;Successful;Effective;No;No;No;No;No;No;0.0;-5.0;0.25;-5.09;0.39;-5.16;0.47;-5.2;0.51;-5.22;0.54;-5.21;0.55;-5.21;;
1301;21.4;27.4;0.5;8;100;5;Successful;Effective;No;No;No;No;No;No;0.0;-5.0;0.25;-5.09;0.39;-5.16;0.47;-5.2;0.51;-5.22;0.54;-5.21;0.55;-5.21;;
1302;21.4;27.4;0.5;10;100;5;Successful;Effective;No;No;No;No;No;No;0.0;-5.0;0.25;-5.09;0.39;-5.16;0.47;-5.2;0.51;-5.22;0.54;-5.21;0.55;-5.21;;
1303;21.4;27.4;0.5;5;80;6;Successful;Effective;No;No;No;No;No;No;0.0;-6.0;0.2;-6.1;0.31;-6.17;0.38;-6.21;0.41;-6.23;0.43;-6.21;0.44;-6.21;;
1304;21.4;27.4;0.5;8;80;6;Successful;Effective;No;No;No;No;No;No;0.0;-6.0;0.2;-6.1;0.31;-6.17;0.38;-6.21;0.41;-6.23;0.43;-6.21;0.44;-6.21;;
1305;21.4;27.4;0.5;10;80;6;Successful;Effective;No;No;No;No;No;No;0.0;-6.0;0.2;-6.1;0.31;-6.17;0.38;-6.21;0.41;-6.23;0.43;-6.21;0.44;-6.21;;
1306;21.4;27.4;0.5;5;100;6;Successful;Effective;No;No;No;No;No;No;0.0;-6.0;0.25;-6.1;0.39;-6.18;0.47;-6.22;0.51;-6.25;0.54;-6.23;0.55;-6.23;;
1307;21.4;27.4;0.5;8;100;6;Successful;Effective;No;No;No;No;No;No;0.0;-6.0;0.25;-6.1;0.39;-6.18;0.47;-6.22;0.51;-6.25;0.54;-6.23;0.55;-6.23;;
1308;21.4;27.4;0.5;10;100;6;Successful;Effective;No;No;No;No;No;No;0.0;-6.0;0.25;-6.1;0.39;-6.18;0.47;-6.22;0.51;-6.25;0.54;-6.23;0.55;-6.23;;
1309;21.4;27.4;0.5;5;80;7;Successful;Effective;No;No;No;No;No;No;0.0;-7.0;0.2;-7.11;0.31;-7.19;0.38;-7.24;0.41;-7.26;0.43;-7.23;0.44;-7.23;;
1310;21.4;27.4;0.5;8;80;7;Successful;Effective;No;No;No;No;No;No;0.0;-7.0;0.2;-7.11;0.31;-7.19;0.38;-7.24;0.41;-7.26;0.43;-7.23;0.44;-7.23;;
1311;21.4;27.4;0.5;10;80;7;Successful;Effective;No;No;No;No;No;No;0.0;-7.0;0.2;-7.11;0.31;-7.19;0.38;-7.24;0.41;-7.26;0.43;-7.23;0.44;-7.23;;
1312;21.4;27.4;0.5;5;100;7;Successful;Effective;No;No;No;No;No;No;0.0;-7.0;0.25;-7.12;0.39;-7.2;0.47;-7.25;0.51;-7.27;0.54;-7.25;0.55;-7.25;;
1313;21.4;27.4;0.5;8;100;7;Successful;Effective;No;No;No;No;No;No;0.0;-7.0;0.25;-7.12;0.39;-7.2;0.47;-7.25;0.51;-7.27;0.54;-7.25;0.55;-7.25;;
1314;21.4;27.4;0.5;10;100;7;Successful;Effective;No;No;No;No;No;No;0.0;-7.0;0.25;-7.12;0.39;-7.2;0.47;-7.25;0.51;-7.27;0.54;-7.25;0.55;-7.25;;
1315;21.4;27.4;0.5;5;80;8;Successful;Effective;No;No;No;No;No;No;0.0;-7.99;0.2;-8.13;0.31;-8.21;0.38;-8.26;0.41;-8.28;0.43;-8.25;0.44;-8.25;;
1316;21.4;27.4;0.5;8;80;8;Successful;Effective;No;No;No;No;No;No;0.0;-7.99;0.2;-8.13;0.31;-8.21;0.38;-8.26;0.41;-8.28;0.43;-8.25;0.44;-8.25;;
1317;21.4;27.4;0.5;10;80;8;Successful;Effective;No;No;No;No;No;No;0.0;-7.99;0.2;-8.13;0.31;-8.21;0.38;-8.26;0.41;-8.28;0.43;-8.25;0.44;-8.25;;
1318;21.4;27.4;0.5;5;100;8;Successful;Effective;No;No;No;No;No;No;0.0;-8.0;0.25;-8.13;0.39;-8.22;0.47;-8.28;0.51;-8.3;0.54;-8.27;0.55;-8.27;;
1319;21.4;27.4;0.5;8;100;8;Successful;Effective;No;No;No;No;No;No;0.0;-8.0;0.25;-8.13;0.39;-8.22;0.47;-8.28;0.51;-8.3;0.54;-8.27;0.55;-8.27;;
1320;21.4;27.4;0.5;10;100;8;Successful;Effective;No;No;No;No;No;No;0.0;-8.0;0.25;-8.13;0.39;-8.22;0.47;-8.28;0.51;-8.3;0.54;-8.27;0.55;-8.27;;
1321;21.5;27.5;0.5;5;80;5;Successful;Effective;No;No;No;No;No;No;0.0;-5.0;0.2;-5.08;0.31;-5.15;0.38;-5.19;0.41;-5.2;0.43;-5.19;0.44;-5.19;;
1322;21.5;27.5;0.5;8;80;5;Successful;Effective;No;No;No;No;No;No;0.0;-5.0;0.2;-5.08;0.31;-5.15;0.38;-5.19;0.41;-5.2;0.43;-5.19;0.44;-5.19;;
1323;21.5;27.5;0.5;10;80;5;Successful;Effective;No;No;No;No;No;No;0.0;-5.0;0.2;-5.08;0.31;-5.15;0.38;-5.19;0.41;-5.2;0.43;-5.19;0.44;-5.19;;
1324;21.5;27.5;0.5;5;100;5;Successful;Effective;No;No;No;No;No;No;0.0;-5.0;0.25;-5.09;0.39;-5.16;0.47;-5.2;0.51;-5.22;0.54;-5.21;0.55;-5.21;;
1325;21.5;27.5;0.5;8;100;5;Successful;Effective;No;No;No;No;No;No;0.0;-5.0;0.25;-5.09;0.39;-5.16;0.47;-5.2;0.51;-5.22;0.54;-5.21;0.55;-5.21;;
1326;21.5;27.5;0.5;10;100;5;Successful;Effective;No;No;No;No;No;No;0.0;-5.0;0.25;-5.09;0.39;-5.16;0.47;-5.2;0.51;-5.22;0.54;-5.21;0.55;-5.21;;
1327;21.5;27.5;0.5;5;80;6;Successful;Effective;No;No;No;No;No;No;0.0;-6.0;0.2;-6.1;0.31;-6.17;0.38;-6.21;0.41;-6.23;0.43;-6.21;0.44;-6.21;;
1328;21.5;27.5;0.5;8;80;6;Successful;Effective;No;No;No;No;No;No;0.0;-6.0;0.2;-6.1;0.31;-6.17;0.38;-6.21;0.41;-6.23;0.43;-6.21;0.44;-6.21;;
1329;21.5;27.5;0.5;10;80;6;Successful;Effective;No;No;No;No;No;No;0.0;-6.0;0.2;-6.1;0.31;-6.17;0.38;-6.21;0.41;-6.23;0.43;-6.21;0.44;-6.21;;
1330;21.5;27.5;0.5;5;100;6;Successful;Effective;No;No;No;No;No;No;0.0;-6.0;0.25;-6.1;0.39;-6.18;0.47;-6.22;0.51;-6.25;0.54;-6.23;0.55;-6.23;;
1331;21.5;27.5;0.5;8;100;6;Successful;Effective;No;No;No;No;No;No;0.0;-6.0;0.25;-6.1;0.39;-6.18;0.47;-6.22;0.51;-6.25;0.54;-6.23;0.55;-6.23;;
1332;21.5;27.5;0.5;10;100;6;Successful;Effective;No;No;No;No;No;No;0.0;-6.0;0.25;-6.1;0.39;-6.18;0.47;-6.22;0.51;-6.25;0.54;-6.23;0.55;-6.23;;
1333;21.5;27.5;0.5;5;80;7;Successful;Effective;No;No;No;No;No;No;0.0;-7.0;0.2;-7.11;0.31;-7.19;0.38;-7.24;0.41;-7.26;0.43;-7.23;0.44;-7.23;;
1334;21.5;27.5;0.5;8;80;7;Successful;Effective;No;No;No;No;No;No;0.0;-7.0;0.2;-7.11;0.31;-7.19;0.38;-7.24;0.41;-7.26;0.43;-7.23;0.44;-7.23;;
1335;21.5;27.5;0.5;10;80;7;Successful;Effective;No;No;No;No;No;No;0.0;-7.0;0.2;-7.11;0.31;-7.19;0.38;-7.24;0.41;-7.26;0.43;-7.23;0.44;-7.23;;
1336;21.5;27.5;0.5;5;100;7;Successful;Effective;No;No;No;No;No;No;0.0;-7.0;0.25;-7.12;0.39;-7.2;0.47;-7.25;0.51;-7.27;0.54;-7.25;0.55;-7.25;;
1337;21.5;27.5;0.5;8;100;7;Successful;Effective;No;No;No;No;No;No;0.0;-7.0;0.25;-7.12;0.39;-7.2;0.47;-7.25;0.51;-7.27;0.54;-7.25;0.55;-7.25;;
1338;21.5;27.5;0.5;10;100;7;Successful;Effective;No;No;No;No;No;No;0.0;-7.0;0.25;-7.12;0.39;-7.2;0.47;-7.25;0.51;-7.27;0.54;-7.25;0.55;-7.25;;
1339;21.5;27.5;0.5;5;80;8;Successful;Effective;No;No;No;No;No;No;0.0;-7.99;0.2;-8.13;0.31;-8.21;0.38;-8.26;0.41;-8.28;0.43;-8.25;0.44;-8.25;;
1340;21.5;27.5;0.5;8;80;8;Successful;Effective;No;No;No;No;No;No;0.0;-7.99;0.2;-8.13;0.31;-8.21;0.38;-8.26;0.41;-8.28;0.43;-8.25;0.44;-8.25;;
1341;21.5;27.5;0.5;10;80;8;Successful;Effective;No;No;No;No;No;No;0.0;-7.99;0.2;-8.13;0.31;-8.21;0.38;-8.26;0.41;-8.28;0.43;-8.25;0.44;-8.25;;
1342;21.5;27.5;0.5;5;100;8;Successful;Effective;No;No;No;No;No;No;0.0;-8.0;0.25;-8.13;0.39;-8.22;0.47;-8.28;0.51;-8.3;0.54;-8.27;0.55;-8.27;;
1343;21.5;27.5;0.5;8;100;8;Successful;Effective;No;No;No;No;No;No;0.0;-8.0;0.25;-8.13;0.39;-8.22;0.47;-8.28;0.51;-8.3;0.54;-8.27;0.55;-8.27;;
1344;21.5;27.5;0.5;10;100;8;Successful;Effective;No;No;No;No;No;No;0.0;-8.0;0.25;-8.13;0.39;-8.22;0.47;-8.28;0.51;-8.3;0.54;-8.27;0.55;-8.27;;
1345;21.6;27.6;0.5;5;80;5;Successful;Effective;No;No;No;No;No;No;0.0;-5.0;0.2;-5.08;0.31;-5.15;0.38;-5.19;0.41;-5.2;0.43;-5.19;0.44;-5.19;;
1346;21.6;27.6;0.5;8;80;5;Successful;Effective;No;No;No;No;No;No;0.0;-5.0;0.2;-5.08;0.31;-5.15;0.38;-5.19;0.41;-5.2;0.43;-5.19;0.44;-5.19;;
1347;21.6;27.6;0.5;10;80;5;Successful;Effective;No;No;No;No;No;No;0.0;-5.0;0.2;-5.08;0.31;-5.15;0.38;-5.19;0.41;-5.2;0.43;-5.19;0.44;-5.19;;
1348;21.6;27.6;0.5;5;100;5;Successful;Effective;No;No;No;No;No;No;0.0;-5.0;0.25;-5.09;0.39;-5.16;0.47;-5.2;0.51;-5.22;0.54;-5.21;0.55;-5.21;;
1349;21.6;27.6;0.5;8;100;5;Successful;Effective;No;No;No;No;No;No;0.0;-5.0;0.25;-5.09;0.39;-5.16;0.47;-5.2;0.51;-5.22;0.54;-5.21;0.55;-5.21;;
1350;21.6;27.6;0.5;10;100;5;Successful;Effective;No;No;No;No;No;No;0.0;-5.0;0.25;-5.09;0.39;-5.16;0.47;-5.2;0.51;-5.22;0.54;-5.21;0.55;-5.21;;
1351;21.6;27.6;0.5;5;80;6;Successful;Effective;No;No;No;No;No;No;0.0;-6.0;0.2;-6.1;0.31;-6.17;0.38;-6.21;0.41;-6.23;0.43;-6.21;0.44;-6.21;;
1352;21.6;27.6;0.5;8;80;6;Successful;Effective;No;No;No;No;No;No;0.0;-6.0;0.2;-6.1;0.31;-6.17;0.38;-6.21;0.41;-6.23;0.43;-6.21;0.44;-6.21;;
1353;21.6;27.6;0.5;10;80;6;Successful;Effective;No;No;No;No;No;No;0.0;-6.0;0.2;-6.1;0.31;-6.17;0.38;-6.21;0.41;-6.23;0.43;-6.21;0.44;-6.21;;
1354;21.6;27.6;0.5;5;100;6;Successful;Effective;No;No;No;No;No;No;0.0;-6.0;0.25;-6.1;0.39;-6.18;0.47;-6.22;0.51;-6.25;0.54;-6.23;0.55;-6.23;;
1355;21.6;27.6;0.5;8;100;6;Successful;Effective;No;No;No;No;No;No;0.0;-6.0;0.25;-6.1;0.39;-6.18;0.47;-6.22;0.51;-6.25;0.54;-6.23;0.55;-6.23;;
1356;21.6;27.6;0.5;10;100;6;Successful;Effective;No;No;No;No;No;No;0.0;-6.0;0.25;-6.1;0.39;-6.18;0.47;-6.22;0.51;-6.25;0.54;-6.23;0.55;-6.23;;
1357;21.6;27.6;0.5;5;80;7;Successful;Effective;No;No;No;No;No;No;0.0;-7.0;0.2;-7.11;0.31;-7.19;0.38;-7.24;0.41;-7.26;0.43;-7.23;0.44;-7.23;;
1358;21.6;27.6;0.5;8;80;7;Successful;Effective;No;No;No;No;No;No;0.0;-7.0;0.2;-7.11;0.31;-7.19;0.38;-7.24;0.41;-7.26;0.43;-7.23;0.44;-7.23;;
1359;21.6;27.6;0.5;10;80;7;Successful;Effective;No;No;No;No;No;No;0.0;-7.0;0.2;-7.11;0.31;-7.19;0.38;-7.24;0.41;-7.26;0.43;-7.23;0.44;-7.23;;
1360;21.6;27.6;0.5;5;100;7;Successful;Effective;No;No;No;No;No;No;0.0;-7.0;0.25;-7.12;0.39;-7.2;0.47;-7.25;0.51;-7.27;0.54;-7.25;0.55;-7.25;;
1361;21.6;27.6;0.5;8;100;7;Successful;Effective;No;No;No;No;No;No;0.0;-7.0;0.25;-7.12;0.39;-7.2;0.47;-7.25;0.51;-7.27;0.54;-7.25;0.55;-7.25;;
1362;21.6;27.6;0.5;10;100;7;Successful;Effective;No;No;No;No;No;No;0.0;-7.0;0.25;-7.12;0.39;-7.2;0.47;-7.25;0.51;-7.27;0.54;-7.25;0.55;-7.25;;
1363;21.6;27.6;0.5;5;80;8;Successful;Effective;No;No;No;No;No;No;0.0;-7.99;0.2;-8.13;0.31;-8.21;0.38;-8.26;0.41;-8.28;0.43;-8.25;0.44;-8.25;;
1364;21.6;27.6;0.5;8;80;8;Successful;Effective;No;No;No;No;No;No;0.0;-7.99;0.2;-8.13;0.31;-8.21;0.38;-8.26;0.41;-8.28;0.43;-8.25;0.44;-8.25;;
1365;21.6;27.6;0.5;10;80;8;Successful;Effective;No;No;No;No;No;No;0.0;-7.99;0.2;-8.13;0.31;-8.21;0.38;-8.26;0.41;-8.28;0.43;-8.25;0.44;-8.25;;
1366;21.6;27.6;0.5;5;100;8;Successful;Effective;No;No;No;No;No;No;0.0;-8.0;0.25;-8.13;0.39;-8.22;0.47;-8.28;0.51;-8.3;0.54;-8.27;0.55;-8.27;;
1367;21.6;27.6;0.5;8;100;8;Successful;Effective;No;No;No;No;No;No;0.0;-8.0;0.25;-8.13;0.39;-8.22;0.47;-8.28;0.51;-8.3;0.54;-8.27;0.55;-8.27;;
1368;21.6;27.6;0.5;10;100;8;Successful;Effective;No;No;No;No;No;No;0.0;-8.0;0.25;-8.13;0.39;-8.22;0.47;-8.28;0.51;-8.3;0.54;-8.27;0.55;-8.27;;
1369;21.7;27.7;0.5;5;80;5;Successful;Effective;No;No;No;No;No;No;0.0;-5.0;0.2;-5.08;0.31;-5.15;0.38;-5.19;0.41;-5.2;0.43;-5.19;0.44;-5.19;;
1370;21.7;27.7;0.5;8;80;5;Successful;Effective;No;No;No;No;No;No;0.0;-5.0;0.2;-5.08;0.31;-5.15;0.38;-5.19;0.41;-5.2;0.43;-5.19;0.44;-5.19;;
1371;21.7;27.7;0.5;10;80;5;Successful;Effective;No;No;No;No;No;No;0.0;-5.0;0.2;-5.08;0.31;-5.15;0.38;-5.19;0.41;-5.2;0.43;-5.19;0.44;-5.19;;
1372;21.7;27.7;0.5;5;100;5;Successful;Effective;No;No;No;No;No;No;0.0;-5.0;0.25;-5.09;0.39;-5.16;0.47;-5.2;0.51;-5.22;0.54;-5.21;0.55;-5.21;;
1373;21.7;27.7;0.5;8;100;5;Successful;Effective;No;No;No;No;No;No;0.0;-5.0;0.25;-5.09;0.39;-5.16;0.47;-5.2;0.51;-5.22;0.54;-5.21;0.55;-5.21;;
1374;21.7;27.7;0.5;10;100;5;Successful;Effective;No;No;No;No;No;No;0.0;-5.0;0.25;-5.09;0.39;-5.16;0.47;-5.2;0.51;-5.22;0.54;-5.21;0.55;-5.21;;
1375;21.7;27.7;0.5;5;80;6;Successful;Effective;No;No;No;No;No;No;0.0;-6.0;0.2;-6.1;0.31;-6.17;0.38;-6.21;0.41;-6.23;0.43;-6.21;0.44;-6.21;;
1376;21.7;27.7;0.5;8;80;6;Successful;Effective;No;No;No;No;No;No;0.0;-6.0;0.2;-6.1;0.31;-6.17;0.38;-6.21;0.41;-6.23;0.43;-6.21;0.44;-6.21;;
1377;21.7;27.7;0.5;10;80;6;Successful;Effective;No;No;No;No;No;No;0.0;-6.0;0.2;-6.1;0.31;-6.17;0.38;-6.21;0.41;-6.23;0.43;-6.21;0.44;-6.21;;
1378;21.7;27.7;0.5;5;100;6;Successful;Effective;No;No;No;No;No;No;0.0;-6.0;0.25;-6.1;0.39;-6.18;0.47;-6.22;0.51;-6.25;0.54;-6.23;0.55;-6.23;;
1379;21.7;27.7;0.5;8;100;6;Successful;Effective;No;No;No;No;No;No;0.0;-6.0;0.25;-6.1;0.39;-6.18;0.47;-6.22;0.51;-6.25;0.54;-6.23;0.55;-6.23;;
1380;21.7;27.7;0.5;10;100;6;Successful;Effective;No;No;No;No;No;No;0.0;-6.0;0.25;-6.1;0.39;-6.18;0.47;-6.22;0.51;-6.25;0.54;-6.23;0.55;-6.23;;
1381;21.7;27.7;0.5;5;80;7;Successful;Effective;No;No;No;No;No;No;0.0;-7.0;0.2;-7.11;0.31;-7.19;0.38;-7.24;0.41;-7.26;0.43;-7.23;0.44;-7.23;;
1382;21.7;27.7;0.5;8;80;7;Successful;Effective;No;No;No;No;No;No;0.0;-7.0;0.2;-7.11;0.31;-7.19;0.38;-7.24;0.41;-7.26;0.43;-7.23;0.44;-7.23;;
1383;21.7;27.7;0.5;10;80;7;Successful;Effective;No;No;No;No;No;No;0.0;-7.0;0.2;-7.11;0.31;-7.19;0.38;-7.24;0.41;-7.26;0.43;-7.23;0.44;-7.23;;
1384;21.7;27.7;0.5;5;100;7;Successful;Effective;No;No;No;No;No;No;0.0;-7.0;0.25;-7.12;0.39;-7.2;0.47;-7.25;0.51;-7.27;0.54;-7.25;0.55;-7.25;;
1385;21.7;27.7;0.5;8;100;7;Successful;Effective;No;No;No;No;No;No;0.0;-7.0;0.25;-7.12;0.39;-7.2;0.47;-7.25;0.51;-7.27;0.54;-7.25;0.55;-7.25;;
1386;21.7;27.7;0.5;10;100;7;Successful;Effective;No;No;No;No;No;No;0.0;-7.0;0.25;-7.12;0.39;-7.2;0.47;-7.25;0.51;-7.27;0.54;-7.25;0.55;-7.25;;
1387;21.7;27.7;0.5;5;80;8;Successful;Effective;No;No;No;No;No;No;0.0;-7.99;0.2;-8.13;0.31;-8.21;0.38;-8.26;0.41;-8.28;0.43;-8.25;0.44;-8.25;;
1388;21.7;27.7;0.5;8;80;8;Successful;Effective;No;No;No;No;No;No;0.0;-7.99;0.2;-8.13;0.31;-8.21;0.38;-8.26;0.41;-8.28;0.43;-8.25;0.44;-8.25;;
1389;21.7;27.7;0.5;10;80;8;Successful;Effective;No;No;No;No;No;No;0.0;-7.99;0.2;-8.13;0.31;-8.21;0.38;-8.26;0.41;-8.28;0.43;-8.25;0.44;-8.25;;
1390;21.7;27.7;0.5;5;100;8;Successful;Effective;No;No;No;No;No;No;0.0;-8.0;0.25;-8.13;0.39;-8.22;0.47;-8.28;0.51;-8.3;0.54;-8.27;0.55;-8.27;;
1391;21.7;27.7;0.5;8;100;8;Successful;Effective;No;No;No;No;No;No;0.0;-8.0;0.25;-8.13;0.39;-8.22;0.47;-8.28;0.51;-8.3;0.54;-8.27;0.55;-8.27;;
1392;21.7;27.7;0.5;10;100;8;Successful;Effective;No;No;No;No;No;No;0.0;-8.0;0.25;-8.13;0.39;-8.22;0.47;-8.28;0.51;-8.3;0.54;-8.27;0.55;-8.27;;
1393;21.8;27.8;0.5;5;80;5;Successful;Effective;No;No;No;No;No;No;0.0;-5.0;0.2;-5.08;0.31;-5.15;0.38;-5.19;0.41;-5.2;0.43;-5.19;0.44;-5.19;;
1394;21.8;27.8;0.5;8;80;5;Successful;Effective;No;No;No;No;No;No;0.0;-5.0;0.2;-5.08;0.31;-5.15;0.38;-5.19;0.41;-5.2;0.43;-5.19;0.44;-5.19;;
1395;21.8;27.8;0.5;10;80;5;Successful;Effective;No;No;No;No;No;No;0.0;-5.0;0.2;-5.08;0.31;-5.15;0.38;-5.19;0.41;-5.2;0.43;-5.19;0.44;-5.19;;
1396;21.8;27.8;0.5;5;100;5;Successful;Effective;No;No;No;No;No;No;0.0;-5.0;0.25;-5.09;0.39;-5.16;0.47;-5.2;0.51;-5.22;0.54;-5.21;0.55;-5.21;;
1397;21.8;27.8;0.5;8;100;5;Successful;Effective;No;No;No;No;No;No;0.0;-5.0;0.25;-5.09;0.39;-5.16;0.47;-5.2;0.51;-5.22;0.54;-5.21;0.55;-5.21;;
1398;21.8;27.8;0.5;10;100;5;Successful;Effective;No;No;No;No;No;No;0.0;-5.0;0.25;-5.09;0.39;-5.16;0.47;-5.2;0.51;-5.22;0.54;-5.21;0.55;-5.21;;
1399;21.8;27.8;0.5;5;80;6;Successful;Effective;No;No;No;No;No;No;0.0;-6.0;0.2;-6.1;0.31;-6.17;0.38;-6.21;0.41;-6.23;0.43;-6.21;0.44;-6.21;;
1400;21.8;27.8;0.5;8;80;6;Successful;Effective;No;No;No;No;No;No;0.0;-6.0;0.2;-6.1;0.31;-6.17;0.38;-6.21;0.41;-6.23;0.43;-6.21;0.44;-6.21;;
1401;21.8;27.8;0.5;10;80;6;Successful;Effective;No;No;No;No;No;No;0.0;-6.0;0.2;-6.1;0.31;-6.17;0.38;-6.21;0.41;-6.23;0.43;-6.21;0.44;-6.21;;
1402;21.8;27.8;0.5;5;100;6;Successful;Effective;No;No;No;No;No;No;0.0;-6.0;0.25;-6.1;0.39;-6.18;0.47;-6.22;0.51;-6.25;0.54;-6.23;0.55;-6.23;;
1403;21.8;27.8;0.5;8;100;6;Successful;Effective;No;No;No;No;No;No;0.0;-6.0;0.25;-6.1;0.39;-6.18;0.47;-6.22;0.51;-6.25;0.54;-6.23;0.55;-6.23;;
1404;21.8;27.8;0.5;10;100;6;Successful;Effective;No;No;No;No;No;No;0.0;-6.0;0.25;-6.1;0.39;-6.18;0.47;-6.22;0.51;-6.25;0.54;-6.23;0.55;-6.23;;
1405;21.8;27.8;0.5;5;80;7;Successful;Effective;No;No;No;No;No;No;0.0;-7.0;0.2;-7.11;0.31;-7.19;0.38;-7.24;0.41;-7.26;0.43;-7.23;0.44;-7.23;;
1406;21.8;27.8;0.5;8;80;7;Successful;Effective;No;No;No;No;No;No;0.0;-7.0;0.2;-7.11;0.31;-7.19;0.38;-7.24;0.41;-7.26;0.43;-7.23;0.44;-7.23;;
1407;21.8;27.8;0.5;10;80;7;Successful;Effective;No;No;No;No;No;No;0.0;-7.0;0.2;-7.11;0.31;-7.19;0.38;-7.24;0.41;-7.26;0.43;-7.23;0.44;-7.23;;
1408;21.8;27.8;0.5;5;100;7;Successful;Effective;No;No;No;No;No;No;0.0;-7.0;0.25;-7.12;0.39;-7.2;0.47;-7.25;0.51;-7.27;0.54;-7.25;0.55;-7.25;;
1409;21.8;27.8;0.5;8;100;7;Successful;Effective;No;No;No;No;No;No;0.0;-7.0;0.25;-7.12;0.39;-7.2;0.47;-7.25;0.51;-7.27;0.54;-7.25;0.55;-7.25;;
1410;21.8;27.8;0.5;10;100;7;Successful;Effective;No;No;No;No;No;No;0.0;-7.0;0.25;-7.12;0.39;-7.2;0.47;-7.25;0.51;-7.27;0.54;-7.25;0.55;-7.25;;
1411;21.8;27.8;0.5;5;80;8;Successful;Effective;No;No;No;No;No;No;0.0;-7.99;0.2;-8.13;0.31;-8.21;0.38;-8.26;0.41;-8.28;0.43;-8.25;0.44;-8.25;;
1412;21.8;27.8;0.5;8;80;8;Successful;Effective;No;No;No;No;No;No;0.0;-7.99;0.2;-8.13;0.31;-8.21;0.38;-8.26;0.41;-8.28;0.43;-8.25;0.44;-8.25;;
1413;21.8;27.8;0.5;10;80;8;Successful;Effective;No;No;No;No;No;No;0.0;-7.99;0.2;-8.13;0.31;-8.21;0.38;-8.26;0.41;-8.28;0.43;-8.25;0.44;-8.25;;
1414;21.8;27.8;0.5;5;100;8;Successful;Effective;No;No;No;No;No;No;0.0;-8.0;0.25;-8.13;0.39;-8.22;0.47;-8.28;0.51;-8.3;0.54;-8.27;0.55;-8.27;;
1415;21.8;27.8;0.5;8;100;8;Successful;Effective;No;No;No;No;No;No;0.0;-8.0;0.25;-8.13;0.39;-8.22;0.47;-8.28;0.51;-8.3;0.54;-8.27;0.55;-8.27;;
1416;21.8;27.8;0.5;10;100;8;Successful;Effective;No;No;No;No;No;No;0.0;-8.0;0.25;-8.13;0.39;-8.22;0.47;-8.28;0.51;-8.3;0.54;-8.27;0.55;-8.27;;
1417;21.9;27.9;0.5;5;80;5;Successful;Effective;No;No;No;No;No;No;0.0;-5.0;0.2;-5.08;0.31;-5.15;0.38;-5.19;0.41;-5.2;0.43;-5.19;0.44;-5.19;;
1418;21.9;27.9;0.5;8;80;5;Successful;Effective;No;No;No;No;No;No;0.0;-5.0;0.2;-5.08;0.31;-5.15;0.38;-5.19;0.41;-5.2;0.43;-5.19;0.44;-5.19;;
1419;21.9;27.9;0.5;10;80;5;Successful;Effective;No;No;No;No;No;No;0.0;-5.0;0.2;-5.08;0.31;-5.15;0.38;-5.19;0.41;-5.2;0.43;-5.19;0.44;-5.19;;
1420;21.9;27.9;0.5;5;100;5;Successful;Effective;No;No;No;No;No;No;0.0;-5.0;0.25;-5.09;0.39;-5.16;0.47;-5.2;0.51;-5.22;0.54;-5.21;0.55;-5.21;;
1421;21.9;27.9;0.5;8;100;5;Successful;Effective;No;No;No;No;No;No;0.0;-5.0;0.25;-5.09;0.39;-5.16;0.47;-5.2;0.51;-5.22;0.54;-5.21;0.55;-5.21;;
1422;21.9;27.9;0.5;10;100;5;Successful;Effective;No;No;No;No;No;No;0.0;-5.0;0.25;-5.09;0.39;-5.16;0.47;-5.2;0.51;-5.22;0.54;-5.21;0.55;-5.21;;
1423;21.9;27.9;0.5;5;80;6;Successful;Effective;No;No;No;No;No;No;0.0;-6.0;0.2;-6.1;0.31;-6.17;0.38;-6.21;0.41;-6.23;0.43;-6.21;0.44;-6.21;;
1424;21.9;27.9;0.5;8;80;6;Successful;Effective;No;No;No;No;No;No;0.0;-6.0;0.2;-6.1;0.31;-6.17;0.38;-6.21;0.41;-6.23;0.43;-6.21;0.44;-6.21;;
1425;21.9;27.9;0.5;10;80;6;Successful;Effective;No;No;No;No;No;No;0.0;-6.0;0.2;-6.1;0.31;-6.17;0.38;-6.21;0.41;-6.23;0.43;-6.21;0.44;-6.21;;
1426;21.9;27.9;0.5;5;100;6;Successful;Effective;No;No;No;No;No;No;0.0;-6.0;0.25;-6.1;0.39;-6.18;0.47;-6.22;0.51;-6.25;0.54;-6.23;0.55;-6.23;;
1427;21.9;27.9;0.5;8;100;6;Successful;Effective;No;No;No;No;No;No;0.0;-6.0;0.25;-6.1;0.39;-6.18;0.47;-6.22;0.51;-6.25;0.54;-6.23;0.55;-6.23;;
1428;21.9;27.9;0.5;10;100;6;Successful;Effective;No;No;No;No;No;No;0.0;-6.0;0.25;-6.1;0.39;-6.18;0.47;-6.22;0.51;-6.25;0.54;-6.23;0.55;-6.23;;
1429;21.9;27.9;0.5;5;80;7;Successful;Effective;No;No;No;No;No;No;0.0;-7.0;0.2;-7.11;0.31;-7.19;0.38;-7.24;0.41;-7.26;0.43;-7.23;0.44;-7.23;;
1430;21.9;27.9;0.5;8;80;7;Successful;Effective;No;No;No;No;No;No;0.0;-7.0;0.2;-7.11;0.31;-7.19;0.38;-7.24;0.41;-7.26;0.43;-7.23;0.44;-7.23;;
1431;21.9;27.9;0.5;10;80;7;Successful;Effective;No;No;No;No;No;No;0.0;-7.0;0.2;-7.11;0.31;-7.19;0.38;-7.24;0.41;-7.26;0.43;-7.23;0.44;-7.23;;
1432;21.9;27.9;0.5;5;100;7;Successful;Effective;No;No;No;No;No;No;0.0;-7.0;0.25;-7.12;0.39;-7.2;0.47;-7.25;0.51;-7.27;0.54;-7.25;0.55;-7.25;;
1433;21.9;27.9;0.5;8;100;7;Successful;Effective;No;No;No;No;No;No;0.0;-7.0;0.25;-7.12;0.39;-7.2;0.47;-7.25;0.51;-7.27;0.54;-7.25;0.55;-7.25;;
1434;21.9;27.9;0.5;10;100;7;Successful;Effective;No;No;No;No;No;No;0.0;-7.0;0.25;-7.12;0.39;-7.2;0.47;-7.25;0.51;-7.27;0.54;-7.25;0.55;-7.25;;
1435;21.9;27.9;0.5;5;80;8;Successful;Effective;No;No;No;No;No;No;0.0;-7.99;0.2;-8.13;0.31;-8.21;0.38;-8.26;0.41;-8.28;0.43;-8.25;0.44;-8.25;;
1436;21.9;27.9;0.5;8;80;8;Successful;Effective;No;No;No;No;No;No;0.0;-7.99;0.2;-8.13;0.31;-8.21;0.38;-8.26;0.41;-8.28;0.43;-8.25;0.44;-8.25;;
1437;21.9;27.9;0.5;10;80;8;Successful;Effective;No;No;No;No;No;No;0.0;-7.99;0.2;-8.13;0.31;-8.21;0.38;-8.26;0.41;-8.28;0.43;-8.25;0.44;-8.25;;
1438;21.9;27.9;0.5;5;100;8;Successful;Effective;No;No;No;No;No;No;0.0;-8.0;0.25;-8.13;0.39;-8.22;0.47;-8.28;0.51;-8.3;0.54;-8.27;0.55;-8.27;;
1439;21.9;27.9;0.5;8;100;8;Successful;Effective;No;No;No;No;No;No;0.0;-8.0;0.25;-8.13;0.39;-8.22;0.47;-8.28;0.51;-8.3;0.54;-8.27;0.55;-8.27;;
1440;21.9;27.9;0.5;10;100;8;Successful;Effective;No;No;No;No;No;No;0.0;-8.0;0.25;-8.13;0.39;-8.22;0.47;-8.28;0.51;-8.3;0.54;-8.27;0.55;-8.27;;
