Ex ID;Start_time;End_time;Injected_value;CACC_spacing;Leader_speed;Braking_deceleration;Run_status;Impact_status;Collision_state;Collision_time;collider;victim;Collision_pos;Collision_lane;Accel_0_max;Dcel_0_min;Accel_1_max;Dcel_1_min;Accel_2_max;Dcel_2_min;Accel_3_max;Dcel_3_min;Accel_4_max;Dcel_4_min;Accel_5_max;Dcel_5_min;Accel_6_max;Dcel_6_min;Accel_7_max;Dcel_7_min;controller
1;16.0;22.0;0.6;5;80;5;Successful;Effective;collision;20.00;vtypeauto.1;vtypeauto.0;519.82;edge_0_0_0;0.0;-5.0;0.2;-5.95;0.32;-6.46;0.38;-6.65;0.41;-6.65;0.43;-6.53;0.44;-6.27;0.44;-6.01;CACC
2;16.0;22.0;0.6;8;80;5;Successful;Effective;No;No;No;No;No;No;0.0;-5.0;0.2;-5.95;0.32;-6.46;0.38;-6.65;0.41;-6.65;0.43;-6.53;0.44;-6.27;0.44;-6.01;CACC
3;16.0;22.0;0.6;10;80;5;Successful;Effective;No;No;No;No;No;No;0.0;-5.0;0.2;-5.95;0.32;-6.46;0.38;-6.65;0.41;-6.65;0.43;-6.53;0.44;-6.27;0.44;-6.01;CACC
4;16.0;22.0;0.6;5;100;5;Successful;Effective;collision;20.11;vtypeauto.1;vtypeauto.0;638.69;edge_0_0_0;0.0;-5.0;0.25;-5.95;0.39;-6.47;0.47;-6.67;0.51;-6.67;0.54;-6.54;0.55;-6.33;0.55;-6.12;CACC
5;16.0;22.0;0.6;8;100;5;Successful;Effective;No;No;No;No;No;No;0.0;-5.0;0.25;-5.95;0.39;-6.47;0.47;-6.67;0.51;-6.67;0.54;-6.54;0.55;-6.3;0.55;-6.1;CACC
6;16.0;22.0;0.6;10;100;5;Successful;Effective;No;No;No;No;No;No;0.0;-5.0;0.25;-5.95;0.39;-6.47;0.47;-6.67;0.51;-6.67;0.54;-6.54;0.55;-6.3;0.55;-6.1;CACC
7;16.0;22.0;0.6;5;80;6;Successful;Effective;collision;19.50;vtypeauto.1;vtypeauto.0;512.23;edge_0_0_0;0.0;-6.0;0.2;-7.14;0.32;-7.75;0.38;-7.98;0.41;-7.97;0.43;-7.71;0.44;-7.31;0.44;-7.08;CACC
8;16.0;22.0;0.6;8;80;6;Successful;Effective;No;No;No;No;No;No;0.0;-6.0;0.2;-7.14;0.32;-7.75;0.38;-7.98;0.41;-7.97;0.43;-7.71;0.44;-7.31;0.44;-7.08;CACC
9;16.0;22.0;0.6;10;80;6;Successful;Effective;No;No;No;No;No;No;0.0;-6.0;0.2;-7.14;0.32;-7.75;0.38;-7.98;0.41;-7.97;0.43;-7.71;0.44;-7.31;0.44;-7.08;CACC
10;16.0;22.0;0.6;5;100;6;Successful;Effective;collision;19.58;vtypeauto.1;vtypeauto.0;627.92;edge_0_0_0;0.0;-6.0;0.25;-7.14;0.39;-7.76;0.47;-7.99;0.51;-7.98;0.54;-7.84;0.55;-7.53;0.55;-7.22;CACC
11;16.0;22.0;0.6;8;100;6;Successful;Effective;collision;21.80;vtypeauto.1;vtypeauto.0;667.80;edge_0_0_0;0.0;-6.0;0.25;-7.14;0.39;-7.76;0.47;-7.99;0.51;-7.98;0.54;-7.84;0.55;-7.53;0.55;-7.22;CACC
12;16.0;22.0;0.6;10;100;6;Successful;Effective;No;No;No;No;No;No;0.0;-6.0;0.25;-7.14;0.39;-7.76;0.47;-7.99;0.51;-7.98;0.54;-7.84;0.55;-7.53;0.55;-7.22;CACC
13;16.0;22.0;0.6;5;80;7;Successful;Effective;collision;19.20;vtypeauto.1;vtypeauto.0;507.34;edge_0_0_0;0.0;-7.0;0.2;-8.32;0.32;-9.0;0.38;-9.0;0.41;-9.0;0.43;-8.67;0.44;-8.17;0.44;-8.11;CACC
14;16.0;22.0;0.6;8;80;7;Successful;Effective;collision;20.35;vtypeauto.1;vtypeauto.0;535.41;edge_0_0_0;0.0;-7.0;0.2;-8.32;0.32;-9.0;0.38;-9.0;0.41;-9.0;0.43;-8.67;0.44;-8.17;0.44;-8.11;CACC
15;16.0;22.0;0.6;10;80;7;Successful;Effective;No;No;No;No;No;No;0.0;-7.0;0.2;-8.32;0.32;-9.0;0.38;-9.0;0.41;-9.0;0.43;-8.67;0.44;-8.17;0.44;-8.11;CACC
16;16.0;22.0;0.6;5;100;7;Successful;Effective;collision;19.26;vtypeauto.1;vtypeauto.0;621.05;edge_0_0_0;0.0;-7.0;0.25;-8.33;0.39;-9.0;0.47;-9.0;0.51;-9.0;0.54;-9.0;0.55;-8.73;0.55;-8.4;CACC
17;16.0;22.0;0.6;8;100;7;Successful;Effective;collision;20.44;vtypeauto.1;vtypeauto.0;655.23;edge_0_0_0;0.0;-7.0;0.25;-8.33;0.39;-9.0;0.47;-9.0;0.51;-9.0;0.54;-9.0;0.55;-8.73;0.55;-8.4;CACC
18;16.0;22.0;0.6;10;100;7;Successful;Effective;No;No;No;No;No;No;0.0;-7.0;0.25;-8.33;0.39;-9.0;0.47;-9.0;0.51;-9.0;0.54;-9.0;0.55;-8.73;0.55;-8.4;CACC
19;16.0;22.0;0.6;5;80;8;Successful;Effective;collision;18.99;vtypeauto.1;vtypeauto.0;503.80;edge_0_0_0;0.0;-7.99;0.2;-9.0;0.32;-9.0;0.38;-9.0;0.41;-9.0;0.43;-9.0;0.44;-8.98;0.44;-9.0;CACC
20;16.0;22.0;0.6;8;80;8;Successful;Effective;collision;19.81;vtypeauto.1;vtypeauto.0;530.38;edge_0_0_0;0.0;-7.99;0.2;-9.0;0.32;-9.0;0.38;-9.0;0.41;-9.0;0.43;-9.0;0.44;-8.98;0.44;-9.0;CACC
21;16.0;22.0;0.6;10;80;8;Successful;Effective;No;No;No;No;No;No;0.0;-7.99;0.2;-9.0;0.32;-9.0;0.38;-9.0;0.41;-9.0;0.43;-9.0;0.44;-8.98;0.44;-9.0;CACC
22;16.0;22.0;0.6;5;100;8;Successful;Effective;collision;19.04;vtypeauto.1;vtypeauto.0;616.18;edge_0_0_0;0.0;-8.0;0.25;-9.0;0.39;-9.0;0.47;-9.0;0.51;-9.0;0.54;-9.0;0.55;-9.0;0.55;-9.0;CACC
23;16.0;22.0;0.6;8;100;8;Successful;Effective;collision;19.87;vtypeauto.1;vtypeauto.0;647.09;edge_0_0_0;0.0;-8.0;0.25;-9.0;0.39;-9.0;0.47;-9.0;0.51;-9.0;0.54;-9.0;0.55;-9.0;0.55;-9.0;CACC
24;16.0;22.0;0.6;10;100;8;Successful;Effective;collision;20.58;vtypeauto.1;vtypeauto.0;665.22;edge_0_0_0;0.0;-8.0;0.25;-9.0;0.39;-9.0;0.47;-9.0;0.51;-9.0;0.54;-9.0;0.55;-9.0;0.55;-9.0;CACC
25;16.0;22.0;0.7;5;80;5;Successful;Effective;collision;19.62;vtypeauto.1;vtypeauto.0;515.82;edge_0_0_0;0.0;-5.0;0.2;-6.1;0.32;-6.71;0.38;-6.95;0.41;-6.96;0.43;-6.72;0.44;-6.19;0.44;-5.96;CACC
26;16.0;22.0;0.7;8;80;5;Successful;Effective;No;No;No;No;No;No;0.0;-5.0;0.2;-6.1;0.32;-6.71;0.38;-6.95;0.41;-6.96;0.43;-6.72;0.44;-6.19;0.44;-5.96;CACC
27;16.0;22.0;0.7;10;80;5;Successful;Effective;No;No;No;No;No;No;0.0;-5.0;0.2;-6.1;0.32;-6.71;0.38;-6.95;0.41;-6.96;0.43;-6.72;0.44;-6.19;0.44;-5.96;CACC
28;16.0;22.0;0.7;5;100;5;Successful;Effective;collision;19.70;vtypeauto.1;vtypeauto.0;632.29;edge_0_0_0;0.0;-5.0;0.25;-6.11;0.39;-6.72;0.47;-6.96;0.51;-6.97;0.54;-6.8;0.55;-6.44;0.55;-6.19;CACC
29;16.0;22.0;0.7;8;100;5;Successful;Effective;No;No;No;No;No;No;0.0;-5.0;0.25;-6.11;0.39;-6.72;0.47;-6.96;0.51;-6.97;0.54;-6.78;0.55;-6.39;0.55;-6.15;CACC
30;16.0;22.0;0.7;10;100;5;Successful;Effective;No;No;No;No;No;No;0.0;-5.0;0.25;-6.11;0.39;-6.72;0.47;-6.96;0.51;-6.97;0.54;-6.74;0.55;-6.4;0.55;-6.15;CACC
31;16.0;22.0;0.7;5;80;6;Successful;Effective;collision;19.25;vtypeauto.1;vtypeauto.0;509.52;edge_0_0_0;0.0;-6.0;0.2;-7.32;0.32;-8.05;0.38;-8.33;0.41;-8.31;0.43;-7.77;0.44;-7.17;0.44;-7.1;CACC
32;16.0;22.0;0.7;8;80;6;Successful;Effective;collision;20.39;vtypeauto.1;vtypeauto.0;539.84;edge_0_0_0;0.0;-6.0;0.2;-7.32;0.32;-8.05;0.38;-8.33;0.41;-8.31;0.43;-7.77;0.44;-7.17;0.44;-7.1;CACC
33;16.0;22.0;0.7;10;80;6;Successful;Effective;No;No;No;No;No;No;0.0;-6.0;0.2;-7.32;0.32;-8.05;0.38;-8.33;0.41;-8.31;0.43;-7.77;0.44;-7.17;0.44;-7.1;CACC
34;16.0;22.0;0.7;5;100;6;Successful;Effective;collision;19.31;vtypeauto.1;vtypeauto.0;623.59;edge_0_0_0;0.0;-6.0;0.25;-7.33;0.39;-8.06;0.47;-8.34;0.51;-8.35;0.54;-8.06;0.55;-7.55;0.55;-7.17;CACC
35;16.0;22.0;0.7;8;100;6;Successful;Effective;collision;20.48;vtypeauto.1;vtypeauto.0;660.14;edge_0_0_0;0.0;-6.0;0.25;-7.33;0.39;-8.06;0.47;-8.34;0.51;-8.35;0.54;-8.06;0.55;-7.43;0.55;-7.16;CACC
36;16.0;22.0;0.7;10;100;6;Successful;Effective;No;No;No;No;No;No;0.0;-6.0;0.25;-7.33;0.39;-8.06;0.47;-8.34;0.51;-8.35;0.54;-8.06;0.55;-7.43;0.55;-7.16;CACC
37;16.0;22.0;0.7;5;80;7;Successful;Effective;collision;19.02;vtypeauto.1;vtypeauto.0;505.42;edge_0_0_0;0.0;-7.0;0.2;-8.54;0.32;-9.0;0.38;-9.0;0.41;-9.0;0.43;-8.47;0.44;-8.04;0.44;-8.11;CACC
38;16.0;22.0;0.7;8;80;7;Successful;Effective;collision;19.84;vtypeauto.1;vtypeauto.0;533.42;edge_0_0_0;0.0;-7.0;0.2;-8.54;0.32;-9.0;0.38;-9.0;0.41;-9.0;0.43;-8.47;0.44;-8.04;0.44;-8.11;CACC
39;16.0;22.0;0.7;10;80;7;Successful;Effective;collision;20.66;vtypeauto.1;vtypeauto.0;549.72;edge_0_0_0;0.0;-7.0;0.2;-8.54;0.32;-9.0;0.38;-9.0;0.41;-9.0;0.43;-8.47;0.44;-8.04;0.44;-8.11;CACC
40;16.0;22.0;0.7;5;100;7;Successful;Effective;collision;19.07;vtypeauto.1;vtypeauto.0;618.04;edge_0_0_0;0.0;-7.0;0.25;-8.54;0.39;-9.0;0.47;-9.0;0.51;-9.0;0.54;-9.0;0.55;-8.59;0.55;-8.34;CACC
41;16.0;22.0;0.7;8;100;7;Successful;Effective;collision;19.90;vtypeauto.1;vtypeauto.0;650.42;edge_0_0_0;0.0;-7.0;0.25;-8.54;0.39;-9.0;0.47;-9.0;0.51;-9.0;0.54;-9.0;0.55;-8.59;0.55;-8.34;CACC
42;16.0;22.0;0.7;10;100;7;Successful;Effective;collision;20.75;vtypeauto.1;vtypeauto.0;671.07;edge_0_0_0;0.0;-7.0;0.25;-8.54;0.39;-9.0;0.47;-9.0;0.51;-9.0;0.54;-9.0;0.55;-8.59;0.55;-8.34;CACC
43;16.0;22.0;0.7;5;80;8;Successful;Effective;collision;18.85;vtypeauto.1;vtypeauto.0;502.33;edge_0_0_0;0.0;-7.99;0.2;-9.0;0.32;-9.0;0.38;-9.0;0.41;-9.0;0.43;-9.0;0.44;-8.93;0.44;-9.0;CACC
44;16.0;22.0;0.7;8;80;8;Successful;Effective;collision;19.49;vtypeauto.1;vtypeauto.0;528.83;edge_0_0_0;0.0;-7.99;0.2;-9.0;0.32;-9.0;0.38;-9.0;0.41;-9.0;0.43;-9.0;0.44;-8.93;0.44;-9.0;CACC
45;16.0;22.0;0.7;10;80;8;Successful;Effective;collision;19.99;vtypeauto.1;vtypeauto.0;544.91;edge_0_0_0;0.0;-7.99;0.2;-9.0;0.32;-9.0;0.38;-9.0;0.41;-9.0;0.43;-9.0;0.44;-8.93;0.44;-9.0;CACC
46;16.0;22.0;0.7;5;100;8;Successful;Effective;collision;18.89;vtypeauto.1;vtypeauto.0;613.82;edge_0_0_0;0.0;-8.0;0.25;-9.0;0.39;-9.0;0.47;-9.0;0.51;-9.0;0.54;-9.0;0.55;-9.0;0.55;-9.0;CACC
47;16.0;22.0;0.7;8;100;8;Successful;Effective;collision;19.54;vtypeauto.1;vtypeauto.0;643.82;edge_0_0_0;0.0;-8.0;0.25;-9.0;0.39;-9.0;0.47;-9.0;0.51;-9.0;0.54;-9.0;0.55;-9.0;0.55;-9.0;CACC
48;16.0;22.0;0.7;10;100;8;Successful;Effective;collision;20.04;vtypeauto.1;vtypeauto.0;662.46;edge_0_0_0;0.0;-8.0;0.25;-9.0;0.39;-9.0;0.47;-9.0;0.51;-9.0;0.54;-9.0;0.55;-9.0;0.55;-9.0;CACC
49;16.0;22.0;0.8;5;80;5;Successful;Effective;collision;19.39;vtypeauto.1;vtypeauto.0;513.04;edge_0_0_0;0.0;-5.0;0.2;-6.26;0.32;-6.97;0.38;-7.26;0.41;-7.29;0.43;-6.79;0.44;-5.98;0.44;-6.0;CACC
50;16.0;22.0;0.8;8;80;5;Successful;Effective;collision;20.65;vtypeauto.1;vtypeauto.0;546.02;edge_0_0_0;0.0;-5.0;0.2;-6.26;0.32;-6.97;0.38;-7.26;0.41;-7.27;0.43;-6.64;0.44;-5.96;0.44;-5.96;CACC
51;16.0;22.0;0.8;10;80;5;Successful;Effective;No;No;No;No;No;No;0.0;-5.0;0.2;-6.26;0.32;-6.97;0.38;-7.26;0.41;-7.27;0.43;-6.64;0.44;-5.96;0.44;-5.96;CACC
52;16.0;22.0;0.8;5;100;5;Successful;Effective;collision;19.45;vtypeauto.1;vtypeauto.0;627.95;edge_0_0_0;0.0;-5.0;0.25;-6.26;0.39;-6.98;0.47;-7.27;0.51;-7.3;0.54;-6.94;0.55;-6.45;0.55;-6.22;CACC
53;16.0;22.0;0.8;8;100;5;Successful;Effective;collision;20.76;vtypeauto.1;vtypeauto.0;668.14;edge_0_0_0;0.0;-5.0;0.25;-6.26;0.39;-6.98;0.47;-7.27;0.51;-7.29;0.54;-6.94;0.55;-6.42;0.55;-6.22;CACC
54;16.0;22.0;0.8;10;100;5;Successful;Effective;No;No;No;No;No;No;0.0;-5.0;0.25;-6.26;0.39;-6.98;0.47;-7.27;0.51;-7.29;0.54;-6.96;0.55;-6.44;0.55;-6.23;CACC
55;16.0;22.0;0.8;5;80;6;Successful;Effective;collision;19.10;vtypeauto.1;vtypeauto.0;507.75;edge_0_0_0;0.0;-6.0;0.2;-7.51;0.32;-8.36;0.38;-8.71;0.41;-8.64;0.43;-7.86;0.44;-7.08;0.44;-7.13;CACC
56;16.0;22.0;0.8;8;80;6;Successful;Effective;collision;19.94;vtypeauto.1;vtypeauto.0;537.10;edge_0_0_0;0.0;-6.0;0.2;-7.51;0.32;-8.36;0.38;-8.71;0.41;-8.64;0.43;-7.86;0.44;-7.08;0.44;-7.13;CACC
57;16.0;22.0;0.8;10;80;6;Successful;Effective;collision;20.81;vtypeauto.1;vtypeauto.0;555.32;edge_0_0_0;0.0;-6.0;0.2;-7.51;0.32;-8.36;0.38;-8.71;0.41;-8.64;0.43;-7.86;0.44;-7.08;0.44;-7.13;CACC
58;16.0;22.0;0.8;5;100;6;Successful;Effective;collision;19.15;vtypeauto.1;vtypeauto.0;620.86;edge_0_0_0;0.0;-6.0;0.25;-7.51;0.39;-8.37;0.47;-8.72;0.51;-8.75;0.54;-8.22;0.55;-7.51;0.55;-7.25;CACC
59;16.0;22.0;0.8;8;100;6;Successful;Effective;collision;20.00;vtypeauto.1;vtypeauto.0;654.75;edge_0_0_0;0.0;-6.0;0.25;-7.51;0.39;-8.37;0.47;-8.72;0.51;-8.75;0.54;-7.97;0.55;-7.33;0.55;-7.22;CACC
60;16.0;22.0;0.8;10;100;6;Successful;Effective;collision;20.90;vtypeauto.1;vtypeauto.0;677.71;edge_0_0_0;0.0;-6.0;0.25;-7.51;0.39;-8.37;0.47;-8.72;0.51;-8.75;0.54;-7.97;0.55;-7.17;0.55;-7.16;CACC
61;16.0;22.0;0.8;5;80;7;Successful;Effective;collision;18.90;vtypeauto.1;vtypeauto.0;504.00;edge_0_0_0;0.0;-7.0;0.2;-8.76;0.32;-9.0;0.38;-9.0;0.41;-9.0;0.43;-8.07;0.44;-7.99;0.44;-8.08;CACC
62;16.0;22.0;0.8;8;80;7;Successful;Effective;collision;19.55;vtypeauto.1;vtypeauto.0;531.46;edge_0_0_0;0.0;-7.0;0.2;-8.76;0.32;-9.0;0.38;-9.0;0.41;-9.0;0.43;-8.07;0.44;-7.99;0.44;-8.08;CACC
63;16.0;22.0;0.8;10;80;7;Successful;Effective;collision;20.11;vtypeauto.1;vtypeauto.0;548.71;edge_0_0_0;0.0;-7.0;0.2;-8.76;0.32;-9.0;0.38;-9.0;0.41;-9.0;0.43;-8.07;0.44;-7.99;0.44;-8.08;CACC
64;16.0;22.0;0.8;5;100;7;Successful;Effective;collision;18.94;vtypeauto.1;vtypeauto.0;615.81;edge_0_0_0;0.0;-7.0;0.25;-8.76;0.39;-9.0;0.47;-9.0;0.51;-9.0;0.54;-9.0;0.55;-8.27;0.55;-8.33;CACC
65;16.0;22.0;0.8;8;100;7;Successful;Effective;collision;19.60;vtypeauto.1;vtypeauto.0;646.85;edge_0_0_0;0.0;-7.0;0.25;-8.76;0.39;-9.0;0.47;-9.0;0.51;-9.0;0.54;-9.0;0.55;-8.27;0.55;-8.33;CACC
66;16.0;22.0;0.8;10;100;7;Successful;Effective;collision;20.16;vtypeauto.1;vtypeauto.0;666.98;edge_0_0_0;0.0;-7.0;0.25;-8.76;0.39;-9.0;0.47;-9.0;0.51;-9.0;0.54;-9.0;0.55;-8.27;0.55;-8.33;CACC
67;16.0;22.0;0.8;5;80;8;Successful;Effective;collision;18.75;vtypeauto.1;vtypeauto.0;501.14;edge_0_0_0;0.0;-7.99;0.2;-9.0;0.32;-9.0;0.38;-9.0;0.41;-9.0;0.43;-8.79;0.44;-8.84;0.44;-8.92;CACC
68;16.0;22.0;0.8;8;80;8;Successful;Effective;collision;19.29;vtypeauto.1;vtypeauto.0;527.45;edge_0_0_0;0.0;-7.99;0.2;-9.0;0.32;-9.0;0.38;-9.0;0.41;-9.0;0.43;-8.79;0.44;-8.84;0.44;-8.92;CACC
69;16.0;22.0;0.8;10;80;8;Successful;Effective;collision;19.69;vtypeauto.1;vtypeauto.0;543.91;edge_0_0_0;0.0;-7.99;0.2;-9.0;0.32;-9.0;0.38;-9.0;0.41;-9.0;0.43;-8.79;0.44;-8.84;0.44;-8.92;CACC
70;16.0;22.0;0.8;5;100;8;Successful;Effective;collision;18.79;vtypeauto.1;vtypeauto.0;612.13;edge_0_0_0;0.0;-8.0;0.25;-9.0;0.39;-9.0;0.47;-9.0;0.51;-9.0;0.54;-9.0;0.55;-9.0;0.55;-9.0;CACC
71;16.0;22.0;0.8;8;100;8;Successful;Effective;collision;19.33;vtypeauto.1;vtypeauto.0;641.26;edge_0_0_0;0.0;-8.0;0.25;-9.0;0.39;-9.0;0.47;-9.0;0.51;-9.0;0.54;-9.0;0.55;-9.0;0.55;-9.0;CACC
72;16.0;22.0;0.8;10;100;8;Successful;Effective;collision;19.73;vtypeauto.1;vtypeauto.0;659.82;edge_0_0_0;0.0;-8.0;0.25;-9.0;0.39;-9.0;0.47;-9.0;0.51;-9.0;0.54;-9.0;0.55;-9.0;0.55;-9.0;CACC
73;16.0;22.0;0.9;5;80;5;Successful;Effective;collision;19.24;vtypeauto.1;vtypeauto.0;511.09;edge_0_0_0;0.0;-5.0;0.2;-6.42;0.32;-7.24;0.38;-7.59;0.41;-7.6;0.43;-6.76;0.44;-6.08;0.44;-6.05;CACC
74;16.0;22.0;0.9;8;80;5;Successful;Effective;collision;20.18;vtypeauto.1;vtypeauto.0;542.49;edge_0_0_0;0.0;-5.0;0.2;-6.42;0.32;-7.24;0.38;-7.59;0.41;-7.43;0.43;-6.58;0.44;-5.97;0.44;-6.0;CACC
75;16.0;22.0;0.9;10;80;5;Successful;Effective;collision;21.28;vtypeauto.1;vtypeauto.0;563.04;edge_0_0_0;0.0;-5.0;0.2;-6.42;0.32;-7.24;0.38;-7.59;0.41;-7.43;0.43;-6.33;0.44;-5.95;0.44;-6.0;CACC
76;16.0;22.0;0.9;5;100;5;Successful;Effective;collision;19.29;vtypeauto.1;vtypeauto.0;625.02;edge_0_0_0;0.0;-5.0;0.25;-6.42;0.39;-7.25;0.47;-7.6;0.51;-7.63;0.54;-6.97;0.55;-6.27;0.55;-6.17;CACC
77;16.0;22.0;0.9;8;100;5;Successful;Effective;collision;20.25;vtypeauto.1;vtypeauto.0;661.70;edge_0_0_0;0.0;-5.0;0.25;-6.42;0.39;-7.25;0.47;-7.6;0.51;-7.62;0.54;-6.97;0.55;-6.3;0.55;-6.18;CACC
78;16.0;22.0;0.9;10;100;5;Successful;Effective;collision;21.42;vtypeauto.1;vtypeauto.0;688.56;edge_0_0_0;0.0;-5.0;0.25;-6.42;0.39;-7.25;0.47;-7.6;0.51;-7.6;0.54;-6.85;0.55;-6.28;0.55;-6.19;CACC
79;16.0;22.0;0.9;5;80;6;Successful;Effective;collision;18.99;vtypeauto.1;vtypeauto.0;506.32;edge_0_0_0;0.0;-6.0;0.2;-7.7;0.32;-8.69;0.38;-9.0;0.41;-8.85;0.43;-7.53;0.44;-7.13;0.44;-7.15;CACC
80;16.0;22.0;0.9;8;80;6;Successful;Effective;collision;19.68;vtypeauto.1;vtypeauto.0;534.98;edge_0_0_0;0.0;-6.0;0.2;-7.7;0.32;-8.69;0.38;-9.0;0.41;-8.8;0.43;-7.39;0.44;-7.05;0.44;-7.15;CACC
81;16.0;22.0;0.9;10;80;6;Successful;Effective;collision;20.27;vtypeauto.1;vtypeauto.0;553.24;edge_0_0_0;0.0;-6.0;0.2;-7.7;0.32;-8.69;0.38;-9.0;0.41;-8.8;0.43;-7.39;0.44;-7.05;0.44;-7.15;CACC
82;16.0;22.0;0.9;5;100;6;Successful;Effective;collision;19.04;vtypeauto.1;vtypeauto.0;618.89;edge_0_0_0;0.0;-6.0;0.25;-7.7;0.39;-8.7;0.47;-9.0;0.51;-9.0;0.54;-8.25;0.55;-7.32;0.55;-7.26;CACC
83;16.0;22.0;0.9;8;100;6;Successful;Effective;collision;19.72;vtypeauto.1;vtypeauto.0;650.97;edge_0_0_0;0.0;-6.0;0.25;-7.7;0.39;-8.7;0.47;-9.0;0.51;-9.0;0.54;-8.19;0.55;-7.32;0.55;-7.26;CACC
84;16.0;22.0;0.9;10;100;6;Successful;Effective;collision;20.33;vtypeauto.1;vtypeauto.0;672.61;edge_0_0_0;0.0;-6.0;0.25;-7.7;0.39;-8.7;0.47;-9.0;0.51;-9.0;0.54;-7.43;0.55;-7.25;0.55;-7.27;CACC
85;16.0;22.0;0.9;5;80;7;Successful;Effective;collision;18.82;vtypeauto.1;vtypeauto.0;503.00;edge_0_0_0;0.0;-7.0;0.2;-8.98;0.32;-9.0;0.38;-9.0;0.41;-9.0;0.43;-7.9;0.44;-7.94;0.44;-8.01;CACC
86;16.0;22.0;0.9;8;80;7;Successful;Effective;collision;19.37;vtypeauto.1;vtypeauto.0;529.97;edge_0_0_0;0.0;-7.0;0.2;-8.98;0.32;-9.0;0.38;-9.0;0.41;-9.0;0.43;-7.9;0.44;-7.94;0.44;-8.01;CACC
87;16.0;22.0;0.9;10;80;7;Successful;Effective;collision;19.80;vtypeauto.1;vtypeauto.0;547.18;edge_0_0_0;0.0;-7.0;0.2;-8.98;0.32;-9.0;0.38;-9.0;0.41;-9.0;0.43;-7.9;0.44;-7.94;0.44;-8.01;CACC
88;16.0;22.0;0.9;5;100;7;Successful;Effective;collision;18.86;vtypeauto.1;vtypeauto.0;614.41;edge_0_0_0;0.0;-7.0;0.25;-8.98;0.39;-9.0;0.47;-9.0;0.51;-9.0;0.54;-9.0;0.55;-8.37;0.55;-8.44;CACC
89;16.0;22.0;0.9;8;100;7;Successful;Effective;collision;19.41;vtypeauto.1;vtypeauto.0;644.27;edge_0_0_0;0.0;-7.0;0.25;-8.98;0.39;-9.0;0.47;-9.0;0.51;-9.0;0.54;-8.83;0.55;-8.36;0.55;-8.43;CACC
90;16.0;22.0;0.9;10;100;7;Successful;Effective;collision;19.84;vtypeauto.1;vtypeauto.0;663.74;edge_0_0_0;0.0;-7.0;0.25;-8.98;0.39;-9.0;0.47;-9.0;0.51;-9.0;0.54;-8.64;0.55;-8.28;0.55;-8.39;CACC
91;16.0;22.0;0.9;5;80;8;Successful;Effective;collision;18.69;vtypeauto.1;vtypeauto.0;500.42;edge_0_0_0;0.0;-7.99;0.2;-9.0;0.32;-9.0;0.38;-9.0;0.41;-9.0;0.43;-8.66;0.44;-8.75;0.44;-8.83;CACC
92;16.0;22.0;0.9;8;80;8;Successful;Effective;collision;19.16;vtypeauto.1;vtypeauto.0;526.40;edge_0_0_0;0.0;-7.99;0.2;-9.0;0.32;-9.0;0.38;-9.0;0.41;-9.0;0.43;-8.66;0.44;-8.75;0.44;-8.83;CACC
93;16.0;22.0;0.9;10;80;8;Successful;Effective;collision;19.49;vtypeauto.1;vtypeauto.0;542.83;edge_0_0_0;0.0;-7.99;0.2;-9.0;0.32;-9.0;0.38;-9.0;0.41;-9.0;0.43;-8.66;0.44;-8.75;0.44;-8.83;CACC
94;16.0;22.0;0.9;5;100;8;Successful;Effective;collision;18.73;vtypeauto.1;vtypeauto.0;611.13;edge_0_0_0;0.0;-8.0;0.25;-9.0;0.39;-9.0;0.47;-9.0;0.51;-9.0;0.54;-9.0;0.55;-9.0;0.55;-9.0;CACC
95;16.0;22.0;0.9;8;100;8;Successful;Effective;collision;19.19;vtypeauto.1;vtypeauto.0;639.37;edge_0_0_0;0.0;-8.0;0.25;-9.0;0.39;-9.0;0.47;-9.0;0.51;-9.0;0.54;-9.0;0.55;-9.0;0.55;-9.0;CACC
96;16.0;22.0;0.9;10;100;8;Successful;Effective;collision;19.53;vtypeauto.1;vtypeauto.0;657.72;edge_0_0_0;0.0;-8.0;0.25;-9.0;0.39;-9.0;0.47;-9.0;0.51;-9.0;0.54;-9.0;0.55;-9.0;0.55;-9.0;CACC
97;16.1;22.1;0.6;5;80;5;Successful;Effective;collision;20.00;vtypeauto.1;vtypeauto.0;519.82;edge_0_0_0;0.0;-5.0;0.2;-5.95;0.32;-6.46;0.38;-6.65;0.41;-6.65;0.43;-6.53;0.44;-6.28;0.44;-6.04;CACC
98;16.1;22.1;0.6;8;80;5;Successful;Effective;No;No;No;No;No;No;0.0;-5.0;0.2;-5.95;0.32;-6.46;0.38;-6.65;0.41;-6.65;0.43;-6.53;0.44;-6.28;0.44;-6.04;CACC
99;16.1;22.1;0.6;10;80;5;Successful;Effective;No;No;No;No;No;No;0.0;-5.0;0.2;-5.95;0.32;-6.46;0.38;-6.65;0.41;-6.65;0.43;-6.53;0.44;-6.28;0.44;-6.04;CACC
100;16.1;22.1;0.6;5;100;5;Successful;Effective;collision;20.11;vtypeauto.1;vtypeauto.0;638.69;edge_0_0_0;0.0;-5.0;0.25;-5.95;0.39;-6.47;0.47;-6.67;0.51;-6.67;0.54;-6.54;0.55;-6.33;0.55;-6.12;CACC
101;16.1;22.1;0.6;8;100;5;Successful;Effective;No;No;No;No;No;No;0.0;-5.0;0.25;-5.95;0.39;-6.47;0.47;-6.67;0.51;-6.67;0.54;-6.54;0.55;-6.32;0.55;-6.11;CACC
102;16.1;22.1;0.6;10;100;5;Successful;Effective;No;No;No;No;No;No;0.0;-5.0;0.25;-5.95;0.39;-6.47;0.47;-6.67;0.51;-6.67;0.54;-6.54;0.55;-6.32;0.55;-6.11;CACC
103;16.1;22.1;0.6;5;80;6;Successful;Effective;collision;19.50;vtypeauto.1;vtypeauto.0;512.23;edge_0_0_0;0.0;-6.0;0.2;-7.14;0.32;-7.75;0.38;-7.98;0.41;-7.97;0.43;-7.71;0.44;-7.31;0.44;-7.08;CACC
104;16.1;22.1;0.6;8;80;6;Successful;Effective;No;No;No;No;No;No;0.0;-6.0;0.2;-7.14;0.32;-7.75;0.38;-7.98;0.41;-7.97;0.43;-7.71;0.44;-7.31;0.44;-7.08;CACC
105;16.1;22.1;0.6;10;80;6;Successful;Effective;No;No;No;No;No;No;0.0;-6.0;0.2;-7.14;0.32;-7.75;0.38;-7.98;0.41;-7.97;0.43;-7.71;0.44;-7.31;0.44;-7.08;CACC
106;16.1;22.1;0.6;5;100;6;Successful;Effective;collision;19.58;vtypeauto.1;vtypeauto.0;627.92;edge_0_0_0;0.0;-6.0;0.25;-7.14;0.39;-7.76;0.47;-7.99;0.51;-7.98;0.54;-7.83;0.55;-7.55;0.55;-7.25;CACC
107;16.1;22.1;0.6;8;100;6;Successful;Effective;collision;21.80;vtypeauto.1;vtypeauto.0;667.80;edge_0_0_0;0.0;-6.0;0.25;-7.14;0.39;-7.76;0.47;-7.99;0.51;-7.98;0.54;-7.83;0.55;-7.55;0.55;-7.25;CACC
108;16.1;22.1;0.6;10;100;6;Successful;Effective;No;No;No;No;No;No;0.0;-6.0;0.25;-7.14;0.39;-7.76;0.47;-7.99;0.51;-7.98;0.54;-7.83;0.55;-7.55;0.55;-7.25;CACC
109;16.1;22.1;0.6;5;80;7;Successful;Effective;collision;19.20;vtypeauto.1;vtypeauto.0;507.34;edge_0_0_0;0.0;-7.0;0.2;-8.32;0.32;-9.0;0.38;-9.0;0.41;-9.0;0.43;-8.67;0.44;-8.17;0.44;-8.11;CACC
110;16.1;22.1;0.6;8;80;7;Successful;Effective;collision;20.35;vtypeauto.1;vtypeauto.0;535.41;edge_0_0_0;0.0;-7.0;0.2;-8.32;0.32;-9.0;0.38;-9.0;0.41;-9.0;0.43;-8.67;0.44;-8.17;0.44;-8.11;CACC
111;16.1;22.1;0.6;10;80;7;Successful;Effective;No;No;No;No;No;No;0.0;-7.0;0.2;-8.32;0.32;-9.0;0.38;-9.0;0.41;-9.0;0.43;-8.67;0.44;-8.17;0.44;-8.11;CACC
112;16.1;22.1;0.6;5;100;7;Successful;Effective;collision;19.26;vtypeauto.1;vtypeauto.0;621.05;edge_0_0_0;0.0;-7.0;0.25;-8.33;0.39;-9.0;0.47;-9.0;0.51;-9.0;0.54;-9.0;0.55;-8.75;0.55;-8.43;CACC
113;16.1;22.1;0.6;8;100;7;Successful;Effective;collision;20.44;vtypeauto.1;vtypeauto.0;655.23;edge_0_0_0;0.0;-7.0;0.25;-8.33;0.39;-9.0;0.47;-9.0;0.51;-9.0;0.54;-9.0;0.55;-8.75;0.55;-8.43;CACC
114;16.1;22.1;0.6;10;100;7;Successful;Effective;No;No;No;No;No;No;0.0;-7.0;0.25;-8.33;0.39;-9.0;0.47;-9.0;0.51;-9.0;0.54;-9.0;0.55;-8.75;0.55;-8.43;CACC
115;16.1;22.1;0.6;5;80;8;Successful;Effective;collision;18.99;vtypeauto.1;vtypeauto.0;503.80;edge_0_0_0;0.0;-7.99;0.2;-9.0;0.32;-9.0;0.38;-9.0;0.41;-9.0;0.43;-9.0;0.44;-8.98;0.44;-9.0;CACC
116;16.1;22.1;0.6;8;80;8;Successful;Effective;collision;19.81;vtypeauto.1;vtypeauto.0;530.38;edge_0_0_0;0.0;-7.99;0.2;-9.0;0.32;-9.0;0.38;-9.0;0.41;-9.0;0.43;-9.0;0.44;-8.98;0.44;-9.0;CACC
117;16.1;22.1;0.6;10;80;8;Successful;Effective;No;No;No;No;No;No;0.0;-7.99;0.2;-9.0;0.32;-9.0;0.38;-9.0;0.41;-9.0;0.43;-9.0;0.44;-8.98;0.44;-9.0;CACC
118;16.1;22.1;0.6;5;100;8;Successful;Effective;collision;19.04;vtypeauto.1;vtypeauto.0;616.18;edge_0_0_0;0.0;-8.0;0.25;-9.0;0.39;-9.0;0.47;-9.0;0.51;-9.0;0.54;-9.0;0.55;-9.0;0.55;-9.0;CACC
119;16.1;22.1;0.6;8;100;8;Successful;Effective;collision;19.87;vtypeauto.1;vtypeauto.0;647.09;edge_0_0_0;0.0;-8.0;0.25;-9.0;0.39;-9.0;0.47;-9.0;0.51;-9.0;0.54;-9.0;0.55;-9.0;0.55;-9.0;CACC
120;16.1;22.1;0.6;10;100;8;Successful;Effective;collision;20.58;vtypeauto.1;vtypeauto.0;665.22;edge_0_0_0;0.0;-8.0;0.25;-9.0;0.39;-9.0;0.47;-9.0;0.51;-9.0;0.54;-9.0;0.55;-9.0;0.55;-9.0;CACC
121;16.1;22.1;0.7;5;80;5;Successful;Effective;collision;19.62;vtypeauto.1;vtypeauto.0;515.82;edge_0_0_0;0.0;-5.0;0.2;-6.1;0.32;-6.71;0.38;-6.95;0.41;-6.95;0.43;-6.75;0.44;-6.25;0.44;-5.97;CACC
122;16.1;22.1;0.7;8;80;5;Successful;Effective;No;No;No;No;No;No;0.0;-5.0;0.2;-6.1;0.32;-6.71;0.38;-6.95;0.41;-6.95;0.43;-6.75;0.44;-6.25;0.44;-5.97;CACC
123;16.1;22.1;0.7;10;80;5;Successful;Effective;No;No;No;No;No;No;0.0;-5.0;0.2;-6.1;0.32;-6.71;0.38;-6.95;0.41;-6.95;0.43;-6.75;0.44;-6.25;0.44;-5.97;CACC
124;16.1;22.1;0.7;5;100;5;Successful;Effective;collision;19.70;vtypeauto.1;vtypeauto.0;632.29;edge_0_0_0;0.0;-5.0;0.25;-6.11;0.39;-6.72;0.47;-6.96;0.51;-6.97;0.54;-6.81;0.55;-6.46;0.55;-6.17;CACC
125;16.1;22.1;0.7;8;100;5;Successful;Effective;No;No;No;No;No;No;0.0;-5.0;0.25;-6.11;0.39;-6.72;0.47;-6.96;0.51;-6.97;0.54;-6.8;0.55;-6.39;0.55;-6.11;CACC
126;16.1;22.1;0.7;10;100;5;Successful;Effective;No;No;No;No;No;No;0.0;-5.0;0.25;-6.11;0.39;-6.72;0.47;-6.96;0.51;-6.97;0.54;-6.77;0.55;-6.36;0.55;-6.1;CACC
127;16.1;22.1;0.7;5;80;6;Successful;Effective;collision;19.25;vtypeauto.1;vtypeauto.0;509.52;edge_0_0_0;0.0;-6.0;0.2;-7.32;0.32;-8.05;0.38;-8.33;0.41;-8.31;0.43;-7.77;0.44;-7.17;0.44;-7.1;CACC
128;16.1;22.1;0.7;8;80;6;Successful;Effective;collision;20.39;vtypeauto.1;vtypeauto.0;539.84;edge_0_0_0;0.0;-6.0;0.2;-7.32;0.32;-8.05;0.38;-8.33;0.41;-8.31;0.43;-7.77;0.44;-7.17;0.44;-7.1;CACC
129;16.1;22.1;0.7;10;80;6;Successful;Effective;No;No;No;No;No;No;0.0;-6.0;0.2;-7.32;0.32;-8.05;0.38;-8.33;0.41;-8.31;0.43;-7.77;0.44;-7.17;0.44;-7.1;CACC
130;16.1;22.1;0.7;5;100;6;Successful;Effective;collision;19.31;vtypeauto.1;vtypeauto.0;623.59;edge_0_0_0;0.0;-6.0;0.25;-7.33;0.39;-8.06;0.47;-8.34;0.51;-8.35;0.54;-8.1;0.55;-7.5;0.55;-7.17;CACC
131;16.1;22.1;0.7;8;100;6;Successful;Effective;collision;20.48;vtypeauto.1;vtypeauto.0;660.14;edge_0_0_0;0.0;-6.0;0.25;-7.33;0.39;-8.06;0.47;-8.34;0.51;-8.35;0.54;-8.1;0.55;-7.5;0.55;-7.17;CACC
132;16.1;22.1;0.7;10;100;6;Successful;Effective;No;No;No;No;No;No;0.0;-6.0;0.25;-7.33;0.39;-8.06;0.47;-8.34;0.51;-8.35;0.54;-8.1;0.55;-7.5;0.55;-7.17;CACC
133;16.1;22.1;0.7;5;80;7;Successful;Effective;collision;19.02;vtypeauto.1;vtypeauto.0;505.42;edge_0_0_0;0.0;-7.0;0.2;-8.54;0.32;-9.0;0.38;-9.0;0.41;-9.0;0.43;-8.47;0.44;-8.04;0.44;-8.11;CACC
134;16.1;22.1;0.7;8;80;7;Successful;Effective;collision;19.84;vtypeauto.1;vtypeauto.0;533.42;edge_0_0_0;0.0;-7.0;0.2;-8.54;0.32;-9.0;0.38;-9.0;0.41;-9.0;0.43;-8.47;0.44;-8.04;0.44;-8.11;CACC
135;16.1;22.1;0.7;10;80;7;Successful;Effective;collision;20.66;vtypeauto.1;vtypeauto.0;549.72;edge_0_0_0;0.0;-7.0;0.2;-8.54;0.32;-9.0;0.38;-9.0;0.41;-9.0;0.43;-8.47;0.44;-8.04;0.44;-8.11;CACC
136;16.1;22.1;0.7;5;100;7;Successful;Effective;collision;19.07;vtypeauto.1;vtypeauto.0;618.04;edge_0_0_0;0.0;-7.0;0.25;-8.54;0.39;-9.0;0.47;-9.0;0.51;-9.0;0.54;-9.0;0.55;-8.66;0.55;-8.34;CACC
137;16.1;22.1;0.7;8;100;7;Successful;Effective;collision;19.90;vtypeauto.1;vtypeauto.0;650.42;edge_0_0_0;0.0;-7.0;0.25;-8.54;0.39;-9.0;0.47;-9.0;0.51;-9.0;0.54;-9.0;0.55;-8.66;0.55;-8.34;CACC
138;16.1;22.1;0.7;10;100;7;Successful;Effective;collision;20.75;vtypeauto.1;vtypeauto.0;671.07;edge_0_0_0;0.0;-7.0;0.25;-8.54;0.39;-9.0;0.47;-9.0;0.51;-9.0;0.54;-9.0;0.55;-8.66;0.55;-8.34;CACC
139;16.1;22.1;0.7;5;80;8;Successful;Effective;collision;18.85;vtypeauto.1;vtypeauto.0;502.33;edge_0_0_0;0.0;-7.99;0.2;-9.0;0.32;-9.0;0.38;-9.0;0.41;-9.0;0.43;-9.0;0.44;-8.93;0.44;-9.0;CACC
140;16.1;22.1;0.7;8;80;8;Successful;Effective;collision;19.49;vtypeauto.1;vtypeauto.0;528.83;edge_0_0_0;0.0;-7.99;0.2;-9.0;0.32;-9.0;0.38;-9.0;0.41;-9.0;0.43;-9.0;0.44;-8.93;0.44;-9.0;CACC
141;16.1;22.1;0.7;10;80;8;Successful;Effective;collision;19.99;vtypeauto.1;vtypeauto.0;544.91;edge_0_0_0;0.0;-7.99;0.2;-9.0;0.32;-9.0;0.38;-9.0;0.41;-9.0;0.43;-9.0;0.44;-8.93;0.44;-9.0;CACC
142;16.1;22.1;0.7;5;100;8;Successful;Effective;collision;18.89;vtypeauto.1;vtypeauto.0;613.82;edge_0_0_0;0.0;-8.0;0.25;-9.0;0.39;-9.0;0.47;-9.0;0.51;-9.0;0.54;-9.0;0.55;-9.0;0.55;-9.0;CACC
143;16.1;22.1;0.7;8;100;8;Successful;Effective;collision;19.54;vtypeauto.1;vtypeauto.0;643.82;edge_0_0_0;0.0;-8.0;0.25;-9.0;0.39;-9.0;0.47;-9.0;0.51;-9.0;0.54;-9.0;0.55;-9.0;0.55;-9.0;CACC
144;16.1;22.1;0.7;10;100;8;Successful;Effective;collision;20.04;vtypeauto.1;vtypeauto.0;662.46;edge_0_0_0;0.0;-8.0;0.25;-9.0;0.39;-9.0;0.47;-9.0;0.51;-9.0;0.54;-9.0;0.55;-9.0;0.55;-9.0;CACC
145;16.1;22.1;0.8;5;80;5;Successful;Effective;collision;19.39;vtypeauto.1;vtypeauto.0;513.04;edge_0_0_0;0.0;-5.0;0.2;-6.26;0.32;-6.98;0.38;-7.26;0.41;-7.29;0.43;-6.73;0.44;-5.97;0.44;-6.0;CACC
146;16.1;22.1;0.8;8;80;5;Successful;Effective;collision;20.65;vtypeauto.1;vtypeauto.0;546.02;edge_0_0_0;0.0;-5.0;0.2;-6.26;0.32;-6.98;0.38;-7.26;0.41;-7.29;0.43;-6.73;0.44;-5.96;0.44;-5.96;CACC
147;16.1;22.1;0.8;10;80;5;Successful;Effective;No;No;No;No;No;No;0.0;-5.0;0.2;-6.26;0.32;-6.98;0.38;-7.26;0.41;-7.29;0.43;-6.73;0.44;-5.96;0.44;-5.96;CACC
148;16.1;22.1;0.8;5;100;5;Successful;Effective;collision;19.45;vtypeauto.1;vtypeauto.0;627.95;edge_0_0_0;0.0;-5.0;0.25;-6.26;0.39;-6.98;0.47;-7.27;0.51;-7.3;0.54;-7.0;0.55;-6.44;0.55;-6.16;CACC
149;16.1;22.1;0.8;8;100;5;Successful;Effective;collision;20.76;vtypeauto.1;vtypeauto.0;668.14;edge_0_0_0;0.0;-5.0;0.25;-6.26;0.39;-6.98;0.47;-7.27;0.51;-7.29;0.54;-6.96;0.55;-6.44;0.55;-6.14;CACC
150;16.1;22.1;0.8;10;100;5;Successful;Effective;No;No;No;No;No;No;0.0;-5.0;0.25;-6.26;0.39;-6.98;0.47;-7.27;0.51;-7.29;0.54;-6.96;0.55;-6.39;0.55;-6.12;CACC
151;16.1;22.1;0.8;5;80;6;Successful;Effective;collision;19.10;vtypeauto.1;vtypeauto.0;507.75;edge_0_0_0;0.0;-6.0;0.2;-7.51;0.32;-8.36;0.38;-8.71;0.41;-8.57;0.43;-7.58;0.44;-7.06;0.44;-7.11;CACC
152;16.1;22.1;0.8;8;80;6;Successful;Effective;collision;19.94;vtypeauto.1;vtypeauto.0;537.10;edge_0_0_0;0.0;-6.0;0.2;-7.51;0.32;-8.36;0.38;-8.71;0.41;-8.57;0.43;-7.58;0.44;-7.06;0.44;-7.11;CACC
153;16.1;22.1;0.8;10;80;6;Successful;Effective;collision;20.81;vtypeauto.1;vtypeauto.0;555.32;edge_0_0_0;0.0;-6.0;0.2;-7.51;0.32;-8.36;0.38;-8.71;0.41;-8.57;0.43;-7.58;0.44;-7.06;0.44;-7.11;CACC
154;16.1;22.1;0.8;5;100;6;Successful;Effective;collision;19.15;vtypeauto.1;vtypeauto.0;620.86;edge_0_0_0;0.0;-6.0;0.25;-7.51;0.39;-8.37;0.47;-8.72;0.51;-8.74;0.54;-8.17;0.55;-7.47;0.55;-7.25;CACC
155;16.1;22.1;0.8;8;100;6;Successful;Effective;collision;20.00;vtypeauto.1;vtypeauto.0;654.75;edge_0_0_0;0.0;-6.0;0.25;-7.51;0.39;-8.37;0.47;-8.72;0.51;-8.75;0.54;-8.08;0.55;-7.41;0.55;-7.16;CACC
156;16.1;22.1;0.8;10;100;6;Successful;Effective;collision;20.90;vtypeauto.1;vtypeauto.0;677.71;edge_0_0_0;0.0;-6.0;0.25;-7.51;0.39;-8.37;0.47;-8.72;0.51;-8.75;0.54;-8.08;0.55;-7.16;0.55;-7.16;CACC
157;16.1;22.1;0.8;5;80;7;Successful;Effective;collision;18.90;vtypeauto.1;vtypeauto.0;504.00;edge_0_0_0;0.0;-7.0;0.2;-8.76;0.32;-9.0;0.38;-9.0;0.41;-9.0;0.43;-8.07;0.44;-7.99;0.44;-8.08;CACC
158;16.1;22.1;0.8;8;80;7;Successful;Effective;collision;19.55;vtypeauto.1;vtypeauto.0;531.46;edge_0_0_0;0.0;-7.0;0.2;-8.76;0.32;-9.0;0.38;-9.0;0.41;-9.0;0.43;-8.07;0.44;-7.99;0.44;-8.08;CACC
159;16.1;22.1;0.8;10;80;7;Successful;Effective;collision;20.11;vtypeauto.1;vtypeauto.0;548.71;edge_0_0_0;0.0;-7.0;0.2;-8.76;0.32;-9.0;0.38;-9.0;0.41;-9.0;0.43;-8.07;0.44;-7.99;0.44;-8.08;CACC
160;16.1;22.1;0.8;5;100;7;Successful;Effective;collision;18.94;vtypeauto.1;vtypeauto.0;615.81;edge_0_0_0;0.0;-7.0;0.25;-8.76;0.39;-9.0;0.47;-9.0;0.51;-9.0;0.54;-9.0;0.55;-8.28;0.55;-8.33;CACC
161;16.1;22.1;0.8;8;100;7;Successful;Effective;collision;19.60;vtypeauto.1;vtypeauto.0;646.85;edge_0_0_0;0.0;-7.0;0.25;-8.76;0.39;-9.0;0.47;-9.0;0.51;-9.0;0.54;-9.0;0.55;-8.28;0.55;-8.33;CACC
162;16.1;22.1;0.8;10;100;7;Successful;Effective;collision;20.16;vtypeauto.1;vtypeauto.0;666.98;edge_0_0_0;0.0;-7.0;0.25;-8.76;0.39;-9.0;0.47;-9.0;0.51;-9.0;0.54;-9.0;0.55;-8.28;0.55;-8.33;CACC
163;16.1;22.1;0.8;5;80;8;Successful;Effective;collision;18.75;vtypeauto.1;vtypeauto.0;501.14;edge_0_0_0;0.0;-7.99;0.2;-9.0;0.32;-9.0;0.38;-9.0;0.41;-9.0;0.43;-8.79;0.44;-8.84;0.44;-8.92;CACC
164;16.1;22.1;0.8;8;80;8;Successful;Effective;collision;19.29;vtypeauto.1;vtypeauto.0;527.45;edge_0_0_0;0.0;-7.99;0.2;-9.0;0.32;-9.0;0.38;-9.0;0.41;-9.0;0.43;-8.79;0.44;-8.84;0.44;-8.92;CACC
165;16.1;22.1;0.8;10;80;8;Successful;Effective;collision;19.69;vtypeauto.1;vtypeauto.0;543.91;edge_0_0_0;0.0;-7.99;0.2;-9.0;0.32;-9.0;0.38;-9.0;0.41;-9.0;0.43;-8.79;0.44;-8.84;0.44;-8.92;CACC
166;16.1;22.1;0.8;5;100;8;Successful;Effective;collision;18.79;vtypeauto.1;vtypeauto.0;612.13;edge_0_0_0;0.0;-8.0;0.25;-9.0;0.39;-9.0;0.47;-9.0;0.51;-9.0;0.54;-9.0;0.55;-9.0;0.55;-9.0;CACC
167;16.1;22.1;0.8;8;100;8;Successful;Effective;collision;19.33;vtypeauto.1;vtypeauto.0;641.26;edge_0_0_0;0.0;-8.0;0.25;-9.0;0.39;-9.0;0.47;-9.0;0.51;-9.0;0.54;-9.0;0.55;-9.0;0.55;-9.0;CACC
168;16.1;22.1;0.8;10;100;8;Successful;Effective;collision;19.73;vtypeauto.1;vtypeauto.0;659.82;edge_0_0_0;0.0;-8.0;0.25;-9.0;0.39;-9.0;0.47;-9.0;0.51;-9.0;0.54;-9.0;0.55;-9.0;0.55;-9.0;CACC
169;16.1;22.1;0.9;5;80;5;Successful;Effective;collision;19.24;vtypeauto.1;vtypeauto.0;511.09;edge_0_0_0;0.0;-5.0;0.2;-6.42;0.32;-7.24;0.38;-7.59;0.41;-7.61;0.43;-6.71;0.44;-6.03;0.44;-6.04;CACC
170;16.1;22.1;0.9;8;80;5;Successful;Effective;collision;20.18;vtypeauto.1;vtypeauto.0;542.49;edge_0_0_0;0.0;-5.0;0.2;-6.42;0.32;-7.24;0.38;-7.59;0.41;-7.5;0.43;-6.6;0.44;-6.0;0.44;-6.02;CACC
171;16.1;22.1;0.9;10;80;5;Successful;Effective;collision;21.28;vtypeauto.1;vtypeauto.0;563.04;edge_0_0_0;0.0;-5.0;0.2;-6.42;0.32;-7.24;0.38;-7.59;0.41;-7.5;0.43;-6.47;0.44;-5.95;0.44;-6.0;CACC
172;16.1;22.1;0.9;5;100;5;Successful;Effective;collision;19.29;vtypeauto.1;vtypeauto.0;625.02;edge_0_0_0;0.0;-5.0;0.25;-6.42;0.39;-7.25;0.47;-7.6;0.51;-7.64;0.54;-7.01;0.55;-6.13;0.55;-6.1;CACC
173;16.1;22.1;0.9;8;100;5;Successful;Effective;collision;20.25;vtypeauto.1;vtypeauto.0;661.70;edge_0_0_0;0.0;-5.0;0.25;-6.42;0.39;-7.25;0.47;-7.6;0.51;-7.61;0.54;-6.95;0.55;-6.18;0.55;-6.09;CACC
174;16.1;22.1;0.9;10;100;5;Successful;Effective;collision;21.42;vtypeauto.1;vtypeauto.0;688.56;edge_0_0_0;0.0;-5.0;0.25;-6.42;0.39;-7.25;0.47;-7.6;0.51;-7.62;0.54;-6.89;0.55;-6.18;0.55;-6.12;CACC
175;16.1;22.1;0.9;5;80;6;Successful;Effective;collision;18.99;vtypeauto.1;vtypeauto.0;506.32;edge_0_0_0;0.0;-6.0;0.2;-7.7;0.32;-8.69;0.38;-9.0;0.41;-8.85;0.43;-7.53;0.44;-7.13;0.44;-7.18;CACC
176;16.1;22.1;0.9;8;80;6;Successful;Effective;collision;19.68;vtypeauto.1;vtypeauto.0;534.98;edge_0_0_0;0.0;-6.0;0.2;-7.7;0.32;-8.69;0.38;-9.0;0.41;-8.85;0.43;-7.53;0.44;-7.09;0.44;-7.18;CACC
177;16.1;22.1;0.9;10;80;6;Successful;Effective;collision;20.27;vtypeauto.1;vtypeauto.0;553.24;edge_0_0_0;0.0;-6.0;0.2;-7.7;0.32;-8.69;0.38;-9.0;0.41;-8.85;0.43;-7.53;0.44;-7.09;0.44;-7.18;CACC
178;16.1;22.1;0.9;5;100;6;Successful;Effective;collision;19.04;vtypeauto.1;vtypeauto.0;618.89;edge_0_0_0;0.0;-6.0;0.25;-7.7;0.39;-8.7;0.47;-9.0;0.51;-9.0;0.54;-8.36;0.55;-7.33;0.55;-7.3;CACC
179;16.1;22.1;0.9;8;100;6;Successful;Effective;collision;19.72;vtypeauto.1;vtypeauto.0;650.97;edge_0_0_0;0.0;-6.0;0.25;-7.7;0.39;-8.7;0.47;-9.0;0.51;-9.0;0.54;-7.92;0.55;-7.29;0.55;-7.27;CACC
180;16.1;22.1;0.9;10;100;6;Successful;Effective;collision;20.33;vtypeauto.1;vtypeauto.0;672.61;edge_0_0_0;0.0;-6.0;0.25;-7.7;0.39;-8.7;0.47;-9.0;0.51;-9.0;0.54;-8.06;0.55;-7.3;0.55;-7.26;CACC
181;16.1;22.1;0.9;5;80;7;Successful;Effective;collision;18.82;vtypeauto.1;vtypeauto.0;503.00;edge_0_0_0;0.0;-7.0;0.2;-8.98;0.32;-9.0;0.38;-9.0;0.41;-9.0;0.43;-7.9;0.44;-7.94;0.44;-8.01;CACC
182;16.1;22.1;0.9;8;80;7;Successful;Effective;collision;19.37;vtypeauto.1;vtypeauto.0;529.97;edge_0_0_0;0.0;-7.0;0.2;-8.98;0.32;-9.0;0.38;-9.0;0.41;-9.0;0.43;-7.9;0.44;-7.94;0.44;-8.01;CACC
183;16.1;22.1;0.9;10;80;7;Successful;Effective;collision;19.80;vtypeauto.1;vtypeauto.0;547.18;edge_0_0_0;0.0;-7.0;0.2;-8.98;0.32;-9.0;0.38;-9.0;0.41;-9.0;0.43;-7.9;0.44;-7.94;0.44;-8.01;CACC
184;16.1;22.1;0.9;5;100;7;Successful;Effective;collision;18.86;vtypeauto.1;vtypeauto.0;614.41;edge_0_0_0;0.0;-7.0;0.25;-8.98;0.39;-9.0;0.47;-9.0;0.51;-9.0;0.54;-9.0;0.55;-8.39;0.55;-8.45;CACC
185;16.1;22.1;0.9;8;100;7;Successful;Effective;collision;19.41;vtypeauto.1;vtypeauto.0;644.27;edge_0_0_0;0.0;-7.0;0.25;-8.98;0.39;-9.0;0.47;-9.0;0.51;-9.0;0.54;-8.83;0.55;-8.32;0.55;-8.42;CACC
186;16.1;22.1;0.9;10;100;7;Successful;Effective;collision;19.84;vtypeauto.1;vtypeauto.0;663.74;edge_0_0_0;0.0;-7.0;0.25;-8.98;0.39;-9.0;0.47;-9.0;0.51;-9.0;0.54;-8.83;0.55;-8.28;0.55;-8.39;CACC
187;16.1;22.1;0.9;5;80;8;Successful;Effective;collision;18.69;vtypeauto.1;vtypeauto.0;500.42;edge_0_0_0;0.0;-7.99;0.2;-9.0;0.32;-9.0;0.38;-9.0;0.41;-9.0;0.43;-8.66;0.44;-8.75;0.44;-8.83;CACC
188;16.1;22.1;0.9;8;80;8;Successful;Effective;collision;19.16;vtypeauto.1;vtypeauto.0;526.40;edge_0_0_0;0.0;-7.99;0.2;-9.0;0.32;-9.0;0.38;-9.0;0.41;-9.0;0.43;-8.66;0.44;-8.75;0.44;-8.83;CACC
189;16.1;22.1;0.9;10;80;8;Successful;Effective;collision;19.49;vtypeauto.1;vtypeauto.0;542.83;edge_0_0_0;0.0;-7.99;0.2;-9.0;0.32;-9.0;0.38;-9.0;0.41;-9.0;0.43;-8.66;0.44;-8.75;0.44;-8.83;CACC
190;16.1;22.1;0.9;5;100;8;Successful;Effective;collision;18.73;vtypeauto.1;vtypeauto.0;611.13;edge_0_0_0;0.0;-8.0;0.25;-9.0;0.39;-9.0;0.47;-9.0;0.51;-9.0;0.54;-9.0;0.55;-9.0;0.55;-9.0;CACC
191;16.1;22.1;0.9;8;100;8;Successful;Effective;collision;19.19;vtypeauto.1;vtypeauto.0;639.37;edge_0_0_0;0.0;-8.0;0.25;-9.0;0.39;-9.0;0.47;-9.0;0.51;-9.0;0.54;-9.0;0.55;-9.0;0.55;-9.0;CACC
192;16.1;22.1;0.9;10;100;8;Successful;Effective;collision;19.53;vtypeauto.1;vtypeauto.0;657.72;edge_0_0_0;0.0;-8.0;0.25;-9.0;0.39;-9.0;0.47;-9.0;0.51;-9.0;0.54;-9.0;0.55;-9.0;0.55;-9.0;CACC
193;16.2;22.2;0.6;5;80;5;Successful;Effective;collision;20.00;vtypeauto.1;vtypeauto.0;519.82;edge_0_0_0;0.0;-5.0;0.2;-5.95;0.32;-6.46;0.38;-6.65;0.41;-6.65;0.43;-6.52;0.44;-6.3;0.44;-6.06;CACC
194;16.2;22.2;0.6;8;80;5;Successful;Effective;No;No;No;No;No;No;0.0;-5.0;0.2;-5.95;0.32;-6.46;0.38;-6.65;0.41;-6.65;0.43;-6.52;0.44;-6.3;0.44;-6.06;CACC
195;16.2;22.2;0.6;10;80;5;Successful;Effective;No;No;No;No;No;No;0.0;-5.0;0.2;-5.95;0.32;-6.46;0.38;-6.65;0.41;-6.65;0.43;-6.52;0.44;-6.3;0.44;-6.06;CACC
196;16.2;22.2;0.6;5;100;5;Successful;Effective;collision;20.11;vtypeauto.1;vtypeauto.0;638.69;edge_0_0_0;0.0;-5.0;0.25;-5.95;0.39;-6.47;0.47;-6.67;0.51;-6.67;0.54;-6.54;0.55;-6.34;0.55;-6.13;CACC
197;16.2;22.2;0.6;8;100;5;Successful;Effective;No;No;No;No;No;No;0.0;-5.0;0.25;-5.95;0.39;-6.47;0.47;-6.67;0.51;-6.67;0.54;-6.54;0.55;-6.33;0.55;-6.11;CACC
198;16.2;22.2;0.6;10;100;5;Successful;Effective;No;No;No;No;No;No;0.0;-5.0;0.25;-5.95;0.39;-6.47;0.47;-6.67;0.51;-6.67;0.54;-6.54;0.55;-6.33;0.55;-6.11;CACC
199;16.2;22.2;0.6;5;80;6;Successful;Effective;collision;19.50;vtypeauto.1;vtypeauto.0;512.23;edge_0_0_0;0.0;-6.0;0.2;-7.14;0.32;-7.75;0.38;-7.98;0.41;-7.97;0.43;-7.71;0.44;-7.31;0.44;-7.08;CACC
200;16.2;22.2;0.6;8;80;6;Successful;Effective;No;No;No;No;No;No;0.0;-6.0;0.2;-7.14;0.32;-7.75;0.38;-7.98;0.41;-7.97;0.43;-7.71;0.44;-7.31;0.44;-7.08;CACC
201;16.2;22.2;0.6;10;80;6;Successful;Effective;No;No;No;No;No;No;0.0;-6.0;0.2;-7.14;0.32;-7.75;0.38;-7.98;0.41;-7.97;0.43;-7.71;0.44;-7.31;0.44;-7.08;CACC
202;16.2;22.2;0.6;5;100;6;Successful;Effective;collision;19.58;vtypeauto.1;vtypeauto.0;627.92;edge_0_0_0;0.0;-6.0;0.25;-7.14;0.39;-7.76;0.47;-7.99;0.51;-7.98;0.54;-7.83;0.55;-7.57;0.55;-7.28;CACC
203;16.2;22.2;0.6;8;100;6;Successful;Effective;collision;21.80;vtypeauto.1;vtypeauto.0;667.80;edge_0_0_0;0.0;-6.0;0.25;-7.14;0.39;-7.76;0.47;-7.99;0.51;-7.98;0.54;-7.83;0.55;-7.57;0.55;-7.28;CACC
204;16.2;22.2;0.6;10;100;6;Successful;Effective;No;No;No;No;No;No;0.0;-6.0;0.25;-7.14;0.39;-7.76;0.47;-7.99;0.51;-7.98;0.54;-7.83;0.55;-7.57;0.55;-7.28;CACC
205;16.2;22.2;0.6;5;80;7;Successful;Effective;collision;19.20;vtypeauto.1;vtypeauto.0;507.34;edge_0_0_0;0.0;-7.0;0.2;-8.32;0.32;-9.0;0.38;-9.0;0.41;-9.0;0.43;-8.67;0.44;-8.17;0.44;-8.11;CACC
206;16.2;22.2;0.6;8;80;7;Successful;Effective;collision;20.35;vtypeauto.1;vtypeauto.0;535.41;edge_0_0_0;0.0;-7.0;0.2;-8.32;0.32;-9.0;0.38;-9.0;0.41;-9.0;0.43;-8.67;0.44;-8.17;0.44;-8.11;CACC
207;16.2;22.2;0.6;10;80;7;Successful;Effective;No;No;No;No;No;No;0.0;-7.0;0.2;-8.32;0.32;-9.0;0.38;-9.0;0.41;-9.0;0.43;-8.67;0.44;-8.17;0.44;-8.11;CACC
208;16.2;22.2;0.6;5;100;7;Successful;Effective;collision;19.26;vtypeauto.1;vtypeauto.0;621.05;edge_0_0_0;0.0;-7.0;0.25;-8.33;0.39;-9.0;0.47;-9.0;0.51;-9.0;0.54;-9.0;0.55;-8.69;0.55;-8.37;CACC
209;16.2;22.2;0.6;8;100;7;Successful;Effective;collision;20.44;vtypeauto.1;vtypeauto.0;655.23;edge_0_0_0;0.0;-7.0;0.25;-8.33;0.39;-9.0;0.47;-9.0;0.51;-9.0;0.54;-9.0;0.55;-8.69;0.55;-8.37;CACC
210;16.2;22.2;0.6;10;100;7;Successful;Effective;No;No;No;No;No;No;0.0;-7.0;0.25;-8.33;0.39;-9.0;0.47;-9.0;0.51;-9.0;0.54;-9.0;0.55;-8.69;0.55;-8.37;CACC
211;16.2;22.2;0.6;5;80;8;Successful;Effective;collision;18.99;vtypeauto.1;vtypeauto.0;503.80;edge_0_0_0;0.0;-7.99;0.2;-9.0;0.32;-9.0;0.38;-9.0;0.41;-9.0;0.43;-9.0;0.44;-8.98;0.44;-9.0;CACC
212;16.2;22.2;0.6;8;80;8;Successful;Effective;collision;19.81;vtypeauto.1;vtypeauto.0;530.38;edge_0_0_0;0.0;-7.99;0.2;-9.0;0.32;-9.0;0.38;-9.0;0.41;-9.0;0.43;-9.0;0.44;-8.98;0.44;-9.0;CACC
213;16.2;22.2;0.6;10;80;8;Successful;Effective;No;No;No;No;No;No;0.0;-7.99;0.2;-9.0;0.32;-9.0;0.38;-9.0;0.41;-9.0;0.43;-9.0;0.44;-8.98;0.44;-9.0;CACC
214;16.2;22.2;0.6;5;100;8;Successful;Effective;collision;19.04;vtypeauto.1;vtypeauto.0;616.18;edge_0_0_0;0.0;-8.0;0.25;-9.0;0.39;-9.0;0.47;-9.0;0.51;-9.0;0.54;-9.0;0.55;-9.0;0.55;-9.0;CACC
215;16.2;22.2;0.6;8;100;8;Successful;Effective;collision;19.87;vtypeauto.1;vtypeauto.0;647.09;edge_0_0_0;0.0;-8.0;0.25;-9.0;0.39;-9.0;0.47;-9.0;0.51;-9.0;0.54;-9.0;0.55;-9.0;0.55;-9.0;CACC
216;16.2;22.2;0.6;10;100;8;Successful;Effective;collision;20.58;vtypeauto.1;vtypeauto.0;665.22;edge_0_0_0;0.0;-8.0;0.25;-9.0;0.39;-9.0;0.47;-9.0;0.51;-9.0;0.54;-9.0;0.55;-9.0;0.55;-9.0;CACC
217;16.2;22.2;0.7;5;80;5;Successful;Effective;collision;19.62;vtypeauto.1;vtypeauto.0;515.82;edge_0_0_0;0.0;-5.0;0.2;-6.1;0.32;-6.71;0.38;-6.95;0.41;-6.95;0.43;-6.77;0.44;-6.27;0.44;-5.97;CACC
218;16.2;22.2;0.7;8;80;5;Successful;Effective;No;No;No;No;No;No;0.0;-5.0;0.2;-6.1;0.32;-6.71;0.38;-6.95;0.41;-6.95;0.43;-6.77;0.44;-6.27;0.44;-5.97;CACC
219;16.2;22.2;0.7;10;80;5;Successful;Effective;No;No;No;No;No;No;0.0;-5.0;0.2;-6.1;0.32;-6.71;0.38;-6.95;0.41;-6.95;0.43;-6.77;0.44;-6.27;0.44;-5.97;CACC
220;16.2;22.2;0.7;5;100;5;Successful;Effective;collision;19.70;vtypeauto.1;vtypeauto.0;632.29;edge_0_0_0;0.0;-5.0;0.25;-6.11;0.39;-6.72;0.47;-6.96;0.51;-6.96;0.54;-6.81;0.55;-6.48;0.55;-6.16;CACC
221;16.2;22.2;0.7;8;100;5;Successful;Effective;No;No;No;No;No;No;0.0;-5.0;0.25;-6.11;0.39;-6.72;0.47;-6.96;0.51;-6.96;0.54;-6.79;0.55;-6.37;0.55;-6.05;CACC
222;16.2;22.2;0.7;10;100;5;Successful;Effective;No;No;No;No;No;No;0.0;-5.0;0.25;-6.11;0.39;-6.72;0.47;-6.96;0.51;-6.96;0.54;-6.79;0.55;-6.37;0.55;-6.05;CACC
223;16.2;22.2;0.7;5;80;6;Successful;Effective;collision;19.25;vtypeauto.1;vtypeauto.0;509.52;edge_0_0_0;0.0;-6.0;0.2;-7.32;0.32;-8.05;0.38;-8.33;0.41;-8.31;0.43;-7.77;0.44;-7.17;0.44;-7.1;CACC
224;16.2;22.2;0.7;8;80;6;Successful;Effective;collision;20.39;vtypeauto.1;vtypeauto.0;539.84;edge_0_0_0;0.0;-6.0;0.2;-7.32;0.32;-8.05;0.38;-8.33;0.41;-8.31;0.43;-7.77;0.44;-7.17;0.44;-7.1;CACC
225;16.2;22.2;0.7;10;80;6;Successful;Effective;No;No;No;No;No;No;0.0;-6.0;0.2;-7.32;0.32;-8.05;0.38;-8.33;0.41;-8.31;0.43;-7.77;0.44;-7.17;0.44;-7.1;CACC
226;16.2;22.2;0.7;5;100;6;Successful;Effective;collision;19.31;vtypeauto.1;vtypeauto.0;623.59;edge_0_0_0;0.0;-6.0;0.25;-7.33;0.39;-8.06;0.47;-8.34;0.51;-8.34;0.54;-8.13;0.55;-7.56;0.55;-7.17;CACC
227;16.2;22.2;0.7;8;100;6;Successful;Effective;collision;20.48;vtypeauto.1;vtypeauto.0;660.14;edge_0_0_0;0.0;-6.0;0.25;-7.33;0.39;-8.06;0.47;-8.34;0.51;-8.34;0.54;-8.13;0.55;-7.56;0.55;-7.17;CACC
228;16.2;22.2;0.7;10;100;6;Successful;Effective;No;No;No;No;No;No;0.0;-6.0;0.25;-7.33;0.39;-8.06;0.47;-8.34;0.51;-8.34;0.54;-8.13;0.55;-7.56;0.55;-7.17;CACC
229;16.2;22.2;0.7;5;80;7;Successful;Effective;collision;19.02;vtypeauto.1;vtypeauto.0;505.42;edge_0_0_0;0.0;-7.0;0.2;-8.54;0.32;-9.0;0.38;-9.0;0.41;-9.0;0.43;-8.47;0.44;-8.04;0.44;-8.11;CACC
230;16.2;22.2;0.7;8;80;7;Successful;Effective;collision;19.84;vtypeauto.1;vtypeauto.0;533.42;edge_0_0_0;0.0;-7.0;0.2;-8.54;0.32;-9.0;0.38;-9.0;0.41;-9.0;0.43;-8.47;0.44;-8.04;0.44;-8.11;CACC
231;16.2;22.2;0.7;10;80;7;Successful;Effective;collision;20.66;vtypeauto.1;vtypeauto.0;549.72;edge_0_0_0;0.0;-7.0;0.2;-8.54;0.32;-9.0;0.38;-9.0;0.41;-9.0;0.43;-8.47;0.44;-8.04;0.44;-8.11;CACC
232;16.2;22.2;0.7;5;100;7;Successful;Effective;collision;19.07;vtypeauto.1;vtypeauto.0;618.04;edge_0_0_0;0.0;-7.0;0.25;-8.54;0.39;-9.0;0.47;-9.0;0.51;-9.0;0.54;-9.0;0.55;-8.72;0.55;-8.35;CACC
233;16.2;22.2;0.7;8;100;7;Successful;Effective;collision;19.90;vtypeauto.1;vtypeauto.0;650.42;edge_0_0_0;0.0;-7.0;0.25;-8.54;0.39;-9.0;0.47;-9.0;0.51;-9.0;0.54;-9.0;0.55;-8.72;0.55;-8.35;CACC
234;16.2;22.2;0.7;10;100;7;Successful;Effective;collision;20.75;vtypeauto.1;vtypeauto.0;671.07;edge_0_0_0;0.0;-7.0;0.25;-8.54;0.39;-9.0;0.47;-9.0;0.51;-9.0;0.54;-9.0;0.55;-8.72;0.55;-8.35;CACC
235;16.2;22.2;0.7;5;80;8;Successful;Effective;collision;18.85;vtypeauto.1;vtypeauto.0;502.33;edge_0_0_0;0.0;-7.99;0.2;-9.0;0.32;-9.0;0.38;-9.0;0.41;-9.0;0.43;-9.0;0.44;-8.93;0.44;-9.0;CACC
236;16.2;22.2;0.7;8;80;8;Successful;Effective;collision;19.49;vtypeauto.1;vtypeauto.0;528.83;edge_0_0_0;0.0;-7.99;0.2;-9.0;0.32;-9.0;0.38;-9.0;0.41;-9.0;0.43;-9.0;0.44;-8.93;0.44;-9.0;CACC
237;16.2;22.2;0.7;10;80;8;Successful;Effective;collision;19.99;vtypeauto.1;vtypeauto.0;544.91;edge_0_0_0;0.0;-7.99;0.2;-9.0;0.32;-9.0;0.38;-9.0;0.41;-9.0;0.43;-9.0;0.44;-8.93;0.44;-9.0;CACC
238;16.2;22.2;0.7;5;100;8;Successful;Effective;collision;18.89;vtypeauto.1;vtypeauto.0;613.82;edge_0_0_0;0.0;-8.0;0.25;-9.0;0.39;-9.0;0.47;-9.0;0.51;-9.0;0.54;-9.0;0.55;-9.0;0.55;-9.0;CACC
239;16.2;22.2;0.7;8;100;8;Successful;Effective;collision;19.54;vtypeauto.1;vtypeauto.0;643.82;edge_0_0_0;0.0;-8.0;0.25;-9.0;0.39;-9.0;0.47;-9.0;0.51;-9.0;0.54;-9.0;0.55;-9.0;0.55;-9.0;CACC
240;16.2;22.2;0.7;10;100;8;Successful;Effective;collision;20.04;vtypeauto.1;vtypeauto.0;662.46;edge_0_0_0;0.0;-8.0;0.25;-9.0;0.39;-9.0;0.47;-9.0;0.51;-9.0;0.54;-9.0;0.55;-9.0;0.55;-9.0;CACC
241;16.2;22.2;0.8;5;80;5;Successful;Effective;collision;19.39;vtypeauto.1;vtypeauto.0;513.04;edge_0_0_0;0.0;-5.0;0.2;-6.26;0.32;-6.98;0.38;-7.26;0.41;-7.29;0.43;-6.81;0.44;-6.05;0.44;-6.0;CACC
242;16.2;22.2;0.8;8;80;5;Successful;Effective;collision;20.65;vtypeauto.1;vtypeauto.0;546.02;edge_0_0_0;0.0;-5.0;0.2;-6.26;0.32;-6.98;0.38;-7.26;0.41;-7.29;0.43;-6.81;0.44;-5.92;0.44;-6.0;CACC
243;16.2;22.2;0.8;10;80;5;Successful;Effective;No;No;No;No;No;No;0.0;-5.0;0.2;-6.26;0.32;-6.98;0.38;-7.26;0.41;-7.29;0.43;-6.81;0.44;-5.92;0.44;-6.0;CACC
244;16.2;22.2;0.8;5;100;5;Successful;Effective;collision;19.45;vtypeauto.1;vtypeauto.0;627.95;edge_0_0_0;0.0;-5.0;0.25;-6.26;0.39;-6.98;0.47;-7.27;0.51;-7.3;0.54;-7.02;0.55;-6.35;0.55;-6.08;CACC
245;16.2;22.2;0.8;8;100;5;Successful;Effective;collision;20.76;vtypeauto.1;vtypeauto.0;668.14;edge_0_0_0;0.0;-5.0;0.25;-6.26;0.39;-6.98;0.47;-7.27;0.51;-7.29;0.54;-7.03;0.55;-6.37;0.55;-6.07;CACC
246;16.2;22.2;0.8;10;100;5;Successful;Effective;No;No;No;No;No;No;0.0;-5.0;0.25;-6.26;0.39;-6.98;0.47;-7.27;0.51;-7.29;0.54;-6.98;0.55;-6.35;0.55;-6.06;CACC
247;16.2;22.2;0.8;5;80;6;Successful;Effective;collision;19.10;vtypeauto.1;vtypeauto.0;507.75;edge_0_0_0;0.0;-6.0;0.2;-7.51;0.32;-8.36;0.38;-8.71;0.41;-8.57;0.43;-7.58;0.44;-7.06;0.44;-7.11;CACC
248;16.2;22.2;0.8;8;80;6;Successful;Effective;collision;19.94;vtypeauto.1;vtypeauto.0;537.10;edge_0_0_0;0.0;-6.0;0.2;-7.51;0.32;-8.36;0.38;-8.71;0.41;-8.57;0.43;-7.58;0.44;-7.06;0.44;-7.11;CACC
249;16.2;22.2;0.8;10;80;6;Successful;Effective;collision;20.81;vtypeauto.1;vtypeauto.0;555.32;edge_0_0_0;0.0;-6.0;0.2;-7.51;0.32;-8.36;0.38;-8.71;0.41;-8.57;0.43;-7.58;0.44;-7.06;0.44;-7.11;CACC
250;16.2;22.2;0.8;5;100;6;Successful;Effective;collision;19.15;vtypeauto.1;vtypeauto.0;620.86;edge_0_0_0;0.0;-6.0;0.25;-7.51;0.39;-8.37;0.47;-8.72;0.51;-8.74;0.54;-8.18;0.55;-7.49;0.55;-7.27;CACC
251;16.2;22.2;0.8;8;100;6;Successful;Effective;collision;20.00;vtypeauto.1;vtypeauto.0;654.75;edge_0_0_0;0.0;-6.0;0.25;-7.51;0.39;-8.37;0.47;-8.72;0.51;-8.75;0.54;-8.26;0.55;-7.43;0.55;-7.21;CACC
252;16.2;22.2;0.8;10;100;6;Successful;Effective;collision;20.90;vtypeauto.1;vtypeauto.0;677.71;edge_0_0_0;0.0;-6.0;0.25;-7.51;0.39;-8.37;0.47;-8.72;0.51;-8.75;0.54;-8.18;0.55;-7.16;0.55;-7.21;CACC
253;16.2;22.2;0.8;5;80;7;Successful;Effective;collision;18.90;vtypeauto.1;vtypeauto.0;504.00;edge_0_0_0;0.0;-7.0;0.2;-8.76;0.32;-9.0;0.38;-9.0;0.41;-9.0;0.43;-8.07;0.44;-7.99;0.44;-8.08;CACC
254;16.2;22.2;0.8;8;80;7;Successful;Effective;collision;19.55;vtypeauto.1;vtypeauto.0;531.46;edge_0_0_0;0.0;-7.0;0.2;-8.76;0.32;-9.0;0.38;-9.0;0.41;-9.0;0.43;-8.07;0.44;-7.99;0.44;-8.08;CACC
255;16.2;22.2;0.8;10;80;7;Successful;Effective;collision;20.11;vtypeauto.1;vtypeauto.0;548.71;edge_0_0_0;0.0;-7.0;0.2;-8.76;0.32;-9.0;0.38;-9.0;0.41;-9.0;0.43;-8.07;0.44;-7.99;0.44;-8.08;CACC
256;16.2;22.2;0.8;5;100;7;Successful;Effective;collision;18.94;vtypeauto.1;vtypeauto.0;615.81;edge_0_0_0;0.0;-7.0;0.25;-8.76;0.39;-9.0;0.47;-9.0;0.51;-9.0;0.54;-9.0;0.55;-8.28;0.55;-8.39;CACC
257;16.2;22.2;0.8;8;100;7;Successful;Effective;collision;19.60;vtypeauto.1;vtypeauto.0;646.85;edge_0_0_0;0.0;-7.0;0.25;-8.76;0.39;-9.0;0.47;-9.0;0.51;-9.0;0.54;-9.0;0.55;-8.28;0.55;-8.39;CACC
258;16.2;22.2;0.8;10;100;7;Successful;Effective;collision;20.16;vtypeauto.1;vtypeauto.0;666.98;edge_0_0_0;0.0;-7.0;0.25;-8.76;0.39;-9.0;0.47;-9.0;0.51;-9.0;0.54;-9.0;0.55;-8.28;0.55;-8.39;CACC
259;16.2;22.2;0.8;5;80;8;Successful;Effective;collision;18.75;vtypeauto.1;vtypeauto.0;501.14;edge_0_0_0;0.0;-7.99;0.2;-9.0;0.32;-9.0;0.38;-9.0;0.41;-9.0;0.43;-8.79;0.44;-8.84;0.44;-8.92;CACC
260;16.2;22.2;0.8;8;80;8;Successful;Effective;collision;19.29;vtypeauto.1;vtypeauto.0;527.45;edge_0_0_0;0.0;-7.99;0.2;-9.0;0.32;-9.0;0.38;-9.0;0.41;-9.0;0.43;-8.79;0.44;-8.84;0.44;-8.92;CACC
261;16.2;22.2;0.8;10;80;8;Successful;Effective;collision;19.69;vtypeauto.1;vtypeauto.0;543.91;edge_0_0_0;0.0;-7.99;0.2;-9.0;0.32;-9.0;0.38;-9.0;0.41;-9.0;0.43;-8.79;0.44;-8.84;0.44;-8.92;CACC
262;16.2;22.2;0.8;5;100;8;Successful;Effective;collision;18.79;vtypeauto.1;vtypeauto.0;612.13;edge_0_0_0;0.0;-8.0;0.25;-9.0;0.39;-9.0;0.47;-9.0;0.51;-9.0;0.54;-9.0;0.55;-9.0;0.55;-9.0;CACC
263;16.2;22.2;0.8;8;100;8;Successful;Effective;collision;19.33;vtypeauto.1;vtypeauto.0;641.26;edge_0_0_0;0.0;-8.0;0.25;-9.0;0.39;-9.0;0.47;-9.0;0.51;-9.0;0.54;-9.0;0.55;-9.0;0.55;-9.0;CACC
264;16.2;22.2;0.8;10;100;8;Successful;Effective;collision;19.73;vtypeauto.1;vtypeauto.0;659.82;edge_0_0_0;0.0;-8.0;0.25;-9.0;0.39;-9.0;0.47;-9.0;0.51;-9.0;0.54;-9.0;0.55;-9.0;0.55;-9.0;CACC
265;16.2;22.2;0.9;5;80;5;Successful;Effective;collision;19.15;vtypeauto.1;vtypeauto.0;509.86;edge_0_0_0;0.0;-5.0;0.2;-6.55;0.32;-7.39;0.38;-7.73;0.41;-7.72;0.43;-6.91;0.44;-6.07;0.44;-6.1;CACC
266;16.2;22.2;0.9;8;80;5;Successful;Effective;collision;19.95;vtypeauto.1;vtypeauto.0;540.36;edge_0_0_0;0.0;-5.0;0.2;-6.55;0.32;-7.39;0.38;-7.73;0.41;-7.63;0.43;-6.7;0.44;-6.02;0.44;-6.06;CACC
267;16.2;22.2;0.9;10;80;5;Successful;Effective;collision;20.72;vtypeauto.1;vtypeauto.0;560.46;edge_0_0_0;0.0;-5.0;0.2;-6.55;0.32;-7.39;0.38;-7.73;0.41;-7.63;0.43;-6.43;0.44;-6.0;0.44;-6.06;CACC
268;16.2;22.2;0.9;5;100;5;Successful;Effective;collision;19.20;vtypeauto.1;vtypeauto.0;623.34;edge_0_0_0;0.0;-5.0;0.25;-6.56;0.39;-7.4;0.47;-7.74;0.51;-7.76;0.54;-6.98;0.55;-6.24;0.55;-6.13;CACC
269;16.2;22.2;0.9;8;100;5;Successful;Effective;collision;20.00;vtypeauto.1;vtypeauto.0;658.05;edge_0_0_0;0.0;-5.0;0.25;-6.56;0.39;-7.4;0.47;-7.74;0.51;-7.74;0.54;-7.06;0.55;-6.27;0.55;-6.15;CACC
270;16.2;22.2;0.9;10;100;5;Successful;Effective;collision;20.80;vtypeauto.1;vtypeauto.0;682.60;edge_0_0_0;0.0;-5.0;0.25;-6.56;0.39;-7.4;0.47;-7.74;0.51;-7.76;0.54;-7.06;0.55;-6.25;0.55;-6.16;CACC
271;16.2;22.2;0.9;5;80;6;Successful;Effective;collision;18.93;vtypeauto.1;vtypeauto.0;505.54;edge_0_0_0;0.0;-6.0;0.2;-7.86;0.32;-8.86;0.38;-9.0;0.41;-8.68;0.43;-7.16;0.44;-7.06;0.44;-7.14;CACC
272;16.2;22.2;0.9;8;80;6;Successful;Effective;collision;19.53;vtypeauto.1;vtypeauto.0;533.55;edge_0_0_0;0.0;-6.0;0.2;-7.86;0.32;-8.86;0.38;-9.0;0.41;-8.68;0.43;-7.16;0.44;-7.06;0.44;-7.14;CACC
273;16.2;22.2;0.9;10;80;6;Successful;Effective;collision;20.02;vtypeauto.1;vtypeauto.0;551.70;edge_0_0_0;0.0;-6.0;0.2;-7.86;0.32;-8.86;0.38;-9.0;0.41;-8.68;0.43;-7.16;0.44;-7.06;0.44;-7.14;CACC
274;16.2;22.2;0.9;5;100;6;Successful;Effective;collision;18.97;vtypeauto.1;vtypeauto.0;617.58;edge_0_0_0;0.0;-6.0;0.25;-7.87;0.39;-8.87;0.47;-9.0;0.51;-9.0;0.54;-8.18;0.55;-7.37;0.55;-7.33;CACC
275;16.2;22.2;0.9;8;100;6;Successful;Effective;collision;19.57;vtypeauto.1;vtypeauto.0;648.76;edge_0_0_0;0.0;-6.0;0.25;-7.87;0.39;-8.87;0.47;-9.0;0.51;-9.0;0.54;-8.18;0.55;-7.37;0.55;-7.34;CACC
276;16.2;22.2;0.9;10;100;6;Successful;Effective;collision;20.06;vtypeauto.1;vtypeauto.0;669.49;edge_0_0_0;0.0;-6.0;0.25;-7.87;0.39;-8.87;0.47;-9.0;0.51;-9.0;0.54;-8.19;0.55;-7.32;0.55;-7.32;CACC
277;16.2;22.2;0.9;5;80;7;Successful;Effective;collision;18.77;vtypeauto.1;vtypeauto.0;502.34;edge_0_0_0;0.0;-7.0;0.2;-9.0;0.32;-9.0;0.38;-9.0;0.41;-9.0;0.43;-7.94;0.44;-7.99;0.44;-8.06;CACC
278;16.2;22.2;0.9;8;80;7;Successful;Effective;collision;19.27;vtypeauto.1;vtypeauto.0;529.07;edge_0_0_0;0.0;-7.0;0.2;-9.0;0.32;-9.0;0.38;-9.0;0.41;-9.0;0.43;-7.94;0.44;-7.99;0.44;-8.06;CACC
279;16.2;22.2;0.9;10;80;7;Successful;Effective;collision;19.63;vtypeauto.1;vtypeauto.0;546.05;edge_0_0_0;0.0;-7.0;0.2;-9.0;0.32;-9.0;0.38;-9.0;0.41;-9.0;0.43;-7.94;0.44;-7.99;0.44;-8.06;CACC
280;16.2;22.2;0.9;5;100;7;Successful;Effective;collision;18.81;vtypeauto.1;vtypeauto.0;613.51;edge_0_0_0;0.0;-7.0;0.25;-9.0;0.39;-9.0;0.47;-9.0;0.51;-9.0;0.54;-9.0;0.55;-8.48;0.55;-8.54;CACC
281;16.2;22.2;0.9;8;100;7;Successful;Effective;collision;19.30;vtypeauto.1;vtypeauto.0;642.66;edge_0_0_0;0.0;-7.0;0.25;-9.0;0.39;-9.0;0.47;-9.0;0.51;-9.0;0.54;-8.96;0.55;-8.44;0.55;-8.47;CACC
282;16.2;22.2;0.9;10;100;7;Successful;Effective;collision;19.67;vtypeauto.1;vtypeauto.0;661.74;edge_0_0_0;0.0;-7.0;0.25;-9.0;0.39;-9.0;0.47;-9.0;0.51;-9.0;0.54;-8.96;0.55;-8.37;0.55;-8.47;CACC
283;16.2;22.2;0.9;5;80;8;Successful;Effective;collision;18.66;vtypeauto.1;vtypeauto.0;500.10;edge_0_0_0;0.0;-7.99;0.2;-9.0;0.32;-9.0;0.38;-9.0;0.41;-9.0;0.43;-8.65;0.44;-8.75;0.44;-8.83;CACC
284;16.2;22.2;0.9;8;80;8;Successful;Effective;collision;19.08;vtypeauto.1;vtypeauto.0;525.69;edge_0_0_0;0.0;-7.99;0.2;-9.0;0.32;-9.0;0.38;-9.0;0.41;-9.0;0.43;-8.65;0.44;-8.75;0.44;-8.83;CACC
285;16.2;22.2;0.9;10;80;8;Successful;Effective;collision;19.38;vtypeauto.1;vtypeauto.0;542.16;edge_0_0_0;0.0;-7.99;0.2;-9.0;0.32;-9.0;0.38;-9.0;0.41;-9.0;0.43;-8.65;0.44;-8.75;0.44;-8.83;CACC
286;16.2;22.2;0.9;5;100;8;Successful;Effective;collision;18.69;vtypeauto.1;vtypeauto.0;610.41;edge_0_0_0;0.0;-8.0;0.25;-9.0;0.39;-9.0;0.47;-9.0;0.51;-9.0;0.54;-9.0;0.55;-9.0;0.55;-9.0;CACC
287;16.2;22.2;0.9;8;100;8;Successful;Effective;collision;19.11;vtypeauto.1;vtypeauto.0;638.25;edge_0_0_0;0.0;-8.0;0.25;-9.0;0.39;-9.0;0.47;-9.0;0.51;-9.0;0.54;-9.0;0.55;-9.0;0.55;-9.0;CACC
288;16.2;22.2;0.9;10;100;8;Successful;Effective;collision;19.41;vtypeauto.1;vtypeauto.0;656.31;edge_0_0_0;0.0;-8.0;0.25;-9.0;0.39;-9.0;0.47;-9.0;0.51;-9.0;0.54;-9.0;0.55;-9.0;0.55;-9.0;CACC
289;16.3;22.3;0.6;5;80;5;Successful;Effective;collision;20.00;vtypeauto.1;vtypeauto.0;519.82;edge_0_0_0;0.0;-5.0;0.2;-5.95;0.32;-6.46;0.38;-6.65;0.41;-6.65;0.43;-6.52;0.44;-6.32;0.44;-6.08;CACC
290;16.3;22.3;0.6;8;80;5;Successful;Effective;No;No;No;No;No;No;0.0;-5.0;0.2;-5.95;0.32;-6.46;0.38;-6.65;0.41;-6.65;0.43;-6.52;0.44;-6.32;0.44;-6.08;CACC
291;16.3;22.3;0.6;10;80;5;Successful;Effective;No;No;No;No;No;No;0.0;-5.0;0.2;-5.95;0.32;-6.46;0.38;-6.65;0.41;-6.65;0.43;-6.52;0.44;-6.32;0.44;-6.08;CACC
292;16.3;22.3;0.6;5;100;5;Successful;Effective;collision;20.11;vtypeauto.1;vtypeauto.0;638.69;edge_0_0_0;0.0;-5.0;0.25;-5.95;0.39;-6.47;0.47;-6.67;0.51;-6.67;0.54;-6.54;0.55;-6.34;0.55;-6.12;CACC
293;16.3;22.3;0.6;8;100;5;Successful;Effective;No;No;No;No;No;No;0.0;-5.0;0.25;-5.95;0.39;-6.47;0.47;-6.67;0.51;-6.67;0.54;-6.54;0.55;-6.34;0.55;-6.12;CACC
294;16.3;22.3;0.6;10;100;5;Successful;Effective;No;No;No;No;No;No;0.0;-5.0;0.25;-5.95;0.39;-6.47;0.47;-6.67;0.51;-6.67;0.54;-6.54;0.55;-6.34;0.55;-6.12;CACC
295;16.3;22.3;0.6;5;80;6;Successful;Effective;collision;19.50;vtypeauto.1;vtypeauto.0;512.23;edge_0_0_0;0.0;-6.0;0.2;-7.14;0.32;-7.75;0.38;-7.98;0.41;-7.97;0.43;-7.71;0.44;-7.31;0.44;-7.08;CACC
296;16.3;22.3;0.6;8;80;6;Successful;Effective;No;No;No;No;No;No;0.0;-6.0;0.2;-7.14;0.32;-7.75;0.38;-7.98;0.41;-7.97;0.43;-7.71;0.44;-7.31;0.44;-7.08;CACC
297;16.3;22.3;0.6;10;80;6;Successful;Effective;No;No;No;No;No;No;0.0;-6.0;0.2;-7.14;0.32;-7.75;0.38;-7.98;0.41;-7.97;0.43;-7.71;0.44;-7.31;0.44;-7.08;CACC
298;16.3;22.3;0.6;5;100;6;Successful;Effective;collision;19.58;vtypeauto.1;vtypeauto.0;627.92;edge_0_0_0;0.0;-6.0;0.25;-7.14;0.39;-7.76;0.47;-7.99;0.51;-7.98;0.54;-7.83;0.55;-7.59;0.55;-7.3;CACC
299;16.3;22.3;0.6;8;100;6;Successful;Effective;collision;21.80;vtypeauto.1;vtypeauto.0;667.80;edge_0_0_0;0.0;-6.0;0.25;-7.14;0.39;-7.76;0.47;-7.99;0.51;-7.98;0.54;-7.83;0.55;-7.59;0.55;-7.3;CACC
300;16.3;22.3;0.6;10;100;6;Successful;Effective;No;No;No;No;No;No;0.0;-6.0;0.25;-7.14;0.39;-7.76;0.47;-7.99;0.51;-7.98;0.54;-7.83;0.55;-7.59;0.55;-7.3;CACC
301;16.3;22.3;0.6;5;80;7;Successful;Effective;collision;19.20;vtypeauto.1;vtypeauto.0;507.34;edge_0_0_0;0.0;-7.0;0.2;-8.32;0.32;-9.0;0.38;-9.0;0.41;-9.0;0.43;-8.67;0.44;-8.17;0.44;-8.11;CACC
302;16.3;22.3;0.6;8;80;7;Successful;Effective;collision;20.35;vtypeauto.1;vtypeauto.0;535.41;edge_0_0_0;0.0;-7.0;0.2;-8.32;0.32;-9.0;0.38;-9.0;0.41;-9.0;0.43;-8.67;0.44;-8.17;0.44;-8.11;CACC
303;16.3;22.3;0.6;10;80;7;Successful;Effective;No;No;No;No;No;No;0.0;-7.0;0.2;-8.32;0.32;-9.0;0.38;-9.0;0.41;-9.0;0.43;-8.67;0.44;-8.17;0.44;-8.11;CACC
304;16.3;22.3;0.6;5;100;7;Successful;Effective;collision;19.26;vtypeauto.1;vtypeauto.0;621.05;edge_0_0_0;0.0;-7.0;0.25;-8.33;0.39;-9.0;0.47;-9.0;0.51;-9.0;0.54;-9.0;0.55;-8.69;0.55;-8.37;CACC
305;16.3;22.3;0.6;8;100;7;Successful;Effective;collision;20.44;vtypeauto.1;vtypeauto.0;655.23;edge_0_0_0;0.0;-7.0;0.25;-8.33;0.39;-9.0;0.47;-9.0;0.51;-9.0;0.54;-9.0;0.55;-8.69;0.55;-8.37;CACC
306;16.3;22.3;0.6;10;100;7;Successful;Effective;No;No;No;No;No;No;0.0;-7.0;0.25;-8.33;0.39;-9.0;0.47;-9.0;0.51;-9.0;0.54;-9.0;0.55;-8.69;0.55;-8.37;CACC
307;16.3;22.3;0.6;5;80;8;Successful;Effective;collision;18.99;vtypeauto.1;vtypeauto.0;503.80;edge_0_0_0;0.0;-7.99;0.2;-9.0;0.32;-9.0;0.38;-9.0;0.41;-9.0;0.43;-9.0;0.44;-8.98;0.44;-9.0;CACC
308;16.3;22.3;0.6;8;80;8;Successful;Effective;collision;19.81;vtypeauto.1;vtypeauto.0;530.38;edge_0_0_0;0.0;-7.99;0.2;-9.0;0.32;-9.0;0.38;-9.0;0.41;-9.0;0.43;-9.0;0.44;-8.98;0.44;-9.0;CACC
309;16.3;22.3;0.6;10;80;8;Successful;Effective;No;No;No;No;No;No;0.0;-7.99;0.2;-9.0;0.32;-9.0;0.38;-9.0;0.41;-9.0;0.43;-9.0;0.44;-8.98;0.44;-9.0;CACC
310;16.3;22.3;0.6;5;100;8;Successful;Effective;collision;19.04;vtypeauto.1;vtypeauto.0;616.18;edge_0_0_0;0.0;-8.0;0.25;-9.0;0.39;-9.0;0.47;-9.0;0.51;-9.0;0.54;-9.0;0.55;-9.0;0.55;-9.0;CACC
311;16.3;22.3;0.6;8;100;8;Successful;Effective;collision;19.87;vtypeauto.1;vtypeauto.0;647.09;edge_0_0_0;0.0;-8.0;0.25;-9.0;0.39;-9.0;0.47;-9.0;0.51;-9.0;0.54;-9.0;0.55;-9.0;0.55;-9.0;CACC
312;16.3;22.3;0.6;10;100;8;Successful;Effective;collision;20.58;vtypeauto.1;vtypeauto.0;665.22;edge_0_0_0;0.0;-8.0;0.25;-9.0;0.39;-9.0;0.47;-9.0;0.51;-9.0;0.54;-9.0;0.55;-9.0;0.55;-9.0;CACC
313;16.3;22.3;0.7;5;80;5;Successful;Effective;collision;19.62;vtypeauto.1;vtypeauto.0;515.82;edge_0_0_0;0.0;-5.0;0.2;-6.1;0.32;-6.71;0.38;-6.95;0.41;-6.95;0.43;-6.78;0.44;-6.32;0.44;-5.97;CACC
314;16.3;22.3;0.7;8;80;5;Successful;Effective;No;No;No;No;No;No;0.0;-5.0;0.2;-6.1;0.32;-6.71;0.38;-6.95;0.41;-6.95;0.43;-6.78;0.44;-6.32;0.44;-5.97;CACC
315;16.3;22.3;0.7;10;80;5;Successful;Effective;No;No;No;No;No;No;0.0;-5.0;0.2;-6.1;0.32;-6.71;0.38;-6.95;0.41;-6.95;0.43;-6.78;0.44;-6.32;0.44;-5.97;CACC
316;16.3;22.3;0.7;5;100;5;Successful;Effective;collision;19.70;vtypeauto.1;vtypeauto.0;632.29;edge_0_0_0;0.0;-5.0;0.25;-6.11;0.39;-6.72;0.47;-6.96;0.51;-6.96;0.54;-6.82;0.55;-6.48;0.55;-6.1;CACC
317;16.3;22.3;0.7;8;100;5;Successful;Effective;No;No;No;No;No;No;0.0;-5.0;0.25;-6.11;0.39;-6.72;0.47;-6.96;0.51;-6.96;0.54;-6.81;0.55;-6.37;0.55;-5.99;CACC
318;16.3;22.3;0.7;10;100;5;Successful;Effective;No;No;No;No;No;No;0.0;-5.0;0.25;-6.11;0.39;-6.72;0.47;-6.96;0.51;-6.96;0.54;-6.81;0.55;-6.37;0.55;-5.99;CACC
319;16.3;22.3;0.7;5;80;6;Successful;Effective;collision;19.25;vtypeauto.1;vtypeauto.0;509.52;edge_0_0_0;0.0;-6.0;0.2;-7.32;0.32;-8.05;0.38;-8.33;0.41;-8.31;0.43;-7.77;0.44;-7.17;0.44;-7.1;CACC
320;16.3;22.3;0.7;8;80;6;Successful;Effective;collision;20.39;vtypeauto.1;vtypeauto.0;539.84;edge_0_0_0;0.0;-6.0;0.2;-7.32;0.32;-8.05;0.38;-8.33;0.41;-8.31;0.43;-7.77;0.44;-7.17;0.44;-7.1;CACC
321;16.3;22.3;0.7;10;80;6;Successful;Effective;No;No;No;No;No;No;0.0;-6.0;0.2;-7.32;0.32;-8.05;0.38;-8.33;0.41;-8.31;0.43;-7.77;0.44;-7.17;0.44;-7.1;CACC
322;16.3;22.3;0.7;5;100;6;Successful;Effective;collision;19.31;vtypeauto.1;vtypeauto.0;623.59;edge_0_0_0;0.0;-6.0;0.25;-7.33;0.39;-8.06;0.47;-8.34;0.51;-8.34;0.54;-8.15;0.55;-7.59;0.55;-7.17;CACC
323;16.3;22.3;0.7;8;100;6;Successful;Effective;collision;20.48;vtypeauto.1;vtypeauto.0;660.14;edge_0_0_0;0.0;-6.0;0.25;-7.33;0.39;-8.06;0.47;-8.34;0.51;-8.34;0.54;-8.15;0.55;-7.59;0.55;-7.17;CACC
324;16.3;22.3;0.7;10;100;6;Successful;Effective;No;No;No;No;No;No;0.0;-6.0;0.25;-7.33;0.39;-8.06;0.47;-8.34;0.51;-8.34;0.54;-8.15;0.55;-7.59;0.55;-7.17;CACC
325;16.3;22.3;0.7;5;80;7;Successful;Effective;collision;19.02;vtypeauto.1;vtypeauto.0;505.42;edge_0_0_0;0.0;-7.0;0.2;-8.54;0.32;-9.0;0.38;-9.0;0.41;-9.0;0.43;-8.47;0.44;-8.04;0.44;-8.11;CACC
326;16.3;22.3;0.7;8;80;7;Successful;Effective;collision;19.84;vtypeauto.1;vtypeauto.0;533.42;edge_0_0_0;0.0;-7.0;0.2;-8.54;0.32;-9.0;0.38;-9.0;0.41;-9.0;0.43;-8.47;0.44;-8.04;0.44;-8.11;CACC
327;16.3;22.3;0.7;10;80;7;Successful;Effective;collision;20.66;vtypeauto.1;vtypeauto.0;549.72;edge_0_0_0;0.0;-7.0;0.2;-8.54;0.32;-9.0;0.38;-9.0;0.41;-9.0;0.43;-8.47;0.44;-8.04;0.44;-8.11;CACC
328;16.3;22.3;0.7;5;100;7;Successful;Effective;collision;19.07;vtypeauto.1;vtypeauto.0;618.04;edge_0_0_0;0.0;-7.0;0.25;-8.54;0.39;-9.0;0.47;-9.0;0.51;-9.0;0.54;-9.0;0.55;-8.6;0.55;-8.34;CACC
329;16.3;22.3;0.7;8;100;7;Successful;Effective;collision;19.90;vtypeauto.1;vtypeauto.0;650.42;edge_0_0_0;0.0;-7.0;0.25;-8.54;0.39;-9.0;0.47;-9.0;0.51;-9.0;0.54;-9.0;0.55;-8.6;0.55;-8.34;CACC
330;16.3;22.3;0.7;10;100;7;Successful;Effective;collision;20.75;vtypeauto.1;vtypeauto.0;671.07;edge_0_0_0;0.0;-7.0;0.25;-8.54;0.39;-9.0;0.47;-9.0;0.51;-9.0;0.54;-9.0;0.55;-8.6;0.55;-8.34;CACC
331;16.3;22.3;0.7;5;80;8;Successful;Effective;collision;18.85;vtypeauto.1;vtypeauto.0;502.33;edge_0_0_0;0.0;-7.99;0.2;-9.0;0.32;-9.0;0.38;-9.0;0.41;-9.0;0.43;-9.0;0.44;-8.93;0.44;-9.0;CACC
332;16.3;22.3;0.7;8;80;8;Successful;Effective;collision;19.49;vtypeauto.1;vtypeauto.0;528.83;edge_0_0_0;0.0;-7.99;0.2;-9.0;0.32;-9.0;0.38;-9.0;0.41;-9.0;0.43;-9.0;0.44;-8.93;0.44;-9.0;CACC
333;16.3;22.3;0.7;10;80;8;Successful;Effective;collision;19.99;vtypeauto.1;vtypeauto.0;544.91;edge_0_0_0;0.0;-7.99;0.2;-9.0;0.32;-9.0;0.38;-9.0;0.41;-9.0;0.43;-9.0;0.44;-8.93;0.44;-9.0;CACC
334;16.3;22.3;0.7;5;100;8;Successful;Effective;collision;18.89;vtypeauto.1;vtypeauto.0;613.82;edge_0_0_0;0.0;-8.0;0.25;-9.0;0.39;-9.0;0.47;-9.0;0.51;-9.0;0.54;-9.0;0.55;-9.0;0.55;-9.0;CACC
335;16.3;22.3;0.7;8;100;8;Successful;Effective;collision;19.54;vtypeauto.1;vtypeauto.0;643.82;edge_0_0_0;0.0;-8.0;0.25;-9.0;0.39;-9.0;0.47;-9.0;0.51;-9.0;0.54;-9.0;0.55;-9.0;0.55;-9.0;CACC
336;16.3;22.3;0.7;10;100;8;Successful;Effective;collision;20.04;vtypeauto.1;vtypeauto.0;662.46;edge_0_0_0;0.0;-8.0;0.25;-9.0;0.39;-9.0;0.47;-9.0;0.51;-9.0;0.54;-9.0;0.55;-9.0;0.55;-9.0;CACC
337;16.3;22.3;0.8;5;80;5;Successful;Effective;collision;19.26;vtypeauto.1;vtypeauto.0;511.36;edge_0_0_0;0.0;-5.0;0.2;-6.4;0.32;-7.12;0.38;-7.39;0.41;-7.41;0.43;-6.91;0.44;-6.12;0.44;-6.06;CACC
338;16.3;22.3;0.8;8;80;5;Successful;Effective;collision;20.25;vtypeauto.1;vtypeauto.0;543.08;edge_0_0_0;0.0;-5.0;0.2;-6.4;0.32;-7.12;0.38;-7.39;0.41;-7.41;0.43;-6.91;0.44;-5.98;0.44;-6.06;CACC
339;16.3;22.3;0.8;10;80;5;Successful;Effective;collision;21.56;vtypeauto.1;vtypeauto.0;563.75;edge_0_0_0;0.0;-5.0;0.2;-6.4;0.32;-7.12;0.38;-7.39;0.41;-7.41;0.43;-6.91;0.44;-5.98;0.44;-6.06;CACC
340;16.3;22.3;0.8;5;100;5;Successful;Effective;collision;19.31;vtypeauto.1;vtypeauto.0;625.39;edge_0_0_0;0.0;-5.0;0.25;-6.4;0.39;-7.12;0.47;-7.41;0.51;-7.41;0.54;-7.13;0.55;-6.49;0.55;-6.12;CACC
341;16.3;22.3;0.8;8;100;5;Successful;Effective;collision;20.32;vtypeauto.1;vtypeauto.0;662.64;edge_0_0_0;0.0;-5.0;0.25;-6.4;0.39;-7.12;0.47;-7.41;0.51;-7.41;0.54;-7.13;0.55;-6.47;0.55;-6.11;CACC
342;16.3;22.3;0.8;10;100;5;Successful;Effective;collision;21.75;vtypeauto.1;vtypeauto.0;690.95;edge_0_0_0;0.0;-5.0;0.25;-6.4;0.39;-7.12;0.47;-7.41;0.51;-7.4;0.54;-7.05;0.55;-6.39;0.55;-6.1;CACC
343;16.3;22.3;0.8;5;80;6;Successful;Effective;collision;19.00;vtypeauto.1;vtypeauto.0;506.44;edge_0_0_0;0.0;-6.0;0.2;-7.67;0.32;-8.53;0.38;-8.86;0.41;-8.65;0.43;-7.56;0.44;-7.11;0.44;-7.17;CACC
344;16.3;22.3;0.8;8;80;6;Successful;Effective;collision;19.71;vtypeauto.1;vtypeauto.0;535.21;edge_0_0_0;0.0;-6.0;0.2;-7.67;0.32;-8.53;0.38;-8.86;0.41;-8.65;0.43;-7.56;0.44;-7.11;0.44;-7.17;CACC
345;16.3;22.3;0.8;10;80;6;Successful;Effective;collision;20.35;vtypeauto.1;vtypeauto.0;553.65;edge_0_0_0;0.0;-6.0;0.2;-7.67;0.32;-8.53;0.38;-8.86;0.41;-8.65;0.43;-7.56;0.44;-7.11;0.44;-7.17;CACC
346;16.3;22.3;0.8;5;100;6;Successful;Effective;collision;19.05;vtypeauto.1;vtypeauto.0;619.06;edge_0_0_0;0.0;-6.0;0.25;-7.68;0.39;-8.54;0.47;-8.88;0.51;-8.88;0.54;-8.48;0.55;-7.6;0.55;-7.33;CACC
347;16.3;22.3;0.8;8;100;6;Successful;Effective;collision;19.76;vtypeauto.1;vtypeauto.0;651.53;edge_0_0_0;0.0;-6.0;0.25;-7.68;0.39;-8.54;0.47;-8.88;0.51;-8.9;0.54;-8.3;0.55;-7.42;0.55;-7.3;CACC
348;16.3;22.3;0.8;10;100;6;Successful;Effective;collision;20.41;vtypeauto.1;vtypeauto.0;673.43;edge_0_0_0;0.0;-6.0;0.25;-7.68;0.39;-8.54;0.47;-8.88;0.51;-8.9;0.54;-8.3;0.55;-7.23;0.55;-7.28;CACC
349;16.3;22.3;0.8;5;80;7;Successful;Effective;collision;18.83;vtypeauto.1;vtypeauto.0;503.14;edge_0_0_0;0.0;-7.0;0.2;-8.95;0.32;-9.0;0.38;-9.0;0.41;-9.0;0.43;-8.03;0.44;-8.02;0.44;-8.11;CACC
350;16.3;22.3;0.8;8;80;7;Successful;Effective;collision;19.40;vtypeauto.1;vtypeauto.0;530.26;edge_0_0_0;0.0;-7.0;0.2;-8.95;0.32;-9.0;0.38;-9.0;0.41;-9.0;0.43;-8.03;0.44;-8.02;0.44;-8.11;CACC
351;16.3;22.3;0.8;10;80;7;Successful;Effective;collision;19.84;vtypeauto.1;vtypeauto.0;547.40;edge_0_0_0;0.0;-7.0;0.2;-8.95;0.32;-9.0;0.38;-9.0;0.41;-9.0;0.43;-8.03;0.44;-8.02;0.44;-8.11;CACC
352;16.3;22.3;0.8;5;100;7;Successful;Effective;collision;18.87;vtypeauto.1;vtypeauto.0;614.60;edge_0_0_0;0.0;-7.0;0.25;-8.95;0.39;-9.0;0.47;-9.0;0.51;-9.0;0.54;-9.0;0.55;-8.36;0.55;-8.47;CACC
353;16.3;22.3;0.8;8;100;7;Successful;Effective;collision;19.44;vtypeauto.1;vtypeauto.0;644.72;edge_0_0_0;0.0;-7.0;0.25;-8.95;0.39;-9.0;0.47;-9.0;0.51;-9.0;0.54;-9.0;0.55;-8.36;0.55;-8.47;CACC
354;16.3;22.3;0.8;10;100;7;Successful;Effective;collision;19.89;vtypeauto.1;vtypeauto.0;664.30;edge_0_0_0;0.0;-7.0;0.25;-8.95;0.39;-9.0;0.47;-9.0;0.51;-9.0;0.54;-9.0;0.55;-8.36;0.55;-8.47;CACC
355;16.3;22.3;0.8;5;80;8;Successful;Effective;collision;18.70;vtypeauto.1;vtypeauto.0;500.58;edge_0_0_0;0.0;-7.99;0.2;-9.0;0.32;-9.0;0.38;-9.0;0.41;-9.0;0.43;-8.82;0.44;-8.88;0.44;-8.96;CACC
356;16.3;22.3;0.8;8;80;8;Successful;Effective;collision;19.18;vtypeauto.1;vtypeauto.0;526.60;edge_0_0_0;0.0;-7.99;0.2;-9.0;0.32;-9.0;0.38;-9.0;0.41;-9.0;0.43;-8.82;0.44;-8.88;0.44;-8.96;CACC
357;16.3;22.3;0.8;10;80;8;Successful;Effective;collision;19.52;vtypeauto.1;vtypeauto.0;543.04;edge_0_0_0;0.0;-7.99;0.2;-9.0;0.32;-9.0;0.38;-9.0;0.41;-9.0;0.43;-8.82;0.44;-8.88;0.44;-8.96;CACC
358;16.3;22.3;0.8;5;100;8;Successful;Effective;collision;18.73;vtypeauto.1;vtypeauto.0;611.09;edge_0_0_0;0.0;-8.0;0.25;-9.0;0.39;-9.0;0.47;-9.0;0.51;-9.0;0.54;-9.0;0.55;-9.0;0.55;-9.0;CACC
359;16.3;22.3;0.8;8;100;8;Successful;Effective;collision;19.21;vtypeauto.1;vtypeauto.0;639.67;edge_0_0_0;0.0;-8.0;0.25;-9.0;0.39;-9.0;0.47;-9.0;0.51;-9.0;0.54;-9.0;0.55;-9.0;0.55;-9.0;CACC
360;16.3;22.3;0.8;10;100;8;Successful;Effective;collision;19.55;vtypeauto.1;vtypeauto.0;657.91;edge_0_0_0;0.0;-8.0;0.25;-9.0;0.39;-9.0;0.47;-9.0;0.51;-9.0;0.54;-9.0;0.55;-9.0;0.55;-9.0;CACC
361;16.3;22.3;0.9;5;80;5;Successful;Effective;collision;19.08;vtypeauto.1;vtypeauto.0;508.88;edge_0_0_0;0.0;-5.0;0.2;-6.7;0.32;-7.54;0.38;-7.87;0.41;-7.85;0.43;-7.01;0.44;-6.2;0.44;-6.14;CACC
362;16.3;22.3;0.9;8;80;5;Successful;Effective;collision;19.77;vtypeauto.1;vtypeauto.0;538.48;edge_0_0_0;0.0;-5.0;0.2;-6.7;0.32;-7.54;0.38;-7.87;0.41;-7.77;0.43;-6.67;0.44;-6.16;0.44;-6.12;CACC
363;16.3;22.3;0.9;10;80;5;Successful;Effective;collision;20.38;vtypeauto.1;vtypeauto.0;558.14;edge_0_0_0;0.0;-5.0;0.2;-6.7;0.32;-7.54;0.38;-7.87;0.41;-7.77;0.43;-6.52;0.44;-6.06;0.44;-6.12;CACC
364;16.3;22.3;0.9;5;100;5;Successful;Effective;collision;19.13;vtypeauto.1;vtypeauto.0;622.00;edge_0_0_0;0.0;-5.0;0.25;-6.7;0.39;-7.54;0.47;-7.88;0.51;-7.87;0.54;-7.19;0.55;-6.31;0.55;-6.21;CACC
365;16.3;22.3;0.9;8;100;5;Successful;Effective;collision;19.82;vtypeauto.1;vtypeauto.0;655.24;edge_0_0_0;0.0;-5.0;0.25;-6.7;0.39;-7.54;0.47;-7.88;0.51;-7.88;0.54;-7.2;0.55;-6.34;0.55;-6.22;CACC
366;16.3;22.3;0.9;10;100;5;Successful;Effective;collision;20.44;vtypeauto.1;vtypeauto.0;678.26;edge_0_0_0;0.0;-5.0;0.25;-6.7;0.39;-7.54;0.47;-7.88;0.51;-7.88;0.54;-7.18;0.55;-6.31;0.55;-6.21;CACC
367;16.3;22.3;0.9;5;80;6;Successful;Effective;collision;18.88;vtypeauto.1;vtypeauto.0;504.85;edge_0_0_0;0.0;-6.0;0.2;-8.03;0.32;-9.0;0.38;-9.0;0.41;-8.69;0.43;-7.12;0.44;-7.09;0.44;-7.17;CACC
368;16.3;22.3;0.9;8;80;6;Successful;Effective;collision;19.42;vtypeauto.1;vtypeauto.0;532.43;edge_0_0_0;0.0;-6.0;0.2;-8.03;0.32;-9.0;0.38;-9.0;0.41;-8.69;0.43;-7.12;0.44;-7.09;0.44;-7.17;CACC
369;16.3;22.3;0.9;10;80;6;Successful;Effective;collision;19.83;vtypeauto.1;vtypeauto.0;550.25;edge_0_0_0;0.0;-6.0;0.2;-8.03;0.32;-9.0;0.38;-9.0;0.41;-8.69;0.43;-7.12;0.44;-7.09;0.44;-7.17;CACC
370;16.3;22.3;0.9;5;100;6;Successful;Effective;collision;18.92;vtypeauto.1;vtypeauto.0;616.64;edge_0_0_0;0.0;-6.0;0.25;-8.04;0.39;-9.0;0.47;-9.0;0.51;-9.0;0.54;-8.53;0.55;-7.47;0.55;-7.41;CACC
371;16.3;22.3;0.9;8;100;6;Successful;Effective;collision;19.45;vtypeauto.1;vtypeauto.0;646.88;edge_0_0_0;0.0;-6.0;0.25;-8.04;0.39;-9.0;0.47;-9.0;0.51;-9.0;0.54;-8.31;0.55;-7.39;0.55;-7.4;CACC
372;16.3;22.3;0.9;10;100;6;Successful;Effective;collision;19.87;vtypeauto.1;vtypeauto.0;667.06;edge_0_0_0;0.0;-6.0;0.25;-8.04;0.39;-9.0;0.47;-9.0;0.51;-9.0;0.54;-8.3;0.55;-7.36;0.55;-7.4;CACC
373;16.3;22.3;0.9;5;80;7;Successful;Effective;collision;18.74;vtypeauto.1;vtypeauto.0;501.97;edge_0_0_0;0.0;-7.0;0.2;-9.0;0.32;-9.0;0.38;-9.0;0.41;-8.94;0.43;-7.96;0.44;-8.02;0.44;-8.1;CACC
374;16.3;22.3;0.9;8;80;7;Successful;Effective;collision;19.19;vtypeauto.1;vtypeauto.0;528.28;edge_0_0_0;0.0;-7.0;0.2;-9.0;0.32;-9.0;0.38;-9.0;0.41;-8.94;0.43;-7.96;0.44;-8.02;0.44;-8.1;CACC
375;16.3;22.3;0.9;10;80;7;Successful;Effective;collision;19.51;vtypeauto.1;vtypeauto.0;545.18;edge_0_0_0;0.0;-7.0;0.2;-9.0;0.32;-9.0;0.38;-9.0;0.41;-8.94;0.43;-7.96;0.44;-8.02;0.44;-8.1;CACC
376;16.3;22.3;0.9;5;100;7;Successful;Effective;collision;18.77;vtypeauto.1;vtypeauto.0;612.75;edge_0_0_0;0.0;-7.0;0.25;-9.0;0.39;-9.0;0.47;-9.0;0.51;-9.0;0.54;-9.0;0.55;-8.55;0.55;-8.62;CACC
377;16.3;22.3;0.9;8;100;7;Successful;Effective;collision;19.22;vtypeauto.1;vtypeauto.0;641.47;edge_0_0_0;0.0;-7.0;0.25;-9.0;0.39;-9.0;0.47;-9.0;0.51;-9.0;0.54;-9.0;0.55;-8.49;0.55;-8.56;CACC
378;16.3;22.3;0.9;10;100;7;Successful;Effective;collision;19.54;vtypeauto.1;vtypeauto.0;660.07;edge_0_0_0;0.0;-7.0;0.25;-9.0;0.39;-9.0;0.47;-9.0;0.51;-9.0;0.54;-9.0;0.55;-8.49;0.55;-8.56;CACC
379;16.3;22.3;0.9;5;80;8;Successful;Effective;collision;18.63;vtypeauto.1;vtypeauto.0;499.69;edge_0_0_0;0.0;-7.99;0.2;-9.0;0.32;-9.0;0.38;-9.0;0.41;-8.87;0.43;-8.62;0.44;-8.73;0.44;-8.81;CACC
380;16.3;22.3;0.9;8;80;8;Successful;Effective;collision;19.02;vtypeauto.1;vtypeauto.0;525.13;edge_0_0_0;0.0;-7.99;0.2;-9.0;0.32;-9.0;0.38;-9.0;0.41;-8.87;0.43;-8.62;0.44;-8.73;0.44;-8.81;CACC
381;16.3;22.3;0.9;10;80;8;Successful;Effective;collision;19.29;vtypeauto.1;vtypeauto.0;541.52;edge_0_0_0;0.0;-7.99;0.2;-9.0;0.32;-9.0;0.38;-9.0;0.41;-8.87;0.43;-8.62;0.44;-8.73;0.44;-8.81;CACC
382;16.3;22.3;0.9;5;100;8;Successful;Effective;collision;18.66;vtypeauto.1;vtypeauto.0;609.86;edge_0_0_0;0.0;-8.0;0.25;-9.0;0.39;-9.0;0.47;-9.0;0.51;-9.0;0.54;-9.0;0.55;-9.0;0.55;-9.0;CACC
383;16.3;22.3;0.9;8;100;8;Successful;Effective;collision;19.05;vtypeauto.1;vtypeauto.0;637.39;edge_0_0_0;0.0;-8.0;0.25;-9.0;0.39;-9.0;0.47;-9.0;0.51;-9.0;0.54;-9.0;0.55;-9.0;0.55;-9.0;CACC
384;16.3;22.3;0.9;10;100;8;Successful;Effective;collision;19.31;vtypeauto.1;vtypeauto.0;655.01;edge_0_0_0;0.0;-8.0;0.25;-9.0;0.39;-9.0;0.47;-9.0;0.51;-9.0;0.54;-9.0;0.55;-9.0;0.55;-9.0;CACC
385;16.4;22.4;0.6;5;80;5;Successful;Effective;collision;20.00;vtypeauto.1;vtypeauto.0;519.82;edge_0_0_0;0.0;-5.0;0.2;-5.95;0.32;-6.46;0.38;-6.65;0.41;-6.65;0.43;-6.52;0.44;-6.33;0.44;-6.1;CACC
386;16.4;22.4;0.6;8;80;5;Successful;Effective;No;No;No;No;No;No;0.0;-5.0;0.2;-5.95;0.32;-6.46;0.38;-6.65;0.41;-6.65;0.43;-6.52;0.44;-6.33;0.44;-6.1;CACC
387;16.4;22.4;0.6;10;80;5;Successful;Effective;No;No;No;No;No;No;0.0;-5.0;0.2;-5.95;0.32;-6.46;0.38;-6.65;0.41;-6.65;0.43;-6.52;0.44;-6.33;0.44;-6.1;CACC
388;16.4;22.4;0.6;5;100;5;Successful;Effective;collision;20.11;vtypeauto.1;vtypeauto.0;638.69;edge_0_0_0;0.0;-5.0;0.25;-5.95;0.39;-6.47;0.47;-6.67;0.51;-6.67;0.54;-6.53;0.55;-6.35;0.55;-6.12;CACC
389;16.4;22.4;0.6;8;100;5;Successful;Effective;No;No;No;No;No;No;0.0;-5.0;0.25;-5.95;0.39;-6.47;0.47;-6.67;0.51;-6.67;0.54;-6.53;0.55;-6.35;0.55;-6.12;CACC
390;16.4;22.4;0.6;10;100;5;Successful;Effective;No;No;No;No;No;No;0.0;-5.0;0.25;-5.95;0.39;-6.47;0.47;-6.67;0.51;-6.67;0.54;-6.53;0.55;-6.35;0.55;-6.12;CACC
391;16.4;22.4;0.6;5;80;6;Successful;Effective;collision;19.50;vtypeauto.1;vtypeauto.0;512.23;edge_0_0_0;0.0;-6.0;0.2;-7.14;0.32;-7.75;0.38;-7.98;0.41;-7.97;0.43;-7.71;0.44;-7.31;0.44;-7.08;CACC
392;16.4;22.4;0.6;8;80;6;Successful;Effective;No;No;No;No;No;No;0.0;-6.0;0.2;-7.14;0.32;-7.75;0.38;-7.98;0.41;-7.97;0.43;-7.71;0.44;-7.31;0.44;-7.08;CACC
393;16.4;22.4;0.6;10;80;6;Successful;Effective;No;No;No;No;No;No;0.0;-6.0;0.2;-7.14;0.32;-7.75;0.38;-7.98;0.41;-7.97;0.43;-7.71;0.44;-7.31;0.44;-7.08;CACC
394;16.4;22.4;0.6;5;100;6;Successful;Effective;collision;19.58;vtypeauto.1;vtypeauto.0;627.92;edge_0_0_0;0.0;-6.0;0.25;-7.14;0.39;-7.76;0.47;-7.99;0.51;-7.98;0.54;-7.82;0.55;-7.6;0.55;-7.33;CACC
395;16.4;22.4;0.6;8;100;6;Successful;Effective;collision;21.80;vtypeauto.1;vtypeauto.0;667.80;edge_0_0_0;0.0;-6.0;0.25;-7.14;0.39;-7.76;0.47;-7.99;0.51;-7.98;0.54;-7.82;0.55;-7.6;0.55;-7.33;CACC
396;16.4;22.4;0.6;10;100;6;Successful;Effective;No;No;No;No;No;No;0.0;-6.0;0.25;-7.14;0.39;-7.76;0.47;-7.99;0.51;-7.98;0.54;-7.82;0.55;-7.6;0.55;-7.33;CACC
397;16.4;22.4;0.6;5;80;7;Successful;Effective;collision;19.20;vtypeauto.1;vtypeauto.0;507.34;edge_0_0_0;0.0;-7.0;0.2;-8.32;0.32;-9.0;0.38;-9.0;0.41;-9.0;0.43;-8.67;0.44;-8.17;0.44;-8.11;CACC
398;16.4;22.4;0.6;8;80;7;Successful;Effective;collision;20.35;vtypeauto.1;vtypeauto.0;535.41;edge_0_0_0;0.0;-7.0;0.2;-8.32;0.32;-9.0;0.38;-9.0;0.41;-9.0;0.43;-8.67;0.44;-8.17;0.44;-8.11;CACC
399;16.4;22.4;0.6;10;80;7;Successful;Effective;No;No;No;No;No;No;0.0;-7.0;0.2;-8.32;0.32;-9.0;0.38;-9.0;0.41;-9.0;0.43;-8.67;0.44;-8.17;0.44;-8.11;CACC
400;16.4;22.4;0.6;5;100;7;Successful;Effective;collision;19.26;vtypeauto.1;vtypeauto.0;621.05;edge_0_0_0;0.0;-7.0;0.25;-8.33;0.39;-9.0;0.47;-9.0;0.51;-9.0;0.54;-9.0;0.55;-8.69;0.55;-8.37;CACC
401;16.4;22.4;0.6;8;100;7;Successful;Effective;collision;20.44;vtypeauto.1;vtypeauto.0;655.23;edge_0_0_0;0.0;-7.0;0.25;-8.33;0.39;-9.0;0.47;-9.0;0.51;-9.0;0.54;-9.0;0.55;-8.69;0.55;-8.37;CACC
402;16.4;22.4;0.6;10;100;7;Successful;Effective;No;No;No;No;No;No;0.0;-7.0;0.25;-8.33;0.39;-9.0;0.47;-9.0;0.51;-9.0;0.54;-9.0;0.55;-8.69;0.55;-8.37;CACC
403;16.4;22.4;0.6;5;80;8;Successful;Effective;collision;18.99;vtypeauto.1;vtypeauto.0;503.80;edge_0_0_0;0.0;-7.99;0.2;-9.0;0.32;-9.0;0.38;-9.0;0.41;-9.0;0.43;-9.0;0.44;-8.98;0.44;-9.0;CACC
404;16.4;22.4;0.6;8;80;8;Successful;Effective;collision;19.81;vtypeauto.1;vtypeauto.0;530.38;edge_0_0_0;0.0;-7.99;0.2;-9.0;0.32;-9.0;0.38;-9.0;0.41;-9.0;0.43;-9.0;0.44;-8.98;0.44;-9.0;CACC
405;16.4;22.4;0.6;10;80;8;Successful;Effective;No;No;No;No;No;No;0.0;-7.99;0.2;-9.0;0.32;-9.0;0.38;-9.0;0.41;-9.0;0.43;-9.0;0.44;-8.98;0.44;-9.0;CACC
406;16.4;22.4;0.6;5;100;8;Successful;Effective;collision;19.04;vtypeauto.1;vtypeauto.0;616.18;edge_0_0_0;0.0;-8.0;0.25;-9.0;0.39;-9.0;0.47;-9.0;0.51;-9.0;0.54;-9.0;0.55;-9.0;0.55;-9.0;CACC
407;16.4;22.4;0.6;8;100;8;Successful;Effective;collision;19.87;vtypeauto.1;vtypeauto.0;647.09;edge_0_0_0;0.0;-8.0;0.25;-9.0;0.39;-9.0;0.47;-9.0;0.51;-9.0;0.54;-9.0;0.55;-9.0;0.55;-9.0;CACC
408;16.4;22.4;0.6;10;100;8;Successful;Effective;collision;20.58;vtypeauto.1;vtypeauto.0;665.22;edge_0_0_0;0.0;-8.0;0.25;-9.0;0.39;-9.0;0.47;-9.0;0.51;-9.0;0.54;-9.0;0.55;-9.0;0.55;-9.0;CACC
409;16.4;22.4;0.7;5;80;5;Successful;Effective;collision;19.42;vtypeauto.1;vtypeauto.0;513.43;edge_0_0_0;0.0;-5.0;0.2;-6.24;0.32;-6.85;0.38;-7.08;0.41;-7.06;0.43;-6.87;0.44;-6.39;0.44;-6.03;CACC
410;16.4;22.4;0.7;8;80;5;Successful;Effective;collision;20.79;vtypeauto.1;vtypeauto.0;546.86;edge_0_0_0;0.0;-5.0;0.2;-6.24;0.32;-6.85;0.38;-7.08;0.41;-7.06;0.43;-6.87;0.44;-6.39;0.44;-6.03;CACC
411;16.4;22.4;0.7;10;80;5;Successful;Effective;No;No;No;No;No;No;0.0;-5.0;0.2;-6.24;0.32;-6.85;0.38;-7.08;0.41;-7.06;0.43;-6.87;0.44;-6.39;0.44;-6.03;CACC
412;16.4;22.4;0.7;5;100;5;Successful;Effective;collision;19.48;vtypeauto.1;vtypeauto.0;628.49;edge_0_0_0;0.0;-5.0;0.25;-6.24;0.39;-6.86;0.47;-7.09;0.51;-7.08;0.54;-6.92;0.55;-6.56;0.55;-6.05;CACC
413;16.4;22.4;0.7;8;100;5;Successful;Effective;collision;20.91;vtypeauto.1;vtypeauto.0;669.79;edge_0_0_0;0.0;-5.0;0.25;-6.24;0.39;-6.86;0.47;-7.09;0.51;-7.08;0.54;-6.91;0.55;-6.52;0.55;-6.05;CACC
414;16.4;22.4;0.7;10;100;5;Successful;Effective;No;No;No;No;No;No;0.0;-5.0;0.25;-6.24;0.39;-6.86;0.47;-7.09;0.51;-7.08;0.54;-6.91;0.55;-6.45;0.55;-6.05;CACC
415;16.4;22.4;0.7;5;80;6;Successful;Effective;collision;19.11;vtypeauto.1;vtypeauto.0;507.84;edge_0_0_0;0.0;-6.0;0.2;-7.49;0.32;-8.22;0.38;-8.48;0.41;-8.43;0.43;-7.8;0.44;-7.18;0.44;-7.16;CACC
416;16.4;22.4;0.7;8;80;6;Successful;Effective;collision;20.00;vtypeauto.1;vtypeauto.0;537.54;edge_0_0_0;0.0;-6.0;0.2;-7.49;0.32;-8.22;0.38;-8.48;0.41;-8.43;0.43;-7.8;0.44;-7.18;0.44;-7.16;CACC
417;16.4;22.4;0.7;10;80;6;Successful;Effective;collision;20.97;vtypeauto.1;vtypeauto.0;555.59;edge_0_0_0;0.0;-6.0;0.2;-7.49;0.32;-8.22;0.38;-8.48;0.41;-8.43;0.43;-7.8;0.44;-7.18;0.44;-7.16;CACC
418;16.4;22.4;0.7;5;100;6;Successful;Effective;collision;19.17;vtypeauto.1;vtypeauto.0;621.22;edge_0_0_0;0.0;-6.0;0.25;-7.49;0.39;-8.22;0.47;-8.5;0.51;-8.48;0.54;-8.26;0.55;-7.68;0.55;-7.24;CACC
419;16.4;22.4;0.7;8;100;6;Successful;Effective;collision;20.06;vtypeauto.1;vtypeauto.0;655.49;edge_0_0_0;0.0;-6.0;0.25;-7.49;0.39;-8.22;0.47;-8.5;0.51;-8.48;0.54;-8.26;0.55;-7.68;0.55;-7.24;CACC
420;16.4;22.4;0.7;10;100;6;Successful;Effective;collision;21.08;vtypeauto.1;vtypeauto.0;678.91;edge_0_0_0;0.0;-6.0;0.25;-7.49;0.39;-8.22;0.47;-8.5;0.51;-8.48;0.54;-8.26;0.55;-7.68;0.55;-7.24;CACC
421;16.4;22.4;0.7;5;80;7;Successful;Effective;collision;18.91;vtypeauto.1;vtypeauto.0;504.11;edge_0_0_0;0.0;-7.0;0.2;-8.73;0.32;-9.0;0.38;-9.0;0.41;-9.0;0.43;-8.45;0.44;-8.09;0.44;-8.17;CACC
422;16.4;22.4;0.7;8;80;7;Successful;Effective;collision;19.59;vtypeauto.1;vtypeauto.0;531.78;edge_0_0_0;0.0;-7.0;0.2;-8.73;0.32;-9.0;0.38;-9.0;0.41;-9.0;0.43;-8.45;0.44;-8.09;0.44;-8.17;CACC
423;16.4;22.4;0.7;10;80;7;Successful;Effective;collision;20.18;vtypeauto.1;vtypeauto.0;548.94;edge_0_0_0;0.0;-7.0;0.2;-8.73;0.32;-9.0;0.38;-9.0;0.41;-9.0;0.43;-8.45;0.44;-8.09;0.44;-8.17;CACC
424;16.4;22.4;0.7;5;100;7;Successful;Effective;collision;18.95;vtypeauto.1;vtypeauto.0;615.97;edge_0_0_0;0.0;-7.0;0.25;-8.73;0.39;-9.0;0.47;-9.0;0.51;-9.0;0.54;-9.0;0.55;-8.63;0.55;-8.42;CACC
425;16.4;22.4;0.7;8;100;7;Successful;Effective;collision;19.64;vtypeauto.1;vtypeauto.0;647.37;edge_0_0_0;0.0;-7.0;0.25;-8.73;0.39;-9.0;0.47;-9.0;0.51;-9.0;0.54;-9.0;0.55;-8.63;0.55;-8.42;CACC
426;16.4;22.4;0.7;10;100;7;Successful;Effective;collision;20.24;vtypeauto.1;vtypeauto.0;667.68;edge_0_0_0;0.0;-7.0;0.25;-8.73;0.39;-9.0;0.47;-9.0;0.51;-9.0;0.54;-9.0;0.55;-8.63;0.55;-8.42;CACC
427;16.4;22.4;0.7;5;80;8;Successful;Effective;collision;18.76;vtypeauto.1;vtypeauto.0;501.27;edge_0_0_0;0.0;-7.99;0.2;-9.0;0.32;-9.0;0.38;-9.0;0.41;-9.0;0.43;-8.95;0.44;-8.95;0.44;-9.0;CACC
428;16.4;22.4;0.7;8;80;8;Successful;Effective;collision;19.32;vtypeauto.1;vtypeauto.0;527.71;edge_0_0_0;0.0;-7.99;0.2;-9.0;0.32;-9.0;0.38;-9.0;0.41;-9.0;0.43;-8.95;0.44;-8.95;0.44;-9.0;CACC
429;16.4;22.4;0.7;10;80;8;Successful;Effective;collision;19.73;vtypeauto.1;vtypeauto.0;544.10;edge_0_0_0;0.0;-7.99;0.2;-9.0;0.32;-9.0;0.38;-9.0;0.41;-9.0;0.43;-8.95;0.44;-8.95;0.44;-9.0;CACC
430;16.4;22.4;0.7;5;100;8;Successful;Effective;collision;18.80;vtypeauto.1;vtypeauto.0;612.31;edge_0_0_0;0.0;-8.0;0.25;-9.0;0.39;-9.0;0.47;-9.0;0.51;-9.0;0.54;-9.0;0.55;-9.0;0.55;-9.0;CACC
431;16.4;22.4;0.7;8;100;8;Successful;Effective;collision;19.36;vtypeauto.1;vtypeauto.0;641.68;edge_0_0_0;0.0;-8.0;0.25;-9.0;0.39;-9.0;0.47;-9.0;0.51;-9.0;0.54;-9.0;0.55;-9.0;0.55;-9.0;CACC
432;16.4;22.4;0.7;10;100;8;Successful;Effective;collision;19.77;vtypeauto.1;vtypeauto.0;660.21;edge_0_0_0;0.0;-8.0;0.25;-9.0;0.39;-9.0;0.47;-9.0;0.51;-9.0;0.54;-9.0;0.55;-9.0;0.55;-9.0;CACC
433;16.4;22.4;0.8;5;80;5;Successful;Effective;collision;19.16;vtypeauto.1;vtypeauto.0;510.00;edge_0_0_0;0.0;-5.0;0.2;-6.54;0.32;-7.26;0.38;-7.53;0.41;-7.53;0.43;-7.01;0.44;-6.04;0.44;-6.12;CACC
434;16.4;22.4;0.8;8;80;5;Successful;Effective;collision;19.98;vtypeauto.1;vtypeauto.0;540.63;edge_0_0_0;0.0;-5.0;0.2;-6.54;0.32;-7.26;0.38;-7.53;0.41;-7.53;0.43;-7.01;0.44;-6.04;0.44;-6.12;CACC
435;16.4;22.4;0.8;10;80;5;Successful;Effective;collision;20.81;vtypeauto.1;vtypeauto.0;560.98;edge_0_0_0;0.0;-5.0;0.2;-6.54;0.32;-7.26;0.38;-7.53;0.41;-7.53;0.43;-7.01;0.44;-6.04;0.44;-6.12;CACC
436;16.4;22.4;0.8;5;100;5;Successful;Effective;collision;19.21;vtypeauto.1;vtypeauto.0;623.53;edge_0_0_0;0.0;-5.0;0.25;-6.54;0.39;-7.27;0.47;-7.54;0.51;-7.54;0.54;-7.24;0.55;-6.57;0.55;-6.19;CACC
437;16.4;22.4;0.8;8;100;5;Successful;Effective;collision;20.04;vtypeauto.1;vtypeauto.0;658.66;edge_0_0_0;0.0;-5.0;0.25;-6.54;0.39;-7.27;0.47;-7.54;0.51;-7.52;0.54;-7.2;0.55;-6.49;0.55;-6.18;CACC
438;16.4;22.4;0.8;10;100;5;Successful;Effective;collision;20.90;vtypeauto.1;vtypeauto.0;683.69;edge_0_0_0;0.0;-5.0;0.25;-6.54;0.39;-7.27;0.47;-7.54;0.51;-7.52;0.54;-7.16;0.55;-6.48;0.55;-6.16;CACC
439;16.4;22.4;0.8;5;80;6;Successful;Effective;collision;18.94;vtypeauto.1;vtypeauto.0;505.70;edge_0_0_0;0.0;-6.0;0.2;-7.84;0.32;-8.71;0.38;-9.0;0.41;-8.72;0.43;-7.53;0.44;-7.16;0.44;-7.22;CACC
440;16.4;22.4;0.8;8;80;6;Successful;Effective;collision;19.55;vtypeauto.1;vtypeauto.0;533.74;edge_0_0_0;0.0;-6.0;0.2;-7.84;0.32;-8.71;0.38;-9.0;0.41;-8.72;0.43;-7.53;0.44;-7.16;0.44;-7.22;CACC
441;16.4;22.4;0.8;10;80;6;Successful;Effective;collision;20.05;vtypeauto.1;vtypeauto.0;551.87;edge_0_0_0;0.0;-6.0;0.2;-7.84;0.32;-8.71;0.38;-9.0;0.41;-8.72;0.43;-7.53;0.44;-7.16;0.44;-7.22;CACC
442;16.4;22.4;0.8;5;100;6;Successful;Effective;collision;18.98;vtypeauto.1;vtypeauto.0;617.78;edge_0_0_0;0.0;-6.0;0.25;-7.85;0.39;-8.71;0.47;-9.0;0.51;-9.0;0.54;-8.43;0.55;-7.66;0.55;-7.38;CACC
443;16.4;22.4;0.8;8;100;6;Successful;Effective;collision;19.59;vtypeauto.1;vtypeauto.0;649.06;edge_0_0_0;0.0;-6.0;0.25;-7.85;0.39;-8.71;0.47;-9.0;0.51;-9.0;0.54;-8.43;0.55;-7.5;0.55;-7.35;CACC
444;16.4;22.4;0.8;10;100;6;Successful;Effective;collision;20.11;vtypeauto.1;vtypeauto.0;670.13;edge_0_0_0;0.0;-6.0;0.25;-7.85;0.39;-8.71;0.47;-9.0;0.51;-9.0;0.54;-8.43;0.55;-7.31;0.55;-7.35;CACC
445;16.4;22.4;0.8;5;80;7;Successful;Effective;collision;18.78;vtypeauto.1;vtypeauto.0;502.51;edge_0_0_0;0.0;-7.0;0.2;-9.0;0.32;-9.0;0.38;-9.0;0.41;-9.0;0.43;-7.99;0.44;-8.04;0.44;-8.13;CACC
446;16.4;22.4;0.8;8;80;7;Successful;Effective;collision;19.28;vtypeauto.1;vtypeauto.0;529.15;edge_0_0_0;0.0;-7.0;0.2;-9.0;0.32;-9.0;0.38;-9.0;0.41;-9.0;0.43;-7.99;0.44;-8.04;0.44;-8.13;CACC
447;16.4;22.4;0.8;10;80;7;Successful;Effective;collision;19.66;vtypeauto.1;vtypeauto.0;546.29;edge_0_0_0;0.0;-7.0;0.2;-9.0;0.32;-9.0;0.38;-9.0;0.41;-9.0;0.43;-7.99;0.44;-8.04;0.44;-8.13;CACC
448;16.4;22.4;0.8;5;100;7;Successful;Effective;collision;18.81;vtypeauto.1;vtypeauto.0;613.48;edge_0_0_0;0.0;-7.0;0.25;-9.0;0.39;-9.0;0.47;-9.0;0.51;-9.0;0.54;-9.0;0.55;-8.43;0.55;-8.5;CACC
449;16.4;22.4;0.8;8;100;7;Successful;Effective;collision;19.31;vtypeauto.1;vtypeauto.0;642.79;edge_0_0_0;0.0;-7.0;0.25;-9.0;0.39;-9.0;0.47;-9.0;0.51;-9.0;0.54;-9.0;0.55;-8.43;0.55;-8.5;CACC
450;16.4;22.4;0.8;10;100;7;Successful;Effective;collision;19.70;vtypeauto.1;vtypeauto.0;662.13;edge_0_0_0;0.0;-7.0;0.25;-9.0;0.39;-9.0;0.47;-9.0;0.51;-9.0;0.54;-9.0;0.55;-8.43;0.55;-8.5;CACC
451;16.4;22.4;0.8;5;80;8;Successful;Effective;collision;18.66;vtypeauto.1;vtypeauto.0;500.08;edge_0_0_0;0.0;-7.99;0.2;-9.0;0.32;-9.0;0.38;-9.0;0.41;-9.0;0.43;-8.84;0.44;-8.91;0.44;-8.99;CACC
452;16.4;22.4;0.8;8;80;8;Successful;Effective;collision;19.09;vtypeauto.1;vtypeauto.0;525.79;edge_0_0_0;0.0;-7.99;0.2;-9.0;0.32;-9.0;0.38;-9.0;0.41;-9.0;0.43;-8.84;0.44;-8.91;0.44;-8.99;CACC
453;16.4;22.4;0.8;10;80;8;Successful;Effective;collision;19.39;vtypeauto.1;vtypeauto.0;542.20;edge_0_0_0;0.0;-7.99;0.2;-9.0;0.32;-9.0;0.38;-9.0;0.41;-9.0;0.43;-8.84;0.44;-8.91;0.44;-8.99;CACC
454;16.4;22.4;0.8;5;100;8;Successful;Effective;collision;18.69;vtypeauto.1;vtypeauto.0;610.39;edge_0_0_0;0.0;-8.0;0.25;-9.0;0.39;-9.0;0.47;-9.0;0.51;-9.0;0.54;-9.0;0.55;-9.0;0.55;-9.0;CACC
455;16.4;22.4;0.8;8;100;8;Successful;Effective;collision;19.12;vtypeauto.1;vtypeauto.0;638.40;edge_0_0_0;0.0;-8.0;0.25;-9.0;0.39;-9.0;0.47;-9.0;0.51;-9.0;0.54;-9.0;0.55;-9.0;0.55;-9.0;CACC
456;16.4;22.4;0.8;10;100;8;Successful;Effective;collision;19.42;vtypeauto.1;vtypeauto.0;656.40;edge_0_0_0;0.0;-8.0;0.25;-9.0;0.39;-9.0;0.47;-9.0;0.51;-9.0;0.54;-9.0;0.55;-9.0;0.55;-9.0;CACC
457;16.4;22.4;0.9;5;80;5;Successful;Effective;collision;19.03;vtypeauto.1;vtypeauto.0;508.17;edge_0_0_0;0.0;-5.0;0.2;-6.85;0.32;-7.69;0.38;-8.01;0.41;-7.97;0.43;-6.9;0.44;-6.24;0.44;-6.22;CACC
458;16.4;22.4;0.9;8;80;5;Successful;Effective;collision;19.64;vtypeauto.1;vtypeauto.0;537.04;edge_0_0_0;0.0;-5.0;0.2;-6.85;0.32;-7.69;0.38;-8.01;0.41;-7.9;0.43;-6.76;0.44;-6.17;0.44;-6.18;CACC
459;16.4;22.4;0.9;10;80;5;Successful;Effective;collision;20.14;vtypeauto.1;vtypeauto.0;556.13;edge_0_0_0;0.0;-5.0;0.2;-6.85;0.32;-7.69;0.38;-8.01;0.41;-7.9;0.43;-6.61;0.44;-6.12;0.44;-6.18;CACC
460;16.4;22.4;0.9;5;100;5;Successful;Effective;collision;19.07;vtypeauto.1;vtypeauto.0;620.80;edge_0_0_0;0.0;-5.0;0.25;-6.85;0.39;-7.7;0.47;-8.02;0.51;-8.0;0.54;-7.29;0.55;-6.37;0.55;-6.26;CACC
461;16.4;22.4;0.9;8;100;5;Successful;Effective;collision;19.69;vtypeauto.1;vtypeauto.0;653.14;edge_0_0_0;0.0;-5.0;0.25;-6.85;0.39;-7.7;0.47;-8.02;0.51;-8.0;0.54;-7.28;0.55;-6.38;0.55;-6.27;CACC
462;16.4;22.4;0.9;10;100;5;Successful;Effective;collision;20.19;vtypeauto.1;vtypeauto.0;674.85;edge_0_0_0;0.0;-5.0;0.25;-6.85;0.39;-7.7;0.47;-8.02;0.51;-8.02;0.54;-7.28;0.55;-6.3;0.55;-6.26;CACC
463;16.4;22.4;0.9;5;80;6;Successful;Effective;collision;18.85;vtypeauto.1;vtypeauto.0;504.46;edge_0_0_0;0.0;-6.0;0.2;-8.21;0.32;-9.0;0.38;-9.0;0.41;-8.67;0.43;-7.08;0.44;-7.11;0.44;-7.2;CACC
464;16.4;22.4;0.9;8;80;6;Successful;Effective;collision;19.33;vtypeauto.1;vtypeauto.0;531.44;edge_0_0_0;0.0;-6.0;0.2;-8.21;0.32;-9.0;0.38;-9.0;0.41;-8.67;0.43;-7.08;0.44;-7.11;0.44;-7.2;CACC
465;16.4;22.4;0.9;10;80;6;Successful;Effective;collision;19.69;vtypeauto.1;vtypeauto.0;549.05;edge_0_0_0;0.0;-6.0;0.2;-8.21;0.32;-9.0;0.38;-9.0;0.41;-8.67;0.43;-7.08;0.44;-7.11;0.44;-7.2;CACC
466;16.4;22.4;0.9;5;100;6;Successful;Effective;collision;18.88;vtypeauto.1;vtypeauto.0;615.85;edge_0_0_0;0.0;-6.0;0.25;-8.22;0.39;-9.0;0.47;-9.0;0.51;-9.0;0.54;-8.68;0.55;-7.54;0.55;-7.48;CACC
467;16.4;22.4;0.9;8;100;6;Successful;Effective;collision;19.37;vtypeauto.1;vtypeauto.0;645.64;edge_0_0_0;0.0;-6.0;0.25;-8.22;0.39;-9.0;0.47;-9.0;0.51;-9.0;0.54;-8.43;0.55;-7.47;0.55;-7.48;CACC
468;16.4;22.4;0.9;10;100;6;Successful;Effective;collision;19.73;vtypeauto.1;vtypeauto.0;665.15;edge_0_0_0;0.0;-6.0;0.25;-8.22;0.39;-9.0;0.47;-9.0;0.51;-9.0;0.54;-8.29;0.55;-7.49;0.55;-7.45;CACC
469;16.4;22.4;0.9;5;80;7;Successful;Effective;collision;18.72;vtypeauto.1;vtypeauto.0;501.74;edge_0_0_0;0.0;-7.0;0.2;-9.0;0.32;-9.0;0.38;-9.0;0.41;-8.8;0.43;-7.98;0.44;-8.05;0.44;-8.12;CACC
470;16.4;22.4;0.9;8;80;7;Successful;Effective;collision;19.13;vtypeauto.1;vtypeauto.0;527.67;edge_0_0_0;0.0;-7.0;0.2;-9.0;0.32;-9.0;0.38;-9.0;0.41;-8.8;0.43;-7.98;0.44;-8.05;0.44;-8.12;CACC
471;16.4;22.4;0.9;10;80;7;Successful;Effective;collision;19.41;vtypeauto.1;vtypeauto.0;544.33;edge_0_0_0;0.0;-7.0;0.2;-9.0;0.32;-9.0;0.38;-9.0;0.41;-8.8;0.43;-7.98;0.44;-8.05;0.44;-8.12;CACC
472;16.4;22.4;0.9;5;100;7;Successful;Effective;collision;18.74;vtypeauto.1;vtypeauto.0;612.16;edge_0_0_0;0.0;-7.0;0.25;-9.0;0.39;-9.0;0.47;-9.0;0.51;-9.0;0.54;-9.0;0.55;-8.63;0.55;-8.7;CACC
473;16.4;22.4;0.9;8;100;7;Successful;Effective;collision;19.15;vtypeauto.1;vtypeauto.0;640.33;edge_0_0_0;0.0;-7.0;0.25;-9.0;0.39;-9.0;0.47;-9.0;0.51;-9.0;0.54;-9.0;0.55;-8.58;0.55;-8.64;CACC
474;16.4;22.4;0.9;10;100;7;Successful;Effective;collision;19.44;vtypeauto.1;vtypeauto.0;658.70;edge_0_0_0;0.0;-7.0;0.25;-9.0;0.39;-9.0;0.47;-9.0;0.51;-9.0;0.54;-9.0;0.55;-8.54;0.55;-8.64;CACC
475;16.4;22.4;0.9;5;80;8;Successful;Effective;collision;18.61;vtypeauto.1;vtypeauto.0;499.40;edge_0_0_0;0.0;-7.99;0.2;-9.0;0.32;-9.0;0.38;-9.0;0.41;-8.66;0.43;-8.58;0.44;-8.7;0.44;-8.78;CACC
476;16.4;22.4;0.9;8;80;8;Successful;Effective;collision;18.97;vtypeauto.1;vtypeauto.0;524.59;edge_0_0_0;0.0;-7.99;0.2;-9.0;0.32;-9.0;0.38;-9.0;0.41;-8.66;0.43;-8.58;0.44;-8.7;0.44;-8.78;CACC
477;16.4;22.4;0.9;10;80;8;Successful;Effective;collision;19.22;vtypeauto.1;vtypeauto.0;540.97;edge_0_0_0;0.0;-7.99;0.2;-9.0;0.32;-9.0;0.38;-9.0;0.41;-8.66;0.43;-8.58;0.44;-8.7;0.44;-8.78;CACC
478;16.4;22.4;0.9;5;100;8;Successful;Effective;collision;18.64;vtypeauto.1;vtypeauto.0;609.48;edge_0_0_0;0.0;-8.0;0.25;-9.0;0.39;-9.0;0.47;-9.0;0.51;-9.0;0.54;-9.0;0.55;-9.0;0.55;-9.0;CACC
479;16.4;22.4;0.9;8;100;8;Successful;Effective;collision;19.00;vtypeauto.1;vtypeauto.0;636.61;edge_0_0_0;0.0;-8.0;0.25;-9.0;0.39;-9.0;0.47;-9.0;0.51;-9.0;0.54;-9.0;0.55;-9.0;0.55;-9.0;CACC
480;16.4;22.4;0.9;10;100;8;Successful;Effective;collision;19.24;vtypeauto.1;vtypeauto.0;654.09;edge_0_0_0;0.0;-8.0;0.25;-9.0;0.39;-9.0;0.47;-9.0;0.51;-9.0;0.54;-9.0;0.55;-9.0;0.55;-9.0;CACC
481;16.5;22.5;0.6;5;80;5;Successful;Effective;collision;19.66;vtypeauto.1;vtypeauto.0;516.27;edge_0_0_0;0.0;-5.0;0.2;-6.09;0.32;-6.6;0.38;-6.78;0.41;-6.76;0.43;-6.61;0.44;-6.4;0.44;-6.16;CACC
482;16.5;22.5;0.6;8;80;5;Successful;Effective;No;No;No;No;No;No;0.0;-5.0;0.2;-6.09;0.32;-6.6;0.38;-6.78;0.41;-6.76;0.43;-6.61;0.44;-6.4;0.44;-6.16;CACC
483;16.5;22.5;0.6;10;80;5;Successful;Effective;No;No;No;No;No;No;0.0;-5.0;0.2;-6.09;0.32;-6.6;0.38;-6.78;0.41;-6.76;0.43;-6.61;0.44;-6.4;0.44;-6.16;CACC
484;16.5;22.5;0.6;5;100;5;Successful;Effective;collision;19.74;vtypeauto.1;vtypeauto.0;632.93;edge_0_0_0;0.0;-5.0;0.25;-6.09;0.39;-6.6;0.47;-6.79;0.51;-6.77;0.54;-6.62;0.55;-6.43;0.55;-6.19;CACC
485;16.5;22.5;0.6;8;100;5;Successful;Effective;No;No;No;No;No;No;0.0;-5.0;0.25;-6.09;0.39;-6.6;0.47;-6.79;0.51;-6.77;0.54;-6.62;0.55;-6.43;0.55;-6.19;CACC
486;16.5;22.5;0.6;10;100;5;Successful;Effective;No;No;No;No;No;No;0.0;-5.0;0.25;-6.09;0.39;-6.6;0.47;-6.79;0.51;-6.77;0.54;-6.62;0.55;-6.43;0.55;-6.19;CACC
487;16.5;22.5;0.6;5;80;6;Successful;Effective;collision;19.28;vtypeauto.1;vtypeauto.0;509.87;edge_0_0_0;0.0;-6.0;0.2;-7.3;0.32;-7.91;0.38;-8.12;0.41;-8.1;0.43;-7.79;0.44;-7.35;0.44;-7.12;CACC
488;16.5;22.5;0.6;8;80;6;Successful;Effective;collision;20.50;vtypeauto.1;vtypeauto.0;540.33;edge_0_0_0;0.0;-6.0;0.2;-7.3;0.32;-7.91;0.38;-8.12;0.41;-8.1;0.43;-7.79;0.44;-7.35;0.44;-7.12;CACC
489;16.5;22.5;0.6;10;80;6;Successful;Effective;No;No;No;No;No;No;0.0;-6.0;0.2;-7.3;0.32;-7.91;0.38;-8.12;0.41;-8.1;0.43;-7.79;0.44;-7.35;0.44;-7.12;CACC
490;16.5;22.5;0.6;5;100;6;Successful;Effective;collision;19.34;vtypeauto.1;vtypeauto.0;624.10;edge_0_0_0;0.0;-6.0;0.25;-7.3;0.39;-7.92;0.47;-8.14;0.51;-8.11;0.54;-7.93;0.55;-7.69;0.55;-7.4;CACC
491;16.5;22.5;0.6;8;100;6;Successful;Effective;collision;20.60;vtypeauto.1;vtypeauto.0;661.26;edge_0_0_0;0.0;-6.0;0.25;-7.3;0.39;-7.92;0.47;-8.14;0.51;-8.11;0.54;-7.93;0.55;-7.69;0.55;-7.4;CACC
492;16.5;22.5;0.6;10;100;6;Successful;Effective;No;No;No;No;No;No;0.0;-6.0;0.25;-7.3;0.39;-7.92;0.47;-8.14;0.51;-8.11;0.54;-7.93;0.55;-7.69;0.55;-7.4;CACC
493;16.5;22.5;0.6;5;80;7;Successful;Effective;collision;19.04;vtypeauto.1;vtypeauto.0;505.66;edge_0_0_0;0.0;-7.0;0.2;-8.51;0.32;-9.0;0.38;-9.0;0.41;-9.0;0.43;-8.71;0.44;-8.19;0.44;-8.17;CACC
494;16.5;22.5;0.6;8;80;7;Successful;Effective;collision;19.90;vtypeauto.1;vtypeauto.0;533.75;edge_0_0_0;0.0;-7.0;0.2;-8.51;0.32;-9.0;0.38;-9.0;0.41;-9.0;0.43;-8.71;0.44;-8.19;0.44;-8.17;CACC
495;16.5;22.5;0.6;10;80;7;Successful;Effective;No;No;No;No;No;No;0.0;-7.0;0.2;-8.51;0.32;-9.0;0.38;-9.0;0.41;-9.0;0.43;-8.71;0.44;-8.19;0.44;-8.17;CACC
496;16.5;22.5;0.6;5;100;7;Successful;Effective;collision;19.09;vtypeauto.1;vtypeauto.0;618.37;edge_0_0_0;0.0;-7.0;0.25;-8.52;0.39;-9.0;0.47;-9.0;0.51;-9.0;0.54;-9.0;0.55;-8.75;0.55;-8.43;CACC
497;16.5;22.5;0.6;8;100;7;Successful;Effective;collision;19.96;vtypeauto.1;vtypeauto.0;651.04;edge_0_0_0;0.0;-7.0;0.25;-8.52;0.39;-9.0;0.47;-9.0;0.51;-9.0;0.54;-9.0;0.55;-8.75;0.55;-8.43;CACC
498;16.5;22.5;0.6;10;100;7;Successful;Effective;collision;20.92;vtypeauto.1;vtypeauto.0;671.80;edge_0_0_0;0.0;-7.0;0.25;-8.52;0.39;-9.0;0.47;-9.0;0.51;-9.0;0.54;-9.0;0.55;-8.75;0.55;-8.43;CACC
499;16.5;22.5;0.6;5;80;8;Successful;Effective;collision;18.86;vtypeauto.1;vtypeauto.0;502.43;edge_0_0_0;0.0;-7.99;0.2;-9.0;0.32;-9.0;0.38;-9.0;0.41;-9.0;0.43;-9.0;0.44;-9.0;0.44;-9.0;CACC
500;16.5;22.5;0.6;8;80;8;Successful;Effective;collision;19.53;vtypeauto.1;vtypeauto.0;529.09;edge_0_0_0;0.0;-7.99;0.2;-9.0;0.32;-9.0;0.38;-9.0;0.41;-9.0;0.43;-9.0;0.44;-9.0;0.44;-9.0;CACC
501;16.5;22.5;0.6;10;80;8;Successful;Effective;collision;20.05;vtypeauto.1;vtypeauto.0;545.03;edge_0_0_0;0.0;-7.99;0.2;-9.0;0.32;-9.0;0.38;-9.0;0.41;-9.0;0.43;-9.0;0.44;-9.0;0.44;-9.0;CACC
502;16.5;22.5;0.6;5;100;8;Successful;Effective;collision;18.90;vtypeauto.1;vtypeauto.0;613.96;edge_0_0_0;0.0;-8.0;0.25;-9.0;0.39;-9.0;0.47;-9.0;0.51;-9.0;0.54;-9.0;0.55;-9.0;0.55;-9.0;CACC
503;16.5;22.5;0.6;8;100;8;Successful;Effective;collision;19.58;vtypeauto.1;vtypeauto.0;644.28;edge_0_0_0;0.0;-8.0;0.25;-9.0;0.39;-9.0;0.47;-9.0;0.51;-9.0;0.54;-9.0;0.55;-9.0;0.55;-9.0;CACC
504;16.5;22.5;0.6;10;100;8;Successful;Effective;collision;20.10;vtypeauto.1;vtypeauto.0;662.89;edge_0_0_0;0.0;-8.0;0.25;-9.0;0.39;-9.0;0.47;-9.0;0.51;-9.0;0.54;-9.0;0.55;-9.0;0.55;-9.0;CACC
505;16.5;22.5;0.7;5;80;5;Successful;Effective;collision;19.27;vtypeauto.1;vtypeauto.0;511.48;edge_0_0_0;0.0;-5.0;0.2;-6.38;0.32;-6.99;0.38;-7.21;0.41;-7.17;0.43;-6.96;0.44;-6.47;0.44;-6.09;CACC
506;16.5;22.5;0.7;8;80;5;Successful;Effective;collision;20.31;vtypeauto.1;vtypeauto.0;543.58;edge_0_0_0;0.0;-5.0;0.2;-6.38;0.32;-6.99;0.38;-7.21;0.41;-7.17;0.43;-6.96;0.44;-6.47;0.44;-6.09;CACC
507;16.5;22.5;0.7;10;80;5;Successful;Effective;collision;21.87;vtypeauto.1;vtypeauto.0;564.07;edge_0_0_0;0.0;-5.0;0.2;-6.38;0.32;-6.99;0.38;-7.21;0.41;-7.17;0.43;-6.96;0.44;-6.47;0.44;-6.09;CACC
508;16.5;22.5;0.7;5;100;5;Successful;Effective;collision;19.33;vtypeauto.1;vtypeauto.0;625.78;edge_0_0_0;0.0;-5.0;0.25;-6.39;0.39;-7.0;0.47;-7.22;0.51;-7.19;0.54;-7.01;0.55;-6.64;0.55;-6.21;CACC
509;16.5;22.5;0.7;8;100;5;Successful;Effective;collision;20.39;vtypeauto.1;vtypeauto.0;663.60;edge_0_0_0;0.0;-5.0;0.25;-6.39;0.39;-7.0;0.47;-7.22;0.51;-7.19;0.54;-7.0;0.55;-6.52;0.55;-6.11;CACC
510;16.5;22.5;0.7;10;100;5;Successful;Effective;collision;22.20;vtypeauto.1;vtypeauto.0;693.33;edge_0_0_0;0.0;-5.0;0.25;-6.39;0.39;-7.0;0.47;-7.22;0.51;-7.19;0.54;-7.0;0.55;-6.52;0.55;-6.11;CACC
511;16.5;22.5;0.7;5;80;6;Successful;Effective;collision;19.01;vtypeauto.1;vtypeauto.0;506.58;edge_0_0_0;0.0;-6.0;0.2;-7.66;0.32;-8.38;0.38;-8.64;0.41;-8.54;0.43;-7.82;0.44;-7.2;0.44;-7.21;CACC
512;16.5;22.5;0.7;8;80;6;Successful;Effective;collision;19.74;vtypeauto.1;vtypeauto.0;535.48;edge_0_0_0;0.0;-6.0;0.2;-7.66;0.32;-8.38;0.38;-8.64;0.41;-8.54;0.43;-7.82;0.44;-7.2;0.44;-7.21;CACC
513;16.5;22.5;0.7;10;80;6;Successful;Effective;collision;20.41;vtypeauto.1;vtypeauto.0;553.93;edge_0_0_0;0.0;-6.0;0.2;-7.66;0.32;-8.38;0.38;-8.64;0.41;-8.54;0.43;-7.82;0.44;-7.2;0.44;-7.21;CACC
514;16.5;22.5;0.7;5;100;6;Successful;Effective;collision;19.06;vtypeauto.1;vtypeauto.0;619.24;edge_0_0_0;0.0;-6.0;0.25;-7.66;0.39;-8.39;0.47;-8.65;0.51;-8.61;0.54;-8.38;0.55;-7.77;0.55;-7.31;CACC
515;16.5;22.5;0.7;8;100;6;Successful;Effective;collision;19.80;vtypeauto.1;vtypeauto.0;652.12;edge_0_0_0;0.0;-6.0;0.25;-7.66;0.39;-8.39;0.47;-8.65;0.51;-8.61;0.54;-8.38;0.55;-7.77;0.55;-7.31;CACC
516;16.5;22.5;0.7;10;100;6;Successful;Effective;collision;20.48;vtypeauto.1;vtypeauto.0;674.13;edge_0_0_0;0.0;-6.0;0.25;-7.66;0.39;-8.39;0.47;-8.65;0.51;-8.61;0.54;-8.38;0.55;-7.77;0.55;-7.31;CACC
517;16.5;22.5;0.7;5;80;7;Successful;Effective;collision;18.83;vtypeauto.1;vtypeauto.0;503.10;edge_0_0_0;0.0;-7.0;0.2;-8.93;0.32;-9.0;0.38;-9.0;0.41;-9.0;0.43;-8.42;0.44;-8.14;0.44;-8.22;CACC
518;16.5;22.5;0.7;8;80;7;Successful;Effective;collision;19.41;vtypeauto.1;vtypeauto.0;530.31;edge_0_0_0;0.0;-7.0;0.2;-8.93;0.32;-9.0;0.38;-9.0;0.41;-9.0;0.43;-8.42;0.44;-8.14;0.44;-8.22;CACC
519;16.5;22.5;0.7;10;80;7;Successful;Effective;collision;19.88;vtypeauto.1;vtypeauto.0;547.64;edge_0_0_0;0.0;-7.0;0.2;-8.93;0.32;-9.0;0.38;-9.0;0.41;-9.0;0.43;-8.42;0.44;-8.14;0.44;-8.22;CACC
520;16.5;22.5;0.7;5;100;7;Successful;Effective;collision;18.87;vtypeauto.1;vtypeauto.0;614.56;edge_0_0_0;0.0;-7.0;0.25;-8.93;0.39;-9.0;0.47;-9.0;0.51;-9.0;0.54;-9.0;0.55;-8.65;0.55;-8.49;CACC
521;16.5;22.5;0.7;8;100;7;Successful;Effective;collision;19.46;vtypeauto.1;vtypeauto.0;644.99;edge_0_0_0;0.0;-7.0;0.25;-8.93;0.39;-9.0;0.47;-9.0;0.51;-9.0;0.54;-9.0;0.55;-8.65;0.55;-8.49;CACC
522;16.5;22.5;0.7;10;100;7;Successful;Effective;collision;19.93;vtypeauto.1;vtypeauto.0;664.74;edge_0_0_0;0.0;-7.0;0.25;-8.93;0.39;-9.0;0.47;-9.0;0.51;-9.0;0.54;-9.0;0.55;-8.65;0.55;-8.49;CACC
523;16.5;22.5;0.7;5;80;8;Successful;Effective;collision;18.70;vtypeauto.1;vtypeauto.0;500.55;edge_0_0_0;0.0;-7.99;0.2;-9.0;0.32;-9.0;0.38;-9.0;0.41;-9.0;0.43;-8.9;0.44;-8.97;0.44;-9.0;CACC
524;16.5;22.5;0.7;8;80;8;Successful;Effective;collision;19.19;vtypeauto.1;vtypeauto.0;526.67;edge_0_0_0;0.0;-7.99;0.2;-9.0;0.32;-9.0;0.38;-9.0;0.41;-9.0;0.43;-8.9;0.44;-8.97;0.44;-9.0;CACC
525;16.5;22.5;0.7;10;80;8;Successful;Effective;collision;19.54;vtypeauto.1;vtypeauto.0;543.15;edge_0_0_0;0.0;-7.99;0.2;-9.0;0.32;-9.0;0.38;-9.0;0.41;-9.0;0.43;-8.9;0.44;-8.97;0.44;-9.0;CACC
526;16.5;22.5;0.7;5;100;8;Successful;Effective;collision;18.74;vtypeauto.1;vtypeauto.0;611.30;edge_0_0_0;0.0;-8.0;0.25;-9.0;0.39;-9.0;0.47;-9.0;0.51;-9.0;0.54;-9.0;0.55;-9.0;0.55;-9.0;CACC
527;16.5;22.5;0.7;8;100;8;Successful;Effective;collision;19.22;vtypeauto.1;vtypeauto.0;639.79;edge_0_0_0;0.0;-8.0;0.25;-9.0;0.39;-9.0;0.47;-9.0;0.51;-9.0;0.54;-9.0;0.55;-9.0;0.55;-9.0;CACC
528;16.5;22.5;0.7;10;100;8;Successful;Effective;collision;19.57;vtypeauto.1;vtypeauto.0;658.13;edge_0_0_0;0.0;-8.0;0.25;-9.0;0.39;-9.0;0.47;-9.0;0.51;-9.0;0.54;-9.0;0.55;-9.0;0.55;-9.0;CACC
529;16.5;22.5;0.8;5;80;5;Successful;Effective;collision;19.09;vtypeauto.1;vtypeauto.0;509.04;edge_0_0_0;0.0;-5.0;0.2;-6.69;0.32;-7.41;0.38;-7.66;0.41;-7.64;0.43;-7.11;0.44;-6.1;0.44;-6.18;CACC
530;16.5;22.5;0.8;8;80;5;Successful;Effective;collision;19.79;vtypeauto.1;vtypeauto.0;538.70;edge_0_0_0;0.0;-5.0;0.2;-6.69;0.32;-7.41;0.38;-7.66;0.41;-7.64;0.43;-7.11;0.44;-6.1;0.44;-6.18;CACC
531;16.5;22.5;0.8;10;80;5;Successful;Effective;collision;20.42;vtypeauto.1;vtypeauto.0;558.44;edge_0_0_0;0.0;-5.0;0.2;-6.69;0.32;-7.41;0.38;-7.66;0.41;-7.64;0.43;-7.11;0.44;-6.1;0.44;-6.18;CACC
532;16.5;22.5;0.8;5;100;5;Successful;Effective;collision;19.13;vtypeauto.1;vtypeauto.0;621.97;edge_0_0_0;0.0;-5.0;0.25;-6.69;0.39;-7.42;0.47;-7.67;0.51;-7.65;0.54;-7.35;0.55;-6.63;0.55;-6.23;CACC
533;16.5;22.5;0.8;8;100;5;Successful;Effective;collision;19.84;vtypeauto.1;vtypeauto.0;655.56;edge_0_0_0;0.0;-5.0;0.25;-6.69;0.39;-7.42;0.47;-7.67;0.51;-7.64;0.54;-7.27;0.55;-6.58;0.55;-6.24;CACC
534;16.5;22.5;0.8;10;100;5;Successful;Effective;collision;20.48;vtypeauto.1;vtypeauto.0;678.76;edge_0_0_0;0.0;-5.0;0.25;-6.69;0.39;-7.42;0.47;-7.67;0.51;-7.64;0.54;-7.21;0.55;-6.47;0.55;-6.2;CACC
535;16.5;22.5;0.8;5;80;6;Successful;Effective;collision;18.89;vtypeauto.1;vtypeauto.0;505.03;edge_0_0_0;0.0;-6.0;0.2;-8.02;0.32;-8.88;0.38;-9.0;0.41;-8.78;0.43;-7.49;0.44;-7.2;0.44;-7.27;CACC
536;16.5;22.5;0.8;8;80;6;Successful;Effective;collision;19.43;vtypeauto.1;vtypeauto.0;532.54;edge_0_0_0;0.0;-6.0;0.2;-8.02;0.32;-8.88;0.38;-9.0;0.41;-8.78;0.43;-7.49;0.44;-7.2;0.44;-7.27;CACC
537;16.5;22.5;0.8;10;80;6;Successful;Effective;collision;19.85;vtypeauto.1;vtypeauto.0;550.41;edge_0_0_0;0.0;-6.0;0.2;-8.02;0.32;-8.88;0.38;-9.0;0.41;-8.78;0.43;-7.49;0.44;-7.2;0.44;-7.27;CACC
538;16.5;22.5;0.8;5;100;6;Successful;Effective;collision;18.92;vtypeauto.1;vtypeauto.0;616.62;edge_0_0_0;0.0;-6.0;0.25;-8.03;0.39;-8.89;0.47;-9.0;0.51;-9.0;0.54;-8.62;0.55;-7.6;0.55;-7.45;CACC
539;16.5;22.5;0.8;8;100;6;Successful;Effective;collision;19.47;vtypeauto.1;vtypeauto.0;647.24;edge_0_0_0;0.0;-6.0;0.25;-8.03;0.39;-8.89;0.47;-9.0;0.51;-9.0;0.54;-8.55;0.55;-7.51;0.55;-7.42;CACC
540;16.5;22.5;0.8;10;100;6;Successful;Effective;collision;19.89;vtypeauto.1;vtypeauto.0;667.32;edge_0_0_0;0.0;-6.0;0.25;-8.03;0.39;-8.89;0.47;-9.0;0.51;-9.0;0.54;-8.55;0.55;-7.33;0.55;-7.42;CACC
541;16.5;22.5;0.8;5;80;7;Successful;Effective;collision;18.74;vtypeauto.1;vtypeauto.0;501.96;edge_0_0_0;0.0;-7.0;0.2;-9.0;0.32;-9.0;0.38;-9.0;0.41;-9.0;0.43;-8.04;0.44;-8.08;0.44;-8.15;CACC
542;16.5;22.5;0.8;8;80;7;Successful;Effective;collision;19.19;vtypeauto.1;vtypeauto.0;528.24;edge_0_0_0;0.0;-7.0;0.2;-9.0;0.32;-9.0;0.38;-9.0;0.41;-9.0;0.43;-8.04;0.44;-8.08;0.44;-8.15;CACC
543;16.5;22.5;0.8;10;80;7;Successful;Effective;collision;19.52;vtypeauto.1;vtypeauto.0;545.25;edge_0_0_0;0.0;-7.0;0.2;-9.0;0.32;-9.0;0.38;-9.0;0.41;-9.0;0.43;-8.04;0.44;-8.08;0.44;-8.15;CACC
544;16.5;22.5;0.8;5;100;7;Successful;Effective;collision;18.77;vtypeauto.1;vtypeauto.0;612.74;edge_0_0_0;0.0;-7.0;0.25;-9.0;0.39;-9.0;0.47;-9.0;0.51;-9.0;0.54;-9.0;0.55;-8.51;0.55;-8.57;CACC
545;16.5;22.5;0.8;8;100;7;Successful;Effective;collision;19.22;vtypeauto.1;vtypeauto.0;641.42;edge_0_0_0;0.0;-7.0;0.25;-9.0;0.39;-9.0;0.47;-9.0;0.51;-9.0;0.54;-9.0;0.55;-8.51;0.55;-8.57;CACC
546;16.5;22.5;0.8;10;100;7;Successful;Effective;collision;19.55;vtypeauto.1;vtypeauto.0;660.18;edge_0_0_0;0.0;-7.0;0.25;-9.0;0.39;-9.0;0.47;-9.0;0.51;-9.0;0.54;-9.0;0.55;-8.51;0.55;-8.57;CACC
547;16.5;22.5;0.8;5;80;8;Successful;Effective;collision;18.63;vtypeauto.1;vtypeauto.0;499.68;edge_0_0_0;0.0;-7.99;0.2;-9.0;0.32;-9.0;0.38;-9.0;0.41;-9.0;0.43;-8.84;0.44;-8.93;0.44;-9.0;CACC
548;16.5;22.5;0.8;8;80;8;Successful;Effective;collision;19.02;vtypeauto.1;vtypeauto.0;525.09;edge_0_0_0;0.0;-7.99;0.2;-9.0;0.32;-9.0;0.38;-9.0;0.41;-9.0;0.43;-8.84;0.44;-8.93;0.44;-9.0;CACC
549;16.5;22.5;0.8;10;80;8;Successful;Effective;collision;19.29;vtypeauto.1;vtypeauto.0;541.46;edge_0_0_0;0.0;-7.99;0.2;-9.0;0.32;-9.0;0.38;-9.0;0.41;-9.0;0.43;-8.84;0.44;-8.93;0.44;-9.0;CACC
550;16.5;22.5;0.8;5;100;8;Successful;Effective;collision;18.66;vtypeauto.1;vtypeauto.0;609.85;edge_0_0_0;0.0;-8.0;0.25;-9.0;0.39;-9.0;0.47;-9.0;0.51;-9.0;0.54;-9.0;0.55;-9.0;0.55;-9.0;CACC
551;16.5;22.5;0.8;8;100;8;Successful;Effective;collision;19.05;vtypeauto.1;vtypeauto.0;637.35;edge_0_0_0;0.0;-8.0;0.25;-9.0;0.39;-9.0;0.47;-9.0;0.51;-9.0;0.54;-9.0;0.55;-9.0;0.55;-9.0;CACC
552;16.5;22.5;0.8;10;100;8;Successful;Effective;collision;19.32;vtypeauto.1;vtypeauto.0;655.15;edge_0_0_0;0.0;-8.0;0.25;-9.0;0.39;-9.0;0.47;-9.0;0.51;-9.0;0.54;-9.0;0.55;-9.0;0.55;-9.0;CACC
553;16.5;22.5;0.9;5;80;5;Successful;Effective;collision;19.00;vtypeauto.1;vtypeauto.0;507.77;edge_0_0_0;0.0;-5.0;0.2;-7.0;0.32;-7.84;0.38;-8.15;0.41;-8.08;0.43;-6.99;0.44;-6.23;0.44;-6.28;CACC
554;16.5;22.5;0.9;8;80;5;Successful;Effective;collision;19.54;vtypeauto.1;vtypeauto.0;535.87;edge_0_0_0;0.0;-5.0;0.2;-7.0;0.32;-7.84;0.38;-8.15;0.41;-8.03;0.43;-6.7;0.44;-6.22;0.44;-6.27;CACC
555;16.5;22.5;0.9;10;80;5;Successful;Effective;collision;19.97;vtypeauto.1;vtypeauto.0;554.55;edge_0_0_0;0.0;-5.0;0.2;-7.0;0.32;-7.84;0.38;-8.15;0.41;-8.03;0.43;-6.7;0.44;-6.18;0.44;-6.25;CACC
556;16.5;22.5;0.9;5;100;5;Successful;Effective;collision;19.03;vtypeauto.1;vtypeauto.0;620.01;edge_0_0_0;0.0;-5.0;0.25;-7.0;0.39;-7.85;0.47;-8.16;0.51;-8.11;0.54;-7.44;0.55;-6.47;0.55;-6.31;CACC
557;16.5;22.5;0.9;8;100;5;Successful;Effective;collision;19.58;vtypeauto.1;vtypeauto.0;651.24;edge_0_0_0;0.0;-5.0;0.25;-7.0;0.39;-7.85;0.47;-8.16;0.51;-8.13;0.54;-7.43;0.55;-6.45;0.55;-6.33;CACC
558;16.5;22.5;0.9;10;100;5;Successful;Effective;collision;20.01;vtypeauto.1;vtypeauto.0;672.21;edge_0_0_0;0.0;-5.0;0.25;-7.0;0.39;-7.85;0.47;-8.16;0.51;-8.15;0.54;-7.4;0.55;-6.36;0.55;-6.32;CACC
559;16.5;22.5;0.9;5;80;6;Successful;Effective;collision;18.82;vtypeauto.1;vtypeauto.0;504.00;edge_0_0_0;0.0;-6.0;0.2;-8.4;0.32;-9.0;0.38;-9.0;0.41;-8.63;0.43;-7.14;0.44;-7.16;0.44;-7.22;CACC
560;16.5;22.5;0.9;8;80;6;Successful;Effective;collision;19.27;vtypeauto.1;vtypeauto.0;530.79;edge_0_0_0;0.0;-6.0;0.2;-8.4;0.32;-9.0;0.38;-9.0;0.41;-8.63;0.43;-7.14;0.44;-7.16;0.44;-7.22;CACC
561;16.5;22.5;0.9;10;80;6;Successful;Effective;collision;19.59;vtypeauto.1;vtypeauto.0;548.16;edge_0_0_0;0.0;-6.0;0.2;-8.4;0.32;-9.0;0.38;-9.0;0.41;-8.63;0.43;-7.14;0.44;-7.16;0.44;-7.22;CACC
562;16.5;22.5;0.9;5;100;6;Successful;Effective;collision;18.86;vtypeauto.1;vtypeauto.0;615.51;edge_0_0_0;0.0;-6.0;0.25;-8.4;0.39;-9.0;0.47;-9.0;0.51;-9.0;0.54;-8.83;0.55;-7.61;0.55;-7.55;CACC
563;16.5;22.5;0.9;8;100;6;Successful;Effective;collision;19.30;vtypeauto.1;vtypeauto.0;644.46;edge_0_0_0;0.0;-6.0;0.25;-8.4;0.39;-9.0;0.47;-9.0;0.51;-9.0;0.54;-8.67;0.55;-7.59;0.55;-7.52;CACC
564;16.5;22.5;0.9;10;100;6;Successful;Effective;collision;19.62;vtypeauto.1;vtypeauto.0;663.55;edge_0_0_0;0.0;-6.0;0.25;-8.4;0.39;-9.0;0.47;-9.0;0.51;-9.0;0.54;-8.41;0.55;-7.45;0.55;-7.5;CACC
565;16.5;22.5;0.9;5;80;7;Successful;Effective;collision;18.70;vtypeauto.1;vtypeauto.0;501.43;edge_0_0_0;0.0;-7.0;0.2;-9.0;0.32;-9.0;0.38;-9.0;0.41;-8.63;0.43;-7.98;0.44;-8.06;0.44;-8.13;CACC
566;16.5;22.5;0.9;8;80;7;Successful;Effective;collision;19.08;vtypeauto.1;vtypeauto.0;527.10;edge_0_0_0;0.0;-7.0;0.2;-9.0;0.32;-9.0;0.38;-9.0;0.41;-8.63;0.43;-7.98;0.44;-8.06;0.44;-8.13;CACC
567;16.5;22.5;0.9;10;80;7;Successful;Effective;collision;19.34;vtypeauto.1;vtypeauto.0;543.72;edge_0_0_0;0.0;-7.0;0.2;-9.0;0.32;-9.0;0.38;-9.0;0.41;-8.63;0.43;-7.98;0.44;-8.06;0.44;-8.13;CACC
568;16.5;22.5;0.9;5;100;7;Successful;Effective;collision;18.73;vtypeauto.1;vtypeauto.0;612.02;edge_0_0_0;0.0;-7.0;0.25;-9.0;0.39;-9.0;0.47;-9.0;0.51;-9.0;0.54;-8.67;0.55;-8.52;0.55;-8.61;CACC
569;16.5;22.5;0.9;8;100;7;Successful;Effective;collision;19.11;vtypeauto.1;vtypeauto.0;639.74;edge_0_0_0;0.0;-7.0;0.25;-9.0;0.39;-9.0;0.47;-9.0;0.51;-9.0;0.54;-8.67;0.55;-8.52;0.55;-8.61;CACC
570;16.5;22.5;0.9;10;100;7;Successful;Effective;collision;19.36;vtypeauto.1;vtypeauto.0;657.53;edge_0_0_0;0.0;-7.0;0.25;-9.0;0.39;-9.0;0.47;-9.0;0.51;-9.0;0.54;-8.67;0.55;-8.52;0.55;-8.61;CACC
571;16.5;22.5;0.9;5;80;8;Successful;Effective;collision;18.60;vtypeauto.1;vtypeauto.0;499.27;edge_0_0_0;0.0;-7.99;0.2;-9.0;0.32;-9.0;0.38;-9.0;0.41;-8.57;0.43;-8.54;0.44;-8.66;0.44;-8.73;CACC
572;16.5;22.5;0.9;8;80;8;Successful;Effective;collision;18.94;vtypeauto.1;vtypeauto.0;524.31;edge_0_0_0;0.0;-7.99;0.2;-9.0;0.32;-9.0;0.38;-9.0;0.41;-8.57;0.43;-8.54;0.44;-8.66;0.44;-8.73;CACC
573;16.5;22.5;0.9;10;80;8;Successful;Effective;collision;19.16;vtypeauto.1;vtypeauto.0;540.40;edge_0_0_0;0.0;-7.99;0.2;-9.0;0.32;-9.0;0.38;-9.0;0.41;-8.57;0.43;-8.54;0.44;-8.66;0.44;-8.73;CACC
574;16.5;22.5;0.9;5;100;8;Successful;Effective;collision;18.63;vtypeauto.1;vtypeauto.0;609.31;edge_0_0_0;0.0;-8.0;0.25;-9.0;0.39;-9.0;0.47;-9.0;0.51;-9.0;0.54;-9.0;0.55;-9.0;0.55;-9.0;CACC
575;16.5;22.5;0.9;8;100;8;Successful;Effective;collision;18.96;vtypeauto.1;vtypeauto.0;635.94;edge_0_0_0;0.0;-8.0;0.25;-9.0;0.39;-9.0;0.47;-9.0;0.51;-9.0;0.54;-9.0;0.55;-9.0;0.55;-9.0;CACC
576;16.5;22.5;0.9;10;100;8;Successful;Effective;collision;19.19;vtypeauto.1;vtypeauto.0;653.45;edge_0_0_0;0.0;-8.0;0.25;-9.0;0.39;-9.0;0.47;-9.0;0.51;-9.0;0.54;-9.0;0.55;-9.0;0.55;-9.0;CACC
577;16.6;22.6;0.6;5;80;5;Successful;Effective;collision;19.44;vtypeauto.1;vtypeauto.0;513.67;edge_0_0_0;0.0;-5.0;0.2;-6.23;0.32;-6.73;0.38;-6.9;0.41;-6.87;0.43;-6.7;0.44;-6.43;0.44;-6.16;CACC
578;16.6;22.6;0.6;8;80;5;Successful;Effective;collision;20.91;vtypeauto.1;vtypeauto.0;547.51;edge_0_0_0;0.0;-5.0;0.2;-6.23;0.32;-6.73;0.38;-6.9;0.41;-6.87;0.43;-6.7;0.44;-6.43;0.44;-6.16;CACC
579;16.6;22.6;0.6;10;80;5;Successful;Effective;No;No;No;No;No;No;0.0;-5.0;0.2;-6.23;0.32;-6.73;0.38;-6.9;0.41;-6.87;0.43;-6.7;0.44;-6.43;0.44;-6.16;CACC
580;16.6;22.6;0.6;5;100;5;Successful;Effective;collision;19.51;vtypeauto.1;vtypeauto.0;629.03;edge_0_0_0;0.0;-5.0;0.25;-6.23;0.39;-6.74;0.47;-6.91;0.51;-6.88;0.54;-6.71;0.55;-6.51;0.55;-6.25;CACC
581;16.6;22.6;0.6;8;100;5;Successful;Effective;collision;21.04;vtypeauto.1;vtypeauto.0;671.13;edge_0_0_0;0.0;-5.0;0.25;-6.23;0.39;-6.74;0.47;-6.91;0.51;-6.88;0.54;-6.71;0.55;-6.51;0.55;-6.25;CACC
582;16.6;22.6;0.6;10;100;5;Successful;Effective;No;No;No;No;No;No;0.0;-5.0;0.25;-6.23;0.39;-6.74;0.47;-6.91;0.51;-6.88;0.54;-6.71;0.55;-6.51;0.55;-6.25;CACC
583;16.6;22.6;0.6;5;80;6;Successful;Effective;collision;19.13;vtypeauto.1;vtypeauto.0;508.11;edge_0_0_0;0.0;-6.0;0.2;-7.47;0.32;-8.07;0.38;-8.27;0.41;-8.23;0.43;-7.86;0.44;-7.39;0.44;-7.17;CACC
584;16.6;22.6;0.6;8;80;6;Successful;Effective;collision;20.05;vtypeauto.1;vtypeauto.0;537.89;edge_0_0_0;0.0;-6.0;0.2;-7.47;0.32;-8.07;0.38;-8.27;0.41;-8.23;0.43;-7.86;0.44;-7.39;0.44;-7.17;CACC
585;16.6;22.6;0.6;10;80;6;Successful;Effective;collision;21.12;vtypeauto.1;vtypeauto.0;555.71;edge_0_0_0;0.0;-6.0;0.2;-7.47;0.32;-8.07;0.38;-8.27;0.41;-8.23;0.43;-7.86;0.44;-7.39;0.44;-7.17;CACC
586;16.6;22.6;0.6;5;100;6;Successful;Effective;collision;19.18;vtypeauto.1;vtypeauto.0;621.38;edge_0_0_0;0.0;-6.0;0.25;-7.47;0.39;-8.08;0.47;-8.28;0.51;-8.24;0.54;-8.04;0.55;-7.78;0.55;-7.48;CACC
587;16.6;22.6;0.6;8;100;6;Successful;Effective;collision;20.11;vtypeauto.1;vtypeauto.0;656.10;edge_0_0_0;0.0;-6.0;0.25;-7.47;0.39;-8.08;0.47;-8.28;0.51;-8.24;0.54;-8.04;0.55;-7.78;0.55;-7.48;CACC
588;16.6;22.6;0.6;10;100;6;Successful;Effective;collision;21.25;vtypeauto.1;vtypeauto.0;679.88;edge_0_0_0;0.0;-6.0;0.25;-7.47;0.39;-8.08;0.47;-8.28;0.51;-8.24;0.54;-8.04;0.55;-7.78;0.55;-7.48;CACC
589;16.6;22.6;0.6;5;80;7;Successful;Effective;collision;18.92;vtypeauto.1;vtypeauto.0;504.24;edge_0_0_0;0.0;-7.0;0.2;-8.71;0.32;-9.0;0.38;-9.0;0.41;-9.0;0.43;-8.73;0.44;-8.21;0.44;-8.23;CACC
590;16.6;22.6;0.6;8;80;7;Successful;Effective;collision;19.62;vtypeauto.1;vtypeauto.0;532.00;edge_0_0_0;0.0;-7.0;0.2;-8.71;0.32;-9.0;0.38;-9.0;0.41;-9.0;0.43;-8.73;0.44;-8.21;0.44;-8.23;CACC
591;16.6;22.6;0.6;10;80;7;Successful;Effective;collision;20.24;vtypeauto.1;vtypeauto.0;549.13;edge_0_0_0;0.0;-7.0;0.2;-8.71;0.32;-9.0;0.38;-9.0;0.41;-9.0;0.43;-8.73;0.44;-8.21;0.44;-8.23;CACC
592;16.6;22.6;0.6;5;100;7;Successful;Effective;collision;18.96;vtypeauto.1;vtypeauto.0;616.14;edge_0_0_0;0.0;-7.0;0.25;-8.72;0.39;-9.0;0.47;-9.0;0.51;-9.0;0.54;-9.0;0.55;-8.81;0.55;-8.48;CACC
593;16.6;22.6;0.6;8;100;7;Successful;Effective;collision;19.67;vtypeauto.1;vtypeauto.0;647.74;edge_0_0_0;0.0;-7.0;0.25;-8.72;0.39;-9.0;0.47;-9.0;0.51;-9.0;0.54;-9.0;0.55;-8.81;0.55;-8.48;CACC
594;16.6;22.6;0.6;10;100;7;Successful;Effective;collision;20.30;vtypeauto.1;vtypeauto.0;668.17;edge_0_0_0;0.0;-7.0;0.25;-8.72;0.39;-9.0;0.47;-9.0;0.51;-9.0;0.54;-9.0;0.55;-8.81;0.55;-8.48;CACC
595;16.6;22.6;0.6;5;80;8;Successful;Effective;collision;18.77;vtypeauto.1;vtypeauto.0;501.41;edge_0_0_0;0.0;-7.99;0.2;-9.0;0.32;-9.0;0.38;-9.0;0.41;-9.0;0.43;-9.0;0.44;-9.0;0.44;-9.0;CACC
596;16.6;22.6;0.6;8;80;8;Successful;Effective;collision;19.34;vtypeauto.1;vtypeauto.0;527.87;edge_0_0_0;0.0;-7.99;0.2;-9.0;0.32;-9.0;0.38;-9.0;0.41;-9.0;0.43;-9.0;0.44;-9.0;0.44;-9.0;CACC
597;16.6;22.6;0.6;10;80;8;Successful;Effective;collision;19.76;vtypeauto.1;vtypeauto.0;544.23;edge_0_0_0;0.0;-7.99;0.2;-9.0;0.32;-9.0;0.38;-9.0;0.41;-9.0;0.43;-9.0;0.44;-9.0;0.44;-9.0;CACC
598;16.6;22.6;0.6;5;100;8;Successful;Effective;collision;18.81;vtypeauto.1;vtypeauto.0;612.50;edge_0_0_0;0.0;-8.0;0.25;-9.0;0.39;-9.0;0.47;-9.0;0.51;-9.0;0.54;-9.0;0.55;-9.0;0.55;-9.0;CACC
599;16.6;22.6;0.6;8;100;8;Successful;Effective;collision;19.38;vtypeauto.1;vtypeauto.0;641.94;edge_0_0_0;0.0;-8.0;0.25;-9.0;0.39;-9.0;0.47;-9.0;0.51;-9.0;0.54;-9.0;0.55;-9.0;0.55;-9.0;CACC
600;16.6;22.6;0.6;10;100;8;Successful;Effective;collision;19.80;vtypeauto.1;vtypeauto.0;660.49;edge_0_0_0;0.0;-8.0;0.25;-9.0;0.39;-9.0;0.47;-9.0;0.51;-9.0;0.54;-9.0;0.55;-9.0;0.55;-9.0;CACC
601;16.6;22.6;0.7;5;80;5;Successful;Effective;collision;19.17;vtypeauto.1;vtypeauto.0;510.15;edge_0_0_0;0.0;-5.0;0.2;-6.53;0.32;-7.14;0.38;-7.34;0.41;-7.29;0.43;-7.06;0.44;-6.54;0.44;-6.15;CACC
602;16.6;22.6;0.7;8;80;5;Successful;Effective;collision;20.01;vtypeauto.1;vtypeauto.0;540.93;edge_0_0_0;0.0;-5.0;0.2;-6.53;0.32;-7.14;0.38;-7.34;0.41;-7.29;0.43;-7.06;0.44;-6.54;0.44;-6.15;CACC
603;16.6;22.6;0.7;10;80;5;Successful;Effective;collision;20.89;vtypeauto.1;vtypeauto.0;561.42;edge_0_0_0;0.0;-5.0;0.2;-6.53;0.32;-7.14;0.38;-7.34;0.41;-7.29;0.43;-7.06;0.44;-6.54;0.44;-6.15;CACC
604;16.6;22.6;0.7;5;100;5;Successful;Effective;collision;19.22;vtypeauto.1;vtypeauto.0;623.72;edge_0_0_0;0.0;-5.0;0.25;-6.53;0.39;-7.14;0.47;-7.35;0.51;-7.3;0.54;-7.11;0.55;-6.72;0.55;-6.17;CACC
605;16.6;22.6;0.7;8;100;5;Successful;Effective;collision;20.07;vtypeauto.1;vtypeauto.0;659.10;edge_0_0_0;0.0;-5.0;0.25;-6.53;0.39;-7.14;0.47;-7.35;0.51;-7.3;0.54;-7.1;0.55;-6.6;0.55;-6.17;CACC
606;16.6;22.6;0.7;10;100;5;Successful;Effective;collision;20.98;vtypeauto.1;vtypeauto.0;684.52;edge_0_0_0;0.0;-5.0;0.25;-6.53;0.39;-7.14;0.47;-7.35;0.51;-7.3;0.54;-7.1;0.55;-6.6;0.55;-6.17;CACC
607;16.6;22.6;0.7;5;80;6;Successful;Effective;collision;18.94;vtypeauto.1;vtypeauto.0;505.67;edge_0_0_0;0.0;-6.0;0.2;-7.83;0.32;-8.56;0.38;-8.8;0.41;-8.64;0.43;-7.83;0.44;-7.21;0.44;-7.26;CACC
608;16.6;22.6;0.7;8;80;6;Successful;Effective;collision;19.57;vtypeauto.1;vtypeauto.0;533.96;edge_0_0_0;0.0;-6.0;0.2;-7.83;0.32;-8.56;0.38;-8.8;0.41;-8.64;0.43;-7.83;0.44;-7.21;0.44;-7.26;CACC
609;16.6;22.6;0.7;10;80;6;Successful;Effective;collision;20.09;vtypeauto.1;vtypeauto.0;552.16;edge_0_0_0;0.0;-6.0;0.2;-7.83;0.32;-8.56;0.38;-8.8;0.41;-8.64;0.43;-7.83;0.44;-7.21;0.44;-7.26;CACC
610;16.6;22.6;0.7;5;100;6;Successful;Effective;collision;18.98;vtypeauto.1;vtypeauto.0;617.76;edge_0_0_0;0.0;-6.0;0.25;-7.84;0.39;-8.57;0.47;-8.81;0.51;-8.75;0.54;-8.49;0.55;-7.87;0.55;-7.38;CACC
611;16.6;22.6;0.7;8;100;6;Successful;Effective;collision;19.61;vtypeauto.1;vtypeauto.0;649.37;edge_0_0_0;0.0;-6.0;0.25;-7.84;0.39;-8.57;0.47;-8.81;0.51;-8.75;0.54;-8.49;0.55;-7.87;0.55;-7.38;CACC
612;16.6;22.6;0.7;10;100;6;Successful;Effective;collision;20.14;vtypeauto.1;vtypeauto.0;670.47;edge_0_0_0;0.0;-6.0;0.25;-7.84;0.39;-8.57;0.47;-8.81;0.51;-8.75;0.54;-8.49;0.55;-7.87;0.55;-7.38;CACC
613;16.6;22.6;0.7;5;80;7;Successful;Effective;collision;18.78;vtypeauto.1;vtypeauto.0;502.49;edge_0_0_0;0.0;-7.0;0.2;-9.0;0.32;-9.0;0.38;-9.0;0.41;-9.0;0.43;-8.37;0.44;-8.18;0.44;-8.27;CACC
614;16.6;22.6;0.7;8;80;7;Successful;Effective;collision;19.29;vtypeauto.1;vtypeauto.0;529.24;edge_0_0_0;0.0;-7.0;0.2;-9.0;0.32;-9.0;0.38;-9.0;0.41;-9.0;0.43;-8.37;0.44;-8.18;0.44;-8.27;CACC
615;16.6;22.6;0.7;10;80;7;Successful;Effective;collision;19.68;vtypeauto.1;vtypeauto.0;546.44;edge_0_0_0;0.0;-7.0;0.2;-9.0;0.32;-9.0;0.38;-9.0;0.41;-9.0;0.43;-8.37;0.44;-8.18;0.44;-8.27;CACC
616;16.6;22.6;0.7;5;100;7;Successful;Effective;collision;18.81;vtypeauto.1;vtypeauto.0;613.46;edge_0_0_0;0.0;-7.0;0.25;-9.0;0.39;-9.0;0.47;-9.0;0.51;-9.0;0.54;-9.0;0.55;-8.66;0.55;-8.56;CACC
617;16.6;22.6;0.7;8;100;7;Successful;Effective;collision;19.32;vtypeauto.1;vtypeauto.0;642.94;edge_0_0_0;0.0;-7.0;0.25;-9.0;0.39;-9.0;0.47;-9.0;0.51;-9.0;0.54;-9.0;0.55;-8.66;0.55;-8.56;CACC
618;16.6;22.6;0.7;10;100;7;Successful;Effective;collision;19.71;vtypeauto.1;vtypeauto.0;662.21;edge_0_0_0;0.0;-7.0;0.25;-9.0;0.39;-9.0;0.47;-9.0;0.51;-9.0;0.54;-9.0;0.55;-8.66;0.55;-8.56;CACC
619;16.6;22.6;0.7;5;80;8;Successful;Effective;collision;18.66;vtypeauto.1;vtypeauto.0;500.06;edge_0_0_0;0.0;-7.99;0.2;-9.0;0.32;-9.0;0.38;-9.0;0.41;-9.0;0.43;-8.95;0.44;-9.0;0.44;-9.0;CACC
620;16.6;22.6;0.7;8;80;8;Successful;Effective;collision;19.10;vtypeauto.1;vtypeauto.0;525.91;edge_0_0_0;0.0;-7.99;0.2;-9.0;0.32;-9.0;0.38;-9.0;0.41;-9.0;0.43;-8.95;0.44;-9.0;0.44;-9.0;CACC
621;16.6;22.6;0.7;10;80;8;Successful;Effective;collision;19.40;vtypeauto.1;vtypeauto.0;542.27;edge_0_0_0;0.0;-7.99;0.2;-9.0;0.32;-9.0;0.38;-9.0;0.41;-9.0;0.43;-8.95;0.44;-9.0;0.44;-9.0;CACC
622;16.6;22.6;0.7;5;100;8;Successful;Effective;collision;18.69;vtypeauto.1;vtypeauto.0;610.38;edge_0_0_0;0.0;-8.0;0.25;-9.0;0.39;-9.0;0.47;-9.0;0.51;-9.0;0.54;-9.0;0.55;-9.0;0.55;-9.0;CACC
623;16.6;22.6;0.7;8;100;8;Successful;Effective;collision;19.13;vtypeauto.1;vtypeauto.0;638.56;edge_0_0_0;0.0;-8.0;0.25;-9.0;0.39;-9.0;0.47;-9.0;0.51;-9.0;0.54;-9.0;0.55;-9.0;0.55;-9.0;CACC
624;16.6;22.6;0.7;10;100;8;Successful;Effective;collision;19.43;vtypeauto.1;vtypeauto.0;656.52;edge_0_0_0;0.0;-8.0;0.25;-9.0;0.39;-9.0;0.47;-9.0;0.51;-9.0;0.54;-9.0;0.55;-9.0;0.55;-9.0;CACC
625;16.6;22.6;0.8;5;80;5;Successful;Effective;collision;19.04;vtypeauto.1;vtypeauto.0;508.35;edge_0_0_0;0.0;-5.0;0.2;-6.84;0.32;-7.56;0.38;-7.8;0.41;-7.76;0.43;-7.2;0.44;-6.16;0.44;-6.24;CACC
626;16.6;22.6;0.8;8;80;5;Successful;Effective;collision;19.65;vtypeauto.1;vtypeauto.0;537.16;edge_0_0_0;0.0;-5.0;0.2;-6.84;0.32;-7.56;0.38;-7.8;0.41;-7.76;0.43;-7.2;0.44;-6.16;0.44;-6.24;CACC
627;16.6;22.6;0.8;10;80;5;Successful;Effective;collision;20.16;vtypeauto.1;vtypeauto.0;556.30;edge_0_0_0;0.0;-5.0;0.2;-6.84;0.32;-7.56;0.38;-7.8;0.41;-7.76;0.43;-7.2;0.44;-6.16;0.44;-6.24;CACC
628;16.6;22.6;0.8;5;100;5;Successful;Effective;collision;19.07;vtypeauto.1;vtypeauto.0;620.78;edge_0_0_0;0.0;-5.0;0.25;-6.84;0.39;-7.57;0.47;-7.81;0.51;-7.78;0.54;-7.41;0.55;-6.71;0.55;-6.3;CACC
629;16.6;22.6;0.8;8;100;5;Successful;Effective;collision;19.70;vtypeauto.1;vtypeauto.0;653.30;edge_0_0_0;0.0;-5.0;0.25;-6.84;0.39;-7.57;0.47;-7.81;0.51;-7.76;0.54;-7.37;0.55;-6.63;0.55;-6.29;CACC
630;16.6;22.6;0.8;10;100;5;Successful;Effective;collision;20.21;vtypeauto.1;vtypeauto.0;675.13;edge_0_0_0;0.0;-5.0;0.25;-6.84;0.39;-7.57;0.47;-7.81;0.51;-7.77;0.54;-7.32;0.55;-6.61;0.55;-6.26;CACC
631;16.6;22.6;0.8;5;80;6;Successful;Effective;collision;18.85;vtypeauto.1;vtypeauto.0;504.45;edge_0_0_0;0.0;-6.0;0.2;-8.2;0.32;-9.0;0.38;-9.0;0.41;-8.81;0.43;-7.44;0.44;-7.23;0.44;-7.31;CACC
632;16.6;22.6;0.8;8;80;6;Successful;Effective;collision;19.34;vtypeauto.1;vtypeauto.0;531.57;edge_0_0_0;0.0;-6.0;0.2;-8.2;0.32;-9.0;0.38;-9.0;0.41;-8.81;0.43;-7.44;0.44;-7.23;0.44;-7.31;CACC
633;16.6;22.6;0.8;10;80;6;Successful;Effective;collision;19.70;vtypeauto.1;vtypeauto.0;549.14;edge_0_0_0;0.0;-6.0;0.2;-8.2;0.32;-9.0;0.38;-9.0;0.41;-8.81;0.43;-7.44;0.44;-7.23;0.44;-7.31;CACC
634;16.6;22.6;0.8;5;100;6;Successful;Effective;collision;18.88;vtypeauto.1;vtypeauto.0;615.84;edge_0_0_0;0.0;-6.0;0.25;-8.21;0.39;-9.0;0.47;-9.0;0.51;-9.0;0.54;-8.67;0.55;-7.68;0.55;-7.52;CACC
635;16.6;22.6;0.8;8;100;6;Successful;Effective;collision;19.37;vtypeauto.1;vtypeauto.0;645.60;edge_0_0_0;0.0;-6.0;0.25;-8.21;0.39;-9.0;0.47;-9.0;0.51;-9.0;0.54;-8.67;0.55;-7.4;0.55;-7.49;CACC
636;16.6;22.6;0.8;10;100;6;Successful;Effective;collision;19.74;vtypeauto.1;vtypeauto.0;665.28;edge_0_0_0;0.0;-6.0;0.25;-8.21;0.39;-9.0;0.47;-9.0;0.51;-9.0;0.54;-8.67;0.55;-7.4;0.55;-7.49;CACC
637;16.6;22.6;0.8;5;80;7;Successful;Effective;collision;18.72;vtypeauto.1;vtypeauto.0;501.73;edge_0_0_0;0.0;-7.0;0.2;-9.0;0.32;-9.0;0.38;-9.0;0.41;-9.0;0.43;-8.09;0.44;-8.14;0.44;-8.21;CACC
638;16.6;22.6;0.8;8;80;7;Successful;Effective;collision;19.13;vtypeauto.1;vtypeauto.0;527.65;edge_0_0_0;0.0;-7.0;0.2;-9.0;0.32;-9.0;0.38;-9.0;0.41;-9.0;0.43;-8.09;0.44;-8.14;0.44;-8.21;CACC
639;16.6;22.6;0.8;10;80;7;Successful;Effective;collision;19.42;vtypeauto.1;vtypeauto.0;544.44;edge_0_0_0;0.0;-7.0;0.2;-9.0;0.32;-9.0;0.38;-9.0;0.41;-9.0;0.43;-8.09;0.44;-8.14;0.44;-8.21;CACC
640;16.6;22.6;0.8;5;100;7;Successful;Effective;collision;18.75;vtypeauto.1;vtypeauto.0;612.41;edge_0_0_0;0.0;-7.0;0.25;-9.0;0.39;-9.0;0.47;-9.0;0.51;-9.0;0.54;-9.0;0.55;-8.57;0.55;-8.65;CACC
641;16.6;22.6;0.8;8;100;7;Successful;Effective;collision;19.16;vtypeauto.1;vtypeauto.0;640.53;edge_0_0_0;0.0;-7.0;0.25;-9.0;0.39;-9.0;0.47;-9.0;0.51;-9.0;0.54;-9.0;0.55;-8.57;0.55;-8.65;CACC
642;16.6;22.6;0.8;10;100;7;Successful;Effective;collision;19.45;vtypeauto.1;vtypeauto.0;658.86;edge_0_0_0;0.0;-7.0;0.25;-9.0;0.39;-9.0;0.47;-9.0;0.51;-9.0;0.54;-9.0;0.55;-8.57;0.55;-8.65;CACC
643;16.6;22.6;0.8;5;80;8;Successful;Effective;collision;18.61;vtypeauto.1;vtypeauto.0;499.40;edge_0_0_0;0.0;-7.99;0.2;-9.0;0.32;-9.0;0.38;-9.0;0.41;-9.0;0.43;-8.82;0.44;-8.92;0.44;-9.0;CACC
644;16.6;22.6;0.8;8;80;8;Successful;Effective;collision;18.98;vtypeauto.1;vtypeauto.0;524.76;edge_0_0_0;0.0;-7.99;0.2;-9.0;0.32;-9.0;0.38;-9.0;0.41;-9.0;0.43;-8.82;0.44;-8.92;0.44;-9.0;CACC
645;16.6;22.6;0.8;10;80;8;Successful;Effective;collision;19.22;vtypeauto.1;vtypeauto.0;540.93;edge_0_0_0;0.0;-7.99;0.2;-9.0;0.32;-9.0;0.38;-9.0;0.41;-9.0;0.43;-8.82;0.44;-8.92;0.44;-9.0;CACC
646;16.6;22.6;0.8;5;100;8;Successful;Effective;collision;18.64;vtypeauto.1;vtypeauto.0;609.48;edge_0_0_0;0.0;-8.0;0.25;-9.0;0.39;-9.0;0.47;-9.0;0.51;-9.0;0.54;-9.0;0.55;-9.0;0.55;-9.0;CACC
647;16.6;22.6;0.8;8;100;8;Successful;Effective;collision;19.00;vtypeauto.1;vtypeauto.0;636.59;edge_0_0_0;0.0;-8.0;0.25;-9.0;0.39;-9.0;0.47;-9.0;0.51;-9.0;0.54;-9.0;0.55;-9.0;0.55;-9.0;CACC
648;16.6;22.6;0.8;10;100;8;Successful;Effective;collision;19.24;vtypeauto.1;vtypeauto.0;654.06;edge_0_0_0;0.0;-8.0;0.25;-9.0;0.39;-9.0;0.47;-9.0;0.51;-9.0;0.54;-9.0;0.55;-9.0;0.55;-9.0;CACC
649;16.6;22.6;0.9;5;80;5;Successful;Effective;collision;18.97;vtypeauto.1;vtypeauto.0;507.31;edge_0_0_0;0.0;-5.0;0.2;-7.16;0.32;-8.0;0.38;-8.3;0.41;-8.16;0.43;-6.95;0.44;-6.29;0.44;-6.31;CACC
650;16.6;22.6;0.9;8;80;5;Successful;Effective;collision;19.47;vtypeauto.1;vtypeauto.0;535.05;edge_0_0_0;0.0;-5.0;0.2;-7.16;0.32;-8.0;0.38;-8.3;0.41;-8.16;0.43;-6.79;0.44;-6.23;0.44;-6.31;CACC
651;16.6;22.6;0.9;10;80;5;Successful;Effective;collision;19.84;vtypeauto.1;vtypeauto.0;553.23;edge_0_0_0;0.0;-5.0;0.2;-7.16;0.32;-8.0;0.38;-8.3;0.41;-8.16;0.43;-6.79;0.44;-6.23;0.44;-6.31;CACC
652;16.6;22.6;0.9;5;100;5;Successful;Effective;collision;19.00;vtypeauto.1;vtypeauto.0;619.40;edge_0_0_0;0.0;-5.0;0.25;-7.16;0.39;-8.01;0.47;-8.31;0.51;-8.19;0.54;-7.53;0.55;-6.52;0.55;-6.39;CACC
653;16.6;22.6;0.9;8;100;5;Successful;Effective;collision;19.50;vtypeauto.1;vtypeauto.0;649.84;edge_0_0_0;0.0;-5.0;0.25;-7.16;0.39;-8.01;0.47;-8.31;0.51;-8.27;0.54;-7.48;0.55;-6.42;0.55;-6.38;CACC
654;16.6;22.6;0.9;10;100;5;Successful;Effective;collision;19.88;vtypeauto.1;vtypeauto.0;670.21;edge_0_0_0;0.0;-5.0;0.25;-7.16;0.39;-8.01;0.47;-8.31;0.51;-8.28;0.54;-7.24;0.55;-6.4;0.55;-6.37;CACC
655;16.6;22.6;0.9;5;80;6;Successful;Effective;collision;18.81;vtypeauto.1;vtypeauto.0;503.90;edge_0_0_0;0.0;-6.0;0.2;-8.59;0.32;-9.0;0.38;-9.0;0.41;-8.56;0.43;-7.19;0.44;-7.21;0.44;-7.28;CACC
656;16.6;22.6;0.9;8;80;6;Successful;Effective;collision;19.22;vtypeauto.1;vtypeauto.0;530.20;edge_0_0_0;0.0;-6.0;0.2;-8.59;0.32;-9.0;0.38;-9.0;0.41;-8.56;0.43;-7.19;0.44;-7.21;0.44;-7.28;CACC
657;16.6;22.6;0.9;10;80;6;Successful;Effective;collision;19.51;vtypeauto.1;vtypeauto.0;547.38;edge_0_0_0;0.0;-6.0;0.2;-8.59;0.32;-9.0;0.38;-9.0;0.41;-8.56;0.43;-7.19;0.44;-7.21;0.44;-7.28;CACC
658;16.6;22.6;0.9;5;100;6;Successful;Effective;collision;18.84;vtypeauto.1;vtypeauto.0;615.10;edge_0_0_0;0.0;-6.0;0.25;-8.59;0.39;-9.0;0.47;-9.0;0.51;-9.0;0.54;-8.88;0.55;-7.63;0.55;-7.61;CACC
659;16.6;22.6;0.9;8;100;6;Successful;Effective;collision;19.25;vtypeauto.1;vtypeauto.0;643.62;edge_0_0_0;0.0;-6.0;0.25;-8.59;0.39;-9.0;0.47;-9.0;0.51;-9.0;0.54;-8.52;0.55;-7.64;0.55;-7.62;CACC
660;16.6;22.6;0.9;10;100;6;Successful;Effective;collision;19.53;vtypeauto.1;vtypeauto.0;662.13;edge_0_0_0;0.0;-6.0;0.25;-8.59;0.39;-9.0;0.47;-9.0;0.51;-9.0;0.54;-8.35;0.55;-7.51;0.55;-7.61;CACC
661;16.6;22.6;0.9;5;80;7;Successful;Effective;collision;18.69;vtypeauto.1;vtypeauto.0;501.29;edge_0_0_0;0.0;-7.0;0.2;-9.0;0.32;-9.0;0.38;-9.0;0.41;-8.44;0.43;-7.96;0.44;-8.05;0.44;-8.13;CACC
662;16.6;22.6;0.9;8;80;7;Successful;Effective;collision;19.05;vtypeauto.1;vtypeauto.0;526.79;edge_0_0_0;0.0;-7.0;0.2;-9.0;0.32;-9.0;0.38;-9.0;0.41;-8.44;0.43;-7.96;0.44;-8.05;0.44;-8.13;CACC
663;16.6;22.6;0.9;10;80;7;Successful;Effective;collision;19.28;vtypeauto.1;vtypeauto.0;543.12;edge_0_0_0;0.0;-7.0;0.2;-9.0;0.32;-9.0;0.38;-9.0;0.41;-8.44;0.43;-7.96;0.44;-8.05;0.44;-8.13;CACC
664;16.6;22.6;0.9;5;100;7;Successful;Effective;collision;18.72;vtypeauto.1;vtypeauto.0;611.84;edge_0_0_0;0.0;-7.0;0.25;-9.0;0.39;-9.0;0.47;-9.0;0.51;-9.0;0.54;-8.6;0.55;-8.55;0.55;-8.65;CACC
665;16.6;22.6;0.9;8;100;7;Successful;Effective;collision;19.07;vtypeauto.1;vtypeauto.0;639.04;edge_0_0_0;0.0;-7.0;0.25;-9.0;0.39;-9.0;0.47;-9.0;0.51;-9.0;0.54;-8.6;0.55;-8.55;0.55;-8.65;CACC
666;16.6;22.6;0.9;10;100;7;Successful;Effective;collision;19.31;vtypeauto.1;vtypeauto.0;656.84;edge_0_0_0;0.0;-7.0;0.25;-9.0;0.39;-9.0;0.47;-9.0;0.51;-9.0;0.54;-8.6;0.55;-8.55;0.55;-8.65;CACC
667;16.6;22.6;0.9;5;80;8;Successful;Effective;collision;18.60;vtypeauto.1;vtypeauto.0;499.31;edge_0_0_0;0.0;-7.99;0.2;-9.0;0.32;-9.0;0.38;-9.0;0.41;-8.62;0.43;-8.6;0.44;-8.66;0.44;-8.67;CACC
668;16.6;22.6;0.9;8;80;8;Successful;Effective;collision;18.92;vtypeauto.1;vtypeauto.0;524.13;edge_0_0_0;0.0;-7.99;0.2;-9.0;0.32;-9.0;0.38;-9.0;0.41;-8.62;0.43;-8.6;0.44;-8.66;0.44;-8.67;CACC
669;16.6;22.6;0.9;10;80;8;Successful;Effective;collision;19.12;vtypeauto.1;vtypeauto.0;540.04;edge_0_0_0;0.0;-7.99;0.2;-9.0;0.32;-9.0;0.38;-9.0;0.41;-8.62;0.43;-8.6;0.44;-8.66;0.44;-8.67;CACC
670;16.6;22.6;0.9;5;100;8;Successful;Effective;collision;18.62;vtypeauto.1;vtypeauto.0;609.09;edge_0_0_0;0.0;-8.0;0.25;-9.0;0.39;-9.0;0.47;-9.0;0.51;-9.0;0.54;-9.0;0.55;-9.0;0.55;-9.0;CACC
671;16.6;22.6;0.9;8;100;8;Successful;Effective;collision;18.94;vtypeauto.1;vtypeauto.0;635.66;edge_0_0_0;0.0;-8.0;0.25;-9.0;0.39;-9.0;0.47;-9.0;0.51;-9.0;0.54;-9.0;0.55;-9.0;0.55;-9.0;CACC
672;16.6;22.6;0.9;10;100;8;Successful;Effective;collision;19.14;vtypeauto.1;vtypeauto.0;652.65;edge_0_0_0;0.0;-8.0;0.25;-9.0;0.39;-9.0;0.47;-9.0;0.51;-9.0;0.54;-9.0;0.55;-9.0;0.55;-9.0;CACC
673;16.7;22.7;0.6;5;80;5;Successful;Effective;collision;19.29;vtypeauto.1;vtypeauto.0;511.77;edge_0_0_0;0.0;-5.0;0.2;-6.37;0.32;-6.87;0.38;-7.03;0.41;-6.97;0.43;-6.79;0.44;-6.48;0.44;-6.21;CACC
674;16.7;22.7;0.6;8;80;5;Successful;Effective;collision;20.35;vtypeauto.1;vtypeauto.0;543.88;edge_0_0_0;0.0;-5.0;0.2;-6.37;0.32;-6.87;0.38;-7.03;0.41;-6.97;0.43;-6.79;0.44;-6.48;0.44;-6.21;CACC
675;16.7;22.7;0.6;10;80;5;Successful;Effective;No;No;No;No;No;No;0.0;-5.0;0.2;-6.37;0.32;-6.87;0.38;-7.03;0.41;-6.97;0.43;-6.79;0.44;-6.48;0.44;-6.21;CACC
676;16.7;22.7;0.6;5;100;5;Successful;Effective;collision;19.34;vtypeauto.1;vtypeauto.0;625.96;edge_0_0_0;0.0;-5.0;0.25;-6.38;0.39;-6.88;0.47;-7.04;0.51;-6.99;0.54;-6.81;0.55;-6.59;0.55;-6.31;CACC
677;16.7;22.7;0.6;8;100;5;Successful;Effective;collision;20.44;vtypeauto.1;vtypeauto.0;664.25;edge_0_0_0;0.0;-5.0;0.25;-6.38;0.39;-6.88;0.47;-7.04;0.51;-6.99;0.54;-6.81;0.55;-6.59;0.55;-6.31;CACC
678;16.7;22.7;0.6;10;100;5;Successful;Effective;No;No;No;No;No;No;0.0;-5.0;0.25;-6.38;0.39;-6.88;0.47;-7.04;0.51;-6.99;0.54;-6.81;0.55;-6.59;0.55;-6.31;CACC
679;16.7;22.7;0.6;5;80;6;Successful;Effective;collision;19.02;vtypeauto.1;vtypeauto.0;506.72;edge_0_0_0;0.0;-6.0;0.2;-7.64;0.32;-8.24;0.38;-8.42;0.41;-8.35;0.43;-7.92;0.44;-7.41;0.44;-7.24;CACC
680;16.7;22.7;0.6;8;80;6;Successful;Effective;collision;19.77;vtypeauto.1;vtypeauto.0;535.76;edge_0_0_0;0.0;-6.0;0.2;-7.64;0.32;-8.24;0.38;-8.42;0.41;-8.35;0.43;-7.92;0.44;-7.41;0.44;-7.24;CACC
681;16.7;22.7;0.6;10;80;6;Successful;Effective;collision;20.47;vtypeauto.1;vtypeauto.0;554.21;edge_0_0_0;0.0;-6.0;0.2;-7.64;0.32;-8.24;0.38;-8.42;0.41;-8.35;0.43;-7.92;0.44;-7.41;0.44;-7.24;CACC
682;16.7;22.7;0.6;5;100;6;Successful;Effective;collision;19.07;vtypeauto.1;vtypeauto.0;619.44;edge_0_0_0;0.0;-6.0;0.25;-7.65;0.39;-8.25;0.47;-8.44;0.51;-8.37;0.54;-8.15;0.55;-7.87;0.55;-7.55;CACC
683;16.7;22.7;0.6;8;100;6;Successful;Effective;collision;19.82;vtypeauto.1;vtypeauto.0;652.38;edge_0_0_0;0.0;-6.0;0.25;-7.65;0.39;-8.25;0.47;-8.44;0.51;-8.37;0.54;-8.15;0.55;-7.87;0.55;-7.55;CACC
684;16.7;22.7;0.6;10;100;6;Successful;Effective;collision;20.54;vtypeauto.1;vtypeauto.0;674.71;edge_0_0_0;0.0;-6.0;0.25;-7.65;0.39;-8.25;0.47;-8.44;0.51;-8.37;0.54;-8.15;0.55;-7.87;0.55;-7.55;CACC
685;16.7;22.7;0.6;5;80;7;Successful;Effective;collision;18.84;vtypeauto.1;vtypeauto.0;503.26;edge_0_0_0;0.0;-7.0;0.2;-8.92;0.32;-9.0;0.38;-9.0;0.41;-9.0;0.43;-8.74;0.44;-8.23;0.44;-8.28;CACC
686;16.7;22.7;0.6;8;80;7;Successful;Effective;collision;19.43;vtypeauto.1;vtypeauto.0;530.50;edge_0_0_0;0.0;-7.0;0.2;-8.92;0.32;-9.0;0.38;-9.0;0.41;-9.0;0.43;-8.74;0.44;-8.23;0.44;-8.28;CACC
687;16.7;22.7;0.6;10;80;7;Successful;Effective;collision;19.91;vtypeauto.1;vtypeauto.0;547.80;edge_0_0_0;0.0;-7.0;0.2;-8.92;0.32;-9.0;0.38;-9.0;0.41;-9.0;0.43;-8.74;0.44;-8.23;0.44;-8.28;CACC
688;16.7;22.7;0.6;5;100;7;Successful;Effective;collision;18.88;vtypeauto.1;vtypeauto.0;614.77;edge_0_0_0;0.0;-7.0;0.25;-8.92;0.39;-9.0;0.47;-9.0;0.51;-9.0;0.54;-9.0;0.55;-8.86;0.55;-8.54;CACC
689;16.7;22.7;0.6;8;100;7;Successful;Effective;collision;19.47;vtypeauto.1;vtypeauto.0;645.11;edge_0_0_0;0.0;-7.0;0.25;-8.92;0.39;-9.0;0.47;-9.0;0.51;-9.0;0.54;-9.0;0.55;-8.86;0.55;-8.54;CACC
690;16.7;22.7;0.6;10;100;7;Successful;Effective;collision;19.96;vtypeauto.1;vtypeauto.0;665.06;edge_0_0_0;0.0;-7.0;0.25;-8.92;0.39;-9.0;0.47;-9.0;0.51;-9.0;0.54;-9.0;0.55;-8.86;0.55;-8.54;CACC
691;16.7;22.7;0.6;5;80;8;Successful;Effective;collision;18.71;vtypeauto.1;vtypeauto.0;500.72;edge_0_0_0;0.0;-7.99;0.2;-9.0;0.32;-9.0;0.38;-9.0;0.41;-9.0;0.43;-9.0;0.44;-9.0;0.44;-9.0;CACC
692;16.7;22.7;0.6;8;80;8;Successful;Effective;collision;19.20;vtypeauto.1;vtypeauto.0;526.76;edge_0_0_0;0.0;-7.99;0.2;-9.0;0.32;-9.0;0.38;-9.0;0.41;-9.0;0.43;-9.0;0.44;-9.0;0.44;-9.0;CACC
693;16.7;22.7;0.6;10;80;8;Successful;Effective;collision;19.55;vtypeauto.1;vtypeauto.0;543.18;edge_0_0_0;0.0;-7.99;0.2;-9.0;0.32;-9.0;0.38;-9.0;0.41;-9.0;0.43;-9.0;0.44;-9.0;0.44;-9.0;CACC
694;16.7;22.7;0.6;5;100;8;Successful;Effective;collision;18.74;vtypeauto.1;vtypeauto.0;611.28;edge_0_0_0;0.0;-8.0;0.25;-9.0;0.39;-9.0;0.47;-9.0;0.51;-9.0;0.54;-9.0;0.55;-9.0;0.55;-9.0;CACC
695;16.7;22.7;0.6;8;100;8;Successful;Effective;collision;19.23;vtypeauto.1;vtypeauto.0;639.93;edge_0_0_0;0.0;-8.0;0.25;-9.0;0.39;-9.0;0.47;-9.0;0.51;-9.0;0.54;-9.0;0.55;-9.0;0.55;-9.0;CACC
696;16.7;22.7;0.6;10;100;8;Successful;Effective;collision;19.59;vtypeauto.1;vtypeauto.0;658.38;edge_0_0_0;0.0;-8.0;0.25;-9.0;0.39;-9.0;0.47;-9.0;0.51;-9.0;0.54;-9.0;0.55;-9.0;0.55;-9.0;CACC
697;16.7;22.7;0.7;5;80;5;Successful;Effective;collision;19.09;vtypeauto.1;vtypeauto.0;509.02;edge_0_0_0;0.0;-5.0;0.2;-6.68;0.32;-7.28;0.38;-7.47;0.41;-7.4;0.43;-7.05;0.44;-6.45;0.44;-6.21;CACC
698;16.7;22.7;0.7;8;80;5;Successful;Effective;collision;19.81;vtypeauto.1;vtypeauto.0;538.93;edge_0_0_0;0.0;-5.0;0.2;-6.68;0.32;-7.28;0.38;-7.47;0.41;-7.4;0.43;-7.05;0.44;-6.45;0.44;-6.21;CACC
699;16.7;22.7;0.7;10;80;5;Successful;Effective;collision;20.45;vtypeauto.1;vtypeauto.0;558.65;edge_0_0_0;0.0;-5.0;0.2;-6.68;0.32;-7.28;0.38;-7.47;0.41;-7.4;0.43;-7.05;0.44;-6.45;0.44;-6.21;CACC
700;16.7;22.7;0.7;5;100;5;Successful;Effective;collision;19.14;vtypeauto.1;vtypeauto.0;622.20;edge_0_0_0;0.0;-5.0;0.25;-6.68;0.39;-7.29;0.47;-7.48;0.51;-7.42;0.54;-7.21;0.55;-6.79;0.55;-6.27;CACC
701;16.7;22.7;0.7;8;100;5;Successful;Effective;collision;19.86;vtypeauto.1;vtypeauto.0;655.90;edge_0_0_0;0.0;-5.0;0.25;-6.68;0.39;-7.29;0.47;-7.48;0.51;-7.42;0.54;-7.2;0.55;-6.68;0.55;-6.23;CACC
702;16.7;22.7;0.7;10;100;5;Successful;Effective;collision;20.52;vtypeauto.1;vtypeauto.0;679.28;edge_0_0_0;0.0;-5.0;0.25;-6.68;0.39;-7.29;0.47;-7.48;0.51;-7.42;0.54;-7.2;0.55;-6.68;0.55;-6.23;CACC
703;16.7;22.7;0.7;5;80;6;Successful;Effective;collision;18.89;vtypeauto.1;vtypeauto.0;505.01;edge_0_0_0;0.0;-6.0;0.2;-8.01;0.32;-8.73;0.38;-8.95;0.41;-8.73;0.43;-7.82;0.44;-7.25;0.44;-7.3;CACC
704;16.7;22.7;0.7;8;80;6;Successful;Effective;collision;19.44;vtypeauto.1;vtypeauto.0;532.65;edge_0_0_0;0.0;-6.0;0.2;-8.01;0.32;-8.73;0.38;-8.95;0.41;-8.73;0.43;-7.82;0.44;-7.25;0.44;-7.3;CACC
705;16.7;22.7;0.7;10;80;6;Successful;Effective;collision;19.87;vtypeauto.1;vtypeauto.0;550.58;edge_0_0_0;0.0;-6.0;0.2;-8.01;0.32;-8.73;0.38;-8.95;0.41;-8.73;0.43;-7.82;0.44;-7.25;0.44;-7.3;CACC
706;16.7;22.7;0.7;5;100;6;Successful;Effective;collision;18.92;vtypeauto.1;vtypeauto.0;616.61;edge_0_0_0;0.0;-6.0;0.25;-8.02;0.39;-8.74;0.47;-8.97;0.51;-8.88;0.54;-8.6;0.55;-7.96;0.55;-7.45;CACC
707;16.7;22.7;0.7;8;100;6;Successful;Effective;collision;19.47;vtypeauto.1;vtypeauto.0;647.20;edge_0_0_0;0.0;-6.0;0.25;-8.02;0.39;-8.74;0.47;-8.97;0.51;-8.88;0.54;-8.6;0.55;-7.96;0.55;-7.45;CACC
708;16.7;22.7;0.7;10;100;6;Successful;Effective;collision;19.91;vtypeauto.1;vtypeauto.0;667.60;edge_0_0_0;0.0;-6.0;0.25;-8.02;0.39;-8.74;0.47;-8.97;0.51;-8.88;0.54;-8.6;0.55;-7.96;0.55;-7.45;CACC
709;16.7;22.7;0.7;5;80;7;Successful;Effective;collision;18.74;vtypeauto.1;vtypeauto.0;501.95;edge_0_0_0;0.0;-7.0;0.2;-9.0;0.32;-9.0;0.38;-9.0;0.41;-9.0;0.43;-8.32;0.44;-8.22;0.44;-8.3;CACC
710;16.7;22.7;0.7;8;80;7;Successful;Effective;collision;19.20;vtypeauto.1;vtypeauto.0;528.37;edge_0_0_0;0.0;-7.0;0.2;-9.0;0.32;-9.0;0.38;-9.0;0.41;-9.0;0.43;-8.32;0.44;-8.22;0.44;-8.3;CACC
711;16.7;22.7;0.7;10;80;7;Successful;Effective;collision;19.53;vtypeauto.1;vtypeauto.0;545.33;edge_0_0_0;0.0;-7.0;0.2;-9.0;0.32;-9.0;0.38;-9.0;0.41;-9.0;0.43;-8.32;0.44;-8.22;0.44;-8.3;CACC
712;16.7;22.7;0.7;5;100;7;Successful;Effective;collision;18.77;vtypeauto.1;vtypeauto.0;612.73;edge_0_0_0;0.0;-7.0;0.25;-9.0;0.39;-9.0;0.47;-9.0;0.51;-9.0;0.54;-9.0;0.55;-8.68;0.55;-8.63;CACC
713;16.7;22.7;0.7;8;100;7;Successful;Effective;collision;19.23;vtypeauto.1;vtypeauto.0;641.61;edge_0_0_0;0.0;-7.0;0.25;-9.0;0.39;-9.0;0.47;-9.0;0.51;-9.0;0.54;-9.0;0.55;-8.68;0.55;-8.63;CACC
714;16.7;22.7;0.7;10;100;7;Successful;Effective;collision;19.56;vtypeauto.1;vtypeauto.0;660.32;edge_0_0_0;0.0;-7.0;0.25;-9.0;0.39;-9.0;0.47;-9.0;0.51;-9.0;0.54;-9.0;0.55;-8.68;0.55;-8.63;CACC
715;16.7;22.7;0.7;5;80;8;Successful;Effective;collision;18.63;vtypeauto.1;vtypeauto.0;499.67;edge_0_0_0;0.0;-7.99;0.2;-9.0;0.32;-9.0;0.38;-9.0;0.41;-9.0;0.43;-8.99;0.44;-9.0;0.44;-9.0;CACC
716;16.7;22.7;0.7;8;80;8;Successful;Effective;collision;19.03;vtypeauto.1;vtypeauto.0;525.24;edge_0_0_0;0.0;-7.99;0.2;-9.0;0.32;-9.0;0.38;-9.0;0.41;-9.0;0.43;-8.99;0.44;-9.0;0.44;-9.0;CACC
717;16.7;22.7;0.7;10;80;8;Successful;Effective;collision;19.30;vtypeauto.1;vtypeauto.0;541.57;edge_0_0_0;0.0;-7.99;0.2;-9.0;0.32;-9.0;0.38;-9.0;0.41;-9.0;0.43;-8.99;0.44;-9.0;0.44;-9.0;CACC
718;16.7;22.7;0.7;5;100;8;Successful;Effective;collision;18.66;vtypeauto.1;vtypeauto.0;609.84;edge_0_0_0;0.0;-8.0;0.25;-9.0;0.39;-9.0;0.47;-9.0;0.51;-9.0;0.54;-9.0;0.55;-9.0;0.55;-9.0;CACC
719;16.7;22.7;0.7;8;100;8;Successful;Effective;collision;19.05;vtypeauto.1;vtypeauto.0;637.32;edge_0_0_0;0.0;-8.0;0.25;-9.0;0.39;-9.0;0.47;-9.0;0.51;-9.0;0.54;-9.0;0.55;-9.0;0.55;-9.0;CACC
720;16.7;22.7;0.7;10;100;8;Successful;Effective;collision;19.33;vtypeauto.1;vtypeauto.0;655.31;edge_0_0_0;0.0;-8.0;0.25;-9.0;0.39;-9.0;0.47;-9.0;0.51;-9.0;0.54;-9.0;0.55;-9.0;0.55;-9.0;CACC
721;16.7;22.7;0.8;5;80;5;Successful;Effective;collision;19.00;vtypeauto.1;vtypeauto.0;507.77;edge_0_0_0;0.0;-5.0;0.2;-7.0;0.32;-7.71;0.38;-7.94;0.41;-7.88;0.43;-7.29;0.44;-6.23;0.44;-6.3;CACC
722;16.7;22.7;0.8;8;80;5;Successful;Effective;collision;19.55;vtypeauto.1;vtypeauto.0;536.01;edge_0_0_0;0.0;-5.0;0.2;-7.0;0.32;-7.71;0.38;-7.94;0.41;-7.88;0.43;-7.29;0.44;-6.23;0.44;-6.3;CACC
723;16.7;22.7;0.8;10;80;5;Successful;Effective;collision;19.98;vtypeauto.1;vtypeauto.0;554.64;edge_0_0_0;0.0;-5.0;0.2;-7.0;0.32;-7.71;0.38;-7.94;0.41;-7.88;0.43;-7.29;0.44;-6.23;0.44;-6.3;CACC
724;16.7;22.7;0.8;5;100;5;Successful;Effective;collision;19.03;vtypeauto.1;vtypeauto.0;620.00;edge_0_0_0;0.0;-5.0;0.25;-7.0;0.39;-7.72;0.47;-7.95;0.51;-7.89;0.54;-7.51;0.55;-6.77;0.55;-6.35;CACC
725;16.7;22.7;0.8;8;100;5;Successful;Effective;collision;19.59;vtypeauto.1;vtypeauto.0;651.44;edge_0_0_0;0.0;-5.0;0.25;-7.0;0.39;-7.72;0.47;-7.95;0.51;-7.88;0.54;-7.51;0.55;-6.68;0.55;-6.34;CACC
726;16.7;22.7;0.8;10;100;5;Successful;Effective;collision;20.02;vtypeauto.1;vtypeauto.0;672.35;edge_0_0_0;0.0;-5.0;0.25;-7.0;0.39;-7.72;0.47;-7.95;0.51;-7.89;0.54;-7.36;0.55;-6.62;0.55;-6.34;CACC
727;16.7;22.7;0.8;5;80;6;Successful;Effective;collision;18.83;vtypeauto.1;vtypeauto.0;504.20;edge_0_0_0;0.0;-6.0;0.2;-8.39;0.32;-9.0;0.38;-9.0;0.41;-8.82;0.43;-7.38;0.44;-7.26;0.44;-7.34;CACC
728;16.7;22.7;0.8;8;80;6;Successful;Effective;collision;19.27;vtypeauto.1;vtypeauto.0;530.77;edge_0_0_0;0.0;-6.0;0.2;-8.39;0.32;-9.0;0.38;-9.0;0.41;-8.82;0.43;-7.38;0.44;-7.26;0.44;-7.34;CACC
729;16.7;22.7;0.8;10;80;6;Successful;Effective;collision;19.59;vtypeauto.1;vtypeauto.0;548.13;edge_0_0_0;0.0;-6.0;0.2;-8.39;0.32;-9.0;0.38;-9.0;0.41;-8.82;0.43;-7.38;0.44;-7.26;0.44;-7.34;CACC
730;16.7;22.7;0.8;5;100;6;Successful;Effective;collision;18.86;vtypeauto.1;vtypeauto.0;615.50;edge_0_0_0;0.0;-6.0;0.25;-8.4;0.39;-9.0;0.47;-9.0;0.51;-9.0;0.54;-8.79;0.55;-7.66;0.55;-7.58;CACC
731;16.7;22.7;0.8;8;100;6;Successful;Effective;collision;19.30;vtypeauto.1;vtypeauto.0;644.44;edge_0_0_0;0.0;-6.0;0.25;-8.4;0.39;-9.0;0.47;-9.0;0.51;-9.0;0.54;-8.79;0.55;-7.48;0.55;-7.56;CACC
732;16.7;22.7;0.8;10;100;6;Successful;Effective;collision;19.62;vtypeauto.1;vtypeauto.0;663.51;edge_0_0_0;0.0;-6.0;0.25;-8.4;0.39;-9.0;0.47;-9.0;0.51;-9.0;0.54;-8.79;0.55;-7.48;0.55;-7.56;CACC
733;16.7;22.7;0.8;5;80;7;Successful;Effective;collision;18.70;vtypeauto.1;vtypeauto.0;501.43;edge_0_0_0;0.0;-7.0;0.2;-9.0;0.32;-9.0;0.38;-9.0;0.41;-9.0;0.43;-8.12;0.44;-8.18;0.44;-8.25;CACC
734;16.7;22.7;0.8;8;80;7;Successful;Effective;collision;19.08;vtypeauto.1;vtypeauto.0;527.09;edge_0_0_0;0.0;-7.0;0.2;-9.0;0.32;-9.0;0.38;-9.0;0.41;-9.0;0.43;-8.12;0.44;-8.18;0.44;-8.25;CACC
735;16.7;22.7;0.8;10;80;7;Successful;Effective;collision;19.34;vtypeauto.1;vtypeauto.0;543.70;edge_0_0_0;0.0;-7.0;0.2;-9.0;0.32;-9.0;0.38;-9.0;0.41;-9.0;0.43;-8.12;0.44;-8.18;0.44;-8.25;CACC
736;16.7;22.7;0.8;5;100;7;Successful;Effective;collision;18.73;vtypeauto.1;vtypeauto.0;612.02;edge_0_0_0;0.0;-7.0;0.25;-9.0;0.39;-9.0;0.47;-9.0;0.51;-9.0;0.54;-9.0;0.55;-8.63;0.55;-8.71;CACC
737;16.7;22.7;0.8;8;100;7;Successful;Effective;collision;19.11;vtypeauto.1;vtypeauto.0;639.72;edge_0_0_0;0.0;-7.0;0.25;-9.0;0.39;-9.0;0.47;-9.0;0.51;-9.0;0.54;-9.0;0.55;-8.63;0.55;-8.71;CACC
738;16.7;22.7;0.8;10;100;7;Successful;Effective;collision;19.37;vtypeauto.1;vtypeauto.0;657.72;edge_0_0_0;0.0;-7.0;0.25;-9.0;0.39;-9.0;0.47;-9.0;0.51;-9.0;0.54;-9.0;0.55;-8.63;0.55;-8.71;CACC
739;16.7;22.7;0.8;5;80;8;Successful;Effective;collision;18.60;vtypeauto.1;vtypeauto.0;499.27;edge_0_0_0;0.0;-7.99;0.2;-9.0;0.32;-9.0;0.38;-9.0;0.41;-9.0;0.43;-8.78;0.44;-8.9;0.44;-8.97;CACC
740;16.7;22.7;0.8;8;80;8;Successful;Effective;collision;18.94;vtypeauto.1;vtypeauto.0;524.30;edge_0_0_0;0.0;-7.99;0.2;-9.0;0.32;-9.0;0.38;-9.0;0.41;-9.0;0.43;-8.78;0.44;-8.9;0.44;-8.97;CACC
741;16.7;22.7;0.8;10;80;8;Successful;Effective;collision;19.16;vtypeauto.1;vtypeauto.0;540.38;edge_0_0_0;0.0;-7.99;0.2;-9.0;0.32;-9.0;0.38;-9.0;0.41;-9.0;0.43;-8.78;0.44;-8.9;0.44;-8.97;CACC
742;16.7;22.7;0.8;5;100;8;Successful;Effective;collision;18.63;vtypeauto.1;vtypeauto.0;609.31;edge_0_0_0;0.0;-8.0;0.25;-9.0;0.39;-9.0;0.47;-9.0;0.51;-9.0;0.54;-9.0;0.55;-9.0;0.55;-9.0;CACC
743;16.7;22.7;0.8;8;100;8;Successful;Effective;collision;18.96;vtypeauto.1;vtypeauto.0;635.93;edge_0_0_0;0.0;-8.0;0.25;-9.0;0.39;-9.0;0.47;-9.0;0.51;-9.0;0.54;-9.0;0.55;-9.0;0.55;-9.0;CACC
744;16.7;22.7;0.8;10;100;8;Successful;Effective;collision;19.19;vtypeauto.1;vtypeauto.0;653.43;edge_0_0_0;0.0;-8.0;0.25;-9.0;0.39;-9.0;0.47;-9.0;0.51;-9.0;0.54;-9.0;0.55;-9.0;0.55;-9.0;CACC
745;16.7;22.7;0.9;5;80;5;Successful;Effective;collision;18.95;vtypeauto.1;vtypeauto.0;507.00;edge_0_0_0;0.0;-5.0;0.2;-7.32;0.32;-8.16;0.38;-8.44;0.41;-8.33;0.43;-7.04;0.44;-6.36;0.44;-6.4;CACC
746;16.7;22.7;0.9;8;80;5;Successful;Effective;collision;19.41;vtypeauto.1;vtypeauto.0;534.28;edge_0_0_0;0.0;-5.0;0.2;-7.32;0.32;-8.16;0.38;-8.44;0.41;-8.28;0.43;-6.88;0.44;-6.32;0.44;-6.37;CACC
747;16.7;22.7;0.9;10;80;5;Successful;Effective;collision;19.75;vtypeauto.1;vtypeauto.0;552.31;edge_0_0_0;0.0;-5.0;0.2;-7.32;0.32;-8.16;0.38;-8.44;0.41;-8.28;0.43;-6.88;0.44;-6.29;0.44;-6.37;CACC
748;16.7;22.7;0.9;5;100;5;Successful;Effective;collision;18.98;vtypeauto.1;vtypeauto.0;618.99;edge_0_0_0;0.0;-5.0;0.25;-7.32;0.39;-8.17;0.47;-8.45;0.51;-8.26;0.54;-7.66;0.55;-6.57;0.55;-6.44;CACC
749;16.7;22.7;0.9;8;100;5;Successful;Effective;collision;19.45;vtypeauto.1;vtypeauto.0;649.00;edge_0_0_0;0.0;-5.0;0.25;-7.32;0.39;-8.17;0.47;-8.45;0.51;-8.4;0.54;-7.6;0.55;-6.49;0.55;-6.44;CACC
750;16.7;22.7;0.9;10;100;5;Successful;Effective;collision;19.78;vtypeauto.1;vtypeauto.0;668.62;edge_0_0_0;0.0;-5.0;0.25;-7.32;0.39;-8.17;0.47;-8.45;0.51;-8.41;0.54;-7.58;0.55;-6.48;0.55;-6.42;CACC
751;16.7;22.7;0.9;5;80;6;Successful;Effective;collision;18.80;vtypeauto.1;vtypeauto.0;503.75;edge_0_0_0;0.0;-6.0;0.2;-8.78;0.32;-9.0;0.38;-9.0;0.41;-8.46;0.43;-7.22;0.44;-7.26;0.44;-7.33;CACC
752;16.7;22.7;0.9;8;80;6;Successful;Effective;collision;19.19;vtypeauto.1;vtypeauto.0;529.88;edge_0_0_0;0.0;-6.0;0.2;-8.78;0.32;-9.0;0.38;-9.0;0.41;-8.46;0.43;-7.22;0.44;-7.26;0.44;-7.33;CACC
753;16.7;22.7;0.9;10;80;6;Successful;Effective;collision;19.45;vtypeauto.1;vtypeauto.0;546.77;edge_0_0_0;0.0;-6.0;0.2;-8.78;0.32;-9.0;0.38;-9.0;0.41;-8.46;0.43;-7.22;0.44;-7.26;0.44;-7.33;CACC
754;16.7;22.7;0.9;5;100;6;Successful;Effective;collision;18.83;vtypeauto.1;vtypeauto.0;614.91;edge_0_0_0;0.0;-6.0;0.25;-8.78;0.39;-9.0;0.47;-9.0;0.51;-9.0;0.54;-8.99;0.55;-7.71;0.55;-7.69;CACC
755;16.7;22.7;0.9;8;100;6;Successful;Effective;collision;19.21;vtypeauto.1;vtypeauto.0;642.91;edge_0_0_0;0.0;-6.0;0.25;-8.78;0.39;-9.0;0.47;-9.0;0.51;-9.0;0.54;-8.63;0.55;-7.7;0.55;-7.65;CACC
756;16.7;22.7;0.9;10;100;6;Successful;Effective;collision;19.47;vtypeauto.1;vtypeauto.0;661.21;edge_0_0_0;0.0;-6.0;0.25;-8.78;0.39;-9.0;0.47;-9.0;0.51;-9.0;0.54;-8.46;0.55;-7.69;0.55;-7.65;CACC
757;16.7;22.7;0.9;5;80;7;Successful;Effective;collision;18.69;vtypeauto.1;vtypeauto.0;501.32;edge_0_0_0;0.0;-7.0;0.2;-9.0;0.32;-9.0;0.38;-9.0;0.41;-8.23;0.43;-7.94;0.44;-8.04;0.44;-8.11;CACC
758;16.7;22.7;0.9;8;80;7;Successful;Effective;collision;19.03;vtypeauto.1;vtypeauto.0;526.59;edge_0_0_0;0.0;-7.0;0.2;-9.0;0.32;-9.0;0.38;-9.0;0.41;-8.23;0.43;-7.94;0.44;-8.04;0.44;-8.11;CACC
759;16.7;22.7;0.9;10;80;7;Successful;Effective;collision;19.24;vtypeauto.1;vtypeauto.0;542.73;edge_0_0_0;0.0;-7.0;0.2;-9.0;0.32;-9.0;0.38;-9.0;0.41;-8.23;0.43;-7.94;0.44;-8.04;0.44;-8.11;CACC
760;16.7;22.7;0.9;5;100;7;Successful;Effective;collision;18.71;vtypeauto.1;vtypeauto.0;611.61;edge_0_0_0;0.0;-7.0;0.25;-9.0;0.39;-9.0;0.47;-9.0;0.51;-9.0;0.54;-8.55;0.55;-8.58;0.55;-8.68;CACC
761;16.7;22.7;0.9;8;100;7;Successful;Effective;collision;19.05;vtypeauto.1;vtypeauto.0;638.74;edge_0_0_0;0.0;-7.0;0.25;-9.0;0.39;-9.0;0.47;-9.0;0.51;-9.0;0.54;-8.55;0.55;-8.58;0.55;-8.68;CACC
762;16.7;22.7;0.9;10;100;7;Successful;Effective;collision;19.27;vtypeauto.1;vtypeauto.0;656.26;edge_0_0_0;0.0;-7.0;0.25;-9.0;0.39;-9.0;0.47;-9.0;0.51;-9.0;0.54;-8.55;0.55;-8.58;0.55;-8.68;CACC
763;16.7;22.7;0.9;5;80;8;Successful;Effective;collision;18.60;vtypeauto.1;vtypeauto.0;499.33;edge_0_0_0;0.0;-7.99;0.2;-9.0;0.32;-9.0;0.38;-9.0;0.41;-8.64;0.43;-8.63;0.44;-8.7;0.44;-8.7;CACC
764;16.7;22.7;0.9;8;80;8;Successful;Effective;collision;18.90;vtypeauto.1;vtypeauto.0;523.86;edge_0_0_0;0.0;-7.99;0.2;-9.0;0.32;-9.0;0.38;-9.0;0.41;-8.64;0.43;-8.63;0.44;-8.7;0.44;-8.7;CACC
765;16.7;22.7;0.9;10;80;8;Successful;Effective;collision;19.10;vtypeauto.1;vtypeauto.0;539.93;edge_0_0_0;0.0;-7.99;0.2;-9.0;0.32;-9.0;0.38;-9.0;0.41;-8.64;0.43;-8.63;0.44;-8.7;0.44;-8.7;CACC
766;16.7;22.7;0.9;5;100;8;Successful;Effective;collision;18.62;vtypeauto.1;vtypeauto.0;609.11;edge_0_0_0;0.0;-8.0;0.25;-9.0;0.39;-9.0;0.47;-9.0;0.51;-9.0;0.54;-9.0;0.55;-9.0;0.55;-9.0;CACC
767;16.7;22.7;0.9;8;100;8;Successful;Effective;collision;18.92;vtypeauto.1;vtypeauto.0;635.29;edge_0_0_0;0.0;-8.0;0.25;-9.0;0.39;-9.0;0.47;-9.0;0.51;-9.0;0.54;-9.0;0.55;-9.0;0.55;-9.0;CACC
768;16.7;22.7;0.9;10;100;8;Successful;Effective;collision;19.12;vtypeauto.1;vtypeauto.0;652.46;edge_0_0_0;0.0;-8.0;0.25;-9.0;0.39;-9.0;0.47;-9.0;0.51;-9.0;0.54;-9.0;0.55;-9.0;0.55;-9.0;CACC
769;16.8;22.8;0.6;5;80;5;Successful;Effective;collision;19.17;vtypeauto.1;vtypeauto.0;510.13;edge_0_0_0;0.0;-5.0;0.2;-6.52;0.32;-7.02;0.38;-7.16;0.41;-7.08;0.43;-6.88;0.44;-6.53;0.44;-6.25;CACC
770;16.8;22.8;0.6;8;80;5;Successful;Effective;collision;20.03;vtypeauto.1;vtypeauto.0;541.11;edge_0_0_0;0.0;-5.0;0.2;-6.52;0.32;-7.02;0.38;-7.16;0.41;-7.08;0.43;-6.88;0.44;-6.53;0.44;-6.25;CACC
771;16.8;22.8;0.6;10;80;5;Successful;Effective;collision;20.95;vtypeauto.1;vtypeauto.0;561.72;edge_0_0_0;0.0;-5.0;0.2;-6.52;0.32;-7.02;0.38;-7.16;0.41;-7.08;0.43;-6.88;0.44;-6.53;0.44;-6.25;CACC
772;16.8;22.8;0.6;5;100;5;Successful;Effective;collision;19.22;vtypeauto.1;vtypeauto.0;623.70;edge_0_0_0;0.0;-5.0;0.25;-6.53;0.39;-7.02;0.47;-7.17;0.51;-7.1;0.54;-6.9;0.55;-6.66;0.55;-6.38;CACC
773;16.8;22.8;0.6;8;100;5;Successful;Effective;collision;20.09;vtypeauto.1;vtypeauto.0;659.39;edge_0_0_0;0.0;-5.0;0.25;-6.53;0.39;-7.02;0.47;-7.17;0.51;-7.1;0.54;-6.9;0.55;-6.66;0.55;-6.38;CACC
774;16.8;22.8;0.6;10;100;5;Successful;Effective;collision;21.05;vtypeauto.1;vtypeauto.0;685.23;edge_0_0_0;0.0;-5.0;0.25;-6.53;0.39;-7.02;0.47;-7.17;0.51;-7.1;0.54;-6.9;0.55;-6.66;0.55;-6.38;CACC
775;16.8;22.8;0.6;5;80;6;Successful;Effective;collision;18.94;vtypeauto.1;vtypeauto.0;505.65;edge_0_0_0;0.0;-6.0;0.2;-7.82;0.32;-8.41;0.38;-8.58;0.41;-8.47;0.43;-7.97;0.44;-7.44;0.44;-7.31;CACC
776;16.8;22.8;0.6;8;80;6;Successful;Effective;collision;19.58;vtypeauto.1;vtypeauto.0;534.04;edge_0_0_0;0.0;-6.0;0.2;-7.82;0.32;-8.41;0.38;-8.58;0.41;-8.47;0.43;-7.97;0.44;-7.44;0.44;-7.31;CACC
777;16.8;22.8;0.6;10;80;6;Successful;Effective;collision;20.11;vtypeauto.1;vtypeauto.0;552.28;edge_0_0_0;0.0;-6.0;0.2;-7.82;0.32;-8.41;0.38;-8.58;0.41;-8.47;0.43;-7.97;0.44;-7.44;0.44;-7.31;CACC
778;16.8;22.8;0.6;5;100;6;Successful;Effective;collision;18.98;vtypeauto.1;vtypeauto.0;617.74;edge_0_0_0;0.0;-6.0;0.25;-7.83;0.39;-8.42;0.47;-8.59;0.51;-8.5;0.54;-8.26;0.55;-7.9;0.55;-7.56;CACC
779;16.8;22.8;0.6;8;100;6;Successful;Effective;collision;19.62;vtypeauto.1;vtypeauto.0;649.51;edge_0_0_0;0.0;-6.0;0.25;-7.83;0.39;-8.42;0.47;-8.59;0.51;-8.5;0.54;-8.26;0.55;-7.9;0.55;-7.56;CACC
780;16.8;22.8;0.6;10;100;6;Successful;Effective;collision;20.16;vtypeauto.1;vtypeauto.0;670.69;edge_0_0_0;0.0;-6.0;0.25;-7.83;0.39;-8.42;0.47;-8.59;0.51;-8.5;0.54;-8.26;0.55;-7.9;0.55;-7.56;CACC
781;16.8;22.8;0.6;5;80;7;Successful;Effective;collision;18.78;vtypeauto.1;vtypeauto.0;502.48;edge_0_0_0;0.0;-7.0;0.2;-9.0;0.32;-9.0;0.38;-9.0;0.41;-9.0;0.43;-8.74;0.44;-8.27;0.44;-8.33;CACC
782;16.8;22.8;0.6;8;80;7;Successful;Effective;collision;19.30;vtypeauto.1;vtypeauto.0;529.35;edge_0_0_0;0.0;-7.0;0.2;-9.0;0.32;-9.0;0.38;-9.0;0.41;-9.0;0.43;-8.74;0.44;-8.27;0.44;-8.33;CACC
783;16.8;22.8;0.6;10;80;7;Successful;Effective;collision;19.69;vtypeauto.1;vtypeauto.0;546.49;edge_0_0_0;0.0;-7.0;0.2;-9.0;0.32;-9.0;0.38;-9.0;0.41;-9.0;0.43;-8.74;0.44;-8.27;0.44;-8.33;CACC
784;16.8;22.8;0.6;5;100;7;Successful;Effective;collision;18.82;vtypeauto.1;vtypeauto.0;613.69;edge_0_0_0;0.0;-7.0;0.25;-9.0;0.39;-9.0;0.47;-9.0;0.51;-9.0;0.54;-9.0;0.55;-8.91;0.55;-8.59;CACC
785;16.8;22.8;0.6;8;100;7;Successful;Effective;collision;19.33;vtypeauto.1;vtypeauto.0;643.10;edge_0_0_0;0.0;-7.0;0.25;-9.0;0.39;-9.0;0.47;-9.0;0.51;-9.0;0.54;-9.0;0.55;-8.91;0.55;-8.59;CACC
786;16.8;22.8;0.6;10;100;7;Successful;Effective;collision;19.73;vtypeauto.1;vtypeauto.0;662.48;edge_0_0_0;0.0;-7.0;0.25;-9.0;0.39;-9.0;0.47;-9.0;0.51;-9.0;0.54;-9.0;0.55;-8.91;0.55;-8.59;CACC
787;16.8;22.8;0.6;5;80;8;Successful;Effective;collision;18.66;vtypeauto.1;vtypeauto.0;500.06;edge_0_0_0;0.0;-7.99;0.2;-9.0;0.32;-9.0;0.38;-9.0;0.41;-9.0;0.43;-9.0;0.44;-9.0;0.44;-9.0;CACC
788;16.8;22.8;0.6;8;80;8;Successful;Effective;collision;19.10;vtypeauto.1;vtypeauto.0;525.87;edge_0_0_0;0.0;-7.99;0.2;-9.0;0.32;-9.0;0.38;-9.0;0.41;-9.0;0.43;-9.0;0.44;-9.0;0.44;-9.0;CACC
789;16.8;22.8;0.6;10;80;8;Successful;Effective;collision;19.41;vtypeauto.1;vtypeauto.0;542.35;edge_0_0_0;0.0;-7.99;0.2;-9.0;0.32;-9.0;0.38;-9.0;0.41;-9.0;0.43;-9.0;0.44;-9.0;0.44;-9.0;CACC
790;16.8;22.8;0.6;5;100;8;Successful;Effective;collision;18.69;vtypeauto.1;vtypeauto.0;610.37;edge_0_0_0;0.0;-8.0;0.25;-9.0;0.39;-9.0;0.47;-9.0;0.51;-9.0;0.54;-9.0;0.55;-9.0;0.55;-9.0;CACC
791;16.8;22.8;0.6;8;100;8;Successful;Effective;collision;19.13;vtypeauto.1;vtypeauto.0;638.53;edge_0_0_0;0.0;-8.0;0.25;-9.0;0.39;-9.0;0.47;-9.0;0.51;-9.0;0.54;-9.0;0.55;-9.0;0.55;-9.0;CACC
792;16.8;22.8;0.6;10;100;8;Successful;Effective;collision;19.44;vtypeauto.1;vtypeauto.0;656.65;edge_0_0_0;0.0;-8.0;0.25;-9.0;0.39;-9.0;0.47;-9.0;0.51;-9.0;0.54;-9.0;0.55;-9.0;0.55;-9.0;CACC
793;16.8;22.8;0.7;5;80;5;Successful;Effective;collision;19.04;vtypeauto.1;vtypeauto.0;508.34;edge_0_0_0;0.0;-5.0;0.2;-6.84;0.32;-7.43;0.38;-7.6;0.41;-7.52;0.43;-7.1;0.44;-6.46;0.44;-6.27;CACC
794;16.8;22.8;0.7;8;80;5;Successful;Effective;collision;19.66;vtypeauto.1;vtypeauto.0;537.28;edge_0_0_0;0.0;-5.0;0.2;-6.84;0.32;-7.43;0.38;-7.6;0.41;-7.52;0.43;-7.1;0.44;-6.46;0.44;-6.27;CACC
795;16.8;22.8;0.7;10;80;5;Successful;Effective;collision;20.18;vtypeauto.1;vtypeauto.0;556.49;edge_0_0_0;0.0;-5.0;0.2;-6.84;0.32;-7.43;0.38;-7.6;0.41;-7.52;0.43;-7.1;0.44;-6.46;0.44;-6.27;CACC
796;16.8;22.8;0.7;5;100;5;Successful;Effective;collision;19.08;vtypeauto.1;vtypeauto.0;621.02;edge_0_0_0;0.0;-5.0;0.25;-6.84;0.39;-7.44;0.47;-7.62;0.51;-7.53;0.54;-7.31;0.55;-6.87;0.55;-6.4;CACC
797;16.8;22.8;0.7;8;100;5;Successful;Effective;collision;19.70;vtypeauto.1;vtypeauto.0;653.27;edge_0_0_0;0.0;-5.0;0.25;-6.84;0.39;-7.44;0.47;-7.62;0.51;-7.53;0.54;-7.3;0.55;-6.76;0.55;-6.29;CACC
798;16.8;22.8;0.7;10;100;5;Successful;Effective;collision;20.23;vtypeauto.1;vtypeauto.0;675.42;edge_0_0_0;0.0;-5.0;0.25;-6.84;0.39;-7.44;0.47;-7.62;0.51;-7.53;0.54;-7.3;0.55;-6.76;0.55;-6.29;CACC
799;16.8;22.8;0.7;5;80;6;Successful;Effective;collision;18.85;vtypeauto.1;vtypeauto.0;504.44;edge_0_0_0;0.0;-6.0;0.2;-8.2;0.32;-8.91;0.38;-9.0;0.41;-8.81;0.43;-7.8;0.44;-7.31;0.44;-7.37;CACC
800;16.8;22.8;0.7;8;80;6;Successful;Effective;collision;19.34;vtypeauto.1;vtypeauto.0;531.55;edge_0_0_0;0.0;-6.0;0.2;-8.2;0.32;-8.91;0.38;-9.0;0.41;-8.81;0.43;-7.8;0.44;-7.31;0.44;-7.37;CACC
801;16.8;22.8;0.7;10;80;6;Successful;Effective;collision;19.71;vtypeauto.1;vtypeauto.0;549.23;edge_0_0_0;0.0;-6.0;0.2;-8.2;0.32;-8.91;0.38;-9.0;0.41;-8.81;0.43;-7.8;0.44;-7.31;0.44;-7.37;CACC
802;16.8;22.8;0.7;5;100;6;Successful;Effective;collision;18.88;vtypeauto.1;vtypeauto.0;615.84;edge_0_0_0;0.0;-6.0;0.25;-8.2;0.39;-8.92;0.47;-9.0;0.51;-9.0;0.54;-8.72;0.55;-8.05;0.55;-7.53;CACC
803;16.8;22.8;0.7;8;100;6;Successful;Effective;collision;19.38;vtypeauto.1;vtypeauto.0;645.80;edge_0_0_0;0.0;-6.0;0.25;-8.2;0.39;-8.92;0.47;-9.0;0.51;-9.0;0.54;-8.72;0.55;-8.05;0.55;-7.53;CACC
804;16.8;22.8;0.7;10;100;6;Successful;Effective;collision;19.75;vtypeauto.1;vtypeauto.0;665.43;edge_0_0_0;0.0;-6.0;0.25;-8.2;0.39;-8.92;0.47;-9.0;0.51;-9.0;0.54;-8.72;0.55;-8.05;0.55;-7.53;CACC
805;16.8;22.8;0.7;5;80;7;Successful;Effective;collision;18.72;vtypeauto.1;vtypeauto.0;501.73;edge_0_0_0;0.0;-7.0;0.2;-9.0;0.32;-9.0;0.38;-9.0;0.41;-9.0;0.43;-8.25;0.44;-8.24;0.44;-8.33;CACC
806;16.8;22.8;0.7;8;80;7;Successful;Effective;collision;19.13;vtypeauto.1;vtypeauto.0;527.63;edge_0_0_0;0.0;-7.0;0.2;-9.0;0.32;-9.0;0.38;-9.0;0.41;-9.0;0.43;-8.25;0.44;-8.24;0.44;-8.33;CACC
807;16.8;22.8;0.7;10;80;7;Successful;Effective;collision;19.42;vtypeauto.1;vtypeauto.0;544.40;edge_0_0_0;0.0;-7.0;0.2;-9.0;0.32;-9.0;0.38;-9.0;0.41;-9.0;0.43;-8.25;0.44;-8.24;0.44;-8.33;CACC
808;16.8;22.8;0.7;5;100;7;Successful;Effective;collision;18.75;vtypeauto.1;vtypeauto.0;612.41;edge_0_0_0;0.0;-7.0;0.25;-9.0;0.39;-9.0;0.47;-9.0;0.51;-9.0;0.54;-9.0;0.55;-8.69;0.55;-8.69;CACC
809;16.8;22.8;0.7;8;100;7;Successful;Effective;collision;19.16;vtypeauto.1;vtypeauto.0;640.51;edge_0_0_0;0.0;-7.0;0.25;-9.0;0.39;-9.0;0.47;-9.0;0.51;-9.0;0.54;-9.0;0.55;-8.69;0.55;-8.69;CACC
810;16.8;22.8;0.7;10;100;7;Successful;Effective;collision;19.45;vtypeauto.1;vtypeauto.0;658.83;edge_0_0_0;0.0;-7.0;0.25;-9.0;0.39;-9.0;0.47;-9.0;0.51;-9.0;0.54;-9.0;0.55;-8.69;0.55;-8.69;CACC
811;16.8;22.8;0.7;5;80;8;Successful;Effective;collision;18.61;vtypeauto.1;vtypeauto.0;499.40;edge_0_0_0;0.0;-7.99;0.2;-9.0;0.32;-9.0;0.38;-9.0;0.41;-9.0;0.43;-9.0;0.44;-9.0;0.44;-9.0;CACC
812;16.8;22.8;0.7;8;80;8;Successful;Effective;collision;18.98;vtypeauto.1;vtypeauto.0;524.75;edge_0_0_0;0.0;-7.99;0.2;-9.0;0.32;-9.0;0.38;-9.0;0.41;-9.0;0.43;-9.0;0.44;-9.0;0.44;-9.0;CACC
813;16.8;22.8;0.7;10;80;8;Successful;Effective;collision;19.22;vtypeauto.1;vtypeauto.0;540.91;edge_0_0_0;0.0;-7.99;0.2;-9.0;0.32;-9.0;0.38;-9.0;0.41;-9.0;0.43;-9.0;0.44;-9.0;0.44;-9.0;CACC
814;16.8;22.8;0.7;5;100;8;Successful;Effective;collision;18.64;vtypeauto.1;vtypeauto.0;609.48;edge_0_0_0;0.0;-8.0;0.25;-9.0;0.39;-9.0;0.47;-9.0;0.51;-9.0;0.54;-9.0;0.55;-9.0;0.55;-9.0;CACC
815;16.8;22.8;0.7;8;100;8;Successful;Effective;collision;19.00;vtypeauto.1;vtypeauto.0;636.57;edge_0_0_0;0.0;-8.0;0.25;-9.0;0.39;-9.0;0.47;-9.0;0.51;-9.0;0.54;-9.0;0.55;-9.0;0.55;-9.0;CACC
816;16.8;22.8;0.7;10;100;8;Successful;Effective;collision;19.25;vtypeauto.1;vtypeauto.0;654.25;edge_0_0_0;0.0;-8.0;0.25;-9.0;0.39;-9.0;0.47;-9.0;0.51;-9.0;0.54;-9.0;0.55;-9.0;0.55;-9.0;CACC
817;16.8;22.8;0.8;5;80;5;Successful;Effective;collision;18.97;vtypeauto.1;vtypeauto.0;507.31;edge_0_0_0;0.0;-5.0;0.2;-7.16;0.32;-7.87;0.38;-8.08;0.41;-7.94;0.43;-7.0;0.44;-6.29;0.44;-6.33;CACC
818;16.8;22.8;0.8;8;80;5;Successful;Effective;collision;19.47;vtypeauto.1;vtypeauto.0;535.03;edge_0_0_0;0.0;-5.0;0.2;-7.16;0.32;-7.87;0.38;-8.08;0.41;-7.94;0.43;-7.0;0.44;-6.29;0.44;-6.33;CACC
819;16.8;22.8;0.8;10;80;5;Successful;Effective;collision;19.85;vtypeauto.1;vtypeauto.0;553.35;edge_0_0_0;0.0;-5.0;0.2;-7.16;0.32;-7.87;0.38;-8.08;0.41;-7.94;0.43;-7.0;0.44;-6.29;0.44;-6.33;CACC
820;16.8;22.8;0.8;5;100;5;Successful;Effective;collision;19.00;vtypeauto.1;vtypeauto.0;619.39;edge_0_0_0;0.0;-5.0;0.25;-7.16;0.39;-7.87;0.47;-8.09;0.51;-8.0;0.54;-7.58;0.55;-6.87;0.55;-6.4;CACC
821;16.8;22.8;0.8;8;100;5;Successful;Effective;collision;19.51;vtypeauto.1;vtypeauto.0;650.05;edge_0_0_0;0.0;-5.0;0.25;-7.16;0.39;-7.87;0.47;-8.09;0.51;-8.0;0.54;-7.53;0.55;-6.75;0.55;-6.41;CACC
822;16.8;22.8;0.8;10;100;5;Successful;Effective;collision;19.89;vtypeauto.1;vtypeauto.0;670.39;edge_0_0_0;0.0;-5.0;0.25;-7.16;0.39;-7.87;0.47;-8.09;0.51;-8.01;0.54;-7.46;0.55;-6.62;0.55;-6.4;CACC
823;16.8;22.8;0.8;5;80;6;Successful;Effective;collision;18.81;vtypeauto.1;vtypeauto.0;503.89;edge_0_0_0;0.0;-6.0;0.2;-8.58;0.32;-9.0;0.38;-9.0;0.41;-8.81;0.43;-7.32;0.44;-7.29;0.44;-7.37;CACC
824;16.8;22.8;0.8;8;80;6;Successful;Effective;collision;19.22;vtypeauto.1;vtypeauto.0;530.19;edge_0_0_0;0.0;-6.0;0.2;-8.58;0.32;-9.0;0.38;-9.0;0.41;-8.81;0.43;-7.32;0.44;-7.29;0.44;-7.37;CACC
825;16.8;22.8;0.8;10;80;6;Successful;Effective;collision;19.51;vtypeauto.1;vtypeauto.0;547.36;edge_0_0_0;0.0;-6.0;0.2;-8.58;0.32;-9.0;0.38;-9.0;0.41;-8.81;0.43;-7.32;0.44;-7.29;0.44;-7.37;CACC
826;16.8;22.8;0.8;5;100;6;Successful;Effective;collision;18.84;vtypeauto.1;vtypeauto.0;615.10;edge_0_0_0;0.0;-6.0;0.25;-8.59;0.39;-9.0;0.47;-9.0;0.51;-9.0;0.54;-8.96;0.55;-7.74;0.55;-7.65;CACC
827;16.8;22.8;0.8;8;100;6;Successful;Effective;collision;19.25;vtypeauto.1;vtypeauto.0;643.61;edge_0_0_0;0.0;-6.0;0.25;-8.59;0.39;-9.0;0.47;-9.0;0.51;-9.0;0.54;-8.9;0.55;-7.55;0.55;-7.64;CACC
828;16.8;22.8;0.8;10;100;6;Successful;Effective;collision;19.54;vtypeauto.1;vtypeauto.0;662.33;edge_0_0_0;0.0;-6.0;0.25;-8.59;0.39;-9.0;0.47;-9.0;0.51;-9.0;0.54;-8.9;0.55;-7.55;0.55;-7.64;CACC
829;16.8;22.8;0.8;5;80;7;Successful;Effective;collision;18.69;vtypeauto.1;vtypeauto.0;501.29;edge_0_0_0;0.0;-7.0;0.2;-9.0;0.32;-9.0;0.38;-9.0;0.41;-9.0;0.43;-8.14;0.44;-8.21;0.44;-8.28;CACC
830;16.8;22.8;0.8;8;80;7;Successful;Effective;collision;19.05;vtypeauto.1;vtypeauto.0;526.79;edge_0_0_0;0.0;-7.0;0.2;-9.0;0.32;-9.0;0.38;-9.0;0.41;-9.0;0.43;-8.14;0.44;-8.21;0.44;-8.28;CACC
831;16.8;22.8;0.8;10;80;7;Successful;Effective;collision;19.29;vtypeauto.1;vtypeauto.0;543.28;edge_0_0_0;0.0;-7.0;0.2;-9.0;0.32;-9.0;0.38;-9.0;0.41;-9.0;0.43;-8.14;0.44;-8.21;0.44;-8.28;CACC
832;16.8;22.8;0.8;5;100;7;Successful;Effective;collision;18.72;vtypeauto.1;vtypeauto.0;611.84;edge_0_0_0;0.0;-7.0;0.25;-9.0;0.39;-9.0;0.47;-9.0;0.51;-9.0;0.54;-9.0;0.55;-8.68;0.55;-8.77;CACC
833;16.8;22.8;0.8;8;100;7;Successful;Effective;collision;19.07;vtypeauto.1;vtypeauto.0;639.03;edge_0_0_0;0.0;-7.0;0.25;-9.0;0.39;-9.0;0.47;-9.0;0.51;-9.0;0.54;-9.0;0.55;-8.68;0.55;-8.77;CACC
834;16.8;22.8;0.8;10;100;7;Successful;Effective;collision;19.31;vtypeauto.1;vtypeauto.0;656.83;edge_0_0_0;0.0;-7.0;0.25;-9.0;0.39;-9.0;0.47;-9.0;0.51;-9.0;0.54;-9.0;0.55;-8.68;0.55;-8.77;CACC
835;16.8;22.8;0.8;5;80;8;Successful;Effective;collision;18.60;vtypeauto.1;vtypeauto.0;499.31;edge_0_0_0;0.0;-7.99;0.2;-9.0;0.32;-9.0;0.38;-9.0;0.41;-8.82;0.43;-8.73;0.44;-8.86;0.44;-8.93;CACC
836;16.8;22.8;0.8;8;80;8;Successful;Effective;collision;18.92;vtypeauto.1;vtypeauto.0;524.12;edge_0_0_0;0.0;-7.99;0.2;-9.0;0.32;-9.0;0.38;-9.0;0.41;-8.82;0.43;-8.73;0.44;-8.86;0.44;-8.93;CACC
837;16.8;22.8;0.8;10;80;8;Successful;Effective;collision;19.12;vtypeauto.1;vtypeauto.0;540.03;edge_0_0_0;0.0;-7.99;0.2;-9.0;0.32;-9.0;0.38;-9.0;0.41;-8.82;0.43;-8.73;0.44;-8.86;0.44;-8.93;CACC
838;16.8;22.8;0.8;5;100;8;Successful;Effective;collision;18.62;vtypeauto.1;vtypeauto.0;609.09;edge_0_0_0;0.0;-8.0;0.25;-9.0;0.39;-9.0;0.47;-9.0;0.51;-9.0;0.54;-9.0;0.55;-9.0;0.55;-9.0;CACC
839;16.8;22.8;0.8;8;100;8;Successful;Effective;collision;18.94;vtypeauto.1;vtypeauto.0;635.65;edge_0_0_0;0.0;-8.0;0.25;-9.0;0.39;-9.0;0.47;-9.0;0.51;-9.0;0.54;-9.0;0.55;-9.0;0.55;-9.0;CACC
840;16.8;22.8;0.8;10;100;8;Successful;Effective;collision;19.15;vtypeauto.1;vtypeauto.0;652.88;edge_0_0_0;0.0;-8.0;0.25;-9.0;0.39;-9.0;0.47;-9.0;0.51;-9.0;0.54;-9.0;0.55;-9.0;0.55;-9.0;CACC
841;16.8;22.8;0.9;5;80;5;Successful;Effective;collision;18.94;vtypeauto.1;vtypeauto.0;506.86;edge_0_0_0;0.0;-5.0;0.2;-7.48;0.32;-8.32;0.38;-8.59;0.41;-8.43;0.43;-7.25;0.44;-6.42;0.44;-6.43;CACC
842;16.8;22.8;0.9;8;80;5;Successful;Effective;collision;19.37;vtypeauto.1;vtypeauto.0;533.78;edge_0_0_0;0.0;-5.0;0.2;-7.48;0.32;-8.32;0.38;-8.59;0.41;-8.41;0.43;-6.97;0.44;-6.36;0.44;-6.43;CACC
843;16.8;22.8;0.9;10;80;5;Successful;Effective;collision;19.67;vtypeauto.1;vtypeauto.0;551.38;edge_0_0_0;0.0;-5.0;0.2;-7.48;0.32;-8.32;0.38;-8.59;0.41;-8.41;0.43;-6.97;0.44;-6.36;0.44;-6.43;CACC
844;16.8;22.8;0.9;5;100;5;Successful;Effective;collision;18.97;vtypeauto.1;vtypeauto.0;618.80;edge_0_0_0;0.0;-5.0;0.25;-7.49;0.39;-8.33;0.47;-8.6;0.51;-8.51;0.54;-7.75;0.55;-6.63;0.55;-6.5;CACC
845;16.8;22.8;0.9;8;100;5;Successful;Effective;collision;19.40;vtypeauto.1;vtypeauto.0;648.06;edge_0_0_0;0.0;-5.0;0.25;-7.49;0.39;-8.33;0.47;-8.6;0.51;-8.54;0.54;-7.73;0.55;-6.55;0.55;-6.49;CACC
846;16.8;22.8;0.9;10;100;5;Successful;Effective;collision;19.70;vtypeauto.1;vtypeauto.0;667.27;edge_0_0_0;0.0;-5.0;0.25;-7.49;0.39;-8.33;0.47;-8.6;0.51;-8.54;0.54;-7.68;0.55;-6.54;0.55;-6.49;CACC
847;16.8;22.8;0.9;5;80;6;Successful;Effective;collision;18.80;vtypeauto.1;vtypeauto.0;503.78;edge_0_0_0;0.0;-6.0;0.2;-8.98;0.32;-9.0;0.38;-9.0;0.41;-8.33;0.43;-7.25;0.44;-7.3;0.44;-7.37;CACC
848;16.8;22.8;0.9;8;80;6;Successful;Effective;collision;19.16;vtypeauto.1;vtypeauto.0;529.48;edge_0_0_0;0.0;-6.0;0.2;-8.98;0.32;-9.0;0.38;-9.0;0.41;-8.33;0.43;-7.25;0.44;-7.3;0.44;-7.37;CACC
849;16.8;22.8;0.9;10;80;6;Successful;Effective;collision;19.40;vtypeauto.1;vtypeauto.0;546.20;edge_0_0_0;0.0;-6.0;0.2;-8.98;0.32;-9.0;0.38;-9.0;0.41;-8.33;0.43;-7.25;0.44;-7.3;0.44;-7.37;CACC
850;16.8;22.8;0.9;5;100;6;Successful;Effective;collision;18.82;vtypeauto.1;vtypeauto.0;614.68;edge_0_0_0;0.0;-6.0;0.25;-8.98;0.39;-9.0;0.47;-9.0;0.51;-9.0;0.54;-8.99;0.55;-7.66;0.55;-7.75;CACC
851;16.8;22.8;0.9;8;100;6;Successful;Effective;collision;19.19;vtypeauto.1;vtypeauto.0;642.61;edge_0_0_0;0.0;-6.0;0.25;-8.98;0.39;-9.0;0.47;-9.0;0.51;-9.0;0.54;-8.88;0.55;-7.7;0.55;-7.76;CACC
852;16.8;22.8;0.9;10;100;6;Successful;Effective;collision;19.43;vtypeauto.1;vtypeauto.0;660.62;edge_0_0_0;0.0;-6.0;0.25;-8.98;0.39;-9.0;0.47;-9.0;0.51;-9.0;0.54;-8.36;0.55;-7.66;0.55;-7.72;CACC
853;16.8;22.8;0.9;5;80;7;Successful;Effective;collision;18.69;vtypeauto.1;vtypeauto.0;501.34;edge_0_0_0;0.0;-7.0;0.2;-9.0;0.32;-9.0;0.38;-9.0;0.41;-8.01;0.43;-7.9;0.44;-8.01;0.44;-8.08;CACC
854;16.8;22.8;0.9;8;80;7;Successful;Effective;collision;19.01;vtypeauto.1;vtypeauto.0;526.32;edge_0_0_0;0.0;-7.0;0.2;-9.0;0.32;-9.0;0.38;-9.0;0.41;-8.01;0.43;-7.9;0.44;-8.01;0.44;-8.08;CACC
855;16.8;22.8;0.9;10;80;7;Successful;Effective;collision;19.22;vtypeauto.1;vtypeauto.0;542.61;edge_0_0_0;0.0;-7.0;0.2;-9.0;0.32;-9.0;0.38;-9.0;0.41;-8.01;0.43;-7.9;0.44;-8.01;0.44;-8.08;CACC
856;16.8;22.8;0.9;5;100;7;Successful;Effective;collision;18.71;vtypeauto.1;vtypeauto.0;611.62;edge_0_0_0;0.0;-7.0;0.25;-9.0;0.39;-9.0;0.47;-9.0;0.51;-9.0;0.54;-8.62;0.55;-8.63;0.55;-8.71;CACC
857;16.8;22.8;0.9;8;100;7;Successful;Effective;collision;19.03;vtypeauto.1;vtypeauto.0;638.36;edge_0_0_0;0.0;-7.0;0.25;-9.0;0.39;-9.0;0.47;-9.0;0.51;-9.0;0.54;-8.62;0.55;-8.63;0.55;-8.71;CACC
858;16.8;22.8;0.9;10;100;7;Successful;Effective;collision;19.24;vtypeauto.1;vtypeauto.0;655.80;edge_0_0_0;0.0;-7.0;0.25;-9.0;0.39;-9.0;0.47;-9.0;0.51;-9.0;0.54;-8.62;0.55;-8.63;0.55;-8.71;CACC
859;16.8;22.8;0.9;5;80;8;Successful;Effective;collision;18.60;vtypeauto.1;vtypeauto.0;499.33;edge_0_0_0;0.0;-7.99;0.2;-9.0;0.32;-9.0;0.38;-9.0;0.41;-8.63;0.43;-8.64;0.44;-8.72;0.44;-8.71;CACC
860;16.8;22.8;0.9;8;80;8;Successful;Effective;collision;18.90;vtypeauto.1;vtypeauto.0;523.95;edge_0_0_0;0.0;-7.99;0.2;-9.0;0.32;-9.0;0.38;-9.0;0.41;-8.63;0.43;-8.64;0.44;-8.72;0.44;-8.71;CACC
861;16.8;22.8;0.9;10;80;8;Successful;Effective;collision;19.08;vtypeauto.1;vtypeauto.0;539.74;edge_0_0_0;0.0;-7.99;0.2;-9.0;0.32;-9.0;0.38;-9.0;0.41;-8.63;0.43;-8.64;0.44;-8.72;0.44;-8.71;CACC
862;16.8;22.8;0.9;5;100;8;Successful;Effective;collision;18.62;vtypeauto.1;vtypeauto.0;609.11;edge_0_0_0;0.0;-8.0;0.25;-9.0;0.39;-9.0;0.47;-9.0;0.51;-9.0;0.54;-9.0;0.55;-9.0;0.55;-9.0;CACC
863;16.8;22.8;0.9;8;100;8;Successful;Effective;collision;18.91;vtypeauto.1;vtypeauto.0;635.12;edge_0_0_0;0.0;-8.0;0.25;-9.0;0.39;-9.0;0.47;-9.0;0.51;-9.0;0.54;-9.0;0.55;-9.0;0.55;-9.0;CACC
864;16.8;22.8;0.9;10;100;8;Successful;Effective;collision;19.10;vtypeauto.1;vtypeauto.0;652.16;edge_0_0_0;0.0;-8.0;0.25;-9.0;0.39;-9.0;0.47;-9.0;0.51;-9.0;0.54;-9.0;0.55;-9.0;0.55;-9.0;CACC
865;16.9;22.9;0.6;5;80;5;Successful;Effective;collision;19.10;vtypeauto.1;vtypeauto.0;509.20;edge_0_0_0;0.0;-5.0;0.2;-6.68;0.32;-7.16;0.38;-7.29;0.41;-7.2;0.43;-6.96;0.44;-6.58;0.44;-6.29;CACC
866;16.9;22.9;0.6;8;80;5;Successful;Effective;collision;19.82;vtypeauto.1;vtypeauto.0;539.03;edge_0_0_0;0.0;-5.0;0.2;-6.68;0.32;-7.16;0.38;-7.29;0.41;-7.2;0.43;-6.96;0.44;-6.58;0.44;-6.29;CACC
867;16.9;22.9;0.6;10;80;5;Successful;Effective;collision;20.48;vtypeauto.1;vtypeauto.0;558.88;edge_0_0_0;0.0;-5.0;0.2;-6.68;0.32;-7.16;0.38;-7.29;0.41;-7.2;0.43;-6.96;0.44;-6.58;0.44;-6.29;CACC
868;16.9;22.9;0.6;5;100;5;Successful;Effective;collision;19.14;vtypeauto.1;vtypeauto.0;622.18;edge_0_0_0;0.0;-5.0;0.25;-6.68;0.39;-7.17;0.47;-7.3;0.51;-7.21;0.54;-6.99;0.55;-6.74;0.55;-6.44;CACC
869;16.9;22.9;0.6;8;100;5;Successful;Effective;collision;19.87;vtypeauto.1;vtypeauto.0;656.05;edge_0_0_0;0.0;-5.0;0.25;-6.68;0.39;-7.17;0.47;-7.3;0.51;-7.21;0.54;-6.99;0.55;-6.74;0.55;-6.44;CACC
870;16.9;22.9;0.6;10;100;5;Successful;Effective;collision;20.54;vtypeauto.1;vtypeauto.0;679.51;edge_0_0_0;0.0;-5.0;0.25;-6.68;0.39;-7.17;0.47;-7.3;0.51;-7.21;0.54;-6.99;0.55;-6.74;0.55;-6.44;CACC
871;16.9;22.9;0.6;5;80;6;Successful;Effective;collision;18.89;vtypeauto.1;vtypeauto.0;505.00;edge_0_0_0;0.0;-6.0;0.2;-8.01;0.32;-8.59;0.38;-8.73;0.41;-8.59;0.43;-8.01;0.44;-7.46;0.44;-7.37;CACC
872;16.9;22.9;0.6;8;80;6;Successful;Effective;collision;19.44;vtypeauto.1;vtypeauto.0;532.62;edge_0_0_0;0.0;-6.0;0.2;-8.01;0.32;-8.59;0.38;-8.73;0.41;-8.59;0.43;-8.01;0.44;-7.46;0.44;-7.37;CACC
873;16.9;22.9;0.6;10;80;6;Successful;Effective;collision;19.88;vtypeauto.1;vtypeauto.0;550.65;edge_0_0_0;0.0;-6.0;0.2;-8.01;0.32;-8.59;0.38;-8.73;0.41;-8.59;0.43;-8.01;0.44;-7.46;0.44;-7.37;CACC
874;16.9;22.9;0.6;5;100;6;Successful;Effective;collision;18.93;vtypeauto.1;vtypeauto.0;616.84;edge_0_0_0;0.0;-6.0;0.25;-8.01;0.39;-8.59;0.47;-8.74;0.51;-8.64;0.54;-8.37;0.55;-7.97;0.55;-7.61;CACC
875;16.9;22.9;0.6;8;100;6;Successful;Effective;collision;19.48;vtypeauto.1;vtypeauto.0;647.37;edge_0_0_0;0.0;-6.0;0.25;-8.01;0.39;-8.59;0.47;-8.74;0.51;-8.64;0.54;-8.37;0.55;-7.97;0.55;-7.61;CACC
876;16.9;22.9;0.6;10;100;6;Successful;Effective;collision;19.92;vtypeauto.1;vtypeauto.0;667.72;edge_0_0_0;0.0;-6.0;0.25;-8.01;0.39;-8.59;0.47;-8.74;0.51;-8.64;0.54;-8.37;0.55;-7.97;0.55;-7.61;CACC
877;16.9;22.9;0.6;5;80;7;Successful;Effective;collision;18.74;vtypeauto.1;vtypeauto.0;501.95;edge_0_0_0;0.0;-7.0;0.2;-9.0;0.32;-9.0;0.38;-9.0;0.41;-9.0;0.43;-8.72;0.44;-8.33;0.44;-8.4;CACC
878;16.9;22.9;0.6;8;80;7;Successful;Effective;collision;19.20;vtypeauto.1;vtypeauto.0;528.35;edge_0_0_0;0.0;-7.0;0.2;-9.0;0.32;-9.0;0.38;-9.0;0.41;-9.0;0.43;-8.72;0.44;-8.33;0.44;-8.4;CACC
879;16.9;22.9;0.6;10;80;7;Successful;Effective;collision;19.54;vtypeauto.1;vtypeauto.0;545.42;edge_0_0_0;0.0;-7.0;0.2;-9.0;0.32;-9.0;0.38;-9.0;0.41;-9.0;0.43;-8.72;0.44;-8.33;0.44;-8.4;CACC
880;16.9;22.9;0.6;5;100;7;Successful;Effective;collision;18.78;vtypeauto.1;vtypeauto.0;612.97;edge_0_0_0;0.0;-7.0;0.25;-9.0;0.39;-9.0;0.47;-9.0;0.51;-9.0;0.54;-9.0;0.55;-8.94;0.55;-8.65;CACC
881;16.9;22.9;0.6;8;100;7;Successful;Effective;collision;19.23;vtypeauto.1;vtypeauto.0;641.58;edge_0_0_0;0.0;-7.0;0.25;-9.0;0.39;-9.0;0.47;-9.0;0.51;-9.0;0.54;-9.0;0.55;-8.94;0.55;-8.65;CACC
882;16.9;22.9;0.6;10;100;7;Successful;Effective;collision;19.57;vtypeauto.1;vtypeauto.0;660.46;edge_0_0_0;0.0;-7.0;0.25;-9.0;0.39;-9.0;0.47;-9.0;0.51;-9.0;0.54;-9.0;0.55;-8.94;0.55;-8.65;CACC
883;16.9;22.9;0.6;5;80;8;Successful;Effective;collision;18.63;vtypeauto.1;vtypeauto.0;499.67;edge_0_0_0;0.0;-7.99;0.2;-9.0;0.32;-9.0;0.38;-9.0;0.41;-9.0;0.43;-9.0;0.44;-9.0;0.44;-9.0;CACC
884;16.9;22.9;0.6;8;80;8;Successful;Effective;collision;19.03;vtypeauto.1;vtypeauto.0;525.22;edge_0_0_0;0.0;-7.99;0.2;-9.0;0.32;-9.0;0.38;-9.0;0.41;-9.0;0.43;-9.0;0.44;-9.0;0.44;-9.0;CACC
885;16.9;22.9;0.6;10;80;8;Successful;Effective;collision;19.30;vtypeauto.1;vtypeauto.0;541.54;edge_0_0_0;0.0;-7.99;0.2;-9.0;0.32;-9.0;0.38;-9.0;0.41;-9.0;0.43;-9.0;0.44;-9.0;0.44;-9.0;CACC
886;16.9;22.9;0.6;5;100;8;Successful;Effective;collision;18.66;vtypeauto.1;vtypeauto.0;609.84;edge_0_0_0;0.0;-8.0;0.25;-9.0;0.39;-9.0;0.47;-9.0;0.51;-9.0;0.54;-9.0;0.55;-9.0;0.55;-9.0;CACC
887;16.9;22.9;0.6;8;100;8;Successful;Effective;collision;19.06;vtypeauto.1;vtypeauto.0;637.53;edge_0_0_0;0.0;-8.0;0.25;-9.0;0.39;-9.0;0.47;-9.0;0.51;-9.0;0.54;-9.0;0.55;-9.0;0.55;-9.0;CACC
888;16.9;22.9;0.6;10;100;8;Successful;Effective;collision;19.33;vtypeauto.1;vtypeauto.0;655.28;edge_0_0_0;0.0;-8.0;0.25;-9.0;0.39;-9.0;0.47;-9.0;0.51;-9.0;0.54;-9.0;0.55;-9.0;0.55;-9.0;CACC
889;16.9;22.9;0.7;5;80;5;Successful;Effective;collision;19.00;vtypeauto.1;vtypeauto.0;507.76;edge_0_0_0;0.0;-5.0;0.2;-6.99;0.32;-7.58;0.38;-7.74;0.41;-7.63;0.43;-7.14;0.44;-6.47;0.44;-6.32;CACC
890;16.9;22.9;0.7;8;80;5;Successful;Effective;collision;19.55;vtypeauto.1;vtypeauto.0;535.99;edge_0_0_0;0.0;-5.0;0.2;-6.99;0.32;-7.58;0.38;-7.74;0.41;-7.63;0.43;-7.14;0.44;-6.47;0.44;-6.32;CACC
891;16.9;22.9;0.7;10;80;5;Successful;Effective;collision;19.99;vtypeauto.1;vtypeauto.0;554.75;edge_0_0_0;0.0;-5.0;0.2;-6.99;0.32;-7.58;0.38;-7.74;0.41;-7.63;0.43;-7.14;0.44;-6.47;0.44;-6.32;CACC
892;16.9;22.9;0.7;5;100;5;Successful;Effective;collision;19.03;vtypeauto.1;vtypeauto.0;619.99;edge_0_0_0;0.0;-5.0;0.25;-7.0;0.39;-7.59;0.47;-7.75;0.51;-7.65;0.54;-7.4;0.55;-6.84;0.55;-6.42;CACC
893;16.9;22.9;0.7;8;100;5;Successful;Effective;collision;19.59;vtypeauto.1;vtypeauto.0;651.42;edge_0_0_0;0.0;-5.0;0.25;-7.0;0.39;-7.59;0.47;-7.75;0.51;-7.65;0.54;-7.4;0.55;-6.84;0.55;-6.35;CACC
894;16.9;22.9;0.7;10;100;5;Successful;Effective;collision;20.03;vtypeauto.1;vtypeauto.0;672.51;edge_0_0_0;0.0;-5.0;0.25;-7.0;0.39;-7.59;0.47;-7.75;0.51;-7.65;0.54;-7.4;0.55;-6.84;0.55;-6.35;CACC
895;16.9;22.9;0.7;5;80;6;Successful;Effective;collision;18.83;vtypeauto.1;vtypeauto.0;504.20;edge_0_0_0;0.0;-6.0;0.2;-8.39;0.32;-9.0;0.38;-9.0;0.41;-8.87;0.43;-7.77;0.44;-7.36;0.44;-7.43;CACC
896;16.9;22.9;0.7;8;80;6;Successful;Effective;collision;19.27;vtypeauto.1;vtypeauto.0;530.76;edge_0_0_0;0.0;-6.0;0.2;-8.39;0.32;-9.0;0.38;-9.0;0.41;-8.87;0.43;-7.77;0.44;-7.36;0.44;-7.43;CACC
897;16.9;22.9;0.7;10;80;6;Successful;Effective;collision;19.60;vtypeauto.1;vtypeauto.0;548.25;edge_0_0_0;0.0;-6.0;0.2;-8.39;0.32;-9.0;0.38;-9.0;0.41;-8.87;0.43;-7.77;0.44;-7.36;0.44;-7.43;CACC
898;16.9;22.9;0.7;5;100;6;Successful;Effective;collision;18.86;vtypeauto.1;vtypeauto.0;615.50;edge_0_0_0;0.0;-6.0;0.25;-8.39;0.39;-9.0;0.47;-9.0;0.51;-9.0;0.54;-8.69;0.55;-7.92;0.55;-7.6;CACC
899;16.9;22.9;0.7;8;100;6;Successful;Effective;collision;19.30;vtypeauto.1;vtypeauto.0;644.43;edge_0_0_0;0.0;-6.0;0.25;-8.39;0.39;-9.0;0.47;-9.0;0.51;-9.0;0.54;-8.69;0.55;-7.92;0.55;-7.6;CACC
900;16.9;22.9;0.7;10;100;6;Successful;Effective;collision;19.63;vtypeauto.1;vtypeauto.0;663.69;edge_0_0_0;0.0;-6.0;0.25;-8.39;0.39;-9.0;0.47;-9.0;0.51;-9.0;0.54;-8.69;0.55;-7.92;0.55;-7.6;CACC
901;16.9;22.9;0.7;5;80;7;Successful;Effective;collision;18.70;vtypeauto.1;vtypeauto.0;501.43;edge_0_0_0;0.0;-7.0;0.2;-9.0;0.32;-9.0;0.38;-9.0;0.41;-9.0;0.43;-8.2;0.44;-8.26;0.44;-8.35;CACC
902;16.9;22.9;0.7;8;80;7;Successful;Effective;collision;19.08;vtypeauto.1;vtypeauto.0;527.08;edge_0_0_0;0.0;-7.0;0.2;-9.0;0.32;-9.0;0.38;-9.0;0.41;-9.0;0.43;-8.2;0.44;-8.26;0.44;-8.35;CACC
903;16.9;22.9;0.7;10;80;7;Successful;Effective;collision;19.35;vtypeauto.1;vtypeauto.0;543.84;edge_0_0_0;0.0;-7.0;0.2;-9.0;0.32;-9.0;0.38;-9.0;0.41;-9.0;0.43;-8.2;0.44;-8.26;0.44;-8.35;CACC
904;16.9;22.9;0.7;5;100;7;Successful;Effective;collision;18.73;vtypeauto.1;vtypeauto.0;612.02;edge_0_0_0;0.0;-7.0;0.25;-9.0;0.39;-9.0;0.47;-9.0;0.51;-9.0;0.54;-9.0;0.55;-8.7;0.55;-8.75;CACC
905;16.9;22.9;0.7;8;100;7;Successful;Effective;collision;19.11;vtypeauto.1;vtypeauto.0;639.71;edge_0_0_0;0.0;-7.0;0.25;-9.0;0.39;-9.0;0.47;-9.0;0.51;-9.0;0.54;-9.0;0.55;-8.7;0.55;-8.75;CACC
906;16.9;22.9;0.7;10;100;7;Successful;Effective;collision;19.37;vtypeauto.1;vtypeauto.0;657.70;edge_0_0_0;0.0;-7.0;0.25;-9.0;0.39;-9.0;0.47;-9.0;0.51;-9.0;0.54;-9.0;0.55;-8.7;0.55;-8.75;CACC
907;16.9;22.9;0.7;5;80;8;Successful;Effective;collision;18.60;vtypeauto.1;vtypeauto.0;499.27;edge_0_0_0;0.0;-7.99;0.2;-9.0;0.32;-9.0;0.38;-9.0;0.41;-9.0;0.43;-9.0;0.44;-9.0;0.44;-9.0;CACC
908;16.9;22.9;0.7;8;80;8;Successful;Effective;collision;18.94;vtypeauto.1;vtypeauto.0;524.29;edge_0_0_0;0.0;-7.99;0.2;-9.0;0.32;-9.0;0.38;-9.0;0.41;-9.0;0.43;-9.0;0.44;-9.0;0.44;-9.0;CACC
909;16.9;22.9;0.7;10;80;8;Successful;Effective;collision;19.17;vtypeauto.1;vtypeauto.0;540.54;edge_0_0_0;0.0;-7.99;0.2;-9.0;0.32;-9.0;0.38;-9.0;0.41;-9.0;0.43;-9.0;0.44;-9.0;0.44;-9.0;CACC
910;16.9;22.9;0.7;5;100;8;Successful;Effective;collision;18.63;vtypeauto.1;vtypeauto.0;609.31;edge_0_0_0;0.0;-8.0;0.25;-9.0;0.39;-9.0;0.47;-9.0;0.51;-9.0;0.54;-9.0;0.55;-9.0;0.55;-9.0;CACC
911;16.9;22.9;0.7;8;100;8;Successful;Effective;collision;18.97;vtypeauto.1;vtypeauto.0;636.17;edge_0_0_0;0.0;-8.0;0.25;-9.0;0.39;-9.0;0.47;-9.0;0.51;-9.0;0.54;-9.0;0.55;-9.0;0.55;-9.0;CACC
912;16.9;22.9;0.7;10;100;8;Successful;Effective;collision;19.19;vtypeauto.1;vtypeauto.0;653.41;edge_0_0_0;0.0;-8.0;0.25;-9.0;0.39;-9.0;0.47;-9.0;0.51;-9.0;0.54;-9.0;0.55;-9.0;0.55;-9.0;CACC
913;16.9;22.9;0.8;5;80;5;Successful;Effective;collision;18.95;vtypeauto.1;vtypeauto.0;507.00;edge_0_0_0;0.0;-5.0;0.2;-7.32;0.32;-8.02;0.38;-8.22;0.41;-8.03;0.43;-6.98;0.44;-6.34;0.44;-6.39;CACC
914;16.9;22.9;0.8;8;80;5;Successful;Effective;collision;19.42;vtypeauto.1;vtypeauto.0;534.46;edge_0_0_0;0.0;-5.0;0.2;-7.32;0.32;-8.02;0.38;-8.22;0.41;-8.03;0.43;-6.98;0.44;-6.34;0.44;-6.39;CACC
915;16.9;22.9;0.8;10;80;5;Successful;Effective;collision;19.75;vtypeauto.1;vtypeauto.0;552.29;edge_0_0_0;0.0;-5.0;0.2;-7.32;0.32;-8.02;0.38;-8.22;0.41;-8.03;0.43;-6.98;0.44;-6.34;0.44;-6.39;CACC
916;16.9;22.9;0.8;5;100;5;Successful;Effective;collision;18.98;vtypeauto.1;vtypeauto.0;618.99;edge_0_0_0;0.0;-5.0;0.25;-7.32;0.39;-8.03;0.47;-8.23;0.51;-8.14;0.54;-7.69;0.55;-6.89;0.55;-6.47;CACC
917;16.9;22.9;0.8;8;100;5;Successful;Effective;collision;19.45;vtypeauto.1;vtypeauto.0;648.99;edge_0_0_0;0.0;-5.0;0.25;-7.32;0.39;-8.03;0.47;-8.23;0.51;-8.12;0.54;-7.57;0.55;-6.77;0.55;-6.46;CACC
918;16.9;22.9;0.8;10;100;5;Successful;Effective;collision;19.78;vtypeauto.1;vtypeauto.0;668.60;edge_0_0_0;0.0;-5.0;0.25;-7.32;0.39;-8.03;0.47;-8.23;0.51;-8.14;0.54;-7.57;0.55;-6.69;0.55;-6.46;CACC
919;16.9;22.9;0.8;5;80;6;Successful;Effective;collision;18.80;vtypeauto.1;vtypeauto.0;503.75;edge_0_0_0;0.0;-6.0;0.2;-8.78;0.32;-9.0;0.38;-9.0;0.41;-8.77;0.43;-7.27;0.44;-7.31;0.44;-7.39;CACC
920;16.9;22.9;0.8;8;80;6;Successful;Effective;collision;19.19;vtypeauto.1;vtypeauto.0;529.88;edge_0_0_0;0.0;-6.0;0.2;-8.78;0.32;-9.0;0.38;-9.0;0.41;-8.77;0.43;-7.27;0.44;-7.31;0.44;-7.39;CACC
921;16.9;22.9;0.8;10;80;6;Successful;Effective;collision;19.45;vtypeauto.1;vtypeauto.0;546.76;edge_0_0_0;0.0;-6.0;0.2;-8.78;0.32;-9.0;0.38;-9.0;0.41;-8.77;0.43;-7.27;0.44;-7.31;0.44;-7.39;CACC
922;16.9;22.9;0.8;5;100;6;Successful;Effective;collision;18.83;vtypeauto.1;vtypeauto.0;614.91;edge_0_0_0;0.0;-6.0;0.25;-8.78;0.39;-9.0;0.47;-9.0;0.51;-9.0;0.54;-9.0;0.55;-7.63;0.55;-7.73;CACC
923;16.9;22.9;0.8;8;100;6;Successful;Effective;collision;19.21;vtypeauto.1;vtypeauto.0;642.90;edge_0_0_0;0.0;-6.0;0.25;-8.78;0.39;-9.0;0.47;-9.0;0.51;-9.0;0.54;-9.0;0.55;-7.63;0.55;-7.71;CACC
924;16.9;22.9;0.8;10;100;6;Successful;Effective;collision;19.47;vtypeauto.1;vtypeauto.0;661.20;edge_0_0_0;0.0;-6.0;0.25;-8.78;0.39;-9.0;0.47;-9.0;0.51;-9.0;0.54;-9.0;0.55;-7.63;0.55;-7.71;CACC
925;16.9;22.9;0.8;5;80;7;Successful;Effective;collision;18.69;vtypeauto.1;vtypeauto.0;501.32;edge_0_0_0;0.0;-7.0;0.2;-9.0;0.32;-9.0;0.38;-9.0;0.41;-8.82;0.43;-8.14;0.44;-8.22;0.44;-8.29;CACC
926;16.9;22.9;0.8;8;80;7;Successful;Effective;collision;19.03;vtypeauto.1;vtypeauto.0;526.59;edge_0_0_0;0.0;-7.0;0.2;-9.0;0.32;-9.0;0.38;-9.0;0.41;-8.82;0.43;-8.14;0.44;-8.22;0.44;-8.29;CACC
927;16.9;22.9;0.8;10;80;7;Successful;Effective;collision;19.25;vtypeauto.1;vtypeauto.0;542.91;edge_0_0_0;0.0;-7.0;0.2;-9.0;0.32;-9.0;0.38;-9.0;0.41;-8.82;0.43;-8.14;0.44;-8.22;0.44;-8.29;CACC
928;16.9;22.9;0.8;5;100;7;Successful;Effective;collision;18.71;vtypeauto.1;vtypeauto.0;611.61;edge_0_0_0;0.0;-7.0;0.25;-9.0;0.39;-9.0;0.47;-9.0;0.51;-9.0;0.54;-9.0;0.55;-8.73;0.55;-8.82;CACC
929;16.9;22.9;0.8;8;100;7;Successful;Effective;collision;19.05;vtypeauto.1;vtypeauto.0;638.74;edge_0_0_0;0.0;-7.0;0.25;-9.0;0.39;-9.0;0.47;-9.0;0.51;-9.0;0.54;-9.0;0.55;-8.73;0.55;-8.82;CACC
930;16.9;22.9;0.8;10;100;7;Successful;Effective;collision;19.27;vtypeauto.1;vtypeauto.0;656.25;edge_0_0_0;0.0;-7.0;0.25;-9.0;0.39;-9.0;0.47;-9.0;0.51;-9.0;0.54;-9.0;0.55;-8.73;0.55;-8.82;CACC
931;16.9;22.9;0.8;5;80;8;Successful;Effective;collision;18.60;vtypeauto.1;vtypeauto.0;499.33;edge_0_0_0;0.0;-7.99;0.2;-9.0;0.32;-9.0;0.38;-9.0;0.41;-8.7;0.43;-8.68;0.44;-8.8;0.44;-8.86;CACC
932;16.9;22.9;0.8;8;80;8;Successful;Effective;collision;18.90;vtypeauto.1;vtypeauto.0;523.86;edge_0_0_0;0.0;-7.99;0.2;-9.0;0.32;-9.0;0.38;-9.0;0.41;-8.7;0.43;-8.68;0.44;-8.8;0.44;-8.86;CACC
933;16.9;22.9;0.8;10;80;8;Successful;Effective;collision;19.10;vtypeauto.1;vtypeauto.0;539.93;edge_0_0_0;0.0;-7.99;0.2;-9.0;0.32;-9.0;0.38;-9.0;0.41;-8.7;0.43;-8.68;0.44;-8.8;0.44;-8.86;CACC
934;16.9;22.9;0.8;5;100;8;Successful;Effective;collision;18.62;vtypeauto.1;vtypeauto.0;609.11;edge_0_0_0;0.0;-8.0;0.25;-9.0;0.39;-9.0;0.47;-9.0;0.51;-9.0;0.54;-9.0;0.55;-9.0;0.55;-9.0;CACC
935;16.9;22.9;0.8;8;100;8;Successful;Effective;collision;18.92;vtypeauto.1;vtypeauto.0;635.29;edge_0_0_0;0.0;-8.0;0.25;-9.0;0.39;-9.0;0.47;-9.0;0.51;-9.0;0.54;-9.0;0.55;-9.0;0.55;-9.0;CACC
936;16.9;22.9;0.8;10;100;8;Successful;Effective;collision;19.12;vtypeauto.1;vtypeauto.0;652.45;edge_0_0_0;0.0;-8.0;0.25;-9.0;0.39;-9.0;0.47;-9.0;0.51;-9.0;0.54;-9.0;0.55;-9.0;0.55;-9.0;CACC
937;16.9;22.9;0.9;5;80;5;Successful;Effective;collision;18.94;vtypeauto.1;vtypeauto.0;506.90;edge_0_0_0;0.0;-5.0;0.2;-7.65;0.32;-8.48;0.38;-8.74;0.41;-8.17;0.43;-6.5;0.44;-6.35;0.44;-6.42;CACC
938;16.9;22.9;0.9;8;80;5;Successful;Effective;collision;19.34;vtypeauto.1;vtypeauto.0;533.40;edge_0_0_0;0.0;-5.0;0.2;-7.65;0.32;-8.48;0.38;-8.74;0.41;-8.17;0.43;-6.5;0.44;-6.35;0.44;-6.42;CACC
939;16.9;22.9;0.9;10;80;5;Successful;Effective;collision;19.62;vtypeauto.1;vtypeauto.0;550.84;edge_0_0_0;0.0;-5.0;0.2;-7.65;0.32;-8.48;0.38;-8.74;0.41;-8.17;0.43;-6.5;0.44;-6.35;0.44;-6.42;CACC
940;16.9;22.9;0.9;5;100;5;Successful;Effective;collision;18.97;vtypeauto.1;vtypeauto.0;618.85;edge_0_0_0;0.0;-5.0;0.25;-7.65;0.39;-8.49;0.47;-8.75;0.51;-8.65;0.54;-7.85;0.55;-6.71;0.55;-6.56;CACC
941;16.9;22.9;0.9;8;100;5;Successful;Effective;collision;19.37;vtypeauto.1;vtypeauto.0;647.53;edge_0_0_0;0.0;-5.0;0.25;-7.65;0.39;-8.49;0.47;-8.75;0.51;-8.67;0.54;-7.76;0.55;-6.68;0.55;-6.54;CACC
942;16.9;22.9;0.9;10;100;5;Successful;Effective;collision;19.65;vtypeauto.1;vtypeauto.0;666.48;edge_0_0_0;0.0;-5.0;0.25;-7.65;0.39;-8.49;0.47;-8.75;0.51;-8.68;0.54;-7.74;0.55;-6.6;0.55;-6.54;CACC
943;16.9;22.9;0.9;5;80;6;Successful;Effective;collision;18.80;vtypeauto.1;vtypeauto.0;503.79;edge_0_0_0;0.0;-6.0;0.2;-9.0;0.32;-9.0;0.38;-9.0;0.41;-8.17;0.43;-7.26;0.44;-7.32;0.44;-7.39;CACC
944;16.9;22.9;0.9;8;80;6;Successful;Effective;collision;19.15;vtypeauto.1;vtypeauto.0;529.41;edge_0_0_0;0.0;-6.0;0.2;-9.0;0.32;-9.0;0.38;-9.0;0.41;-8.17;0.43;-7.26;0.44;-7.32;0.44;-7.39;CACC
945;16.9;22.9;0.9;10;80;6;Successful;Effective;collision;19.37;vtypeauto.1;vtypeauto.0;545.89;edge_0_0_0;0.0;-6.0;0.2;-9.0;0.32;-9.0;0.38;-9.0;0.41;-8.17;0.43;-7.26;0.44;-7.32;0.44;-7.39;CACC
946;16.9;22.9;0.9;5;100;6;Successful;Effective;collision;18.82;vtypeauto.1;vtypeauto.0;614.69;edge_0_0_0;0.0;-6.0;0.25;-9.0;0.39;-9.0;0.47;-9.0;0.51;-9.0;0.54;-9.0;0.55;-7.78;0.55;-7.82;CACC
947;16.9;22.9;0.9;8;100;6;Successful;Effective;collision;19.17;vtypeauto.1;vtypeauto.0;642.24;edge_0_0_0;0.0;-6.0;0.25;-9.0;0.39;-9.0;0.47;-9.0;0.51;-9.0;0.54;-8.84;0.55;-7.78;0.55;-7.8;CACC
948;16.9;22.9;0.9;10;100;6;Successful;Effective;collision;19.39;vtypeauto.1;vtypeauto.0;659.92;edge_0_0_0;0.0;-6.0;0.25;-9.0;0.39;-9.0;0.47;-9.0;0.51;-9.0;0.54;-8.47;0.55;-7.76;0.55;-7.83;CACC
949;16.9;22.9;0.9;5;80;7;Successful;Effective;collision;18.69;vtypeauto.1;vtypeauto.0;501.34;edge_0_0_0;0.0;-7.0;0.2;-9.0;0.32;-9.0;0.38;-9.0;0.41;-7.91;0.43;-7.86;0.44;-7.97;0.44;-8.04;CACC
950;16.9;22.9;0.9;8;80;7;Successful;Effective;collision;19.00;vtypeauto.1;vtypeauto.0;526.19;edge_0_0_0;0.0;-7.0;0.2;-9.0;0.32;-9.0;0.38;-9.0;0.41;-7.91;0.43;-7.86;0.44;-7.97;0.44;-8.04;CACC
951;16.9;22.9;0.9;10;80;7;Successful;Effective;collision;19.20;vtypeauto.1;vtypeauto.0;542.41;edge_0_0_0;0.0;-7.0;0.2;-9.0;0.32;-9.0;0.38;-9.0;0.41;-7.91;0.43;-7.86;0.44;-7.97;0.44;-8.04;CACC
952;16.9;22.9;0.9;5;100;7;Successful;Effective;collision;18.71;vtypeauto.1;vtypeauto.0;611.62;edge_0_0_0;0.0;-7.0;0.25;-9.0;0.39;-9.0;0.47;-9.0;0.51;-9.0;0.54;-8.68;0.55;-8.7;0.55;-8.78;CACC
953;16.9;22.9;0.9;8;100;7;Successful;Effective;collision;19.02;vtypeauto.1;vtypeauto.0;638.19;edge_0_0_0;0.0;-7.0;0.25;-9.0;0.39;-9.0;0.47;-9.0;0.51;-9.0;0.54;-8.68;0.55;-8.7;0.55;-8.78;CACC
954;16.9;22.9;0.9;10;100;7;Successful;Effective;collision;19.22;vtypeauto.1;vtypeauto.0;655.50;edge_0_0_0;0.0;-7.0;0.25;-9.0;0.39;-9.0;0.47;-9.0;0.51;-9.0;0.54;-8.68;0.55;-8.7;0.55;-8.78;CACC
955;16.9;22.9;0.9;5;80;8;Successful;Effective;collision;18.60;vtypeauto.1;vtypeauto.0;499.33;edge_0_0_0;0.0;-7.99;0.2;-9.0;0.32;-9.0;0.38;-9.0;0.41;-8.59;0.43;-8.61;0.44;-8.71;0.44;-8.68;CACC
956;16.9;22.9;0.9;8;80;8;Successful;Effective;collision;18.89;vtypeauto.1;vtypeauto.0;523.78;edge_0_0_0;0.0;-7.99;0.2;-9.0;0.32;-9.0;0.38;-9.0;0.41;-8.59;0.43;-8.61;0.44;-8.71;0.44;-8.68;CACC
957;16.9;22.9;0.9;10;80;8;Successful;Effective;collision;19.07;vtypeauto.1;vtypeauto.0;539.67;edge_0_0_0;0.0;-7.99;0.2;-9.0;0.32;-9.0;0.38;-9.0;0.41;-8.59;0.43;-8.61;0.44;-8.71;0.44;-8.68;CACC
958;16.9;22.9;0.9;5;100;8;Successful;Effective;collision;18.62;vtypeauto.1;vtypeauto.0;609.11;edge_0_0_0;0.0;-8.0;0.25;-9.0;0.39;-9.0;0.47;-9.0;0.51;-9.0;0.54;-9.0;0.55;-9.0;0.55;-9.0;CACC
959;16.9;22.9;0.9;8;100;8;Successful;Effective;collision;18.91;vtypeauto.1;vtypeauto.0;635.17;edge_0_0_0;0.0;-8.0;0.25;-9.0;0.39;-9.0;0.47;-9.0;0.51;-9.0;0.54;-9.0;0.55;-9.0;0.55;-9.0;CACC
960;16.9;22.9;0.9;10;100;8;Successful;Effective;collision;19.08;vtypeauto.1;vtypeauto.0;651.78;edge_0_0_0;0.0;-8.0;0.25;-9.0;0.39;-9.0;0.47;-9.0;0.51;-9.0;0.54;-9.0;0.55;-9.0;0.55;-9.0;CACC
961;17.0;23.0;0.6;5;80;5;Successful;Effective;collision;19.04;vtypeauto.1;vtypeauto.0;508.33;edge_0_0_0;0.0;-5.0;0.2;-6.83;0.32;-7.31;0.38;-7.42;0.41;-7.31;0.43;-7.04;0.44;-6.62;0.44;-6.33;CACC
962;17.0;23.0;0.6;8;80;5;Successful;Effective;collision;19.67;vtypeauto.1;vtypeauto.0;537.41;edge_0_0_0;0.0;-5.0;0.2;-6.83;0.32;-7.31;0.38;-7.42;0.41;-7.31;0.43;-7.04;0.44;-6.62;0.44;-6.33;CACC
963;17.0;23.0;0.6;10;80;5;Successful;Effective;collision;20.19;vtypeauto.1;vtypeauto.0;556.57;edge_0_0_0;0.0;-5.0;0.2;-6.83;0.32;-7.31;0.38;-7.42;0.41;-7.31;0.43;-7.04;0.44;-6.62;0.44;-6.33;CACC
964;17.0;23.0;0.6;5;100;5;Successful;Effective;collision;19.08;vtypeauto.1;vtypeauto.0;621.01;edge_0_0_0;0.0;-5.0;0.25;-6.84;0.39;-7.31;0.47;-7.43;0.51;-7.32;0.54;-7.09;0.55;-6.82;0.55;-6.51;CACC
965;17.0;23.0;0.6;8;100;5;Successful;Effective;collision;19.71;vtypeauto.1;vtypeauto.0;653.45;edge_0_0_0;0.0;-5.0;0.25;-6.84;0.39;-7.31;0.47;-7.43;0.51;-7.32;0.54;-7.09;0.55;-6.82;0.55;-6.51;CACC
966;17.0;23.0;0.6;10;100;5;Successful;Effective;collision;20.24;vtypeauto.1;vtypeauto.0;675.55;edge_0_0_0;0.0;-5.0;0.25;-6.84;0.39;-7.31;0.47;-7.43;0.51;-7.32;0.54;-7.09;0.55;-6.82;0.55;-6.51;CACC
967;17.0;23.0;0.6;5;80;6;Successful;Effective;collision;18.85;vtypeauto.1;vtypeauto.0;504.44;edge_0_0_0;0.0;-6.0;0.2;-8.2;0.32;-8.76;0.38;-8.89;0.41;-8.7;0.43;-8.04;0.44;-7.47;0.44;-7.43;CACC
968;17.0;23.0;0.6;8;80;6;Successful;Effective;collision;19.35;vtypeauto.1;vtypeauto.0;531.70;edge_0_0_0;0.0;-6.0;0.2;-8.2;0.32;-8.76;0.38;-8.89;0.41;-8.7;0.43;-8.04;0.44;-7.47;0.44;-7.43;CACC
969;17.0;23.0;0.6;10;80;6;Successful;Effective;collision;19.72;vtypeauto.1;vtypeauto.0;549.34;edge_0_0_0;0.0;-6.0;0.2;-8.2;0.32;-8.76;0.38;-8.89;0.41;-8.7;0.43;-8.04;0.44;-7.47;0.44;-7.43;CACC
970;17.0;23.0;0.6;5;100;6;Successful;Effective;collision;18.88;vtypeauto.1;vtypeauto.0;615.83;edge_0_0_0;0.0;-6.0;0.25;-8.2;0.39;-8.77;0.47;-8.9;0.51;-8.77;0.54;-8.48;0.55;-8.03;0.55;-7.66;CACC
971;17.0;23.0;0.6;8;100;6;Successful;Effective;collision;19.38;vtypeauto.1;vtypeauto.0;645.78;edge_0_0_0;0.0;-6.0;0.25;-8.2;0.39;-8.77;0.47;-8.9;0.51;-8.77;0.54;-8.48;0.55;-8.03;0.55;-7.66;CACC
972;17.0;23.0;0.6;10;100;6;Successful;Effective;collision;19.75;vtypeauto.1;vtypeauto.0;665.40;edge_0_0_0;0.0;-6.0;0.25;-8.2;0.39;-8.77;0.47;-8.9;0.51;-8.77;0.54;-8.48;0.55;-8.03;0.55;-7.66;CACC
973;17.0;23.0;0.6;5;80;7;Successful;Effective;collision;18.72;vtypeauto.1;vtypeauto.0;501.72;edge_0_0_0;0.0;-7.0;0.2;-9.0;0.32;-9.0;0.38;-9.0;0.41;-9.0;0.43;-8.68;0.44;-8.38;0.44;-8.46;CACC
974;17.0;23.0;0.6;8;80;7;Successful;Effective;collision;19.13;vtypeauto.1;vtypeauto.0;527.62;edge_0_0_0;0.0;-7.0;0.2;-9.0;0.32;-9.0;0.38;-9.0;0.41;-9.0;0.43;-8.68;0.44;-8.38;0.44;-8.46;CACC
975;17.0;23.0;0.6;10;80;7;Successful;Effective;collision;19.43;vtypeauto.1;vtypeauto.0;544.53;edge_0_0_0;0.0;-7.0;0.2;-9.0;0.32;-9.0;0.38;-9.0;0.41;-9.0;0.43;-8.68;0.44;-8.38;0.44;-8.46;CACC
976;17.0;23.0;0.6;5;100;7;Successful;Effective;collision;18.75;vtypeauto.1;vtypeauto.0;612.40;edge_0_0_0;0.0;-7.0;0.25;-9.0;0.39;-9.0;0.47;-9.0;0.51;-9.0;0.54;-9.0;0.55;-8.97;0.55;-8.74;CACC
977;17.0;23.0;0.6;8;100;7;Successful;Effective;collision;19.16;vtypeauto.1;vtypeauto.0;640.50;edge_0_0_0;0.0;-7.0;0.25;-9.0;0.39;-9.0;0.47;-9.0;0.51;-9.0;0.54;-9.0;0.55;-8.97;0.55;-8.74;CACC
978;17.0;23.0;0.6;10;100;7;Successful;Effective;collision;19.46;vtypeauto.1;vtypeauto.0;659.01;edge_0_0_0;0.0;-7.0;0.25;-9.0;0.39;-9.0;0.47;-9.0;0.51;-9.0;0.54;-9.0;0.55;-8.97;0.55;-8.74;CACC
979;17.0;23.0;0.6;5;80;8;Successful;Effective;collision;18.61;vtypeauto.1;vtypeauto.0;499.39;edge_0_0_0;0.0;-7.99;0.2;-9.0;0.32;-9.0;0.38;-9.0;0.41;-9.0;0.43;-9.0;0.44;-9.0;0.44;-9.0;CACC
980;17.0;23.0;0.6;8;80;8;Successful;Effective;collision;18.98;vtypeauto.1;vtypeauto.0;524.74;edge_0_0_0;0.0;-7.99;0.2;-9.0;0.32;-9.0;0.38;-9.0;0.41;-9.0;0.43;-9.0;0.44;-9.0;0.44;-9.0;CACC
981;17.0;23.0;0.6;10;80;8;Successful;Effective;collision;19.23;vtypeauto.1;vtypeauto.0;541.05;edge_0_0_0;0.0;-7.99;0.2;-9.0;0.32;-9.0;0.38;-9.0;0.41;-9.0;0.43;-9.0;0.44;-9.0;0.44;-9.0;CACC
982;17.0;23.0;0.6;5;100;8;Successful;Effective;collision;18.64;vtypeauto.1;vtypeauto.0;609.47;edge_0_0_0;0.0;-8.0;0.25;-9.0;0.39;-9.0;0.47;-9.0;0.51;-9.0;0.54;-9.0;0.55;-9.0;0.55;-9.0;CACC
983;17.0;23.0;0.6;8;100;8;Successful;Effective;collision;19.00;vtypeauto.1;vtypeauto.0;636.56;edge_0_0_0;0.0;-8.0;0.25;-9.0;0.39;-9.0;0.47;-9.0;0.51;-9.0;0.54;-9.0;0.55;-9.0;0.55;-9.0;CACC
984;17.0;23.0;0.6;10;100;8;Successful;Effective;collision;19.25;vtypeauto.1;vtypeauto.0;654.23;edge_0_0_0;0.0;-8.0;0.25;-9.0;0.39;-9.0;0.47;-9.0;0.51;-9.0;0.54;-9.0;0.55;-9.0;0.55;-9.0;CACC
985;17.0;23.0;0.7;5;80;5;Successful;Effective;collision;18.97;vtypeauto.1;vtypeauto.0;507.31;edge_0_0_0;0.0;-5.0;0.2;-7.15;0.32;-7.73;0.38;-7.88;0.41;-7.75;0.43;-7.17;0.44;-6.48;0.44;-6.38;CACC
986;17.0;23.0;0.7;8;80;5;Successful;Effective;collision;19.48;vtypeauto.1;vtypeauto.0;535.20;edge_0_0_0;0.0;-5.0;0.2;-7.15;0.32;-7.73;0.38;-7.88;0.41;-7.75;0.43;-7.17;0.44;-6.48;0.44;-6.38;CACC
987;17.0;23.0;0.7;10;80;5;Successful;Effective;collision;19.85;vtypeauto.1;vtypeauto.0;553.33;edge_0_0_0;0.0;-5.0;0.2;-7.15;0.32;-7.73;0.38;-7.88;0.41;-7.75;0.43;-7.17;0.44;-6.48;0.44;-6.38;CACC
988;17.0;23.0;0.7;5;100;5;Successful;Effective;collision;19.00;vtypeauto.1;vtypeauto.0;619.39;edge_0_0_0;0.0;-5.0;0.25;-7.16;0.39;-7.74;0.47;-7.89;0.51;-7.77;0.54;-7.5;0.55;-6.96;0.55;-6.41;CACC
989;17.0;23.0;0.7;8;100;5;Successful;Effective;collision;19.51;vtypeauto.1;vtypeauto.0;650.04;edge_0_0_0;0.0;-5.0;0.25;-7.16;0.39;-7.74;0.47;-7.89;0.51;-7.77;0.54;-7.5;0.55;-6.92;0.55;-6.41;CACC
990;17.0;23.0;0.7;10;100;5;Successful;Effective;collision;19.89;vtypeauto.1;vtypeauto.0;670.37;edge_0_0_0;0.0;-5.0;0.25;-7.16;0.39;-7.74;0.47;-7.89;0.51;-7.77;0.54;-7.5;0.55;-6.92;0.55;-6.41;CACC
991;17.0;23.0;0.7;5;80;6;Successful;Effective;collision;18.81;vtypeauto.1;vtypeauto.0;503.89;edge_0_0_0;0.0;-6.0;0.2;-8.58;0.32;-9.0;0.38;-9.0;0.41;-8.91;0.43;-7.73;0.44;-7.41;0.44;-7.48;CACC
992;17.0;23.0;0.7;8;80;6;Successful;Effective;collision;19.22;vtypeauto.1;vtypeauto.0;530.18;edge_0_0_0;0.0;-6.0;0.2;-8.58;0.32;-9.0;0.38;-9.0;0.41;-8.91;0.43;-7.73;0.44;-7.41;0.44;-7.48;CACC
993;17.0;23.0;0.7;10;80;6;Successful;Effective;collision;19.51;vtypeauto.1;vtypeauto.0;547.34;edge_0_0_0;0.0;-6.0;0.2;-8.58;0.32;-9.0;0.38;-9.0;0.41;-8.91;0.43;-7.73;0.44;-7.41;0.44;-7.48;CACC
994;17.0;23.0;0.7;5;100;6;Successful;Effective;collision;18.84;vtypeauto.1;vtypeauto.0;615.10;edge_0_0_0;0.0;-6.0;0.25;-8.58;0.39;-9.0;0.47;-9.0;0.51;-9.0;0.54;-8.75;0.55;-7.94;0.55;-7.68;CACC
995;17.0;23.0;0.7;8;100;6;Successful;Effective;collision;19.25;vtypeauto.1;vtypeauto.0;643.60;edge_0_0_0;0.0;-6.0;0.25;-8.58;0.39;-9.0;0.47;-9.0;0.51;-9.0;0.54;-8.75;0.55;-7.94;0.55;-7.68;CACC
996;17.0;23.0;0.7;10;100;6;Successful;Effective;collision;19.54;vtypeauto.1;vtypeauto.0;662.32;edge_0_0_0;0.0;-6.0;0.25;-8.58;0.39;-9.0;0.47;-9.0;0.51;-9.0;0.54;-8.75;0.55;-7.94;0.55;-7.68;CACC
997;17.0;23.0;0.7;5;80;7;Successful;Effective;collision;18.69;vtypeauto.1;vtypeauto.0;501.29;edge_0_0_0;0.0;-7.0;0.2;-9.0;0.32;-9.0;0.38;-9.0;0.41;-9.0;0.43;-8.25;0.44;-8.29;0.44;-8.36;CACC
998;17.0;23.0;0.7;8;80;7;Successful;Effective;collision;19.05;vtypeauto.1;vtypeauto.0;526.78;edge_0_0_0;0.0;-7.0;0.2;-9.0;0.32;-9.0;0.38;-9.0;0.41;-9.0;0.43;-8.25;0.44;-8.29;0.44;-8.36;CACC
999;17.0;23.0;0.7;10;80;7;Successful;Effective;collision;19.29;vtypeauto.1;vtypeauto.0;543.27;edge_0_0_0;0.0;-7.0;0.2;-9.0;0.32;-9.0;0.38;-9.0;0.41;-9.0;0.43;-8.25;0.44;-8.29;0.44;-8.36;CACC
1000;17.0;23.0;0.7;5;100;7;Successful;Effective;collision;18.72;vtypeauto.1;vtypeauto.0;611.84;edge_0_0_0;0.0;-7.0;0.25;-9.0;0.39;-9.0;0.47;-9.0;0.51;-9.0;0.54;-9.0;0.55;-8.75;0.55;-8.81;CACC
1001;17.0;23.0;0.7;8;100;7;Successful;Effective;collision;19.07;vtypeauto.1;vtypeauto.0;639.02;edge_0_0_0;0.0;-7.0;0.25;-9.0;0.39;-9.0;0.47;-9.0;0.51;-9.0;0.54;-9.0;0.55;-8.75;0.55;-8.81;CACC
1002;17.0;23.0;0.7;10;100;7;Successful;Effective;collision;19.31;vtypeauto.1;vtypeauto.0;656.82;edge_0_0_0;0.0;-7.0;0.25;-9.0;0.39;-9.0;0.47;-9.0;0.51;-9.0;0.54;-9.0;0.55;-8.75;0.55;-8.81;CACC
1003;17.0;23.0;0.7;5;80;8;Successful;Effective;collision;18.60;vtypeauto.1;vtypeauto.0;499.31;edge_0_0_0;0.0;-7.99;0.2;-9.0;0.32;-9.0;0.38;-9.0;0.41;-9.0;0.43;-8.98;0.44;-9.0;0.44;-9.0;CACC
1004;17.0;23.0;0.7;8;80;8;Successful;Effective;collision;18.92;vtypeauto.1;vtypeauto.0;524.12;edge_0_0_0;0.0;-7.99;0.2;-9.0;0.32;-9.0;0.38;-9.0;0.41;-9.0;0.43;-8.98;0.44;-9.0;0.44;-9.0;CACC
1005;17.0;23.0;0.7;10;80;8;Successful;Effective;collision;19.13;vtypeauto.1;vtypeauto.0;540.21;edge_0_0_0;0.0;-7.99;0.2;-9.0;0.32;-9.0;0.38;-9.0;0.41;-9.0;0.43;-8.98;0.44;-9.0;0.44;-9.0;CACC
1006;17.0;23.0;0.7;5;100;8;Successful;Effective;collision;18.62;vtypeauto.1;vtypeauto.0;609.09;edge_0_0_0;0.0;-8.0;0.25;-9.0;0.39;-9.0;0.47;-9.0;0.51;-9.0;0.54;-9.0;0.55;-9.0;0.55;-9.0;CACC
1007;17.0;23.0;0.7;8;100;8;Successful;Effective;collision;18.94;vtypeauto.1;vtypeauto.0;635.65;edge_0_0_0;0.0;-8.0;0.25;-9.0;0.39;-9.0;0.47;-9.0;0.51;-9.0;0.54;-9.0;0.55;-9.0;0.55;-9.0;CACC
1008;17.0;23.0;0.7;10;100;8;Successful;Effective;collision;19.15;vtypeauto.1;vtypeauto.0;652.87;edge_0_0_0;0.0;-8.0;0.25;-9.0;0.39;-9.0;0.47;-9.0;0.51;-9.0;0.54;-9.0;0.55;-9.0;0.55;-9.0;CACC
1009;17.0;23.0;0.8;5;80;5;Successful;Effective;collision;18.94;vtypeauto.1;vtypeauto.0;506.86;edge_0_0_0;0.0;-5.0;0.2;-7.48;0.32;-8.18;0.38;-8.37;0.41;-8.11;0.43;-6.94;0.44;-6.39;0.44;-6.45;CACC
1010;17.0;23.0;0.8;8;80;5;Successful;Effective;collision;19.37;vtypeauto.1;vtypeauto.0;533.78;edge_0_0_0;0.0;-5.0;0.2;-7.48;0.32;-8.18;0.38;-8.37;0.41;-8.11;0.43;-6.94;0.44;-6.39;0.44;-6.45;CACC
1011;17.0;23.0;0.8;10;80;5;Successful;Effective;collision;19.68;vtypeauto.1;vtypeauto.0;551.54;edge_0_0_0;0.0;-5.0;0.2;-7.48;0.32;-8.18;0.38;-8.37;0.41;-8.11;0.43;-6.94;0.44;-6.39;0.44;-6.45;CACC
1012;17.0;23.0;0.8;5;100;5;Successful;Effective;collision;18.97;vtypeauto.1;vtypeauto.0;618.80;edge_0_0_0;0.0;-5.0;0.25;-7.49;0.39;-8.19;0.47;-8.38;0.51;-8.24;0.54;-7.87;0.55;-6.9;0.55;-6.52;CACC
1013;17.0;23.0;0.8;8;100;5;Successful;Effective;collision;19.40;vtypeauto.1;vtypeauto.0;648.06;edge_0_0_0;0.0;-5.0;0.25;-7.49;0.39;-8.19;0.47;-8.38;0.51;-8.26;0.54;-7.67;0.55;-6.83;0.55;-6.52;CACC
1014;17.0;23.0;0.8;10;100;5;Successful;Effective;collision;19.71;vtypeauto.1;vtypeauto.0;667.49;edge_0_0_0;0.0;-5.0;0.25;-7.49;0.39;-8.19;0.47;-8.38;0.51;-8.27;0.54;-7.67;0.55;-6.68;0.55;-6.52;CACC
1015;17.0;23.0;0.8;5;80;6;Successful;Effective;collision;18.80;vtypeauto.1;vtypeauto.0;503.78;edge_0_0_0;0.0;-6.0;0.2;-8.97;0.32;-9.0;0.38;-9.0;0.41;-8.71;0.43;-7.33;0.44;-7.35;0.44;-7.41;CACC
1016;17.0;23.0;0.8;8;80;6;Successful;Effective;collision;19.16;vtypeauto.1;vtypeauto.0;529.47;edge_0_0_0;0.0;-6.0;0.2;-8.97;0.32;-9.0;0.38;-9.0;0.41;-8.71;0.43;-7.33;0.44;-7.35;0.44;-7.41;CACC
1017;17.0;23.0;0.8;10;80;6;Successful;Effective;collision;19.40;vtypeauto.1;vtypeauto.0;546.19;edge_0_0_0;0.0;-6.0;0.2;-8.97;0.32;-9.0;0.38;-9.0;0.41;-8.71;0.43;-7.33;0.44;-7.35;0.44;-7.41;CACC
1018;17.0;23.0;0.8;5;100;6;Successful;Effective;collision;18.82;vtypeauto.1;vtypeauto.0;614.68;edge_0_0_0;0.0;-6.0;0.25;-8.98;0.39;-9.0;0.47;-9.0;0.51;-9.0;0.54;-8.63;0.55;-7.7;0.55;-7.75;CACC
1019;17.0;23.0;0.8;8;100;6;Successful;Effective;collision;19.19;vtypeauto.1;vtypeauto.0;642.61;edge_0_0_0;0.0;-6.0;0.25;-8.98;0.39;-9.0;0.47;-9.0;0.51;-9.0;0.54;-8.63;0.55;-7.7;0.55;-7.75;CACC
1020;17.0;23.0;0.8;10;100;6;Successful;Effective;collision;19.43;vtypeauto.1;vtypeauto.0;660.62;edge_0_0_0;0.0;-6.0;0.25;-8.98;0.39;-9.0;0.47;-9.0;0.51;-9.0;0.54;-8.63;0.55;-7.7;0.55;-7.75;CACC
1021;17.0;23.0;0.8;5;80;7;Successful;Effective;collision;18.69;vtypeauto.1;vtypeauto.0;501.34;edge_0_0_0;0.0;-7.0;0.2;-9.0;0.32;-9.0;0.38;-9.0;0.41;-8.62;0.43;-8.12;0.44;-8.21;0.44;-8.29;CACC
1022;17.0;23.0;0.8;8;80;7;Successful;Effective;collision;19.01;vtypeauto.1;vtypeauto.0;526.31;edge_0_0_0;0.0;-7.0;0.2;-9.0;0.32;-9.0;0.38;-9.0;0.41;-8.62;0.43;-8.12;0.44;-8.21;0.44;-8.29;CACC
1023;17.0;23.0;0.8;10;80;7;Successful;Effective;collision;19.22;vtypeauto.1;vtypeauto.0;542.61;edge_0_0_0;0.0;-7.0;0.2;-9.0;0.32;-9.0;0.38;-9.0;0.41;-8.62;0.43;-8.12;0.44;-8.21;0.44;-8.29;CACC
1024;17.0;23.0;0.8;5;100;7;Successful;Effective;collision;18.71;vtypeauto.1;vtypeauto.0;611.62;edge_0_0_0;0.0;-7.0;0.25;-9.0;0.39;-9.0;0.47;-9.0;0.51;-9.0;0.54;-8.93;0.55;-8.76;0.55;-8.86;CACC
1025;17.0;23.0;0.8;8;100;7;Successful;Effective;collision;19.03;vtypeauto.1;vtypeauto.0;638.36;edge_0_0_0;0.0;-7.0;0.25;-9.0;0.39;-9.0;0.47;-9.0;0.51;-9.0;0.54;-8.93;0.55;-8.76;0.55;-8.86;CACC
1026;17.0;23.0;0.8;10;100;7;Successful;Effective;collision;19.24;vtypeauto.1;vtypeauto.0;655.80;edge_0_0_0;0.0;-7.0;0.25;-9.0;0.39;-9.0;0.47;-9.0;0.51;-9.0;0.54;-8.93;0.55;-8.76;0.55;-8.86;CACC
1027;17.0;23.0;0.8;5;80;8;Successful;Effective;collision;18.60;vtypeauto.1;vtypeauto.0;499.33;edge_0_0_0;0.0;-7.99;0.2;-9.0;0.32;-9.0;0.38;-9.0;0.41;-8.73;0.43;-8.71;0.44;-8.78;0.44;-8.78;CACC
1028;17.0;23.0;0.8;8;80;8;Successful;Effective;collision;18.90;vtypeauto.1;vtypeauto.0;523.95;edge_0_0_0;0.0;-7.99;0.2;-9.0;0.32;-9.0;0.38;-9.0;0.41;-8.73;0.43;-8.71;0.44;-8.78;0.44;-8.78;CACC
1029;17.0;23.0;0.8;10;80;8;Successful;Effective;collision;19.08;vtypeauto.1;vtypeauto.0;539.74;edge_0_0_0;0.0;-7.99;0.2;-9.0;0.32;-9.0;0.38;-9.0;0.41;-8.73;0.43;-8.71;0.44;-8.78;0.44;-8.78;CACC
1030;17.0;23.0;0.8;5;100;8;Successful;Effective;collision;18.62;vtypeauto.1;vtypeauto.0;609.11;edge_0_0_0;0.0;-8.0;0.25;-9.0;0.39;-9.0;0.47;-9.0;0.51;-9.0;0.54;-9.0;0.55;-9.0;0.55;-9.0;CACC
1031;17.0;23.0;0.8;8;100;8;Successful;Effective;collision;18.91;vtypeauto.1;vtypeauto.0;635.12;edge_0_0_0;0.0;-8.0;0.25;-9.0;0.39;-9.0;0.47;-9.0;0.51;-9.0;0.54;-9.0;0.55;-9.0;0.55;-9.0;CACC
1032;17.0;23.0;0.8;10;100;8;Successful;Effective;collision;19.10;vtypeauto.1;vtypeauto.0;652.16;edge_0_0_0;0.0;-8.0;0.25;-9.0;0.39;-9.0;0.47;-9.0;0.51;-9.0;0.54;-9.0;0.55;-9.0;0.55;-9.0;CACC
1033;17.0;23.0;0.9;5;80;5;Successful;Effective;collision;18.93;vtypeauto.1;vtypeauto.0;506.69;edge_0_0_0;0.0;-5.0;0.2;-7.82;0.32;-8.65;0.38;-8.89;0.41;-8.16;0.43;-6.43;0.44;-6.37;0.44;-6.45;CACC
1034;17.0;23.0;0.9;8;80;5;Successful;Effective;collision;19.32;vtypeauto.1;vtypeauto.0;533.14;edge_0_0_0;0.0;-5.0;0.2;-7.82;0.32;-8.65;0.38;-8.89;0.41;-8.16;0.43;-6.43;0.44;-6.37;0.44;-6.45;CACC
1035;17.0;23.0;0.9;10;80;5;Successful;Effective;collision;19.58;vtypeauto.1;vtypeauto.0;550.37;edge_0_0_0;0.0;-5.0;0.2;-7.82;0.32;-8.65;0.38;-8.89;0.41;-8.16;0.43;-6.43;0.44;-6.37;0.44;-6.45;CACC
1036;17.0;23.0;0.9;5;100;5;Successful;Effective;collision;18.96;vtypeauto.1;vtypeauto.0;618.59;edge_0_0_0;0.0;-5.0;0.25;-7.82;0.39;-8.65;0.47;-8.9;0.51;-8.78;0.54;-7.97;0.55;-6.67;0.55;-6.62;CACC
1037;17.0;23.0;0.9;8;100;5;Successful;Effective;collision;19.35;vtypeauto.1;vtypeauto.0;647.18;edge_0_0_0;0.0;-5.0;0.25;-7.82;0.39;-8.65;0.47;-8.9;0.51;-8.81;0.54;-7.89;0.55;-6.67;0.55;-6.61;CACC
1038;17.0;23.0;0.9;10;100;5;Successful;Effective;collision;19.61;vtypeauto.1;vtypeauto.0;665.82;edge_0_0_0;0.0;-5.0;0.25;-7.82;0.39;-8.65;0.47;-8.9;0.51;-8.79;0.54;-7.66;0.55;-6.64;0.55;-6.61;CACC
1039;17.0;23.0;0.9;5;80;6;Successful;Effective;collision;18.80;vtypeauto.1;vtypeauto.0;503.79;edge_0_0_0;0.0;-6.0;0.2;-9.0;0.32;-9.0;0.38;-9.0;0.41;-7.98;0.43;-7.26;0.44;-7.33;0.44;-7.4;CACC
1040;17.0;23.0;0.9;8;80;6;Successful;Effective;collision;19.14;vtypeauto.1;vtypeauto.0;529.29;edge_0_0_0;0.0;-6.0;0.2;-9.0;0.32;-9.0;0.38;-9.0;0.41;-7.98;0.43;-7.26;0.44;-7.33;0.44;-7.4;CACC
1041;17.0;23.0;0.9;10;80;6;Successful;Effective;collision;19.35;vtypeauto.1;vtypeauto.0;545.70;edge_0_0_0;0.0;-6.0;0.2;-9.0;0.32;-9.0;0.38;-9.0;0.41;-7.98;0.43;-7.26;0.44;-7.33;0.44;-7.4;CACC
1042;17.0;23.0;0.9;5;100;6;Successful;Effective;collision;18.82;vtypeauto.1;vtypeauto.0;614.69;edge_0_0_0;0.0;-6.0;0.25;-9.0;0.39;-9.0;0.47;-9.0;0.51;-9.0;0.54;-8.95;0.55;-7.85;0.55;-7.91;CACC
1043;17.0;23.0;0.9;8;100;6;Successful;Effective;collision;19.16;vtypeauto.1;vtypeauto.0;642.07;edge_0_0_0;0.0;-6.0;0.25;-9.0;0.39;-9.0;0.47;-9.0;0.51;-9.0;0.54;-8.94;0.55;-7.86;0.55;-7.89;CACC
1044;17.0;23.0;0.9;10;100;6;Successful;Effective;collision;19.37;vtypeauto.1;vtypeauto.0;659.63;edge_0_0_0;0.0;-6.0;0.25;-9.0;0.39;-9.0;0.47;-9.0;0.51;-9.0;0.54;-8.57;0.55;-7.82;0.55;-7.89;CACC
1045;17.0;23.0;0.9;5;80;7;Successful;Effective;collision;18.69;vtypeauto.1;vtypeauto.0;501.34;edge_0_0_0;0.0;-7.0;0.2;-9.0;0.32;-9.0;0.38;-9.0;0.41;-7.95;0.43;-7.91;0.44;-7.97;0.44;-7.98;CACC
1046;17.0;23.0;0.9;8;80;7;Successful;Effective;collision;19.00;vtypeauto.1;vtypeauto.0;526.23;edge_0_0_0;0.0;-7.0;0.2;-9.0;0.32;-9.0;0.38;-9.0;0.41;-7.95;0.43;-7.91;0.44;-7.97;0.44;-7.98;CACC
1047;17.0;23.0;0.9;10;80;7;Successful;Effective;collision;19.19;vtypeauto.1;vtypeauto.0;542.33;edge_0_0_0;0.0;-7.0;0.2;-9.0;0.32;-9.0;0.38;-9.0;0.41;-7.95;0.43;-7.91;0.44;-7.97;0.44;-7.98;CACC
1048;17.0;23.0;0.9;5;100;7;Successful;Effective;collision;18.71;vtypeauto.1;vtypeauto.0;611.62;edge_0_0_0;0.0;-7.0;0.25;-9.0;0.39;-9.0;0.47;-9.0;0.51;-9.0;0.54;-8.72;0.55;-8.76;0.55;-8.85;CACC
1049;17.0;23.0;0.9;8;100;7;Successful;Effective;collision;19.02;vtypeauto.1;vtypeauto.0;638.24;edge_0_0_0;0.0;-7.0;0.25;-9.0;0.39;-9.0;0.47;-9.0;0.51;-9.0;0.54;-8.72;0.55;-8.76;0.55;-8.85;CACC
1050;17.0;23.0;0.9;10;100;7;Successful;Effective;collision;19.20;vtypeauto.1;vtypeauto.0;655.12;edge_0_0_0;0.0;-7.0;0.25;-9.0;0.39;-9.0;0.47;-9.0;0.51;-9.0;0.54;-8.72;0.55;-8.76;0.55;-8.85;CACC
1051;17.0;23.0;0.9;5;80;8;Successful;Effective;collision;18.60;vtypeauto.1;vtypeauto.0;499.33;edge_0_0_0;0.0;-7.99;0.2;-9.0;0.32;-9.0;0.38;-9.0;0.41;-8.52;0.43;-8.56;0.44;-8.66;0.44;-8.62;CACC
1052;17.0;23.0;0.9;8;80;8;Successful;Effective;collision;18.89;vtypeauto.1;vtypeauto.0;523.79;edge_0_0_0;0.0;-7.99;0.2;-9.0;0.32;-9.0;0.38;-9.0;0.41;-8.52;0.43;-8.56;0.44;-8.66;0.44;-8.62;CACC
1053;17.0;23.0;0.9;10;80;8;Successful;Effective;collision;19.06;vtypeauto.1;vtypeauto.0;539.53;edge_0_0_0;0.0;-7.99;0.2;-9.0;0.32;-9.0;0.38;-9.0;0.41;-8.52;0.43;-8.56;0.44;-8.66;0.44;-8.62;CACC
1054;17.0;23.0;0.9;5;100;8;Successful;Effective;collision;18.62;vtypeauto.1;vtypeauto.0;609.11;edge_0_0_0;0.0;-8.0;0.25;-9.0;0.39;-9.0;0.47;-9.0;0.51;-9.0;0.54;-9.0;0.55;-9.0;0.55;-9.0;CACC
1055;17.0;23.0;0.9;8;100;8;Successful;Effective;collision;18.91;vtypeauto.1;vtypeauto.0;635.19;edge_0_0_0;0.0;-8.0;0.25;-9.0;0.39;-9.0;0.47;-9.0;0.51;-9.0;0.54;-9.0;0.55;-9.0;0.55;-9.0;CACC
1056;17.0;23.0;0.9;10;100;8;Successful;Effective;collision;19.08;vtypeauto.1;vtypeauto.0;651.87;edge_0_0_0;0.0;-8.0;0.25;-9.0;0.39;-9.0;0.47;-9.0;0.51;-9.0;0.54;-9.0;0.55;-9.0;0.55;-9.0;CACC
1057;17.1;23.1;0.6;5;80;5;Successful;Effective;No;No;No;No;No;No;0.0;-5.0;0.2;-5.29;0.32;-5.7;0.38;-5.92;0.41;-5.99;0.43;-5.88;0.44;-5.8;0.44;-5.7;CACC
1058;17.1;23.1;0.6;8;80;5;Successful;Effective;No;No;No;No;No;No;0.0;-5.0;0.2;-5.29;0.32;-5.7;0.38;-5.92;0.41;-5.99;0.43;-5.88;0.44;-5.8;0.44;-5.7;CACC
1059;17.1;23.1;0.6;10;80;5;Successful;Effective;No;No;No;No;No;No;0.0;-5.0;0.2;-5.29;0.32;-5.7;0.38;-5.92;0.41;-5.99;0.43;-5.88;0.44;-5.8;0.44;-5.7;CACC
1060;17.1;23.1;0.6;5;100;5;Successful;Effective;No;No;No;No;No;No;0.0;-5.0;0.25;-5.29;0.39;-5.7;0.47;-5.93;0.51;-6.01;0.54;-5.9;0.55;-5.83;0.55;-5.76;CACC
1061;17.1;23.1;0.6;8;100;5;Successful;Effective;No;No;No;No;No;No;0.0;-5.0;0.25;-5.29;0.39;-5.7;0.47;-5.93;0.51;-6.01;0.54;-5.9;0.55;-5.83;0.55;-5.76;CACC
1062;17.1;23.1;0.6;10;100;5;Successful;Effective;No;No;No;No;No;No;0.0;-5.0;0.25;-5.29;0.39;-5.7;0.47;-5.93;0.51;-6.01;0.54;-5.9;0.55;-5.83;0.55;-5.76;CACC
1063;17.1;23.1;0.6;5;80;6;Successful;Effective;No;No;No;No;No;No;0.0;-6.0;0.2;-6.34;0.32;-6.83;0.38;-7.09;0.41;-7.18;0.43;-6.98;0.44;-6.82;0.44;-6.72;CACC
1064;17.1;23.1;0.6;8;80;6;Successful;Effective;No;No;No;No;No;No;0.0;-6.0;0.2;-6.34;0.32;-6.83;0.38;-7.09;0.41;-7.18;0.43;-6.98;0.44;-6.82;0.44;-6.72;CACC
1065;17.1;23.1;0.6;10;80;6;Successful;Effective;No;No;No;No;No;No;0.0;-6.0;0.2;-6.34;0.32;-6.83;0.38;-7.09;0.41;-7.18;0.43;-6.98;0.44;-6.82;0.44;-6.72;CACC
1066;17.1;23.1;0.6;5;100;6;Successful;Effective;No;No;No;No;No;No;0.0;-6.0;0.25;-6.35;0.39;-6.84;0.47;-7.1;0.51;-7.19;0.54;-7.06;0.55;-6.97;0.55;-6.87;CACC
1067;17.1;23.1;0.6;8;100;6;Successful;Effective;No;No;No;No;No;No;0.0;-6.0;0.25;-6.35;0.39;-6.84;0.47;-7.1;0.51;-7.19;0.54;-7.06;0.55;-6.97;0.55;-6.87;CACC
1068;17.1;23.1;0.6;10;100;6;Successful;Effective;No;No;No;No;No;No;0.0;-6.0;0.25;-6.35;0.39;-6.84;0.47;-7.1;0.51;-7.19;0.54;-7.06;0.55;-6.97;0.55;-6.87;CACC
1069;17.1;23.1;0.6;5;80;7;Successful;Effective;No;No;No;No;No;No;0.0;-7.0;0.2;-7.4;0.32;-7.96;0.38;-8.26;0.41;-8.32;0.43;-7.96;0.44;-7.78;0.44;-7.65;CACC
1070;17.1;23.1;0.6;8;80;7;Successful;Effective;No;No;No;No;No;No;0.0;-7.0;0.2;-7.4;0.32;-7.96;0.38;-8.26;0.41;-8.32;0.43;-7.96;0.44;-7.78;0.44;-7.65;CACC
1071;17.1;23.1;0.6;10;80;7;Successful;Effective;No;No;No;No;No;No;0.0;-7.0;0.2;-7.4;0.32;-7.96;0.38;-8.26;0.41;-8.32;0.43;-7.96;0.44;-7.78;0.44;-7.65;CACC
1072;17.1;23.1;0.6;5;100;7;Successful;Effective;No;No;No;No;No;No;0.0;-7.0;0.25;-7.4;0.39;-7.97;0.47;-8.27;0.51;-8.38;0.54;-8.2;0.55;-8.03;0.55;-7.91;CACC
1073;17.1;23.1;0.6;8;100;7;Successful;Effective;No;No;No;No;No;No;0.0;-7.0;0.25;-7.4;0.39;-7.97;0.47;-8.27;0.51;-8.38;0.54;-8.2;0.55;-8.03;0.55;-7.91;CACC
1074;17.1;23.1;0.6;10;100;7;Successful;Effective;No;No;No;No;No;No;0.0;-7.0;0.25;-7.4;0.39;-7.97;0.47;-8.27;0.51;-8.38;0.54;-8.2;0.55;-8.03;0.55;-7.91;CACC
1075;17.1;23.1;0.6;5;80;8;Successful;Effective;No;No;No;No;No;No;0.0;-7.99;0.2;-8.45;0.32;-9.0;0.38;-9.0;0.41;-9.0;0.43;-8.89;0.44;-8.61;0.44;-8.57;CACC
1076;17.1;23.1;0.6;8;80;8;Successful;Effective;No;No;No;No;No;No;0.0;-7.99;0.2;-8.45;0.32;-9.0;0.38;-9.0;0.41;-9.0;0.43;-8.89;0.44;-8.61;0.44;-8.57;CACC
1077;17.1;23.1;0.6;10;80;8;Successful;Effective;No;No;No;No;No;No;0.0;-7.99;0.2;-8.45;0.32;-9.0;0.38;-9.0;0.41;-9.0;0.43;-8.89;0.44;-8.61;0.44;-8.57;CACC
1078;17.1;23.1;0.6;5;100;8;Successful;Effective;No;No;No;No;No;No;0.0;-8.0;0.25;-8.46;0.39;-9.0;0.47;-9.0;0.51;-9.0;0.54;-9.0;0.55;-9.0;0.55;-8.88;CACC
1079;17.1;23.1;0.6;8;100;8;Successful;Effective;No;No;No;No;No;No;0.0;-8.0;0.25;-8.46;0.39;-9.0;0.47;-9.0;0.51;-9.0;0.54;-9.0;0.55;-9.0;0.55;-8.88;CACC
1080;17.1;23.1;0.6;10;100;8;Successful;Effective;No;No;No;No;No;No;0.0;-8.0;0.25;-8.46;0.39;-9.0;0.47;-9.0;0.51;-9.0;0.54;-9.0;0.55;-9.0;0.55;-8.88;CACC
1081;17.1;23.1;0.7;5;80;5;Successful;Effective;No;No;No;No;No;No;0.0;-5.0;0.2;-5.37;0.32;-5.81;0.38;-6.05;0.41;-6.13;0.43;-6.01;0.44;-5.86;0.44;-5.72;CACC
1082;17.1;23.1;0.7;8;80;5;Successful;Effective;No;No;No;No;No;No;0.0;-5.0;0.2;-5.37;0.32;-5.81;0.38;-6.05;0.41;-6.13;0.43;-6.01;0.44;-5.86;0.44;-5.72;CACC
1083;17.1;23.1;0.7;10;80;5;Successful;Effective;No;No;No;No;No;No;0.0;-5.0;0.2;-5.37;0.32;-5.81;0.38;-6.05;0.41;-6.13;0.43;-6.01;0.44;-5.86;0.44;-5.72;CACC
1084;17.1;23.1;0.7;5;100;5;Successful;Effective;No;No;No;No;No;No;0.0;-5.0;0.25;-5.37;0.39;-5.82;0.47;-6.06;0.51;-6.15;0.54;-6.04;0.55;-5.96;0.55;-5.82;CACC
1085;17.1;23.1;0.7;8;100;5;Successful;Effective;No;No;No;No;No;No;0.0;-5.0;0.25;-5.37;0.39;-5.82;0.47;-6.06;0.51;-6.15;0.54;-6.04;0.55;-5.96;0.55;-5.82;CACC
1086;17.1;23.1;0.7;10;100;5;Successful;Effective;No;No;No;No;No;No;0.0;-5.0;0.25;-5.37;0.39;-5.82;0.47;-6.06;0.51;-6.15;0.54;-6.04;0.55;-5.96;0.55;-5.82;CACC
1087;17.1;23.1;0.7;5;80;6;Successful;Effective;No;No;No;No;No;No;0.0;-6.0;0.2;-6.44;0.32;-6.96;0.38;-7.25;0.41;-7.32;0.43;-7.04;0.44;-6.84;0.44;-6.63;CACC
1088;17.1;23.1;0.7;8;80;6;Successful;Effective;No;No;No;No;No;No;0.0;-6.0;0.2;-6.44;0.32;-6.96;0.38;-7.25;0.41;-7.32;0.43;-7.04;0.44;-6.84;0.44;-6.63;CACC
1089;17.1;23.1;0.7;10;80;6;Successful;Effective;No;No;No;No;No;No;0.0;-6.0;0.2;-6.44;0.32;-6.96;0.38;-7.25;0.41;-7.32;0.43;-7.04;0.44;-6.84;0.44;-6.63;CACC
1090;17.1;23.1;0.7;5;100;6;Successful;Effective;No;No;No;No;No;No;0.0;-6.0;0.25;-6.45;0.39;-6.97;0.47;-7.26;0.51;-7.36;0.54;-7.23;0.55;-7.07;0.55;-6.91;CACC
1091;17.1;23.1;0.7;8;100;6;Successful;Effective;No;No;No;No;No;No;0.0;-6.0;0.25;-6.45;0.39;-6.97;0.47;-7.26;0.51;-7.36;0.54;-7.23;0.55;-7.07;0.55;-6.91;CACC
1092;17.1;23.1;0.7;10;100;6;Successful;Effective;No;No;No;No;No;No;0.0;-6.0;0.25;-6.45;0.39;-6.97;0.47;-7.26;0.51;-7.36;0.54;-7.23;0.55;-7.07;0.55;-6.91;CACC
1093;17.1;23.1;0.7;5;80;7;Successful;Effective;No;No;No;No;No;No;0.0;-7.0;0.2;-7.51;0.32;-8.12;0.38;-8.42;0.41;-8.39;0.43;-8.02;0.44;-7.64;0.44;-7.57;CACC
1094;17.1;23.1;0.7;8;80;7;Successful;Effective;No;No;No;No;No;No;0.0;-7.0;0.2;-7.51;0.32;-8.12;0.38;-8.42;0.41;-8.39;0.43;-8.02;0.44;-7.64;0.44;-7.57;CACC
1095;17.1;23.1;0.7;10;80;7;Successful;Effective;No;No;No;No;No;No;0.0;-7.0;0.2;-7.51;0.32;-8.12;0.38;-8.42;0.41;-8.39;0.43;-8.02;0.44;-7.64;0.44;-7.57;CACC
1096;17.1;23.1;0.7;5;100;7;Successful;Effective;collision;21.59;vtypeauto.2;vtypeauto.1;631.69;edge_0_0_0;0.0;-7.0;0.25;-7.52;0.39;-8.13;0.47;-8.46;0.51;-8.57;0.54;-8.3;0.55;-8.09;0.55;-7.86;CACC
1097;17.1;23.1;0.7;8;100;7;Successful;Effective;No;No;No;No;No;No;0.0;-7.0;0.25;-7.52;0.39;-8.13;0.47;-8.46;0.51;-8.57;0.54;-8.3;0.55;-8.09;0.55;-7.86;CACC
1098;17.1;23.1;0.7;10;100;7;Successful;Effective;No;No;No;No;No;No;0.0;-7.0;0.25;-7.52;0.39;-8.13;0.47;-8.46;0.51;-8.57;0.54;-8.3;0.55;-8.09;0.55;-7.86;CACC
1099;17.1;23.1;0.7;5;80;8;Successful;Effective;No;No;No;No;No;No;0.0;-7.99;0.2;-8.58;0.32;-9.0;0.38;-9.0;0.41;-9.0;0.43;-8.85;0.44;-8.34;0.44;-8.52;CACC
1100;17.1;23.1;0.7;8;80;8;Successful;Effective;No;No;No;No;No;No;0.0;-7.99;0.2;-8.58;0.32;-9.0;0.38;-9.0;0.41;-9.0;0.43;-8.85;0.44;-8.34;0.44;-8.52;CACC
1101;17.1;23.1;0.7;10;80;8;Successful;Effective;No;No;No;No;No;No;0.0;-7.99;0.2;-8.58;0.32;-9.0;0.38;-9.0;0.41;-9.0;0.43;-8.85;0.44;-8.34;0.44;-8.52;CACC
1102;17.1;23.1;0.7;5;100;8;Successful;Effective;collision;20.87;vtypeauto.2;vtypeauto.1;624.71;edge_0_0_0;0.0;-8.0;0.25;-8.59;0.39;-9.0;0.47;-9.0;0.51;-9.0;0.54;-9.0;0.55;-8.98;0.55;-8.74;CACC
1103;17.1;23.1;0.7;8;100;8;Successful;Effective;No;No;No;No;No;No;0.0;-8.0;0.25;-8.59;0.39;-9.0;0.47;-9.0;0.51;-9.0;0.54;-9.0;0.55;-8.98;0.55;-8.74;CACC
1104;17.1;23.1;0.7;10;100;8;Successful;Effective;No;No;No;No;No;No;0.0;-8.0;0.25;-8.59;0.39;-9.0;0.47;-9.0;0.51;-9.0;0.54;-9.0;0.55;-8.98;0.55;-8.74;CACC
1105;17.1;23.1;0.8;5;80;5;Successful;Effective;No;No;No;No;No;No;0.0;-5.0;0.2;-5.47;0.32;-5.93;0.38;-6.18;0.41;-6.26;0.43;-6.08;0.44;-5.93;0.44;-5.64;CACC
1106;17.1;23.1;0.8;8;80;5;Successful;Effective;No;No;No;No;No;No;0.0;-5.0;0.2;-5.47;0.32;-5.93;0.38;-6.18;0.41;-6.26;0.43;-6.08;0.44;-5.93;0.44;-5.64;CACC
1107;17.1;23.1;0.8;10;80;5;Successful;Effective;No;No;No;No;No;No;0.0;-5.0;0.2;-5.47;0.32;-5.93;0.38;-6.18;0.41;-6.26;0.43;-6.08;0.44;-5.93;0.44;-5.64;CACC
1108;17.1;23.1;0.8;5;100;5;Successful;Effective;No;No;No;No;No;No;0.0;-5.0;0.25;-5.47;0.39;-5.94;0.47;-6.19;0.51;-6.28;0.54;-6.19;0.55;-6.0;0.55;-5.87;CACC
1109;17.1;23.1;0.8;8;100;5;Successful;Effective;No;No;No;No;No;No;0.0;-5.0;0.25;-5.47;0.39;-5.94;0.47;-6.19;0.51;-6.28;0.54;-6.19;0.55;-6.0;0.55;-5.87;CACC
1110;17.1;23.1;0.8;10;100;5;Successful;Effective;No;No;No;No;No;No;0.0;-5.0;0.25;-5.47;0.39;-5.94;0.47;-6.19;0.51;-6.28;0.54;-6.19;0.55;-6.0;0.55;-5.87;CACC
1111;17.1;23.1;0.8;5;80;6;Successful;Effective;No;No;No;No;No;No;0.0;-6.0;0.2;-6.56;0.32;-7.11;0.38;-7.39;0.41;-7.37;0.43;-7.13;0.44;-6.73;0.44;-6.55;CACC
1112;17.1;23.1;0.8;8;80;6;Successful;Effective;No;No;No;No;No;No;0.0;-6.0;0.2;-6.56;0.32;-7.11;0.38;-7.39;0.41;-7.37;0.43;-7.13;0.44;-6.73;0.44;-6.55;CACC
1113;17.1;23.1;0.8;10;80;6;Successful;Effective;No;No;No;No;No;No;0.0;-6.0;0.2;-6.56;0.32;-7.11;0.38;-7.39;0.41;-7.37;0.43;-7.13;0.44;-6.73;0.44;-6.55;CACC
1114;17.1;23.1;0.8;5;100;6;Successful;Effective;collision;21.78;vtypeauto.2;vtypeauto.1;641.11;edge_0_0_0;0.0;-6.0;0.25;-6.56;0.39;-7.12;0.47;-7.42;0.51;-7.53;0.54;-7.33;0.55;-7.15;0.55;-6.85;CACC
1115;17.1;23.1;0.8;8;100;6;Successful;Effective;No;No;No;No;No;No;0.0;-6.0;0.25;-6.56;0.39;-7.12;0.47;-7.42;0.51;-7.53;0.54;-7.33;0.55;-7.15;0.55;-6.85;CACC
1116;17.1;23.1;0.8;10;100;6;Successful;Effective;No;No;No;No;No;No;0.0;-6.0;0.25;-6.56;0.39;-7.12;0.47;-7.42;0.51;-7.53;0.54;-7.33;0.55;-7.15;0.55;-6.85;CACC
1117;17.1;23.1;0.8;5;80;7;Successful;Effective;collision;20.89;vtypeauto.2;vtypeauto.1;508.98;edge_0_0_0;0.0;-7.0;0.2;-7.65;0.32;-8.28;0.38;-8.47;0.41;-8.36;0.43;-8.01;0.44;-7.39;0.44;-7.51;CACC
1118;17.1;23.1;0.8;8;80;7;Successful;Effective;No;No;No;No;No;No;0.0;-7.0;0.2;-7.65;0.32;-8.28;0.38;-8.47;0.41;-8.36;0.43;-8.01;0.44;-7.39;0.44;-7.51;CACC
1119;17.1;23.1;0.8;10;80;7;Successful;Effective;No;No;No;No;No;No;0.0;-7.0;0.2;-7.65;0.32;-8.28;0.38;-8.47;0.41;-8.36;0.43;-8.01;0.44;-7.39;0.44;-7.51;CACC
1120;17.1;23.1;0.8;5;100;7;Successful;Effective;collision;21.04;vtypeauto.2;vtypeauto.1;631.64;edge_0_0_0;0.0;-7.0;0.25;-7.65;0.39;-8.3;0.47;-8.65;0.51;-8.69;0.54;-8.36;0.55;-8.06;0.55;-7.71;CACC
1121;17.1;23.1;0.8;8;100;7;Successful;Effective;No;No;No;No;No;No;0.0;-7.0;0.25;-7.65;0.39;-8.3;0.47;-8.65;0.51;-8.69;0.54;-8.36;0.55;-8.06;0.55;-7.71;CACC
1122;17.1;23.1;0.8;10;100;7;Successful;Effective;No;No;No;No;No;No;0.0;-7.0;0.25;-7.65;0.39;-8.3;0.47;-8.65;0.51;-8.69;0.54;-8.36;0.55;-8.06;0.55;-7.71;CACC
1123;17.1;23.1;0.8;5;80;8;Successful;Effective;collision;20.46;vtypeauto.2;vtypeauto.1;504.45;edge_0_0_0;0.0;-7.99;0.2;-8.73;0.32;-9.0;0.38;-9.0;0.41;-9.0;0.43;-8.62;0.44;-8.18;0.44;-8.46;CACC
1124;17.1;23.1;0.8;8;80;8;Successful;Effective;No;No;No;No;No;No;0.0;-7.99;0.2;-8.73;0.32;-9.0;0.38;-9.0;0.41;-9.0;0.43;-8.62;0.44;-8.18;0.44;-8.46;CACC
1125;17.1;23.1;0.8;10;80;8;Successful;Effective;No;No;No;No;No;No;0.0;-7.99;0.2;-8.73;0.32;-9.0;0.38;-9.0;0.41;-9.0;0.43;-8.62;0.44;-8.18;0.44;-8.46;CACC
1126;17.1;23.1;0.8;5;100;8;Successful;Effective;collision;20.59;vtypeauto.2;vtypeauto.1;624.70;edge_0_0_0;0.0;-8.0;0.25;-8.74;0.39;-9.0;0.47;-9.0;0.51;-9.0;0.54;-9.0;0.55;-8.77;0.55;-8.69;CACC
1127;17.1;23.1;0.8;8;100;8;Successful;Effective;No;No;No;No;No;No;0.0;-8.0;0.25;-8.74;0.39;-9.0;0.47;-9.0;0.51;-9.0;0.54;-9.0;0.55;-8.77;0.55;-8.69;CACC
1128;17.1;23.1;0.8;10;100;8;Successful;Effective;No;No;No;No;No;No;0.0;-8.0;0.25;-8.74;0.39;-9.0;0.47;-9.0;0.51;-9.0;0.54;-9.0;0.55;-8.77;0.55;-8.69;CACC
1129;17.1;23.1;0.9;5;80;5;Successful;Effective;collision;22.01;vtypeauto.2;vtypeauto.1;523.77;edge_0_0_0;0.0;-5.0;0.2;-5.58;0.32;-6.07;0.38;-6.32;0.41;-6.32;0.43;-6.16;0.44;-5.89;0.44;-5.53;CACC
1130;17.1;23.1;0.9;8;80;5;Successful;Effective;No;No;No;No;No;No;0.0;-5.0;0.2;-5.58;0.32;-6.07;0.38;-6.32;0.41;-6.32;0.43;-6.16;0.44;-5.89;0.44;-5.53;CACC
1131;17.1;23.1;0.9;10;80;5;Successful;Effective;No;No;No;No;No;No;0.0;-5.0;0.2;-5.58;0.32;-6.07;0.38;-6.32;0.41;-6.32;0.43;-6.16;0.44;-5.89;0.44;-5.53;CACC
1132;17.1;23.1;0.9;5;100;5;Successful;Effective;collision;22.28;vtypeauto.2;vtypeauto.1;653.36;edge_0_0_0;0.0;-5.0;0.25;-5.58;0.39;-6.08;0.47;-6.33;0.51;-6.42;0.54;-6.25;0.55;-6.15;0.55;-5.72;CACC
1133;17.1;23.1;0.9;8;100;5;Successful;Effective;No;No;No;No;No;No;0.0;-5.0;0.25;-5.58;0.39;-6.08;0.47;-6.33;0.51;-6.42;0.54;-6.25;0.55;-6.15;0.55;-5.72;CACC
1134;17.1;23.1;0.9;10;100;5;Successful;Effective;No;No;No;No;No;No;0.0;-5.0;0.25;-5.58;0.39;-6.08;0.47;-6.33;0.51;-6.42;0.54;-6.25;0.55;-6.15;0.55;-5.72;CACC
1135;17.1;23.1;0.9;5;80;6;Successful;Effective;collision;21.16;vtypeauto.2;vtypeauto.1;515.59;edge_0_0_0;0.0;-6.0;0.2;-6.69;0.32;-7.28;0.38;-7.45;0.41;-7.37;0.43;-7.19;0.44;-6.5;0.44;-6.5;CACC
1136;17.1;23.1;0.9;8;80;6;Successful;Effective;No;No;No;No;No;No;0.0;-6.0;0.2;-6.69;0.32;-7.28;0.38;-7.45;0.41;-7.37;0.43;-7.19;0.44;-6.5;0.44;-6.5;CACC
1137;17.1;23.1;0.9;10;80;6;Successful;Effective;No;No;No;No;No;No;0.0;-6.0;0.2;-6.69;0.32;-7.28;0.38;-7.45;0.41;-7.37;0.43;-7.19;0.44;-6.5;0.44;-6.5;CACC
1138;17.1;23.1;0.9;5;100;6;Successful;Effective;collision;21.32;vtypeauto.2;vtypeauto.1;640.11;edge_0_0_0;0.0;-6.0;0.25;-6.7;0.39;-7.29;0.47;-7.59;0.51;-7.63;0.54;-7.4;0.55;-7.19;0.55;-6.7;CACC
1139;17.1;23.1;0.9;8;100;6;Successful;Effective;No;No;No;No;No;No;0.0;-6.0;0.25;-6.7;0.39;-7.29;0.47;-7.59;0.51;-7.63;0.54;-7.4;0.55;-7.19;0.55;-6.7;CACC
1140;17.1;23.1;0.9;10;100;6;Successful;Effective;No;No;No;No;No;No;0.0;-6.0;0.25;-6.7;0.39;-7.29;0.47;-7.59;0.51;-7.63;0.54;-7.4;0.55;-7.19;0.55;-6.7;CACC
1141;17.1;23.1;0.9;5;80;7;Successful;Effective;collision;20.67;vtypeauto.2;vtypeauto.1;509.64;edge_0_0_0;0.0;-7.0;0.2;-7.8;0.32;-8.41;0.38;-8.37;0.41;-8.58;0.43;-7.84;0.44;-7.26;0.44;-7.46;CACC
1142;17.1;23.1;0.9;8;80;7;Successful;Effective;No;No;No;No;No;No;0.0;-7.0;0.2;-7.8;0.32;-8.41;0.38;-8.37;0.41;-8.58;0.43;-7.84;0.44;-7.26;0.44;-7.46;CACC
1143;17.1;23.1;0.9;10;80;7;Successful;Effective;No;No;No;No;No;No;0.0;-7.0;0.2;-7.8;0.32;-8.41;0.38;-8.37;0.41;-8.58;0.43;-7.84;0.44;-7.26;0.44;-7.46;CACC
1144;17.1;23.1;0.9;5;100;7;Successful;Effective;collision;20.79;vtypeauto.2;vtypeauto.1;631.20;edge_0_0_0;0.0;-7.0;0.25;-7.81;0.39;-8.49;0.47;-8.79;0.51;-8.67;0.54;-8.55;0.55;-7.89;0.55;-7.67;CACC
1145;17.1;23.1;0.9;8;100;7;Successful;Effective;No;No;No;No;No;No;0.0;-7.0;0.25;-7.81;0.39;-8.49;0.47;-8.79;0.51;-8.67;0.54;-8.55;0.55;-7.89;0.55;-7.67;CACC
1146;17.1;23.1;0.9;10;100;7;Successful;Effective;No;No;No;No;No;No;0.0;-7.0;0.25;-7.81;0.39;-8.49;0.47;-8.79;0.51;-8.67;0.54;-8.55;0.55;-7.89;0.55;-7.67;CACC
1147;17.1;23.1;0.9;5;80;8;Successful;Effective;collision;20.31;vtypeauto.2;vtypeauto.1;505.00;edge_0_0_0;0.0;-7.99;0.2;-8.89;0.32;-9.0;0.38;-9.0;0.41;-9.0;0.43;-8.23;0.44;-8.03;0.44;-8.4;CACC
1148;17.1;23.1;0.9;8;80;8;Successful;Effective;No;No;No;No;No;No;0.0;-7.99;0.2;-8.89;0.32;-9.0;0.38;-9.0;0.41;-9.0;0.43;-8.23;0.44;-8.03;0.44;-8.4;CACC
1149;17.1;23.1;0.9;10;80;8;Successful;Effective;No;No;No;No;No;No;0.0;-7.99;0.2;-8.89;0.32;-9.0;0.38;-9.0;0.41;-9.0;0.43;-8.23;0.44;-8.03;0.44;-8.4;CACC
1150;17.1;23.1;0.9;5;100;8;Successful;Effective;collision;20.43;vtypeauto.2;vtypeauto.1;624.60;edge_0_0_0;0.0;-8.0;0.25;-8.92;0.39;-9.0;0.47;-9.0;0.51;-9.0;0.54;-9.0;0.55;-8.45;0.55;-8.58;CACC
1151;17.1;23.1;0.9;8;100;8;Successful;Effective;No;No;No;No;No;No;0.0;-8.0;0.25;-8.92;0.39;-9.0;0.47;-9.0;0.51;-9.0;0.54;-9.0;0.55;-8.45;0.55;-8.58;CACC
1152;17.1;23.1;0.9;10;100;8;Successful;Effective;No;No;No;No;No;No;0.0;-8.0;0.25;-8.92;0.39;-9.0;0.47;-9.0;0.51;-9.0;0.54;-9.0;0.55;-8.45;0.55;-8.58;CACC
1153;17.2;23.2;0.6;5;80;5;Successful;Effective;No;No;No;No;No;No;0.0;-5.0;0.2;-5.25;0.32;-5.33;0.38;-5.5;0.41;-5.58;0.43;-5.55;0.44;-5.5;0.44;-5.42;CACC
1154;17.2;23.2;0.6;8;80;5;Successful;Effective;No;No;No;No;No;No;0.0;-5.0;0.2;-5.25;0.32;-5.33;0.38;-5.5;0.41;-5.58;0.43;-5.55;0.44;-5.5;0.44;-5.42;CACC
1155;17.2;23.2;0.6;10;80;5;Successful;Effective;No;No;No;No;No;No;0.0;-5.0;0.2;-5.25;0.32;-5.33;0.38;-5.5;0.41;-5.58;0.43;-5.55;0.44;-5.5;0.44;-5.42;CACC
1156;17.2;23.2;0.6;5;100;5;Successful;Effective;No;No;No;No;No;No;0.0;-5.0;0.25;-5.25;0.39;-5.34;0.47;-5.51;0.51;-5.6;0.54;-5.57;0.55;-5.53;0.55;-5.47;CACC
1157;17.2;23.2;0.6;8;100;5;Successful;Effective;No;No;No;No;No;No;0.0;-5.0;0.25;-5.25;0.39;-5.34;0.47;-5.51;0.51;-5.6;0.54;-5.57;0.55;-5.53;0.55;-5.47;CACC
1158;17.2;23.2;0.6;10;100;5;Successful;Effective;No;No;No;No;No;No;0.0;-5.0;0.25;-5.25;0.39;-5.34;0.47;-5.51;0.51;-5.6;0.54;-5.57;0.55;-5.53;0.55;-5.47;CACC
1159;17.2;23.2;0.6;5;80;6;Successful;Effective;No;No;No;No;No;No;0.0;-6.0;0.2;-6.3;0.32;-6.39;0.38;-6.59;0.41;-6.68;0.43;-6.61;0.44;-6.53;0.44;-6.39;CACC
1160;17.2;23.2;0.6;8;80;6;Successful;Effective;No;No;No;No;No;No;0.0;-6.0;0.2;-6.3;0.32;-6.39;0.38;-6.59;0.41;-6.68;0.43;-6.61;0.44;-6.53;0.44;-6.39;CACC
1161;17.2;23.2;0.6;10;80;6;Successful;Effective;No;No;No;No;No;No;0.0;-6.0;0.2;-6.3;0.32;-6.39;0.38;-6.59;0.41;-6.68;0.43;-6.61;0.44;-6.53;0.44;-6.39;CACC
1162;17.2;23.2;0.6;5;100;6;Successful;Effective;No;No;No;No;No;No;0.0;-6.0;0.25;-6.3;0.39;-6.4;0.47;-6.6;0.51;-6.7;0.54;-6.67;0.55;-6.61;0.55;-6.52;CACC
1163;17.2;23.2;0.6;8;100;6;Successful;Effective;No;No;No;No;No;No;0.0;-6.0;0.25;-6.3;0.39;-6.4;0.47;-6.6;0.51;-6.7;0.54;-6.67;0.55;-6.61;0.55;-6.52;CACC
1164;17.2;23.2;0.6;10;100;6;Successful;Effective;No;No;No;No;No;No;0.0;-6.0;0.25;-6.3;0.39;-6.4;0.47;-6.6;0.51;-6.7;0.54;-6.67;0.55;-6.61;0.55;-6.52;CACC
1165;17.2;23.2;0.6;5;80;7;Successful;Effective;No;No;No;No;No;No;0.0;-7.0;0.2;-7.34;0.32;-7.45;0.38;-7.65;0.41;-7.73;0.43;-7.63;0.44;-7.5;0.44;-7.28;CACC
1166;17.2;23.2;0.6;8;80;7;Successful;Effective;No;No;No;No;No;No;0.0;-7.0;0.2;-7.34;0.32;-7.45;0.38;-7.65;0.41;-7.73;0.43;-7.63;0.44;-7.5;0.44;-7.28;CACC
1167;17.2;23.2;0.6;10;80;7;Successful;Effective;No;No;No;No;No;No;0.0;-7.0;0.2;-7.34;0.32;-7.45;0.38;-7.65;0.41;-7.73;0.43;-7.63;0.44;-7.5;0.44;-7.28;CACC
1168;17.2;23.2;0.6;5;100;7;Successful;Effective;No;No;No;No;No;No;0.0;-7.0;0.25;-7.35;0.39;-7.46;0.47;-7.69;0.51;-7.81;0.54;-7.75;0.55;-7.65;0.55;-7.52;CACC
1169;17.2;23.2;0.6;8;100;7;Successful;Effective;No;No;No;No;No;No;0.0;-7.0;0.25;-7.35;0.39;-7.46;0.47;-7.69;0.51;-7.81;0.54;-7.75;0.55;-7.65;0.55;-7.52;CACC
1170;17.2;23.2;0.6;10;100;7;Successful;Effective;No;No;No;No;No;No;0.0;-7.0;0.25;-7.35;0.39;-7.46;0.47;-7.69;0.51;-7.81;0.54;-7.75;0.55;-7.65;0.55;-7.52;CACC
1171;17.2;23.2;0.6;5;80;8;Successful;Effective;No;No;No;No;No;No;0.0;-7.99;0.2;-8.39;0.32;-8.45;0.38;-8.64;0.41;-8.72;0.43;-8.63;0.44;-8.38;0.44;-8.11;CACC
1172;17.2;23.2;0.6;8;80;8;Successful;Effective;No;No;No;No;No;No;0.0;-7.99;0.2;-8.39;0.32;-8.45;0.38;-8.64;0.41;-8.72;0.43;-8.63;0.44;-8.38;0.44;-8.11;CACC
1173;17.2;23.2;0.6;10;80;8;Successful;Effective;No;No;No;No;No;No;0.0;-7.99;0.2;-8.39;0.32;-8.45;0.38;-8.64;0.41;-8.72;0.43;-8.63;0.44;-8.38;0.44;-8.11;CACC
1174;17.2;23.2;0.6;5;100;8;Successful;Effective;No;No;No;No;No;No;0.0;-8.0;0.25;-8.39;0.39;-8.52;0.47;-8.77;0.51;-8.89;0.54;-8.77;0.55;-8.67;0.55;-8.44;CACC
1175;17.2;23.2;0.6;8;100;8;Successful;Effective;No;No;No;No;No;No;0.0;-8.0;0.25;-8.39;0.39;-8.52;0.47;-8.77;0.51;-8.89;0.54;-8.77;0.55;-8.67;0.55;-8.44;CACC
1176;17.2;23.2;0.6;10;100;8;Successful;Effective;No;No;No;No;No;No;0.0;-8.0;0.25;-8.39;0.39;-8.52;0.47;-8.77;0.51;-8.89;0.54;-8.77;0.55;-8.67;0.55;-8.44;CACC
1177;17.2;23.2;0.7;5;80;5;Successful;Effective;No;No;No;No;No;No;0.0;-5.0;0.2;-5.32;0.32;-5.41;0.38;-5.56;0.41;-5.64;0.43;-5.59;0.44;-5.55;0.44;-5.45;CACC
1178;17.2;23.2;0.7;8;80;5;Successful;Effective;No;No;No;No;No;No;0.0;-5.0;0.2;-5.32;0.32;-5.41;0.38;-5.56;0.41;-5.64;0.43;-5.59;0.44;-5.55;0.44;-5.45;CACC
1179;17.2;23.2;0.7;10;80;5;Successful;Effective;No;No;No;No;No;No;0.0;-5.0;0.2;-5.32;0.32;-5.41;0.38;-5.56;0.41;-5.64;0.43;-5.59;0.44;-5.55;0.44;-5.45;CACC
1180;17.2;23.2;0.7;5;100;5;Successful;Effective;No;No;No;No;No;No;0.0;-5.0;0.25;-5.32;0.39;-5.42;0.47;-5.58;0.51;-5.66;0.54;-5.63;0.55;-5.59;0.55;-5.52;CACC
1181;17.2;23.2;0.7;8;100;5;Successful;Effective;No;No;No;No;No;No;0.0;-5.0;0.25;-5.32;0.39;-5.42;0.47;-5.58;0.51;-5.66;0.54;-5.63;0.55;-5.59;0.55;-5.52;CACC
1182;17.2;23.2;0.7;10;100;5;Successful;Effective;No;No;No;No;No;No;0.0;-5.0;0.25;-5.32;0.39;-5.42;0.47;-5.58;0.51;-5.66;0.54;-5.63;0.55;-5.59;0.55;-5.52;CACC
1183;17.2;23.2;0.7;5;80;6;Successful;Effective;No;No;No;No;No;No;0.0;-6.0;0.2;-6.38;0.32;-6.48;0.38;-6.65;0.41;-6.69;0.43;-6.66;0.44;-6.56;0.44;-6.32;CACC
1184;17.2;23.2;0.7;8;80;6;Successful;Effective;No;No;No;No;No;No;0.0;-6.0;0.2;-6.38;0.32;-6.48;0.38;-6.65;0.41;-6.69;0.43;-6.66;0.44;-6.56;0.44;-6.32;CACC
1185;17.2;23.2;0.7;10;80;6;Successful;Effective;No;No;No;No;No;No;0.0;-6.0;0.2;-6.38;0.32;-6.48;0.38;-6.65;0.41;-6.69;0.43;-6.66;0.44;-6.56;0.44;-6.32;CACC
1186;17.2;23.2;0.7;5;100;6;Successful;Effective;No;No;No;No;No;No;0.0;-6.0;0.25;-6.38;0.39;-6.49;0.47;-6.68;0.51;-6.77;0.54;-6.73;0.55;-6.67;0.55;-6.57;CACC
1187;17.2;23.2;0.7;8;100;6;Successful;Effective;No;No;No;No;No;No;0.0;-6.0;0.25;-6.38;0.39;-6.49;0.47;-6.68;0.51;-6.77;0.54;-6.73;0.55;-6.67;0.55;-6.57;CACC
1188;17.2;23.2;0.7;10;100;6;Successful;Effective;No;No;No;No;No;No;0.0;-6.0;0.25;-6.38;0.39;-6.49;0.47;-6.68;0.51;-6.77;0.54;-6.73;0.55;-6.67;0.55;-6.57;CACC
1189;17.2;23.2;0.7;5;80;7;Successful;Effective;No;No;No;No;No;No;0.0;-7.0;0.2;-7.44;0.32;-7.52;0.38;-7.63;0.41;-7.69;0.43;-7.7;0.44;-7.44;0.44;-7.13;CACC
1190;17.2;23.2;0.7;8;80;7;Successful;Effective;No;No;No;No;No;No;0.0;-7.0;0.2;-7.44;0.32;-7.52;0.38;-7.63;0.41;-7.69;0.43;-7.7;0.44;-7.44;0.44;-7.13;CACC
1191;17.2;23.2;0.7;10;80;7;Successful;Effective;No;No;No;No;No;No;0.0;-7.0;0.2;-7.44;0.32;-7.52;0.38;-7.63;0.41;-7.69;0.43;-7.7;0.44;-7.44;0.44;-7.13;CACC
1192;17.2;23.2;0.7;5;100;7;Successful;Effective;No;No;No;No;No;No;0.0;-7.0;0.25;-7.44;0.39;-7.57;0.47;-7.78;0.51;-7.85;0.54;-7.77;0.55;-7.73;0.55;-7.48;CACC
1193;17.2;23.2;0.7;8;100;7;Successful;Effective;No;No;No;No;No;No;0.0;-7.0;0.25;-7.44;0.39;-7.57;0.47;-7.78;0.51;-7.85;0.54;-7.77;0.55;-7.73;0.55;-7.48;CACC
1194;17.2;23.2;0.7;10;100;7;Successful;Effective;No;No;No;No;No;No;0.0;-7.0;0.25;-7.44;0.39;-7.57;0.47;-7.78;0.51;-7.85;0.54;-7.77;0.55;-7.73;0.55;-7.48;CACC
1195;17.2;23.2;0.7;5;80;8;Successful;Effective;No;No;No;No;No;No;0.0;-7.99;0.2;-8.49;0.32;-8.46;0.38;-8.52;0.41;-8.78;0.43;-8.62;0.44;-8.21;0.44;-7.93;CACC
1196;17.2;23.2;0.7;8;80;8;Successful;Effective;No;No;No;No;No;No;0.0;-7.99;0.2;-8.49;0.32;-8.46;0.38;-8.52;0.41;-8.78;0.43;-8.62;0.44;-8.21;0.44;-7.93;CACC
1197;17.2;23.2;0.7;10;80;8;Successful;Effective;No;No;No;No;No;No;0.0;-7.99;0.2;-8.49;0.32;-8.46;0.38;-8.52;0.41;-8.78;0.43;-8.62;0.44;-8.21;0.44;-7.93;CACC
1198;17.2;23.2;0.7;5;100;8;Successful;Effective;No;No;No;No;No;No;0.0;-8.0;0.25;-8.5;0.39;-8.63;0.47;-8.82;0.51;-8.86;0.54;-8.87;0.55;-8.66;0.55;-8.31;CACC
1199;17.2;23.2;0.7;8;100;8;Successful;Effective;No;No;No;No;No;No;0.0;-8.0;0.25;-8.5;0.39;-8.63;0.47;-8.82;0.51;-8.86;0.54;-8.87;0.55;-8.66;0.55;-8.31;CACC
1200;17.2;23.2;0.7;10;100;8;Successful;Effective;No;No;No;No;No;No;0.0;-8.0;0.25;-8.5;0.39;-8.63;0.47;-8.82;0.51;-8.86;0.54;-8.87;0.55;-8.66;0.55;-8.31;CACC
1201;17.2;23.2;0.8;5;80;5;Successful;Effective;No;No;No;No;No;No;0.0;-5.0;0.2;-5.39;0.32;-5.5;0.38;-5.65;0.41;-5.66;0.43;-5.65;0.44;-5.63;0.44;-5.42;CACC
1202;17.2;23.2;0.8;8;80;5;Successful;Effective;No;No;No;No;No;No;0.0;-5.0;0.2;-5.39;0.32;-5.5;0.38;-5.65;0.41;-5.66;0.43;-5.65;0.44;-5.63;0.44;-5.42;CACC
1203;17.2;23.2;0.8;10;80;5;Successful;Effective;No;No;No;No;No;No;0.0;-5.0;0.2;-5.39;0.32;-5.5;0.38;-5.65;0.41;-5.66;0.43;-5.65;0.44;-5.63;0.44;-5.42;CACC
1204;17.2;23.2;0.8;5;100;5;Successful;Effective;No;No;No;No;No;No;0.0;-5.0;0.25;-5.4;0.39;-5.51;0.47;-5.66;0.51;-5.72;0.54;-5.68;0.55;-5.67;0.55;-5.61;CACC
1205;17.2;23.2;0.8;8;100;5;Successful;Effective;No;No;No;No;No;No;0.0;-5.0;0.25;-5.4;0.39;-5.51;0.47;-5.66;0.51;-5.72;0.54;-5.68;0.55;-5.67;0.55;-5.61;CACC
1206;17.2;23.2;0.8;10;100;5;Successful;Effective;No;No;No;No;No;No;0.0;-5.0;0.25;-5.4;0.39;-5.51;0.47;-5.66;0.51;-5.72;0.54;-5.68;0.55;-5.67;0.55;-5.61;CACC
1207;17.2;23.2;0.8;5;80;6;Successful;Effective;No;No;No;No;No;No;0.0;-6.0;0.2;-6.47;0.32;-6.58;0.38;-6.65;0.41;-6.69;0.43;-6.75;0.44;-6.54;0.44;-6.19;CACC
1208;17.2;23.2;0.8;8;80;6;Successful;Effective;No;No;No;No;No;No;0.0;-6.0;0.2;-6.47;0.32;-6.58;0.38;-6.65;0.41;-6.69;0.43;-6.75;0.44;-6.54;0.44;-6.19;CACC
1209;17.2;23.2;0.8;10;80;6;Successful;Effective;No;No;No;No;No;No;0.0;-6.0;0.2;-6.47;0.32;-6.58;0.38;-6.65;0.41;-6.69;0.43;-6.75;0.44;-6.54;0.44;-6.19;CACC
1210;17.2;23.2;0.8;5;100;6;Successful;Effective;No;No;No;No;No;No;0.0;-6.0;0.25;-6.47;0.39;-6.6;0.47;-6.78;0.51;-6.82;0.54;-6.79;0.55;-6.78;0.55;-6.56;CACC
1211;17.2;23.2;0.8;8;100;6;Successful;Effective;No;No;No;No;No;No;0.0;-6.0;0.25;-6.47;0.39;-6.6;0.47;-6.78;0.51;-6.82;0.54;-6.79;0.55;-6.78;0.55;-6.56;CACC
1212;17.2;23.2;0.8;10;100;6;Successful;Effective;No;No;No;No;No;No;0.0;-6.0;0.25;-6.47;0.39;-6.6;0.47;-6.78;0.51;-6.82;0.54;-6.79;0.55;-6.78;0.55;-6.56;CACC
1213;17.2;23.2;0.8;5;80;7;Successful;Effective;No;No;No;No;No;No;0.0;-7.0;0.2;-7.55;0.32;-7.56;0.38;-7.48;0.41;-7.79;0.43;-7.72;0.44;-7.3;0.44;-6.97;CACC
1214;17.2;23.2;0.8;8;80;7;Successful;Effective;No;No;No;No;No;No;0.0;-7.0;0.2;-7.55;0.32;-7.56;0.38;-7.48;0.41;-7.79;0.43;-7.72;0.44;-7.3;0.44;-6.97;CACC
1215;17.2;23.2;0.8;10;80;7;Successful;Effective;No;No;No;No;No;No;0.0;-7.0;0.2;-7.55;0.32;-7.56;0.38;-7.48;0.41;-7.79;0.43;-7.72;0.44;-7.3;0.44;-6.97;CACC
1216;17.2;23.2;0.8;5;100;7;Successful;Effective;No;No;No;No;No;No;0.0;-7.0;0.25;-7.55;0.39;-7.69;0.47;-7.83;0.51;-7.81;0.54;-7.9;0.55;-7.75;0.55;-7.37;CACC
1217;17.2;23.2;0.8;8;100;7;Successful;Effective;No;No;No;No;No;No;0.0;-7.0;0.25;-7.55;0.39;-7.69;0.47;-7.83;0.51;-7.81;0.54;-7.9;0.55;-7.75;0.55;-7.37;CACC
1218;17.2;23.2;0.8;10;100;7;Successful;Effective;No;No;No;No;No;No;0.0;-7.0;0.25;-7.55;0.39;-7.69;0.47;-7.83;0.51;-7.81;0.54;-7.9;0.55;-7.75;0.55;-7.37;CACC
1219;17.2;23.2;0.8;5;80;8;Successful;Effective;No;No;No;No;No;No;0.0;-7.99;0.2;-8.6;0.32;-8.39;0.38;-8.34;0.41;-8.85;0.43;-8.54;0.44;-7.96;0.44;-7.81;CACC
1220;17.2;23.2;0.8;8;80;8;Successful;Effective;No;No;No;No;No;No;0.0;-7.99;0.2;-8.6;0.32;-8.39;0.38;-8.34;0.41;-8.85;0.43;-8.54;0.44;-7.96;0.44;-7.81;CACC
1221;17.2;23.2;0.8;10;80;8;Successful;Effective;No;No;No;No;No;No;0.0;-7.99;0.2;-8.6;0.32;-8.39;0.38;-8.34;0.41;-8.85;0.43;-8.54;0.44;-7.96;0.44;-7.81;CACC
1222;17.2;23.2;0.8;5;100;8;Successful;Effective;No;No;No;No;No;No;0.0;-8.0;0.25;-8.63;0.39;-8.74;0.47;-8.74;0.51;-8.91;0.54;-8.94;0.55;-8.57;0.55;-8.1;CACC
1223;17.2;23.2;0.8;8;100;8;Successful;Effective;No;No;No;No;No;No;0.0;-8.0;0.25;-8.63;0.39;-8.74;0.47;-8.74;0.51;-8.91;0.54;-8.94;0.55;-8.57;0.55;-8.1;CACC
1224;17.2;23.2;0.8;10;100;8;Successful;Effective;No;No;No;No;No;No;0.0;-8.0;0.25;-8.63;0.39;-8.74;0.47;-8.74;0.51;-8.91;0.54;-8.94;0.55;-8.57;0.55;-8.1;CACC
1225;17.2;23.2;0.9;5;80;5;Successful;Effective;No;No;No;No;No;No;0.0;-5.0;0.2;-5.49;0.32;-5.61;0.38;-5.7;0.41;-5.65;0.43;-5.75;0.44;-5.67;0.44;-5.34;CACC
1226;17.2;23.2;0.9;8;80;5;Successful;Effective;No;No;No;No;No;No;0.0;-5.0;0.2;-5.49;0.32;-5.61;0.38;-5.7;0.41;-5.65;0.43;-5.75;0.44;-5.67;0.44;-5.34;CACC
1227;17.2;23.2;0.9;10;80;5;Successful;Effective;No;No;No;No;No;No;0.0;-5.0;0.2;-5.49;0.32;-5.61;0.38;-5.7;0.41;-5.65;0.43;-5.75;0.44;-5.67;0.44;-5.34;CACC
1228;17.2;23.2;0.9;5;100;5;Successful;Effective;No;No;No;No;No;No;0.0;-5.0;0.25;-5.49;0.39;-5.61;0.47;-5.76;0.51;-5.79;0.54;-5.77;0.55;-5.78;0.55;-5.63;CACC
1229;17.2;23.2;0.9;8;100;5;Successful;Effective;No;No;No;No;No;No;0.0;-5.0;0.25;-5.49;0.39;-5.61;0.47;-5.76;0.51;-5.79;0.54;-5.77;0.55;-5.78;0.55;-5.63;CACC
1230;17.2;23.2;0.9;10;100;5;Successful;Effective;No;No;No;No;No;No;0.0;-5.0;0.25;-5.49;0.39;-5.61;0.47;-5.76;0.51;-5.79;0.54;-5.77;0.55;-5.78;0.55;-5.63;CACC
1231;17.2;23.2;0.9;5;80;6;Successful;Effective;No;No;No;No;No;No;0.0;-6.0;0.2;-6.58;0.32;-6.67;0.38;-6.53;0.41;-6.76;0.43;-6.81;0.44;-6.45;0.44;-6.03;CACC
1232;17.2;23.2;0.9;8;80;6;Successful;Effective;No;No;No;No;No;No;0.0;-6.0;0.2;-6.58;0.32;-6.67;0.38;-6.53;0.41;-6.76;0.43;-6.81;0.44;-6.45;0.44;-6.03;CACC
1233;17.2;23.2;0.9;10;80;6;Successful;Effective;No;No;No;No;No;No;0.0;-6.0;0.2;-6.58;0.32;-6.67;0.38;-6.53;0.41;-6.76;0.43;-6.81;0.44;-6.45;0.44;-6.03;CACC
1234;17.2;23.2;0.9;5;100;6;Successful;Effective;No;No;No;No;No;No;0.0;-6.0;0.25;-6.58;0.39;-6.73;0.47;-6.87;0.51;-6.78;0.54;-6.9;0.55;-6.85;0.55;-6.48;CACC
1235;17.2;23.2;0.9;8;100;6;Successful;Effective;No;No;No;No;No;No;0.0;-6.0;0.25;-6.58;0.39;-6.73;0.47;-6.87;0.51;-6.78;0.54;-6.9;0.55;-6.85;0.55;-6.48;CACC
1236;17.2;23.2;0.9;10;100;6;Successful;Effective;No;No;No;No;No;No;0.0;-6.0;0.25;-6.58;0.39;-6.73;0.47;-6.87;0.51;-6.78;0.54;-6.9;0.55;-6.85;0.55;-6.48;CACC
1237;17.2;23.2;0.9;5;80;7;Successful;Effective;No;No;No;No;No;No;0.0;-7.0;0.2;-7.67;0.32;-7.53;0.38;-7.33;0.41;-7.86;0.43;-7.68;0.44;-7.09;0.44;-6.87;CACC
1238;17.2;23.2;0.9;8;80;7;Successful;Effective;No;No;No;No;No;No;0.0;-7.0;0.2;-7.67;0.32;-7.53;0.38;-7.33;0.41;-7.86;0.43;-7.68;0.44;-7.09;0.44;-6.87;CACC
1239;17.2;23.2;0.9;10;80;7;Successful;Effective;No;No;No;No;No;No;0.0;-7.0;0.2;-7.67;0.32;-7.53;0.38;-7.33;0.41;-7.86;0.43;-7.68;0.44;-7.09;0.44;-6.87;CACC
1240;17.2;23.2;0.9;5;100;7;Successful;Effective;No;No;No;No;No;No;0.0;-7.0;0.25;-7.68;0.39;-7.83;0.47;-7.78;0.51;-7.89;0.54;-8.0;0.55;-7.7;0.55;-7.18;CACC
1241;17.2;23.2;0.9;8;100;7;Successful;Effective;No;No;No;No;No;No;0.0;-7.0;0.25;-7.68;0.39;-7.83;0.47;-7.78;0.51;-7.89;0.54;-8.0;0.55;-7.7;0.55;-7.18;CACC
1242;17.2;23.2;0.9;10;100;7;Successful;Effective;No;No;No;No;No;No;0.0;-7.0;0.25;-7.68;0.39;-7.83;0.47;-7.78;0.51;-7.89;0.54;-8.0;0.55;-7.7;0.55;-7.18;CACC
1243;17.2;23.2;0.9;5;80;8;Successful;Effective;No;No;No;No;No;No;0.0;-7.99;0.2;-8.72;0.32;-8.17;0.38;-8.37;0.41;-8.88;0.43;-8.4;0.44;-7.65;0.44;-7.66;CACC
1244;17.2;23.2;0.9;8;80;8;Successful;Effective;No;No;No;No;No;No;0.0;-7.99;0.2;-8.72;0.32;-8.17;0.38;-8.37;0.41;-8.88;0.43;-8.4;0.44;-7.65;0.44;-7.66;CACC
1245;17.2;23.2;0.9;10;80;8;Successful;Effective;No;No;No;No;No;No;0.0;-7.99;0.2;-8.72;0.32;-8.17;0.38;-8.37;0.41;-8.88;0.43;-8.4;0.44;-7.65;0.44;-7.66;CACC
1246;17.2;23.2;0.9;5;100;8;Successful;Effective;No;No;No;No;No;No;0.0;-8.0;0.25;-8.77;0.39;-8.81;0.47;-8.5;0.51;-9.0;0.54;-8.98;0.55;-8.42;0.55;-7.98;CACC
1247;17.2;23.2;0.9;8;100;8;Successful;Effective;No;No;No;No;No;No;0.0;-8.0;0.25;-8.77;0.39;-8.81;0.47;-8.5;0.51;-9.0;0.54;-8.98;0.55;-8.42;0.55;-7.98;CACC
1248;17.2;23.2;0.9;10;100;8;Successful;Effective;No;No;No;No;No;No;0.0;-8.0;0.25;-8.77;0.39;-8.81;0.47;-8.5;0.51;-9.0;0.54;-8.98;0.55;-8.42;0.55;-7.98;CACC
1249;17.3;23.3;0.6;5;80;5;Successful;Effective;No;No;No;No;No;No;0.0;-5.0;0.2;-5.22;0.32;-5.29;0.38;-5.33;0.41;-5.38;0.43;-5.37;0.44;-5.35;0.44;-5.34;CACC
1250;17.3;23.3;0.6;8;80;5;Successful;Effective;No;No;No;No;No;No;0.0;-5.0;0.2;-5.22;0.32;-5.29;0.38;-5.33;0.41;-5.38;0.43;-5.37;0.44;-5.35;0.44;-5.34;CACC
1251;17.3;23.3;0.6;10;80;5;Successful;Effective;No;No;No;No;No;No;0.0;-5.0;0.2;-5.22;0.32;-5.29;0.38;-5.33;0.41;-5.38;0.43;-5.37;0.44;-5.35;0.44;-5.34;CACC
1252;17.3;23.3;0.6;5;100;5;Successful;Effective;No;No;No;No;No;No;0.0;-5.0;0.25;-5.22;0.39;-5.3;0.47;-5.34;0.51;-5.4;0.54;-5.39;0.55;-5.38;0.55;-5.36;CACC
1253;17.3;23.3;0.6;8;100;5;Successful;Effective;No;No;No;No;No;No;0.0;-5.0;0.25;-5.22;0.39;-5.3;0.47;-5.34;0.51;-5.4;0.54;-5.39;0.55;-5.38;0.55;-5.36;CACC
1254;17.3;23.3;0.6;10;100;5;Successful;Effective;No;No;No;No;No;No;0.0;-5.0;0.25;-5.22;0.39;-5.3;0.47;-5.34;0.51;-5.4;0.54;-5.39;0.55;-5.38;0.55;-5.36;CACC
1255;17.3;23.3;0.6;5;80;6;Successful;Effective;No;No;No;No;No;No;0.0;-6.0;0.2;-6.26;0.32;-6.35;0.38;-6.38;0.41;-6.42;0.43;-6.39;0.44;-6.4;0.44;-6.35;CACC
1256;17.3;23.3;0.6;8;80;6;Successful;Effective;No;No;No;No;No;No;0.0;-6.0;0.2;-6.26;0.32;-6.35;0.38;-6.38;0.41;-6.42;0.43;-6.39;0.44;-6.4;0.44;-6.35;CACC
1257;17.3;23.3;0.6;10;80;6;Successful;Effective;No;No;No;No;No;No;0.0;-6.0;0.2;-6.26;0.32;-6.35;0.38;-6.38;0.41;-6.42;0.43;-6.39;0.44;-6.4;0.44;-6.35;CACC
1258;17.3;23.3;0.6;5;100;6;Successful;Effective;No;No;No;No;No;No;0.0;-6.0;0.25;-6.26;0.39;-6.35;0.47;-6.4;0.51;-6.46;0.54;-6.45;0.55;-6.43;0.55;-6.42;CACC
1259;17.3;23.3;0.6;8;100;6;Successful;Effective;No;No;No;No;No;No;0.0;-6.0;0.25;-6.26;0.39;-6.35;0.47;-6.4;0.51;-6.46;0.54;-6.45;0.55;-6.43;0.55;-6.42;CACC
1260;17.3;23.3;0.6;10;100;6;Successful;Effective;No;No;No;No;No;No;0.0;-6.0;0.25;-6.26;0.39;-6.35;0.47;-6.4;0.51;-6.46;0.54;-6.45;0.55;-6.43;0.55;-6.42;CACC
1261;17.3;23.3;0.6;5;80;7;Successful;Effective;No;No;No;No;No;No;0.0;-7.0;0.2;-7.3;0.32;-7.39;0.38;-7.36;0.41;-7.4;0.43;-7.42;0.44;-7.39;0.44;-7.31;CACC
1262;17.3;23.3;0.6;8;80;7;Successful;Effective;No;No;No;No;No;No;0.0;-7.0;0.2;-7.3;0.32;-7.39;0.38;-7.36;0.41;-7.4;0.43;-7.42;0.44;-7.39;0.44;-7.31;CACC
1263;17.3;23.3;0.6;10;80;7;Successful;Effective;No;No;No;No;No;No;0.0;-7.0;0.2;-7.3;0.32;-7.39;0.38;-7.36;0.41;-7.4;0.43;-7.42;0.44;-7.39;0.44;-7.31;CACC
1264;17.3;23.3;0.6;5;100;7;Successful;Effective;No;No;No;No;No;No;0.0;-7.0;0.25;-7.3;0.39;-7.41;0.47;-7.45;0.51;-7.52;0.54;-7.48;0.55;-7.48;0.55;-7.45;CACC
1265;17.3;23.3;0.6;8;100;7;Successful;Effective;No;No;No;No;No;No;0.0;-7.0;0.25;-7.3;0.39;-7.41;0.47;-7.45;0.51;-7.52;0.54;-7.48;0.55;-7.48;0.55;-7.45;CACC
1266;17.3;23.3;0.6;10;100;7;Successful;Effective;No;No;No;No;No;No;0.0;-7.0;0.25;-7.3;0.39;-7.41;0.47;-7.45;0.51;-7.52;0.54;-7.48;0.55;-7.48;0.55;-7.45;CACC
1267;17.3;23.3;0.6;5;80;8;Successful;Effective;No;No;No;No;No;No;0.0;-7.99;0.2;-8.34;0.32;-8.38;0.38;-8.28;0.41;-8.38;0.43;-8.41;0.44;-8.34;0.44;-8.22;CACC
1268;17.3;23.3;0.6;8;80;8;Successful;Effective;No;No;No;No;No;No;0.0;-7.99;0.2;-8.34;0.32;-8.38;0.38;-8.28;0.41;-8.38;0.43;-8.41;0.44;-8.34;0.44;-8.22;CACC
1269;17.3;23.3;0.6;10;80;8;Successful;Effective;No;No;No;No;No;No;0.0;-7.99;0.2;-8.34;0.32;-8.38;0.38;-8.28;0.41;-8.38;0.43;-8.41;0.44;-8.34;0.44;-8.22;CACC
1270;17.3;23.3;0.6;5;100;8;Successful;Effective;No;No;No;No;No;No;0.0;-8.0;0.25;-8.34;0.39;-8.46;0.47;-8.47;0.51;-8.52;0.54;-8.49;0.55;-8.5;0.55;-8.43;CACC
1271;17.3;23.3;0.6;8;100;8;Successful;Effective;No;No;No;No;No;No;0.0;-8.0;0.25;-8.34;0.39;-8.46;0.47;-8.47;0.51;-8.52;0.54;-8.49;0.55;-8.5;0.55;-8.43;CACC
1272;17.3;23.3;0.6;10;100;8;Successful;Effective;No;No;No;No;No;No;0.0;-8.0;0.25;-8.34;0.39;-8.46;0.47;-8.47;0.51;-8.52;0.54;-8.49;0.55;-8.5;0.55;-8.43;CACC
1273;17.3;23.3;0.7;5;80;5;Successful;Effective;No;No;No;No;No;No;0.0;-5.0;0.2;-5.27;0.32;-5.35;0.38;-5.38;0.41;-5.41;0.43;-5.37;0.44;-5.39;0.44;-5.37;CACC
1274;17.3;23.3;0.7;8;80;5;Successful;Effective;No;No;No;No;No;No;0.0;-5.0;0.2;-5.27;0.32;-5.35;0.38;-5.38;0.41;-5.41;0.43;-5.37;0.44;-5.39;0.44;-5.37;CACC
1275;17.3;23.3;0.7;10;80;5;Successful;Effective;No;No;No;No;No;No;0.0;-5.0;0.2;-5.27;0.32;-5.35;0.38;-5.38;0.41;-5.41;0.43;-5.37;0.44;-5.39;0.44;-5.37;CACC
1276;17.3;23.3;0.7;5;100;5;Successful;Effective;No;No;No;No;No;No;0.0;-5.0;0.25;-5.28;0.39;-5.36;0.47;-5.39;0.51;-5.44;0.54;-5.43;0.55;-5.42;0.55;-5.41;CACC
1277;17.3;23.3;0.7;8;100;5;Successful;Effective;No;No;No;No;No;No;0.0;-5.0;0.25;-5.28;0.39;-5.36;0.47;-5.39;0.51;-5.44;0.54;-5.43;0.55;-5.42;0.55;-5.41;CACC
1278;17.3;23.3;0.7;10;100;5;Successful;Effective;No;No;No;No;No;No;0.0;-5.0;0.25;-5.28;0.39;-5.36;0.47;-5.39;0.51;-5.44;0.54;-5.43;0.55;-5.42;0.55;-5.41;CACC
1279;17.3;23.3;0.7;5;80;6;Successful;Effective;No;No;No;No;No;No;0.0;-6.0;0.2;-6.32;0.32;-6.42;0.38;-6.39;0.41;-6.37;0.43;-6.42;0.44;-6.42;0.44;-6.34;CACC
1280;17.3;23.3;0.7;8;80;6;Successful;Effective;No;No;No;No;No;No;0.0;-6.0;0.2;-6.32;0.32;-6.42;0.38;-6.39;0.41;-6.37;0.43;-6.42;0.44;-6.42;0.44;-6.34;CACC
1281;17.3;23.3;0.7;10;80;6;Successful;Effective;No;No;No;No;No;No;0.0;-6.0;0.2;-6.32;0.32;-6.42;0.38;-6.39;0.41;-6.37;0.43;-6.42;0.44;-6.42;0.44;-6.34;CACC
1282;17.3;23.3;0.7;5;100;6;Successful;Effective;No;No;No;No;No;No;0.0;-6.0;0.25;-6.33;0.39;-6.42;0.47;-6.46;0.51;-6.5;0.54;-6.46;0.55;-6.48;0.55;-6.46;CACC
1283;17.3;23.3;0.7;8;100;6;Successful;Effective;No;No;No;No;No;No;0.0;-6.0;0.25;-6.33;0.39;-6.42;0.47;-6.46;0.51;-6.5;0.54;-6.46;0.55;-6.48;0.55;-6.46;CACC
1284;17.3;23.3;0.7;10;100;6;Successful;Effective;No;No;No;No;No;No;0.0;-6.0;0.25;-6.33;0.39;-6.42;0.47;-6.46;0.51;-6.5;0.54;-6.46;0.55;-6.48;0.55;-6.46;CACC
1285;17.3;23.3;0.7;5;80;7;Successful;Effective;No;No;No;No;No;No;0.0;-7.0;0.2;-7.37;0.32;-7.43;0.38;-7.28;0.41;-7.37;0.43;-7.43;0.44;-7.37;0.44;-7.24;CACC
1286;17.3;23.3;0.7;8;80;7;Successful;Effective;No;No;No;No;No;No;0.0;-7.0;0.2;-7.37;0.32;-7.43;0.38;-7.28;0.41;-7.37;0.43;-7.43;0.44;-7.37;0.44;-7.24;CACC
1287;17.3;23.3;0.7;10;80;7;Successful;Effective;No;No;No;No;No;No;0.0;-7.0;0.2;-7.37;0.32;-7.43;0.38;-7.28;0.41;-7.37;0.43;-7.43;0.44;-7.37;0.44;-7.24;CACC
1288;17.3;23.3;0.7;5;100;7;Successful;Effective;No;No;No;No;No;No;0.0;-7.0;0.25;-7.38;0.39;-7.49;0.47;-7.5;0.51;-7.49;0.54;-7.5;0.55;-7.52;0.55;-7.45;CACC
1289;17.3;23.3;0.7;8;100;7;Successful;Effective;No;No;No;No;No;No;0.0;-7.0;0.25;-7.38;0.39;-7.49;0.47;-7.5;0.51;-7.49;0.54;-7.5;0.55;-7.52;0.55;-7.45;CACC
1290;17.3;23.3;0.7;10;100;7;Successful;Effective;No;No;No;No;No;No;0.0;-7.0;0.25;-7.38;0.39;-7.49;0.47;-7.5;0.51;-7.49;0.54;-7.5;0.55;-7.52;0.55;-7.45;CACC
1291;17.3;23.3;0.7;5;80;8;Successful;Effective;No;No;No;No;No;No;0.0;-7.99;0.2;-8.42;0.32;-8.36;0.38;-8.09;0.41;-8.4;0.43;-8.38;0.44;-8.27;0.44;-8.1;CACC
1292;17.3;23.3;0.7;8;80;8;Successful;Effective;No;No;No;No;No;No;0.0;-7.99;0.2;-8.42;0.32;-8.36;0.38;-8.09;0.41;-8.4;0.43;-8.38;0.44;-8.27;0.44;-8.1;CACC
1293;17.3;23.3;0.7;10;80;8;Successful;Effective;No;No;No;No;No;No;0.0;-7.99;0.2;-8.42;0.32;-8.36;0.38;-8.09;0.41;-8.4;0.43;-8.38;0.44;-8.27;0.44;-8.1;CACC
1294;17.3;23.3;0.7;5;100;8;Successful;Effective;No;No;No;No;No;No;0.0;-8.0;0.25;-8.43;0.39;-8.54;0.47;-8.45;0.51;-8.43;0.54;-8.54;0.55;-8.51;0.55;-8.38;CACC
1295;17.3;23.3;0.7;8;100;8;Successful;Effective;No;No;No;No;No;No;0.0;-8.0;0.25;-8.43;0.39;-8.54;0.47;-8.45;0.51;-8.43;0.54;-8.54;0.55;-8.51;0.55;-8.38;CACC
1296;17.3;23.3;0.7;10;100;8;Successful;Effective;No;No;No;No;No;No;0.0;-8.0;0.25;-8.43;0.39;-8.54;0.47;-8.45;0.51;-8.43;0.54;-8.54;0.55;-8.51;0.55;-8.38;CACC
1297;17.3;23.3;0.8;5;80;5;Successful;Effective;No;No;No;No;No;No;0.0;-5.0;0.2;-5.34;0.32;-5.42;0.38;-5.43;0.41;-5.37;0.43;-5.4;0.44;-5.43;0.44;-5.38;CACC
1298;17.3;23.3;0.8;8;80;5;Successful;Effective;No;No;No;No;No;No;0.0;-5.0;0.2;-5.34;0.32;-5.42;0.38;-5.43;0.41;-5.37;0.43;-5.4;0.44;-5.43;0.44;-5.38;CACC
1299;17.3;23.3;0.8;10;80;5;Successful;Effective;No;No;No;No;No;No;0.0;-5.0;0.2;-5.34;0.32;-5.42;0.38;-5.43;0.41;-5.37;0.43;-5.4;0.44;-5.43;0.44;-5.38;CACC
1300;17.3;23.3;0.8;5;100;5;Successful;Effective;No;No;No;No;No;No;0.0;-5.0;0.25;-5.34;0.39;-5.43;0.47;-5.47;0.51;-5.5;0.54;-5.43;0.55;-5.46;0.55;-5.46;CACC
1301;17.3;23.3;0.8;8;100;5;Successful;Effective;No;No;No;No;No;No;0.0;-5.0;0.25;-5.34;0.39;-5.43;0.47;-5.47;0.51;-5.5;0.54;-5.43;0.55;-5.46;0.55;-5.46;CACC
1302;17.3;23.3;0.8;10;100;5;Successful;Effective;No;No;No;No;No;No;0.0;-5.0;0.25;-5.34;0.39;-5.43;0.47;-5.47;0.51;-5.5;0.54;-5.43;0.55;-5.46;0.55;-5.46;CACC
1303;17.3;23.3;0.8;5;80;6;Successful;Effective;No;No;No;No;No;No;0.0;-6.0;0.2;-6.4;0.32;-6.49;0.38;-6.33;0.41;-6.35;0.43;-6.44;0.44;-6.41;0.44;-6.29;CACC
1304;17.3;23.3;0.8;8;80;6;Successful;Effective;No;No;No;No;No;No;0.0;-6.0;0.2;-6.4;0.32;-6.49;0.38;-6.33;0.41;-6.35;0.43;-6.44;0.44;-6.41;0.44;-6.29;CACC
1305;17.3;23.3;0.8;10;80;6;Successful;Effective;No;No;No;No;No;No;0.0;-6.0;0.2;-6.4;0.32;-6.49;0.38;-6.33;0.41;-6.35;0.43;-6.44;0.44;-6.41;0.44;-6.29;CACC
1306;17.3;23.3;0.8;5;100;6;Successful;Effective;No;No;No;No;No;No;0.0;-6.0;0.25;-6.4;0.39;-6.51;0.47;-6.54;0.51;-6.48;0.54;-6.48;0.55;-6.53;0.55;-6.48;CACC
1307;17.3;23.3;0.8;8;100;6;Successful;Effective;No;No;No;No;No;No;0.0;-6.0;0.25;-6.4;0.39;-6.51;0.47;-6.54;0.51;-6.48;0.54;-6.48;0.55;-6.53;0.55;-6.48;CACC
1308;17.3;23.3;0.8;10;100;6;Successful;Effective;No;No;No;No;No;No;0.0;-6.0;0.25;-6.4;0.39;-6.51;0.47;-6.54;0.51;-6.48;0.54;-6.48;0.55;-6.53;0.55;-6.48;CACC
1309;17.3;23.3;0.8;5;80;7;Successful;Effective;No;No;No;No;No;No;0.0;-7.0;0.2;-7.46;0.32;-7.44;0.38;-7.08;0.41;-7.39;0.43;-7.42;0.44;-7.33;0.44;-7.13;CACC
1310;17.3;23.3;0.8;8;80;7;Successful;Effective;No;No;No;No;No;No;0.0;-7.0;0.2;-7.46;0.32;-7.44;0.38;-7.08;0.41;-7.39;0.43;-7.42;0.44;-7.33;0.44;-7.13;CACC
1311;17.3;23.3;0.8;10;80;7;Successful;Effective;No;No;No;No;No;No;0.0;-7.0;0.2;-7.46;0.32;-7.44;0.38;-7.08;0.41;-7.39;0.43;-7.42;0.44;-7.33;0.44;-7.13;CACC
1312;17.3;23.3;0.8;5;100;7;Successful;Effective;No;No;No;No;No;No;0.0;-7.0;0.25;-7.47;0.39;-7.59;0.47;-7.49;0.51;-7.42;0.54;-7.55;0.55;-7.54;0.55;-7.42;CACC
1313;17.3;23.3;0.8;8;100;7;Successful;Effective;No;No;No;No;No;No;0.0;-7.0;0.25;-7.47;0.39;-7.59;0.47;-7.49;0.51;-7.42;0.54;-7.55;0.55;-7.54;0.55;-7.42;CACC
1314;17.3;23.3;0.8;10;100;7;Successful;Effective;No;No;No;No;No;No;0.0;-7.0;0.25;-7.47;0.39;-7.59;0.47;-7.49;0.51;-7.42;0.54;-7.55;0.55;-7.54;0.55;-7.42;CACC
1315;17.3;23.3;0.8;5;80;8;Successful;Effective;No;No;No;No;No;No;0.0;-7.99;0.2;-8.5;0.32;-8.25;0.38;-8.0;0.41;-8.36;0.43;-8.32;0.44;-8.15;0.44;-7.91;CACC
1316;17.3;23.3;0.8;8;80;8;Successful;Effective;No;No;No;No;No;No;0.0;-7.99;0.2;-8.5;0.32;-8.25;0.38;-8.0;0.41;-8.36;0.43;-8.32;0.44;-8.15;0.44;-7.91;CACC
1317;17.3;23.3;0.8;10;80;8;Successful;Effective;No;No;No;No;No;No;0.0;-7.99;0.2;-8.5;0.32;-8.25;0.38;-8.0;0.41;-8.36;0.43;-8.32;0.44;-8.15;0.44;-7.91;CACC
1318;17.3;23.3;0.8;5;100;8;Successful;Effective;No;No;No;No;No;No;0.0;-8.0;0.25;-8.53;0.39;-8.6;0.47;-8.31;0.51;-8.46;0.54;-8.56;0.55;-8.49;0.55;-8.28;CACC
1319;17.3;23.3;0.8;8;100;8;Successful;Effective;No;No;No;No;No;No;0.0;-8.0;0.25;-8.53;0.39;-8.6;0.47;-8.31;0.51;-8.46;0.54;-8.56;0.55;-8.49;0.55;-8.28;CACC
1320;17.3;23.3;0.8;10;100;8;Successful;Effective;No;No;No;No;No;No;0.0;-8.0;0.25;-8.53;0.39;-8.6;0.47;-8.31;0.51;-8.46;0.54;-8.56;0.55;-8.49;0.55;-8.28;CACC
1321;17.3;23.3;0.9;5;80;5;Successful;Effective;No;No;No;No;No;No;0.0;-5.0;0.2;-5.41;0.32;-5.51;0.38;-5.44;0.41;-5.32;0.43;-5.44;0.44;-5.45;0.44;-5.37;CACC
1322;17.3;23.3;0.9;8;80;5;Successful;Effective;No;No;No;No;No;No;0.0;-5.0;0.2;-5.41;0.32;-5.51;0.38;-5.44;0.41;-5.32;0.43;-5.44;0.44;-5.45;0.44;-5.37;CACC
1323;17.3;23.3;0.9;10;80;5;Successful;Effective;No;No;No;No;No;No;0.0;-5.0;0.2;-5.41;0.32;-5.51;0.38;-5.44;0.41;-5.32;0.43;-5.44;0.44;-5.45;0.44;-5.37;CACC
1324;17.3;23.3;0.9;5;100;5;Successful;Effective;No;No;No;No;No;No;0.0;-5.0;0.25;-5.41;0.39;-5.52;0.47;-5.55;0.51;-5.52;0.54;-5.45;0.55;-5.51;0.55;-5.5;CACC
1325;17.3;23.3;0.9;8;100;5;Successful;Effective;No;No;No;No;No;No;0.0;-5.0;0.25;-5.41;0.39;-5.52;0.47;-5.55;0.51;-5.52;0.54;-5.45;0.55;-5.51;0.55;-5.5;CACC
1326;17.3;23.3;0.9;10;100;5;Successful;Effective;No;No;No;No;No;No;0.0;-5.0;0.25;-5.41;0.39;-5.52;0.47;-5.55;0.51;-5.52;0.54;-5.45;0.55;-5.51;0.55;-5.5;CACC
1327;17.3;23.3;0.9;5;80;6;Successful;Effective;No;No;No;No;No;No;0.0;-6.0;0.2;-6.49;0.32;-6.54;0.38;-6.16;0.41;-6.37;0.43;-6.45;0.44;-6.41;0.44;-6.21;CACC
1328;17.3;23.3;0.9;8;80;6;Successful;Effective;No;No;No;No;No;No;0.0;-6.0;0.2;-6.49;0.32;-6.54;0.38;-6.16;0.41;-6.37;0.43;-6.45;0.44;-6.41;0.44;-6.21;CACC
1329;17.3;23.3;0.9;10;80;6;Successful;Effective;No;No;No;No;No;No;0.0;-6.0;0.2;-6.49;0.32;-6.54;0.38;-6.16;0.41;-6.37;0.43;-6.45;0.44;-6.41;0.44;-6.21;CACC
1330;17.3;23.3;0.9;5;100;6;Successful;Effective;No;No;No;No;No;No;0.0;-6.0;0.25;-6.49;0.39;-6.62;0.47;-6.58;0.51;-6.39;0.54;-6.53;0.55;-6.57;0.55;-6.48;CACC
1331;17.3;23.3;0.9;8;100;6;Successful;Effective;No;No;No;No;No;No;0.0;-6.0;0.25;-6.49;0.39;-6.62;0.47;-6.58;0.51;-6.39;0.54;-6.53;0.55;-6.57;0.55;-6.48;CACC
1332;17.3;23.3;0.9;10;100;6;Successful;Effective;No;No;No;No;No;No;0.0;-6.0;0.25;-6.49;0.39;-6.62;0.47;-6.58;0.51;-6.39;0.54;-6.53;0.55;-6.57;0.55;-6.48;CACC
1333;17.3;23.3;0.9;5;80;7;Successful;Effective;No;No;No;No;No;No;0.0;-7.0;0.2;-7.56;0.32;-7.37;0.38;-7.0;0.41;-7.37;0.43;-7.37;0.44;-7.23;0.44;-6.97;CACC
1334;17.3;23.3;0.9;8;80;7;Successful;Effective;No;No;No;No;No;No;0.0;-7.0;0.2;-7.56;0.32;-7.37;0.38;-7.0;0.41;-7.37;0.43;-7.37;0.44;-7.23;0.44;-6.97;CACC
1335;17.3;23.3;0.9;10;80;7;Successful;Effective;No;No;No;No;No;No;0.0;-7.0;0.2;-7.56;0.32;-7.37;0.38;-7.0;0.41;-7.37;0.43;-7.37;0.44;-7.23;0.44;-6.97;CACC
1336;17.3;23.3;0.9;5;100;7;Successful;Effective;No;No;No;No;No;No;0.0;-7.0;0.25;-7.57;0.39;-7.69;0.47;-7.37;0.51;-7.44;0.54;-7.57;0.55;-7.53;0.55;-7.34;CACC
1337;17.3;23.3;0.9;8;100;7;Successful;Effective;No;No;No;No;No;No;0.0;-7.0;0.25;-7.57;0.39;-7.69;0.47;-7.37;0.51;-7.44;0.54;-7.57;0.55;-7.53;0.55;-7.34;CACC
1338;17.3;23.3;0.9;10;100;7;Successful;Effective;No;No;No;No;No;No;0.0;-7.0;0.25;-7.57;0.39;-7.69;0.47;-7.37;0.51;-7.44;0.54;-7.57;0.55;-7.53;0.55;-7.34;CACC
1339;17.3;23.3;0.9;5;80;8;Successful;Effective;No;No;No;No;No;No;0.0;-7.99;0.2;-8.57;0.32;-7.99;0.38;-8.0;0.41;-8.32;0.43;-8.29;0.44;-8.02;0.44;-7.85;CACC
1340;17.3;23.3;0.9;8;80;8;Successful;Effective;No;No;No;No;No;No;0.0;-7.99;0.2;-8.57;0.32;-7.99;0.38;-8.0;0.41;-8.32;0.43;-8.29;0.44;-8.02;0.44;-7.85;CACC
1341;17.3;23.3;0.9;10;80;8;Successful;Effective;No;No;No;No;No;No;0.0;-7.99;0.2;-8.57;0.32;-7.99;0.38;-8.0;0.41;-8.32;0.43;-8.29;0.44;-8.02;0.44;-7.85;CACC
1342;17.3;23.3;0.9;5;100;8;Successful;Effective;No;No;No;No;No;No;0.0;-8.0;0.25;-8.65;0.39;-8.62;0.47;-8.01;0.51;-8.48;0.54;-8.54;0.55;-8.44;0.55;-8.15;CACC
1343;17.3;23.3;0.9;8;100;8;Successful;Effective;No;No;No;No;No;No;0.0;-8.0;0.25;-8.65;0.39;-8.62;0.47;-8.01;0.51;-8.48;0.54;-8.54;0.55;-8.44;0.55;-8.15;CACC
1344;17.3;23.3;0.9;10;100;8;Successful;Effective;No;No;No;No;No;No;0.0;-8.0;0.25;-8.65;0.39;-8.62;0.47;-8.01;0.51;-8.48;0.54;-8.54;0.55;-8.44;0.55;-8.15;CACC
1345;17.4;23.4;0.6;5;80;5;Successful;Effective;No;No;No;No;No;No;0.0;-5.0;0.2;-5.19;0.32;-5.26;0.38;-5.29;0.41;-5.3;0.43;-5.27;0.44;-5.26;0.44;-5.27;CACC
1346;17.4;23.4;0.6;8;80;5;Successful;Effective;No;No;No;No;No;No;0.0;-5.0;0.2;-5.19;0.32;-5.26;0.38;-5.29;0.41;-5.3;0.43;-5.27;0.44;-5.26;0.44;-5.27;CACC
1347;17.4;23.4;0.6;10;80;5;Successful;Effective;No;No;No;No;No;No;0.0;-5.0;0.2;-5.19;0.32;-5.26;0.38;-5.29;0.41;-5.3;0.43;-5.27;0.44;-5.26;0.44;-5.27;CACC
1348;17.4;23.4;0.6;5;100;5;Successful;Effective;No;No;No;No;No;No;0.0;-5.0;0.25;-5.19;0.39;-5.27;0.47;-5.3;0.51;-5.31;0.54;-5.3;0.55;-5.29;0.55;-5.29;CACC
1349;17.4;23.4;0.6;8;100;5;Successful;Effective;No;No;No;No;No;No;0.0;-5.0;0.25;-5.19;0.39;-5.27;0.47;-5.3;0.51;-5.31;0.54;-5.3;0.55;-5.29;0.55;-5.29;CACC
1350;17.4;23.4;0.6;10;100;5;Successful;Effective;No;No;No;No;No;No;0.0;-5.0;0.25;-5.19;0.39;-5.27;0.47;-5.3;0.51;-5.31;0.54;-5.3;0.55;-5.29;0.55;-5.29;CACC
1351;17.4;23.4;0.6;5;80;6;Successful;Effective;No;No;No;No;No;No;0.0;-6.0;0.2;-6.23;0.32;-6.3;0.38;-6.33;0.41;-6.3;0.43;-6.25;0.44;-6.29;0.44;-6.29;CACC
1352;17.4;23.4;0.6;8;80;6;Successful;Effective;No;No;No;No;No;No;0.0;-6.0;0.2;-6.23;0.32;-6.3;0.38;-6.33;0.41;-6.3;0.43;-6.25;0.44;-6.29;0.44;-6.29;CACC
1353;17.4;23.4;0.6;10;80;6;Successful;Effective;No;No;No;No;No;No;0.0;-6.0;0.2;-6.23;0.32;-6.3;0.38;-6.33;0.41;-6.3;0.43;-6.25;0.44;-6.29;0.44;-6.29;CACC
1354;17.4;23.4;0.6;5;100;6;Successful;Effective;No;No;No;No;No;No;0.0;-6.0;0.25;-6.23;0.39;-6.31;0.47;-6.35;0.51;-6.36;0.54;-6.33;0.55;-6.32;0.55;-6.33;CACC
1355;17.4;23.4;0.6;8;100;6;Successful;Effective;No;No;No;No;No;No;0.0;-6.0;0.25;-6.23;0.39;-6.31;0.47;-6.35;0.51;-6.36;0.54;-6.33;0.55;-6.32;0.55;-6.33;CACC
1356;17.4;23.4;0.6;10;100;6;Successful;Effective;No;No;No;No;No;No;0.0;-6.0;0.25;-6.23;0.39;-6.31;0.47;-6.35;0.51;-6.36;0.54;-6.33;0.55;-6.32;0.55;-6.33;CACC
1357;17.4;23.4;0.6;5;80;7;Successful;Effective;No;No;No;No;No;No;0.0;-7.0;0.2;-7.26;0.32;-7.34;0.38;-7.31;0.41;-7.25;0.43;-7.26;0.44;-7.27;0.44;-7.28;CACC
1358;17.4;23.4;0.6;8;80;7;Successful;Effective;No;No;No;No;No;No;0.0;-7.0;0.2;-7.26;0.32;-7.34;0.38;-7.31;0.41;-7.25;0.43;-7.26;0.44;-7.27;0.44;-7.28;CACC
1359;17.4;23.4;0.6;10;80;7;Successful;Effective;No;No;No;No;No;No;0.0;-7.0;0.2;-7.26;0.32;-7.34;0.38;-7.31;0.41;-7.25;0.43;-7.26;0.44;-7.27;0.44;-7.28;CACC
1360;17.4;23.4;0.6;5;100;7;Successful;Effective;No;No;No;No;No;No;0.0;-7.0;0.25;-7.27;0.39;-7.36;0.47;-7.4;0.51;-7.38;0.54;-7.33;0.55;-7.35;0.55;-7.36;CACC
1361;17.4;23.4;0.6;8;100;7;Successful;Effective;No;No;No;No;No;No;0.0;-7.0;0.25;-7.27;0.39;-7.36;0.47;-7.4;0.51;-7.38;0.54;-7.33;0.55;-7.35;0.55;-7.36;CACC
1362;17.4;23.4;0.6;10;100;7;Successful;Effective;No;No;No;No;No;No;0.0;-7.0;0.25;-7.27;0.39;-7.36;0.47;-7.4;0.51;-7.38;0.54;-7.33;0.55;-7.35;0.55;-7.36;CACC
1363;17.4;23.4;0.6;5;80;8;Successful;Effective;No;No;No;No;No;No;0.0;-7.99;0.2;-8.29;0.32;-8.33;0.38;-8.24;0.41;-8.24;0.43;-8.22;0.44;-8.24;0.44;-8.25;CACC
1364;17.4;23.4;0.6;8;80;8;Successful;Effective;No;No;No;No;No;No;0.0;-7.99;0.2;-8.29;0.32;-8.33;0.38;-8.24;0.41;-8.24;0.43;-8.22;0.44;-8.24;0.44;-8.25;CACC
1365;17.4;23.4;0.6;10;80;8;Successful;Effective;No;No;No;No;No;No;0.0;-7.99;0.2;-8.29;0.32;-8.33;0.38;-8.24;0.41;-8.24;0.43;-8.22;0.44;-8.24;0.44;-8.25;CACC
1366;17.4;23.4;0.6;5;100;8;Successful;Effective;No;No;No;No;No;No;0.0;-8.0;0.25;-8.3;0.39;-8.4;0.47;-8.41;0.51;-8.36;0.54;-8.32;0.55;-8.35;0.55;-8.36;CACC
1367;17.4;23.4;0.6;8;100;8;Successful;Effective;No;No;No;No;No;No;0.0;-8.0;0.25;-8.3;0.39;-8.4;0.47;-8.41;0.51;-8.36;0.54;-8.32;0.55;-8.35;0.55;-8.36;CACC
1368;17.4;23.4;0.6;10;100;8;Successful;Effective;No;No;No;No;No;No;0.0;-8.0;0.25;-8.3;0.39;-8.4;0.47;-8.41;0.51;-8.36;0.54;-8.32;0.55;-8.35;0.55;-8.36;CACC
1369;17.4;23.4;0.7;5;80;5;Successful;Effective;No;No;No;No;No;No;0.0;-5.0;0.2;-5.23;0.32;-5.31;0.38;-5.33;0.41;-5.3;0.43;-5.24;0.44;-5.28;0.44;-5.28;CACC
1370;17.4;23.4;0.7;8;80;5;Successful;Effective;No;No;No;No;No;No;0.0;-5.0;0.2;-5.23;0.32;-5.31;0.38;-5.33;0.41;-5.3;0.43;-5.24;0.44;-5.28;0.44;-5.28;CACC
1371;17.4;23.4;0.7;10;80;5;Successful;Effective;No;No;No;No;No;No;0.0;-5.0;0.2;-5.23;0.32;-5.31;0.38;-5.33;0.41;-5.3;0.43;-5.24;0.44;-5.28;0.44;-5.28;CACC
1372;17.4;23.4;0.7;5;100;5;Successful;Effective;No;No;No;No;No;No;0.0;-5.0;0.25;-5.24;0.39;-5.31;0.47;-5.35;0.51;-5.35;0.54;-5.32;0.55;-5.3;0.55;-5.31;CACC
1373;17.4;23.4;0.7;8;100;5;Successful;Effective;No;No;No;No;No;No;0.0;-5.0;0.25;-5.24;0.39;-5.31;0.47;-5.35;0.51;-5.35;0.54;-5.32;0.55;-5.3;0.55;-5.31;CACC
1374;17.4;23.4;0.7;10;100;5;Successful;Effective;No;No;No;No;No;No;0.0;-5.0;0.25;-5.24;0.39;-5.31;0.47;-5.35;0.51;-5.35;0.54;-5.32;0.55;-5.3;0.55;-5.31;CACC
1375;17.4;23.4;0.7;5;80;6;Successful;Effective;No;No;No;No;No;No;0.0;-6.0;0.2;-6.28;0.32;-6.36;0.38;-6.33;0.41;-6.24;0.43;-6.27;0.44;-6.28;0.44;-6.28;CACC
1376;17.4;23.4;0.7;8;80;6;Successful;Effective;No;No;No;No;No;No;0.0;-6.0;0.2;-6.28;0.32;-6.36;0.38;-6.33;0.41;-6.24;0.43;-6.27;0.44;-6.28;0.44;-6.28;CACC
1377;17.4;23.4;0.7;10;80;6;Successful;Effective;No;No;No;No;No;No;0.0;-6.0;0.2;-6.28;0.32;-6.36;0.38;-6.33;0.41;-6.24;0.43;-6.27;0.44;-6.28;0.44;-6.28;CACC
1378;17.4;23.4;0.7;5;100;6;Successful;Effective;No;No;No;No;No;No;0.0;-6.0;0.25;-6.28;0.39;-6.37;0.47;-6.4;0.51;-6.38;0.54;-6.31;0.55;-6.34;0.55;-6.35;CACC
1379;17.4;23.4;0.7;8;100;6;Successful;Effective;No;No;No;No;No;No;0.0;-6.0;0.25;-6.28;0.39;-6.37;0.47;-6.4;0.51;-6.38;0.54;-6.31;0.55;-6.34;0.55;-6.35;CACC
1380;17.4;23.4;0.7;10;100;6;Successful;Effective;No;No;No;No;No;No;0.0;-6.0;0.25;-6.28;0.39;-6.37;0.47;-6.4;0.51;-6.38;0.54;-6.31;0.55;-6.34;0.55;-6.35;CACC
1381;17.4;23.4;0.7;5;80;7;Successful;Effective;No;No;No;No;No;No;0.0;-7.0;0.2;-7.32;0.32;-7.36;0.38;-7.22;0.41;-7.24;0.43;-7.23;0.44;-7.24;0.44;-7.25;CACC
1382;17.4;23.4;0.7;8;80;7;Successful;Effective;No;No;No;No;No;No;0.0;-7.0;0.2;-7.32;0.32;-7.36;0.38;-7.22;0.41;-7.24;0.43;-7.23;0.44;-7.24;0.44;-7.25;CACC
1383;17.4;23.4;0.7;10;80;7;Successful;Effective;No;No;No;No;No;No;0.0;-7.0;0.2;-7.32;0.32;-7.36;0.38;-7.22;0.41;-7.24;0.43;-7.23;0.44;-7.24;0.44;-7.25;CACC
1384;17.4;23.4;0.7;5;100;7;Successful;Effective;No;No;No;No;No;No;0.0;-7.0;0.25;-7.33;0.39;-7.42;0.47;-7.43;0.51;-7.34;0.54;-7.32;0.55;-7.35;0.55;-7.35;CACC
1385;17.4;23.4;0.7;8;100;7;Successful;Effective;No;No;No;No;No;No;0.0;-7.0;0.25;-7.33;0.39;-7.42;0.47;-7.43;0.51;-7.34;0.54;-7.32;0.55;-7.35;0.55;-7.35;CACC
1386;17.4;23.4;0.7;10;100;7;Successful;Effective;No;No;No;No;No;No;0.0;-7.0;0.25;-7.33;0.39;-7.42;0.47;-7.43;0.51;-7.34;0.54;-7.32;0.55;-7.35;0.55;-7.35;CACC
1387;17.4;23.4;0.7;5;80;8;Successful;Effective;No;No;No;No;No;No;0.0;-7.99;0.2;-8.35;0.32;-8.28;0.38;-8.05;0.41;-8.21;0.43;-8.15;0.44;-8.18;0.44;-8.19;CACC
1388;17.4;23.4;0.7;8;80;8;Successful;Effective;No;No;No;No;No;No;0.0;-7.99;0.2;-8.35;0.32;-8.28;0.38;-8.05;0.41;-8.21;0.43;-8.15;0.44;-8.18;0.44;-8.19;CACC
1389;17.4;23.4;0.7;10;80;8;Successful;Effective;No;No;No;No;No;No;0.0;-7.99;0.2;-8.35;0.32;-8.28;0.38;-8.05;0.41;-8.21;0.43;-8.15;0.44;-8.18;0.44;-8.19;CACC
1390;17.4;23.4;0.7;5;100;8;Successful;Effective;No;No;No;No;No;No;0.0;-8.0;0.25;-8.37;0.39;-8.46;0.47;-8.37;0.51;-8.28;0.54;-8.32;0.55;-8.33;0.55;-8.34;CACC
1391;17.4;23.4;0.7;8;100;8;Successful;Effective;No;No;No;No;No;No;0.0;-8.0;0.25;-8.37;0.39;-8.46;0.47;-8.37;0.51;-8.28;0.54;-8.32;0.55;-8.33;0.55;-8.34;CACC
1392;17.4;23.4;0.7;10;100;8;Successful;Effective;No;No;No;No;No;No;0.0;-8.0;0.25;-8.37;0.39;-8.46;0.47;-8.37;0.51;-8.28;0.54;-8.32;0.55;-8.33;0.55;-8.34;CACC
1393;17.4;23.4;0.8;5;80;5;Successful;Effective;No;No;No;No;No;No;0.0;-5.0;0.2;-5.29;0.32;-5.36;0.38;-5.36;0.41;-5.25;0.43;-5.26;0.44;-5.28;0.44;-5.28;CACC
1394;17.4;23.4;0.8;8;80;5;Successful;Effective;No;No;No;No;No;No;0.0;-5.0;0.2;-5.29;0.32;-5.36;0.38;-5.36;0.41;-5.25;0.43;-5.26;0.44;-5.28;0.44;-5.28;CACC
1395;17.4;23.4;0.8;10;80;5;Successful;Effective;No;No;No;No;No;No;0.0;-5.0;0.2;-5.29;0.32;-5.36;0.38;-5.36;0.41;-5.25;0.43;-5.26;0.44;-5.28;0.44;-5.28;CACC
1396;17.4;23.4;0.8;5;100;5;Successful;Effective;No;No;No;No;No;No;0.0;-5.0;0.25;-5.29;0.39;-5.37;0.47;-5.4;0.51;-5.39;0.54;-5.31;0.55;-5.32;0.55;-5.33;CACC
1397;17.4;23.4;0.8;8;100;5;Successful;Effective;No;No;No;No;No;No;0.0;-5.0;0.25;-5.29;0.39;-5.37;0.47;-5.4;0.51;-5.39;0.54;-5.31;0.55;-5.32;0.55;-5.33;CACC
1398;17.4;23.4;0.8;10;100;5;Successful;Effective;No;No;No;No;No;No;0.0;-5.0;0.25;-5.29;0.39;-5.37;0.47;-5.4;0.51;-5.39;0.54;-5.31;0.55;-5.32;0.55;-5.33;CACC
1399;17.4;23.4;0.8;5;80;6;Successful;Effective;No;No;No;No;No;No;0.0;-6.0;0.2;-6.34;0.32;-6.41;0.38;-6.26;0.41;-6.23;0.43;-6.25;0.44;-6.25;0.44;-6.26;CACC
1400;17.4;23.4;0.8;8;80;6;Successful;Effective;No;No;No;No;No;No;0.0;-6.0;0.2;-6.34;0.32;-6.41;0.38;-6.26;0.41;-6.23;0.43;-6.25;0.44;-6.25;0.44;-6.26;CACC
1401;17.4;23.4;0.8;10;80;6;Successful;Effective;No;No;No;No;No;No;0.0;-6.0;0.2;-6.34;0.32;-6.41;0.38;-6.26;0.41;-6.23;0.43;-6.25;0.44;-6.25;0.44;-6.26;CACC
1402;17.4;23.4;0.8;5;100;6;Successful;Effective;No;No;No;No;No;No;0.0;-6.0;0.25;-6.34;0.39;-6.44;0.47;-6.46;0.51;-6.34;0.54;-6.32;0.55;-6.35;0.55;-6.35;CACC
1403;17.4;23.4;0.8;8;100;6;Successful;Effective;No;No;No;No;No;No;0.0;-6.0;0.25;-6.34;0.39;-6.44;0.47;-6.46;0.51;-6.34;0.54;-6.32;0.55;-6.35;0.55;-6.35;CACC
1404;17.4;23.4;0.8;10;100;6;Successful;Effective;No;No;No;No;No;No;0.0;-6.0;0.25;-6.34;0.39;-6.44;0.47;-6.46;0.51;-6.34;0.54;-6.32;0.55;-6.35;0.55;-6.35;CACC
1405;17.4;23.4;0.8;5;80;7;Successful;Effective;No;No;No;No;No;No;0.0;-7.0;0.2;-7.39;0.32;-7.34;0.38;-7.05;0.41;-7.22;0.43;-7.18;0.44;-7.2;0.44;-7.21;CACC
1406;17.4;23.4;0.8;8;80;7;Successful;Effective;No;No;No;No;No;No;0.0;-7.0;0.2;-7.39;0.32;-7.34;0.38;-7.05;0.41;-7.22;0.43;-7.18;0.44;-7.2;0.44;-7.21;CACC
1407;17.4;23.4;0.8;10;80;7;Successful;Effective;No;No;No;No;No;No;0.0;-7.0;0.2;-7.39;0.32;-7.34;0.38;-7.05;0.41;-7.22;0.43;-7.18;0.44;-7.2;0.44;-7.21;CACC
1408;17.4;23.4;0.8;5;100;7;Successful;Effective;No;No;No;No;No;No;0.0;-7.0;0.25;-7.4;0.39;-7.5;0.47;-7.4;0.51;-7.27;0.54;-7.33;0.55;-7.34;0.55;-7.34;CACC
1409;17.4;23.4;0.8;8;100;7;Successful;Effective;No;No;No;No;No;No;0.0;-7.0;0.25;-7.4;0.39;-7.5;0.47;-7.4;0.51;-7.27;0.54;-7.33;0.55;-7.34;0.55;-7.34;CACC
1410;17.4;23.4;0.8;10;100;7;Successful;Effective;No;No;No;No;No;No;0.0;-7.0;0.25;-7.4;0.39;-7.5;0.47;-7.4;0.51;-7.27;0.54;-7.33;0.55;-7.34;0.55;-7.34;CACC
1411;17.4;23.4;0.8;5;80;8;Successful;Effective;No;No;No;No;No;No;0.0;-7.99;0.2;-8.4;0.32;-8.14;0.38;-8.05;0.41;-8.16;0.43;-8.09;0.44;-8.11;0.44;-8.13;CACC
1412;17.4;23.4;0.8;8;80;8;Successful;Effective;No;No;No;No;No;No;0.0;-7.99;0.2;-8.4;0.32;-8.14;0.38;-8.05;0.41;-8.16;0.43;-8.09;0.44;-8.11;0.44;-8.13;CACC
1413;17.4;23.4;0.8;10;80;8;Successful;Effective;No;No;No;No;No;No;0.0;-7.99;0.2;-8.4;0.32;-8.14;0.38;-8.05;0.41;-8.16;0.43;-8.09;0.44;-8.11;0.44;-8.13;CACC
1414;17.4;23.4;0.8;5;100;8;Successful;Effective;No;No;No;No;No;No;0.0;-8.0;0.25;-8.45;0.39;-8.49;0.47;-8.22;0.51;-8.3;0.54;-8.29;0.55;-8.3;0.55;-8.31;CACC
1415;17.4;23.4;0.8;8;100;8;Successful;Effective;No;No;No;No;No;No;0.0;-8.0;0.25;-8.45;0.39;-8.49;0.47;-8.22;0.51;-8.3;0.54;-8.29;0.55;-8.3;0.55;-8.31;CACC
1416;17.4;23.4;0.8;10;100;8;Successful;Effective;No;No;No;No;No;No;0.0;-8.0;0.25;-8.45;0.39;-8.49;0.47;-8.22;0.51;-8.3;0.54;-8.29;0.55;-8.3;0.55;-8.31;CACC
1417;17.4;23.4;0.9;5;80;5;Successful;Effective;No;No;No;No;No;No;0.0;-5.0;0.2;-5.35;0.32;-5.43;0.38;-5.35;0.41;-5.21;0.43;-5.27;0.44;-5.27;0.44;-5.27;CACC
1418;17.4;23.4;0.9;8;80;5;Successful;Effective;No;No;No;No;No;No;0.0;-5.0;0.2;-5.35;0.32;-5.43;0.38;-5.35;0.41;-5.21;0.43;-5.27;0.44;-5.27;0.44;-5.27;CACC
1419;17.4;23.4;0.9;10;80;5;Successful;Effective;No;No;No;No;No;No;0.0;-5.0;0.2;-5.35;0.32;-5.43;0.38;-5.35;0.41;-5.21;0.43;-5.27;0.44;-5.27;0.44;-5.27;CACC
1420;17.4;23.4;0.9;5;100;5;Successful;Effective;No;No;No;No;No;No;0.0;-5.0;0.25;-5.35;0.39;-5.44;0.47;-5.47;0.51;-5.39;0.54;-5.3;0.55;-5.34;0.55;-5.35;CACC
1421;17.4;23.4;0.9;8;100;5;Successful;Effective;No;No;No;No;No;No;0.0;-5.0;0.25;-5.35;0.39;-5.44;0.47;-5.47;0.51;-5.39;0.54;-5.3;0.55;-5.34;0.55;-5.35;CACC
1422;17.4;23.4;0.9;10;100;5;Successful;Effective;No;No;No;No;No;No;0.0;-5.0;0.25;-5.35;0.39;-5.44;0.47;-5.47;0.51;-5.39;0.54;-5.3;0.55;-5.34;0.55;-5.35;CACC
1423;17.4;23.4;0.9;5;80;6;Successful;Effective;No;No;No;No;No;No;0.0;-6.0;0.2;-6.41;0.32;-6.43;0.38;-6.08;0.41;-6.24;0.43;-6.22;0.44;-6.23;0.44;-6.24;CACC
1424;17.4;23.4;0.9;8;80;6;Successful;Effective;No;No;No;No;No;No;0.0;-6.0;0.2;-6.41;0.32;-6.43;0.38;-6.08;0.41;-6.24;0.43;-6.22;0.44;-6.23;0.44;-6.24;CACC
1425;17.4;23.4;0.9;10;80;6;Successful;Effective;No;No;No;No;No;No;0.0;-6.0;0.2;-6.41;0.32;-6.43;0.38;-6.08;0.41;-6.24;0.43;-6.22;0.44;-6.23;0.44;-6.24;CACC
1426;17.4;23.4;0.9;5;100;6;Successful;Effective;No;No;No;No;No;No;0.0;-6.0;0.25;-6.42;0.39;-6.52;0.47;-6.47;0.51;-6.26;0.54;-6.34;0.55;-6.35;0.55;-6.35;CACC
1427;17.4;23.4;0.9;8;100;6;Successful;Effective;No;No;No;No;No;No;0.0;-6.0;0.25;-6.42;0.39;-6.52;0.47;-6.47;0.51;-6.26;0.54;-6.34;0.55;-6.35;0.55;-6.35;CACC
1428;17.4;23.4;0.9;10;100;6;Successful;Effective;No;No;No;No;No;No;0.0;-6.0;0.25;-6.42;0.39;-6.52;0.47;-6.47;0.51;-6.26;0.54;-6.34;0.55;-6.35;0.55;-6.35;CACC
1429;17.4;23.4;0.9;5;80;7;Successful;Effective;No;No;No;No;No;No;0.0;-7.0;0.2;-7.47;0.32;-7.24;0.38;-7.05;0.41;-7.19;0.43;-7.13;0.44;-7.13;0.44;-7.14;CACC
1430;17.4;23.4;0.9;8;80;7;Successful;Effective;No;No;No;No;No;No;0.0;-7.0;0.2;-7.47;0.32;-7.24;0.38;-7.05;0.41;-7.19;0.43;-7.13;0.44;-7.13;0.44;-7.14;CACC
1431;17.4;23.4;0.9;10;80;7;Successful;Effective;No;No;No;No;No;No;0.0;-7.0;0.2;-7.47;0.32;-7.24;0.38;-7.05;0.41;-7.19;0.43;-7.13;0.44;-7.13;0.44;-7.14;CACC
1432;17.4;23.4;0.9;5;100;7;Successful;Effective;No;No;No;No;No;No;0.0;-7.0;0.25;-7.48;0.39;-7.57;0.47;-7.26;0.51;-7.29;0.54;-7.32;0.55;-7.32;0.55;-7.32;CACC
1433;17.4;23.4;0.9;8;100;7;Successful;Effective;No;No;No;No;No;No;0.0;-7.0;0.25;-7.48;0.39;-7.57;0.47;-7.26;0.51;-7.29;0.54;-7.32;0.55;-7.32;0.55;-7.32;CACC
1434;17.4;23.4;0.9;10;100;7;Successful;Effective;No;No;No;No;No;No;0.0;-7.0;0.25;-7.48;0.39;-7.57;0.47;-7.26;0.51;-7.29;0.54;-7.32;0.55;-7.32;0.55;-7.32;CACC
1435;17.4;23.4;0.9;5;80;8;Successful;Effective;No;No;No;No;No;No;0.0;-7.99;0.2;-8.45;0.32;-7.84;0.38;-8.04;0.41;-8.07;0.43;-8.01;0.44;-8.04;0.44;-8.07;CACC
1436;17.4;23.4;0.9;8;80;8;Successful;Effective;No;No;No;No;No;No;0.0;-7.99;0.2;-8.45;0.32;-7.84;0.38;-8.04;0.41;-8.07;0.43;-8.01;0.44;-8.04;0.44;-8.07;CACC
1437;17.4;23.4;0.9;10;80;8;Successful;Effective;No;No;No;No;No;No;0.0;-7.99;0.2;-8.45;0.32;-7.84;0.38;-8.04;0.41;-8.07;0.43;-8.01;0.44;-8.04;0.44;-8.07;CACC
1438;17.4;23.4;0.9;5;100;8;Successful;Effective;No;No;No;No;No;No;0.0;-8.0;0.25;-8.55;0.39;-8.47;0.47;-8.06;0.51;-8.27;0.54;-8.22;0.55;-8.24;0.55;-8.25;CACC
1439;17.4;23.4;0.9;8;100;8;Successful;Effective;No;No;No;No;No;No;0.0;-8.0;0.25;-8.55;0.39;-8.47;0.47;-8.06;0.51;-8.27;0.54;-8.22;0.55;-8.24;0.55;-8.25;CACC
1440;17.4;23.4;0.9;10;100;8;Successful;Effective;No;No;No;No;No;No;0.0;-8.0;0.25;-8.55;0.39;-8.47;0.47;-8.06;0.51;-8.27;0.54;-8.22;0.55;-8.24;0.55;-8.25;CACC
1441;17.5;23.5;0.6;5;80;5;Successful;Effective;No;No;No;No;No;No;0.0;-5.0;0.2;-5.17;0.32;-5.23;0.38;-5.26;0.41;-5.27;0.43;-5.24;0.44;-5.23;0.44;-5.24;CACC
1442;17.5;23.5;0.6;8;80;5;Successful;Effective;No;No;No;No;No;No;0.0;-5.0;0.2;-5.17;0.32;-5.23;0.38;-5.26;0.41;-5.27;0.43;-5.24;0.44;-5.23;0.44;-5.24;CACC
1443;17.5;23.5;0.6;10;80;5;Successful;Effective;No;No;No;No;No;No;0.0;-5.0;0.2;-5.17;0.32;-5.23;0.38;-5.26;0.41;-5.27;0.43;-5.24;0.44;-5.23;0.44;-5.24;CACC
1444;17.5;23.5;0.6;5;100;5;Successful;Effective;No;No;No;No;No;No;0.0;-5.0;0.25;-5.17;0.39;-5.24;0.47;-5.27;0.51;-5.29;0.54;-5.27;0.55;-5.26;0.55;-5.26;CACC
1445;17.5;23.5;0.6;8;100;5;Successful;Effective;No;No;No;No;No;No;0.0;-5.0;0.25;-5.17;0.39;-5.24;0.47;-5.27;0.51;-5.29;0.54;-5.27;0.55;-5.26;0.55;-5.26;CACC
1446;17.5;23.5;0.6;10;100;5;Successful;Effective;No;No;No;No;No;No;0.0;-5.0;0.25;-5.17;0.39;-5.24;0.47;-5.27;0.51;-5.29;0.54;-5.27;0.55;-5.26;0.55;-5.26;CACC
1447;17.5;23.5;0.6;5;80;6;Successful;Effective;No;No;No;No;No;No;0.0;-6.0;0.2;-6.2;0.32;-6.27;0.38;-6.29;0.41;-6.27;0.43;-6.24;0.44;-6.25;0.44;-6.25;CACC
1448;17.5;23.5;0.6;8;80;6;Successful;Effective;No;No;No;No;No;No;0.0;-6.0;0.2;-6.2;0.32;-6.27;0.38;-6.29;0.41;-6.27;0.43;-6.24;0.44;-6.25;0.44;-6.25;CACC
1449;17.5;23.5;0.6;10;80;6;Successful;Effective;No;No;No;No;No;No;0.0;-6.0;0.2;-6.2;0.32;-6.27;0.38;-6.29;0.41;-6.27;0.43;-6.24;0.44;-6.25;0.44;-6.25;CACC
1450;17.5;23.5;0.6;5;100;6;Successful;Effective;No;No;No;No;No;No;0.0;-6.0;0.25;-6.2;0.39;-6.28;0.47;-6.32;0.51;-6.33;0.54;-6.3;0.55;-6.28;0.55;-6.29;CACC
1451;17.5;23.5;0.6;8;100;6;Successful;Effective;No;No;No;No;No;No;0.0;-6.0;0.25;-6.2;0.39;-6.28;0.47;-6.32;0.51;-6.33;0.54;-6.3;0.55;-6.28;0.55;-6.29;CACC
1452;17.5;23.5;0.6;10;100;6;Successful;Effective;No;No;No;No;No;No;0.0;-6.0;0.25;-6.2;0.39;-6.28;0.47;-6.32;0.51;-6.33;0.54;-6.3;0.55;-6.28;0.55;-6.29;CACC
1453;17.5;23.5;0.6;5;80;7;Successful;Effective;No;No;No;No;No;No;0.0;-7.0;0.2;-7.23;0.32;-7.3;0.38;-7.27;0.41;-7.23;0.43;-7.25;0.44;-7.23;0.44;-7.24;CACC
1454;17.5;23.5;0.6;8;80;7;Successful;Effective;No;No;No;No;No;No;0.0;-7.0;0.2;-7.23;0.32;-7.3;0.38;-7.27;0.41;-7.23;0.43;-7.25;0.44;-7.23;0.44;-7.24;CACC
1455;17.5;23.5;0.6;10;80;7;Successful;Effective;No;No;No;No;No;No;0.0;-7.0;0.2;-7.23;0.32;-7.3;0.38;-7.27;0.41;-7.23;0.43;-7.25;0.44;-7.23;0.44;-7.24;CACC
1456;17.5;23.5;0.6;5;100;7;Successful;Effective;No;No;No;No;No;No;0.0;-7.0;0.25;-7.23;0.39;-7.32;0.47;-7.36;0.51;-7.35;0.54;-7.3;0.55;-7.31;0.55;-7.31;CACC
1457;17.5;23.5;0.6;8;100;7;Successful;Effective;No;No;No;No;No;No;0.0;-7.0;0.25;-7.23;0.39;-7.32;0.47;-7.36;0.51;-7.35;0.54;-7.3;0.55;-7.31;0.55;-7.31;CACC
1458;17.5;23.5;0.6;10;100;7;Successful;Effective;No;No;No;No;No;No;0.0;-7.0;0.25;-7.23;0.39;-7.32;0.47;-7.36;0.51;-7.35;0.54;-7.3;0.55;-7.31;0.55;-7.31;CACC
1459;17.5;23.5;0.6;5;80;8;Successful;Effective;No;No;No;No;No;No;0.0;-7.99;0.2;-8.26;0.32;-8.28;0.38;-8.2;0.41;-8.24;0.43;-8.21;0.44;-8.2;0.44;-8.2;CACC
1460;17.5;23.5;0.6;8;80;8;Successful;Effective;No;No;No;No;No;No;0.0;-7.99;0.2;-8.26;0.32;-8.28;0.38;-8.2;0.41;-8.24;0.43;-8.21;0.44;-8.2;0.44;-8.2;CACC
1461;17.5;23.5;0.6;10;80;8;Successful;Effective;No;No;No;No;No;No;0.0;-7.99;0.2;-8.26;0.32;-8.28;0.38;-8.2;0.41;-8.24;0.43;-8.21;0.44;-8.2;0.44;-8.2;CACC
1462;17.5;23.5;0.6;5;100;8;Successful;Effective;No;No;No;No;No;No;0.0;-8.0;0.25;-8.27;0.39;-8.36;0.47;-8.37;0.51;-8.32;0.54;-8.31;0.55;-8.31;0.55;-8.31;CACC
1463;17.5;23.5;0.6;8;100;8;Successful;Effective;No;No;No;No;No;No;0.0;-8.0;0.25;-8.27;0.39;-8.36;0.47;-8.37;0.51;-8.32;0.54;-8.31;0.55;-8.31;0.55;-8.31;CACC
1464;17.5;23.5;0.6;10;100;8;Successful;Effective;No;No;No;No;No;No;0.0;-8.0;0.25;-8.27;0.39;-8.36;0.47;-8.37;0.51;-8.32;0.54;-8.31;0.55;-8.31;0.55;-8.31;CACC
1465;17.5;23.5;0.7;5;80;5;Successful;Effective;No;No;No;No;No;No;0.0;-5.0;0.2;-5.2;0.32;-5.27;0.38;-5.29;0.41;-5.26;0.43;-5.23;0.44;-5.25;0.44;-5.24;CACC
1466;17.5;23.5;0.7;8;80;5;Successful;Effective;No;No;No;No;No;No;0.0;-5.0;0.2;-5.2;0.32;-5.27;0.38;-5.29;0.41;-5.26;0.43;-5.23;0.44;-5.25;0.44;-5.24;CACC
1467;17.5;23.5;0.7;10;80;5;Successful;Effective;No;No;No;No;No;No;0.0;-5.0;0.2;-5.2;0.32;-5.27;0.38;-5.29;0.41;-5.26;0.43;-5.23;0.44;-5.25;0.44;-5.24;CACC
1468;17.5;23.5;0.7;5;100;5;Successful;Effective;No;No;No;No;No;No;0.0;-5.0;0.25;-5.21;0.39;-5.27;0.47;-5.3;0.51;-5.31;0.54;-5.29;0.55;-5.27;0.55;-5.27;CACC
1469;17.5;23.5;0.7;8;100;5;Successful;Effective;No;No;No;No;No;No;0.0;-5.0;0.25;-5.21;0.39;-5.27;0.47;-5.3;0.51;-5.31;0.54;-5.29;0.55;-5.27;0.55;-5.27;CACC
1470;17.5;23.5;0.7;10;100;5;Successful;Effective;No;No;No;No;No;No;0.0;-5.0;0.25;-5.21;0.39;-5.27;0.47;-5.3;0.51;-5.31;0.54;-5.29;0.55;-5.27;0.55;-5.27;CACC
1471;17.5;23.5;0.7;5;80;6;Successful;Effective;No;No;No;No;No;No;0.0;-6.0;0.2;-6.24;0.32;-6.31;0.38;-6.28;0.41;-6.22;0.43;-6.25;0.44;-6.24;0.44;-6.23;CACC
1472;17.5;23.5;0.7;8;80;6;Successful;Effective;No;No;No;No;No;No;0.0;-6.0;0.2;-6.24;0.32;-6.31;0.38;-6.28;0.41;-6.22;0.43;-6.25;0.44;-6.24;0.44;-6.23;CACC
1473;17.5;23.5;0.7;10;80;6;Successful;Effective;No;No;No;No;No;No;0.0;-6.0;0.2;-6.24;0.32;-6.31;0.38;-6.28;0.41;-6.22;0.43;-6.25;0.44;-6.24;0.44;-6.23;CACC
1474;17.5;23.5;0.7;5;100;6;Successful;Effective;No;No;No;No;No;No;0.0;-6.0;0.25;-6.24;0.39;-6.32;0.47;-6.35;0.51;-6.34;0.54;-6.28;0.55;-6.3;0.55;-6.3;CACC
1475;17.5;23.5;0.7;8;100;6;Successful;Effective;No;No;No;No;No;No;0.0;-6.0;0.25;-6.24;0.39;-6.32;0.47;-6.35;0.51;-6.34;0.54;-6.28;0.55;-6.3;0.55;-6.3;CACC
1476;17.5;23.5;0.7;10;100;6;Successful;Effective;No;No;No;No;No;No;0.0;-6.0;0.25;-6.24;0.39;-6.32;0.47;-6.35;0.51;-6.34;0.54;-6.28;0.55;-6.3;0.55;-6.3;CACC
1477;17.5;23.5;0.7;5;80;7;Successful;Effective;No;No;No;No;No;No;0.0;-7.0;0.2;-7.28;0.32;-7.3;0.38;-7.18;0.41;-7.24;0.43;-7.22;0.44;-7.2;0.44;-7.2;CACC
1478;17.5;23.5;0.7;8;80;7;Successful;Effective;No;No;No;No;No;No;0.0;-7.0;0.2;-7.28;0.32;-7.3;0.38;-7.18;0.41;-7.24;0.43;-7.22;0.44;-7.2;0.44;-7.2;CACC
1479;17.5;23.5;0.7;10;80;7;Successful;Effective;No;No;No;No;No;No;0.0;-7.0;0.2;-7.28;0.32;-7.3;0.38;-7.18;0.41;-7.24;0.43;-7.22;0.44;-7.2;0.44;-7.2;CACC
1480;17.5;23.5;0.7;5;100;7;Successful;Effective;No;No;No;No;No;No;0.0;-7.0;0.25;-7.28;0.39;-7.37;0.47;-7.37;0.51;-7.3;0.54;-7.31;0.55;-7.31;0.55;-7.3;CACC
1481;17.5;23.5;0.7;8;100;7;Successful;Effective;No;No;No;No;No;No;0.0;-7.0;0.25;-7.28;0.39;-7.37;0.47;-7.37;0.51;-7.3;0.54;-7.31;0.55;-7.31;0.55;-7.3;CACC
1482;17.5;23.5;0.7;10;100;7;Successful;Effective;No;No;No;No;No;No;0.0;-7.0;0.25;-7.28;0.39;-7.37;0.47;-7.37;0.51;-7.3;0.54;-7.31;0.55;-7.31;0.55;-7.3;CACC
1483;17.5;23.5;0.7;5;80;8;Successful;Effective;No;No;No;No;No;No;0.0;-7.99;0.2;-8.3;0.32;-8.22;0.38;-8.1;0.41;-8.2;0.43;-8.15;0.44;-8.13;0.44;-8.14;CACC
1484;17.5;23.5;0.7;8;80;8;Successful;Effective;No;No;No;No;No;No;0.0;-7.99;0.2;-8.3;0.32;-8.22;0.38;-8.1;0.41;-8.2;0.43;-8.15;0.44;-8.13;0.44;-8.14;CACC
1485;17.5;23.5;0.7;10;80;8;Successful;Effective;No;No;No;No;No;No;0.0;-7.99;0.2;-8.3;0.32;-8.22;0.38;-8.1;0.41;-8.2;0.43;-8.15;0.44;-8.13;0.44;-8.14;CACC
1486;17.5;23.5;0.7;5;100;8;Successful;Effective;No;No;No;No;No;No;0.0;-8.0;0.25;-8.32;0.39;-8.4;0.47;-8.31;0.51;-8.28;0.54;-8.3;0.55;-8.28;0.55;-8.27;CACC
1487;17.5;23.5;0.7;8;100;8;Successful;Effective;No;No;No;No;No;No;0.0;-8.0;0.25;-8.32;0.39;-8.4;0.47;-8.31;0.51;-8.28;0.54;-8.3;0.55;-8.28;0.55;-8.27;CACC
1488;17.5;23.5;0.7;10;100;8;Successful;Effective;No;No;No;No;No;No;0.0;-8.0;0.25;-8.32;0.39;-8.4;0.47;-8.31;0.51;-8.28;0.54;-8.3;0.55;-8.28;0.55;-8.27;CACC
1489;17.5;23.5;0.8;5;80;5;Successful;Effective;No;No;No;No;No;No;0.0;-5.0;0.2;-5.24;0.32;-5.31;0.38;-5.31;0.41;-5.21;0.43;-5.24;0.44;-5.25;0.44;-5.24;CACC
1490;17.5;23.5;0.8;8;80;5;Successful;Effective;No;No;No;No;No;No;0.0;-5.0;0.2;-5.24;0.32;-5.31;0.38;-5.31;0.41;-5.21;0.43;-5.24;0.44;-5.25;0.44;-5.24;CACC
1491;17.5;23.5;0.8;10;80;5;Successful;Effective;No;No;No;No;No;No;0.0;-5.0;0.2;-5.24;0.32;-5.31;0.38;-5.31;0.41;-5.21;0.43;-5.24;0.44;-5.25;0.44;-5.24;CACC
1492;17.5;23.5;0.8;5;100;5;Successful;Effective;No;No;No;No;No;No;0.0;-5.0;0.25;-5.25;0.39;-5.32;0.47;-5.35;0.51;-5.34;0.54;-5.27;0.55;-5.29;0.55;-5.29;CACC
1493;17.5;23.5;0.8;8;100;5;Successful;Effective;No;No;No;No;No;No;0.0;-5.0;0.25;-5.25;0.39;-5.32;0.47;-5.35;0.51;-5.34;0.54;-5.27;0.55;-5.29;0.55;-5.29;CACC
1494;17.5;23.5;0.8;10;100;5;Successful;Effective;No;No;No;No;No;No;0.0;-5.0;0.25;-5.25;0.39;-5.32;0.47;-5.35;0.51;-5.34;0.54;-5.27;0.55;-5.29;0.55;-5.29;CACC
1495;17.5;23.5;0.8;5;80;6;Successful;Effective;No;No;No;No;No;No;0.0;-6.0;0.2;-6.29;0.32;-6.34;0.38;-6.2;0.41;-6.22;0.43;-6.23;0.44;-6.22;0.44;-6.21;CACC
1496;17.5;23.5;0.8;8;80;6;Successful;Effective;No;No;No;No;No;No;0.0;-6.0;0.2;-6.29;0.32;-6.34;0.38;-6.2;0.41;-6.22;0.43;-6.23;0.44;-6.22;0.44;-6.21;CACC
1497;17.5;23.5;0.8;10;80;6;Successful;Effective;No;No;No;No;No;No;0.0;-6.0;0.2;-6.29;0.32;-6.34;0.38;-6.2;0.41;-6.22;0.43;-6.23;0.44;-6.22;0.44;-6.21;CACC
1498;17.5;23.5;0.8;5;100;6;Successful;Effective;No;No;No;No;No;No;0.0;-6.0;0.25;-6.29;0.39;-6.38;0.47;-6.39;0.51;-6.29;0.54;-6.3;0.55;-6.31;0.55;-6.3;CACC
1499;17.5;23.5;0.8;8;100;6;Successful;Effective;No;No;No;No;No;No;0.0;-6.0;0.25;-6.29;0.39;-6.38;0.47;-6.39;0.51;-6.29;0.54;-6.3;0.55;-6.31;0.55;-6.3;CACC
1500;17.5;23.5;0.8;10;100;6;Successful;Effective;No;No;No;No;No;No;0.0;-6.0;0.25;-6.29;0.39;-6.38;0.47;-6.39;0.51;-6.29;0.54;-6.3;0.55;-6.31;0.55;-6.3;CACC
1501;17.5;23.5;0.8;5;80;7;Successful;Effective;No;No;No;No;No;No;0.0;-7.0;0.2;-7.33;0.32;-7.26;0.38;-7.09;0.41;-7.21;0.43;-7.16;0.44;-7.15;0.44;-7.15;CACC
1502;17.5;23.5;0.8;8;80;7;Successful;Effective;No;No;No;No;No;No;0.0;-7.0;0.2;-7.33;0.32;-7.26;0.38;-7.09;0.41;-7.21;0.43;-7.16;0.44;-7.15;0.44;-7.15;CACC
1503;17.5;23.5;0.8;10;80;7;Successful;Effective;No;No;No;No;No;No;0.0;-7.0;0.2;-7.33;0.32;-7.26;0.38;-7.09;0.41;-7.21;0.43;-7.16;0.44;-7.15;0.44;-7.15;CACC
1504;17.5;23.5;0.8;5;100;7;Successful;Effective;No;No;No;No;No;No;0.0;-7.0;0.25;-7.34;0.39;-7.43;0.47;-7.32;0.51;-7.27;0.54;-7.3;0.55;-7.28;0.55;-7.27;CACC
1505;17.5;23.5;0.8;8;100;7;Successful;Effective;No;No;No;No;No;No;0.0;-7.0;0.25;-7.34;0.39;-7.43;0.47;-7.32;0.51;-7.27;0.54;-7.3;0.55;-7.28;0.55;-7.27;CACC
1506;17.5;23.5;0.8;10;100;7;Successful;Effective;No;No;No;No;No;No;0.0;-7.0;0.25;-7.34;0.39;-7.43;0.47;-7.32;0.51;-7.27;0.54;-7.3;0.55;-7.28;0.55;-7.27;CACC
1507;17.5;23.5;0.8;5;80;8;Successful;Effective;No;No;No;No;No;No;0.0;-7.99;0.2;-8.33;0.32;-8.06;0.38;-8.09;0.41;-8.15;0.43;-8.1;0.44;-8.07;0.44;-8.09;CACC
1508;17.5;23.5;0.8;8;80;8;Successful;Effective;No;No;No;No;No;No;0.0;-7.99;0.2;-8.33;0.32;-8.06;0.38;-8.09;0.41;-8.15;0.43;-8.1;0.44;-8.07;0.44;-8.09;CACC
1509;17.5;23.5;0.8;10;80;8;Successful;Effective;No;No;No;No;No;No;0.0;-7.99;0.2;-8.33;0.32;-8.06;0.38;-8.09;0.41;-8.15;0.43;-8.1;0.44;-8.07;0.44;-8.09;CACC
1510;17.5;23.5;0.8;5;100;8;Successful;Effective;No;No;No;No;No;No;0.0;-8.0;0.25;-8.39;0.39;-8.4;0.47;-8.16;0.51;-8.29;0.54;-8.26;0.55;-8.24;0.55;-8.24;CACC
1511;17.5;23.5;0.8;8;100;8;Successful;Effective;No;No;No;No;No;No;0.0;-8.0;0.25;-8.39;0.39;-8.4;0.47;-8.16;0.51;-8.29;0.54;-8.26;0.55;-8.24;0.55;-8.24;CACC
1512;17.5;23.5;0.8;10;100;8;Successful;Effective;No;No;No;No;No;No;0.0;-8.0;0.25;-8.39;0.39;-8.4;0.47;-8.16;0.51;-8.29;0.54;-8.26;0.55;-8.24;0.55;-8.24;CACC
1513;17.5;23.5;0.9;5;80;5;Successful;Effective;No;No;No;No;No;No;0.0;-5.0;0.2;-5.29;0.32;-5.37;0.38;-5.27;0.41;-5.21;0.43;-5.24;0.44;-5.23;0.44;-5.22;CACC
1514;17.5;23.5;0.9;8;80;5;Successful;Effective;No;No;No;No;No;No;0.0;-5.0;0.2;-5.29;0.32;-5.37;0.38;-5.27;0.41;-5.21;0.43;-5.24;0.44;-5.23;0.44;-5.22;CACC
1515;17.5;23.5;0.9;10;80;5;Successful;Effective;No;No;No;No;No;No;0.0;-5.0;0.2;-5.29;0.32;-5.37;0.38;-5.27;0.41;-5.21;0.43;-5.24;0.44;-5.23;0.44;-5.22;CACC
1516;17.5;23.5;0.9;5;100;5;Successful;Effective;No;No;No;No;No;No;0.0;-5.0;0.25;-5.3;0.39;-5.37;0.47;-5.4;0.51;-5.33;0.54;-5.28;0.55;-5.3;0.55;-5.29;CACC
1517;17.5;23.5;0.9;8;100;5;Successful;Effective;No;No;No;No;No;No;0.0;-5.0;0.25;-5.3;0.39;-5.37;0.47;-5.4;0.51;-5.33;0.54;-5.28;0.55;-5.3;0.55;-5.29;CACC
1518;17.5;23.5;0.9;10;100;5;Successful;Effective;No;No;No;No;No;No;0.0;-5.0;0.25;-5.3;0.39;-5.37;0.47;-5.4;0.51;-5.33;0.54;-5.28;0.55;-5.3;0.55;-5.29;CACC
1519;17.5;23.5;0.9;5;80;6;Successful;Effective;No;No;No;No;No;No;0.0;-6.0;0.2;-6.35;0.32;-6.34;0.38;-6.08;0.41;-6.22;0.43;-6.2;0.44;-6.18;0.44;-6.17;CACC
1520;17.5;23.5;0.9;8;80;6;Successful;Effective;No;No;No;No;No;No;0.0;-6.0;0.2;-6.35;0.32;-6.34;0.38;-6.08;0.41;-6.22;0.43;-6.2;0.44;-6.18;0.44;-6.17;CACC
1521;17.5;23.5;0.9;10;80;6;Successful;Effective;No;No;No;No;No;No;0.0;-6.0;0.2;-6.35;0.32;-6.34;0.38;-6.08;0.41;-6.22;0.43;-6.2;0.44;-6.18;0.44;-6.17;CACC
1522;17.5;23.5;0.9;5;100;6;Successful;Effective;No;No;No;No;No;No;0.0;-6.0;0.25;-6.35;0.39;-6.44;0.47;-6.38;0.51;-6.25;0.54;-6.31;0.55;-6.3;0.55;-6.29;CACC
1523;17.5;23.5;0.9;8;100;6;Successful;Effective;No;No;No;No;No;No;0.0;-6.0;0.25;-6.35;0.39;-6.44;0.47;-6.38;0.51;-6.25;0.54;-6.31;0.55;-6.3;0.55;-6.29;CACC
1524;17.5;23.5;0.9;10;100;6;Successful;Effective;No;No;No;No;No;No;0.0;-6.0;0.25;-6.35;0.39;-6.44;0.47;-6.38;0.51;-6.25;0.54;-6.31;0.55;-6.3;0.55;-6.29;CACC
1525;17.5;23.5;0.9;5;80;7;Successful;Effective;No;No;No;No;No;No;0.0;-7.0;0.2;-7.39;0.32;-7.13;0.38;-7.08;0.41;-7.18;0.43;-7.13;0.44;-7.1;0.44;-7.11;CACC
1526;17.5;23.5;0.9;8;80;7;Successful;Effective;No;No;No;No;No;No;0.0;-7.0;0.2;-7.39;0.32;-7.13;0.38;-7.08;0.41;-7.18;0.43;-7.13;0.44;-7.1;0.44;-7.11;CACC
1527;17.5;23.5;0.9;10;80;7;Successful;Effective;No;No;No;No;No;No;0.0;-7.0;0.2;-7.39;0.32;-7.13;0.38;-7.08;0.41;-7.18;0.43;-7.13;0.44;-7.1;0.44;-7.11;CACC
1528;17.5;23.5;0.9;5;100;7;Successful;Effective;No;No;No;No;No;No;0.0;-7.0;0.25;-7.41;0.39;-7.47;0.47;-7.18;0.51;-7.28;0.54;-7.29;0.55;-7.26;0.55;-7.25;CACC
1529;17.5;23.5;0.9;8;100;7;Successful;Effective;No;No;No;No;No;No;0.0;-7.0;0.25;-7.41;0.39;-7.47;0.47;-7.18;0.51;-7.28;0.54;-7.29;0.55;-7.26;0.55;-7.25;CACC
1530;17.5;23.5;0.9;10;100;7;Successful;Effective;No;No;No;No;No;No;0.0;-7.0;0.25;-7.41;0.39;-7.47;0.47;-7.18;0.51;-7.28;0.54;-7.29;0.55;-7.26;0.55;-7.25;CACC
1531;17.5;23.5;0.9;5;80;8;Successful;Effective;No;No;No;No;No;No;0.0;-7.99;0.2;-8.35;0.32;-7.75;0.38;-8.05;0.41;-8.06;0.43;-8.01;0.44;-7.98;0.44;-8.01;CACC
1532;17.5;23.5;0.9;8;80;8;Successful;Effective;No;No;No;No;No;No;0.0;-7.99;0.2;-8.35;0.32;-7.75;0.38;-8.05;0.41;-8.06;0.43;-8.01;0.44;-7.98;0.44;-8.01;CACC
1533;17.5;23.5;0.9;10;80;8;Successful;Effective;No;No;No;No;No;No;0.0;-7.99;0.2;-8.35;0.32;-7.75;0.38;-8.05;0.41;-8.06;0.43;-8.01;0.44;-7.98;0.44;-8.01;CACC
1534;17.5;23.5;0.9;5;100;8;Successful;Effective;No;No;No;No;No;No;0.0;-8.0;0.25;-8.46;0.39;-8.35;0.47;-8.1;0.51;-8.26;0.54;-8.2;0.55;-8.18;0.55;-8.17;CACC
1535;17.5;23.5;0.9;8;100;8;Successful;Effective;No;No;No;No;No;No;0.0;-8.0;0.25;-8.46;0.39;-8.35;0.47;-8.1;0.51;-8.26;0.54;-8.2;0.55;-8.18;0.55;-8.17;CACC
1536;17.5;23.5;0.9;10;100;8;Successful;Effective;No;No;No;No;No;No;0.0;-8.0;0.25;-8.46;0.39;-8.35;0.47;-8.1;0.51;-8.26;0.54;-8.2;0.55;-8.18;0.55;-8.17;CACC
1537;17.6;23.6;0.6;5;80;5;Successful;Effective;No;No;No;No;No;No;0.0;-5.0;0.2;-5.15;0.32;-5.21;0.38;-5.24;0.41;-5.25;0.43;-5.22;0.44;-5.22;0.44;-5.23;CACC
1538;17.6;23.6;0.6;8;80;5;Successful;Effective;No;No;No;No;No;No;0.0;-5.0;0.2;-5.15;0.32;-5.21;0.38;-5.24;0.41;-5.25;0.43;-5.22;0.44;-5.22;0.44;-5.23;CACC
1539;17.6;23.6;0.6;10;80;5;Successful;Effective;No;No;No;No;No;No;0.0;-5.0;0.2;-5.15;0.32;-5.21;0.38;-5.24;0.41;-5.25;0.43;-5.22;0.44;-5.22;0.44;-5.23;CACC
1540;17.6;23.6;0.6;5;100;5;Successful;Effective;No;No;No;No;No;No;0.0;-5.0;0.25;-5.15;0.39;-5.22;0.47;-5.25;0.51;-5.26;0.54;-5.25;0.55;-5.24;0.55;-5.25;CACC
1541;17.6;23.6;0.6;8;100;5;Successful;Effective;No;No;No;No;No;No;0.0;-5.0;0.25;-5.15;0.39;-5.22;0.47;-5.25;0.51;-5.26;0.54;-5.25;0.55;-5.24;0.55;-5.25;CACC
1542;17.6;23.6;0.6;10;100;5;Successful;Effective;No;No;No;No;No;No;0.0;-5.0;0.25;-5.15;0.39;-5.22;0.47;-5.25;0.51;-5.26;0.54;-5.25;0.55;-5.24;0.55;-5.25;CACC
1543;17.6;23.6;0.6;5;80;6;Successful;Effective;No;No;No;No;No;No;0.0;-6.0;0.2;-6.18;0.32;-6.24;0.38;-6.27;0.41;-6.25;0.43;-6.23;0.44;-6.24;0.44;-6.24;CACC
1544;17.6;23.6;0.6;8;80;6;Successful;Effective;No;No;No;No;No;No;0.0;-6.0;0.2;-6.18;0.32;-6.24;0.38;-6.27;0.41;-6.25;0.43;-6.23;0.44;-6.24;0.44;-6.24;CACC
1545;17.6;23.6;0.6;10;80;6;Successful;Effective;No;No;No;No;No;No;0.0;-6.0;0.2;-6.18;0.32;-6.24;0.38;-6.27;0.41;-6.25;0.43;-6.23;0.44;-6.24;0.44;-6.24;CACC
1546;17.6;23.6;0.6;5;100;6;Successful;Effective;No;No;No;No;No;No;0.0;-6.0;0.25;-6.18;0.39;-6.25;0.47;-6.29;0.51;-6.3;0.54;-6.28;0.55;-6.27;0.55;-6.28;CACC
1547;17.6;23.6;0.6;8;100;6;Successful;Effective;No;No;No;No;No;No;0.0;-6.0;0.25;-6.18;0.39;-6.25;0.47;-6.29;0.51;-6.3;0.54;-6.28;0.55;-6.27;0.55;-6.28;CACC
1548;17.6;23.6;0.6;10;100;6;Successful;Effective;No;No;No;No;No;No;0.0;-6.0;0.25;-6.18;0.39;-6.25;0.47;-6.29;0.51;-6.3;0.54;-6.28;0.55;-6.27;0.55;-6.28;CACC
1549;17.6;23.6;0.6;5;80;7;Successful;Effective;No;No;No;No;No;No;0.0;-7.0;0.2;-7.2;0.32;-7.26;0.38;-7.25;0.41;-7.23;0.43;-7.24;0.44;-7.22;0.44;-7.23;CACC
1550;17.6;23.6;0.6;8;80;7;Successful;Effective;No;No;No;No;No;No;0.0;-7.0;0.2;-7.2;0.32;-7.26;0.38;-7.25;0.41;-7.23;0.43;-7.24;0.44;-7.22;0.44;-7.23;CACC
1551;17.6;23.6;0.6;10;80;7;Successful;Effective;No;No;No;No;No;No;0.0;-7.0;0.2;-7.2;0.32;-7.26;0.38;-7.25;0.41;-7.23;0.43;-7.24;0.44;-7.22;0.44;-7.23;CACC
1552;17.6;23.6;0.6;5;100;7;Successful;Effective;No;No;No;No;No;No;0.0;-7.0;0.25;-7.21;0.39;-7.29;0.47;-7.32;0.51;-7.32;0.54;-7.28;0.55;-7.29;0.55;-7.29;CACC
1553;17.6;23.6;0.6;8;100;7;Successful;Effective;No;No;No;No;No;No;0.0;-7.0;0.25;-7.21;0.39;-7.29;0.47;-7.32;0.51;-7.32;0.54;-7.28;0.55;-7.29;0.55;-7.29;CACC
1554;17.6;23.6;0.6;10;100;7;Successful;Effective;No;No;No;No;No;No;0.0;-7.0;0.25;-7.21;0.39;-7.29;0.47;-7.32;0.51;-7.32;0.54;-7.28;0.55;-7.29;0.55;-7.29;CACC
1555;17.6;23.6;0.6;5;80;8;Successful;Effective;No;No;No;No;No;No;0.0;-7.99;0.2;-8.22;0.32;-8.24;0.38;-8.18;0.41;-8.24;0.43;-8.21;0.44;-8.19;0.44;-8.2;CACC
1556;17.6;23.6;0.6;8;80;8;Successful;Effective;No;No;No;No;No;No;0.0;-7.99;0.2;-8.22;0.32;-8.24;0.38;-8.18;0.41;-8.24;0.43;-8.21;0.44;-8.19;0.44;-8.2;CACC
1557;17.6;23.6;0.6;10;80;8;Successful;Effective;No;No;No;No;No;No;0.0;-7.99;0.2;-8.22;0.32;-8.24;0.38;-8.18;0.41;-8.24;0.43;-8.21;0.44;-8.19;0.44;-8.2;CACC
1558;17.6;23.6;0.6;5;100;8;Successful;Effective;No;No;No;No;No;No;0.0;-8.0;0.25;-8.24;0.39;-8.32;0.47;-8.33;0.51;-8.3;0.54;-8.3;0.55;-8.29;0.55;-8.29;CACC
1559;17.6;23.6;0.6;8;100;8;Successful;Effective;No;No;No;No;No;No;0.0;-8.0;0.25;-8.24;0.39;-8.32;0.47;-8.33;0.51;-8.3;0.54;-8.3;0.55;-8.29;0.55;-8.29;CACC
1560;17.6;23.6;0.6;10;100;8;Successful;Effective;No;No;No;No;No;No;0.0;-8.0;0.25;-8.24;0.39;-8.32;0.47;-8.33;0.51;-8.3;0.54;-8.3;0.55;-8.29;0.55;-8.29;CACC
1561;17.6;23.6;0.7;5;80;5;Successful;Effective;No;No;No;No;No;No;0.0;-5.0;0.2;-5.18;0.32;-5.24;0.38;-5.26;0.41;-5.24;0.43;-5.22;0.44;-5.23;0.44;-5.23;CACC
1562;17.6;23.6;0.7;8;80;5;Successful;Effective;No;No;No;No;No;No;0.0;-5.0;0.2;-5.18;0.32;-5.24;0.38;-5.26;0.41;-5.24;0.43;-5.22;0.44;-5.23;0.44;-5.23;CACC
1563;17.6;23.6;0.7;10;80;5;Successful;Effective;No;No;No;No;No;No;0.0;-5.0;0.2;-5.18;0.32;-5.24;0.38;-5.26;0.41;-5.24;0.43;-5.22;0.44;-5.23;0.44;-5.23;CACC
1564;17.6;23.6;0.7;5;100;5;Successful;Effective;No;No;No;No;No;No;0.0;-5.0;0.25;-5.18;0.39;-5.24;0.47;-5.27;0.51;-5.28;0.54;-5.26;0.55;-5.25;0.55;-5.26;CACC
1565;17.6;23.6;0.7;8;100;5;Successful;Effective;No;No;No;No;No;No;0.0;-5.0;0.25;-5.18;0.39;-5.24;0.47;-5.27;0.51;-5.28;0.54;-5.26;0.55;-5.25;0.55;-5.26;CACC
1566;17.6;23.6;0.7;10;100;5;Successful;Effective;No;No;No;No;No;No;0.0;-5.0;0.25;-5.18;0.39;-5.24;0.47;-5.27;0.51;-5.28;0.54;-5.26;0.55;-5.25;0.55;-5.26;CACC
1567;17.6;23.6;0.7;5;80;6;Successful;Effective;No;No;No;No;No;No;0.0;-6.0;0.2;-6.21;0.32;-6.27;0.38;-6.24;0.41;-6.22;0.43;-6.23;0.44;-6.22;0.44;-6.22;CACC
1568;17.6;23.6;0.7;8;80;6;Successful;Effective;No;No;No;No;No;No;0.0;-6.0;0.2;-6.21;0.32;-6.27;0.38;-6.24;0.41;-6.22;0.43;-6.23;0.44;-6.22;0.44;-6.22;CACC
1569;17.6;23.6;0.7;10;80;6;Successful;Effective;No;No;No;No;No;No;0.0;-6.0;0.2;-6.21;0.32;-6.27;0.38;-6.24;0.41;-6.22;0.43;-6.23;0.44;-6.22;0.44;-6.22;CACC
1570;17.6;23.6;0.7;5;100;6;Successful;Effective;No;No;No;No;No;No;0.0;-6.0;0.25;-6.21;0.39;-6.28;0.47;-6.31;0.51;-6.3;0.54;-6.27;0.55;-6.28;0.55;-6.28;CACC
1571;17.6;23.6;0.7;8;100;6;Successful;Effective;No;No;No;No;No;No;0.0;-6.0;0.25;-6.21;0.39;-6.28;0.47;-6.31;0.51;-6.3;0.54;-6.27;0.55;-6.28;0.55;-6.28;CACC
1572;17.6;23.6;0.7;10;100;6;Successful;Effective;No;No;No;No;No;No;0.0;-6.0;0.25;-6.21;0.39;-6.28;0.47;-6.31;0.51;-6.3;0.54;-6.27;0.55;-6.28;0.55;-6.28;CACC
1573;17.6;23.6;0.7;5;80;7;Successful;Effective;No;No;No;No;No;No;0.0;-7.0;0.2;-7.24;0.32;-7.25;0.38;-7.15;0.41;-7.23;0.43;-7.21;0.44;-7.19;0.44;-7.2;CACC
1574;17.6;23.6;0.7;8;80;7;Successful;Effective;No;No;No;No;No;No;0.0;-7.0;0.2;-7.24;0.32;-7.25;0.38;-7.15;0.41;-7.23;0.43;-7.21;0.44;-7.19;0.44;-7.2;CACC
1575;17.6;23.6;0.7;10;80;7;Successful;Effective;No;No;No;No;No;No;0.0;-7.0;0.2;-7.24;0.32;-7.25;0.38;-7.15;0.41;-7.23;0.43;-7.21;0.44;-7.19;0.44;-7.2;CACC
1576;17.6;23.6;0.7;5;100;7;Successful;Effective;No;No;No;No;No;No;0.0;-7.0;0.25;-7.25;0.39;-7.33;0.47;-7.32;0.51;-7.27;0.54;-7.29;0.55;-7.29;0.55;-7.28;CACC
1577;17.6;23.6;0.7;8;100;7;Successful;Effective;No;No;No;No;No;No;0.0;-7.0;0.25;-7.25;0.39;-7.33;0.47;-7.32;0.51;-7.27;0.54;-7.29;0.55;-7.29;0.55;-7.28;CACC
1578;17.6;23.6;0.7;10;100;7;Successful;Effective;No;No;No;No;No;No;0.0;-7.0;0.25;-7.25;0.39;-7.33;0.47;-7.32;0.51;-7.27;0.54;-7.29;0.55;-7.29;0.55;-7.28;CACC
1579;17.6;23.6;0.7;5;80;8;Successful;Effective;No;No;No;No;No;No;0.0;-7.99;0.2;-8.25;0.32;-8.17;0.38;-8.13;0.41;-8.2;0.43;-8.15;0.44;-8.13;0.44;-8.14;CACC
1580;17.6;23.6;0.7;8;80;8;Successful;Effective;No;No;No;No;No;No;0.0;-7.99;0.2;-8.25;0.32;-8.17;0.38;-8.13;0.41;-8.2;0.43;-8.15;0.44;-8.13;0.44;-8.14;CACC
1581;17.6;23.6;0.7;10;80;8;Successful;Effective;No;No;No;No;No;No;0.0;-7.99;0.2;-8.25;0.32;-8.17;0.38;-8.13;0.41;-8.2;0.43;-8.15;0.44;-8.13;0.44;-8.14;CACC
1582;17.6;23.6;0.7;5;100;8;Successful;Effective;No;No;No;No;No;No;0.0;-8.0;0.25;-8.28;0.39;-8.34;0.47;-8.27;0.51;-8.28;0.54;-8.29;0.55;-8.26;0.55;-8.26;CACC
1583;17.6;23.6;0.7;8;100;8;Successful;Effective;No;No;No;No;No;No;0.0;-8.0;0.25;-8.28;0.39;-8.34;0.47;-8.27;0.51;-8.28;0.54;-8.29;0.55;-8.26;0.55;-8.26;CACC
1584;17.6;23.6;0.7;10;100;8;Successful;Effective;No;No;No;No;No;No;0.0;-8.0;0.25;-8.28;0.39;-8.34;0.47;-8.27;0.51;-8.28;0.54;-8.29;0.55;-8.26;0.55;-8.26;CACC
1585;17.6;23.6;0.8;5;80;5;Successful;Effective;No;No;No;No;No;No;0.0;-5.0;0.2;-5.21;0.32;-5.27;0.38;-5.26;0.41;-5.2;0.43;-5.23;0.44;-5.23;0.44;-5.22;CACC
1586;17.6;23.6;0.8;8;80;5;Successful;Effective;No;No;No;No;No;No;0.0;-5.0;0.2;-5.21;0.32;-5.27;0.38;-5.26;0.41;-5.2;0.43;-5.23;0.44;-5.23;0.44;-5.22;CACC
1587;17.6;23.6;0.8;10;80;5;Successful;Effective;No;No;No;No;No;No;0.0;-5.0;0.2;-5.21;0.32;-5.27;0.38;-5.26;0.41;-5.2;0.43;-5.23;0.44;-5.23;0.44;-5.22;CACC
1588;17.6;23.6;0.8;5;100;5;Successful;Effective;No;No;No;No;No;No;0.0;-5.0;0.25;-5.21;0.39;-5.28;0.47;-5.3;0.51;-5.3;0.54;-5.25;0.55;-5.27;0.55;-5.27;CACC
1589;17.6;23.6;0.8;8;100;5;Successful;Effective;No;No;No;No;No;No;0.0;-5.0;0.25;-5.21;0.39;-5.28;0.47;-5.3;0.51;-5.3;0.54;-5.25;0.55;-5.27;0.55;-5.27;CACC
1590;17.6;23.6;0.8;10;100;5;Successful;Effective;No;No;No;No;No;No;0.0;-5.0;0.25;-5.21;0.39;-5.28;0.47;-5.3;0.51;-5.3;0.54;-5.25;0.55;-5.27;0.55;-5.27;CACC
1591;17.6;23.6;0.8;5;80;6;Successful;Effective;No;No;No;No;No;No;0.0;-6.0;0.2;-6.25;0.32;-6.29;0.38;-6.16;0.41;-6.22;0.43;-6.22;0.44;-6.2;0.44;-6.2;CACC
1592;17.6;23.6;0.8;8;80;6;Successful;Effective;No;No;No;No;No;No;0.0;-6.0;0.2;-6.25;0.32;-6.29;0.38;-6.16;0.41;-6.22;0.43;-6.22;0.44;-6.2;0.44;-6.2;CACC
1593;17.6;23.6;0.8;10;80;6;Successful;Effective;No;No;No;No;No;No;0.0;-6.0;0.2;-6.25;0.32;-6.29;0.38;-6.16;0.41;-6.22;0.43;-6.22;0.44;-6.2;0.44;-6.2;CACC
1594;17.6;23.6;0.8;5;100;6;Successful;Effective;No;No;No;No;No;No;0.0;-6.0;0.25;-6.25;0.39;-6.33;0.47;-6.33;0.51;-6.25;0.54;-6.28;0.55;-6.29;0.55;-6.28;CACC
1595;17.6;23.6;0.8;8;100;6;Successful;Effective;No;No;No;No;No;No;0.0;-6.0;0.25;-6.25;0.39;-6.33;0.47;-6.33;0.51;-6.25;0.54;-6.28;0.55;-6.29;0.55;-6.28;CACC
1596;17.6;23.6;0.8;10;100;6;Successful;Effective;No;No;No;No;No;No;0.0;-6.0;0.25;-6.25;0.39;-6.33;0.47;-6.33;0.51;-6.25;0.54;-6.28;0.55;-6.29;0.55;-6.28;CACC
1597;17.6;23.6;0.8;5;80;7;Successful;Effective;No;No;No;No;No;No;0.0;-7.0;0.2;-7.28;0.32;-7.2;0.38;-7.11;0.41;-7.21;0.43;-7.16;0.44;-7.14;0.44;-7.14;CACC
1598;17.6;23.6;0.8;8;80;7;Successful;Effective;No;No;No;No;No;No;0.0;-7.0;0.2;-7.28;0.32;-7.2;0.38;-7.11;0.41;-7.21;0.43;-7.16;0.44;-7.14;0.44;-7.14;CACC
1599;17.6;23.6;0.8;10;80;7;Successful;Effective;No;No;No;No;No;No;0.0;-7.0;0.2;-7.28;0.32;-7.2;0.38;-7.11;0.41;-7.21;0.43;-7.16;0.44;-7.14;0.44;-7.14;CACC
1600;17.6;23.6;0.8;5;100;7;Successful;Effective;No;No;No;No;No;No;0.0;-7.0;0.25;-7.29;0.39;-7.36;0.47;-7.27;0.51;-7.26;0.54;-7.29;0.55;-7.27;0.55;-7.26;CACC
1601;17.6;23.6;0.8;8;100;7;Successful;Effective;No;No;No;No;No;No;0.0;-7.0;0.25;-7.29;0.39;-7.36;0.47;-7.27;0.51;-7.26;0.54;-7.29;0.55;-7.27;0.55;-7.26;CACC
1602;17.6;23.6;0.8;10;100;7;Successful;Effective;No;No;No;No;No;No;0.0;-7.0;0.25;-7.29;0.39;-7.36;0.47;-7.27;0.51;-7.26;0.54;-7.29;0.55;-7.27;0.55;-7.26;CACC
1603;17.6;23.6;0.8;5;80;8;Successful;Effective;No;No;No;No;No;No;0.0;-7.99;0.2;-8.26;0.32;-8.0;0.38;-8.12;0.41;-8.15;0.43;-8.1;0.44;-8.08;0.44;-8.1;CACC
1604;17.6;23.6;0.8;8;80;8;Successful;Effective;No;No;No;No;No;No;0.0;-7.99;0.2;-8.26;0.32;-8.0;0.38;-8.12;0.41;-8.15;0.43;-8.1;0.44;-8.08;0.44;-8.1;CACC
1605;17.6;23.6;0.8;10;80;8;Successful;Effective;No;No;No;No;No;No;0.0;-7.99;0.2;-8.26;0.32;-8.0;0.38;-8.12;0.41;-8.15;0.43;-8.1;0.44;-8.08;0.44;-8.1;CACC
1606;17.6;23.6;0.8;5;100;8;Successful;Effective;No;No;No;No;No;No;0.0;-8.0;0.25;-8.33;0.39;-8.33;0.47;-8.13;0.51;-8.28;0.54;-8.25;0.55;-8.23;0.55;-8.23;CACC
1607;17.6;23.6;0.8;8;100;8;Successful;Effective;No;No;No;No;No;No;0.0;-8.0;0.25;-8.33;0.39;-8.33;0.47;-8.13;0.51;-8.28;0.54;-8.25;0.55;-8.23;0.55;-8.23;CACC
1608;17.6;23.6;0.8;10;100;8;Successful;Effective;No;No;No;No;No;No;0.0;-8.0;0.25;-8.33;0.39;-8.33;0.47;-8.13;0.51;-8.28;0.54;-8.25;0.55;-8.23;0.55;-8.23;CACC
1609;17.6;23.6;0.9;5;80;5;Successful;Effective;No;No;No;No;No;No;0.0;-5.0;0.2;-5.25;0.32;-5.31;0.38;-5.22;0.41;-5.2;0.43;-5.23;0.44;-5.21;0.44;-5.2;CACC
1610;17.6;23.6;0.9;8;80;5;Successful;Effective;No;No;No;No;No;No;0.0;-5.0;0.2;-5.25;0.32;-5.31;0.38;-5.22;0.41;-5.2;0.43;-5.23;0.44;-5.21;0.44;-5.2;CACC
1611;17.6;23.6;0.9;10;80;5;Successful;Effective;No;No;No;No;No;No;0.0;-5.0;0.2;-5.25;0.32;-5.31;0.38;-5.22;0.41;-5.2;0.43;-5.23;0.44;-5.21;0.44;-5.2;CACC
1612;17.6;23.6;0.9;5;100;5;Successful;Effective;No;No;No;No;No;No;0.0;-5.0;0.25;-5.25;0.39;-5.32;0.47;-5.34;0.51;-5.27;0.54;-5.26;0.55;-5.28;0.55;-5.27;CACC
1613;17.6;23.6;0.9;8;100;5;Successful;Effective;No;No;No;No;No;No;0.0;-5.0;0.25;-5.25;0.39;-5.32;0.47;-5.34;0.51;-5.27;0.54;-5.26;0.55;-5.28;0.55;-5.27;CACC
1614;17.6;23.6;0.9;10;100;5;Successful;Effective;No;No;No;No;No;No;0.0;-5.0;0.25;-5.25;0.39;-5.32;0.47;-5.34;0.51;-5.27;0.54;-5.26;0.55;-5.28;0.55;-5.27;CACC
1615;17.6;23.6;0.9;5;80;6;Successful;Effective;No;No;No;No;No;No;0.0;-6.0;0.2;-6.3;0.32;-6.27;0.38;-6.1;0.41;-6.21;0.43;-6.18;0.44;-6.17;0.44;-6.16;CACC
1616;17.6;23.6;0.9;8;80;6;Successful;Effective;No;No;No;No;No;No;0.0;-6.0;0.2;-6.3;0.32;-6.27;0.38;-6.1;0.41;-6.21;0.43;-6.18;0.44;-6.17;0.44;-6.16;CACC
1617;17.6;23.6;0.9;10;80;6;Successful;Effective;No;No;No;No;No;No;0.0;-6.0;0.2;-6.3;0.32;-6.27;0.38;-6.1;0.41;-6.21;0.43;-6.18;0.44;-6.17;0.44;-6.16;CACC
1618;17.6;23.6;0.9;5;100;6;Successful;Effective;No;No;No;No;No;No;0.0;-6.0;0.25;-6.3;0.39;-6.38;0.47;-6.31;0.51;-6.24;0.54;-6.28;0.55;-6.27;0.55;-6.26;CACC
1619;17.6;23.6;0.9;8;100;6;Successful;Effective;No;No;No;No;No;No;0.0;-6.0;0.25;-6.3;0.39;-6.38;0.47;-6.31;0.51;-6.24;0.54;-6.28;0.55;-6.27;0.55;-6.26;CACC
1620;17.6;23.6;0.9;10;100;6;Successful;Effective;No;No;No;No;No;No;0.0;-6.0;0.25;-6.3;0.39;-6.38;0.47;-6.31;0.51;-6.24;0.54;-6.28;0.55;-6.27;0.55;-6.26;CACC
1621;17.6;23.6;0.9;5;80;7;Successful;Effective;No;No;No;No;No;No;0.0;-7.0;0.2;-7.32;0.32;-7.06;0.38;-7.11;0.41;-7.17;0.43;-7.13;0.44;-7.11;0.44;-7.12;CACC
1622;17.6;23.6;0.9;8;80;7;Successful;Effective;No;No;No;No;No;No;0.0;-7.0;0.2;-7.32;0.32;-7.06;0.38;-7.11;0.41;-7.17;0.43;-7.13;0.44;-7.11;0.44;-7.12;CACC
1623;17.6;23.6;0.9;10;80;7;Successful;Effective;No;No;No;No;No;No;0.0;-7.0;0.2;-7.32;0.32;-7.06;0.38;-7.11;0.41;-7.17;0.43;-7.13;0.44;-7.11;0.44;-7.12;CACC
1624;17.6;23.6;0.9;5;100;7;Successful;Effective;No;No;No;No;No;No;0.0;-7.0;0.25;-7.35;0.39;-7.38;0.47;-7.13;0.51;-7.27;0.54;-7.26;0.55;-7.24;0.55;-7.23;CACC
1625;17.6;23.6;0.9;8;100;7;Successful;Effective;No;No;No;No;No;No;0.0;-7.0;0.25;-7.35;0.39;-7.38;0.47;-7.13;0.51;-7.27;0.54;-7.26;0.55;-7.24;0.55;-7.23;CACC
1626;17.6;23.6;0.9;10;100;7;Successful;Effective;No;No;No;No;No;No;0.0;-7.0;0.25;-7.35;0.39;-7.38;0.47;-7.13;0.51;-7.27;0.54;-7.26;0.55;-7.24;0.55;-7.23;CACC
1627;17.6;23.6;0.9;5;80;8;Successful;Effective;No;No;No;No;No;No;0.0;-7.99;0.2;-8.26;0.32;-7.83;0.38;-8.06;0.41;-8.06;0.43;-8.01;0.44;-7.99;0.44;-8.02;CACC
1628;17.6;23.6;0.9;8;80;8;Successful;Effective;No;No;No;No;No;No;0.0;-7.99;0.2;-8.26;0.32;-7.83;0.38;-8.06;0.41;-8.06;0.43;-8.01;0.44;-7.99;0.44;-8.02;CACC
1629;17.6;23.6;0.9;10;80;8;Successful;Effective;No;No;No;No;No;No;0.0;-7.99;0.2;-8.26;0.32;-7.83;0.38;-8.06;0.41;-8.06;0.43;-8.01;0.44;-7.99;0.44;-8.02;CACC
1630;17.6;23.6;0.9;5;100;8;Successful;Effective;No;No;No;No;No;No;0.0;-8.0;0.25;-8.39;0.39;-8.26;0.47;-8.13;0.51;-8.25;0.54;-8.21;0.55;-8.17;0.55;-8.17;CACC
1631;17.6;23.6;0.9;8;100;8;Successful;Effective;No;No;No;No;No;No;0.0;-8.0;0.25;-8.39;0.39;-8.26;0.47;-8.13;0.51;-8.25;0.54;-8.21;0.55;-8.17;0.55;-8.17;CACC
1632;17.6;23.6;0.9;10;100;8;Successful;Effective;No;No;No;No;No;No;0.0;-8.0;0.25;-8.39;0.39;-8.26;0.47;-8.13;0.51;-8.25;0.54;-8.21;0.55;-8.17;0.55;-8.17;CACC
1633;17.7;23.7;0.6;5;80;5;Successful;Effective;No;No;No;No;No;No;0.0;-5.0;0.2;-5.14;0.32;-5.19;0.38;-5.22;0.41;-5.23;0.43;-5.21;0.44;-5.21;0.44;-5.22;CACC
1634;17.7;23.7;0.6;8;80;5;Successful;Effective;No;No;No;No;No;No;0.0;-5.0;0.2;-5.14;0.32;-5.19;0.38;-5.22;0.41;-5.23;0.43;-5.21;0.44;-5.21;0.44;-5.22;CACC
1635;17.7;23.7;0.6;10;80;5;Successful;Effective;No;No;No;No;No;No;0.0;-5.0;0.2;-5.14;0.32;-5.19;0.38;-5.22;0.41;-5.23;0.43;-5.21;0.44;-5.21;0.44;-5.22;CACC
1636;17.7;23.7;0.6;5;100;5;Successful;Effective;No;No;No;No;No;No;0.0;-5.0;0.25;-5.14;0.39;-5.2;0.47;-5.23;0.51;-5.24;0.54;-5.23;0.55;-5.23;0.55;-5.24;CACC
1637;17.7;23.7;0.6;8;100;5;Successful;Effective;No;No;No;No;No;No;0.0;-5.0;0.25;-5.14;0.39;-5.2;0.47;-5.23;0.51;-5.24;0.54;-5.23;0.55;-5.23;0.55;-5.24;CACC
1638;17.7;23.7;0.6;10;100;5;Successful;Effective;No;No;No;No;No;No;0.0;-5.0;0.25;-5.14;0.39;-5.2;0.47;-5.23;0.51;-5.24;0.54;-5.23;0.55;-5.23;0.55;-5.24;CACC
1639;17.7;23.7;0.6;5;80;6;Successful;Effective;No;No;No;No;No;No;0.0;-6.0;0.2;-6.16;0.32;-6.22;0.38;-6.24;0.41;-6.23;0.43;-6.23;0.44;-6.23;0.44;-6.23;CACC
1640;17.7;23.7;0.6;8;80;6;Successful;Effective;No;No;No;No;No;No;0.0;-6.0;0.2;-6.16;0.32;-6.22;0.38;-6.24;0.41;-6.23;0.43;-6.23;0.44;-6.23;0.44;-6.23;CACC
1641;17.7;23.7;0.6;10;80;6;Successful;Effective;No;No;No;No;No;No;0.0;-6.0;0.2;-6.16;0.32;-6.22;0.38;-6.24;0.41;-6.23;0.43;-6.23;0.44;-6.23;0.44;-6.23;CACC
1642;17.7;23.7;0.6;5;100;6;Successful;Effective;No;No;No;No;No;No;0.0;-6.0;0.25;-6.16;0.39;-6.23;0.47;-6.26;0.51;-6.28;0.54;-6.26;0.55;-6.26;0.55;-6.26;CACC
1643;17.7;23.7;0.6;8;100;6;Successful;Effective;No;No;No;No;No;No;0.0;-6.0;0.25;-6.16;0.39;-6.23;0.47;-6.26;0.51;-6.28;0.54;-6.26;0.55;-6.26;0.55;-6.26;CACC
1644;17.7;23.7;0.6;10;100;6;Successful;Effective;No;No;No;No;No;No;0.0;-6.0;0.25;-6.16;0.39;-6.23;0.47;-6.26;0.51;-6.28;0.54;-6.26;0.55;-6.26;0.55;-6.26;CACC
1645;17.7;23.7;0.6;5;80;7;Successful;Effective;No;No;No;No;No;No;0.0;-7.0;0.2;-7.18;0.32;-7.24;0.38;-7.23;0.41;-7.24;0.43;-7.23;0.44;-7.21;0.44;-7.22;CACC
1646;17.7;23.7;0.6;8;80;7;Successful;Effective;No;No;No;No;No;No;0.0;-7.0;0.2;-7.18;0.32;-7.24;0.38;-7.23;0.41;-7.24;0.43;-7.23;0.44;-7.21;0.44;-7.22;CACC
1647;17.7;23.7;0.6;10;80;7;Successful;Effective;No;No;No;No;No;No;0.0;-7.0;0.2;-7.18;0.32;-7.24;0.38;-7.23;0.41;-7.24;0.43;-7.23;0.44;-7.21;0.44;-7.22;CACC
1648;17.7;23.7;0.6;5;100;7;Successful;Effective;No;No;No;No;No;No;0.0;-7.0;0.25;-7.19;0.39;-7.26;0.47;-7.3;0.51;-7.29;0.54;-7.27;0.55;-7.28;0.55;-7.28;CACC
1649;17.7;23.7;0.6;8;100;7;Successful;Effective;No;No;No;No;No;No;0.0;-7.0;0.25;-7.19;0.39;-7.26;0.47;-7.3;0.51;-7.29;0.54;-7.27;0.55;-7.28;0.55;-7.28;CACC
1650;17.7;23.7;0.6;10;100;7;Successful;Effective;No;No;No;No;No;No;0.0;-7.0;0.25;-7.19;0.39;-7.26;0.47;-7.3;0.51;-7.29;0.54;-7.27;0.55;-7.28;0.55;-7.28;CACC
1651;17.7;23.7;0.6;5;80;8;Successful;Effective;No;No;No;No;No;No;0.0;-7.99;0.2;-8.2;0.32;-8.21;0.38;-8.17;0.41;-8.24;0.43;-8.2;0.44;-8.19;0.44;-8.2;CACC
1652;17.7;23.7;0.6;8;80;8;Successful;Effective;No;No;No;No;No;No;0.0;-7.99;0.2;-8.2;0.32;-8.21;0.38;-8.17;0.41;-8.24;0.43;-8.2;0.44;-8.19;0.44;-8.2;CACC
1653;17.7;23.7;0.6;10;80;8;Successful;Effective;No;No;No;No;No;No;0.0;-7.99;0.2;-8.2;0.32;-8.21;0.38;-8.17;0.41;-8.24;0.43;-8.2;0.44;-8.19;0.44;-8.2;CACC
1654;17.7;23.7;0.6;5;100;8;Successful;Effective;No;No;No;No;No;No;0.0;-8.0;0.25;-8.21;0.39;-8.29;0.47;-8.3;0.51;-8.28;0.54;-8.29;0.55;-8.28;0.55;-8.28;CACC
1655;17.7;23.7;0.6;8;100;8;Successful;Effective;No;No;No;No;No;No;0.0;-8.0;0.25;-8.21;0.39;-8.29;0.47;-8.3;0.51;-8.28;0.54;-8.29;0.55;-8.28;0.55;-8.28;CACC
1656;17.7;23.7;0.6;10;100;8;Successful;Effective;No;No;No;No;No;No;0.0;-8.0;0.25;-8.21;0.39;-8.29;0.47;-8.3;0.51;-8.28;0.54;-8.29;0.55;-8.28;0.55;-8.28;CACC
1657;17.7;23.7;0.7;5;80;5;Successful;Effective;No;No;No;No;No;No;0.0;-5.0;0.2;-5.16;0.32;-5.21;0.38;-5.23;0.41;-5.21;0.43;-5.21;0.44;-5.22;0.44;-5.21;CACC
1658;17.7;23.7;0.7;8;80;5;Successful;Effective;No;No;No;No;No;No;0.0;-5.0;0.2;-5.16;0.32;-5.21;0.38;-5.23;0.41;-5.21;0.43;-5.21;0.44;-5.22;0.44;-5.21;CACC
1659;17.7;23.7;0.7;10;80;5;Successful;Effective;No;No;No;No;No;No;0.0;-5.0;0.2;-5.16;0.32;-5.21;0.38;-5.23;0.41;-5.21;0.43;-5.21;0.44;-5.22;0.44;-5.21;CACC
1660;17.7;23.7;0.7;5;100;5;Successful;Effective;No;No;No;No;No;No;0.0;-5.0;0.25;-5.16;0.39;-5.22;0.47;-5.24;0.51;-5.25;0.54;-5.24;0.55;-5.24;0.55;-5.24;CACC
1661;17.7;23.7;0.7;8;100;5;Successful;Effective;No;No;No;No;No;No;0.0;-5.0;0.25;-5.16;0.39;-5.22;0.47;-5.24;0.51;-5.25;0.54;-5.24;0.55;-5.24;0.55;-5.24;CACC
1662;17.7;23.7;0.7;10;100;5;Successful;Effective;No;No;No;No;No;No;0.0;-5.0;0.25;-5.16;0.39;-5.22;0.47;-5.24;0.51;-5.25;0.54;-5.24;0.55;-5.24;0.55;-5.24;CACC
1663;17.7;23.7;0.7;5;80;6;Successful;Effective;No;No;No;No;No;No;0.0;-6.0;0.2;-6.19;0.32;-6.24;0.38;-6.21;0.41;-6.22;0.43;-6.22;0.44;-6.21;0.44;-6.21;CACC
1664;17.7;23.7;0.7;8;80;6;Successful;Effective;No;No;No;No;No;No;0.0;-6.0;0.2;-6.19;0.32;-6.24;0.38;-6.21;0.41;-6.22;0.43;-6.22;0.44;-6.21;0.44;-6.21;CACC
1665;17.7;23.7;0.7;10;80;6;Successful;Effective;No;No;No;No;No;No;0.0;-6.0;0.2;-6.19;0.32;-6.24;0.38;-6.21;0.41;-6.22;0.43;-6.22;0.44;-6.21;0.44;-6.21;CACC
1666;17.7;23.7;0.7;5;100;6;Successful;Effective;No;No;No;No;No;No;0.0;-6.0;0.25;-6.19;0.39;-6.25;0.47;-6.28;0.51;-6.27;0.54;-6.26;0.55;-6.27;0.55;-6.27;CACC
1667;17.7;23.7;0.7;8;100;6;Successful;Effective;No;No;No;No;No;No;0.0;-6.0;0.25;-6.19;0.39;-6.25;0.47;-6.28;0.51;-6.27;0.54;-6.26;0.55;-6.27;0.55;-6.27;CACC
1668;17.7;23.7;0.7;10;100;6;Successful;Effective;No;No;No;No;No;No;0.0;-6.0;0.25;-6.19;0.39;-6.25;0.47;-6.28;0.51;-6.27;0.54;-6.26;0.55;-6.27;0.55;-6.27;CACC
1669;17.7;23.7;0.7;5;80;7;Successful;Effective;No;No;No;No;No;No;0.0;-7.0;0.2;-7.21;0.32;-7.22;0.38;-7.14;0.41;-7.23;0.43;-7.2;0.44;-7.19;0.44;-7.19;CACC
1670;17.7;23.7;0.7;8;80;7;Successful;Effective;No;No;No;No;No;No;0.0;-7.0;0.2;-7.21;0.32;-7.22;0.38;-7.14;0.41;-7.23;0.43;-7.2;0.44;-7.19;0.44;-7.19;CACC
1671;17.7;23.7;0.7;10;80;7;Successful;Effective;No;No;No;No;No;No;0.0;-7.0;0.2;-7.21;0.32;-7.22;0.38;-7.14;0.41;-7.23;0.43;-7.2;0.44;-7.19;0.44;-7.19;CACC
1672;17.7;23.7;0.7;5;100;7;Successful;Effective;No;No;No;No;No;No;0.0;-7.0;0.25;-7.22;0.39;-7.29;0.47;-7.29;0.51;-7.26;0.54;-7.28;0.55;-7.27;0.55;-7.27;CACC
1673;17.7;23.7;0.7;8;100;7;Successful;Effective;No;No;No;No;No;No;0.0;-7.0;0.25;-7.22;0.39;-7.29;0.47;-7.29;0.51;-7.26;0.54;-7.28;0.55;-7.27;0.55;-7.27;CACC
1674;17.7;23.7;0.7;10;100;7;Successful;Effective;No;No;No;No;No;No;0.0;-7.0;0.25;-7.22;0.39;-7.29;0.47;-7.29;0.51;-7.26;0.54;-7.28;0.55;-7.27;0.55;-7.27;CACC
1675;17.7;23.7;0.7;5;80;8;Successful;Effective;No;No;No;No;No;No;0.0;-7.99;0.2;-8.21;0.32;-8.13;0.38;-8.15;0.41;-8.21;0.43;-8.16;0.44;-8.14;0.44;-8.16;CACC
1676;17.7;23.7;0.7;8;80;8;Successful;Effective;No;No;No;No;No;No;0.0;-7.99;0.2;-8.21;0.32;-8.13;0.38;-8.15;0.41;-8.21;0.43;-8.16;0.44;-8.14;0.44;-8.16;CACC
1677;17.7;23.7;0.7;10;80;8;Successful;Effective;No;No;No;No;No;No;0.0;-7.99;0.2;-8.21;0.32;-8.13;0.38;-8.15;0.41;-8.21;0.43;-8.16;0.44;-8.14;0.44;-8.16;CACC
1678;17.7;23.7;0.7;5;100;8;Successful;Effective;No;No;No;No;No;No;0.0;-8.0;0.25;-8.25;0.39;-8.3;0.47;-8.24;0.51;-8.28;0.54;-8.27;0.55;-8.26;0.55;-8.26;CACC
1679;17.7;23.7;0.7;8;100;8;Successful;Effective;No;No;No;No;No;No;0.0;-8.0;0.25;-8.25;0.39;-8.3;0.47;-8.24;0.51;-8.28;0.54;-8.27;0.55;-8.26;0.55;-8.26;CACC
1680;17.7;23.7;0.7;10;100;8;Successful;Effective;No;No;No;No;No;No;0.0;-8.0;0.25;-8.25;0.39;-8.3;0.47;-8.24;0.51;-8.28;0.54;-8.27;0.55;-8.26;0.55;-8.26;CACC
1681;17.7;23.7;0.8;5;80;5;Successful;Effective;No;No;No;No;No;No;0.0;-5.0;0.2;-5.18;0.32;-5.24;0.38;-5.22;0.41;-5.19;0.43;-5.22;0.44;-5.21;0.44;-5.21;CACC
1682;17.7;23.7;0.8;8;80;5;Successful;Effective;No;No;No;No;No;No;0.0;-5.0;0.2;-5.18;0.32;-5.24;0.38;-5.22;0.41;-5.19;0.43;-5.22;0.44;-5.21;0.44;-5.21;CACC
1683;17.7;23.7;0.8;10;80;5;Successful;Effective;No;No;No;No;No;No;0.0;-5.0;0.2;-5.18;0.32;-5.24;0.38;-5.22;0.41;-5.19;0.43;-5.22;0.44;-5.21;0.44;-5.21;CACC
1684;17.7;23.7;0.8;5;100;5;Successful;Effective;No;No;No;No;No;No;0.0;-5.0;0.25;-5.19;0.39;-5.24;0.47;-5.27;0.51;-5.26;0.54;-5.24;0.55;-5.25;0.55;-5.25;CACC
1685;17.7;23.7;0.8;8;100;5;Successful;Effective;No;No;No;No;No;No;0.0;-5.0;0.25;-5.19;0.39;-5.24;0.47;-5.27;0.51;-5.26;0.54;-5.24;0.55;-5.25;0.55;-5.25;CACC
1686;17.7;23.7;0.8;10;100;5;Successful;Effective;No;No;No;No;No;No;0.0;-5.0;0.25;-5.19;0.39;-5.24;0.47;-5.27;0.51;-5.26;0.54;-5.24;0.55;-5.25;0.55;-5.25;CACC
1687;17.7;23.7;0.8;5;80;6;Successful;Effective;No;No;No;No;No;No;0.0;-6.0;0.2;-6.22;0.32;-6.24;0.38;-6.13;0.41;-6.22;0.43;-6.21;0.44;-6.2;0.44;-6.19;CACC
1688;17.7;23.7;0.8;8;80;6;Successful;Effective;No;No;No;No;No;No;0.0;-6.0;0.2;-6.22;0.32;-6.24;0.38;-6.13;0.41;-6.22;0.43;-6.21;0.44;-6.2;0.44;-6.19;CACC
1689;17.7;23.7;0.8;10;80;6;Successful;Effective;No;No;No;No;No;No;0.0;-6.0;0.2;-6.22;0.32;-6.24;0.38;-6.13;0.41;-6.22;0.43;-6.21;0.44;-6.2;0.44;-6.19;CACC
1690;17.7;23.7;0.8;5;100;6;Successful;Effective;No;No;No;No;No;No;0.0;-6.0;0.25;-6.22;0.39;-6.28;0.47;-6.29;0.51;-6.23;0.54;-6.27;0.55;-6.27;0.55;-6.26;CACC
1691;17.7;23.7;0.8;8;100;6;Successful;Effective;No;No;No;No;No;No;0.0;-6.0;0.25;-6.22;0.39;-6.28;0.47;-6.29;0.51;-6.23;0.54;-6.27;0.55;-6.27;0.55;-6.26;CACC
1692;17.7;23.7;0.8;10;100;6;Successful;Effective;No;No;No;No;No;No;0.0;-6.0;0.25;-6.22;0.39;-6.28;0.47;-6.29;0.51;-6.23;0.54;-6.27;0.55;-6.27;0.55;-6.26;CACC
1693;17.7;23.7;0.8;5;80;7;Successful;Effective;No;No;No;No;No;No;0.0;-7.0;0.2;-7.24;0.32;-7.15;0.38;-7.14;0.41;-7.2;0.43;-7.17;0.44;-7.15;0.44;-7.15;CACC
1694;17.7;23.7;0.8;8;80;7;Successful;Effective;No;No;No;No;No;No;0.0;-7.0;0.2;-7.24;0.32;-7.15;0.38;-7.14;0.41;-7.2;0.43;-7.17;0.44;-7.15;0.44;-7.15;CACC
1695;17.7;23.7;0.8;10;80;7;Successful;Effective;No;No;No;No;No;No;0.0;-7.0;0.2;-7.24;0.32;-7.15;0.38;-7.14;0.41;-7.2;0.43;-7.17;0.44;-7.15;0.44;-7.15;CACC
1696;17.7;23.7;0.8;5;100;7;Successful;Effective;No;No;No;No;No;No;0.0;-7.0;0.25;-7.25;0.39;-7.31;0.47;-7.23;0.51;-7.26;0.54;-7.27;0.55;-7.26;0.55;-7.25;CACC
1697;17.7;23.7;0.8;8;100;7;Successful;Effective;No;No;No;No;No;No;0.0;-7.0;0.25;-7.25;0.39;-7.31;0.47;-7.23;0.51;-7.26;0.54;-7.27;0.55;-7.26;0.55;-7.25;CACC
1698;17.7;23.7;0.8;10;100;7;Successful;Effective;No;No;No;No;No;No;0.0;-7.0;0.25;-7.25;0.39;-7.31;0.47;-7.23;0.51;-7.26;0.54;-7.27;0.55;-7.26;0.55;-7.25;CACC
1699;17.7;23.7;0.8;5;80;8;Successful;Effective;No;No;No;No;No;No;0.0;-7.99;0.2;-8.21;0.32;-7.96;0.38;-8.13;0.41;-8.15;0.43;-8.11;0.44;-8.09;0.44;-8.11;CACC
1700;17.7;23.7;0.8;8;80;8;Successful;Effective;No;No;No;No;No;No;0.0;-7.99;0.2;-8.21;0.32;-7.96;0.38;-8.13;0.41;-8.15;0.43;-8.11;0.44;-8.09;0.44;-8.11;CACC
1701;17.7;23.7;0.8;10;80;8;Successful;Effective;No;No;No;No;No;No;0.0;-7.99;0.2;-8.21;0.32;-7.96;0.38;-8.13;0.41;-8.15;0.43;-8.11;0.44;-8.09;0.44;-8.11;CACC
1702;17.7;23.7;0.8;5;100;8;Successful;Effective;No;No;No;No;No;No;0.0;-8.0;0.25;-8.29;0.39;-8.27;0.47;-8.16;0.51;-8.27;0.54;-8.23;0.55;-8.22;0.55;-8.22;CACC
1703;17.7;23.7;0.8;8;100;8;Successful;Effective;No;No;No;No;No;No;0.0;-8.0;0.25;-8.29;0.39;-8.27;0.47;-8.16;0.51;-8.27;0.54;-8.23;0.55;-8.22;0.55;-8.22;CACC
1704;17.7;23.7;0.8;10;100;8;Successful;Effective;No;No;No;No;No;No;0.0;-8.0;0.25;-8.29;0.39;-8.27;0.47;-8.16;0.51;-8.27;0.54;-8.23;0.55;-8.22;0.55;-8.22;CACC
1705;17.7;23.7;0.9;5;80;5;Successful;Effective;No;No;No;No;No;No;0.0;-5.0;0.2;-5.21;0.32;-5.27;0.38;-5.18;0.41;-5.2;0.43;-5.22;0.44;-5.21;0.44;-5.2;CACC
1706;17.7;23.7;0.9;8;80;5;Successful;Effective;No;No;No;No;No;No;0.0;-5.0;0.2;-5.21;0.32;-5.27;0.38;-5.18;0.41;-5.2;0.43;-5.22;0.44;-5.21;0.44;-5.2;CACC
1707;17.7;23.7;0.9;10;80;5;Successful;Effective;No;No;No;No;No;No;0.0;-5.0;0.2;-5.21;0.32;-5.27;0.38;-5.18;0.41;-5.2;0.43;-5.22;0.44;-5.21;0.44;-5.2;CACC
1708;17.7;23.7;0.9;5;100;5;Successful;Effective;No;No;No;No;No;No;0.0;-5.0;0.25;-5.22;0.39;-5.28;0.47;-5.3;0.51;-5.23;0.54;-5.25;0.55;-5.26;0.55;-5.25;CACC
1709;17.7;23.7;0.9;8;100;5;Successful;Effective;No;No;No;No;No;No;0.0;-5.0;0.25;-5.22;0.39;-5.28;0.47;-5.3;0.51;-5.23;0.54;-5.25;0.55;-5.26;0.55;-5.25;CACC
1710;17.7;23.7;0.9;10;100;5;Successful;Effective;No;No;No;No;No;No;0.0;-5.0;0.25;-5.22;0.39;-5.28;0.47;-5.3;0.51;-5.23;0.54;-5.25;0.55;-5.26;0.55;-5.25;CACC
1711;17.7;23.7;0.9;5;80;6;Successful;Effective;No;No;No;No;No;No;0.0;-6.0;0.2;-6.25;0.32;-6.21;0.38;-6.12;0.41;-6.2;0.43;-6.17;0.44;-6.16;0.44;-6.16;CACC
1712;17.7;23.7;0.9;8;80;6;Successful;Effective;No;No;No;No;No;No;0.0;-6.0;0.2;-6.25;0.32;-6.21;0.38;-6.12;0.41;-6.2;0.43;-6.17;0.44;-6.16;0.44;-6.16;CACC
1713;17.7;23.7;0.9;10;80;6;Successful;Effective;No;No;No;No;No;No;0.0;-6.0;0.2;-6.25;0.32;-6.21;0.38;-6.12;0.41;-6.2;0.43;-6.17;0.44;-6.16;0.44;-6.16;CACC
1714;17.7;23.7;0.9;5;100;6;Successful;Effective;No;No;No;No;No;No;0.0;-6.0;0.25;-6.26;0.39;-6.33;0.47;-6.25;0.51;-6.24;0.54;-6.27;0.55;-6.26;0.55;-6.25;CACC
1715;17.7;23.7;0.9;8;100;6;Successful;Effective;No;No;No;No;No;No;0.0;-6.0;0.25;-6.26;0.39;-6.33;0.47;-6.25;0.51;-6.24;0.54;-6.27;0.55;-6.26;0.55;-6.25;CACC
1716;17.7;23.7;0.9;10;100;6;Successful;Effective;No;No;No;No;No;No;0.0;-6.0;0.25;-6.26;0.39;-6.33;0.47;-6.25;0.51;-6.24;0.54;-6.27;0.55;-6.26;0.55;-6.25;CACC
1717;17.7;23.7;0.9;5;80;7;Successful;Effective;No;No;No;No;No;No;0.0;-7.0;0.2;-7.26;0.32;-7.01;0.38;-7.13;0.41;-7.16;0.43;-7.13;0.44;-7.11;0.44;-7.13;CACC
1718;17.7;23.7;0.9;8;80;7;Successful;Effective;No;No;No;No;No;No;0.0;-7.0;0.2;-7.26;0.32;-7.01;0.38;-7.13;0.41;-7.16;0.43;-7.13;0.44;-7.11;0.44;-7.13;CACC
1719;17.7;23.7;0.9;10;80;7;Successful;Effective;No;No;No;No;No;No;0.0;-7.0;0.2;-7.26;0.32;-7.01;0.38;-7.13;0.41;-7.16;0.43;-7.13;0.44;-7.11;0.44;-7.13;CACC
1720;17.7;23.7;0.9;5;100;7;Successful;Effective;No;No;No;No;No;No;0.0;-7.0;0.25;-7.3;0.39;-7.31;0.47;-7.14;0.51;-7.26;0.54;-7.24;0.55;-7.23;0.55;-7.22;CACC
1721;17.7;23.7;0.9;8;100;7;Successful;Effective;No;No;No;No;No;No;0.0;-7.0;0.25;-7.3;0.39;-7.31;0.47;-7.14;0.51;-7.26;0.54;-7.24;0.55;-7.23;0.55;-7.22;CACC
1722;17.7;23.7;0.9;10;100;7;Successful;Effective;No;No;No;No;No;No;0.0;-7.0;0.25;-7.3;0.39;-7.31;0.47;-7.14;0.51;-7.26;0.54;-7.24;0.55;-7.23;0.55;-7.22;CACC
1723;17.7;23.7;0.9;5;80;8;Successful;Effective;No;No;No;No;No;No;0.0;-7.99;0.2;-8.19;0.32;-7.9;0.38;-8.08;0.41;-8.08;0.43;-8.03;0.44;-8.01;0.44;-8.03;CACC
1724;17.7;23.7;0.9;8;80;8;Successful;Effective;No;No;No;No;No;No;0.0;-7.99;0.2;-8.19;0.32;-7.9;0.38;-8.08;0.41;-8.08;0.43;-8.03;0.44;-8.01;0.44;-8.03;CACC
1725;17.7;23.7;0.9;10;80;8;Successful;Effective;No;No;No;No;No;No;0.0;-7.99;0.2;-8.19;0.32;-7.9;0.38;-8.08;0.41;-8.08;0.43;-8.03;0.44;-8.01;0.44;-8.03;CACC
1726;17.7;23.7;0.9;5;100;8;Successful;Effective;No;No;No;No;No;No;0.0;-8.0;0.25;-8.33;0.39;-8.18;0.47;-8.15;0.51;-8.25;0.54;-8.21;0.55;-8.18;0.55;-8.19;CACC
1727;17.7;23.7;0.9;8;100;8;Successful;Effective;No;No;No;No;No;No;0.0;-8.0;0.25;-8.33;0.39;-8.18;0.47;-8.15;0.51;-8.25;0.54;-8.21;0.55;-8.18;0.55;-8.19;CACC
1728;17.7;23.7;0.9;10;100;8;Successful;Effective;No;No;No;No;No;No;0.0;-8.0;0.25;-8.33;0.39;-8.18;0.47;-8.15;0.51;-8.25;0.54;-8.21;0.55;-8.18;0.55;-8.19;CACC
1729;17.8;23.8;0.6;5;80;5;Successful;Effective;No;No;No;No;No;No;0.0;-5.0;0.2;-5.12;0.32;-5.17;0.38;-5.2;0.41;-5.21;0.43;-5.2;0.44;-5.21;0.44;-5.21;CACC
1730;17.8;23.8;0.6;8;80;5;Successful;Effective;No;No;No;No;No;No;0.0;-5.0;0.2;-5.12;0.32;-5.17;0.38;-5.2;0.41;-5.21;0.43;-5.2;0.44;-5.21;0.44;-5.21;CACC
1731;17.8;23.8;0.6;10;80;5;Successful;Effective;No;No;No;No;No;No;0.0;-5.0;0.2;-5.12;0.32;-5.17;0.38;-5.2;0.41;-5.21;0.43;-5.2;0.44;-5.21;0.44;-5.21;CACC
1732;17.8;23.8;0.6;5;100;5;Successful;Effective;No;No;No;No;No;No;0.0;-5.0;0.25;-5.13;0.39;-5.18;0.47;-5.21;0.51;-5.23;0.54;-5.22;0.55;-5.23;0.55;-5.23;CACC
1733;17.8;23.8;0.6;8;100;5;Successful;Effective;No;No;No;No;No;No;0.0;-5.0;0.25;-5.13;0.39;-5.18;0.47;-5.21;0.51;-5.23;0.54;-5.22;0.55;-5.23;0.55;-5.23;CACC
1734;17.8;23.8;0.6;10;100;5;Successful;Effective;No;No;No;No;No;No;0.0;-5.0;0.25;-5.13;0.39;-5.18;0.47;-5.21;0.51;-5.23;0.54;-5.22;0.55;-5.23;0.55;-5.23;CACC
1735;17.8;23.8;0.6;5;80;6;Successful;Effective;No;No;No;No;No;No;0.0;-6.0;0.2;-6.14;0.32;-6.2;0.38;-6.22;0.41;-6.22;0.43;-6.22;0.44;-6.22;0.44;-6.22;CACC
1736;17.8;23.8;0.6;8;80;6;Successful;Effective;No;No;No;No;No;No;0.0;-6.0;0.2;-6.14;0.32;-6.2;0.38;-6.22;0.41;-6.22;0.43;-6.22;0.44;-6.22;0.44;-6.22;CACC
1737;17.8;23.8;0.6;10;80;6;Successful;Effective;No;No;No;No;No;No;0.0;-6.0;0.2;-6.14;0.32;-6.2;0.38;-6.22;0.41;-6.22;0.43;-6.22;0.44;-6.22;0.44;-6.22;CACC
1738;17.8;23.8;0.6;5;100;6;Successful;Effective;No;No;No;No;No;No;0.0;-6.0;0.25;-6.15;0.39;-6.21;0.47;-6.24;0.51;-6.26;0.54;-6.25;0.55;-6.25;0.55;-6.25;CACC
1739;17.8;23.8;0.6;8;100;6;Successful;Effective;No;No;No;No;No;No;0.0;-6.0;0.25;-6.15;0.39;-6.21;0.47;-6.24;0.51;-6.26;0.54;-6.25;0.55;-6.25;0.55;-6.25;CACC
1740;17.8;23.8;0.6;10;100;6;Successful;Effective;No;No;No;No;No;No;0.0;-6.0;0.25;-6.15;0.39;-6.21;0.47;-6.24;0.51;-6.26;0.54;-6.25;0.55;-6.25;0.55;-6.25;CACC
1741;17.8;23.8;0.6;5;80;7;Successful;Effective;No;No;No;No;No;No;0.0;-7.0;0.2;-7.17;0.32;-7.22;0.38;-7.21;0.41;-7.24;0.43;-7.23;0.44;-7.21;0.44;-7.22;CACC
1742;17.8;23.8;0.6;8;80;7;Successful;Effective;No;No;No;No;No;No;0.0;-7.0;0.2;-7.17;0.32;-7.22;0.38;-7.21;0.41;-7.24;0.43;-7.23;0.44;-7.21;0.44;-7.22;CACC
1743;17.8;23.8;0.6;10;80;7;Successful;Effective;No;No;No;No;No;No;0.0;-7.0;0.2;-7.17;0.32;-7.22;0.38;-7.21;0.41;-7.24;0.43;-7.23;0.44;-7.21;0.44;-7.22;CACC
1744;17.8;23.8;0.6;5;100;7;Successful;Effective;No;No;No;No;No;No;0.0;-7.0;0.25;-7.17;0.39;-7.24;0.47;-7.27;0.51;-7.27;0.54;-7.27;0.55;-7.27;0.55;-7.27;CACC
1745;17.8;23.8;0.6;8;100;7;Successful;Effective;No;No;No;No;No;No;0.0;-7.0;0.25;-7.17;0.39;-7.24;0.47;-7.27;0.51;-7.27;0.54;-7.27;0.55;-7.27;0.55;-7.27;CACC
1746;17.8;23.8;0.6;10;100;7;Successful;Effective;No;No;No;No;No;No;0.0;-7.0;0.25;-7.17;0.39;-7.24;0.47;-7.27;0.51;-7.27;0.54;-7.27;0.55;-7.27;0.55;-7.27;CACC
1747;17.8;23.8;0.6;5;80;8;Successful;Effective;No;No;No;No;No;No;0.0;-7.99;0.2;-8.18;0.32;-8.19;0.38;-8.18;0.41;-8.24;0.43;-8.2;0.44;-8.19;0.44;-8.2;CACC
1748;17.8;23.8;0.6;8;80;8;Successful;Effective;No;No;No;No;No;No;0.0;-7.99;0.2;-8.18;0.32;-8.19;0.38;-8.18;0.41;-8.24;0.43;-8.2;0.44;-8.19;0.44;-8.2;CACC
1749;17.8;23.8;0.6;10;80;8;Successful;Effective;No;No;No;No;No;No;0.0;-7.99;0.2;-8.18;0.32;-8.19;0.38;-8.18;0.41;-8.24;0.43;-8.2;0.44;-8.19;0.44;-8.2;CACC
1750;17.8;23.8;0.6;5;100;8;Successful;Effective;No;No;No;No;No;No;0.0;-8.0;0.25;-8.19;0.39;-8.26;0.47;-8.28;0.51;-8.28;0.54;-8.28;0.55;-8.27;0.55;-8.28;CACC
1751;17.8;23.8;0.6;8;100;8;Successful;Effective;No;No;No;No;No;No;0.0;-8.0;0.25;-8.19;0.39;-8.26;0.47;-8.28;0.51;-8.28;0.54;-8.28;0.55;-8.27;0.55;-8.28;CACC
1752;17.8;23.8;0.6;10;100;8;Successful;Effective;No;No;No;No;No;No;0.0;-8.0;0.25;-8.19;0.39;-8.26;0.47;-8.28;0.51;-8.28;0.54;-8.28;0.55;-8.27;0.55;-8.28;CACC
1753;17.8;23.8;0.7;5;80;5;Successful;Effective;No;No;No;No;No;No;0.0;-5.0;0.2;-5.14;0.32;-5.19;0.38;-5.21;0.41;-5.2;0.43;-5.2;0.44;-5.21;0.44;-5.21;CACC
1754;17.8;23.8;0.7;8;80;5;Successful;Effective;No;No;No;No;No;No;0.0;-5.0;0.2;-5.14;0.32;-5.19;0.38;-5.21;0.41;-5.2;0.43;-5.2;0.44;-5.21;0.44;-5.21;CACC
1755;17.8;23.8;0.7;10;80;5;Successful;Effective;No;No;No;No;No;No;0.0;-5.0;0.2;-5.14;0.32;-5.19;0.38;-5.21;0.41;-5.2;0.43;-5.2;0.44;-5.21;0.44;-5.21;CACC
1756;17.8;23.8;0.7;5;100;5;Successful;Effective;No;No;No;No;No;No;0.0;-5.0;0.25;-5.14;0.39;-5.19;0.47;-5.22;0.51;-5.23;0.54;-5.22;0.55;-5.23;0.55;-5.23;CACC
1757;17.8;23.8;0.7;8;100;5;Successful;Effective;No;No;No;No;No;No;0.0;-5.0;0.25;-5.14;0.39;-5.19;0.47;-5.22;0.51;-5.23;0.54;-5.22;0.55;-5.23;0.55;-5.23;CACC
1758;17.8;23.8;0.7;10;100;5;Successful;Effective;No;No;No;No;No;No;0.0;-5.0;0.25;-5.14;0.39;-5.19;0.47;-5.22;0.51;-5.23;0.54;-5.22;0.55;-5.23;0.55;-5.23;CACC
1759;17.8;23.8;0.7;5;80;6;Successful;Effective;No;No;No;No;No;No;0.0;-6.0;0.2;-6.16;0.32;-6.21;0.38;-6.19;0.41;-6.22;0.43;-6.22;0.44;-6.21;0.44;-6.21;CACC
1760;17.8;23.8;0.7;8;80;6;Successful;Effective;No;No;No;No;No;No;0.0;-6.0;0.2;-6.16;0.32;-6.21;0.38;-6.19;0.41;-6.22;0.43;-6.22;0.44;-6.21;0.44;-6.21;CACC
1761;17.8;23.8;0.7;10;80;6;Successful;Effective;No;No;No;No;No;No;0.0;-6.0;0.2;-6.16;0.32;-6.21;0.38;-6.19;0.41;-6.22;0.43;-6.22;0.44;-6.21;0.44;-6.21;CACC
1762;17.8;23.8;0.7;5;100;6;Successful;Effective;No;No;No;No;No;No;0.0;-6.0;0.25;-6.17;0.39;-6.23;0.47;-6.25;0.51;-6.25;0.54;-6.25;0.55;-6.26;0.55;-6.25;CACC
1763;17.8;23.8;0.7;8;100;6;Successful;Effective;No;No;No;No;No;No;0.0;-6.0;0.25;-6.17;0.39;-6.23;0.47;-6.25;0.51;-6.25;0.54;-6.25;0.55;-6.26;0.55;-6.25;CACC
1764;17.8;23.8;0.7;10;100;6;Successful;Effective;No;No;No;No;No;No;0.0;-6.0;0.25;-6.17;0.39;-6.23;0.47;-6.25;0.51;-6.25;0.54;-6.25;0.55;-6.26;0.55;-6.25;CACC
1765;17.8;23.8;0.7;5;80;7;Successful;Effective;No;No;No;No;No;No;0.0;-7.0;0.2;-7.19;0.32;-7.19;0.38;-7.16;0.41;-7.22;0.43;-7.2;0.44;-7.19;0.44;-7.19;CACC
1766;17.8;23.8;0.7;8;80;7;Successful;Effective;No;No;No;No;No;No;0.0;-7.0;0.2;-7.19;0.32;-7.19;0.38;-7.16;0.41;-7.22;0.43;-7.2;0.44;-7.19;0.44;-7.19;CACC
1767;17.8;23.8;0.7;10;80;7;Successful;Effective;No;No;No;No;No;No;0.0;-7.0;0.2;-7.19;0.32;-7.19;0.38;-7.16;0.41;-7.22;0.43;-7.2;0.44;-7.19;0.44;-7.19;CACC
1768;17.8;23.8;0.7;5;100;7;Successful;Effective;No;No;No;No;No;No;0.0;-7.0;0.25;-7.19;0.39;-7.26;0.47;-7.26;0.51;-7.26;0.54;-7.27;0.55;-7.26;0.55;-7.26;CACC
1769;17.8;23.8;0.7;8;100;7;Successful;Effective;No;No;No;No;No;No;0.0;-7.0;0.25;-7.19;0.39;-7.26;0.47;-7.26;0.51;-7.26;0.54;-7.27;0.55;-7.26;0.55;-7.26;CACC
1770;17.8;23.8;0.7;10;100;7;Successful;Effective;No;No;No;No;No;No;0.0;-7.0;0.25;-7.19;0.39;-7.26;0.47;-7.26;0.51;-7.26;0.54;-7.27;0.55;-7.26;0.55;-7.26;CACC
1771;17.8;23.8;0.7;5;80;8;Successful;Effective;No;No;No;No;No;No;0.0;-7.99;0.2;-8.18;0.32;-8.11;0.38;-8.17;0.41;-8.21;0.43;-8.17;0.44;-8.15;0.44;-8.17;CACC
1772;17.8;23.8;0.7;8;80;8;Successful;Effective;No;No;No;No;No;No;0.0;-7.99;0.2;-8.18;0.32;-8.11;0.38;-8.17;0.41;-8.21;0.43;-8.17;0.44;-8.15;0.44;-8.17;CACC
1773;17.8;23.8;0.7;10;80;8;Successful;Effective;No;No;No;No;No;No;0.0;-7.99;0.2;-8.18;0.32;-8.11;0.38;-8.17;0.41;-8.21;0.43;-8.17;0.44;-8.15;0.44;-8.17;CACC
1774;17.8;23.8;0.7;5;100;8;Successful;Effective;No;No;No;No;No;No;0.0;-8.0;0.25;-8.22;0.39;-8.26;0.47;-8.21;0.51;-8.28;0.54;-8.27;0.55;-8.25;0.55;-8.26;CACC
1775;17.8;23.8;0.7;8;100;8;Successful;Effective;No;No;No;No;No;No;0.0;-8.0;0.25;-8.22;0.39;-8.26;0.47;-8.21;0.51;-8.28;0.54;-8.27;0.55;-8.25;0.55;-8.26;CACC
1776;17.8;23.8;0.7;10;100;8;Successful;Effective;No;No;No;No;No;No;0.0;-8.0;0.25;-8.22;0.39;-8.26;0.47;-8.21;0.51;-8.28;0.54;-8.27;0.55;-8.25;0.55;-8.26;CACC
1777;17.8;23.8;0.8;5;80;5;Successful;Effective;No;No;No;No;No;No;0.0;-5.0;0.2;-5.16;0.32;-5.21;0.38;-5.2;0.41;-5.19;0.43;-5.21;0.44;-5.2;0.44;-5.2;CACC
1778;17.8;23.8;0.8;8;80;5;Successful;Effective;No;No;No;No;No;No;0.0;-5.0;0.2;-5.16;0.32;-5.21;0.38;-5.2;0.41;-5.19;0.43;-5.21;0.44;-5.2;0.44;-5.2;CACC
1779;17.8;23.8;0.8;10;80;5;Successful;Effective;No;No;No;No;No;No;0.0;-5.0;0.2;-5.16;0.32;-5.21;0.38;-5.2;0.41;-5.19;0.43;-5.21;0.44;-5.2;0.44;-5.2;CACC
1780;17.8;23.8;0.8;5;100;5;Successful;Effective;No;No;No;No;No;No;0.0;-5.0;0.25;-5.16;0.39;-5.21;0.47;-5.24;0.51;-5.23;0.54;-5.23;0.55;-5.24;0.55;-5.24;CACC
1781;17.8;23.8;0.8;8;100;5;Successful;Effective;No;No;No;No;No;No;0.0;-5.0;0.25;-5.16;0.39;-5.21;0.47;-5.24;0.51;-5.23;0.54;-5.23;0.55;-5.24;0.55;-5.24;CACC
1782;17.8;23.8;0.8;10;100;5;Successful;Effective;No;No;No;No;No;No;0.0;-5.0;0.25;-5.16;0.39;-5.21;0.47;-5.24;0.51;-5.23;0.54;-5.23;0.55;-5.24;0.55;-5.24;CACC
1783;17.8;23.8;0.8;5;80;6;Successful;Effective;No;No;No;No;No;No;0.0;-6.0;0.2;-6.19;0.32;-6.21;0.38;-6.14;0.41;-6.21;0.43;-6.2;0.44;-6.19;0.44;-6.19;CACC
1784;17.8;23.8;0.8;8;80;6;Successful;Effective;No;No;No;No;No;No;0.0;-6.0;0.2;-6.19;0.32;-6.21;0.38;-6.14;0.41;-6.21;0.43;-6.2;0.44;-6.19;0.44;-6.19;CACC
1785;17.8;23.8;0.8;10;80;6;Successful;Effective;No;No;No;No;No;No;0.0;-6.0;0.2;-6.19;0.32;-6.21;0.38;-6.14;0.41;-6.21;0.43;-6.2;0.44;-6.19;0.44;-6.19;CACC
1786;17.8;23.8;0.8;5;100;6;Successful;Effective;No;No;No;No;No;No;0.0;-6.0;0.25;-6.19;0.39;-6.25;0.47;-6.25;0.51;-6.23;0.54;-6.25;0.55;-6.25;0.55;-6.25;CACC
1787;17.8;23.8;0.8;8;100;6;Successful;Effective;No;No;No;No;No;No;0.0;-6.0;0.25;-6.19;0.39;-6.25;0.47;-6.25;0.51;-6.23;0.54;-6.25;0.55;-6.25;0.55;-6.25;CACC
1788;17.8;23.8;0.8;10;100;6;Successful;Effective;No;No;No;No;No;No;0.0;-6.0;0.25;-6.19;0.39;-6.25;0.47;-6.25;0.51;-6.23;0.54;-6.25;0.55;-6.25;0.55;-6.25;CACC
1789;17.8;23.8;0.8;5;80;7;Successful;Effective;No;No;No;No;No;No;0.0;-7.0;0.2;-7.2;0.32;-7.12;0.38;-7.15;0.41;-7.2;0.43;-7.17;0.44;-7.16;0.44;-7.17;CACC
1790;17.8;23.8;0.8;8;80;7;Successful;Effective;No;No;No;No;No;No;0.0;-7.0;0.2;-7.2;0.32;-7.12;0.38;-7.15;0.41;-7.2;0.43;-7.17;0.44;-7.16;0.44;-7.17;CACC
1791;17.8;23.8;0.8;10;80;7;Successful;Effective;No;No;No;No;No;No;0.0;-7.0;0.2;-7.2;0.32;-7.12;0.38;-7.15;0.41;-7.2;0.43;-7.17;0.44;-7.16;0.44;-7.17;CACC
1792;17.8;23.8;0.8;5;100;7;Successful;Effective;No;No;No;No;No;No;0.0;-7.0;0.25;-7.22;0.39;-7.27;0.47;-7.2;0.51;-7.26;0.54;-7.26;0.55;-7.25;0.55;-7.25;CACC
1793;17.8;23.8;0.8;8;100;7;Successful;Effective;No;No;No;No;No;No;0.0;-7.0;0.25;-7.22;0.39;-7.27;0.47;-7.2;0.51;-7.26;0.54;-7.26;0.55;-7.25;0.55;-7.25;CACC
1794;17.8;23.8;0.8;10;100;7;Successful;Effective;No;No;No;No;No;No;0.0;-7.0;0.25;-7.22;0.39;-7.27;0.47;-7.2;0.51;-7.26;0.54;-7.26;0.55;-7.25;0.55;-7.25;CACC
1795;17.8;23.8;0.8;5;80;8;Successful;Effective;No;No;No;No;No;No;0.0;-7.99;0.2;-8.17;0.32;-7.99;0.38;-8.14;0.41;-8.16;0.43;-8.11;0.44;-8.1;0.44;-8.12;CACC
1796;17.8;23.8;0.8;8;80;8;Successful;Effective;No;No;No;No;No;No;0.0;-7.99;0.2;-8.17;0.32;-7.99;0.38;-8.14;0.41;-8.16;0.43;-8.11;0.44;-8.1;0.44;-8.12;CACC
1797;17.8;23.8;0.8;10;80;8;Successful;Effective;No;No;No;No;No;No;0.0;-7.99;0.2;-8.17;0.32;-7.99;0.38;-8.14;0.41;-8.16;0.43;-8.11;0.44;-8.1;0.44;-8.12;CACC
1798;17.8;23.8;0.8;5;100;8;Successful;Effective;No;No;No;No;No;No;0.0;-8.0;0.25;-8.25;0.39;-8.23;0.47;-8.18;0.51;-8.26;0.54;-8.23;0.55;-8.22;0.55;-8.22;CACC
1799;17.8;23.8;0.8;8;100;8;Successful;Effective;No;No;No;No;No;No;0.0;-8.0;0.25;-8.25;0.39;-8.23;0.47;-8.18;0.51;-8.26;0.54;-8.23;0.55;-8.22;0.55;-8.22;CACC
1800;17.8;23.8;0.8;10;100;8;Successful;Effective;No;No;No;No;No;No;0.0;-8.0;0.25;-8.25;0.39;-8.23;0.47;-8.18;0.51;-8.26;0.54;-8.23;0.55;-8.22;0.55;-8.22;CACC
1801;17.8;23.8;0.9;5;80;5;Successful;Effective;No;No;No;No;No;No;0.0;-5.0;0.2;-5.18;0.32;-5.23;0.38;-5.15;0.41;-5.19;0.43;-5.2;0.44;-5.2;0.44;-5.19;CACC
1802;17.8;23.8;0.9;8;80;5;Successful;Effective;No;No;No;No;No;No;0.0;-5.0;0.2;-5.18;0.32;-5.23;0.38;-5.15;0.41;-5.19;0.43;-5.2;0.44;-5.2;0.44;-5.19;CACC
1803;17.8;23.8;0.9;10;80;5;Successful;Effective;No;No;No;No;No;No;0.0;-5.0;0.2;-5.18;0.32;-5.23;0.38;-5.15;0.41;-5.19;0.43;-5.2;0.44;-5.2;0.44;-5.19;CACC
1804;17.8;23.8;0.9;5;100;5;Successful;Effective;No;No;No;No;No;No;0.0;-5.0;0.25;-5.19;0.39;-5.24;0.47;-5.26;0.51;-5.21;0.54;-5.23;0.55;-5.24;0.55;-5.24;CACC
1805;17.8;23.8;0.9;8;100;5;Successful;Effective;No;No;No;No;No;No;0.0;-5.0;0.25;-5.19;0.39;-5.24;0.47;-5.26;0.51;-5.21;0.54;-5.23;0.55;-5.24;0.55;-5.24;CACC
1806;17.8;23.8;0.9;10;100;5;Successful;Effective;No;No;No;No;No;No;0.0;-5.0;0.25;-5.19;0.39;-5.24;0.47;-5.26;0.51;-5.21;0.54;-5.23;0.55;-5.24;0.55;-5.24;CACC
1807;17.8;23.8;0.9;5;80;6;Successful;Effective;No;No;No;No;No;No;0.0;-6.0;0.2;-6.22;0.32;-6.17;0.38;-6.13;0.41;-6.2;0.43;-6.18;0.44;-6.16;0.44;-6.16;CACC
1808;17.8;23.8;0.9;8;80;6;Successful;Effective;No;No;No;No;No;No;0.0;-6.0;0.2;-6.22;0.32;-6.17;0.38;-6.13;0.41;-6.2;0.43;-6.18;0.44;-6.16;0.44;-6.16;CACC
1809;17.8;23.8;0.9;10;80;6;Successful;Effective;No;No;No;No;No;No;0.0;-6.0;0.2;-6.22;0.32;-6.17;0.38;-6.13;0.41;-6.2;0.43;-6.18;0.44;-6.16;0.44;-6.16;CACC
1810;17.8;23.8;0.9;5;100;6;Successful;Effective;No;No;No;No;No;No;0.0;-6.0;0.25;-6.22;0.39;-6.28;0.47;-6.21;0.51;-6.23;0.54;-6.25;0.55;-6.25;0.55;-6.24;CACC
1811;17.8;23.8;0.9;8;100;6;Successful;Effective;No;No;No;No;No;No;0.0;-6.0;0.25;-6.22;0.39;-6.28;0.47;-6.21;0.51;-6.23;0.54;-6.25;0.55;-6.25;0.55;-6.24;CACC
1812;17.8;23.8;0.9;10;100;6;Successful;Effective;No;No;No;No;No;No;0.0;-6.0;0.25;-6.22;0.39;-6.28;0.47;-6.21;0.51;-6.23;0.54;-6.25;0.55;-6.25;0.55;-6.24;CACC
1813;17.8;23.8;0.9;5;80;7;Successful;Effective;No;No;No;No;No;No;0.0;-7.0;0.2;-7.21;0.32;-6.97;0.38;-7.14;0.41;-7.16;0.43;-7.13;0.44;-7.11;0.44;-7.13;CACC
1814;17.8;23.8;0.9;8;80;7;Successful;Effective;No;No;No;No;No;No;0.0;-7.0;0.2;-7.21;0.32;-6.97;0.38;-7.14;0.41;-7.16;0.43;-7.13;0.44;-7.11;0.44;-7.13;CACC
1815;17.8;23.8;0.9;10;80;7;Successful;Effective;No;No;No;No;No;No;0.0;-7.0;0.2;-7.21;0.32;-6.97;0.38;-7.14;0.41;-7.16;0.43;-7.13;0.44;-7.11;0.44;-7.13;CACC
1816;17.8;23.8;0.9;5;100;7;Successful;Effective;No;No;No;No;No;No;0.0;-7.0;0.25;-7.26;0.39;-7.26;0.47;-7.16;0.51;-7.25;0.54;-7.23;0.55;-7.22;0.55;-7.22;CACC
1817;17.8;23.8;0.9;8;100;7;Successful;Effective;No;No;No;No;No;No;0.0;-7.0;0.25;-7.26;0.39;-7.26;0.47;-7.16;0.51;-7.25;0.54;-7.23;0.55;-7.22;0.55;-7.22;CACC
1818;17.8;23.8;0.9;10;100;7;Successful;Effective;No;No;No;No;No;No;0.0;-7.0;0.25;-7.26;0.39;-7.26;0.47;-7.16;0.51;-7.25;0.54;-7.23;0.55;-7.22;0.55;-7.22;CACC
1819;17.8;23.8;0.9;5;80;8;Successful;Effective;No;No;No;No;No;No;0.0;-7.99;0.2;-8.13;0.32;-7.96;0.38;-8.11;0.41;-8.11;0.43;-8.06;0.44;-8.05;0.44;-8.07;CACC
1820;17.8;23.8;0.9;8;80;8;Successful;Effective;No;No;No;No;No;No;0.0;-7.99;0.2;-8.13;0.32;-7.96;0.38;-8.11;0.41;-8.11;0.43;-8.06;0.44;-8.05;0.44;-8.07;CACC
1821;17.8;23.8;0.9;10;80;8;Successful;Effective;No;No;No;No;No;No;0.0;-7.99;0.2;-8.13;0.32;-7.96;0.38;-8.11;0.41;-8.11;0.43;-8.06;0.44;-8.05;0.44;-8.07;CACC
1822;17.8;23.8;0.9;5;100;8;Successful;Effective;No;No;No;No;No;No;0.0;-8.0;0.25;-8.28;0.39;-8.13;0.47;-8.17;0.51;-8.24;0.54;-8.21;0.55;-8.19;0.55;-8.2;CACC
1823;17.8;23.8;0.9;8;100;8;Successful;Effective;No;No;No;No;No;No;0.0;-8.0;0.25;-8.28;0.39;-8.13;0.47;-8.17;0.51;-8.24;0.54;-8.21;0.55;-8.19;0.55;-8.2;CACC
1824;17.8;23.8;0.9;10;100;8;Successful;Effective;No;No;No;No;No;No;0.0;-8.0;0.25;-8.28;0.39;-8.13;0.47;-8.17;0.51;-8.24;0.54;-8.21;0.55;-8.19;0.55;-8.2;CACC
1825;17.9;23.9;0.6;5;80;5;Successful;Effective;No;No;No;No;No;No;0.0;-5.0;0.2;-5.11;0.32;-5.16;0.38;-5.19;0.41;-5.2;0.43;-5.2;0.44;-5.2;0.44;-5.2;CACC
1826;17.9;23.9;0.6;8;80;5;Successful;Effective;No;No;No;No;No;No;0.0;-5.0;0.2;-5.11;0.32;-5.16;0.38;-5.19;0.41;-5.2;0.43;-5.2;0.44;-5.2;0.44;-5.2;CACC
1827;17.9;23.9;0.6;10;80;5;Successful;Effective;No;No;No;No;No;No;0.0;-5.0;0.2;-5.11;0.32;-5.16;0.38;-5.19;0.41;-5.2;0.43;-5.2;0.44;-5.2;0.44;-5.2;CACC
1828;17.9;23.9;0.6;5;100;5;Successful;Effective;No;No;No;No;No;No;0.0;-5.0;0.25;-5.12;0.39;-5.17;0.47;-5.2;0.51;-5.21;0.54;-5.22;0.55;-5.22;0.55;-5.22;CACC
1829;17.9;23.9;0.6;8;100;5;Successful;Effective;No;No;No;No;No;No;0.0;-5.0;0.25;-5.12;0.39;-5.17;0.47;-5.2;0.51;-5.21;0.54;-5.22;0.55;-5.22;0.55;-5.22;CACC
1830;17.9;23.9;0.6;10;100;5;Successful;Effective;No;No;No;No;No;No;0.0;-5.0;0.25;-5.12;0.39;-5.17;0.47;-5.2;0.51;-5.21;0.54;-5.22;0.55;-5.22;0.55;-5.22;CACC
1831;17.9;23.9;0.6;5;80;6;Successful;Effective;No;No;No;No;No;No;0.0;-6.0;0.2;-6.13;0.32;-6.19;0.38;-6.21;0.41;-6.22;0.43;-6.22;0.44;-6.21;0.44;-6.22;CACC
1832;17.9;23.9;0.6;8;80;6;Successful;Effective;No;No;No;No;No;No;0.0;-6.0;0.2;-6.13;0.32;-6.19;0.38;-6.21;0.41;-6.22;0.43;-6.22;0.44;-6.21;0.44;-6.22;CACC
1833;17.9;23.9;0.6;10;80;6;Successful;Effective;No;No;No;No;No;No;0.0;-6.0;0.2;-6.13;0.32;-6.19;0.38;-6.21;0.41;-6.22;0.43;-6.22;0.44;-6.21;0.44;-6.22;CACC
1834;17.9;23.9;0.6;5;100;6;Successful;Effective;No;No;No;No;No;No;0.0;-6.0;0.25;-6.14;0.39;-6.19;0.47;-6.23;0.51;-6.24;0.54;-6.24;0.55;-6.24;0.55;-6.25;CACC
1835;17.9;23.9;0.6;8;100;6;Successful;Effective;No;No;No;No;No;No;0.0;-6.0;0.25;-6.14;0.39;-6.19;0.47;-6.23;0.51;-6.24;0.54;-6.24;0.55;-6.24;0.55;-6.25;CACC
1836;17.9;23.9;0.6;10;100;6;Successful;Effective;No;No;No;No;No;No;0.0;-6.0;0.25;-6.14;0.39;-6.19;0.47;-6.23;0.51;-6.24;0.54;-6.24;0.55;-6.24;0.55;-6.25;CACC
1837;17.9;23.9;0.6;5;80;7;Successful;Effective;No;No;No;No;No;No;0.0;-7.0;0.2;-7.15;0.32;-7.2;0.38;-7.2;0.41;-7.24;0.43;-7.22;0.44;-7.21;0.44;-7.22;CACC
1838;17.9;23.9;0.6;8;80;7;Successful;Effective;No;No;No;No;No;No;0.0;-7.0;0.2;-7.15;0.32;-7.2;0.38;-7.2;0.41;-7.24;0.43;-7.22;0.44;-7.21;0.44;-7.22;CACC
1839;17.9;23.9;0.6;10;80;7;Successful;Effective;No;No;No;No;No;No;0.0;-7.0;0.2;-7.15;0.32;-7.2;0.38;-7.2;0.41;-7.24;0.43;-7.22;0.44;-7.21;0.44;-7.22;CACC
1840;17.9;23.9;0.6;5;100;7;Successful;Effective;No;No;No;No;No;No;0.0;-7.0;0.25;-7.15;0.39;-7.22;0.47;-7.25;0.51;-7.26;0.54;-7.26;0.55;-7.26;0.55;-7.26;CACC
1841;17.9;23.9;0.6;8;100;7;Successful;Effective;No;No;No;No;No;No;0.0;-7.0;0.25;-7.15;0.39;-7.22;0.47;-7.25;0.51;-7.26;0.54;-7.26;0.55;-7.26;0.55;-7.26;CACC
1842;17.9;23.9;0.6;10;100;7;Successful;Effective;No;No;No;No;No;No;0.0;-7.0;0.25;-7.15;0.39;-7.22;0.47;-7.25;0.51;-7.26;0.54;-7.26;0.55;-7.26;0.55;-7.26;CACC
1843;17.9;23.9;0.6;5;80;8;Successful;Effective;No;No;No;No;No;No;0.0;-7.99;0.2;-8.16;0.32;-8.18;0.38;-8.2;0.41;-8.24;0.43;-8.21;0.44;-8.19;0.44;-8.21;CACC
1844;17.9;23.9;0.6;8;80;8;Successful;Effective;No;No;No;No;No;No;0.0;-7.99;0.2;-8.16;0.32;-8.18;0.38;-8.2;0.41;-8.24;0.43;-8.21;0.44;-8.19;0.44;-8.21;CACC
1845;17.9;23.9;0.6;10;80;8;Successful;Effective;No;No;No;No;No;No;0.0;-7.99;0.2;-8.16;0.32;-8.18;0.38;-8.2;0.41;-8.24;0.43;-8.21;0.44;-8.19;0.44;-8.21;CACC
1846;17.9;23.9;0.6;5;100;8;Successful;Effective;No;No;No;No;No;No;0.0;-8.0;0.25;-8.17;0.39;-8.24;0.47;-8.26;0.51;-8.28;0.54;-8.28;0.55;-8.27;0.55;-8.27;CACC
1847;17.9;23.9;0.6;8;100;8;Successful;Effective;No;No;No;No;No;No;0.0;-8.0;0.25;-8.17;0.39;-8.24;0.47;-8.26;0.51;-8.28;0.54;-8.28;0.55;-8.27;0.55;-8.27;CACC
1848;17.9;23.9;0.6;10;100;8;Successful;Effective;No;No;No;No;No;No;0.0;-8.0;0.25;-8.17;0.39;-8.24;0.47;-8.26;0.51;-8.28;0.54;-8.28;0.55;-8.27;0.55;-8.27;CACC
1849;17.9;23.9;0.7;5;80;5;Successful;Effective;No;No;No;No;No;No;0.0;-5.0;0.2;-5.12;0.32;-5.17;0.38;-5.19;0.41;-5.19;0.43;-5.2;0.44;-5.2;0.44;-5.2;CACC
1850;17.9;23.9;0.7;8;80;5;Successful;Effective;No;No;No;No;No;No;0.0;-5.0;0.2;-5.12;0.32;-5.17;0.38;-5.19;0.41;-5.19;0.43;-5.2;0.44;-5.2;0.44;-5.2;CACC
1851;17.9;23.9;0.7;10;80;5;Successful;Effective;No;No;No;No;No;No;0.0;-5.0;0.2;-5.12;0.32;-5.17;0.38;-5.19;0.41;-5.19;0.43;-5.2;0.44;-5.2;0.44;-5.2;CACC
1852;17.9;23.9;0.7;5;100;5;Successful;Effective;No;No;No;No;No;No;0.0;-5.0;0.25;-5.13;0.39;-5.18;0.47;-5.2;0.51;-5.21;0.54;-5.22;0.55;-5.22;0.55;-5.22;CACC
1853;17.9;23.9;0.7;8;100;5;Successful;Effective;No;No;No;No;No;No;0.0;-5.0;0.25;-5.13;0.39;-5.18;0.47;-5.2;0.51;-5.21;0.54;-5.22;0.55;-5.22;0.55;-5.22;CACC
1854;17.9;23.9;0.7;10;100;5;Successful;Effective;No;No;No;No;No;No;0.0;-5.0;0.25;-5.13;0.39;-5.18;0.47;-5.2;0.51;-5.21;0.54;-5.22;0.55;-5.22;0.55;-5.22;CACC
1855;17.9;23.9;0.7;5;80;6;Successful;Effective;No;No;No;No;No;No;0.0;-6.0;0.2;-6.15;0.32;-6.19;0.38;-6.18;0.41;-6.21;0.43;-6.21;0.44;-6.2;0.44;-6.2;CACC
1856;17.9;23.9;0.7;8;80;6;Successful;Effective;No;No;No;No;No;No;0.0;-6.0;0.2;-6.15;0.32;-6.19;0.38;-6.18;0.41;-6.21;0.43;-6.21;0.44;-6.2;0.44;-6.2;CACC
1857;17.9;23.9;0.7;10;80;6;Successful;Effective;No;No;No;No;No;No;0.0;-6.0;0.2;-6.15;0.32;-6.19;0.38;-6.18;0.41;-6.21;0.43;-6.21;0.44;-6.2;0.44;-6.2;CACC
1858;17.9;23.9;0.7;5;100;6;Successful;Effective;No;No;No;No;No;No;0.0;-6.0;0.25;-6.15;0.39;-6.2;0.47;-6.23;0.51;-6.23;0.54;-6.24;0.55;-6.25;0.55;-6.25;CACC
1859;17.9;23.9;0.7;8;100;6;Successful;Effective;No;No;No;No;No;No;0.0;-6.0;0.25;-6.15;0.39;-6.2;0.47;-6.23;0.51;-6.23;0.54;-6.24;0.55;-6.25;0.55;-6.25;CACC
1860;17.9;23.9;0.7;10;100;6;Successful;Effective;No;No;No;No;No;No;0.0;-6.0;0.25;-6.15;0.39;-6.2;0.47;-6.23;0.51;-6.23;0.54;-6.24;0.55;-6.25;0.55;-6.25;CACC
1861;17.9;23.9;0.7;5;80;7;Successful;Effective;No;No;No;No;No;No;0.0;-7.0;0.2;-7.17;0.32;-7.17;0.38;-7.17;0.41;-7.22;0.43;-7.2;0.44;-7.19;0.44;-7.19;CACC
1862;17.9;23.9;0.7;8;80;7;Successful;Effective;No;No;No;No;No;No;0.0;-7.0;0.2;-7.17;0.32;-7.17;0.38;-7.17;0.41;-7.22;0.43;-7.2;0.44;-7.19;0.44;-7.19;CACC
1863;17.9;23.9;0.7;10;80;7;Successful;Effective;No;No;No;No;No;No;0.0;-7.0;0.2;-7.17;0.32;-7.17;0.38;-7.17;0.41;-7.22;0.43;-7.2;0.44;-7.19;0.44;-7.19;CACC
1864;17.9;23.9;0.7;5;100;7;Successful;Effective;No;No;No;No;No;No;0.0;-7.0;0.25;-7.17;0.39;-7.23;0.47;-7.23;0.51;-7.26;0.54;-7.26;0.55;-7.25;0.55;-7.25;CACC
1865;17.9;23.9;0.7;8;100;7;Successful;Effective;No;No;No;No;No;No;0.0;-7.0;0.25;-7.17;0.39;-7.23;0.47;-7.23;0.51;-7.26;0.54;-7.26;0.55;-7.25;0.55;-7.25;CACC
1866;17.9;23.9;0.7;10;100;7;Successful;Effective;No;No;No;No;No;No;0.0;-7.0;0.25;-7.17;0.39;-7.23;0.47;-7.23;0.51;-7.26;0.54;-7.26;0.55;-7.25;0.55;-7.25;CACC
1867;17.9;23.9;0.7;5;80;8;Successful;Effective;No;No;No;No;No;No;0.0;-7.99;0.2;-8.15;0.32;-8.09;0.38;-8.19;0.41;-8.21;0.43;-8.18;0.44;-8.16;0.44;-8.18;CACC
1868;17.9;23.9;0.7;8;80;8;Successful;Effective;No;No;No;No;No;No;0.0;-7.99;0.2;-8.15;0.32;-8.09;0.38;-8.19;0.41;-8.21;0.43;-8.18;0.44;-8.16;0.44;-8.18;CACC
1869;17.9;23.9;0.7;10;80;8;Successful;Effective;No;No;No;No;No;No;0.0;-7.99;0.2;-8.15;0.32;-8.09;0.38;-8.19;0.41;-8.21;0.43;-8.18;0.44;-8.16;0.44;-8.18;CACC
1870;17.9;23.9;0.7;5;100;8;Successful;Effective;No;No;No;No;No;No;0.0;-8.0;0.25;-8.19;0.39;-8.23;0.47;-8.2;0.51;-8.28;0.54;-8.26;0.55;-8.25;0.55;-8.25;CACC
1871;17.9;23.9;0.7;8;100;8;Successful;Effective;No;No;No;No;No;No;0.0;-8.0;0.25;-8.19;0.39;-8.23;0.47;-8.2;0.51;-8.28;0.54;-8.26;0.55;-8.25;0.55;-8.25;CACC
1872;17.9;23.9;0.7;10;100;8;Successful;Effective;No;No;No;No;No;No;0.0;-8.0;0.25;-8.19;0.39;-8.23;0.47;-8.2;0.51;-8.28;0.54;-8.26;0.55;-8.25;0.55;-8.25;CACC
1873;17.9;23.9;0.8;5;80;5;Successful;Effective;No;No;No;No;No;No;0.0;-5.0;0.2;-5.14;0.32;-5.18;0.38;-5.17;0.41;-5.19;0.43;-5.2;0.44;-5.19;0.44;-5.19;CACC
1874;17.9;23.9;0.8;8;80;5;Successful;Effective;No;No;No;No;No;No;0.0;-5.0;0.2;-5.14;0.32;-5.18;0.38;-5.17;0.41;-5.19;0.43;-5.2;0.44;-5.19;0.44;-5.19;CACC
1875;17.9;23.9;0.8;10;80;5;Successful;Effective;No;No;No;No;No;No;0.0;-5.0;0.2;-5.14;0.32;-5.18;0.38;-5.17;0.41;-5.19;0.43;-5.2;0.44;-5.19;0.44;-5.19;CACC
1876;17.9;23.9;0.8;5;100;5;Successful;Effective;No;No;No;No;No;No;0.0;-5.0;0.25;-5.14;0.39;-5.19;0.47;-5.21;0.51;-5.21;0.54;-5.22;0.55;-5.23;0.55;-5.23;CACC
1877;17.9;23.9;0.8;8;100;5;Successful;Effective;No;No;No;No;No;No;0.0;-5.0;0.25;-5.14;0.39;-5.19;0.47;-5.21;0.51;-5.21;0.54;-5.22;0.55;-5.23;0.55;-5.23;CACC
1878;17.9;23.9;0.8;10;100;5;Successful;Effective;No;No;No;No;No;No;0.0;-5.0;0.25;-5.14;0.39;-5.19;0.47;-5.21;0.51;-5.21;0.54;-5.22;0.55;-5.23;0.55;-5.23;CACC
1879;17.9;23.9;0.8;5;80;6;Successful;Effective;No;No;No;No;No;No;0.0;-6.0;0.2;-6.17;0.32;-6.18;0.38;-6.15;0.41;-6.21;0.43;-6.19;0.44;-6.18;0.44;-6.19;CACC
1880;17.9;23.9;0.8;8;80;6;Successful;Effective;No;No;No;No;No;No;0.0;-6.0;0.2;-6.17;0.32;-6.18;0.38;-6.15;0.41;-6.21;0.43;-6.19;0.44;-6.18;0.44;-6.19;CACC
1881;17.9;23.9;0.8;10;80;6;Successful;Effective;No;No;No;No;No;No;0.0;-6.0;0.2;-6.17;0.32;-6.18;0.38;-6.15;0.41;-6.21;0.43;-6.19;0.44;-6.18;0.44;-6.19;CACC
1882;17.9;23.9;0.8;5;100;6;Successful;Effective;No;No;No;No;No;No;0.0;-6.0;0.25;-6.17;0.39;-6.22;0.47;-6.22;0.51;-6.23;0.54;-6.24;0.55;-6.24;0.55;-6.24;CACC
1883;17.9;23.9;0.8;8;100;6;Successful;Effective;No;No;No;No;No;No;0.0;-6.0;0.25;-6.17;0.39;-6.22;0.47;-6.22;0.51;-6.23;0.54;-6.24;0.55;-6.24;0.55;-6.24;CACC
1884;17.9;23.9;0.8;10;100;6;Successful;Effective;No;No;No;No;No;No;0.0;-6.0;0.25;-6.17;0.39;-6.22;0.47;-6.22;0.51;-6.23;0.54;-6.24;0.55;-6.24;0.55;-6.24;CACC
1885;17.9;23.9;0.8;5;80;7;Successful;Effective;No;No;No;No;No;No;0.0;-7.0;0.2;-7.17;0.32;-7.09;0.38;-7.17;0.41;-7.2;0.43;-7.18;0.44;-7.16;0.44;-7.17;CACC
1886;17.9;23.9;0.8;8;80;7;Successful;Effective;No;No;No;No;No;No;0.0;-7.0;0.2;-7.17;0.32;-7.09;0.38;-7.17;0.41;-7.2;0.43;-7.18;0.44;-7.16;0.44;-7.17;CACC
1887;17.9;23.9;0.8;10;80;7;Successful;Effective;No;No;No;No;No;No;0.0;-7.0;0.2;-7.17;0.32;-7.09;0.38;-7.17;0.41;-7.2;0.43;-7.18;0.44;-7.16;0.44;-7.17;CACC
1888;17.9;23.9;0.8;5;100;7;Successful;Effective;No;No;No;No;No;No;0.0;-7.0;0.25;-7.19;0.39;-7.24;0.47;-7.18;0.51;-7.25;0.54;-7.25;0.55;-7.24;0.55;-7.24;CACC
1889;17.9;23.9;0.8;8;100;7;Successful;Effective;No;No;No;No;No;No;0.0;-7.0;0.25;-7.19;0.39;-7.24;0.47;-7.18;0.51;-7.25;0.54;-7.25;0.55;-7.24;0.55;-7.24;CACC
1890;17.9;23.9;0.8;10;100;7;Successful;Effective;No;No;No;No;No;No;0.0;-7.0;0.25;-7.19;0.39;-7.24;0.47;-7.18;0.51;-7.25;0.54;-7.25;0.55;-7.24;0.55;-7.24;CACC
1891;17.9;23.9;0.8;5;80;8;Successful;Effective;No;No;No;No;No;No;0.0;-7.99;0.2;-8.13;0.32;-8.03;0.38;-8.15;0.41;-8.16;0.43;-8.12;0.44;-8.11;0.44;-8.13;CACC
1892;17.9;23.9;0.8;8;80;8;Successful;Effective;No;No;No;No;No;No;0.0;-7.99;0.2;-8.13;0.32;-8.03;0.38;-8.15;0.41;-8.16;0.43;-8.12;0.44;-8.11;0.44;-8.13;CACC
1893;17.9;23.9;0.8;10;80;8;Successful;Effective;No;No;No;No;No;No;0.0;-7.99;0.2;-8.13;0.32;-8.03;0.38;-8.15;0.41;-8.16;0.43;-8.12;0.44;-8.11;0.44;-8.13;CACC
1894;17.9;23.9;0.8;5;100;8;Successful;Effective;No;No;No;No;No;No;0.0;-8.0;0.25;-8.22;0.39;-8.19;0.47;-8.19;0.51;-8.26;0.54;-8.23;0.55;-8.22;0.55;-8.22;CACC
1895;17.9;23.9;0.8;8;100;8;Successful;Effective;No;No;No;No;No;No;0.0;-8.0;0.25;-8.22;0.39;-8.19;0.47;-8.19;0.51;-8.26;0.54;-8.23;0.55;-8.22;0.55;-8.22;CACC
1896;17.9;23.9;0.8;10;100;8;Successful;Effective;No;No;No;No;No;No;0.0;-8.0;0.25;-8.22;0.39;-8.19;0.47;-8.19;0.51;-8.26;0.54;-8.23;0.55;-8.22;0.55;-8.22;CACC
1897;17.9;23.9;0.9;5;80;5;Successful;Effective;No;No;No;No;No;No;0.0;-5.0;0.2;-5.16;0.32;-5.2;0.38;-5.13;0.41;-5.19;0.43;-5.19;0.44;-5.19;0.44;-5.19;CACC
1898;17.9;23.9;0.9;8;80;5;Successful;Effective;No;No;No;No;No;No;0.0;-5.0;0.2;-5.16;0.32;-5.2;0.38;-5.13;0.41;-5.19;0.43;-5.19;0.44;-5.19;0.44;-5.19;CACC
1899;17.9;23.9;0.9;10;80;5;Successful;Effective;No;No;No;No;No;No;0.0;-5.0;0.2;-5.16;0.32;-5.2;0.38;-5.13;0.41;-5.19;0.43;-5.19;0.44;-5.19;0.44;-5.19;CACC
1900;17.9;23.9;0.9;5;100;5;Successful;Effective;No;No;No;No;No;No;0.0;-5.0;0.25;-5.16;0.39;-5.21;0.47;-5.22;0.51;-5.2;0.54;-5.22;0.55;-5.23;0.55;-5.23;CACC
1901;17.9;23.9;0.9;8;100;5;Successful;Effective;No;No;No;No;No;No;0.0;-5.0;0.25;-5.16;0.39;-5.21;0.47;-5.22;0.51;-5.2;0.54;-5.22;0.55;-5.23;0.55;-5.23;CACC
1902;17.9;23.9;0.9;10;100;5;Successful;Effective;No;No;No;No;No;No;0.0;-5.0;0.25;-5.16;0.39;-5.21;0.47;-5.22;0.51;-5.2;0.54;-5.22;0.55;-5.23;0.55;-5.23;CACC
1903;17.9;23.9;0.9;5;80;6;Successful;Effective;No;No;No;No;No;No;0.0;-6.0;0.2;-6.19;0.32;-6.13;0.38;-6.14;0.41;-6.2;0.43;-6.18;0.44;-6.17;0.44;-6.17;CACC
1904;17.9;23.9;0.9;8;80;6;Successful;Effective;No;No;No;No;No;No;0.0;-6.0;0.2;-6.19;0.32;-6.13;0.38;-6.14;0.41;-6.2;0.43;-6.18;0.44;-6.17;0.44;-6.17;CACC
1905;17.9;23.9;0.9;10;80;6;Successful;Effective;No;No;No;No;No;No;0.0;-6.0;0.2;-6.19;0.32;-6.13;0.38;-6.14;0.41;-6.2;0.43;-6.18;0.44;-6.17;0.44;-6.17;CACC
1906;17.9;23.9;0.9;5;100;6;Successful;Effective;No;No;No;No;No;No;0.0;-6.0;0.25;-6.19;0.39;-6.24;0.47;-6.18;0.51;-6.23;0.54;-6.24;0.55;-6.24;0.55;-6.23;CACC
1907;17.9;23.9;0.9;8;100;6;Successful;Effective;No;No;No;No;No;No;0.0;-6.0;0.25;-6.19;0.39;-6.24;0.47;-6.18;0.51;-6.23;0.54;-6.24;0.55;-6.24;0.55;-6.23;CACC
1908;17.9;23.9;0.9;10;100;6;Successful;Effective;No;No;No;No;No;No;0.0;-6.0;0.25;-6.19;0.39;-6.24;0.47;-6.18;0.51;-6.23;0.54;-6.24;0.55;-6.24;0.55;-6.23;CACC
1909;17.9;23.9;0.9;5;80;7;Successful;Effective;No;No;No;No;No;No;0.0;-7.0;0.2;-7.17;0.32;-7.01;0.38;-7.14;0.41;-7.16;0.43;-7.13;0.44;-7.12;0.44;-7.13;CACC
1910;17.9;23.9;0.9;8;80;7;Successful;Effective;No;No;No;No;No;No;0.0;-7.0;0.2;-7.17;0.32;-7.01;0.38;-7.14;0.41;-7.16;0.43;-7.13;0.44;-7.12;0.44;-7.13;CACC
1911;17.9;23.9;0.9;10;80;7;Successful;Effective;No;No;No;No;No;No;0.0;-7.0;0.2;-7.17;0.32;-7.01;0.38;-7.14;0.41;-7.16;0.43;-7.13;0.44;-7.12;0.44;-7.13;CACC
1912;17.9;23.9;0.9;5;100;7;Successful;Effective;No;No;No;No;No;No;0.0;-7.0;0.25;-7.22;0.39;-7.21;0.47;-7.17;0.51;-7.24;0.54;-7.23;0.55;-7.22;0.55;-7.21;CACC
1913;17.9;23.9;0.9;8;100;7;Successful;Effective;No;No;No;No;No;No;0.0;-7.0;0.25;-7.22;0.39;-7.21;0.47;-7.17;0.51;-7.24;0.54;-7.23;0.55;-7.22;0.55;-7.21;CACC
1914;17.9;23.9;0.9;10;100;7;Successful;Effective;No;No;No;No;No;No;0.0;-7.0;0.25;-7.22;0.39;-7.21;0.47;-7.17;0.51;-7.24;0.54;-7.23;0.55;-7.22;0.55;-7.21;CACC
1915;17.9;23.9;0.9;5;80;8;Successful;Effective;No;No;No;No;No;No;0.0;-7.99;0.2;-8.08;0.32;-8.01;0.38;-8.13;0.41;-8.14;0.43;-8.09;0.44;-8.08;0.44;-8.1;CACC
1916;17.9;23.9;0.9;8;80;8;Successful;Effective;No;No;No;No;No;No;0.0;-7.99;0.2;-8.08;0.32;-8.01;0.38;-8.13;0.41;-8.14;0.43;-8.09;0.44;-8.08;0.44;-8.1;CACC
1917;17.9;23.9;0.9;10;80;8;Successful;Effective;No;No;No;No;No;No;0.0;-7.99;0.2;-8.08;0.32;-8.01;0.38;-8.13;0.41;-8.14;0.43;-8.09;0.44;-8.08;0.44;-8.1;CACC
1918;17.9;23.9;0.9;5;100;8;Successful;Effective;No;No;No;No;No;No;0.0;-8.0;0.25;-8.24;0.39;-8.09;0.47;-8.18;0.51;-8.23;0.54;-8.21;0.55;-8.19;0.55;-8.2;CACC
1919;17.9;23.9;0.9;8;100;8;Successful;Effective;No;No;No;No;No;No;0.0;-8.0;0.25;-8.24;0.39;-8.09;0.47;-8.18;0.51;-8.23;0.54;-8.21;0.55;-8.19;0.55;-8.2;CACC
1920;17.9;23.9;0.9;10;100;8;Successful;Effective;No;No;No;No;No;No;0.0;-8.0;0.25;-8.24;0.39;-8.09;0.47;-8.18;0.51;-8.23;0.54;-8.21;0.55;-8.19;0.55;-8.2;CACC
1921;18.0;24.0;0.6;5;80;5;Successful;Effective;No;No;No;No;No;No;0.0;-5.0;0.2;-5.1;0.32;-5.15;0.38;-5.18;0.41;-5.19;0.43;-5.19;0.44;-5.19;0.44;-5.2;CACC
1922;18.0;24.0;0.6;8;80;5;Successful;Effective;No;No;No;No;No;No;0.0;-5.0;0.2;-5.1;0.32;-5.15;0.38;-5.18;0.41;-5.19;0.43;-5.19;0.44;-5.19;0.44;-5.2;CACC
1923;18.0;24.0;0.6;10;80;5;Successful;Effective;No;No;No;No;No;No;0.0;-5.0;0.2;-5.1;0.32;-5.15;0.38;-5.18;0.41;-5.19;0.43;-5.19;0.44;-5.19;0.44;-5.2;CACC
1924;18.0;24.0;0.6;5;100;5;Successful;Effective;No;No;No;No;No;No;0.0;-5.0;0.25;-5.11;0.39;-5.16;0.47;-5.19;0.51;-5.21;0.54;-5.21;0.55;-5.21;0.55;-5.22;CACC
1925;18.0;24.0;0.6;8;100;5;Successful;Effective;No;No;No;No;No;No;0.0;-5.0;0.25;-5.11;0.39;-5.16;0.47;-5.19;0.51;-5.21;0.54;-5.21;0.55;-5.21;0.55;-5.22;CACC
1926;18.0;24.0;0.6;10;100;5;Successful;Effective;No;No;No;No;No;No;0.0;-5.0;0.25;-5.11;0.39;-5.16;0.47;-5.19;0.51;-5.21;0.54;-5.21;0.55;-5.21;0.55;-5.22;CACC
1927;18.0;24.0;0.6;5;80;6;Successful;Effective;No;No;No;No;No;No;0.0;-6.0;0.2;-6.12;0.32;-6.17;0.38;-6.2;0.41;-6.22;0.43;-6.21;0.44;-6.21;0.44;-6.21;CACC
1928;18.0;24.0;0.6;8;80;6;Successful;Effective;No;No;No;No;No;No;0.0;-6.0;0.2;-6.12;0.32;-6.17;0.38;-6.2;0.41;-6.22;0.43;-6.21;0.44;-6.21;0.44;-6.21;CACC
1929;18.0;24.0;0.6;10;80;6;Successful;Effective;No;No;No;No;No;No;0.0;-6.0;0.2;-6.12;0.32;-6.17;0.38;-6.2;0.41;-6.22;0.43;-6.21;0.44;-6.21;0.44;-6.21;CACC
1930;18.0;24.0;0.6;5;100;6;Successful;Effective;No;No;No;No;No;No;0.0;-6.0;0.25;-6.12;0.39;-6.18;0.47;-6.21;0.51;-6.23;0.54;-6.24;0.55;-6.24;0.55;-6.24;CACC
1931;18.0;24.0;0.6;8;100;6;Successful;Effective;No;No;No;No;No;No;0.0;-6.0;0.25;-6.12;0.39;-6.18;0.47;-6.21;0.51;-6.23;0.54;-6.24;0.55;-6.24;0.55;-6.24;CACC
1932;18.0;24.0;0.6;10;100;6;Successful;Effective;No;No;No;No;No;No;0.0;-6.0;0.25;-6.12;0.39;-6.18;0.47;-6.21;0.51;-6.23;0.54;-6.24;0.55;-6.24;0.55;-6.24;CACC
1933;18.0;24.0;0.6;5;80;7;Successful;Effective;No;No;No;No;No;No;0.0;-7.0;0.2;-7.14;0.32;-7.19;0.38;-7.19;0.41;-7.24;0.43;-7.22;0.44;-7.21;0.44;-7.22;CACC
1934;18.0;24.0;0.6;8;80;7;Successful;Effective;No;No;No;No;No;No;0.0;-7.0;0.2;-7.14;0.32;-7.19;0.38;-7.19;0.41;-7.24;0.43;-7.22;0.44;-7.21;0.44;-7.22;CACC
1935;18.0;24.0;0.6;10;80;7;Successful;Effective;No;No;No;No;No;No;0.0;-7.0;0.2;-7.14;0.32;-7.19;0.38;-7.19;0.41;-7.24;0.43;-7.22;0.44;-7.21;0.44;-7.22;CACC
1936;18.0;24.0;0.6;5;100;7;Successful;Effective;No;No;No;No;No;No;0.0;-7.0;0.25;-7.14;0.39;-7.21;0.47;-7.24;0.51;-7.26;0.54;-7.26;0.55;-7.26;0.55;-7.26;CACC
1937;18.0;24.0;0.6;8;100;7;Successful;Effective;No;No;No;No;No;No;0.0;-7.0;0.25;-7.14;0.39;-7.21;0.47;-7.24;0.51;-7.26;0.54;-7.26;0.55;-7.26;0.55;-7.26;CACC
1938;18.0;24.0;0.6;10;100;7;Successful;Effective;No;No;No;No;No;No;0.0;-7.0;0.25;-7.14;0.39;-7.21;0.47;-7.24;0.51;-7.26;0.54;-7.26;0.55;-7.26;0.55;-7.26;CACC
1939;18.0;24.0;0.6;5;80;8;Successful;Effective;No;No;No;No;No;No;0.0;-7.99;0.2;-8.14;0.32;-8.17;0.38;-8.21;0.41;-8.25;0.43;-8.21;0.44;-8.2;0.44;-8.21;CACC
1940;18.0;24.0;0.6;8;80;8;Successful;Effective;No;No;No;No;No;No;0.0;-7.99;0.2;-8.14;0.32;-8.17;0.38;-8.21;0.41;-8.25;0.43;-8.21;0.44;-8.2;0.44;-8.21;CACC
1941;18.0;24.0;0.6;10;80;8;Successful;Effective;No;No;No;No;No;No;0.0;-7.99;0.2;-8.14;0.32;-8.17;0.38;-8.21;0.41;-8.25;0.43;-8.21;0.44;-8.2;0.44;-8.21;CACC
1942;18.0;24.0;0.6;5;100;8;Successful;Effective;No;No;No;No;No;No;0.0;-8.0;0.25;-8.16;0.39;-8.23;0.47;-8.25;0.51;-8.28;0.54;-8.27;0.55;-8.26;0.55;-8.27;CACC
1943;18.0;24.0;0.6;8;100;8;Successful;Effective;No;No;No;No;No;No;0.0;-8.0;0.25;-8.16;0.39;-8.23;0.47;-8.25;0.51;-8.28;0.54;-8.27;0.55;-8.26;0.55;-8.27;CACC
1944;18.0;24.0;0.6;10;100;8;Successful;Effective;No;No;No;No;No;No;0.0;-8.0;0.25;-8.16;0.39;-8.23;0.47;-8.25;0.51;-8.28;0.54;-8.27;0.55;-8.26;0.55;-8.27;CACC
1945;18.0;24.0;0.7;5;80;5;Successful;Effective;No;No;No;No;No;No;0.0;-5.0;0.2;-5.11;0.32;-5.15;0.38;-5.17;0.41;-5.19;0.43;-5.19;0.44;-5.19;0.44;-5.19;CACC
1946;18.0;24.0;0.7;8;80;5;Successful;Effective;No;No;No;No;No;No;0.0;-5.0;0.2;-5.11;0.32;-5.15;0.38;-5.17;0.41;-5.19;0.43;-5.19;0.44;-5.19;0.44;-5.19;CACC
1947;18.0;24.0;0.7;10;80;5;Successful;Effective;No;No;No;No;No;No;0.0;-5.0;0.2;-5.11;0.32;-5.15;0.38;-5.17;0.41;-5.19;0.43;-5.19;0.44;-5.19;0.44;-5.19;CACC
1948;18.0;24.0;0.7;5;100;5;Successful;Effective;No;No;No;No;No;No;0.0;-5.0;0.25;-5.12;0.39;-5.16;0.47;-5.19;0.51;-5.2;0.54;-5.21;0.55;-5.22;0.55;-5.22;CACC
1949;18.0;24.0;0.7;8;100;5;Successful;Effective;No;No;No;No;No;No;0.0;-5.0;0.25;-5.12;0.39;-5.16;0.47;-5.19;0.51;-5.2;0.54;-5.21;0.55;-5.22;0.55;-5.22;CACC
1950;18.0;24.0;0.7;10;100;5;Successful;Effective;No;No;No;No;No;No;0.0;-5.0;0.25;-5.12;0.39;-5.16;0.47;-5.19;0.51;-5.2;0.54;-5.21;0.55;-5.22;0.55;-5.22;CACC
1951;18.0;24.0;0.7;5;80;6;Successful;Effective;No;No;No;No;No;No;0.0;-6.0;0.2;-6.13;0.32;-6.17;0.38;-6.17;0.41;-6.21;0.43;-6.21;0.44;-6.2;0.44;-6.2;CACC
1952;18.0;24.0;0.7;8;80;6;Successful;Effective;No;No;No;No;No;No;0.0;-6.0;0.2;-6.13;0.32;-6.17;0.38;-6.17;0.41;-6.21;0.43;-6.21;0.44;-6.2;0.44;-6.2;CACC
1953;18.0;24.0;0.7;10;80;6;Successful;Effective;No;No;No;No;No;No;0.0;-6.0;0.2;-6.13;0.32;-6.17;0.38;-6.17;0.41;-6.21;0.43;-6.21;0.44;-6.2;0.44;-6.2;CACC
1954;18.0;24.0;0.7;5;100;6;Successful;Effective;No;No;No;No;No;No;0.0;-6.0;0.25;-6.14;0.39;-6.19;0.47;-6.21;0.51;-6.23;0.54;-6.24;0.55;-6.24;0.55;-6.24;CACC
1955;18.0;24.0;0.7;8;100;6;Successful;Effective;No;No;No;No;No;No;0.0;-6.0;0.25;-6.14;0.39;-6.19;0.47;-6.21;0.51;-6.23;0.54;-6.24;0.55;-6.24;0.55;-6.24;CACC
1956;18.0;24.0;0.7;10;100;6;Successful;Effective;No;No;No;No;No;No;0.0;-6.0;0.25;-6.14;0.39;-6.19;0.47;-6.21;0.51;-6.23;0.54;-6.24;0.55;-6.24;0.55;-6.24;CACC
1957;18.0;24.0;0.7;5;80;7;Successful;Effective;No;No;No;No;No;No;0.0;-7.0;0.2;-7.15;0.32;-7.15;0.38;-7.18;0.41;-7.23;0.43;-7.2;0.44;-7.19;0.44;-7.2;CACC
1958;18.0;24.0;0.7;8;80;7;Successful;Effective;No;No;No;No;No;No;0.0;-7.0;0.2;-7.15;0.32;-7.15;0.38;-7.18;0.41;-7.23;0.43;-7.2;0.44;-7.19;0.44;-7.2;CACC
1959;18.0;24.0;0.7;10;80;7;Successful;Effective;No;No;No;No;No;No;0.0;-7.0;0.2;-7.15;0.32;-7.15;0.38;-7.18;0.41;-7.23;0.43;-7.2;0.44;-7.19;0.44;-7.2;CACC
1960;18.0;24.0;0.7;5;100;7;Successful;Effective;No;No;No;No;No;No;0.0;-7.0;0.25;-7.16;0.39;-7.21;0.47;-7.22;0.51;-7.25;0.54;-7.26;0.55;-7.25;0.55;-7.25;CACC
1961;18.0;24.0;0.7;8;100;7;Successful;Effective;No;No;No;No;No;No;0.0;-7.0;0.25;-7.16;0.39;-7.21;0.47;-7.22;0.51;-7.25;0.54;-7.26;0.55;-7.25;0.55;-7.25;CACC
1962;18.0;24.0;0.7;10;100;7;Successful;Effective;No;No;No;No;No;No;0.0;-7.0;0.25;-7.16;0.39;-7.21;0.47;-7.22;0.51;-7.25;0.54;-7.26;0.55;-7.25;0.55;-7.25;CACC
1963;18.0;24.0;0.7;5;80;8;Successful;Effective;No;No;No;No;No;No;0.0;-7.99;0.2;-8.13;0.32;-8.09;0.38;-8.2;0.41;-8.22;0.43;-8.18;0.44;-8.17;0.44;-8.19;CACC
1964;18.0;24.0;0.7;8;80;8;Successful;Effective;No;No;No;No;No;No;0.0;-7.99;0.2;-8.13;0.32;-8.09;0.38;-8.2;0.41;-8.22;0.43;-8.18;0.44;-8.17;0.44;-8.19;CACC
1965;18.0;24.0;0.7;10;80;8;Successful;Effective;No;No;No;No;No;No;0.0;-7.99;0.2;-8.13;0.32;-8.09;0.38;-8.2;0.41;-8.22;0.43;-8.18;0.44;-8.17;0.44;-8.19;CACC
1966;18.0;24.0;0.7;5;100;8;Successful;Effective;No;No;No;No;No;No;0.0;-8.0;0.25;-8.18;0.39;-8.21;0.47;-8.22;0.51;-8.28;0.54;-8.26;0.55;-8.25;0.55;-8.25;CACC
1967;18.0;24.0;0.7;8;100;8;Successful;Effective;No;No;No;No;No;No;0.0;-8.0;0.25;-8.18;0.39;-8.21;0.47;-8.22;0.51;-8.28;0.54;-8.26;0.55;-8.25;0.55;-8.25;CACC
1968;18.0;24.0;0.7;10;100;8;Successful;Effective;No;No;No;No;No;No;0.0;-8.0;0.25;-8.18;0.39;-8.21;0.47;-8.22;0.51;-8.28;0.54;-8.26;0.55;-8.25;0.55;-8.25;CACC
1969;18.0;24.0;0.8;5;80;5;Successful;Effective;No;No;No;No;No;No;0.0;-5.0;0.2;-5.12;0.32;-5.16;0.38;-5.16;0.41;-5.18;0.43;-5.19;0.44;-5.19;0.44;-5.19;CACC
1970;18.0;24.0;0.8;8;80;5;Successful;Effective;No;No;No;No;No;No;0.0;-5.0;0.2;-5.12;0.32;-5.16;0.38;-5.16;0.41;-5.18;0.43;-5.19;0.44;-5.19;0.44;-5.19;CACC
1971;18.0;24.0;0.8;10;80;5;Successful;Effective;No;No;No;No;No;No;0.0;-5.0;0.2;-5.12;0.32;-5.16;0.38;-5.16;0.41;-5.18;0.43;-5.19;0.44;-5.19;0.44;-5.19;CACC
1972;18.0;24.0;0.8;5;100;5;Successful;Effective;No;No;No;No;No;No;0.0;-5.0;0.25;-5.13;0.39;-5.17;0.47;-5.19;0.51;-5.2;0.54;-5.21;0.55;-5.22;0.55;-5.22;CACC
1973;18.0;24.0;0.8;8;100;5;Successful;Effective;No;No;No;No;No;No;0.0;-5.0;0.25;-5.13;0.39;-5.17;0.47;-5.19;0.51;-5.2;0.54;-5.21;0.55;-5.22;0.55;-5.22;CACC
1974;18.0;24.0;0.8;10;100;5;Successful;Effective;No;No;No;No;No;No;0.0;-5.0;0.25;-5.13;0.39;-5.17;0.47;-5.19;0.51;-5.2;0.54;-5.21;0.55;-5.22;0.55;-5.22;CACC
1975;18.0;24.0;0.8;5;80;6;Successful;Effective;No;No;No;No;No;No;0.0;-6.0;0.2;-6.15;0.32;-6.16;0.38;-6.16;0.41;-6.2;0.43;-6.19;0.44;-6.18;0.44;-6.18;CACC
1976;18.0;24.0;0.8;8;80;6;Successful;Effective;No;No;No;No;No;No;0.0;-6.0;0.2;-6.15;0.32;-6.16;0.38;-6.16;0.41;-6.2;0.43;-6.19;0.44;-6.18;0.44;-6.18;CACC
1977;18.0;24.0;0.8;10;80;6;Successful;Effective;No;No;No;No;No;No;0.0;-6.0;0.2;-6.15;0.32;-6.16;0.38;-6.16;0.41;-6.2;0.43;-6.19;0.44;-6.18;0.44;-6.18;CACC
1978;18.0;24.0;0.8;5;100;6;Successful;Effective;No;No;No;No;No;No;0.0;-6.0;0.25;-6.15;0.39;-6.2;0.47;-6.2;0.51;-6.22;0.54;-6.24;0.55;-6.23;0.55;-6.23;CACC
1979;18.0;24.0;0.8;8;100;6;Successful;Effective;No;No;No;No;No;No;0.0;-6.0;0.25;-6.15;0.39;-6.2;0.47;-6.2;0.51;-6.22;0.54;-6.24;0.55;-6.23;0.55;-6.23;CACC
1980;18.0;24.0;0.8;10;100;6;Successful;Effective;No;No;No;No;No;No;0.0;-6.0;0.25;-6.15;0.39;-6.2;0.47;-6.2;0.51;-6.22;0.54;-6.24;0.55;-6.23;0.55;-6.23;CACC
1981;18.0;24.0;0.8;5;80;7;Successful;Effective;No;No;No;No;No;No;0.0;-7.0;0.2;-7.15;0.32;-7.08;0.38;-7.18;0.41;-7.2;0.43;-7.18;0.44;-7.17;0.44;-7.18;CACC
1982;18.0;24.0;0.8;8;80;7;Successful;Effective;No;No;No;No;No;No;0.0;-7.0;0.2;-7.15;0.32;-7.08;0.38;-7.18;0.41;-7.2;0.43;-7.18;0.44;-7.17;0.44;-7.18;CACC
1983;18.0;24.0;0.8;10;80;7;Successful;Effective;No;No;No;No;No;No;0.0;-7.0;0.2;-7.15;0.32;-7.08;0.38;-7.18;0.41;-7.2;0.43;-7.18;0.44;-7.17;0.44;-7.18;CACC
1984;18.0;24.0;0.8;5;100;7;Successful;Effective;No;No;No;No;No;No;0.0;-7.0;0.25;-7.17;0.39;-7.21;0.47;-7.19;0.51;-7.25;0.54;-7.24;0.55;-7.24;0.55;-7.24;CACC
1985;18.0;24.0;0.8;8;100;7;Successful;Effective;No;No;No;No;No;No;0.0;-7.0;0.25;-7.17;0.39;-7.21;0.47;-7.19;0.51;-7.25;0.54;-7.24;0.55;-7.24;0.55;-7.24;CACC
1986;18.0;24.0;0.8;10;100;7;Successful;Effective;No;No;No;No;No;No;0.0;-7.0;0.25;-7.17;0.39;-7.21;0.47;-7.19;0.51;-7.25;0.54;-7.24;0.55;-7.24;0.55;-7.24;CACC
1987;18.0;24.0;0.8;5;80;8;Successful;Effective;No;No;No;No;No;No;0.0;-7.99;0.2;-8.1;0.32;-8.07;0.38;-8.17;0.41;-8.18;0.43;-8.14;0.44;-8.12;0.44;-8.14;CACC
1988;18.0;24.0;0.8;8;80;8;Successful;Effective;No;No;No;No;No;No;0.0;-7.99;0.2;-8.1;0.32;-8.07;0.38;-8.17;0.41;-8.18;0.43;-8.14;0.44;-8.12;0.44;-8.14;CACC
1989;18.0;24.0;0.8;10;80;8;Successful;Effective;No;No;No;No;No;No;0.0;-7.99;0.2;-8.1;0.32;-8.07;0.38;-8.17;0.41;-8.18;0.43;-8.14;0.44;-8.12;0.44;-8.14;CACC
1990;18.0;24.0;0.8;5;100;8;Successful;Effective;No;No;No;No;No;No;0.0;-8.0;0.25;-8.19;0.39;-8.17;0.47;-8.21;0.51;-8.26;0.54;-8.24;0.55;-8.22;0.55;-8.23;CACC
1991;18.0;24.0;0.8;8;100;8;Successful;Effective;No;No;No;No;No;No;0.0;-8.0;0.25;-8.19;0.39;-8.17;0.47;-8.21;0.51;-8.26;0.54;-8.24;0.55;-8.22;0.55;-8.23;CACC
1992;18.0;24.0;0.8;10;100;8;Successful;Effective;No;No;No;No;No;No;0.0;-8.0;0.25;-8.19;0.39;-8.17;0.47;-8.21;0.51;-8.26;0.54;-8.24;0.55;-8.22;0.55;-8.23;CACC
1993;18.0;24.0;0.9;5;80;5;Successful;Effective;No;No;No;No;No;No;0.0;-5.0;0.2;-5.14;0.32;-5.17;0.38;-5.13;0.41;-5.18;0.43;-5.19;0.44;-5.18;0.44;-5.18;CACC
1994;18.0;24.0;0.9;8;80;5;Successful;Effective;No;No;No;No;No;No;0.0;-5.0;0.2;-5.14;0.32;-5.17;0.38;-5.13;0.41;-5.18;0.43;-5.19;0.44;-5.18;0.44;-5.18;CACC
1995;18.0;24.0;0.9;10;80;5;Successful;Effective;No;No;No;No;No;No;0.0;-5.0;0.2;-5.14;0.32;-5.17;0.38;-5.13;0.41;-5.18;0.43;-5.19;0.44;-5.18;0.44;-5.18;CACC
1996;18.0;24.0;0.9;5;100;5;Successful;Effective;No;No;No;No;No;No;0.0;-5.0;0.25;-5.14;0.39;-5.18;0.47;-5.2;0.51;-5.2;0.54;-5.21;0.55;-5.22;0.55;-5.22;CACC
1997;18.0;24.0;0.9;8;100;5;Successful;Effective;No;No;No;No;No;No;0.0;-5.0;0.25;-5.14;0.39;-5.18;0.47;-5.2;0.51;-5.2;0.54;-5.21;0.55;-5.22;0.55;-5.22;CACC
1998;18.0;24.0;0.9;10;100;5;Successful;Effective;No;No;No;No;No;No;0.0;-5.0;0.25;-5.14;0.39;-5.18;0.47;-5.2;0.51;-5.2;0.54;-5.21;0.55;-5.22;0.55;-5.22;CACC
1999;18.0;24.0;0.9;5;80;6;Successful;Effective;No;No;No;No;No;No;0.0;-6.0;0.2;-6.16;0.32;-6.11;0.38;-6.15;0.41;-6.19;0.43;-6.18;0.44;-6.17;0.44;-6.17;CACC
2000;18.0;24.0;0.9;8;80;6;Successful;Effective;No;No;No;No;No;No;0.0;-6.0;0.2;-6.16;0.32;-6.11;0.38;-6.15;0.41;-6.19;0.43;-6.18;0.44;-6.17;0.44;-6.17;CACC
2001;18.0;24.0;0.9;10;80;6;Successful;Effective;No;No;No;No;No;No;0.0;-6.0;0.2;-6.16;0.32;-6.11;0.38;-6.15;0.41;-6.19;0.43;-6.18;0.44;-6.17;0.44;-6.17;CACC
2002;18.0;24.0;0.9;5;100;6;Successful;Effective;No;No;No;No;No;No;0.0;-6.0;0.25;-6.17;0.39;-6.21;0.47;-6.16;0.51;-6.22;0.54;-6.23;0.55;-6.23;0.55;-6.23;CACC
2003;18.0;24.0;0.9;8;100;6;Successful;Effective;No;No;No;No;No;No;0.0;-6.0;0.25;-6.17;0.39;-6.21;0.47;-6.16;0.51;-6.22;0.54;-6.23;0.55;-6.23;0.55;-6.23;CACC
2004;18.0;24.0;0.9;10;100;6;Successful;Effective;No;No;No;No;No;No;0.0;-6.0;0.25;-6.17;0.39;-6.21;0.47;-6.16;0.51;-6.22;0.54;-6.23;0.55;-6.23;0.55;-6.23;CACC
2005;18.0;24.0;0.9;5;80;7;Successful;Effective;No;No;No;No;No;No;0.0;-7.0;0.2;-7.14;0.32;-7.05;0.38;-7.15;0.41;-7.17;0.43;-7.14;0.44;-7.13;0.44;-7.14;CACC
2006;18.0;24.0;0.9;8;80;7;Successful;Effective;No;No;No;No;No;No;0.0;-7.0;0.2;-7.14;0.32;-7.05;0.38;-7.15;0.41;-7.17;0.43;-7.14;0.44;-7.13;0.44;-7.14;CACC
2007;18.0;24.0;0.9;10;80;7;Successful;Effective;No;No;No;No;No;No;0.0;-7.0;0.2;-7.14;0.32;-7.05;0.38;-7.15;0.41;-7.17;0.43;-7.14;0.44;-7.13;0.44;-7.14;CACC
2008;18.0;24.0;0.9;5;100;7;Successful;Effective;No;No;No;No;No;No;0.0;-7.0;0.25;-7.19;0.39;-7.18;0.47;-7.18;0.51;-7.24;0.54;-7.23;0.55;-7.21;0.55;-7.21;CACC
2009;18.0;24.0;0.9;8;100;7;Successful;Effective;No;No;No;No;No;No;0.0;-7.0;0.25;-7.19;0.39;-7.18;0.47;-7.18;0.51;-7.24;0.54;-7.23;0.55;-7.21;0.55;-7.21;CACC
2010;18.0;24.0;0.9;10;100;7;Successful;Effective;No;No;No;No;No;No;0.0;-7.0;0.25;-7.19;0.39;-7.18;0.47;-7.18;0.51;-7.24;0.54;-7.23;0.55;-7.21;0.55;-7.21;CACC
2011;18.0;24.0;0.9;5;80;8;Successful;Effective;No;No;No;No;No;No;0.0;-7.99;0.2;-8.04;0.32;-8.05;0.38;-8.15;0.41;-8.16;0.43;-8.12;0.44;-8.11;0.44;-8.13;CACC
2012;18.0;24.0;0.9;8;80;8;Successful;Effective;No;No;No;No;No;No;0.0;-7.99;0.2;-8.04;0.32;-8.05;0.38;-8.15;0.41;-8.16;0.43;-8.12;0.44;-8.11;0.44;-8.13;CACC
2013;18.0;24.0;0.9;10;80;8;Successful;Effective;No;No;No;No;No;No;0.0;-7.99;0.2;-8.04;0.32;-8.05;0.38;-8.15;0.41;-8.16;0.43;-8.12;0.44;-8.11;0.44;-8.13;CACC
2014;18.0;24.0;0.9;5;100;8;Successful;Effective;No;No;No;No;No;No;0.0;-8.0;0.25;-8.2;0.39;-8.07;0.47;-8.19;0.51;-8.23;0.54;-8.21;0.55;-8.2;0.55;-8.21;CACC
2015;18.0;24.0;0.9;8;100;8;Successful;Effective;No;No;No;No;No;No;0.0;-8.0;0.25;-8.2;0.39;-8.07;0.47;-8.19;0.51;-8.23;0.54;-8.21;0.55;-8.2;0.55;-8.21;CACC
2016;18.0;24.0;0.9;10;100;8;Successful;Effective;No;No;No;No;No;No;0.0;-8.0;0.25;-8.2;0.39;-8.07;0.47;-8.19;0.51;-8.23;0.54;-8.21;0.55;-8.2;0.55;-8.21;CACC
2017;18.1;24.1;0.6;5;80;5;Successful;Effective;No;No;No;No;No;No;0.0;-5.0;0.2;-5.1;0.32;-5.14;0.38;-5.17;0.41;-5.19;0.43;-5.19;0.44;-5.19;0.44;-5.19;CACC
2018;18.1;24.1;0.6;8;80;5;Successful;Effective;No;No;No;No;No;No;0.0;-5.0;0.2;-5.1;0.32;-5.14;0.38;-5.17;0.41;-5.19;0.43;-5.19;0.44;-5.19;0.44;-5.19;CACC
2019;18.1;24.1;0.6;10;80;5;Successful;Effective;No;No;No;No;No;No;0.0;-5.0;0.2;-5.1;0.32;-5.14;0.38;-5.17;0.41;-5.19;0.43;-5.19;0.44;-5.19;0.44;-5.19;CACC
2020;18.1;24.1;0.6;5;100;5;Successful;Effective;No;No;No;No;No;No;0.0;-5.0;0.25;-5.1;0.39;-5.15;0.47;-5.18;0.51;-5.21;0.54;-5.21;0.55;-5.21;0.55;-5.21;CACC
2021;18.1;24.1;0.6;8;100;5;Successful;Effective;No;No;No;No;No;No;0.0;-5.0;0.25;-5.1;0.39;-5.15;0.47;-5.18;0.51;-5.21;0.54;-5.21;0.55;-5.21;0.55;-5.21;CACC
2022;18.1;24.1;0.6;10;100;5;Successful;Effective;No;No;No;No;No;No;0.0;-5.0;0.25;-5.1;0.39;-5.15;0.47;-5.18;0.51;-5.21;0.54;-5.21;0.55;-5.21;0.55;-5.21;CACC
2023;18.1;24.1;0.6;5;80;6;Successful;Effective;No;No;No;No;No;No;0.0;-6.0;0.2;-6.11;0.32;-6.16;0.38;-6.19;0.41;-6.22;0.43;-6.21;0.44;-6.21;0.44;-6.21;CACC
2024;18.1;24.1;0.6;8;80;6;Successful;Effective;No;No;No;No;No;No;0.0;-6.0;0.2;-6.11;0.32;-6.16;0.38;-6.19;0.41;-6.22;0.43;-6.21;0.44;-6.21;0.44;-6.21;CACC
2025;18.1;24.1;0.6;10;80;6;Successful;Effective;No;No;No;No;No;No;0.0;-6.0;0.2;-6.11;0.32;-6.16;0.38;-6.19;0.41;-6.22;0.43;-6.21;0.44;-6.21;0.44;-6.21;CACC
2026;18.1;24.1;0.6;5;100;6;Successful;Effective;No;No;No;No;No;No;0.0;-6.0;0.25;-6.12;0.39;-6.17;0.47;-6.2;0.51;-6.23;0.54;-6.23;0.55;-6.23;0.55;-6.24;CACC
2027;18.1;24.1;0.6;8;100;6;Successful;Effective;No;No;No;No;No;No;0.0;-6.0;0.25;-6.12;0.39;-6.17;0.47;-6.2;0.51;-6.23;0.54;-6.23;0.55;-6.23;0.55;-6.24;CACC
2028;18.1;24.1;0.6;10;100;6;Successful;Effective;No;No;No;No;No;No;0.0;-6.0;0.25;-6.12;0.39;-6.17;0.47;-6.2;0.51;-6.23;0.54;-6.23;0.55;-6.23;0.55;-6.24;CACC
2029;18.1;24.1;0.6;5;80;7;Successful;Effective;No;No;No;No;No;No;0.0;-7.0;0.2;-7.13;0.32;-7.18;0.38;-7.2;0.41;-7.24;0.43;-7.22;0.44;-7.21;0.44;-7.22;CACC
2030;18.1;24.1;0.6;8;80;7;Successful;Effective;No;No;No;No;No;No;0.0;-7.0;0.2;-7.13;0.32;-7.18;0.38;-7.2;0.41;-7.24;0.43;-7.22;0.44;-7.21;0.44;-7.22;CACC
2031;18.1;24.1;0.6;10;80;7;Successful;Effective;No;No;No;No;No;No;0.0;-7.0;0.2;-7.13;0.32;-7.18;0.38;-7.2;0.41;-7.24;0.43;-7.22;0.44;-7.21;0.44;-7.22;CACC
2032;18.1;24.1;0.6;5;100;7;Successful;Effective;No;No;No;No;No;No;0.0;-7.0;0.25;-7.13;0.39;-7.19;0.47;-7.23;0.51;-7.26;0.54;-7.25;0.55;-7.25;0.55;-7.26;CACC
2033;18.1;24.1;0.6;8;100;7;Successful;Effective;No;No;No;No;No;No;0.0;-7.0;0.25;-7.13;0.39;-7.19;0.47;-7.23;0.51;-7.26;0.54;-7.25;0.55;-7.25;0.55;-7.26;CACC
2034;18.1;24.1;0.6;10;100;7;Successful;Effective;No;No;No;No;No;No;0.0;-7.0;0.25;-7.13;0.39;-7.19;0.47;-7.23;0.51;-7.26;0.54;-7.25;0.55;-7.25;0.55;-7.26;CACC
2035;18.1;24.1;0.6;5;80;8;Successful;Effective;No;No;No;No;No;No;0.0;-7.99;0.2;-8.13;0.32;-8.16;0.38;-8.22;0.41;-8.25;0.43;-8.22;0.44;-8.21;0.44;-8.22;CACC
2036;18.1;24.1;0.6;8;80;8;Successful;Effective;No;No;No;No;No;No;0.0;-7.99;0.2;-8.13;0.32;-8.16;0.38;-8.22;0.41;-8.25;0.43;-8.22;0.44;-8.21;0.44;-8.22;CACC
2037;18.1;24.1;0.6;10;80;8;Successful;Effective;No;No;No;No;No;No;0.0;-7.99;0.2;-8.13;0.32;-8.16;0.38;-8.22;0.41;-8.25;0.43;-8.22;0.44;-8.21;0.44;-8.22;CACC
2038;18.1;24.1;0.6;5;100;8;Successful;Effective;No;No;No;No;No;No;0.0;-8.0;0.25;-8.15;0.39;-8.21;0.47;-8.24;0.51;-8.28;0.54;-8.27;0.55;-8.26;0.55;-8.27;CACC
2039;18.1;24.1;0.6;8;100;8;Successful;Effective;No;No;No;No;No;No;0.0;-8.0;0.25;-8.15;0.39;-8.21;0.47;-8.24;0.51;-8.28;0.54;-8.27;0.55;-8.26;0.55;-8.27;CACC
2040;18.1;24.1;0.6;10;100;8;Successful;Effective;No;No;No;No;No;No;0.0;-8.0;0.25;-8.15;0.39;-8.21;0.47;-8.24;0.51;-8.28;0.54;-8.27;0.55;-8.26;0.55;-8.27;CACC
2041;18.1;24.1;0.7;5;80;5;Successful;Effective;No;No;No;No;No;No;0.0;-5.0;0.2;-5.1;0.32;-5.14;0.38;-5.16;0.41;-5.19;0.43;-5.19;0.44;-5.19;0.44;-5.19;CACC
2042;18.1;24.1;0.7;8;80;5;Successful;Effective;No;No;No;No;No;No;0.0;-5.0;0.2;-5.1;0.32;-5.14;0.38;-5.16;0.41;-5.19;0.43;-5.19;0.44;-5.19;0.44;-5.19;CACC
2043;18.1;24.1;0.7;10;80;5;Successful;Effective;No;No;No;No;No;No;0.0;-5.0;0.2;-5.1;0.32;-5.14;0.38;-5.16;0.41;-5.19;0.43;-5.19;0.44;-5.19;0.44;-5.19;CACC
2044;18.1;24.1;0.7;5;100;5;Successful;Effective;No;No;No;No;No;No;0.0;-5.0;0.25;-5.11;0.39;-5.15;0.47;-5.17;0.51;-5.2;0.54;-5.21;0.55;-5.21;0.55;-5.21;CACC
2045;18.1;24.1;0.7;8;100;5;Successful;Effective;No;No;No;No;No;No;0.0;-5.0;0.25;-5.11;0.39;-5.15;0.47;-5.17;0.51;-5.2;0.54;-5.21;0.55;-5.21;0.55;-5.21;CACC
2046;18.1;24.1;0.7;10;100;5;Successful;Effective;No;No;No;No;No;No;0.0;-5.0;0.25;-5.11;0.39;-5.15;0.47;-5.17;0.51;-5.2;0.54;-5.21;0.55;-5.21;0.55;-5.21;CACC
2047;18.1;24.1;0.7;5;80;6;Successful;Effective;No;No;No;No;No;No;0.0;-6.0;0.2;-6.12;0.32;-6.16;0.38;-6.17;0.41;-6.21;0.43;-6.2;0.44;-6.2;0.44;-6.2;CACC
2048;18.1;24.1;0.7;8;80;6;Successful;Effective;No;No;No;No;No;No;0.0;-6.0;0.2;-6.12;0.32;-6.16;0.38;-6.17;0.41;-6.21;0.43;-6.2;0.44;-6.2;0.44;-6.2;CACC
2049;18.1;24.1;0.7;10;80;6;Successful;Effective;No;No;No;No;No;No;0.0;-6.0;0.2;-6.12;0.32;-6.16;0.38;-6.17;0.41;-6.21;0.43;-6.2;0.44;-6.2;0.44;-6.2;CACC
2050;18.1;24.1;0.7;5;100;6;Successful;Effective;No;No;No;No;No;No;0.0;-6.0;0.25;-6.12;0.39;-6.17;0.47;-6.2;0.51;-6.23;0.54;-6.23;0.55;-6.23;0.55;-6.23;CACC
2051;18.1;24.1;0.7;8;100;6;Successful;Effective;No;No;No;No;No;No;0.0;-6.0;0.25;-6.12;0.39;-6.17;0.47;-6.2;0.51;-6.23;0.54;-6.23;0.55;-6.23;0.55;-6.23;CACC
2052;18.1;24.1;0.7;10;100;6;Successful;Effective;No;No;No;No;No;No;0.0;-6.0;0.25;-6.12;0.39;-6.17;0.47;-6.2;0.51;-6.23;0.54;-6.23;0.55;-6.23;0.55;-6.23;CACC
2053;18.1;24.1;0.7;5;80;7;Successful;Effective;No;No;No;No;No;No;0.0;-7.0;0.2;-7.13;0.32;-7.14;0.38;-7.19;0.41;-7.23;0.43;-7.21;0.44;-7.19;0.44;-7.2;CACC
2054;18.1;24.1;0.7;8;80;7;Successful;Effective;No;No;No;No;No;No;0.0;-7.0;0.2;-7.13;0.32;-7.14;0.38;-7.19;0.41;-7.23;0.43;-7.21;0.44;-7.19;0.44;-7.2;CACC
2055;18.1;24.1;0.7;10;80;7;Successful;Effective;No;No;No;No;No;No;0.0;-7.0;0.2;-7.13;0.32;-7.14;0.38;-7.19;0.41;-7.23;0.43;-7.21;0.44;-7.19;0.44;-7.2;CACC
2056;18.1;24.1;0.7;5;100;7;Successful;Effective;No;No;No;No;No;No;0.0;-7.0;0.25;-7.14;0.39;-7.2;0.47;-7.21;0.51;-7.25;0.54;-7.25;0.55;-7.25;0.55;-7.25;CACC
2057;18.1;24.1;0.7;8;100;7;Successful;Effective;No;No;No;No;No;No;0.0;-7.0;0.25;-7.14;0.39;-7.2;0.47;-7.21;0.51;-7.25;0.54;-7.25;0.55;-7.25;0.55;-7.25;CACC
2058;18.1;24.1;0.7;10;100;7;Successful;Effective;No;No;No;No;No;No;0.0;-7.0;0.25;-7.14;0.39;-7.2;0.47;-7.21;0.51;-7.25;0.54;-7.25;0.55;-7.25;0.55;-7.25;CACC
2059;18.1;24.1;0.7;5;80;8;Successful;Effective;No;No;No;No;No;No;0.0;-7.99;0.2;-8.12;0.32;-8.11;0.38;-8.2;0.41;-8.22;0.43;-8.19;0.44;-8.18;0.44;-8.19;CACC
2060;18.1;24.1;0.7;8;80;8;Successful;Effective;No;No;No;No;No;No;0.0;-7.99;0.2;-8.12;0.32;-8.11;0.38;-8.2;0.41;-8.22;0.43;-8.19;0.44;-8.18;0.44;-8.19;CACC
2061;18.1;24.1;0.7;10;80;8;Successful;Effective;No;No;No;No;No;No;0.0;-7.99;0.2;-8.12;0.32;-8.11;0.38;-8.2;0.41;-8.22;0.43;-8.19;0.44;-8.18;0.44;-8.19;CACC
2062;18.1;24.1;0.7;5;100;8;Successful;Effective;No;No;No;No;No;No;0.0;-8.0;0.25;-8.16;0.39;-8.2;0.47;-8.23;0.51;-8.27;0.54;-8.26;0.55;-8.25;0.55;-8.25;CACC
2063;18.1;24.1;0.7;8;100;8;Successful;Effective;No;No;No;No;No;No;0.0;-8.0;0.25;-8.16;0.39;-8.2;0.47;-8.23;0.51;-8.27;0.54;-8.26;0.55;-8.25;0.55;-8.25;CACC
2064;18.1;24.1;0.7;10;100;8;Successful;Effective;No;No;No;No;No;No;0.0;-8.0;0.25;-8.16;0.39;-8.2;0.47;-8.23;0.51;-8.27;0.54;-8.26;0.55;-8.25;0.55;-8.25;CACC
2065;18.1;24.1;0.8;5;80;5;Successful;Effective;No;No;No;No;No;No;0.0;-5.0;0.2;-5.11;0.32;-5.15;0.38;-5.15;0.41;-5.18;0.43;-5.19;0.44;-5.19;0.44;-5.19;CACC
2066;18.1;24.1;0.8;8;80;5;Successful;Effective;No;No;No;No;No;No;0.0;-5.0;0.2;-5.11;0.32;-5.15;0.38;-5.15;0.41;-5.18;0.43;-5.19;0.44;-5.19;0.44;-5.19;CACC
2067;18.1;24.1;0.8;10;80;5;Successful;Effective;No;No;No;No;No;No;0.0;-5.0;0.2;-5.11;0.32;-5.15;0.38;-5.15;0.41;-5.18;0.43;-5.19;0.44;-5.19;0.44;-5.19;CACC
2068;18.1;24.1;0.8;5;100;5;Successful;Effective;No;No;No;No;No;No;0.0;-5.0;0.25;-5.11;0.39;-5.15;0.47;-5.17;0.51;-5.2;0.54;-5.21;0.55;-5.21;0.55;-5.21;CACC
2069;18.1;24.1;0.8;8;100;5;Successful;Effective;No;No;No;No;No;No;0.0;-5.0;0.25;-5.11;0.39;-5.15;0.47;-5.17;0.51;-5.2;0.54;-5.21;0.55;-5.21;0.55;-5.21;CACC
2070;18.1;24.1;0.8;10;100;5;Successful;Effective;No;No;No;No;No;No;0.0;-5.0;0.25;-5.11;0.39;-5.15;0.47;-5.17;0.51;-5.2;0.54;-5.21;0.55;-5.21;0.55;-5.21;CACC
2071;18.1;24.1;0.8;5;80;6;Successful;Effective;No;No;No;No;No;No;0.0;-6.0;0.2;-6.13;0.32;-6.14;0.38;-6.16;0.41;-6.2;0.43;-6.19;0.44;-6.18;0.44;-6.19;CACC
2072;18.1;24.1;0.8;8;80;6;Successful;Effective;No;No;No;No;No;No;0.0;-6.0;0.2;-6.13;0.32;-6.14;0.38;-6.16;0.41;-6.2;0.43;-6.19;0.44;-6.18;0.44;-6.19;CACC
2073;18.1;24.1;0.8;10;80;6;Successful;Effective;No;No;No;No;No;No;0.0;-6.0;0.2;-6.13;0.32;-6.14;0.38;-6.16;0.41;-6.2;0.43;-6.19;0.44;-6.18;0.44;-6.19;CACC
2074;18.1;24.1;0.8;5;100;6;Successful;Effective;No;No;No;No;No;No;0.0;-6.0;0.25;-6.13;0.39;-6.18;0.47;-6.18;0.51;-6.22;0.54;-6.23;0.55;-6.23;0.55;-6.23;CACC
2075;18.1;24.1;0.8;8;100;6;Successful;Effective;No;No;No;No;No;No;0.0;-6.0;0.25;-6.13;0.39;-6.18;0.47;-6.18;0.51;-6.22;0.54;-6.23;0.55;-6.23;0.55;-6.23;CACC
2076;18.1;24.1;0.8;10;100;6;Successful;Effective;No;No;No;No;No;No;0.0;-6.0;0.25;-6.13;0.39;-6.18;0.47;-6.18;0.51;-6.22;0.54;-6.23;0.55;-6.23;0.55;-6.23;CACC
2077;18.1;24.1;0.8;5;80;7;Successful;Effective;No;No;No;No;No;No;0.0;-7.0;0.2;-7.13;0.32;-7.09;0.38;-7.18;0.41;-7.2;0.43;-7.18;0.44;-7.17;0.44;-7.18;CACC
2078;18.1;24.1;0.8;8;80;7;Successful;Effective;No;No;No;No;No;No;0.0;-7.0;0.2;-7.13;0.32;-7.09;0.38;-7.18;0.41;-7.2;0.43;-7.18;0.44;-7.17;0.44;-7.18;CACC
2079;18.1;24.1;0.8;10;80;7;Successful;Effective;No;No;No;No;No;No;0.0;-7.0;0.2;-7.13;0.32;-7.09;0.38;-7.18;0.41;-7.2;0.43;-7.18;0.44;-7.17;0.44;-7.18;CACC
2080;18.1;24.1;0.8;5;100;7;Successful;Effective;No;No;No;No;No;No;0.0;-7.0;0.25;-7.15;0.39;-7.19;0.47;-7.2;0.51;-7.25;0.54;-7.24;0.55;-7.23;0.55;-7.23;CACC
2081;18.1;24.1;0.8;8;100;7;Successful;Effective;No;No;No;No;No;No;0.0;-7.0;0.25;-7.15;0.39;-7.19;0.47;-7.2;0.51;-7.25;0.54;-7.24;0.55;-7.23;0.55;-7.23;CACC
2082;18.1;24.1;0.8;10;100;7;Successful;Effective;No;No;No;No;No;No;0.0;-7.0;0.25;-7.15;0.39;-7.19;0.47;-7.2;0.51;-7.25;0.54;-7.24;0.55;-7.23;0.55;-7.23;CACC
2083;18.1;24.1;0.8;5;80;8;Successful;Effective;No;No;No;No;No;No;0.0;-7.99;0.2;-8.08;0.32;-8.1;0.38;-8.19;0.41;-8.2;0.43;-8.16;0.44;-8.15;0.44;-8.17;CACC
2084;18.1;24.1;0.8;8;80;8;Successful;Effective;No;No;No;No;No;No;0.0;-7.99;0.2;-8.08;0.32;-8.1;0.38;-8.19;0.41;-8.2;0.43;-8.16;0.44;-8.15;0.44;-8.17;CACC
2085;18.1;24.1;0.8;10;80;8;Successful;Effective;No;No;No;No;No;No;0.0;-7.99;0.2;-8.08;0.32;-8.1;0.38;-8.19;0.41;-8.2;0.43;-8.16;0.44;-8.15;0.44;-8.17;CACC
2086;18.1;24.1;0.8;5;100;8;Successful;Effective;No;No;No;No;No;No;0.0;-8.0;0.25;-8.17;0.39;-8.15;0.47;-8.22;0.51;-8.26;0.54;-8.24;0.55;-8.23;0.55;-8.24;CACC
2087;18.1;24.1;0.8;8;100;8;Successful;Effective;No;No;No;No;No;No;0.0;-8.0;0.25;-8.17;0.39;-8.15;0.47;-8.22;0.51;-8.26;0.54;-8.24;0.55;-8.23;0.55;-8.24;CACC
2088;18.1;24.1;0.8;10;100;8;Successful;Effective;No;No;No;No;No;No;0.0;-8.0;0.25;-8.17;0.39;-8.15;0.47;-8.22;0.51;-8.26;0.54;-8.24;0.55;-8.23;0.55;-8.24;CACC
2089;18.1;24.1;0.9;5;80;5;Successful;Effective;No;No;No;No;No;No;0.0;-5.0;0.2;-5.12;0.32;-5.15;0.38;-5.14;0.41;-5.18;0.43;-5.18;0.44;-5.18;0.44;-5.18;CACC
2090;18.1;24.1;0.9;8;80;5;Successful;Effective;No;No;No;No;No;No;0.0;-5.0;0.2;-5.12;0.32;-5.15;0.38;-5.14;0.41;-5.18;0.43;-5.18;0.44;-5.18;0.44;-5.18;CACC
2091;18.1;24.1;0.9;10;80;5;Successful;Effective;No;No;No;No;No;No;0.0;-5.0;0.2;-5.12;0.32;-5.15;0.38;-5.14;0.41;-5.18;0.43;-5.18;0.44;-5.18;0.44;-5.18;CACC
2092;18.1;24.1;0.9;5;100;5;Successful;Effective;No;No;No;No;No;No;0.0;-5.0;0.25;-5.13;0.39;-5.16;0.47;-5.18;0.51;-5.2;0.54;-5.21;0.55;-5.21;0.55;-5.21;CACC
2093;18.1;24.1;0.9;8;100;5;Successful;Effective;No;No;No;No;No;No;0.0;-5.0;0.25;-5.13;0.39;-5.16;0.47;-5.18;0.51;-5.2;0.54;-5.21;0.55;-5.21;0.55;-5.21;CACC
2094;18.1;24.1;0.9;10;100;5;Successful;Effective;No;No;No;No;No;No;0.0;-5.0;0.25;-5.13;0.39;-5.16;0.47;-5.18;0.51;-5.2;0.54;-5.21;0.55;-5.21;0.55;-5.21;CACC
2095;18.1;24.1;0.9;5;80;6;Successful;Effective;No;No;No;No;No;No;0.0;-6.0;0.2;-6.14;0.32;-6.09;0.38;-6.16;0.41;-6.19;0.43;-6.18;0.44;-6.17;0.44;-6.18;CACC
2096;18.1;24.1;0.9;8;80;6;Successful;Effective;No;No;No;No;No;No;0.0;-6.0;0.2;-6.14;0.32;-6.09;0.38;-6.16;0.41;-6.19;0.43;-6.18;0.44;-6.17;0.44;-6.18;CACC
2097;18.1;24.1;0.9;10;80;6;Successful;Effective;No;No;No;No;No;No;0.0;-6.0;0.2;-6.14;0.32;-6.09;0.38;-6.16;0.41;-6.19;0.43;-6.18;0.44;-6.17;0.44;-6.18;CACC
2098;18.1;24.1;0.9;5;100;6;Successful;Effective;No;No;No;No;No;No;0.0;-6.0;0.25;-6.15;0.39;-6.19;0.47;-6.17;0.51;-6.22;0.54;-6.23;0.55;-6.23;0.55;-6.22;CACC
2099;18.1;24.1;0.9;8;100;6;Successful;Effective;No;No;No;No;No;No;0.0;-6.0;0.25;-6.15;0.39;-6.19;0.47;-6.17;0.51;-6.22;0.54;-6.23;0.55;-6.23;0.55;-6.22;CACC
2100;18.1;24.1;0.9;10;100;6;Successful;Effective;No;No;No;No;No;No;0.0;-6.0;0.25;-6.15;0.39;-6.19;0.47;-6.17;0.51;-6.22;0.54;-6.23;0.55;-6.23;0.55;-6.22;CACC
2101;18.1;24.1;0.9;5;80;7;Successful;Effective;No;No;No;No;No;No;0.0;-7.0;0.2;-7.12;0.32;-7.07;0.38;-7.17;0.41;-7.18;0.43;-7.15;0.44;-7.14;0.44;-7.15;CACC
2102;18.1;24.1;0.9;8;80;7;Successful;Effective;No;No;No;No;No;No;0.0;-7.0;0.2;-7.12;0.32;-7.07;0.38;-7.17;0.41;-7.18;0.43;-7.15;0.44;-7.14;0.44;-7.15;CACC
2103;18.1;24.1;0.9;10;80;7;Successful;Effective;No;No;No;No;No;No;0.0;-7.0;0.2;-7.12;0.32;-7.07;0.38;-7.17;0.41;-7.18;0.43;-7.15;0.44;-7.14;0.44;-7.15;CACC
2104;18.1;24.1;0.9;5;100;7;Successful;Effective;No;No;No;No;No;No;0.0;-7.0;0.25;-7.17;0.39;-7.15;0.47;-7.19;0.51;-7.24;0.54;-7.23;0.55;-7.22;0.55;-7.22;CACC
2105;18.1;24.1;0.9;8;100;7;Successful;Effective;No;No;No;No;No;No;0.0;-7.0;0.25;-7.17;0.39;-7.15;0.47;-7.19;0.51;-7.24;0.54;-7.23;0.55;-7.22;0.55;-7.22;CACC
2106;18.1;24.1;0.9;10;100;7;Successful;Effective;No;No;No;No;No;No;0.0;-7.0;0.25;-7.17;0.39;-7.15;0.47;-7.19;0.51;-7.24;0.54;-7.23;0.55;-7.22;0.55;-7.22;CACC
2107;18.1;24.1;0.9;5;80;8;Successful;Effective;No;No;No;No;No;No;0.0;-7.99;0.2;-8.01;0.32;-8.08;0.38;-8.16;0.41;-8.17;0.43;-8.14;0.44;-8.13;0.44;-8.15;CACC
2108;18.1;24.1;0.9;8;80;8;Successful;Effective;No;No;No;No;No;No;0.0;-7.99;0.2;-8.01;0.32;-8.08;0.38;-8.16;0.41;-8.17;0.43;-8.14;0.44;-8.13;0.44;-8.15;CACC
2109;18.1;24.1;0.9;10;80;8;Successful;Effective;No;No;No;No;No;No;0.0;-7.99;0.2;-8.01;0.32;-8.08;0.38;-8.16;0.41;-8.17;0.43;-8.14;0.44;-8.13;0.44;-8.15;CACC
2110;18.1;24.1;0.9;5;100;8;Successful;Effective;No;No;No;No;No;No;0.0;-8.0;0.25;-8.17;0.39;-8.09;0.47;-8.2;0.51;-8.23;0.54;-8.21;0.55;-8.2;0.55;-8.21;CACC
2111;18.1;24.1;0.9;8;100;8;Successful;Effective;No;No;No;No;No;No;0.0;-8.0;0.25;-8.17;0.39;-8.09;0.47;-8.2;0.51;-8.23;0.54;-8.21;0.55;-8.2;0.55;-8.21;CACC
2112;18.1;24.1;0.9;10;100;8;Successful;Effective;No;No;No;No;No;No;0.0;-8.0;0.25;-8.17;0.39;-8.09;0.47;-8.2;0.51;-8.23;0.54;-8.21;0.55;-8.2;0.55;-8.21;CACC
2113;18.2;24.2;0.6;5;80;5;Successful;Effective;No;No;No;No;No;No;0.0;-5.0;0.2;-5.09;0.32;-5.13;0.38;-5.16;0.41;-5.19;0.43;-5.19;0.44;-5.19;0.44;-5.19;CACC
2114;18.2;24.2;0.6;8;80;5;Successful;Effective;No;No;No;No;No;No;0.0;-5.0;0.2;-5.09;0.32;-5.13;0.38;-5.16;0.41;-5.19;0.43;-5.19;0.44;-5.19;0.44;-5.19;CACC
2115;18.2;24.2;0.6;10;80;5;Successful;Effective;No;No;No;No;No;No;0.0;-5.0;0.2;-5.09;0.32;-5.13;0.38;-5.16;0.41;-5.19;0.43;-5.19;0.44;-5.19;0.44;-5.19;CACC
2116;18.2;24.2;0.6;5;100;5;Successful;Effective;No;No;No;No;No;No;0.0;-5.0;0.25;-5.09;0.39;-5.14;0.47;-5.18;0.51;-5.21;0.54;-5.21;0.55;-5.21;0.55;-5.21;CACC
2117;18.2;24.2;0.6;8;100;5;Successful;Effective;No;No;No;No;No;No;0.0;-5.0;0.25;-5.09;0.39;-5.14;0.47;-5.18;0.51;-5.21;0.54;-5.21;0.55;-5.21;0.55;-5.21;CACC
2118;18.2;24.2;0.6;10;100;5;Successful;Effective;No;No;No;No;No;No;0.0;-5.0;0.25;-5.09;0.39;-5.14;0.47;-5.18;0.51;-5.21;0.54;-5.21;0.55;-5.21;0.55;-5.21;CACC
2119;18.2;24.2;0.6;5;80;6;Successful;Effective;No;No;No;No;No;No;0.0;-6.0;0.2;-6.1;0.32;-6.16;0.38;-6.19;0.41;-6.22;0.43;-6.21;0.44;-6.2;0.44;-6.21;CACC
2120;18.2;24.2;0.6;8;80;6;Successful;Effective;No;No;No;No;No;No;0.0;-6.0;0.2;-6.1;0.32;-6.16;0.38;-6.19;0.41;-6.22;0.43;-6.21;0.44;-6.2;0.44;-6.21;CACC
2121;18.2;24.2;0.6;10;80;6;Successful;Effective;No;No;No;No;No;No;0.0;-6.0;0.2;-6.1;0.32;-6.16;0.38;-6.19;0.41;-6.22;0.43;-6.21;0.44;-6.2;0.44;-6.21;CACC
2122;18.2;24.2;0.6;5;100;6;Successful;Effective;No;No;No;No;No;No;0.0;-6.0;0.25;-6.11;0.39;-6.16;0.47;-6.2;0.51;-6.23;0.54;-6.23;0.55;-6.23;0.55;-6.23;CACC
2123;18.2;24.2;0.6;8;100;6;Successful;Effective;No;No;No;No;No;No;0.0;-6.0;0.25;-6.11;0.39;-6.16;0.47;-6.2;0.51;-6.23;0.54;-6.23;0.55;-6.23;0.55;-6.23;CACC
2124;18.2;24.2;0.6;10;100;6;Successful;Effective;No;No;No;No;No;No;0.0;-6.0;0.25;-6.11;0.39;-6.16;0.47;-6.2;0.51;-6.23;0.54;-6.23;0.55;-6.23;0.55;-6.23;CACC
2125;18.2;24.2;0.6;5;80;7;Successful;Effective;No;No;No;No;No;No;0.0;-7.0;0.2;-7.12;0.32;-7.17;0.38;-7.21;0.41;-7.24;0.43;-7.22;0.44;-7.21;0.44;-7.22;CACC
2126;18.2;24.2;0.6;8;80;7;Successful;Effective;No;No;No;No;No;No;0.0;-7.0;0.2;-7.12;0.32;-7.17;0.38;-7.21;0.41;-7.24;0.43;-7.22;0.44;-7.21;0.44;-7.22;CACC
2127;18.2;24.2;0.6;10;80;7;Successful;Effective;No;No;No;No;No;No;0.0;-7.0;0.2;-7.12;0.32;-7.17;0.38;-7.21;0.41;-7.24;0.43;-7.22;0.44;-7.21;0.44;-7.22;CACC
2128;18.2;24.2;0.6;5;100;7;Successful;Effective;No;No;No;No;No;No;0.0;-7.0;0.25;-7.12;0.39;-7.18;0.47;-7.22;0.51;-7.26;0.54;-7.25;0.55;-7.25;0.55;-7.25;CACC
2129;18.2;24.2;0.6;8;100;7;Successful;Effective;No;No;No;No;No;No;0.0;-7.0;0.25;-7.12;0.39;-7.18;0.47;-7.22;0.51;-7.26;0.54;-7.25;0.55;-7.25;0.55;-7.25;CACC
2130;18.2;24.2;0.6;10;100;7;Successful;Effective;No;No;No;No;No;No;0.0;-7.0;0.25;-7.12;0.39;-7.18;0.47;-7.22;0.51;-7.26;0.54;-7.25;0.55;-7.25;0.55;-7.25;CACC
2131;18.2;24.2;0.6;5;80;8;Successful;Effective;No;No;No;No;No;No;0.0;-7.99;0.2;-8.12;0.32;-8.16;0.38;-8.23;0.41;-8.25;0.43;-8.22;0.44;-8.21;0.44;-8.23;CACC
2132;18.2;24.2;0.6;8;80;8;Successful;Effective;No;No;No;No;No;No;0.0;-7.99;0.2;-8.12;0.32;-8.16;0.38;-8.23;0.41;-8.25;0.43;-8.22;0.44;-8.21;0.44;-8.23;CACC
2133;18.2;24.2;0.6;10;80;8;Successful;Effective;No;No;No;No;No;No;0.0;-7.99;0.2;-8.12;0.32;-8.16;0.38;-8.23;0.41;-8.25;0.43;-8.22;0.44;-8.21;0.44;-8.23;CACC
2134;18.2;24.2;0.6;5;100;8;Successful;Effective;No;No;No;No;No;No;0.0;-8.0;0.25;-8.14;0.39;-8.2;0.47;-8.24;0.51;-8.28;0.54;-8.27;0.55;-8.26;0.55;-8.27;CACC
2135;18.2;24.2;0.6;8;100;8;Successful;Effective;No;No;No;No;No;No;0.0;-8.0;0.25;-8.14;0.39;-8.2;0.47;-8.24;0.51;-8.28;0.54;-8.27;0.55;-8.26;0.55;-8.27;CACC
2136;18.2;24.2;0.6;10;100;8;Successful;Effective;No;No;No;No;No;No;0.0;-8.0;0.25;-8.14;0.39;-8.2;0.47;-8.24;0.51;-8.28;0.54;-8.27;0.55;-8.26;0.55;-8.27;CACC
2137;18.2;24.2;0.7;5;80;5;Successful;Effective;No;No;No;No;No;No;0.0;-5.0;0.2;-5.09;0.32;-5.13;0.38;-5.16;0.41;-5.19;0.43;-5.19;0.44;-5.19;0.44;-5.19;CACC
2138;18.2;24.2;0.7;8;80;5;Successful;Effective;No;No;No;No;No;No;0.0;-5.0;0.2;-5.09;0.32;-5.13;0.38;-5.16;0.41;-5.19;0.43;-5.19;0.44;-5.19;0.44;-5.19;CACC
2139;18.2;24.2;0.7;10;80;5;Successful;Effective;No;No;No;No;No;No;0.0;-5.0;0.2;-5.09;0.32;-5.13;0.38;-5.16;0.41;-5.19;0.43;-5.19;0.44;-5.19;0.44;-5.19;CACC
2140;18.2;24.2;0.7;5;100;5;Successful;Effective;No;No;No;No;No;No;0.0;-5.0;0.25;-5.1;0.39;-5.14;0.47;-5.17;0.51;-5.2;0.54;-5.21;0.55;-5.21;0.55;-5.21;CACC
2141;18.2;24.2;0.7;8;100;5;Successful;Effective;No;No;No;No;No;No;0.0;-5.0;0.25;-5.1;0.39;-5.14;0.47;-5.17;0.51;-5.2;0.54;-5.21;0.55;-5.21;0.55;-5.21;CACC
2142;18.2;24.2;0.7;10;100;5;Successful;Effective;No;No;No;No;No;No;0.0;-5.0;0.25;-5.1;0.39;-5.14;0.47;-5.17;0.51;-5.2;0.54;-5.21;0.55;-5.21;0.55;-5.21;CACC
2143;18.2;24.2;0.7;5;80;6;Successful;Effective;No;No;No;No;No;No;0.0;-6.0;0.2;-6.11;0.32;-6.15;0.38;-6.18;0.41;-6.21;0.43;-6.2;0.44;-6.2;0.44;-6.2;CACC
2144;18.2;24.2;0.7;8;80;6;Successful;Effective;No;No;No;No;No;No;0.0;-6.0;0.2;-6.11;0.32;-6.15;0.38;-6.18;0.41;-6.21;0.43;-6.2;0.44;-6.2;0.44;-6.2;CACC
2145;18.2;24.2;0.7;10;80;6;Successful;Effective;No;No;No;No;No;No;0.0;-6.0;0.2;-6.11;0.32;-6.15;0.38;-6.18;0.41;-6.21;0.43;-6.2;0.44;-6.2;0.44;-6.2;CACC
2146;18.2;24.2;0.7;5;100;6;Successful;Effective;No;No;No;No;No;No;0.0;-6.0;0.25;-6.11;0.39;-6.16;0.47;-6.19;0.51;-6.23;0.54;-6.23;0.55;-6.23;0.55;-6.23;CACC
2147;18.2;24.2;0.7;8;100;6;Successful;Effective;No;No;No;No;No;No;0.0;-6.0;0.25;-6.11;0.39;-6.16;0.47;-6.19;0.51;-6.23;0.54;-6.23;0.55;-6.23;0.55;-6.23;CACC
2148;18.2;24.2;0.7;10;100;6;Successful;Effective;No;No;No;No;No;No;0.0;-6.0;0.25;-6.11;0.39;-6.16;0.47;-6.19;0.51;-6.23;0.54;-6.23;0.55;-6.23;0.55;-6.23;CACC
2149;18.2;24.2;0.7;5;80;7;Successful;Effective;No;No;No;No;No;No;0.0;-7.0;0.2;-7.12;0.32;-7.13;0.38;-7.2;0.41;-7.23;0.43;-7.21;0.44;-7.2;0.44;-7.21;CACC
2150;18.2;24.2;0.7;8;80;7;Successful;Effective;No;No;No;No;No;No;0.0;-7.0;0.2;-7.12;0.32;-7.13;0.38;-7.2;0.41;-7.23;0.43;-7.21;0.44;-7.2;0.44;-7.21;CACC
2151;18.2;24.2;0.7;10;80;7;Successful;Effective;No;No;No;No;No;No;0.0;-7.0;0.2;-7.12;0.32;-7.13;0.38;-7.2;0.41;-7.23;0.43;-7.21;0.44;-7.2;0.44;-7.21;CACC
2152;18.2;24.2;0.7;5;100;7;Successful;Effective;No;No;No;No;No;No;0.0;-7.0;0.25;-7.13;0.39;-7.18;0.47;-7.21;0.51;-7.25;0.54;-7.25;0.55;-7.24;0.55;-7.25;CACC
2153;18.2;24.2;0.7;8;100;7;Successful;Effective;No;No;No;No;No;No;0.0;-7.0;0.25;-7.13;0.39;-7.18;0.47;-7.21;0.51;-7.25;0.54;-7.25;0.55;-7.24;0.55;-7.25;CACC
2154;18.2;24.2;0.7;10;100;7;Successful;Effective;No;No;No;No;No;No;0.0;-7.0;0.25;-7.13;0.39;-7.18;0.47;-7.21;0.51;-7.25;0.54;-7.25;0.55;-7.24;0.55;-7.25;CACC
2155;18.2;24.2;0.7;5;80;8;Successful;Effective;No;No;No;No;No;No;0.0;-7.99;0.2;-8.1;0.32;-8.13;0.38;-8.21;0.41;-8.23;0.43;-8.2;0.44;-8.18;0.44;-8.2;CACC
2156;18.2;24.2;0.7;8;80;8;Successful;Effective;No;No;No;No;No;No;0.0;-7.99;0.2;-8.1;0.32;-8.13;0.38;-8.21;0.41;-8.23;0.43;-8.2;0.44;-8.18;0.44;-8.2;CACC
2157;18.2;24.2;0.7;10;80;8;Successful;Effective;No;No;No;No;No;No;0.0;-7.99;0.2;-8.1;0.32;-8.13;0.38;-8.21;0.41;-8.23;0.43;-8.2;0.44;-8.18;0.44;-8.2;CACC
2158;18.2;24.2;0.7;5;100;8;Successful;Effective;No;No;No;No;No;No;0.0;-8.0;0.25;-8.15;0.39;-8.18;0.47;-8.23;0.51;-8.27;0.54;-8.26;0.55;-8.25;0.55;-8.25;CACC
2159;18.2;24.2;0.7;8;100;8;Successful;Effective;No;No;No;No;No;No;0.0;-8.0;0.25;-8.15;0.39;-8.18;0.47;-8.23;0.51;-8.27;0.54;-8.26;0.55;-8.25;0.55;-8.25;CACC
2160;18.2;24.2;0.7;10;100;8;Successful;Effective;No;No;No;No;No;No;0.0;-8.0;0.25;-8.15;0.39;-8.18;0.47;-8.23;0.51;-8.27;0.54;-8.26;0.55;-8.25;0.55;-8.25;CACC
2161;18.2;24.2;0.8;5;80;5;Successful;Effective;No;No;No;No;No;No;0.0;-5.0;0.2;-5.1;0.32;-5.13;0.38;-5.15;0.41;-5.18;0.43;-5.18;0.44;-5.18;0.44;-5.18;CACC
2162;18.2;24.2;0.8;8;80;5;Successful;Effective;No;No;No;No;No;No;0.0;-5.0;0.2;-5.1;0.32;-5.13;0.38;-5.15;0.41;-5.18;0.43;-5.18;0.44;-5.18;0.44;-5.18;CACC
2163;18.2;24.2;0.8;10;80;5;Successful;Effective;No;No;No;No;No;No;0.0;-5.0;0.2;-5.1;0.32;-5.13;0.38;-5.15;0.41;-5.18;0.43;-5.18;0.44;-5.18;0.44;-5.18;CACC
2164;18.2;24.2;0.8;5;100;5;Successful;Effective;No;No;No;No;No;No;0.0;-5.0;0.25;-5.1;0.39;-5.14;0.47;-5.16;0.51;-5.2;0.54;-5.2;0.55;-5.21;0.55;-5.21;CACC
2165;18.2;24.2;0.8;8;100;5;Successful;Effective;No;No;No;No;No;No;0.0;-5.0;0.25;-5.1;0.39;-5.14;0.47;-5.16;0.51;-5.2;0.54;-5.2;0.55;-5.21;0.55;-5.21;CACC
2166;18.2;24.2;0.8;10;100;5;Successful;Effective;No;No;No;No;No;No;0.0;-5.0;0.25;-5.1;0.39;-5.14;0.47;-5.16;0.51;-5.2;0.54;-5.2;0.55;-5.21;0.55;-5.21;CACC
2167;18.2;24.2;0.8;5;80;6;Successful;Effective;No;No;No;No;No;No;0.0;-6.0;0.2;-6.12;0.32;-6.13;0.38;-6.17;0.41;-6.21;0.43;-6.19;0.44;-6.19;0.44;-6.19;CACC
2168;18.2;24.2;0.8;8;80;6;Successful;Effective;No;No;No;No;No;No;0.0;-6.0;0.2;-6.12;0.32;-6.13;0.38;-6.17;0.41;-6.21;0.43;-6.19;0.44;-6.19;0.44;-6.19;CACC
2169;18.2;24.2;0.8;10;80;6;Successful;Effective;No;No;No;No;No;No;0.0;-6.0;0.2;-6.12;0.32;-6.13;0.38;-6.17;0.41;-6.21;0.43;-6.19;0.44;-6.19;0.44;-6.19;CACC
2170;18.2;24.2;0.8;5;100;6;Successful;Effective;No;No;No;No;No;No;0.0;-6.0;0.25;-6.12;0.39;-6.16;0.47;-6.18;0.51;-6.22;0.54;-6.23;0.55;-6.23;0.55;-6.23;CACC
2171;18.2;24.2;0.8;8;100;6;Successful;Effective;No;No;No;No;No;No;0.0;-6.0;0.25;-6.12;0.39;-6.16;0.47;-6.18;0.51;-6.22;0.54;-6.23;0.55;-6.23;0.55;-6.23;CACC
2172;18.2;24.2;0.8;10;100;6;Successful;Effective;No;No;No;No;No;No;0.0;-6.0;0.25;-6.12;0.39;-6.16;0.47;-6.18;0.51;-6.22;0.54;-6.23;0.55;-6.23;0.55;-6.23;CACC
2173;18.2;24.2;0.8;5;80;7;Successful;Effective;No;No;No;No;No;No;0.0;-7.0;0.2;-7.11;0.32;-7.11;0.38;-7.19;0.41;-7.21;0.43;-7.19;0.44;-7.18;0.44;-7.19;CACC
2174;18.2;24.2;0.8;8;80;7;Successful;Effective;No;No;No;No;No;No;0.0;-7.0;0.2;-7.11;0.32;-7.11;0.38;-7.19;0.41;-7.21;0.43;-7.19;0.44;-7.18;0.44;-7.19;CACC
2175;18.2;24.2;0.8;10;80;7;Successful;Effective;No;No;No;No;No;No;0.0;-7.0;0.2;-7.11;0.32;-7.11;0.38;-7.19;0.41;-7.21;0.43;-7.19;0.44;-7.18;0.44;-7.19;CACC
2176;18.2;24.2;0.8;5;100;7;Successful;Effective;No;No;No;No;No;No;0.0;-7.0;0.25;-7.14;0.39;-7.17;0.47;-7.2;0.51;-7.25;0.54;-7.24;0.55;-7.23;0.55;-7.23;CACC
2177;18.2;24.2;0.8;8;100;7;Successful;Effective;No;No;No;No;No;No;0.0;-7.0;0.25;-7.14;0.39;-7.17;0.47;-7.2;0.51;-7.25;0.54;-7.24;0.55;-7.23;0.55;-7.23;CACC
2178;18.2;24.2;0.8;10;100;7;Successful;Effective;No;No;No;No;No;No;0.0;-7.0;0.25;-7.14;0.39;-7.17;0.47;-7.2;0.51;-7.25;0.54;-7.24;0.55;-7.23;0.55;-7.23;CACC
2179;18.2;24.2;0.8;5;80;8;Successful;Effective;No;No;No;No;No;No;0.0;-7.99;0.2;-8.06;0.32;-8.12;0.38;-8.2;0.41;-8.21;0.43;-8.18;0.44;-8.17;0.44;-8.19;CACC
2180;18.2;24.2;0.8;8;80;8;Successful;Effective;No;No;No;No;No;No;0.0;-7.99;0.2;-8.06;0.32;-8.12;0.38;-8.2;0.41;-8.21;0.43;-8.18;0.44;-8.17;0.44;-8.19;CACC
2181;18.2;24.2;0.8;10;80;8;Successful;Effective;No;No;No;No;No;No;0.0;-7.99;0.2;-8.06;0.32;-8.12;0.38;-8.2;0.41;-8.21;0.43;-8.18;0.44;-8.17;0.44;-8.19;CACC
2182;18.2;24.2;0.8;5;100;8;Successful;Effective;No;No;No;No;No;No;0.0;-8.0;0.25;-8.15;0.39;-8.13;0.47;-8.22;0.51;-8.26;0.54;-8.24;0.55;-8.23;0.55;-8.24;CACC
2183;18.2;24.2;0.8;8;100;8;Successful;Effective;No;No;No;No;No;No;0.0;-8.0;0.25;-8.15;0.39;-8.13;0.47;-8.22;0.51;-8.26;0.54;-8.24;0.55;-8.23;0.55;-8.24;CACC
2184;18.2;24.2;0.8;10;100;8;Successful;Effective;No;No;No;No;No;No;0.0;-8.0;0.25;-8.15;0.39;-8.13;0.47;-8.22;0.51;-8.26;0.54;-8.24;0.55;-8.23;0.55;-8.24;CACC
2185;18.2;24.2;0.9;5;80;5;Successful;Effective;No;No;No;No;No;No;0.0;-5.0;0.2;-5.11;0.32;-5.13;0.38;-5.14;0.41;-5.18;0.43;-5.18;0.44;-5.18;0.44;-5.18;CACC
2186;18.2;24.2;0.9;8;80;5;Successful;Effective;No;No;No;No;No;No;0.0;-5.0;0.2;-5.11;0.32;-5.13;0.38;-5.14;0.41;-5.18;0.43;-5.18;0.44;-5.18;0.44;-5.18;CACC
2187;18.2;24.2;0.9;10;80;5;Successful;Effective;No;No;No;No;No;No;0.0;-5.0;0.2;-5.11;0.32;-5.13;0.38;-5.14;0.41;-5.18;0.43;-5.18;0.44;-5.18;0.44;-5.18;CACC
2188;18.2;24.2;0.9;5;100;5;Successful;Effective;No;No;No;No;No;No;0.0;-5.0;0.25;-5.11;0.39;-5.15;0.47;-5.16;0.51;-5.19;0.54;-5.2;0.55;-5.21;0.55;-5.21;CACC
2189;18.2;24.2;0.9;8;100;5;Successful;Effective;No;No;No;No;No;No;0.0;-5.0;0.25;-5.11;0.39;-5.15;0.47;-5.16;0.51;-5.19;0.54;-5.2;0.55;-5.21;0.55;-5.21;CACC
2190;18.2;24.2;0.9;10;100;5;Successful;Effective;No;No;No;No;No;No;0.0;-5.0;0.25;-5.11;0.39;-5.15;0.47;-5.16;0.51;-5.19;0.54;-5.2;0.55;-5.21;0.55;-5.21;CACC
2191;18.2;24.2;0.9;5;80;6;Successful;Effective;No;No;No;No;No;No;0.0;-6.0;0.2;-6.12;0.32;-6.09;0.38;-6.16;0.41;-6.19;0.43;-6.18;0.44;-6.17;0.44;-6.18;CACC
2192;18.2;24.2;0.9;8;80;6;Successful;Effective;No;No;No;No;No;No;0.0;-6.0;0.2;-6.12;0.32;-6.09;0.38;-6.16;0.41;-6.19;0.43;-6.18;0.44;-6.17;0.44;-6.18;CACC
2193;18.2;24.2;0.9;10;80;6;Successful;Effective;No;No;No;No;No;No;0.0;-6.0;0.2;-6.12;0.32;-6.09;0.38;-6.16;0.41;-6.19;0.43;-6.18;0.44;-6.17;0.44;-6.18;CACC
2194;18.2;24.2;0.9;5;100;6;Successful;Effective;No;No;No;No;No;No;0.0;-6.0;0.25;-6.13;0.39;-6.17;0.47;-6.17;0.51;-6.22;0.54;-6.22;0.55;-6.22;0.55;-6.22;CACC
2195;18.2;24.2;0.9;8;100;6;Successful;Effective;No;No;No;No;No;No;0.0;-6.0;0.25;-6.13;0.39;-6.17;0.47;-6.17;0.51;-6.22;0.54;-6.22;0.55;-6.22;0.55;-6.22;CACC
2196;18.2;24.2;0.9;10;100;6;Successful;Effective;No;No;No;No;No;No;0.0;-6.0;0.25;-6.13;0.39;-6.17;0.47;-6.17;0.51;-6.22;0.54;-6.22;0.55;-6.22;0.55;-6.22;CACC
2197;18.2;24.2;0.9;5;80;7;Successful;Effective;No;No;No;No;No;No;0.0;-7.0;0.2;-7.09;0.32;-7.09;0.38;-7.18;0.41;-7.2;0.43;-7.17;0.44;-7.16;0.44;-7.17;CACC
2198;18.2;24.2;0.9;8;80;7;Successful;Effective;No;No;No;No;No;No;0.0;-7.0;0.2;-7.09;0.32;-7.09;0.38;-7.18;0.41;-7.2;0.43;-7.17;0.44;-7.16;0.44;-7.17;CACC
2199;18.2;24.2;0.9;10;80;7;Successful;Effective;No;No;No;No;No;No;0.0;-7.0;0.2;-7.09;0.32;-7.09;0.38;-7.18;0.41;-7.2;0.43;-7.17;0.44;-7.16;0.44;-7.17;CACC
2200;18.2;24.2;0.9;5;100;7;Successful;Effective;No;No;No;No;No;No;0.0;-7.0;0.25;-7.15;0.39;-7.13;0.47;-7.19;0.51;-7.24;0.54;-7.23;0.55;-7.22;0.55;-7.22;CACC
2201;18.2;24.2;0.9;8;100;7;Successful;Effective;No;No;No;No;No;No;0.0;-7.0;0.25;-7.15;0.39;-7.13;0.47;-7.19;0.51;-7.24;0.54;-7.23;0.55;-7.22;0.55;-7.22;CACC
2202;18.2;24.2;0.9;10;100;7;Successful;Effective;No;No;No;No;No;No;0.0;-7.0;0.25;-7.15;0.39;-7.13;0.47;-7.19;0.51;-7.24;0.54;-7.23;0.55;-7.22;0.55;-7.22;CACC
2203;18.2;24.2;0.9;5;80;8;Successful;Effective;No;No;No;No;No;No;0.0;-7.99;0.2;-7.99;0.32;-8.1;0.38;-8.17;0.41;-8.19;0.43;-8.15;0.44;-8.15;0.44;-8.16;CACC
2204;18.2;24.2;0.9;8;80;8;Successful;Effective;No;No;No;No;No;No;0.0;-7.99;0.2;-7.99;0.32;-8.1;0.38;-8.17;0.41;-8.19;0.43;-8.15;0.44;-8.15;0.44;-8.16;CACC
2205;18.2;24.2;0.9;10;80;8;Successful;Effective;No;No;No;No;No;No;0.0;-7.99;0.2;-7.99;0.32;-8.1;0.38;-8.17;0.41;-8.19;0.43;-8.15;0.44;-8.15;0.44;-8.16;CACC
2206;18.2;24.2;0.9;5;100;8;Successful;Effective;No;No;No;No;No;No;0.0;-8.0;0.25;-8.15;0.39;-8.11;0.47;-8.21;0.51;-8.24;0.54;-8.22;0.55;-8.21;0.55;-8.22;CACC
2207;18.2;24.2;0.9;8;100;8;Successful;Effective;No;No;No;No;No;No;0.0;-8.0;0.25;-8.15;0.39;-8.11;0.47;-8.21;0.51;-8.24;0.54;-8.22;0.55;-8.21;0.55;-8.22;CACC
2208;18.2;24.2;0.9;10;100;8;Successful;Effective;No;No;No;No;No;No;0.0;-8.0;0.25;-8.15;0.39;-8.11;0.47;-8.21;0.51;-8.24;0.54;-8.22;0.55;-8.21;0.55;-8.22;CACC
2209;18.3;24.3;0.6;5;80;5;Successful;Effective;No;No;No;No;No;No;0.0;-5.0;0.2;-5.08;0.32;-5.13;0.38;-5.17;0.41;-5.19;0.43;-5.19;0.44;-5.19;0.44;-5.19;CACC
2210;18.3;24.3;0.6;8;80;5;Successful;Effective;No;No;No;No;No;No;0.0;-5.0;0.2;-5.08;0.32;-5.13;0.38;-5.17;0.41;-5.19;0.43;-5.19;0.44;-5.19;0.44;-5.19;CACC
2211;18.3;24.3;0.6;10;80;5;Successful;Effective;No;No;No;No;No;No;0.0;-5.0;0.2;-5.08;0.32;-5.13;0.38;-5.17;0.41;-5.19;0.43;-5.19;0.44;-5.19;0.44;-5.19;CACC
2212;18.3;24.3;0.6;5;100;5;Successful;Effective;No;No;No;No;No;No;0.0;-5.0;0.25;-5.09;0.39;-5.14;0.47;-5.18;0.51;-5.21;0.54;-5.21;0.55;-5.21;0.55;-5.21;CACC
2213;18.3;24.3;0.6;8;100;5;Successful;Effective;No;No;No;No;No;No;0.0;-5.0;0.25;-5.09;0.39;-5.14;0.47;-5.18;0.51;-5.21;0.54;-5.21;0.55;-5.21;0.55;-5.21;CACC
2214;18.3;24.3;0.6;10;100;5;Successful;Effective;No;No;No;No;No;No;0.0;-5.0;0.25;-5.09;0.39;-5.14;0.47;-5.18;0.51;-5.21;0.54;-5.21;0.55;-5.21;0.55;-5.21;CACC
2215;18.3;24.3;0.6;5;80;6;Successful;Effective;No;No;No;No;No;No;0.0;-6.0;0.2;-6.1;0.32;-6.15;0.38;-6.19;0.41;-6.22;0.43;-6.21;0.44;-6.2;0.44;-6.21;CACC
2216;18.3;24.3;0.6;8;80;6;Successful;Effective;No;No;No;No;No;No;0.0;-6.0;0.2;-6.1;0.32;-6.15;0.38;-6.19;0.41;-6.22;0.43;-6.21;0.44;-6.2;0.44;-6.21;CACC
2217;18.3;24.3;0.6;10;80;6;Successful;Effective;No;No;No;No;No;No;0.0;-6.0;0.2;-6.1;0.32;-6.15;0.38;-6.19;0.41;-6.22;0.43;-6.21;0.44;-6.2;0.44;-6.21;CACC
2218;18.3;24.3;0.6;5;100;6;Successful;Effective;No;No;No;No;No;No;0.0;-6.0;0.25;-6.1;0.39;-6.16;0.47;-6.2;0.51;-6.23;0.54;-6.23;0.55;-6.23;0.55;-6.23;CACC
2219;18.3;24.3;0.6;8;100;6;Successful;Effective;No;No;No;No;No;No;0.0;-6.0;0.25;-6.1;0.39;-6.16;0.47;-6.2;0.51;-6.23;0.54;-6.23;0.55;-6.23;0.55;-6.23;CACC
2220;18.3;24.3;0.6;10;100;6;Successful;Effective;No;No;No;No;No;No;0.0;-6.0;0.25;-6.1;0.39;-6.16;0.47;-6.2;0.51;-6.23;0.54;-6.23;0.55;-6.23;0.55;-6.23;CACC
2221;18.3;24.3;0.6;5;80;7;Successful;Effective;No;No;No;No;No;No;0.0;-7.0;0.2;-7.11;0.32;-7.16;0.38;-7.21;0.41;-7.24;0.43;-7.22;0.44;-7.21;0.44;-7.22;CACC
2222;18.3;24.3;0.6;8;80;7;Successful;Effective;No;No;No;No;No;No;0.0;-7.0;0.2;-7.11;0.32;-7.16;0.38;-7.21;0.41;-7.24;0.43;-7.22;0.44;-7.21;0.44;-7.22;CACC
2223;18.3;24.3;0.6;10;80;7;Successful;Effective;No;No;No;No;No;No;0.0;-7.0;0.2;-7.11;0.32;-7.16;0.38;-7.21;0.41;-7.24;0.43;-7.22;0.44;-7.21;0.44;-7.22;CACC
2224;18.3;24.3;0.6;5;100;7;Successful;Effective;No;No;No;No;No;No;0.0;-7.0;0.25;-7.12;0.39;-7.18;0.47;-7.23;0.51;-7.26;0.54;-7.25;0.55;-7.25;0.55;-7.25;CACC
2225;18.3;24.3;0.6;8;100;7;Successful;Effective;No;No;No;No;No;No;0.0;-7.0;0.25;-7.12;0.39;-7.18;0.47;-7.23;0.51;-7.26;0.54;-7.25;0.55;-7.25;0.55;-7.25;CACC
2226;18.3;24.3;0.6;10;100;7;Successful;Effective;No;No;No;No;No;No;0.0;-7.0;0.25;-7.12;0.39;-7.18;0.47;-7.23;0.51;-7.26;0.54;-7.25;0.55;-7.25;0.55;-7.25;CACC
2227;18.3;24.3;0.6;5;80;8;Successful;Effective;No;No;No;No;No;No;0.0;-7.99;0.2;-8.11;0.32;-8.16;0.38;-8.24;0.41;-8.26;0.43;-8.23;0.44;-8.22;0.44;-8.23;CACC
2228;18.3;24.3;0.6;8;80;8;Successful;Effective;No;No;No;No;No;No;0.0;-7.99;0.2;-8.11;0.32;-8.16;0.38;-8.24;0.41;-8.26;0.43;-8.23;0.44;-8.22;0.44;-8.23;CACC
2229;18.3;24.3;0.6;10;80;8;Successful;Effective;No;No;No;No;No;No;0.0;-7.99;0.2;-8.11;0.32;-8.16;0.38;-8.24;0.41;-8.26;0.43;-8.23;0.44;-8.22;0.44;-8.23;CACC
2230;18.3;24.3;0.6;5;100;8;Successful;Effective;No;No;No;No;No;No;0.0;-8.0;0.25;-8.13;0.39;-8.2;0.47;-8.25;0.51;-8.28;0.54;-8.27;0.55;-8.26;0.55;-8.27;CACC
2231;18.3;24.3;0.6;8;100;8;Successful;Effective;No;No;No;No;No;No;0.0;-8.0;0.25;-8.13;0.39;-8.2;0.47;-8.25;0.51;-8.28;0.54;-8.27;0.55;-8.26;0.55;-8.27;CACC
2232;18.3;24.3;0.6;10;100;8;Successful;Effective;No;No;No;No;No;No;0.0;-8.0;0.25;-8.13;0.39;-8.2;0.47;-8.25;0.51;-8.28;0.54;-8.27;0.55;-8.26;0.55;-8.27;CACC
2233;18.3;24.3;0.7;5;80;5;Successful;Effective;No;No;No;No;No;No;0.0;-5.0;0.2;-5.09;0.32;-5.13;0.38;-5.16;0.41;-5.19;0.43;-5.18;0.44;-5.18;0.44;-5.19;CACC
2234;18.3;24.3;0.7;8;80;5;Successful;Effective;No;No;No;No;No;No;0.0;-5.0;0.2;-5.09;0.32;-5.13;0.38;-5.16;0.41;-5.19;0.43;-5.18;0.44;-5.18;0.44;-5.19;CACC
2235;18.3;24.3;0.7;10;80;5;Successful;Effective;No;No;No;No;No;No;0.0;-5.0;0.2;-5.09;0.32;-5.13;0.38;-5.16;0.41;-5.19;0.43;-5.18;0.44;-5.18;0.44;-5.19;CACC
2236;18.3;24.3;0.7;5;100;5;Successful;Effective;No;No;No;No;No;No;0.0;-5.0;0.25;-5.09;0.39;-5.13;0.47;-5.17;0.51;-5.2;0.54;-5.2;0.55;-5.2;0.55;-5.21;CACC
2237;18.3;24.3;0.7;8;100;5;Successful;Effective;No;No;No;No;No;No;0.0;-5.0;0.25;-5.09;0.39;-5.13;0.47;-5.17;0.51;-5.2;0.54;-5.2;0.55;-5.2;0.55;-5.21;CACC
2238;18.3;24.3;0.7;10;100;5;Successful;Effective;No;No;No;No;No;No;0.0;-5.0;0.25;-5.09;0.39;-5.13;0.47;-5.17;0.51;-5.2;0.54;-5.2;0.55;-5.2;0.55;-5.21;CACC
2239;18.3;24.3;0.7;5;80;6;Successful;Effective;No;No;No;No;No;No;0.0;-6.0;0.2;-6.1;0.32;-6.14;0.38;-6.18;0.41;-6.21;0.43;-6.2;0.44;-6.2;0.44;-6.2;CACC
2240;18.3;24.3;0.7;8;80;6;Successful;Effective;No;No;No;No;No;No;0.0;-6.0;0.2;-6.1;0.32;-6.14;0.38;-6.18;0.41;-6.21;0.43;-6.2;0.44;-6.2;0.44;-6.2;CACC
2241;18.3;24.3;0.7;10;80;6;Successful;Effective;No;No;No;No;No;No;0.0;-6.0;0.2;-6.1;0.32;-6.14;0.38;-6.18;0.41;-6.21;0.43;-6.2;0.44;-6.2;0.44;-6.2;CACC
2242;18.3;24.3;0.7;5;100;6;Successful;Effective;No;No;No;No;No;No;0.0;-6.0;0.25;-6.11;0.39;-6.15;0.47;-6.2;0.51;-6.23;0.54;-6.23;0.55;-6.22;0.55;-6.23;CACC
2243;18.3;24.3;0.7;8;100;6;Successful;Effective;No;No;No;No;No;No;0.0;-6.0;0.25;-6.11;0.39;-6.15;0.47;-6.2;0.51;-6.23;0.54;-6.23;0.55;-6.22;0.55;-6.23;CACC
2244;18.3;24.3;0.7;10;100;6;Successful;Effective;No;No;No;No;No;No;0.0;-6.0;0.25;-6.11;0.39;-6.15;0.47;-6.2;0.51;-6.23;0.54;-6.23;0.55;-6.22;0.55;-6.23;CACC
2245;18.3;24.3;0.7;5;80;7;Successful;Effective;No;No;No;No;No;No;0.0;-7.0;0.2;-7.11;0.32;-7.14;0.38;-7.2;0.41;-7.23;0.43;-7.21;0.44;-7.2;0.44;-7.21;CACC
2246;18.3;24.3;0.7;8;80;7;Successful;Effective;No;No;No;No;No;No;0.0;-7.0;0.2;-7.11;0.32;-7.14;0.38;-7.2;0.41;-7.23;0.43;-7.21;0.44;-7.2;0.44;-7.21;CACC
2247;18.3;24.3;0.7;10;80;7;Successful;Effective;No;No;No;No;No;No;0.0;-7.0;0.2;-7.11;0.32;-7.14;0.38;-7.2;0.41;-7.23;0.43;-7.21;0.44;-7.2;0.44;-7.21;CACC
2248;18.3;24.3;0.7;5;100;7;Successful;Effective;No;No;No;No;No;No;0.0;-7.0;0.25;-7.12;0.39;-7.17;0.47;-7.22;0.51;-7.25;0.54;-7.25;0.55;-7.24;0.55;-7.25;CACC
2249;18.3;24.3;0.7;8;100;7;Successful;Effective;No;No;No;No;No;No;0.0;-7.0;0.25;-7.12;0.39;-7.17;0.47;-7.22;0.51;-7.25;0.54;-7.25;0.55;-7.24;0.55;-7.25;CACC
2250;18.3;24.3;0.7;10;100;7;Successful;Effective;No;No;No;No;No;No;0.0;-7.0;0.25;-7.12;0.39;-7.17;0.47;-7.22;0.51;-7.25;0.54;-7.25;0.55;-7.24;0.55;-7.25;CACC
2251;18.3;24.3;0.7;5;80;8;Successful;Effective;No;No;No;No;No;No;0.0;-7.99;0.2;-8.09;0.32;-8.15;0.38;-8.22;0.41;-8.24;0.43;-8.21;0.44;-8.19;0.44;-8.21;CACC
2252;18.3;24.3;0.7;8;80;8;Successful;Effective;No;No;No;No;No;No;0.0;-7.99;0.2;-8.09;0.32;-8.15;0.38;-8.22;0.41;-8.24;0.43;-8.21;0.44;-8.19;0.44;-8.21;CACC
2253;18.3;24.3;0.7;10;80;8;Successful;Effective;No;No;No;No;No;No;0.0;-7.99;0.2;-8.09;0.32;-8.15;0.38;-8.22;0.41;-8.24;0.43;-8.21;0.44;-8.19;0.44;-8.21;CACC
2254;18.3;24.3;0.7;5;100;8;Successful;Effective;No;No;No;No;No;No;0.0;-8.0;0.25;-8.13;0.39;-8.17;0.47;-8.24;0.51;-8.28;0.54;-8.26;0.55;-8.25;0.55;-8.26;CACC
2255;18.3;24.3;0.7;8;100;8;Successful;Effective;No;No;No;No;No;No;0.0;-8.0;0.25;-8.13;0.39;-8.17;0.47;-8.24;0.51;-8.28;0.54;-8.26;0.55;-8.25;0.55;-8.26;CACC
2256;18.3;24.3;0.7;10;100;8;Successful;Effective;No;No;No;No;No;No;0.0;-8.0;0.25;-8.13;0.39;-8.17;0.47;-8.24;0.51;-8.28;0.54;-8.26;0.55;-8.25;0.55;-8.26;CACC
2257;18.3;24.3;0.8;5;80;5;Successful;Effective;No;No;No;No;No;No;0.0;-5.0;0.2;-5.09;0.32;-5.12;0.38;-5.15;0.41;-5.18;0.43;-5.18;0.44;-5.18;0.44;-5.18;CACC
2258;18.3;24.3;0.8;8;80;5;Successful;Effective;No;No;No;No;No;No;0.0;-5.0;0.2;-5.09;0.32;-5.12;0.38;-5.15;0.41;-5.18;0.43;-5.18;0.44;-5.18;0.44;-5.18;CACC
2259;18.3;24.3;0.8;10;80;5;Successful;Effective;No;No;No;No;No;No;0.0;-5.0;0.2;-5.09;0.32;-5.12;0.38;-5.15;0.41;-5.18;0.43;-5.18;0.44;-5.18;0.44;-5.18;CACC
2260;18.3;24.3;0.8;5;100;5;Successful;Effective;No;No;No;No;No;No;0.0;-5.0;0.25;-5.09;0.39;-5.13;0.47;-5.17;0.51;-5.2;0.54;-5.2;0.55;-5.2;0.55;-5.2;CACC
2261;18.3;24.3;0.8;8;100;5;Successful;Effective;No;No;No;No;No;No;0.0;-5.0;0.25;-5.09;0.39;-5.13;0.47;-5.17;0.51;-5.2;0.54;-5.2;0.55;-5.2;0.55;-5.2;CACC
2262;18.3;24.3;0.8;10;100;5;Successful;Effective;No;No;No;No;No;No;0.0;-5.0;0.25;-5.09;0.39;-5.13;0.47;-5.17;0.51;-5.2;0.54;-5.2;0.55;-5.2;0.55;-5.2;CACC
2263;18.3;24.3;0.8;5;80;6;Successful;Effective;No;No;No;No;No;No;0.0;-6.0;0.2;-6.11;0.32;-6.12;0.38;-6.17;0.41;-6.21;0.43;-6.2;0.44;-6.19;0.44;-6.19;CACC
2264;18.3;24.3;0.8;8;80;6;Successful;Effective;No;No;No;No;No;No;0.0;-6.0;0.2;-6.11;0.32;-6.12;0.38;-6.17;0.41;-6.21;0.43;-6.2;0.44;-6.19;0.44;-6.19;CACC
2265;18.3;24.3;0.8;10;80;6;Successful;Effective;No;No;No;No;No;No;0.0;-6.0;0.2;-6.11;0.32;-6.12;0.38;-6.17;0.41;-6.21;0.43;-6.2;0.44;-6.19;0.44;-6.19;CACC
2266;18.3;24.3;0.8;5;100;6;Successful;Effective;No;No;No;No;No;No;0.0;-6.0;0.25;-6.11;0.39;-6.15;0.47;-6.19;0.51;-6.22;0.54;-6.22;0.55;-6.22;0.55;-6.22;CACC
2267;18.3;24.3;0.8;8;100;6;Successful;Effective;No;No;No;No;No;No;0.0;-6.0;0.25;-6.11;0.39;-6.15;0.47;-6.19;0.51;-6.22;0.54;-6.22;0.55;-6.22;0.55;-6.22;CACC
2268;18.3;24.3;0.8;10;100;6;Successful;Effective;No;No;No;No;No;No;0.0;-6.0;0.25;-6.11;0.39;-6.15;0.47;-6.19;0.51;-6.22;0.54;-6.22;0.55;-6.22;0.55;-6.22;CACC
2269;18.3;24.3;0.8;5;80;7;Successful;Effective;No;No;No;No;No;No;0.0;-7.0;0.2;-7.1;0.32;-7.12;0.38;-7.19;0.41;-7.21;0.43;-7.19;0.44;-7.18;0.44;-7.19;CACC
2270;18.3;24.3;0.8;8;80;7;Successful;Effective;No;No;No;No;No;No;0.0;-7.0;0.2;-7.1;0.32;-7.12;0.38;-7.19;0.41;-7.21;0.43;-7.19;0.44;-7.18;0.44;-7.19;CACC
2271;18.3;24.3;0.8;10;80;7;Successful;Effective;No;No;No;No;No;No;0.0;-7.0;0.2;-7.1;0.32;-7.12;0.38;-7.19;0.41;-7.21;0.43;-7.19;0.44;-7.18;0.44;-7.19;CACC
2272;18.3;24.3;0.8;5;100;7;Successful;Effective;No;No;No;No;No;No;0.0;-7.0;0.25;-7.13;0.39;-7.16;0.47;-7.21;0.51;-7.25;0.54;-7.24;0.55;-7.23;0.55;-7.23;CACC
2273;18.3;24.3;0.8;8;100;7;Successful;Effective;No;No;No;No;No;No;0.0;-7.0;0.25;-7.13;0.39;-7.16;0.47;-7.21;0.51;-7.25;0.54;-7.24;0.55;-7.23;0.55;-7.23;CACC
2274;18.3;24.3;0.8;10;100;7;Successful;Effective;No;No;No;No;No;No;0.0;-7.0;0.25;-7.13;0.39;-7.16;0.47;-7.21;0.51;-7.25;0.54;-7.24;0.55;-7.23;0.55;-7.23;CACC
2275;18.3;24.3;0.8;5;80;8;Successful;Effective;No;No;No;No;No;No;0.0;-7.99;0.2;-8.05;0.32;-8.14;0.38;-8.21;0.41;-8.22;0.43;-8.19;0.44;-8.18;0.44;-8.2;CACC
2276;18.3;24.3;0.8;8;80;8;Successful;Effective;No;No;No;No;No;No;0.0;-7.99;0.2;-8.05;0.32;-8.14;0.38;-8.21;0.41;-8.22;0.43;-8.19;0.44;-8.18;0.44;-8.2;CACC
2277;18.3;24.3;0.8;10;80;8;Successful;Effective;No;No;No;No;No;No;0.0;-7.99;0.2;-8.05;0.32;-8.14;0.38;-8.21;0.41;-8.22;0.43;-8.19;0.44;-8.18;0.44;-8.2;CACC
2278;18.3;24.3;0.8;5;100;8;Successful;Effective;No;No;No;No;No;No;0.0;-8.0;0.25;-8.14;0.39;-8.15;0.47;-8.23;0.51;-8.26;0.54;-8.25;0.55;-8.24;0.55;-8.24;CACC
2279;18.3;24.3;0.8;8;100;8;Successful;Effective;No;No;No;No;No;No;0.0;-8.0;0.25;-8.14;0.39;-8.15;0.47;-8.23;0.51;-8.26;0.54;-8.25;0.55;-8.24;0.55;-8.24;CACC
2280;18.3;24.3;0.8;10;100;8;Successful;Effective;No;No;No;No;No;No;0.0;-8.0;0.25;-8.14;0.39;-8.15;0.47;-8.23;0.51;-8.26;0.54;-8.25;0.55;-8.24;0.55;-8.24;CACC
2281;18.3;24.3;0.9;5;80;5;Successful;Effective;No;No;No;No;No;No;0.0;-5.0;0.2;-5.1;0.32;-5.12;0.38;-5.15;0.41;-5.18;0.43;-5.18;0.44;-5.17;0.44;-5.17;CACC
2282;18.3;24.3;0.9;8;80;5;Successful;Effective;No;No;No;No;No;No;0.0;-5.0;0.2;-5.1;0.32;-5.12;0.38;-5.15;0.41;-5.18;0.43;-5.18;0.44;-5.17;0.44;-5.17;CACC
2283;18.3;24.3;0.9;10;80;5;Successful;Effective;No;No;No;No;No;No;0.0;-5.0;0.2;-5.1;0.32;-5.12;0.38;-5.15;0.41;-5.18;0.43;-5.18;0.44;-5.17;0.44;-5.17;CACC
2284;18.3;24.3;0.9;5;100;5;Successful;Effective;No;No;No;No;No;No;0.0;-5.0;0.25;-5.1;0.39;-5.13;0.47;-5.16;0.51;-5.19;0.54;-5.2;0.55;-5.2;0.55;-5.2;CACC
2285;18.3;24.3;0.9;8;100;5;Successful;Effective;No;No;No;No;No;No;0.0;-5.0;0.25;-5.1;0.39;-5.13;0.47;-5.16;0.51;-5.19;0.54;-5.2;0.55;-5.2;0.55;-5.2;CACC
2286;18.3;24.3;0.9;10;100;5;Successful;Effective;No;No;No;No;No;No;0.0;-5.0;0.25;-5.1;0.39;-5.13;0.47;-5.16;0.51;-5.19;0.54;-5.2;0.55;-5.2;0.55;-5.2;CACC
2287;18.3;24.3;0.9;5;80;6;Successful;Effective;No;No;No;No;No;No;0.0;-6.0;0.2;-6.11;0.32;-6.1;0.38;-6.17;0.41;-6.19;0.43;-6.18;0.44;-6.18;0.44;-6.18;CACC
2288;18.3;24.3;0.9;8;80;6;Successful;Effective;No;No;No;No;No;No;0.0;-6.0;0.2;-6.11;0.32;-6.1;0.38;-6.17;0.41;-6.19;0.43;-6.18;0.44;-6.18;0.44;-6.18;CACC
2289;18.3;24.3;0.9;10;80;6;Successful;Effective;No;No;No;No;No;No;0.0;-6.0;0.2;-6.11;0.32;-6.1;0.38;-6.17;0.41;-6.19;0.43;-6.18;0.44;-6.18;0.44;-6.18;CACC
2290;18.3;24.3;0.9;5;100;6;Successful;Effective;No;No;No;No;No;No;0.0;-6.0;0.25;-6.12;0.39;-6.15;0.47;-6.18;0.51;-6.22;0.54;-6.22;0.55;-6.22;0.55;-6.22;CACC
2291;18.3;24.3;0.9;8;100;6;Successful;Effective;No;No;No;No;No;No;0.0;-6.0;0.25;-6.12;0.39;-6.15;0.47;-6.18;0.51;-6.22;0.54;-6.22;0.55;-6.22;0.55;-6.22;CACC
2292;18.3;24.3;0.9;10;100;6;Successful;Effective;No;No;No;No;No;No;0.0;-6.0;0.25;-6.12;0.39;-6.15;0.47;-6.18;0.51;-6.22;0.54;-6.22;0.55;-6.22;0.55;-6.22;CACC
2293;18.3;24.3;0.9;5;80;7;Successful;Effective;No;No;No;No;No;No;0.0;-7.0;0.2;-7.07;0.32;-7.11;0.38;-7.19;0.41;-7.21;0.43;-7.18;0.44;-7.17;0.44;-7.18;CACC
2294;18.3;24.3;0.9;8;80;7;Successful;Effective;No;No;No;No;No;No;0.0;-7.0;0.2;-7.07;0.32;-7.11;0.38;-7.19;0.41;-7.21;0.43;-7.18;0.44;-7.17;0.44;-7.18;CACC
2295;18.3;24.3;0.9;10;80;7;Successful;Effective;No;No;No;No;No;No;0.0;-7.0;0.2;-7.07;0.32;-7.11;0.38;-7.19;0.41;-7.21;0.43;-7.18;0.44;-7.17;0.44;-7.18;CACC
2296;18.3;24.3;0.9;5;100;7;Successful;Effective;No;No;No;No;No;No;0.0;-7.0;0.25;-7.13;0.39;-7.12;0.47;-7.2;0.51;-7.24;0.54;-7.23;0.55;-7.22;0.55;-7.23;CACC
2297;18.3;24.3;0.9;8;100;7;Successful;Effective;No;No;No;No;No;No;0.0;-7.0;0.25;-7.13;0.39;-7.12;0.47;-7.2;0.51;-7.24;0.54;-7.23;0.55;-7.22;0.55;-7.23;CACC
2298;18.3;24.3;0.9;10;100;7;Successful;Effective;No;No;No;No;No;No;0.0;-7.0;0.25;-7.13;0.39;-7.12;0.47;-7.2;0.51;-7.24;0.54;-7.23;0.55;-7.22;0.55;-7.23;CACC
2299;18.3;24.3;0.9;5;80;8;Successful;Effective;No;No;No;No;No;No;0.0;-7.99;0.2;-8.01;0.32;-8.13;0.38;-8.18;0.41;-8.2;0.43;-8.16;0.44;-8.16;0.44;-8.17;CACC
2300;18.3;24.3;0.9;8;80;8;Successful;Effective;No;No;No;No;No;No;0.0;-7.99;0.2;-8.01;0.32;-8.13;0.38;-8.18;0.41;-8.2;0.43;-8.16;0.44;-8.16;0.44;-8.17;CACC
2301;18.3;24.3;0.9;10;80;8;Successful;Effective;No;No;No;No;No;No;0.0;-7.99;0.2;-8.01;0.32;-8.13;0.38;-8.18;0.41;-8.2;0.43;-8.16;0.44;-8.16;0.44;-8.17;CACC
2302;18.3;24.3;0.9;5;100;8;Successful;Effective;No;No;No;No;No;No;0.0;-8.0;0.25;-8.13;0.39;-8.13;0.47;-8.22;0.51;-8.24;0.54;-8.22;0.55;-8.21;0.55;-8.22;CACC
2303;18.3;24.3;0.9;8;100;8;Successful;Effective;No;No;No;No;No;No;0.0;-8.0;0.25;-8.13;0.39;-8.13;0.47;-8.22;0.51;-8.24;0.54;-8.22;0.55;-8.21;0.55;-8.22;CACC
2304;18.3;24.3;0.9;10;100;8;Successful;Effective;No;No;No;No;No;No;0.0;-8.0;0.25;-8.13;0.39;-8.13;0.47;-8.22;0.51;-8.24;0.54;-8.22;0.55;-8.21;0.55;-8.22;CACC
2305;18.4;24.4;0.6;5;80;5;Successful;Effective;No;No;No;No;No;No;0.0;-5.0;0.2;-5.08;0.32;-5.13;0.38;-5.17;0.41;-5.19;0.43;-5.19;0.44;-5.18;0.44;-5.19;CACC
2306;18.4;24.4;0.6;8;80;5;Successful;Effective;No;No;No;No;No;No;0.0;-5.0;0.2;-5.08;0.32;-5.13;0.38;-5.17;0.41;-5.19;0.43;-5.19;0.44;-5.18;0.44;-5.19;CACC
2307;18.4;24.4;0.6;10;80;5;Successful;Effective;No;No;No;No;No;No;0.0;-5.0;0.2;-5.08;0.32;-5.13;0.38;-5.17;0.41;-5.19;0.43;-5.19;0.44;-5.18;0.44;-5.19;CACC
2308;18.4;24.4;0.6;5;100;5;Successful;Effective;No;No;No;No;No;No;0.0;-5.0;0.25;-5.08;0.39;-5.13;0.47;-5.18;0.51;-5.21;0.54;-5.21;0.55;-5.21;0.55;-5.21;CACC
2309;18.4;24.4;0.6;8;100;5;Successful;Effective;No;No;No;No;No;No;0.0;-5.0;0.25;-5.08;0.39;-5.13;0.47;-5.18;0.51;-5.21;0.54;-5.21;0.55;-5.21;0.55;-5.21;CACC
2310;18.4;24.4;0.6;10;100;5;Successful;Effective;No;No;No;No;No;No;0.0;-5.0;0.25;-5.08;0.39;-5.13;0.47;-5.18;0.51;-5.21;0.54;-5.21;0.55;-5.21;0.55;-5.21;CACC
2311;18.4;24.4;0.6;5;80;6;Successful;Effective;No;No;No;No;No;No;0.0;-6.0;0.2;-6.09;0.32;-6.14;0.38;-6.19;0.41;-6.22;0.43;-6.21;0.44;-6.2;0.44;-6.21;CACC
2312;18.4;24.4;0.6;8;80;6;Successful;Effective;No;No;No;No;No;No;0.0;-6.0;0.2;-6.09;0.32;-6.14;0.38;-6.19;0.41;-6.22;0.43;-6.21;0.44;-6.2;0.44;-6.21;CACC
2313;18.4;24.4;0.6;10;80;6;Successful;Effective;No;No;No;No;No;No;0.0;-6.0;0.2;-6.09;0.32;-6.14;0.38;-6.19;0.41;-6.22;0.43;-6.21;0.44;-6.2;0.44;-6.21;CACC
2314;18.4;24.4;0.6;5;100;6;Successful;Effective;No;No;No;No;No;No;0.0;-6.0;0.25;-6.1;0.39;-6.15;0.47;-6.21;0.51;-6.23;0.54;-6.23;0.55;-6.22;0.55;-6.23;CACC
2315;18.4;24.4;0.6;8;100;6;Successful;Effective;No;No;No;No;No;No;0.0;-6.0;0.25;-6.1;0.39;-6.15;0.47;-6.21;0.51;-6.23;0.54;-6.23;0.55;-6.22;0.55;-6.23;CACC
2316;18.4;24.4;0.6;10;100;6;Successful;Effective;No;No;No;No;No;No;0.0;-6.0;0.25;-6.1;0.39;-6.15;0.47;-6.21;0.51;-6.23;0.54;-6.23;0.55;-6.22;0.55;-6.23;CACC
2317;18.4;24.4;0.6;5;80;7;Successful;Effective;No;No;No;No;No;No;0.0;-7.0;0.2;-7.11;0.32;-7.16;0.38;-7.22;0.41;-7.24;0.43;-7.22;0.44;-7.21;0.44;-7.22;CACC
2318;18.4;24.4;0.6;8;80;7;Successful;Effective;No;No;No;No;No;No;0.0;-7.0;0.2;-7.11;0.32;-7.16;0.38;-7.22;0.41;-7.24;0.43;-7.22;0.44;-7.21;0.44;-7.22;CACC
2319;18.4;24.4;0.6;10;80;7;Successful;Effective;No;No;No;No;No;No;0.0;-7.0;0.2;-7.11;0.32;-7.16;0.38;-7.22;0.41;-7.24;0.43;-7.22;0.44;-7.21;0.44;-7.22;CACC
2320;18.4;24.4;0.6;5;100;7;Successful;Effective;No;No;No;No;No;No;0.0;-7.0;0.25;-7.11;0.39;-7.17;0.47;-7.23;0.51;-7.26;0.54;-7.25;0.55;-7.24;0.55;-7.25;CACC
2321;18.4;24.4;0.6;8;100;7;Successful;Effective;No;No;No;No;No;No;0.0;-7.0;0.25;-7.11;0.39;-7.17;0.47;-7.23;0.51;-7.26;0.54;-7.25;0.55;-7.24;0.55;-7.25;CACC
2322;18.4;24.4;0.6;10;100;7;Successful;Effective;No;No;No;No;No;No;0.0;-7.0;0.25;-7.11;0.39;-7.17;0.47;-7.23;0.51;-7.26;0.54;-7.25;0.55;-7.24;0.55;-7.25;CACC
2323;18.4;24.4;0.6;5;80;8;Successful;Effective;No;No;No;No;No;No;0.0;-7.99;0.2;-8.11;0.32;-8.17;0.38;-8.24;0.41;-8.26;0.43;-8.23;0.44;-8.22;0.44;-8.24;CACC
2324;18.4;24.4;0.6;8;80;8;Successful;Effective;No;No;No;No;No;No;0.0;-7.99;0.2;-8.11;0.32;-8.17;0.38;-8.24;0.41;-8.26;0.43;-8.23;0.44;-8.22;0.44;-8.24;CACC
2325;18.4;24.4;0.6;10;80;8;Successful;Effective;No;No;No;No;No;No;0.0;-7.99;0.2;-8.11;0.32;-8.17;0.38;-8.24;0.41;-8.26;0.43;-8.23;0.44;-8.22;0.44;-8.24;CACC
2326;18.4;24.4;0.6;5;100;8;Successful;Effective;No;No;No;No;No;No;0.0;-8.0;0.25;-8.12;0.39;-8.19;0.47;-8.25;0.51;-8.28;0.54;-8.27;0.55;-8.26;0.55;-8.27;CACC
2327;18.4;24.4;0.6;8;100;8;Successful;Effective;No;No;No;No;No;No;0.0;-8.0;0.25;-8.12;0.39;-8.19;0.47;-8.25;0.51;-8.28;0.54;-8.27;0.55;-8.26;0.55;-8.27;CACC
2328;18.4;24.4;0.6;10;100;8;Successful;Effective;No;No;No;No;No;No;0.0;-8.0;0.25;-8.12;0.39;-8.19;0.47;-8.25;0.51;-8.28;0.54;-8.27;0.55;-8.26;0.55;-8.27;CACC
2329;18.4;24.4;0.7;5;80;5;Successful;Effective;No;No;No;No;No;No;0.0;-5.0;0.2;-5.08;0.32;-5.12;0.38;-5.16;0.41;-5.19;0.43;-5.18;0.44;-5.18;0.44;-5.18;CACC
2330;18.4;24.4;0.7;8;80;5;Successful;Effective;No;No;No;No;No;No;0.0;-5.0;0.2;-5.08;0.32;-5.12;0.38;-5.16;0.41;-5.19;0.43;-5.18;0.44;-5.18;0.44;-5.18;CACC
2331;18.4;24.4;0.7;10;80;5;Successful;Effective;No;No;No;No;No;No;0.0;-5.0;0.2;-5.08;0.32;-5.12;0.38;-5.16;0.41;-5.19;0.43;-5.18;0.44;-5.18;0.44;-5.18;CACC
2332;18.4;24.4;0.7;5;100;5;Successful;Effective;No;No;No;No;No;No;0.0;-5.0;0.25;-5.08;0.39;-5.13;0.47;-5.18;0.51;-5.2;0.54;-5.2;0.55;-5.2;0.55;-5.21;CACC
2333;18.4;24.4;0.7;8;100;5;Successful;Effective;No;No;No;No;No;No;0.0;-5.0;0.25;-5.08;0.39;-5.13;0.47;-5.18;0.51;-5.2;0.54;-5.2;0.55;-5.2;0.55;-5.21;CACC
2334;18.4;24.4;0.7;10;100;5;Successful;Effective;No;No;No;No;No;No;0.0;-5.0;0.25;-5.08;0.39;-5.13;0.47;-5.18;0.51;-5.2;0.54;-5.2;0.55;-5.2;0.55;-5.21;CACC
2335;18.4;24.4;0.7;5;80;6;Successful;Effective;No;No;No;No;No;No;0.0;-6.0;0.2;-6.09;0.32;-6.13;0.38;-6.19;0.41;-6.21;0.43;-6.2;0.44;-6.2;0.44;-6.2;CACC
2336;18.4;24.4;0.7;8;80;6;Successful;Effective;No;No;No;No;No;No;0.0;-6.0;0.2;-6.09;0.32;-6.13;0.38;-6.19;0.41;-6.21;0.43;-6.2;0.44;-6.2;0.44;-6.2;CACC
2337;18.4;24.4;0.7;10;80;6;Successful;Effective;No;No;No;No;No;No;0.0;-6.0;0.2;-6.09;0.32;-6.13;0.38;-6.19;0.41;-6.21;0.43;-6.2;0.44;-6.2;0.44;-6.2;CACC
2338;18.4;24.4;0.7;5;100;6;Successful;Effective;No;No;No;No;No;No;0.0;-6.0;0.25;-6.1;0.39;-6.14;0.47;-6.2;0.51;-6.23;0.54;-6.22;0.55;-6.22;0.55;-6.23;CACC
2339;18.4;24.4;0.7;8;100;6;Successful;Effective;No;No;No;No;No;No;0.0;-6.0;0.25;-6.1;0.39;-6.14;0.47;-6.2;0.51;-6.23;0.54;-6.22;0.55;-6.22;0.55;-6.23;CACC
2340;18.4;24.4;0.7;10;100;6;Successful;Effective;No;No;No;No;No;No;0.0;-6.0;0.25;-6.1;0.39;-6.14;0.47;-6.2;0.51;-6.23;0.54;-6.22;0.55;-6.22;0.55;-6.23;CACC
2341;18.4;24.4;0.7;5;80;7;Successful;Effective;No;No;No;No;No;No;0.0;-7.0;0.2;-7.1;0.32;-7.15;0.38;-7.21;0.41;-7.23;0.43;-7.21;0.44;-7.2;0.44;-7.21;CACC
2342;18.4;24.4;0.7;8;80;7;Successful;Effective;No;No;No;No;No;No;0.0;-7.0;0.2;-7.1;0.32;-7.15;0.38;-7.21;0.41;-7.23;0.43;-7.21;0.44;-7.2;0.44;-7.21;CACC
2343;18.4;24.4;0.7;10;80;7;Successful;Effective;No;No;No;No;No;No;0.0;-7.0;0.2;-7.1;0.32;-7.15;0.38;-7.21;0.41;-7.23;0.43;-7.21;0.44;-7.2;0.44;-7.21;CACC
2344;18.4;24.4;0.7;5;100;7;Successful;Effective;No;No;No;No;No;No;0.0;-7.0;0.25;-7.11;0.39;-7.16;0.47;-7.22;0.51;-7.25;0.54;-7.24;0.55;-7.24;0.55;-7.24;CACC
2345;18.4;24.4;0.7;8;100;7;Successful;Effective;No;No;No;No;No;No;0.0;-7.0;0.25;-7.11;0.39;-7.16;0.47;-7.22;0.51;-7.25;0.54;-7.24;0.55;-7.24;0.55;-7.24;CACC
2346;18.4;24.4;0.7;10;100;7;Successful;Effective;No;No;No;No;No;No;0.0;-7.0;0.25;-7.11;0.39;-7.16;0.47;-7.22;0.51;-7.25;0.54;-7.24;0.55;-7.24;0.55;-7.24;CACC
2347;18.4;24.4;0.7;5;80;8;Successful;Effective;No;No;No;No;No;No;0.0;-7.99;0.2;-8.09;0.32;-8.16;0.38;-8.23;0.41;-8.25;0.43;-8.22;0.44;-8.21;0.44;-8.22;CACC
2348;18.4;24.4;0.7;8;80;8;Successful;Effective;No;No;No;No;No;No;0.0;-7.99;0.2;-8.09;0.32;-8.16;0.38;-8.23;0.41;-8.25;0.43;-8.22;0.44;-8.21;0.44;-8.22;CACC
2349;18.4;24.4;0.7;10;80;8;Successful;Effective;No;No;No;No;No;No;0.0;-7.99;0.2;-8.09;0.32;-8.16;0.38;-8.23;0.41;-8.25;0.43;-8.22;0.44;-8.21;0.44;-8.22;CACC
2350;18.4;24.4;0.7;5;100;8;Successful;Effective;No;No;No;No;No;No;0.0;-8.0;0.25;-8.13;0.39;-8.17;0.47;-8.24;0.51;-8.28;0.54;-8.26;0.55;-8.25;0.55;-8.26;CACC
2351;18.4;24.4;0.7;8;100;8;Successful;Effective;No;No;No;No;No;No;0.0;-8.0;0.25;-8.13;0.39;-8.17;0.47;-8.24;0.51;-8.28;0.54;-8.26;0.55;-8.25;0.55;-8.26;CACC
2352;18.4;24.4;0.7;10;100;8;Successful;Effective;No;No;No;No;No;No;0.0;-8.0;0.25;-8.13;0.39;-8.17;0.47;-8.24;0.51;-8.28;0.54;-8.26;0.55;-8.25;0.55;-8.26;CACC
2353;18.4;24.4;0.8;5;80;5;Successful;Effective;No;No;No;No;No;No;0.0;-5.0;0.2;-5.08;0.32;-5.12;0.38;-5.16;0.41;-5.18;0.43;-5.18;0.44;-5.18;0.44;-5.18;CACC
2354;18.4;24.4;0.8;8;80;5;Successful;Effective;No;No;No;No;No;No;0.0;-5.0;0.2;-5.08;0.32;-5.12;0.38;-5.16;0.41;-5.18;0.43;-5.18;0.44;-5.18;0.44;-5.18;CACC
2355;18.4;24.4;0.8;10;80;5;Successful;Effective;No;No;No;No;No;No;0.0;-5.0;0.2;-5.08;0.32;-5.12;0.38;-5.16;0.41;-5.18;0.43;-5.18;0.44;-5.18;0.44;-5.18;CACC
2356;18.4;24.4;0.8;5;100;5;Successful;Effective;No;No;No;No;No;No;0.0;-5.0;0.25;-5.09;0.39;-5.12;0.47;-5.17;0.51;-5.2;0.54;-5.2;0.55;-5.2;0.55;-5.2;CACC
2357;18.4;24.4;0.8;8;100;5;Successful;Effective;No;No;No;No;No;No;0.0;-5.0;0.25;-5.09;0.39;-5.12;0.47;-5.17;0.51;-5.2;0.54;-5.2;0.55;-5.2;0.55;-5.2;CACC
2358;18.4;24.4;0.8;10;100;5;Successful;Effective;No;No;No;No;No;No;0.0;-5.0;0.25;-5.09;0.39;-5.12;0.47;-5.17;0.51;-5.2;0.54;-5.2;0.55;-5.2;0.55;-5.2;CACC
2359;18.4;24.4;0.8;5;80;6;Successful;Effective;No;No;No;No;No;No;0.0;-6.0;0.2;-6.1;0.32;-6.12;0.38;-6.18;0.41;-6.21;0.43;-6.2;0.44;-6.19;0.44;-6.2;CACC
2360;18.4;24.4;0.8;8;80;6;Successful;Effective;No;No;No;No;No;No;0.0;-6.0;0.2;-6.1;0.32;-6.12;0.38;-6.18;0.41;-6.21;0.43;-6.2;0.44;-6.19;0.44;-6.2;CACC
2361;18.4;24.4;0.8;10;80;6;Successful;Effective;No;No;No;No;No;No;0.0;-6.0;0.2;-6.1;0.32;-6.12;0.38;-6.18;0.41;-6.21;0.43;-6.2;0.44;-6.19;0.44;-6.2;CACC
2362;18.4;24.4;0.8;5;100;6;Successful;Effective;No;No;No;No;No;No;0.0;-6.0;0.25;-6.1;0.39;-6.14;0.47;-6.19;0.51;-6.22;0.54;-6.22;0.55;-6.22;0.55;-6.22;CACC
2363;18.4;24.4;0.8;8;100;6;Successful;Effective;No;No;No;No;No;No;0.0;-6.0;0.25;-6.1;0.39;-6.14;0.47;-6.19;0.51;-6.22;0.54;-6.22;0.55;-6.22;0.55;-6.22;CACC
2364;18.4;24.4;0.8;10;100;6;Successful;Effective;No;No;No;No;No;No;0.0;-6.0;0.25;-6.1;0.39;-6.14;0.47;-6.19;0.51;-6.22;0.54;-6.22;0.55;-6.22;0.55;-6.22;CACC
2365;18.4;24.4;0.8;5;80;7;Successful;Effective;No;No;No;No;No;No;0.0;-7.0;0.2;-7.09;0.32;-7.14;0.38;-7.2;0.41;-7.22;0.43;-7.2;0.44;-7.19;0.44;-7.2;CACC
2366;18.4;24.4;0.8;8;80;7;Successful;Effective;No;No;No;No;No;No;0.0;-7.0;0.2;-7.09;0.32;-7.14;0.38;-7.2;0.41;-7.22;0.43;-7.2;0.44;-7.19;0.44;-7.2;CACC
2367;18.4;24.4;0.8;10;80;7;Successful;Effective;No;No;No;No;No;No;0.0;-7.0;0.2;-7.09;0.32;-7.14;0.38;-7.2;0.41;-7.22;0.43;-7.2;0.44;-7.19;0.44;-7.2;CACC
2368;18.4;24.4;0.8;5;100;7;Successful;Effective;No;No;No;No;No;No;0.0;-7.0;0.25;-7.12;0.39;-7.15;0.47;-7.21;0.51;-7.25;0.54;-7.24;0.55;-7.23;0.55;-7.24;CACC
2369;18.4;24.4;0.8;8;100;7;Successful;Effective;No;No;No;No;No;No;0.0;-7.0;0.25;-7.12;0.39;-7.15;0.47;-7.21;0.51;-7.25;0.54;-7.24;0.55;-7.23;0.55;-7.24;CACC
2370;18.4;24.4;0.8;10;100;7;Successful;Effective;No;No;No;No;No;No;0.0;-7.0;0.25;-7.12;0.39;-7.15;0.47;-7.21;0.51;-7.25;0.54;-7.24;0.55;-7.23;0.55;-7.24;CACC
2371;18.4;24.4;0.8;5;80;8;Successful;Effective;No;No;No;No;No;No;0.0;-7.99;0.2;-8.04;0.32;-8.15;0.38;-8.21;0.41;-8.23;0.43;-8.2;0.44;-8.19;0.44;-8.21;CACC
2372;18.4;24.4;0.8;8;80;8;Successful;Effective;No;No;No;No;No;No;0.0;-7.99;0.2;-8.04;0.32;-8.15;0.38;-8.21;0.41;-8.23;0.43;-8.2;0.44;-8.19;0.44;-8.21;CACC
2373;18.4;24.4;0.8;10;80;8;Successful;Effective;No;No;No;No;No;No;0.0;-7.99;0.2;-8.04;0.32;-8.15;0.38;-8.21;0.41;-8.23;0.43;-8.2;0.44;-8.19;0.44;-8.21;CACC
2374;18.4;24.4;0.8;5;100;8;Successful;Effective;No;No;No;No;No;No;0.0;-8.0;0.25;-8.12;0.39;-8.16;0.47;-8.24;0.51;-8.26;0.54;-8.25;0.55;-8.24;0.55;-8.25;CACC
2375;18.4;24.4;0.8;8;100;8;Successful;Effective;No;No;No;No;No;No;0.0;-8.0;0.25;-8.12;0.39;-8.16;0.47;-8.24;0.51;-8.26;0.54;-8.25;0.55;-8.24;0.55;-8.25;CACC
2376;18.4;24.4;0.8;10;100;8;Successful;Effective;No;No;No;No;No;No;0.0;-8.0;0.25;-8.12;0.39;-8.16;0.47;-8.24;0.51;-8.26;0.54;-8.25;0.55;-8.24;0.55;-8.25;CACC
2377;18.4;24.4;0.9;5;80;5;Successful;Effective;No;No;No;No;No;No;0.0;-5.0;0.2;-5.09;0.32;-5.11;0.38;-5.15;0.41;-5.18;0.43;-5.18;0.44;-5.17;0.44;-5.18;CACC
2378;18.4;24.4;0.9;8;80;5;Successful;Effective;No;No;No;No;No;No;0.0;-5.0;0.2;-5.09;0.32;-5.11;0.38;-5.15;0.41;-5.18;0.43;-5.18;0.44;-5.17;0.44;-5.18;CACC
2379;18.4;24.4;0.9;10;80;5;Successful;Effective;No;No;No;No;No;No;0.0;-5.0;0.2;-5.09;0.32;-5.11;0.38;-5.15;0.41;-5.18;0.43;-5.18;0.44;-5.17;0.44;-5.18;CACC
2380;18.4;24.4;0.9;5;100;5;Successful;Effective;No;No;No;No;No;No;0.0;-5.0;0.25;-5.09;0.39;-5.12;0.47;-5.17;0.51;-5.19;0.54;-5.2;0.55;-5.2;0.55;-5.2;CACC
2381;18.4;24.4;0.9;8;100;5;Successful;Effective;No;No;No;No;No;No;0.0;-5.0;0.25;-5.09;0.39;-5.12;0.47;-5.17;0.51;-5.19;0.54;-5.2;0.55;-5.2;0.55;-5.2;CACC
2382;18.4;24.4;0.9;10;100;5;Successful;Effective;No;No;No;No;No;No;0.0;-5.0;0.25;-5.09;0.39;-5.12;0.47;-5.17;0.51;-5.19;0.54;-5.2;0.55;-5.2;0.55;-5.2;CACC
2383;18.4;24.4;0.9;5;80;6;Successful;Effective;No;No;No;No;No;No;0.0;-6.0;0.2;-6.1;0.32;-6.12;0.38;-6.17;0.41;-6.2;0.43;-6.19;0.44;-6.18;0.44;-6.18;CACC
2384;18.4;24.4;0.9;8;80;6;Successful;Effective;No;No;No;No;No;No;0.0;-6.0;0.2;-6.1;0.32;-6.12;0.38;-6.17;0.41;-6.2;0.43;-6.19;0.44;-6.18;0.44;-6.18;CACC
2385;18.4;24.4;0.9;10;80;6;Successful;Effective;No;No;No;No;No;No;0.0;-6.0;0.2;-6.1;0.32;-6.12;0.38;-6.17;0.41;-6.2;0.43;-6.19;0.44;-6.18;0.44;-6.18;CACC
2386;18.4;24.4;0.9;5;100;6;Successful;Effective;No;No;No;No;No;No;0.0;-6.0;0.25;-6.11;0.39;-6.14;0.47;-6.19;0.51;-6.22;0.54;-6.22;0.55;-6.22;0.55;-6.22;CACC
2387;18.4;24.4;0.9;8;100;6;Successful;Effective;No;No;No;No;No;No;0.0;-6.0;0.25;-6.11;0.39;-6.14;0.47;-6.19;0.51;-6.22;0.54;-6.22;0.55;-6.22;0.55;-6.22;CACC
2388;18.4;24.4;0.9;10;100;6;Successful;Effective;No;No;No;No;No;No;0.0;-6.0;0.25;-6.11;0.39;-6.14;0.47;-6.19;0.51;-6.22;0.54;-6.22;0.55;-6.22;0.55;-6.22;CACC
2389;18.4;24.4;0.9;5;80;7;Successful;Effective;No;No;No;No;No;No;0.0;-7.0;0.2;-7.06;0.32;-7.13;0.38;-7.19;0.41;-7.21;0.43;-7.19;0.44;-7.18;0.44;-7.19;CACC
2390;18.4;24.4;0.9;8;80;7;Successful;Effective;No;No;No;No;No;No;0.0;-7.0;0.2;-7.06;0.32;-7.13;0.38;-7.19;0.41;-7.21;0.43;-7.19;0.44;-7.18;0.44;-7.19;CACC
2391;18.4;24.4;0.9;10;80;7;Successful;Effective;No;No;No;No;No;No;0.0;-7.0;0.2;-7.06;0.32;-7.13;0.38;-7.19;0.41;-7.21;0.43;-7.19;0.44;-7.18;0.44;-7.19;CACC
2392;18.4;24.4;0.9;5;100;7;Successful;Effective;No;No;No;No;No;No;0.0;-7.0;0.25;-7.12;0.39;-7.14;0.47;-7.21;0.51;-7.24;0.54;-7.23;0.55;-7.23;0.55;-7.23;CACC
2393;18.4;24.4;0.9;8;100;7;Successful;Effective;No;No;No;No;No;No;0.0;-7.0;0.25;-7.12;0.39;-7.14;0.47;-7.21;0.51;-7.24;0.54;-7.23;0.55;-7.23;0.55;-7.23;CACC
2394;18.4;24.4;0.9;10;100;7;Successful;Effective;No;No;No;No;No;No;0.0;-7.0;0.25;-7.12;0.39;-7.14;0.47;-7.21;0.51;-7.24;0.54;-7.23;0.55;-7.23;0.55;-7.23;CACC
2395;18.4;24.4;0.9;5;80;8;Successful;Effective;No;No;No;No;No;No;0.0;-7.99;0.2;-8.03;0.32;-8.15;0.38;-8.19;0.41;-8.21;0.43;-8.18;0.44;-8.17;0.44;-8.18;CACC
2396;18.4;24.4;0.9;8;80;8;Successful;Effective;No;No;No;No;No;No;0.0;-7.99;0.2;-8.03;0.32;-8.15;0.38;-8.19;0.41;-8.21;0.43;-8.18;0.44;-8.17;0.44;-8.18;CACC
2397;18.4;24.4;0.9;10;80;8;Successful;Effective;No;No;No;No;No;No;0.0;-7.99;0.2;-8.03;0.32;-8.15;0.38;-8.19;0.41;-8.21;0.43;-8.18;0.44;-8.17;0.44;-8.18;CACC
2398;18.4;24.4;0.9;5;100;8;Successful;Effective;No;No;No;No;No;No;0.0;-8.0;0.25;-8.11;0.39;-8.16;0.47;-8.23;0.51;-8.25;0.54;-8.23;0.55;-8.22;0.55;-8.23;CACC
2399;18.4;24.4;0.9;8;100;8;Successful;Effective;No;No;No;No;No;No;0.0;-8.0;0.25;-8.11;0.39;-8.16;0.47;-8.23;0.51;-8.25;0.54;-8.23;0.55;-8.22;0.55;-8.23;CACC
2400;18.4;24.4;0.9;10;100;8;Successful;Effective;No;No;No;No;No;No;0.0;-8.0;0.25;-8.11;0.39;-8.16;0.47;-8.23;0.51;-8.25;0.54;-8.23;0.55;-8.22;0.55;-8.23;CACC
2401;18.5;24.5;0.6;5;80;5;Successful;Effective;No;No;No;No;No;No;0.0;-5.0;0.2;-5.08;0.32;-5.13;0.38;-5.17;0.41;-5.19;0.43;-5.19;0.44;-5.18;0.44;-5.19;CACC
2402;18.5;24.5;0.6;8;80;5;Successful;Effective;No;No;No;No;No;No;0.0;-5.0;0.2;-5.08;0.32;-5.13;0.38;-5.17;0.41;-5.19;0.43;-5.19;0.44;-5.18;0.44;-5.19;CACC
2403;18.5;24.5;0.6;10;80;5;Successful;Effective;No;No;No;No;No;No;0.0;-5.0;0.2;-5.08;0.32;-5.13;0.38;-5.17;0.41;-5.19;0.43;-5.19;0.44;-5.18;0.44;-5.19;CACC
2404;18.5;24.5;0.6;5;100;5;Successful;Effective;No;No;No;No;No;No;0.0;-5.0;0.25;-5.08;0.39;-5.14;0.47;-5.19;0.51;-5.21;0.54;-5.21;0.55;-5.2;0.55;-5.21;CACC
2405;18.5;24.5;0.6;8;100;5;Successful;Effective;No;No;No;No;No;No;0.0;-5.0;0.25;-5.08;0.39;-5.14;0.47;-5.19;0.51;-5.21;0.54;-5.21;0.55;-5.2;0.55;-5.21;CACC
2406;18.5;24.5;0.6;10;100;5;Successful;Effective;No;No;No;No;No;No;0.0;-5.0;0.25;-5.08;0.39;-5.14;0.47;-5.19;0.51;-5.21;0.54;-5.21;0.55;-5.2;0.55;-5.21;CACC
2407;18.5;24.5;0.6;5;80;6;Successful;Effective;No;No;No;No;No;No;0.0;-6.0;0.2;-6.09;0.32;-6.15;0.38;-6.2;0.41;-6.22;0.43;-6.21;0.44;-6.2;0.44;-6.21;CACC
2408;18.5;24.5;0.6;8;80;6;Successful;Effective;No;No;No;No;No;No;0.0;-6.0;0.2;-6.09;0.32;-6.15;0.38;-6.2;0.41;-6.22;0.43;-6.21;0.44;-6.2;0.44;-6.21;CACC
2409;18.5;24.5;0.6;10;80;6;Successful;Effective;No;No;No;No;No;No;0.0;-6.0;0.2;-6.09;0.32;-6.15;0.38;-6.2;0.41;-6.22;0.43;-6.21;0.44;-6.2;0.44;-6.21;CACC
2410;18.5;24.5;0.6;5;100;6;Successful;Effective;No;No;No;No;No;No;0.0;-6.0;0.25;-6.09;0.39;-6.15;0.47;-6.21;0.51;-6.24;0.54;-6.23;0.55;-6.22;0.55;-6.23;CACC
2411;18.5;24.5;0.6;8;100;6;Successful;Effective;No;No;No;No;No;No;0.0;-6.0;0.25;-6.09;0.39;-6.15;0.47;-6.21;0.51;-6.24;0.54;-6.23;0.55;-6.22;0.55;-6.23;CACC
2412;18.5;24.5;0.6;10;100;6;Successful;Effective;No;No;No;No;No;No;0.0;-6.0;0.25;-6.09;0.39;-6.15;0.47;-6.21;0.51;-6.24;0.54;-6.23;0.55;-6.22;0.55;-6.23;CACC
2413;18.5;24.5;0.6;5;80;7;Successful;Effective;No;No;No;No;No;No;0.0;-7.0;0.2;-7.1;0.32;-7.16;0.38;-7.22;0.41;-7.24;0.43;-7.23;0.44;-7.22;0.44;-7.23;CACC
2414;18.5;24.5;0.6;8;80;7;Successful;Effective;No;No;No;No;No;No;0.0;-7.0;0.2;-7.1;0.32;-7.16;0.38;-7.22;0.41;-7.24;0.43;-7.23;0.44;-7.22;0.44;-7.23;CACC
2415;18.5;24.5;0.6;10;80;7;Successful;Effective;No;No;No;No;No;No;0.0;-7.0;0.2;-7.1;0.32;-7.16;0.38;-7.22;0.41;-7.24;0.43;-7.23;0.44;-7.22;0.44;-7.23;CACC
2416;18.5;24.5;0.6;5;100;7;Successful;Effective;No;No;No;No;No;No;0.0;-7.0;0.25;-7.11;0.39;-7.17;0.47;-7.23;0.51;-7.26;0.54;-7.25;0.55;-7.24;0.55;-7.25;CACC
2417;18.5;24.5;0.6;8;100;7;Successful;Effective;No;No;No;No;No;No;0.0;-7.0;0.25;-7.11;0.39;-7.17;0.47;-7.23;0.51;-7.26;0.54;-7.25;0.55;-7.24;0.55;-7.25;CACC
2418;18.5;24.5;0.6;10;100;7;Successful;Effective;No;No;No;No;No;No;0.0;-7.0;0.25;-7.11;0.39;-7.17;0.47;-7.23;0.51;-7.26;0.54;-7.25;0.55;-7.24;0.55;-7.25;CACC
2419;18.5;24.5;0.6;5;80;8;Successful;Effective;No;No;No;No;No;No;0.0;-7.99;0.2;-8.1;0.32;-8.18;0.38;-8.24;0.41;-8.26;0.43;-8.24;0.44;-8.22;0.44;-8.24;CACC
2420;18.5;24.5;0.6;8;80;8;Successful;Effective;No;No;No;No;No;No;0.0;-7.99;0.2;-8.1;0.32;-8.18;0.38;-8.24;0.41;-8.26;0.43;-8.24;0.44;-8.22;0.44;-8.24;CACC
2421;18.5;24.5;0.6;10;80;8;Successful;Effective;No;No;No;No;No;No;0.0;-7.99;0.2;-8.1;0.32;-8.18;0.38;-8.24;0.41;-8.26;0.43;-8.24;0.44;-8.22;0.44;-8.24;CACC
2422;18.5;24.5;0.6;5;100;8;Successful;Effective;No;No;No;No;No;No;0.0;-8.0;0.25;-8.12;0.39;-8.19;0.47;-8.26;0.51;-8.29;0.54;-8.27;0.55;-8.26;0.55;-8.27;CACC
2423;18.5;24.5;0.6;8;100;8;Successful;Effective;No;No;No;No;No;No;0.0;-8.0;0.25;-8.12;0.39;-8.19;0.47;-8.26;0.51;-8.29;0.54;-8.27;0.55;-8.26;0.55;-8.27;CACC
2424;18.5;24.5;0.6;10;100;8;Successful;Effective;No;No;No;No;No;No;0.0;-8.0;0.25;-8.12;0.39;-8.19;0.47;-8.26;0.51;-8.29;0.54;-8.27;0.55;-8.26;0.55;-8.27;CACC
2425;18.5;24.5;0.7;5;80;5;Successful;Effective;No;No;No;No;No;No;0.0;-5.0;0.2;-5.08;0.32;-5.12;0.38;-5.17;0.41;-5.19;0.43;-5.18;0.44;-5.18;0.44;-5.18;CACC
2426;18.5;24.5;0.7;8;80;5;Successful;Effective;No;No;No;No;No;No;0.0;-5.0;0.2;-5.08;0.32;-5.12;0.38;-5.17;0.41;-5.19;0.43;-5.18;0.44;-5.18;0.44;-5.18;CACC
2427;18.5;24.5;0.7;10;80;5;Successful;Effective;No;No;No;No;No;No;0.0;-5.0;0.2;-5.08;0.32;-5.12;0.38;-5.17;0.41;-5.19;0.43;-5.18;0.44;-5.18;0.44;-5.18;CACC
2428;18.5;24.5;0.7;5;100;5;Successful;Effective;No;No;No;No;No;No;0.0;-5.0;0.25;-5.08;0.39;-5.13;0.47;-5.18;0.51;-5.21;0.54;-5.2;0.55;-5.2;0.55;-5.21;CACC
2429;18.5;24.5;0.7;8;100;5;Successful;Effective;No;No;No;No;No;No;0.0;-5.0;0.25;-5.08;0.39;-5.13;0.47;-5.18;0.51;-5.21;0.54;-5.2;0.55;-5.2;0.55;-5.21;CACC
2430;18.5;24.5;0.7;10;100;5;Successful;Effective;No;No;No;No;No;No;0.0;-5.0;0.25;-5.08;0.39;-5.13;0.47;-5.18;0.51;-5.21;0.54;-5.2;0.55;-5.2;0.55;-5.21;CACC
2431;18.5;24.5;0.7;5;80;6;Successful;Effective;No;No;No;No;No;No;0.0;-6.0;0.2;-6.09;0.32;-6.14;0.38;-6.19;0.41;-6.21;0.43;-6.2;0.44;-6.2;0.44;-6.2;CACC
2432;18.5;24.5;0.7;8;80;6;Successful;Effective;No;No;No;No;No;No;0.0;-6.0;0.2;-6.09;0.32;-6.14;0.38;-6.19;0.41;-6.21;0.43;-6.2;0.44;-6.2;0.44;-6.2;CACC
2433;18.5;24.5;0.7;10;80;6;Successful;Effective;No;No;No;No;No;No;0.0;-6.0;0.2;-6.09;0.32;-6.14;0.38;-6.19;0.41;-6.21;0.43;-6.2;0.44;-6.2;0.44;-6.2;CACC
2434;18.5;24.5;0.7;5;100;6;Successful;Effective;No;No;No;No;No;No;0.0;-6.0;0.25;-6.09;0.39;-6.15;0.47;-6.2;0.51;-6.23;0.54;-6.22;0.55;-6.22;0.55;-6.23;CACC
2435;18.5;24.5;0.7;8;100;6;Successful;Effective;No;No;No;No;No;No;0.0;-6.0;0.25;-6.09;0.39;-6.15;0.47;-6.2;0.51;-6.23;0.54;-6.22;0.55;-6.22;0.55;-6.23;CACC
2436;18.5;24.5;0.7;10;100;6;Successful;Effective;No;No;No;No;No;No;0.0;-6.0;0.25;-6.09;0.39;-6.15;0.47;-6.2;0.51;-6.23;0.54;-6.22;0.55;-6.22;0.55;-6.23;CACC
2437;18.5;24.5;0.7;5;80;7;Successful;Effective;No;No;No;No;No;No;0.0;-7.0;0.2;-7.1;0.32;-7.16;0.38;-7.21;0.41;-7.23;0.43;-7.22;0.44;-7.21;0.44;-7.22;CACC
2438;18.5;24.5;0.7;8;80;7;Successful;Effective;No;No;No;No;No;No;0.0;-7.0;0.2;-7.1;0.32;-7.16;0.38;-7.21;0.41;-7.23;0.43;-7.22;0.44;-7.21;0.44;-7.22;CACC
2439;18.5;24.5;0.7;10;80;7;Successful;Effective;No;No;No;No;No;No;0.0;-7.0;0.2;-7.1;0.32;-7.16;0.38;-7.21;0.41;-7.23;0.43;-7.22;0.44;-7.21;0.44;-7.22;CACC
2440;18.5;24.5;0.7;5;100;7;Successful;Effective;No;No;No;No;No;No;0.0;-7.0;0.25;-7.11;0.39;-7.17;0.47;-7.23;0.51;-7.25;0.54;-7.24;0.55;-7.24;0.55;-7.24;CACC
2441;18.5;24.5;0.7;8;100;7;Successful;Effective;No;No;No;No;No;No;0.0;-7.0;0.25;-7.11;0.39;-7.17;0.47;-7.23;0.51;-7.25;0.54;-7.24;0.55;-7.24;0.55;-7.24;CACC
2442;18.5;24.5;0.7;10;100;7;Successful;Effective;No;No;No;No;No;No;0.0;-7.0;0.25;-7.11;0.39;-7.17;0.47;-7.23;0.51;-7.25;0.54;-7.24;0.55;-7.24;0.55;-7.24;CACC
2443;18.5;24.5;0.7;5;80;8;Successful;Effective;No;No;No;No;No;No;0.0;-7.99;0.2;-8.08;0.32;-8.17;0.38;-8.24;0.41;-8.26;0.43;-8.23;0.44;-8.21;0.44;-8.23;CACC
2444;18.5;24.5;0.7;8;80;8;Successful;Effective;No;No;No;No;No;No;0.0;-7.99;0.2;-8.08;0.32;-8.17;0.38;-8.24;0.41;-8.26;0.43;-8.23;0.44;-8.21;0.44;-8.23;CACC
2445;18.5;24.5;0.7;10;80;8;Successful;Effective;No;No;No;No;No;No;0.0;-7.99;0.2;-8.08;0.32;-8.17;0.38;-8.24;0.41;-8.26;0.43;-8.23;0.44;-8.21;0.44;-8.23;CACC
2446;18.5;24.5;0.7;5;100;8;Successful;Effective;No;No;No;No;No;No;0.0;-8.0;0.25;-8.12;0.39;-8.18;0.47;-8.25;0.51;-8.28;0.54;-8.26;0.55;-8.25;0.55;-8.26;CACC
2447;18.5;24.5;0.7;8;100;8;Successful;Effective;No;No;No;No;No;No;0.0;-8.0;0.25;-8.12;0.39;-8.18;0.47;-8.25;0.51;-8.28;0.54;-8.26;0.55;-8.25;0.55;-8.26;CACC
2448;18.5;24.5;0.7;10;100;8;Successful;Effective;No;No;No;No;No;No;0.0;-8.0;0.25;-8.12;0.39;-8.18;0.47;-8.25;0.51;-8.28;0.54;-8.26;0.55;-8.25;0.55;-8.26;CACC
2449;18.5;24.5;0.8;5;80;5;Successful;Effective;No;No;No;No;No;No;0.0;-5.0;0.2;-5.08;0.32;-5.12;0.38;-5.16;0.41;-5.18;0.43;-5.18;0.44;-5.18;0.44;-5.18;CACC
2450;18.5;24.5;0.8;8;80;5;Successful;Effective;No;No;No;No;No;No;0.0;-5.0;0.2;-5.08;0.32;-5.12;0.38;-5.16;0.41;-5.18;0.43;-5.18;0.44;-5.18;0.44;-5.18;CACC
2451;18.5;24.5;0.8;10;80;5;Successful;Effective;No;No;No;No;No;No;0.0;-5.0;0.2;-5.08;0.32;-5.12;0.38;-5.16;0.41;-5.18;0.43;-5.18;0.44;-5.18;0.44;-5.18;CACC
2452;18.5;24.5;0.8;5;100;5;Successful;Effective;No;No;No;No;No;No;0.0;-5.0;0.25;-5.08;0.39;-5.13;0.47;-5.18;0.51;-5.2;0.54;-5.2;0.55;-5.2;0.55;-5.2;CACC
2453;18.5;24.5;0.8;8;100;5;Successful;Effective;No;No;No;No;No;No;0.0;-5.0;0.25;-5.08;0.39;-5.13;0.47;-5.18;0.51;-5.2;0.54;-5.2;0.55;-5.2;0.55;-5.2;CACC
2454;18.5;24.5;0.8;10;100;5;Successful;Effective;No;No;No;No;No;No;0.0;-5.0;0.25;-5.08;0.39;-5.13;0.47;-5.18;0.51;-5.2;0.54;-5.2;0.55;-5.2;0.55;-5.2;CACC
2455;18.5;24.5;0.8;5;80;6;Successful;Effective;No;No;No;No;No;No;0.0;-6.0;0.2;-6.09;0.32;-6.14;0.38;-6.18;0.41;-6.21;0.43;-6.2;0.44;-6.19;0.44;-6.2;CACC
2456;18.5;24.5;0.8;8;80;6;Successful;Effective;No;No;No;No;No;No;0.0;-6.0;0.2;-6.09;0.32;-6.14;0.38;-6.18;0.41;-6.21;0.43;-6.2;0.44;-6.19;0.44;-6.2;CACC
2457;18.5;24.5;0.8;10;80;6;Successful;Effective;No;No;No;No;No;No;0.0;-6.0;0.2;-6.09;0.32;-6.14;0.38;-6.18;0.41;-6.21;0.43;-6.2;0.44;-6.19;0.44;-6.2;CACC
2458;18.5;24.5;0.8;5;100;6;Successful;Effective;No;No;No;No;No;No;0.0;-6.0;0.25;-6.09;0.39;-6.15;0.47;-6.2;0.51;-6.22;0.54;-6.22;0.55;-6.22;0.55;-6.22;CACC
2459;18.5;24.5;0.8;8;100;6;Successful;Effective;No;No;No;No;No;No;0.0;-6.0;0.25;-6.09;0.39;-6.15;0.47;-6.2;0.51;-6.22;0.54;-6.22;0.55;-6.22;0.55;-6.22;CACC
2460;18.5;24.5;0.8;10;100;6;Successful;Effective;No;No;No;No;No;No;0.0;-6.0;0.25;-6.09;0.39;-6.15;0.47;-6.2;0.51;-6.22;0.54;-6.22;0.55;-6.22;0.55;-6.22;CACC
2461;18.5;24.5;0.8;5;80;7;Successful;Effective;No;No;No;No;No;No;0.0;-7.0;0.2;-7.08;0.32;-7.15;0.38;-7.21;0.41;-7.23;0.43;-7.21;0.44;-7.2;0.44;-7.21;CACC
2462;18.5;24.5;0.8;8;80;7;Successful;Effective;No;No;No;No;No;No;0.0;-7.0;0.2;-7.08;0.32;-7.15;0.38;-7.21;0.41;-7.23;0.43;-7.21;0.44;-7.2;0.44;-7.21;CACC
2463;18.5;24.5;0.8;10;80;7;Successful;Effective;No;No;No;No;No;No;0.0;-7.0;0.2;-7.08;0.32;-7.15;0.38;-7.21;0.41;-7.23;0.43;-7.21;0.44;-7.2;0.44;-7.21;CACC
2464;18.5;24.5;0.8;5;100;7;Successful;Effective;No;No;No;No;No;No;0.0;-7.0;0.25;-7.11;0.39;-7.16;0.47;-7.22;0.51;-7.25;0.54;-7.24;0.55;-7.23;0.55;-7.24;CACC
2465;18.5;24.5;0.8;8;100;7;Successful;Effective;No;No;No;No;No;No;0.0;-7.0;0.25;-7.11;0.39;-7.16;0.47;-7.22;0.51;-7.25;0.54;-7.24;0.55;-7.23;0.55;-7.24;CACC
2466;18.5;24.5;0.8;10;100;7;Successful;Effective;No;No;No;No;No;No;0.0;-7.0;0.25;-7.11;0.39;-7.16;0.47;-7.22;0.51;-7.25;0.54;-7.24;0.55;-7.23;0.55;-7.24;CACC
2467;18.5;24.5;0.8;5;80;8;Successful;Effective;No;No;No;No;No;No;0.0;-7.99;0.2;-8.06;0.32;-8.17;0.38;-8.22;0.41;-8.24;0.43;-8.21;0.44;-8.2;0.44;-8.22;CACC
2468;18.5;24.5;0.8;8;80;8;Successful;Effective;No;No;No;No;No;No;0.0;-7.99;0.2;-8.06;0.32;-8.17;0.38;-8.22;0.41;-8.24;0.43;-8.21;0.44;-8.2;0.44;-8.22;CACC
2469;18.5;24.5;0.8;10;80;8;Successful;Effective;No;No;No;No;No;No;0.0;-7.99;0.2;-8.06;0.32;-8.17;0.38;-8.22;0.41;-8.24;0.43;-8.21;0.44;-8.2;0.44;-8.22;CACC
2470;18.5;24.5;0.8;5;100;8;Successful;Effective;No;No;No;No;No;No;0.0;-8.0;0.25;-8.11;0.39;-8.18;0.47;-8.24;0.51;-8.27;0.54;-8.25;0.55;-8.24;0.55;-8.25;CACC
2471;18.5;24.5;0.8;8;100;8;Successful;Effective;No;No;No;No;No;No;0.0;-8.0;0.25;-8.11;0.39;-8.18;0.47;-8.24;0.51;-8.27;0.54;-8.25;0.55;-8.24;0.55;-8.25;CACC
2472;18.5;24.5;0.8;10;100;8;Successful;Effective;No;No;No;No;No;No;0.0;-8.0;0.25;-8.11;0.39;-8.18;0.47;-8.24;0.51;-8.27;0.54;-8.25;0.55;-8.24;0.55;-8.25;CACC
2473;18.5;24.5;0.9;5;80;5;Successful;Effective;No;No;No;No;No;No;0.0;-5.0;0.2;-5.08;0.32;-5.12;0.38;-5.16;0.41;-5.18;0.43;-5.18;0.44;-5.18;0.44;-5.18;CACC
2474;18.5;24.5;0.9;8;80;5;Successful;Effective;No;No;No;No;No;No;0.0;-5.0;0.2;-5.08;0.32;-5.12;0.38;-5.16;0.41;-5.18;0.43;-5.18;0.44;-5.18;0.44;-5.18;CACC
2475;18.5;24.5;0.9;10;80;5;Successful;Effective;No;No;No;No;No;No;0.0;-5.0;0.2;-5.08;0.32;-5.12;0.38;-5.16;0.41;-5.18;0.43;-5.18;0.44;-5.18;0.44;-5.18;CACC
2476;18.5;24.5;0.9;5;100;5;Successful;Effective;No;No;No;No;No;No;0.0;-5.0;0.25;-5.08;0.39;-5.12;0.47;-5.17;0.51;-5.2;0.54;-5.2;0.55;-5.2;0.55;-5.2;CACC
2477;18.5;24.5;0.9;8;100;5;Successful;Effective;No;No;No;No;No;No;0.0;-5.0;0.25;-5.08;0.39;-5.12;0.47;-5.17;0.51;-5.2;0.54;-5.2;0.55;-5.2;0.55;-5.2;CACC
2478;18.5;24.5;0.9;10;100;5;Successful;Effective;No;No;No;No;No;No;0.0;-5.0;0.25;-5.08;0.39;-5.12;0.47;-5.17;0.51;-5.2;0.54;-5.2;0.55;-5.2;0.55;-5.2;CACC
2479;18.5;24.5;0.9;5;80;6;Successful;Effective;No;No;No;No;No;No;0.0;-6.0;0.2;-6.09;0.32;-6.13;0.38;-6.18;0.41;-6.2;0.43;-6.19;0.44;-6.18;0.44;-6.19;CACC
2480;18.5;24.5;0.9;8;80;6;Successful;Effective;No;No;No;No;No;No;0.0;-6.0;0.2;-6.09;0.32;-6.13;0.38;-6.18;0.41;-6.2;0.43;-6.19;0.44;-6.18;0.44;-6.19;CACC
2481;18.5;24.5;0.9;10;80;6;Successful;Effective;No;No;No;No;No;No;0.0;-6.0;0.2;-6.09;0.32;-6.13;0.38;-6.18;0.41;-6.2;0.43;-6.19;0.44;-6.18;0.44;-6.19;CACC
2482;18.5;24.5;0.9;5;100;6;Successful;Effective;No;No;No;No;No;No;0.0;-6.0;0.25;-6.1;0.39;-6.14;0.47;-6.19;0.51;-6.22;0.54;-6.22;0.55;-6.21;0.55;-6.22;CACC
2483;18.5;24.5;0.9;8;100;6;Successful;Effective;No;No;No;No;No;No;0.0;-6.0;0.25;-6.1;0.39;-6.14;0.47;-6.19;0.51;-6.22;0.54;-6.22;0.55;-6.21;0.55;-6.22;CACC
2484;18.5;24.5;0.9;10;100;6;Successful;Effective;No;No;No;No;No;No;0.0;-6.0;0.25;-6.1;0.39;-6.14;0.47;-6.19;0.51;-6.22;0.54;-6.22;0.55;-6.21;0.55;-6.22;CACC
2485;18.5;24.5;0.9;5;80;7;Successful;Effective;No;No;No;No;No;No;0.0;-7.0;0.2;-7.05;0.32;-7.15;0.38;-7.2;0.41;-7.22;0.43;-7.2;0.44;-7.19;0.44;-7.2;CACC
2486;18.5;24.5;0.9;8;80;7;Successful;Effective;No;No;No;No;No;No;0.0;-7.0;0.2;-7.05;0.32;-7.15;0.38;-7.2;0.41;-7.22;0.43;-7.2;0.44;-7.19;0.44;-7.2;CACC
2487;18.5;24.5;0.9;10;80;7;Successful;Effective;No;No;No;No;No;No;0.0;-7.0;0.2;-7.05;0.32;-7.15;0.38;-7.2;0.41;-7.22;0.43;-7.2;0.44;-7.19;0.44;-7.2;CACC
2488;18.5;24.5;0.9;5;100;7;Successful;Effective;No;No;No;No;No;No;0.0;-7.0;0.25;-7.11;0.39;-7.16;0.47;-7.21;0.51;-7.24;0.54;-7.23;0.55;-7.23;0.55;-7.23;CACC
2489;18.5;24.5;0.9;8;100;7;Successful;Effective;No;No;No;No;No;No;0.0;-7.0;0.25;-7.11;0.39;-7.16;0.47;-7.21;0.51;-7.24;0.54;-7.23;0.55;-7.23;0.55;-7.23;CACC
2490;18.5;24.5;0.9;10;100;7;Successful;Effective;No;No;No;No;No;No;0.0;-7.0;0.25;-7.11;0.39;-7.16;0.47;-7.21;0.51;-7.24;0.54;-7.23;0.55;-7.23;0.55;-7.23;CACC
2491;18.5;24.5;0.9;5;80;8;Successful;Effective;No;No;No;No;No;No;0.0;-7.99;0.2;-8.06;0.32;-8.16;0.38;-8.21;0.41;-8.22;0.43;-8.19;0.44;-8.18;0.44;-8.19;CACC
2492;18.5;24.5;0.9;8;80;8;Successful;Effective;No;No;No;No;No;No;0.0;-7.99;0.2;-8.06;0.32;-8.16;0.38;-8.21;0.41;-8.22;0.43;-8.19;0.44;-8.18;0.44;-8.19;CACC
2493;18.5;24.5;0.9;10;80;8;Successful;Effective;No;No;No;No;No;No;0.0;-7.99;0.2;-8.06;0.32;-8.16;0.38;-8.21;0.41;-8.22;0.43;-8.19;0.44;-8.18;0.44;-8.19;CACC
2494;18.5;24.5;0.9;5;100;8;Successful;Effective;No;No;No;No;No;No;0.0;-8.0;0.25;-8.1;0.39;-8.17;0.47;-8.23;0.51;-8.26;0.54;-8.24;0.55;-8.23;0.55;-8.24;CACC
2495;18.5;24.5;0.9;8;100;8;Successful;Effective;No;No;No;No;No;No;0.0;-8.0;0.25;-8.1;0.39;-8.17;0.47;-8.23;0.51;-8.26;0.54;-8.24;0.55;-8.23;0.55;-8.24;CACC
2496;18.5;24.5;0.9;10;100;8;Successful;Effective;No;No;No;No;No;No;0.0;-8.0;0.25;-8.1;0.39;-8.17;0.47;-8.23;0.51;-8.26;0.54;-8.24;0.55;-8.23;0.55;-8.24;CACC
2497;18.6;24.6;0.6;5;80;5;Successful;Effective;No;No;No;No;No;No;0.0;-5.0;0.2;-5.07;0.32;-5.13;0.38;-5.18;0.41;-5.19;0.43;-5.19;0.44;-5.18;0.44;-5.19;CACC
2498;18.6;24.6;0.6;8;80;5;Successful;Effective;No;No;No;No;No;No;0.0;-5.0;0.2;-5.07;0.32;-5.13;0.38;-5.18;0.41;-5.19;0.43;-5.19;0.44;-5.18;0.44;-5.19;CACC
2499;18.6;24.6;0.6;10;80;5;Successful;Effective;No;No;No;No;No;No;0.0;-5.0;0.2;-5.07;0.32;-5.13;0.38;-5.18;0.41;-5.19;0.43;-5.19;0.44;-5.18;0.44;-5.19;CACC
2500;18.6;24.6;0.6;5;100;5;Successful;Effective;No;No;No;No;No;No;0.0;-5.0;0.25;-5.08;0.39;-5.14;0.47;-5.19;0.51;-5.21;0.54;-5.21;0.55;-5.2;0.55;-5.21;CACC
2501;18.6;24.6;0.6;8;100;5;Successful;Effective;No;No;No;No;No;No;0.0;-5.0;0.25;-5.08;0.39;-5.14;0.47;-5.19;0.51;-5.21;0.54;-5.21;0.55;-5.2;0.55;-5.21;CACC
2502;18.6;24.6;0.6;10;100;5;Successful;Effective;No;No;No;No;No;No;0.0;-5.0;0.25;-5.08;0.39;-5.14;0.47;-5.19;0.51;-5.21;0.54;-5.21;0.55;-5.2;0.55;-5.21;CACC
2503;18.6;24.6;0.6;5;80;6;Successful;Effective;No;No;No;No;No;No;0.0;-6.0;0.2;-6.09;0.32;-6.15;0.38;-6.2;0.41;-6.22;0.43;-6.21;0.44;-6.2;0.44;-6.21;CACC
2504;18.6;24.6;0.6;8;80;6;Successful;Effective;No;No;No;No;No;No;0.0;-6.0;0.2;-6.09;0.32;-6.15;0.38;-6.2;0.41;-6.22;0.43;-6.21;0.44;-6.2;0.44;-6.21;CACC
2505;18.6;24.6;0.6;10;80;6;Successful;Effective;No;No;No;No;No;No;0.0;-6.0;0.2;-6.09;0.32;-6.15;0.38;-6.2;0.41;-6.22;0.43;-6.21;0.44;-6.2;0.44;-6.21;CACC
2506;18.6;24.6;0.6;5;100;6;Successful;Effective;No;No;No;No;No;No;0.0;-6.0;0.25;-6.09;0.39;-6.16;0.47;-6.21;0.51;-6.24;0.54;-6.23;0.55;-6.22;0.55;-6.23;CACC
2507;18.6;24.6;0.6;8;100;6;Successful;Effective;No;No;No;No;No;No;0.0;-6.0;0.25;-6.09;0.39;-6.16;0.47;-6.21;0.51;-6.24;0.54;-6.23;0.55;-6.22;0.55;-6.23;CACC
2508;18.6;24.6;0.6;10;100;6;Successful;Effective;No;No;No;No;No;No;0.0;-6.0;0.25;-6.09;0.39;-6.16;0.47;-6.21;0.51;-6.24;0.54;-6.23;0.55;-6.22;0.55;-6.23;CACC
2509;18.6;24.6;0.6;5;80;7;Successful;Effective;No;No;No;No;No;No;0.0;-7.0;0.2;-7.1;0.32;-7.17;0.38;-7.23;0.41;-7.25;0.43;-7.23;0.44;-7.22;0.44;-7.23;CACC
2510;18.6;24.6;0.6;8;80;7;Successful;Effective;No;No;No;No;No;No;0.0;-7.0;0.2;-7.1;0.32;-7.17;0.38;-7.23;0.41;-7.25;0.43;-7.23;0.44;-7.22;0.44;-7.23;CACC
2511;18.6;24.6;0.6;10;80;7;Successful;Effective;No;No;No;No;No;No;0.0;-7.0;0.2;-7.1;0.32;-7.17;0.38;-7.23;0.41;-7.25;0.43;-7.23;0.44;-7.22;0.44;-7.23;CACC
2512;18.6;24.6;0.6;5;100;7;Successful;Effective;No;No;No;No;No;No;0.0;-7.0;0.25;-7.1;0.39;-7.18;0.47;-7.24;0.51;-7.26;0.54;-7.25;0.55;-7.24;0.55;-7.25;CACC
2513;18.6;24.6;0.6;8;100;7;Successful;Effective;No;No;No;No;No;No;0.0;-7.0;0.25;-7.1;0.39;-7.18;0.47;-7.24;0.51;-7.26;0.54;-7.25;0.55;-7.24;0.55;-7.25;CACC
2514;18.6;24.6;0.6;10;100;7;Successful;Effective;No;No;No;No;No;No;0.0;-7.0;0.25;-7.1;0.39;-7.18;0.47;-7.24;0.51;-7.26;0.54;-7.25;0.55;-7.24;0.55;-7.25;CACC
2515;18.6;24.6;0.6;5;80;8;Successful;Effective;No;No;No;No;No;No;0.0;-7.99;0.2;-8.1;0.32;-8.19;0.38;-8.25;0.41;-8.27;0.43;-8.24;0.44;-8.23;0.44;-8.25;CACC
2516;18.6;24.6;0.6;8;80;8;Successful;Effective;No;No;No;No;No;No;0.0;-7.99;0.2;-8.1;0.32;-8.19;0.38;-8.25;0.41;-8.27;0.43;-8.24;0.44;-8.23;0.44;-8.25;CACC
2517;18.6;24.6;0.6;10;80;8;Successful;Effective;No;No;No;No;No;No;0.0;-7.99;0.2;-8.1;0.32;-8.19;0.38;-8.25;0.41;-8.27;0.43;-8.24;0.44;-8.23;0.44;-8.25;CACC
2518;18.6;24.6;0.6;5;100;8;Successful;Effective;No;No;No;No;No;No;0.0;-8.0;0.25;-8.11;0.39;-8.2;0.47;-8.26;0.51;-8.29;0.54;-8.27;0.55;-8.26;0.55;-8.27;CACC
2519;18.6;24.6;0.6;8;100;8;Successful;Effective;No;No;No;No;No;No;0.0;-8.0;0.25;-8.11;0.39;-8.2;0.47;-8.26;0.51;-8.29;0.54;-8.27;0.55;-8.26;0.55;-8.27;CACC
2520;18.6;24.6;0.6;10;100;8;Successful;Effective;No;No;No;No;No;No;0.0;-8.0;0.25;-8.11;0.39;-8.2;0.47;-8.26;0.51;-8.29;0.54;-8.27;0.55;-8.26;0.55;-8.27;CACC
2521;18.6;24.6;0.7;5;80;5;Successful;Effective;No;No;No;No;No;No;0.0;-5.0;0.2;-5.07;0.32;-5.13;0.38;-5.17;0.41;-5.19;0.43;-5.18;0.44;-5.18;0.44;-5.19;CACC
2522;18.6;24.6;0.7;8;80;5;Successful;Effective;No;No;No;No;No;No;0.0;-5.0;0.2;-5.07;0.32;-5.13;0.38;-5.17;0.41;-5.19;0.43;-5.18;0.44;-5.18;0.44;-5.19;CACC
2523;18.6;24.6;0.7;10;80;5;Successful;Effective;No;No;No;No;No;No;0.0;-5.0;0.2;-5.07;0.32;-5.13;0.38;-5.17;0.41;-5.19;0.43;-5.18;0.44;-5.18;0.44;-5.19;CACC
2524;18.6;24.6;0.7;5;100;5;Successful;Effective;No;No;No;No;No;No;0.0;-5.0;0.25;-5.08;0.39;-5.14;0.47;-5.19;0.51;-5.21;0.54;-5.2;0.55;-5.2;0.55;-5.21;CACC
2525;18.6;24.6;0.7;8;100;5;Successful;Effective;No;No;No;No;No;No;0.0;-5.0;0.25;-5.08;0.39;-5.14;0.47;-5.19;0.51;-5.21;0.54;-5.2;0.55;-5.2;0.55;-5.21;CACC
2526;18.6;24.6;0.7;10;100;5;Successful;Effective;No;No;No;No;No;No;0.0;-5.0;0.25;-5.08;0.39;-5.14;0.47;-5.19;0.51;-5.21;0.54;-5.2;0.55;-5.2;0.55;-5.21;CACC
2527;18.6;24.6;0.7;5;80;6;Successful;Effective;No;No;No;No;No;No;0.0;-6.0;0.2;-6.08;0.32;-6.15;0.38;-6.2;0.41;-6.22;0.43;-6.21;0.44;-6.2;0.44;-6.2;CACC
2528;18.6;24.6;0.7;8;80;6;Successful;Effective;No;No;No;No;No;No;0.0;-6.0;0.2;-6.08;0.32;-6.15;0.38;-6.2;0.41;-6.22;0.43;-6.21;0.44;-6.2;0.44;-6.2;CACC
2529;18.6;24.6;0.7;10;80;6;Successful;Effective;No;No;No;No;No;No;0.0;-6.0;0.2;-6.08;0.32;-6.15;0.38;-6.2;0.41;-6.22;0.43;-6.21;0.44;-6.2;0.44;-6.2;CACC
2530;18.6;24.6;0.7;5;100;6;Successful;Effective;No;No;No;No;No;No;0.0;-6.0;0.25;-6.09;0.39;-6.16;0.47;-6.21;0.51;-6.23;0.54;-6.22;0.55;-6.22;0.55;-6.23;CACC
2531;18.6;24.6;0.7;8;100;6;Successful;Effective;No;No;No;No;No;No;0.0;-6.0;0.25;-6.09;0.39;-6.16;0.47;-6.21;0.51;-6.23;0.54;-6.22;0.55;-6.22;0.55;-6.23;CACC
2532;18.6;24.6;0.7;10;100;6;Successful;Effective;No;No;No;No;No;No;0.0;-6.0;0.25;-6.09;0.39;-6.16;0.47;-6.21;0.51;-6.23;0.54;-6.22;0.55;-6.22;0.55;-6.23;CACC
2533;18.6;24.6;0.7;5;80;7;Successful;Effective;No;No;No;No;No;No;0.0;-7.0;0.2;-7.09;0.32;-7.17;0.38;-7.22;0.41;-7.24;0.43;-7.22;0.44;-7.21;0.44;-7.22;CACC
2534;18.6;24.6;0.7;8;80;7;Successful;Effective;No;No;No;No;No;No;0.0;-7.0;0.2;-7.09;0.32;-7.17;0.38;-7.22;0.41;-7.24;0.43;-7.22;0.44;-7.21;0.44;-7.22;CACC
2535;18.6;24.6;0.7;10;80;7;Successful;Effective;No;No;No;No;No;No;0.0;-7.0;0.2;-7.09;0.32;-7.17;0.38;-7.22;0.41;-7.24;0.43;-7.22;0.44;-7.21;0.44;-7.22;CACC
2536;18.6;24.6;0.7;5;100;7;Successful;Effective;No;No;No;No;No;No;0.0;-7.0;0.25;-7.1;0.39;-7.18;0.47;-7.23;0.51;-7.26;0.54;-7.25;0.55;-7.24;0.55;-7.25;CACC
2537;18.6;24.6;0.7;8;100;7;Successful;Effective;No;No;No;No;No;No;0.0;-7.0;0.25;-7.1;0.39;-7.18;0.47;-7.23;0.51;-7.26;0.54;-7.25;0.55;-7.24;0.55;-7.25;CACC
2538;18.6;24.6;0.7;10;100;7;Successful;Effective;No;No;No;No;No;No;0.0;-7.0;0.25;-7.1;0.39;-7.18;0.47;-7.23;0.51;-7.26;0.54;-7.25;0.55;-7.24;0.55;-7.25;CACC
2539;18.6;24.6;0.7;5;80;8;Successful;Effective;No;No;No;No;No;No;0.0;-7.99;0.2;-8.07;0.32;-8.19;0.38;-8.24;0.41;-8.26;0.43;-8.23;0.44;-8.22;0.44;-8.24;CACC
2540;18.6;24.6;0.7;8;80;8;Successful;Effective;No;No;No;No;No;No;0.0;-7.99;0.2;-8.07;0.32;-8.19;0.38;-8.24;0.41;-8.26;0.43;-8.23;0.44;-8.22;0.44;-8.24;CACC
2541;18.6;24.6;0.7;10;80;8;Successful;Effective;No;No;No;No;No;No;0.0;-7.99;0.2;-8.07;0.32;-8.19;0.38;-8.24;0.41;-8.26;0.43;-8.23;0.44;-8.22;0.44;-8.24;CACC
2542;18.6;24.6;0.7;5;100;8;Successful;Effective;No;No;No;No;No;No;0.0;-8.0;0.25;-8.11;0.39;-8.19;0.47;-8.26;0.51;-8.28;0.54;-8.27;0.55;-8.26;0.55;-8.27;CACC
2543;18.6;24.6;0.7;8;100;8;Successful;Effective;No;No;No;No;No;No;0.0;-8.0;0.25;-8.11;0.39;-8.19;0.47;-8.26;0.51;-8.28;0.54;-8.27;0.55;-8.26;0.55;-8.27;CACC
2544;18.6;24.6;0.7;10;100;8;Successful;Effective;No;No;No;No;No;No;0.0;-8.0;0.25;-8.11;0.39;-8.19;0.47;-8.26;0.51;-8.28;0.54;-8.27;0.55;-8.26;0.55;-8.27;CACC
2545;18.6;24.6;0.8;5;80;5;Successful;Effective;No;No;No;No;No;No;0.0;-5.0;0.2;-5.07;0.32;-5.13;0.38;-5.17;0.41;-5.19;0.43;-5.18;0.44;-5.18;0.44;-5.18;CACC
2546;18.6;24.6;0.8;8;80;5;Successful;Effective;No;No;No;No;No;No;0.0;-5.0;0.2;-5.07;0.32;-5.13;0.38;-5.17;0.41;-5.19;0.43;-5.18;0.44;-5.18;0.44;-5.18;CACC
2547;18.6;24.6;0.8;10;80;5;Successful;Effective;No;No;No;No;No;No;0.0;-5.0;0.2;-5.07;0.32;-5.13;0.38;-5.17;0.41;-5.19;0.43;-5.18;0.44;-5.18;0.44;-5.18;CACC
2548;18.6;24.6;0.8;5;100;5;Successful;Effective;No;No;No;No;No;No;0.0;-5.0;0.25;-5.08;0.39;-5.14;0.47;-5.18;0.51;-5.2;0.54;-5.2;0.55;-5.2;0.55;-5.2;CACC
2549;18.6;24.6;0.8;8;100;5;Successful;Effective;No;No;No;No;No;No;0.0;-5.0;0.25;-5.08;0.39;-5.14;0.47;-5.18;0.51;-5.2;0.54;-5.2;0.55;-5.2;0.55;-5.2;CACC
2550;18.6;24.6;0.8;10;100;5;Successful;Effective;No;No;No;No;No;No;0.0;-5.0;0.25;-5.08;0.39;-5.14;0.47;-5.18;0.51;-5.2;0.54;-5.2;0.55;-5.2;0.55;-5.2;CACC
2551;18.6;24.6;0.8;5;80;6;Successful;Effective;No;No;No;No;No;No;0.0;-6.0;0.2;-6.08;0.32;-6.15;0.38;-6.19;0.41;-6.21;0.43;-6.2;0.44;-6.19;0.44;-6.2;CACC
2552;18.6;24.6;0.8;8;80;6;Successful;Effective;No;No;No;No;No;No;0.0;-6.0;0.2;-6.08;0.32;-6.15;0.38;-6.19;0.41;-6.21;0.43;-6.2;0.44;-6.19;0.44;-6.2;CACC
2553;18.6;24.6;0.8;10;80;6;Successful;Effective;No;No;No;No;No;No;0.0;-6.0;0.2;-6.08;0.32;-6.15;0.38;-6.19;0.41;-6.21;0.43;-6.2;0.44;-6.19;0.44;-6.2;CACC
2554;18.6;24.6;0.8;5;100;6;Successful;Effective;No;No;No;No;No;No;0.0;-6.0;0.25;-6.09;0.39;-6.15;0.47;-6.2;0.51;-6.23;0.54;-6.22;0.55;-6.22;0.55;-6.22;CACC
2555;18.6;24.6;0.8;8;100;6;Successful;Effective;No;No;No;No;No;No;0.0;-6.0;0.25;-6.09;0.39;-6.15;0.47;-6.2;0.51;-6.23;0.54;-6.22;0.55;-6.22;0.55;-6.22;CACC
2556;18.6;24.6;0.8;10;100;6;Successful;Effective;No;No;No;No;No;No;0.0;-6.0;0.25;-6.09;0.39;-6.15;0.47;-6.2;0.51;-6.23;0.54;-6.22;0.55;-6.22;0.55;-6.22;CACC
2557;18.6;24.6;0.8;5;80;7;Successful;Effective;No;No;No;No;No;No;0.0;-7.0;0.2;-7.07;0.32;-7.16;0.38;-7.21;0.41;-7.23;0.43;-7.21;0.44;-7.2;0.44;-7.21;CACC
2558;18.6;24.6;0.8;8;80;7;Successful;Effective;No;No;No;No;No;No;0.0;-7.0;0.2;-7.07;0.32;-7.16;0.38;-7.21;0.41;-7.23;0.43;-7.21;0.44;-7.2;0.44;-7.21;CACC
2559;18.6;24.6;0.8;10;80;7;Successful;Effective;No;No;No;No;No;No;0.0;-7.0;0.2;-7.07;0.32;-7.16;0.38;-7.21;0.41;-7.23;0.43;-7.21;0.44;-7.2;0.44;-7.21;CACC
2560;18.6;24.6;0.8;5;100;7;Successful;Effective;No;No;No;No;No;No;0.0;-7.0;0.25;-7.1;0.39;-7.17;0.47;-7.22;0.51;-7.25;0.54;-7.24;0.55;-7.24;0.55;-7.24;CACC
2561;18.6;24.6;0.8;8;100;7;Successful;Effective;No;No;No;No;No;No;0.0;-7.0;0.25;-7.1;0.39;-7.17;0.47;-7.22;0.51;-7.25;0.54;-7.24;0.55;-7.24;0.55;-7.24;CACC
2562;18.6;24.6;0.8;10;100;7;Successful;Effective;No;No;No;No;No;No;0.0;-7.0;0.25;-7.1;0.39;-7.17;0.47;-7.22;0.51;-7.25;0.54;-7.24;0.55;-7.24;0.55;-7.24;CACC
2563;18.6;24.6;0.8;5;80;8;Successful;Effective;No;No;No;No;No;No;0.0;-7.99;0.2;-8.07;0.32;-8.18;0.38;-8.23;0.41;-8.25;0.43;-8.22;0.44;-8.21;0.44;-8.22;CACC
2564;18.6;24.6;0.8;8;80;8;Successful;Effective;No;No;No;No;No;No;0.0;-7.99;0.2;-8.07;0.32;-8.18;0.38;-8.23;0.41;-8.25;0.43;-8.22;0.44;-8.21;0.44;-8.22;CACC
2565;18.6;24.6;0.8;10;80;8;Successful;Effective;No;No;No;No;No;No;0.0;-7.99;0.2;-8.07;0.32;-8.18;0.38;-8.23;0.41;-8.25;0.43;-8.22;0.44;-8.21;0.44;-8.22;CACC
2566;18.6;24.6;0.8;5;100;8;Successful;Effective;No;No;No;No;No;No;0.0;-8.0;0.25;-8.1;0.39;-8.19;0.47;-8.25;0.51;-8.27;0.54;-8.26;0.55;-8.24;0.55;-8.25;CACC
2567;18.6;24.6;0.8;8;100;8;Successful;Effective;No;No;No;No;No;No;0.0;-8.0;0.25;-8.1;0.39;-8.19;0.47;-8.25;0.51;-8.27;0.54;-8.26;0.55;-8.24;0.55;-8.25;CACC
2568;18.6;24.6;0.8;10;100;8;Successful;Effective;No;No;No;No;No;No;0.0;-8.0;0.25;-8.1;0.39;-8.19;0.47;-8.25;0.51;-8.27;0.54;-8.26;0.55;-8.24;0.55;-8.25;CACC
2569;18.6;24.6;0.9;5;80;5;Successful;Effective;No;No;No;No;No;No;0.0;-5.0;0.2;-5.07;0.32;-5.12;0.38;-5.16;0.41;-5.18;0.43;-5.18;0.44;-5.18;0.44;-5.18;CACC
2570;18.6;24.6;0.9;8;80;5;Successful;Effective;No;No;No;No;No;No;0.0;-5.0;0.2;-5.07;0.32;-5.12;0.38;-5.16;0.41;-5.18;0.43;-5.18;0.44;-5.18;0.44;-5.18;CACC
2571;18.6;24.6;0.9;10;80;5;Successful;Effective;No;No;No;No;No;No;0.0;-5.0;0.2;-5.07;0.32;-5.12;0.38;-5.16;0.41;-5.18;0.43;-5.18;0.44;-5.18;0.44;-5.18;CACC
2572;18.6;24.6;0.9;5;100;5;Successful;Effective;No;No;No;No;No;No;0.0;-5.0;0.25;-5.08;0.39;-5.13;0.47;-5.18;0.51;-5.2;0.54;-5.2;0.55;-5.2;0.55;-5.2;CACC
2573;18.6;24.6;0.9;8;100;5;Successful;Effective;No;No;No;No;No;No;0.0;-5.0;0.25;-5.08;0.39;-5.13;0.47;-5.18;0.51;-5.2;0.54;-5.2;0.55;-5.2;0.55;-5.2;CACC
2574;18.6;24.6;0.9;10;100;5;Successful;Effective;No;No;No;No;No;No;0.0;-5.0;0.25;-5.08;0.39;-5.13;0.47;-5.18;0.51;-5.2;0.54;-5.2;0.55;-5.2;0.55;-5.2;CACC
2575;18.6;24.6;0.9;5;80;6;Successful;Effective;No;No;No;No;No;No;0.0;-6.0;0.2;-6.08;0.32;-6.14;0.38;-6.18;0.41;-6.2;0.43;-6.19;0.44;-6.19;0.44;-6.19;CACC
2576;18.6;24.6;0.9;8;80;6;Successful;Effective;No;No;No;No;No;No;0.0;-6.0;0.2;-6.08;0.32;-6.14;0.38;-6.18;0.41;-6.2;0.43;-6.19;0.44;-6.19;0.44;-6.19;CACC
2577;18.6;24.6;0.9;10;80;6;Successful;Effective;No;No;No;No;No;No;0.0;-6.0;0.2;-6.08;0.32;-6.14;0.38;-6.18;0.41;-6.2;0.43;-6.19;0.44;-6.19;0.44;-6.19;CACC
2578;18.6;24.6;0.9;5;100;6;Successful;Effective;No;No;No;No;No;No;0.0;-6.0;0.25;-6.09;0.39;-6.15;0.47;-6.2;0.51;-6.22;0.54;-6.22;0.55;-6.22;0.55;-6.22;CACC
2579;18.6;24.6;0.9;8;100;6;Successful;Effective;No;No;No;No;No;No;0.0;-6.0;0.25;-6.09;0.39;-6.15;0.47;-6.2;0.51;-6.22;0.54;-6.22;0.55;-6.22;0.55;-6.22;CACC
2580;18.6;24.6;0.9;10;100;6;Successful;Effective;No;No;No;No;No;No;0.0;-6.0;0.25;-6.09;0.39;-6.15;0.47;-6.2;0.51;-6.22;0.54;-6.22;0.55;-6.22;0.55;-6.22;CACC
2581;18.6;24.6;0.9;5;80;7;Successful;Effective;No;No;No;No;No;No;0.0;-7.0;0.2;-7.07;0.32;-7.16;0.38;-7.2;0.41;-7.22;0.43;-7.2;0.44;-7.2;0.44;-7.21;CACC
2582;18.6;24.6;0.9;8;80;7;Successful;Effective;No;No;No;No;No;No;0.0;-7.0;0.2;-7.07;0.32;-7.16;0.38;-7.2;0.41;-7.22;0.43;-7.2;0.44;-7.2;0.44;-7.21;CACC
2583;18.6;24.6;0.9;10;80;7;Successful;Effective;No;No;No;No;No;No;0.0;-7.0;0.2;-7.07;0.32;-7.16;0.38;-7.2;0.41;-7.22;0.43;-7.2;0.44;-7.2;0.44;-7.21;CACC
2584;18.6;24.6;0.9;5;100;7;Successful;Effective;No;No;No;No;No;No;0.0;-7.0;0.25;-7.1;0.39;-7.17;0.47;-7.22;0.51;-7.24;0.54;-7.23;0.55;-7.23;0.55;-7.23;CACC
2585;18.6;24.6;0.9;8;100;7;Successful;Effective;No;No;No;No;No;No;0.0;-7.0;0.25;-7.1;0.39;-7.17;0.47;-7.22;0.51;-7.24;0.54;-7.23;0.55;-7.23;0.55;-7.23;CACC
2586;18.6;24.6;0.9;10;100;7;Successful;Effective;No;No;No;No;No;No;0.0;-7.0;0.25;-7.1;0.39;-7.17;0.47;-7.22;0.51;-7.24;0.54;-7.23;0.55;-7.23;0.55;-7.23;CACC
2587;18.6;24.6;0.9;5;80;8;Successful;Effective;No;No;No;No;No;No;0.0;-7.99;0.2;-8.07;0.32;-8.18;0.38;-8.23;0.41;-8.24;0.43;-8.2;0.44;-8.19;0.44;-8.21;CACC
2588;18.6;24.6;0.9;8;80;8;Successful;Effective;No;No;No;No;No;No;0.0;-7.99;0.2;-8.07;0.32;-8.18;0.38;-8.23;0.41;-8.24;0.43;-8.2;0.44;-8.19;0.44;-8.21;CACC
2589;18.6;24.6;0.9;10;80;8;Successful;Effective;No;No;No;No;No;No;0.0;-7.99;0.2;-8.07;0.32;-8.18;0.38;-8.23;0.41;-8.24;0.43;-8.2;0.44;-8.19;0.44;-8.21;CACC
2590;18.6;24.6;0.9;5;100;8;Successful;Effective;No;No;No;No;No;No;0.0;-8.0;0.25;-8.09;0.39;-8.19;0.47;-8.24;0.51;-8.27;0.54;-8.25;0.55;-8.24;0.55;-8.25;CACC
2591;18.6;24.6;0.9;8;100;8;Successful;Effective;No;No;No;No;No;No;0.0;-8.0;0.25;-8.09;0.39;-8.19;0.47;-8.24;0.51;-8.27;0.54;-8.25;0.55;-8.24;0.55;-8.25;CACC
2592;18.6;24.6;0.9;10;100;8;Successful;Effective;No;No;No;No;No;No;0.0;-8.0;0.25;-8.09;0.39;-8.19;0.47;-8.24;0.51;-8.27;0.54;-8.25;0.55;-8.24;0.55;-8.25;CACC
2593;18.7;24.7;0.6;5;80;5;Successful;Effective;No;No;No;No;No;No;0.0;-5.0;0.2;-5.07;0.32;-5.14;0.38;-5.18;0.41;-5.2;0.43;-5.19;0.44;-5.18;0.44;-5.19;CACC
2594;18.7;24.7;0.6;8;80;5;Successful;Effective;No;No;No;No;No;No;0.0;-5.0;0.2;-5.07;0.32;-5.14;0.38;-5.18;0.41;-5.2;0.43;-5.19;0.44;-5.18;0.44;-5.19;CACC
2595;18.7;24.7;0.6;10;80;5;Successful;Effective;No;No;No;No;No;No;0.0;-5.0;0.2;-5.07;0.32;-5.14;0.38;-5.18;0.41;-5.2;0.43;-5.19;0.44;-5.18;0.44;-5.19;CACC
2596;18.7;24.7;0.6;5;100;5;Successful;Effective;No;No;No;No;No;No;0.0;-5.0;0.25;-5.08;0.39;-5.15;0.47;-5.19;0.51;-5.21;0.54;-5.21;0.55;-5.21;0.55;-5.21;CACC
2597;18.7;24.7;0.6;8;100;5;Successful;Effective;No;No;No;No;No;No;0.0;-5.0;0.25;-5.08;0.39;-5.15;0.47;-5.19;0.51;-5.21;0.54;-5.21;0.55;-5.21;0.55;-5.21;CACC
2598;18.7;24.7;0.6;10;100;5;Successful;Effective;No;No;No;No;No;No;0.0;-5.0;0.25;-5.08;0.39;-5.15;0.47;-5.19;0.51;-5.21;0.54;-5.21;0.55;-5.21;0.55;-5.21;CACC
2599;18.7;24.7;0.6;5;80;6;Successful;Effective;No;No;No;No;No;No;0.0;-6.0;0.2;-6.08;0.32;-6.16;0.38;-6.2;0.41;-6.22;0.43;-6.21;0.44;-6.2;0.44;-6.21;CACC
2600;18.7;24.7;0.6;8;80;6;Successful;Effective;No;No;No;No;No;No;0.0;-6.0;0.2;-6.08;0.32;-6.16;0.38;-6.2;0.41;-6.22;0.43;-6.21;0.44;-6.2;0.44;-6.21;CACC
2601;18.7;24.7;0.6;10;80;6;Successful;Effective;No;No;No;No;No;No;0.0;-6.0;0.2;-6.08;0.32;-6.16;0.38;-6.2;0.41;-6.22;0.43;-6.21;0.44;-6.2;0.44;-6.21;CACC
2602;18.7;24.7;0.6;5;100;6;Successful;Effective;No;No;No;No;No;No;0.0;-6.0;0.25;-6.09;0.39;-6.17;0.47;-6.22;0.51;-6.24;0.54;-6.23;0.55;-6.22;0.55;-6.23;CACC
2603;18.7;24.7;0.6;8;100;6;Successful;Effective;No;No;No;No;No;No;0.0;-6.0;0.25;-6.09;0.39;-6.17;0.47;-6.22;0.51;-6.24;0.54;-6.23;0.55;-6.22;0.55;-6.23;CACC
2604;18.7;24.7;0.6;10;100;6;Successful;Effective;No;No;No;No;No;No;0.0;-6.0;0.25;-6.09;0.39;-6.17;0.47;-6.22;0.51;-6.24;0.54;-6.23;0.55;-6.22;0.55;-6.23;CACC
2605;18.7;24.7;0.6;5;80;7;Successful;Effective;No;No;No;No;No;No;0.0;-7.0;0.2;-7.1;0.32;-7.18;0.38;-7.23;0.41;-7.25;0.43;-7.23;0.44;-7.22;0.44;-7.23;CACC
2606;18.7;24.7;0.6;8;80;7;Successful;Effective;No;No;No;No;No;No;0.0;-7.0;0.2;-7.1;0.32;-7.18;0.38;-7.23;0.41;-7.25;0.43;-7.23;0.44;-7.22;0.44;-7.23;CACC
2607;18.7;24.7;0.6;10;80;7;Successful;Effective;No;No;No;No;No;No;0.0;-7.0;0.2;-7.1;0.32;-7.18;0.38;-7.23;0.41;-7.25;0.43;-7.23;0.44;-7.22;0.44;-7.23;CACC
2608;18.7;24.7;0.6;5;100;7;Successful;Effective;No;No;No;No;No;No;0.0;-7.0;0.25;-7.1;0.39;-7.19;0.47;-7.24;0.51;-7.27;0.54;-7.25;0.55;-7.24;0.55;-7.25;CACC
2609;18.7;24.7;0.6;8;100;7;Successful;Effective;No;No;No;No;No;No;0.0;-7.0;0.25;-7.1;0.39;-7.19;0.47;-7.24;0.51;-7.27;0.54;-7.25;0.55;-7.24;0.55;-7.25;CACC
2610;18.7;24.7;0.6;10;100;7;Successful;Effective;No;No;No;No;No;No;0.0;-7.0;0.25;-7.1;0.39;-7.19;0.47;-7.24;0.51;-7.27;0.54;-7.25;0.55;-7.24;0.55;-7.25;CACC
2611;18.7;24.7;0.6;5;80;8;Successful;Effective;No;No;No;No;No;No;0.0;-7.99;0.2;-8.1;0.32;-8.2;0.38;-8.25;0.41;-8.27;0.43;-8.25;0.44;-8.23;0.44;-8.25;CACC
2612;18.7;24.7;0.6;8;80;8;Successful;Effective;No;No;No;No;No;No;0.0;-7.99;0.2;-8.1;0.32;-8.2;0.38;-8.25;0.41;-8.27;0.43;-8.25;0.44;-8.23;0.44;-8.25;CACC
2613;18.7;24.7;0.6;10;80;8;Successful;Effective;No;No;No;No;No;No;0.0;-7.99;0.2;-8.1;0.32;-8.2;0.38;-8.25;0.41;-8.27;0.43;-8.25;0.44;-8.23;0.44;-8.25;CACC
2614;18.7;24.7;0.6;5;100;8;Successful;Effective;No;No;No;No;No;No;0.0;-8.0;0.25;-8.11;0.39;-8.21;0.47;-8.27;0.51;-8.29;0.54;-8.27;0.55;-8.26;0.55;-8.27;CACC
2615;18.7;24.7;0.6;8;100;8;Successful;Effective;No;No;No;No;No;No;0.0;-8.0;0.25;-8.11;0.39;-8.21;0.47;-8.27;0.51;-8.29;0.54;-8.27;0.55;-8.26;0.55;-8.27;CACC
2616;18.7;24.7;0.6;10;100;8;Successful;Effective;No;No;No;No;No;No;0.0;-8.0;0.25;-8.11;0.39;-8.21;0.47;-8.27;0.51;-8.29;0.54;-8.27;0.55;-8.26;0.55;-8.27;CACC
2617;18.7;24.7;0.7;5;80;5;Successful;Effective;No;No;No;No;No;No;0.0;-5.0;0.2;-5.07;0.32;-5.14;0.38;-5.17;0.41;-5.19;0.43;-5.18;0.44;-5.18;0.44;-5.19;CACC
2618;18.7;24.7;0.7;8;80;5;Successful;Effective;No;No;No;No;No;No;0.0;-5.0;0.2;-5.07;0.32;-5.14;0.38;-5.17;0.41;-5.19;0.43;-5.18;0.44;-5.18;0.44;-5.19;CACC
2619;18.7;24.7;0.7;10;80;5;Successful;Effective;No;No;No;No;No;No;0.0;-5.0;0.2;-5.07;0.32;-5.14;0.38;-5.17;0.41;-5.19;0.43;-5.18;0.44;-5.18;0.44;-5.19;CACC
2620;18.7;24.7;0.7;5;100;5;Successful;Effective;No;No;No;No;No;No;0.0;-5.0;0.25;-5.07;0.39;-5.14;0.47;-5.19;0.51;-5.21;0.54;-5.2;0.55;-5.2;0.55;-5.21;CACC
2621;18.7;24.7;0.7;8;100;5;Successful;Effective;No;No;No;No;No;No;0.0;-5.0;0.25;-5.07;0.39;-5.14;0.47;-5.19;0.51;-5.21;0.54;-5.2;0.55;-5.2;0.55;-5.21;CACC
2622;18.7;24.7;0.7;10;100;5;Successful;Effective;No;No;No;No;No;No;0.0;-5.0;0.25;-5.07;0.39;-5.14;0.47;-5.19;0.51;-5.21;0.54;-5.2;0.55;-5.2;0.55;-5.21;CACC
2623;18.7;24.7;0.7;5;80;6;Successful;Effective;No;No;No;No;No;No;0.0;-6.0;0.2;-6.08;0.32;-6.15;0.38;-6.2;0.41;-6.22;0.43;-6.21;0.44;-6.2;0.44;-6.21;CACC
2624;18.7;24.7;0.7;8;80;6;Successful;Effective;No;No;No;No;No;No;0.0;-6.0;0.2;-6.08;0.32;-6.15;0.38;-6.2;0.41;-6.22;0.43;-6.21;0.44;-6.2;0.44;-6.21;CACC
2625;18.7;24.7;0.7;10;80;6;Successful;Effective;No;No;No;No;No;No;0.0;-6.0;0.2;-6.08;0.32;-6.15;0.38;-6.2;0.41;-6.22;0.43;-6.21;0.44;-6.2;0.44;-6.21;CACC
2626;18.7;24.7;0.7;5;100;6;Successful;Effective;No;No;No;No;No;No;0.0;-6.0;0.25;-6.08;0.39;-6.16;0.47;-6.21;0.51;-6.24;0.54;-6.23;0.55;-6.22;0.55;-6.23;CACC
2627;18.7;24.7;0.7;8;100;6;Successful;Effective;No;No;No;No;No;No;0.0;-6.0;0.25;-6.08;0.39;-6.16;0.47;-6.21;0.51;-6.24;0.54;-6.23;0.55;-6.22;0.55;-6.23;CACC
2628;18.7;24.7;0.7;10;100;6;Successful;Effective;No;No;No;No;No;No;0.0;-6.0;0.25;-6.08;0.39;-6.16;0.47;-6.21;0.51;-6.24;0.54;-6.23;0.55;-6.22;0.55;-6.23;CACC
2629;18.7;24.7;0.7;5;80;7;Successful;Effective;No;No;No;No;No;No;0.0;-7.0;0.2;-7.09;0.32;-7.17;0.38;-7.22;0.41;-7.24;0.43;-7.22;0.44;-7.21;0.44;-7.23;CACC
2630;18.7;24.7;0.7;8;80;7;Successful;Effective;No;No;No;No;No;No;0.0;-7.0;0.2;-7.09;0.32;-7.17;0.38;-7.22;0.41;-7.24;0.43;-7.22;0.44;-7.21;0.44;-7.23;CACC
2631;18.7;24.7;0.7;10;80;7;Successful;Effective;No;No;No;No;No;No;0.0;-7.0;0.2;-7.09;0.32;-7.17;0.38;-7.22;0.41;-7.24;0.43;-7.22;0.44;-7.21;0.44;-7.23;CACC
2632;18.7;24.7;0.7;5;100;7;Successful;Effective;No;No;No;No;No;No;0.0;-7.0;0.25;-7.1;0.39;-7.18;0.47;-7.24;0.51;-7.26;0.54;-7.25;0.55;-7.24;0.55;-7.25;CACC
2633;18.7;24.7;0.7;8;100;7;Successful;Effective;No;No;No;No;No;No;0.0;-7.0;0.25;-7.1;0.39;-7.18;0.47;-7.24;0.51;-7.26;0.54;-7.25;0.55;-7.24;0.55;-7.25;CACC
2634;18.7;24.7;0.7;10;100;7;Successful;Effective;No;No;No;No;No;No;0.0;-7.0;0.25;-7.1;0.39;-7.18;0.47;-7.24;0.51;-7.26;0.54;-7.25;0.55;-7.24;0.55;-7.25;CACC
2635;18.7;24.7;0.7;5;80;8;Successful;Effective;No;No;No;No;No;No;0.0;-7.99;0.2;-8.09;0.32;-8.19;0.38;-8.25;0.41;-8.27;0.43;-8.24;0.44;-8.23;0.44;-8.24;CACC
2636;18.7;24.7;0.7;8;80;8;Successful;Effective;No;No;No;No;No;No;0.0;-7.99;0.2;-8.09;0.32;-8.19;0.38;-8.25;0.41;-8.27;0.43;-8.24;0.44;-8.23;0.44;-8.24;CACC
2637;18.7;24.7;0.7;10;80;8;Successful;Effective;No;No;No;No;No;No;0.0;-7.99;0.2;-8.09;0.32;-8.19;0.38;-8.25;0.41;-8.27;0.43;-8.24;0.44;-8.23;0.44;-8.24;CACC
2638;18.7;24.7;0.7;5;100;8;Successful;Effective;No;No;No;No;No;No;0.0;-8.0;0.25;-8.11;0.39;-8.2;0.47;-8.26;0.51;-8.29;0.54;-8.27;0.55;-8.26;0.55;-8.27;CACC
2639;18.7;24.7;0.7;8;100;8;Successful;Effective;No;No;No;No;No;No;0.0;-8.0;0.25;-8.11;0.39;-8.2;0.47;-8.26;0.51;-8.29;0.54;-8.27;0.55;-8.26;0.55;-8.27;CACC
2640;18.7;24.7;0.7;10;100;8;Successful;Effective;No;No;No;No;No;No;0.0;-8.0;0.25;-8.11;0.39;-8.2;0.47;-8.26;0.51;-8.29;0.54;-8.27;0.55;-8.26;0.55;-8.27;CACC
2641;18.7;24.7;0.8;5;80;5;Successful;Effective;No;No;No;No;No;No;0.0;-5.0;0.2;-5.07;0.32;-5.13;0.38;-5.17;0.41;-5.19;0.43;-5.18;0.44;-5.18;0.44;-5.18;CACC
2642;18.7;24.7;0.8;8;80;5;Successful;Effective;No;No;No;No;No;No;0.0;-5.0;0.2;-5.07;0.32;-5.13;0.38;-5.17;0.41;-5.19;0.43;-5.18;0.44;-5.18;0.44;-5.18;CACC
2643;18.7;24.7;0.8;10;80;5;Successful;Effective;No;No;No;No;No;No;0.0;-5.0;0.2;-5.07;0.32;-5.13;0.38;-5.17;0.41;-5.19;0.43;-5.18;0.44;-5.18;0.44;-5.18;CACC
2644;18.7;24.7;0.8;5;100;5;Successful;Effective;No;No;No;No;No;No;0.0;-5.0;0.25;-5.07;0.39;-5.14;0.47;-5.19;0.51;-5.21;0.54;-5.2;0.55;-5.2;0.55;-5.2;CACC
2645;18.7;24.7;0.8;8;100;5;Successful;Effective;No;No;No;No;No;No;0.0;-5.0;0.25;-5.07;0.39;-5.14;0.47;-5.19;0.51;-5.21;0.54;-5.2;0.55;-5.2;0.55;-5.2;CACC
2646;18.7;24.7;0.8;10;100;5;Successful;Effective;No;No;No;No;No;No;0.0;-5.0;0.25;-5.07;0.39;-5.14;0.47;-5.19;0.51;-5.21;0.54;-5.2;0.55;-5.2;0.55;-5.2;CACC
2647;18.7;24.7;0.8;5;80;6;Successful;Effective;No;No;No;No;No;No;0.0;-6.0;0.2;-6.08;0.32;-6.15;0.38;-6.2;0.41;-6.21;0.43;-6.2;0.44;-6.19;0.44;-6.2;CACC
2648;18.7;24.7;0.8;8;80;6;Successful;Effective;No;No;No;No;No;No;0.0;-6.0;0.2;-6.08;0.32;-6.15;0.38;-6.2;0.41;-6.21;0.43;-6.2;0.44;-6.19;0.44;-6.2;CACC
2649;18.7;24.7;0.8;10;80;6;Successful;Effective;No;No;No;No;No;No;0.0;-6.0;0.2;-6.08;0.32;-6.15;0.38;-6.2;0.41;-6.21;0.43;-6.2;0.44;-6.19;0.44;-6.2;CACC
2650;18.7;24.7;0.8;5;100;6;Successful;Effective;No;No;No;No;No;No;0.0;-6.0;0.25;-6.08;0.39;-6.16;0.47;-6.21;0.51;-6.23;0.54;-6.22;0.55;-6.22;0.55;-6.22;CACC
2651;18.7;24.7;0.8;8;100;6;Successful;Effective;No;No;No;No;No;No;0.0;-6.0;0.25;-6.08;0.39;-6.16;0.47;-6.21;0.51;-6.23;0.54;-6.22;0.55;-6.22;0.55;-6.22;CACC
2652;18.7;24.7;0.8;10;100;6;Successful;Effective;No;No;No;No;No;No;0.0;-6.0;0.25;-6.08;0.39;-6.16;0.47;-6.21;0.51;-6.23;0.54;-6.22;0.55;-6.22;0.55;-6.22;CACC
2653;18.7;24.7;0.8;5;80;7;Successful;Effective;No;No;No;No;No;No;0.0;-7.0;0.2;-7.08;0.32;-7.17;0.38;-7.22;0.41;-7.24;0.43;-7.22;0.44;-7.21;0.44;-7.22;CACC
2654;18.7;24.7;0.8;8;80;7;Successful;Effective;No;No;No;No;No;No;0.0;-7.0;0.2;-7.08;0.32;-7.17;0.38;-7.22;0.41;-7.24;0.43;-7.22;0.44;-7.21;0.44;-7.22;CACC
2655;18.7;24.7;0.8;10;80;7;Successful;Effective;No;No;No;No;No;No;0.0;-7.0;0.2;-7.08;0.32;-7.17;0.38;-7.22;0.41;-7.24;0.43;-7.22;0.44;-7.21;0.44;-7.22;CACC
2656;18.7;24.7;0.8;5;100;7;Successful;Effective;No;No;No;No;No;No;0.0;-7.0;0.25;-7.09;0.39;-7.18;0.47;-7.23;0.51;-7.25;0.54;-7.24;0.55;-7.24;0.55;-7.24;CACC
2657;18.7;24.7;0.8;8;100;7;Successful;Effective;No;No;No;No;No;No;0.0;-7.0;0.25;-7.09;0.39;-7.18;0.47;-7.23;0.51;-7.25;0.54;-7.24;0.55;-7.24;0.55;-7.24;CACC
2658;18.7;24.7;0.8;10;100;7;Successful;Effective;No;No;No;No;No;No;0.0;-7.0;0.25;-7.09;0.39;-7.18;0.47;-7.23;0.51;-7.25;0.54;-7.24;0.55;-7.24;0.55;-7.24;CACC
2659;18.7;24.7;0.8;5;80;8;Successful;Effective;No;No;No;No;No;No;0.0;-7.99;0.2;-8.09;0.32;-8.19;0.38;-8.24;0.41;-8.26;0.43;-8.22;0.44;-8.21;0.44;-8.23;CACC
2660;18.7;24.7;0.8;8;80;8;Successful;Effective;No;No;No;No;No;No;0.0;-7.99;0.2;-8.09;0.32;-8.19;0.38;-8.24;0.41;-8.26;0.43;-8.22;0.44;-8.21;0.44;-8.23;CACC
2661;18.7;24.7;0.8;10;80;8;Successful;Effective;No;No;No;No;No;No;0.0;-7.99;0.2;-8.09;0.32;-8.19;0.38;-8.24;0.41;-8.26;0.43;-8.22;0.44;-8.21;0.44;-8.23;CACC
2662;18.7;24.7;0.8;5;100;8;Successful;Effective;No;No;No;No;No;No;0.0;-8.0;0.25;-8.1;0.39;-8.2;0.47;-8.26;0.51;-8.28;0.54;-8.26;0.55;-8.25;0.55;-8.26;CACC
2663;18.7;24.7;0.8;8;100;8;Successful;Effective;No;No;No;No;No;No;0.0;-8.0;0.25;-8.1;0.39;-8.2;0.47;-8.26;0.51;-8.28;0.54;-8.26;0.55;-8.25;0.55;-8.26;CACC
2664;18.7;24.7;0.8;10;100;8;Successful;Effective;No;No;No;No;No;No;0.0;-8.0;0.25;-8.1;0.39;-8.2;0.47;-8.26;0.51;-8.28;0.54;-8.26;0.55;-8.25;0.55;-8.26;CACC
2665;18.7;24.7;0.9;5;80;5;Successful;Effective;No;No;No;No;No;No;0.0;-5.0;0.2;-5.07;0.32;-5.13;0.38;-5.17;0.41;-5.18;0.43;-5.18;0.44;-5.18;0.44;-5.18;CACC
2666;18.7;24.7;0.9;8;80;5;Successful;Effective;No;No;No;No;No;No;0.0;-5.0;0.2;-5.07;0.32;-5.13;0.38;-5.17;0.41;-5.18;0.43;-5.18;0.44;-5.18;0.44;-5.18;CACC
2667;18.7;24.7;0.9;10;80;5;Successful;Effective;No;No;No;No;No;No;0.0;-5.0;0.2;-5.07;0.32;-5.13;0.38;-5.17;0.41;-5.18;0.43;-5.18;0.44;-5.18;0.44;-5.18;CACC
2668;18.7;24.7;0.9;5;100;5;Successful;Effective;No;No;No;No;No;No;0.0;-5.0;0.25;-5.07;0.39;-5.14;0.47;-5.18;0.51;-5.2;0.54;-5.2;0.55;-5.2;0.55;-5.2;CACC
2669;18.7;24.7;0.9;8;100;5;Successful;Effective;No;No;No;No;No;No;0.0;-5.0;0.25;-5.07;0.39;-5.14;0.47;-5.18;0.51;-5.2;0.54;-5.2;0.55;-5.2;0.55;-5.2;CACC
2670;18.7;24.7;0.9;10;100;5;Successful;Effective;No;No;No;No;No;No;0.0;-5.0;0.25;-5.07;0.39;-5.14;0.47;-5.18;0.51;-5.2;0.54;-5.2;0.55;-5.2;0.55;-5.2;CACC
2671;18.7;24.7;0.9;5;80;6;Successful;Effective;No;No;No;No;No;No;0.0;-6.0;0.2;-6.07;0.32;-6.15;0.38;-6.19;0.41;-6.21;0.43;-6.2;0.44;-6.19;0.44;-6.2;CACC
2672;18.7;24.7;0.9;8;80;6;Successful;Effective;No;No;No;No;No;No;0.0;-6.0;0.2;-6.07;0.32;-6.15;0.38;-6.19;0.41;-6.21;0.43;-6.2;0.44;-6.19;0.44;-6.2;CACC
2673;18.7;24.7;0.9;10;80;6;Successful;Effective;No;No;No;No;No;No;0.0;-6.0;0.2;-6.07;0.32;-6.15;0.38;-6.19;0.41;-6.21;0.43;-6.2;0.44;-6.19;0.44;-6.2;CACC
2674;18.7;24.7;0.9;5;100;6;Successful;Effective;No;No;No;No;No;No;0.0;-6.0;0.25;-6.08;0.39;-6.16;0.47;-6.21;0.51;-6.22;0.54;-6.22;0.55;-6.22;0.55;-6.22;CACC
2675;18.7;24.7;0.9;8;100;6;Successful;Effective;No;No;No;No;No;No;0.0;-6.0;0.25;-6.08;0.39;-6.16;0.47;-6.21;0.51;-6.22;0.54;-6.22;0.55;-6.22;0.55;-6.22;CACC
2676;18.7;24.7;0.9;10;100;6;Successful;Effective;No;No;No;No;No;No;0.0;-6.0;0.25;-6.08;0.39;-6.16;0.47;-6.21;0.51;-6.22;0.54;-6.22;0.55;-6.22;0.55;-6.22;CACC
2677;18.7;24.7;0.9;5;80;7;Successful;Effective;No;No;No;No;No;No;0.0;-7.0;0.2;-7.08;0.32;-7.17;0.38;-7.21;0.41;-7.23;0.43;-7.21;0.44;-7.2;0.44;-7.21;CACC
2678;18.7;24.7;0.9;8;80;7;Successful;Effective;No;No;No;No;No;No;0.0;-7.0;0.2;-7.08;0.32;-7.17;0.38;-7.21;0.41;-7.23;0.43;-7.21;0.44;-7.2;0.44;-7.21;CACC
2679;18.7;24.7;0.9;10;80;7;Successful;Effective;No;No;No;No;No;No;0.0;-7.0;0.2;-7.08;0.32;-7.17;0.38;-7.21;0.41;-7.23;0.43;-7.21;0.44;-7.2;0.44;-7.21;CACC
2680;18.7;24.7;0.9;5;100;7;Successful;Effective;No;No;No;No;No;No;0.0;-7.0;0.25;-7.09;0.39;-7.18;0.47;-7.23;0.51;-7.25;0.54;-7.24;0.55;-7.23;0.55;-7.24;CACC
2681;18.7;24.7;0.9;8;100;7;Successful;Effective;No;No;No;No;No;No;0.0;-7.0;0.25;-7.09;0.39;-7.18;0.47;-7.23;0.51;-7.25;0.54;-7.24;0.55;-7.23;0.55;-7.24;CACC
2682;18.7;24.7;0.9;10;100;7;Successful;Effective;No;No;No;No;No;No;0.0;-7.0;0.25;-7.09;0.39;-7.18;0.47;-7.23;0.51;-7.25;0.54;-7.24;0.55;-7.23;0.55;-7.24;CACC
2683;18.7;24.7;0.9;5;80;8;Successful;Effective;No;No;No;No;No;No;0.0;-7.99;0.2;-8.09;0.32;-8.19;0.38;-8.24;0.41;-8.25;0.43;-8.22;0.44;-8.21;0.44;-8.23;CACC
2684;18.7;24.7;0.9;8;80;8;Successful;Effective;No;No;No;No;No;No;0.0;-7.99;0.2;-8.09;0.32;-8.19;0.38;-8.24;0.41;-8.25;0.43;-8.22;0.44;-8.21;0.44;-8.23;CACC
2685;18.7;24.7;0.9;10;80;8;Successful;Effective;No;No;No;No;No;No;0.0;-7.99;0.2;-8.09;0.32;-8.19;0.38;-8.24;0.41;-8.25;0.43;-8.22;0.44;-8.21;0.44;-8.23;CACC
2686;18.7;24.7;0.9;5;100;8;Successful;Effective;No;No;No;No;No;No;0.0;-8.0;0.25;-8.09;0.39;-8.2;0.47;-8.25;0.51;-8.27;0.54;-8.26;0.55;-8.25;0.55;-8.25;CACC
2687;18.7;24.7;0.9;8;100;8;Successful;Effective;No;No;No;No;No;No;0.0;-8.0;0.25;-8.09;0.39;-8.2;0.47;-8.25;0.51;-8.27;0.54;-8.26;0.55;-8.25;0.55;-8.25;CACC
2688;18.7;24.7;0.9;10;100;8;Successful;Effective;No;No;No;No;No;No;0.0;-8.0;0.25;-8.09;0.39;-8.2;0.47;-8.25;0.51;-8.27;0.54;-8.26;0.55;-8.25;0.55;-8.25;CACC
2689;18.8;24.8;0.6;5;80;5;Successful;Effective;No;No;No;No;No;No;0.0;-5.0;0.2;-5.07;0.32;-5.14;0.38;-5.18;0.41;-5.2;0.43;-5.19;0.44;-5.18;0.44;-5.19;CACC
2690;18.8;24.8;0.6;8;80;5;Successful;Effective;No;No;No;No;No;No;0.0;-5.0;0.2;-5.07;0.32;-5.14;0.38;-5.18;0.41;-5.2;0.43;-5.19;0.44;-5.18;0.44;-5.19;CACC
2691;18.8;24.8;0.6;10;80;5;Successful;Effective;No;No;No;No;No;No;0.0;-5.0;0.2;-5.07;0.32;-5.14;0.38;-5.18;0.41;-5.2;0.43;-5.19;0.44;-5.18;0.44;-5.19;CACC
2692;18.8;24.8;0.6;5;100;5;Successful;Effective;No;No;No;No;No;No;0.0;-5.0;0.25;-5.07;0.39;-5.15;0.47;-5.19;0.51;-5.22;0.54;-5.21;0.55;-5.21;0.55;-5.21;CACC
2693;18.8;24.8;0.6;8;100;5;Successful;Effective;No;No;No;No;No;No;0.0;-5.0;0.25;-5.07;0.39;-5.15;0.47;-5.19;0.51;-5.22;0.54;-5.21;0.55;-5.21;0.55;-5.21;CACC
2694;18.8;24.8;0.6;10;100;5;Successful;Effective;No;No;No;No;No;No;0.0;-5.0;0.25;-5.07;0.39;-5.15;0.47;-5.19;0.51;-5.22;0.54;-5.21;0.55;-5.21;0.55;-5.21;CACC
2695;18.8;24.8;0.6;5;80;6;Successful;Effective;No;No;No;No;No;No;0.0;-6.0;0.2;-6.08;0.32;-6.16;0.38;-6.21;0.41;-6.23;0.43;-6.21;0.44;-6.2;0.44;-6.21;CACC
2696;18.8;24.8;0.6;8;80;6;Successful;Effective;No;No;No;No;No;No;0.0;-6.0;0.2;-6.08;0.32;-6.16;0.38;-6.21;0.41;-6.23;0.43;-6.21;0.44;-6.2;0.44;-6.21;CACC
2697;18.8;24.8;0.6;10;80;6;Successful;Effective;No;No;No;No;No;No;0.0;-6.0;0.2;-6.08;0.32;-6.16;0.38;-6.21;0.41;-6.23;0.43;-6.21;0.44;-6.2;0.44;-6.21;CACC
2698;18.8;24.8;0.6;5;100;6;Successful;Effective;No;No;No;No;No;No;0.0;-6.0;0.25;-6.09;0.39;-6.17;0.47;-6.22;0.51;-6.24;0.54;-6.23;0.55;-6.23;0.55;-6.24;CACC
2699;18.8;24.8;0.6;8;100;6;Successful;Effective;No;No;No;No;No;No;0.0;-6.0;0.25;-6.09;0.39;-6.17;0.47;-6.22;0.51;-6.24;0.54;-6.23;0.55;-6.23;0.55;-6.24;CACC
2700;18.8;24.8;0.6;10;100;6;Successful;Effective;No;No;No;No;No;No;0.0;-6.0;0.25;-6.09;0.39;-6.17;0.47;-6.22;0.51;-6.24;0.54;-6.23;0.55;-6.23;0.55;-6.24;CACC
2701;18.8;24.8;0.6;5;80;7;Successful;Effective;No;No;No;No;No;No;0.0;-7.0;0.2;-7.09;0.32;-7.18;0.38;-7.23;0.41;-7.25;0.43;-7.23;0.44;-7.22;0.44;-7.23;CACC
2702;18.8;24.8;0.6;8;80;7;Successful;Effective;No;No;No;No;No;No;0.0;-7.0;0.2;-7.09;0.32;-7.18;0.38;-7.23;0.41;-7.25;0.43;-7.23;0.44;-7.22;0.44;-7.23;CACC
2703;18.8;24.8;0.6;10;80;7;Successful;Effective;No;No;No;No;No;No;0.0;-7.0;0.2;-7.09;0.32;-7.18;0.38;-7.23;0.41;-7.25;0.43;-7.23;0.44;-7.22;0.44;-7.23;CACC
2704;18.8;24.8;0.6;5;100;7;Successful;Effective;No;No;No;No;No;No;0.0;-7.0;0.25;-7.1;0.39;-7.19;0.47;-7.25;0.51;-7.27;0.54;-7.25;0.55;-7.25;0.55;-7.26;CACC
2705;18.8;24.8;0.6;8;100;7;Successful;Effective;No;No;No;No;No;No;0.0;-7.0;0.25;-7.1;0.39;-7.19;0.47;-7.25;0.51;-7.27;0.54;-7.25;0.55;-7.25;0.55;-7.26;CACC
2706;18.8;24.8;0.6;10;100;7;Successful;Effective;No;No;No;No;No;No;0.0;-7.0;0.25;-7.1;0.39;-7.19;0.47;-7.25;0.51;-7.27;0.54;-7.25;0.55;-7.25;0.55;-7.26;CACC
2707;18.8;24.8;0.6;5;80;8;Successful;Effective;No;No;No;No;No;No;0.0;-7.99;0.2;-8.1;0.32;-8.2;0.38;-8.26;0.41;-8.28;0.43;-8.25;0.44;-8.24;0.44;-8.25;CACC
2708;18.8;24.8;0.6;8;80;8;Successful;Effective;No;No;No;No;No;No;0.0;-7.99;0.2;-8.1;0.32;-8.2;0.38;-8.26;0.41;-8.28;0.43;-8.25;0.44;-8.24;0.44;-8.25;CACC
2709;18.8;24.8;0.6;10;80;8;Successful;Effective;No;No;No;No;No;No;0.0;-7.99;0.2;-8.1;0.32;-8.2;0.38;-8.26;0.41;-8.28;0.43;-8.25;0.44;-8.24;0.44;-8.25;CACC
2710;18.8;24.8;0.6;5;100;8;Successful;Effective;No;No;No;No;No;No;0.0;-8.0;0.25;-8.11;0.39;-8.21;0.47;-8.27;0.51;-8.29;0.54;-8.27;0.55;-8.26;0.55;-8.28;CACC
2711;18.8;24.8;0.6;8;100;8;Successful;Effective;No;No;No;No;No;No;0.0;-8.0;0.25;-8.11;0.39;-8.21;0.47;-8.27;0.51;-8.29;0.54;-8.27;0.55;-8.26;0.55;-8.28;CACC
2712;18.8;24.8;0.6;10;100;8;Successful;Effective;No;No;No;No;No;No;0.0;-8.0;0.25;-8.11;0.39;-8.21;0.47;-8.27;0.51;-8.29;0.54;-8.27;0.55;-8.26;0.55;-8.28;CACC
2713;18.8;24.8;0.7;5;80;5;Successful;Effective;No;No;No;No;No;No;0.0;-5.0;0.2;-5.07;0.32;-5.14;0.38;-5.18;0.41;-5.2;0.43;-5.19;0.44;-5.18;0.44;-5.19;CACC
2714;18.8;24.8;0.7;8;80;5;Successful;Effective;No;No;No;No;No;No;0.0;-5.0;0.2;-5.07;0.32;-5.14;0.38;-5.18;0.41;-5.2;0.43;-5.19;0.44;-5.18;0.44;-5.19;CACC
2715;18.8;24.8;0.7;10;80;5;Successful;Effective;No;No;No;No;No;No;0.0;-5.0;0.2;-5.07;0.32;-5.14;0.38;-5.18;0.41;-5.2;0.43;-5.19;0.44;-5.18;0.44;-5.19;CACC
2716;18.8;24.8;0.7;5;100;5;Successful;Effective;No;No;No;No;No;No;0.0;-5.0;0.25;-5.07;0.39;-5.15;0.47;-5.19;0.51;-5.21;0.54;-5.21;0.55;-5.2;0.55;-5.21;CACC
2717;18.8;24.8;0.7;8;100;5;Successful;Effective;No;No;No;No;No;No;0.0;-5.0;0.25;-5.07;0.39;-5.15;0.47;-5.19;0.51;-5.21;0.54;-5.21;0.55;-5.2;0.55;-5.21;CACC
2718;18.8;24.8;0.7;10;100;5;Successful;Effective;No;No;No;No;No;No;0.0;-5.0;0.25;-5.07;0.39;-5.15;0.47;-5.19;0.51;-5.21;0.54;-5.21;0.55;-5.2;0.55;-5.21;CACC
2719;18.8;24.8;0.7;5;80;6;Successful;Effective;No;No;No;No;No;No;0.0;-6.0;0.2;-6.08;0.32;-6.16;0.38;-6.2;0.41;-6.22;0.43;-6.21;0.44;-6.2;0.44;-6.21;CACC
2720;18.8;24.8;0.7;8;80;6;Successful;Effective;No;No;No;No;No;No;0.0;-6.0;0.2;-6.08;0.32;-6.16;0.38;-6.2;0.41;-6.22;0.43;-6.21;0.44;-6.2;0.44;-6.21;CACC
2721;18.8;24.8;0.7;10;80;6;Successful;Effective;No;No;No;No;No;No;0.0;-6.0;0.2;-6.08;0.32;-6.16;0.38;-6.2;0.41;-6.22;0.43;-6.21;0.44;-6.2;0.44;-6.21;CACC
2722;18.8;24.8;0.7;5;100;6;Successful;Effective;No;No;No;No;No;No;0.0;-6.0;0.25;-6.08;0.39;-6.17;0.47;-6.22;0.51;-6.24;0.54;-6.23;0.55;-6.22;0.55;-6.23;CACC
2723;18.8;24.8;0.7;8;100;6;Successful;Effective;No;No;No;No;No;No;0.0;-6.0;0.25;-6.08;0.39;-6.17;0.47;-6.22;0.51;-6.24;0.54;-6.23;0.55;-6.22;0.55;-6.23;CACC
2724;18.8;24.8;0.7;10;100;6;Successful;Effective;No;No;No;No;No;No;0.0;-6.0;0.25;-6.08;0.39;-6.17;0.47;-6.22;0.51;-6.24;0.54;-6.23;0.55;-6.22;0.55;-6.23;CACC
2725;18.8;24.8;0.7;5;80;7;Successful;Effective;No;No;No;No;No;No;0.0;-7.0;0.2;-7.09;0.32;-7.18;0.38;-7.23;0.41;-7.25;0.43;-7.23;0.44;-7.22;0.44;-7.23;CACC
2726;18.8;24.8;0.7;8;80;7;Successful;Effective;No;No;No;No;No;No;0.0;-7.0;0.2;-7.09;0.32;-7.18;0.38;-7.23;0.41;-7.25;0.43;-7.23;0.44;-7.22;0.44;-7.23;CACC
2727;18.8;24.8;0.7;10;80;7;Successful;Effective;No;No;No;No;No;No;0.0;-7.0;0.2;-7.09;0.32;-7.18;0.38;-7.23;0.41;-7.25;0.43;-7.23;0.44;-7.22;0.44;-7.23;CACC
2728;18.8;24.8;0.7;5;100;7;Successful;Effective;No;No;No;No;No;No;0.0;-7.0;0.25;-7.09;0.39;-7.19;0.47;-7.24;0.51;-7.26;0.54;-7.25;0.55;-7.24;0.55;-7.25;CACC
2729;18.8;24.8;0.7;8;100;7;Successful;Effective;No;No;No;No;No;No;0.0;-7.0;0.25;-7.09;0.39;-7.19;0.47;-7.24;0.51;-7.26;0.54;-7.25;0.55;-7.24;0.55;-7.25;CACC
2730;18.8;24.8;0.7;10;100;7;Successful;Effective;No;No;No;No;No;No;0.0;-7.0;0.25;-7.09;0.39;-7.19;0.47;-7.24;0.51;-7.26;0.54;-7.25;0.55;-7.24;0.55;-7.25;CACC
2731;18.8;24.8;0.7;5;80;8;Successful;Effective;No;No;No;No;No;No;0.0;-7.99;0.2;-8.1;0.32;-8.2;0.38;-8.25;0.41;-8.27;0.43;-8.24;0.44;-8.23;0.44;-8.25;CACC
2732;18.8;24.8;0.7;8;80;8;Successful;Effective;No;No;No;No;No;No;0.0;-7.99;0.2;-8.1;0.32;-8.2;0.38;-8.25;0.41;-8.27;0.43;-8.24;0.44;-8.23;0.44;-8.25;CACC
2733;18.8;24.8;0.7;10;80;8;Successful;Effective;No;No;No;No;No;No;0.0;-7.99;0.2;-8.1;0.32;-8.2;0.38;-8.25;0.41;-8.27;0.43;-8.24;0.44;-8.23;0.44;-8.25;CACC
2734;18.8;24.8;0.7;5;100;8;Successful;Effective;No;No;No;No;No;No;0.0;-8.0;0.25;-8.1;0.39;-8.21;0.47;-8.27;0.51;-8.29;0.54;-8.27;0.55;-8.26;0.55;-8.27;CACC
2735;18.8;24.8;0.7;8;100;8;Successful;Effective;No;No;No;No;No;No;0.0;-8.0;0.25;-8.1;0.39;-8.21;0.47;-8.27;0.51;-8.29;0.54;-8.27;0.55;-8.26;0.55;-8.27;CACC
2736;18.8;24.8;0.7;10;100;8;Successful;Effective;No;No;No;No;No;No;0.0;-8.0;0.25;-8.1;0.39;-8.21;0.47;-8.27;0.51;-8.29;0.54;-8.27;0.55;-8.26;0.55;-8.27;CACC
2737;18.8;24.8;0.8;5;80;5;Successful;Effective;No;No;No;No;No;No;0.0;-5.0;0.2;-5.07;0.32;-5.14;0.38;-5.18;0.41;-5.19;0.43;-5.18;0.44;-5.18;0.44;-5.18;CACC
2738;18.8;24.8;0.8;8;80;5;Successful;Effective;No;No;No;No;No;No;0.0;-5.0;0.2;-5.07;0.32;-5.14;0.38;-5.18;0.41;-5.19;0.43;-5.18;0.44;-5.18;0.44;-5.18;CACC
2739;18.8;24.8;0.8;10;80;5;Successful;Effective;No;No;No;No;No;No;0.0;-5.0;0.2;-5.07;0.32;-5.14;0.38;-5.18;0.41;-5.19;0.43;-5.18;0.44;-5.18;0.44;-5.18;CACC
2740;18.8;24.8;0.8;5;100;5;Successful;Effective;No;No;No;No;No;No;0.0;-5.0;0.25;-5.07;0.39;-5.15;0.47;-5.19;0.51;-5.21;0.54;-5.2;0.55;-5.2;0.55;-5.21;CACC
2741;18.8;24.8;0.8;8;100;5;Successful;Effective;No;No;No;No;No;No;0.0;-5.0;0.25;-5.07;0.39;-5.15;0.47;-5.19;0.51;-5.21;0.54;-5.2;0.55;-5.2;0.55;-5.21;CACC
2742;18.8;24.8;0.8;10;100;5;Successful;Effective;No;No;No;No;No;No;0.0;-5.0;0.25;-5.07;0.39;-5.15;0.47;-5.19;0.51;-5.21;0.54;-5.2;0.55;-5.2;0.55;-5.21;CACC
2743;18.8;24.8;0.8;5;80;6;Successful;Effective;No;No;No;No;No;No;0.0;-6.0;0.2;-6.08;0.32;-6.16;0.38;-6.2;0.41;-6.22;0.43;-6.2;0.44;-6.2;0.44;-6.2;CACC
2744;18.8;24.8;0.8;8;80;6;Successful;Effective;No;No;No;No;No;No;0.0;-6.0;0.2;-6.08;0.32;-6.16;0.38;-6.2;0.41;-6.22;0.43;-6.2;0.44;-6.2;0.44;-6.2;CACC
2745;18.8;24.8;0.8;10;80;6;Successful;Effective;No;No;No;No;No;No;0.0;-6.0;0.2;-6.08;0.32;-6.16;0.38;-6.2;0.41;-6.22;0.43;-6.2;0.44;-6.2;0.44;-6.2;CACC
2746;18.8;24.8;0.8;5;100;6;Successful;Effective;No;No;No;No;No;No;0.0;-6.0;0.25;-6.08;0.39;-6.17;0.47;-6.22;0.51;-6.23;0.54;-6.22;0.55;-6.22;0.55;-6.23;CACC
2747;18.8;24.8;0.8;8;100;6;Successful;Effective;No;No;No;No;No;No;0.0;-6.0;0.25;-6.08;0.39;-6.17;0.47;-6.22;0.51;-6.23;0.54;-6.22;0.55;-6.22;0.55;-6.23;CACC
2748;18.8;24.8;0.8;10;100;6;Successful;Effective;No;No;No;No;No;No;0.0;-6.0;0.25;-6.08;0.39;-6.17;0.47;-6.22;0.51;-6.23;0.54;-6.22;0.55;-6.22;0.55;-6.23;CACC
2749;18.8;24.8;0.8;5;80;7;Successful;Effective;No;No;No;No;No;No;0.0;-7.0;0.2;-7.09;0.32;-7.18;0.38;-7.23;0.41;-7.24;0.43;-7.22;0.44;-7.21;0.44;-7.22;CACC
2750;18.8;24.8;0.8;8;80;7;Successful;Effective;No;No;No;No;No;No;0.0;-7.0;0.2;-7.09;0.32;-7.18;0.38;-7.23;0.41;-7.24;0.43;-7.22;0.44;-7.21;0.44;-7.22;CACC
2751;18.8;24.8;0.8;10;80;7;Successful;Effective;No;No;No;No;No;No;0.0;-7.0;0.2;-7.09;0.32;-7.18;0.38;-7.23;0.41;-7.24;0.43;-7.22;0.44;-7.21;0.44;-7.22;CACC
2752;18.8;24.8;0.8;5;100;7;Successful;Effective;No;No;No;No;No;No;0.0;-7.0;0.25;-7.09;0.39;-7.19;0.47;-7.24;0.51;-7.26;0.54;-7.24;0.55;-7.24;0.55;-7.25;CACC
2753;18.8;24.8;0.8;8;100;7;Successful;Effective;No;No;No;No;No;No;0.0;-7.0;0.25;-7.09;0.39;-7.19;0.47;-7.24;0.51;-7.26;0.54;-7.24;0.55;-7.24;0.55;-7.25;CACC
2754;18.8;24.8;0.8;10;100;7;Successful;Effective;No;No;No;No;No;No;0.0;-7.0;0.25;-7.09;0.39;-7.19;0.47;-7.24;0.51;-7.26;0.54;-7.24;0.55;-7.24;0.55;-7.25;CACC
2755;18.8;24.8;0.8;5;80;8;Successful;Effective;No;No;No;No;No;No;0.0;-7.99;0.2;-8.1;0.32;-8.2;0.38;-8.25;0.41;-8.27;0.43;-8.23;0.44;-8.22;0.44;-8.24;CACC
2756;18.8;24.8;0.8;8;80;8;Successful;Effective;No;No;No;No;No;No;0.0;-7.99;0.2;-8.1;0.32;-8.2;0.38;-8.25;0.41;-8.27;0.43;-8.23;0.44;-8.22;0.44;-8.24;CACC
2757;18.8;24.8;0.8;10;80;8;Successful;Effective;No;No;No;No;No;No;0.0;-7.99;0.2;-8.1;0.32;-8.2;0.38;-8.25;0.41;-8.27;0.43;-8.23;0.44;-8.22;0.44;-8.24;CACC
2758;18.8;24.8;0.8;5;100;8;Successful;Effective;No;No;No;No;No;No;0.0;-8.0;0.25;-8.1;0.39;-8.21;0.47;-8.26;0.51;-8.28;0.54;-8.27;0.55;-8.25;0.55;-8.26;CACC
2759;18.8;24.8;0.8;8;100;8;Successful;Effective;No;No;No;No;No;No;0.0;-8.0;0.25;-8.1;0.39;-8.21;0.47;-8.26;0.51;-8.28;0.54;-8.27;0.55;-8.25;0.55;-8.26;CACC
2760;18.8;24.8;0.8;10;100;8;Successful;Effective;No;No;No;No;No;No;0.0;-8.0;0.25;-8.1;0.39;-8.21;0.47;-8.26;0.51;-8.28;0.54;-8.27;0.55;-8.25;0.55;-8.26;CACC
2761;18.8;24.8;0.9;5;80;5;Successful;Effective;No;No;No;No;No;No;0.0;-5.0;0.2;-5.07;0.32;-5.14;0.38;-5.17;0.41;-5.19;0.43;-5.18;0.44;-5.18;0.44;-5.18;CACC
2762;18.8;24.8;0.9;8;80;5;Successful;Effective;No;No;No;No;No;No;0.0;-5.0;0.2;-5.07;0.32;-5.14;0.38;-5.17;0.41;-5.19;0.43;-5.18;0.44;-5.18;0.44;-5.18;CACC
2763;18.8;24.8;0.9;10;80;5;Successful;Effective;No;No;No;No;No;No;0.0;-5.0;0.2;-5.07;0.32;-5.14;0.38;-5.17;0.41;-5.19;0.43;-5.18;0.44;-5.18;0.44;-5.18;CACC
2764;18.8;24.8;0.9;5;100;5;Successful;Effective;No;No;No;No;No;No;0.0;-5.0;0.25;-5.07;0.39;-5.14;0.47;-5.19;0.51;-5.21;0.54;-5.2;0.55;-5.2;0.55;-5.2;CACC
2765;18.8;24.8;0.9;8;100;5;Successful;Effective;No;No;No;No;No;No;0.0;-5.0;0.25;-5.07;0.39;-5.14;0.47;-5.19;0.51;-5.21;0.54;-5.2;0.55;-5.2;0.55;-5.2;CACC
2766;18.8;24.8;0.9;10;100;5;Successful;Effective;No;No;No;No;No;No;0.0;-5.0;0.25;-5.07;0.39;-5.14;0.47;-5.19;0.51;-5.21;0.54;-5.2;0.55;-5.2;0.55;-5.2;CACC
2767;18.8;24.8;0.9;5;80;6;Successful;Effective;No;No;No;No;No;No;0.0;-6.0;0.2;-6.08;0.32;-6.16;0.38;-6.2;0.41;-6.21;0.43;-6.2;0.44;-6.19;0.44;-6.2;CACC
2768;18.8;24.8;0.9;8;80;6;Successful;Effective;No;No;No;No;No;No;0.0;-6.0;0.2;-6.08;0.32;-6.16;0.38;-6.2;0.41;-6.21;0.43;-6.2;0.44;-6.19;0.44;-6.2;CACC
2769;18.8;24.8;0.9;10;80;6;Successful;Effective;No;No;No;No;No;No;0.0;-6.0;0.2;-6.08;0.32;-6.16;0.38;-6.2;0.41;-6.21;0.43;-6.2;0.44;-6.19;0.44;-6.2;CACC
2770;18.8;24.8;0.9;5;100;6;Successful;Effective;No;No;No;No;No;No;0.0;-6.0;0.25;-6.08;0.39;-6.16;0.47;-6.21;0.51;-6.23;0.54;-6.22;0.55;-6.22;0.55;-6.22;CACC
2771;18.8;24.8;0.9;8;100;6;Successful;Effective;No;No;No;No;No;No;0.0;-6.0;0.25;-6.08;0.39;-6.16;0.47;-6.21;0.51;-6.23;0.54;-6.22;0.55;-6.22;0.55;-6.22;CACC
2772;18.8;24.8;0.9;10;100;6;Successful;Effective;No;No;No;No;No;No;0.0;-6.0;0.25;-6.08;0.39;-6.16;0.47;-6.21;0.51;-6.23;0.54;-6.22;0.55;-6.22;0.55;-6.22;CACC
2773;18.8;24.8;0.9;5;80;7;Successful;Effective;No;No;No;No;No;No;0.0;-7.0;0.2;-7.09;0.32;-7.18;0.38;-7.22;0.41;-7.24;0.43;-7.21;0.44;-7.21;0.44;-7.22;CACC
2774;18.8;24.8;0.9;8;80;7;Successful;Effective;No;No;No;No;No;No;0.0;-7.0;0.2;-7.09;0.32;-7.18;0.38;-7.22;0.41;-7.24;0.43;-7.21;0.44;-7.21;0.44;-7.22;CACC
2775;18.8;24.8;0.9;10;80;7;Successful;Effective;No;No;No;No;No;No;0.0;-7.0;0.2;-7.09;0.32;-7.18;0.38;-7.22;0.41;-7.24;0.43;-7.21;0.44;-7.21;0.44;-7.22;CACC
2776;18.8;24.8;0.9;5;100;7;Successful;Effective;No;No;No;No;No;No;0.0;-7.0;0.25;-7.09;0.39;-7.18;0.47;-7.24;0.51;-7.26;0.54;-7.24;0.55;-7.23;0.55;-7.24;CACC
2777;18.8;24.8;0.9;8;100;7;Successful;Effective;No;No;No;No;No;No;0.0;-7.0;0.25;-7.09;0.39;-7.18;0.47;-7.24;0.51;-7.26;0.54;-7.24;0.55;-7.23;0.55;-7.24;CACC
2778;18.8;24.8;0.9;10;100;7;Successful;Effective;No;No;No;No;No;No;0.0;-7.0;0.25;-7.09;0.39;-7.18;0.47;-7.24;0.51;-7.26;0.54;-7.24;0.55;-7.23;0.55;-7.24;CACC
2779;18.8;24.8;0.9;5;80;8;Successful;Effective;No;No;No;No;No;No;0.0;-7.99;0.2;-8.1;0.32;-8.2;0.38;-8.25;0.41;-8.26;0.43;-8.23;0.44;-8.22;0.44;-8.24;CACC
2780;18.8;24.8;0.9;8;80;8;Successful;Effective;No;No;No;No;No;No;0.0;-7.99;0.2;-8.1;0.32;-8.2;0.38;-8.25;0.41;-8.26;0.43;-8.23;0.44;-8.22;0.44;-8.24;CACC
2781;18.8;24.8;0.9;10;80;8;Successful;Effective;No;No;No;No;No;No;0.0;-7.99;0.2;-8.1;0.32;-8.2;0.38;-8.25;0.41;-8.26;0.43;-8.23;0.44;-8.22;0.44;-8.24;CACC
2782;18.8;24.8;0.9;5;100;8;Successful;Effective;No;No;No;No;No;No;0.0;-8.0;0.25;-8.1;0.39;-8.2;0.47;-8.26;0.51;-8.28;0.54;-8.26;0.55;-8.25;0.55;-8.26;CACC
2783;18.8;24.8;0.9;8;100;8;Successful;Effective;No;No;No;No;No;No;0.0;-8.0;0.25;-8.1;0.39;-8.2;0.47;-8.26;0.51;-8.28;0.54;-8.26;0.55;-8.25;0.55;-8.26;CACC
2784;18.8;24.8;0.9;10;100;8;Successful;Effective;No;No;No;No;No;No;0.0;-8.0;0.25;-8.1;0.39;-8.2;0.47;-8.26;0.51;-8.28;0.54;-8.26;0.55;-8.25;0.55;-8.26;CACC
2785;18.9;24.9;0.6;5;80;5;Successful;Effective;No;No;No;No;No;No;0.0;-5.0;0.2;-5.07;0.32;-5.14;0.38;-5.18;0.41;-5.2;0.43;-5.19;0.44;-5.18;0.44;-5.19;CACC
2786;18.9;24.9;0.6;8;80;5;Successful;Effective;No;No;No;No;No;No;0.0;-5.0;0.2;-5.07;0.32;-5.14;0.38;-5.18;0.41;-5.2;0.43;-5.19;0.44;-5.18;0.44;-5.19;CACC
2787;18.9;24.9;0.6;10;80;5;Successful;Effective;No;No;No;No;No;No;0.0;-5.0;0.2;-5.07;0.32;-5.14;0.38;-5.18;0.41;-5.2;0.43;-5.19;0.44;-5.18;0.44;-5.19;CACC
2788;18.9;24.9;0.6;5;100;5;Successful;Effective;No;No;No;No;No;No;0.0;-5.0;0.25;-5.08;0.39;-5.15;0.47;-5.2;0.51;-5.22;0.54;-5.21;0.55;-5.21;0.55;-5.22;CACC
2789;18.9;24.9;0.6;8;100;5;Successful;Effective;No;No;No;No;No;No;0.0;-5.0;0.25;-5.08;0.39;-5.15;0.47;-5.2;0.51;-5.22;0.54;-5.21;0.55;-5.21;0.55;-5.22;CACC
2790;18.9;24.9;0.6;10;100;5;Successful;Effective;No;No;No;No;No;No;0.0;-5.0;0.25;-5.08;0.39;-5.15;0.47;-5.2;0.51;-5.22;0.54;-5.21;0.55;-5.21;0.55;-5.22;CACC
2791;18.9;24.9;0.6;5;80;6;Successful;Effective;No;No;No;No;No;No;0.0;-6.0;0.2;-6.08;0.32;-6.17;0.38;-6.21;0.41;-6.23;0.43;-6.21;0.44;-6.2;0.44;-6.22;CACC
2792;18.9;24.9;0.6;8;80;6;Successful;Effective;No;No;No;No;No;No;0.0;-6.0;0.2;-6.08;0.32;-6.17;0.38;-6.21;0.41;-6.23;0.43;-6.21;0.44;-6.2;0.44;-6.22;CACC
2793;18.9;24.9;0.6;10;80;6;Successful;Effective;No;No;No;No;No;No;0.0;-6.0;0.2;-6.08;0.32;-6.17;0.38;-6.21;0.41;-6.23;0.43;-6.21;0.44;-6.2;0.44;-6.22;CACC
2794;18.9;24.9;0.6;5;100;6;Successful;Effective;No;No;No;No;No;No;0.0;-6.0;0.25;-6.09;0.39;-6.17;0.47;-6.22;0.51;-6.24;0.54;-6.23;0.55;-6.23;0.55;-6.24;CACC
2795;18.9;24.9;0.6;8;100;6;Successful;Effective;No;No;No;No;No;No;0.0;-6.0;0.25;-6.09;0.39;-6.17;0.47;-6.22;0.51;-6.24;0.54;-6.23;0.55;-6.23;0.55;-6.24;CACC
2796;18.9;24.9;0.6;10;100;6;Successful;Effective;No;No;No;No;No;No;0.0;-6.0;0.25;-6.09;0.39;-6.17;0.47;-6.22;0.51;-6.24;0.54;-6.23;0.55;-6.23;0.55;-6.24;CACC
2797;18.9;24.9;0.6;5;80;7;Successful;Effective;No;No;No;No;No;No;0.0;-7.0;0.2;-7.09;0.32;-7.19;0.38;-7.23;0.41;-7.25;0.43;-7.23;0.44;-7.22;0.44;-7.24;CACC
2798;18.9;24.9;0.6;8;80;7;Successful;Effective;No;No;No;No;No;No;0.0;-7.0;0.2;-7.09;0.32;-7.19;0.38;-7.23;0.41;-7.25;0.43;-7.23;0.44;-7.22;0.44;-7.24;CACC
2799;18.9;24.9;0.6;10;80;7;Successful;Effective;No;No;No;No;No;No;0.0;-7.0;0.2;-7.09;0.32;-7.19;0.38;-7.23;0.41;-7.25;0.43;-7.23;0.44;-7.22;0.44;-7.24;CACC
2800;18.9;24.9;0.6;5;100;7;Successful;Effective;No;No;No;No;No;No;0.0;-7.0;0.25;-7.1;0.39;-7.2;0.47;-7.25;0.51;-7.27;0.54;-7.25;0.55;-7.25;0.55;-7.26;CACC
2801;18.9;24.9;0.6;8;100;7;Successful;Effective;No;No;No;No;No;No;0.0;-7.0;0.25;-7.1;0.39;-7.2;0.47;-7.25;0.51;-7.27;0.54;-7.25;0.55;-7.25;0.55;-7.26;CACC
2802;18.9;24.9;0.6;10;100;7;Successful;Effective;No;No;No;No;No;No;0.0;-7.0;0.25;-7.1;0.39;-7.2;0.47;-7.25;0.51;-7.27;0.54;-7.25;0.55;-7.25;0.55;-7.26;CACC
2803;18.9;24.9;0.6;5;80;8;Successful;Effective;No;No;No;No;No;No;0.0;-7.99;0.2;-8.1;0.32;-8.21;0.38;-8.26;0.41;-8.28;0.43;-8.25;0.44;-8.24;0.44;-8.26;CACC
2804;18.9;24.9;0.6;8;80;8;Successful;Effective;No;No;No;No;No;No;0.0;-7.99;0.2;-8.1;0.32;-8.21;0.38;-8.26;0.41;-8.28;0.43;-8.25;0.44;-8.24;0.44;-8.26;CACC
2805;18.9;24.9;0.6;10;80;8;Successful;Effective;No;No;No;No;No;No;0.0;-7.99;0.2;-8.1;0.32;-8.21;0.38;-8.26;0.41;-8.28;0.43;-8.25;0.44;-8.24;0.44;-8.26;CACC
2806;18.9;24.9;0.6;5;100;8;Successful;Effective;No;No;No;No;No;No;0.0;-8.0;0.25;-8.11;0.39;-8.22;0.47;-8.27;0.51;-8.3;0.54;-8.27;0.55;-8.27;0.55;-8.28;CACC
2807;18.9;24.9;0.6;8;100;8;Successful;Effective;No;No;No;No;No;No;0.0;-8.0;0.25;-8.11;0.39;-8.22;0.47;-8.27;0.51;-8.3;0.54;-8.27;0.55;-8.27;0.55;-8.28;CACC
2808;18.9;24.9;0.6;10;100;8;Successful;Effective;No;No;No;No;No;No;0.0;-8.0;0.25;-8.11;0.39;-8.22;0.47;-8.27;0.51;-8.3;0.54;-8.27;0.55;-8.27;0.55;-8.28;CACC
2809;18.9;24.9;0.7;5;80;5;Successful;Effective;No;No;No;No;No;No;0.0;-5.0;0.2;-5.07;0.32;-5.14;0.38;-5.18;0.41;-5.2;0.43;-5.19;0.44;-5.18;0.44;-5.19;CACC
2810;18.9;24.9;0.7;8;80;5;Successful;Effective;No;No;No;No;No;No;0.0;-5.0;0.2;-5.07;0.32;-5.14;0.38;-5.18;0.41;-5.2;0.43;-5.19;0.44;-5.18;0.44;-5.19;CACC
2811;18.9;24.9;0.7;10;80;5;Successful;Effective;No;No;No;No;No;No;0.0;-5.0;0.2;-5.07;0.32;-5.14;0.38;-5.18;0.41;-5.2;0.43;-5.19;0.44;-5.18;0.44;-5.19;CACC
2812;18.9;24.9;0.7;5;100;5;Successful;Effective;No;No;No;No;No;No;0.0;-5.0;0.25;-5.08;0.39;-5.15;0.47;-5.2;0.51;-5.22;0.54;-5.21;0.55;-5.2;0.55;-5.21;CACC
2813;18.9;24.9;0.7;8;100;5;Successful;Effective;No;No;No;No;No;No;0.0;-5.0;0.25;-5.08;0.39;-5.15;0.47;-5.2;0.51;-5.22;0.54;-5.21;0.55;-5.2;0.55;-5.21;CACC
2814;18.9;24.9;0.7;10;100;5;Successful;Effective;No;No;No;No;No;No;0.0;-5.0;0.25;-5.08;0.39;-5.15;0.47;-5.2;0.51;-5.22;0.54;-5.21;0.55;-5.2;0.55;-5.21;CACC
2815;18.9;24.9;0.7;5;80;6;Successful;Effective;No;No;No;No;No;No;0.0;-6.0;0.2;-6.08;0.32;-6.16;0.38;-6.21;0.41;-6.22;0.43;-6.21;0.44;-6.2;0.44;-6.21;CACC
2816;18.9;24.9;0.7;8;80;6;Successful;Effective;No;No;No;No;No;No;0.0;-6.0;0.2;-6.08;0.32;-6.16;0.38;-6.21;0.41;-6.22;0.43;-6.21;0.44;-6.2;0.44;-6.21;CACC
2817;18.9;24.9;0.7;10;80;6;Successful;Effective;No;No;No;No;No;No;0.0;-6.0;0.2;-6.08;0.32;-6.16;0.38;-6.21;0.41;-6.22;0.43;-6.21;0.44;-6.2;0.44;-6.21;CACC
2818;18.9;24.9;0.7;5;100;6;Successful;Effective;No;No;No;No;No;No;0.0;-6.0;0.25;-6.09;0.39;-6.17;0.47;-6.22;0.51;-6.24;0.54;-6.23;0.55;-6.22;0.55;-6.23;CACC
2819;18.9;24.9;0.7;8;100;6;Successful;Effective;No;No;No;No;No;No;0.0;-6.0;0.25;-6.09;0.39;-6.17;0.47;-6.22;0.51;-6.24;0.54;-6.23;0.55;-6.22;0.55;-6.23;CACC
2820;18.9;24.9;0.7;10;100;6;Successful;Effective;No;No;No;No;No;No;0.0;-6.0;0.25;-6.09;0.39;-6.17;0.47;-6.22;0.51;-6.24;0.54;-6.23;0.55;-6.22;0.55;-6.23;CACC
2821;18.9;24.9;0.7;5;80;7;Successful;Effective;No;No;No;No;No;No;0.0;-7.0;0.2;-7.09;0.32;-7.19;0.38;-7.23;0.41;-7.25;0.43;-7.23;0.44;-7.22;0.44;-7.23;CACC
2822;18.9;24.9;0.7;8;80;7;Successful;Effective;No;No;No;No;No;No;0.0;-7.0;0.2;-7.09;0.32;-7.19;0.38;-7.23;0.41;-7.25;0.43;-7.23;0.44;-7.22;0.44;-7.23;CACC
2823;18.9;24.9;0.7;10;80;7;Successful;Effective;No;No;No;No;No;No;0.0;-7.0;0.2;-7.09;0.32;-7.19;0.38;-7.23;0.41;-7.25;0.43;-7.23;0.44;-7.22;0.44;-7.23;CACC
2824;18.9;24.9;0.7;5;100;7;Successful;Effective;No;No;No;No;No;No;0.0;-7.0;0.25;-7.1;0.39;-7.19;0.47;-7.25;0.51;-7.27;0.54;-7.25;0.55;-7.24;0.55;-7.25;CACC
2825;18.9;24.9;0.7;8;100;7;Successful;Effective;No;No;No;No;No;No;0.0;-7.0;0.25;-7.1;0.39;-7.19;0.47;-7.25;0.51;-7.27;0.54;-7.25;0.55;-7.24;0.55;-7.25;CACC
2826;18.9;24.9;0.7;10;100;7;Successful;Effective;No;No;No;No;No;No;0.0;-7.0;0.25;-7.1;0.39;-7.19;0.47;-7.25;0.51;-7.27;0.54;-7.25;0.55;-7.24;0.55;-7.25;CACC
2827;18.9;24.9;0.7;5;80;8;Successful;Effective;No;No;No;No;No;No;0.0;-7.99;0.2;-8.1;0.32;-8.21;0.38;-8.26;0.41;-8.27;0.43;-8.24;0.44;-8.23;0.44;-8.25;CACC
2828;18.9;24.9;0.7;8;80;8;Successful;Effective;No;No;No;No;No;No;0.0;-7.99;0.2;-8.1;0.32;-8.21;0.38;-8.26;0.41;-8.27;0.43;-8.24;0.44;-8.23;0.44;-8.25;CACC
2829;18.9;24.9;0.7;10;80;8;Successful;Effective;No;No;No;No;No;No;0.0;-7.99;0.2;-8.1;0.32;-8.21;0.38;-8.26;0.41;-8.27;0.43;-8.24;0.44;-8.23;0.44;-8.25;CACC
2830;18.9;24.9;0.7;5;100;8;Successful;Effective;No;No;No;No;No;No;0.0;-8.0;0.25;-8.11;0.39;-8.22;0.47;-8.27;0.51;-8.29;0.54;-8.27;0.55;-8.26;0.55;-8.27;CACC
2831;18.9;24.9;0.7;8;100;8;Successful;Effective;No;No;No;No;No;No;0.0;-8.0;0.25;-8.11;0.39;-8.22;0.47;-8.27;0.51;-8.29;0.54;-8.27;0.55;-8.26;0.55;-8.27;CACC
2832;18.9;24.9;0.7;10;100;8;Successful;Effective;No;No;No;No;No;No;0.0;-8.0;0.25;-8.11;0.39;-8.22;0.47;-8.27;0.51;-8.29;0.54;-8.27;0.55;-8.26;0.55;-8.27;CACC
2833;18.9;24.9;0.8;5;80;5;Successful;Effective;No;No;No;No;No;No;0.0;-5.0;0.2;-5.07;0.32;-5.14;0.38;-5.18;0.41;-5.2;0.43;-5.19;0.44;-5.18;0.44;-5.19;CACC
2834;18.9;24.9;0.8;8;80;5;Successful;Effective;No;No;No;No;No;No;0.0;-5.0;0.2;-5.07;0.32;-5.14;0.38;-5.18;0.41;-5.2;0.43;-5.19;0.44;-5.18;0.44;-5.19;CACC
2835;18.9;24.9;0.8;10;80;5;Successful;Effective;No;No;No;No;No;No;0.0;-5.0;0.2;-5.07;0.32;-5.14;0.38;-5.18;0.41;-5.2;0.43;-5.19;0.44;-5.18;0.44;-5.19;CACC
2836;18.9;24.9;0.8;5;100;5;Successful;Effective;No;No;No;No;No;No;0.0;-5.0;0.25;-5.08;0.39;-5.15;0.47;-5.19;0.51;-5.21;0.54;-5.21;0.55;-5.2;0.55;-5.21;CACC
2837;18.9;24.9;0.8;8;100;5;Successful;Effective;No;No;No;No;No;No;0.0;-5.0;0.25;-5.08;0.39;-5.15;0.47;-5.19;0.51;-5.21;0.54;-5.21;0.55;-5.2;0.55;-5.21;CACC
2838;18.9;24.9;0.8;10;100;5;Successful;Effective;No;No;No;No;No;No;0.0;-5.0;0.25;-5.08;0.39;-5.15;0.47;-5.19;0.51;-5.21;0.54;-5.21;0.55;-5.2;0.55;-5.21;CACC
2839;18.9;24.9;0.8;5;80;6;Successful;Effective;No;No;No;No;No;No;0.0;-6.0;0.2;-6.08;0.32;-6.16;0.38;-6.21;0.41;-6.22;0.43;-6.21;0.44;-6.2;0.44;-6.21;CACC
2840;18.9;24.9;0.8;8;80;6;Successful;Effective;No;No;No;No;No;No;0.0;-6.0;0.2;-6.08;0.32;-6.16;0.38;-6.21;0.41;-6.22;0.43;-6.21;0.44;-6.2;0.44;-6.21;CACC
2841;18.9;24.9;0.8;10;80;6;Successful;Effective;No;No;No;No;No;No;0.0;-6.0;0.2;-6.08;0.32;-6.16;0.38;-6.21;0.41;-6.22;0.43;-6.21;0.44;-6.2;0.44;-6.21;CACC
2842;18.9;24.9;0.8;5;100;6;Successful;Effective;No;No;No;No;No;No;0.0;-6.0;0.25;-6.09;0.39;-6.17;0.47;-6.22;0.51;-6.24;0.54;-6.23;0.55;-6.22;0.55;-6.23;CACC
2843;18.9;24.9;0.8;8;100;6;Successful;Effective;No;No;No;No;No;No;0.0;-6.0;0.25;-6.09;0.39;-6.17;0.47;-6.22;0.51;-6.24;0.54;-6.23;0.55;-6.22;0.55;-6.23;CACC
2844;18.9;24.9;0.8;10;100;6;Successful;Effective;No;No;No;No;No;No;0.0;-6.0;0.25;-6.09;0.39;-6.17;0.47;-6.22;0.51;-6.24;0.54;-6.23;0.55;-6.22;0.55;-6.23;CACC
2845;18.9;24.9;0.8;5;80;7;Successful;Effective;No;No;No;No;No;No;0.0;-7.0;0.2;-7.09;0.32;-7.18;0.38;-7.23;0.41;-7.25;0.43;-7.23;0.44;-7.22;0.44;-7.23;CACC
2846;18.9;24.9;0.8;8;80;7;Successful;Effective;No;No;No;No;No;No;0.0;-7.0;0.2;-7.09;0.32;-7.18;0.38;-7.23;0.41;-7.25;0.43;-7.23;0.44;-7.22;0.44;-7.23;CACC
2847;18.9;24.9;0.8;10;80;7;Successful;Effective;No;No;No;No;No;No;0.0;-7.0;0.2;-7.09;0.32;-7.18;0.38;-7.23;0.41;-7.25;0.43;-7.23;0.44;-7.22;0.44;-7.23;CACC
2848;18.9;24.9;0.8;5;100;7;Successful;Effective;No;No;No;No;No;No;0.0;-7.0;0.25;-7.1;0.39;-7.19;0.47;-7.25;0.51;-7.26;0.54;-7.25;0.55;-7.24;0.55;-7.25;CACC
2849;18.9;24.9;0.8;8;100;7;Successful;Effective;No;No;No;No;No;No;0.0;-7.0;0.25;-7.1;0.39;-7.19;0.47;-7.25;0.51;-7.26;0.54;-7.25;0.55;-7.24;0.55;-7.25;CACC
2850;18.9;24.9;0.8;10;100;7;Successful;Effective;No;No;No;No;No;No;0.0;-7.0;0.25;-7.1;0.39;-7.19;0.47;-7.25;0.51;-7.26;0.54;-7.25;0.55;-7.24;0.55;-7.25;CACC
2851;18.9;24.9;0.8;5;80;8;Successful;Effective;No;No;No;No;No;No;0.0;-7.99;0.2;-8.1;0.32;-8.2;0.38;-8.26;0.41;-8.27;0.43;-8.24;0.44;-8.23;0.44;-8.25;CACC
2852;18.9;24.9;0.8;8;80;8;Successful;Effective;No;No;No;No;No;No;0.0;-7.99;0.2;-8.1;0.32;-8.2;0.38;-8.26;0.41;-8.27;0.43;-8.24;0.44;-8.23;0.44;-8.25;CACC
2853;18.9;24.9;0.8;10;80;8;Successful;Effective;No;No;No;No;No;No;0.0;-7.99;0.2;-8.1;0.32;-8.2;0.38;-8.26;0.41;-8.27;0.43;-8.24;0.44;-8.23;0.44;-8.25;CACC
2854;18.9;24.9;0.8;5;100;8;Successful;Effective;No;No;No;No;No;No;0.0;-8.0;0.25;-8.11;0.39;-8.21;0.47;-8.27;0.51;-8.29;0.54;-8.27;0.55;-8.26;0.55;-8.27;CACC
2855;18.9;24.9;0.8;8;100;8;Successful;Effective;No;No;No;No;No;No;0.0;-8.0;0.25;-8.11;0.39;-8.21;0.47;-8.27;0.51;-8.29;0.54;-8.27;0.55;-8.26;0.55;-8.27;CACC
2856;18.9;24.9;0.8;10;100;8;Successful;Effective;No;No;No;No;No;No;0.0;-8.0;0.25;-8.11;0.39;-8.21;0.47;-8.27;0.51;-8.29;0.54;-8.27;0.55;-8.26;0.55;-8.27;CACC
2857;18.9;24.9;0.9;5;80;5;Successful;Effective;No;No;No;No;No;No;0.0;-5.0;0.2;-5.07;0.32;-5.14;0.38;-5.18;0.41;-5.19;0.43;-5.18;0.44;-5.18;0.44;-5.19;CACC
2858;18.9;24.9;0.9;8;80;5;Successful;Effective;No;No;No;No;No;No;0.0;-5.0;0.2;-5.07;0.32;-5.14;0.38;-5.18;0.41;-5.19;0.43;-5.18;0.44;-5.18;0.44;-5.19;CACC
2859;18.9;24.9;0.9;10;80;5;Successful;Effective;No;No;No;No;No;No;0.0;-5.0;0.2;-5.07;0.32;-5.14;0.38;-5.18;0.41;-5.19;0.43;-5.18;0.44;-5.18;0.44;-5.19;CACC
2860;18.9;24.9;0.9;5;100;5;Successful;Effective;No;No;No;No;No;No;0.0;-5.0;0.25;-5.08;0.39;-5.15;0.47;-5.19;0.51;-5.21;0.54;-5.2;0.55;-5.2;0.55;-5.21;CACC
2861;18.9;24.9;0.9;8;100;5;Successful;Effective;No;No;No;No;No;No;0.0;-5.0;0.25;-5.08;0.39;-5.15;0.47;-5.19;0.51;-5.21;0.54;-5.2;0.55;-5.2;0.55;-5.21;CACC
2862;18.9;24.9;0.9;10;100;5;Successful;Effective;No;No;No;No;No;No;0.0;-5.0;0.25;-5.08;0.39;-5.15;0.47;-5.19;0.51;-5.21;0.54;-5.2;0.55;-5.2;0.55;-5.21;CACC
2863;18.9;24.9;0.9;5;80;6;Successful;Effective;No;No;No;No;No;No;0.0;-6.0;0.2;-6.08;0.32;-6.16;0.38;-6.2;0.41;-6.22;0.43;-6.2;0.44;-6.2;0.44;-6.21;CACC
2864;18.9;24.9;0.9;8;80;6;Successful;Effective;No;No;No;No;No;No;0.0;-6.0;0.2;-6.08;0.32;-6.16;0.38;-6.2;0.41;-6.22;0.43;-6.2;0.44;-6.2;0.44;-6.21;CACC
2865;18.9;24.9;0.9;10;80;6;Successful;Effective;No;No;No;No;No;No;0.0;-6.0;0.2;-6.08;0.32;-6.16;0.38;-6.2;0.41;-6.22;0.43;-6.2;0.44;-6.2;0.44;-6.21;CACC
2866;18.9;24.9;0.9;5;100;6;Successful;Effective;No;No;No;No;No;No;0.0;-6.0;0.25;-6.09;0.39;-6.17;0.47;-6.22;0.51;-6.24;0.54;-6.22;0.55;-6.22;0.55;-6.23;CACC
2867;18.9;24.9;0.9;8;100;6;Successful;Effective;No;No;No;No;No;No;0.0;-6.0;0.25;-6.09;0.39;-6.17;0.47;-6.22;0.51;-6.24;0.54;-6.22;0.55;-6.22;0.55;-6.23;CACC
2868;18.9;24.9;0.9;10;100;6;Successful;Effective;No;No;No;No;No;No;0.0;-6.0;0.25;-6.09;0.39;-6.17;0.47;-6.22;0.51;-6.24;0.54;-6.22;0.55;-6.22;0.55;-6.23;CACC
2869;18.9;24.9;0.9;5;80;7;Successful;Effective;No;No;No;No;No;No;0.0;-7.0;0.2;-7.09;0.32;-7.18;0.38;-7.23;0.41;-7.24;0.43;-7.22;0.44;-7.21;0.44;-7.23;CACC
2870;18.9;24.9;0.9;8;80;7;Successful;Effective;No;No;No;No;No;No;0.0;-7.0;0.2;-7.09;0.32;-7.18;0.38;-7.23;0.41;-7.24;0.43;-7.22;0.44;-7.21;0.44;-7.23;CACC
2871;18.9;24.9;0.9;10;80;7;Successful;Effective;No;No;No;No;No;No;0.0;-7.0;0.2;-7.09;0.32;-7.18;0.38;-7.23;0.41;-7.24;0.43;-7.22;0.44;-7.21;0.44;-7.23;CACC
2872;18.9;24.9;0.9;5;100;7;Successful;Effective;No;No;No;No;No;No;0.0;-7.0;0.25;-7.1;0.39;-7.19;0.47;-7.24;0.51;-7.26;0.54;-7.24;0.55;-7.24;0.55;-7.25;CACC
2873;18.9;24.9;0.9;8;100;7;Successful;Effective;No;No;No;No;No;No;0.0;-7.0;0.25;-7.1;0.39;-7.19;0.47;-7.24;0.51;-7.26;0.54;-7.24;0.55;-7.24;0.55;-7.25;CACC
2874;18.9;24.9;0.9;10;100;7;Successful;Effective;No;No;No;No;No;No;0.0;-7.0;0.25;-7.1;0.39;-7.19;0.47;-7.24;0.51;-7.26;0.54;-7.24;0.55;-7.24;0.55;-7.25;CACC
2875;18.9;24.9;0.9;5;80;8;Successful;Effective;No;No;No;No;No;No;0.0;-7.99;0.2;-8.1;0.32;-8.2;0.38;-8.25;0.41;-8.27;0.43;-8.24;0.44;-8.23;0.44;-8.25;CACC
2876;18.9;24.9;0.9;8;80;8;Successful;Effective;No;No;No;No;No;No;0.0;-7.99;0.2;-8.1;0.32;-8.2;0.38;-8.25;0.41;-8.27;0.43;-8.24;0.44;-8.23;0.44;-8.25;CACC
2877;18.9;24.9;0.9;10;80;8;Successful;Effective;No;No;No;No;No;No;0.0;-7.99;0.2;-8.1;0.32;-8.2;0.38;-8.25;0.41;-8.27;0.43;-8.24;0.44;-8.23;0.44;-8.25;CACC
2878;18.9;24.9;0.9;5;100;8;Successful;Effective;No;No;No;No;No;No;0.0;-8.0;0.25;-8.11;0.39;-8.21;0.47;-8.27;0.51;-8.29;0.54;-8.26;0.55;-8.25;0.55;-8.27;CACC
2879;18.9;24.9;0.9;8;100;8;Successful;Effective;No;No;No;No;No;No;0.0;-8.0;0.25;-8.11;0.39;-8.21;0.47;-8.27;0.51;-8.29;0.54;-8.26;0.55;-8.25;0.55;-8.27;CACC
2880;18.9;24.9;0.9;10;100;8;Successful;Effective;No;No;No;No;No;No;0.0;-8.0;0.25;-8.11;0.39;-8.21;0.47;-8.27;0.51;-8.29;0.54;-8.26;0.55;-8.25;0.55;-8.27;CACC
2881;19.0;25.0;0.6;5;80;5;Successful;Effective;No;No;No;No;No;No;0.0;-5.0;0.2;-5.08;0.32;-5.15;0.38;-5.19;0.41;-5.2;0.43;-5.19;0.44;-5.19;0.44;-5.2;CACC
2882;19.0;25.0;0.6;8;80;5;Successful;Effective;No;No;No;No;No;No;0.0;-5.0;0.2;-5.08;0.32;-5.15;0.38;-5.19;0.41;-5.2;0.43;-5.19;0.44;-5.19;0.44;-5.2;CACC
2883;19.0;25.0;0.6;10;80;5;Successful;Effective;No;No;No;No;No;No;0.0;-5.0;0.2;-5.08;0.32;-5.15;0.38;-5.19;0.41;-5.2;0.43;-5.19;0.44;-5.19;0.44;-5.2;CACC
2884;19.0;25.0;0.6;5;100;5;Successful;Effective;No;No;No;No;No;No;0.0;-5.0;0.25;-5.08;0.39;-5.16;0.47;-5.2;0.51;-5.22;0.54;-5.21;0.55;-5.21;0.55;-5.22;CACC
2885;19.0;25.0;0.6;8;100;5;Successful;Effective;No;No;No;No;No;No;0.0;-5.0;0.25;-5.08;0.39;-5.16;0.47;-5.2;0.51;-5.22;0.54;-5.21;0.55;-5.21;0.55;-5.22;CACC
2886;19.0;25.0;0.6;10;100;5;Successful;Effective;No;No;No;No;No;No;0.0;-5.0;0.25;-5.08;0.39;-5.16;0.47;-5.2;0.51;-5.22;0.54;-5.21;0.55;-5.21;0.55;-5.22;CACC
2887;19.0;25.0;0.6;5;80;6;Successful;Effective;No;No;No;No;No;No;0.0;-6.0;0.2;-6.09;0.32;-6.17;0.38;-6.21;0.41;-6.23;0.43;-6.21;0.44;-6.21;0.44;-6.22;CACC
2888;19.0;25.0;0.6;8;80;6;Successful;Effective;No;No;No;No;No;No;0.0;-6.0;0.2;-6.09;0.32;-6.17;0.38;-6.21;0.41;-6.23;0.43;-6.21;0.44;-6.21;0.44;-6.22;CACC
2889;19.0;25.0;0.6;10;80;6;Successful;Effective;No;No;No;No;No;No;0.0;-6.0;0.2;-6.09;0.32;-6.17;0.38;-6.21;0.41;-6.23;0.43;-6.21;0.44;-6.21;0.44;-6.22;CACC
2890;19.0;25.0;0.6;5;100;6;Successful;Effective;No;No;No;No;No;No;0.0;-6.0;0.25;-6.09;0.39;-6.18;0.47;-6.23;0.51;-6.25;0.54;-6.23;0.55;-6.23;0.55;-6.24;CACC
2891;19.0;25.0;0.6;8;100;6;Successful;Effective;No;No;No;No;No;No;0.0;-6.0;0.25;-6.09;0.39;-6.18;0.47;-6.23;0.51;-6.25;0.54;-6.23;0.55;-6.23;0.55;-6.24;CACC
2892;19.0;25.0;0.6;10;100;6;Successful;Effective;No;No;No;No;No;No;0.0;-6.0;0.25;-6.09;0.39;-6.18;0.47;-6.23;0.51;-6.25;0.54;-6.23;0.55;-6.23;0.55;-6.24;CACC
2893;19.0;25.0;0.6;5;80;7;Successful;Effective;No;No;No;No;No;No;0.0;-7.0;0.2;-7.1;0.32;-7.19;0.38;-7.24;0.41;-7.25;0.43;-7.23;0.44;-7.23;0.44;-7.24;CACC
2894;19.0;25.0;0.6;8;80;7;Successful;Effective;No;No;No;No;No;No;0.0;-7.0;0.2;-7.1;0.32;-7.19;0.38;-7.24;0.41;-7.25;0.43;-7.23;0.44;-7.23;0.44;-7.24;CACC
2895;19.0;25.0;0.6;10;80;7;Successful;Effective;No;No;No;No;No;No;0.0;-7.0;0.2;-7.1;0.32;-7.19;0.38;-7.24;0.41;-7.25;0.43;-7.23;0.44;-7.23;0.44;-7.24;CACC
2896;19.0;25.0;0.6;5;100;7;Successful;Effective;No;No;No;No;No;No;0.0;-7.0;0.25;-7.1;0.39;-7.2;0.47;-7.25;0.51;-7.27;0.54;-7.25;0.55;-7.25;0.55;-7.26;CACC
2897;19.0;25.0;0.6;8;100;7;Successful;Effective;No;No;No;No;No;No;0.0;-7.0;0.25;-7.1;0.39;-7.2;0.47;-7.25;0.51;-7.27;0.54;-7.25;0.55;-7.25;0.55;-7.26;CACC
2898;19.0;25.0;0.6;10;100;7;Successful;Effective;No;No;No;No;No;No;0.0;-7.0;0.25;-7.1;0.39;-7.2;0.47;-7.25;0.51;-7.27;0.54;-7.25;0.55;-7.25;0.55;-7.26;CACC
2899;19.0;25.0;0.6;5;80;8;Successful;Effective;No;No;No;No;No;No;0.0;-7.99;0.2;-8.11;0.32;-8.21;0.38;-8.26;0.41;-8.28;0.43;-8.25;0.44;-8.24;0.44;-8.26;CACC
2900;19.0;25.0;0.6;8;80;8;Successful;Effective;No;No;No;No;No;No;0.0;-7.99;0.2;-8.11;0.32;-8.21;0.38;-8.26;0.41;-8.28;0.43;-8.25;0.44;-8.24;0.44;-8.26;CACC
2901;19.0;25.0;0.6;10;80;8;Successful;Effective;No;No;No;No;No;No;0.0;-7.99;0.2;-8.11;0.32;-8.21;0.38;-8.26;0.41;-8.28;0.43;-8.25;0.44;-8.24;0.44;-8.26;CACC
2902;19.0;25.0;0.6;5;100;8;Successful;Effective;No;No;No;No;No;No;0.0;-8.0;0.25;-8.12;0.39;-8.22;0.47;-8.28;0.51;-8.3;0.54;-8.28;0.55;-8.27;0.55;-8.28;CACC
2903;19.0;25.0;0.6;8;100;8;Successful;Effective;No;No;No;No;No;No;0.0;-8.0;0.25;-8.12;0.39;-8.22;0.47;-8.28;0.51;-8.3;0.54;-8.28;0.55;-8.27;0.55;-8.28;CACC
2904;19.0;25.0;0.6;10;100;8;Successful;Effective;No;No;No;No;No;No;0.0;-8.0;0.25;-8.12;0.39;-8.22;0.47;-8.28;0.51;-8.3;0.54;-8.28;0.55;-8.27;0.55;-8.28;CACC
2905;19.0;25.0;0.7;5;80;5;Successful;Effective;No;No;No;No;No;No;0.0;-5.0;0.2;-5.08;0.32;-5.15;0.38;-5.18;0.41;-5.2;0.43;-5.19;0.44;-5.18;0.44;-5.19;CACC
2906;19.0;25.0;0.7;8;80;5;Successful;Effective;No;No;No;No;No;No;0.0;-5.0;0.2;-5.08;0.32;-5.15;0.38;-5.18;0.41;-5.2;0.43;-5.19;0.44;-5.18;0.44;-5.19;CACC
2907;19.0;25.0;0.7;10;80;5;Successful;Effective;No;No;No;No;No;No;0.0;-5.0;0.2;-5.08;0.32;-5.15;0.38;-5.18;0.41;-5.2;0.43;-5.19;0.44;-5.18;0.44;-5.19;CACC
2908;19.0;25.0;0.7;5;100;5;Successful;Effective;No;No;No;No;No;No;0.0;-5.0;0.25;-5.08;0.39;-5.15;0.47;-5.2;0.51;-5.22;0.54;-5.21;0.55;-5.21;0.55;-5.22;CACC
2909;19.0;25.0;0.7;8;100;5;Successful;Effective;No;No;No;No;No;No;0.0;-5.0;0.25;-5.08;0.39;-5.15;0.47;-5.2;0.51;-5.22;0.54;-5.21;0.55;-5.21;0.55;-5.22;CACC
2910;19.0;25.0;0.7;10;100;5;Successful;Effective;No;No;No;No;No;No;0.0;-5.0;0.25;-5.08;0.39;-5.15;0.47;-5.2;0.51;-5.22;0.54;-5.21;0.55;-5.21;0.55;-5.22;CACC
2911;19.0;25.0;0.7;5;80;6;Successful;Effective;No;No;No;No;No;No;0.0;-6.0;0.2;-6.09;0.32;-6.17;0.38;-6.21;0.41;-6.23;0.43;-6.21;0.44;-6.2;0.44;-6.21;CACC
2912;19.0;25.0;0.7;8;80;6;Successful;Effective;No;No;No;No;No;No;0.0;-6.0;0.2;-6.09;0.32;-6.17;0.38;-6.21;0.41;-6.23;0.43;-6.21;0.44;-6.2;0.44;-6.21;CACC
2913;19.0;25.0;0.7;10;80;6;Successful;Effective;No;No;No;No;No;No;0.0;-6.0;0.2;-6.09;0.32;-6.17;0.38;-6.21;0.41;-6.23;0.43;-6.21;0.44;-6.2;0.44;-6.21;CACC
2914;19.0;25.0;0.7;5;100;6;Successful;Effective;No;No;No;No;No;No;0.0;-6.0;0.25;-6.09;0.39;-6.18;0.47;-6.22;0.51;-6.25;0.54;-6.23;0.55;-6.23;0.55;-6.24;CACC
2915;19.0;25.0;0.7;8;100;6;Successful;Effective;No;No;No;No;No;No;0.0;-6.0;0.25;-6.09;0.39;-6.18;0.47;-6.22;0.51;-6.25;0.54;-6.23;0.55;-6.23;0.55;-6.24;CACC
2916;19.0;25.0;0.7;10;100;6;Successful;Effective;No;No;No;No;No;No;0.0;-6.0;0.25;-6.09;0.39;-6.18;0.47;-6.22;0.51;-6.25;0.54;-6.23;0.55;-6.23;0.55;-6.24;CACC
2917;19.0;25.0;0.7;5;80;7;Successful;Effective;No;No;No;No;No;No;0.0;-7.0;0.2;-7.1;0.32;-7.19;0.38;-7.24;0.41;-7.25;0.43;-7.23;0.44;-7.22;0.44;-7.24;CACC
2918;19.0;25.0;0.7;8;80;7;Successful;Effective;No;No;No;No;No;No;0.0;-7.0;0.2;-7.1;0.32;-7.19;0.38;-7.24;0.41;-7.25;0.43;-7.23;0.44;-7.22;0.44;-7.24;CACC
2919;19.0;25.0;0.7;10;80;7;Successful;Effective;No;No;No;No;No;No;0.0;-7.0;0.2;-7.1;0.32;-7.19;0.38;-7.24;0.41;-7.25;0.43;-7.23;0.44;-7.22;0.44;-7.24;CACC
2920;19.0;25.0;0.7;5;100;7;Successful;Effective;No;No;No;No;No;No;0.0;-7.0;0.25;-7.1;0.39;-7.2;0.47;-7.25;0.51;-7.27;0.54;-7.25;0.55;-7.24;0.55;-7.26;CACC
2921;19.0;25.0;0.7;8;100;7;Successful;Effective;No;No;No;No;No;No;0.0;-7.0;0.25;-7.1;0.39;-7.2;0.47;-7.25;0.51;-7.27;0.54;-7.25;0.55;-7.24;0.55;-7.26;CACC
2922;19.0;25.0;0.7;10;100;7;Successful;Effective;No;No;No;No;No;No;0.0;-7.0;0.25;-7.1;0.39;-7.2;0.47;-7.25;0.51;-7.27;0.54;-7.25;0.55;-7.24;0.55;-7.26;CACC
2923;19.0;25.0;0.7;5;80;8;Successful;Effective;No;No;No;No;No;No;0.0;-7.99;0.2;-8.11;0.32;-8.21;0.38;-8.26;0.41;-8.28;0.43;-8.25;0.44;-8.24;0.44;-8.26;CACC
2924;19.0;25.0;0.7;8;80;8;Successful;Effective;No;No;No;No;No;No;0.0;-7.99;0.2;-8.11;0.32;-8.21;0.38;-8.26;0.41;-8.28;0.43;-8.25;0.44;-8.24;0.44;-8.26;CACC
2925;19.0;25.0;0.7;10;80;8;Successful;Effective;No;No;No;No;No;No;0.0;-7.99;0.2;-8.11;0.32;-8.21;0.38;-8.26;0.41;-8.28;0.43;-8.25;0.44;-8.24;0.44;-8.26;CACC
2926;19.0;25.0;0.7;5;100;8;Successful;Effective;No;No;No;No;No;No;0.0;-8.0;0.25;-8.12;0.39;-8.22;0.47;-8.28;0.51;-8.3;0.54;-8.27;0.55;-8.26;0.55;-8.28;CACC
2927;19.0;25.0;0.7;8;100;8;Successful;Effective;No;No;No;No;No;No;0.0;-8.0;0.25;-8.12;0.39;-8.22;0.47;-8.28;0.51;-8.3;0.54;-8.27;0.55;-8.26;0.55;-8.28;CACC
2928;19.0;25.0;0.7;10;100;8;Successful;Effective;No;No;No;No;No;No;0.0;-8.0;0.25;-8.12;0.39;-8.22;0.47;-8.28;0.51;-8.3;0.54;-8.27;0.55;-8.26;0.55;-8.28;CACC
2929;19.0;25.0;0.8;5;80;5;Successful;Effective;No;No;No;No;No;No;0.0;-5.0;0.2;-5.08;0.32;-5.14;0.38;-5.18;0.41;-5.2;0.43;-5.19;0.44;-5.18;0.44;-5.19;CACC
2930;19.0;25.0;0.8;8;80;5;Successful;Effective;No;No;No;No;No;No;0.0;-5.0;0.2;-5.08;0.32;-5.14;0.38;-5.18;0.41;-5.2;0.43;-5.19;0.44;-5.18;0.44;-5.19;CACC
2931;19.0;25.0;0.8;10;80;5;Successful;Effective;No;No;No;No;No;No;0.0;-5.0;0.2;-5.08;0.32;-5.14;0.38;-5.18;0.41;-5.2;0.43;-5.19;0.44;-5.18;0.44;-5.19;CACC
2932;19.0;25.0;0.8;5;100;5;Successful;Effective;No;No;No;No;No;No;0.0;-5.0;0.25;-5.08;0.39;-5.15;0.47;-5.2;0.51;-5.22;0.54;-5.21;0.55;-5.2;0.55;-5.21;CACC
2933;19.0;25.0;0.8;8;100;5;Successful;Effective;No;No;No;No;No;No;0.0;-5.0;0.25;-5.08;0.39;-5.15;0.47;-5.2;0.51;-5.22;0.54;-5.21;0.55;-5.2;0.55;-5.21;CACC
2934;19.0;25.0;0.8;10;100;5;Successful;Effective;No;No;No;No;No;No;0.0;-5.0;0.25;-5.08;0.39;-5.15;0.47;-5.2;0.51;-5.22;0.54;-5.21;0.55;-5.2;0.55;-5.21;CACC
2935;19.0;25.0;0.8;5;80;6;Successful;Effective;No;No;No;No;No;No;0.0;-6.0;0.2;-6.09;0.32;-6.17;0.38;-6.21;0.41;-6.23;0.43;-6.21;0.44;-6.2;0.44;-6.21;CACC
2936;19.0;25.0;0.8;8;80;6;Successful;Effective;No;No;No;No;No;No;0.0;-6.0;0.2;-6.09;0.32;-6.17;0.38;-6.21;0.41;-6.23;0.43;-6.21;0.44;-6.2;0.44;-6.21;CACC
2937;19.0;25.0;0.8;10;80;6;Successful;Effective;No;No;No;No;No;No;0.0;-6.0;0.2;-6.09;0.32;-6.17;0.38;-6.21;0.41;-6.23;0.43;-6.21;0.44;-6.2;0.44;-6.21;CACC
2938;19.0;25.0;0.8;5;100;6;Successful;Effective;No;No;No;No;No;No;0.0;-6.0;0.25;-6.09;0.39;-6.18;0.47;-6.22;0.51;-6.24;0.54;-6.23;0.55;-6.22;0.55;-6.24;CACC
2939;19.0;25.0;0.8;8;100;6;Successful;Effective;No;No;No;No;No;No;0.0;-6.0;0.25;-6.09;0.39;-6.18;0.47;-6.22;0.51;-6.24;0.54;-6.23;0.55;-6.22;0.55;-6.24;CACC
2940;19.0;25.0;0.8;10;100;6;Successful;Effective;No;No;No;No;No;No;0.0;-6.0;0.25;-6.09;0.39;-6.18;0.47;-6.22;0.51;-6.24;0.54;-6.23;0.55;-6.22;0.55;-6.24;CACC
2941;19.0;25.0;0.8;5;80;7;Successful;Effective;No;No;No;No;No;No;0.0;-7.0;0.2;-7.1;0.32;-7.19;0.38;-7.24;0.41;-7.25;0.43;-7.23;0.44;-7.22;0.44;-7.23;CACC
2942;19.0;25.0;0.8;8;80;7;Successful;Effective;No;No;No;No;No;No;0.0;-7.0;0.2;-7.1;0.32;-7.19;0.38;-7.24;0.41;-7.25;0.43;-7.23;0.44;-7.22;0.44;-7.23;CACC
2943;19.0;25.0;0.8;10;80;7;Successful;Effective;No;No;No;No;No;No;0.0;-7.0;0.2;-7.1;0.32;-7.19;0.38;-7.24;0.41;-7.25;0.43;-7.23;0.44;-7.22;0.44;-7.23;CACC
2944;19.0;25.0;0.8;5;100;7;Successful;Effective;No;No;No;No;No;No;0.0;-7.0;0.25;-7.1;0.39;-7.2;0.47;-7.25;0.51;-7.27;0.54;-7.25;0.55;-7.24;0.55;-7.26;CACC
2945;19.0;25.0;0.8;8;100;7;Successful;Effective;No;No;No;No;No;No;0.0;-7.0;0.25;-7.1;0.39;-7.2;0.47;-7.25;0.51;-7.27;0.54;-7.25;0.55;-7.24;0.55;-7.26;CACC
2946;19.0;25.0;0.8;10;100;7;Successful;Effective;No;No;No;No;No;No;0.0;-7.0;0.25;-7.1;0.39;-7.2;0.47;-7.25;0.51;-7.27;0.54;-7.25;0.55;-7.24;0.55;-7.26;CACC
2947;19.0;25.0;0.8;5;80;8;Successful;Effective;No;No;No;No;No;No;0.0;-7.99;0.2;-8.11;0.32;-8.21;0.38;-8.26;0.41;-8.28;0.43;-8.25;0.44;-8.23;0.44;-8.25;CACC
2948;19.0;25.0;0.8;8;80;8;Successful;Effective;No;No;No;No;No;No;0.0;-7.99;0.2;-8.11;0.32;-8.21;0.38;-8.26;0.41;-8.28;0.43;-8.25;0.44;-8.23;0.44;-8.25;CACC
2949;19.0;25.0;0.8;10;80;8;Successful;Effective;No;No;No;No;No;No;0.0;-7.99;0.2;-8.11;0.32;-8.21;0.38;-8.26;0.41;-8.28;0.43;-8.25;0.44;-8.23;0.44;-8.25;CACC
2950;19.0;25.0;0.8;5;100;8;Successful;Effective;No;No;No;No;No;No;0.0;-8.0;0.25;-8.12;0.39;-8.22;0.47;-8.27;0.51;-8.3;0.54;-8.27;0.55;-8.26;0.55;-8.28;CACC
2951;19.0;25.0;0.8;8;100;8;Successful;Effective;No;No;No;No;No;No;0.0;-8.0;0.25;-8.12;0.39;-8.22;0.47;-8.27;0.51;-8.3;0.54;-8.27;0.55;-8.26;0.55;-8.28;CACC
2952;19.0;25.0;0.8;10;100;8;Successful;Effective;No;No;No;No;No;No;0.0;-8.0;0.25;-8.12;0.39;-8.22;0.47;-8.27;0.51;-8.3;0.54;-8.27;0.55;-8.26;0.55;-8.28;CACC
2953;19.0;25.0;0.9;5;80;5;Successful;Effective;No;No;No;No;No;No;0.0;-5.0;0.2;-5.08;0.32;-5.14;0.38;-5.18;0.41;-5.2;0.43;-5.18;0.44;-5.18;0.44;-5.19;CACC
2954;19.0;25.0;0.9;8;80;5;Successful;Effective;No;No;No;No;No;No;0.0;-5.0;0.2;-5.08;0.32;-5.14;0.38;-5.18;0.41;-5.2;0.43;-5.18;0.44;-5.18;0.44;-5.19;CACC
2955;19.0;25.0;0.9;10;80;5;Successful;Effective;No;No;No;No;No;No;0.0;-5.0;0.2;-5.08;0.32;-5.14;0.38;-5.18;0.41;-5.2;0.43;-5.18;0.44;-5.18;0.44;-5.19;CACC
2956;19.0;25.0;0.9;5;100;5;Successful;Effective;No;No;No;No;No;No;0.0;-5.0;0.25;-5.08;0.39;-5.15;0.47;-5.2;0.51;-5.22;0.54;-5.21;0.55;-5.2;0.55;-5.21;CACC
2957;19.0;25.0;0.9;8;100;5;Successful;Effective;No;No;No;No;No;No;0.0;-5.0;0.25;-5.08;0.39;-5.15;0.47;-5.2;0.51;-5.22;0.54;-5.21;0.55;-5.2;0.55;-5.21;CACC
2958;19.0;25.0;0.9;10;100;5;Successful;Effective;No;No;No;No;No;No;0.0;-5.0;0.25;-5.08;0.39;-5.15;0.47;-5.2;0.51;-5.22;0.54;-5.21;0.55;-5.2;0.55;-5.21;CACC
2959;19.0;25.0;0.9;5;80;6;Successful;Effective;No;No;No;No;No;No;0.0;-6.0;0.2;-6.09;0.32;-6.17;0.38;-6.21;0.41;-6.22;0.43;-6.21;0.44;-6.2;0.44;-6.21;CACC
2960;19.0;25.0;0.9;8;80;6;Successful;Effective;No;No;No;No;No;No;0.0;-6.0;0.2;-6.09;0.32;-6.17;0.38;-6.21;0.41;-6.22;0.43;-6.21;0.44;-6.2;0.44;-6.21;CACC
2961;19.0;25.0;0.9;10;80;6;Successful;Effective;No;No;No;No;No;No;0.0;-6.0;0.2;-6.09;0.32;-6.17;0.38;-6.21;0.41;-6.22;0.43;-6.21;0.44;-6.2;0.44;-6.21;CACC
2962;19.0;25.0;0.9;5;100;6;Successful;Effective;No;No;No;No;No;No;0.0;-6.0;0.25;-6.09;0.39;-6.17;0.47;-6.22;0.51;-6.24;0.54;-6.23;0.55;-6.22;0.55;-6.23;CACC
2963;19.0;25.0;0.9;8;100;6;Successful;Effective;No;No;No;No;No;No;0.0;-6.0;0.25;-6.09;0.39;-6.17;0.47;-6.22;0.51;-6.24;0.54;-6.23;0.55;-6.22;0.55;-6.23;CACC
2964;19.0;25.0;0.9;10;100;6;Successful;Effective;No;No;No;No;No;No;0.0;-6.0;0.25;-6.09;0.39;-6.17;0.47;-6.22;0.51;-6.24;0.54;-6.23;0.55;-6.22;0.55;-6.23;CACC
2965;19.0;25.0;0.9;5;80;7;Successful;Effective;No;No;No;No;No;No;0.0;-7.0;0.2;-7.1;0.32;-7.19;0.38;-7.23;0.41;-7.25;0.43;-7.23;0.44;-7.21;0.44;-7.23;CACC
2966;19.0;25.0;0.9;8;80;7;Successful;Effective;No;No;No;No;No;No;0.0;-7.0;0.2;-7.1;0.32;-7.19;0.38;-7.23;0.41;-7.25;0.43;-7.23;0.44;-7.21;0.44;-7.23;CACC
2967;19.0;25.0;0.9;10;80;7;Successful;Effective;No;No;No;No;No;No;0.0;-7.0;0.2;-7.1;0.32;-7.19;0.38;-7.23;0.41;-7.25;0.43;-7.23;0.44;-7.21;0.44;-7.23;CACC
2968;19.0;25.0;0.9;5;100;7;Successful;Effective;No;No;No;No;No;No;0.0;-7.0;0.25;-7.1;0.39;-7.2;0.47;-7.25;0.51;-7.27;0.54;-7.25;0.55;-7.24;0.55;-7.25;CACC
2969;19.0;25.0;0.9;8;100;7;Successful;Effective;No;No;No;No;No;No;0.0;-7.0;0.25;-7.1;0.39;-7.2;0.47;-7.25;0.51;-7.27;0.54;-7.25;0.55;-7.24;0.55;-7.25;CACC
2970;19.0;25.0;0.9;10;100;7;Successful;Effective;No;No;No;No;No;No;0.0;-7.0;0.25;-7.1;0.39;-7.2;0.47;-7.25;0.51;-7.27;0.54;-7.25;0.55;-7.24;0.55;-7.25;CACC
2971;19.0;25.0;0.9;5;80;8;Successful;Effective;No;No;No;No;No;No;0.0;-7.99;0.2;-8.11;0.32;-8.21;0.38;-8.26;0.41;-8.28;0.43;-8.25;0.44;-8.23;0.44;-8.25;CACC
2972;19.0;25.0;0.9;8;80;8;Successful;Effective;No;No;No;No;No;No;0.0;-7.99;0.2;-8.11;0.32;-8.21;0.38;-8.26;0.41;-8.28;0.43;-8.25;0.44;-8.23;0.44;-8.25;CACC
2973;19.0;25.0;0.9;10;80;8;Successful;Effective;No;No;No;No;No;No;0.0;-7.99;0.2;-8.11;0.32;-8.21;0.38;-8.26;0.41;-8.28;0.43;-8.25;0.44;-8.23;0.44;-8.25;CACC
2974;19.0;25.0;0.9;5;100;8;Successful;Effective;No;No;No;No;No;No;0.0;-8.0;0.25;-8.12;0.39;-8.22;0.47;-8.27;0.51;-8.29;0.54;-8.27;0.55;-8.26;0.55;-8.27;CACC
2975;19.0;25.0;0.9;8;100;8;Successful;Effective;No;No;No;No;No;No;0.0;-8.0;0.25;-8.12;0.39;-8.22;0.47;-8.27;0.51;-8.29;0.54;-8.27;0.55;-8.26;0.55;-8.27;CACC
2976;19.0;25.0;0.9;10;100;8;Successful;Effective;No;No;No;No;No;No;0.0;-8.0;0.25;-8.12;0.39;-8.22;0.47;-8.27;0.51;-8.29;0.54;-8.27;0.55;-8.26;0.55;-8.27;CACC
2977;19.1;25.1;0.6;5;80;5;Successful;Effective;No;No;No;No;No;No;0.0;-5.0;0.2;-5.08;0.32;-5.15;0.38;-5.19;0.41;-5.2;0.43;-5.19;0.44;-5.19;0.44;-5.2;CACC
2978;19.1;25.1;0.6;8;80;5;Successful;Effective;No;No;No;No;No;No;0.0;-5.0;0.2;-5.08;0.32;-5.15;0.38;-5.19;0.41;-5.2;0.43;-5.19;0.44;-5.19;0.44;-5.2;CACC
2979;19.1;25.1;0.6;10;80;5;Successful;Effective;No;No;No;No;No;No;0.0;-5.0;0.2;-5.08;0.32;-5.15;0.38;-5.19;0.41;-5.2;0.43;-5.19;0.44;-5.19;0.44;-5.2;CACC
2980;19.1;25.1;0.6;5;100;5;Successful;Effective;No;No;No;No;No;No;0.0;-5.0;0.25;-5.08;0.39;-5.16;0.47;-5.2;0.51;-5.22;0.54;-5.21;0.55;-5.21;0.55;-5.22;CACC
2981;19.1;25.1;0.6;8;100;5;Successful;Effective;No;No;No;No;No;No;0.0;-5.0;0.25;-5.08;0.39;-5.16;0.47;-5.2;0.51;-5.22;0.54;-5.21;0.55;-5.21;0.55;-5.22;CACC
2982;19.1;25.1;0.6;10;100;5;Successful;Effective;No;No;No;No;No;No;0.0;-5.0;0.25;-5.08;0.39;-5.16;0.47;-5.2;0.51;-5.22;0.54;-5.21;0.55;-5.21;0.55;-5.22;CACC
2983;19.1;25.1;0.6;5;80;6;Successful;Effective;No;No;No;No;No;No;0.0;-6.0;0.2;-6.09;0.32;-6.17;0.38;-6.21;0.41;-6.23;0.43;-6.21;0.44;-6.21;0.44;-6.22;CACC
2984;19.1;25.1;0.6;8;80;6;Successful;Effective;No;No;No;No;No;No;0.0;-6.0;0.2;-6.09;0.32;-6.17;0.38;-6.21;0.41;-6.23;0.43;-6.21;0.44;-6.21;0.44;-6.22;CACC
2985;19.1;25.1;0.6;10;80;6;Successful;Effective;No;No;No;No;No;No;0.0;-6.0;0.2;-6.09;0.32;-6.17;0.38;-6.21;0.41;-6.23;0.43;-6.21;0.44;-6.21;0.44;-6.22;CACC
2986;19.1;25.1;0.6;5;100;6;Successful;Effective;No;No;No;No;No;No;0.0;-6.0;0.25;-6.1;0.39;-6.18;0.47;-6.23;0.51;-6.25;0.54;-6.23;0.55;-6.23;0.55;-6.24;CACC
2987;19.1;25.1;0.6;8;100;6;Successful;Effective;No;No;No;No;No;No;0.0;-6.0;0.25;-6.1;0.39;-6.18;0.47;-6.23;0.51;-6.25;0.54;-6.23;0.55;-6.23;0.55;-6.24;CACC
2988;19.1;25.1;0.6;10;100;6;Successful;Effective;No;No;No;No;No;No;0.0;-6.0;0.25;-6.1;0.39;-6.18;0.47;-6.23;0.51;-6.25;0.54;-6.23;0.55;-6.23;0.55;-6.24;CACC
2989;19.1;25.1;0.6;5;80;7;Successful;Effective;No;No;No;No;No;No;0.0;-7.0;0.2;-7.1;0.32;-7.19;0.38;-7.24;0.41;-7.26;0.43;-7.24;0.44;-7.23;0.44;-7.24;CACC
2990;19.1;25.1;0.6;8;80;7;Successful;Effective;No;No;No;No;No;No;0.0;-7.0;0.2;-7.1;0.32;-7.19;0.38;-7.24;0.41;-7.26;0.43;-7.24;0.44;-7.23;0.44;-7.24;CACC
2991;19.1;25.1;0.6;10;80;7;Successful;Effective;No;No;No;No;No;No;0.0;-7.0;0.2;-7.1;0.32;-7.19;0.38;-7.24;0.41;-7.26;0.43;-7.24;0.44;-7.23;0.44;-7.24;CACC
2992;19.1;25.1;0.6;5;100;7;Successful;Effective;No;No;No;No;No;No;0.0;-7.0;0.25;-7.11;0.39;-7.2;0.47;-7.25;0.51;-7.28;0.54;-7.26;0.55;-7.25;0.55;-7.26;CACC
2993;19.1;25.1;0.6;8;100;7;Successful;Effective;No;No;No;No;No;No;0.0;-7.0;0.25;-7.11;0.39;-7.2;0.47;-7.25;0.51;-7.28;0.54;-7.26;0.55;-7.25;0.55;-7.26;CACC
2994;19.1;25.1;0.6;10;100;7;Successful;Effective;No;No;No;No;No;No;0.0;-7.0;0.25;-7.11;0.39;-7.2;0.47;-7.25;0.51;-7.28;0.54;-7.26;0.55;-7.25;0.55;-7.26;CACC
2995;19.1;25.1;0.6;5;80;8;Successful;Effective;No;No;No;No;No;No;0.0;-7.99;0.2;-8.12;0.32;-8.21;0.38;-8.27;0.41;-8.28;0.43;-8.26;0.44;-8.24;0.44;-8.26;CACC
2996;19.1;25.1;0.6;8;80;8;Successful;Effective;No;No;No;No;No;No;0.0;-7.99;0.2;-8.12;0.32;-8.21;0.38;-8.27;0.41;-8.28;0.43;-8.26;0.44;-8.24;0.44;-8.26;CACC
2997;19.1;25.1;0.6;10;80;8;Successful;Effective;No;No;No;No;No;No;0.0;-7.99;0.2;-8.12;0.32;-8.21;0.38;-8.27;0.41;-8.28;0.43;-8.26;0.44;-8.24;0.44;-8.26;CACC
2998;19.1;25.1;0.6;5;100;8;Successful;Effective;No;No;No;No;No;No;0.0;-8.0;0.25;-8.12;0.39;-8.22;0.47;-8.28;0.51;-8.3;0.54;-8.28;0.55;-8.27;0.55;-8.28;CACC
2999;19.1;25.1;0.6;8;100;8;Successful;Effective;No;No;No;No;No;No;0.0;-8.0;0.25;-8.12;0.39;-8.22;0.47;-8.28;0.51;-8.3;0.54;-8.28;0.55;-8.27;0.55;-8.28;CACC
3000;19.1;25.1;0.6;10;100;8;Successful;Effective;No;No;No;No;No;No;0.0;-8.0;0.25;-8.12;0.39;-8.22;0.47;-8.28;0.51;-8.3;0.54;-8.28;0.55;-8.27;0.55;-8.28;CACC
3001;19.1;25.1;0.7;5;80;5;Successful;Effective;No;No;No;No;No;No;0.0;-5.0;0.2;-5.08;0.32;-5.15;0.38;-5.19;0.41;-5.2;0.43;-5.19;0.44;-5.19;0.44;-5.2;CACC
3002;19.1;25.1;0.7;8;80;5;Successful;Effective;No;No;No;No;No;No;0.0;-5.0;0.2;-5.08;0.32;-5.15;0.38;-5.19;0.41;-5.2;0.43;-5.19;0.44;-5.19;0.44;-5.2;CACC
3003;19.1;25.1;0.7;10;80;5;Successful;Effective;No;No;No;No;No;No;0.0;-5.0;0.2;-5.08;0.32;-5.15;0.38;-5.19;0.41;-5.2;0.43;-5.19;0.44;-5.19;0.44;-5.2;CACC
3004;19.1;25.1;0.7;5;100;5;Successful;Effective;No;No;No;No;No;No;0.0;-5.0;0.25;-5.08;0.39;-5.16;0.47;-5.2;0.51;-5.22;0.54;-5.21;0.55;-5.21;0.55;-5.22;CACC
3005;19.1;25.1;0.7;8;100;5;Successful;Effective;No;No;No;No;No;No;0.0;-5.0;0.25;-5.08;0.39;-5.16;0.47;-5.2;0.51;-5.22;0.54;-5.21;0.55;-5.21;0.55;-5.22;CACC
3006;19.1;25.1;0.7;10;100;5;Successful;Effective;No;No;No;No;No;No;0.0;-5.0;0.25;-5.08;0.39;-5.16;0.47;-5.2;0.51;-5.22;0.54;-5.21;0.55;-5.21;0.55;-5.22;CACC
3007;19.1;25.1;0.7;5;80;6;Successful;Effective;No;No;No;No;No;No;0.0;-6.0;0.2;-6.09;0.32;-6.17;0.38;-6.21;0.41;-6.23;0.43;-6.21;0.44;-6.2;0.44;-6.22;CACC
3008;19.1;25.1;0.7;8;80;6;Successful;Effective;No;No;No;No;No;No;0.0;-6.0;0.2;-6.09;0.32;-6.17;0.38;-6.21;0.41;-6.23;0.43;-6.21;0.44;-6.2;0.44;-6.22;CACC
3009;19.1;25.1;0.7;10;80;6;Successful;Effective;No;No;No;No;No;No;0.0;-6.0;0.2;-6.09;0.32;-6.17;0.38;-6.21;0.41;-6.23;0.43;-6.21;0.44;-6.2;0.44;-6.22;CACC
3010;19.1;25.1;0.7;5;100;6;Successful;Effective;No;No;No;No;No;No;0.0;-6.0;0.25;-6.1;0.39;-6.18;0.47;-6.23;0.51;-6.25;0.54;-6.23;0.55;-6.23;0.55;-6.24;CACC
3011;19.1;25.1;0.7;8;100;6;Successful;Effective;No;No;No;No;No;No;0.0;-6.0;0.25;-6.1;0.39;-6.18;0.47;-6.23;0.51;-6.25;0.54;-6.23;0.55;-6.23;0.55;-6.24;CACC
3012;19.1;25.1;0.7;10;100;6;Successful;Effective;No;No;No;No;No;No;0.0;-6.0;0.25;-6.1;0.39;-6.18;0.47;-6.23;0.51;-6.25;0.54;-6.23;0.55;-6.23;0.55;-6.24;CACC
3013;19.1;25.1;0.7;5;80;7;Successful;Effective;No;No;No;No;No;No;0.0;-7.0;0.2;-7.1;0.32;-7.19;0.38;-7.24;0.41;-7.26;0.43;-7.23;0.44;-7.22;0.44;-7.24;CACC
3014;19.1;25.1;0.7;8;80;7;Successful;Effective;No;No;No;No;No;No;0.0;-7.0;0.2;-7.1;0.32;-7.19;0.38;-7.24;0.41;-7.26;0.43;-7.23;0.44;-7.22;0.44;-7.24;CACC
3015;19.1;25.1;0.7;10;80;7;Successful;Effective;No;No;No;No;No;No;0.0;-7.0;0.2;-7.1;0.32;-7.19;0.38;-7.24;0.41;-7.26;0.43;-7.23;0.44;-7.22;0.44;-7.24;CACC
3016;19.1;25.1;0.7;5;100;7;Successful;Effective;No;No;No;No;No;No;0.0;-7.0;0.25;-7.11;0.39;-7.2;0.47;-7.25;0.51;-7.27;0.54;-7.25;0.55;-7.25;0.55;-7.26;CACC
3017;19.1;25.1;0.7;8;100;7;Successful;Effective;No;No;No;No;No;No;0.0;-7.0;0.25;-7.11;0.39;-7.2;0.47;-7.25;0.51;-7.27;0.54;-7.25;0.55;-7.25;0.55;-7.26;CACC
3018;19.1;25.1;0.7;10;100;7;Successful;Effective;No;No;No;No;No;No;0.0;-7.0;0.25;-7.11;0.39;-7.2;0.47;-7.25;0.51;-7.27;0.54;-7.25;0.55;-7.25;0.55;-7.26;CACC
3019;19.1;25.1;0.7;5;80;8;Successful;Effective;No;No;No;No;No;No;0.0;-7.99;0.2;-8.12;0.32;-8.21;0.38;-8.27;0.41;-8.28;0.43;-8.25;0.44;-8.24;0.44;-8.26;CACC
3020;19.1;25.1;0.7;8;80;8;Successful;Effective;No;No;No;No;No;No;0.0;-7.99;0.2;-8.12;0.32;-8.21;0.38;-8.27;0.41;-8.28;0.43;-8.25;0.44;-8.24;0.44;-8.26;CACC
3021;19.1;25.1;0.7;10;80;8;Successful;Effective;No;No;No;No;No;No;0.0;-7.99;0.2;-8.12;0.32;-8.21;0.38;-8.27;0.41;-8.28;0.43;-8.25;0.44;-8.24;0.44;-8.26;CACC
3022;19.1;25.1;0.7;5;100;8;Successful;Effective;No;No;No;No;No;No;0.0;-8.0;0.25;-8.12;0.39;-8.22;0.47;-8.28;0.51;-8.3;0.54;-8.28;0.55;-8.27;0.55;-8.28;CACC
3023;19.1;25.1;0.7;8;100;8;Successful;Effective;No;No;No;No;No;No;0.0;-8.0;0.25;-8.12;0.39;-8.22;0.47;-8.28;0.51;-8.3;0.54;-8.28;0.55;-8.27;0.55;-8.28;CACC
3024;19.1;25.1;0.7;10;100;8;Successful;Effective;No;No;No;No;No;No;0.0;-8.0;0.25;-8.12;0.39;-8.22;0.47;-8.28;0.51;-8.3;0.54;-8.28;0.55;-8.27;0.55;-8.28;CACC
3025;19.1;25.1;0.8;5;80;5;Successful;Effective;No;No;No;No;No;No;0.0;-5.0;0.2;-5.08;0.32;-5.15;0.38;-5.19;0.41;-5.2;0.43;-5.19;0.44;-5.18;0.44;-5.2;CACC
3026;19.1;25.1;0.8;8;80;5;Successful;Effective;No;No;No;No;No;No;0.0;-5.0;0.2;-5.08;0.32;-5.15;0.38;-5.19;0.41;-5.2;0.43;-5.19;0.44;-5.18;0.44;-5.2;CACC
3027;19.1;25.1;0.8;10;80;5;Successful;Effective;No;No;No;No;No;No;0.0;-5.0;0.2;-5.08;0.32;-5.15;0.38;-5.19;0.41;-5.2;0.43;-5.19;0.44;-5.18;0.44;-5.2;CACC
3028;19.1;25.1;0.8;5;100;5;Successful;Effective;No;No;No;No;No;No;0.0;-5.0;0.25;-5.08;0.39;-5.16;0.47;-5.2;0.51;-5.22;0.54;-5.21;0.55;-5.2;0.55;-5.22;CACC
3029;19.1;25.1;0.8;8;100;5;Successful;Effective;No;No;No;No;No;No;0.0;-5.0;0.25;-5.08;0.39;-5.16;0.47;-5.2;0.51;-5.22;0.54;-5.21;0.55;-5.2;0.55;-5.22;CACC
3030;19.1;25.1;0.8;10;100;5;Successful;Effective;No;No;No;No;No;No;0.0;-5.0;0.25;-5.08;0.39;-5.16;0.47;-5.2;0.51;-5.22;0.54;-5.21;0.55;-5.2;0.55;-5.22;CACC
3031;19.1;25.1;0.8;5;80;6;Successful;Effective;No;No;No;No;No;No;0.0;-6.0;0.2;-6.09;0.32;-6.17;0.38;-6.21;0.41;-6.23;0.43;-6.21;0.44;-6.2;0.44;-6.22;CACC
3032;19.1;25.1;0.8;8;80;6;Successful;Effective;No;No;No;No;No;No;0.0;-6.0;0.2;-6.09;0.32;-6.17;0.38;-6.21;0.41;-6.23;0.43;-6.21;0.44;-6.2;0.44;-6.22;CACC
3033;19.1;25.1;0.8;10;80;6;Successful;Effective;No;No;No;No;No;No;0.0;-6.0;0.2;-6.09;0.32;-6.17;0.38;-6.21;0.41;-6.23;0.43;-6.21;0.44;-6.2;0.44;-6.22;CACC
3034;19.1;25.1;0.8;5;100;6;Successful;Effective;No;No;No;No;No;No;0.0;-6.0;0.25;-6.1;0.39;-6.18;0.47;-6.23;0.51;-6.25;0.54;-6.23;0.55;-6.22;0.55;-6.24;CACC
3035;19.1;25.1;0.8;8;100;6;Successful;Effective;No;No;No;No;No;No;0.0;-6.0;0.25;-6.1;0.39;-6.18;0.47;-6.23;0.51;-6.25;0.54;-6.23;0.55;-6.22;0.55;-6.24;CACC
3036;19.1;25.1;0.8;10;100;6;Successful;Effective;No;No;No;No;No;No;0.0;-6.0;0.25;-6.1;0.39;-6.18;0.47;-6.23;0.51;-6.25;0.54;-6.23;0.55;-6.22;0.55;-6.24;CACC
3037;19.1;25.1;0.8;5;80;7;Successful;Effective;No;No;No;No;No;No;0.0;-7.0;0.2;-7.1;0.32;-7.19;0.38;-7.24;0.41;-7.26;0.43;-7.23;0.44;-7.22;0.44;-7.24;CACC
3038;19.1;25.1;0.8;8;80;7;Successful;Effective;No;No;No;No;No;No;0.0;-7.0;0.2;-7.1;0.32;-7.19;0.38;-7.24;0.41;-7.26;0.43;-7.23;0.44;-7.22;0.44;-7.24;CACC
3039;19.1;25.1;0.8;10;80;7;Successful;Effective;No;No;No;No;No;No;0.0;-7.0;0.2;-7.1;0.32;-7.19;0.38;-7.24;0.41;-7.26;0.43;-7.23;0.44;-7.22;0.44;-7.24;CACC
3040;19.1;25.1;0.8;5;100;7;Successful;Effective;No;No;No;No;No;No;0.0;-7.0;0.25;-7.11;0.39;-7.2;0.47;-7.25;0.51;-7.27;0.54;-7.25;0.55;-7.24;0.55;-7.26;CACC
3041;19.1;25.1;0.8;8;100;7;Successful;Effective;No;No;No;No;No;No;0.0;-7.0;0.25;-7.11;0.39;-7.2;0.47;-7.25;0.51;-7.27;0.54;-7.25;0.55;-7.24;0.55;-7.26;CACC
3042;19.1;25.1;0.8;10;100;7;Successful;Effective;No;No;No;No;No;No;0.0;-7.0;0.25;-7.11;0.39;-7.2;0.47;-7.25;0.51;-7.27;0.54;-7.25;0.55;-7.24;0.55;-7.26;CACC
3043;19.1;25.1;0.8;5;80;8;Successful;Effective;No;No;No;No;No;No;0.0;-7.99;0.2;-8.12;0.32;-8.21;0.38;-8.26;0.41;-8.28;0.43;-8.25;0.44;-8.24;0.44;-8.26;CACC
3044;19.1;25.1;0.8;8;80;8;Successful;Effective;No;No;No;No;No;No;0.0;-7.99;0.2;-8.12;0.32;-8.21;0.38;-8.26;0.41;-8.28;0.43;-8.25;0.44;-8.24;0.44;-8.26;CACC
3045;19.1;25.1;0.8;10;80;8;Successful;Effective;No;No;No;No;No;No;0.0;-7.99;0.2;-8.12;0.32;-8.21;0.38;-8.26;0.41;-8.28;0.43;-8.25;0.44;-8.24;0.44;-8.26;CACC
3046;19.1;25.1;0.8;5;100;8;Successful;Effective;No;No;No;No;No;No;0.0;-8.0;0.25;-8.12;0.39;-8.22;0.47;-8.28;0.51;-8.3;0.54;-8.27;0.55;-8.26;0.55;-8.28;CACC
3047;19.1;25.1;0.8;8;100;8;Successful;Effective;No;No;No;No;No;No;0.0;-8.0;0.25;-8.12;0.39;-8.22;0.47;-8.28;0.51;-8.3;0.54;-8.27;0.55;-8.26;0.55;-8.28;CACC
3048;19.1;25.1;0.8;10;100;8;Successful;Effective;No;No;No;No;No;No;0.0;-8.0;0.25;-8.12;0.39;-8.22;0.47;-8.28;0.51;-8.3;0.54;-8.27;0.55;-8.26;0.55;-8.28;CACC
3049;19.1;25.1;0.9;5;80;5;Successful;Effective;No;No;No;No;No;No;0.0;-5.0;0.2;-5.08;0.32;-5.15;0.38;-5.19;0.41;-5.2;0.43;-5.19;0.44;-5.18;0.44;-5.19;CACC
3050;19.1;25.1;0.9;8;80;5;Successful;Effective;No;No;No;No;No;No;0.0;-5.0;0.2;-5.08;0.32;-5.15;0.38;-5.19;0.41;-5.2;0.43;-5.19;0.44;-5.18;0.44;-5.19;CACC
3051;19.1;25.1;0.9;10;80;5;Successful;Effective;No;No;No;No;No;No;0.0;-5.0;0.2;-5.08;0.32;-5.15;0.38;-5.19;0.41;-5.2;0.43;-5.19;0.44;-5.18;0.44;-5.19;CACC
3052;19.1;25.1;0.9;5;100;5;Successful;Effective;No;No;No;No;No;No;0.0;-5.0;0.25;-5.08;0.39;-5.16;0.47;-5.2;0.51;-5.22;0.54;-5.21;0.55;-5.2;0.55;-5.22;CACC
3053;19.1;25.1;0.9;8;100;5;Successful;Effective;No;No;No;No;No;No;0.0;-5.0;0.25;-5.08;0.39;-5.16;0.47;-5.2;0.51;-5.22;0.54;-5.21;0.55;-5.2;0.55;-5.22;CACC
3054;19.1;25.1;0.9;10;100;5;Successful;Effective;No;No;No;No;No;No;0.0;-5.0;0.25;-5.08;0.39;-5.16;0.47;-5.2;0.51;-5.22;0.54;-5.21;0.55;-5.2;0.55;-5.22;CACC
3055;19.1;25.1;0.9;5;80;6;Successful;Effective;No;No;No;No;No;No;0.0;-6.0;0.2;-6.09;0.32;-6.17;0.38;-6.21;0.41;-6.23;0.43;-6.21;0.44;-6.2;0.44;-6.22;CACC
3056;19.1;25.1;0.9;8;80;6;Successful;Effective;No;No;No;No;No;No;0.0;-6.0;0.2;-6.09;0.32;-6.17;0.38;-6.21;0.41;-6.23;0.43;-6.21;0.44;-6.2;0.44;-6.22;CACC
3057;19.1;25.1;0.9;10;80;6;Successful;Effective;No;No;No;No;No;No;0.0;-6.0;0.2;-6.09;0.32;-6.17;0.38;-6.21;0.41;-6.23;0.43;-6.21;0.44;-6.2;0.44;-6.22;CACC
3058;19.1;25.1;0.9;5;100;6;Successful;Effective;No;No;No;No;No;No;0.0;-6.0;0.25;-6.1;0.39;-6.18;0.47;-6.23;0.51;-6.24;0.54;-6.23;0.55;-6.22;0.55;-6.24;CACC
3059;19.1;25.1;0.9;8;100;6;Successful;Effective;No;No;No;No;No;No;0.0;-6.0;0.25;-6.1;0.39;-6.18;0.47;-6.23;0.51;-6.24;0.54;-6.23;0.55;-6.22;0.55;-6.24;CACC
3060;19.1;25.1;0.9;10;100;6;Successful;Effective;No;No;No;No;No;No;0.0;-6.0;0.25;-6.1;0.39;-6.18;0.47;-6.23;0.51;-6.24;0.54;-6.23;0.55;-6.22;0.55;-6.24;CACC
3061;19.1;25.1;0.9;5;80;7;Successful;Effective;No;No;No;No;No;No;0.0;-7.0;0.2;-7.1;0.32;-7.19;0.38;-7.24;0.41;-7.25;0.43;-7.23;0.44;-7.22;0.44;-7.24;CACC
3062;19.1;25.1;0.9;8;80;7;Successful;Effective;No;No;No;No;No;No;0.0;-7.0;0.2;-7.1;0.32;-7.19;0.38;-7.24;0.41;-7.25;0.43;-7.23;0.44;-7.22;0.44;-7.24;CACC
3063;19.1;25.1;0.9;10;80;7;Successful;Effective;No;No;No;No;No;No;0.0;-7.0;0.2;-7.1;0.32;-7.19;0.38;-7.24;0.41;-7.25;0.43;-7.23;0.44;-7.22;0.44;-7.24;CACC
3064;19.1;25.1;0.9;5;100;7;Successful;Effective;No;No;No;No;No;No;0.0;-7.0;0.25;-7.11;0.39;-7.2;0.47;-7.25;0.51;-7.27;0.54;-7.25;0.55;-7.24;0.55;-7.26;CACC
3065;19.1;25.1;0.9;8;100;7;Successful;Effective;No;No;No;No;No;No;0.0;-7.0;0.25;-7.11;0.39;-7.2;0.47;-7.25;0.51;-7.27;0.54;-7.25;0.55;-7.24;0.55;-7.26;CACC
3066;19.1;25.1;0.9;10;100;7;Successful;Effective;No;No;No;No;No;No;0.0;-7.0;0.25;-7.11;0.39;-7.2;0.47;-7.25;0.51;-7.27;0.54;-7.25;0.55;-7.24;0.55;-7.26;CACC
3067;19.1;25.1;0.9;5;80;8;Successful;Effective;No;No;No;No;No;No;0.0;-7.99;0.2;-8.12;0.32;-8.21;0.38;-8.26;0.41;-8.28;0.43;-8.25;0.44;-8.24;0.44;-8.26;CACC
3068;19.1;25.1;0.9;8;80;8;Successful;Effective;No;No;No;No;No;No;0.0;-7.99;0.2;-8.12;0.32;-8.21;0.38;-8.26;0.41;-8.28;0.43;-8.25;0.44;-8.24;0.44;-8.26;CACC
3069;19.1;25.1;0.9;10;80;8;Successful;Effective;No;No;No;No;No;No;0.0;-7.99;0.2;-8.12;0.32;-8.21;0.38;-8.26;0.41;-8.28;0.43;-8.25;0.44;-8.24;0.44;-8.26;CACC
3070;19.1;25.1;0.9;5;100;8;Successful;Effective;No;No;No;No;No;No;0.0;-8.0;0.25;-8.12;0.39;-8.22;0.47;-8.28;0.51;-8.3;0.54;-8.27;0.55;-8.26;0.55;-8.28;CACC
3071;19.1;25.1;0.9;8;100;8;Successful;Effective;No;No;No;No;No;No;0.0;-8.0;0.25;-8.12;0.39;-8.22;0.47;-8.28;0.51;-8.3;0.54;-8.27;0.55;-8.26;0.55;-8.28;CACC
3072;19.1;25.1;0.9;10;100;8;Successful;Effective;No;No;No;No;No;No;0.0;-8.0;0.25;-8.12;0.39;-8.22;0.47;-8.28;0.51;-8.3;0.54;-8.27;0.55;-8.26;0.55;-8.28;CACC
3073;19.2;25.2;0.6;5;80;5;Successful;Effective;No;No;No;No;No;No;0.0;-5.0;0.2;-5.08;0.32;-5.15;0.38;-5.19;0.41;-5.21;0.43;-5.19;0.44;-5.19;0.44;-5.2;CACC
3074;19.2;25.2;0.6;8;80;5;Successful;Effective;No;No;No;No;No;No;0.0;-5.0;0.2;-5.08;0.32;-5.15;0.38;-5.19;0.41;-5.21;0.43;-5.19;0.44;-5.19;0.44;-5.2;CACC
3075;19.2;25.2;0.6;10;80;5;Successful;Effective;No;No;No;No;No;No;0.0;-5.0;0.2;-5.08;0.32;-5.15;0.38;-5.19;0.41;-5.21;0.43;-5.19;0.44;-5.19;0.44;-5.2;CACC
3076;19.2;25.2;0.6;5;100;5;Successful;Effective;No;No;No;No;No;No;0.0;-5.0;0.25;-5.08;0.39;-5.16;0.47;-5.2;0.51;-5.22;0.54;-5.21;0.55;-5.21;0.55;-5.22;CACC
3077;19.2;25.2;0.6;8;100;5;Successful;Effective;No;No;No;No;No;No;0.0;-5.0;0.25;-5.08;0.39;-5.16;0.47;-5.2;0.51;-5.22;0.54;-5.21;0.55;-5.21;0.55;-5.22;CACC
3078;19.2;25.2;0.6;10;100;5;Successful;Effective;No;No;No;No;No;No;0.0;-5.0;0.25;-5.08;0.39;-5.16;0.47;-5.2;0.51;-5.22;0.54;-5.21;0.55;-5.21;0.55;-5.22;CACC
3079;19.2;25.2;0.6;5;80;6;Successful;Effective;No;No;No;No;No;No;0.0;-6.0;0.2;-6.09;0.32;-6.17;0.38;-6.21;0.41;-6.23;0.43;-6.21;0.44;-6.21;0.44;-6.22;CACC
3080;19.2;25.2;0.6;8;80;6;Successful;Effective;No;No;No;No;No;No;0.0;-6.0;0.2;-6.09;0.32;-6.17;0.38;-6.21;0.41;-6.23;0.43;-6.21;0.44;-6.21;0.44;-6.22;CACC
3081;19.2;25.2;0.6;10;80;6;Successful;Effective;No;No;No;No;No;No;0.0;-6.0;0.2;-6.09;0.32;-6.17;0.38;-6.21;0.41;-6.23;0.43;-6.21;0.44;-6.21;0.44;-6.22;CACC
3082;19.2;25.2;0.6;5;100;6;Successful;Effective;No;No;No;No;No;No;0.0;-6.0;0.25;-6.1;0.39;-6.18;0.47;-6.23;0.51;-6.25;0.54;-6.23;0.55;-6.23;0.55;-6.24;CACC
3083;19.2;25.2;0.6;8;100;6;Successful;Effective;No;No;No;No;No;No;0.0;-6.0;0.25;-6.1;0.39;-6.18;0.47;-6.23;0.51;-6.25;0.54;-6.23;0.55;-6.23;0.55;-6.24;CACC
3084;19.2;25.2;0.6;10;100;6;Successful;Effective;No;No;No;No;No;No;0.0;-6.0;0.25;-6.1;0.39;-6.18;0.47;-6.23;0.51;-6.25;0.54;-6.23;0.55;-6.23;0.55;-6.24;CACC
3085;19.2;25.2;0.6;5;80;7;Successful;Effective;No;No;No;No;No;No;0.0;-7.0;0.2;-7.11;0.32;-7.19;0.38;-7.24;0.41;-7.26;0.43;-7.24;0.44;-7.23;0.44;-7.24;CACC
3086;19.2;25.2;0.6;8;80;7;Successful;Effective;No;No;No;No;No;No;0.0;-7.0;0.2;-7.11;0.32;-7.19;0.38;-7.24;0.41;-7.26;0.43;-7.24;0.44;-7.23;0.44;-7.24;CACC
3087;19.2;25.2;0.6;10;80;7;Successful;Effective;No;No;No;No;No;No;0.0;-7.0;0.2;-7.11;0.32;-7.19;0.38;-7.24;0.41;-7.26;0.43;-7.24;0.44;-7.23;0.44;-7.24;CACC
3088;19.2;25.2;0.6;5;100;7;Successful;Effective;No;No;No;No;No;No;0.0;-7.0;0.25;-7.11;0.39;-7.2;0.47;-7.26;0.51;-7.28;0.54;-7.26;0.55;-7.25;0.55;-7.27;CACC
3089;19.2;25.2;0.6;8;100;7;Successful;Effective;No;No;No;No;No;No;0.0;-7.0;0.25;-7.11;0.39;-7.2;0.47;-7.26;0.51;-7.28;0.54;-7.26;0.55;-7.25;0.55;-7.27;CACC
3090;19.2;25.2;0.6;10;100;7;Successful;Effective;No;No;No;No;No;No;0.0;-7.0;0.25;-7.11;0.39;-7.2;0.47;-7.26;0.51;-7.28;0.54;-7.26;0.55;-7.25;0.55;-7.27;CACC
3091;19.2;25.2;0.6;5;80;8;Successful;Effective;No;No;No;No;No;No;0.0;-7.99;0.2;-8.12;0.32;-8.22;0.38;-8.27;0.41;-8.29;0.43;-8.26;0.44;-8.25;0.44;-8.27;CACC
3092;19.2;25.2;0.6;8;80;8;Successful;Effective;No;No;No;No;No;No;0.0;-7.99;0.2;-8.12;0.32;-8.22;0.38;-8.27;0.41;-8.29;0.43;-8.26;0.44;-8.25;0.44;-8.27;CACC
3093;19.2;25.2;0.6;10;80;8;Successful;Effective;No;No;No;No;No;No;0.0;-7.99;0.2;-8.12;0.32;-8.22;0.38;-8.27;0.41;-8.29;0.43;-8.26;0.44;-8.25;0.44;-8.27;CACC
3094;19.2;25.2;0.6;5;100;8;Successful;Effective;No;No;No;No;No;No;0.0;-8.0;0.25;-8.12;0.39;-8.23;0.47;-8.28;0.51;-8.3;0.54;-8.28;0.55;-8.27;0.55;-8.29;CACC
3095;19.2;25.2;0.6;8;100;8;Successful;Effective;No;No;No;No;No;No;0.0;-8.0;0.25;-8.12;0.39;-8.23;0.47;-8.28;0.51;-8.3;0.54;-8.28;0.55;-8.27;0.55;-8.29;CACC
3096;19.2;25.2;0.6;10;100;8;Successful;Effective;No;No;No;No;No;No;0.0;-8.0;0.25;-8.12;0.39;-8.23;0.47;-8.28;0.51;-8.3;0.54;-8.28;0.55;-8.27;0.55;-8.29;CACC
3097;19.2;25.2;0.7;5;80;5;Successful;Effective;No;No;No;No;No;No;0.0;-5.0;0.2;-5.08;0.32;-5.15;0.38;-5.19;0.41;-5.2;0.43;-5.19;0.44;-5.19;0.44;-5.2;CACC
3098;19.2;25.2;0.7;8;80;5;Successful;Effective;No;No;No;No;No;No;0.0;-5.0;0.2;-5.08;0.32;-5.15;0.38;-5.19;0.41;-5.2;0.43;-5.19;0.44;-5.19;0.44;-5.2;CACC
3099;19.2;25.2;0.7;10;80;5;Successful;Effective;No;No;No;No;No;No;0.0;-5.0;0.2;-5.08;0.32;-5.15;0.38;-5.19;0.41;-5.2;0.43;-5.19;0.44;-5.19;0.44;-5.2;CACC
3100;19.2;25.2;0.7;5;100;5;Successful;Effective;No;No;No;No;No;No;0.0;-5.0;0.25;-5.08;0.39;-5.16;0.47;-5.2;0.51;-5.22;0.54;-5.21;0.55;-5.21;0.55;-5.22;CACC
3101;19.2;25.2;0.7;8;100;5;Successful;Effective;No;No;No;No;No;No;0.0;-5.0;0.25;-5.08;0.39;-5.16;0.47;-5.2;0.51;-5.22;0.54;-5.21;0.55;-5.21;0.55;-5.22;CACC
3102;19.2;25.2;0.7;10;100;5;Successful;Effective;No;No;No;No;No;No;0.0;-5.0;0.25;-5.08;0.39;-5.16;0.47;-5.2;0.51;-5.22;0.54;-5.21;0.55;-5.21;0.55;-5.22;CACC
3103;19.2;25.2;0.7;5;80;6;Successful;Effective;No;No;No;No;No;No;0.0;-6.0;0.2;-6.09;0.32;-6.17;0.38;-6.21;0.41;-6.23;0.43;-6.21;0.44;-6.21;0.44;-6.22;CACC
3104;19.2;25.2;0.7;8;80;6;Successful;Effective;No;No;No;No;No;No;0.0;-6.0;0.2;-6.09;0.32;-6.17;0.38;-6.21;0.41;-6.23;0.43;-6.21;0.44;-6.21;0.44;-6.22;CACC
3105;19.2;25.2;0.7;10;80;6;Successful;Effective;No;No;No;No;No;No;0.0;-6.0;0.2;-6.09;0.32;-6.17;0.38;-6.21;0.41;-6.23;0.43;-6.21;0.44;-6.21;0.44;-6.22;CACC
3106;19.2;25.2;0.7;5;100;6;Successful;Effective;No;No;No;No;No;No;0.0;-6.0;0.25;-6.1;0.39;-6.18;0.47;-6.23;0.51;-6.25;0.54;-6.23;0.55;-6.23;0.55;-6.24;CACC
3107;19.2;25.2;0.7;8;100;6;Successful;Effective;No;No;No;No;No;No;0.0;-6.0;0.25;-6.1;0.39;-6.18;0.47;-6.23;0.51;-6.25;0.54;-6.23;0.55;-6.23;0.55;-6.24;CACC
3108;19.2;25.2;0.7;10;100;6;Successful;Effective;No;No;No;No;No;No;0.0;-6.0;0.25;-6.1;0.39;-6.18;0.47;-6.23;0.51;-6.25;0.54;-6.23;0.55;-6.23;0.55;-6.24;CACC
3109;19.2;25.2;0.7;5;80;7;Successful;Effective;No;No;No;No;No;No;0.0;-7.0;0.2;-7.11;0.32;-7.19;0.38;-7.24;0.41;-7.26;0.43;-7.24;0.44;-7.23;0.44;-7.24;CACC
3110;19.2;25.2;0.7;8;80;7;Successful;Effective;No;No;No;No;No;No;0.0;-7.0;0.2;-7.11;0.32;-7.19;0.38;-7.24;0.41;-7.26;0.43;-7.24;0.44;-7.23;0.44;-7.24;CACC
3111;19.2;25.2;0.7;10;80;7;Successful;Effective;No;No;No;No;No;No;0.0;-7.0;0.2;-7.11;0.32;-7.19;0.38;-7.24;0.41;-7.26;0.43;-7.24;0.44;-7.23;0.44;-7.24;CACC
3112;19.2;25.2;0.7;5;100;7;Successful;Effective;No;No;No;No;No;No;0.0;-7.0;0.25;-7.11;0.39;-7.2;0.47;-7.25;0.51;-7.28;0.54;-7.26;0.55;-7.25;0.55;-7.26;CACC
3113;19.2;25.2;0.7;8;100;7;Successful;Effective;No;No;No;No;No;No;0.0;-7.0;0.25;-7.11;0.39;-7.2;0.47;-7.25;0.51;-7.28;0.54;-7.26;0.55;-7.25;0.55;-7.26;CACC
3114;19.2;25.2;0.7;10;100;7;Successful;Effective;No;No;No;No;No;No;0.0;-7.0;0.25;-7.11;0.39;-7.2;0.47;-7.25;0.51;-7.28;0.54;-7.26;0.55;-7.25;0.55;-7.26;CACC
3115;19.2;25.2;0.7;5;80;8;Successful;Effective;No;No;No;No;No;No;0.0;-7.99;0.2;-8.12;0.32;-8.22;0.38;-8.27;0.41;-8.29;0.43;-8.26;0.44;-8.24;0.44;-8.26;CACC
3116;19.2;25.2;0.7;8;80;8;Successful;Effective;No;No;No;No;No;No;0.0;-7.99;0.2;-8.12;0.32;-8.22;0.38;-8.27;0.41;-8.29;0.43;-8.26;0.44;-8.24;0.44;-8.26;CACC
3117;19.2;25.2;0.7;10;80;8;Successful;Effective;No;No;No;No;No;No;0.0;-7.99;0.2;-8.12;0.32;-8.22;0.38;-8.27;0.41;-8.29;0.43;-8.26;0.44;-8.24;0.44;-8.26;CACC
3118;19.2;25.2;0.7;5;100;8;Successful;Effective;No;No;No;No;No;No;0.0;-8.0;0.25;-8.12;0.39;-8.22;0.47;-8.28;0.51;-8.3;0.54;-8.28;0.55;-8.27;0.55;-8.29;CACC
3119;19.2;25.2;0.7;8;100;8;Successful;Effective;No;No;No;No;No;No;0.0;-8.0;0.25;-8.12;0.39;-8.22;0.47;-8.28;0.51;-8.3;0.54;-8.28;0.55;-8.27;0.55;-8.29;CACC
3120;19.2;25.2;0.7;10;100;8;Successful;Effective;No;No;No;No;No;No;0.0;-8.0;0.25;-8.12;0.39;-8.22;0.47;-8.28;0.51;-8.3;0.54;-8.28;0.55;-8.27;0.55;-8.29;CACC
3121;19.2;25.2;0.8;5;80;5;Successful;Effective;No;No;No;No;No;No;0.0;-5.0;0.2;-5.08;0.32;-5.15;0.38;-5.19;0.41;-5.2;0.43;-5.19;0.44;-5.18;0.44;-5.2;CACC
3122;19.2;25.2;0.8;8;80;5;Successful;Effective;No;No;No;No;No;No;0.0;-5.0;0.2;-5.08;0.32;-5.15;0.38;-5.19;0.41;-5.2;0.43;-5.19;0.44;-5.18;0.44;-5.2;CACC
3123;19.2;25.2;0.8;10;80;5;Successful;Effective;No;No;No;No;No;No;0.0;-5.0;0.2;-5.08;0.32;-5.15;0.38;-5.19;0.41;-5.2;0.43;-5.19;0.44;-5.18;0.44;-5.2;CACC
3124;19.2;25.2;0.8;5;100;5;Successful;Effective;No;No;No;No;No;No;0.0;-5.0;0.25;-5.08;0.39;-5.16;0.47;-5.2;0.51;-5.22;0.54;-5.21;0.55;-5.21;0.55;-5.22;CACC
3125;19.2;25.2;0.8;8;100;5;Successful;Effective;No;No;No;No;No;No;0.0;-5.0;0.25;-5.08;0.39;-5.16;0.47;-5.2;0.51;-5.22;0.54;-5.21;0.55;-5.21;0.55;-5.22;CACC
3126;19.2;25.2;0.8;10;100;5;Successful;Effective;No;No;No;No;No;No;0.0;-5.0;0.25;-5.08;0.39;-5.16;0.47;-5.2;0.51;-5.22;0.54;-5.21;0.55;-5.21;0.55;-5.22;CACC
3127;19.2;25.2;0.8;5;80;6;Successful;Effective;No;No;No;No;No;No;0.0;-6.0;0.2;-6.09;0.32;-6.17;0.38;-6.21;0.41;-6.23;0.43;-6.21;0.44;-6.2;0.44;-6.22;CACC
3128;19.2;25.2;0.8;8;80;6;Successful;Effective;No;No;No;No;No;No;0.0;-6.0;0.2;-6.09;0.32;-6.17;0.38;-6.21;0.41;-6.23;0.43;-6.21;0.44;-6.2;0.44;-6.22;CACC
3129;19.2;25.2;0.8;10;80;6;Successful;Effective;No;No;No;No;No;No;0.0;-6.0;0.2;-6.09;0.32;-6.17;0.38;-6.21;0.41;-6.23;0.43;-6.21;0.44;-6.2;0.44;-6.22;CACC
3130;19.2;25.2;0.8;5;100;6;Successful;Effective;No;No;No;No;No;No;0.0;-6.0;0.25;-6.1;0.39;-6.18;0.47;-6.23;0.51;-6.25;0.54;-6.23;0.55;-6.23;0.55;-6.24;CACC
3131;19.2;25.2;0.8;8;100;6;Successful;Effective;No;No;No;No;No;No;0.0;-6.0;0.25;-6.1;0.39;-6.18;0.47;-6.23;0.51;-6.25;0.54;-6.23;0.55;-6.23;0.55;-6.24;CACC
3132;19.2;25.2;0.8;10;100;6;Successful;Effective;No;No;No;No;No;No;0.0;-6.0;0.25;-6.1;0.39;-6.18;0.47;-6.23;0.51;-6.25;0.54;-6.23;0.55;-6.23;0.55;-6.24;CACC
3133;19.2;25.2;0.8;5;80;7;Successful;Effective;No;No;No;No;No;No;0.0;-7.0;0.2;-7.11;0.32;-7.19;0.38;-7.24;0.41;-7.26;0.43;-7.23;0.44;-7.22;0.44;-7.24;CACC
3134;19.2;25.2;0.8;8;80;7;Successful;Effective;No;No;No;No;No;No;0.0;-7.0;0.2;-7.11;0.32;-7.19;0.38;-7.24;0.41;-7.26;0.43;-7.23;0.44;-7.22;0.44;-7.24;CACC
3135;19.2;25.2;0.8;10;80;7;Successful;Effective;No;No;No;No;No;No;0.0;-7.0;0.2;-7.11;0.32;-7.19;0.38;-7.24;0.41;-7.26;0.43;-7.23;0.44;-7.22;0.44;-7.24;CACC
3136;19.2;25.2;0.8;5;100;7;Successful;Effective;No;No;No;No;No;No;0.0;-7.0;0.25;-7.11;0.39;-7.2;0.47;-7.25;0.51;-7.28;0.54;-7.25;0.55;-7.25;0.55;-7.26;CACC
3137;19.2;25.2;0.8;8;100;7;Successful;Effective;No;No;No;No;No;No;0.0;-7.0;0.25;-7.11;0.39;-7.2;0.47;-7.25;0.51;-7.28;0.54;-7.25;0.55;-7.25;0.55;-7.26;CACC
3138;19.2;25.2;0.8;10;100;7;Successful;Effective;No;No;No;No;No;No;0.0;-7.0;0.25;-7.11;0.39;-7.2;0.47;-7.25;0.51;-7.28;0.54;-7.25;0.55;-7.25;0.55;-7.26;CACC
3139;19.2;25.2;0.8;5;80;8;Successful;Effective;No;No;No;No;No;No;0.0;-7.99;0.2;-8.12;0.32;-8.22;0.38;-8.27;0.41;-8.28;0.43;-8.26;0.44;-8.24;0.44;-8.26;CACC
3140;19.2;25.2;0.8;8;80;8;Successful;Effective;No;No;No;No;No;No;0.0;-7.99;0.2;-8.12;0.32;-8.22;0.38;-8.27;0.41;-8.28;0.43;-8.26;0.44;-8.24;0.44;-8.26;CACC
3141;19.2;25.2;0.8;10;80;8;Successful;Effective;No;No;No;No;No;No;0.0;-7.99;0.2;-8.12;0.32;-8.22;0.38;-8.27;0.41;-8.28;0.43;-8.26;0.44;-8.24;0.44;-8.26;CACC
3142;19.2;25.2;0.8;5;100;8;Successful;Effective;No;No;No;No;No;No;0.0;-8.0;0.25;-8.12;0.39;-8.22;0.47;-8.28;0.51;-8.3;0.54;-8.28;0.55;-8.26;0.55;-8.29;CACC
3143;19.2;25.2;0.8;8;100;8;Successful;Effective;No;No;No;No;No;No;0.0;-8.0;0.25;-8.12;0.39;-8.22;0.47;-8.28;0.51;-8.3;0.54;-8.28;0.55;-8.26;0.55;-8.29;CACC
3144;19.2;25.2;0.8;10;100;8;Successful;Effective;No;No;No;No;No;No;0.0;-8.0;0.25;-8.12;0.39;-8.22;0.47;-8.28;0.51;-8.3;0.54;-8.28;0.55;-8.26;0.55;-8.29;CACC
3145;19.2;25.2;0.9;5;80;5;Successful;Effective;No;No;No;No;No;No;0.0;-5.0;0.2;-5.08;0.32;-5.15;0.38;-5.19;0.41;-5.2;0.43;-5.19;0.44;-5.18;0.44;-5.2;CACC
3146;19.2;25.2;0.9;8;80;5;Successful;Effective;No;No;No;No;No;No;0.0;-5.0;0.2;-5.08;0.32;-5.15;0.38;-5.19;0.41;-5.2;0.43;-5.19;0.44;-5.18;0.44;-5.2;CACC
3147;19.2;25.2;0.9;10;80;5;Successful;Effective;No;No;No;No;No;No;0.0;-5.0;0.2;-5.08;0.32;-5.15;0.38;-5.19;0.41;-5.2;0.43;-5.19;0.44;-5.18;0.44;-5.2;CACC
3148;19.2;25.2;0.9;5;100;5;Successful;Effective;No;No;No;No;No;No;0.0;-5.0;0.25;-5.08;0.39;-5.16;0.47;-5.2;0.51;-5.22;0.54;-5.21;0.55;-5.21;0.55;-5.22;CACC
3149;19.2;25.2;0.9;8;100;5;Successful;Effective;No;No;No;No;No;No;0.0;-5.0;0.25;-5.08;0.39;-5.16;0.47;-5.2;0.51;-5.22;0.54;-5.21;0.55;-5.21;0.55;-5.22;CACC
3150;19.2;25.2;0.9;10;100;5;Successful;Effective;No;No;No;No;No;No;0.0;-5.0;0.25;-5.08;0.39;-5.16;0.47;-5.2;0.51;-5.22;0.54;-5.21;0.55;-5.21;0.55;-5.22;CACC
3151;19.2;25.2;0.9;5;80;6;Successful;Effective;No;No;No;No;No;No;0.0;-6.0;0.2;-6.09;0.32;-6.17;0.38;-6.21;0.41;-6.23;0.43;-6.21;0.44;-6.2;0.44;-6.22;CACC
3152;19.2;25.2;0.9;8;80;6;Successful;Effective;No;No;No;No;No;No;0.0;-6.0;0.2;-6.09;0.32;-6.17;0.38;-6.21;0.41;-6.23;0.43;-6.21;0.44;-6.2;0.44;-6.22;CACC
3153;19.2;25.2;0.9;10;80;6;Successful;Effective;No;No;No;No;No;No;0.0;-6.0;0.2;-6.09;0.32;-6.17;0.38;-6.21;0.41;-6.23;0.43;-6.21;0.44;-6.2;0.44;-6.22;CACC
3154;19.2;25.2;0.9;5;100;6;Successful;Effective;No;No;No;No;No;No;0.0;-6.0;0.25;-6.1;0.39;-6.18;0.47;-6.23;0.51;-6.25;0.54;-6.23;0.55;-6.22;0.55;-6.24;CACC
3155;19.2;25.2;0.9;8;100;6;Successful;Effective;No;No;No;No;No;No;0.0;-6.0;0.25;-6.1;0.39;-6.18;0.47;-6.23;0.51;-6.25;0.54;-6.23;0.55;-6.22;0.55;-6.24;CACC
3156;19.2;25.2;0.9;10;100;6;Successful;Effective;No;No;No;No;No;No;0.0;-6.0;0.25;-6.1;0.39;-6.18;0.47;-6.23;0.51;-6.25;0.54;-6.23;0.55;-6.22;0.55;-6.24;CACC
3157;19.2;25.2;0.9;5;80;7;Successful;Effective;No;No;No;No;No;No;0.0;-7.0;0.2;-7.11;0.32;-7.19;0.38;-7.24;0.41;-7.26;0.43;-7.23;0.44;-7.22;0.44;-7.24;CACC
3158;19.2;25.2;0.9;8;80;7;Successful;Effective;No;No;No;No;No;No;0.0;-7.0;0.2;-7.11;0.32;-7.19;0.38;-7.24;0.41;-7.26;0.43;-7.23;0.44;-7.22;0.44;-7.24;CACC
3159;19.2;25.2;0.9;10;80;7;Successful;Effective;No;No;No;No;No;No;0.0;-7.0;0.2;-7.11;0.32;-7.19;0.38;-7.24;0.41;-7.26;0.43;-7.23;0.44;-7.22;0.44;-7.24;CACC
3160;19.2;25.2;0.9;5;100;7;Successful;Effective;No;No;No;No;No;No;0.0;-7.0;0.25;-7.11;0.39;-7.2;0.47;-7.25;0.51;-7.27;0.54;-7.25;0.55;-7.24;0.55;-7.26;CACC
3161;19.2;25.2;0.9;8;100;7;Successful;Effective;No;No;No;No;No;No;0.0;-7.0;0.25;-7.11;0.39;-7.2;0.47;-7.25;0.51;-7.27;0.54;-7.25;0.55;-7.24;0.55;-7.26;CACC
3162;19.2;25.2;0.9;10;100;7;Successful;Effective;No;No;No;No;No;No;0.0;-7.0;0.25;-7.11;0.39;-7.2;0.47;-7.25;0.51;-7.27;0.54;-7.25;0.55;-7.24;0.55;-7.26;CACC
3163;19.2;25.2;0.9;5;80;8;Successful;Effective;No;No;No;No;No;No;0.0;-7.99;0.2;-8.12;0.32;-8.22;0.38;-8.27;0.41;-8.28;0.43;-8.25;0.44;-8.24;0.44;-8.26;CACC
3164;19.2;25.2;0.9;8;80;8;Successful;Effective;No;No;No;No;No;No;0.0;-7.99;0.2;-8.12;0.32;-8.22;0.38;-8.27;0.41;-8.28;0.43;-8.25;0.44;-8.24;0.44;-8.26;CACC
3165;19.2;25.2;0.9;10;80;8;Successful;Effective;No;No;No;No;No;No;0.0;-7.99;0.2;-8.12;0.32;-8.22;0.38;-8.27;0.41;-8.28;0.43;-8.25;0.44;-8.24;0.44;-8.26;CACC
3166;19.2;25.2;0.9;5;100;8;Successful;Effective;No;No;No;No;No;No;0.0;-8.0;0.25;-8.12;0.39;-8.22;0.47;-8.28;0.51;-8.3;0.54;-8.28;0.55;-8.26;0.55;-8.28;CACC
3167;19.2;25.2;0.9;8;100;8;Successful;Effective;No;No;No;No;No;No;0.0;-8.0;0.25;-8.12;0.39;-8.22;0.47;-8.28;0.51;-8.3;0.54;-8.28;0.55;-8.26;0.55;-8.28;CACC
3168;19.2;25.2;0.9;10;100;8;Successful;Effective;No;No;No;No;No;No;0.0;-8.0;0.25;-8.12;0.39;-8.22;0.47;-8.28;0.51;-8.3;0.54;-8.28;0.55;-8.26;0.55;-8.28;CACC
3169;19.3;25.3;0.6;5;80;5;Successful;Effective;No;No;No;No;No;No;0.0;-5.0;0.2;-5.08;0.32;-5.15;0.38;-5.19;0.41;-5.21;0.43;-5.19;0.44;-5.19;0.44;-5.2;CACC
3170;19.3;25.3;0.6;8;80;5;Successful;Effective;No;No;No;No;No;No;0.0;-5.0;0.2;-5.08;0.32;-5.15;0.38;-5.19;0.41;-5.21;0.43;-5.19;0.44;-5.19;0.44;-5.2;CACC
3171;19.3;25.3;0.6;10;80;5;Successful;Effective;No;No;No;No;No;No;0.0;-5.0;0.2;-5.08;0.32;-5.15;0.38;-5.19;0.41;-5.21;0.43;-5.19;0.44;-5.19;0.44;-5.2;CACC
3172;19.3;25.3;0.6;5;100;5;Successful;Effective;No;No;No;No;No;No;0.0;-5.0;0.25;-5.09;0.39;-5.16;0.47;-5.2;0.51;-5.22;0.54;-5.21;0.55;-5.21;0.55;-5.22;CACC
3173;19.3;25.3;0.6;8;100;5;Successful;Effective;No;No;No;No;No;No;0.0;-5.0;0.25;-5.09;0.39;-5.16;0.47;-5.2;0.51;-5.22;0.54;-5.21;0.55;-5.21;0.55;-5.22;CACC
3174;19.3;25.3;0.6;10;100;5;Successful;Effective;No;No;No;No;No;No;0.0;-5.0;0.25;-5.09;0.39;-5.16;0.47;-5.2;0.51;-5.22;0.54;-5.21;0.55;-5.21;0.55;-5.22;CACC
3175;19.3;25.3;0.6;5;80;6;Successful;Effective;No;No;No;No;No;No;0.0;-6.0;0.2;-6.1;0.32;-6.17;0.38;-6.22;0.41;-6.23;0.43;-6.22;0.44;-6.21;0.44;-6.22;CACC
3176;19.3;25.3;0.6;8;80;6;Successful;Effective;No;No;No;No;No;No;0.0;-6.0;0.2;-6.1;0.32;-6.17;0.38;-6.22;0.41;-6.23;0.43;-6.22;0.44;-6.21;0.44;-6.22;CACC
3177;19.3;25.3;0.6;10;80;6;Successful;Effective;No;No;No;No;No;No;0.0;-6.0;0.2;-6.1;0.32;-6.17;0.38;-6.22;0.41;-6.23;0.43;-6.22;0.44;-6.21;0.44;-6.22;CACC
3178;19.3;25.3;0.6;5;100;6;Successful;Effective;No;No;No;No;No;No;0.0;-6.0;0.25;-6.1;0.39;-6.18;0.47;-6.23;0.51;-6.25;0.54;-6.24;0.55;-6.23;0.55;-6.24;CACC
3179;19.3;25.3;0.6;8;100;6;Successful;Effective;No;No;No;No;No;No;0.0;-6.0;0.25;-6.1;0.39;-6.18;0.47;-6.23;0.51;-6.25;0.54;-6.24;0.55;-6.23;0.55;-6.24;CACC
3180;19.3;25.3;0.6;10;100;6;Successful;Effective;No;No;No;No;No;No;0.0;-6.0;0.25;-6.1;0.39;-6.18;0.47;-6.23;0.51;-6.25;0.54;-6.24;0.55;-6.23;0.55;-6.24;CACC
3181;19.3;25.3;0.6;5;80;7;Successful;Effective;No;No;No;No;No;No;0.0;-7.0;0.2;-7.11;0.32;-7.19;0.38;-7.24;0.41;-7.26;0.43;-7.24;0.44;-7.23;0.44;-7.25;CACC
3182;19.3;25.3;0.6;8;80;7;Successful;Effective;No;No;No;No;No;No;0.0;-7.0;0.2;-7.11;0.32;-7.19;0.38;-7.24;0.41;-7.26;0.43;-7.24;0.44;-7.23;0.44;-7.25;CACC
3183;19.3;25.3;0.6;10;80;7;Successful;Effective;No;No;No;No;No;No;0.0;-7.0;0.2;-7.11;0.32;-7.19;0.38;-7.24;0.41;-7.26;0.43;-7.24;0.44;-7.23;0.44;-7.25;CACC
3184;19.3;25.3;0.6;5;100;7;Successful;Effective;No;No;No;No;No;No;0.0;-7.0;0.25;-7.11;0.39;-7.2;0.47;-7.26;0.51;-7.28;0.54;-7.26;0.55;-7.25;0.55;-7.27;CACC
3185;19.3;25.3;0.6;8;100;7;Successful;Effective;No;No;No;No;No;No;0.0;-7.0;0.25;-7.11;0.39;-7.2;0.47;-7.26;0.51;-7.28;0.54;-7.26;0.55;-7.25;0.55;-7.27;CACC
3186;19.3;25.3;0.6;10;100;7;Successful;Effective;No;No;No;No;No;No;0.0;-7.0;0.25;-7.11;0.39;-7.2;0.47;-7.26;0.51;-7.28;0.54;-7.26;0.55;-7.25;0.55;-7.27;CACC
3187;19.3;25.3;0.6;5;80;8;Successful;Effective;No;No;No;No;No;No;0.0;-7.99;0.2;-8.12;0.32;-8.22;0.38;-8.27;0.41;-8.29;0.43;-8.26;0.44;-8.25;0.44;-8.27;CACC
3188;19.3;25.3;0.6;8;80;8;Successful;Effective;No;No;No;No;No;No;0.0;-7.99;0.2;-8.12;0.32;-8.22;0.38;-8.27;0.41;-8.29;0.43;-8.26;0.44;-8.25;0.44;-8.27;CACC
3189;19.3;25.3;0.6;10;80;8;Successful;Effective;No;No;No;No;No;No;0.0;-7.99;0.2;-8.12;0.32;-8.22;0.38;-8.27;0.41;-8.29;0.43;-8.26;0.44;-8.25;0.44;-8.27;CACC
3190;19.3;25.3;0.6;5;100;8;Successful;Effective;No;No;No;No;No;No;0.0;-8.0;0.25;-8.13;0.39;-8.23;0.47;-8.28;0.51;-8.31;0.54;-8.28;0.55;-8.27;0.55;-8.29;CACC
3191;19.3;25.3;0.6;8;100;8;Successful;Effective;No;No;No;No;No;No;0.0;-8.0;0.25;-8.13;0.39;-8.23;0.47;-8.28;0.51;-8.31;0.54;-8.28;0.55;-8.27;0.55;-8.29;CACC
3192;19.3;25.3;0.6;10;100;8;Successful;Effective;No;No;No;No;No;No;0.0;-8.0;0.25;-8.13;0.39;-8.23;0.47;-8.28;0.51;-8.31;0.54;-8.28;0.55;-8.27;0.55;-8.29;CACC
3193;19.3;25.3;0.7;5;80;5;Successful;Effective;No;No;No;No;No;No;0.0;-5.0;0.2;-5.08;0.32;-5.15;0.38;-5.19;0.41;-5.21;0.43;-5.19;0.44;-5.19;0.44;-5.2;CACC
3194;19.3;25.3;0.7;8;80;5;Successful;Effective;No;No;No;No;No;No;0.0;-5.0;0.2;-5.08;0.32;-5.15;0.38;-5.19;0.41;-5.21;0.43;-5.19;0.44;-5.19;0.44;-5.2;CACC
3195;19.3;25.3;0.7;10;80;5;Successful;Effective;No;No;No;No;No;No;0.0;-5.0;0.2;-5.08;0.32;-5.15;0.38;-5.19;0.41;-5.21;0.43;-5.19;0.44;-5.19;0.44;-5.2;CACC
3196;19.3;25.3;0.7;5;100;5;Successful;Effective;No;No;No;No;No;No;0.0;-5.0;0.25;-5.09;0.39;-5.16;0.47;-5.2;0.51;-5.22;0.54;-5.21;0.55;-5.21;0.55;-5.22;CACC
3197;19.3;25.3;0.7;8;100;5;Successful;Effective;No;No;No;No;No;No;0.0;-5.0;0.25;-5.09;0.39;-5.16;0.47;-5.2;0.51;-5.22;0.54;-5.21;0.55;-5.21;0.55;-5.22;CACC
3198;19.3;25.3;0.7;10;100;5;Successful;Effective;No;No;No;No;No;No;0.0;-5.0;0.25;-5.09;0.39;-5.16;0.47;-5.2;0.51;-5.22;0.54;-5.21;0.55;-5.21;0.55;-5.22;CACC
3199;19.3;25.3;0.7;5;80;6;Successful;Effective;No;No;No;No;No;No;0.0;-6.0;0.2;-6.1;0.32;-6.17;0.38;-6.22;0.41;-6.23;0.43;-6.21;0.44;-6.21;0.44;-6.22;CACC
3200;19.3;25.3;0.7;8;80;6;Successful;Effective;No;No;No;No;No;No;0.0;-6.0;0.2;-6.1;0.32;-6.17;0.38;-6.22;0.41;-6.23;0.43;-6.21;0.44;-6.21;0.44;-6.22;CACC
3201;19.3;25.3;0.7;10;80;6;Successful;Effective;No;No;No;No;No;No;0.0;-6.0;0.2;-6.1;0.32;-6.17;0.38;-6.22;0.41;-6.23;0.43;-6.21;0.44;-6.21;0.44;-6.22;CACC
3202;19.3;25.3;0.7;5;100;6;Successful;Effective;No;No;No;No;No;No;0.0;-6.0;0.25;-6.1;0.39;-6.18;0.47;-6.23;0.51;-6.25;0.54;-6.24;0.55;-6.23;0.55;-6.24;CACC
3203;19.3;25.3;0.7;8;100;6;Successful;Effective;No;No;No;No;No;No;0.0;-6.0;0.25;-6.1;0.39;-6.18;0.47;-6.23;0.51;-6.25;0.54;-6.24;0.55;-6.23;0.55;-6.24;CACC
3204;19.3;25.3;0.7;10;100;6;Successful;Effective;No;No;No;No;No;No;0.0;-6.0;0.25;-6.1;0.39;-6.18;0.47;-6.23;0.51;-6.25;0.54;-6.24;0.55;-6.23;0.55;-6.24;CACC
3205;19.3;25.3;0.7;5;80;7;Successful;Effective;No;No;No;No;No;No;0.0;-7.0;0.2;-7.11;0.32;-7.19;0.38;-7.24;0.41;-7.26;0.43;-7.24;0.44;-7.23;0.44;-7.24;CACC
3206;19.3;25.3;0.7;8;80;7;Successful;Effective;No;No;No;No;No;No;0.0;-7.0;0.2;-7.11;0.32;-7.19;0.38;-7.24;0.41;-7.26;0.43;-7.24;0.44;-7.23;0.44;-7.24;CACC
3207;19.3;25.3;0.7;10;80;7;Successful;Effective;No;No;No;No;No;No;0.0;-7.0;0.2;-7.11;0.32;-7.19;0.38;-7.24;0.41;-7.26;0.43;-7.24;0.44;-7.23;0.44;-7.24;CACC
3208;19.3;25.3;0.7;5;100;7;Successful;Effective;No;No;No;No;No;No;0.0;-7.0;0.25;-7.11;0.39;-7.2;0.47;-7.26;0.51;-7.28;0.54;-7.26;0.55;-7.25;0.55;-7.27;CACC
3209;19.3;25.3;0.7;8;100;7;Successful;Effective;No;No;No;No;No;No;0.0;-7.0;0.25;-7.11;0.39;-7.2;0.47;-7.26;0.51;-7.28;0.54;-7.26;0.55;-7.25;0.55;-7.27;CACC
3210;19.3;25.3;0.7;10;100;7;Successful;Effective;No;No;No;No;No;No;0.0;-7.0;0.25;-7.11;0.39;-7.2;0.47;-7.26;0.51;-7.28;0.54;-7.26;0.55;-7.25;0.55;-7.27;CACC
3211;19.3;25.3;0.7;5;80;8;Successful;Effective;No;No;No;No;No;No;0.0;-7.99;0.2;-8.12;0.32;-8.22;0.38;-8.27;0.41;-8.29;0.43;-8.26;0.44;-8.25;0.44;-8.27;CACC
3212;19.3;25.3;0.7;8;80;8;Successful;Effective;No;No;No;No;No;No;0.0;-7.99;0.2;-8.12;0.32;-8.22;0.38;-8.27;0.41;-8.29;0.43;-8.26;0.44;-8.25;0.44;-8.27;CACC
3213;19.3;25.3;0.7;10;80;8;Successful;Effective;No;No;No;No;No;No;0.0;-7.99;0.2;-8.12;0.32;-8.22;0.38;-8.27;0.41;-8.29;0.43;-8.26;0.44;-8.25;0.44;-8.27;CACC
3214;19.3;25.3;0.7;5;100;8;Successful;Effective;No;No;No;No;No;No;0.0;-8.0;0.25;-8.13;0.39;-8.23;0.47;-8.28;0.51;-8.3;0.54;-8.28;0.55;-8.27;0.55;-8.29;CACC
3215;19.3;25.3;0.7;8;100;8;Successful;Effective;No;No;No;No;No;No;0.0;-8.0;0.25;-8.13;0.39;-8.23;0.47;-8.28;0.51;-8.3;0.54;-8.28;0.55;-8.27;0.55;-8.29;CACC
3216;19.3;25.3;0.7;10;100;8;Successful;Effective;No;No;No;No;No;No;0.0;-8.0;0.25;-8.13;0.39;-8.23;0.47;-8.28;0.51;-8.3;0.54;-8.28;0.55;-8.27;0.55;-8.29;CACC
3217;19.3;25.3;0.8;5;80;5;Successful;Effective;No;No;No;No;No;No;0.0;-5.0;0.2;-5.08;0.32;-5.15;0.38;-5.19;0.41;-5.21;0.43;-5.19;0.44;-5.19;0.44;-5.2;CACC
3218;19.3;25.3;0.8;8;80;5;Successful;Effective;No;No;No;No;No;No;0.0;-5.0;0.2;-5.08;0.32;-5.15;0.38;-5.19;0.41;-5.21;0.43;-5.19;0.44;-5.19;0.44;-5.2;CACC
3219;19.3;25.3;0.8;10;80;5;Successful;Effective;No;No;No;No;No;No;0.0;-5.0;0.2;-5.08;0.32;-5.15;0.38;-5.19;0.41;-5.21;0.43;-5.19;0.44;-5.19;0.44;-5.2;CACC
3220;19.3;25.3;0.8;5;100;5;Successful;Effective;No;No;No;No;No;No;0.0;-5.0;0.25;-5.09;0.39;-5.16;0.47;-5.2;0.51;-5.22;0.54;-5.21;0.55;-5.21;0.55;-5.22;CACC
3221;19.3;25.3;0.8;8;100;5;Successful;Effective;No;No;No;No;No;No;0.0;-5.0;0.25;-5.09;0.39;-5.16;0.47;-5.2;0.51;-5.22;0.54;-5.21;0.55;-5.21;0.55;-5.22;CACC
3222;19.3;25.3;0.8;10;100;5;Successful;Effective;No;No;No;No;No;No;0.0;-5.0;0.25;-5.09;0.39;-5.16;0.47;-5.2;0.51;-5.22;0.54;-5.21;0.55;-5.21;0.55;-5.22;CACC
3223;19.3;25.3;0.8;5;80;6;Successful;Effective;No;No;No;No;No;No;0.0;-6.0;0.2;-6.1;0.32;-6.17;0.38;-6.22;0.41;-6.23;0.43;-6.21;0.44;-6.21;0.44;-6.22;CACC
3224;19.3;25.3;0.8;8;80;6;Successful;Effective;No;No;No;No;No;No;0.0;-6.0;0.2;-6.1;0.32;-6.17;0.38;-6.22;0.41;-6.23;0.43;-6.21;0.44;-6.21;0.44;-6.22;CACC
3225;19.3;25.3;0.8;10;80;6;Successful;Effective;No;No;No;No;No;No;0.0;-6.0;0.2;-6.1;0.32;-6.17;0.38;-6.22;0.41;-6.23;0.43;-6.21;0.44;-6.21;0.44;-6.22;CACC
3226;19.3;25.3;0.8;5;100;6;Successful;Effective;No;No;No;No;No;No;0.0;-6.0;0.25;-6.1;0.39;-6.18;0.47;-6.23;0.51;-6.25;0.54;-6.23;0.55;-6.23;0.55;-6.24;CACC
3227;19.3;25.3;0.8;8;100;6;Successful;Effective;No;No;No;No;No;No;0.0;-6.0;0.25;-6.1;0.39;-6.18;0.47;-6.23;0.51;-6.25;0.54;-6.23;0.55;-6.23;0.55;-6.24;CACC
3228;19.3;25.3;0.8;10;100;6;Successful;Effective;No;No;No;No;No;No;0.0;-6.0;0.25;-6.1;0.39;-6.18;0.47;-6.23;0.51;-6.25;0.54;-6.23;0.55;-6.23;0.55;-6.24;CACC
3229;19.3;25.3;0.8;5;80;7;Successful;Effective;No;No;No;No;No;No;0.0;-7.0;0.2;-7.11;0.32;-7.19;0.38;-7.24;0.41;-7.26;0.43;-7.24;0.44;-7.23;0.44;-7.24;CACC
3230;19.3;25.3;0.8;8;80;7;Successful;Effective;No;No;No;No;No;No;0.0;-7.0;0.2;-7.11;0.32;-7.19;0.38;-7.24;0.41;-7.26;0.43;-7.24;0.44;-7.23;0.44;-7.24;CACC
3231;19.3;25.3;0.8;10;80;7;Successful;Effective;No;No;No;No;No;No;0.0;-7.0;0.2;-7.11;0.32;-7.19;0.38;-7.24;0.41;-7.26;0.43;-7.24;0.44;-7.23;0.44;-7.24;CACC
3232;19.3;25.3;0.8;5;100;7;Successful;Effective;No;No;No;No;No;No;0.0;-7.0;0.25;-7.11;0.39;-7.2;0.47;-7.26;0.51;-7.28;0.54;-7.26;0.55;-7.25;0.55;-7.27;CACC
3233;19.3;25.3;0.8;8;100;7;Successful;Effective;No;No;No;No;No;No;0.0;-7.0;0.25;-7.11;0.39;-7.2;0.47;-7.26;0.51;-7.28;0.54;-7.26;0.55;-7.25;0.55;-7.27;CACC
3234;19.3;25.3;0.8;10;100;7;Successful;Effective;No;No;No;No;No;No;0.0;-7.0;0.25;-7.11;0.39;-7.2;0.47;-7.26;0.51;-7.28;0.54;-7.26;0.55;-7.25;0.55;-7.27;CACC
3235;19.3;25.3;0.8;5;80;8;Successful;Effective;No;No;No;No;No;No;0.0;-7.99;0.2;-8.12;0.32;-8.22;0.38;-8.27;0.41;-8.29;0.43;-8.26;0.44;-8.25;0.44;-8.27;CACC
3236;19.3;25.3;0.8;8;80;8;Successful;Effective;No;No;No;No;No;No;0.0;-7.99;0.2;-8.12;0.32;-8.22;0.38;-8.27;0.41;-8.29;0.43;-8.26;0.44;-8.25;0.44;-8.27;CACC
3237;19.3;25.3;0.8;10;80;8;Successful;Effective;No;No;No;No;No;No;0.0;-7.99;0.2;-8.12;0.32;-8.22;0.38;-8.27;0.41;-8.29;0.43;-8.26;0.44;-8.25;0.44;-8.27;CACC
3238;19.3;25.3;0.8;5;100;8;Successful;Effective;No;No;No;No;No;No;0.0;-8.0;0.25;-8.13;0.39;-8.23;0.47;-8.28;0.51;-8.3;0.54;-8.28;0.55;-8.27;0.55;-8.29;CACC
3239;19.3;25.3;0.8;8;100;8;Successful;Effective;No;No;No;No;No;No;0.0;-8.0;0.25;-8.13;0.39;-8.23;0.47;-8.28;0.51;-8.3;0.54;-8.28;0.55;-8.27;0.55;-8.29;CACC
3240;19.3;25.3;0.8;10;100;8;Successful;Effective;No;No;No;No;No;No;0.0;-8.0;0.25;-8.13;0.39;-8.23;0.47;-8.28;0.51;-8.3;0.54;-8.28;0.55;-8.27;0.55;-8.29;CACC
3241;19.3;25.3;0.9;5;80;5;Successful;Effective;No;No;No;No;No;No;0.0;-5.0;0.2;-5.08;0.32;-5.15;0.38;-5.19;0.41;-5.21;0.43;-5.19;0.44;-5.18;0.44;-5.2;CACC
3242;19.3;25.3;0.9;8;80;5;Successful;Effective;No;No;No;No;No;No;0.0;-5.0;0.2;-5.08;0.32;-5.15;0.38;-5.19;0.41;-5.21;0.43;-5.19;0.44;-5.18;0.44;-5.2;CACC
3243;19.3;25.3;0.9;10;80;5;Successful;Effective;No;No;No;No;No;No;0.0;-5.0;0.2;-5.08;0.32;-5.15;0.38;-5.19;0.41;-5.21;0.43;-5.19;0.44;-5.18;0.44;-5.2;CACC
3244;19.3;25.3;0.9;5;100;5;Successful;Effective;No;No;No;No;No;No;0.0;-5.0;0.25;-5.09;0.39;-5.16;0.47;-5.2;0.51;-5.22;0.54;-5.21;0.55;-5.21;0.55;-5.22;CACC
3245;19.3;25.3;0.9;8;100;5;Successful;Effective;No;No;No;No;No;No;0.0;-5.0;0.25;-5.09;0.39;-5.16;0.47;-5.2;0.51;-5.22;0.54;-5.21;0.55;-5.21;0.55;-5.22;CACC
3246;19.3;25.3;0.9;10;100;5;Successful;Effective;No;No;No;No;No;No;0.0;-5.0;0.25;-5.09;0.39;-5.16;0.47;-5.2;0.51;-5.22;0.54;-5.21;0.55;-5.21;0.55;-5.22;CACC
3247;19.3;25.3;0.9;5;80;6;Successful;Effective;No;No;No;No;No;No;0.0;-6.0;0.2;-6.1;0.32;-6.17;0.38;-6.22;0.41;-6.23;0.43;-6.21;0.44;-6.2;0.44;-6.22;CACC
3248;19.3;25.3;0.9;8;80;6;Successful;Effective;No;No;No;No;No;No;0.0;-6.0;0.2;-6.1;0.32;-6.17;0.38;-6.22;0.41;-6.23;0.43;-6.21;0.44;-6.2;0.44;-6.22;CACC
3249;19.3;25.3;0.9;10;80;6;Successful;Effective;No;No;No;No;No;No;0.0;-6.0;0.2;-6.1;0.32;-6.17;0.38;-6.22;0.41;-6.23;0.43;-6.21;0.44;-6.2;0.44;-6.22;CACC
3250;19.3;25.3;0.9;5;100;6;Successful;Effective;No;No;No;No;No;No;0.0;-6.0;0.25;-6.1;0.39;-6.18;0.47;-6.23;0.51;-6.25;0.54;-6.23;0.55;-6.23;0.55;-6.24;CACC
3251;19.3;25.3;0.9;8;100;6;Successful;Effective;No;No;No;No;No;No;0.0;-6.0;0.25;-6.1;0.39;-6.18;0.47;-6.23;0.51;-6.25;0.54;-6.23;0.55;-6.23;0.55;-6.24;CACC
3252;19.3;25.3;0.9;10;100;6;Successful;Effective;No;No;No;No;No;No;0.0;-6.0;0.25;-6.1;0.39;-6.18;0.47;-6.23;0.51;-6.25;0.54;-6.23;0.55;-6.23;0.55;-6.24;CACC
3253;19.3;25.3;0.9;5;80;7;Successful;Effective;No;No;No;No;No;No;0.0;-7.0;0.2;-7.11;0.32;-7.19;0.38;-7.24;0.41;-7.26;0.43;-7.24;0.44;-7.22;0.44;-7.24;CACC
3254;19.3;25.3;0.9;8;80;7;Successful;Effective;No;No;No;No;No;No;0.0;-7.0;0.2;-7.11;0.32;-7.19;0.38;-7.24;0.41;-7.26;0.43;-7.24;0.44;-7.22;0.44;-7.24;CACC
3255;19.3;25.3;0.9;10;80;7;Successful;Effective;No;No;No;No;No;No;0.0;-7.0;0.2;-7.11;0.32;-7.19;0.38;-7.24;0.41;-7.26;0.43;-7.24;0.44;-7.22;0.44;-7.24;CACC
3256;19.3;25.3;0.9;5;100;7;Successful;Effective;No;No;No;No;No;No;0.0;-7.0;0.25;-7.11;0.39;-7.2;0.47;-7.26;0.51;-7.28;0.54;-7.26;0.55;-7.25;0.55;-7.27;CACC
3257;19.3;25.3;0.9;8;100;7;Successful;Effective;No;No;No;No;No;No;0.0;-7.0;0.25;-7.11;0.39;-7.2;0.47;-7.26;0.51;-7.28;0.54;-7.26;0.55;-7.25;0.55;-7.27;CACC
3258;19.3;25.3;0.9;10;100;7;Successful;Effective;No;No;No;No;No;No;0.0;-7.0;0.25;-7.11;0.39;-7.2;0.47;-7.26;0.51;-7.28;0.54;-7.26;0.55;-7.25;0.55;-7.27;CACC
3259;19.3;25.3;0.9;5;80;8;Successful;Effective;No;No;No;No;No;No;0.0;-7.99;0.2;-8.12;0.32;-8.22;0.38;-8.27;0.41;-8.29;0.43;-8.26;0.44;-8.24;0.44;-8.27;CACC
3260;19.3;25.3;0.9;8;80;8;Successful;Effective;No;No;No;No;No;No;0.0;-7.99;0.2;-8.12;0.32;-8.22;0.38;-8.27;0.41;-8.29;0.43;-8.26;0.44;-8.24;0.44;-8.27;CACC
3261;19.3;25.3;0.9;10;80;8;Successful;Effective;No;No;No;No;No;No;0.0;-7.99;0.2;-8.12;0.32;-8.22;0.38;-8.27;0.41;-8.29;0.43;-8.26;0.44;-8.24;0.44;-8.27;CACC
3262;19.3;25.3;0.9;5;100;8;Successful;Effective;No;No;No;No;No;No;0.0;-8.0;0.25;-8.13;0.39;-8.23;0.47;-8.28;0.51;-8.3;0.54;-8.28;0.55;-8.27;0.55;-8.29;CACC
3263;19.3;25.3;0.9;8;100;8;Successful;Effective;No;No;No;No;No;No;0.0;-8.0;0.25;-8.13;0.39;-8.23;0.47;-8.28;0.51;-8.3;0.54;-8.28;0.55;-8.27;0.55;-8.29;CACC
3264;19.3;25.3;0.9;10;100;8;Successful;Effective;No;No;No;No;No;No;0.0;-8.0;0.25;-8.13;0.39;-8.23;0.47;-8.28;0.51;-8.3;0.54;-8.28;0.55;-8.27;0.55;-8.29;CACC
3265;19.4;25.4;0.6;5;80;5;Successful;Effective;No;No;No;No;No;No;0.0;-5.0;0.2;-5.08;0.32;-5.15;0.38;-5.19;0.41;-5.21;0.43;-5.19;0.44;-5.19;0.44;-5.2;CACC
3266;19.4;25.4;0.6;8;80;5;Successful;Effective;No;No;No;No;No;No;0.0;-5.0;0.2;-5.08;0.32;-5.15;0.38;-5.19;0.41;-5.21;0.43;-5.19;0.44;-5.19;0.44;-5.2;CACC
3267;19.4;25.4;0.6;10;80;5;Successful;Effective;No;No;No;No;No;No;0.0;-5.0;0.2;-5.08;0.32;-5.15;0.38;-5.19;0.41;-5.21;0.43;-5.19;0.44;-5.19;0.44;-5.2;CACC
3268;19.4;25.4;0.6;5;100;5;Successful;Effective;No;No;No;No;No;No;0.0;-5.0;0.25;-5.09;0.39;-5.16;0.47;-5.2;0.51;-5.22;0.54;-5.21;0.55;-5.21;0.55;-5.22;CACC
3269;19.4;25.4;0.6;8;100;5;Successful;Effective;No;No;No;No;No;No;0.0;-5.0;0.25;-5.09;0.39;-5.16;0.47;-5.2;0.51;-5.22;0.54;-5.21;0.55;-5.21;0.55;-5.22;CACC
3270;19.4;25.4;0.6;10;100;5;Successful;Effective;No;No;No;No;No;No;0.0;-5.0;0.25;-5.09;0.39;-5.16;0.47;-5.2;0.51;-5.22;0.54;-5.21;0.55;-5.21;0.55;-5.22;CACC
3271;19.4;25.4;0.6;5;80;6;Successful;Effective;No;No;No;No;No;No;0.0;-6.0;0.2;-6.1;0.32;-6.17;0.38;-6.22;0.41;-6.23;0.43;-6.22;0.44;-6.21;0.44;-6.22;CACC
3272;19.4;25.4;0.6;8;80;6;Successful;Effective;No;No;No;No;No;No;0.0;-6.0;0.2;-6.1;0.32;-6.17;0.38;-6.22;0.41;-6.23;0.43;-6.22;0.44;-6.21;0.44;-6.22;CACC
3273;19.4;25.4;0.6;10;80;6;Successful;Effective;No;No;No;No;No;No;0.0;-6.0;0.2;-6.1;0.32;-6.17;0.38;-6.22;0.41;-6.23;0.43;-6.22;0.44;-6.21;0.44;-6.22;CACC
3274;19.4;25.4;0.6;5;100;6;Successful;Effective;No;No;No;No;No;No;0.0;-6.0;0.25;-6.1;0.39;-6.18;0.47;-6.23;0.51;-6.25;0.54;-6.24;0.55;-6.23;0.55;-6.25;CACC
3275;19.4;25.4;0.6;8;100;6;Successful;Effective;No;No;No;No;No;No;0.0;-6.0;0.25;-6.1;0.39;-6.18;0.47;-6.23;0.51;-6.25;0.54;-6.24;0.55;-6.23;0.55;-6.25;CACC
3276;19.4;25.4;0.6;10;100;6;Successful;Effective;No;No;No;No;No;No;0.0;-6.0;0.25;-6.1;0.39;-6.18;0.47;-6.23;0.51;-6.25;0.54;-6.24;0.55;-6.23;0.55;-6.25;CACC
3277;19.4;25.4;0.6;5;80;7;Successful;Effective;No;No;No;No;No;No;0.0;-7.0;0.2;-7.11;0.32;-7.19;0.38;-7.24;0.41;-7.26;0.43;-7.24;0.44;-7.23;0.44;-7.25;CACC
3278;19.4;25.4;0.6;8;80;7;Successful;Effective;No;No;No;No;No;No;0.0;-7.0;0.2;-7.11;0.32;-7.19;0.38;-7.24;0.41;-7.26;0.43;-7.24;0.44;-7.23;0.44;-7.25;CACC
3279;19.4;25.4;0.6;10;80;7;Successful;Effective;No;No;No;No;No;No;0.0;-7.0;0.2;-7.11;0.32;-7.19;0.38;-7.24;0.41;-7.26;0.43;-7.24;0.44;-7.23;0.44;-7.25;CACC
3280;19.4;25.4;0.6;5;100;7;Successful;Effective;No;No;No;No;No;No;0.0;-7.0;0.25;-7.11;0.39;-7.2;0.47;-7.26;0.51;-7.28;0.54;-7.26;0.55;-7.25;0.55;-7.27;CACC
3281;19.4;25.4;0.6;8;100;7;Successful;Effective;No;No;No;No;No;No;0.0;-7.0;0.25;-7.11;0.39;-7.2;0.47;-7.26;0.51;-7.28;0.54;-7.26;0.55;-7.25;0.55;-7.27;CACC
3282;19.4;25.4;0.6;10;100;7;Successful;Effective;No;No;No;No;No;No;0.0;-7.0;0.25;-7.11;0.39;-7.2;0.47;-7.26;0.51;-7.28;0.54;-7.26;0.55;-7.25;0.55;-7.27;CACC
3283;19.4;25.4;0.6;5;80;8;Successful;Effective;No;No;No;No;No;No;0.0;-7.99;0.2;-8.12;0.32;-8.22;0.38;-8.27;0.41;-8.29;0.43;-8.26;0.44;-8.25;0.44;-8.27;CACC
3284;19.4;25.4;0.6;8;80;8;Successful;Effective;No;No;No;No;No;No;0.0;-7.99;0.2;-8.12;0.32;-8.22;0.38;-8.27;0.41;-8.29;0.43;-8.26;0.44;-8.25;0.44;-8.27;CACC
3285;19.4;25.4;0.6;10;80;8;Successful;Effective;No;No;No;No;No;No;0.0;-7.99;0.2;-8.12;0.32;-8.22;0.38;-8.27;0.41;-8.29;0.43;-8.26;0.44;-8.25;0.44;-8.27;CACC
3286;19.4;25.4;0.6;5;100;8;Successful;Effective;No;No;No;No;No;No;0.0;-8.0;0.25;-8.13;0.39;-8.23;0.47;-8.28;0.51;-8.31;0.54;-8.28;0.55;-8.27;0.55;-8.29;CACC
3287;19.4;25.4;0.6;8;100;8;Successful;Effective;No;No;No;No;No;No;0.0;-8.0;0.25;-8.13;0.39;-8.23;0.47;-8.28;0.51;-8.31;0.54;-8.28;0.55;-8.27;0.55;-8.29;CACC
3288;19.4;25.4;0.6;10;100;8;Successful;Effective;No;No;No;No;No;No;0.0;-8.0;0.25;-8.13;0.39;-8.23;0.47;-8.28;0.51;-8.31;0.54;-8.28;0.55;-8.27;0.55;-8.29;CACC
3289;19.4;25.4;0.7;5;80;5;Successful;Effective;No;No;No;No;No;No;0.0;-5.0;0.2;-5.08;0.32;-5.15;0.38;-5.19;0.41;-5.21;0.43;-5.19;0.44;-5.19;0.44;-5.2;CACC
3290;19.4;25.4;0.7;8;80;5;Successful;Effective;No;No;No;No;No;No;0.0;-5.0;0.2;-5.08;0.32;-5.15;0.38;-5.19;0.41;-5.21;0.43;-5.19;0.44;-5.19;0.44;-5.2;CACC
3291;19.4;25.4;0.7;10;80;5;Successful;Effective;No;No;No;No;No;No;0.0;-5.0;0.2;-5.08;0.32;-5.15;0.38;-5.19;0.41;-5.21;0.43;-5.19;0.44;-5.19;0.44;-5.2;CACC
3292;19.4;25.4;0.7;5;100;5;Successful;Effective;No;No;No;No;No;No;0.0;-5.0;0.25;-5.09;0.39;-5.16;0.47;-5.2;0.51;-5.22;0.54;-5.21;0.55;-5.21;0.55;-5.22;CACC
3293;19.4;25.4;0.7;8;100;5;Successful;Effective;No;No;No;No;No;No;0.0;-5.0;0.25;-5.09;0.39;-5.16;0.47;-5.2;0.51;-5.22;0.54;-5.21;0.55;-5.21;0.55;-5.22;CACC
3294;19.4;25.4;0.7;10;100;5;Successful;Effective;No;No;No;No;No;No;0.0;-5.0;0.25;-5.09;0.39;-5.16;0.47;-5.2;0.51;-5.22;0.54;-5.21;0.55;-5.21;0.55;-5.22;CACC
3295;19.4;25.4;0.7;5;80;6;Successful;Effective;No;No;No;No;No;No;0.0;-6.0;0.2;-6.1;0.32;-6.17;0.38;-6.22;0.41;-6.23;0.43;-6.22;0.44;-6.21;0.44;-6.22;CACC
3296;19.4;25.4;0.7;8;80;6;Successful;Effective;No;No;No;No;No;No;0.0;-6.0;0.2;-6.1;0.32;-6.17;0.38;-6.22;0.41;-6.23;0.43;-6.22;0.44;-6.21;0.44;-6.22;CACC
3297;19.4;25.4;0.7;10;80;6;Successful;Effective;No;No;No;No;No;No;0.0;-6.0;0.2;-6.1;0.32;-6.17;0.38;-6.22;0.41;-6.23;0.43;-6.22;0.44;-6.21;0.44;-6.22;CACC
3298;19.4;25.4;0.7;5;100;6;Successful;Effective;No;No;No;No;No;No;0.0;-6.0;0.25;-6.1;0.39;-6.18;0.47;-6.23;0.51;-6.25;0.54;-6.24;0.55;-6.23;0.55;-6.25;CACC
3299;19.4;25.4;0.7;8;100;6;Successful;Effective;No;No;No;No;No;No;0.0;-6.0;0.25;-6.1;0.39;-6.18;0.47;-6.23;0.51;-6.25;0.54;-6.24;0.55;-6.23;0.55;-6.25;CACC
3300;19.4;25.4;0.7;10;100;6;Successful;Effective;No;No;No;No;No;No;0.0;-6.0;0.25;-6.1;0.39;-6.18;0.47;-6.23;0.51;-6.25;0.54;-6.24;0.55;-6.23;0.55;-6.25;CACC
3301;19.4;25.4;0.7;5;80;7;Successful;Effective;No;No;No;No;No;No;0.0;-7.0;0.2;-7.11;0.32;-7.19;0.38;-7.24;0.41;-7.26;0.43;-7.24;0.44;-7.23;0.44;-7.25;CACC
3302;19.4;25.4;0.7;8;80;7;Successful;Effective;No;No;No;No;No;No;0.0;-7.0;0.2;-7.11;0.32;-7.19;0.38;-7.24;0.41;-7.26;0.43;-7.24;0.44;-7.23;0.44;-7.25;CACC
3303;19.4;25.4;0.7;10;80;7;Successful;Effective;No;No;No;No;No;No;0.0;-7.0;0.2;-7.11;0.32;-7.19;0.38;-7.24;0.41;-7.26;0.43;-7.24;0.44;-7.23;0.44;-7.25;CACC
3304;19.4;25.4;0.7;5;100;7;Successful;Effective;No;No;No;No;No;No;0.0;-7.0;0.25;-7.11;0.39;-7.2;0.47;-7.26;0.51;-7.28;0.54;-7.26;0.55;-7.25;0.55;-7.27;CACC
3305;19.4;25.4;0.7;8;100;7;Successful;Effective;No;No;No;No;No;No;0.0;-7.0;0.25;-7.11;0.39;-7.2;0.47;-7.26;0.51;-7.28;0.54;-7.26;0.55;-7.25;0.55;-7.27;CACC
3306;19.4;25.4;0.7;10;100;7;Successful;Effective;No;No;No;No;No;No;0.0;-7.0;0.25;-7.11;0.39;-7.2;0.47;-7.26;0.51;-7.28;0.54;-7.26;0.55;-7.25;0.55;-7.27;CACC
3307;19.4;25.4;0.7;5;80;8;Successful;Effective;No;No;No;No;No;No;0.0;-7.99;0.2;-8.12;0.32;-8.22;0.38;-8.27;0.41;-8.29;0.43;-8.26;0.44;-8.25;0.44;-8.27;CACC
3308;19.4;25.4;0.7;8;80;8;Successful;Effective;No;No;No;No;No;No;0.0;-7.99;0.2;-8.12;0.32;-8.22;0.38;-8.27;0.41;-8.29;0.43;-8.26;0.44;-8.25;0.44;-8.27;CACC
3309;19.4;25.4;0.7;10;80;8;Successful;Effective;No;No;No;No;No;No;0.0;-7.99;0.2;-8.12;0.32;-8.22;0.38;-8.27;0.41;-8.29;0.43;-8.26;0.44;-8.25;0.44;-8.27;CACC
3310;19.4;25.4;0.7;5;100;8;Successful;Effective;No;No;No;No;No;No;0.0;-8.0;0.25;-8.13;0.39;-8.23;0.47;-8.28;0.51;-8.31;0.54;-8.28;0.55;-8.27;0.55;-8.29;CACC
3311;19.4;25.4;0.7;8;100;8;Successful;Effective;No;No;No;No;No;No;0.0;-8.0;0.25;-8.13;0.39;-8.23;0.47;-8.28;0.51;-8.31;0.54;-8.28;0.55;-8.27;0.55;-8.29;CACC
3312;19.4;25.4;0.7;10;100;8;Successful;Effective;No;No;No;No;No;No;0.0;-8.0;0.25;-8.13;0.39;-8.23;0.47;-8.28;0.51;-8.31;0.54;-8.28;0.55;-8.27;0.55;-8.29;CACC
3313;19.4;25.4;0.8;5;80;5;Successful;Effective;No;No;No;No;No;No;0.0;-5.0;0.2;-5.08;0.32;-5.15;0.38;-5.19;0.41;-5.21;0.43;-5.19;0.44;-5.19;0.44;-5.2;CACC
3314;19.4;25.4;0.8;8;80;5;Successful;Effective;No;No;No;No;No;No;0.0;-5.0;0.2;-5.08;0.32;-5.15;0.38;-5.19;0.41;-5.21;0.43;-5.19;0.44;-5.19;0.44;-5.2;CACC
3315;19.4;25.4;0.8;10;80;5;Successful;Effective;No;No;No;No;No;No;0.0;-5.0;0.2;-5.08;0.32;-5.15;0.38;-5.19;0.41;-5.21;0.43;-5.19;0.44;-5.19;0.44;-5.2;CACC
3316;19.4;25.4;0.8;5;100;5;Successful;Effective;No;No;No;No;No;No;0.0;-5.0;0.25;-5.09;0.39;-5.16;0.47;-5.2;0.51;-5.22;0.54;-5.21;0.55;-5.21;0.55;-5.22;CACC
3317;19.4;25.4;0.8;8;100;5;Successful;Effective;No;No;No;No;No;No;0.0;-5.0;0.25;-5.09;0.39;-5.16;0.47;-5.2;0.51;-5.22;0.54;-5.21;0.55;-5.21;0.55;-5.22;CACC
3318;19.4;25.4;0.8;10;100;5;Successful;Effective;No;No;No;No;No;No;0.0;-5.0;0.25;-5.09;0.39;-5.16;0.47;-5.2;0.51;-5.22;0.54;-5.21;0.55;-5.21;0.55;-5.22;CACC
3319;19.4;25.4;0.8;5;80;6;Successful;Effective;No;No;No;No;No;No;0.0;-6.0;0.2;-6.1;0.32;-6.17;0.38;-6.22;0.41;-6.23;0.43;-6.22;0.44;-6.21;0.44;-6.22;CACC
3320;19.4;25.4;0.8;8;80;6;Successful;Effective;No;No;No;No;No;No;0.0;-6.0;0.2;-6.1;0.32;-6.17;0.38;-6.22;0.41;-6.23;0.43;-6.22;0.44;-6.21;0.44;-6.22;CACC
3321;19.4;25.4;0.8;10;80;6;Successful;Effective;No;No;No;No;No;No;0.0;-6.0;0.2;-6.1;0.32;-6.17;0.38;-6.22;0.41;-6.23;0.43;-6.22;0.44;-6.21;0.44;-6.22;CACC
3322;19.4;25.4;0.8;5;100;6;Successful;Effective;No;No;No;No;No;No;0.0;-6.0;0.25;-6.1;0.39;-6.18;0.47;-6.23;0.51;-6.25;0.54;-6.24;0.55;-6.23;0.55;-6.24;CACC
3323;19.4;25.4;0.8;8;100;6;Successful;Effective;No;No;No;No;No;No;0.0;-6.0;0.25;-6.1;0.39;-6.18;0.47;-6.23;0.51;-6.25;0.54;-6.24;0.55;-6.23;0.55;-6.24;CACC
3324;19.4;25.4;0.8;10;100;6;Successful;Effective;No;No;No;No;No;No;0.0;-6.0;0.25;-6.1;0.39;-6.18;0.47;-6.23;0.51;-6.25;0.54;-6.24;0.55;-6.23;0.55;-6.24;CACC
3325;19.4;25.4;0.8;5;80;7;Successful;Effective;No;No;No;No;No;No;0.0;-7.0;0.2;-7.11;0.32;-7.19;0.38;-7.24;0.41;-7.26;0.43;-7.24;0.44;-7.23;0.44;-7.25;CACC
3326;19.4;25.4;0.8;8;80;7;Successful;Effective;No;No;No;No;No;No;0.0;-7.0;0.2;-7.11;0.32;-7.19;0.38;-7.24;0.41;-7.26;0.43;-7.24;0.44;-7.23;0.44;-7.25;CACC
3327;19.4;25.4;0.8;10;80;7;Successful;Effective;No;No;No;No;No;No;0.0;-7.0;0.2;-7.11;0.32;-7.19;0.38;-7.24;0.41;-7.26;0.43;-7.24;0.44;-7.23;0.44;-7.25;CACC
3328;19.4;25.4;0.8;5;100;7;Successful;Effective;No;No;No;No;No;No;0.0;-7.0;0.25;-7.11;0.39;-7.2;0.47;-7.26;0.51;-7.28;0.54;-7.26;0.55;-7.25;0.55;-7.27;CACC
3329;19.4;25.4;0.8;8;100;7;Successful;Effective;No;No;No;No;No;No;0.0;-7.0;0.25;-7.11;0.39;-7.2;0.47;-7.26;0.51;-7.28;0.54;-7.26;0.55;-7.25;0.55;-7.27;CACC
3330;19.4;25.4;0.8;10;100;7;Successful;Effective;No;No;No;No;No;No;0.0;-7.0;0.25;-7.11;0.39;-7.2;0.47;-7.26;0.51;-7.28;0.54;-7.26;0.55;-7.25;0.55;-7.27;CACC
3331;19.4;25.4;0.8;5;80;8;Successful;Effective;No;No;No;No;No;No;0.0;-7.99;0.2;-8.12;0.32;-8.22;0.38;-8.27;0.41;-8.29;0.43;-8.26;0.44;-8.25;0.44;-8.27;CACC
3332;19.4;25.4;0.8;8;80;8;Successful;Effective;No;No;No;No;No;No;0.0;-7.99;0.2;-8.12;0.32;-8.22;0.38;-8.27;0.41;-8.29;0.43;-8.26;0.44;-8.25;0.44;-8.27;CACC
3333;19.4;25.4;0.8;10;80;8;Successful;Effective;No;No;No;No;No;No;0.0;-7.99;0.2;-8.12;0.32;-8.22;0.38;-8.27;0.41;-8.29;0.43;-8.26;0.44;-8.25;0.44;-8.27;CACC
3334;19.4;25.4;0.8;5;100;8;Successful;Effective;No;No;No;No;No;No;0.0;-8.0;0.25;-8.13;0.39;-8.23;0.47;-8.28;0.51;-8.31;0.54;-8.28;0.55;-8.27;0.55;-8.29;CACC
3335;19.4;25.4;0.8;8;100;8;Successful;Effective;No;No;No;No;No;No;0.0;-8.0;0.25;-8.13;0.39;-8.23;0.47;-8.28;0.51;-8.31;0.54;-8.28;0.55;-8.27;0.55;-8.29;CACC
3336;19.4;25.4;0.8;10;100;8;Successful;Effective;No;No;No;No;No;No;0.0;-8.0;0.25;-8.13;0.39;-8.23;0.47;-8.28;0.51;-8.31;0.54;-8.28;0.55;-8.27;0.55;-8.29;CACC
3337;19.4;25.4;0.9;5;80;5;Successful;Effective;No;No;No;No;No;No;0.0;-5.0;0.2;-5.08;0.32;-5.15;0.38;-5.19;0.41;-5.21;0.43;-5.19;0.44;-5.19;0.44;-5.2;CACC
3338;19.4;25.4;0.9;8;80;5;Successful;Effective;No;No;No;No;No;No;0.0;-5.0;0.2;-5.08;0.32;-5.15;0.38;-5.19;0.41;-5.21;0.43;-5.19;0.44;-5.19;0.44;-5.2;CACC
3339;19.4;25.4;0.9;10;80;5;Successful;Effective;No;No;No;No;No;No;0.0;-5.0;0.2;-5.08;0.32;-5.15;0.38;-5.19;0.41;-5.21;0.43;-5.19;0.44;-5.19;0.44;-5.2;CACC
3340;19.4;25.4;0.9;5;100;5;Successful;Effective;No;No;No;No;No;No;0.0;-5.0;0.25;-5.09;0.39;-5.16;0.47;-5.2;0.51;-5.22;0.54;-5.21;0.55;-5.21;0.55;-5.22;CACC
3341;19.4;25.4;0.9;8;100;5;Successful;Effective;No;No;No;No;No;No;0.0;-5.0;0.25;-5.09;0.39;-5.16;0.47;-5.2;0.51;-5.22;0.54;-5.21;0.55;-5.21;0.55;-5.22;CACC
3342;19.4;25.4;0.9;10;100;5;Successful;Effective;No;No;No;No;No;No;0.0;-5.0;0.25;-5.09;0.39;-5.16;0.47;-5.2;0.51;-5.22;0.54;-5.21;0.55;-5.21;0.55;-5.22;CACC
3343;19.4;25.4;0.9;5;80;6;Successful;Effective;No;No;No;No;No;No;0.0;-6.0;0.2;-6.1;0.32;-6.17;0.38;-6.22;0.41;-6.23;0.43;-6.21;0.44;-6.21;0.44;-6.22;CACC
3344;19.4;25.4;0.9;8;80;6;Successful;Effective;No;No;No;No;No;No;0.0;-6.0;0.2;-6.1;0.32;-6.17;0.38;-6.22;0.41;-6.23;0.43;-6.21;0.44;-6.21;0.44;-6.22;CACC
3345;19.4;25.4;0.9;10;80;6;Successful;Effective;No;No;No;No;No;No;0.0;-6.0;0.2;-6.1;0.32;-6.17;0.38;-6.22;0.41;-6.23;0.43;-6.21;0.44;-6.21;0.44;-6.22;CACC
3346;19.4;25.4;0.9;5;100;6;Successful;Effective;No;No;No;No;No;No;0.0;-6.0;0.25;-6.1;0.39;-6.18;0.47;-6.23;0.51;-6.25;0.54;-6.24;0.55;-6.23;0.55;-6.24;CACC
3347;19.4;25.4;0.9;8;100;6;Successful;Effective;No;No;No;No;No;No;0.0;-6.0;0.25;-6.1;0.39;-6.18;0.47;-6.23;0.51;-6.25;0.54;-6.24;0.55;-6.23;0.55;-6.24;CACC
3348;19.4;25.4;0.9;10;100;6;Successful;Effective;No;No;No;No;No;No;0.0;-6.0;0.25;-6.1;0.39;-6.18;0.47;-6.23;0.51;-6.25;0.54;-6.24;0.55;-6.23;0.55;-6.24;CACC
3349;19.4;25.4;0.9;5;80;7;Successful;Effective;No;No;No;No;No;No;0.0;-7.0;0.2;-7.11;0.32;-7.19;0.38;-7.24;0.41;-7.26;0.43;-7.24;0.44;-7.23;0.44;-7.25;CACC
3350;19.4;25.4;0.9;8;80;7;Successful;Effective;No;No;No;No;No;No;0.0;-7.0;0.2;-7.11;0.32;-7.19;0.38;-7.24;0.41;-7.26;0.43;-7.24;0.44;-7.23;0.44;-7.25;CACC
3351;19.4;25.4;0.9;10;80;7;Successful;Effective;No;No;No;No;No;No;0.0;-7.0;0.2;-7.11;0.32;-7.19;0.38;-7.24;0.41;-7.26;0.43;-7.24;0.44;-7.23;0.44;-7.25;CACC
3352;19.4;25.4;0.9;5;100;7;Successful;Effective;No;No;No;No;No;No;0.0;-7.0;0.25;-7.11;0.39;-7.2;0.47;-7.26;0.51;-7.28;0.54;-7.26;0.55;-7.25;0.55;-7.27;CACC
3353;19.4;25.4;0.9;8;100;7;Successful;Effective;No;No;No;No;No;No;0.0;-7.0;0.25;-7.11;0.39;-7.2;0.47;-7.26;0.51;-7.28;0.54;-7.26;0.55;-7.25;0.55;-7.27;CACC
3354;19.4;25.4;0.9;10;100;7;Successful;Effective;No;No;No;No;No;No;0.0;-7.0;0.25;-7.11;0.39;-7.2;0.47;-7.26;0.51;-7.28;0.54;-7.26;0.55;-7.25;0.55;-7.27;CACC
3355;19.4;25.4;0.9;5;80;8;Successful;Effective;No;No;No;No;No;No;0.0;-7.99;0.2;-8.12;0.32;-8.22;0.38;-8.27;0.41;-8.29;0.43;-8.26;0.44;-8.25;0.44;-8.27;CACC
3356;19.4;25.4;0.9;8;80;8;Successful;Effective;No;No;No;No;No;No;0.0;-7.99;0.2;-8.12;0.32;-8.22;0.38;-8.27;0.41;-8.29;0.43;-8.26;0.44;-8.25;0.44;-8.27;CACC
3357;19.4;25.4;0.9;10;80;8;Successful;Effective;No;No;No;No;No;No;0.0;-7.99;0.2;-8.12;0.32;-8.22;0.38;-8.27;0.41;-8.29;0.43;-8.26;0.44;-8.25;0.44;-8.27;CACC
3358;19.4;25.4;0.9;5;100;8;Successful;Effective;No;No;No;No;No;No;0.0;-8.0;0.25;-8.13;0.39;-8.23;0.47;-8.28;0.51;-8.31;0.54;-8.28;0.55;-8.27;0.55;-8.29;CACC
3359;19.4;25.4;0.9;8;100;8;Successful;Effective;No;No;No;No;No;No;0.0;-8.0;0.25;-8.13;0.39;-8.23;0.47;-8.28;0.51;-8.31;0.54;-8.28;0.55;-8.27;0.55;-8.29;CACC
3360;19.4;25.4;0.9;10;100;8;Successful;Effective;No;No;No;No;No;No;0.0;-8.0;0.25;-8.13;0.39;-8.23;0.47;-8.28;0.51;-8.31;0.54;-8.28;0.55;-8.27;0.55;-8.29;CACC
3361;19.5;25.5;0.6;5;80;5;Successful;Effective;No;No;No;No;No;No;0.0;-5.0;0.2;-5.08;0.32;-5.15;0.38;-5.19;0.41;-5.21;0.43;-5.19;0.44;-5.19;0.44;-5.2;CACC
3362;19.5;25.5;0.6;8;80;5;Successful;Effective;No;No;No;No;No;No;0.0;-5.0;0.2;-5.08;0.32;-5.15;0.38;-5.19;0.41;-5.21;0.43;-5.19;0.44;-5.19;0.44;-5.2;CACC
3363;19.5;25.5;0.6;10;80;5;Successful;Effective;No;No;No;No;No;No;0.0;-5.0;0.2;-5.08;0.32;-5.15;0.38;-5.19;0.41;-5.21;0.43;-5.19;0.44;-5.19;0.44;-5.2;CACC
3364;19.5;25.5;0.6;5;100;5;Successful;Effective;No;No;No;No;No;No;0.0;-5.0;0.25;-5.09;0.39;-5.16;0.47;-5.2;0.51;-5.22;0.54;-5.21;0.55;-5.21;0.55;-5.22;CACC
3365;19.5;25.5;0.6;8;100;5;Successful;Effective;No;No;No;No;No;No;0.0;-5.0;0.25;-5.09;0.39;-5.16;0.47;-5.2;0.51;-5.22;0.54;-5.21;0.55;-5.21;0.55;-5.22;CACC
3366;19.5;25.5;0.6;10;100;5;Successful;Effective;No;No;No;No;No;No;0.0;-5.0;0.25;-5.09;0.39;-5.16;0.47;-5.2;0.51;-5.22;0.54;-5.21;0.55;-5.21;0.55;-5.22;CACC
3367;19.5;25.5;0.6;5;80;6;Successful;Effective;No;No;No;No;No;No;0.0;-6.0;0.2;-6.1;0.32;-6.17;0.38;-6.22;0.41;-6.23;0.43;-6.22;0.44;-6.21;0.44;-6.22;CACC
3368;19.5;25.5;0.6;8;80;6;Successful;Effective;No;No;No;No;No;No;0.0;-6.0;0.2;-6.1;0.32;-6.17;0.38;-6.22;0.41;-6.23;0.43;-6.22;0.44;-6.21;0.44;-6.22;CACC
3369;19.5;25.5;0.6;10;80;6;Successful;Effective;No;No;No;No;No;No;0.0;-6.0;0.2;-6.1;0.32;-6.17;0.38;-6.22;0.41;-6.23;0.43;-6.22;0.44;-6.21;0.44;-6.22;CACC
3370;19.5;25.5;0.6;5;100;6;Successful;Effective;No;No;No;No;No;No;0.0;-6.0;0.25;-6.1;0.39;-6.18;0.47;-6.23;0.51;-6.25;0.54;-6.24;0.55;-6.23;0.55;-6.25;CACC
3371;19.5;25.5;0.6;8;100;6;Successful;Effective;No;No;No;No;No;No;0.0;-6.0;0.25;-6.1;0.39;-6.18;0.47;-6.23;0.51;-6.25;0.54;-6.24;0.55;-6.23;0.55;-6.25;CACC
3372;19.5;25.5;0.6;10;100;6;Successful;Effective;No;No;No;No;No;No;0.0;-6.0;0.25;-6.1;0.39;-6.18;0.47;-6.23;0.51;-6.25;0.54;-6.24;0.55;-6.23;0.55;-6.25;CACC
3373;19.5;25.5;0.6;5;80;7;Successful;Effective;No;No;No;No;No;No;0.0;-7.0;0.2;-7.11;0.32;-7.19;0.38;-7.24;0.41;-7.26;0.43;-7.24;0.44;-7.23;0.44;-7.25;CACC
3374;19.5;25.5;0.6;8;80;7;Successful;Effective;No;No;No;No;No;No;0.0;-7.0;0.2;-7.11;0.32;-7.19;0.38;-7.24;0.41;-7.26;0.43;-7.24;0.44;-7.23;0.44;-7.25;CACC
3375;19.5;25.5;0.6;10;80;7;Successful;Effective;No;No;No;No;No;No;0.0;-7.0;0.2;-7.11;0.32;-7.19;0.38;-7.24;0.41;-7.26;0.43;-7.24;0.44;-7.23;0.44;-7.25;CACC
3376;19.5;25.5;0.6;5;100;7;Successful;Effective;No;No;No;No;No;No;0.0;-7.0;0.25;-7.11;0.39;-7.2;0.47;-7.26;0.51;-7.28;0.54;-7.26;0.55;-7.25;0.55;-7.27;CACC
3377;19.5;25.5;0.6;8;100;7;Successful;Effective;No;No;No;No;No;No;0.0;-7.0;0.25;-7.11;0.39;-7.2;0.47;-7.26;0.51;-7.28;0.54;-7.26;0.55;-7.25;0.55;-7.27;CACC
3378;19.5;25.5;0.6;10;100;7;Successful;Effective;No;No;No;No;No;No;0.0;-7.0;0.25;-7.11;0.39;-7.2;0.47;-7.26;0.51;-7.28;0.54;-7.26;0.55;-7.25;0.55;-7.27;CACC
3379;19.5;25.5;0.6;5;80;8;Successful;Effective;No;No;No;No;No;No;0.0;-7.99;0.2;-8.12;0.32;-8.22;0.38;-8.27;0.41;-8.29;0.43;-8.26;0.44;-8.25;0.44;-8.27;CACC
3380;19.5;25.5;0.6;8;80;8;Successful;Effective;No;No;No;No;No;No;0.0;-7.99;0.2;-8.12;0.32;-8.22;0.38;-8.27;0.41;-8.29;0.43;-8.26;0.44;-8.25;0.44;-8.27;CACC
3381;19.5;25.5;0.6;10;80;8;Successful;Effective;No;No;No;No;No;No;0.0;-7.99;0.2;-8.12;0.32;-8.22;0.38;-8.27;0.41;-8.29;0.43;-8.26;0.44;-8.25;0.44;-8.27;CACC
3382;19.5;25.5;0.6;5;100;8;Successful;Effective;No;No;No;No;No;No;0.0;-8.0;0.25;-8.13;0.39;-8.23;0.47;-8.28;0.51;-8.31;0.54;-8.28;0.55;-8.27;0.55;-8.29;CACC
3383;19.5;25.5;0.6;8;100;8;Successful;Effective;No;No;No;No;No;No;0.0;-8.0;0.25;-8.13;0.39;-8.23;0.47;-8.28;0.51;-8.31;0.54;-8.28;0.55;-8.27;0.55;-8.29;CACC
3384;19.5;25.5;0.6;10;100;8;Successful;Effective;No;No;No;No;No;No;0.0;-8.0;0.25;-8.13;0.39;-8.23;0.47;-8.28;0.51;-8.31;0.54;-8.28;0.55;-8.27;0.55;-8.29;CACC
3385;19.5;25.5;0.7;5;80;5;Successful;Effective;No;No;No;No;No;No;0.0;-5.0;0.2;-5.08;0.32;-5.15;0.38;-5.19;0.41;-5.21;0.43;-5.19;0.44;-5.19;0.44;-5.2;CACC
3386;19.5;25.5;0.7;8;80;5;Successful;Effective;No;No;No;No;No;No;0.0;-5.0;0.2;-5.08;0.32;-5.15;0.38;-5.19;0.41;-5.21;0.43;-5.19;0.44;-5.19;0.44;-5.2;CACC
3387;19.5;25.5;0.7;10;80;5;Successful;Effective;No;No;No;No;No;No;0.0;-5.0;0.2;-5.08;0.32;-5.15;0.38;-5.19;0.41;-5.21;0.43;-5.19;0.44;-5.19;0.44;-5.2;CACC
3388;19.5;25.5;0.7;5;100;5;Successful;Effective;No;No;No;No;No;No;0.0;-5.0;0.25;-5.09;0.39;-5.16;0.47;-5.2;0.51;-5.22;0.54;-5.21;0.55;-5.21;0.55;-5.22;CACC
3389;19.5;25.5;0.7;8;100;5;Successful;Effective;No;No;No;No;No;No;0.0;-5.0;0.25;-5.09;0.39;-5.16;0.47;-5.2;0.51;-5.22;0.54;-5.21;0.55;-5.21;0.55;-5.22;CACC
3390;19.5;25.5;0.7;10;100;5;Successful;Effective;No;No;No;No;No;No;0.0;-5.0;0.25;-5.09;0.39;-5.16;0.47;-5.2;0.51;-5.22;0.54;-5.21;0.55;-5.21;0.55;-5.22;CACC
3391;19.5;25.5;0.7;5;80;6;Successful;Effective;No;No;No;No;No;No;0.0;-6.0;0.2;-6.1;0.32;-6.17;0.38;-6.22;0.41;-6.23;0.43;-6.22;0.44;-6.21;0.44;-6.22;CACC
3392;19.5;25.5;0.7;8;80;6;Successful;Effective;No;No;No;No;No;No;0.0;-6.0;0.2;-6.1;0.32;-6.17;0.38;-6.22;0.41;-6.23;0.43;-6.22;0.44;-6.21;0.44;-6.22;CACC
3393;19.5;25.5;0.7;10;80;6;Successful;Effective;No;No;No;No;No;No;0.0;-6.0;0.2;-6.1;0.32;-6.17;0.38;-6.22;0.41;-6.23;0.43;-6.22;0.44;-6.21;0.44;-6.22;CACC
3394;19.5;25.5;0.7;5;100;6;Successful;Effective;No;No;No;No;No;No;0.0;-6.0;0.25;-6.1;0.39;-6.18;0.47;-6.23;0.51;-6.25;0.54;-6.24;0.55;-6.23;0.55;-6.25;CACC
3395;19.5;25.5;0.7;8;100;6;Successful;Effective;No;No;No;No;No;No;0.0;-6.0;0.25;-6.1;0.39;-6.18;0.47;-6.23;0.51;-6.25;0.54;-6.24;0.55;-6.23;0.55;-6.25;CACC
3396;19.5;25.5;0.7;10;100;6;Successful;Effective;No;No;No;No;No;No;0.0;-6.0;0.25;-6.1;0.39;-6.18;0.47;-6.23;0.51;-6.25;0.54;-6.24;0.55;-6.23;0.55;-6.25;CACC
3397;19.5;25.5;0.7;5;80;7;Successful;Effective;No;No;No;No;No;No;0.0;-7.0;0.2;-7.11;0.32;-7.19;0.38;-7.24;0.41;-7.26;0.43;-7.24;0.44;-7.23;0.44;-7.25;CACC
3398;19.5;25.5;0.7;8;80;7;Successful;Effective;No;No;No;No;No;No;0.0;-7.0;0.2;-7.11;0.32;-7.19;0.38;-7.24;0.41;-7.26;0.43;-7.24;0.44;-7.23;0.44;-7.25;CACC
3399;19.5;25.5;0.7;10;80;7;Successful;Effective;No;No;No;No;No;No;0.0;-7.0;0.2;-7.11;0.32;-7.19;0.38;-7.24;0.41;-7.26;0.43;-7.24;0.44;-7.23;0.44;-7.25;CACC
3400;19.5;25.5;0.7;5;100;7;Successful;Effective;No;No;No;No;No;No;0.0;-7.0;0.25;-7.11;0.39;-7.2;0.47;-7.26;0.51;-7.28;0.54;-7.26;0.55;-7.25;0.55;-7.27;CACC
3401;19.5;25.5;0.7;8;100;7;Successful;Effective;No;No;No;No;No;No;0.0;-7.0;0.25;-7.11;0.39;-7.2;0.47;-7.26;0.51;-7.28;0.54;-7.26;0.55;-7.25;0.55;-7.27;CACC
3402;19.5;25.5;0.7;10;100;7;Successful;Effective;No;No;No;No;No;No;0.0;-7.0;0.25;-7.11;0.39;-7.2;0.47;-7.26;0.51;-7.28;0.54;-7.26;0.55;-7.25;0.55;-7.27;CACC
3403;19.5;25.5;0.7;5;80;8;Successful;Effective;No;No;No;No;No;No;0.0;-7.99;0.2;-8.12;0.32;-8.22;0.38;-8.27;0.41;-8.29;0.43;-8.26;0.44;-8.25;0.44;-8.27;CACC
3404;19.5;25.5;0.7;8;80;8;Successful;Effective;No;No;No;No;No;No;0.0;-7.99;0.2;-8.12;0.32;-8.22;0.38;-8.27;0.41;-8.29;0.43;-8.26;0.44;-8.25;0.44;-8.27;CACC
3405;19.5;25.5;0.7;10;80;8;Successful;Effective;No;No;No;No;No;No;0.0;-7.99;0.2;-8.12;0.32;-8.22;0.38;-8.27;0.41;-8.29;0.43;-8.26;0.44;-8.25;0.44;-8.27;CACC
3406;19.5;25.5;0.7;5;100;8;Successful;Effective;No;No;No;No;No;No;0.0;-8.0;0.25;-8.13;0.39;-8.23;0.47;-8.28;0.51;-8.31;0.54;-8.28;0.55;-8.27;0.55;-8.29;CACC
3407;19.5;25.5;0.7;8;100;8;Successful;Effective;No;No;No;No;No;No;0.0;-8.0;0.25;-8.13;0.39;-8.23;0.47;-8.28;0.51;-8.31;0.54;-8.28;0.55;-8.27;0.55;-8.29;CACC
3408;19.5;25.5;0.7;10;100;8;Successful;Effective;No;No;No;No;No;No;0.0;-8.0;0.25;-8.13;0.39;-8.23;0.47;-8.28;0.51;-8.31;0.54;-8.28;0.55;-8.27;0.55;-8.29;CACC
3409;19.5;25.5;0.8;5;80;5;Successful;Effective;No;No;No;No;No;No;0.0;-5.0;0.2;-5.08;0.32;-5.15;0.38;-5.19;0.41;-5.21;0.43;-5.19;0.44;-5.19;0.44;-5.2;CACC
3410;19.5;25.5;0.8;8;80;5;Successful;Effective;No;No;No;No;No;No;0.0;-5.0;0.2;-5.08;0.32;-5.15;0.38;-5.19;0.41;-5.21;0.43;-5.19;0.44;-5.19;0.44;-5.2;CACC
3411;19.5;25.5;0.8;10;80;5;Successful;Effective;No;No;No;No;No;No;0.0;-5.0;0.2;-5.08;0.32;-5.15;0.38;-5.19;0.41;-5.21;0.43;-5.19;0.44;-5.19;0.44;-5.2;CACC
3412;19.5;25.5;0.8;5;100;5;Successful;Effective;No;No;No;No;No;No;0.0;-5.0;0.25;-5.09;0.39;-5.16;0.47;-5.2;0.51;-5.22;0.54;-5.21;0.55;-5.21;0.55;-5.22;CACC
3413;19.5;25.5;0.8;8;100;5;Successful;Effective;No;No;No;No;No;No;0.0;-5.0;0.25;-5.09;0.39;-5.16;0.47;-5.2;0.51;-5.22;0.54;-5.21;0.55;-5.21;0.55;-5.22;CACC
3414;19.5;25.5;0.8;10;100;5;Successful;Effective;No;No;No;No;No;No;0.0;-5.0;0.25;-5.09;0.39;-5.16;0.47;-5.2;0.51;-5.22;0.54;-5.21;0.55;-5.21;0.55;-5.22;CACC
3415;19.5;25.5;0.8;5;80;6;Successful;Effective;No;No;No;No;No;No;0.0;-6.0;0.2;-6.1;0.32;-6.17;0.38;-6.22;0.41;-6.23;0.43;-6.22;0.44;-6.21;0.44;-6.22;CACC
3416;19.5;25.5;0.8;8;80;6;Successful;Effective;No;No;No;No;No;No;0.0;-6.0;0.2;-6.1;0.32;-6.17;0.38;-6.22;0.41;-6.23;0.43;-6.22;0.44;-6.21;0.44;-6.22;CACC
3417;19.5;25.5;0.8;10;80;6;Successful;Effective;No;No;No;No;No;No;0.0;-6.0;0.2;-6.1;0.32;-6.17;0.38;-6.22;0.41;-6.23;0.43;-6.22;0.44;-6.21;0.44;-6.22;CACC
3418;19.5;25.5;0.8;5;100;6;Successful;Effective;No;No;No;No;No;No;0.0;-6.0;0.25;-6.1;0.39;-6.18;0.47;-6.23;0.51;-6.25;0.54;-6.24;0.55;-6.23;0.55;-6.25;CACC
3419;19.5;25.5;0.8;8;100;6;Successful;Effective;No;No;No;No;No;No;0.0;-6.0;0.25;-6.1;0.39;-6.18;0.47;-6.23;0.51;-6.25;0.54;-6.24;0.55;-6.23;0.55;-6.25;CACC
3420;19.5;25.5;0.8;10;100;6;Successful;Effective;No;No;No;No;No;No;0.0;-6.0;0.25;-6.1;0.39;-6.18;0.47;-6.23;0.51;-6.25;0.54;-6.24;0.55;-6.23;0.55;-6.25;CACC
3421;19.5;25.5;0.8;5;80;7;Successful;Effective;No;No;No;No;No;No;0.0;-7.0;0.2;-7.11;0.32;-7.19;0.38;-7.24;0.41;-7.26;0.43;-7.24;0.44;-7.23;0.44;-7.25;CACC
3422;19.5;25.5;0.8;8;80;7;Successful;Effective;No;No;No;No;No;No;0.0;-7.0;0.2;-7.11;0.32;-7.19;0.38;-7.24;0.41;-7.26;0.43;-7.24;0.44;-7.23;0.44;-7.25;CACC
3423;19.5;25.5;0.8;10;80;7;Successful;Effective;No;No;No;No;No;No;0.0;-7.0;0.2;-7.11;0.32;-7.19;0.38;-7.24;0.41;-7.26;0.43;-7.24;0.44;-7.23;0.44;-7.25;CACC
3424;19.5;25.5;0.8;5;100;7;Successful;Effective;No;No;No;No;No;No;0.0;-7.0;0.25;-7.11;0.39;-7.2;0.47;-7.26;0.51;-7.28;0.54;-7.26;0.55;-7.25;0.55;-7.27;CACC
3425;19.5;25.5;0.8;8;100;7;Successful;Effective;No;No;No;No;No;No;0.0;-7.0;0.25;-7.11;0.39;-7.2;0.47;-7.26;0.51;-7.28;0.54;-7.26;0.55;-7.25;0.55;-7.27;CACC
3426;19.5;25.5;0.8;10;100;7;Successful;Effective;No;No;No;No;No;No;0.0;-7.0;0.25;-7.11;0.39;-7.2;0.47;-7.26;0.51;-7.28;0.54;-7.26;0.55;-7.25;0.55;-7.27;CACC
3427;19.5;25.5;0.8;5;80;8;Successful;Effective;No;No;No;No;No;No;0.0;-7.99;0.2;-8.12;0.32;-8.22;0.38;-8.27;0.41;-8.29;0.43;-8.26;0.44;-8.25;0.44;-8.27;CACC
3428;19.5;25.5;0.8;8;80;8;Successful;Effective;No;No;No;No;No;No;0.0;-7.99;0.2;-8.12;0.32;-8.22;0.38;-8.27;0.41;-8.29;0.43;-8.26;0.44;-8.25;0.44;-8.27;CACC
3429;19.5;25.5;0.8;10;80;8;Successful;Effective;No;No;No;No;No;No;0.0;-7.99;0.2;-8.12;0.32;-8.22;0.38;-8.27;0.41;-8.29;0.43;-8.26;0.44;-8.25;0.44;-8.27;CACC
3430;19.5;25.5;0.8;5;100;8;Successful;Effective;No;No;No;No;No;No;0.0;-8.0;0.25;-8.13;0.39;-8.23;0.47;-8.28;0.51;-8.31;0.54;-8.28;0.55;-8.27;0.55;-8.29;CACC
3431;19.5;25.5;0.8;8;100;8;Successful;Effective;No;No;No;No;No;No;0.0;-8.0;0.25;-8.13;0.39;-8.23;0.47;-8.28;0.51;-8.31;0.54;-8.28;0.55;-8.27;0.55;-8.29;CACC
3432;19.5;25.5;0.8;10;100;8;Successful;Effective;No;No;No;No;No;No;0.0;-8.0;0.25;-8.13;0.39;-8.23;0.47;-8.28;0.51;-8.31;0.54;-8.28;0.55;-8.27;0.55;-8.29;CACC
3433;19.5;25.5;0.9;5;80;5;Successful;Effective;No;No;No;No;No;No;0.0;-5.0;0.2;-5.08;0.32;-5.15;0.38;-5.19;0.41;-5.21;0.43;-5.19;0.44;-5.19;0.44;-5.2;CACC
3434;19.5;25.5;0.9;8;80;5;Successful;Effective;No;No;No;No;No;No;0.0;-5.0;0.2;-5.08;0.32;-5.15;0.38;-5.19;0.41;-5.21;0.43;-5.19;0.44;-5.19;0.44;-5.2;CACC
3435;19.5;25.5;0.9;10;80;5;Successful;Effective;No;No;No;No;No;No;0.0;-5.0;0.2;-5.08;0.32;-5.15;0.38;-5.19;0.41;-5.21;0.43;-5.19;0.44;-5.19;0.44;-5.2;CACC
3436;19.5;25.5;0.9;5;100;5;Successful;Effective;No;No;No;No;No;No;0.0;-5.0;0.25;-5.09;0.39;-5.16;0.47;-5.2;0.51;-5.22;0.54;-5.21;0.55;-5.21;0.55;-5.22;CACC
3437;19.5;25.5;0.9;8;100;5;Successful;Effective;No;No;No;No;No;No;0.0;-5.0;0.25;-5.09;0.39;-5.16;0.47;-5.2;0.51;-5.22;0.54;-5.21;0.55;-5.21;0.55;-5.22;CACC
3438;19.5;25.5;0.9;10;100;5;Successful;Effective;No;No;No;No;No;No;0.0;-5.0;0.25;-5.09;0.39;-5.16;0.47;-5.2;0.51;-5.22;0.54;-5.21;0.55;-5.21;0.55;-5.22;CACC
3439;19.5;25.5;0.9;5;80;6;Successful;Effective;No;No;No;No;No;No;0.0;-6.0;0.2;-6.1;0.32;-6.17;0.38;-6.22;0.41;-6.23;0.43;-6.22;0.44;-6.21;0.44;-6.22;CACC
3440;19.5;25.5;0.9;8;80;6;Successful;Effective;No;No;No;No;No;No;0.0;-6.0;0.2;-6.1;0.32;-6.17;0.38;-6.22;0.41;-6.23;0.43;-6.22;0.44;-6.21;0.44;-6.22;CACC
3441;19.5;25.5;0.9;10;80;6;Successful;Effective;No;No;No;No;No;No;0.0;-6.0;0.2;-6.1;0.32;-6.17;0.38;-6.22;0.41;-6.23;0.43;-6.22;0.44;-6.21;0.44;-6.22;CACC
3442;19.5;25.5;0.9;5;100;6;Successful;Effective;No;No;No;No;No;No;0.0;-6.0;0.25;-6.1;0.39;-6.18;0.47;-6.23;0.51;-6.25;0.54;-6.24;0.55;-6.23;0.55;-6.25;CACC
3443;19.5;25.5;0.9;8;100;6;Successful;Effective;No;No;No;No;No;No;0.0;-6.0;0.25;-6.1;0.39;-6.18;0.47;-6.23;0.51;-6.25;0.54;-6.24;0.55;-6.23;0.55;-6.25;CACC
3444;19.5;25.5;0.9;10;100;6;Successful;Effective;No;No;No;No;No;No;0.0;-6.0;0.25;-6.1;0.39;-6.18;0.47;-6.23;0.51;-6.25;0.54;-6.24;0.55;-6.23;0.55;-6.25;CACC
3445;19.5;25.5;0.9;5;80;7;Successful;Effective;No;No;No;No;No;No;0.0;-7.0;0.2;-7.11;0.32;-7.19;0.38;-7.24;0.41;-7.26;0.43;-7.24;0.44;-7.23;0.44;-7.25;CACC
3446;19.5;25.5;0.9;8;80;7;Successful;Effective;No;No;No;No;No;No;0.0;-7.0;0.2;-7.11;0.32;-7.19;0.38;-7.24;0.41;-7.26;0.43;-7.24;0.44;-7.23;0.44;-7.25;CACC
3447;19.5;25.5;0.9;10;80;7;Successful;Effective;No;No;No;No;No;No;0.0;-7.0;0.2;-7.11;0.32;-7.19;0.38;-7.24;0.41;-7.26;0.43;-7.24;0.44;-7.23;0.44;-7.25;CACC
3448;19.5;25.5;0.9;5;100;7;Successful;Effective;No;No;No;No;No;No;0.0;-7.0;0.25;-7.11;0.39;-7.2;0.47;-7.26;0.51;-7.28;0.54;-7.26;0.55;-7.25;0.55;-7.27;CACC
3449;19.5;25.5;0.9;8;100;7;Successful;Effective;No;No;No;No;No;No;0.0;-7.0;0.25;-7.11;0.39;-7.2;0.47;-7.26;0.51;-7.28;0.54;-7.26;0.55;-7.25;0.55;-7.27;CACC
3450;19.5;25.5;0.9;10;100;7;Successful;Effective;No;No;No;No;No;No;0.0;-7.0;0.25;-7.11;0.39;-7.2;0.47;-7.26;0.51;-7.28;0.54;-7.26;0.55;-7.25;0.55;-7.27;CACC
3451;19.5;25.5;0.9;5;80;8;Successful;Effective;No;No;No;No;No;No;0.0;-7.99;0.2;-8.12;0.32;-8.22;0.38;-8.27;0.41;-8.29;0.43;-8.26;0.44;-8.25;0.44;-8.27;CACC
3452;19.5;25.5;0.9;8;80;8;Successful;Effective;No;No;No;No;No;No;0.0;-7.99;0.2;-8.12;0.32;-8.22;0.38;-8.27;0.41;-8.29;0.43;-8.26;0.44;-8.25;0.44;-8.27;CACC
3453;19.5;25.5;0.9;10;80;8;Successful;Effective;No;No;No;No;No;No;0.0;-7.99;0.2;-8.12;0.32;-8.22;0.38;-8.27;0.41;-8.29;0.43;-8.26;0.44;-8.25;0.44;-8.27;CACC
3454;19.5;25.5;0.9;5;100;8;Successful;Effective;No;No;No;No;No;No;0.0;-8.0;0.25;-8.13;0.39;-8.23;0.47;-8.28;0.51;-8.31;0.54;-8.28;0.55;-8.27;0.55;-8.29;CACC
3455;19.5;25.5;0.9;8;100;8;Successful;Effective;No;No;No;No;No;No;0.0;-8.0;0.25;-8.13;0.39;-8.23;0.47;-8.28;0.51;-8.31;0.54;-8.28;0.55;-8.27;0.55;-8.29;CACC
3456;19.5;25.5;0.9;10;100;8;Successful;Effective;No;No;No;No;No;No;0.0;-8.0;0.25;-8.13;0.39;-8.23;0.47;-8.28;0.51;-8.31;0.54;-8.28;0.55;-8.27;0.55;-8.29;CACC
3457;19.6;25.6;0.6;5;80;5;Successful;Effective;No;No;No;No;No;No;0.0;-5.0;0.2;-5.08;0.32;-5.15;0.38;-5.19;0.41;-5.21;0.43;-5.19;0.44;-5.19;0.44;-5.2;CACC
3458;19.6;25.6;0.6;8;80;5;Successful;Effective;No;No;No;No;No;No;0.0;-5.0;0.2;-5.08;0.32;-5.15;0.38;-5.19;0.41;-5.21;0.43;-5.19;0.44;-5.19;0.44;-5.2;CACC
3459;19.6;25.6;0.6;10;80;5;Successful;Effective;No;No;No;No;No;No;0.0;-5.0;0.2;-5.08;0.32;-5.15;0.38;-5.19;0.41;-5.21;0.43;-5.19;0.44;-5.19;0.44;-5.2;CACC
3460;19.6;25.6;0.6;5;100;5;Successful;Effective;No;No;No;No;No;No;0.0;-5.0;0.25;-5.09;0.39;-5.16;0.47;-5.2;0.51;-5.22;0.54;-5.21;0.55;-5.21;0.55;-5.22;CACC
3461;19.6;25.6;0.6;8;100;5;Successful;Effective;No;No;No;No;No;No;0.0;-5.0;0.25;-5.09;0.39;-5.16;0.47;-5.2;0.51;-5.22;0.54;-5.21;0.55;-5.21;0.55;-5.22;CACC
3462;19.6;25.6;0.6;10;100;5;Successful;Effective;No;No;No;No;No;No;0.0;-5.0;0.25;-5.09;0.39;-5.16;0.47;-5.2;0.51;-5.22;0.54;-5.21;0.55;-5.21;0.55;-5.22;CACC
3463;19.6;25.6;0.6;5;80;6;Successful;Effective;No;No;No;No;No;No;0.0;-6.0;0.2;-6.1;0.32;-6.17;0.38;-6.21;0.41;-6.23;0.43;-6.22;0.44;-6.21;0.44;-6.22;CACC
3464;19.6;25.6;0.6;8;80;6;Successful;Effective;No;No;No;No;No;No;0.0;-6.0;0.2;-6.1;0.32;-6.17;0.38;-6.21;0.41;-6.23;0.43;-6.22;0.44;-6.21;0.44;-6.22;CACC
3465;19.6;25.6;0.6;10;80;6;Successful;Effective;No;No;No;No;No;No;0.0;-6.0;0.2;-6.1;0.32;-6.17;0.38;-6.21;0.41;-6.23;0.43;-6.22;0.44;-6.21;0.44;-6.22;CACC
3466;19.6;25.6;0.6;5;100;6;Successful;Effective;No;No;No;No;No;No;0.0;-6.0;0.25;-6.1;0.39;-6.18;0.47;-6.23;0.51;-6.25;0.54;-6.24;0.55;-6.23;0.55;-6.25;CACC
3467;19.6;25.6;0.6;8;100;6;Successful;Effective;No;No;No;No;No;No;0.0;-6.0;0.25;-6.1;0.39;-6.18;0.47;-6.23;0.51;-6.25;0.54;-6.24;0.55;-6.23;0.55;-6.25;CACC
3468;19.6;25.6;0.6;10;100;6;Successful;Effective;No;No;No;No;No;No;0.0;-6.0;0.25;-6.1;0.39;-6.18;0.47;-6.23;0.51;-6.25;0.54;-6.24;0.55;-6.23;0.55;-6.25;CACC
3469;19.6;25.6;0.6;5;80;7;Successful;Effective;No;No;No;No;No;No;0.0;-7.0;0.2;-7.11;0.32;-7.19;0.38;-7.24;0.41;-7.26;0.43;-7.24;0.44;-7.23;0.44;-7.25;CACC
3470;19.6;25.6;0.6;8;80;7;Successful;Effective;No;No;No;No;No;No;0.0;-7.0;0.2;-7.11;0.32;-7.19;0.38;-7.24;0.41;-7.26;0.43;-7.24;0.44;-7.23;0.44;-7.25;CACC
3471;19.6;25.6;0.6;10;80;7;Successful;Effective;No;No;No;No;No;No;0.0;-7.0;0.2;-7.11;0.32;-7.19;0.38;-7.24;0.41;-7.26;0.43;-7.24;0.44;-7.23;0.44;-7.25;CACC
3472;19.6;25.6;0.6;5;100;7;Successful;Effective;No;No;No;No;No;No;0.0;-7.0;0.25;-7.12;0.39;-7.2;0.47;-7.26;0.51;-7.28;0.54;-7.26;0.55;-7.25;0.55;-7.27;CACC
3473;19.6;25.6;0.6;8;100;7;Successful;Effective;No;No;No;No;No;No;0.0;-7.0;0.25;-7.12;0.39;-7.2;0.47;-7.26;0.51;-7.28;0.54;-7.26;0.55;-7.25;0.55;-7.27;CACC
3474;19.6;25.6;0.6;10;100;7;Successful;Effective;No;No;No;No;No;No;0.0;-7.0;0.25;-7.12;0.39;-7.2;0.47;-7.26;0.51;-7.28;0.54;-7.26;0.55;-7.25;0.55;-7.27;CACC
3475;19.6;25.6;0.6;5;80;8;Successful;Effective;No;No;No;No;No;No;0.0;-7.99;0.2;-8.12;0.32;-8.22;0.38;-8.27;0.41;-8.29;0.43;-8.26;0.44;-8.25;0.44;-8.27;CACC
3476;19.6;25.6;0.6;8;80;8;Successful;Effective;No;No;No;No;No;No;0.0;-7.99;0.2;-8.12;0.32;-8.22;0.38;-8.27;0.41;-8.29;0.43;-8.26;0.44;-8.25;0.44;-8.27;CACC
3477;19.6;25.6;0.6;10;80;8;Successful;Effective;No;No;No;No;No;No;0.0;-7.99;0.2;-8.12;0.32;-8.22;0.38;-8.27;0.41;-8.29;0.43;-8.26;0.44;-8.25;0.44;-8.27;CACC
3478;19.6;25.6;0.6;5;100;8;Successful;Effective;No;No;No;No;No;No;0.0;-8.0;0.25;-8.13;0.39;-8.23;0.47;-8.28;0.51;-8.31;0.54;-8.28;0.55;-8.27;0.55;-8.29;CACC
3479;19.6;25.6;0.6;8;100;8;Successful;Effective;No;No;No;No;No;No;0.0;-8.0;0.25;-8.13;0.39;-8.23;0.47;-8.28;0.51;-8.31;0.54;-8.28;0.55;-8.27;0.55;-8.29;CACC
3480;19.6;25.6;0.6;10;100;8;Successful;Effective;No;No;No;No;No;No;0.0;-8.0;0.25;-8.13;0.39;-8.23;0.47;-8.28;0.51;-8.31;0.54;-8.28;0.55;-8.27;0.55;-8.29;CACC
3481;19.6;25.6;0.7;5;80;5;Successful;Effective;No;No;No;No;No;No;0.0;-5.0;0.2;-5.08;0.32;-5.15;0.38;-5.19;0.41;-5.21;0.43;-5.19;0.44;-5.19;0.44;-5.2;CACC
3482;19.6;25.6;0.7;8;80;5;Successful;Effective;No;No;No;No;No;No;0.0;-5.0;0.2;-5.08;0.32;-5.15;0.38;-5.19;0.41;-5.21;0.43;-5.19;0.44;-5.19;0.44;-5.2;CACC
3483;19.6;25.6;0.7;10;80;5;Successful;Effective;No;No;No;No;No;No;0.0;-5.0;0.2;-5.08;0.32;-5.15;0.38;-5.19;0.41;-5.21;0.43;-5.19;0.44;-5.19;0.44;-5.2;CACC
3484;19.6;25.6;0.7;5;100;5;Successful;Effective;No;No;No;No;No;No;0.0;-5.0;0.25;-5.09;0.39;-5.16;0.47;-5.2;0.51;-5.22;0.54;-5.21;0.55;-5.21;0.55;-5.22;CACC
3485;19.6;25.6;0.7;8;100;5;Successful;Effective;No;No;No;No;No;No;0.0;-5.0;0.25;-5.09;0.39;-5.16;0.47;-5.2;0.51;-5.22;0.54;-5.21;0.55;-5.21;0.55;-5.22;CACC
3486;19.6;25.6;0.7;10;100;5;Successful;Effective;No;No;No;No;No;No;0.0;-5.0;0.25;-5.09;0.39;-5.16;0.47;-5.2;0.51;-5.22;0.54;-5.21;0.55;-5.21;0.55;-5.22;CACC
3487;19.6;25.6;0.7;5;80;6;Successful;Effective;No;No;No;No;No;No;0.0;-6.0;0.2;-6.1;0.32;-6.17;0.38;-6.21;0.41;-6.23;0.43;-6.22;0.44;-6.21;0.44;-6.22;CACC
3488;19.6;25.6;0.7;8;80;6;Successful;Effective;No;No;No;No;No;No;0.0;-6.0;0.2;-6.1;0.32;-6.17;0.38;-6.21;0.41;-6.23;0.43;-6.22;0.44;-6.21;0.44;-6.22;CACC
3489;19.6;25.6;0.7;10;80;6;Successful;Effective;No;No;No;No;No;No;0.0;-6.0;0.2;-6.1;0.32;-6.17;0.38;-6.21;0.41;-6.23;0.43;-6.22;0.44;-6.21;0.44;-6.22;CACC
3490;19.6;25.6;0.7;5;100;6;Successful;Effective;No;No;No;No;No;No;0.0;-6.0;0.25;-6.1;0.39;-6.18;0.47;-6.23;0.51;-6.25;0.54;-6.24;0.55;-6.23;0.55;-6.25;CACC
3491;19.6;25.6;0.7;8;100;6;Successful;Effective;No;No;No;No;No;No;0.0;-6.0;0.25;-6.1;0.39;-6.18;0.47;-6.23;0.51;-6.25;0.54;-6.24;0.55;-6.23;0.55;-6.25;CACC
3492;19.6;25.6;0.7;10;100;6;Successful;Effective;No;No;No;No;No;No;0.0;-6.0;0.25;-6.1;0.39;-6.18;0.47;-6.23;0.51;-6.25;0.54;-6.24;0.55;-6.23;0.55;-6.25;CACC
3493;19.6;25.6;0.7;5;80;7;Successful;Effective;No;No;No;No;No;No;0.0;-7.0;0.2;-7.11;0.32;-7.19;0.38;-7.24;0.41;-7.26;0.43;-7.24;0.44;-7.23;0.44;-7.25;CACC
3494;19.6;25.6;0.7;8;80;7;Successful;Effective;No;No;No;No;No;No;0.0;-7.0;0.2;-7.11;0.32;-7.19;0.38;-7.24;0.41;-7.26;0.43;-7.24;0.44;-7.23;0.44;-7.25;CACC
3495;19.6;25.6;0.7;10;80;7;Successful;Effective;No;No;No;No;No;No;0.0;-7.0;0.2;-7.11;0.32;-7.19;0.38;-7.24;0.41;-7.26;0.43;-7.24;0.44;-7.23;0.44;-7.25;CACC
3496;19.6;25.6;0.7;5;100;7;Successful;Effective;No;No;No;No;No;No;0.0;-7.0;0.25;-7.12;0.39;-7.2;0.47;-7.26;0.51;-7.28;0.54;-7.26;0.55;-7.25;0.55;-7.27;CACC
3497;19.6;25.6;0.7;8;100;7;Successful;Effective;No;No;No;No;No;No;0.0;-7.0;0.25;-7.12;0.39;-7.2;0.47;-7.26;0.51;-7.28;0.54;-7.26;0.55;-7.25;0.55;-7.27;CACC
3498;19.6;25.6;0.7;10;100;7;Successful;Effective;No;No;No;No;No;No;0.0;-7.0;0.25;-7.12;0.39;-7.2;0.47;-7.26;0.51;-7.28;0.54;-7.26;0.55;-7.25;0.55;-7.27;CACC
3499;19.6;25.6;0.7;5;80;8;Successful;Effective;No;No;No;No;No;No;0.0;-7.99;0.2;-8.12;0.32;-8.22;0.38;-8.27;0.41;-8.29;0.43;-8.26;0.44;-8.25;0.44;-8.27;CACC
3500;19.6;25.6;0.7;8;80;8;Successful;Effective;No;No;No;No;No;No;0.0;-7.99;0.2;-8.12;0.32;-8.22;0.38;-8.27;0.41;-8.29;0.43;-8.26;0.44;-8.25;0.44;-8.27;CACC
3501;19.6;25.6;0.7;10;80;8;Successful;Effective;No;No;No;No;No;No;0.0;-7.99;0.2;-8.12;0.32;-8.22;0.38;-8.27;0.41;-8.29;0.43;-8.26;0.44;-8.25;0.44;-8.27;CACC
3502;19.6;25.6;0.7;5;100;8;Successful;Effective;No;No;No;No;No;No;0.0;-8.0;0.25;-8.13;0.39;-8.23;0.47;-8.28;0.51;-8.31;0.54;-8.28;0.55;-8.27;0.55;-8.29;CACC
3503;19.6;25.6;0.7;8;100;8;Successful;Effective;No;No;No;No;No;No;0.0;-8.0;0.25;-8.13;0.39;-8.23;0.47;-8.28;0.51;-8.31;0.54;-8.28;0.55;-8.27;0.55;-8.29;CACC
3504;19.6;25.6;0.7;10;100;8;Successful;Effective;No;No;No;No;No;No;0.0;-8.0;0.25;-8.13;0.39;-8.23;0.47;-8.28;0.51;-8.31;0.54;-8.28;0.55;-8.27;0.55;-8.29;CACC
3505;19.6;25.6;0.8;5;80;5;Successful;Effective;No;No;No;No;No;No;0.0;-5.0;0.2;-5.08;0.32;-5.15;0.38;-5.19;0.41;-5.21;0.43;-5.19;0.44;-5.19;0.44;-5.2;CACC
3506;19.6;25.6;0.8;8;80;5;Successful;Effective;No;No;No;No;No;No;0.0;-5.0;0.2;-5.08;0.32;-5.15;0.38;-5.19;0.41;-5.21;0.43;-5.19;0.44;-5.19;0.44;-5.2;CACC
3507;19.6;25.6;0.8;10;80;5;Successful;Effective;No;No;No;No;No;No;0.0;-5.0;0.2;-5.08;0.32;-5.15;0.38;-5.19;0.41;-5.21;0.43;-5.19;0.44;-5.19;0.44;-5.2;CACC
3508;19.6;25.6;0.8;5;100;5;Successful;Effective;No;No;No;No;No;No;0.0;-5.0;0.25;-5.09;0.39;-5.16;0.47;-5.2;0.51;-5.22;0.54;-5.21;0.55;-5.21;0.55;-5.22;CACC
3509;19.6;25.6;0.8;8;100;5;Successful;Effective;No;No;No;No;No;No;0.0;-5.0;0.25;-5.09;0.39;-5.16;0.47;-5.2;0.51;-5.22;0.54;-5.21;0.55;-5.21;0.55;-5.22;CACC
3510;19.6;25.6;0.8;10;100;5;Successful;Effective;No;No;No;No;No;No;0.0;-5.0;0.25;-5.09;0.39;-5.16;0.47;-5.2;0.51;-5.22;0.54;-5.21;0.55;-5.21;0.55;-5.22;CACC
3511;19.6;25.6;0.8;5;80;6;Successful;Effective;No;No;No;No;No;No;0.0;-6.0;0.2;-6.1;0.32;-6.17;0.38;-6.21;0.41;-6.23;0.43;-6.22;0.44;-6.21;0.44;-6.22;CACC
3512;19.6;25.6;0.8;8;80;6;Successful;Effective;No;No;No;No;No;No;0.0;-6.0;0.2;-6.1;0.32;-6.17;0.38;-6.21;0.41;-6.23;0.43;-6.22;0.44;-6.21;0.44;-6.22;CACC
3513;19.6;25.6;0.8;10;80;6;Successful;Effective;No;No;No;No;No;No;0.0;-6.0;0.2;-6.1;0.32;-6.17;0.38;-6.21;0.41;-6.23;0.43;-6.22;0.44;-6.21;0.44;-6.22;CACC
3514;19.6;25.6;0.8;5;100;6;Successful;Effective;No;No;No;No;No;No;0.0;-6.0;0.25;-6.1;0.39;-6.18;0.47;-6.23;0.51;-6.25;0.54;-6.24;0.55;-6.23;0.55;-6.25;CACC
3515;19.6;25.6;0.8;8;100;6;Successful;Effective;No;No;No;No;No;No;0.0;-6.0;0.25;-6.1;0.39;-6.18;0.47;-6.23;0.51;-6.25;0.54;-6.24;0.55;-6.23;0.55;-6.25;CACC
3516;19.6;25.6;0.8;10;100;6;Successful;Effective;No;No;No;No;No;No;0.0;-6.0;0.25;-6.1;0.39;-6.18;0.47;-6.23;0.51;-6.25;0.54;-6.24;0.55;-6.23;0.55;-6.25;CACC
3517;19.6;25.6;0.8;5;80;7;Successful;Effective;No;No;No;No;No;No;0.0;-7.0;0.2;-7.11;0.32;-7.19;0.38;-7.24;0.41;-7.26;0.43;-7.24;0.44;-7.23;0.44;-7.25;CACC
3518;19.6;25.6;0.8;8;80;7;Successful;Effective;No;No;No;No;No;No;0.0;-7.0;0.2;-7.11;0.32;-7.19;0.38;-7.24;0.41;-7.26;0.43;-7.24;0.44;-7.23;0.44;-7.25;CACC
3519;19.6;25.6;0.8;10;80;7;Successful;Effective;No;No;No;No;No;No;0.0;-7.0;0.2;-7.11;0.32;-7.19;0.38;-7.24;0.41;-7.26;0.43;-7.24;0.44;-7.23;0.44;-7.25;CACC
3520;19.6;25.6;0.8;5;100;7;Successful;Effective;No;No;No;No;No;No;0.0;-7.0;0.25;-7.12;0.39;-7.2;0.47;-7.26;0.51;-7.28;0.54;-7.26;0.55;-7.25;0.55;-7.27;CACC
3521;19.6;25.6;0.8;8;100;7;Successful;Effective;No;No;No;No;No;No;0.0;-7.0;0.25;-7.12;0.39;-7.2;0.47;-7.26;0.51;-7.28;0.54;-7.26;0.55;-7.25;0.55;-7.27;CACC
3522;19.6;25.6;0.8;10;100;7;Successful;Effective;No;No;No;No;No;No;0.0;-7.0;0.25;-7.12;0.39;-7.2;0.47;-7.26;0.51;-7.28;0.54;-7.26;0.55;-7.25;0.55;-7.27;CACC
3523;19.6;25.6;0.8;5;80;8;Successful;Effective;No;No;No;No;No;No;0.0;-7.99;0.2;-8.12;0.32;-8.22;0.38;-8.27;0.41;-8.29;0.43;-8.26;0.44;-8.25;0.44;-8.27;CACC
3524;19.6;25.6;0.8;8;80;8;Successful;Effective;No;No;No;No;No;No;0.0;-7.99;0.2;-8.12;0.32;-8.22;0.38;-8.27;0.41;-8.29;0.43;-8.26;0.44;-8.25;0.44;-8.27;CACC
3525;19.6;25.6;0.8;10;80;8;Successful;Effective;No;No;No;No;No;No;0.0;-7.99;0.2;-8.12;0.32;-8.22;0.38;-8.27;0.41;-8.29;0.43;-8.26;0.44;-8.25;0.44;-8.27;CACC
3526;19.6;25.6;0.8;5;100;8;Successful;Effective;No;No;No;No;No;No;0.0;-8.0;0.25;-8.13;0.39;-8.23;0.47;-8.28;0.51;-8.31;0.54;-8.28;0.55;-8.27;0.55;-8.29;CACC
3527;19.6;25.6;0.8;8;100;8;Successful;Effective;No;No;No;No;No;No;0.0;-8.0;0.25;-8.13;0.39;-8.23;0.47;-8.28;0.51;-8.31;0.54;-8.28;0.55;-8.27;0.55;-8.29;CACC
3528;19.6;25.6;0.8;10;100;8;Successful;Effective;No;No;No;No;No;No;0.0;-8.0;0.25;-8.13;0.39;-8.23;0.47;-8.28;0.51;-8.31;0.54;-8.28;0.55;-8.27;0.55;-8.29;CACC
3529;19.6;25.6;0.9;5;80;5;Successful;Effective;No;No;No;No;No;No;0.0;-5.0;0.2;-5.08;0.32;-5.15;0.38;-5.19;0.41;-5.21;0.43;-5.19;0.44;-5.19;0.44;-5.2;CACC
3530;19.6;25.6;0.9;8;80;5;Successful;Effective;No;No;No;No;No;No;0.0;-5.0;0.2;-5.08;0.32;-5.15;0.38;-5.19;0.41;-5.21;0.43;-5.19;0.44;-5.19;0.44;-5.2;CACC
3531;19.6;25.6;0.9;10;80;5;Successful;Effective;No;No;No;No;No;No;0.0;-5.0;0.2;-5.08;0.32;-5.15;0.38;-5.19;0.41;-5.21;0.43;-5.19;0.44;-5.19;0.44;-5.2;CACC
3532;19.6;25.6;0.9;5;100;5;Successful;Effective;No;No;No;No;No;No;0.0;-5.0;0.25;-5.09;0.39;-5.16;0.47;-5.2;0.51;-5.22;0.54;-5.21;0.55;-5.21;0.55;-5.22;CACC
3533;19.6;25.6;0.9;8;100;5;Successful;Effective;No;No;No;No;No;No;0.0;-5.0;0.25;-5.09;0.39;-5.16;0.47;-5.2;0.51;-5.22;0.54;-5.21;0.55;-5.21;0.55;-5.22;CACC
3534;19.6;25.6;0.9;10;100;5;Successful;Effective;No;No;No;No;No;No;0.0;-5.0;0.25;-5.09;0.39;-5.16;0.47;-5.2;0.51;-5.22;0.54;-5.21;0.55;-5.21;0.55;-5.22;CACC
3535;19.6;25.6;0.9;5;80;6;Successful;Effective;No;No;No;No;No;No;0.0;-6.0;0.2;-6.1;0.32;-6.17;0.38;-6.21;0.41;-6.23;0.43;-6.22;0.44;-6.21;0.44;-6.22;CACC
3536;19.6;25.6;0.9;8;80;6;Successful;Effective;No;No;No;No;No;No;0.0;-6.0;0.2;-6.1;0.32;-6.17;0.38;-6.21;0.41;-6.23;0.43;-6.22;0.44;-6.21;0.44;-6.22;CACC
3537;19.6;25.6;0.9;10;80;6;Successful;Effective;No;No;No;No;No;No;0.0;-6.0;0.2;-6.1;0.32;-6.17;0.38;-6.21;0.41;-6.23;0.43;-6.22;0.44;-6.21;0.44;-6.22;CACC
3538;19.6;25.6;0.9;5;100;6;Successful;Effective;No;No;No;No;No;No;0.0;-6.0;0.25;-6.1;0.39;-6.18;0.47;-6.23;0.51;-6.25;0.54;-6.24;0.55;-6.23;0.55;-6.25;CACC
3539;19.6;25.6;0.9;8;100;6;Successful;Effective;No;No;No;No;No;No;0.0;-6.0;0.25;-6.1;0.39;-6.18;0.47;-6.23;0.51;-6.25;0.54;-6.24;0.55;-6.23;0.55;-6.25;CACC
3540;19.6;25.6;0.9;10;100;6;Successful;Effective;No;No;No;No;No;No;0.0;-6.0;0.25;-6.1;0.39;-6.18;0.47;-6.23;0.51;-6.25;0.54;-6.24;0.55;-6.23;0.55;-6.25;CACC
3541;19.6;25.6;0.9;5;80;7;Successful;Effective;No;No;No;No;No;No;0.0;-7.0;0.2;-7.11;0.32;-7.19;0.38;-7.24;0.41;-7.26;0.43;-7.24;0.44;-7.23;0.44;-7.25;CACC
3542;19.6;25.6;0.9;8;80;7;Successful;Effective;No;No;No;No;No;No;0.0;-7.0;0.2;-7.11;0.32;-7.19;0.38;-7.24;0.41;-7.26;0.43;-7.24;0.44;-7.23;0.44;-7.25;CACC
3543;19.6;25.6;0.9;10;80;7;Successful;Effective;No;No;No;No;No;No;0.0;-7.0;0.2;-7.11;0.32;-7.19;0.38;-7.24;0.41;-7.26;0.43;-7.24;0.44;-7.23;0.44;-7.25;CACC
3544;19.6;25.6;0.9;5;100;7;Successful;Effective;No;No;No;No;No;No;0.0;-7.0;0.25;-7.12;0.39;-7.2;0.47;-7.26;0.51;-7.28;0.54;-7.26;0.55;-7.25;0.55;-7.27;CACC
3545;19.6;25.6;0.9;8;100;7;Successful;Effective;No;No;No;No;No;No;0.0;-7.0;0.25;-7.12;0.39;-7.2;0.47;-7.26;0.51;-7.28;0.54;-7.26;0.55;-7.25;0.55;-7.27;CACC
3546;19.6;25.6;0.9;10;100;7;Successful;Effective;No;No;No;No;No;No;0.0;-7.0;0.25;-7.12;0.39;-7.2;0.47;-7.26;0.51;-7.28;0.54;-7.26;0.55;-7.25;0.55;-7.27;CACC
3547;19.6;25.6;0.9;5;80;8;Successful;Effective;No;No;No;No;No;No;0.0;-7.99;0.2;-8.12;0.32;-8.22;0.38;-8.27;0.41;-8.29;0.43;-8.26;0.44;-8.25;0.44;-8.27;CACC
3548;19.6;25.6;0.9;8;80;8;Successful;Effective;No;No;No;No;No;No;0.0;-7.99;0.2;-8.12;0.32;-8.22;0.38;-8.27;0.41;-8.29;0.43;-8.26;0.44;-8.25;0.44;-8.27;CACC
3549;19.6;25.6;0.9;10;80;8;Successful;Effective;No;No;No;No;No;No;0.0;-7.99;0.2;-8.12;0.32;-8.22;0.38;-8.27;0.41;-8.29;0.43;-8.26;0.44;-8.25;0.44;-8.27;CACC
3550;19.6;25.6;0.9;5;100;8;Successful;Effective;No;No;No;No;No;No;0.0;-8.0;0.25;-8.13;0.39;-8.23;0.47;-8.28;0.51;-8.31;0.54;-8.28;0.55;-8.27;0.55;-8.29;CACC
3551;19.6;25.6;0.9;8;100;8;Successful;Effective;No;No;No;No;No;No;0.0;-8.0;0.25;-8.13;0.39;-8.23;0.47;-8.28;0.51;-8.31;0.54;-8.28;0.55;-8.27;0.55;-8.29;CACC
3552;19.6;25.6;0.9;10;100;8;Successful;Effective;No;No;No;No;No;No;0.0;-8.0;0.25;-8.13;0.39;-8.23;0.47;-8.28;0.51;-8.31;0.54;-8.28;0.55;-8.27;0.55;-8.29;CACC
3553;19.7;25.7;0.6;5;80;5;Successful;Effective;No;No;No;No;No;No;0.0;-5.0;0.2;-5.08;0.32;-5.15;0.38;-5.19;0.41;-5.21;0.43;-5.19;0.44;-5.19;0.44;-5.2;CACC
3554;19.7;25.7;0.6;8;80;5;Successful;Effective;No;No;No;No;No;No;0.0;-5.0;0.2;-5.08;0.32;-5.15;0.38;-5.19;0.41;-5.21;0.43;-5.19;0.44;-5.19;0.44;-5.2;CACC
3555;19.7;25.7;0.6;10;80;5;Successful;Effective;No;No;No;No;No;No;0.0;-5.0;0.2;-5.08;0.32;-5.15;0.38;-5.19;0.41;-5.21;0.43;-5.19;0.44;-5.19;0.44;-5.2;CACC
3556;19.7;25.7;0.6;5;100;5;Successful;Effective;No;No;No;No;No;No;0.0;-5.0;0.25;-5.09;0.39;-5.16;0.47;-5.2;0.51;-5.22;0.54;-5.21;0.55;-5.21;0.55;-5.22;CACC
3557;19.7;25.7;0.6;8;100;5;Successful;Effective;No;No;No;No;No;No;0.0;-5.0;0.25;-5.09;0.39;-5.16;0.47;-5.2;0.51;-5.22;0.54;-5.21;0.55;-5.21;0.55;-5.22;CACC
3558;19.7;25.7;0.6;10;100;5;Successful;Effective;No;No;No;No;No;No;0.0;-5.0;0.25;-5.09;0.39;-5.16;0.47;-5.2;0.51;-5.22;0.54;-5.21;0.55;-5.21;0.55;-5.22;CACC
3559;19.7;25.7;0.6;5;80;6;Successful;Effective;No;No;No;No;No;No;0.0;-6.0;0.2;-6.1;0.32;-6.17;0.38;-6.21;0.41;-6.23;0.43;-6.22;0.44;-6.21;0.44;-6.22;CACC
3560;19.7;25.7;0.6;8;80;6;Successful;Effective;No;No;No;No;No;No;0.0;-6.0;0.2;-6.1;0.32;-6.17;0.38;-6.21;0.41;-6.23;0.43;-6.22;0.44;-6.21;0.44;-6.22;CACC
3561;19.7;25.7;0.6;10;80;6;Successful;Effective;No;No;No;No;No;No;0.0;-6.0;0.2;-6.1;0.32;-6.17;0.38;-6.21;0.41;-6.23;0.43;-6.22;0.44;-6.21;0.44;-6.22;CACC
3562;19.7;25.7;0.6;5;100;6;Successful;Effective;No;No;No;No;No;No;0.0;-6.0;0.25;-6.1;0.39;-6.18;0.47;-6.23;0.51;-6.25;0.54;-6.24;0.55;-6.23;0.55;-6.25;CACC
3563;19.7;25.7;0.6;8;100;6;Successful;Effective;No;No;No;No;No;No;0.0;-6.0;0.25;-6.1;0.39;-6.18;0.47;-6.23;0.51;-6.25;0.54;-6.24;0.55;-6.23;0.55;-6.25;CACC
3564;19.7;25.7;0.6;10;100;6;Successful;Effective;No;No;No;No;No;No;0.0;-6.0;0.25;-6.1;0.39;-6.18;0.47;-6.23;0.51;-6.25;0.54;-6.24;0.55;-6.23;0.55;-6.25;CACC
3565;19.7;25.7;0.6;5;80;7;Successful;Effective;No;No;No;No;No;No;0.0;-7.0;0.2;-7.11;0.32;-7.19;0.38;-7.24;0.41;-7.26;0.43;-7.24;0.44;-7.23;0.44;-7.25;CACC
3566;19.7;25.7;0.6;8;80;7;Successful;Effective;No;No;No;No;No;No;0.0;-7.0;0.2;-7.11;0.32;-7.19;0.38;-7.24;0.41;-7.26;0.43;-7.24;0.44;-7.23;0.44;-7.25;CACC
3567;19.7;25.7;0.6;10;80;7;Successful;Effective;No;No;No;No;No;No;0.0;-7.0;0.2;-7.11;0.32;-7.19;0.38;-7.24;0.41;-7.26;0.43;-7.24;0.44;-7.23;0.44;-7.25;CACC
3568;19.7;25.7;0.6;5;100;7;Successful;Effective;No;No;No;No;No;No;0.0;-7.0;0.25;-7.12;0.39;-7.2;0.47;-7.25;0.51;-7.28;0.54;-7.26;0.55;-7.25;0.55;-7.27;CACC
3569;19.7;25.7;0.6;8;100;7;Successful;Effective;No;No;No;No;No;No;0.0;-7.0;0.25;-7.12;0.39;-7.2;0.47;-7.25;0.51;-7.28;0.54;-7.26;0.55;-7.25;0.55;-7.27;CACC
3570;19.7;25.7;0.6;10;100;7;Successful;Effective;No;No;No;No;No;No;0.0;-7.0;0.25;-7.12;0.39;-7.2;0.47;-7.25;0.51;-7.28;0.54;-7.26;0.55;-7.25;0.55;-7.27;CACC
3571;19.7;25.7;0.6;5;80;8;Successful;Effective;No;No;No;No;No;No;0.0;-7.99;0.2;-8.13;0.32;-8.22;0.38;-8.27;0.41;-8.29;0.43;-8.26;0.44;-8.25;0.44;-8.27;CACC
3572;19.7;25.7;0.6;8;80;8;Successful;Effective;No;No;No;No;No;No;0.0;-7.99;0.2;-8.13;0.32;-8.22;0.38;-8.27;0.41;-8.29;0.43;-8.26;0.44;-8.25;0.44;-8.27;CACC
3573;19.7;25.7;0.6;10;80;8;Successful;Effective;No;No;No;No;No;No;0.0;-7.99;0.2;-8.13;0.32;-8.22;0.38;-8.27;0.41;-8.29;0.43;-8.26;0.44;-8.25;0.44;-8.27;CACC
3574;19.7;25.7;0.6;5;100;8;Successful;Effective;No;No;No;No;No;No;0.0;-8.0;0.25;-8.13;0.39;-8.22;0.47;-8.28;0.51;-8.3;0.54;-8.28;0.55;-8.27;0.55;-8.29;CACC
3575;19.7;25.7;0.6;8;100;8;Successful;Effective;No;No;No;No;No;No;0.0;-8.0;0.25;-8.13;0.39;-8.22;0.47;-8.28;0.51;-8.3;0.54;-8.28;0.55;-8.27;0.55;-8.29;CACC
3576;19.7;25.7;0.6;10;100;8;Successful;Effective;No;No;No;No;No;No;0.0;-8.0;0.25;-8.13;0.39;-8.22;0.47;-8.28;0.51;-8.3;0.54;-8.28;0.55;-8.27;0.55;-8.29;CACC
3577;19.7;25.7;0.7;5;80;5;Successful;Effective;No;No;No;No;No;No;0.0;-5.0;0.2;-5.08;0.32;-5.15;0.38;-5.19;0.41;-5.21;0.43;-5.19;0.44;-5.19;0.44;-5.2;CACC
3578;19.7;25.7;0.7;8;80;5;Successful;Effective;No;No;No;No;No;No;0.0;-5.0;0.2;-5.08;0.32;-5.15;0.38;-5.19;0.41;-5.21;0.43;-5.19;0.44;-5.19;0.44;-5.2;CACC
3579;19.7;25.7;0.7;10;80;5;Successful;Effective;No;No;No;No;No;No;0.0;-5.0;0.2;-5.08;0.32;-5.15;0.38;-5.19;0.41;-5.21;0.43;-5.19;0.44;-5.19;0.44;-5.2;CACC
3580;19.7;25.7;0.7;5;100;5;Successful;Effective;No;No;No;No;No;No;0.0;-5.0;0.25;-5.09;0.39;-5.16;0.47;-5.2;0.51;-5.22;0.54;-5.21;0.55;-5.21;0.55;-5.22;CACC
3581;19.7;25.7;0.7;8;100;5;Successful;Effective;No;No;No;No;No;No;0.0;-5.0;0.25;-5.09;0.39;-5.16;0.47;-5.2;0.51;-5.22;0.54;-5.21;0.55;-5.21;0.55;-5.22;CACC
3582;19.7;25.7;0.7;10;100;5;Successful;Effective;No;No;No;No;No;No;0.0;-5.0;0.25;-5.09;0.39;-5.16;0.47;-5.2;0.51;-5.22;0.54;-5.21;0.55;-5.21;0.55;-5.22;CACC
3583;19.7;25.7;0.7;5;80;6;Successful;Effective;No;No;No;No;No;No;0.0;-6.0;0.2;-6.1;0.32;-6.17;0.38;-6.21;0.41;-6.23;0.43;-6.22;0.44;-6.21;0.44;-6.22;CACC
3584;19.7;25.7;0.7;8;80;6;Successful;Effective;No;No;No;No;No;No;0.0;-6.0;0.2;-6.1;0.32;-6.17;0.38;-6.21;0.41;-6.23;0.43;-6.22;0.44;-6.21;0.44;-6.22;CACC
3585;19.7;25.7;0.7;10;80;6;Successful;Effective;No;No;No;No;No;No;0.0;-6.0;0.2;-6.1;0.32;-6.17;0.38;-6.21;0.41;-6.23;0.43;-6.22;0.44;-6.21;0.44;-6.22;CACC
3586;19.7;25.7;0.7;5;100;6;Successful;Effective;No;No;No;No;No;No;0.0;-6.0;0.25;-6.1;0.39;-6.18;0.47;-6.23;0.51;-6.25;0.54;-6.24;0.55;-6.23;0.55;-6.25;CACC
3587;19.7;25.7;0.7;8;100;6;Successful;Effective;No;No;No;No;No;No;0.0;-6.0;0.25;-6.1;0.39;-6.18;0.47;-6.23;0.51;-6.25;0.54;-6.24;0.55;-6.23;0.55;-6.25;CACC
3588;19.7;25.7;0.7;10;100;6;Successful;Effective;No;No;No;No;No;No;0.0;-6.0;0.25;-6.1;0.39;-6.18;0.47;-6.23;0.51;-6.25;0.54;-6.24;0.55;-6.23;0.55;-6.25;CACC
3589;19.7;25.7;0.7;5;80;7;Successful;Effective;No;No;No;No;No;No;0.0;-7.0;0.2;-7.11;0.32;-7.19;0.38;-7.24;0.41;-7.26;0.43;-7.24;0.44;-7.23;0.44;-7.25;CACC
3590;19.7;25.7;0.7;8;80;7;Successful;Effective;No;No;No;No;No;No;0.0;-7.0;0.2;-7.11;0.32;-7.19;0.38;-7.24;0.41;-7.26;0.43;-7.24;0.44;-7.23;0.44;-7.25;CACC
3591;19.7;25.7;0.7;10;80;7;Successful;Effective;No;No;No;No;No;No;0.0;-7.0;0.2;-7.11;0.32;-7.19;0.38;-7.24;0.41;-7.26;0.43;-7.24;0.44;-7.23;0.44;-7.25;CACC
3592;19.7;25.7;0.7;5;100;7;Successful;Effective;No;No;No;No;No;No;0.0;-7.0;0.25;-7.12;0.39;-7.2;0.47;-7.25;0.51;-7.28;0.54;-7.26;0.55;-7.25;0.55;-7.27;CACC
3593;19.7;25.7;0.7;8;100;7;Successful;Effective;No;No;No;No;No;No;0.0;-7.0;0.25;-7.12;0.39;-7.2;0.47;-7.25;0.51;-7.28;0.54;-7.26;0.55;-7.25;0.55;-7.27;CACC
3594;19.7;25.7;0.7;10;100;7;Successful;Effective;No;No;No;No;No;No;0.0;-7.0;0.25;-7.12;0.39;-7.2;0.47;-7.25;0.51;-7.28;0.54;-7.26;0.55;-7.25;0.55;-7.27;CACC
3595;19.7;25.7;0.7;5;80;8;Successful;Effective;No;No;No;No;No;No;0.0;-7.99;0.2;-8.13;0.32;-8.22;0.38;-8.27;0.41;-8.29;0.43;-8.26;0.44;-8.25;0.44;-8.27;CACC
3596;19.7;25.7;0.7;8;80;8;Successful;Effective;No;No;No;No;No;No;0.0;-7.99;0.2;-8.13;0.32;-8.22;0.38;-8.27;0.41;-8.29;0.43;-8.26;0.44;-8.25;0.44;-8.27;CACC
3597;19.7;25.7;0.7;10;80;8;Successful;Effective;No;No;No;No;No;No;0.0;-7.99;0.2;-8.13;0.32;-8.22;0.38;-8.27;0.41;-8.29;0.43;-8.26;0.44;-8.25;0.44;-8.27;CACC
3598;19.7;25.7;0.7;5;100;8;Successful;Effective;No;No;No;No;No;No;0.0;-8.0;0.25;-8.13;0.39;-8.22;0.47;-8.28;0.51;-8.3;0.54;-8.28;0.55;-8.27;0.55;-8.29;CACC
3599;19.7;25.7;0.7;8;100;8;Successful;Effective;No;No;No;No;No;No;0.0;-8.0;0.25;-8.13;0.39;-8.22;0.47;-8.28;0.51;-8.3;0.54;-8.28;0.55;-8.27;0.55;-8.29;CACC
3600;19.7;25.7;0.7;10;100;8;Successful;Effective;No;No;No;No;No;No;0.0;-8.0;0.25;-8.13;0.39;-8.22;0.47;-8.28;0.51;-8.3;0.54;-8.28;0.55;-8.27;0.55;-8.29;CACC
3601;19.7;25.7;0.8;5;80;5;Successful;Effective;No;No;No;No;No;No;0.0;-5.0;0.2;-5.08;0.32;-5.15;0.38;-5.19;0.41;-5.21;0.43;-5.19;0.44;-5.19;0.44;-5.2;CACC
3602;19.7;25.7;0.8;8;80;5;Successful;Effective;No;No;No;No;No;No;0.0;-5.0;0.2;-5.08;0.32;-5.15;0.38;-5.19;0.41;-5.21;0.43;-5.19;0.44;-5.19;0.44;-5.2;CACC
3603;19.7;25.7;0.8;10;80;5;Successful;Effective;No;No;No;No;No;No;0.0;-5.0;0.2;-5.08;0.32;-5.15;0.38;-5.19;0.41;-5.21;0.43;-5.19;0.44;-5.19;0.44;-5.2;CACC
3604;19.7;25.7;0.8;5;100;5;Successful;Effective;No;No;No;No;No;No;0.0;-5.0;0.25;-5.09;0.39;-5.16;0.47;-5.2;0.51;-5.22;0.54;-5.21;0.55;-5.21;0.55;-5.22;CACC
3605;19.7;25.7;0.8;8;100;5;Successful;Effective;No;No;No;No;No;No;0.0;-5.0;0.25;-5.09;0.39;-5.16;0.47;-5.2;0.51;-5.22;0.54;-5.21;0.55;-5.21;0.55;-5.22;CACC
3606;19.7;25.7;0.8;10;100;5;Successful;Effective;No;No;No;No;No;No;0.0;-5.0;0.25;-5.09;0.39;-5.16;0.47;-5.2;0.51;-5.22;0.54;-5.21;0.55;-5.21;0.55;-5.22;CACC
3607;19.7;25.7;0.8;5;80;6;Successful;Effective;No;No;No;No;No;No;0.0;-6.0;0.2;-6.1;0.32;-6.17;0.38;-6.21;0.41;-6.23;0.43;-6.22;0.44;-6.21;0.44;-6.22;CACC
3608;19.7;25.7;0.8;8;80;6;Successful;Effective;No;No;No;No;No;No;0.0;-6.0;0.2;-6.1;0.32;-6.17;0.38;-6.21;0.41;-6.23;0.43;-6.22;0.44;-6.21;0.44;-6.22;CACC
3609;19.7;25.7;0.8;10;80;6;Successful;Effective;No;No;No;No;No;No;0.0;-6.0;0.2;-6.1;0.32;-6.17;0.38;-6.21;0.41;-6.23;0.43;-6.22;0.44;-6.21;0.44;-6.22;CACC
3610;19.7;25.7;0.8;5;100;6;Successful;Effective;No;No;No;No;No;No;0.0;-6.0;0.25;-6.1;0.39;-6.18;0.47;-6.23;0.51;-6.25;0.54;-6.24;0.55;-6.23;0.55;-6.25;CACC
3611;19.7;25.7;0.8;8;100;6;Successful;Effective;No;No;No;No;No;No;0.0;-6.0;0.25;-6.1;0.39;-6.18;0.47;-6.23;0.51;-6.25;0.54;-6.24;0.55;-6.23;0.55;-6.25;CACC
3612;19.7;25.7;0.8;10;100;6;Successful;Effective;No;No;No;No;No;No;0.0;-6.0;0.25;-6.1;0.39;-6.18;0.47;-6.23;0.51;-6.25;0.54;-6.24;0.55;-6.23;0.55;-6.25;CACC
3613;19.7;25.7;0.8;5;80;7;Successful;Effective;No;No;No;No;No;No;0.0;-7.0;0.2;-7.11;0.32;-7.19;0.38;-7.24;0.41;-7.26;0.43;-7.24;0.44;-7.23;0.44;-7.25;CACC
3614;19.7;25.7;0.8;8;80;7;Successful;Effective;No;No;No;No;No;No;0.0;-7.0;0.2;-7.11;0.32;-7.19;0.38;-7.24;0.41;-7.26;0.43;-7.24;0.44;-7.23;0.44;-7.25;CACC
3615;19.7;25.7;0.8;10;80;7;Successful;Effective;No;No;No;No;No;No;0.0;-7.0;0.2;-7.11;0.32;-7.19;0.38;-7.24;0.41;-7.26;0.43;-7.24;0.44;-7.23;0.44;-7.25;CACC
3616;19.7;25.7;0.8;5;100;7;Successful;Effective;No;No;No;No;No;No;0.0;-7.0;0.25;-7.12;0.39;-7.2;0.47;-7.25;0.51;-7.28;0.54;-7.26;0.55;-7.25;0.55;-7.27;CACC
3617;19.7;25.7;0.8;8;100;7;Successful;Effective;No;No;No;No;No;No;0.0;-7.0;0.25;-7.12;0.39;-7.2;0.47;-7.25;0.51;-7.28;0.54;-7.26;0.55;-7.25;0.55;-7.27;CACC
3618;19.7;25.7;0.8;10;100;7;Successful;Effective;No;No;No;No;No;No;0.0;-7.0;0.25;-7.12;0.39;-7.2;0.47;-7.25;0.51;-7.28;0.54;-7.26;0.55;-7.25;0.55;-7.27;CACC
3619;19.7;25.7;0.8;5;80;8;Successful;Effective;No;No;No;No;No;No;0.0;-7.99;0.2;-8.13;0.32;-8.22;0.38;-8.27;0.41;-8.29;0.43;-8.26;0.44;-8.25;0.44;-8.27;CACC
3620;19.7;25.7;0.8;8;80;8;Successful;Effective;No;No;No;No;No;No;0.0;-7.99;0.2;-8.13;0.32;-8.22;0.38;-8.27;0.41;-8.29;0.43;-8.26;0.44;-8.25;0.44;-8.27;CACC
3621;19.7;25.7;0.8;10;80;8;Successful;Effective;No;No;No;No;No;No;0.0;-7.99;0.2;-8.13;0.32;-8.22;0.38;-8.27;0.41;-8.29;0.43;-8.26;0.44;-8.25;0.44;-8.27;CACC
3622;19.7;25.7;0.8;5;100;8;Successful;Effective;No;No;No;No;No;No;0.0;-8.0;0.25;-8.13;0.39;-8.22;0.47;-8.28;0.51;-8.3;0.54;-8.28;0.55;-8.27;0.55;-8.29;CACC
3623;19.7;25.7;0.8;8;100;8;Successful;Effective;No;No;No;No;No;No;0.0;-8.0;0.25;-8.13;0.39;-8.22;0.47;-8.28;0.51;-8.3;0.54;-8.28;0.55;-8.27;0.55;-8.29;CACC
3624;19.7;25.7;0.8;10;100;8;Successful;Effective;No;No;No;No;No;No;0.0;-8.0;0.25;-8.13;0.39;-8.22;0.47;-8.28;0.51;-8.3;0.54;-8.28;0.55;-8.27;0.55;-8.29;CACC
3625;19.7;25.7;0.9;5;80;5;Successful;Effective;No;No;No;No;No;No;0.0;-5.0;0.2;-5.08;0.32;-5.15;0.38;-5.19;0.41;-5.21;0.43;-5.19;0.44;-5.19;0.44;-5.2;CACC
3626;19.7;25.7;0.9;8;80;5;Successful;Effective;No;No;No;No;No;No;0.0;-5.0;0.2;-5.08;0.32;-5.15;0.38;-5.19;0.41;-5.21;0.43;-5.19;0.44;-5.19;0.44;-5.2;CACC
3627;19.7;25.7;0.9;10;80;5;Successful;Effective;No;No;No;No;No;No;0.0;-5.0;0.2;-5.08;0.32;-5.15;0.38;-5.19;0.41;-5.21;0.43;-5.19;0.44;-5.19;0.44;-5.2;CACC
3628;19.7;25.7;0.9;5;100;5;Successful;Effective;No;No;No;No;No;No;0.0;-5.0;0.25;-5.09;0.39;-5.16;0.47;-5.2;0.51;-5.22;0.54;-5.21;0.55;-5.21;0.55;-5.22;CACC
3629;19.7;25.7;0.9;8;100;5;Successful;Effective;No;No;No;No;No;No;0.0;-5.0;0.25;-5.09;0.39;-5.16;0.47;-5.2;0.51;-5.22;0.54;-5.21;0.55;-5.21;0.55;-5.22;CACC
3630;19.7;25.7;0.9;10;100;5;Successful;Effective;No;No;No;No;No;No;0.0;-5.0;0.25;-5.09;0.39;-5.16;0.47;-5.2;0.51;-5.22;0.54;-5.21;0.55;-5.21;0.55;-5.22;CACC
3631;19.7;25.7;0.9;5;80;6;Successful;Effective;No;No;No;No;No;No;0.0;-6.0;0.2;-6.1;0.32;-6.17;0.38;-6.21;0.41;-6.23;0.43;-6.22;0.44;-6.21;0.44;-6.22;CACC
3632;19.7;25.7;0.9;8;80;6;Successful;Effective;No;No;No;No;No;No;0.0;-6.0;0.2;-6.1;0.32;-6.17;0.38;-6.21;0.41;-6.23;0.43;-6.22;0.44;-6.21;0.44;-6.22;CACC
3633;19.7;25.7;0.9;10;80;6;Successful;Effective;No;No;No;No;No;No;0.0;-6.0;0.2;-6.1;0.32;-6.17;0.38;-6.21;0.41;-6.23;0.43;-6.22;0.44;-6.21;0.44;-6.22;CACC
3634;19.7;25.7;0.9;5;100;6;Successful;Effective;No;No;No;No;No;No;0.0;-6.0;0.25;-6.1;0.39;-6.18;0.47;-6.23;0.51;-6.25;0.54;-6.24;0.55;-6.23;0.55;-6.25;CACC
3635;19.7;25.7;0.9;8;100;6;Successful;Effective;No;No;No;No;No;No;0.0;-6.0;0.25;-6.1;0.39;-6.18;0.47;-6.23;0.51;-6.25;0.54;-6.24;0.55;-6.23;0.55;-6.25;CACC
3636;19.7;25.7;0.9;10;100;6;Successful;Effective;No;No;No;No;No;No;0.0;-6.0;0.25;-6.1;0.39;-6.18;0.47;-6.23;0.51;-6.25;0.54;-6.24;0.55;-6.23;0.55;-6.25;CACC
3637;19.7;25.7;0.9;5;80;7;Successful;Effective;No;No;No;No;No;No;0.0;-7.0;0.2;-7.11;0.32;-7.19;0.38;-7.24;0.41;-7.26;0.43;-7.24;0.44;-7.23;0.44;-7.25;CACC
3638;19.7;25.7;0.9;8;80;7;Successful;Effective;No;No;No;No;No;No;0.0;-7.0;0.2;-7.11;0.32;-7.19;0.38;-7.24;0.41;-7.26;0.43;-7.24;0.44;-7.23;0.44;-7.25;CACC
3639;19.7;25.7;0.9;10;80;7;Successful;Effective;No;No;No;No;No;No;0.0;-7.0;0.2;-7.11;0.32;-7.19;0.38;-7.24;0.41;-7.26;0.43;-7.24;0.44;-7.23;0.44;-7.25;CACC
3640;19.7;25.7;0.9;5;100;7;Successful;Effective;No;No;No;No;No;No;0.0;-7.0;0.25;-7.12;0.39;-7.2;0.47;-7.25;0.51;-7.28;0.54;-7.26;0.55;-7.25;0.55;-7.27;CACC
3641;19.7;25.7;0.9;8;100;7;Successful;Effective;No;No;No;No;No;No;0.0;-7.0;0.25;-7.12;0.39;-7.2;0.47;-7.25;0.51;-7.28;0.54;-7.26;0.55;-7.25;0.55;-7.27;CACC
3642;19.7;25.7;0.9;10;100;7;Successful;Effective;No;No;No;No;No;No;0.0;-7.0;0.25;-7.12;0.39;-7.2;0.47;-7.25;0.51;-7.28;0.54;-7.26;0.55;-7.25;0.55;-7.27;CACC
3643;19.7;25.7;0.9;5;80;8;Successful;Effective;No;No;No;No;No;No;0.0;-7.99;0.2;-8.13;0.32;-8.22;0.38;-8.27;0.41;-8.29;0.43;-8.26;0.44;-8.25;0.44;-8.27;CACC
3644;19.7;25.7;0.9;8;80;8;Successful;Effective;No;No;No;No;No;No;0.0;-7.99;0.2;-8.13;0.32;-8.22;0.38;-8.27;0.41;-8.29;0.43;-8.26;0.44;-8.25;0.44;-8.27;CACC
3645;19.7;25.7;0.9;10;80;8;Successful;Effective;No;No;No;No;No;No;0.0;-7.99;0.2;-8.13;0.32;-8.22;0.38;-8.27;0.41;-8.29;0.43;-8.26;0.44;-8.25;0.44;-8.27;CACC
3646;19.7;25.7;0.9;5;100;8;Successful;Effective;No;No;No;No;No;No;0.0;-8.0;0.25;-8.13;0.39;-8.22;0.47;-8.28;0.51;-8.3;0.54;-8.28;0.55;-8.27;0.55;-8.29;CACC
3647;19.7;25.7;0.9;8;100;8;Successful;Effective;No;No;No;No;No;No;0.0;-8.0;0.25;-8.13;0.39;-8.22;0.47;-8.28;0.51;-8.3;0.54;-8.28;0.55;-8.27;0.55;-8.29;CACC
3648;19.7;25.7;0.9;10;100;8;Successful;Effective;No;No;No;No;No;No;0.0;-8.0;0.25;-8.13;0.39;-8.22;0.47;-8.28;0.51;-8.3;0.54;-8.28;0.55;-8.27;0.55;-8.29;CACC
3649;19.8;25.8;0.6;5;80;5;Successful;Effective;No;No;No;No;No;No;0.0;-5.0;0.2;-5.08;0.32;-5.15;0.38;-5.19;0.41;-5.2;0.43;-5.19;0.44;-5.19;0.44;-5.2;CACC
3650;19.8;25.8;0.6;8;80;5;Successful;Effective;No;No;No;No;No;No;0.0;-5.0;0.2;-5.08;0.32;-5.15;0.38;-5.19;0.41;-5.2;0.43;-5.19;0.44;-5.19;0.44;-5.2;CACC
3651;19.8;25.8;0.6;10;80;5;Successful;Effective;No;No;No;No;No;No;0.0;-5.0;0.2;-5.08;0.32;-5.15;0.38;-5.19;0.41;-5.2;0.43;-5.19;0.44;-5.19;0.44;-5.2;CACC
3652;19.8;25.8;0.6;5;100;5;Successful;Effective;No;No;No;No;No;No;0.0;-5.0;0.25;-5.09;0.39;-5.16;0.47;-5.2;0.51;-5.22;0.54;-5.21;0.55;-5.21;0.55;-5.22;CACC
3653;19.8;25.8;0.6;8;100;5;Successful;Effective;No;No;No;No;No;No;0.0;-5.0;0.25;-5.09;0.39;-5.16;0.47;-5.2;0.51;-5.22;0.54;-5.21;0.55;-5.21;0.55;-5.22;CACC
3654;19.8;25.8;0.6;10;100;5;Successful;Effective;No;No;No;No;No;No;0.0;-5.0;0.25;-5.09;0.39;-5.16;0.47;-5.2;0.51;-5.22;0.54;-5.21;0.55;-5.21;0.55;-5.22;CACC
3655;19.8;25.8;0.6;5;80;6;Successful;Effective;No;No;No;No;No;No;0.0;-6.0;0.2;-6.1;0.32;-6.17;0.38;-6.21;0.41;-6.23;0.43;-6.22;0.44;-6.21;0.44;-6.22;CACC
3656;19.8;25.8;0.6;8;80;6;Successful;Effective;No;No;No;No;No;No;0.0;-6.0;0.2;-6.1;0.32;-6.17;0.38;-6.21;0.41;-6.23;0.43;-6.22;0.44;-6.21;0.44;-6.22;CACC
3657;19.8;25.8;0.6;10;80;6;Successful;Effective;No;No;No;No;No;No;0.0;-6.0;0.2;-6.1;0.32;-6.17;0.38;-6.21;0.41;-6.23;0.43;-6.22;0.44;-6.21;0.44;-6.22;CACC
3658;19.8;25.8;0.6;5;100;6;Successful;Effective;No;No;No;No;No;No;0.0;-6.0;0.25;-6.1;0.39;-6.18;0.47;-6.23;0.51;-6.25;0.54;-6.23;0.55;-6.23;0.55;-6.25;CACC
3659;19.8;25.8;0.6;8;100;6;Successful;Effective;No;No;No;No;No;No;0.0;-6.0;0.25;-6.1;0.39;-6.18;0.47;-6.23;0.51;-6.25;0.54;-6.23;0.55;-6.23;0.55;-6.25;CACC
3660;19.8;25.8;0.6;10;100;6;Successful;Effective;No;No;No;No;No;No;0.0;-6.0;0.25;-6.1;0.39;-6.18;0.47;-6.23;0.51;-6.25;0.54;-6.23;0.55;-6.23;0.55;-6.25;CACC
3661;19.8;25.8;0.6;5;80;7;Successful;Effective;No;No;No;No;No;No;0.0;-7.0;0.2;-7.11;0.32;-7.19;0.38;-7.24;0.41;-7.26;0.43;-7.24;0.44;-7.23;0.44;-7.25;CACC
3662;19.8;25.8;0.6;8;80;7;Successful;Effective;No;No;No;No;No;No;0.0;-7.0;0.2;-7.11;0.32;-7.19;0.38;-7.24;0.41;-7.26;0.43;-7.24;0.44;-7.23;0.44;-7.25;CACC
3663;19.8;25.8;0.6;10;80;7;Successful;Effective;No;No;No;No;No;No;0.0;-7.0;0.2;-7.11;0.32;-7.19;0.38;-7.24;0.41;-7.26;0.43;-7.24;0.44;-7.23;0.44;-7.25;CACC
3664;19.8;25.8;0.6;5;100;7;Successful;Effective;No;No;No;No;No;No;0.0;-7.0;0.25;-7.12;0.39;-7.2;0.47;-7.25;0.51;-7.28;0.54;-7.26;0.55;-7.25;0.55;-7.27;CACC
3665;19.8;25.8;0.6;8;100;7;Successful;Effective;No;No;No;No;No;No;0.0;-7.0;0.25;-7.12;0.39;-7.2;0.47;-7.25;0.51;-7.28;0.54;-7.26;0.55;-7.25;0.55;-7.27;CACC
3666;19.8;25.8;0.6;10;100;7;Successful;Effective;No;No;No;No;No;No;0.0;-7.0;0.25;-7.12;0.39;-7.2;0.47;-7.25;0.51;-7.28;0.54;-7.26;0.55;-7.25;0.55;-7.27;CACC
3667;19.8;25.8;0.6;5;80;8;Successful;Effective;No;No;No;No;No;No;0.0;-7.99;0.2;-8.13;0.32;-8.21;0.38;-8.27;0.41;-8.29;0.43;-8.26;0.44;-8.25;0.44;-8.27;CACC
3668;19.8;25.8;0.6;8;80;8;Successful;Effective;No;No;No;No;No;No;0.0;-7.99;0.2;-8.13;0.32;-8.21;0.38;-8.27;0.41;-8.29;0.43;-8.26;0.44;-8.25;0.44;-8.27;CACC
3669;19.8;25.8;0.6;10;80;8;Successful;Effective;No;No;No;No;No;No;0.0;-7.99;0.2;-8.13;0.32;-8.21;0.38;-8.27;0.41;-8.29;0.43;-8.26;0.44;-8.25;0.44;-8.27;CACC
3670;19.8;25.8;0.6;5;100;8;Successful;Effective;No;No;No;No;No;No;0.0;-8.0;0.25;-8.13;0.39;-8.22;0.47;-8.28;0.51;-8.3;0.54;-8.28;0.55;-8.27;0.55;-8.29;CACC
3671;19.8;25.8;0.6;8;100;8;Successful;Effective;No;No;No;No;No;No;0.0;-8.0;0.25;-8.13;0.39;-8.22;0.47;-8.28;0.51;-8.3;0.54;-8.28;0.55;-8.27;0.55;-8.29;CACC
3672;19.8;25.8;0.6;10;100;8;Successful;Effective;No;No;No;No;No;No;0.0;-8.0;0.25;-8.13;0.39;-8.22;0.47;-8.28;0.51;-8.3;0.54;-8.28;0.55;-8.27;0.55;-8.29;CACC
3673;19.8;25.8;0.7;5;80;5;Successful;Effective;No;No;No;No;No;No;0.0;-5.0;0.2;-5.08;0.32;-5.15;0.38;-5.19;0.41;-5.2;0.43;-5.19;0.44;-5.19;0.44;-5.2;CACC
3674;19.8;25.8;0.7;8;80;5;Successful;Effective;No;No;No;No;No;No;0.0;-5.0;0.2;-5.08;0.32;-5.15;0.38;-5.19;0.41;-5.2;0.43;-5.19;0.44;-5.19;0.44;-5.2;CACC
3675;19.8;25.8;0.7;10;80;5;Successful;Effective;No;No;No;No;No;No;0.0;-5.0;0.2;-5.08;0.32;-5.15;0.38;-5.19;0.41;-5.2;0.43;-5.19;0.44;-5.19;0.44;-5.2;CACC
3676;19.8;25.8;0.7;5;100;5;Successful;Effective;No;No;No;No;No;No;0.0;-5.0;0.25;-5.09;0.39;-5.16;0.47;-5.2;0.51;-5.22;0.54;-5.21;0.55;-5.21;0.55;-5.22;CACC
3677;19.8;25.8;0.7;8;100;5;Successful;Effective;No;No;No;No;No;No;0.0;-5.0;0.25;-5.09;0.39;-5.16;0.47;-5.2;0.51;-5.22;0.54;-5.21;0.55;-5.21;0.55;-5.22;CACC
3678;19.8;25.8;0.7;10;100;5;Successful;Effective;No;No;No;No;No;No;0.0;-5.0;0.25;-5.09;0.39;-5.16;0.47;-5.2;0.51;-5.22;0.54;-5.21;0.55;-5.21;0.55;-5.22;CACC
3679;19.8;25.8;0.7;5;80;6;Successful;Effective;No;No;No;No;No;No;0.0;-6.0;0.2;-6.1;0.32;-6.17;0.38;-6.21;0.41;-6.23;0.43;-6.22;0.44;-6.21;0.44;-6.22;CACC
3680;19.8;25.8;0.7;8;80;6;Successful;Effective;No;No;No;No;No;No;0.0;-6.0;0.2;-6.1;0.32;-6.17;0.38;-6.21;0.41;-6.23;0.43;-6.22;0.44;-6.21;0.44;-6.22;CACC
3681;19.8;25.8;0.7;10;80;6;Successful;Effective;No;No;No;No;No;No;0.0;-6.0;0.2;-6.1;0.32;-6.17;0.38;-6.21;0.41;-6.23;0.43;-6.22;0.44;-6.21;0.44;-6.22;CACC
3682;19.8;25.8;0.7;5;100;6;Successful;Effective;No;No;No;No;No;No;0.0;-6.0;0.25;-6.1;0.39;-6.18;0.47;-6.23;0.51;-6.25;0.54;-6.24;0.55;-6.23;0.55;-6.25;CACC
3683;19.8;25.8;0.7;8;100;6;Successful;Effective;No;No;No;No;No;No;0.0;-6.0;0.25;-6.1;0.39;-6.18;0.47;-6.23;0.51;-6.25;0.54;-6.24;0.55;-6.23;0.55;-6.25;CACC
3684;19.8;25.8;0.7;10;100;6;Successful;Effective;No;No;No;No;No;No;0.0;-6.0;0.25;-6.1;0.39;-6.18;0.47;-6.23;0.51;-6.25;0.54;-6.24;0.55;-6.23;0.55;-6.25;CACC
3685;19.8;25.8;0.7;5;80;7;Successful;Effective;No;No;No;No;No;No;0.0;-7.0;0.2;-7.11;0.32;-7.19;0.38;-7.24;0.41;-7.26;0.43;-7.24;0.44;-7.23;0.44;-7.25;CACC
3686;19.8;25.8;0.7;8;80;7;Successful;Effective;No;No;No;No;No;No;0.0;-7.0;0.2;-7.11;0.32;-7.19;0.38;-7.24;0.41;-7.26;0.43;-7.24;0.44;-7.23;0.44;-7.25;CACC
3687;19.8;25.8;0.7;10;80;7;Successful;Effective;No;No;No;No;No;No;0.0;-7.0;0.2;-7.11;0.32;-7.19;0.38;-7.24;0.41;-7.26;0.43;-7.24;0.44;-7.23;0.44;-7.25;CACC
3688;19.8;25.8;0.7;5;100;7;Successful;Effective;No;No;No;No;No;No;0.0;-7.0;0.25;-7.12;0.39;-7.2;0.47;-7.25;0.51;-7.28;0.54;-7.26;0.55;-7.25;0.55;-7.27;CACC
3689;19.8;25.8;0.7;8;100;7;Successful;Effective;No;No;No;No;No;No;0.0;-7.0;0.25;-7.12;0.39;-7.2;0.47;-7.25;0.51;-7.28;0.54;-7.26;0.55;-7.25;0.55;-7.27;CACC
3690;19.8;25.8;0.7;10;100;7;Successful;Effective;No;No;No;No;No;No;0.0;-7.0;0.25;-7.12;0.39;-7.2;0.47;-7.25;0.51;-7.28;0.54;-7.26;0.55;-7.25;0.55;-7.27;CACC
3691;19.8;25.8;0.7;5;80;8;Successful;Effective;No;No;No;No;No;No;0.0;-7.99;0.2;-8.13;0.32;-8.21;0.38;-8.27;0.41;-8.29;0.43;-8.26;0.44;-8.25;0.44;-8.27;CACC
3692;19.8;25.8;0.7;8;80;8;Successful;Effective;No;No;No;No;No;No;0.0;-7.99;0.2;-8.13;0.32;-8.21;0.38;-8.27;0.41;-8.29;0.43;-8.26;0.44;-8.25;0.44;-8.27;CACC
3693;19.8;25.8;0.7;10;80;8;Successful;Effective;No;No;No;No;No;No;0.0;-7.99;0.2;-8.13;0.32;-8.21;0.38;-8.27;0.41;-8.29;0.43;-8.26;0.44;-8.25;0.44;-8.27;CACC
3694;19.8;25.8;0.7;5;100;8;Successful;Effective;No;No;No;No;No;No;0.0;-8.0;0.25;-8.13;0.39;-8.22;0.47;-8.28;0.51;-8.3;0.54;-8.28;0.55;-8.27;0.55;-8.29;CACC
3695;19.8;25.8;0.7;8;100;8;Successful;Effective;No;No;No;No;No;No;0.0;-8.0;0.25;-8.13;0.39;-8.22;0.47;-8.28;0.51;-8.3;0.54;-8.28;0.55;-8.27;0.55;-8.29;CACC
3696;19.8;25.8;0.7;10;100;8;Successful;Effective;No;No;No;No;No;No;0.0;-8.0;0.25;-8.13;0.39;-8.22;0.47;-8.28;0.51;-8.3;0.54;-8.28;0.55;-8.27;0.55;-8.29;CACC
3697;19.8;25.8;0.8;5;80;5;Successful;Effective;No;No;No;No;No;No;0.0;-5.0;0.2;-5.08;0.32;-5.15;0.38;-5.19;0.41;-5.2;0.43;-5.19;0.44;-5.19;0.44;-5.2;CACC
3698;19.8;25.8;0.8;8;80;5;Successful;Effective;No;No;No;No;No;No;0.0;-5.0;0.2;-5.08;0.32;-5.15;0.38;-5.19;0.41;-5.2;0.43;-5.19;0.44;-5.19;0.44;-5.2;CACC
3699;19.8;25.8;0.8;10;80;5;Successful;Effective;No;No;No;No;No;No;0.0;-5.0;0.2;-5.08;0.32;-5.15;0.38;-5.19;0.41;-5.2;0.43;-5.19;0.44;-5.19;0.44;-5.2;CACC
3700;19.8;25.8;0.8;5;100;5;Successful;Effective;No;No;No;No;No;No;0.0;-5.0;0.25;-5.09;0.39;-5.16;0.47;-5.2;0.51;-5.22;0.54;-5.21;0.55;-5.21;0.55;-5.22;CACC
3701;19.8;25.8;0.8;8;100;5;Successful;Effective;No;No;No;No;No;No;0.0;-5.0;0.25;-5.09;0.39;-5.16;0.47;-5.2;0.51;-5.22;0.54;-5.21;0.55;-5.21;0.55;-5.22;CACC
3702;19.8;25.8;0.8;10;100;5;Successful;Effective;No;No;No;No;No;No;0.0;-5.0;0.25;-5.09;0.39;-5.16;0.47;-5.2;0.51;-5.22;0.54;-5.21;0.55;-5.21;0.55;-5.22;CACC
3703;19.8;25.8;0.8;5;80;6;Successful;Effective;No;No;No;No;No;No;0.0;-6.0;0.2;-6.1;0.32;-6.17;0.38;-6.21;0.41;-6.23;0.43;-6.22;0.44;-6.21;0.44;-6.22;CACC
3704;19.8;25.8;0.8;8;80;6;Successful;Effective;No;No;No;No;No;No;0.0;-6.0;0.2;-6.1;0.32;-6.17;0.38;-6.21;0.41;-6.23;0.43;-6.22;0.44;-6.21;0.44;-6.22;CACC
3705;19.8;25.8;0.8;10;80;6;Successful;Effective;No;No;No;No;No;No;0.0;-6.0;0.2;-6.1;0.32;-6.17;0.38;-6.21;0.41;-6.23;0.43;-6.22;0.44;-6.21;0.44;-6.22;CACC
3706;19.8;25.8;0.8;5;100;6;Successful;Effective;No;No;No;No;No;No;0.0;-6.0;0.25;-6.1;0.39;-6.18;0.47;-6.23;0.51;-6.25;0.54;-6.24;0.55;-6.23;0.55;-6.25;CACC
3707;19.8;25.8;0.8;8;100;6;Successful;Effective;No;No;No;No;No;No;0.0;-6.0;0.25;-6.1;0.39;-6.18;0.47;-6.23;0.51;-6.25;0.54;-6.24;0.55;-6.23;0.55;-6.25;CACC
3708;19.8;25.8;0.8;10;100;6;Successful;Effective;No;No;No;No;No;No;0.0;-6.0;0.25;-6.1;0.39;-6.18;0.47;-6.23;0.51;-6.25;0.54;-6.24;0.55;-6.23;0.55;-6.25;CACC
3709;19.8;25.8;0.8;5;80;7;Successful;Effective;No;No;No;No;No;No;0.0;-7.0;0.2;-7.11;0.32;-7.19;0.38;-7.24;0.41;-7.26;0.43;-7.24;0.44;-7.23;0.44;-7.25;CACC
3710;19.8;25.8;0.8;8;80;7;Successful;Effective;No;No;No;No;No;No;0.0;-7.0;0.2;-7.11;0.32;-7.19;0.38;-7.24;0.41;-7.26;0.43;-7.24;0.44;-7.23;0.44;-7.25;CACC
3711;19.8;25.8;0.8;10;80;7;Successful;Effective;No;No;No;No;No;No;0.0;-7.0;0.2;-7.11;0.32;-7.19;0.38;-7.24;0.41;-7.26;0.43;-7.24;0.44;-7.23;0.44;-7.25;CACC
3712;19.8;25.8;0.8;5;100;7;Successful;Effective;No;No;No;No;No;No;0.0;-7.0;0.25;-7.12;0.39;-7.2;0.47;-7.25;0.51;-7.28;0.54;-7.26;0.55;-7.25;0.55;-7.27;CACC
3713;19.8;25.8;0.8;8;100;7;Successful;Effective;No;No;No;No;No;No;0.0;-7.0;0.25;-7.12;0.39;-7.2;0.47;-7.25;0.51;-7.28;0.54;-7.26;0.55;-7.25;0.55;-7.27;CACC
3714;19.8;25.8;0.8;10;100;7;Successful;Effective;No;No;No;No;No;No;0.0;-7.0;0.25;-7.12;0.39;-7.2;0.47;-7.25;0.51;-7.28;0.54;-7.26;0.55;-7.25;0.55;-7.27;CACC
3715;19.8;25.8;0.8;5;80;8;Successful;Effective;No;No;No;No;No;No;0.0;-7.99;0.2;-8.13;0.32;-8.21;0.38;-8.27;0.41;-8.29;0.43;-8.26;0.44;-8.25;0.44;-8.27;CACC
3716;19.8;25.8;0.8;8;80;8;Successful;Effective;No;No;No;No;No;No;0.0;-7.99;0.2;-8.13;0.32;-8.21;0.38;-8.27;0.41;-8.29;0.43;-8.26;0.44;-8.25;0.44;-8.27;CACC
3717;19.8;25.8;0.8;10;80;8;Successful;Effective;No;No;No;No;No;No;0.0;-7.99;0.2;-8.13;0.32;-8.21;0.38;-8.27;0.41;-8.29;0.43;-8.26;0.44;-8.25;0.44;-8.27;CACC
3718;19.8;25.8;0.8;5;100;8;Successful;Effective;No;No;No;No;No;No;0.0;-8.0;0.25;-8.13;0.39;-8.22;0.47;-8.28;0.51;-8.3;0.54;-8.28;0.55;-8.27;0.55;-8.29;CACC
3719;19.8;25.8;0.8;8;100;8;Successful;Effective;No;No;No;No;No;No;0.0;-8.0;0.25;-8.13;0.39;-8.22;0.47;-8.28;0.51;-8.3;0.54;-8.28;0.55;-8.27;0.55;-8.29;CACC
3720;19.8;25.8;0.8;10;100;8;Successful;Effective;No;No;No;No;No;No;0.0;-8.0;0.25;-8.13;0.39;-8.22;0.47;-8.28;0.51;-8.3;0.54;-8.28;0.55;-8.27;0.55;-8.29;CACC
3721;19.8;25.8;0.9;5;80;5;Successful;Effective;No;No;No;No;No;No;0.0;-5.0;0.2;-5.08;0.32;-5.15;0.38;-5.19;0.41;-5.2;0.43;-5.19;0.44;-5.19;0.44;-5.2;CACC
3722;19.8;25.8;0.9;8;80;5;Successful;Effective;No;No;No;No;No;No;0.0;-5.0;0.2;-5.08;0.32;-5.15;0.38;-5.19;0.41;-5.2;0.43;-5.19;0.44;-5.19;0.44;-5.2;CACC
3723;19.8;25.8;0.9;10;80;5;Successful;Effective;No;No;No;No;No;No;0.0;-5.0;0.2;-5.08;0.32;-5.15;0.38;-5.19;0.41;-5.2;0.43;-5.19;0.44;-5.19;0.44;-5.2;CACC
3724;19.8;25.8;0.9;5;100;5;Successful;Effective;No;No;No;No;No;No;0.0;-5.0;0.25;-5.09;0.39;-5.16;0.47;-5.2;0.51;-5.22;0.54;-5.21;0.55;-5.21;0.55;-5.22;CACC
3725;19.8;25.8;0.9;8;100;5;Successful;Effective;No;No;No;No;No;No;0.0;-5.0;0.25;-5.09;0.39;-5.16;0.47;-5.2;0.51;-5.22;0.54;-5.21;0.55;-5.21;0.55;-5.22;CACC
3726;19.8;25.8;0.9;10;100;5;Successful;Effective;No;No;No;No;No;No;0.0;-5.0;0.25;-5.09;0.39;-5.16;0.47;-5.2;0.51;-5.22;0.54;-5.21;0.55;-5.21;0.55;-5.22;CACC
3727;19.8;25.8;0.9;5;80;6;Successful;Effective;No;No;No;No;No;No;0.0;-6.0;0.2;-6.1;0.32;-6.17;0.38;-6.21;0.41;-6.23;0.43;-6.22;0.44;-6.21;0.44;-6.22;CACC
3728;19.8;25.8;0.9;8;80;6;Successful;Effective;No;No;No;No;No;No;0.0;-6.0;0.2;-6.1;0.32;-6.17;0.38;-6.21;0.41;-6.23;0.43;-6.22;0.44;-6.21;0.44;-6.22;CACC
3729;19.8;25.8;0.9;10;80;6;Successful;Effective;No;No;No;No;No;No;0.0;-6.0;0.2;-6.1;0.32;-6.17;0.38;-6.21;0.41;-6.23;0.43;-6.22;0.44;-6.21;0.44;-6.22;CACC
3730;19.8;25.8;0.9;5;100;6;Successful;Effective;No;No;No;No;No;No;0.0;-6.0;0.25;-6.1;0.39;-6.18;0.47;-6.23;0.51;-6.25;0.54;-6.24;0.55;-6.23;0.55;-6.25;CACC
3731;19.8;25.8;0.9;8;100;6;Successful;Effective;No;No;No;No;No;No;0.0;-6.0;0.25;-6.1;0.39;-6.18;0.47;-6.23;0.51;-6.25;0.54;-6.24;0.55;-6.23;0.55;-6.25;CACC
3732;19.8;25.8;0.9;10;100;6;Successful;Effective;No;No;No;No;No;No;0.0;-6.0;0.25;-6.1;0.39;-6.18;0.47;-6.23;0.51;-6.25;0.54;-6.24;0.55;-6.23;0.55;-6.25;CACC
3733;19.8;25.8;0.9;5;80;7;Successful;Effective;No;No;No;No;No;No;0.0;-7.0;0.2;-7.11;0.32;-7.19;0.38;-7.24;0.41;-7.26;0.43;-7.24;0.44;-7.23;0.44;-7.25;CACC
3734;19.8;25.8;0.9;8;80;7;Successful;Effective;No;No;No;No;No;No;0.0;-7.0;0.2;-7.11;0.32;-7.19;0.38;-7.24;0.41;-7.26;0.43;-7.24;0.44;-7.23;0.44;-7.25;CACC
3735;19.8;25.8;0.9;10;80;7;Successful;Effective;No;No;No;No;No;No;0.0;-7.0;0.2;-7.11;0.32;-7.19;0.38;-7.24;0.41;-7.26;0.43;-7.24;0.44;-7.23;0.44;-7.25;CACC
3736;19.8;25.8;0.9;5;100;7;Successful;Effective;No;No;No;No;No;No;0.0;-7.0;0.25;-7.12;0.39;-7.2;0.47;-7.25;0.51;-7.28;0.54;-7.26;0.55;-7.25;0.55;-7.27;CACC
3737;19.8;25.8;0.9;8;100;7;Successful;Effective;No;No;No;No;No;No;0.0;-7.0;0.25;-7.12;0.39;-7.2;0.47;-7.25;0.51;-7.28;0.54;-7.26;0.55;-7.25;0.55;-7.27;CACC
3738;19.8;25.8;0.9;10;100;7;Successful;Effective;No;No;No;No;No;No;0.0;-7.0;0.25;-7.12;0.39;-7.2;0.47;-7.25;0.51;-7.28;0.54;-7.26;0.55;-7.25;0.55;-7.27;CACC
3739;19.8;25.8;0.9;5;80;8;Successful;Effective;No;No;No;No;No;No;0.0;-7.99;0.2;-8.13;0.32;-8.21;0.38;-8.27;0.41;-8.29;0.43;-8.26;0.44;-8.25;0.44;-8.27;CACC
3740;19.8;25.8;0.9;8;80;8;Successful;Effective;No;No;No;No;No;No;0.0;-7.99;0.2;-8.13;0.32;-8.21;0.38;-8.27;0.41;-8.29;0.43;-8.26;0.44;-8.25;0.44;-8.27;CACC
3741;19.8;25.8;0.9;10;80;8;Successful;Effective;No;No;No;No;No;No;0.0;-7.99;0.2;-8.13;0.32;-8.21;0.38;-8.27;0.41;-8.29;0.43;-8.26;0.44;-8.25;0.44;-8.27;CACC
3742;19.8;25.8;0.9;5;100;8;Successful;Effective;No;No;No;No;No;No;0.0;-8.0;0.25;-8.13;0.39;-8.22;0.47;-8.28;0.51;-8.3;0.54;-8.28;0.55;-8.27;0.55;-8.29;CACC
3743;19.8;25.8;0.9;8;100;8;Successful;Effective;No;No;No;No;No;No;0.0;-8.0;0.25;-8.13;0.39;-8.22;0.47;-8.28;0.51;-8.3;0.54;-8.28;0.55;-8.27;0.55;-8.29;CACC
3744;19.8;25.8;0.9;10;100;8;Successful;Effective;No;No;No;No;No;No;0.0;-8.0;0.25;-8.13;0.39;-8.22;0.47;-8.28;0.51;-8.3;0.54;-8.28;0.55;-8.27;0.55;-8.29;CACC
3745;19.9;25.9;0.6;5;80;5;Successful;Effective;No;No;No;No;No;No;0.0;-5.0;0.2;-5.08;0.32;-5.15;0.38;-5.19;0.41;-5.2;0.43;-5.19;0.44;-5.19;0.44;-5.2;CACC
3746;19.9;25.9;0.6;8;80;5;Successful;Effective;No;No;No;No;No;No;0.0;-5.0;0.2;-5.08;0.32;-5.15;0.38;-5.19;0.41;-5.2;0.43;-5.19;0.44;-5.19;0.44;-5.2;CACC
3747;19.9;25.9;0.6;10;80;5;Successful;Effective;No;No;No;No;No;No;0.0;-5.0;0.2;-5.08;0.32;-5.15;0.38;-5.19;0.41;-5.2;0.43;-5.19;0.44;-5.19;0.44;-5.2;CACC
3748;19.9;25.9;0.6;5;100;5;Successful;Effective;No;No;No;No;No;No;0.0;-5.0;0.25;-5.09;0.39;-5.16;0.47;-5.2;0.51;-5.22;0.54;-5.21;0.55;-5.21;0.55;-5.22;CACC
3749;19.9;25.9;0.6;8;100;5;Successful;Effective;No;No;No;No;No;No;0.0;-5.0;0.25;-5.09;0.39;-5.16;0.47;-5.2;0.51;-5.22;0.54;-5.21;0.55;-5.21;0.55;-5.22;CACC
3750;19.9;25.9;0.6;10;100;5;Successful;Effective;No;No;No;No;No;No;0.0;-5.0;0.25;-5.09;0.39;-5.16;0.47;-5.2;0.51;-5.22;0.54;-5.21;0.55;-5.21;0.55;-5.22;CACC
3751;19.9;25.9;0.6;5;80;6;Successful;Effective;No;No;No;No;No;No;0.0;-6.0;0.2;-6.1;0.32;-6.17;0.38;-6.21;0.41;-6.23;0.43;-6.21;0.44;-6.21;0.44;-6.22;CACC
3752;19.9;25.9;0.6;8;80;6;Successful;Effective;No;No;No;No;No;No;0.0;-6.0;0.2;-6.1;0.32;-6.17;0.38;-6.21;0.41;-6.23;0.43;-6.21;0.44;-6.21;0.44;-6.22;CACC
3753;19.9;25.9;0.6;10;80;6;Successful;Effective;No;No;No;No;No;No;0.0;-6.0;0.2;-6.1;0.32;-6.17;0.38;-6.21;0.41;-6.23;0.43;-6.21;0.44;-6.21;0.44;-6.22;CACC
3754;19.9;25.9;0.6;5;100;6;Successful;Effective;No;No;No;No;No;No;0.0;-6.0;0.25;-6.1;0.39;-6.18;0.47;-6.23;0.51;-6.25;0.54;-6.23;0.55;-6.23;0.55;-6.25;CACC
3755;19.9;25.9;0.6;8;100;6;Successful;Effective;No;No;No;No;No;No;0.0;-6.0;0.25;-6.1;0.39;-6.18;0.47;-6.23;0.51;-6.25;0.54;-6.23;0.55;-6.23;0.55;-6.25;CACC
3756;19.9;25.9;0.6;10;100;6;Successful;Effective;No;No;No;No;No;No;0.0;-6.0;0.25;-6.1;0.39;-6.18;0.47;-6.23;0.51;-6.25;0.54;-6.23;0.55;-6.23;0.55;-6.25;CACC
3757;19.9;25.9;0.6;5;80;7;Successful;Effective;No;No;No;No;No;No;0.0;-7.0;0.2;-7.11;0.32;-7.19;0.38;-7.24;0.41;-7.26;0.43;-7.24;0.44;-7.23;0.44;-7.25;CACC
3758;19.9;25.9;0.6;8;80;7;Successful;Effective;No;No;No;No;No;No;0.0;-7.0;0.2;-7.11;0.32;-7.19;0.38;-7.24;0.41;-7.26;0.43;-7.24;0.44;-7.23;0.44;-7.25;CACC
3759;19.9;25.9;0.6;10;80;7;Successful;Effective;No;No;No;No;No;No;0.0;-7.0;0.2;-7.11;0.32;-7.19;0.38;-7.24;0.41;-7.26;0.43;-7.24;0.44;-7.23;0.44;-7.25;CACC
3760;19.9;25.9;0.6;5;100;7;Successful;Effective;No;No;No;No;No;No;0.0;-7.0;0.25;-7.12;0.39;-7.2;0.47;-7.25;0.51;-7.27;0.54;-7.26;0.55;-7.25;0.55;-7.27;CACC
3761;19.9;25.9;0.6;8;100;7;Successful;Effective;No;No;No;No;No;No;0.0;-7.0;0.25;-7.12;0.39;-7.2;0.47;-7.25;0.51;-7.27;0.54;-7.26;0.55;-7.25;0.55;-7.27;CACC
3762;19.9;25.9;0.6;10;100;7;Successful;Effective;No;No;No;No;No;No;0.0;-7.0;0.25;-7.12;0.39;-7.2;0.47;-7.25;0.51;-7.27;0.54;-7.26;0.55;-7.25;0.55;-7.27;CACC
3763;19.9;25.9;0.6;5;80;8;Successful;Effective;No;No;No;No;No;No;0.0;-7.99;0.2;-8.13;0.32;-8.21;0.38;-8.26;0.41;-8.28;0.43;-8.26;0.44;-8.25;0.44;-8.27;CACC
3764;19.9;25.9;0.6;8;80;8;Successful;Effective;No;No;No;No;No;No;0.0;-7.99;0.2;-8.13;0.32;-8.21;0.38;-8.26;0.41;-8.28;0.43;-8.26;0.44;-8.25;0.44;-8.27;CACC
3765;19.9;25.9;0.6;10;80;8;Successful;Effective;No;No;No;No;No;No;0.0;-7.99;0.2;-8.13;0.32;-8.21;0.38;-8.26;0.41;-8.28;0.43;-8.26;0.44;-8.25;0.44;-8.27;CACC
3766;19.9;25.9;0.6;5;100;8;Successful;Effective;No;No;No;No;No;No;0.0;-8.0;0.25;-8.13;0.39;-8.22;0.47;-8.28;0.51;-8.3;0.54;-8.28;0.55;-8.27;0.55;-8.29;CACC
3767;19.9;25.9;0.6;8;100;8;Successful;Effective;No;No;No;No;No;No;0.0;-8.0;0.25;-8.13;0.39;-8.22;0.47;-8.28;0.51;-8.3;0.54;-8.28;0.55;-8.27;0.55;-8.29;CACC
3768;19.9;25.9;0.6;10;100;8;Successful;Effective;No;No;No;No;No;No;0.0;-8.0;0.25;-8.13;0.39;-8.22;0.47;-8.28;0.51;-8.3;0.54;-8.28;0.55;-8.27;0.55;-8.29;CACC
3769;19.9;25.9;0.7;5;80;5;Successful;Effective;No;No;No;No;No;No;0.0;-5.0;0.2;-5.08;0.32;-5.15;0.38;-5.19;0.41;-5.2;0.43;-5.19;0.44;-5.19;0.44;-5.2;CACC
3770;19.9;25.9;0.7;8;80;5;Successful;Effective;No;No;No;No;No;No;0.0;-5.0;0.2;-5.08;0.32;-5.15;0.38;-5.19;0.41;-5.2;0.43;-5.19;0.44;-5.19;0.44;-5.2;CACC
3771;19.9;25.9;0.7;10;80;5;Successful;Effective;No;No;No;No;No;No;0.0;-5.0;0.2;-5.08;0.32;-5.15;0.38;-5.19;0.41;-5.2;0.43;-5.19;0.44;-5.19;0.44;-5.2;CACC
3772;19.9;25.9;0.7;5;100;5;Successful;Effective;No;No;No;No;No;No;0.0;-5.0;0.25;-5.09;0.39;-5.16;0.47;-5.2;0.51;-5.22;0.54;-5.21;0.55;-5.21;0.55;-5.22;CACC
3773;19.9;25.9;0.7;8;100;5;Successful;Effective;No;No;No;No;No;No;0.0;-5.0;0.25;-5.09;0.39;-5.16;0.47;-5.2;0.51;-5.22;0.54;-5.21;0.55;-5.21;0.55;-5.22;CACC
3774;19.9;25.9;0.7;10;100;5;Successful;Effective;No;No;No;No;No;No;0.0;-5.0;0.25;-5.09;0.39;-5.16;0.47;-5.2;0.51;-5.22;0.54;-5.21;0.55;-5.21;0.55;-5.22;CACC
3775;19.9;25.9;0.7;5;80;6;Successful;Effective;No;No;No;No;No;No;0.0;-6.0;0.2;-6.1;0.32;-6.17;0.38;-6.21;0.41;-6.23;0.43;-6.21;0.44;-6.21;0.44;-6.22;CACC
3776;19.9;25.9;0.7;8;80;6;Successful;Effective;No;No;No;No;No;No;0.0;-6.0;0.2;-6.1;0.32;-6.17;0.38;-6.21;0.41;-6.23;0.43;-6.21;0.44;-6.21;0.44;-6.22;CACC
3777;19.9;25.9;0.7;10;80;6;Successful;Effective;No;No;No;No;No;No;0.0;-6.0;0.2;-6.1;0.32;-6.17;0.38;-6.21;0.41;-6.23;0.43;-6.21;0.44;-6.21;0.44;-6.22;CACC
3778;19.9;25.9;0.7;5;100;6;Successful;Effective;No;No;No;No;No;No;0.0;-6.0;0.25;-6.1;0.39;-6.18;0.47;-6.23;0.51;-6.25;0.54;-6.23;0.55;-6.23;0.55;-6.25;CACC
3779;19.9;25.9;0.7;8;100;6;Successful;Effective;No;No;No;No;No;No;0.0;-6.0;0.25;-6.1;0.39;-6.18;0.47;-6.23;0.51;-6.25;0.54;-6.23;0.55;-6.23;0.55;-6.25;CACC
3780;19.9;25.9;0.7;10;100;6;Successful;Effective;No;No;No;No;No;No;0.0;-6.0;0.25;-6.1;0.39;-6.18;0.47;-6.23;0.51;-6.25;0.54;-6.23;0.55;-6.23;0.55;-6.25;CACC
3781;19.9;25.9;0.7;5;80;7;Successful;Effective;No;No;No;No;No;No;0.0;-7.0;0.2;-7.11;0.32;-7.19;0.38;-7.24;0.41;-7.26;0.43;-7.24;0.44;-7.23;0.44;-7.25;CACC
3782;19.9;25.9;0.7;8;80;7;Successful;Effective;No;No;No;No;No;No;0.0;-7.0;0.2;-7.11;0.32;-7.19;0.38;-7.24;0.41;-7.26;0.43;-7.24;0.44;-7.23;0.44;-7.25;CACC
3783;19.9;25.9;0.7;10;80;7;Successful;Effective;No;No;No;No;No;No;0.0;-7.0;0.2;-7.11;0.32;-7.19;0.38;-7.24;0.41;-7.26;0.43;-7.24;0.44;-7.23;0.44;-7.25;CACC
3784;19.9;25.9;0.7;5;100;7;Successful;Effective;No;No;No;No;No;No;0.0;-7.0;0.25;-7.12;0.39;-7.2;0.47;-7.25;0.51;-7.27;0.54;-7.26;0.55;-7.25;0.55;-7.27;CACC
3785;19.9;25.9;0.7;8;100;7;Successful;Effective;No;No;No;No;No;No;0.0;-7.0;0.25;-7.12;0.39;-7.2;0.47;-7.25;0.51;-7.27;0.54;-7.26;0.55;-7.25;0.55;-7.27;CACC
3786;19.9;25.9;0.7;10;100;7;Successful;Effective;No;No;No;No;No;No;0.0;-7.0;0.25;-7.12;0.39;-7.2;0.47;-7.25;0.51;-7.27;0.54;-7.26;0.55;-7.25;0.55;-7.27;CACC
3787;19.9;25.9;0.7;5;80;8;Successful;Effective;No;No;No;No;No;No;0.0;-7.99;0.2;-8.13;0.32;-8.21;0.38;-8.26;0.41;-8.28;0.43;-8.26;0.44;-8.25;0.44;-8.27;CACC
3788;19.9;25.9;0.7;8;80;8;Successful;Effective;No;No;No;No;No;No;0.0;-7.99;0.2;-8.13;0.32;-8.21;0.38;-8.26;0.41;-8.28;0.43;-8.26;0.44;-8.25;0.44;-8.27;CACC
3789;19.9;25.9;0.7;10;80;8;Successful;Effective;No;No;No;No;No;No;0.0;-7.99;0.2;-8.13;0.32;-8.21;0.38;-8.26;0.41;-8.28;0.43;-8.26;0.44;-8.25;0.44;-8.27;CACC
3790;19.9;25.9;0.7;5;100;8;Successful;Effective;No;No;No;No;No;No;0.0;-8.0;0.25;-8.13;0.39;-8.22;0.47;-8.28;0.51;-8.3;0.54;-8.28;0.55;-8.27;0.55;-8.29;CACC
3791;19.9;25.9;0.7;8;100;8;Successful;Effective;No;No;No;No;No;No;0.0;-8.0;0.25;-8.13;0.39;-8.22;0.47;-8.28;0.51;-8.3;0.54;-8.28;0.55;-8.27;0.55;-8.29;CACC
3792;19.9;25.9;0.7;10;100;8;Successful;Effective;No;No;No;No;No;No;0.0;-8.0;0.25;-8.13;0.39;-8.22;0.47;-8.28;0.51;-8.3;0.54;-8.28;0.55;-8.27;0.55;-8.29;CACC
3793;19.9;25.9;0.8;5;80;5;Successful;Effective;No;No;No;No;No;No;0.0;-5.0;0.2;-5.08;0.32;-5.15;0.38;-5.19;0.41;-5.2;0.43;-5.19;0.44;-5.19;0.44;-5.2;CACC
3794;19.9;25.9;0.8;8;80;5;Successful;Effective;No;No;No;No;No;No;0.0;-5.0;0.2;-5.08;0.32;-5.15;0.38;-5.19;0.41;-5.2;0.43;-5.19;0.44;-5.19;0.44;-5.2;CACC
3795;19.9;25.9;0.8;10;80;5;Successful;Effective;No;No;No;No;No;No;0.0;-5.0;0.2;-5.08;0.32;-5.15;0.38;-5.19;0.41;-5.2;0.43;-5.19;0.44;-5.19;0.44;-5.2;CACC
3796;19.9;25.9;0.8;5;100;5;Successful;Effective;No;No;No;No;No;No;0.0;-5.0;0.25;-5.09;0.39;-5.16;0.47;-5.2;0.51;-5.22;0.54;-5.21;0.55;-5.21;0.55;-5.22;CACC
3797;19.9;25.9;0.8;8;100;5;Successful;Effective;No;No;No;No;No;No;0.0;-5.0;0.25;-5.09;0.39;-5.16;0.47;-5.2;0.51;-5.22;0.54;-5.21;0.55;-5.21;0.55;-5.22;CACC
3798;19.9;25.9;0.8;10;100;5;Successful;Effective;No;No;No;No;No;No;0.0;-5.0;0.25;-5.09;0.39;-5.16;0.47;-5.2;0.51;-5.22;0.54;-5.21;0.55;-5.21;0.55;-5.22;CACC
3799;19.9;25.9;0.8;5;80;6;Successful;Effective;No;No;No;No;No;No;0.0;-6.0;0.2;-6.1;0.32;-6.17;0.38;-6.21;0.41;-6.23;0.43;-6.21;0.44;-6.21;0.44;-6.22;CACC
3800;19.9;25.9;0.8;8;80;6;Successful;Effective;No;No;No;No;No;No;0.0;-6.0;0.2;-6.1;0.32;-6.17;0.38;-6.21;0.41;-6.23;0.43;-6.21;0.44;-6.21;0.44;-6.22;CACC
3801;19.9;25.9;0.8;10;80;6;Successful;Effective;No;No;No;No;No;No;0.0;-6.0;0.2;-6.1;0.32;-6.17;0.38;-6.21;0.41;-6.23;0.43;-6.21;0.44;-6.21;0.44;-6.22;CACC
3802;19.9;25.9;0.8;5;100;6;Successful;Effective;No;No;No;No;No;No;0.0;-6.0;0.25;-6.1;0.39;-6.18;0.47;-6.23;0.51;-6.25;0.54;-6.23;0.55;-6.23;0.55;-6.25;CACC
3803;19.9;25.9;0.8;8;100;6;Successful;Effective;No;No;No;No;No;No;0.0;-6.0;0.25;-6.1;0.39;-6.18;0.47;-6.23;0.51;-6.25;0.54;-6.23;0.55;-6.23;0.55;-6.25;CACC
3804;19.9;25.9;0.8;10;100;6;Successful;Effective;No;No;No;No;No;No;0.0;-6.0;0.25;-6.1;0.39;-6.18;0.47;-6.23;0.51;-6.25;0.54;-6.23;0.55;-6.23;0.55;-6.25;CACC
3805;19.9;25.9;0.8;5;80;7;Successful;Effective;No;No;No;No;No;No;0.0;-7.0;0.2;-7.11;0.32;-7.19;0.38;-7.24;0.41;-7.26;0.43;-7.24;0.44;-7.23;0.44;-7.25;CACC
3806;19.9;25.9;0.8;8;80;7;Successful;Effective;No;No;No;No;No;No;0.0;-7.0;0.2;-7.11;0.32;-7.19;0.38;-7.24;0.41;-7.26;0.43;-7.24;0.44;-7.23;0.44;-7.25;CACC
3807;19.9;25.9;0.8;10;80;7;Successful;Effective;No;No;No;No;No;No;0.0;-7.0;0.2;-7.11;0.32;-7.19;0.38;-7.24;0.41;-7.26;0.43;-7.24;0.44;-7.23;0.44;-7.25;CACC
3808;19.9;25.9;0.8;5;100;7;Successful;Effective;No;No;No;No;No;No;0.0;-7.0;0.25;-7.12;0.39;-7.2;0.47;-7.25;0.51;-7.27;0.54;-7.26;0.55;-7.25;0.55;-7.27;CACC
3809;19.9;25.9;0.8;8;100;7;Successful;Effective;No;No;No;No;No;No;0.0;-7.0;0.25;-7.12;0.39;-7.2;0.47;-7.25;0.51;-7.27;0.54;-7.26;0.55;-7.25;0.55;-7.27;CACC
3810;19.9;25.9;0.8;10;100;7;Successful;Effective;No;No;No;No;No;No;0.0;-7.0;0.25;-7.12;0.39;-7.2;0.47;-7.25;0.51;-7.27;0.54;-7.26;0.55;-7.25;0.55;-7.27;CACC
3811;19.9;25.9;0.8;5;80;8;Successful;Effective;No;No;No;No;No;No;0.0;-7.99;0.2;-8.13;0.32;-8.21;0.38;-8.26;0.41;-8.28;0.43;-8.26;0.44;-8.25;0.44;-8.27;CACC
3812;19.9;25.9;0.8;8;80;8;Successful;Effective;No;No;No;No;No;No;0.0;-7.99;0.2;-8.13;0.32;-8.21;0.38;-8.26;0.41;-8.28;0.43;-8.26;0.44;-8.25;0.44;-8.27;CACC
3813;19.9;25.9;0.8;10;80;8;Successful;Effective;No;No;No;No;No;No;0.0;-7.99;0.2;-8.13;0.32;-8.21;0.38;-8.26;0.41;-8.28;0.43;-8.26;0.44;-8.25;0.44;-8.27;CACC
3814;19.9;25.9;0.8;5;100;8;Successful;Effective;No;No;No;No;No;No;0.0;-8.0;0.25;-8.13;0.39;-8.22;0.47;-8.28;0.51;-8.3;0.54;-8.28;0.55;-8.27;0.55;-8.29;CACC
3815;19.9;25.9;0.8;8;100;8;Successful;Effective;No;No;No;No;No;No;0.0;-8.0;0.25;-8.13;0.39;-8.22;0.47;-8.28;0.51;-8.3;0.54;-8.28;0.55;-8.27;0.55;-8.29;CACC
3816;19.9;25.9;0.8;10;100;8;Successful;Effective;No;No;No;No;No;No;0.0;-8.0;0.25;-8.13;0.39;-8.22;0.47;-8.28;0.51;-8.3;0.54;-8.28;0.55;-8.27;0.55;-8.29;CACC
3817;19.9;25.9;0.9;5;80;5;Successful;Effective;No;No;No;No;No;No;0.0;-5.0;0.2;-5.08;0.32;-5.15;0.38;-5.19;0.41;-5.2;0.43;-5.19;0.44;-5.19;0.44;-5.2;CACC
3818;19.9;25.9;0.9;8;80;5;Successful;Effective;No;No;No;No;No;No;0.0;-5.0;0.2;-5.08;0.32;-5.15;0.38;-5.19;0.41;-5.2;0.43;-5.19;0.44;-5.19;0.44;-5.2;CACC
3819;19.9;25.9;0.9;10;80;5;Successful;Effective;No;No;No;No;No;No;0.0;-5.0;0.2;-5.08;0.32;-5.15;0.38;-5.19;0.41;-5.2;0.43;-5.19;0.44;-5.19;0.44;-5.2;CACC
3820;19.9;25.9;0.9;5;100;5;Successful;Effective;No;No;No;No;No;No;0.0;-5.0;0.25;-5.09;0.39;-5.16;0.47;-5.2;0.51;-5.22;0.54;-5.21;0.55;-5.21;0.55;-5.22;CACC
3821;19.9;25.9;0.9;8;100;5;Successful;Effective;No;No;No;No;No;No;0.0;-5.0;0.25;-5.09;0.39;-5.16;0.47;-5.2;0.51;-5.22;0.54;-5.21;0.55;-5.21;0.55;-5.22;CACC
3822;19.9;25.9;0.9;10;100;5;Successful;Effective;No;No;No;No;No;No;0.0;-5.0;0.25;-5.09;0.39;-5.16;0.47;-5.2;0.51;-5.22;0.54;-5.21;0.55;-5.21;0.55;-5.22;CACC
3823;19.9;25.9;0.9;5;80;6;Successful;Effective;No;No;No;No;No;No;0.0;-6.0;0.2;-6.1;0.32;-6.17;0.38;-6.21;0.41;-6.23;0.43;-6.21;0.44;-6.21;0.44;-6.22;CACC
3824;19.9;25.9;0.9;8;80;6;Successful;Effective;No;No;No;No;No;No;0.0;-6.0;0.2;-6.1;0.32;-6.17;0.38;-6.21;0.41;-6.23;0.43;-6.21;0.44;-6.21;0.44;-6.22;CACC
3825;19.9;25.9;0.9;10;80;6;Successful;Effective;No;No;No;No;No;No;0.0;-6.0;0.2;-6.1;0.32;-6.17;0.38;-6.21;0.41;-6.23;0.43;-6.21;0.44;-6.21;0.44;-6.22;CACC
3826;19.9;25.9;0.9;5;100;6;Successful;Effective;No;No;No;No;No;No;0.0;-6.0;0.25;-6.1;0.39;-6.18;0.47;-6.23;0.51;-6.25;0.54;-6.23;0.55;-6.23;0.55;-6.25;CACC
3827;19.9;25.9;0.9;8;100;6;Successful;Effective;No;No;No;No;No;No;0.0;-6.0;0.25;-6.1;0.39;-6.18;0.47;-6.23;0.51;-6.25;0.54;-6.23;0.55;-6.23;0.55;-6.25;CACC
3828;19.9;25.9;0.9;10;100;6;Successful;Effective;No;No;No;No;No;No;0.0;-6.0;0.25;-6.1;0.39;-6.18;0.47;-6.23;0.51;-6.25;0.54;-6.23;0.55;-6.23;0.55;-6.25;CACC
3829;19.9;25.9;0.9;5;80;7;Successful;Effective;No;No;No;No;No;No;0.0;-7.0;0.2;-7.11;0.32;-7.19;0.38;-7.24;0.41;-7.26;0.43;-7.24;0.44;-7.23;0.44;-7.25;CACC
3830;19.9;25.9;0.9;8;80;7;Successful;Effective;No;No;No;No;No;No;0.0;-7.0;0.2;-7.11;0.32;-7.19;0.38;-7.24;0.41;-7.26;0.43;-7.24;0.44;-7.23;0.44;-7.25;CACC
3831;19.9;25.9;0.9;10;80;7;Successful;Effective;No;No;No;No;No;No;0.0;-7.0;0.2;-7.11;0.32;-7.19;0.38;-7.24;0.41;-7.26;0.43;-7.24;0.44;-7.23;0.44;-7.25;CACC
3832;19.9;25.9;0.9;5;100;7;Successful;Effective;No;No;No;No;No;No;0.0;-7.0;0.25;-7.12;0.39;-7.2;0.47;-7.25;0.51;-7.27;0.54;-7.26;0.55;-7.25;0.55;-7.27;CACC
3833;19.9;25.9;0.9;8;100;7;Successful;Effective;No;No;No;No;No;No;0.0;-7.0;0.25;-7.12;0.39;-7.2;0.47;-7.25;0.51;-7.27;0.54;-7.26;0.55;-7.25;0.55;-7.27;CACC
3834;19.9;25.9;0.9;10;100;7;Successful;Effective;No;No;No;No;No;No;0.0;-7.0;0.25;-7.12;0.39;-7.2;0.47;-7.25;0.51;-7.27;0.54;-7.26;0.55;-7.25;0.55;-7.27;CACC
3835;19.9;25.9;0.9;5;80;8;Successful;Effective;No;No;No;No;No;No;0.0;-7.99;0.2;-8.13;0.32;-8.21;0.38;-8.26;0.41;-8.28;0.43;-8.26;0.44;-8.25;0.44;-8.27;CACC
3836;19.9;25.9;0.9;8;80;8;Successful;Effective;No;No;No;No;No;No;0.0;-7.99;0.2;-8.13;0.32;-8.21;0.38;-8.26;0.41;-8.28;0.43;-8.26;0.44;-8.25;0.44;-8.27;CACC
3837;19.9;25.9;0.9;10;80;8;Successful;Effective;No;No;No;No;No;No;0.0;-7.99;0.2;-8.13;0.32;-8.21;0.38;-8.26;0.41;-8.28;0.43;-8.26;0.44;-8.25;0.44;-8.27;CACC
3838;19.9;25.9;0.9;5;100;8;Successful;Effective;No;No;No;No;No;No;0.0;-8.0;0.25;-8.13;0.39;-8.22;0.47;-8.28;0.51;-8.3;0.54;-8.28;0.55;-8.27;0.55;-8.29;CACC
3839;19.9;25.9;0.9;8;100;8;Successful;Effective;No;No;No;No;No;No;0.0;-8.0;0.25;-8.13;0.39;-8.22;0.47;-8.28;0.51;-8.3;0.54;-8.28;0.55;-8.27;0.55;-8.29;CACC
3840;19.9;25.9;0.9;10;100;8;Successful;Effective;No;No;No;No;No;No;0.0;-8.0;0.25;-8.13;0.39;-8.22;0.47;-8.28;0.51;-8.3;0.54;-8.28;0.55;-8.27;0.55;-8.29;CACC
3841;20.0;26.0;0.6;5;80;5;Successful;Effective;No;No;No;No;No;No;0.0;-5.0;0.2;-5.08;0.32;-5.15;0.38;-5.19;0.41;-5.2;0.43;-5.19;0.44;-5.19;0.44;-5.2;CACC
3842;20.0;26.0;0.6;8;80;5;Successful;Effective;No;No;No;No;No;No;0.0;-5.0;0.2;-5.08;0.32;-5.15;0.38;-5.19;0.41;-5.2;0.43;-5.19;0.44;-5.19;0.44;-5.2;CACC
3843;20.0;26.0;0.6;10;80;5;Successful;Effective;No;No;No;No;No;No;0.0;-5.0;0.2;-5.08;0.32;-5.15;0.38;-5.19;0.41;-5.2;0.43;-5.19;0.44;-5.19;0.44;-5.2;CACC
3844;20.0;26.0;0.6;5;100;5;Successful;Effective;No;No;No;No;No;No;0.0;-5.0;0.25;-5.09;0.39;-5.16;0.47;-5.2;0.51;-5.22;0.54;-5.21;0.55;-5.21;0.55;-5.22;CACC
3845;20.0;26.0;0.6;8;100;5;Successful;Effective;No;No;No;No;No;No;0.0;-5.0;0.25;-5.09;0.39;-5.16;0.47;-5.2;0.51;-5.22;0.54;-5.21;0.55;-5.21;0.55;-5.22;CACC
3846;20.0;26.0;0.6;10;100;5;Successful;Effective;No;No;No;No;No;No;0.0;-5.0;0.25;-5.09;0.39;-5.16;0.47;-5.2;0.51;-5.22;0.54;-5.21;0.55;-5.21;0.55;-5.22;CACC
3847;20.0;26.0;0.6;5;80;6;Successful;Effective;No;No;No;No;No;No;0.0;-6.0;0.2;-6.1;0.32;-6.17;0.38;-6.21;0.41;-6.23;0.43;-6.21;0.44;-6.21;0.44;-6.22;CACC
3848;20.0;26.0;0.6;8;80;6;Successful;Effective;No;No;No;No;No;No;0.0;-6.0;0.2;-6.1;0.32;-6.17;0.38;-6.21;0.41;-6.23;0.43;-6.21;0.44;-6.21;0.44;-6.22;CACC
3849;20.0;26.0;0.6;10;80;6;Successful;Effective;No;No;No;No;No;No;0.0;-6.0;0.2;-6.1;0.32;-6.17;0.38;-6.21;0.41;-6.23;0.43;-6.21;0.44;-6.21;0.44;-6.22;CACC
3850;20.0;26.0;0.6;5;100;6;Successful;Effective;No;No;No;No;No;No;0.0;-6.0;0.25;-6.1;0.39;-6.18;0.47;-6.22;0.51;-6.25;0.54;-6.23;0.55;-6.23;0.55;-6.25;CACC
3851;20.0;26.0;0.6;8;100;6;Successful;Effective;No;No;No;No;No;No;0.0;-6.0;0.25;-6.1;0.39;-6.18;0.47;-6.22;0.51;-6.25;0.54;-6.23;0.55;-6.23;0.55;-6.25;CACC
3852;20.0;26.0;0.6;10;100;6;Successful;Effective;No;No;No;No;No;No;0.0;-6.0;0.25;-6.1;0.39;-6.18;0.47;-6.22;0.51;-6.25;0.54;-6.23;0.55;-6.23;0.55;-6.25;CACC
3853;20.0;26.0;0.6;5;80;7;Successful;Effective;No;No;No;No;No;No;0.0;-7.0;0.2;-7.11;0.32;-7.19;0.38;-7.24;0.41;-7.26;0.43;-7.24;0.44;-7.23;0.44;-7.25;CACC
3854;20.0;26.0;0.6;8;80;7;Successful;Effective;No;No;No;No;No;No;0.0;-7.0;0.2;-7.11;0.32;-7.19;0.38;-7.24;0.41;-7.26;0.43;-7.24;0.44;-7.23;0.44;-7.25;CACC
3855;20.0;26.0;0.6;10;80;7;Successful;Effective;No;No;No;No;No;No;0.0;-7.0;0.2;-7.11;0.32;-7.19;0.38;-7.24;0.41;-7.26;0.43;-7.24;0.44;-7.23;0.44;-7.25;CACC
3856;20.0;26.0;0.6;5;100;7;Successful;Effective;No;No;No;No;No;No;0.0;-7.0;0.25;-7.12;0.39;-7.2;0.47;-7.25;0.51;-7.27;0.54;-7.26;0.55;-7.25;0.55;-7.27;CACC
3857;20.0;26.0;0.6;8;100;7;Successful;Effective;No;No;No;No;No;No;0.0;-7.0;0.25;-7.12;0.39;-7.2;0.47;-7.25;0.51;-7.27;0.54;-7.26;0.55;-7.25;0.55;-7.27;CACC
3858;20.0;26.0;0.6;10;100;7;Successful;Effective;No;No;No;No;No;No;0.0;-7.0;0.25;-7.12;0.39;-7.2;0.47;-7.25;0.51;-7.27;0.54;-7.26;0.55;-7.25;0.55;-7.27;CACC
3859;20.0;26.0;0.6;5;80;8;Successful;Effective;No;No;No;No;No;No;0.0;-7.99;0.2;-8.13;0.32;-8.21;0.38;-8.26;0.41;-8.28;0.43;-8.26;0.44;-8.25;0.44;-8.27;CACC
3860;20.0;26.0;0.6;8;80;8;Successful;Effective;No;No;No;No;No;No;0.0;-7.99;0.2;-8.13;0.32;-8.21;0.38;-8.26;0.41;-8.28;0.43;-8.26;0.44;-8.25;0.44;-8.27;CACC
3861;20.0;26.0;0.6;10;80;8;Successful;Effective;No;No;No;No;No;No;0.0;-7.99;0.2;-8.13;0.32;-8.21;0.38;-8.26;0.41;-8.28;0.43;-8.26;0.44;-8.25;0.44;-8.27;CACC
3862;20.0;26.0;0.6;5;100;8;Successful;Effective;No;No;No;No;No;No;0.0;-8.0;0.25;-8.13;0.39;-8.22;0.47;-8.28;0.51;-8.3;0.54;-8.28;0.55;-8.27;0.55;-8.29;CACC
3863;20.0;26.0;0.6;8;100;8;Successful;Effective;No;No;No;No;No;No;0.0;-8.0;0.25;-8.13;0.39;-8.22;0.47;-8.28;0.51;-8.3;0.54;-8.28;0.55;-8.27;0.55;-8.29;CACC
3864;20.0;26.0;0.6;10;100;8;Successful;Effective;No;No;No;No;No;No;0.0;-8.0;0.25;-8.13;0.39;-8.22;0.47;-8.28;0.51;-8.3;0.54;-8.28;0.55;-8.27;0.55;-8.29;CACC
3865;20.0;26.0;0.7;5;80;5;Successful;Effective;No;No;No;No;No;No;0.0;-5.0;0.2;-5.08;0.32;-5.15;0.38;-5.19;0.41;-5.2;0.43;-5.19;0.44;-5.19;0.44;-5.2;CACC
3866;20.0;26.0;0.7;8;80;5;Successful;Effective;No;No;No;No;No;No;0.0;-5.0;0.2;-5.08;0.32;-5.15;0.38;-5.19;0.41;-5.2;0.43;-5.19;0.44;-5.19;0.44;-5.2;CACC
3867;20.0;26.0;0.7;10;80;5;Successful;Effective;No;No;No;No;No;No;0.0;-5.0;0.2;-5.08;0.32;-5.15;0.38;-5.19;0.41;-5.2;0.43;-5.19;0.44;-5.19;0.44;-5.2;CACC
3868;20.0;26.0;0.7;5;100;5;Successful;Effective;No;No;No;No;No;No;0.0;-5.0;0.25;-5.09;0.39;-5.16;0.47;-5.2;0.51;-5.22;0.54;-5.21;0.55;-5.21;0.55;-5.22;CACC
3869;20.0;26.0;0.7;8;100;5;Successful;Effective;No;No;No;No;No;No;0.0;-5.0;0.25;-5.09;0.39;-5.16;0.47;-5.2;0.51;-5.22;0.54;-5.21;0.55;-5.21;0.55;-5.22;CACC
3870;20.0;26.0;0.7;10;100;5;Successful;Effective;No;No;No;No;No;No;0.0;-5.0;0.25;-5.09;0.39;-5.16;0.47;-5.2;0.51;-5.22;0.54;-5.21;0.55;-5.21;0.55;-5.22;CACC
3871;20.0;26.0;0.7;5;80;6;Successful;Effective;No;No;No;No;No;No;0.0;-6.0;0.2;-6.1;0.32;-6.17;0.38;-6.21;0.41;-6.23;0.43;-6.21;0.44;-6.21;0.44;-6.22;CACC
3872;20.0;26.0;0.7;8;80;6;Successful;Effective;No;No;No;No;No;No;0.0;-6.0;0.2;-6.1;0.32;-6.17;0.38;-6.21;0.41;-6.23;0.43;-6.21;0.44;-6.21;0.44;-6.22;CACC
3873;20.0;26.0;0.7;10;80;6;Successful;Effective;No;No;No;No;No;No;0.0;-6.0;0.2;-6.1;0.32;-6.17;0.38;-6.21;0.41;-6.23;0.43;-6.21;0.44;-6.21;0.44;-6.22;CACC
3874;20.0;26.0;0.7;5;100;6;Successful;Effective;No;No;No;No;No;No;0.0;-6.0;0.25;-6.1;0.39;-6.18;0.47;-6.22;0.51;-6.25;0.54;-6.23;0.55;-6.23;0.55;-6.25;CACC
3875;20.0;26.0;0.7;8;100;6;Successful;Effective;No;No;No;No;No;No;0.0;-6.0;0.25;-6.1;0.39;-6.18;0.47;-6.22;0.51;-6.25;0.54;-6.23;0.55;-6.23;0.55;-6.25;CACC
3876;20.0;26.0;0.7;10;100;6;Successful;Effective;No;No;No;No;No;No;0.0;-6.0;0.25;-6.1;0.39;-6.18;0.47;-6.22;0.51;-6.25;0.54;-6.23;0.55;-6.23;0.55;-6.25;CACC
3877;20.0;26.0;0.7;5;80;7;Successful;Effective;No;No;No;No;No;No;0.0;-7.0;0.2;-7.11;0.32;-7.19;0.38;-7.24;0.41;-7.26;0.43;-7.24;0.44;-7.23;0.44;-7.25;CACC
3878;20.0;26.0;0.7;8;80;7;Successful;Effective;No;No;No;No;No;No;0.0;-7.0;0.2;-7.11;0.32;-7.19;0.38;-7.24;0.41;-7.26;0.43;-7.24;0.44;-7.23;0.44;-7.25;CACC
3879;20.0;26.0;0.7;10;80;7;Successful;Effective;No;No;No;No;No;No;0.0;-7.0;0.2;-7.11;0.32;-7.19;0.38;-7.24;0.41;-7.26;0.43;-7.24;0.44;-7.23;0.44;-7.25;CACC
3880;20.0;26.0;0.7;5;100;7;Successful;Effective;No;No;No;No;No;No;0.0;-7.0;0.25;-7.12;0.39;-7.2;0.47;-7.25;0.51;-7.27;0.54;-7.26;0.55;-7.25;0.55;-7.27;CACC
3881;20.0;26.0;0.7;8;100;7;Successful;Effective;No;No;No;No;No;No;0.0;-7.0;0.25;-7.12;0.39;-7.2;0.47;-7.25;0.51;-7.27;0.54;-7.26;0.55;-7.25;0.55;-7.27;CACC
3882;20.0;26.0;0.7;10;100;7;Successful;Effective;No;No;No;No;No;No;0.0;-7.0;0.25;-7.12;0.39;-7.2;0.47;-7.25;0.51;-7.27;0.54;-7.26;0.55;-7.25;0.55;-7.27;CACC
3883;20.0;26.0;0.7;5;80;8;Successful;Effective;No;No;No;No;No;No;0.0;-7.99;0.2;-8.13;0.32;-8.21;0.38;-8.26;0.41;-8.28;0.43;-8.26;0.44;-8.25;0.44;-8.27;CACC
3884;20.0;26.0;0.7;8;80;8;Successful;Effective;No;No;No;No;No;No;0.0;-7.99;0.2;-8.13;0.32;-8.21;0.38;-8.26;0.41;-8.28;0.43;-8.26;0.44;-8.25;0.44;-8.27;CACC
3885;20.0;26.0;0.7;10;80;8;Successful;Effective;No;No;No;No;No;No;0.0;-7.99;0.2;-8.13;0.32;-8.21;0.38;-8.26;0.41;-8.28;0.43;-8.26;0.44;-8.25;0.44;-8.27;CACC
3886;20.0;26.0;0.7;5;100;8;Successful;Effective;No;No;No;No;No;No;0.0;-8.0;0.25;-8.13;0.39;-8.22;0.47;-8.28;0.51;-8.3;0.54;-8.28;0.55;-8.27;0.55;-8.29;CACC
3887;20.0;26.0;0.7;8;100;8;Successful;Effective;No;No;No;No;No;No;0.0;-8.0;0.25;-8.13;0.39;-8.22;0.47;-8.28;0.51;-8.3;0.54;-8.28;0.55;-8.27;0.55;-8.29;CACC
3888;20.0;26.0;0.7;10;100;8;Successful;Effective;No;No;No;No;No;No;0.0;-8.0;0.25;-8.13;0.39;-8.22;0.47;-8.28;0.51;-8.3;0.54;-8.28;0.55;-8.27;0.55;-8.29;CACC
3889;20.0;26.0;0.8;5;80;5;Successful;Effective;No;No;No;No;No;No;0.0;-5.0;0.2;-5.08;0.32;-5.15;0.38;-5.19;0.41;-5.2;0.43;-5.19;0.44;-5.19;0.44;-5.2;CACC
3890;20.0;26.0;0.8;8;80;5;Successful;Effective;No;No;No;No;No;No;0.0;-5.0;0.2;-5.08;0.32;-5.15;0.38;-5.19;0.41;-5.2;0.43;-5.19;0.44;-5.19;0.44;-5.2;CACC
3891;20.0;26.0;0.8;10;80;5;Successful;Effective;No;No;No;No;No;No;0.0;-5.0;0.2;-5.08;0.32;-5.15;0.38;-5.19;0.41;-5.2;0.43;-5.19;0.44;-5.19;0.44;-5.2;CACC
3892;20.0;26.0;0.8;5;100;5;Successful;Effective;No;No;No;No;No;No;0.0;-5.0;0.25;-5.09;0.39;-5.16;0.47;-5.2;0.51;-5.22;0.54;-5.21;0.55;-5.21;0.55;-5.22;CACC
3893;20.0;26.0;0.8;8;100;5;Successful;Effective;No;No;No;No;No;No;0.0;-5.0;0.25;-5.09;0.39;-5.16;0.47;-5.2;0.51;-5.22;0.54;-5.21;0.55;-5.21;0.55;-5.22;CACC
3894;20.0;26.0;0.8;10;100;5;Successful;Effective;No;No;No;No;No;No;0.0;-5.0;0.25;-5.09;0.39;-5.16;0.47;-5.2;0.51;-5.22;0.54;-5.21;0.55;-5.21;0.55;-5.22;CACC
3895;20.0;26.0;0.8;5;80;6;Successful;Effective;No;No;No;No;No;No;0.0;-6.0;0.2;-6.1;0.32;-6.17;0.38;-6.21;0.41;-6.23;0.43;-6.21;0.44;-6.21;0.44;-6.22;CACC
3896;20.0;26.0;0.8;8;80;6;Successful;Effective;No;No;No;No;No;No;0.0;-6.0;0.2;-6.1;0.32;-6.17;0.38;-6.21;0.41;-6.23;0.43;-6.21;0.44;-6.21;0.44;-6.22;CACC
3897;20.0;26.0;0.8;10;80;6;Successful;Effective;No;No;No;No;No;No;0.0;-6.0;0.2;-6.1;0.32;-6.17;0.38;-6.21;0.41;-6.23;0.43;-6.21;0.44;-6.21;0.44;-6.22;CACC
3898;20.0;26.0;0.8;5;100;6;Successful;Effective;No;No;No;No;No;No;0.0;-6.0;0.25;-6.1;0.39;-6.18;0.47;-6.22;0.51;-6.25;0.54;-6.23;0.55;-6.23;0.55;-6.25;CACC
3899;20.0;26.0;0.8;8;100;6;Successful;Effective;No;No;No;No;No;No;0.0;-6.0;0.25;-6.1;0.39;-6.18;0.47;-6.22;0.51;-6.25;0.54;-6.23;0.55;-6.23;0.55;-6.25;CACC
3900;20.0;26.0;0.8;10;100;6;Successful;Effective;No;No;No;No;No;No;0.0;-6.0;0.25;-6.1;0.39;-6.18;0.47;-6.22;0.51;-6.25;0.54;-6.23;0.55;-6.23;0.55;-6.25;CACC
3901;20.0;26.0;0.8;5;80;7;Successful;Effective;No;No;No;No;No;No;0.0;-7.0;0.2;-7.11;0.32;-7.19;0.38;-7.24;0.41;-7.26;0.43;-7.24;0.44;-7.23;0.44;-7.25;CACC
3902;20.0;26.0;0.8;8;80;7;Successful;Effective;No;No;No;No;No;No;0.0;-7.0;0.2;-7.11;0.32;-7.19;0.38;-7.24;0.41;-7.26;0.43;-7.24;0.44;-7.23;0.44;-7.25;CACC
3903;20.0;26.0;0.8;10;80;7;Successful;Effective;No;No;No;No;No;No;0.0;-7.0;0.2;-7.11;0.32;-7.19;0.38;-7.24;0.41;-7.26;0.43;-7.24;0.44;-7.23;0.44;-7.25;CACC
3904;20.0;26.0;0.8;5;100;7;Successful;Effective;No;No;No;No;No;No;0.0;-7.0;0.25;-7.12;0.39;-7.2;0.47;-7.25;0.51;-7.27;0.54;-7.26;0.55;-7.25;0.55;-7.27;CACC
3905;20.0;26.0;0.8;8;100;7;Successful;Effective;No;No;No;No;No;No;0.0;-7.0;0.25;-7.12;0.39;-7.2;0.47;-7.25;0.51;-7.27;0.54;-7.26;0.55;-7.25;0.55;-7.27;CACC
3906;20.0;26.0;0.8;10;100;7;Successful;Effective;No;No;No;No;No;No;0.0;-7.0;0.25;-7.12;0.39;-7.2;0.47;-7.25;0.51;-7.27;0.54;-7.26;0.55;-7.25;0.55;-7.27;CACC
3907;20.0;26.0;0.8;5;80;8;Successful;Effective;No;No;No;No;No;No;0.0;-7.99;0.2;-8.13;0.32;-8.21;0.38;-8.26;0.41;-8.28;0.43;-8.26;0.44;-8.25;0.44;-8.27;CACC
3908;20.0;26.0;0.8;8;80;8;Successful;Effective;No;No;No;No;No;No;0.0;-7.99;0.2;-8.13;0.32;-8.21;0.38;-8.26;0.41;-8.28;0.43;-8.26;0.44;-8.25;0.44;-8.27;CACC
3909;20.0;26.0;0.8;10;80;8;Successful;Effective;No;No;No;No;No;No;0.0;-7.99;0.2;-8.13;0.32;-8.21;0.38;-8.26;0.41;-8.28;0.43;-8.26;0.44;-8.25;0.44;-8.27;CACC
3910;20.0;26.0;0.8;5;100;8;Successful;Effective;No;No;No;No;No;No;0.0;-8.0;0.25;-8.13;0.39;-8.22;0.47;-8.28;0.51;-8.3;0.54;-8.28;0.55;-8.27;0.55;-8.29;CACC
3911;20.0;26.0;0.8;8;100;8;Successful;Effective;No;No;No;No;No;No;0.0;-8.0;0.25;-8.13;0.39;-8.22;0.47;-8.28;0.51;-8.3;0.54;-8.28;0.55;-8.27;0.55;-8.29;CACC
3912;20.0;26.0;0.8;10;100;8;Successful;Effective;No;No;No;No;No;No;0.0;-8.0;0.25;-8.13;0.39;-8.22;0.47;-8.28;0.51;-8.3;0.54;-8.28;0.55;-8.27;0.55;-8.29;CACC
3913;20.0;26.0;0.9;5;80;5;Successful;Effective;No;No;No;No;No;No;0.0;-5.0;0.2;-5.08;0.32;-5.15;0.38;-5.19;0.41;-5.2;0.43;-5.19;0.44;-5.19;0.44;-5.2;CACC
3914;20.0;26.0;0.9;8;80;5;Successful;Effective;No;No;No;No;No;No;0.0;-5.0;0.2;-5.08;0.32;-5.15;0.38;-5.19;0.41;-5.2;0.43;-5.19;0.44;-5.19;0.44;-5.2;CACC
3915;20.0;26.0;0.9;10;80;5;Successful;Effective;No;No;No;No;No;No;0.0;-5.0;0.2;-5.08;0.32;-5.15;0.38;-5.19;0.41;-5.2;0.43;-5.19;0.44;-5.19;0.44;-5.2;CACC
3916;20.0;26.0;0.9;5;100;5;Successful;Effective;No;No;No;No;No;No;0.0;-5.0;0.25;-5.09;0.39;-5.16;0.47;-5.2;0.51;-5.22;0.54;-5.21;0.55;-5.21;0.55;-5.22;CACC
3917;20.0;26.0;0.9;8;100;5;Successful;Effective;No;No;No;No;No;No;0.0;-5.0;0.25;-5.09;0.39;-5.16;0.47;-5.2;0.51;-5.22;0.54;-5.21;0.55;-5.21;0.55;-5.22;CACC
3918;20.0;26.0;0.9;10;100;5;Successful;Effective;No;No;No;No;No;No;0.0;-5.0;0.25;-5.09;0.39;-5.16;0.47;-5.2;0.51;-5.22;0.54;-5.21;0.55;-5.21;0.55;-5.22;CACC
3919;20.0;26.0;0.9;5;80;6;Successful;Effective;No;No;No;No;No;No;0.0;-6.0;0.2;-6.1;0.32;-6.17;0.38;-6.21;0.41;-6.23;0.43;-6.21;0.44;-6.21;0.44;-6.22;CACC
3920;20.0;26.0;0.9;8;80;6;Successful;Effective;No;No;No;No;No;No;0.0;-6.0;0.2;-6.1;0.32;-6.17;0.38;-6.21;0.41;-6.23;0.43;-6.21;0.44;-6.21;0.44;-6.22;CACC
3921;20.0;26.0;0.9;10;80;6;Successful;Effective;No;No;No;No;No;No;0.0;-6.0;0.2;-6.1;0.32;-6.17;0.38;-6.21;0.41;-6.23;0.43;-6.21;0.44;-6.21;0.44;-6.22;CACC
3922;20.0;26.0;0.9;5;100;6;Successful;Effective;No;No;No;No;No;No;0.0;-6.0;0.25;-6.1;0.39;-6.18;0.47;-6.22;0.51;-6.25;0.54;-6.23;0.55;-6.23;0.55;-6.25;CACC
3923;20.0;26.0;0.9;8;100;6;Successful;Effective;No;No;No;No;No;No;0.0;-6.0;0.25;-6.1;0.39;-6.18;0.47;-6.22;0.51;-6.25;0.54;-6.23;0.55;-6.23;0.55;-6.25;CACC
3924;20.0;26.0;0.9;10;100;6;Successful;Effective;No;No;No;No;No;No;0.0;-6.0;0.25;-6.1;0.39;-6.18;0.47;-6.22;0.51;-6.25;0.54;-6.23;0.55;-6.23;0.55;-6.25;CACC
3925;20.0;26.0;0.9;5;80;7;Successful;Effective;No;No;No;No;No;No;0.0;-7.0;0.2;-7.11;0.32;-7.19;0.38;-7.24;0.41;-7.26;0.43;-7.24;0.44;-7.23;0.44;-7.25;CACC
3926;20.0;26.0;0.9;8;80;7;Successful;Effective;No;No;No;No;No;No;0.0;-7.0;0.2;-7.11;0.32;-7.19;0.38;-7.24;0.41;-7.26;0.43;-7.24;0.44;-7.23;0.44;-7.25;CACC
3927;20.0;26.0;0.9;10;80;7;Successful;Effective;No;No;No;No;No;No;0.0;-7.0;0.2;-7.11;0.32;-7.19;0.38;-7.24;0.41;-7.26;0.43;-7.24;0.44;-7.23;0.44;-7.25;CACC
3928;20.0;26.0;0.9;5;100;7;Successful;Effective;No;No;No;No;No;No;0.0;-7.0;0.25;-7.12;0.39;-7.2;0.47;-7.25;0.51;-7.27;0.54;-7.26;0.55;-7.25;0.55;-7.27;CACC
3929;20.0;26.0;0.9;8;100;7;Successful;Effective;No;No;No;No;No;No;0.0;-7.0;0.25;-7.12;0.39;-7.2;0.47;-7.25;0.51;-7.27;0.54;-7.26;0.55;-7.25;0.55;-7.27;CACC
3930;20.0;26.0;0.9;10;100;7;Successful;Effective;No;No;No;No;No;No;0.0;-7.0;0.25;-7.12;0.39;-7.2;0.47;-7.25;0.51;-7.27;0.54;-7.26;0.55;-7.25;0.55;-7.27;CACC
3931;20.0;26.0;0.9;5;80;8;Successful;Effective;No;No;No;No;No;No;0.0;-7.99;0.2;-8.13;0.32;-8.21;0.38;-8.26;0.41;-8.28;0.43;-8.26;0.44;-8.25;0.44;-8.27;CACC
3932;20.0;26.0;0.9;8;80;8;Successful;Effective;No;No;No;No;No;No;0.0;-7.99;0.2;-8.13;0.32;-8.21;0.38;-8.26;0.41;-8.28;0.43;-8.26;0.44;-8.25;0.44;-8.27;CACC
3933;20.0;26.0;0.9;10;80;8;Successful;Effective;No;No;No;No;No;No;0.0;-7.99;0.2;-8.13;0.32;-8.21;0.38;-8.26;0.41;-8.28;0.43;-8.26;0.44;-8.25;0.44;-8.27;CACC
3934;20.0;26.0;0.9;5;100;8;Successful;Effective;No;No;No;No;No;No;0.0;-8.0;0.25;-8.13;0.39;-8.22;0.47;-8.28;0.51;-8.3;0.54;-8.28;0.55;-8.27;0.55;-8.29;CACC
3935;20.0;26.0;0.9;8;100;8;Successful;Effective;No;No;No;No;No;No;0.0;-8.0;0.25;-8.13;0.39;-8.22;0.47;-8.28;0.51;-8.3;0.54;-8.28;0.55;-8.27;0.55;-8.29;CACC
3936;20.0;26.0;0.9;10;100;8;Successful;Effective;No;No;No;No;No;No;0.0;-8.0;0.25;-8.13;0.39;-8.22;0.47;-8.28;0.51;-8.3;0.54;-8.28;0.55;-8.27;0.55;-8.29;CACC
3937;20.1;26.1;0.6;5;80;5;Successful;Effective;No;No;No;No;No;No;0.0;-5.0;0.2;-5.08;0.32;-5.15;0.38;-5.19;0.41;-5.2;0.43;-5.19;0.44;-5.19;0.44;-5.2;CACC
3938;20.1;26.1;0.6;8;80;5;Successful;Effective;No;No;No;No;No;No;0.0;-5.0;0.2;-5.08;0.32;-5.15;0.38;-5.19;0.41;-5.2;0.43;-5.19;0.44;-5.19;0.44;-5.2;CACC
3939;20.1;26.1;0.6;10;80;5;Successful;Effective;No;No;No;No;No;No;0.0;-5.0;0.2;-5.08;0.32;-5.15;0.38;-5.19;0.41;-5.2;0.43;-5.19;0.44;-5.19;0.44;-5.2;CACC
3940;20.1;26.1;0.6;5;100;5;Successful;Effective;No;No;No;No;No;No;0.0;-5.0;0.25;-5.09;0.39;-5.16;0.47;-5.2;0.51;-5.22;0.54;-5.21;0.55;-5.21;0.55;-5.22;CACC
3941;20.1;26.1;0.6;8;100;5;Successful;Effective;No;No;No;No;No;No;0.0;-5.0;0.25;-5.09;0.39;-5.16;0.47;-5.2;0.51;-5.22;0.54;-5.21;0.55;-5.21;0.55;-5.22;CACC
3942;20.1;26.1;0.6;10;100;5;Successful;Effective;No;No;No;No;No;No;0.0;-5.0;0.25;-5.09;0.39;-5.16;0.47;-5.2;0.51;-5.22;0.54;-5.21;0.55;-5.21;0.55;-5.22;CACC
3943;20.1;26.1;0.6;5;80;6;Successful;Effective;No;No;No;No;No;No;0.0;-6.0;0.2;-6.1;0.32;-6.17;0.38;-6.21;0.41;-6.23;0.43;-6.21;0.44;-6.21;0.44;-6.22;CACC
3944;20.1;26.1;0.6;8;80;6;Successful;Effective;No;No;No;No;No;No;0.0;-6.0;0.2;-6.1;0.32;-6.17;0.38;-6.21;0.41;-6.23;0.43;-6.21;0.44;-6.21;0.44;-6.22;CACC
3945;20.1;26.1;0.6;10;80;6;Successful;Effective;No;No;No;No;No;No;0.0;-6.0;0.2;-6.1;0.32;-6.17;0.38;-6.21;0.41;-6.23;0.43;-6.21;0.44;-6.21;0.44;-6.22;CACC
3946;20.1;26.1;0.6;5;100;6;Successful;Effective;No;No;No;No;No;No;0.0;-6.0;0.25;-6.1;0.39;-6.18;0.47;-6.22;0.51;-6.25;0.54;-6.23;0.55;-6.23;0.55;-6.25;CACC
3947;20.1;26.1;0.6;8;100;6;Successful;Effective;No;No;No;No;No;No;0.0;-6.0;0.25;-6.1;0.39;-6.18;0.47;-6.22;0.51;-6.25;0.54;-6.23;0.55;-6.23;0.55;-6.25;CACC
3948;20.1;26.1;0.6;10;100;6;Successful;Effective;No;No;No;No;No;No;0.0;-6.0;0.25;-6.1;0.39;-6.18;0.47;-6.22;0.51;-6.25;0.54;-6.23;0.55;-6.23;0.55;-6.25;CACC
3949;20.1;26.1;0.6;5;80;7;Successful;Effective;No;No;No;No;No;No;0.0;-7.0;0.2;-7.11;0.32;-7.19;0.38;-7.24;0.41;-7.26;0.43;-7.23;0.44;-7.23;0.44;-7.25;CACC
3950;20.1;26.1;0.6;8;80;7;Successful;Effective;No;No;No;No;No;No;0.0;-7.0;0.2;-7.11;0.32;-7.19;0.38;-7.24;0.41;-7.26;0.43;-7.23;0.44;-7.23;0.44;-7.25;CACC
3951;20.1;26.1;0.6;10;80;7;Successful;Effective;No;No;No;No;No;No;0.0;-7.0;0.2;-7.11;0.32;-7.19;0.38;-7.24;0.41;-7.26;0.43;-7.23;0.44;-7.23;0.44;-7.25;CACC
3952;20.1;26.1;0.6;5;100;7;Successful;Effective;No;No;No;No;No;No;0.0;-7.0;0.25;-7.12;0.39;-7.2;0.47;-7.25;0.51;-7.27;0.54;-7.25;0.55;-7.25;0.55;-7.27;CACC
3953;20.1;26.1;0.6;8;100;7;Successful;Effective;No;No;No;No;No;No;0.0;-7.0;0.25;-7.12;0.39;-7.2;0.47;-7.25;0.51;-7.27;0.54;-7.25;0.55;-7.25;0.55;-7.27;CACC
3954;20.1;26.1;0.6;10;100;7;Successful;Effective;No;No;No;No;No;No;0.0;-7.0;0.25;-7.12;0.39;-7.2;0.47;-7.25;0.51;-7.27;0.54;-7.25;0.55;-7.25;0.55;-7.27;CACC
3955;20.1;26.1;0.6;5;80;8;Successful;Effective;No;No;No;No;No;No;0.0;-7.99;0.2;-8.13;0.32;-8.21;0.38;-8.26;0.41;-8.28;0.43;-8.26;0.44;-8.25;0.44;-8.27;CACC
3956;20.1;26.1;0.6;8;80;8;Successful;Effective;No;No;No;No;No;No;0.0;-7.99;0.2;-8.13;0.32;-8.21;0.38;-8.26;0.41;-8.28;0.43;-8.26;0.44;-8.25;0.44;-8.27;CACC
3957;20.1;26.1;0.6;10;80;8;Successful;Effective;No;No;No;No;No;No;0.0;-7.99;0.2;-8.13;0.32;-8.21;0.38;-8.26;0.41;-8.28;0.43;-8.26;0.44;-8.25;0.44;-8.27;CACC
3958;20.1;26.1;0.6;5;100;8;Successful;Effective;No;No;No;No;No;No;0.0;-8.0;0.25;-8.13;0.39;-8.22;0.47;-8.28;0.51;-8.3;0.54;-8.28;0.55;-8.27;0.55;-8.29;CACC
3959;20.1;26.1;0.6;8;100;8;Successful;Effective;No;No;No;No;No;No;0.0;-8.0;0.25;-8.13;0.39;-8.22;0.47;-8.28;0.51;-8.3;0.54;-8.28;0.55;-8.27;0.55;-8.29;CACC
3960;20.1;26.1;0.6;10;100;8;Successful;Effective;No;No;No;No;No;No;0.0;-8.0;0.25;-8.13;0.39;-8.22;0.47;-8.28;0.51;-8.3;0.54;-8.28;0.55;-8.27;0.55;-8.29;CACC
3961;20.1;26.1;0.7;5;80;5;Successful;Effective;No;No;No;No;No;No;0.0;-5.0;0.2;-5.08;0.32;-5.15;0.38;-5.19;0.41;-5.2;0.43;-5.19;0.44;-5.19;0.44;-5.2;CACC
3962;20.1;26.1;0.7;8;80;5;Successful;Effective;No;No;No;No;No;No;0.0;-5.0;0.2;-5.08;0.32;-5.15;0.38;-5.19;0.41;-5.2;0.43;-5.19;0.44;-5.19;0.44;-5.2;CACC
3963;20.1;26.1;0.7;10;80;5;Successful;Effective;No;No;No;No;No;No;0.0;-5.0;0.2;-5.08;0.32;-5.15;0.38;-5.19;0.41;-5.2;0.43;-5.19;0.44;-5.19;0.44;-5.2;CACC
3964;20.1;26.1;0.7;5;100;5;Successful;Effective;No;No;No;No;No;No;0.0;-5.0;0.25;-5.09;0.39;-5.16;0.47;-5.2;0.51;-5.22;0.54;-5.21;0.55;-5.21;0.55;-5.22;CACC
3965;20.1;26.1;0.7;8;100;5;Successful;Effective;No;No;No;No;No;No;0.0;-5.0;0.25;-5.09;0.39;-5.16;0.47;-5.2;0.51;-5.22;0.54;-5.21;0.55;-5.21;0.55;-5.22;CACC
3966;20.1;26.1;0.7;10;100;5;Successful;Effective;No;No;No;No;No;No;0.0;-5.0;0.25;-5.09;0.39;-5.16;0.47;-5.2;0.51;-5.22;0.54;-5.21;0.55;-5.21;0.55;-5.22;CACC
3967;20.1;26.1;0.7;5;80;6;Successful;Effective;No;No;No;No;No;No;0.0;-6.0;0.2;-6.1;0.32;-6.17;0.38;-6.21;0.41;-6.23;0.43;-6.21;0.44;-6.21;0.44;-6.22;CACC
3968;20.1;26.1;0.7;8;80;6;Successful;Effective;No;No;No;No;No;No;0.0;-6.0;0.2;-6.1;0.32;-6.17;0.38;-6.21;0.41;-6.23;0.43;-6.21;0.44;-6.21;0.44;-6.22;CACC
3969;20.1;26.1;0.7;10;80;6;Successful;Effective;No;No;No;No;No;No;0.0;-6.0;0.2;-6.1;0.32;-6.17;0.38;-6.21;0.41;-6.23;0.43;-6.21;0.44;-6.21;0.44;-6.22;CACC
3970;20.1;26.1;0.7;5;100;6;Successful;Effective;No;No;No;No;No;No;0.0;-6.0;0.25;-6.1;0.39;-6.18;0.47;-6.22;0.51;-6.25;0.54;-6.23;0.55;-6.23;0.55;-6.25;CACC
3971;20.1;26.1;0.7;8;100;6;Successful;Effective;No;No;No;No;No;No;0.0;-6.0;0.25;-6.1;0.39;-6.18;0.47;-6.22;0.51;-6.25;0.54;-6.23;0.55;-6.23;0.55;-6.25;CACC
3972;20.1;26.1;0.7;10;100;6;Successful;Effective;No;No;No;No;No;No;0.0;-6.0;0.25;-6.1;0.39;-6.18;0.47;-6.22;0.51;-6.25;0.54;-6.23;0.55;-6.23;0.55;-6.25;CACC
3973;20.1;26.1;0.7;5;80;7;Successful;Effective;No;No;No;No;No;No;0.0;-7.0;0.2;-7.11;0.32;-7.19;0.38;-7.24;0.41;-7.26;0.43;-7.23;0.44;-7.23;0.44;-7.25;CACC
3974;20.1;26.1;0.7;8;80;7;Successful;Effective;No;No;No;No;No;No;0.0;-7.0;0.2;-7.11;0.32;-7.19;0.38;-7.24;0.41;-7.26;0.43;-7.23;0.44;-7.23;0.44;-7.25;CACC
3975;20.1;26.1;0.7;10;80;7;Successful;Effective;No;No;No;No;No;No;0.0;-7.0;0.2;-7.11;0.32;-7.19;0.38;-7.24;0.41;-7.26;0.43;-7.23;0.44;-7.23;0.44;-7.25;CACC
3976;20.1;26.1;0.7;5;100;7;Successful;Effective;No;No;No;No;No;No;0.0;-7.0;0.25;-7.12;0.39;-7.2;0.47;-7.25;0.51;-7.27;0.54;-7.25;0.55;-7.25;0.55;-7.27;CACC
3977;20.1;26.1;0.7;8;100;7;Successful;Effective;No;No;No;No;No;No;0.0;-7.0;0.25;-7.12;0.39;-7.2;0.47;-7.25;0.51;-7.27;0.54;-7.25;0.55;-7.25;0.55;-7.27;CACC
3978;20.1;26.1;0.7;10;100;7;Successful;Effective;No;No;No;No;No;No;0.0;-7.0;0.25;-7.12;0.39;-7.2;0.47;-7.25;0.51;-7.27;0.54;-7.25;0.55;-7.25;0.55;-7.27;CACC
3979;20.1;26.1;0.7;5;80;8;Successful;Effective;No;No;No;No;No;No;0.0;-7.99;0.2;-8.13;0.32;-8.21;0.38;-8.26;0.41;-8.28;0.43;-8.26;0.44;-8.25;0.44;-8.27;CACC
3980;20.1;26.1;0.7;8;80;8;Successful;Effective;No;No;No;No;No;No;0.0;-7.99;0.2;-8.13;0.32;-8.21;0.38;-8.26;0.41;-8.28;0.43;-8.26;0.44;-8.25;0.44;-8.27;CACC
3981;20.1;26.1;0.7;10;80;8;Successful;Effective;No;No;No;No;No;No;0.0;-7.99;0.2;-8.13;0.32;-8.21;0.38;-8.26;0.41;-8.28;0.43;-8.26;0.44;-8.25;0.44;-8.27;CACC
3982;20.1;26.1;0.7;5;100;8;Successful;Effective;No;No;No;No;No;No;0.0;-8.0;0.25;-8.13;0.39;-8.22;0.47;-8.28;0.51;-8.3;0.54;-8.28;0.55;-8.27;0.55;-8.29;CACC
3983;20.1;26.1;0.7;8;100;8;Successful;Effective;No;No;No;No;No;No;0.0;-8.0;0.25;-8.13;0.39;-8.22;0.47;-8.28;0.51;-8.3;0.54;-8.28;0.55;-8.27;0.55;-8.29;CACC
3984;20.1;26.1;0.7;10;100;8;Successful;Effective;No;No;No;No;No;No;0.0;-8.0;0.25;-8.13;0.39;-8.22;0.47;-8.28;0.51;-8.3;0.54;-8.28;0.55;-8.27;0.55;-8.29;CACC
3985;20.1;26.1;0.8;5;80;5;Successful;Effective;No;No;No;No;No;No;0.0;-5.0;0.2;-5.08;0.32;-5.15;0.38;-5.19;0.41;-5.2;0.43;-5.19;0.44;-5.19;0.44;-5.2;CACC
3986;20.1;26.1;0.8;8;80;5;Successful;Effective;No;No;No;No;No;No;0.0;-5.0;0.2;-5.08;0.32;-5.15;0.38;-5.19;0.41;-5.2;0.43;-5.19;0.44;-5.19;0.44;-5.2;CACC
3987;20.1;26.1;0.8;10;80;5;Successful;Effective;No;No;No;No;No;No;0.0;-5.0;0.2;-5.08;0.32;-5.15;0.38;-5.19;0.41;-5.2;0.43;-5.19;0.44;-5.19;0.44;-5.2;CACC
3988;20.1;26.1;0.8;5;100;5;Successful;Effective;No;No;No;No;No;No;0.0;-5.0;0.25;-5.09;0.39;-5.16;0.47;-5.2;0.51;-5.22;0.54;-5.21;0.55;-5.21;0.55;-5.22;CACC
3989;20.1;26.1;0.8;8;100;5;Successful;Effective;No;No;No;No;No;No;0.0;-5.0;0.25;-5.09;0.39;-5.16;0.47;-5.2;0.51;-5.22;0.54;-5.21;0.55;-5.21;0.55;-5.22;CACC
3990;20.1;26.1;0.8;10;100;5;Successful;Effective;No;No;No;No;No;No;0.0;-5.0;0.25;-5.09;0.39;-5.16;0.47;-5.2;0.51;-5.22;0.54;-5.21;0.55;-5.21;0.55;-5.22;CACC
3991;20.1;26.1;0.8;5;80;6;Successful;Effective;No;No;No;No;No;No;0.0;-6.0;0.2;-6.1;0.32;-6.17;0.38;-6.21;0.41;-6.23;0.43;-6.21;0.44;-6.21;0.44;-6.22;CACC
3992;20.1;26.1;0.8;8;80;6;Successful;Effective;No;No;No;No;No;No;0.0;-6.0;0.2;-6.1;0.32;-6.17;0.38;-6.21;0.41;-6.23;0.43;-6.21;0.44;-6.21;0.44;-6.22;CACC
3993;20.1;26.1;0.8;10;80;6;Successful;Effective;No;No;No;No;No;No;0.0;-6.0;0.2;-6.1;0.32;-6.17;0.38;-6.21;0.41;-6.23;0.43;-6.21;0.44;-6.21;0.44;-6.22;CACC
3994;20.1;26.1;0.8;5;100;6;Successful;Effective;No;No;No;No;No;No;0.0;-6.0;0.25;-6.1;0.39;-6.18;0.47;-6.22;0.51;-6.25;0.54;-6.23;0.55;-6.23;0.55;-6.25;CACC
3995;20.1;26.1;0.8;8;100;6;Successful;Effective;No;No;No;No;No;No;0.0;-6.0;0.25;-6.1;0.39;-6.18;0.47;-6.22;0.51;-6.25;0.54;-6.23;0.55;-6.23;0.55;-6.25;CACC
3996;20.1;26.1;0.8;10;100;6;Successful;Effective;No;No;No;No;No;No;0.0;-6.0;0.25;-6.1;0.39;-6.18;0.47;-6.22;0.51;-6.25;0.54;-6.23;0.55;-6.23;0.55;-6.25;CACC
3997;20.1;26.1;0.8;5;80;7;Successful;Effective;No;No;No;No;No;No;0.0;-7.0;0.2;-7.11;0.32;-7.19;0.38;-7.24;0.41;-7.26;0.43;-7.23;0.44;-7.23;0.44;-7.25;CACC
3998;20.1;26.1;0.8;8;80;7;Successful;Effective;No;No;No;No;No;No;0.0;-7.0;0.2;-7.11;0.32;-7.19;0.38;-7.24;0.41;-7.26;0.43;-7.23;0.44;-7.23;0.44;-7.25;CACC
3999;20.1;26.1;0.8;10;80;7;Successful;Effective;No;No;No;No;No;No;0.0;-7.0;0.2;-7.11;0.32;-7.19;0.38;-7.24;0.41;-7.26;0.43;-7.23;0.44;-7.23;0.44;-7.25;CACC
4000;20.1;26.1;0.8;5;100;7;Successful;Effective;No;No;No;No;No;No;0.0;-7.0;0.25;-7.12;0.39;-7.2;0.47;-7.25;0.51;-7.27;0.54;-7.25;0.55;-7.25;0.55;-7.27;CACC
4001;20.1;26.1;0.8;8;100;7;Successful;Effective;No;No;No;No;No;No;0.0;-7.0;0.25;-7.12;0.39;-7.2;0.47;-7.25;0.51;-7.27;0.54;-7.25;0.55;-7.25;0.55;-7.27;CACC
4002;20.1;26.1;0.8;10;100;7;Successful;Effective;No;No;No;No;No;No;0.0;-7.0;0.25;-7.12;0.39;-7.2;0.47;-7.25;0.51;-7.27;0.54;-7.25;0.55;-7.25;0.55;-7.27;CACC
4003;20.1;26.1;0.8;5;80;8;Successful;Effective;No;No;No;No;No;No;0.0;-7.99;0.2;-8.13;0.32;-8.21;0.38;-8.26;0.41;-8.28;0.43;-8.26;0.44;-8.25;0.44;-8.27;CACC
4004;20.1;26.1;0.8;8;80;8;Successful;Effective;No;No;No;No;No;No;0.0;-7.99;0.2;-8.13;0.32;-8.21;0.38;-8.26;0.41;-8.28;0.43;-8.26;0.44;-8.25;0.44;-8.27;CACC
4005;20.1;26.1;0.8;10;80;8;Successful;Effective;No;No;No;No;No;No;0.0;-7.99;0.2;-8.13;0.32;-8.21;0.38;-8.26;0.41;-8.28;0.43;-8.26;0.44;-8.25;0.44;-8.27;CACC
4006;20.1;26.1;0.8;5;100;8;Successful;Effective;No;No;No;No;No;No;0.0;-8.0;0.25;-8.13;0.39;-8.22;0.47;-8.28;0.51;-8.3;0.54;-8.28;0.55;-8.27;0.55;-8.29;CACC
4007;20.1;26.1;0.8;8;100;8;Successful;Effective;No;No;No;No;No;No;0.0;-8.0;0.25;-8.13;0.39;-8.22;0.47;-8.28;0.51;-8.3;0.54;-8.28;0.55;-8.27;0.55;-8.29;CACC
4008;20.1;26.1;0.8;10;100;8;Successful;Effective;No;No;No;No;No;No;0.0;-8.0;0.25;-8.13;0.39;-8.22;0.47;-8.28;0.51;-8.3;0.54;-8.28;0.55;-8.27;0.55;-8.29;CACC
4009;20.1;26.1;0.9;5;80;5;Successful;Effective;No;No;No;No;No;No;0.0;-5.0;0.2;-5.08;0.32;-5.15;0.38;-5.19;0.41;-5.2;0.43;-5.19;0.44;-5.19;0.44;-5.2;CACC
4010;20.1;26.1;0.9;8;80;5;Successful;Effective;No;No;No;No;No;No;0.0;-5.0;0.2;-5.08;0.32;-5.15;0.38;-5.19;0.41;-5.2;0.43;-5.19;0.44;-5.19;0.44;-5.2;CACC
4011;20.1;26.1;0.9;10;80;5;Successful;Effective;No;No;No;No;No;No;0.0;-5.0;0.2;-5.08;0.32;-5.15;0.38;-5.19;0.41;-5.2;0.43;-5.19;0.44;-5.19;0.44;-5.2;CACC
4012;20.1;26.1;0.9;5;100;5;Successful;Effective;No;No;No;No;No;No;0.0;-5.0;0.25;-5.09;0.39;-5.16;0.47;-5.2;0.51;-5.22;0.54;-5.21;0.55;-5.21;0.55;-5.22;CACC
4013;20.1;26.1;0.9;8;100;5;Successful;Effective;No;No;No;No;No;No;0.0;-5.0;0.25;-5.09;0.39;-5.16;0.47;-5.2;0.51;-5.22;0.54;-5.21;0.55;-5.21;0.55;-5.22;CACC
4014;20.1;26.1;0.9;10;100;5;Successful;Effective;No;No;No;No;No;No;0.0;-5.0;0.25;-5.09;0.39;-5.16;0.47;-5.2;0.51;-5.22;0.54;-5.21;0.55;-5.21;0.55;-5.22;CACC
4015;20.1;26.1;0.9;5;80;6;Successful;Effective;No;No;No;No;No;No;0.0;-6.0;0.2;-6.1;0.32;-6.17;0.38;-6.21;0.41;-6.23;0.43;-6.21;0.44;-6.21;0.44;-6.22;CACC
4016;20.1;26.1;0.9;8;80;6;Successful;Effective;No;No;No;No;No;No;0.0;-6.0;0.2;-6.1;0.32;-6.17;0.38;-6.21;0.41;-6.23;0.43;-6.21;0.44;-6.21;0.44;-6.22;CACC
4017;20.1;26.1;0.9;10;80;6;Successful;Effective;No;No;No;No;No;No;0.0;-6.0;0.2;-6.1;0.32;-6.17;0.38;-6.21;0.41;-6.23;0.43;-6.21;0.44;-6.21;0.44;-6.22;CACC
4018;20.1;26.1;0.9;5;100;6;Successful;Effective;No;No;No;No;No;No;0.0;-6.0;0.25;-6.1;0.39;-6.18;0.47;-6.22;0.51;-6.25;0.54;-6.23;0.55;-6.23;0.55;-6.25;CACC
4019;20.1;26.1;0.9;8;100;6;Successful;Effective;No;No;No;No;No;No;0.0;-6.0;0.25;-6.1;0.39;-6.18;0.47;-6.22;0.51;-6.25;0.54;-6.23;0.55;-6.23;0.55;-6.25;CACC
4020;20.1;26.1;0.9;10;100;6;Successful;Effective;No;No;No;No;No;No;0.0;-6.0;0.25;-6.1;0.39;-6.18;0.47;-6.22;0.51;-6.25;0.54;-6.23;0.55;-6.23;0.55;-6.25;CACC
4021;20.1;26.1;0.9;5;80;7;Successful;Effective;No;No;No;No;No;No;0.0;-7.0;0.2;-7.11;0.32;-7.19;0.38;-7.24;0.41;-7.26;0.43;-7.23;0.44;-7.23;0.44;-7.25;CACC
4022;20.1;26.1;0.9;8;80;7;Successful;Effective;No;No;No;No;No;No;0.0;-7.0;0.2;-7.11;0.32;-7.19;0.38;-7.24;0.41;-7.26;0.43;-7.23;0.44;-7.23;0.44;-7.25;CACC
4023;20.1;26.1;0.9;10;80;7;Successful;Effective;No;No;No;No;No;No;0.0;-7.0;0.2;-7.11;0.32;-7.19;0.38;-7.24;0.41;-7.26;0.43;-7.23;0.44;-7.23;0.44;-7.25;CACC
4024;20.1;26.1;0.9;5;100;7;Successful;Effective;No;No;No;No;No;No;0.0;-7.0;0.25;-7.12;0.39;-7.2;0.47;-7.25;0.51;-7.27;0.54;-7.25;0.55;-7.25;0.55;-7.27;CACC
4025;20.1;26.1;0.9;8;100;7;Successful;Effective;No;No;No;No;No;No;0.0;-7.0;0.25;-7.12;0.39;-7.2;0.47;-7.25;0.51;-7.27;0.54;-7.25;0.55;-7.25;0.55;-7.27;CACC
4026;20.1;26.1;0.9;10;100;7;Successful;Effective;No;No;No;No;No;No;0.0;-7.0;0.25;-7.12;0.39;-7.2;0.47;-7.25;0.51;-7.27;0.54;-7.25;0.55;-7.25;0.55;-7.27;CACC
4027;20.1;26.1;0.9;5;80;8;Successful;Effective;No;No;No;No;No;No;0.0;-7.99;0.2;-8.13;0.32;-8.21;0.38;-8.26;0.41;-8.28;0.43;-8.26;0.44;-8.25;0.44;-8.27;CACC
4028;20.1;26.1;0.9;8;80;8;Successful;Effective;No;No;No;No;No;No;0.0;-7.99;0.2;-8.13;0.32;-8.21;0.38;-8.26;0.41;-8.28;0.43;-8.26;0.44;-8.25;0.44;-8.27;CACC
4029;20.1;26.1;0.9;10;80;8;Successful;Effective;No;No;No;No;No;No;0.0;-7.99;0.2;-8.13;0.32;-8.21;0.38;-8.26;0.41;-8.28;0.43;-8.26;0.44;-8.25;0.44;-8.27;CACC
4030;20.1;26.1;0.9;5;100;8;Successful;Effective;No;No;No;No;No;No;0.0;-8.0;0.25;-8.13;0.39;-8.22;0.47;-8.28;0.51;-8.3;0.54;-8.28;0.55;-8.27;0.55;-8.29;CACC
4031;20.1;26.1;0.9;8;100;8;Successful;Effective;No;No;No;No;No;No;0.0;-8.0;0.25;-8.13;0.39;-8.22;0.47;-8.28;0.51;-8.3;0.54;-8.28;0.55;-8.27;0.55;-8.29;CACC
4032;20.1;26.1;0.9;10;100;8;Successful;Effective;No;No;No;No;No;No;0.0;-8.0;0.25;-8.13;0.39;-8.22;0.47;-8.28;0.51;-8.3;0.54;-8.28;0.55;-8.27;0.55;-8.29;CACC
4033;20.2;26.2;0.6;5;80;5;Successful;Effective;No;No;No;No;No;No;0.0;-5.0;0.2;-5.08;0.32;-5.15;0.38;-5.19;0.41;-5.2;0.43;-5.19;0.44;-5.19;0.44;-5.2;CACC
4034;20.2;26.2;0.6;8;80;5;Successful;Effective;No;No;No;No;No;No;0.0;-5.0;0.2;-5.08;0.32;-5.15;0.38;-5.19;0.41;-5.2;0.43;-5.19;0.44;-5.19;0.44;-5.2;CACC
4035;20.2;26.2;0.6;10;80;5;Successful;Effective;No;No;No;No;No;No;0.0;-5.0;0.2;-5.08;0.32;-5.15;0.38;-5.19;0.41;-5.2;0.43;-5.19;0.44;-5.19;0.44;-5.2;CACC
4036;20.2;26.2;0.6;5;100;5;Successful;Effective;No;No;No;No;No;No;0.0;-5.0;0.25;-5.09;0.39;-5.16;0.47;-5.2;0.51;-5.22;0.54;-5.21;0.55;-5.21;0.55;-5.22;CACC
4037;20.2;26.2;0.6;8;100;5;Successful;Effective;No;No;No;No;No;No;0.0;-5.0;0.25;-5.09;0.39;-5.16;0.47;-5.2;0.51;-5.22;0.54;-5.21;0.55;-5.21;0.55;-5.22;CACC
4038;20.2;26.2;0.6;10;100;5;Successful;Effective;No;No;No;No;No;No;0.0;-5.0;0.25;-5.09;0.39;-5.16;0.47;-5.2;0.51;-5.22;0.54;-5.21;0.55;-5.21;0.55;-5.22;CACC
4039;20.2;26.2;0.6;5;80;6;Successful;Effective;No;No;No;No;No;No;0.0;-6.0;0.2;-6.1;0.32;-6.17;0.38;-6.21;0.41;-6.23;0.43;-6.21;0.44;-6.21;0.44;-6.22;CACC
4040;20.2;26.2;0.6;8;80;6;Successful;Effective;No;No;No;No;No;No;0.0;-6.0;0.2;-6.1;0.32;-6.17;0.38;-6.21;0.41;-6.23;0.43;-6.21;0.44;-6.21;0.44;-6.22;CACC
4041;20.2;26.2;0.6;10;80;6;Successful;Effective;No;No;No;No;No;No;0.0;-6.0;0.2;-6.1;0.32;-6.17;0.38;-6.21;0.41;-6.23;0.43;-6.21;0.44;-6.21;0.44;-6.22;CACC
4042;20.2;26.2;0.6;5;100;6;Successful;Effective;No;No;No;No;No;No;0.0;-6.0;0.25;-6.1;0.39;-6.18;0.47;-6.22;0.51;-6.25;0.54;-6.23;0.55;-6.23;0.55;-6.25;CACC
4043;20.2;26.2;0.6;8;100;6;Successful;Effective;No;No;No;No;No;No;0.0;-6.0;0.25;-6.1;0.39;-6.18;0.47;-6.22;0.51;-6.25;0.54;-6.23;0.55;-6.23;0.55;-6.25;CACC
4044;20.2;26.2;0.6;10;100;6;Successful;Effective;No;No;No;No;No;No;0.0;-6.0;0.25;-6.1;0.39;-6.18;0.47;-6.22;0.51;-6.25;0.54;-6.23;0.55;-6.23;0.55;-6.25;CACC
4045;20.2;26.2;0.6;5;80;7;Successful;Effective;No;No;No;No;No;No;0.0;-7.0;0.2;-7.11;0.32;-7.19;0.38;-7.24;0.41;-7.26;0.43;-7.23;0.44;-7.23;0.44;-7.25;CACC
4046;20.2;26.2;0.6;8;80;7;Successful;Effective;No;No;No;No;No;No;0.0;-7.0;0.2;-7.11;0.32;-7.19;0.38;-7.24;0.41;-7.26;0.43;-7.23;0.44;-7.23;0.44;-7.25;CACC
4047;20.2;26.2;0.6;10;80;7;Successful;Effective;No;No;No;No;No;No;0.0;-7.0;0.2;-7.11;0.32;-7.19;0.38;-7.24;0.41;-7.26;0.43;-7.23;0.44;-7.23;0.44;-7.25;CACC
4048;20.2;26.2;0.6;5;100;7;Successful;Effective;No;No;No;No;No;No;0.0;-7.0;0.25;-7.12;0.39;-7.2;0.47;-7.25;0.51;-7.27;0.54;-7.25;0.55;-7.25;0.55;-7.27;CACC
4049;20.2;26.2;0.6;8;100;7;Successful;Effective;No;No;No;No;No;No;0.0;-7.0;0.25;-7.12;0.39;-7.2;0.47;-7.25;0.51;-7.27;0.54;-7.25;0.55;-7.25;0.55;-7.27;CACC
4050;20.2;26.2;0.6;10;100;7;Successful;Effective;No;No;No;No;No;No;0.0;-7.0;0.25;-7.12;0.39;-7.2;0.47;-7.25;0.51;-7.27;0.54;-7.25;0.55;-7.25;0.55;-7.27;CACC
4051;20.2;26.2;0.6;5;80;8;Successful;Effective;No;No;No;No;No;No;0.0;-7.99;0.2;-8.13;0.32;-8.21;0.38;-8.26;0.41;-8.28;0.43;-8.25;0.44;-8.25;0.44;-8.27;CACC
4052;20.2;26.2;0.6;8;80;8;Successful;Effective;No;No;No;No;No;No;0.0;-7.99;0.2;-8.13;0.32;-8.21;0.38;-8.26;0.41;-8.28;0.43;-8.25;0.44;-8.25;0.44;-8.27;CACC
4053;20.2;26.2;0.6;10;80;8;Successful;Effective;No;No;No;No;No;No;0.0;-7.99;0.2;-8.13;0.32;-8.21;0.38;-8.26;0.41;-8.28;0.43;-8.25;0.44;-8.25;0.44;-8.27;CACC
4054;20.2;26.2;0.6;5;100;8;Successful;Effective;No;No;No;No;No;No;0.0;-8.0;0.25;-8.13;0.39;-8.22;0.47;-8.28;0.51;-8.3;0.54;-8.27;0.55;-8.27;0.55;-8.29;CACC
4055;20.2;26.2;0.6;8;100;8;Successful;Effective;No;No;No;No;No;No;0.0;-8.0;0.25;-8.13;0.39;-8.22;0.47;-8.28;0.51;-8.3;0.54;-8.27;0.55;-8.27;0.55;-8.29;CACC
4056;20.2;26.2;0.6;10;100;8;Successful;Effective;No;No;No;No;No;No;0.0;-8.0;0.25;-8.13;0.39;-8.22;0.47;-8.28;0.51;-8.3;0.54;-8.27;0.55;-8.27;0.55;-8.29;CACC
4057;20.2;26.2;0.7;5;80;5;Successful;Effective;No;No;No;No;No;No;0.0;-5.0;0.2;-5.08;0.32;-5.15;0.38;-5.19;0.41;-5.2;0.43;-5.19;0.44;-5.19;0.44;-5.2;CACC
4058;20.2;26.2;0.7;8;80;5;Successful;Effective;No;No;No;No;No;No;0.0;-5.0;0.2;-5.08;0.32;-5.15;0.38;-5.19;0.41;-5.2;0.43;-5.19;0.44;-5.19;0.44;-5.2;CACC
4059;20.2;26.2;0.7;10;80;5;Successful;Effective;No;No;No;No;No;No;0.0;-5.0;0.2;-5.08;0.32;-5.15;0.38;-5.19;0.41;-5.2;0.43;-5.19;0.44;-5.19;0.44;-5.2;CACC
4060;20.2;26.2;0.7;5;100;5;Successful;Effective;No;No;No;No;No;No;0.0;-5.0;0.25;-5.09;0.39;-5.16;0.47;-5.2;0.51;-5.22;0.54;-5.21;0.55;-5.21;0.55;-5.22;CACC
4061;20.2;26.2;0.7;8;100;5;Successful;Effective;No;No;No;No;No;No;0.0;-5.0;0.25;-5.09;0.39;-5.16;0.47;-5.2;0.51;-5.22;0.54;-5.21;0.55;-5.21;0.55;-5.22;CACC
4062;20.2;26.2;0.7;10;100;5;Successful;Effective;No;No;No;No;No;No;0.0;-5.0;0.25;-5.09;0.39;-5.16;0.47;-5.2;0.51;-5.22;0.54;-5.21;0.55;-5.21;0.55;-5.22;CACC
4063;20.2;26.2;0.7;5;80;6;Successful;Effective;No;No;No;No;No;No;0.0;-6.0;0.2;-6.1;0.32;-6.17;0.38;-6.21;0.41;-6.23;0.43;-6.21;0.44;-6.21;0.44;-6.22;CACC
4064;20.2;26.2;0.7;8;80;6;Successful;Effective;No;No;No;No;No;No;0.0;-6.0;0.2;-6.1;0.32;-6.17;0.38;-6.21;0.41;-6.23;0.43;-6.21;0.44;-6.21;0.44;-6.22;CACC
4065;20.2;26.2;0.7;10;80;6;Successful;Effective;No;No;No;No;No;No;0.0;-6.0;0.2;-6.1;0.32;-6.17;0.38;-6.21;0.41;-6.23;0.43;-6.21;0.44;-6.21;0.44;-6.22;CACC
4066;20.2;26.2;0.7;5;100;6;Successful;Effective;No;No;No;No;No;No;0.0;-6.0;0.25;-6.1;0.39;-6.18;0.47;-6.22;0.51;-6.25;0.54;-6.23;0.55;-6.23;0.55;-6.25;CACC
4067;20.2;26.2;0.7;8;100;6;Successful;Effective;No;No;No;No;No;No;0.0;-6.0;0.25;-6.1;0.39;-6.18;0.47;-6.22;0.51;-6.25;0.54;-6.23;0.55;-6.23;0.55;-6.25;CACC
4068;20.2;26.2;0.7;10;100;6;Successful;Effective;No;No;No;No;No;No;0.0;-6.0;0.25;-6.1;0.39;-6.18;0.47;-6.22;0.51;-6.25;0.54;-6.23;0.55;-6.23;0.55;-6.25;CACC
4069;20.2;26.2;0.7;5;80;7;Successful;Effective;No;No;No;No;No;No;0.0;-7.0;0.2;-7.11;0.32;-7.19;0.38;-7.24;0.41;-7.26;0.43;-7.23;0.44;-7.23;0.44;-7.25;CACC
4070;20.2;26.2;0.7;8;80;7;Successful;Effective;No;No;No;No;No;No;0.0;-7.0;0.2;-7.11;0.32;-7.19;0.38;-7.24;0.41;-7.26;0.43;-7.23;0.44;-7.23;0.44;-7.25;CACC
4071;20.2;26.2;0.7;10;80;7;Successful;Effective;No;No;No;No;No;No;0.0;-7.0;0.2;-7.11;0.32;-7.19;0.38;-7.24;0.41;-7.26;0.43;-7.23;0.44;-7.23;0.44;-7.25;CACC
4072;20.2;26.2;0.7;5;100;7;Successful;Effective;No;No;No;No;No;No;0.0;-7.0;0.25;-7.12;0.39;-7.2;0.47;-7.25;0.51;-7.27;0.54;-7.25;0.55;-7.25;0.55;-7.27;CACC
4073;20.2;26.2;0.7;8;100;7;Successful;Effective;No;No;No;No;No;No;0.0;-7.0;0.25;-7.12;0.39;-7.2;0.47;-7.25;0.51;-7.27;0.54;-7.25;0.55;-7.25;0.55;-7.27;CACC
4074;20.2;26.2;0.7;10;100;7;Successful;Effective;No;No;No;No;No;No;0.0;-7.0;0.25;-7.12;0.39;-7.2;0.47;-7.25;0.51;-7.27;0.54;-7.25;0.55;-7.25;0.55;-7.27;CACC
4075;20.2;26.2;0.7;5;80;8;Successful;Effective;No;No;No;No;No;No;0.0;-7.99;0.2;-8.13;0.32;-8.21;0.38;-8.26;0.41;-8.28;0.43;-8.25;0.44;-8.25;0.44;-8.27;CACC
4076;20.2;26.2;0.7;8;80;8;Successful;Effective;No;No;No;No;No;No;0.0;-7.99;0.2;-8.13;0.32;-8.21;0.38;-8.26;0.41;-8.28;0.43;-8.25;0.44;-8.25;0.44;-8.27;CACC
4077;20.2;26.2;0.7;10;80;8;Successful;Effective;No;No;No;No;No;No;0.0;-7.99;0.2;-8.13;0.32;-8.21;0.38;-8.26;0.41;-8.28;0.43;-8.25;0.44;-8.25;0.44;-8.27;CACC
4078;20.2;26.2;0.7;5;100;8;Successful;Effective;No;No;No;No;No;No;0.0;-8.0;0.25;-8.13;0.39;-8.22;0.47;-8.28;0.51;-8.3;0.54;-8.27;0.55;-8.27;0.55;-8.29;CACC
4079;20.2;26.2;0.7;8;100;8;Successful;Effective;No;No;No;No;No;No;0.0;-8.0;0.25;-8.13;0.39;-8.22;0.47;-8.28;0.51;-8.3;0.54;-8.27;0.55;-8.27;0.55;-8.29;CACC
4080;20.2;26.2;0.7;10;100;8;Successful;Effective;No;No;No;No;No;No;0.0;-8.0;0.25;-8.13;0.39;-8.22;0.47;-8.28;0.51;-8.3;0.54;-8.27;0.55;-8.27;0.55;-8.29;CACC
4081;20.2;26.2;0.8;5;80;5;Successful;Effective;No;No;No;No;No;No;0.0;-5.0;0.2;-5.08;0.32;-5.15;0.38;-5.19;0.41;-5.2;0.43;-5.19;0.44;-5.19;0.44;-5.2;CACC
4082;20.2;26.2;0.8;8;80;5;Successful;Effective;No;No;No;No;No;No;0.0;-5.0;0.2;-5.08;0.32;-5.15;0.38;-5.19;0.41;-5.2;0.43;-5.19;0.44;-5.19;0.44;-5.2;CACC
4083;20.2;26.2;0.8;10;80;5;Successful;Effective;No;No;No;No;No;No;0.0;-5.0;0.2;-5.08;0.32;-5.15;0.38;-5.19;0.41;-5.2;0.43;-5.19;0.44;-5.19;0.44;-5.2;CACC
4084;20.2;26.2;0.8;5;100;5;Successful;Effective;No;No;No;No;No;No;0.0;-5.0;0.25;-5.09;0.39;-5.16;0.47;-5.2;0.51;-5.22;0.54;-5.21;0.55;-5.21;0.55;-5.22;CACC
4085;20.2;26.2;0.8;8;100;5;Successful;Effective;No;No;No;No;No;No;0.0;-5.0;0.25;-5.09;0.39;-5.16;0.47;-5.2;0.51;-5.22;0.54;-5.21;0.55;-5.21;0.55;-5.22;CACC
4086;20.2;26.2;0.8;10;100;5;Successful;Effective;No;No;No;No;No;No;0.0;-5.0;0.25;-5.09;0.39;-5.16;0.47;-5.2;0.51;-5.22;0.54;-5.21;0.55;-5.21;0.55;-5.22;CACC
4087;20.2;26.2;0.8;5;80;6;Successful;Effective;No;No;No;No;No;No;0.0;-6.0;0.2;-6.1;0.32;-6.17;0.38;-6.21;0.41;-6.23;0.43;-6.21;0.44;-6.21;0.44;-6.22;CACC
4088;20.2;26.2;0.8;8;80;6;Successful;Effective;No;No;No;No;No;No;0.0;-6.0;0.2;-6.1;0.32;-6.17;0.38;-6.21;0.41;-6.23;0.43;-6.21;0.44;-6.21;0.44;-6.22;CACC
4089;20.2;26.2;0.8;10;80;6;Successful;Effective;No;No;No;No;No;No;0.0;-6.0;0.2;-6.1;0.32;-6.17;0.38;-6.21;0.41;-6.23;0.43;-6.21;0.44;-6.21;0.44;-6.22;CACC
4090;20.2;26.2;0.8;5;100;6;Successful;Effective;No;No;No;No;No;No;0.0;-6.0;0.25;-6.1;0.39;-6.18;0.47;-6.22;0.51;-6.25;0.54;-6.23;0.55;-6.23;0.55;-6.25;CACC
4091;20.2;26.2;0.8;8;100;6;Successful;Effective;No;No;No;No;No;No;0.0;-6.0;0.25;-6.1;0.39;-6.18;0.47;-6.22;0.51;-6.25;0.54;-6.23;0.55;-6.23;0.55;-6.25;CACC
4092;20.2;26.2;0.8;10;100;6;Successful;Effective;No;No;No;No;No;No;0.0;-6.0;0.25;-6.1;0.39;-6.18;0.47;-6.22;0.51;-6.25;0.54;-6.23;0.55;-6.23;0.55;-6.25;CACC
4093;20.2;26.2;0.8;5;80;7;Successful;Effective;No;No;No;No;No;No;0.0;-7.0;0.2;-7.11;0.32;-7.19;0.38;-7.24;0.41;-7.26;0.43;-7.23;0.44;-7.23;0.44;-7.25;CACC
4094;20.2;26.2;0.8;8;80;7;Successful;Effective;No;No;No;No;No;No;0.0;-7.0;0.2;-7.11;0.32;-7.19;0.38;-7.24;0.41;-7.26;0.43;-7.23;0.44;-7.23;0.44;-7.25;CACC
4095;20.2;26.2;0.8;10;80;7;Successful;Effective;No;No;No;No;No;No;0.0;-7.0;0.2;-7.11;0.32;-7.19;0.38;-7.24;0.41;-7.26;0.43;-7.23;0.44;-7.23;0.44;-7.25;CACC
4096;20.2;26.2;0.8;5;100;7;Successful;Effective;No;No;No;No;No;No;0.0;-7.0;0.25;-7.12;0.39;-7.2;0.47;-7.25;0.51;-7.27;0.54;-7.25;0.55;-7.25;0.55;-7.27;CACC
4097;20.2;26.2;0.8;8;100;7;Successful;Effective;No;No;No;No;No;No;0.0;-7.0;0.25;-7.12;0.39;-7.2;0.47;-7.25;0.51;-7.27;0.54;-7.25;0.55;-7.25;0.55;-7.27;CACC
4098;20.2;26.2;0.8;10;100;7;Successful;Effective;No;No;No;No;No;No;0.0;-7.0;0.25;-7.12;0.39;-7.2;0.47;-7.25;0.51;-7.27;0.54;-7.25;0.55;-7.25;0.55;-7.27;CACC
4099;20.2;26.2;0.8;5;80;8;Successful;Effective;No;No;No;No;No;No;0.0;-7.99;0.2;-8.13;0.32;-8.21;0.38;-8.26;0.41;-8.28;0.43;-8.25;0.44;-8.25;0.44;-8.27;CACC
4100;20.2;26.2;0.8;8;80;8;Successful;Effective;No;No;No;No;No;No;0.0;-7.99;0.2;-8.13;0.32;-8.21;0.38;-8.26;0.41;-8.28;0.43;-8.25;0.44;-8.25;0.44;-8.27;CACC
4101;20.2;26.2;0.8;10;80;8;Successful;Effective;No;No;No;No;No;No;0.0;-7.99;0.2;-8.13;0.32;-8.21;0.38;-8.26;0.41;-8.28;0.43;-8.25;0.44;-8.25;0.44;-8.27;CACC
4102;20.2;26.2;0.8;5;100;8;Successful;Effective;No;No;No;No;No;No;0.0;-8.0;0.25;-8.13;0.39;-8.22;0.47;-8.28;0.51;-8.3;0.54;-8.27;0.55;-8.27;0.55;-8.29;CACC
4103;20.2;26.2;0.8;8;100;8;Successful;Effective;No;No;No;No;No;No;0.0;-8.0;0.25;-8.13;0.39;-8.22;0.47;-8.28;0.51;-8.3;0.54;-8.27;0.55;-8.27;0.55;-8.29;CACC
4104;20.2;26.2;0.8;10;100;8;Successful;Effective;No;No;No;No;No;No;0.0;-8.0;0.25;-8.13;0.39;-8.22;0.47;-8.28;0.51;-8.3;0.54;-8.27;0.55;-8.27;0.55;-8.29;CACC
4105;20.2;26.2;0.9;5;80;5;Successful;Effective;No;No;No;No;No;No;0.0;-5.0;0.2;-5.08;0.32;-5.15;0.38;-5.19;0.41;-5.2;0.43;-5.19;0.44;-5.19;0.44;-5.2;CACC
4106;20.2;26.2;0.9;8;80;5;Successful;Effective;No;No;No;No;No;No;0.0;-5.0;0.2;-5.08;0.32;-5.15;0.38;-5.19;0.41;-5.2;0.43;-5.19;0.44;-5.19;0.44;-5.2;CACC
4107;20.2;26.2;0.9;10;80;5;Successful;Effective;No;No;No;No;No;No;0.0;-5.0;0.2;-5.08;0.32;-5.15;0.38;-5.19;0.41;-5.2;0.43;-5.19;0.44;-5.19;0.44;-5.2;CACC
4108;20.2;26.2;0.9;5;100;5;Successful;Effective;No;No;No;No;No;No;0.0;-5.0;0.25;-5.09;0.39;-5.16;0.47;-5.2;0.51;-5.22;0.54;-5.21;0.55;-5.21;0.55;-5.22;CACC
4109;20.2;26.2;0.9;8;100;5;Successful;Effective;No;No;No;No;No;No;0.0;-5.0;0.25;-5.09;0.39;-5.16;0.47;-5.2;0.51;-5.22;0.54;-5.21;0.55;-5.21;0.55;-5.22;CACC
4110;20.2;26.2;0.9;10;100;5;Successful;Effective;No;No;No;No;No;No;0.0;-5.0;0.25;-5.09;0.39;-5.16;0.47;-5.2;0.51;-5.22;0.54;-5.21;0.55;-5.21;0.55;-5.22;CACC
4111;20.2;26.2;0.9;5;80;6;Successful;Effective;No;No;No;No;No;No;0.0;-6.0;0.2;-6.1;0.32;-6.17;0.38;-6.21;0.41;-6.23;0.43;-6.21;0.44;-6.21;0.44;-6.22;CACC
4112;20.2;26.2;0.9;8;80;6;Successful;Effective;No;No;No;No;No;No;0.0;-6.0;0.2;-6.1;0.32;-6.17;0.38;-6.21;0.41;-6.23;0.43;-6.21;0.44;-6.21;0.44;-6.22;CACC
4113;20.2;26.2;0.9;10;80;6;Successful;Effective;No;No;No;No;No;No;0.0;-6.0;0.2;-6.1;0.32;-6.17;0.38;-6.21;0.41;-6.23;0.43;-6.21;0.44;-6.21;0.44;-6.22;CACC
4114;20.2;26.2;0.9;5;100;6;Successful;Effective;No;No;No;No;No;No;0.0;-6.0;0.25;-6.1;0.39;-6.18;0.47;-6.22;0.51;-6.25;0.54;-6.23;0.55;-6.23;0.55;-6.25;CACC
4115;20.2;26.2;0.9;8;100;6;Successful;Effective;No;No;No;No;No;No;0.0;-6.0;0.25;-6.1;0.39;-6.18;0.47;-6.22;0.51;-6.25;0.54;-6.23;0.55;-6.23;0.55;-6.25;CACC
4116;20.2;26.2;0.9;10;100;6;Successful;Effective;No;No;No;No;No;No;0.0;-6.0;0.25;-6.1;0.39;-6.18;0.47;-6.22;0.51;-6.25;0.54;-6.23;0.55;-6.23;0.55;-6.25;CACC
4117;20.2;26.2;0.9;5;80;7;Successful;Effective;No;No;No;No;No;No;0.0;-7.0;0.2;-7.11;0.32;-7.19;0.38;-7.24;0.41;-7.26;0.43;-7.23;0.44;-7.23;0.44;-7.25;CACC
4118;20.2;26.2;0.9;8;80;7;Successful;Effective;No;No;No;No;No;No;0.0;-7.0;0.2;-7.11;0.32;-7.19;0.38;-7.24;0.41;-7.26;0.43;-7.23;0.44;-7.23;0.44;-7.25;CACC
4119;20.2;26.2;0.9;10;80;7;Successful;Effective;No;No;No;No;No;No;0.0;-7.0;0.2;-7.11;0.32;-7.19;0.38;-7.24;0.41;-7.26;0.43;-7.23;0.44;-7.23;0.44;-7.25;CACC
4120;20.2;26.2;0.9;5;100;7;Successful;Effective;No;No;No;No;No;No;0.0;-7.0;0.25;-7.12;0.39;-7.2;0.47;-7.25;0.51;-7.27;0.54;-7.25;0.55;-7.25;0.55;-7.27;CACC
4121;20.2;26.2;0.9;8;100;7;Successful;Effective;No;No;No;No;No;No;0.0;-7.0;0.25;-7.12;0.39;-7.2;0.47;-7.25;0.51;-7.27;0.54;-7.25;0.55;-7.25;0.55;-7.27;CACC
4122;20.2;26.2;0.9;10;100;7;Successful;Effective;No;No;No;No;No;No;0.0;-7.0;0.25;-7.12;0.39;-7.2;0.47;-7.25;0.51;-7.27;0.54;-7.25;0.55;-7.25;0.55;-7.27;CACC
4123;20.2;26.2;0.9;5;80;8;Successful;Effective;No;No;No;No;No;No;0.0;-7.99;0.2;-8.13;0.32;-8.21;0.38;-8.26;0.41;-8.28;0.43;-8.25;0.44;-8.25;0.44;-8.27;CACC
4124;20.2;26.2;0.9;8;80;8;Successful;Effective;No;No;No;No;No;No;0.0;-7.99;0.2;-8.13;0.32;-8.21;0.38;-8.26;0.41;-8.28;0.43;-8.25;0.44;-8.25;0.44;-8.27;CACC
4125;20.2;26.2;0.9;10;80;8;Successful;Effective;No;No;No;No;No;No;0.0;-7.99;0.2;-8.13;0.32;-8.21;0.38;-8.26;0.41;-8.28;0.43;-8.25;0.44;-8.25;0.44;-8.27;CACC
4126;20.2;26.2;0.9;5;100;8;Successful;Effective;No;No;No;No;No;No;0.0;-8.0;0.25;-8.13;0.39;-8.22;0.47;-8.28;0.51;-8.3;0.54;-8.27;0.55;-8.27;0.55;-8.29;CACC
4127;20.2;26.2;0.9;8;100;8;Successful;Effective;No;No;No;No;No;No;0.0;-8.0;0.25;-8.13;0.39;-8.22;0.47;-8.28;0.51;-8.3;0.54;-8.27;0.55;-8.27;0.55;-8.29;CACC
4128;20.2;26.2;0.9;10;100;8;Successful;Effective;No;No;No;No;No;No;0.0;-8.0;0.25;-8.13;0.39;-8.22;0.47;-8.28;0.51;-8.3;0.54;-8.27;0.55;-8.27;0.55;-8.29;CACC
4129;20.3;26.3;0.6;5;80;5;Successful;Effective;No;No;No;No;No;No;0.0;-5.0;0.2;-5.08;0.32;-5.15;0.38;-5.19;0.41;-5.2;0.43;-5.19;0.44;-5.19;0.44;-5.2;CACC
4130;20.3;26.3;0.6;8;80;5;Successful;Effective;No;No;No;No;No;No;0.0;-5.0;0.2;-5.08;0.32;-5.15;0.38;-5.19;0.41;-5.2;0.43;-5.19;0.44;-5.19;0.44;-5.2;CACC
4131;20.3;26.3;0.6;10;80;5;Successful;Effective;No;No;No;No;No;No;0.0;-5.0;0.2;-5.08;0.32;-5.15;0.38;-5.19;0.41;-5.2;0.43;-5.19;0.44;-5.19;0.44;-5.2;CACC
4132;20.3;26.3;0.6;5;100;5;Successful;Effective;No;No;No;No;No;No;0.0;-5.0;0.25;-5.09;0.39;-5.16;0.47;-5.2;0.51;-5.22;0.54;-5.21;0.55;-5.21;0.55;-5.22;CACC
4133;20.3;26.3;0.6;8;100;5;Successful;Effective;No;No;No;No;No;No;0.0;-5.0;0.25;-5.09;0.39;-5.16;0.47;-5.2;0.51;-5.22;0.54;-5.21;0.55;-5.21;0.55;-5.22;CACC
4134;20.3;26.3;0.6;10;100;5;Successful;Effective;No;No;No;No;No;No;0.0;-5.0;0.25;-5.09;0.39;-5.16;0.47;-5.2;0.51;-5.22;0.54;-5.21;0.55;-5.21;0.55;-5.22;CACC
4135;20.3;26.3;0.6;5;80;6;Successful;Effective;No;No;No;No;No;No;0.0;-6.0;0.2;-6.1;0.32;-6.17;0.38;-6.21;0.41;-6.23;0.43;-6.21;0.44;-6.21;0.44;-6.22;CACC
4136;20.3;26.3;0.6;8;80;6;Successful;Effective;No;No;No;No;No;No;0.0;-6.0;0.2;-6.1;0.32;-6.17;0.38;-6.21;0.41;-6.23;0.43;-6.21;0.44;-6.21;0.44;-6.22;CACC
4137;20.3;26.3;0.6;10;80;6;Successful;Effective;No;No;No;No;No;No;0.0;-6.0;0.2;-6.1;0.32;-6.17;0.38;-6.21;0.41;-6.23;0.43;-6.21;0.44;-6.21;0.44;-6.22;CACC
4138;20.3;26.3;0.6;5;100;6;Successful;Effective;No;No;No;No;No;No;0.0;-6.0;0.25;-6.1;0.39;-6.18;0.47;-6.22;0.51;-6.25;0.54;-6.23;0.55;-6.23;0.55;-6.25;CACC
4139;20.3;26.3;0.6;8;100;6;Successful;Effective;No;No;No;No;No;No;0.0;-6.0;0.25;-6.1;0.39;-6.18;0.47;-6.22;0.51;-6.25;0.54;-6.23;0.55;-6.23;0.55;-6.25;CACC
4140;20.3;26.3;0.6;10;100;6;Successful;Effective;No;No;No;No;No;No;0.0;-6.0;0.25;-6.1;0.39;-6.18;0.47;-6.22;0.51;-6.25;0.54;-6.23;0.55;-6.23;0.55;-6.25;CACC
4141;20.3;26.3;0.6;5;80;7;Successful;Effective;No;No;No;No;No;No;0.0;-7.0;0.2;-7.11;0.32;-7.19;0.38;-7.24;0.41;-7.26;0.43;-7.23;0.44;-7.23;0.44;-7.25;CACC
4142;20.3;26.3;0.6;8;80;7;Successful;Effective;No;No;No;No;No;No;0.0;-7.0;0.2;-7.11;0.32;-7.19;0.38;-7.24;0.41;-7.26;0.43;-7.23;0.44;-7.23;0.44;-7.25;CACC
4143;20.3;26.3;0.6;10;80;7;Successful;Effective;No;No;No;No;No;No;0.0;-7.0;0.2;-7.11;0.32;-7.19;0.38;-7.24;0.41;-7.26;0.43;-7.23;0.44;-7.23;0.44;-7.25;CACC
4144;20.3;26.3;0.6;5;100;7;Successful;Effective;No;No;No;No;No;No;0.0;-7.0;0.25;-7.12;0.39;-7.2;0.47;-7.25;0.51;-7.27;0.54;-7.25;0.55;-7.25;0.55;-7.27;CACC
4145;20.3;26.3;0.6;8;100;7;Successful;Effective;No;No;No;No;No;No;0.0;-7.0;0.25;-7.12;0.39;-7.2;0.47;-7.25;0.51;-7.27;0.54;-7.25;0.55;-7.25;0.55;-7.27;CACC
4146;20.3;26.3;0.6;10;100;7;Successful;Effective;No;No;No;No;No;No;0.0;-7.0;0.25;-7.12;0.39;-7.2;0.47;-7.25;0.51;-7.27;0.54;-7.25;0.55;-7.25;0.55;-7.27;CACC
4147;20.3;26.3;0.6;5;80;8;Successful;Effective;No;No;No;No;No;No;0.0;-7.99;0.2;-8.13;0.32;-8.21;0.38;-8.26;0.41;-8.28;0.43;-8.25;0.44;-8.25;0.44;-8.27;CACC
4148;20.3;26.3;0.6;8;80;8;Successful;Effective;No;No;No;No;No;No;0.0;-7.99;0.2;-8.13;0.32;-8.21;0.38;-8.26;0.41;-8.28;0.43;-8.25;0.44;-8.25;0.44;-8.27;CACC
4149;20.3;26.3;0.6;10;80;8;Successful;Effective;No;No;No;No;No;No;0.0;-7.99;0.2;-8.13;0.32;-8.21;0.38;-8.26;0.41;-8.28;0.43;-8.25;0.44;-8.25;0.44;-8.27;CACC
4150;20.3;26.3;0.6;5;100;8;Successful;Effective;No;No;No;No;No;No;0.0;-8.0;0.25;-8.13;0.39;-8.22;0.47;-8.28;0.51;-8.3;0.54;-8.27;0.55;-8.27;0.55;-8.29;CACC
4151;20.3;26.3;0.6;8;100;8;Successful;Effective;No;No;No;No;No;No;0.0;-8.0;0.25;-8.13;0.39;-8.22;0.47;-8.28;0.51;-8.3;0.54;-8.27;0.55;-8.27;0.55;-8.29;CACC
4152;20.3;26.3;0.6;10;100;8;Successful;Effective;No;No;No;No;No;No;0.0;-8.0;0.25;-8.13;0.39;-8.22;0.47;-8.28;0.51;-8.3;0.54;-8.27;0.55;-8.27;0.55;-8.29;CACC
4153;20.3;26.3;0.7;5;80;5;Successful;Effective;No;No;No;No;No;No;0.0;-5.0;0.2;-5.08;0.32;-5.15;0.38;-5.19;0.41;-5.2;0.43;-5.19;0.44;-5.19;0.44;-5.2;CACC
4154;20.3;26.3;0.7;8;80;5;Successful;Effective;No;No;No;No;No;No;0.0;-5.0;0.2;-5.08;0.32;-5.15;0.38;-5.19;0.41;-5.2;0.43;-5.19;0.44;-5.19;0.44;-5.2;CACC
4155;20.3;26.3;0.7;10;80;5;Successful;Effective;No;No;No;No;No;No;0.0;-5.0;0.2;-5.08;0.32;-5.15;0.38;-5.19;0.41;-5.2;0.43;-5.19;0.44;-5.19;0.44;-5.2;CACC
4156;20.3;26.3;0.7;5;100;5;Successful;Effective;No;No;No;No;No;No;0.0;-5.0;0.25;-5.09;0.39;-5.16;0.47;-5.2;0.51;-5.22;0.54;-5.21;0.55;-5.21;0.55;-5.22;CACC
4157;20.3;26.3;0.7;8;100;5;Successful;Effective;No;No;No;No;No;No;0.0;-5.0;0.25;-5.09;0.39;-5.16;0.47;-5.2;0.51;-5.22;0.54;-5.21;0.55;-5.21;0.55;-5.22;CACC
4158;20.3;26.3;0.7;10;100;5;Successful;Effective;No;No;No;No;No;No;0.0;-5.0;0.25;-5.09;0.39;-5.16;0.47;-5.2;0.51;-5.22;0.54;-5.21;0.55;-5.21;0.55;-5.22;CACC
4159;20.3;26.3;0.7;5;80;6;Successful;Effective;No;No;No;No;No;No;0.0;-6.0;0.2;-6.1;0.32;-6.17;0.38;-6.21;0.41;-6.23;0.43;-6.21;0.44;-6.21;0.44;-6.22;CACC
4160;20.3;26.3;0.7;8;80;6;Successful;Effective;No;No;No;No;No;No;0.0;-6.0;0.2;-6.1;0.32;-6.17;0.38;-6.21;0.41;-6.23;0.43;-6.21;0.44;-6.21;0.44;-6.22;CACC
4161;20.3;26.3;0.7;10;80;6;Successful;Effective;No;No;No;No;No;No;0.0;-6.0;0.2;-6.1;0.32;-6.17;0.38;-6.21;0.41;-6.23;0.43;-6.21;0.44;-6.21;0.44;-6.22;CACC
4162;20.3;26.3;0.7;5;100;6;Successful;Effective;No;No;No;No;No;No;0.0;-6.0;0.25;-6.1;0.39;-6.18;0.47;-6.22;0.51;-6.25;0.54;-6.23;0.55;-6.23;0.55;-6.25;CACC
4163;20.3;26.3;0.7;8;100;6;Successful;Effective;No;No;No;No;No;No;0.0;-6.0;0.25;-6.1;0.39;-6.18;0.47;-6.22;0.51;-6.25;0.54;-6.23;0.55;-6.23;0.55;-6.25;CACC
4164;20.3;26.3;0.7;10;100;6;Successful;Effective;No;No;No;No;No;No;0.0;-6.0;0.25;-6.1;0.39;-6.18;0.47;-6.22;0.51;-6.25;0.54;-6.23;0.55;-6.23;0.55;-6.25;CACC
4165;20.3;26.3;0.7;5;80;7;Successful;Effective;No;No;No;No;No;No;0.0;-7.0;0.2;-7.11;0.32;-7.19;0.38;-7.24;0.41;-7.26;0.43;-7.23;0.44;-7.23;0.44;-7.25;CACC
4166;20.3;26.3;0.7;8;80;7;Successful;Effective;No;No;No;No;No;No;0.0;-7.0;0.2;-7.11;0.32;-7.19;0.38;-7.24;0.41;-7.26;0.43;-7.23;0.44;-7.23;0.44;-7.25;CACC
4167;20.3;26.3;0.7;10;80;7;Successful;Effective;No;No;No;No;No;No;0.0;-7.0;0.2;-7.11;0.32;-7.19;0.38;-7.24;0.41;-7.26;0.43;-7.23;0.44;-7.23;0.44;-7.25;CACC
4168;20.3;26.3;0.7;5;100;7;Successful;Effective;No;No;No;No;No;No;0.0;-7.0;0.25;-7.12;0.39;-7.2;0.47;-7.25;0.51;-7.27;0.54;-7.25;0.55;-7.25;0.55;-7.27;CACC
4169;20.3;26.3;0.7;8;100;7;Successful;Effective;No;No;No;No;No;No;0.0;-7.0;0.25;-7.12;0.39;-7.2;0.47;-7.25;0.51;-7.27;0.54;-7.25;0.55;-7.25;0.55;-7.27;CACC
4170;20.3;26.3;0.7;10;100;7;Successful;Effective;No;No;No;No;No;No;0.0;-7.0;0.25;-7.12;0.39;-7.2;0.47;-7.25;0.51;-7.27;0.54;-7.25;0.55;-7.25;0.55;-7.27;CACC
4171;20.3;26.3;0.7;5;80;8;Successful;Effective;No;No;No;No;No;No;0.0;-7.99;0.2;-8.13;0.32;-8.21;0.38;-8.26;0.41;-8.28;0.43;-8.25;0.44;-8.25;0.44;-8.27;CACC
4172;20.3;26.3;0.7;8;80;8;Successful;Effective;No;No;No;No;No;No;0.0;-7.99;0.2;-8.13;0.32;-8.21;0.38;-8.26;0.41;-8.28;0.43;-8.25;0.44;-8.25;0.44;-8.27;CACC
4173;20.3;26.3;0.7;10;80;8;Successful;Effective;No;No;No;No;No;No;0.0;-7.99;0.2;-8.13;0.32;-8.21;0.38;-8.26;0.41;-8.28;0.43;-8.25;0.44;-8.25;0.44;-8.27;CACC
4174;20.3;26.3;0.7;5;100;8;Successful;Effective;No;No;No;No;No;No;0.0;-8.0;0.25;-8.13;0.39;-8.22;0.47;-8.28;0.51;-8.3;0.54;-8.27;0.55;-8.27;0.55;-8.29;CACC
4175;20.3;26.3;0.7;8;100;8;Successful;Effective;No;No;No;No;No;No;0.0;-8.0;0.25;-8.13;0.39;-8.22;0.47;-8.28;0.51;-8.3;0.54;-8.27;0.55;-8.27;0.55;-8.29;CACC
4176;20.3;26.3;0.7;10;100;8;Successful;Effective;No;No;No;No;No;No;0.0;-8.0;0.25;-8.13;0.39;-8.22;0.47;-8.28;0.51;-8.3;0.54;-8.27;0.55;-8.27;0.55;-8.29;CACC
4177;20.3;26.3;0.8;5;80;5;Successful;Effective;No;No;No;No;No;No;0.0;-5.0;0.2;-5.08;0.32;-5.15;0.38;-5.19;0.41;-5.2;0.43;-5.19;0.44;-5.19;0.44;-5.2;CACC
4178;20.3;26.3;0.8;8;80;5;Successful;Effective;No;No;No;No;No;No;0.0;-5.0;0.2;-5.08;0.32;-5.15;0.38;-5.19;0.41;-5.2;0.43;-5.19;0.44;-5.19;0.44;-5.2;CACC
4179;20.3;26.3;0.8;10;80;5;Successful;Effective;No;No;No;No;No;No;0.0;-5.0;0.2;-5.08;0.32;-5.15;0.38;-5.19;0.41;-5.2;0.43;-5.19;0.44;-5.19;0.44;-5.2;CACC
4180;20.3;26.3;0.8;5;100;5;Successful;Effective;No;No;No;No;No;No;0.0;-5.0;0.25;-5.09;0.39;-5.16;0.47;-5.2;0.51;-5.22;0.54;-5.21;0.55;-5.21;0.55;-5.22;CACC
4181;20.3;26.3;0.8;8;100;5;Successful;Effective;No;No;No;No;No;No;0.0;-5.0;0.25;-5.09;0.39;-5.16;0.47;-5.2;0.51;-5.22;0.54;-5.21;0.55;-5.21;0.55;-5.22;CACC
4182;20.3;26.3;0.8;10;100;5;Successful;Effective;No;No;No;No;No;No;0.0;-5.0;0.25;-5.09;0.39;-5.16;0.47;-5.2;0.51;-5.22;0.54;-5.21;0.55;-5.21;0.55;-5.22;CACC
4183;20.3;26.3;0.8;5;80;6;Successful;Effective;No;No;No;No;No;No;0.0;-6.0;0.2;-6.1;0.32;-6.17;0.38;-6.21;0.41;-6.23;0.43;-6.21;0.44;-6.21;0.44;-6.22;CACC
4184;20.3;26.3;0.8;8;80;6;Successful;Effective;No;No;No;No;No;No;0.0;-6.0;0.2;-6.1;0.32;-6.17;0.38;-6.21;0.41;-6.23;0.43;-6.21;0.44;-6.21;0.44;-6.22;CACC
4185;20.3;26.3;0.8;10;80;6;Successful;Effective;No;No;No;No;No;No;0.0;-6.0;0.2;-6.1;0.32;-6.17;0.38;-6.21;0.41;-6.23;0.43;-6.21;0.44;-6.21;0.44;-6.22;CACC
4186;20.3;26.3;0.8;5;100;6;Successful;Effective;No;No;No;No;No;No;0.0;-6.0;0.25;-6.1;0.39;-6.18;0.47;-6.22;0.51;-6.25;0.54;-6.23;0.55;-6.23;0.55;-6.25;CACC
4187;20.3;26.3;0.8;8;100;6;Successful;Effective;No;No;No;No;No;No;0.0;-6.0;0.25;-6.1;0.39;-6.18;0.47;-6.22;0.51;-6.25;0.54;-6.23;0.55;-6.23;0.55;-6.25;CACC
4188;20.3;26.3;0.8;10;100;6;Successful;Effective;No;No;No;No;No;No;0.0;-6.0;0.25;-6.1;0.39;-6.18;0.47;-6.22;0.51;-6.25;0.54;-6.23;0.55;-6.23;0.55;-6.25;CACC
4189;20.3;26.3;0.8;5;80;7;Successful;Effective;No;No;No;No;No;No;0.0;-7.0;0.2;-7.11;0.32;-7.19;0.38;-7.24;0.41;-7.26;0.43;-7.23;0.44;-7.23;0.44;-7.25;CACC
4190;20.3;26.3;0.8;8;80;7;Successful;Effective;No;No;No;No;No;No;0.0;-7.0;0.2;-7.11;0.32;-7.19;0.38;-7.24;0.41;-7.26;0.43;-7.23;0.44;-7.23;0.44;-7.25;CACC
4191;20.3;26.3;0.8;10;80;7;Successful;Effective;No;No;No;No;No;No;0.0;-7.0;0.2;-7.11;0.32;-7.19;0.38;-7.24;0.41;-7.26;0.43;-7.23;0.44;-7.23;0.44;-7.25;CACC
4192;20.3;26.3;0.8;5;100;7;Successful;Effective;No;No;No;No;No;No;0.0;-7.0;0.25;-7.12;0.39;-7.2;0.47;-7.25;0.51;-7.27;0.54;-7.25;0.55;-7.25;0.55;-7.27;CACC
4193;20.3;26.3;0.8;8;100;7;Successful;Effective;No;No;No;No;No;No;0.0;-7.0;0.25;-7.12;0.39;-7.2;0.47;-7.25;0.51;-7.27;0.54;-7.25;0.55;-7.25;0.55;-7.27;CACC
4194;20.3;26.3;0.8;10;100;7;Successful;Effective;No;No;No;No;No;No;0.0;-7.0;0.25;-7.12;0.39;-7.2;0.47;-7.25;0.51;-7.27;0.54;-7.25;0.55;-7.25;0.55;-7.27;CACC
4195;20.3;26.3;0.8;5;80;8;Successful;Effective;No;No;No;No;No;No;0.0;-7.99;0.2;-8.13;0.32;-8.21;0.38;-8.26;0.41;-8.28;0.43;-8.25;0.44;-8.25;0.44;-8.27;CACC
4196;20.3;26.3;0.8;8;80;8;Successful;Effective;No;No;No;No;No;No;0.0;-7.99;0.2;-8.13;0.32;-8.21;0.38;-8.26;0.41;-8.28;0.43;-8.25;0.44;-8.25;0.44;-8.27;CACC
4197;20.3;26.3;0.8;10;80;8;Successful;Effective;No;No;No;No;No;No;0.0;-7.99;0.2;-8.13;0.32;-8.21;0.38;-8.26;0.41;-8.28;0.43;-8.25;0.44;-8.25;0.44;-8.27;CACC
4198;20.3;26.3;0.8;5;100;8;Successful;Effective;No;No;No;No;No;No;0.0;-8.0;0.25;-8.13;0.39;-8.22;0.47;-8.28;0.51;-8.3;0.54;-8.27;0.55;-8.27;0.55;-8.29;CACC
4199;20.3;26.3;0.8;8;100;8;Successful;Effective;No;No;No;No;No;No;0.0;-8.0;0.25;-8.13;0.39;-8.22;0.47;-8.28;0.51;-8.3;0.54;-8.27;0.55;-8.27;0.55;-8.29;CACC
4200;20.3;26.3;0.8;10;100;8;Successful;Effective;No;No;No;No;No;No;0.0;-8.0;0.25;-8.13;0.39;-8.22;0.47;-8.28;0.51;-8.3;0.54;-8.27;0.55;-8.27;0.55;-8.29;CACC
4201;20.3;26.3;0.9;5;80;5;Successful;Effective;No;No;No;No;No;No;0.0;-5.0;0.2;-5.08;0.32;-5.15;0.38;-5.19;0.41;-5.2;0.43;-5.19;0.44;-5.19;0.44;-5.2;CACC
4202;20.3;26.3;0.9;8;80;5;Successful;Effective;No;No;No;No;No;No;0.0;-5.0;0.2;-5.08;0.32;-5.15;0.38;-5.19;0.41;-5.2;0.43;-5.19;0.44;-5.19;0.44;-5.2;CACC
4203;20.3;26.3;0.9;10;80;5;Successful;Effective;No;No;No;No;No;No;0.0;-5.0;0.2;-5.08;0.32;-5.15;0.38;-5.19;0.41;-5.2;0.43;-5.19;0.44;-5.19;0.44;-5.2;CACC
4204;20.3;26.3;0.9;5;100;5;Successful;Effective;No;No;No;No;No;No;0.0;-5.0;0.25;-5.09;0.39;-5.16;0.47;-5.2;0.51;-5.22;0.54;-5.21;0.55;-5.21;0.55;-5.22;CACC
4205;20.3;26.3;0.9;8;100;5;Successful;Effective;No;No;No;No;No;No;0.0;-5.0;0.25;-5.09;0.39;-5.16;0.47;-5.2;0.51;-5.22;0.54;-5.21;0.55;-5.21;0.55;-5.22;CACC
4206;20.3;26.3;0.9;10;100;5;Successful;Effective;No;No;No;No;No;No;0.0;-5.0;0.25;-5.09;0.39;-5.16;0.47;-5.2;0.51;-5.22;0.54;-5.21;0.55;-5.21;0.55;-5.22;CACC
4207;20.3;26.3;0.9;5;80;6;Successful;Effective;No;No;No;No;No;No;0.0;-6.0;0.2;-6.1;0.32;-6.17;0.38;-6.21;0.41;-6.23;0.43;-6.21;0.44;-6.21;0.44;-6.22;CACC
4208;20.3;26.3;0.9;8;80;6;Successful;Effective;No;No;No;No;No;No;0.0;-6.0;0.2;-6.1;0.32;-6.17;0.38;-6.21;0.41;-6.23;0.43;-6.21;0.44;-6.21;0.44;-6.22;CACC
4209;20.3;26.3;0.9;10;80;6;Successful;Effective;No;No;No;No;No;No;0.0;-6.0;0.2;-6.1;0.32;-6.17;0.38;-6.21;0.41;-6.23;0.43;-6.21;0.44;-6.21;0.44;-6.22;CACC
4210;20.3;26.3;0.9;5;100;6;Successful;Effective;No;No;No;No;No;No;0.0;-6.0;0.25;-6.1;0.39;-6.18;0.47;-6.22;0.51;-6.25;0.54;-6.23;0.55;-6.23;0.55;-6.25;CACC
4211;20.3;26.3;0.9;8;100;6;Successful;Effective;No;No;No;No;No;No;0.0;-6.0;0.25;-6.1;0.39;-6.18;0.47;-6.22;0.51;-6.25;0.54;-6.23;0.55;-6.23;0.55;-6.25;CACC
4212;20.3;26.3;0.9;10;100;6;Successful;Effective;No;No;No;No;No;No;0.0;-6.0;0.25;-6.1;0.39;-6.18;0.47;-6.22;0.51;-6.25;0.54;-6.23;0.55;-6.23;0.55;-6.25;CACC
4213;20.3;26.3;0.9;5;80;7;Successful;Effective;No;No;No;No;No;No;0.0;-7.0;0.2;-7.11;0.32;-7.19;0.38;-7.24;0.41;-7.26;0.43;-7.23;0.44;-7.23;0.44;-7.25;CACC
4214;20.3;26.3;0.9;8;80;7;Successful;Effective;No;No;No;No;No;No;0.0;-7.0;0.2;-7.11;0.32;-7.19;0.38;-7.24;0.41;-7.26;0.43;-7.23;0.44;-7.23;0.44;-7.25;CACC
4215;20.3;26.3;0.9;10;80;7;Successful;Effective;No;No;No;No;No;No;0.0;-7.0;0.2;-7.11;0.32;-7.19;0.38;-7.24;0.41;-7.26;0.43;-7.23;0.44;-7.23;0.44;-7.25;CACC
4216;20.3;26.3;0.9;5;100;7;Successful;Effective;No;No;No;No;No;No;0.0;-7.0;0.25;-7.12;0.39;-7.2;0.47;-7.25;0.51;-7.27;0.54;-7.25;0.55;-7.25;0.55;-7.27;CACC
4217;20.3;26.3;0.9;8;100;7;Successful;Effective;No;No;No;No;No;No;0.0;-7.0;0.25;-7.12;0.39;-7.2;0.47;-7.25;0.51;-7.27;0.54;-7.25;0.55;-7.25;0.55;-7.27;CACC
4218;20.3;26.3;0.9;10;100;7;Successful;Effective;No;No;No;No;No;No;0.0;-7.0;0.25;-7.12;0.39;-7.2;0.47;-7.25;0.51;-7.27;0.54;-7.25;0.55;-7.25;0.55;-7.27;CACC
4219;20.3;26.3;0.9;5;80;8;Successful;Effective;No;No;No;No;No;No;0.0;-7.99;0.2;-8.13;0.32;-8.21;0.38;-8.26;0.41;-8.28;0.43;-8.25;0.44;-8.25;0.44;-8.27;CACC
4220;20.3;26.3;0.9;8;80;8;Successful;Effective;No;No;No;No;No;No;0.0;-7.99;0.2;-8.13;0.32;-8.21;0.38;-8.26;0.41;-8.28;0.43;-8.25;0.44;-8.25;0.44;-8.27;CACC
4221;20.3;26.3;0.9;10;80;8;Successful;Effective;No;No;No;No;No;No;0.0;-7.99;0.2;-8.13;0.32;-8.21;0.38;-8.26;0.41;-8.28;0.43;-8.25;0.44;-8.25;0.44;-8.27;CACC
4222;20.3;26.3;0.9;5;100;8;Successful;Effective;No;No;No;No;No;No;0.0;-8.0;0.25;-8.13;0.39;-8.22;0.47;-8.28;0.51;-8.3;0.54;-8.27;0.55;-8.27;0.55;-8.29;CACC
4223;20.3;26.3;0.9;8;100;8;Successful;Effective;No;No;No;No;No;No;0.0;-8.0;0.25;-8.13;0.39;-8.22;0.47;-8.28;0.51;-8.3;0.54;-8.27;0.55;-8.27;0.55;-8.29;CACC
4224;20.3;26.3;0.9;10;100;8;Successful;Effective;No;No;No;No;No;No;0.0;-8.0;0.25;-8.13;0.39;-8.22;0.47;-8.28;0.51;-8.3;0.54;-8.27;0.55;-8.27;0.55;-8.29;CACC
4225;20.4;26.4;0.6;5;80;5;Successful;Effective;No;No;No;No;No;No;0.0;-5.0;0.2;-5.08;0.32;-5.15;0.38;-5.19;0.41;-5.2;0.43;-5.19;0.44;-5.19;0.44;-5.2;CACC
4226;20.4;26.4;0.6;8;80;5;Successful;Effective;No;No;No;No;No;No;0.0;-5.0;0.2;-5.08;0.32;-5.15;0.38;-5.19;0.41;-5.2;0.43;-5.19;0.44;-5.19;0.44;-5.2;CACC
4227;20.4;26.4;0.6;10;80;5;Successful;Effective;No;No;No;No;No;No;0.0;-5.0;0.2;-5.08;0.32;-5.15;0.38;-5.19;0.41;-5.2;0.43;-5.19;0.44;-5.19;0.44;-5.2;CACC
4228;20.4;26.4;0.6;5;100;5;Successful;Effective;No;No;No;No;No;No;0.0;-5.0;0.25;-5.09;0.39;-5.16;0.47;-5.2;0.51;-5.22;0.54;-5.21;0.55;-5.21;0.55;-5.22;CACC
4229;20.4;26.4;0.6;8;100;5;Successful;Effective;No;No;No;No;No;No;0.0;-5.0;0.25;-5.09;0.39;-5.16;0.47;-5.2;0.51;-5.22;0.54;-5.21;0.55;-5.21;0.55;-5.22;CACC
4230;20.4;26.4;0.6;10;100;5;Successful;Effective;No;No;No;No;No;No;0.0;-5.0;0.25;-5.09;0.39;-5.16;0.47;-5.2;0.51;-5.22;0.54;-5.21;0.55;-5.21;0.55;-5.22;CACC
4231;20.4;26.4;0.6;5;80;6;Successful;Effective;No;No;No;No;No;No;0.0;-6.0;0.2;-6.1;0.32;-6.17;0.38;-6.21;0.41;-6.23;0.43;-6.21;0.44;-6.21;0.44;-6.22;CACC
4232;20.4;26.4;0.6;8;80;6;Successful;Effective;No;No;No;No;No;No;0.0;-6.0;0.2;-6.1;0.32;-6.17;0.38;-6.21;0.41;-6.23;0.43;-6.21;0.44;-6.21;0.44;-6.22;CACC
4233;20.4;26.4;0.6;10;80;6;Successful;Effective;No;No;No;No;No;No;0.0;-6.0;0.2;-6.1;0.32;-6.17;0.38;-6.21;0.41;-6.23;0.43;-6.21;0.44;-6.21;0.44;-6.22;CACC
4234;20.4;26.4;0.6;5;100;6;Successful;Effective;No;No;No;No;No;No;0.0;-6.0;0.25;-6.1;0.39;-6.18;0.47;-6.22;0.51;-6.25;0.54;-6.23;0.55;-6.23;0.55;-6.25;CACC
4235;20.4;26.4;0.6;8;100;6;Successful;Effective;No;No;No;No;No;No;0.0;-6.0;0.25;-6.1;0.39;-6.18;0.47;-6.22;0.51;-6.25;0.54;-6.23;0.55;-6.23;0.55;-6.25;CACC
4236;20.4;26.4;0.6;10;100;6;Successful;Effective;No;No;No;No;No;No;0.0;-6.0;0.25;-6.1;0.39;-6.18;0.47;-6.22;0.51;-6.25;0.54;-6.23;0.55;-6.23;0.55;-6.25;CACC
4237;20.4;26.4;0.6;5;80;7;Successful;Effective;No;No;No;No;No;No;0.0;-7.0;0.2;-7.11;0.32;-7.19;0.38;-7.24;0.41;-7.26;0.43;-7.23;0.44;-7.23;0.44;-7.25;CACC
4238;20.4;26.4;0.6;8;80;7;Successful;Effective;No;No;No;No;No;No;0.0;-7.0;0.2;-7.11;0.32;-7.19;0.38;-7.24;0.41;-7.26;0.43;-7.23;0.44;-7.23;0.44;-7.25;CACC
4239;20.4;26.4;0.6;10;80;7;Successful;Effective;No;No;No;No;No;No;0.0;-7.0;0.2;-7.11;0.32;-7.19;0.38;-7.24;0.41;-7.26;0.43;-7.23;0.44;-7.23;0.44;-7.25;CACC
4240;20.4;26.4;0.6;5;100;7;Successful;Effective;No;No;No;No;No;No;0.0;-7.0;0.25;-7.12;0.39;-7.2;0.47;-7.25;0.51;-7.27;0.54;-7.25;0.55;-7.25;0.55;-7.27;CACC
4241;20.4;26.4;0.6;8;100;7;Successful;Effective;No;No;No;No;No;No;0.0;-7.0;0.25;-7.12;0.39;-7.2;0.47;-7.25;0.51;-7.27;0.54;-7.25;0.55;-7.25;0.55;-7.27;CACC
4242;20.4;26.4;0.6;10;100;7;Successful;Effective;No;No;No;No;No;No;0.0;-7.0;0.25;-7.12;0.39;-7.2;0.47;-7.25;0.51;-7.27;0.54;-7.25;0.55;-7.25;0.55;-7.27;CACC
4243;20.4;26.4;0.6;5;80;8;Successful;Effective;No;No;No;No;No;No;0.0;-7.99;0.2;-8.13;0.32;-8.21;0.38;-8.26;0.41;-8.28;0.43;-8.25;0.44;-8.25;0.44;-8.27;CACC
4244;20.4;26.4;0.6;8;80;8;Successful;Effective;No;No;No;No;No;No;0.0;-7.99;0.2;-8.13;0.32;-8.21;0.38;-8.26;0.41;-8.28;0.43;-8.25;0.44;-8.25;0.44;-8.27;CACC
4245;20.4;26.4;0.6;10;80;8;Successful;Effective;No;No;No;No;No;No;0.0;-7.99;0.2;-8.13;0.32;-8.21;0.38;-8.26;0.41;-8.28;0.43;-8.25;0.44;-8.25;0.44;-8.27;CACC
4246;20.4;26.4;0.6;5;100;8;Successful;Effective;No;No;No;No;No;No;0.0;-8.0;0.25;-8.13;0.39;-8.22;0.47;-8.28;0.51;-8.3;0.54;-8.27;0.55;-8.27;0.55;-8.29;CACC
4247;20.4;26.4;0.6;8;100;8;Successful;Effective;No;No;No;No;No;No;0.0;-8.0;0.25;-8.13;0.39;-8.22;0.47;-8.28;0.51;-8.3;0.54;-8.27;0.55;-8.27;0.55;-8.29;CACC
4248;20.4;26.4;0.6;10;100;8;Successful;Effective;No;No;No;No;No;No;0.0;-8.0;0.25;-8.13;0.39;-8.22;0.47;-8.28;0.51;-8.3;0.54;-8.27;0.55;-8.27;0.55;-8.29;CACC
4249;20.4;26.4;0.7;5;80;5;Successful;Effective;No;No;No;No;No;No;0.0;-5.0;0.2;-5.08;0.32;-5.15;0.38;-5.19;0.41;-5.2;0.43;-5.19;0.44;-5.19;0.44;-5.2;CACC
4250;20.4;26.4;0.7;8;80;5;Successful;Effective;No;No;No;No;No;No;0.0;-5.0;0.2;-5.08;0.32;-5.15;0.38;-5.19;0.41;-5.2;0.43;-5.19;0.44;-5.19;0.44;-5.2;CACC
4251;20.4;26.4;0.7;10;80;5;Successful;Effective;No;No;No;No;No;No;0.0;-5.0;0.2;-5.08;0.32;-5.15;0.38;-5.19;0.41;-5.2;0.43;-5.19;0.44;-5.19;0.44;-5.2;CACC
4252;20.4;26.4;0.7;5;100;5;Successful;Effective;No;No;No;No;No;No;0.0;-5.0;0.25;-5.09;0.39;-5.16;0.47;-5.2;0.51;-5.22;0.54;-5.21;0.55;-5.21;0.55;-5.22;CACC
4253;20.4;26.4;0.7;8;100;5;Successful;Effective;No;No;No;No;No;No;0.0;-5.0;0.25;-5.09;0.39;-5.16;0.47;-5.2;0.51;-5.22;0.54;-5.21;0.55;-5.21;0.55;-5.22;CACC
4254;20.4;26.4;0.7;10;100;5;Successful;Effective;No;No;No;No;No;No;0.0;-5.0;0.25;-5.09;0.39;-5.16;0.47;-5.2;0.51;-5.22;0.54;-5.21;0.55;-5.21;0.55;-5.22;CACC
4255;20.4;26.4;0.7;5;80;6;Successful;Effective;No;No;No;No;No;No;0.0;-6.0;0.2;-6.1;0.32;-6.17;0.38;-6.21;0.41;-6.23;0.43;-6.21;0.44;-6.21;0.44;-6.22;CACC
4256;20.4;26.4;0.7;8;80;6;Successful;Effective;No;No;No;No;No;No;0.0;-6.0;0.2;-6.1;0.32;-6.17;0.38;-6.21;0.41;-6.23;0.43;-6.21;0.44;-6.21;0.44;-6.22;CACC
4257;20.4;26.4;0.7;10;80;6;Successful;Effective;No;No;No;No;No;No;0.0;-6.0;0.2;-6.1;0.32;-6.17;0.38;-6.21;0.41;-6.23;0.43;-6.21;0.44;-6.21;0.44;-6.22;CACC
4258;20.4;26.4;0.7;5;100;6;Successful;Effective;No;No;No;No;No;No;0.0;-6.0;0.25;-6.1;0.39;-6.18;0.47;-6.22;0.51;-6.25;0.54;-6.23;0.55;-6.23;0.55;-6.25;CACC
4259;20.4;26.4;0.7;8;100;6;Successful;Effective;No;No;No;No;No;No;0.0;-6.0;0.25;-6.1;0.39;-6.18;0.47;-6.22;0.51;-6.25;0.54;-6.23;0.55;-6.23;0.55;-6.25;CACC
4260;20.4;26.4;0.7;10;100;6;Successful;Effective;No;No;No;No;No;No;0.0;-6.0;0.25;-6.1;0.39;-6.18;0.47;-6.22;0.51;-6.25;0.54;-6.23;0.55;-6.23;0.55;-6.25;CACC
4261;20.4;26.4;0.7;5;80;7;Successful;Effective;No;No;No;No;No;No;0.0;-7.0;0.2;-7.11;0.32;-7.19;0.38;-7.24;0.41;-7.26;0.43;-7.23;0.44;-7.23;0.44;-7.25;CACC
4262;20.4;26.4;0.7;8;80;7;Successful;Effective;No;No;No;No;No;No;0.0;-7.0;0.2;-7.11;0.32;-7.19;0.38;-7.24;0.41;-7.26;0.43;-7.23;0.44;-7.23;0.44;-7.25;CACC
4263;20.4;26.4;0.7;10;80;7;Successful;Effective;No;No;No;No;No;No;0.0;-7.0;0.2;-7.11;0.32;-7.19;0.38;-7.24;0.41;-7.26;0.43;-7.23;0.44;-7.23;0.44;-7.25;CACC
4264;20.4;26.4;0.7;5;100;7;Successful;Effective;No;No;No;No;No;No;0.0;-7.0;0.25;-7.12;0.39;-7.2;0.47;-7.25;0.51;-7.27;0.54;-7.25;0.55;-7.25;0.55;-7.27;CACC
4265;20.4;26.4;0.7;8;100;7;Successful;Effective;No;No;No;No;No;No;0.0;-7.0;0.25;-7.12;0.39;-7.2;0.47;-7.25;0.51;-7.27;0.54;-7.25;0.55;-7.25;0.55;-7.27;CACC
4266;20.4;26.4;0.7;10;100;7;Successful;Effective;No;No;No;No;No;No;0.0;-7.0;0.25;-7.12;0.39;-7.2;0.47;-7.25;0.51;-7.27;0.54;-7.25;0.55;-7.25;0.55;-7.27;CACC
4267;20.4;26.4;0.7;5;80;8;Successful;Effective;No;No;No;No;No;No;0.0;-7.99;0.2;-8.13;0.32;-8.21;0.38;-8.26;0.41;-8.28;0.43;-8.25;0.44;-8.25;0.44;-8.27;CACC
4268;20.4;26.4;0.7;8;80;8;Successful;Effective;No;No;No;No;No;No;0.0;-7.99;0.2;-8.13;0.32;-8.21;0.38;-8.26;0.41;-8.28;0.43;-8.25;0.44;-8.25;0.44;-8.27;CACC
4269;20.4;26.4;0.7;10;80;8;Successful;Effective;No;No;No;No;No;No;0.0;-7.99;0.2;-8.13;0.32;-8.21;0.38;-8.26;0.41;-8.28;0.43;-8.25;0.44;-8.25;0.44;-8.27;CACC
4270;20.4;26.4;0.7;5;100;8;Successful;Effective;No;No;No;No;No;No;0.0;-8.0;0.25;-8.13;0.39;-8.22;0.47;-8.28;0.51;-8.3;0.54;-8.27;0.55;-8.27;0.55;-8.29;CACC
4271;20.4;26.4;0.7;8;100;8;Successful;Effective;No;No;No;No;No;No;0.0;-8.0;0.25;-8.13;0.39;-8.22;0.47;-8.28;0.51;-8.3;0.54;-8.27;0.55;-8.27;0.55;-8.29;CACC
4272;20.4;26.4;0.7;10;100;8;Successful;Effective;No;No;No;No;No;No;0.0;-8.0;0.25;-8.13;0.39;-8.22;0.47;-8.28;0.51;-8.3;0.54;-8.27;0.55;-8.27;0.55;-8.29;CACC
4273;20.4;26.4;0.8;5;80;5;Successful;Effective;No;No;No;No;No;No;0.0;-5.0;0.2;-5.08;0.32;-5.15;0.38;-5.19;0.41;-5.2;0.43;-5.19;0.44;-5.19;0.44;-5.2;CACC
4274;20.4;26.4;0.8;8;80;5;Successful;Effective;No;No;No;No;No;No;0.0;-5.0;0.2;-5.08;0.32;-5.15;0.38;-5.19;0.41;-5.2;0.43;-5.19;0.44;-5.19;0.44;-5.2;CACC
4275;20.4;26.4;0.8;10;80;5;Successful;Effective;No;No;No;No;No;No;0.0;-5.0;0.2;-5.08;0.32;-5.15;0.38;-5.19;0.41;-5.2;0.43;-5.19;0.44;-5.19;0.44;-5.2;CACC
4276;20.4;26.4;0.8;5;100;5;Successful;Effective;No;No;No;No;No;No;0.0;-5.0;0.25;-5.09;0.39;-5.16;0.47;-5.2;0.51;-5.22;0.54;-5.21;0.55;-5.21;0.55;-5.22;CACC
4277;20.4;26.4;0.8;8;100;5;Successful;Effective;No;No;No;No;No;No;0.0;-5.0;0.25;-5.09;0.39;-5.16;0.47;-5.2;0.51;-5.22;0.54;-5.21;0.55;-5.21;0.55;-5.22;CACC
4278;20.4;26.4;0.8;10;100;5;Successful;Effective;No;No;No;No;No;No;0.0;-5.0;0.25;-5.09;0.39;-5.16;0.47;-5.2;0.51;-5.22;0.54;-5.21;0.55;-5.21;0.55;-5.22;CACC
4279;20.4;26.4;0.8;5;80;6;Successful;Effective;No;No;No;No;No;No;0.0;-6.0;0.2;-6.1;0.32;-6.17;0.38;-6.21;0.41;-6.23;0.43;-6.21;0.44;-6.21;0.44;-6.22;CACC
4280;20.4;26.4;0.8;8;80;6;Successful;Effective;No;No;No;No;No;No;0.0;-6.0;0.2;-6.1;0.32;-6.17;0.38;-6.21;0.41;-6.23;0.43;-6.21;0.44;-6.21;0.44;-6.22;CACC
4281;20.4;26.4;0.8;10;80;6;Successful;Effective;No;No;No;No;No;No;0.0;-6.0;0.2;-6.1;0.32;-6.17;0.38;-6.21;0.41;-6.23;0.43;-6.21;0.44;-6.21;0.44;-6.22;CACC
4282;20.4;26.4;0.8;5;100;6;Successful;Effective;No;No;No;No;No;No;0.0;-6.0;0.25;-6.1;0.39;-6.18;0.47;-6.22;0.51;-6.25;0.54;-6.23;0.55;-6.23;0.55;-6.25;CACC
4283;20.4;26.4;0.8;8;100;6;Successful;Effective;No;No;No;No;No;No;0.0;-6.0;0.25;-6.1;0.39;-6.18;0.47;-6.22;0.51;-6.25;0.54;-6.23;0.55;-6.23;0.55;-6.25;CACC
4284;20.4;26.4;0.8;10;100;6;Successful;Effective;No;No;No;No;No;No;0.0;-6.0;0.25;-6.1;0.39;-6.18;0.47;-6.22;0.51;-6.25;0.54;-6.23;0.55;-6.23;0.55;-6.25;CACC
4285;20.4;26.4;0.8;5;80;7;Successful;Effective;No;No;No;No;No;No;0.0;-7.0;0.2;-7.11;0.32;-7.19;0.38;-7.24;0.41;-7.26;0.43;-7.23;0.44;-7.23;0.44;-7.25;CACC
4286;20.4;26.4;0.8;8;80;7;Successful;Effective;No;No;No;No;No;No;0.0;-7.0;0.2;-7.11;0.32;-7.19;0.38;-7.24;0.41;-7.26;0.43;-7.23;0.44;-7.23;0.44;-7.25;CACC
4287;20.4;26.4;0.8;10;80;7;Successful;Effective;No;No;No;No;No;No;0.0;-7.0;0.2;-7.11;0.32;-7.19;0.38;-7.24;0.41;-7.26;0.43;-7.23;0.44;-7.23;0.44;-7.25;CACC
4288;20.4;26.4;0.8;5;100;7;Successful;Effective;No;No;No;No;No;No;0.0;-7.0;0.25;-7.12;0.39;-7.2;0.47;-7.25;0.51;-7.27;0.54;-7.25;0.55;-7.25;0.55;-7.27;CACC
4289;20.4;26.4;0.8;8;100;7;Successful;Effective;No;No;No;No;No;No;0.0;-7.0;0.25;-7.12;0.39;-7.2;0.47;-7.25;0.51;-7.27;0.54;-7.25;0.55;-7.25;0.55;-7.27;CACC
4290;20.4;26.4;0.8;10;100;7;Successful;Effective;No;No;No;No;No;No;0.0;-7.0;0.25;-7.12;0.39;-7.2;0.47;-7.25;0.51;-7.27;0.54;-7.25;0.55;-7.25;0.55;-7.27;CACC
4291;20.4;26.4;0.8;5;80;8;Successful;Effective;No;No;No;No;No;No;0.0;-7.99;0.2;-8.13;0.32;-8.21;0.38;-8.26;0.41;-8.28;0.43;-8.25;0.44;-8.25;0.44;-8.27;CACC
4292;20.4;26.4;0.8;8;80;8;Successful;Effective;No;No;No;No;No;No;0.0;-7.99;0.2;-8.13;0.32;-8.21;0.38;-8.26;0.41;-8.28;0.43;-8.25;0.44;-8.25;0.44;-8.27;CACC
4293;20.4;26.4;0.8;10;80;8;Successful;Effective;No;No;No;No;No;No;0.0;-7.99;0.2;-8.13;0.32;-8.21;0.38;-8.26;0.41;-8.28;0.43;-8.25;0.44;-8.25;0.44;-8.27;CACC
4294;20.4;26.4;0.8;5;100;8;Successful;Effective;No;No;No;No;No;No;0.0;-8.0;0.25;-8.13;0.39;-8.22;0.47;-8.28;0.51;-8.3;0.54;-8.27;0.55;-8.27;0.55;-8.29;CACC
4295;20.4;26.4;0.8;8;100;8;Successful;Effective;No;No;No;No;No;No;0.0;-8.0;0.25;-8.13;0.39;-8.22;0.47;-8.28;0.51;-8.3;0.54;-8.27;0.55;-8.27;0.55;-8.29;CACC
4296;20.4;26.4;0.8;10;100;8;Successful;Effective;No;No;No;No;No;No;0.0;-8.0;0.25;-8.13;0.39;-8.22;0.47;-8.28;0.51;-8.3;0.54;-8.27;0.55;-8.27;0.55;-8.29;CACC
4297;20.4;26.4;0.9;5;80;5;Successful;Effective;No;No;No;No;No;No;0.0;-5.0;0.2;-5.08;0.32;-5.15;0.38;-5.19;0.41;-5.2;0.43;-5.19;0.44;-5.19;0.44;-5.2;CACC
4298;20.4;26.4;0.9;8;80;5;Successful;Effective;No;No;No;No;No;No;0.0;-5.0;0.2;-5.08;0.32;-5.15;0.38;-5.19;0.41;-5.2;0.43;-5.19;0.44;-5.19;0.44;-5.2;CACC
4299;20.4;26.4;0.9;10;80;5;Successful;Effective;No;No;No;No;No;No;0.0;-5.0;0.2;-5.08;0.32;-5.15;0.38;-5.19;0.41;-5.2;0.43;-5.19;0.44;-5.19;0.44;-5.2;CACC
4300;20.4;26.4;0.9;5;100;5;Successful;Effective;No;No;No;No;No;No;0.0;-5.0;0.25;-5.09;0.39;-5.16;0.47;-5.2;0.51;-5.22;0.54;-5.21;0.55;-5.21;0.55;-5.22;CACC
4301;20.4;26.4;0.9;8;100;5;Successful;Effective;No;No;No;No;No;No;0.0;-5.0;0.25;-5.09;0.39;-5.16;0.47;-5.2;0.51;-5.22;0.54;-5.21;0.55;-5.21;0.55;-5.22;CACC
4302;20.4;26.4;0.9;10;100;5;Successful;Effective;No;No;No;No;No;No;0.0;-5.0;0.25;-5.09;0.39;-5.16;0.47;-5.2;0.51;-5.22;0.54;-5.21;0.55;-5.21;0.55;-5.22;CACC
4303;20.4;26.4;0.9;5;80;6;Successful;Effective;No;No;No;No;No;No;0.0;-6.0;0.2;-6.1;0.32;-6.17;0.38;-6.21;0.41;-6.23;0.43;-6.21;0.44;-6.21;0.44;-6.22;CACC
4304;20.4;26.4;0.9;8;80;6;Successful;Effective;No;No;No;No;No;No;0.0;-6.0;0.2;-6.1;0.32;-6.17;0.38;-6.21;0.41;-6.23;0.43;-6.21;0.44;-6.21;0.44;-6.22;CACC
4305;20.4;26.4;0.9;10;80;6;Successful;Effective;No;No;No;No;No;No;0.0;-6.0;0.2;-6.1;0.32;-6.17;0.38;-6.21;0.41;-6.23;0.43;-6.21;0.44;-6.21;0.44;-6.22;CACC
4306;20.4;26.4;0.9;5;100;6;Successful;Effective;No;No;No;No;No;No;0.0;-6.0;0.25;-6.1;0.39;-6.18;0.47;-6.22;0.51;-6.25;0.54;-6.23;0.55;-6.23;0.55;-6.25;CACC
4307;20.4;26.4;0.9;8;100;6;Successful;Effective;No;No;No;No;No;No;0.0;-6.0;0.25;-6.1;0.39;-6.18;0.47;-6.22;0.51;-6.25;0.54;-6.23;0.55;-6.23;0.55;-6.25;CACC
4308;20.4;26.4;0.9;10;100;6;Successful;Effective;No;No;No;No;No;No;0.0;-6.0;0.25;-6.1;0.39;-6.18;0.47;-6.22;0.51;-6.25;0.54;-6.23;0.55;-6.23;0.55;-6.25;CACC
4309;20.4;26.4;0.9;5;80;7;Successful;Effective;No;No;No;No;No;No;0.0;-7.0;0.2;-7.11;0.32;-7.19;0.38;-7.24;0.41;-7.26;0.43;-7.23;0.44;-7.23;0.44;-7.25;CACC
4310;20.4;26.4;0.9;8;80;7;Successful;Effective;No;No;No;No;No;No;0.0;-7.0;0.2;-7.11;0.32;-7.19;0.38;-7.24;0.41;-7.26;0.43;-7.23;0.44;-7.23;0.44;-7.25;CACC
4311;20.4;26.4;0.9;10;80;7;Successful;Effective;No;No;No;No;No;No;0.0;-7.0;0.2;-7.11;0.32;-7.19;0.38;-7.24;0.41;-7.26;0.43;-7.23;0.44;-7.23;0.44;-7.25;CACC
4312;20.4;26.4;0.9;5;100;7;Successful;Effective;No;No;No;No;No;No;0.0;-7.0;0.25;-7.12;0.39;-7.2;0.47;-7.25;0.51;-7.27;0.54;-7.25;0.55;-7.25;0.55;-7.27;CACC
4313;20.4;26.4;0.9;8;100;7;Successful;Effective;No;No;No;No;No;No;0.0;-7.0;0.25;-7.12;0.39;-7.2;0.47;-7.25;0.51;-7.27;0.54;-7.25;0.55;-7.25;0.55;-7.27;CACC
4314;20.4;26.4;0.9;10;100;7;Successful;Effective;No;No;No;No;No;No;0.0;-7.0;0.25;-7.12;0.39;-7.2;0.47;-7.25;0.51;-7.27;0.54;-7.25;0.55;-7.25;0.55;-7.27;CACC
4315;20.4;26.4;0.9;5;80;8;Successful;Effective;No;No;No;No;No;No;0.0;-7.99;0.2;-8.13;0.32;-8.21;0.38;-8.26;0.41;-8.28;0.43;-8.25;0.44;-8.25;0.44;-8.27;CACC
4316;20.4;26.4;0.9;8;80;8;Successful;Effective;No;No;No;No;No;No;0.0;-7.99;0.2;-8.13;0.32;-8.21;0.38;-8.26;0.41;-8.28;0.43;-8.25;0.44;-8.25;0.44;-8.27;CACC
4317;20.4;26.4;0.9;10;80;8;Successful;Effective;No;No;No;No;No;No;0.0;-7.99;0.2;-8.13;0.32;-8.21;0.38;-8.26;0.41;-8.28;0.43;-8.25;0.44;-8.25;0.44;-8.27;CACC
4318;20.4;26.4;0.9;5;100;8;Successful;Effective;No;No;No;No;No;No;0.0;-8.0;0.25;-8.13;0.39;-8.22;0.47;-8.28;0.51;-8.3;0.54;-8.27;0.55;-8.27;0.55;-8.29;CACC
4319;20.4;26.4;0.9;8;100;8;Successful;Effective;No;No;No;No;No;No;0.0;-8.0;0.25;-8.13;0.39;-8.22;0.47;-8.28;0.51;-8.3;0.54;-8.27;0.55;-8.27;0.55;-8.29;CACC
4320;20.4;26.4;0.9;10;100;8;Successful;Effective;No;No;No;No;No;No;0.0;-8.0;0.25;-8.13;0.39;-8.22;0.47;-8.28;0.51;-8.3;0.54;-8.27;0.55;-8.27;0.55;-8.29;CACC
4321;20.5;26.5;0.6;5;80;5;Successful;Effective;No;No;No;No;No;No;0.0;-5.0;0.2;-5.08;0.32;-5.15;0.38;-5.19;0.41;-5.2;0.43;-5.19;0.44;-5.19;0.44;-5.2;CACC
4322;20.5;26.5;0.6;8;80;5;Successful;Effective;No;No;No;No;No;No;0.0;-5.0;0.2;-5.08;0.32;-5.15;0.38;-5.19;0.41;-5.2;0.43;-5.19;0.44;-5.19;0.44;-5.2;CACC
4323;20.5;26.5;0.6;10;80;5;Successful;Effective;No;No;No;No;No;No;0.0;-5.0;0.2;-5.08;0.32;-5.15;0.38;-5.19;0.41;-5.2;0.43;-5.19;0.44;-5.19;0.44;-5.2;CACC
4324;20.5;26.5;0.6;5;100;5;Successful;Effective;No;No;No;No;No;No;0.0;-5.0;0.25;-5.09;0.39;-5.16;0.47;-5.2;0.51;-5.22;0.54;-5.21;0.55;-5.21;0.55;-5.22;CACC
4325;20.5;26.5;0.6;8;100;5;Successful;Effective;No;No;No;No;No;No;0.0;-5.0;0.25;-5.09;0.39;-5.16;0.47;-5.2;0.51;-5.22;0.54;-5.21;0.55;-5.21;0.55;-5.22;CACC
4326;20.5;26.5;0.6;10;100;5;Successful;Effective;No;No;No;No;No;No;0.0;-5.0;0.25;-5.09;0.39;-5.16;0.47;-5.2;0.51;-5.22;0.54;-5.21;0.55;-5.21;0.55;-5.22;CACC
4327;20.5;26.5;0.6;5;80;6;Successful;Effective;No;No;No;No;No;No;0.0;-6.0;0.2;-6.1;0.32;-6.17;0.38;-6.21;0.41;-6.23;0.43;-6.21;0.44;-6.21;0.44;-6.22;CACC
4328;20.5;26.5;0.6;8;80;6;Successful;Effective;No;No;No;No;No;No;0.0;-6.0;0.2;-6.1;0.32;-6.17;0.38;-6.21;0.41;-6.23;0.43;-6.21;0.44;-6.21;0.44;-6.22;CACC
4329;20.5;26.5;0.6;10;80;6;Successful;Effective;No;No;No;No;No;No;0.0;-6.0;0.2;-6.1;0.32;-6.17;0.38;-6.21;0.41;-6.23;0.43;-6.21;0.44;-6.21;0.44;-6.22;CACC
4330;20.5;26.5;0.6;5;100;6;Successful;Effective;No;No;No;No;No;No;0.0;-6.0;0.25;-6.1;0.39;-6.18;0.47;-6.22;0.51;-6.25;0.54;-6.23;0.55;-6.23;0.55;-6.25;CACC
4331;20.5;26.5;0.6;8;100;6;Successful;Effective;No;No;No;No;No;No;0.0;-6.0;0.25;-6.1;0.39;-6.18;0.47;-6.22;0.51;-6.25;0.54;-6.23;0.55;-6.23;0.55;-6.25;CACC
4332;20.5;26.5;0.6;10;100;6;Successful;Effective;No;No;No;No;No;No;0.0;-6.0;0.25;-6.1;0.39;-6.18;0.47;-6.22;0.51;-6.25;0.54;-6.23;0.55;-6.23;0.55;-6.25;CACC
4333;20.5;26.5;0.6;5;80;7;Successful;Effective;No;No;No;No;No;No;0.0;-7.0;0.2;-7.11;0.32;-7.19;0.38;-7.24;0.41;-7.26;0.43;-7.23;0.44;-7.23;0.44;-7.25;CACC
4334;20.5;26.5;0.6;8;80;7;Successful;Effective;No;No;No;No;No;No;0.0;-7.0;0.2;-7.11;0.32;-7.19;0.38;-7.24;0.41;-7.26;0.43;-7.23;0.44;-7.23;0.44;-7.25;CACC
4335;20.5;26.5;0.6;10;80;7;Successful;Effective;No;No;No;No;No;No;0.0;-7.0;0.2;-7.11;0.32;-7.19;0.38;-7.24;0.41;-7.26;0.43;-7.23;0.44;-7.23;0.44;-7.25;CACC
4336;20.5;26.5;0.6;5;100;7;Successful;Effective;No;No;No;No;No;No;0.0;-7.0;0.25;-7.12;0.39;-7.2;0.47;-7.25;0.51;-7.27;0.54;-7.25;0.55;-7.25;0.55;-7.27;CACC
4337;20.5;26.5;0.6;8;100;7;Successful;Effective;No;No;No;No;No;No;0.0;-7.0;0.25;-7.12;0.39;-7.2;0.47;-7.25;0.51;-7.27;0.54;-7.25;0.55;-7.25;0.55;-7.27;CACC
4338;20.5;26.5;0.6;10;100;7;Successful;Effective;No;No;No;No;No;No;0.0;-7.0;0.25;-7.12;0.39;-7.2;0.47;-7.25;0.51;-7.27;0.54;-7.25;0.55;-7.25;0.55;-7.27;CACC
4339;20.5;26.5;0.6;5;80;8;Successful;Effective;No;No;No;No;No;No;0.0;-7.99;0.2;-8.13;0.32;-8.21;0.38;-8.26;0.41;-8.28;0.43;-8.25;0.44;-8.25;0.44;-8.27;CACC
4340;20.5;26.5;0.6;8;80;8;Successful;Effective;No;No;No;No;No;No;0.0;-7.99;0.2;-8.13;0.32;-8.21;0.38;-8.26;0.41;-8.28;0.43;-8.25;0.44;-8.25;0.44;-8.27;CACC
4341;20.5;26.5;0.6;10;80;8;Successful;Effective;No;No;No;No;No;No;0.0;-7.99;0.2;-8.13;0.32;-8.21;0.38;-8.26;0.41;-8.28;0.43;-8.25;0.44;-8.25;0.44;-8.27;CACC
4342;20.5;26.5;0.6;5;100;8;Successful;Effective;No;No;No;No;No;No;0.0;-8.0;0.25;-8.13;0.39;-8.22;0.47;-8.28;0.51;-8.3;0.54;-8.27;0.55;-8.27;0.55;-8.29;CACC
4343;20.5;26.5;0.6;8;100;8;Successful;Effective;No;No;No;No;No;No;0.0;-8.0;0.25;-8.13;0.39;-8.22;0.47;-8.28;0.51;-8.3;0.54;-8.27;0.55;-8.27;0.55;-8.29;CACC
4344;20.5;26.5;0.6;10;100;8;Successful;Effective;No;No;No;No;No;No;0.0;-8.0;0.25;-8.13;0.39;-8.22;0.47;-8.28;0.51;-8.3;0.54;-8.27;0.55;-8.27;0.55;-8.29;CACC
4345;20.5;26.5;0.7;5;80;5;Successful;Effective;No;No;No;No;No;No;0.0;-5.0;0.2;-5.08;0.32;-5.15;0.38;-5.19;0.41;-5.2;0.43;-5.19;0.44;-5.19;0.44;-5.2;CACC
4346;20.5;26.5;0.7;8;80;5;Successful;Effective;No;No;No;No;No;No;0.0;-5.0;0.2;-5.08;0.32;-5.15;0.38;-5.19;0.41;-5.2;0.43;-5.19;0.44;-5.19;0.44;-5.2;CACC
4347;20.5;26.5;0.7;10;80;5;Successful;Effective;No;No;No;No;No;No;0.0;-5.0;0.2;-5.08;0.32;-5.15;0.38;-5.19;0.41;-5.2;0.43;-5.19;0.44;-5.19;0.44;-5.2;CACC
4348;20.5;26.5;0.7;5;100;5;Successful;Effective;No;No;No;No;No;No;0.0;-5.0;0.25;-5.09;0.39;-5.16;0.47;-5.2;0.51;-5.22;0.54;-5.21;0.55;-5.21;0.55;-5.22;CACC
4349;20.5;26.5;0.7;8;100;5;Successful;Effective;No;No;No;No;No;No;0.0;-5.0;0.25;-5.09;0.39;-5.16;0.47;-5.2;0.51;-5.22;0.54;-5.21;0.55;-5.21;0.55;-5.22;CACC
4350;20.5;26.5;0.7;10;100;5;Successful;Effective;No;No;No;No;No;No;0.0;-5.0;0.25;-5.09;0.39;-5.16;0.47;-5.2;0.51;-5.22;0.54;-5.21;0.55;-5.21;0.55;-5.22;CACC
4351;20.5;26.5;0.7;5;80;6;Successful;Effective;No;No;No;No;No;No;0.0;-6.0;0.2;-6.1;0.32;-6.17;0.38;-6.21;0.41;-6.23;0.43;-6.21;0.44;-6.21;0.44;-6.22;CACC
4352;20.5;26.5;0.7;8;80;6;Successful;Effective;No;No;No;No;No;No;0.0;-6.0;0.2;-6.1;0.32;-6.17;0.38;-6.21;0.41;-6.23;0.43;-6.21;0.44;-6.21;0.44;-6.22;CACC
4353;20.5;26.5;0.7;10;80;6;Successful;Effective;No;No;No;No;No;No;0.0;-6.0;0.2;-6.1;0.32;-6.17;0.38;-6.21;0.41;-6.23;0.43;-6.21;0.44;-6.21;0.44;-6.22;CACC
4354;20.5;26.5;0.7;5;100;6;Successful;Effective;No;No;No;No;No;No;0.0;-6.0;0.25;-6.1;0.39;-6.18;0.47;-6.22;0.51;-6.25;0.54;-6.23;0.55;-6.23;0.55;-6.25;CACC
4355;20.5;26.5;0.7;8;100;6;Successful;Effective;No;No;No;No;No;No;0.0;-6.0;0.25;-6.1;0.39;-6.18;0.47;-6.22;0.51;-6.25;0.54;-6.23;0.55;-6.23;0.55;-6.25;CACC
4356;20.5;26.5;0.7;10;100;6;Successful;Effective;No;No;No;No;No;No;0.0;-6.0;0.25;-6.1;0.39;-6.18;0.47;-6.22;0.51;-6.25;0.54;-6.23;0.55;-6.23;0.55;-6.25;CACC
4357;20.5;26.5;0.7;5;80;7;Successful;Effective;No;No;No;No;No;No;0.0;-7.0;0.2;-7.11;0.32;-7.19;0.38;-7.24;0.41;-7.26;0.43;-7.23;0.44;-7.23;0.44;-7.25;CACC
4358;20.5;26.5;0.7;8;80;7;Successful;Effective;No;No;No;No;No;No;0.0;-7.0;0.2;-7.11;0.32;-7.19;0.38;-7.24;0.41;-7.26;0.43;-7.23;0.44;-7.23;0.44;-7.25;CACC
4359;20.5;26.5;0.7;10;80;7;Successful;Effective;No;No;No;No;No;No;0.0;-7.0;0.2;-7.11;0.32;-7.19;0.38;-7.24;0.41;-7.26;0.43;-7.23;0.44;-7.23;0.44;-7.25;CACC
4360;20.5;26.5;0.7;5;100;7;Successful;Effective;No;No;No;No;No;No;0.0;-7.0;0.25;-7.12;0.39;-7.2;0.47;-7.25;0.51;-7.27;0.54;-7.25;0.55;-7.25;0.55;-7.27;CACC
4361;20.5;26.5;0.7;8;100;7;Successful;Effective;No;No;No;No;No;No;0.0;-7.0;0.25;-7.12;0.39;-7.2;0.47;-7.25;0.51;-7.27;0.54;-7.25;0.55;-7.25;0.55;-7.27;CACC
4362;20.5;26.5;0.7;10;100;7;Successful;Effective;No;No;No;No;No;No;0.0;-7.0;0.25;-7.12;0.39;-7.2;0.47;-7.25;0.51;-7.27;0.54;-7.25;0.55;-7.25;0.55;-7.27;CACC
4363;20.5;26.5;0.7;5;80;8;Successful;Effective;No;No;No;No;No;No;0.0;-7.99;0.2;-8.13;0.32;-8.21;0.38;-8.26;0.41;-8.28;0.43;-8.25;0.44;-8.25;0.44;-8.27;CACC
4364;20.5;26.5;0.7;8;80;8;Successful;Effective;No;No;No;No;No;No;0.0;-7.99;0.2;-8.13;0.32;-8.21;0.38;-8.26;0.41;-8.28;0.43;-8.25;0.44;-8.25;0.44;-8.27;CACC
4365;20.5;26.5;0.7;10;80;8;Successful;Effective;No;No;No;No;No;No;0.0;-7.99;0.2;-8.13;0.32;-8.21;0.38;-8.26;0.41;-8.28;0.43;-8.25;0.44;-8.25;0.44;-8.27;CACC
4366;20.5;26.5;0.7;5;100;8;Successful;Effective;No;No;No;No;No;No;0.0;-8.0;0.25;-8.13;0.39;-8.22;0.47;-8.28;0.51;-8.3;0.54;-8.27;0.55;-8.27;0.55;-8.29;CACC
4367;20.5;26.5;0.7;8;100;8;Successful;Effective;No;No;No;No;No;No;0.0;-8.0;0.25;-8.13;0.39;-8.22;0.47;-8.28;0.51;-8.3;0.54;-8.27;0.55;-8.27;0.55;-8.29;CACC
4368;20.5;26.5;0.7;10;100;8;Successful;Effective;No;No;No;No;No;No;0.0;-8.0;0.25;-8.13;0.39;-8.22;0.47;-8.28;0.51;-8.3;0.54;-8.27;0.55;-8.27;0.55;-8.29;CACC
4369;20.5;26.5;0.8;5;80;5;Successful;Effective;No;No;No;No;No;No;0.0;-5.0;0.2;-5.08;0.32;-5.15;0.38;-5.19;0.41;-5.2;0.43;-5.19;0.44;-5.19;0.44;-5.2;CACC
4370;20.5;26.5;0.8;8;80;5;Successful;Effective;No;No;No;No;No;No;0.0;-5.0;0.2;-5.08;0.32;-5.15;0.38;-5.19;0.41;-5.2;0.43;-5.19;0.44;-5.19;0.44;-5.2;CACC
4371;20.5;26.5;0.8;10;80;5;Successful;Effective;No;No;No;No;No;No;0.0;-5.0;0.2;-5.08;0.32;-5.15;0.38;-5.19;0.41;-5.2;0.43;-5.19;0.44;-5.19;0.44;-5.2;CACC
4372;20.5;26.5;0.8;5;100;5;Successful;Effective;No;No;No;No;No;No;0.0;-5.0;0.25;-5.09;0.39;-5.16;0.47;-5.2;0.51;-5.22;0.54;-5.21;0.55;-5.21;0.55;-5.22;CACC
4373;20.5;26.5;0.8;8;100;5;Successful;Effective;No;No;No;No;No;No;0.0;-5.0;0.25;-5.09;0.39;-5.16;0.47;-5.2;0.51;-5.22;0.54;-5.21;0.55;-5.21;0.55;-5.22;CACC
4374;20.5;26.5;0.8;10;100;5;Successful;Effective;No;No;No;No;No;No;0.0;-5.0;0.25;-5.09;0.39;-5.16;0.47;-5.2;0.51;-5.22;0.54;-5.21;0.55;-5.21;0.55;-5.22;CACC
4375;20.5;26.5;0.8;5;80;6;Successful;Effective;No;No;No;No;No;No;0.0;-6.0;0.2;-6.1;0.32;-6.17;0.38;-6.21;0.41;-6.23;0.43;-6.21;0.44;-6.21;0.44;-6.22;CACC
4376;20.5;26.5;0.8;8;80;6;Successful;Effective;No;No;No;No;No;No;0.0;-6.0;0.2;-6.1;0.32;-6.17;0.38;-6.21;0.41;-6.23;0.43;-6.21;0.44;-6.21;0.44;-6.22;CACC
4377;20.5;26.5;0.8;10;80;6;Successful;Effective;No;No;No;No;No;No;0.0;-6.0;0.2;-6.1;0.32;-6.17;0.38;-6.21;0.41;-6.23;0.43;-6.21;0.44;-6.21;0.44;-6.22;CACC
4378;20.5;26.5;0.8;5;100;6;Successful;Effective;No;No;No;No;No;No;0.0;-6.0;0.25;-6.1;0.39;-6.18;0.47;-6.22;0.51;-6.25;0.54;-6.23;0.55;-6.23;0.55;-6.25;CACC
4379;20.5;26.5;0.8;8;100;6;Successful;Effective;No;No;No;No;No;No;0.0;-6.0;0.25;-6.1;0.39;-6.18;0.47;-6.22;0.51;-6.25;0.54;-6.23;0.55;-6.23;0.55;-6.25;CACC
4380;20.5;26.5;0.8;10;100;6;Successful;Effective;No;No;No;No;No;No;0.0;-6.0;0.25;-6.1;0.39;-6.18;0.47;-6.22;0.51;-6.25;0.54;-6.23;0.55;-6.23;0.55;-6.25;CACC
4381;20.5;26.5;0.8;5;80;7;Successful;Effective;No;No;No;No;No;No;0.0;-7.0;0.2;-7.11;0.32;-7.19;0.38;-7.24;0.41;-7.26;0.43;-7.23;0.44;-7.23;0.44;-7.25;CACC
4382;20.5;26.5;0.8;8;80;7;Successful;Effective;No;No;No;No;No;No;0.0;-7.0;0.2;-7.11;0.32;-7.19;0.38;-7.24;0.41;-7.26;0.43;-7.23;0.44;-7.23;0.44;-7.25;CACC
4383;20.5;26.5;0.8;10;80;7;Successful;Effective;No;No;No;No;No;No;0.0;-7.0;0.2;-7.11;0.32;-7.19;0.38;-7.24;0.41;-7.26;0.43;-7.23;0.44;-7.23;0.44;-7.25;CACC
4384;20.5;26.5;0.8;5;100;7;Successful;Effective;No;No;No;No;No;No;0.0;-7.0;0.25;-7.12;0.39;-7.2;0.47;-7.25;0.51;-7.27;0.54;-7.25;0.55;-7.25;0.55;-7.27;CACC
4385;20.5;26.5;0.8;8;100;7;Successful;Effective;No;No;No;No;No;No;0.0;-7.0;0.25;-7.12;0.39;-7.2;0.47;-7.25;0.51;-7.27;0.54;-7.25;0.55;-7.25;0.55;-7.27;CACC
4386;20.5;26.5;0.8;10;100;7;Successful;Effective;No;No;No;No;No;No;0.0;-7.0;0.25;-7.12;0.39;-7.2;0.47;-7.25;0.51;-7.27;0.54;-7.25;0.55;-7.25;0.55;-7.27;CACC
4387;20.5;26.5;0.8;5;80;8;Successful;Effective;No;No;No;No;No;No;0.0;-7.99;0.2;-8.13;0.32;-8.21;0.38;-8.26;0.41;-8.28;0.43;-8.25;0.44;-8.25;0.44;-8.27;CACC
4388;20.5;26.5;0.8;8;80;8;Successful;Effective;No;No;No;No;No;No;0.0;-7.99;0.2;-8.13;0.32;-8.21;0.38;-8.26;0.41;-8.28;0.43;-8.25;0.44;-8.25;0.44;-8.27;CACC
4389;20.5;26.5;0.8;10;80;8;Successful;Effective;No;No;No;No;No;No;0.0;-7.99;0.2;-8.13;0.32;-8.21;0.38;-8.26;0.41;-8.28;0.43;-8.25;0.44;-8.25;0.44;-8.27;CACC
4390;20.5;26.5;0.8;5;100;8;Successful;Effective;No;No;No;No;No;No;0.0;-8.0;0.25;-8.13;0.39;-8.22;0.47;-8.28;0.51;-8.3;0.54;-8.27;0.55;-8.27;0.55;-8.29;CACC
4391;20.5;26.5;0.8;8;100;8;Successful;Effective;No;No;No;No;No;No;0.0;-8.0;0.25;-8.13;0.39;-8.22;0.47;-8.28;0.51;-8.3;0.54;-8.27;0.55;-8.27;0.55;-8.29;CACC
4392;20.5;26.5;0.8;10;100;8;Successful;Effective;No;No;No;No;No;No;0.0;-8.0;0.25;-8.13;0.39;-8.22;0.47;-8.28;0.51;-8.3;0.54;-8.27;0.55;-8.27;0.55;-8.29;CACC
4393;20.5;26.5;0.9;5;80;5;Successful;Effective;No;No;No;No;No;No;0.0;-5.0;0.2;-5.08;0.32;-5.15;0.38;-5.19;0.41;-5.2;0.43;-5.19;0.44;-5.19;0.44;-5.2;CACC
4394;20.5;26.5;0.9;8;80;5;Successful;Effective;No;No;No;No;No;No;0.0;-5.0;0.2;-5.08;0.32;-5.15;0.38;-5.19;0.41;-5.2;0.43;-5.19;0.44;-5.19;0.44;-5.2;CACC
4395;20.5;26.5;0.9;10;80;5;Successful;Effective;No;No;No;No;No;No;0.0;-5.0;0.2;-5.08;0.32;-5.15;0.38;-5.19;0.41;-5.2;0.43;-5.19;0.44;-5.19;0.44;-5.2;CACC
4396;20.5;26.5;0.9;5;100;5;Successful;Effective;No;No;No;No;No;No;0.0;-5.0;0.25;-5.09;0.39;-5.16;0.47;-5.2;0.51;-5.22;0.54;-5.21;0.55;-5.21;0.55;-5.22;CACC
4397;20.5;26.5;0.9;8;100;5;Successful;Effective;No;No;No;No;No;No;0.0;-5.0;0.25;-5.09;0.39;-5.16;0.47;-5.2;0.51;-5.22;0.54;-5.21;0.55;-5.21;0.55;-5.22;CACC
4398;20.5;26.5;0.9;10;100;5;Successful;Effective;No;No;No;No;No;No;0.0;-5.0;0.25;-5.09;0.39;-5.16;0.47;-5.2;0.51;-5.22;0.54;-5.21;0.55;-5.21;0.55;-5.22;CACC
4399;20.5;26.5;0.9;5;80;6;Successful;Effective;No;No;No;No;No;No;0.0;-6.0;0.2;-6.1;0.32;-6.17;0.38;-6.21;0.41;-6.23;0.43;-6.21;0.44;-6.21;0.44;-6.22;CACC
4400;20.5;26.5;0.9;8;80;6;Successful;Effective;No;No;No;No;No;No;0.0;-6.0;0.2;-6.1;0.32;-6.17;0.38;-6.21;0.41;-6.23;0.43;-6.21;0.44;-6.21;0.44;-6.22;CACC
4401;20.5;26.5;0.9;10;80;6;Successful;Effective;No;No;No;No;No;No;0.0;-6.0;0.2;-6.1;0.32;-6.17;0.38;-6.21;0.41;-6.23;0.43;-6.21;0.44;-6.21;0.44;-6.22;CACC
4402;20.5;26.5;0.9;5;100;6;Successful;Effective;No;No;No;No;No;No;0.0;-6.0;0.25;-6.1;0.39;-6.18;0.47;-6.22;0.51;-6.25;0.54;-6.23;0.55;-6.23;0.55;-6.25;CACC
4403;20.5;26.5;0.9;8;100;6;Successful;Effective;No;No;No;No;No;No;0.0;-6.0;0.25;-6.1;0.39;-6.18;0.47;-6.22;0.51;-6.25;0.54;-6.23;0.55;-6.23;0.55;-6.25;CACC
4404;20.5;26.5;0.9;10;100;6;Successful;Effective;No;No;No;No;No;No;0.0;-6.0;0.25;-6.1;0.39;-6.18;0.47;-6.22;0.51;-6.25;0.54;-6.23;0.55;-6.23;0.55;-6.25;CACC
4405;20.5;26.5;0.9;5;80;7;Successful;Effective;No;No;No;No;No;No;0.0;-7.0;0.2;-7.11;0.32;-7.19;0.38;-7.24;0.41;-7.26;0.43;-7.23;0.44;-7.23;0.44;-7.25;CACC
4406;20.5;26.5;0.9;8;80;7;Successful;Effective;No;No;No;No;No;No;0.0;-7.0;0.2;-7.11;0.32;-7.19;0.38;-7.24;0.41;-7.26;0.43;-7.23;0.44;-7.23;0.44;-7.25;CACC
4407;20.5;26.5;0.9;10;80;7;Successful;Effective;No;No;No;No;No;No;0.0;-7.0;0.2;-7.11;0.32;-7.19;0.38;-7.24;0.41;-7.26;0.43;-7.23;0.44;-7.23;0.44;-7.25;CACC
4408;20.5;26.5;0.9;5;100;7;Successful;Effective;No;No;No;No;No;No;0.0;-7.0;0.25;-7.12;0.39;-7.2;0.47;-7.25;0.51;-7.27;0.54;-7.25;0.55;-7.25;0.55;-7.27;CACC
4409;20.5;26.5;0.9;8;100;7;Successful;Effective;No;No;No;No;No;No;0.0;-7.0;0.25;-7.12;0.39;-7.2;0.47;-7.25;0.51;-7.27;0.54;-7.25;0.55;-7.25;0.55;-7.27;CACC
4410;20.5;26.5;0.9;10;100;7;Successful;Effective;No;No;No;No;No;No;0.0;-7.0;0.25;-7.12;0.39;-7.2;0.47;-7.25;0.51;-7.27;0.54;-7.25;0.55;-7.25;0.55;-7.27;CACC
4411;20.5;26.5;0.9;5;80;8;Successful;Effective;No;No;No;No;No;No;0.0;-7.99;0.2;-8.13;0.32;-8.21;0.38;-8.26;0.41;-8.28;0.43;-8.25;0.44;-8.25;0.44;-8.27;CACC
4412;20.5;26.5;0.9;8;80;8;Successful;Effective;No;No;No;No;No;No;0.0;-7.99;0.2;-8.13;0.32;-8.21;0.38;-8.26;0.41;-8.28;0.43;-8.25;0.44;-8.25;0.44;-8.27;CACC
4413;20.5;26.5;0.9;10;80;8;Successful;Effective;No;No;No;No;No;No;0.0;-7.99;0.2;-8.13;0.32;-8.21;0.38;-8.26;0.41;-8.28;0.43;-8.25;0.44;-8.25;0.44;-8.27;CACC
4414;20.5;26.5;0.9;5;100;8;Successful;Effective;No;No;No;No;No;No;0.0;-8.0;0.25;-8.13;0.39;-8.22;0.47;-8.28;0.51;-8.3;0.54;-8.27;0.55;-8.27;0.55;-8.29;CACC
4415;20.5;26.5;0.9;8;100;8;Successful;Effective;No;No;No;No;No;No;0.0;-8.0;0.25;-8.13;0.39;-8.22;0.47;-8.28;0.51;-8.3;0.54;-8.27;0.55;-8.27;0.55;-8.29;CACC
4416;20.5;26.5;0.9;10;100;8;Successful;Effective;No;No;No;No;No;No;0.0;-8.0;0.25;-8.13;0.39;-8.22;0.47;-8.28;0.51;-8.3;0.54;-8.27;0.55;-8.27;0.55;-8.29;CACC
4417;20.6;26.6;0.6;5;80;5;Successful;Effective;No;No;No;No;No;No;0.0;-5.0;0.2;-5.08;0.32;-5.15;0.38;-5.19;0.41;-5.2;0.43;-5.19;0.44;-5.19;0.44;-5.2;CACC
4418;20.6;26.6;0.6;8;80;5;Successful;Effective;No;No;No;No;No;No;0.0;-5.0;0.2;-5.08;0.32;-5.15;0.38;-5.19;0.41;-5.2;0.43;-5.19;0.44;-5.19;0.44;-5.2;CACC
4419;20.6;26.6;0.6;10;80;5;Successful;Effective;No;No;No;No;No;No;0.0;-5.0;0.2;-5.08;0.32;-5.15;0.38;-5.19;0.41;-5.2;0.43;-5.19;0.44;-5.19;0.44;-5.2;CACC
4420;20.6;26.6;0.6;5;100;5;Successful;Effective;No;No;No;No;No;No;0.0;-5.0;0.25;-5.09;0.39;-5.16;0.47;-5.2;0.51;-5.22;0.54;-5.21;0.55;-5.21;0.55;-5.22;CACC
4421;20.6;26.6;0.6;8;100;5;Successful;Effective;No;No;No;No;No;No;0.0;-5.0;0.25;-5.09;0.39;-5.16;0.47;-5.2;0.51;-5.22;0.54;-5.21;0.55;-5.21;0.55;-5.22;CACC
4422;20.6;26.6;0.6;10;100;5;Successful;Effective;No;No;No;No;No;No;0.0;-5.0;0.25;-5.09;0.39;-5.16;0.47;-5.2;0.51;-5.22;0.54;-5.21;0.55;-5.21;0.55;-5.22;CACC
4423;20.6;26.6;0.6;5;80;6;Successful;Effective;No;No;No;No;No;No;0.0;-6.0;0.2;-6.1;0.32;-6.17;0.38;-6.21;0.41;-6.23;0.43;-6.21;0.44;-6.21;0.44;-6.22;CACC
4424;20.6;26.6;0.6;8;80;6;Successful;Effective;No;No;No;No;No;No;0.0;-6.0;0.2;-6.1;0.32;-6.17;0.38;-6.21;0.41;-6.23;0.43;-6.21;0.44;-6.21;0.44;-6.22;CACC
4425;20.6;26.6;0.6;10;80;6;Successful;Effective;No;No;No;No;No;No;0.0;-6.0;0.2;-6.1;0.32;-6.17;0.38;-6.21;0.41;-6.23;0.43;-6.21;0.44;-6.21;0.44;-6.22;CACC
4426;20.6;26.6;0.6;5;100;6;Successful;Effective;No;No;No;No;No;No;0.0;-6.0;0.25;-6.1;0.39;-6.18;0.47;-6.22;0.51;-6.25;0.54;-6.23;0.55;-6.23;0.55;-6.25;CACC
4427;20.6;26.6;0.6;8;100;6;Successful;Effective;No;No;No;No;No;No;0.0;-6.0;0.25;-6.1;0.39;-6.18;0.47;-6.22;0.51;-6.25;0.54;-6.23;0.55;-6.23;0.55;-6.25;CACC
4428;20.6;26.6;0.6;10;100;6;Successful;Effective;No;No;No;No;No;No;0.0;-6.0;0.25;-6.1;0.39;-6.18;0.47;-6.22;0.51;-6.25;0.54;-6.23;0.55;-6.23;0.55;-6.25;CACC
4429;20.6;26.6;0.6;5;80;7;Successful;Effective;No;No;No;No;No;No;0.0;-7.0;0.2;-7.11;0.32;-7.19;0.38;-7.24;0.41;-7.26;0.43;-7.23;0.44;-7.23;0.44;-7.25;CACC
4430;20.6;26.6;0.6;8;80;7;Successful;Effective;No;No;No;No;No;No;0.0;-7.0;0.2;-7.11;0.32;-7.19;0.38;-7.24;0.41;-7.26;0.43;-7.23;0.44;-7.23;0.44;-7.25;CACC
4431;20.6;26.6;0.6;10;80;7;Successful;Effective;No;No;No;No;No;No;0.0;-7.0;0.2;-7.11;0.32;-7.19;0.38;-7.24;0.41;-7.26;0.43;-7.23;0.44;-7.23;0.44;-7.25;CACC
4432;20.6;26.6;0.6;5;100;7;Successful;Effective;No;No;No;No;No;No;0.0;-7.0;0.25;-7.12;0.39;-7.2;0.47;-7.25;0.51;-7.27;0.54;-7.25;0.55;-7.25;0.55;-7.27;CACC
4433;20.6;26.6;0.6;8;100;7;Successful;Effective;No;No;No;No;No;No;0.0;-7.0;0.25;-7.12;0.39;-7.2;0.47;-7.25;0.51;-7.27;0.54;-7.25;0.55;-7.25;0.55;-7.27;CACC
4434;20.6;26.6;0.6;10;100;7;Successful;Effective;No;No;No;No;No;No;0.0;-7.0;0.25;-7.12;0.39;-7.2;0.47;-7.25;0.51;-7.27;0.54;-7.25;0.55;-7.25;0.55;-7.27;CACC
4435;20.6;26.6;0.6;5;80;8;Successful;Effective;No;No;No;No;No;No;0.0;-7.99;0.2;-8.13;0.32;-8.21;0.38;-8.26;0.41;-8.28;0.43;-8.25;0.44;-8.25;0.44;-8.27;CACC
4436;20.6;26.6;0.6;8;80;8;Successful;Effective;No;No;No;No;No;No;0.0;-7.99;0.2;-8.13;0.32;-8.21;0.38;-8.26;0.41;-8.28;0.43;-8.25;0.44;-8.25;0.44;-8.27;CACC
4437;20.6;26.6;0.6;10;80;8;Successful;Effective;No;No;No;No;No;No;0.0;-7.99;0.2;-8.13;0.32;-8.21;0.38;-8.26;0.41;-8.28;0.43;-8.25;0.44;-8.25;0.44;-8.27;CACC
4438;20.6;26.6;0.6;5;100;8;Successful;Effective;No;No;No;No;No;No;0.0;-8.0;0.25;-8.13;0.39;-8.22;0.47;-8.28;0.51;-8.3;0.54;-8.27;0.55;-8.27;0.55;-8.29;CACC
4439;20.6;26.6;0.6;8;100;8;Successful;Effective;No;No;No;No;No;No;0.0;-8.0;0.25;-8.13;0.39;-8.22;0.47;-8.28;0.51;-8.3;0.54;-8.27;0.55;-8.27;0.55;-8.29;CACC
4440;20.6;26.6;0.6;10;100;8;Successful;Effective;No;No;No;No;No;No;0.0;-8.0;0.25;-8.13;0.39;-8.22;0.47;-8.28;0.51;-8.3;0.54;-8.27;0.55;-8.27;0.55;-8.29;CACC
4441;20.6;26.6;0.7;5;80;5;Successful;Effective;No;No;No;No;No;No;0.0;-5.0;0.2;-5.08;0.32;-5.15;0.38;-5.19;0.41;-5.2;0.43;-5.19;0.44;-5.19;0.44;-5.2;CACC
4442;20.6;26.6;0.7;8;80;5;Successful;Effective;No;No;No;No;No;No;0.0;-5.0;0.2;-5.08;0.32;-5.15;0.38;-5.19;0.41;-5.2;0.43;-5.19;0.44;-5.19;0.44;-5.2;CACC
4443;20.6;26.6;0.7;10;80;5;Successful;Effective;No;No;No;No;No;No;0.0;-5.0;0.2;-5.08;0.32;-5.15;0.38;-5.19;0.41;-5.2;0.43;-5.19;0.44;-5.19;0.44;-5.2;CACC
4444;20.6;26.6;0.7;5;100;5;Successful;Effective;No;No;No;No;No;No;0.0;-5.0;0.25;-5.09;0.39;-5.16;0.47;-5.2;0.51;-5.22;0.54;-5.21;0.55;-5.21;0.55;-5.22;CACC
4445;20.6;26.6;0.7;8;100;5;Successful;Effective;No;No;No;No;No;No;0.0;-5.0;0.25;-5.09;0.39;-5.16;0.47;-5.2;0.51;-5.22;0.54;-5.21;0.55;-5.21;0.55;-5.22;CACC
4446;20.6;26.6;0.7;10;100;5;Successful;Effective;No;No;No;No;No;No;0.0;-5.0;0.25;-5.09;0.39;-5.16;0.47;-5.2;0.51;-5.22;0.54;-5.21;0.55;-5.21;0.55;-5.22;CACC
4447;20.6;26.6;0.7;5;80;6;Successful;Effective;No;No;No;No;No;No;0.0;-6.0;0.2;-6.1;0.32;-6.17;0.38;-6.21;0.41;-6.23;0.43;-6.21;0.44;-6.21;0.44;-6.22;CACC
4448;20.6;26.6;0.7;8;80;6;Successful;Effective;No;No;No;No;No;No;0.0;-6.0;0.2;-6.1;0.32;-6.17;0.38;-6.21;0.41;-6.23;0.43;-6.21;0.44;-6.21;0.44;-6.22;CACC
4449;20.6;26.6;0.7;10;80;6;Successful;Effective;No;No;No;No;No;No;0.0;-6.0;0.2;-6.1;0.32;-6.17;0.38;-6.21;0.41;-6.23;0.43;-6.21;0.44;-6.21;0.44;-6.22;CACC
4450;20.6;26.6;0.7;5;100;6;Successful;Effective;No;No;No;No;No;No;0.0;-6.0;0.25;-6.1;0.39;-6.18;0.47;-6.22;0.51;-6.25;0.54;-6.23;0.55;-6.23;0.55;-6.25;CACC
4451;20.6;26.6;0.7;8;100;6;Successful;Effective;No;No;No;No;No;No;0.0;-6.0;0.25;-6.1;0.39;-6.18;0.47;-6.22;0.51;-6.25;0.54;-6.23;0.55;-6.23;0.55;-6.25;CACC
4452;20.6;26.6;0.7;10;100;6;Successful;Effective;No;No;No;No;No;No;0.0;-6.0;0.25;-6.1;0.39;-6.18;0.47;-6.22;0.51;-6.25;0.54;-6.23;0.55;-6.23;0.55;-6.25;CACC
4453;20.6;26.6;0.7;5;80;7;Successful;Effective;No;No;No;No;No;No;0.0;-7.0;0.2;-7.11;0.32;-7.19;0.38;-7.24;0.41;-7.26;0.43;-7.23;0.44;-7.23;0.44;-7.25;CACC
4454;20.6;26.6;0.7;8;80;7;Successful;Effective;No;No;No;No;No;No;0.0;-7.0;0.2;-7.11;0.32;-7.19;0.38;-7.24;0.41;-7.26;0.43;-7.23;0.44;-7.23;0.44;-7.25;CACC
4455;20.6;26.6;0.7;10;80;7;Successful;Effective;No;No;No;No;No;No;0.0;-7.0;0.2;-7.11;0.32;-7.19;0.38;-7.24;0.41;-7.26;0.43;-7.23;0.44;-7.23;0.44;-7.25;CACC
4456;20.6;26.6;0.7;5;100;7;Successful;Effective;No;No;No;No;No;No;0.0;-7.0;0.25;-7.12;0.39;-7.2;0.47;-7.25;0.51;-7.27;0.54;-7.25;0.55;-7.25;0.55;-7.27;CACC
4457;20.6;26.6;0.7;8;100;7;Successful;Effective;No;No;No;No;No;No;0.0;-7.0;0.25;-7.12;0.39;-7.2;0.47;-7.25;0.51;-7.27;0.54;-7.25;0.55;-7.25;0.55;-7.27;CACC
4458;20.6;26.6;0.7;10;100;7;Successful;Effective;No;No;No;No;No;No;0.0;-7.0;0.25;-7.12;0.39;-7.2;0.47;-7.25;0.51;-7.27;0.54;-7.25;0.55;-7.25;0.55;-7.27;CACC
4459;20.6;26.6;0.7;5;80;8;Successful;Effective;No;No;No;No;No;No;0.0;-7.99;0.2;-8.13;0.32;-8.21;0.38;-8.26;0.41;-8.28;0.43;-8.25;0.44;-8.25;0.44;-8.27;CACC
4460;20.6;26.6;0.7;8;80;8;Successful;Effective;No;No;No;No;No;No;0.0;-7.99;0.2;-8.13;0.32;-8.21;0.38;-8.26;0.41;-8.28;0.43;-8.25;0.44;-8.25;0.44;-8.27;CACC
4461;20.6;26.6;0.7;10;80;8;Successful;Effective;No;No;No;No;No;No;0.0;-7.99;0.2;-8.13;0.32;-8.21;0.38;-8.26;0.41;-8.28;0.43;-8.25;0.44;-8.25;0.44;-8.27;CACC
4462;20.6;26.6;0.7;5;100;8;Successful;Effective;No;No;No;No;No;No;0.0;-8.0;0.25;-8.13;0.39;-8.22;0.47;-8.28;0.51;-8.3;0.54;-8.27;0.55;-8.27;0.55;-8.29;CACC
4463;20.6;26.6;0.7;8;100;8;Successful;Effective;No;No;No;No;No;No;0.0;-8.0;0.25;-8.13;0.39;-8.22;0.47;-8.28;0.51;-8.3;0.54;-8.27;0.55;-8.27;0.55;-8.29;CACC
4464;20.6;26.6;0.7;10;100;8;Successful;Effective;No;No;No;No;No;No;0.0;-8.0;0.25;-8.13;0.39;-8.22;0.47;-8.28;0.51;-8.3;0.54;-8.27;0.55;-8.27;0.55;-8.29;CACC
4465;20.6;26.6;0.8;5;80;5;Successful;Effective;No;No;No;No;No;No;0.0;-5.0;0.2;-5.08;0.32;-5.15;0.38;-5.19;0.41;-5.2;0.43;-5.19;0.44;-5.19;0.44;-5.2;CACC
4466;20.6;26.6;0.8;8;80;5;Successful;Effective;No;No;No;No;No;No;0.0;-5.0;0.2;-5.08;0.32;-5.15;0.38;-5.19;0.41;-5.2;0.43;-5.19;0.44;-5.19;0.44;-5.2;CACC
4467;20.6;26.6;0.8;10;80;5;Successful;Effective;No;No;No;No;No;No;0.0;-5.0;0.2;-5.08;0.32;-5.15;0.38;-5.19;0.41;-5.2;0.43;-5.19;0.44;-5.19;0.44;-5.2;CACC
4468;20.6;26.6;0.8;5;100;5;Successful;Effective;No;No;No;No;No;No;0.0;-5.0;0.25;-5.09;0.39;-5.16;0.47;-5.2;0.51;-5.22;0.54;-5.21;0.55;-5.21;0.55;-5.22;CACC
4469;20.6;26.6;0.8;8;100;5;Successful;Effective;No;No;No;No;No;No;0.0;-5.0;0.25;-5.09;0.39;-5.16;0.47;-5.2;0.51;-5.22;0.54;-5.21;0.55;-5.21;0.55;-5.22;CACC
4470;20.6;26.6;0.8;10;100;5;Successful;Effective;No;No;No;No;No;No;0.0;-5.0;0.25;-5.09;0.39;-5.16;0.47;-5.2;0.51;-5.22;0.54;-5.21;0.55;-5.21;0.55;-5.22;CACC
4471;20.6;26.6;0.8;5;80;6;Successful;Effective;No;No;No;No;No;No;0.0;-6.0;0.2;-6.1;0.32;-6.17;0.38;-6.21;0.41;-6.23;0.43;-6.21;0.44;-6.21;0.44;-6.22;CACC
4472;20.6;26.6;0.8;8;80;6;Successful;Effective;No;No;No;No;No;No;0.0;-6.0;0.2;-6.1;0.32;-6.17;0.38;-6.21;0.41;-6.23;0.43;-6.21;0.44;-6.21;0.44;-6.22;CACC
4473;20.6;26.6;0.8;10;80;6;Successful;Effective;No;No;No;No;No;No;0.0;-6.0;0.2;-6.1;0.32;-6.17;0.38;-6.21;0.41;-6.23;0.43;-6.21;0.44;-6.21;0.44;-6.22;CACC
4474;20.6;26.6;0.8;5;100;6;Successful;Effective;No;No;No;No;No;No;0.0;-6.0;0.25;-6.1;0.39;-6.18;0.47;-6.22;0.51;-6.25;0.54;-6.23;0.55;-6.23;0.55;-6.25;CACC
4475;20.6;26.6;0.8;8;100;6;Successful;Effective;No;No;No;No;No;No;0.0;-6.0;0.25;-6.1;0.39;-6.18;0.47;-6.22;0.51;-6.25;0.54;-6.23;0.55;-6.23;0.55;-6.25;CACC
4476;20.6;26.6;0.8;10;100;6;Successful;Effective;No;No;No;No;No;No;0.0;-6.0;0.25;-6.1;0.39;-6.18;0.47;-6.22;0.51;-6.25;0.54;-6.23;0.55;-6.23;0.55;-6.25;CACC
4477;20.6;26.6;0.8;5;80;7;Successful;Effective;No;No;No;No;No;No;0.0;-7.0;0.2;-7.11;0.32;-7.19;0.38;-7.24;0.41;-7.26;0.43;-7.23;0.44;-7.23;0.44;-7.25;CACC
4478;20.6;26.6;0.8;8;80;7;Successful;Effective;No;No;No;No;No;No;0.0;-7.0;0.2;-7.11;0.32;-7.19;0.38;-7.24;0.41;-7.26;0.43;-7.23;0.44;-7.23;0.44;-7.25;CACC
4479;20.6;26.6;0.8;10;80;7;Successful;Effective;No;No;No;No;No;No;0.0;-7.0;0.2;-7.11;0.32;-7.19;0.38;-7.24;0.41;-7.26;0.43;-7.23;0.44;-7.23;0.44;-7.25;CACC
4480;20.6;26.6;0.8;5;100;7;Successful;Effective;No;No;No;No;No;No;0.0;-7.0;0.25;-7.12;0.39;-7.2;0.47;-7.25;0.51;-7.27;0.54;-7.25;0.55;-7.25;0.55;-7.27;CACC
4481;20.6;26.6;0.8;8;100;7;Successful;Effective;No;No;No;No;No;No;0.0;-7.0;0.25;-7.12;0.39;-7.2;0.47;-7.25;0.51;-7.27;0.54;-7.25;0.55;-7.25;0.55;-7.27;CACC
4482;20.6;26.6;0.8;10;100;7;Successful;Effective;No;No;No;No;No;No;0.0;-7.0;0.25;-7.12;0.39;-7.2;0.47;-7.25;0.51;-7.27;0.54;-7.25;0.55;-7.25;0.55;-7.27;CACC
4483;20.6;26.6;0.8;5;80;8;Successful;Effective;No;No;No;No;No;No;0.0;-7.99;0.2;-8.13;0.32;-8.21;0.38;-8.26;0.41;-8.28;0.43;-8.25;0.44;-8.25;0.44;-8.27;CACC
4484;20.6;26.6;0.8;8;80;8;Successful;Effective;No;No;No;No;No;No;0.0;-7.99;0.2;-8.13;0.32;-8.21;0.38;-8.26;0.41;-8.28;0.43;-8.25;0.44;-8.25;0.44;-8.27;CACC
4485;20.6;26.6;0.8;10;80;8;Successful;Effective;No;No;No;No;No;No;0.0;-7.99;0.2;-8.13;0.32;-8.21;0.38;-8.26;0.41;-8.28;0.43;-8.25;0.44;-8.25;0.44;-8.27;CACC
4486;20.6;26.6;0.8;5;100;8;Successful;Effective;No;No;No;No;No;No;0.0;-8.0;0.25;-8.13;0.39;-8.22;0.47;-8.28;0.51;-8.3;0.54;-8.27;0.55;-8.27;0.55;-8.29;CACC
4487;20.6;26.6;0.8;8;100;8;Successful;Effective;No;No;No;No;No;No;0.0;-8.0;0.25;-8.13;0.39;-8.22;0.47;-8.28;0.51;-8.3;0.54;-8.27;0.55;-8.27;0.55;-8.29;CACC
4488;20.6;26.6;0.8;10;100;8;Successful;Effective;No;No;No;No;No;No;0.0;-8.0;0.25;-8.13;0.39;-8.22;0.47;-8.28;0.51;-8.3;0.54;-8.27;0.55;-8.27;0.55;-8.29;CACC
4489;20.6;26.6;0.9;5;80;5;Successful;Effective;No;No;No;No;No;No;0.0;-5.0;0.2;-5.08;0.32;-5.15;0.38;-5.19;0.41;-5.2;0.43;-5.19;0.44;-5.19;0.44;-5.2;CACC
4490;20.6;26.6;0.9;8;80;5;Successful;Effective;No;No;No;No;No;No;0.0;-5.0;0.2;-5.08;0.32;-5.15;0.38;-5.19;0.41;-5.2;0.43;-5.19;0.44;-5.19;0.44;-5.2;CACC
4491;20.6;26.6;0.9;10;80;5;Successful;Effective;No;No;No;No;No;No;0.0;-5.0;0.2;-5.08;0.32;-5.15;0.38;-5.19;0.41;-5.2;0.43;-5.19;0.44;-5.19;0.44;-5.2;CACC
4492;20.6;26.6;0.9;5;100;5;Successful;Effective;No;No;No;No;No;No;0.0;-5.0;0.25;-5.09;0.39;-5.16;0.47;-5.2;0.51;-5.22;0.54;-5.21;0.55;-5.21;0.55;-5.22;CACC
4493;20.6;26.6;0.9;8;100;5;Successful;Effective;No;No;No;No;No;No;0.0;-5.0;0.25;-5.09;0.39;-5.16;0.47;-5.2;0.51;-5.22;0.54;-5.21;0.55;-5.21;0.55;-5.22;CACC
4494;20.6;26.6;0.9;10;100;5;Successful;Effective;No;No;No;No;No;No;0.0;-5.0;0.25;-5.09;0.39;-5.16;0.47;-5.2;0.51;-5.22;0.54;-5.21;0.55;-5.21;0.55;-5.22;CACC
4495;20.6;26.6;0.9;5;80;6;Successful;Effective;No;No;No;No;No;No;0.0;-6.0;0.2;-6.1;0.32;-6.17;0.38;-6.21;0.41;-6.23;0.43;-6.21;0.44;-6.21;0.44;-6.22;CACC
4496;20.6;26.6;0.9;8;80;6;Successful;Effective;No;No;No;No;No;No;0.0;-6.0;0.2;-6.1;0.32;-6.17;0.38;-6.21;0.41;-6.23;0.43;-6.21;0.44;-6.21;0.44;-6.22;CACC
4497;20.6;26.6;0.9;10;80;6;Successful;Effective;No;No;No;No;No;No;0.0;-6.0;0.2;-6.1;0.32;-6.17;0.38;-6.21;0.41;-6.23;0.43;-6.21;0.44;-6.21;0.44;-6.22;CACC
4498;20.6;26.6;0.9;5;100;6;Successful;Effective;No;No;No;No;No;No;0.0;-6.0;0.25;-6.1;0.39;-6.18;0.47;-6.22;0.51;-6.25;0.54;-6.23;0.55;-6.23;0.55;-6.25;CACC
4499;20.6;26.6;0.9;8;100;6;Successful;Effective;No;No;No;No;No;No;0.0;-6.0;0.25;-6.1;0.39;-6.18;0.47;-6.22;0.51;-6.25;0.54;-6.23;0.55;-6.23;0.55;-6.25;CACC
4500;20.6;26.6;0.9;10;100;6;Successful;Effective;No;No;No;No;No;No;0.0;-6.0;0.25;-6.1;0.39;-6.18;0.47;-6.22;0.51;-6.25;0.54;-6.23;0.55;-6.23;0.55;-6.25;CACC
4501;20.6;26.6;0.9;5;80;7;Successful;Effective;No;No;No;No;No;No;0.0;-7.0;0.2;-7.11;0.32;-7.19;0.38;-7.24;0.41;-7.26;0.43;-7.23;0.44;-7.23;0.44;-7.25;CACC
4502;20.6;26.6;0.9;8;80;7;Successful;Effective;No;No;No;No;No;No;0.0;-7.0;0.2;-7.11;0.32;-7.19;0.38;-7.24;0.41;-7.26;0.43;-7.23;0.44;-7.23;0.44;-7.25;CACC
4503;20.6;26.6;0.9;10;80;7;Successful;Effective;No;No;No;No;No;No;0.0;-7.0;0.2;-7.11;0.32;-7.19;0.38;-7.24;0.41;-7.26;0.43;-7.23;0.44;-7.23;0.44;-7.25;CACC
4504;20.6;26.6;0.9;5;100;7;Successful;Effective;No;No;No;No;No;No;0.0;-7.0;0.25;-7.12;0.39;-7.2;0.47;-7.25;0.51;-7.27;0.54;-7.25;0.55;-7.25;0.55;-7.27;CACC
4505;20.6;26.6;0.9;8;100;7;Successful;Effective;No;No;No;No;No;No;0.0;-7.0;0.25;-7.12;0.39;-7.2;0.47;-7.25;0.51;-7.27;0.54;-7.25;0.55;-7.25;0.55;-7.27;CACC
4506;20.6;26.6;0.9;10;100;7;Successful;Effective;No;No;No;No;No;No;0.0;-7.0;0.25;-7.12;0.39;-7.2;0.47;-7.25;0.51;-7.27;0.54;-7.25;0.55;-7.25;0.55;-7.27;CACC
4507;20.6;26.6;0.9;5;80;8;Successful;Effective;No;No;No;No;No;No;0.0;-7.99;0.2;-8.13;0.32;-8.21;0.38;-8.26;0.41;-8.28;0.43;-8.25;0.44;-8.25;0.44;-8.27;CACC
4508;20.6;26.6;0.9;8;80;8;Successful;Effective;No;No;No;No;No;No;0.0;-7.99;0.2;-8.13;0.32;-8.21;0.38;-8.26;0.41;-8.28;0.43;-8.25;0.44;-8.25;0.44;-8.27;CACC
4509;20.6;26.6;0.9;10;80;8;Successful;Effective;No;No;No;No;No;No;0.0;-7.99;0.2;-8.13;0.32;-8.21;0.38;-8.26;0.41;-8.28;0.43;-8.25;0.44;-8.25;0.44;-8.27;CACC
4510;20.6;26.6;0.9;5;100;8;Successful;Effective;No;No;No;No;No;No;0.0;-8.0;0.25;-8.13;0.39;-8.22;0.47;-8.28;0.51;-8.3;0.54;-8.27;0.55;-8.27;0.55;-8.29;CACC
4511;20.6;26.6;0.9;8;100;8;Successful;Effective;No;No;No;No;No;No;0.0;-8.0;0.25;-8.13;0.39;-8.22;0.47;-8.28;0.51;-8.3;0.54;-8.27;0.55;-8.27;0.55;-8.29;CACC
4512;20.6;26.6;0.9;10;100;8;Successful;Effective;No;No;No;No;No;No;0.0;-8.0;0.25;-8.13;0.39;-8.22;0.47;-8.28;0.51;-8.3;0.54;-8.27;0.55;-8.27;0.55;-8.29;CACC
4513;20.7;26.7;0.6;5;80;5;Successful;Effective;No;No;No;No;No;No;0.0;-5.0;0.2;-5.08;0.32;-5.15;0.38;-5.19;0.41;-5.2;0.43;-5.19;0.44;-5.19;0.44;-5.2;CACC
4514;20.7;26.7;0.6;8;80;5;Successful;Effective;No;No;No;No;No;No;0.0;-5.0;0.2;-5.08;0.32;-5.15;0.38;-5.19;0.41;-5.2;0.43;-5.19;0.44;-5.19;0.44;-5.2;CACC
4515;20.7;26.7;0.6;10;80;5;Successful;Effective;No;No;No;No;No;No;0.0;-5.0;0.2;-5.08;0.32;-5.15;0.38;-5.19;0.41;-5.2;0.43;-5.19;0.44;-5.19;0.44;-5.2;CACC
4516;20.7;26.7;0.6;5;100;5;Successful;Effective;No;No;No;No;No;No;0.0;-5.0;0.25;-5.09;0.39;-5.16;0.47;-5.2;0.51;-5.22;0.54;-5.21;0.55;-5.21;0.55;-5.22;CACC
4517;20.7;26.7;0.6;8;100;5;Successful;Effective;No;No;No;No;No;No;0.0;-5.0;0.25;-5.09;0.39;-5.16;0.47;-5.2;0.51;-5.22;0.54;-5.21;0.55;-5.21;0.55;-5.22;CACC
4518;20.7;26.7;0.6;10;100;5;Successful;Effective;No;No;No;No;No;No;0.0;-5.0;0.25;-5.09;0.39;-5.16;0.47;-5.2;0.51;-5.22;0.54;-5.21;0.55;-5.21;0.55;-5.22;CACC
4519;20.7;26.7;0.6;5;80;6;Successful;Effective;No;No;No;No;No;No;0.0;-6.0;0.2;-6.1;0.32;-6.17;0.38;-6.21;0.41;-6.23;0.43;-6.21;0.44;-6.21;0.44;-6.22;CACC
4520;20.7;26.7;0.6;8;80;6;Successful;Effective;No;No;No;No;No;No;0.0;-6.0;0.2;-6.1;0.32;-6.17;0.38;-6.21;0.41;-6.23;0.43;-6.21;0.44;-6.21;0.44;-6.22;CACC
4521;20.7;26.7;0.6;10;80;6;Successful;Effective;No;No;No;No;No;No;0.0;-6.0;0.2;-6.1;0.32;-6.17;0.38;-6.21;0.41;-6.23;0.43;-6.21;0.44;-6.21;0.44;-6.22;CACC
4522;20.7;26.7;0.6;5;100;6;Successful;Effective;No;No;No;No;No;No;0.0;-6.0;0.25;-6.1;0.39;-6.18;0.47;-6.22;0.51;-6.25;0.54;-6.23;0.55;-6.23;0.55;-6.25;CACC
4523;20.7;26.7;0.6;8;100;6;Successful;Effective;No;No;No;No;No;No;0.0;-6.0;0.25;-6.1;0.39;-6.18;0.47;-6.22;0.51;-6.25;0.54;-6.23;0.55;-6.23;0.55;-6.25;CACC
4524;20.7;26.7;0.6;10;100;6;Successful;Effective;No;No;No;No;No;No;0.0;-6.0;0.25;-6.1;0.39;-6.18;0.47;-6.22;0.51;-6.25;0.54;-6.23;0.55;-6.23;0.55;-6.25;CACC
4525;20.7;26.7;0.6;5;80;7;Successful;Effective;No;No;No;No;No;No;0.0;-7.0;0.2;-7.11;0.32;-7.19;0.38;-7.24;0.41;-7.26;0.43;-7.23;0.44;-7.23;0.44;-7.25;CACC
4526;20.7;26.7;0.6;8;80;7;Successful;Effective;No;No;No;No;No;No;0.0;-7.0;0.2;-7.11;0.32;-7.19;0.38;-7.24;0.41;-7.26;0.43;-7.23;0.44;-7.23;0.44;-7.25;CACC
4527;20.7;26.7;0.6;10;80;7;Successful;Effective;No;No;No;No;No;No;0.0;-7.0;0.2;-7.11;0.32;-7.19;0.38;-7.24;0.41;-7.26;0.43;-7.23;0.44;-7.23;0.44;-7.25;CACC
4528;20.7;26.7;0.6;5;100;7;Successful;Effective;No;No;No;No;No;No;0.0;-7.0;0.25;-7.12;0.39;-7.2;0.47;-7.25;0.51;-7.27;0.54;-7.25;0.55;-7.25;0.55;-7.27;CACC
4529;20.7;26.7;0.6;8;100;7;Successful;Effective;No;No;No;No;No;No;0.0;-7.0;0.25;-7.12;0.39;-7.2;0.47;-7.25;0.51;-7.27;0.54;-7.25;0.55;-7.25;0.55;-7.27;CACC
4530;20.7;26.7;0.6;10;100;7;Successful;Effective;No;No;No;No;No;No;0.0;-7.0;0.25;-7.12;0.39;-7.2;0.47;-7.25;0.51;-7.27;0.54;-7.25;0.55;-7.25;0.55;-7.27;CACC
4531;20.7;26.7;0.6;5;80;8;Successful;Effective;No;No;No;No;No;No;0.0;-7.99;0.2;-8.13;0.32;-8.21;0.38;-8.26;0.41;-8.28;0.43;-8.25;0.44;-8.25;0.44;-8.27;CACC
4532;20.7;26.7;0.6;8;80;8;Successful;Effective;No;No;No;No;No;No;0.0;-7.99;0.2;-8.13;0.32;-8.21;0.38;-8.26;0.41;-8.28;0.43;-8.25;0.44;-8.25;0.44;-8.27;CACC
4533;20.7;26.7;0.6;10;80;8;Successful;Effective;No;No;No;No;No;No;0.0;-7.99;0.2;-8.13;0.32;-8.21;0.38;-8.26;0.41;-8.28;0.43;-8.25;0.44;-8.25;0.44;-8.27;CACC
4534;20.7;26.7;0.6;5;100;8;Successful;Effective;No;No;No;No;No;No;0.0;-8.0;0.25;-8.13;0.39;-8.22;0.47;-8.28;0.51;-8.3;0.54;-8.27;0.55;-8.27;0.55;-8.29;CACC
4535;20.7;26.7;0.6;8;100;8;Successful;Effective;No;No;No;No;No;No;0.0;-8.0;0.25;-8.13;0.39;-8.22;0.47;-8.28;0.51;-8.3;0.54;-8.27;0.55;-8.27;0.55;-8.29;CACC
4536;20.7;26.7;0.6;10;100;8;Successful;Effective;No;No;No;No;No;No;0.0;-8.0;0.25;-8.13;0.39;-8.22;0.47;-8.28;0.51;-8.3;0.54;-8.27;0.55;-8.27;0.55;-8.29;CACC
4537;20.7;26.7;0.7;5;80;5;Successful;Effective;No;No;No;No;No;No;0.0;-5.0;0.2;-5.08;0.32;-5.15;0.38;-5.19;0.41;-5.2;0.43;-5.19;0.44;-5.19;0.44;-5.2;CACC
4538;20.7;26.7;0.7;8;80;5;Successful;Effective;No;No;No;No;No;No;0.0;-5.0;0.2;-5.08;0.32;-5.15;0.38;-5.19;0.41;-5.2;0.43;-5.19;0.44;-5.19;0.44;-5.2;CACC
4539;20.7;26.7;0.7;10;80;5;Successful;Effective;No;No;No;No;No;No;0.0;-5.0;0.2;-5.08;0.32;-5.15;0.38;-5.19;0.41;-5.2;0.43;-5.19;0.44;-5.19;0.44;-5.2;CACC
4540;20.7;26.7;0.7;5;100;5;Successful;Effective;No;No;No;No;No;No;0.0;-5.0;0.25;-5.09;0.39;-5.16;0.47;-5.2;0.51;-5.22;0.54;-5.21;0.55;-5.21;0.55;-5.22;CACC
4541;20.7;26.7;0.7;8;100;5;Successful;Effective;No;No;No;No;No;No;0.0;-5.0;0.25;-5.09;0.39;-5.16;0.47;-5.2;0.51;-5.22;0.54;-5.21;0.55;-5.21;0.55;-5.22;CACC
4542;20.7;26.7;0.7;10;100;5;Successful;Effective;No;No;No;No;No;No;0.0;-5.0;0.25;-5.09;0.39;-5.16;0.47;-5.2;0.51;-5.22;0.54;-5.21;0.55;-5.21;0.55;-5.22;CACC
4543;20.7;26.7;0.7;5;80;6;Successful;Effective;No;No;No;No;No;No;0.0;-6.0;0.2;-6.1;0.32;-6.17;0.38;-6.21;0.41;-6.23;0.43;-6.21;0.44;-6.21;0.44;-6.22;CACC
4544;20.7;26.7;0.7;8;80;6;Successful;Effective;No;No;No;No;No;No;0.0;-6.0;0.2;-6.1;0.32;-6.17;0.38;-6.21;0.41;-6.23;0.43;-6.21;0.44;-6.21;0.44;-6.22;CACC
4545;20.7;26.7;0.7;10;80;6;Successful;Effective;No;No;No;No;No;No;0.0;-6.0;0.2;-6.1;0.32;-6.17;0.38;-6.21;0.41;-6.23;0.43;-6.21;0.44;-6.21;0.44;-6.22;CACC
4546;20.7;26.7;0.7;5;100;6;Successful;Effective;No;No;No;No;No;No;0.0;-6.0;0.25;-6.1;0.39;-6.18;0.47;-6.22;0.51;-6.25;0.54;-6.23;0.55;-6.23;0.55;-6.25;CACC
4547;20.7;26.7;0.7;8;100;6;Successful;Effective;No;No;No;No;No;No;0.0;-6.0;0.25;-6.1;0.39;-6.18;0.47;-6.22;0.51;-6.25;0.54;-6.23;0.55;-6.23;0.55;-6.25;CACC
4548;20.7;26.7;0.7;10;100;6;Successful;Effective;No;No;No;No;No;No;0.0;-6.0;0.25;-6.1;0.39;-6.18;0.47;-6.22;0.51;-6.25;0.54;-6.23;0.55;-6.23;0.55;-6.25;CACC
4549;20.7;26.7;0.7;5;80;7;Successful;Effective;No;No;No;No;No;No;0.0;-7.0;0.2;-7.11;0.32;-7.19;0.38;-7.24;0.41;-7.26;0.43;-7.23;0.44;-7.23;0.44;-7.25;CACC
4550;20.7;26.7;0.7;8;80;7;Successful;Effective;No;No;No;No;No;No;0.0;-7.0;0.2;-7.11;0.32;-7.19;0.38;-7.24;0.41;-7.26;0.43;-7.23;0.44;-7.23;0.44;-7.25;CACC
4551;20.7;26.7;0.7;10;80;7;Successful;Effective;No;No;No;No;No;No;0.0;-7.0;0.2;-7.11;0.32;-7.19;0.38;-7.24;0.41;-7.26;0.43;-7.23;0.44;-7.23;0.44;-7.25;CACC
4552;20.7;26.7;0.7;5;100;7;Successful;Effective;No;No;No;No;No;No;0.0;-7.0;0.25;-7.12;0.39;-7.2;0.47;-7.25;0.51;-7.27;0.54;-7.25;0.55;-7.25;0.55;-7.27;CACC
4553;20.7;26.7;0.7;8;100;7;Successful;Effective;No;No;No;No;No;No;0.0;-7.0;0.25;-7.12;0.39;-7.2;0.47;-7.25;0.51;-7.27;0.54;-7.25;0.55;-7.25;0.55;-7.27;CACC
4554;20.7;26.7;0.7;10;100;7;Successful;Effective;No;No;No;No;No;No;0.0;-7.0;0.25;-7.12;0.39;-7.2;0.47;-7.25;0.51;-7.27;0.54;-7.25;0.55;-7.25;0.55;-7.27;CACC
4555;20.7;26.7;0.7;5;80;8;Successful;Effective;No;No;No;No;No;No;0.0;-7.99;0.2;-8.13;0.32;-8.21;0.38;-8.26;0.41;-8.28;0.43;-8.25;0.44;-8.25;0.44;-8.27;CACC
4556;20.7;26.7;0.7;8;80;8;Successful;Effective;No;No;No;No;No;No;0.0;-7.99;0.2;-8.13;0.32;-8.21;0.38;-8.26;0.41;-8.28;0.43;-8.25;0.44;-8.25;0.44;-8.27;CACC
4557;20.7;26.7;0.7;10;80;8;Successful;Effective;No;No;No;No;No;No;0.0;-7.99;0.2;-8.13;0.32;-8.21;0.38;-8.26;0.41;-8.28;0.43;-8.25;0.44;-8.25;0.44;-8.27;CACC
4558;20.7;26.7;0.7;5;100;8;Successful;Effective;No;No;No;No;No;No;0.0;-8.0;0.25;-8.13;0.39;-8.22;0.47;-8.28;0.51;-8.3;0.54;-8.27;0.55;-8.27;0.55;-8.29;CACC
4559;20.7;26.7;0.7;8;100;8;Successful;Effective;No;No;No;No;No;No;0.0;-8.0;0.25;-8.13;0.39;-8.22;0.47;-8.28;0.51;-8.3;0.54;-8.27;0.55;-8.27;0.55;-8.29;CACC
4560;20.7;26.7;0.7;10;100;8;Successful;Effective;No;No;No;No;No;No;0.0;-8.0;0.25;-8.13;0.39;-8.22;0.47;-8.28;0.51;-8.3;0.54;-8.27;0.55;-8.27;0.55;-8.29;CACC
4561;20.7;26.7;0.8;5;80;5;Successful;Effective;No;No;No;No;No;No;0.0;-5.0;0.2;-5.08;0.32;-5.15;0.38;-5.19;0.41;-5.2;0.43;-5.19;0.44;-5.19;0.44;-5.2;CACC
4562;20.7;26.7;0.8;8;80;5;Successful;Effective;No;No;No;No;No;No;0.0;-5.0;0.2;-5.08;0.32;-5.15;0.38;-5.19;0.41;-5.2;0.43;-5.19;0.44;-5.19;0.44;-5.2;CACC
4563;20.7;26.7;0.8;10;80;5;Successful;Effective;No;No;No;No;No;No;0.0;-5.0;0.2;-5.08;0.32;-5.15;0.38;-5.19;0.41;-5.2;0.43;-5.19;0.44;-5.19;0.44;-5.2;CACC
4564;20.7;26.7;0.8;5;100;5;Successful;Effective;No;No;No;No;No;No;0.0;-5.0;0.25;-5.09;0.39;-5.16;0.47;-5.2;0.51;-5.22;0.54;-5.21;0.55;-5.21;0.55;-5.22;CACC
4565;20.7;26.7;0.8;8;100;5;Successful;Effective;No;No;No;No;No;No;0.0;-5.0;0.25;-5.09;0.39;-5.16;0.47;-5.2;0.51;-5.22;0.54;-5.21;0.55;-5.21;0.55;-5.22;CACC
4566;20.7;26.7;0.8;10;100;5;Successful;Effective;No;No;No;No;No;No;0.0;-5.0;0.25;-5.09;0.39;-5.16;0.47;-5.2;0.51;-5.22;0.54;-5.21;0.55;-5.21;0.55;-5.22;CACC
4567;20.7;26.7;0.8;5;80;6;Successful;Effective;No;No;No;No;No;No;0.0;-6.0;0.2;-6.1;0.32;-6.17;0.38;-6.21;0.41;-6.23;0.43;-6.21;0.44;-6.21;0.44;-6.22;CACC
4568;20.7;26.7;0.8;8;80;6;Successful;Effective;No;No;No;No;No;No;0.0;-6.0;0.2;-6.1;0.32;-6.17;0.38;-6.21;0.41;-6.23;0.43;-6.21;0.44;-6.21;0.44;-6.22;CACC
4569;20.7;26.7;0.8;10;80;6;Successful;Effective;No;No;No;No;No;No;0.0;-6.0;0.2;-6.1;0.32;-6.17;0.38;-6.21;0.41;-6.23;0.43;-6.21;0.44;-6.21;0.44;-6.22;CACC
4570;20.7;26.7;0.8;5;100;6;Successful;Effective;No;No;No;No;No;No;0.0;-6.0;0.25;-6.1;0.39;-6.18;0.47;-6.22;0.51;-6.25;0.54;-6.23;0.55;-6.23;0.55;-6.25;CACC
4571;20.7;26.7;0.8;8;100;6;Successful;Effective;No;No;No;No;No;No;0.0;-6.0;0.25;-6.1;0.39;-6.18;0.47;-6.22;0.51;-6.25;0.54;-6.23;0.55;-6.23;0.55;-6.25;CACC
4572;20.7;26.7;0.8;10;100;6;Successful;Effective;No;No;No;No;No;No;0.0;-6.0;0.25;-6.1;0.39;-6.18;0.47;-6.22;0.51;-6.25;0.54;-6.23;0.55;-6.23;0.55;-6.25;CACC
4573;20.7;26.7;0.8;5;80;7;Successful;Effective;No;No;No;No;No;No;0.0;-7.0;0.2;-7.11;0.32;-7.19;0.38;-7.24;0.41;-7.26;0.43;-7.23;0.44;-7.23;0.44;-7.25;CACC
4574;20.7;26.7;0.8;8;80;7;Successful;Effective;No;No;No;No;No;No;0.0;-7.0;0.2;-7.11;0.32;-7.19;0.38;-7.24;0.41;-7.26;0.43;-7.23;0.44;-7.23;0.44;-7.25;CACC
4575;20.7;26.7;0.8;10;80;7;Successful;Effective;No;No;No;No;No;No;0.0;-7.0;0.2;-7.11;0.32;-7.19;0.38;-7.24;0.41;-7.26;0.43;-7.23;0.44;-7.23;0.44;-7.25;CACC
4576;20.7;26.7;0.8;5;100;7;Successful;Effective;No;No;No;No;No;No;0.0;-7.0;0.25;-7.12;0.39;-7.2;0.47;-7.25;0.51;-7.27;0.54;-7.25;0.55;-7.25;0.55;-7.27;CACC
4577;20.7;26.7;0.8;8;100;7;Successful;Effective;No;No;No;No;No;No;0.0;-7.0;0.25;-7.12;0.39;-7.2;0.47;-7.25;0.51;-7.27;0.54;-7.25;0.55;-7.25;0.55;-7.27;CACC
4578;20.7;26.7;0.8;10;100;7;Successful;Effective;No;No;No;No;No;No;0.0;-7.0;0.25;-7.12;0.39;-7.2;0.47;-7.25;0.51;-7.27;0.54;-7.25;0.55;-7.25;0.55;-7.27;CACC
4579;20.7;26.7;0.8;5;80;8;Successful;Effective;No;No;No;No;No;No;0.0;-7.99;0.2;-8.13;0.32;-8.21;0.38;-8.26;0.41;-8.28;0.43;-8.25;0.44;-8.25;0.44;-8.27;CACC
4580;20.7;26.7;0.8;8;80;8;Successful;Effective;No;No;No;No;No;No;0.0;-7.99;0.2;-8.13;0.32;-8.21;0.38;-8.26;0.41;-8.28;0.43;-8.25;0.44;-8.25;0.44;-8.27;CACC
4581;20.7;26.7;0.8;10;80;8;Successful;Effective;No;No;No;No;No;No;0.0;-7.99;0.2;-8.13;0.32;-8.21;0.38;-8.26;0.41;-8.28;0.43;-8.25;0.44;-8.25;0.44;-8.27;CACC
4582;20.7;26.7;0.8;5;100;8;Successful;Effective;No;No;No;No;No;No;0.0;-8.0;0.25;-8.13;0.39;-8.22;0.47;-8.28;0.51;-8.3;0.54;-8.27;0.55;-8.27;0.55;-8.29;CACC
4583;20.7;26.7;0.8;8;100;8;Successful;Effective;No;No;No;No;No;No;0.0;-8.0;0.25;-8.13;0.39;-8.22;0.47;-8.28;0.51;-8.3;0.54;-8.27;0.55;-8.27;0.55;-8.29;CACC
4584;20.7;26.7;0.8;10;100;8;Successful;Effective;No;No;No;No;No;No;0.0;-8.0;0.25;-8.13;0.39;-8.22;0.47;-8.28;0.51;-8.3;0.54;-8.27;0.55;-8.27;0.55;-8.29;CACC
4585;20.7;26.7;0.9;5;80;5;Successful;Effective;No;No;No;No;No;No;0.0;-5.0;0.2;-5.08;0.32;-5.15;0.38;-5.19;0.41;-5.2;0.43;-5.19;0.44;-5.19;0.44;-5.2;CACC
4586;20.7;26.7;0.9;8;80;5;Successful;Effective;No;No;No;No;No;No;0.0;-5.0;0.2;-5.08;0.32;-5.15;0.38;-5.19;0.41;-5.2;0.43;-5.19;0.44;-5.19;0.44;-5.2;CACC
4587;20.7;26.7;0.9;10;80;5;Successful;Effective;No;No;No;No;No;No;0.0;-5.0;0.2;-5.08;0.32;-5.15;0.38;-5.19;0.41;-5.2;0.43;-5.19;0.44;-5.19;0.44;-5.2;CACC
4588;20.7;26.7;0.9;5;100;5;Successful;Effective;No;No;No;No;No;No;0.0;-5.0;0.25;-5.09;0.39;-5.16;0.47;-5.2;0.51;-5.22;0.54;-5.21;0.55;-5.21;0.55;-5.22;CACC
4589;20.7;26.7;0.9;8;100;5;Successful;Effective;No;No;No;No;No;No;0.0;-5.0;0.25;-5.09;0.39;-5.16;0.47;-5.2;0.51;-5.22;0.54;-5.21;0.55;-5.21;0.55;-5.22;CACC
4590;20.7;26.7;0.9;10;100;5;Successful;Effective;No;No;No;No;No;No;0.0;-5.0;0.25;-5.09;0.39;-5.16;0.47;-5.2;0.51;-5.22;0.54;-5.21;0.55;-5.21;0.55;-5.22;CACC
4591;20.7;26.7;0.9;5;80;6;Successful;Effective;No;No;No;No;No;No;0.0;-6.0;0.2;-6.1;0.32;-6.17;0.38;-6.21;0.41;-6.23;0.43;-6.21;0.44;-6.21;0.44;-6.22;CACC
4592;20.7;26.7;0.9;8;80;6;Successful;Effective;No;No;No;No;No;No;0.0;-6.0;0.2;-6.1;0.32;-6.17;0.38;-6.21;0.41;-6.23;0.43;-6.21;0.44;-6.21;0.44;-6.22;CACC
4593;20.7;26.7;0.9;10;80;6;Successful;Effective;No;No;No;No;No;No;0.0;-6.0;0.2;-6.1;0.32;-6.17;0.38;-6.21;0.41;-6.23;0.43;-6.21;0.44;-6.21;0.44;-6.22;CACC
4594;20.7;26.7;0.9;5;100;6;Successful;Effective;No;No;No;No;No;No;0.0;-6.0;0.25;-6.1;0.39;-6.18;0.47;-6.22;0.51;-6.25;0.54;-6.23;0.55;-6.23;0.55;-6.25;CACC
4595;20.7;26.7;0.9;8;100;6;Successful;Effective;No;No;No;No;No;No;0.0;-6.0;0.25;-6.1;0.39;-6.18;0.47;-6.22;0.51;-6.25;0.54;-6.23;0.55;-6.23;0.55;-6.25;CACC
4596;20.7;26.7;0.9;10;100;6;Successful;Effective;No;No;No;No;No;No;0.0;-6.0;0.25;-6.1;0.39;-6.18;0.47;-6.22;0.51;-6.25;0.54;-6.23;0.55;-6.23;0.55;-6.25;CACC
4597;20.7;26.7;0.9;5;80;7;Successful;Effective;No;No;No;No;No;No;0.0;-7.0;0.2;-7.11;0.32;-7.19;0.38;-7.24;0.41;-7.26;0.43;-7.23;0.44;-7.23;0.44;-7.25;CACC
4598;20.7;26.7;0.9;8;80;7;Successful;Effective;No;No;No;No;No;No;0.0;-7.0;0.2;-7.11;0.32;-7.19;0.38;-7.24;0.41;-7.26;0.43;-7.23;0.44;-7.23;0.44;-7.25;CACC
4599;20.7;26.7;0.9;10;80;7;Successful;Effective;No;No;No;No;No;No;0.0;-7.0;0.2;-7.11;0.32;-7.19;0.38;-7.24;0.41;-7.26;0.43;-7.23;0.44;-7.23;0.44;-7.25;CACC
4600;20.7;26.7;0.9;5;100;7;Successful;Effective;No;No;No;No;No;No;0.0;-7.0;0.25;-7.12;0.39;-7.2;0.47;-7.25;0.51;-7.27;0.54;-7.25;0.55;-7.25;0.55;-7.27;CACC
4601;20.7;26.7;0.9;8;100;7;Successful;Effective;No;No;No;No;No;No;0.0;-7.0;0.25;-7.12;0.39;-7.2;0.47;-7.25;0.51;-7.27;0.54;-7.25;0.55;-7.25;0.55;-7.27;CACC
4602;20.7;26.7;0.9;10;100;7;Successful;Effective;No;No;No;No;No;No;0.0;-7.0;0.25;-7.12;0.39;-7.2;0.47;-7.25;0.51;-7.27;0.54;-7.25;0.55;-7.25;0.55;-7.27;CACC
4603;20.7;26.7;0.9;5;80;8;Successful;Effective;No;No;No;No;No;No;0.0;-7.99;0.2;-8.13;0.32;-8.21;0.38;-8.26;0.41;-8.28;0.43;-8.25;0.44;-8.25;0.44;-8.27;CACC
4604;20.7;26.7;0.9;8;80;8;Successful;Effective;No;No;No;No;No;No;0.0;-7.99;0.2;-8.13;0.32;-8.21;0.38;-8.26;0.41;-8.28;0.43;-8.25;0.44;-8.25;0.44;-8.27;CACC
4605;20.7;26.7;0.9;10;80;8;Successful;Effective;No;No;No;No;No;No;0.0;-7.99;0.2;-8.13;0.32;-8.21;0.38;-8.26;0.41;-8.28;0.43;-8.25;0.44;-8.25;0.44;-8.27;CACC
4606;20.7;26.7;0.9;5;100;8;Successful;Effective;No;No;No;No;No;No;0.0;-8.0;0.25;-8.13;0.39;-8.22;0.47;-8.28;0.51;-8.3;0.54;-8.27;0.55;-8.27;0.55;-8.29;CACC
4607;20.7;26.7;0.9;8;100;8;Successful;Effective;No;No;No;No;No;No;0.0;-8.0;0.25;-8.13;0.39;-8.22;0.47;-8.28;0.51;-8.3;0.54;-8.27;0.55;-8.27;0.55;-8.29;CACC
4608;20.7;26.7;0.9;10;100;8;Successful;Effective;No;No;No;No;No;No;0.0;-8.0;0.25;-8.13;0.39;-8.22;0.47;-8.28;0.51;-8.3;0.54;-8.27;0.55;-8.27;0.55;-8.29;CACC
4609;20.8;26.8;0.6;5;80;5;Successful;Effective;No;No;No;No;No;No;0.0;-5.0;0.2;-5.08;0.32;-5.15;0.38;-5.19;0.41;-5.2;0.43;-5.19;0.44;-5.19;0.44;-5.2;CACC
4610;20.8;26.8;0.6;8;80;5;Successful;Effective;No;No;No;No;No;No;0.0;-5.0;0.2;-5.08;0.32;-5.15;0.38;-5.19;0.41;-5.2;0.43;-5.19;0.44;-5.19;0.44;-5.2;CACC
4611;20.8;26.8;0.6;10;80;5;Successful;Effective;No;No;No;No;No;No;0.0;-5.0;0.2;-5.08;0.32;-5.15;0.38;-5.19;0.41;-5.2;0.43;-5.19;0.44;-5.19;0.44;-5.2;CACC
4612;20.8;26.8;0.6;5;100;5;Successful;Effective;No;No;No;No;No;No;0.0;-5.0;0.25;-5.09;0.39;-5.16;0.47;-5.2;0.51;-5.22;0.54;-5.21;0.55;-5.21;0.55;-5.22;CACC
4613;20.8;26.8;0.6;8;100;5;Successful;Effective;No;No;No;No;No;No;0.0;-5.0;0.25;-5.09;0.39;-5.16;0.47;-5.2;0.51;-5.22;0.54;-5.21;0.55;-5.21;0.55;-5.22;CACC
4614;20.8;26.8;0.6;10;100;5;Successful;Effective;No;No;No;No;No;No;0.0;-5.0;0.25;-5.09;0.39;-5.16;0.47;-5.2;0.51;-5.22;0.54;-5.21;0.55;-5.21;0.55;-5.22;CACC
4615;20.8;26.8;0.6;5;80;6;Successful;Effective;No;No;No;No;No;No;0.0;-6.0;0.2;-6.1;0.32;-6.17;0.38;-6.21;0.41;-6.23;0.43;-6.21;0.44;-6.21;0.44;-6.22;CACC
4616;20.8;26.8;0.6;8;80;6;Successful;Effective;No;No;No;No;No;No;0.0;-6.0;0.2;-6.1;0.32;-6.17;0.38;-6.21;0.41;-6.23;0.43;-6.21;0.44;-6.21;0.44;-6.22;CACC
4617;20.8;26.8;0.6;10;80;6;Successful;Effective;No;No;No;No;No;No;0.0;-6.0;0.2;-6.1;0.32;-6.17;0.38;-6.21;0.41;-6.23;0.43;-6.21;0.44;-6.21;0.44;-6.22;CACC
4618;20.8;26.8;0.6;5;100;6;Successful;Effective;No;No;No;No;No;No;0.0;-6.0;0.25;-6.1;0.39;-6.18;0.47;-6.22;0.51;-6.25;0.54;-6.23;0.55;-6.23;0.55;-6.25;CACC
4619;20.8;26.8;0.6;8;100;6;Successful;Effective;No;No;No;No;No;No;0.0;-6.0;0.25;-6.1;0.39;-6.18;0.47;-6.22;0.51;-6.25;0.54;-6.23;0.55;-6.23;0.55;-6.25;CACC
4620;20.8;26.8;0.6;10;100;6;Successful;Effective;No;No;No;No;No;No;0.0;-6.0;0.25;-6.1;0.39;-6.18;0.47;-6.22;0.51;-6.25;0.54;-6.23;0.55;-6.23;0.55;-6.25;CACC
4621;20.8;26.8;0.6;5;80;7;Successful;Effective;No;No;No;No;No;No;0.0;-7.0;0.2;-7.11;0.32;-7.19;0.38;-7.24;0.41;-7.26;0.43;-7.23;0.44;-7.23;0.44;-7.25;CACC
4622;20.8;26.8;0.6;8;80;7;Successful;Effective;No;No;No;No;No;No;0.0;-7.0;0.2;-7.11;0.32;-7.19;0.38;-7.24;0.41;-7.26;0.43;-7.23;0.44;-7.23;0.44;-7.25;CACC
4623;20.8;26.8;0.6;10;80;7;Successful;Effective;No;No;No;No;No;No;0.0;-7.0;0.2;-7.11;0.32;-7.19;0.38;-7.24;0.41;-7.26;0.43;-7.23;0.44;-7.23;0.44;-7.25;CACC
4624;20.8;26.8;0.6;5;100;7;Successful;Effective;No;No;No;No;No;No;0.0;-7.0;0.25;-7.12;0.39;-7.2;0.47;-7.25;0.51;-7.27;0.54;-7.25;0.55;-7.25;0.55;-7.27;CACC
4625;20.8;26.8;0.6;8;100;7;Successful;Effective;No;No;No;No;No;No;0.0;-7.0;0.25;-7.12;0.39;-7.2;0.47;-7.25;0.51;-7.27;0.54;-7.25;0.55;-7.25;0.55;-7.27;CACC
4626;20.8;26.8;0.6;10;100;7;Successful;Effective;No;No;No;No;No;No;0.0;-7.0;0.25;-7.12;0.39;-7.2;0.47;-7.25;0.51;-7.27;0.54;-7.25;0.55;-7.25;0.55;-7.27;CACC
4627;20.8;26.8;0.6;5;80;8;Successful;Effective;No;No;No;No;No;No;0.0;-7.99;0.2;-8.13;0.32;-8.21;0.38;-8.26;0.41;-8.28;0.43;-8.25;0.44;-8.25;0.44;-8.27;CACC
4628;20.8;26.8;0.6;8;80;8;Successful;Effective;No;No;No;No;No;No;0.0;-7.99;0.2;-8.13;0.32;-8.21;0.38;-8.26;0.41;-8.28;0.43;-8.25;0.44;-8.25;0.44;-8.27;CACC
4629;20.8;26.8;0.6;10;80;8;Successful;Effective;No;No;No;No;No;No;0.0;-7.99;0.2;-8.13;0.32;-8.21;0.38;-8.26;0.41;-8.28;0.43;-8.25;0.44;-8.25;0.44;-8.27;CACC
4630;20.8;26.8;0.6;5;100;8;Successful;Effective;No;No;No;No;No;No;0.0;-8.0;0.25;-8.13;0.39;-8.22;0.47;-8.28;0.51;-8.3;0.54;-8.27;0.55;-8.27;0.55;-8.29;CACC
4631;20.8;26.8;0.6;8;100;8;Successful;Effective;No;No;No;No;No;No;0.0;-8.0;0.25;-8.13;0.39;-8.22;0.47;-8.28;0.51;-8.3;0.54;-8.27;0.55;-8.27;0.55;-8.29;CACC
4632;20.8;26.8;0.6;10;100;8;Successful;Effective;No;No;No;No;No;No;0.0;-8.0;0.25;-8.13;0.39;-8.22;0.47;-8.28;0.51;-8.3;0.54;-8.27;0.55;-8.27;0.55;-8.29;CACC
4633;20.8;26.8;0.7;5;80;5;Successful;Effective;No;No;No;No;No;No;0.0;-5.0;0.2;-5.08;0.32;-5.15;0.38;-5.19;0.41;-5.2;0.43;-5.19;0.44;-5.19;0.44;-5.2;CACC
4634;20.8;26.8;0.7;8;80;5;Successful;Effective;No;No;No;No;No;No;0.0;-5.0;0.2;-5.08;0.32;-5.15;0.38;-5.19;0.41;-5.2;0.43;-5.19;0.44;-5.19;0.44;-5.2;CACC
4635;20.8;26.8;0.7;10;80;5;Successful;Effective;No;No;No;No;No;No;0.0;-5.0;0.2;-5.08;0.32;-5.15;0.38;-5.19;0.41;-5.2;0.43;-5.19;0.44;-5.19;0.44;-5.2;CACC
4636;20.8;26.8;0.7;5;100;5;Successful;Effective;No;No;No;No;No;No;0.0;-5.0;0.25;-5.09;0.39;-5.16;0.47;-5.2;0.51;-5.22;0.54;-5.21;0.55;-5.21;0.55;-5.22;CACC
4637;20.8;26.8;0.7;8;100;5;Successful;Effective;No;No;No;No;No;No;0.0;-5.0;0.25;-5.09;0.39;-5.16;0.47;-5.2;0.51;-5.22;0.54;-5.21;0.55;-5.21;0.55;-5.22;CACC
4638;20.8;26.8;0.7;10;100;5;Successful;Effective;No;No;No;No;No;No;0.0;-5.0;0.25;-5.09;0.39;-5.16;0.47;-5.2;0.51;-5.22;0.54;-5.21;0.55;-5.21;0.55;-5.22;CACC
4639;20.8;26.8;0.7;5;80;6;Successful;Effective;No;No;No;No;No;No;0.0;-6.0;0.2;-6.1;0.32;-6.17;0.38;-6.21;0.41;-6.23;0.43;-6.21;0.44;-6.21;0.44;-6.22;CACC
4640;20.8;26.8;0.7;8;80;6;Successful;Effective;No;No;No;No;No;No;0.0;-6.0;0.2;-6.1;0.32;-6.17;0.38;-6.21;0.41;-6.23;0.43;-6.21;0.44;-6.21;0.44;-6.22;CACC
4641;20.8;26.8;0.7;10;80;6;Successful;Effective;No;No;No;No;No;No;0.0;-6.0;0.2;-6.1;0.32;-6.17;0.38;-6.21;0.41;-6.23;0.43;-6.21;0.44;-6.21;0.44;-6.22;CACC
4642;20.8;26.8;0.7;5;100;6;Successful;Effective;No;No;No;No;No;No;0.0;-6.0;0.25;-6.1;0.39;-6.18;0.47;-6.22;0.51;-6.25;0.54;-6.23;0.55;-6.23;0.55;-6.25;CACC
4643;20.8;26.8;0.7;8;100;6;Successful;Effective;No;No;No;No;No;No;0.0;-6.0;0.25;-6.1;0.39;-6.18;0.47;-6.22;0.51;-6.25;0.54;-6.23;0.55;-6.23;0.55;-6.25;CACC
4644;20.8;26.8;0.7;10;100;6;Successful;Effective;No;No;No;No;No;No;0.0;-6.0;0.25;-6.1;0.39;-6.18;0.47;-6.22;0.51;-6.25;0.54;-6.23;0.55;-6.23;0.55;-6.25;CACC
4645;20.8;26.8;0.7;5;80;7;Successful;Effective;No;No;No;No;No;No;0.0;-7.0;0.2;-7.11;0.32;-7.19;0.38;-7.24;0.41;-7.26;0.43;-7.23;0.44;-7.23;0.44;-7.25;CACC
4646;20.8;26.8;0.7;8;80;7;Successful;Effective;No;No;No;No;No;No;0.0;-7.0;0.2;-7.11;0.32;-7.19;0.38;-7.24;0.41;-7.26;0.43;-7.23;0.44;-7.23;0.44;-7.25;CACC
4647;20.8;26.8;0.7;10;80;7;Successful;Effective;No;No;No;No;No;No;0.0;-7.0;0.2;-7.11;0.32;-7.19;0.38;-7.24;0.41;-7.26;0.43;-7.23;0.44;-7.23;0.44;-7.25;CACC
4648;20.8;26.8;0.7;5;100;7;Successful;Effective;No;No;No;No;No;No;0.0;-7.0;0.25;-7.12;0.39;-7.2;0.47;-7.25;0.51;-7.27;0.54;-7.25;0.55;-7.25;0.55;-7.27;CACC
4649;20.8;26.8;0.7;8;100;7;Successful;Effective;No;No;No;No;No;No;0.0;-7.0;0.25;-7.12;0.39;-7.2;0.47;-7.25;0.51;-7.27;0.54;-7.25;0.55;-7.25;0.55;-7.27;CACC
4650;20.8;26.8;0.7;10;100;7;Successful;Effective;No;No;No;No;No;No;0.0;-7.0;0.25;-7.12;0.39;-7.2;0.47;-7.25;0.51;-7.27;0.54;-7.25;0.55;-7.25;0.55;-7.27;CACC
4651;20.8;26.8;0.7;5;80;8;Successful;Effective;No;No;No;No;No;No;0.0;-7.99;0.2;-8.13;0.32;-8.21;0.38;-8.26;0.41;-8.28;0.43;-8.25;0.44;-8.25;0.44;-8.27;CACC
4652;20.8;26.8;0.7;8;80;8;Successful;Effective;No;No;No;No;No;No;0.0;-7.99;0.2;-8.13;0.32;-8.21;0.38;-8.26;0.41;-8.28;0.43;-8.25;0.44;-8.25;0.44;-8.27;CACC
4653;20.8;26.8;0.7;10;80;8;Successful;Effective;No;No;No;No;No;No;0.0;-7.99;0.2;-8.13;0.32;-8.21;0.38;-8.26;0.41;-8.28;0.43;-8.25;0.44;-8.25;0.44;-8.27;CACC
4654;20.8;26.8;0.7;5;100;8;Successful;Effective;No;No;No;No;No;No;0.0;-8.0;0.25;-8.13;0.39;-8.22;0.47;-8.28;0.51;-8.3;0.54;-8.27;0.55;-8.27;0.55;-8.29;CACC
4655;20.8;26.8;0.7;8;100;8;Successful;Effective;No;No;No;No;No;No;0.0;-8.0;0.25;-8.13;0.39;-8.22;0.47;-8.28;0.51;-8.3;0.54;-8.27;0.55;-8.27;0.55;-8.29;CACC
4656;20.8;26.8;0.7;10;100;8;Successful;Effective;No;No;No;No;No;No;0.0;-8.0;0.25;-8.13;0.39;-8.22;0.47;-8.28;0.51;-8.3;0.54;-8.27;0.55;-8.27;0.55;-8.29;CACC
4657;20.8;26.8;0.8;5;80;5;Successful;Effective;No;No;No;No;No;No;0.0;-5.0;0.2;-5.08;0.32;-5.15;0.38;-5.19;0.41;-5.2;0.43;-5.19;0.44;-5.19;0.44;-5.2;CACC
4658;20.8;26.8;0.8;8;80;5;Successful;Effective;No;No;No;No;No;No;0.0;-5.0;0.2;-5.08;0.32;-5.15;0.38;-5.19;0.41;-5.2;0.43;-5.19;0.44;-5.19;0.44;-5.2;CACC
4659;20.8;26.8;0.8;10;80;5;Successful;Effective;No;No;No;No;No;No;0.0;-5.0;0.2;-5.08;0.32;-5.15;0.38;-5.19;0.41;-5.2;0.43;-5.19;0.44;-5.19;0.44;-5.2;CACC
4660;20.8;26.8;0.8;5;100;5;Successful;Effective;No;No;No;No;No;No;0.0;-5.0;0.25;-5.09;0.39;-5.16;0.47;-5.2;0.51;-5.22;0.54;-5.21;0.55;-5.21;0.55;-5.22;CACC
4661;20.8;26.8;0.8;8;100;5;Successful;Effective;No;No;No;No;No;No;0.0;-5.0;0.25;-5.09;0.39;-5.16;0.47;-5.2;0.51;-5.22;0.54;-5.21;0.55;-5.21;0.55;-5.22;CACC
4662;20.8;26.8;0.8;10;100;5;Successful;Effective;No;No;No;No;No;No;0.0;-5.0;0.25;-5.09;0.39;-5.16;0.47;-5.2;0.51;-5.22;0.54;-5.21;0.55;-5.21;0.55;-5.22;CACC
4663;20.8;26.8;0.8;5;80;6;Successful;Effective;No;No;No;No;No;No;0.0;-6.0;0.2;-6.1;0.32;-6.17;0.38;-6.21;0.41;-6.23;0.43;-6.21;0.44;-6.21;0.44;-6.22;CACC
4664;20.8;26.8;0.8;8;80;6;Successful;Effective;No;No;No;No;No;No;0.0;-6.0;0.2;-6.1;0.32;-6.17;0.38;-6.21;0.41;-6.23;0.43;-6.21;0.44;-6.21;0.44;-6.22;CACC
4665;20.8;26.8;0.8;10;80;6;Successful;Effective;No;No;No;No;No;No;0.0;-6.0;0.2;-6.1;0.32;-6.17;0.38;-6.21;0.41;-6.23;0.43;-6.21;0.44;-6.21;0.44;-6.22;CACC
4666;20.8;26.8;0.8;5;100;6;Successful;Effective;No;No;No;No;No;No;0.0;-6.0;0.25;-6.1;0.39;-6.18;0.47;-6.22;0.51;-6.25;0.54;-6.23;0.55;-6.23;0.55;-6.25;CACC
4667;20.8;26.8;0.8;8;100;6;Successful;Effective;No;No;No;No;No;No;0.0;-6.0;0.25;-6.1;0.39;-6.18;0.47;-6.22;0.51;-6.25;0.54;-6.23;0.55;-6.23;0.55;-6.25;CACC
4668;20.8;26.8;0.8;10;100;6;Successful;Effective;No;No;No;No;No;No;0.0;-6.0;0.25;-6.1;0.39;-6.18;0.47;-6.22;0.51;-6.25;0.54;-6.23;0.55;-6.23;0.55;-6.25;CACC
4669;20.8;26.8;0.8;5;80;7;Successful;Effective;No;No;No;No;No;No;0.0;-7.0;0.2;-7.11;0.32;-7.19;0.38;-7.24;0.41;-7.26;0.43;-7.23;0.44;-7.23;0.44;-7.25;CACC
4670;20.8;26.8;0.8;8;80;7;Successful;Effective;No;No;No;No;No;No;0.0;-7.0;0.2;-7.11;0.32;-7.19;0.38;-7.24;0.41;-7.26;0.43;-7.23;0.44;-7.23;0.44;-7.25;CACC
4671;20.8;26.8;0.8;10;80;7;Successful;Effective;No;No;No;No;No;No;0.0;-7.0;0.2;-7.11;0.32;-7.19;0.38;-7.24;0.41;-7.26;0.43;-7.23;0.44;-7.23;0.44;-7.25;CACC
4672;20.8;26.8;0.8;5;100;7;Successful;Effective;No;No;No;No;No;No;0.0;-7.0;0.25;-7.12;0.39;-7.2;0.47;-7.25;0.51;-7.27;0.54;-7.25;0.55;-7.25;0.55;-7.27;CACC
4673;20.8;26.8;0.8;8;100;7;Successful;Effective;No;No;No;No;No;No;0.0;-7.0;0.25;-7.12;0.39;-7.2;0.47;-7.25;0.51;-7.27;0.54;-7.25;0.55;-7.25;0.55;-7.27;CACC
4674;20.8;26.8;0.8;10;100;7;Successful;Effective;No;No;No;No;No;No;0.0;-7.0;0.25;-7.12;0.39;-7.2;0.47;-7.25;0.51;-7.27;0.54;-7.25;0.55;-7.25;0.55;-7.27;CACC
4675;20.8;26.8;0.8;5;80;8;Successful;Effective;No;No;No;No;No;No;0.0;-7.99;0.2;-8.13;0.32;-8.21;0.38;-8.26;0.41;-8.28;0.43;-8.25;0.44;-8.25;0.44;-8.27;CACC
4676;20.8;26.8;0.8;8;80;8;Successful;Effective;No;No;No;No;No;No;0.0;-7.99;0.2;-8.13;0.32;-8.21;0.38;-8.26;0.41;-8.28;0.43;-8.25;0.44;-8.25;0.44;-8.27;CACC
4677;20.8;26.8;0.8;10;80;8;Successful;Effective;No;No;No;No;No;No;0.0;-7.99;0.2;-8.13;0.32;-8.21;0.38;-8.26;0.41;-8.28;0.43;-8.25;0.44;-8.25;0.44;-8.27;CACC
4678;20.8;26.8;0.8;5;100;8;Successful;Effective;No;No;No;No;No;No;0.0;-8.0;0.25;-8.13;0.39;-8.22;0.47;-8.28;0.51;-8.3;0.54;-8.27;0.55;-8.27;0.55;-8.29;CACC
4679;20.8;26.8;0.8;8;100;8;Successful;Effective;No;No;No;No;No;No;0.0;-8.0;0.25;-8.13;0.39;-8.22;0.47;-8.28;0.51;-8.3;0.54;-8.27;0.55;-8.27;0.55;-8.29;CACC
4680;20.8;26.8;0.8;10;100;8;Successful;Effective;No;No;No;No;No;No;0.0;-8.0;0.25;-8.13;0.39;-8.22;0.47;-8.28;0.51;-8.3;0.54;-8.27;0.55;-8.27;0.55;-8.29;CACC
4681;20.8;26.8;0.9;5;80;5;Successful;Effective;No;No;No;No;No;No;0.0;-5.0;0.2;-5.08;0.32;-5.15;0.38;-5.19;0.41;-5.2;0.43;-5.19;0.44;-5.19;0.44;-5.2;CACC
4682;20.8;26.8;0.9;8;80;5;Successful;Effective;No;No;No;No;No;No;0.0;-5.0;0.2;-5.08;0.32;-5.15;0.38;-5.19;0.41;-5.2;0.43;-5.19;0.44;-5.19;0.44;-5.2;CACC
4683;20.8;26.8;0.9;10;80;5;Successful;Effective;No;No;No;No;No;No;0.0;-5.0;0.2;-5.08;0.32;-5.15;0.38;-5.19;0.41;-5.2;0.43;-5.19;0.44;-5.19;0.44;-5.2;CACC
4684;20.8;26.8;0.9;5;100;5;Successful;Effective;No;No;No;No;No;No;0.0;-5.0;0.25;-5.09;0.39;-5.16;0.47;-5.2;0.51;-5.22;0.54;-5.21;0.55;-5.21;0.55;-5.22;CACC
4685;20.8;26.8;0.9;8;100;5;Successful;Effective;No;No;No;No;No;No;0.0;-5.0;0.25;-5.09;0.39;-5.16;0.47;-5.2;0.51;-5.22;0.54;-5.21;0.55;-5.21;0.55;-5.22;CACC
4686;20.8;26.8;0.9;10;100;5;Successful;Effective;No;No;No;No;No;No;0.0;-5.0;0.25;-5.09;0.39;-5.16;0.47;-5.2;0.51;-5.22;0.54;-5.21;0.55;-5.21;0.55;-5.22;CACC
4687;20.8;26.8;0.9;5;80;6;Successful;Effective;No;No;No;No;No;No;0.0;-6.0;0.2;-6.1;0.32;-6.17;0.38;-6.21;0.41;-6.23;0.43;-6.21;0.44;-6.21;0.44;-6.22;CACC
4688;20.8;26.8;0.9;8;80;6;Successful;Effective;No;No;No;No;No;No;0.0;-6.0;0.2;-6.1;0.32;-6.17;0.38;-6.21;0.41;-6.23;0.43;-6.21;0.44;-6.21;0.44;-6.22;CACC
4689;20.8;26.8;0.9;10;80;6;Successful;Effective;No;No;No;No;No;No;0.0;-6.0;0.2;-6.1;0.32;-6.17;0.38;-6.21;0.41;-6.23;0.43;-6.21;0.44;-6.21;0.44;-6.22;CACC
4690;20.8;26.8;0.9;5;100;6;Successful;Effective;No;No;No;No;No;No;0.0;-6.0;0.25;-6.1;0.39;-6.18;0.47;-6.22;0.51;-6.25;0.54;-6.23;0.55;-6.23;0.55;-6.25;CACC
4691;20.8;26.8;0.9;8;100;6;Successful;Effective;No;No;No;No;No;No;0.0;-6.0;0.25;-6.1;0.39;-6.18;0.47;-6.22;0.51;-6.25;0.54;-6.23;0.55;-6.23;0.55;-6.25;CACC
4692;20.8;26.8;0.9;10;100;6;Successful;Effective;No;No;No;No;No;No;0.0;-6.0;0.25;-6.1;0.39;-6.18;0.47;-6.22;0.51;-6.25;0.54;-6.23;0.55;-6.23;0.55;-6.25;CACC
4693;20.8;26.8;0.9;5;80;7;Successful;Effective;No;No;No;No;No;No;0.0;-7.0;0.2;-7.11;0.32;-7.19;0.38;-7.24;0.41;-7.26;0.43;-7.23;0.44;-7.23;0.44;-7.25;CACC
4694;20.8;26.8;0.9;8;80;7;Successful;Effective;No;No;No;No;No;No;0.0;-7.0;0.2;-7.11;0.32;-7.19;0.38;-7.24;0.41;-7.26;0.43;-7.23;0.44;-7.23;0.44;-7.25;CACC
4695;20.8;26.8;0.9;10;80;7;Successful;Effective;No;No;No;No;No;No;0.0;-7.0;0.2;-7.11;0.32;-7.19;0.38;-7.24;0.41;-7.26;0.43;-7.23;0.44;-7.23;0.44;-7.25;CACC
4696;20.8;26.8;0.9;5;100;7;Successful;Effective;No;No;No;No;No;No;0.0;-7.0;0.25;-7.12;0.39;-7.2;0.47;-7.25;0.51;-7.27;0.54;-7.25;0.55;-7.25;0.55;-7.27;CACC
4697;20.8;26.8;0.9;8;100;7;Successful;Effective;No;No;No;No;No;No;0.0;-7.0;0.25;-7.12;0.39;-7.2;0.47;-7.25;0.51;-7.27;0.54;-7.25;0.55;-7.25;0.55;-7.27;CACC
4698;20.8;26.8;0.9;10;100;7;Successful;Effective;No;No;No;No;No;No;0.0;-7.0;0.25;-7.12;0.39;-7.2;0.47;-7.25;0.51;-7.27;0.54;-7.25;0.55;-7.25;0.55;-7.27;CACC
4699;20.8;26.8;0.9;5;80;8;Successful;Effective;No;No;No;No;No;No;0.0;-7.99;0.2;-8.13;0.32;-8.21;0.38;-8.26;0.41;-8.28;0.43;-8.25;0.44;-8.25;0.44;-8.27;CACC
4700;20.8;26.8;0.9;8;80;8;Successful;Effective;No;No;No;No;No;No;0.0;-7.99;0.2;-8.13;0.32;-8.21;0.38;-8.26;0.41;-8.28;0.43;-8.25;0.44;-8.25;0.44;-8.27;CACC
4701;20.8;26.8;0.9;10;80;8;Successful;Effective;No;No;No;No;No;No;0.0;-7.99;0.2;-8.13;0.32;-8.21;0.38;-8.26;0.41;-8.28;0.43;-8.25;0.44;-8.25;0.44;-8.27;CACC
4702;20.8;26.8;0.9;5;100;8;Successful;Effective;No;No;No;No;No;No;0.0;-8.0;0.25;-8.13;0.39;-8.22;0.47;-8.28;0.51;-8.3;0.54;-8.27;0.55;-8.27;0.55;-8.29;CACC
4703;20.8;26.8;0.9;8;100;8;Successful;Effective;No;No;No;No;No;No;0.0;-8.0;0.25;-8.13;0.39;-8.22;0.47;-8.28;0.51;-8.3;0.54;-8.27;0.55;-8.27;0.55;-8.29;CACC
4704;20.8;26.8;0.9;10;100;8;Successful;Effective;No;No;No;No;No;No;0.0;-8.0;0.25;-8.13;0.39;-8.22;0.47;-8.28;0.51;-8.3;0.54;-8.27;0.55;-8.27;0.55;-8.29;CACC
4705;20.9;26.9;0.6;5;80;5;Successful;Effective;No;No;No;No;No;No;0.0;-5.0;0.2;-5.08;0.32;-5.15;0.38;-5.19;0.41;-5.2;0.43;-5.19;0.44;-5.19;0.44;-5.2;CACC
4706;20.9;26.9;0.6;8;80;5;Successful;Effective;No;No;No;No;No;No;0.0;-5.0;0.2;-5.08;0.32;-5.15;0.38;-5.19;0.41;-5.2;0.43;-5.19;0.44;-5.19;0.44;-5.2;CACC
4707;20.9;26.9;0.6;10;80;5;Successful;Effective;No;No;No;No;No;No;0.0;-5.0;0.2;-5.08;0.32;-5.15;0.38;-5.19;0.41;-5.2;0.43;-5.19;0.44;-5.19;0.44;-5.2;CACC
4708;20.9;26.9;0.6;5;100;5;Successful;Effective;No;No;No;No;No;No;0.0;-5.0;0.25;-5.09;0.39;-5.16;0.47;-5.2;0.51;-5.22;0.54;-5.21;0.55;-5.21;0.55;-5.22;CACC
4709;20.9;26.9;0.6;8;100;5;Successful;Effective;No;No;No;No;No;No;0.0;-5.0;0.25;-5.09;0.39;-5.16;0.47;-5.2;0.51;-5.22;0.54;-5.21;0.55;-5.21;0.55;-5.22;CACC
4710;20.9;26.9;0.6;10;100;5;Successful;Effective;No;No;No;No;No;No;0.0;-5.0;0.25;-5.09;0.39;-5.16;0.47;-5.2;0.51;-5.22;0.54;-5.21;0.55;-5.21;0.55;-5.22;CACC
4711;20.9;26.9;0.6;5;80;6;Successful;Effective;No;No;No;No;No;No;0.0;-6.0;0.2;-6.1;0.32;-6.17;0.38;-6.21;0.41;-6.23;0.43;-6.21;0.44;-6.21;0.44;-6.22;CACC
4712;20.9;26.9;0.6;8;80;6;Successful;Effective;No;No;No;No;No;No;0.0;-6.0;0.2;-6.1;0.32;-6.17;0.38;-6.21;0.41;-6.23;0.43;-6.21;0.44;-6.21;0.44;-6.22;CACC
4713;20.9;26.9;0.6;10;80;6;Successful;Effective;No;No;No;No;No;No;0.0;-6.0;0.2;-6.1;0.32;-6.17;0.38;-6.21;0.41;-6.23;0.43;-6.21;0.44;-6.21;0.44;-6.22;CACC
4714;20.9;26.9;0.6;5;100;6;Successful;Effective;No;No;No;No;No;No;0.0;-6.0;0.25;-6.1;0.39;-6.18;0.47;-6.22;0.51;-6.25;0.54;-6.23;0.55;-6.23;0.55;-6.25;CACC
4715;20.9;26.9;0.6;8;100;6;Successful;Effective;No;No;No;No;No;No;0.0;-6.0;0.25;-6.1;0.39;-6.18;0.47;-6.22;0.51;-6.25;0.54;-6.23;0.55;-6.23;0.55;-6.25;CACC
4716;20.9;26.9;0.6;10;100;6;Successful;Effective;No;No;No;No;No;No;0.0;-6.0;0.25;-6.1;0.39;-6.18;0.47;-6.22;0.51;-6.25;0.54;-6.23;0.55;-6.23;0.55;-6.25;CACC
4717;20.9;26.9;0.6;5;80;7;Successful;Effective;No;No;No;No;No;No;0.0;-7.0;0.2;-7.11;0.32;-7.19;0.38;-7.24;0.41;-7.26;0.43;-7.23;0.44;-7.23;0.44;-7.25;CACC
4718;20.9;26.9;0.6;8;80;7;Successful;Effective;No;No;No;No;No;No;0.0;-7.0;0.2;-7.11;0.32;-7.19;0.38;-7.24;0.41;-7.26;0.43;-7.23;0.44;-7.23;0.44;-7.25;CACC
4719;20.9;26.9;0.6;10;80;7;Successful;Effective;No;No;No;No;No;No;0.0;-7.0;0.2;-7.11;0.32;-7.19;0.38;-7.24;0.41;-7.26;0.43;-7.23;0.44;-7.23;0.44;-7.25;CACC
4720;20.9;26.9;0.6;5;100;7;Successful;Effective;No;No;No;No;No;No;0.0;-7.0;0.25;-7.12;0.39;-7.2;0.47;-7.25;0.51;-7.27;0.54;-7.25;0.55;-7.25;0.55;-7.27;CACC
4721;20.9;26.9;0.6;8;100;7;Successful;Effective;No;No;No;No;No;No;0.0;-7.0;0.25;-7.12;0.39;-7.2;0.47;-7.25;0.51;-7.27;0.54;-7.25;0.55;-7.25;0.55;-7.27;CACC
4722;20.9;26.9;0.6;10;100;7;Successful;Effective;No;No;No;No;No;No;0.0;-7.0;0.25;-7.12;0.39;-7.2;0.47;-7.25;0.51;-7.27;0.54;-7.25;0.55;-7.25;0.55;-7.27;CACC
4723;20.9;26.9;0.6;5;80;8;Successful;Effective;No;No;No;No;No;No;0.0;-7.99;0.2;-8.13;0.32;-8.21;0.38;-8.26;0.41;-8.28;0.43;-8.25;0.44;-8.25;0.44;-8.27;CACC
4724;20.9;26.9;0.6;8;80;8;Successful;Effective;No;No;No;No;No;No;0.0;-7.99;0.2;-8.13;0.32;-8.21;0.38;-8.26;0.41;-8.28;0.43;-8.25;0.44;-8.25;0.44;-8.27;CACC
4725;20.9;26.9;0.6;10;80;8;Successful;Effective;No;No;No;No;No;No;0.0;-7.99;0.2;-8.13;0.32;-8.21;0.38;-8.26;0.41;-8.28;0.43;-8.25;0.44;-8.25;0.44;-8.27;CACC
4726;20.9;26.9;0.6;5;100;8;Successful;Effective;No;No;No;No;No;No;0.0;-8.0;0.25;-8.13;0.39;-8.22;0.47;-8.28;0.51;-8.3;0.54;-8.27;0.55;-8.27;0.55;-8.29;CACC
4727;20.9;26.9;0.6;8;100;8;Successful;Effective;No;No;No;No;No;No;0.0;-8.0;0.25;-8.13;0.39;-8.22;0.47;-8.28;0.51;-8.3;0.54;-8.27;0.55;-8.27;0.55;-8.29;CACC
4728;20.9;26.9;0.6;10;100;8;Successful;Effective;No;No;No;No;No;No;0.0;-8.0;0.25;-8.13;0.39;-8.22;0.47;-8.28;0.51;-8.3;0.54;-8.27;0.55;-8.27;0.55;-8.29;CACC
4729;20.9;26.9;0.7;5;80;5;Successful;Effective;No;No;No;No;No;No;0.0;-5.0;0.2;-5.08;0.32;-5.15;0.38;-5.19;0.41;-5.2;0.43;-5.19;0.44;-5.19;0.44;-5.2;CACC
4730;20.9;26.9;0.7;8;80;5;Successful;Effective;No;No;No;No;No;No;0.0;-5.0;0.2;-5.08;0.32;-5.15;0.38;-5.19;0.41;-5.2;0.43;-5.19;0.44;-5.19;0.44;-5.2;CACC
4731;20.9;26.9;0.7;10;80;5;Successful;Effective;No;No;No;No;No;No;0.0;-5.0;0.2;-5.08;0.32;-5.15;0.38;-5.19;0.41;-5.2;0.43;-5.19;0.44;-5.19;0.44;-5.2;CACC
4732;20.9;26.9;0.7;5;100;5;Successful;Effective;No;No;No;No;No;No;0.0;-5.0;0.25;-5.09;0.39;-5.16;0.47;-5.2;0.51;-5.22;0.54;-5.21;0.55;-5.21;0.55;-5.22;CACC
4733;20.9;26.9;0.7;8;100;5;Successful;Effective;No;No;No;No;No;No;0.0;-5.0;0.25;-5.09;0.39;-5.16;0.47;-5.2;0.51;-5.22;0.54;-5.21;0.55;-5.21;0.55;-5.22;CACC
4734;20.9;26.9;0.7;10;100;5;Successful;Effective;No;No;No;No;No;No;0.0;-5.0;0.25;-5.09;0.39;-5.16;0.47;-5.2;0.51;-5.22;0.54;-5.21;0.55;-5.21;0.55;-5.22;CACC
4735;20.9;26.9;0.7;5;80;6;Successful;Effective;No;No;No;No;No;No;0.0;-6.0;0.2;-6.1;0.32;-6.17;0.38;-6.21;0.41;-6.23;0.43;-6.21;0.44;-6.21;0.44;-6.22;CACC
4736;20.9;26.9;0.7;8;80;6;Successful;Effective;No;No;No;No;No;No;0.0;-6.0;0.2;-6.1;0.32;-6.17;0.38;-6.21;0.41;-6.23;0.43;-6.21;0.44;-6.21;0.44;-6.22;CACC
4737;20.9;26.9;0.7;10;80;6;Successful;Effective;No;No;No;No;No;No;0.0;-6.0;0.2;-6.1;0.32;-6.17;0.38;-6.21;0.41;-6.23;0.43;-6.21;0.44;-6.21;0.44;-6.22;CACC
4738;20.9;26.9;0.7;5;100;6;Successful;Effective;No;No;No;No;No;No;0.0;-6.0;0.25;-6.1;0.39;-6.18;0.47;-6.22;0.51;-6.25;0.54;-6.23;0.55;-6.23;0.55;-6.25;CACC
4739;20.9;26.9;0.7;8;100;6;Successful;Effective;No;No;No;No;No;No;0.0;-6.0;0.25;-6.1;0.39;-6.18;0.47;-6.22;0.51;-6.25;0.54;-6.23;0.55;-6.23;0.55;-6.25;CACC
4740;20.9;26.9;0.7;10;100;6;Successful;Effective;No;No;No;No;No;No;0.0;-6.0;0.25;-6.1;0.39;-6.18;0.47;-6.22;0.51;-6.25;0.54;-6.23;0.55;-6.23;0.55;-6.25;CACC
4741;20.9;26.9;0.7;5;80;7;Successful;Effective;No;No;No;No;No;No;0.0;-7.0;0.2;-7.11;0.32;-7.19;0.38;-7.24;0.41;-7.26;0.43;-7.23;0.44;-7.23;0.44;-7.25;CACC
4742;20.9;26.9;0.7;8;80;7;Successful;Effective;No;No;No;No;No;No;0.0;-7.0;0.2;-7.11;0.32;-7.19;0.38;-7.24;0.41;-7.26;0.43;-7.23;0.44;-7.23;0.44;-7.25;CACC
4743;20.9;26.9;0.7;10;80;7;Successful;Effective;No;No;No;No;No;No;0.0;-7.0;0.2;-7.11;0.32;-7.19;0.38;-7.24;0.41;-7.26;0.43;-7.23;0.44;-7.23;0.44;-7.25;CACC
4744;20.9;26.9;0.7;5;100;7;Successful;Effective;No;No;No;No;No;No;0.0;-7.0;0.25;-7.12;0.39;-7.2;0.47;-7.25;0.51;-7.27;0.54;-7.25;0.55;-7.25;0.55;-7.27;CACC
4745;20.9;26.9;0.7;8;100;7;Successful;Effective;No;No;No;No;No;No;0.0;-7.0;0.25;-7.12;0.39;-7.2;0.47;-7.25;0.51;-7.27;0.54;-7.25;0.55;-7.25;0.55;-7.27;CACC
4746;20.9;26.9;0.7;10;100;7;Successful;Effective;No;No;No;No;No;No;0.0;-7.0;0.25;-7.12;0.39;-7.2;0.47;-7.25;0.51;-7.27;0.54;-7.25;0.55;-7.25;0.55;-7.27;CACC
4747;20.9;26.9;0.7;5;80;8;Successful;Effective;No;No;No;No;No;No;0.0;-7.99;0.2;-8.13;0.32;-8.21;0.38;-8.26;0.41;-8.28;0.43;-8.25;0.44;-8.25;0.44;-8.27;CACC
4748;20.9;26.9;0.7;8;80;8;Successful;Effective;No;No;No;No;No;No;0.0;-7.99;0.2;-8.13;0.32;-8.21;0.38;-8.26;0.41;-8.28;0.43;-8.25;0.44;-8.25;0.44;-8.27;CACC
4749;20.9;26.9;0.7;10;80;8;Successful;Effective;No;No;No;No;No;No;0.0;-7.99;0.2;-8.13;0.32;-8.21;0.38;-8.26;0.41;-8.28;0.43;-8.25;0.44;-8.25;0.44;-8.27;CACC
4750;20.9;26.9;0.7;5;100;8;Successful;Effective;No;No;No;No;No;No;0.0;-8.0;0.25;-8.13;0.39;-8.22;0.47;-8.28;0.51;-8.3;0.54;-8.27;0.55;-8.27;0.55;-8.29;CACC
4751;20.9;26.9;0.7;8;100;8;Successful;Effective;No;No;No;No;No;No;0.0;-8.0;0.25;-8.13;0.39;-8.22;0.47;-8.28;0.51;-8.3;0.54;-8.27;0.55;-8.27;0.55;-8.29;CACC
4752;20.9;26.9;0.7;10;100;8;Successful;Effective;No;No;No;No;No;No;0.0;-8.0;0.25;-8.13;0.39;-8.22;0.47;-8.28;0.51;-8.3;0.54;-8.27;0.55;-8.27;0.55;-8.29;CACC
4753;20.9;26.9;0.8;5;80;5;Successful;Effective;No;No;No;No;No;No;0.0;-5.0;0.2;-5.08;0.32;-5.15;0.38;-5.19;0.41;-5.2;0.43;-5.19;0.44;-5.19;0.44;-5.2;CACC
4754;20.9;26.9;0.8;8;80;5;Successful;Effective;No;No;No;No;No;No;0.0;-5.0;0.2;-5.08;0.32;-5.15;0.38;-5.19;0.41;-5.2;0.43;-5.19;0.44;-5.19;0.44;-5.2;CACC
4755;20.9;26.9;0.8;10;80;5;Successful;Effective;No;No;No;No;No;No;0.0;-5.0;0.2;-5.08;0.32;-5.15;0.38;-5.19;0.41;-5.2;0.43;-5.19;0.44;-5.19;0.44;-5.2;CACC
4756;20.9;26.9;0.8;5;100;5;Successful;Effective;No;No;No;No;No;No;0.0;-5.0;0.25;-5.09;0.39;-5.16;0.47;-5.2;0.51;-5.22;0.54;-5.21;0.55;-5.21;0.55;-5.22;CACC
4757;20.9;26.9;0.8;8;100;5;Successful;Effective;No;No;No;No;No;No;0.0;-5.0;0.25;-5.09;0.39;-5.16;0.47;-5.2;0.51;-5.22;0.54;-5.21;0.55;-5.21;0.55;-5.22;CACC
4758;20.9;26.9;0.8;10;100;5;Successful;Effective;No;No;No;No;No;No;0.0;-5.0;0.25;-5.09;0.39;-5.16;0.47;-5.2;0.51;-5.22;0.54;-5.21;0.55;-5.21;0.55;-5.22;CACC
4759;20.9;26.9;0.8;5;80;6;Successful;Effective;No;No;No;No;No;No;0.0;-6.0;0.2;-6.1;0.32;-6.17;0.38;-6.21;0.41;-6.23;0.43;-6.21;0.44;-6.21;0.44;-6.22;CACC
4760;20.9;26.9;0.8;8;80;6;Successful;Effective;No;No;No;No;No;No;0.0;-6.0;0.2;-6.1;0.32;-6.17;0.38;-6.21;0.41;-6.23;0.43;-6.21;0.44;-6.21;0.44;-6.22;CACC
4761;20.9;26.9;0.8;10;80;6;Successful;Effective;No;No;No;No;No;No;0.0;-6.0;0.2;-6.1;0.32;-6.17;0.38;-6.21;0.41;-6.23;0.43;-6.21;0.44;-6.21;0.44;-6.22;CACC
4762;20.9;26.9;0.8;5;100;6;Successful;Effective;No;No;No;No;No;No;0.0;-6.0;0.25;-6.1;0.39;-6.18;0.47;-6.22;0.51;-6.25;0.54;-6.23;0.55;-6.23;0.55;-6.25;CACC
4763;20.9;26.9;0.8;8;100;6;Successful;Effective;No;No;No;No;No;No;0.0;-6.0;0.25;-6.1;0.39;-6.18;0.47;-6.22;0.51;-6.25;0.54;-6.23;0.55;-6.23;0.55;-6.25;CACC
4764;20.9;26.9;0.8;10;100;6;Successful;Effective;No;No;No;No;No;No;0.0;-6.0;0.25;-6.1;0.39;-6.18;0.47;-6.22;0.51;-6.25;0.54;-6.23;0.55;-6.23;0.55;-6.25;CACC
4765;20.9;26.9;0.8;5;80;7;Successful;Effective;No;No;No;No;No;No;0.0;-7.0;0.2;-7.11;0.32;-7.19;0.38;-7.24;0.41;-7.26;0.43;-7.23;0.44;-7.23;0.44;-7.25;CACC
4766;20.9;26.9;0.8;8;80;7;Successful;Effective;No;No;No;No;No;No;0.0;-7.0;0.2;-7.11;0.32;-7.19;0.38;-7.24;0.41;-7.26;0.43;-7.23;0.44;-7.23;0.44;-7.25;CACC
4767;20.9;26.9;0.8;10;80;7;Successful;Effective;No;No;No;No;No;No;0.0;-7.0;0.2;-7.11;0.32;-7.19;0.38;-7.24;0.41;-7.26;0.43;-7.23;0.44;-7.23;0.44;-7.25;CACC
4768;20.9;26.9;0.8;5;100;7;Successful;Effective;No;No;No;No;No;No;0.0;-7.0;0.25;-7.12;0.39;-7.2;0.47;-7.25;0.51;-7.27;0.54;-7.25;0.55;-7.25;0.55;-7.27;CACC
4769;20.9;26.9;0.8;8;100;7;Successful;Effective;No;No;No;No;No;No;0.0;-7.0;0.25;-7.12;0.39;-7.2;0.47;-7.25;0.51;-7.27;0.54;-7.25;0.55;-7.25;0.55;-7.27;CACC
4770;20.9;26.9;0.8;10;100;7;Successful;Effective;No;No;No;No;No;No;0.0;-7.0;0.25;-7.12;0.39;-7.2;0.47;-7.25;0.51;-7.27;0.54;-7.25;0.55;-7.25;0.55;-7.27;CACC
4771;20.9;26.9;0.8;5;80;8;Successful;Effective;No;No;No;No;No;No;0.0;-7.99;0.2;-8.13;0.32;-8.21;0.38;-8.26;0.41;-8.28;0.43;-8.25;0.44;-8.25;0.44;-8.27;CACC
4772;20.9;26.9;0.8;8;80;8;Successful;Effective;No;No;No;No;No;No;0.0;-7.99;0.2;-8.13;0.32;-8.21;0.38;-8.26;0.41;-8.28;0.43;-8.25;0.44;-8.25;0.44;-8.27;CACC
4773;20.9;26.9;0.8;10;80;8;Successful;Effective;No;No;No;No;No;No;0.0;-7.99;0.2;-8.13;0.32;-8.21;0.38;-8.26;0.41;-8.28;0.43;-8.25;0.44;-8.25;0.44;-8.27;CACC
4774;20.9;26.9;0.8;5;100;8;Successful;Effective;No;No;No;No;No;No;0.0;-8.0;0.25;-8.13;0.39;-8.22;0.47;-8.28;0.51;-8.3;0.54;-8.27;0.55;-8.27;0.55;-8.29;CACC
4775;20.9;26.9;0.8;8;100;8;Successful;Effective;No;No;No;No;No;No;0.0;-8.0;0.25;-8.13;0.39;-8.22;0.47;-8.28;0.51;-8.3;0.54;-8.27;0.55;-8.27;0.55;-8.29;CACC
4776;20.9;26.9;0.8;10;100;8;Successful;Effective;No;No;No;No;No;No;0.0;-8.0;0.25;-8.13;0.39;-8.22;0.47;-8.28;0.51;-8.3;0.54;-8.27;0.55;-8.27;0.55;-8.29;CACC
4777;20.9;26.9;0.9;5;80;5;Successful;Effective;No;No;No;No;No;No;0.0;-5.0;0.2;-5.08;0.32;-5.15;0.38;-5.19;0.41;-5.2;0.43;-5.19;0.44;-5.19;0.44;-5.2;CACC
4778;20.9;26.9;0.9;8;80;5;Successful;Effective;No;No;No;No;No;No;0.0;-5.0;0.2;-5.08;0.32;-5.15;0.38;-5.19;0.41;-5.2;0.43;-5.19;0.44;-5.19;0.44;-5.2;CACC
4779;20.9;26.9;0.9;10;80;5;Successful;Effective;No;No;No;No;No;No;0.0;-5.0;0.2;-5.08;0.32;-5.15;0.38;-5.19;0.41;-5.2;0.43;-5.19;0.44;-5.19;0.44;-5.2;CACC
4780;20.9;26.9;0.9;5;100;5;Successful;Effective;No;No;No;No;No;No;0.0;-5.0;0.25;-5.09;0.39;-5.16;0.47;-5.2;0.51;-5.22;0.54;-5.21;0.55;-5.21;0.55;-5.22;CACC
4781;20.9;26.9;0.9;8;100;5;Successful;Effective;No;No;No;No;No;No;0.0;-5.0;0.25;-5.09;0.39;-5.16;0.47;-5.2;0.51;-5.22;0.54;-5.21;0.55;-5.21;0.55;-5.22;CACC
4782;20.9;26.9;0.9;10;100;5;Successful;Effective;No;No;No;No;No;No;0.0;-5.0;0.25;-5.09;0.39;-5.16;0.47;-5.2;0.51;-5.22;0.54;-5.21;0.55;-5.21;0.55;-5.22;CACC
4783;20.9;26.9;0.9;5;80;6;Successful;Effective;No;No;No;No;No;No;0.0;-6.0;0.2;-6.1;0.32;-6.17;0.38;-6.21;0.41;-6.23;0.43;-6.21;0.44;-6.21;0.44;-6.22;CACC
4784;20.9;26.9;0.9;8;80;6;Successful;Effective;No;No;No;No;No;No;0.0;-6.0;0.2;-6.1;0.32;-6.17;0.38;-6.21;0.41;-6.23;0.43;-6.21;0.44;-6.21;0.44;-6.22;CACC
4785;20.9;26.9;0.9;10;80;6;Successful;Effective;No;No;No;No;No;No;0.0;-6.0;0.2;-6.1;0.32;-6.17;0.38;-6.21;0.41;-6.23;0.43;-6.21;0.44;-6.21;0.44;-6.22;CACC
4786;20.9;26.9;0.9;5;100;6;Successful;Effective;No;No;No;No;No;No;0.0;-6.0;0.25;-6.1;0.39;-6.18;0.47;-6.22;0.51;-6.25;0.54;-6.23;0.55;-6.23;0.55;-6.25;CACC
4787;20.9;26.9;0.9;8;100;6;Successful;Effective;No;No;No;No;No;No;0.0;-6.0;0.25;-6.1;0.39;-6.18;0.47;-6.22;0.51;-6.25;0.54;-6.23;0.55;-6.23;0.55;-6.25;CACC
4788;20.9;26.9;0.9;10;100;6;Successful;Effective;No;No;No;No;No;No;0.0;-6.0;0.25;-6.1;0.39;-6.18;0.47;-6.22;0.51;-6.25;0.54;-6.23;0.55;-6.23;0.55;-6.25;CACC
4789;20.9;26.9;0.9;5;80;7;Successful;Effective;No;No;No;No;No;No;0.0;-7.0;0.2;-7.11;0.32;-7.19;0.38;-7.24;0.41;-7.26;0.43;-7.23;0.44;-7.23;0.44;-7.25;CACC
4790;20.9;26.9;0.9;8;80;7;Successful;Effective;No;No;No;No;No;No;0.0;-7.0;0.2;-7.11;0.32;-7.19;0.38;-7.24;0.41;-7.26;0.43;-7.23;0.44;-7.23;0.44;-7.25;CACC
4791;20.9;26.9;0.9;10;80;7;Successful;Effective;No;No;No;No;No;No;0.0;-7.0;0.2;-7.11;0.32;-7.19;0.38;-7.24;0.41;-7.26;0.43;-7.23;0.44;-7.23;0.44;-7.25;CACC
4792;20.9;26.9;0.9;5;100;7;Successful;Effective;No;No;No;No;No;No;0.0;-7.0;0.25;-7.12;0.39;-7.2;0.47;-7.25;0.51;-7.27;0.54;-7.25;0.55;-7.25;0.55;-7.27;CACC
4793;20.9;26.9;0.9;8;100;7;Successful;Effective;No;No;No;No;No;No;0.0;-7.0;0.25;-7.12;0.39;-7.2;0.47;-7.25;0.51;-7.27;0.54;-7.25;0.55;-7.25;0.55;-7.27;CACC
4794;20.9;26.9;0.9;10;100;7;Successful;Effective;No;No;No;No;No;No;0.0;-7.0;0.25;-7.12;0.39;-7.2;0.47;-7.25;0.51;-7.27;0.54;-7.25;0.55;-7.25;0.55;-7.27;CACC
4795;20.9;26.9;0.9;5;80;8;Successful;Effective;No;No;No;No;No;No;0.0;-7.99;0.2;-8.13;0.32;-8.21;0.38;-8.26;0.41;-8.28;0.43;-8.25;0.44;-8.25;0.44;-8.27;CACC
4796;20.9;26.9;0.9;8;80;8;Successful;Effective;No;No;No;No;No;No;0.0;-7.99;0.2;-8.13;0.32;-8.21;0.38;-8.26;0.41;-8.28;0.43;-8.25;0.44;-8.25;0.44;-8.27;CACC
4797;20.9;26.9;0.9;10;80;8;Successful;Effective;No;No;No;No;No;No;0.0;-7.99;0.2;-8.13;0.32;-8.21;0.38;-8.26;0.41;-8.28;0.43;-8.25;0.44;-8.25;0.44;-8.27;CACC
4798;20.9;26.9;0.9;5;100;8;Successful;Effective;No;No;No;No;No;No;0.0;-8.0;0.25;-8.13;0.39;-8.22;0.47;-8.28;0.51;-8.3;0.54;-8.27;0.55;-8.27;0.55;-8.29;CACC
4799;20.9;26.9;0.9;8;100;8;Successful;Effective;No;No;No;No;No;No;0.0;-8.0;0.25;-8.13;0.39;-8.22;0.47;-8.28;0.51;-8.3;0.54;-8.27;0.55;-8.27;0.55;-8.29;CACC
4800;20.9;26.9;0.9;10;100;8;Successful;Effective;No;No;No;No;No;No;0.0;-8.0;0.25;-8.13;0.39;-8.22;0.47;-8.28;0.51;-8.3;0.54;-8.27;0.55;-8.27;0.55;-8.29;CACC
4801;21.0;27.0;0.6;5;80;5;Successful;Effective;No;No;No;No;No;No;0.0;-5.0;0.2;-5.08;0.32;-5.15;0.38;-5.19;0.41;-5.2;0.43;-5.19;0.44;-5.19;0.44;-5.2;CACC
4802;21.0;27.0;0.6;8;80;5;Successful;Effective;No;No;No;No;No;No;0.0;-5.0;0.2;-5.08;0.32;-5.15;0.38;-5.19;0.41;-5.2;0.43;-5.19;0.44;-5.19;0.44;-5.2;CACC
4803;21.0;27.0;0.6;10;80;5;Successful;Effective;No;No;No;No;No;No;0.0;-5.0;0.2;-5.08;0.32;-5.15;0.38;-5.19;0.41;-5.2;0.43;-5.19;0.44;-5.19;0.44;-5.2;CACC
4804;21.0;27.0;0.6;5;100;5;Successful;Effective;No;No;No;No;No;No;0.0;-5.0;0.25;-5.09;0.39;-5.16;0.47;-5.2;0.51;-5.22;0.54;-5.21;0.55;-5.21;0.55;-5.22;CACC
4805;21.0;27.0;0.6;8;100;5;Successful;Effective;No;No;No;No;No;No;0.0;-5.0;0.25;-5.09;0.39;-5.16;0.47;-5.2;0.51;-5.22;0.54;-5.21;0.55;-5.21;0.55;-5.22;CACC
4806;21.0;27.0;0.6;10;100;5;Successful;Effective;No;No;No;No;No;No;0.0;-5.0;0.25;-5.09;0.39;-5.16;0.47;-5.2;0.51;-5.22;0.54;-5.21;0.55;-5.21;0.55;-5.22;CACC
4807;21.0;27.0;0.6;5;80;6;Successful;Effective;No;No;No;No;No;No;0.0;-6.0;0.2;-6.1;0.32;-6.17;0.38;-6.21;0.41;-6.23;0.43;-6.21;0.44;-6.21;0.44;-6.22;CACC
4808;21.0;27.0;0.6;8;80;6;Successful;Effective;No;No;No;No;No;No;0.0;-6.0;0.2;-6.1;0.32;-6.17;0.38;-6.21;0.41;-6.23;0.43;-6.21;0.44;-6.21;0.44;-6.22;CACC
4809;21.0;27.0;0.6;10;80;6;Successful;Effective;No;No;No;No;No;No;0.0;-6.0;0.2;-6.1;0.32;-6.17;0.38;-6.21;0.41;-6.23;0.43;-6.21;0.44;-6.21;0.44;-6.22;CACC
4810;21.0;27.0;0.6;5;100;6;Successful;Effective;No;No;No;No;No;No;0.0;-6.0;0.25;-6.1;0.39;-6.18;0.47;-6.22;0.51;-6.25;0.54;-6.23;0.55;-6.23;0.55;-6.25;CACC
4811;21.0;27.0;0.6;8;100;6;Successful;Effective;No;No;No;No;No;No;0.0;-6.0;0.25;-6.1;0.39;-6.18;0.47;-6.22;0.51;-6.25;0.54;-6.23;0.55;-6.23;0.55;-6.25;CACC
4812;21.0;27.0;0.6;10;100;6;Successful;Effective;No;No;No;No;No;No;0.0;-6.0;0.25;-6.1;0.39;-6.18;0.47;-6.22;0.51;-6.25;0.54;-6.23;0.55;-6.23;0.55;-6.25;CACC
4813;21.0;27.0;0.6;5;80;7;Successful;Effective;No;No;No;No;No;No;0.0;-7.0;0.2;-7.11;0.32;-7.19;0.38;-7.24;0.41;-7.26;0.43;-7.23;0.44;-7.23;0.44;-7.25;CACC
4814;21.0;27.0;0.6;8;80;7;Successful;Effective;No;No;No;No;No;No;0.0;-7.0;0.2;-7.11;0.32;-7.19;0.38;-7.24;0.41;-7.26;0.43;-7.23;0.44;-7.23;0.44;-7.25;CACC
4815;21.0;27.0;0.6;10;80;7;Successful;Effective;No;No;No;No;No;No;0.0;-7.0;0.2;-7.11;0.32;-7.19;0.38;-7.24;0.41;-7.26;0.43;-7.23;0.44;-7.23;0.44;-7.25;CACC
4816;21.0;27.0;0.6;5;100;7;Successful;Effective;No;No;No;No;No;No;0.0;-7.0;0.25;-7.12;0.39;-7.2;0.47;-7.25;0.51;-7.27;0.54;-7.25;0.55;-7.25;0.55;-7.27;CACC
4817;21.0;27.0;0.6;8;100;7;Successful;Effective;No;No;No;No;No;No;0.0;-7.0;0.25;-7.12;0.39;-7.2;0.47;-7.25;0.51;-7.27;0.54;-7.25;0.55;-7.25;0.55;-7.27;CACC
4818;21.0;27.0;0.6;10;100;7;Successful;Effective;No;No;No;No;No;No;0.0;-7.0;0.25;-7.12;0.39;-7.2;0.47;-7.25;0.51;-7.27;0.54;-7.25;0.55;-7.25;0.55;-7.27;CACC
4819;21.0;27.0;0.6;5;80;8;Successful;Effective;No;No;No;No;No;No;0.0;-7.99;0.2;-8.13;0.32;-8.21;0.38;-8.26;0.41;-8.28;0.43;-8.25;0.44;-8.25;0.44;-8.27;CACC
4820;21.0;27.0;0.6;8;80;8;Successful;Effective;No;No;No;No;No;No;0.0;-7.99;0.2;-8.13;0.32;-8.21;0.38;-8.26;0.41;-8.28;0.43;-8.25;0.44;-8.25;0.44;-8.27;CACC
4821;21.0;27.0;0.6;10;80;8;Successful;Effective;No;No;No;No;No;No;0.0;-7.99;0.2;-8.13;0.32;-8.21;0.38;-8.26;0.41;-8.28;0.43;-8.25;0.44;-8.25;0.44;-8.27;CACC
4822;21.0;27.0;0.6;5;100;8;Successful;Effective;No;No;No;No;No;No;0.0;-8.0;0.25;-8.13;0.39;-8.22;0.47;-8.28;0.51;-8.3;0.54;-8.27;0.55;-8.27;0.55;-8.29;CACC
4823;21.0;27.0;0.6;8;100;8;Successful;Effective;No;No;No;No;No;No;0.0;-8.0;0.25;-8.13;0.39;-8.22;0.47;-8.28;0.51;-8.3;0.54;-8.27;0.55;-8.27;0.55;-8.29;CACC
4824;21.0;27.0;0.6;10;100;8;Successful;Effective;No;No;No;No;No;No;0.0;-8.0;0.25;-8.13;0.39;-8.22;0.47;-8.28;0.51;-8.3;0.54;-8.27;0.55;-8.27;0.55;-8.29;CACC
4825;21.0;27.0;0.7;5;80;5;Successful;Effective;No;No;No;No;No;No;0.0;-5.0;0.2;-5.08;0.32;-5.15;0.38;-5.19;0.41;-5.2;0.43;-5.19;0.44;-5.19;0.44;-5.2;CACC
4826;21.0;27.0;0.7;8;80;5;Successful;Effective;No;No;No;No;No;No;0.0;-5.0;0.2;-5.08;0.32;-5.15;0.38;-5.19;0.41;-5.2;0.43;-5.19;0.44;-5.19;0.44;-5.2;CACC
4827;21.0;27.0;0.7;10;80;5;Successful;Effective;No;No;No;No;No;No;0.0;-5.0;0.2;-5.08;0.32;-5.15;0.38;-5.19;0.41;-5.2;0.43;-5.19;0.44;-5.19;0.44;-5.2;CACC
4828;21.0;27.0;0.7;5;100;5;Successful;Effective;No;No;No;No;No;No;0.0;-5.0;0.25;-5.09;0.39;-5.16;0.47;-5.2;0.51;-5.22;0.54;-5.21;0.55;-5.21;0.55;-5.22;CACC
4829;21.0;27.0;0.7;8;100;5;Successful;Effective;No;No;No;No;No;No;0.0;-5.0;0.25;-5.09;0.39;-5.16;0.47;-5.2;0.51;-5.22;0.54;-5.21;0.55;-5.21;0.55;-5.22;CACC
4830;21.0;27.0;0.7;10;100;5;Successful;Effective;No;No;No;No;No;No;0.0;-5.0;0.25;-5.09;0.39;-5.16;0.47;-5.2;0.51;-5.22;0.54;-5.21;0.55;-5.21;0.55;-5.22;CACC
4831;21.0;27.0;0.7;5;80;6;Successful;Effective;No;No;No;No;No;No;0.0;-6.0;0.2;-6.1;0.32;-6.17;0.38;-6.21;0.41;-6.23;0.43;-6.21;0.44;-6.21;0.44;-6.22;CACC
4832;21.0;27.0;0.7;8;80;6;Successful;Effective;No;No;No;No;No;No;0.0;-6.0;0.2;-6.1;0.32;-6.17;0.38;-6.21;0.41;-6.23;0.43;-6.21;0.44;-6.21;0.44;-6.22;CACC
4833;21.0;27.0;0.7;10;80;6;Successful;Effective;No;No;No;No;No;No;0.0;-6.0;0.2;-6.1;0.32;-6.17;0.38;-6.21;0.41;-6.23;0.43;-6.21;0.44;-6.21;0.44;-6.22;CACC
4834;21.0;27.0;0.7;5;100;6;Successful;Effective;No;No;No;No;No;No;0.0;-6.0;0.25;-6.1;0.39;-6.18;0.47;-6.22;0.51;-6.25;0.54;-6.23;0.55;-6.23;0.55;-6.25;CACC
4835;21.0;27.0;0.7;8;100;6;Successful;Effective;No;No;No;No;No;No;0.0;-6.0;0.25;-6.1;0.39;-6.18;0.47;-6.22;0.51;-6.25;0.54;-6.23;0.55;-6.23;0.55;-6.25;CACC
4836;21.0;27.0;0.7;10;100;6;Successful;Effective;No;No;No;No;No;No;0.0;-6.0;0.25;-6.1;0.39;-6.18;0.47;-6.22;0.51;-6.25;0.54;-6.23;0.55;-6.23;0.55;-6.25;CACC
4837;21.0;27.0;0.7;5;80;7;Successful;Effective;No;No;No;No;No;No;0.0;-7.0;0.2;-7.11;0.32;-7.19;0.38;-7.24;0.41;-7.26;0.43;-7.23;0.44;-7.23;0.44;-7.25;CACC
4838;21.0;27.0;0.7;8;80;7;Successful;Effective;No;No;No;No;No;No;0.0;-7.0;0.2;-7.11;0.32;-7.19;0.38;-7.24;0.41;-7.26;0.43;-7.23;0.44;-7.23;0.44;-7.25;CACC
4839;21.0;27.0;0.7;10;80;7;Successful;Effective;No;No;No;No;No;No;0.0;-7.0;0.2;-7.11;0.32;-7.19;0.38;-7.24;0.41;-7.26;0.43;-7.23;0.44;-7.23;0.44;-7.25;CACC
4840;21.0;27.0;0.7;5;100;7;Successful;Effective;No;No;No;No;No;No;0.0;-7.0;0.25;-7.12;0.39;-7.2;0.47;-7.25;0.51;-7.27;0.54;-7.25;0.55;-7.25;0.55;-7.27;CACC
4841;21.0;27.0;0.7;8;100;7;Successful;Effective;No;No;No;No;No;No;0.0;-7.0;0.25;-7.12;0.39;-7.2;0.47;-7.25;0.51;-7.27;0.54;-7.25;0.55;-7.25;0.55;-7.27;CACC
4842;21.0;27.0;0.7;10;100;7;Successful;Effective;No;No;No;No;No;No;0.0;-7.0;0.25;-7.12;0.39;-7.2;0.47;-7.25;0.51;-7.27;0.54;-7.25;0.55;-7.25;0.55;-7.27;CACC
4843;21.0;27.0;0.7;5;80;8;Successful;Effective;No;No;No;No;No;No;0.0;-7.99;0.2;-8.13;0.32;-8.21;0.38;-8.26;0.41;-8.28;0.43;-8.25;0.44;-8.25;0.44;-8.27;CACC
4844;21.0;27.0;0.7;8;80;8;Successful;Effective;No;No;No;No;No;No;0.0;-7.99;0.2;-8.13;0.32;-8.21;0.38;-8.26;0.41;-8.28;0.43;-8.25;0.44;-8.25;0.44;-8.27;CACC
4845;21.0;27.0;0.7;10;80;8;Successful;Effective;No;No;No;No;No;No;0.0;-7.99;0.2;-8.13;0.32;-8.21;0.38;-8.26;0.41;-8.28;0.43;-8.25;0.44;-8.25;0.44;-8.27;CACC
4846;21.0;27.0;0.7;5;100;8;Successful;Effective;No;No;No;No;No;No;0.0;-8.0;0.25;-8.13;0.39;-8.22;0.47;-8.28;0.51;-8.3;0.54;-8.27;0.55;-8.27;0.55;-8.29;CACC
4847;21.0;27.0;0.7;8;100;8;Successful;Effective;No;No;No;No;No;No;0.0;-8.0;0.25;-8.13;0.39;-8.22;0.47;-8.28;0.51;-8.3;0.54;-8.27;0.55;-8.27;0.55;-8.29;CACC
4848;21.0;27.0;0.7;10;100;8;Successful;Effective;No;No;No;No;No;No;0.0;-8.0;0.25;-8.13;0.39;-8.22;0.47;-8.28;0.51;-8.3;0.54;-8.27;0.55;-8.27;0.55;-8.29;CACC
4849;21.0;27.0;0.8;5;80;5;Successful;Effective;No;No;No;No;No;No;0.0;-5.0;0.2;-5.08;0.32;-5.15;0.38;-5.19;0.41;-5.2;0.43;-5.19;0.44;-5.19;0.44;-5.2;CACC
4850;21.0;27.0;0.8;8;80;5;Successful;Effective;No;No;No;No;No;No;0.0;-5.0;0.2;-5.08;0.32;-5.15;0.38;-5.19;0.41;-5.2;0.43;-5.19;0.44;-5.19;0.44;-5.2;CACC
4851;21.0;27.0;0.8;10;80;5;Successful;Effective;No;No;No;No;No;No;0.0;-5.0;0.2;-5.08;0.32;-5.15;0.38;-5.19;0.41;-5.2;0.43;-5.19;0.44;-5.19;0.44;-5.2;CACC
4852;21.0;27.0;0.8;5;100;5;Successful;Effective;No;No;No;No;No;No;0.0;-5.0;0.25;-5.09;0.39;-5.16;0.47;-5.2;0.51;-5.22;0.54;-5.21;0.55;-5.21;0.55;-5.22;CACC
4853;21.0;27.0;0.8;8;100;5;Successful;Effective;No;No;No;No;No;No;0.0;-5.0;0.25;-5.09;0.39;-5.16;0.47;-5.2;0.51;-5.22;0.54;-5.21;0.55;-5.21;0.55;-5.22;CACC
4854;21.0;27.0;0.8;10;100;5;Successful;Effective;No;No;No;No;No;No;0.0;-5.0;0.25;-5.09;0.39;-5.16;0.47;-5.2;0.51;-5.22;0.54;-5.21;0.55;-5.21;0.55;-5.22;CACC
4855;21.0;27.0;0.8;5;80;6;Successful;Effective;No;No;No;No;No;No;0.0;-6.0;0.2;-6.1;0.32;-6.17;0.38;-6.21;0.41;-6.23;0.43;-6.21;0.44;-6.21;0.44;-6.22;CACC
4856;21.0;27.0;0.8;8;80;6;Successful;Effective;No;No;No;No;No;No;0.0;-6.0;0.2;-6.1;0.32;-6.17;0.38;-6.21;0.41;-6.23;0.43;-6.21;0.44;-6.21;0.44;-6.22;CACC
4857;21.0;27.0;0.8;10;80;6;Successful;Effective;No;No;No;No;No;No;0.0;-6.0;0.2;-6.1;0.32;-6.17;0.38;-6.21;0.41;-6.23;0.43;-6.21;0.44;-6.21;0.44;-6.22;CACC
4858;21.0;27.0;0.8;5;100;6;Successful;Effective;No;No;No;No;No;No;0.0;-6.0;0.25;-6.1;0.39;-6.18;0.47;-6.22;0.51;-6.25;0.54;-6.23;0.55;-6.23;0.55;-6.25;CACC
4859;21.0;27.0;0.8;8;100;6;Successful;Effective;No;No;No;No;No;No;0.0;-6.0;0.25;-6.1;0.39;-6.18;0.47;-6.22;0.51;-6.25;0.54;-6.23;0.55;-6.23;0.55;-6.25;CACC
4860;21.0;27.0;0.8;10;100;6;Successful;Effective;No;No;No;No;No;No;0.0;-6.0;0.25;-6.1;0.39;-6.18;0.47;-6.22;0.51;-6.25;0.54;-6.23;0.55;-6.23;0.55;-6.25;CACC
4861;21.0;27.0;0.8;5;80;7;Successful;Effective;No;No;No;No;No;No;0.0;-7.0;0.2;-7.11;0.32;-7.19;0.38;-7.24;0.41;-7.26;0.43;-7.23;0.44;-7.23;0.44;-7.25;CACC
4862;21.0;27.0;0.8;8;80;7;Successful;Effective;No;No;No;No;No;No;0.0;-7.0;0.2;-7.11;0.32;-7.19;0.38;-7.24;0.41;-7.26;0.43;-7.23;0.44;-7.23;0.44;-7.25;CACC
4863;21.0;27.0;0.8;10;80;7;Successful;Effective;No;No;No;No;No;No;0.0;-7.0;0.2;-7.11;0.32;-7.19;0.38;-7.24;0.41;-7.26;0.43;-7.23;0.44;-7.23;0.44;-7.25;CACC
4864;21.0;27.0;0.8;5;100;7;Successful;Effective;No;No;No;No;No;No;0.0;-7.0;0.25;-7.12;0.39;-7.2;0.47;-7.25;0.51;-7.27;0.54;-7.25;0.55;-7.25;0.55;-7.27;CACC
4865;21.0;27.0;0.8;8;100;7;Successful;Effective;No;No;No;No;No;No;0.0;-7.0;0.25;-7.12;0.39;-7.2;0.47;-7.25;0.51;-7.27;0.54;-7.25;0.55;-7.25;0.55;-7.27;CACC
4866;21.0;27.0;0.8;10;100;7;Successful;Effective;No;No;No;No;No;No;0.0;-7.0;0.25;-7.12;0.39;-7.2;0.47;-7.25;0.51;-7.27;0.54;-7.25;0.55;-7.25;0.55;-7.27;CACC
4867;21.0;27.0;0.8;5;80;8;Successful;Effective;No;No;No;No;No;No;0.0;-7.99;0.2;-8.13;0.32;-8.21;0.38;-8.26;0.41;-8.28;0.43;-8.25;0.44;-8.25;0.44;-8.27;CACC
4868;21.0;27.0;0.8;8;80;8;Successful;Effective;No;No;No;No;No;No;0.0;-7.99;0.2;-8.13;0.32;-8.21;0.38;-8.26;0.41;-8.28;0.43;-8.25;0.44;-8.25;0.44;-8.27;CACC
4869;21.0;27.0;0.8;10;80;8;Successful;Effective;No;No;No;No;No;No;0.0;-7.99;0.2;-8.13;0.32;-8.21;0.38;-8.26;0.41;-8.28;0.43;-8.25;0.44;-8.25;0.44;-8.27;CACC
4870;21.0;27.0;0.8;5;100;8;Successful;Effective;No;No;No;No;No;No;0.0;-8.0;0.25;-8.13;0.39;-8.22;0.47;-8.28;0.51;-8.3;0.54;-8.27;0.55;-8.27;0.55;-8.29;CACC
4871;21.0;27.0;0.8;8;100;8;Successful;Effective;No;No;No;No;No;No;0.0;-8.0;0.25;-8.13;0.39;-8.22;0.47;-8.28;0.51;-8.3;0.54;-8.27;0.55;-8.27;0.55;-8.29;CACC
4872;21.0;27.0;0.8;10;100;8;Successful;Effective;No;No;No;No;No;No;0.0;-8.0;0.25;-8.13;0.39;-8.22;0.47;-8.28;0.51;-8.3;0.54;-8.27;0.55;-8.27;0.55;-8.29;CACC
4873;21.0;27.0;0.9;5;80;5;Successful;Effective;No;No;No;No;No;No;0.0;-5.0;0.2;-5.08;0.32;-5.15;0.38;-5.19;0.41;-5.2;0.43;-5.19;0.44;-5.19;0.44;-5.2;CACC
4874;21.0;27.0;0.9;8;80;5;Successful;Effective;No;No;No;No;No;No;0.0;-5.0;0.2;-5.08;0.32;-5.15;0.38;-5.19;0.41;-5.2;0.43;-5.19;0.44;-5.19;0.44;-5.2;CACC
4875;21.0;27.0;0.9;10;80;5;Successful;Effective;No;No;No;No;No;No;0.0;-5.0;0.2;-5.08;0.32;-5.15;0.38;-5.19;0.41;-5.2;0.43;-5.19;0.44;-5.19;0.44;-5.2;CACC
4876;21.0;27.0;0.9;5;100;5;Successful;Effective;No;No;No;No;No;No;0.0;-5.0;0.25;-5.09;0.39;-5.16;0.47;-5.2;0.51;-5.22;0.54;-5.21;0.55;-5.21;0.55;-5.22;CACC
4877;21.0;27.0;0.9;8;100;5;Successful;Effective;No;No;No;No;No;No;0.0;-5.0;0.25;-5.09;0.39;-5.16;0.47;-5.2;0.51;-5.22;0.54;-5.21;0.55;-5.21;0.55;-5.22;CACC
4878;21.0;27.0;0.9;10;100;5;Successful;Effective;No;No;No;No;No;No;0.0;-5.0;0.25;-5.09;0.39;-5.16;0.47;-5.2;0.51;-5.22;0.54;-5.21;0.55;-5.21;0.55;-5.22;CACC
4879;21.0;27.0;0.9;5;80;6;Successful;Effective;No;No;No;No;No;No;0.0;-6.0;0.2;-6.1;0.32;-6.17;0.38;-6.21;0.41;-6.23;0.43;-6.21;0.44;-6.21;0.44;-6.22;CACC
4880;21.0;27.0;0.9;8;80;6;Successful;Effective;No;No;No;No;No;No;0.0;-6.0;0.2;-6.1;0.32;-6.17;0.38;-6.21;0.41;-6.23;0.43;-6.21;0.44;-6.21;0.44;-6.22;CACC
4881;21.0;27.0;0.9;10;80;6;Successful;Effective;No;No;No;No;No;No;0.0;-6.0;0.2;-6.1;0.32;-6.17;0.38;-6.21;0.41;-6.23;0.43;-6.21;0.44;-6.21;0.44;-6.22;CACC
4882;21.0;27.0;0.9;5;100;6;Successful;Effective;No;No;No;No;No;No;0.0;-6.0;0.25;-6.1;0.39;-6.18;0.47;-6.22;0.51;-6.25;0.54;-6.23;0.55;-6.23;0.55;-6.25;CACC
4883;21.0;27.0;0.9;8;100;6;Successful;Effective;No;No;No;No;No;No;0.0;-6.0;0.25;-6.1;0.39;-6.18;0.47;-6.22;0.51;-6.25;0.54;-6.23;0.55;-6.23;0.55;-6.25;CACC
4884;21.0;27.0;0.9;10;100;6;Successful;Effective;No;No;No;No;No;No;0.0;-6.0;0.25;-6.1;0.39;-6.18;0.47;-6.22;0.51;-6.25;0.54;-6.23;0.55;-6.23;0.55;-6.25;CACC
4885;21.0;27.0;0.9;5;80;7;Successful;Effective;No;No;No;No;No;No;0.0;-7.0;0.2;-7.11;0.32;-7.19;0.38;-7.24;0.41;-7.26;0.43;-7.23;0.44;-7.23;0.44;-7.25;CACC
4886;21.0;27.0;0.9;8;80;7;Successful;Effective;No;No;No;No;No;No;0.0;-7.0;0.2;-7.11;0.32;-7.19;0.38;-7.24;0.41;-7.26;0.43;-7.23;0.44;-7.23;0.44;-7.25;CACC
4887;21.0;27.0;0.9;10;80;7;Successful;Effective;No;No;No;No;No;No;0.0;-7.0;0.2;-7.11;0.32;-7.19;0.38;-7.24;0.41;-7.26;0.43;-7.23;0.44;-7.23;0.44;-7.25;CACC
4888;21.0;27.0;0.9;5;100;7;Successful;Effective;No;No;No;No;No;No;0.0;-7.0;0.25;-7.12;0.39;-7.2;0.47;-7.25;0.51;-7.27;0.54;-7.25;0.55;-7.25;0.55;-7.27;CACC
4889;21.0;27.0;0.9;8;100;7;Successful;Effective;No;No;No;No;No;No;0.0;-7.0;0.25;-7.12;0.39;-7.2;0.47;-7.25;0.51;-7.27;0.54;-7.25;0.55;-7.25;0.55;-7.27;CACC
4890;21.0;27.0;0.9;10;100;7;Successful;Effective;No;No;No;No;No;No;0.0;-7.0;0.25;-7.12;0.39;-7.2;0.47;-7.25;0.51;-7.27;0.54;-7.25;0.55;-7.25;0.55;-7.27;CACC
4891;21.0;27.0;0.9;5;80;8;Successful;Effective;No;No;No;No;No;No;0.0;-7.99;0.2;-8.13;0.32;-8.21;0.38;-8.26;0.41;-8.28;0.43;-8.25;0.44;-8.25;0.44;-8.27;CACC
4892;21.0;27.0;0.9;8;80;8;Successful;Effective;No;No;No;No;No;No;0.0;-7.99;0.2;-8.13;0.32;-8.21;0.38;-8.26;0.41;-8.28;0.43;-8.25;0.44;-8.25;0.44;-8.27;CACC
4893;21.0;27.0;0.9;10;80;8;Successful;Effective;No;No;No;No;No;No;0.0;-7.99;0.2;-8.13;0.32;-8.21;0.38;-8.26;0.41;-8.28;0.43;-8.25;0.44;-8.25;0.44;-8.27;CACC
4894;21.0;27.0;0.9;5;100;8;Successful;Effective;No;No;No;No;No;No;0.0;-8.0;0.25;-8.13;0.39;-8.22;0.47;-8.28;0.51;-8.3;0.54;-8.27;0.55;-8.27;0.55;-8.29;CACC
4895;21.0;27.0;0.9;8;100;8;Successful;Effective;No;No;No;No;No;No;0.0;-8.0;0.25;-8.13;0.39;-8.22;0.47;-8.28;0.51;-8.3;0.54;-8.27;0.55;-8.27;0.55;-8.29;CACC
4896;21.0;27.0;0.9;10;100;8;Successful;Effective;No;No;No;No;No;No;0.0;-8.0;0.25;-8.13;0.39;-8.22;0.47;-8.28;0.51;-8.3;0.54;-8.27;0.55;-8.27;0.55;-8.29;CACC
4897;21.1;27.1;0.6;5;80;5;Successful;Effective;No;No;No;No;No;No;0.0;-5.0;0.2;-5.08;0.32;-5.15;0.38;-5.19;0.41;-5.2;0.43;-5.19;0.44;-5.19;0.44;-5.2;CACC
4898;21.1;27.1;0.6;8;80;5;Successful;Effective;No;No;No;No;No;No;0.0;-5.0;0.2;-5.08;0.32;-5.15;0.38;-5.19;0.41;-5.2;0.43;-5.19;0.44;-5.19;0.44;-5.2;CACC
4899;21.1;27.1;0.6;10;80;5;Successful;Effective;No;No;No;No;No;No;0.0;-5.0;0.2;-5.08;0.32;-5.15;0.38;-5.19;0.41;-5.2;0.43;-5.19;0.44;-5.19;0.44;-5.2;CACC
4900;21.1;27.1;0.6;5;100;5;Successful;Effective;No;No;No;No;No;No;0.0;-5.0;0.25;-5.09;0.39;-5.16;0.47;-5.2;0.51;-5.22;0.54;-5.21;0.55;-5.21;0.55;-5.22;CACC
4901;21.1;27.1;0.6;8;100;5;Successful;Effective;No;No;No;No;No;No;0.0;-5.0;0.25;-5.09;0.39;-5.16;0.47;-5.2;0.51;-5.22;0.54;-5.21;0.55;-5.21;0.55;-5.22;CACC
4902;21.1;27.1;0.6;10;100;5;Successful;Effective;No;No;No;No;No;No;0.0;-5.0;0.25;-5.09;0.39;-5.16;0.47;-5.2;0.51;-5.22;0.54;-5.21;0.55;-5.21;0.55;-5.22;CACC
4903;21.1;27.1;0.6;5;80;6;Successful;Effective;No;No;No;No;No;No;0.0;-6.0;0.2;-6.1;0.32;-6.17;0.38;-6.21;0.41;-6.23;0.43;-6.21;0.44;-6.21;0.44;-6.22;CACC
4904;21.1;27.1;0.6;8;80;6;Successful;Effective;No;No;No;No;No;No;0.0;-6.0;0.2;-6.1;0.32;-6.17;0.38;-6.21;0.41;-6.23;0.43;-6.21;0.44;-6.21;0.44;-6.22;CACC
4905;21.1;27.1;0.6;10;80;6;Successful;Effective;No;No;No;No;No;No;0.0;-6.0;0.2;-6.1;0.32;-6.17;0.38;-6.21;0.41;-6.23;0.43;-6.21;0.44;-6.21;0.44;-6.22;CACC
4906;21.1;27.1;0.6;5;100;6;Successful;Effective;No;No;No;No;No;No;0.0;-6.0;0.25;-6.1;0.39;-6.18;0.47;-6.22;0.51;-6.25;0.54;-6.23;0.55;-6.23;0.55;-6.25;CACC
4907;21.1;27.1;0.6;8;100;6;Successful;Effective;No;No;No;No;No;No;0.0;-6.0;0.25;-6.1;0.39;-6.18;0.47;-6.22;0.51;-6.25;0.54;-6.23;0.55;-6.23;0.55;-6.25;CACC
4908;21.1;27.1;0.6;10;100;6;Successful;Effective;No;No;No;No;No;No;0.0;-6.0;0.25;-6.1;0.39;-6.18;0.47;-6.22;0.51;-6.25;0.54;-6.23;0.55;-6.23;0.55;-6.25;CACC
4909;21.1;27.1;0.6;5;80;7;Successful;Effective;No;No;No;No;No;No;0.0;-7.0;0.2;-7.11;0.32;-7.19;0.38;-7.24;0.41;-7.26;0.43;-7.23;0.44;-7.23;0.44;-7.25;CACC
4910;21.1;27.1;0.6;8;80;7;Successful;Effective;No;No;No;No;No;No;0.0;-7.0;0.2;-7.11;0.32;-7.19;0.38;-7.24;0.41;-7.26;0.43;-7.23;0.44;-7.23;0.44;-7.25;CACC
4911;21.1;27.1;0.6;10;80;7;Successful;Effective;No;No;No;No;No;No;0.0;-7.0;0.2;-7.11;0.32;-7.19;0.38;-7.24;0.41;-7.26;0.43;-7.23;0.44;-7.23;0.44;-7.25;CACC
4912;21.1;27.1;0.6;5;100;7;Successful;Effective;No;No;No;No;No;No;0.0;-7.0;0.25;-7.12;0.39;-7.2;0.47;-7.25;0.51;-7.27;0.54;-7.25;0.55;-7.25;0.55;-7.27;CACC
4913;21.1;27.1;0.6;8;100;7;Successful;Effective;No;No;No;No;No;No;0.0;-7.0;0.25;-7.12;0.39;-7.2;0.47;-7.25;0.51;-7.27;0.54;-7.25;0.55;-7.25;0.55;-7.27;CACC
4914;21.1;27.1;0.6;10;100;7;Successful;Effective;No;No;No;No;No;No;0.0;-7.0;0.25;-7.12;0.39;-7.2;0.47;-7.25;0.51;-7.27;0.54;-7.25;0.55;-7.25;0.55;-7.27;CACC
4915;21.1;27.1;0.6;5;80;8;Successful;Effective;No;No;No;No;No;No;0.0;-7.99;0.2;-8.13;0.32;-8.21;0.38;-8.26;0.41;-8.28;0.43;-8.25;0.44;-8.25;0.44;-8.27;CACC
4916;21.1;27.1;0.6;8;80;8;Successful;Effective;No;No;No;No;No;No;0.0;-7.99;0.2;-8.13;0.32;-8.21;0.38;-8.26;0.41;-8.28;0.43;-8.25;0.44;-8.25;0.44;-8.27;CACC
4917;21.1;27.1;0.6;10;80;8;Successful;Effective;No;No;No;No;No;No;0.0;-7.99;0.2;-8.13;0.32;-8.21;0.38;-8.26;0.41;-8.28;0.43;-8.25;0.44;-8.25;0.44;-8.27;CACC
4918;21.1;27.1;0.6;5;100;8;Successful;Effective;No;No;No;No;No;No;0.0;-8.0;0.25;-8.13;0.39;-8.22;0.47;-8.28;0.51;-8.3;0.54;-8.27;0.55;-8.27;0.55;-8.29;CACC
4919;21.1;27.1;0.6;8;100;8;Successful;Effective;No;No;No;No;No;No;0.0;-8.0;0.25;-8.13;0.39;-8.22;0.47;-8.28;0.51;-8.3;0.54;-8.27;0.55;-8.27;0.55;-8.29;CACC
4920;21.1;27.1;0.6;10;100;8;Successful;Effective;No;No;No;No;No;No;0.0;-8.0;0.25;-8.13;0.39;-8.22;0.47;-8.28;0.51;-8.3;0.54;-8.27;0.55;-8.27;0.55;-8.29;CACC
4921;21.1;27.1;0.7;5;80;5;Successful;Effective;No;No;No;No;No;No;0.0;-5.0;0.2;-5.08;0.32;-5.15;0.38;-5.19;0.41;-5.2;0.43;-5.19;0.44;-5.19;0.44;-5.2;CACC
4922;21.1;27.1;0.7;8;80;5;Successful;Effective;No;No;No;No;No;No;0.0;-5.0;0.2;-5.08;0.32;-5.15;0.38;-5.19;0.41;-5.2;0.43;-5.19;0.44;-5.19;0.44;-5.2;CACC
4923;21.1;27.1;0.7;10;80;5;Successful;Effective;No;No;No;No;No;No;0.0;-5.0;0.2;-5.08;0.32;-5.15;0.38;-5.19;0.41;-5.2;0.43;-5.19;0.44;-5.19;0.44;-5.2;CACC
4924;21.1;27.1;0.7;5;100;5;Successful;Effective;No;No;No;No;No;No;0.0;-5.0;0.25;-5.09;0.39;-5.16;0.47;-5.2;0.51;-5.22;0.54;-5.21;0.55;-5.21;0.55;-5.22;CACC
4925;21.1;27.1;0.7;8;100;5;Successful;Effective;No;No;No;No;No;No;0.0;-5.0;0.25;-5.09;0.39;-5.16;0.47;-5.2;0.51;-5.22;0.54;-5.21;0.55;-5.21;0.55;-5.22;CACC
4926;21.1;27.1;0.7;10;100;5;Successful;Effective;No;No;No;No;No;No;0.0;-5.0;0.25;-5.09;0.39;-5.16;0.47;-5.2;0.51;-5.22;0.54;-5.21;0.55;-5.21;0.55;-5.22;CACC
4927;21.1;27.1;0.7;5;80;6;Successful;Effective;No;No;No;No;No;No;0.0;-6.0;0.2;-6.1;0.32;-6.17;0.38;-6.21;0.41;-6.23;0.43;-6.21;0.44;-6.21;0.44;-6.22;CACC
4928;21.1;27.1;0.7;8;80;6;Successful;Effective;No;No;No;No;No;No;0.0;-6.0;0.2;-6.1;0.32;-6.17;0.38;-6.21;0.41;-6.23;0.43;-6.21;0.44;-6.21;0.44;-6.22;CACC
4929;21.1;27.1;0.7;10;80;6;Successful;Effective;No;No;No;No;No;No;0.0;-6.0;0.2;-6.1;0.32;-6.17;0.38;-6.21;0.41;-6.23;0.43;-6.21;0.44;-6.21;0.44;-6.22;CACC
4930;21.1;27.1;0.7;5;100;6;Successful;Effective;No;No;No;No;No;No;0.0;-6.0;0.25;-6.1;0.39;-6.18;0.47;-6.22;0.51;-6.25;0.54;-6.23;0.55;-6.23;0.55;-6.25;CACC
4931;21.1;27.1;0.7;8;100;6;Successful;Effective;No;No;No;No;No;No;0.0;-6.0;0.25;-6.1;0.39;-6.18;0.47;-6.22;0.51;-6.25;0.54;-6.23;0.55;-6.23;0.55;-6.25;CACC
4932;21.1;27.1;0.7;10;100;6;Successful;Effective;No;No;No;No;No;No;0.0;-6.0;0.25;-6.1;0.39;-6.18;0.47;-6.22;0.51;-6.25;0.54;-6.23;0.55;-6.23;0.55;-6.25;CACC
4933;21.1;27.1;0.7;5;80;7;Successful;Effective;No;No;No;No;No;No;0.0;-7.0;0.2;-7.11;0.32;-7.19;0.38;-7.24;0.41;-7.26;0.43;-7.23;0.44;-7.23;0.44;-7.25;CACC
4934;21.1;27.1;0.7;8;80;7;Successful;Effective;No;No;No;No;No;No;0.0;-7.0;0.2;-7.11;0.32;-7.19;0.38;-7.24;0.41;-7.26;0.43;-7.23;0.44;-7.23;0.44;-7.25;CACC
4935;21.1;27.1;0.7;10;80;7;Successful;Effective;No;No;No;No;No;No;0.0;-7.0;0.2;-7.11;0.32;-7.19;0.38;-7.24;0.41;-7.26;0.43;-7.23;0.44;-7.23;0.44;-7.25;CACC
4936;21.1;27.1;0.7;5;100;7;Successful;Effective;No;No;No;No;No;No;0.0;-7.0;0.25;-7.12;0.39;-7.2;0.47;-7.25;0.51;-7.27;0.54;-7.25;0.55;-7.25;0.55;-7.27;CACC
4937;21.1;27.1;0.7;8;100;7;Successful;Effective;No;No;No;No;No;No;0.0;-7.0;0.25;-7.12;0.39;-7.2;0.47;-7.25;0.51;-7.27;0.54;-7.25;0.55;-7.25;0.55;-7.27;CACC
4938;21.1;27.1;0.7;10;100;7;Successful;Effective;No;No;No;No;No;No;0.0;-7.0;0.25;-7.12;0.39;-7.2;0.47;-7.25;0.51;-7.27;0.54;-7.25;0.55;-7.25;0.55;-7.27;CACC
4939;21.1;27.1;0.7;5;80;8;Successful;Effective;No;No;No;No;No;No;0.0;-7.99;0.2;-8.13;0.32;-8.21;0.38;-8.26;0.41;-8.28;0.43;-8.25;0.44;-8.25;0.44;-8.27;CACC
4940;21.1;27.1;0.7;8;80;8;Successful;Effective;No;No;No;No;No;No;0.0;-7.99;0.2;-8.13;0.32;-8.21;0.38;-8.26;0.41;-8.28;0.43;-8.25;0.44;-8.25;0.44;-8.27;CACC
4941;21.1;27.1;0.7;10;80;8;Successful;Effective;No;No;No;No;No;No;0.0;-7.99;0.2;-8.13;0.32;-8.21;0.38;-8.26;0.41;-8.28;0.43;-8.25;0.44;-8.25;0.44;-8.27;CACC
4942;21.1;27.1;0.7;5;100;8;Successful;Effective;No;No;No;No;No;No;0.0;-8.0;0.25;-8.13;0.39;-8.22;0.47;-8.28;0.51;-8.3;0.54;-8.27;0.55;-8.27;0.55;-8.29;CACC
4943;21.1;27.1;0.7;8;100;8;Successful;Effective;No;No;No;No;No;No;0.0;-8.0;0.25;-8.13;0.39;-8.22;0.47;-8.28;0.51;-8.3;0.54;-8.27;0.55;-8.27;0.55;-8.29;CACC
4944;21.1;27.1;0.7;10;100;8;Successful;Effective;No;No;No;No;No;No;0.0;-8.0;0.25;-8.13;0.39;-8.22;0.47;-8.28;0.51;-8.3;0.54;-8.27;0.55;-8.27;0.55;-8.29;CACC
4945;21.1;27.1;0.8;5;80;5;Successful;Effective;No;No;No;No;No;No;0.0;-5.0;0.2;-5.08;0.32;-5.15;0.38;-5.19;0.41;-5.2;0.43;-5.19;0.44;-5.19;0.44;-5.2;CACC
4946;21.1;27.1;0.8;8;80;5;Successful;Effective;No;No;No;No;No;No;0.0;-5.0;0.2;-5.08;0.32;-5.15;0.38;-5.19;0.41;-5.2;0.43;-5.19;0.44;-5.19;0.44;-5.2;CACC
4947;21.1;27.1;0.8;10;80;5;Successful;Effective;No;No;No;No;No;No;0.0;-5.0;0.2;-5.08;0.32;-5.15;0.38;-5.19;0.41;-5.2;0.43;-5.19;0.44;-5.19;0.44;-5.2;CACC
4948;21.1;27.1;0.8;5;100;5;Successful;Effective;No;No;No;No;No;No;0.0;-5.0;0.25;-5.09;0.39;-5.16;0.47;-5.2;0.51;-5.22;0.54;-5.21;0.55;-5.21;0.55;-5.22;CACC
4949;21.1;27.1;0.8;8;100;5;Successful;Effective;No;No;No;No;No;No;0.0;-5.0;0.25;-5.09;0.39;-5.16;0.47;-5.2;0.51;-5.22;0.54;-5.21;0.55;-5.21;0.55;-5.22;CACC
4950;21.1;27.1;0.8;10;100;5;Successful;Effective;No;No;No;No;No;No;0.0;-5.0;0.25;-5.09;0.39;-5.16;0.47;-5.2;0.51;-5.22;0.54;-5.21;0.55;-5.21;0.55;-5.22;CACC
4951;21.1;27.1;0.8;5;80;6;Successful;Effective;No;No;No;No;No;No;0.0;-6.0;0.2;-6.1;0.32;-6.17;0.38;-6.21;0.41;-6.23;0.43;-6.21;0.44;-6.21;0.44;-6.22;CACC
4952;21.1;27.1;0.8;8;80;6;Successful;Effective;No;No;No;No;No;No;0.0;-6.0;0.2;-6.1;0.32;-6.17;0.38;-6.21;0.41;-6.23;0.43;-6.21;0.44;-6.21;0.44;-6.22;CACC
4953;21.1;27.1;0.8;10;80;6;Successful;Effective;No;No;No;No;No;No;0.0;-6.0;0.2;-6.1;0.32;-6.17;0.38;-6.21;0.41;-6.23;0.43;-6.21;0.44;-6.21;0.44;-6.22;CACC
4954;21.1;27.1;0.8;5;100;6;Successful;Effective;No;No;No;No;No;No;0.0;-6.0;0.25;-6.1;0.39;-6.18;0.47;-6.22;0.51;-6.25;0.54;-6.23;0.55;-6.23;0.55;-6.25;CACC
4955;21.1;27.1;0.8;8;100;6;Successful;Effective;No;No;No;No;No;No;0.0;-6.0;0.25;-6.1;0.39;-6.18;0.47;-6.22;0.51;-6.25;0.54;-6.23;0.55;-6.23;0.55;-6.25;CACC
4956;21.1;27.1;0.8;10;100;6;Successful;Effective;No;No;No;No;No;No;0.0;-6.0;0.25;-6.1;0.39;-6.18;0.47;-6.22;0.51;-6.25;0.54;-6.23;0.55;-6.23;0.55;-6.25;CACC
4957;21.1;27.1;0.8;5;80;7;Successful;Effective;No;No;No;No;No;No;0.0;-7.0;0.2;-7.11;0.32;-7.19;0.38;-7.24;0.41;-7.26;0.43;-7.23;0.44;-7.23;0.44;-7.25;CACC
4958;21.1;27.1;0.8;8;80;7;Successful;Effective;No;No;No;No;No;No;0.0;-7.0;0.2;-7.11;0.32;-7.19;0.38;-7.24;0.41;-7.26;0.43;-7.23;0.44;-7.23;0.44;-7.25;CACC
4959;21.1;27.1;0.8;10;80;7;Successful;Effective;No;No;No;No;No;No;0.0;-7.0;0.2;-7.11;0.32;-7.19;0.38;-7.24;0.41;-7.26;0.43;-7.23;0.44;-7.23;0.44;-7.25;CACC
4960;21.1;27.1;0.8;5;100;7;Successful;Effective;No;No;No;No;No;No;0.0;-7.0;0.25;-7.12;0.39;-7.2;0.47;-7.25;0.51;-7.27;0.54;-7.25;0.55;-7.25;0.55;-7.27;CACC
4961;21.1;27.1;0.8;8;100;7;Successful;Effective;No;No;No;No;No;No;0.0;-7.0;0.25;-7.12;0.39;-7.2;0.47;-7.25;0.51;-7.27;0.54;-7.25;0.55;-7.25;0.55;-7.27;CACC
4962;21.1;27.1;0.8;10;100;7;Successful;Effective;No;No;No;No;No;No;0.0;-7.0;0.25;-7.12;0.39;-7.2;0.47;-7.25;0.51;-7.27;0.54;-7.25;0.55;-7.25;0.55;-7.27;CACC
4963;21.1;27.1;0.8;5;80;8;Successful;Effective;No;No;No;No;No;No;0.0;-7.99;0.2;-8.13;0.32;-8.21;0.38;-8.26;0.41;-8.28;0.43;-8.25;0.44;-8.25;0.44;-8.27;CACC
4964;21.1;27.1;0.8;8;80;8;Successful;Effective;No;No;No;No;No;No;0.0;-7.99;0.2;-8.13;0.32;-8.21;0.38;-8.26;0.41;-8.28;0.43;-8.25;0.44;-8.25;0.44;-8.27;CACC
4965;21.1;27.1;0.8;10;80;8;Successful;Effective;No;No;No;No;No;No;0.0;-7.99;0.2;-8.13;0.32;-8.21;0.38;-8.26;0.41;-8.28;0.43;-8.25;0.44;-8.25;0.44;-8.27;CACC
4966;21.1;27.1;0.8;5;100;8;Successful;Effective;No;No;No;No;No;No;0.0;-8.0;0.25;-8.13;0.39;-8.22;0.47;-8.28;0.51;-8.3;0.54;-8.27;0.55;-8.27;0.55;-8.29;CACC
4967;21.1;27.1;0.8;8;100;8;Successful;Effective;No;No;No;No;No;No;0.0;-8.0;0.25;-8.13;0.39;-8.22;0.47;-8.28;0.51;-8.3;0.54;-8.27;0.55;-8.27;0.55;-8.29;CACC
4968;21.1;27.1;0.8;10;100;8;Successful;Effective;No;No;No;No;No;No;0.0;-8.0;0.25;-8.13;0.39;-8.22;0.47;-8.28;0.51;-8.3;0.54;-8.27;0.55;-8.27;0.55;-8.29;CACC
4969;21.1;27.1;0.9;5;80;5;Successful;Effective;No;No;No;No;No;No;0.0;-5.0;0.2;-5.08;0.32;-5.15;0.38;-5.19;0.41;-5.2;0.43;-5.19;0.44;-5.19;0.44;-5.2;CACC
4970;21.1;27.1;0.9;8;80;5;Successful;Effective;No;No;No;No;No;No;0.0;-5.0;0.2;-5.08;0.32;-5.15;0.38;-5.19;0.41;-5.2;0.43;-5.19;0.44;-5.19;0.44;-5.2;CACC
4971;21.1;27.1;0.9;10;80;5;Successful;Effective;No;No;No;No;No;No;0.0;-5.0;0.2;-5.08;0.32;-5.15;0.38;-5.19;0.41;-5.2;0.43;-5.19;0.44;-5.19;0.44;-5.2;CACC
4972;21.1;27.1;0.9;5;100;5;Successful;Effective;No;No;No;No;No;No;0.0;-5.0;0.25;-5.09;0.39;-5.16;0.47;-5.2;0.51;-5.22;0.54;-5.21;0.55;-5.21;0.55;-5.22;CACC
4973;21.1;27.1;0.9;8;100;5;Successful;Effective;No;No;No;No;No;No;0.0;-5.0;0.25;-5.09;0.39;-5.16;0.47;-5.2;0.51;-5.22;0.54;-5.21;0.55;-5.21;0.55;-5.22;CACC
4974;21.1;27.1;0.9;10;100;5;Successful;Effective;No;No;No;No;No;No;0.0;-5.0;0.25;-5.09;0.39;-5.16;0.47;-5.2;0.51;-5.22;0.54;-5.21;0.55;-5.21;0.55;-5.22;CACC
4975;21.1;27.1;0.9;5;80;6;Successful;Effective;No;No;No;No;No;No;0.0;-6.0;0.2;-6.1;0.32;-6.17;0.38;-6.21;0.41;-6.23;0.43;-6.21;0.44;-6.21;0.44;-6.22;CACC
4976;21.1;27.1;0.9;8;80;6;Successful;Effective;No;No;No;No;No;No;0.0;-6.0;0.2;-6.1;0.32;-6.17;0.38;-6.21;0.41;-6.23;0.43;-6.21;0.44;-6.21;0.44;-6.22;CACC
4977;21.1;27.1;0.9;10;80;6;Successful;Effective;No;No;No;No;No;No;0.0;-6.0;0.2;-6.1;0.32;-6.17;0.38;-6.21;0.41;-6.23;0.43;-6.21;0.44;-6.21;0.44;-6.22;CACC
4978;21.1;27.1;0.9;5;100;6;Successful;Effective;No;No;No;No;No;No;0.0;-6.0;0.25;-6.1;0.39;-6.18;0.47;-6.22;0.51;-6.25;0.54;-6.23;0.55;-6.23;0.55;-6.25;CACC
4979;21.1;27.1;0.9;8;100;6;Successful;Effective;No;No;No;No;No;No;0.0;-6.0;0.25;-6.1;0.39;-6.18;0.47;-6.22;0.51;-6.25;0.54;-6.23;0.55;-6.23;0.55;-6.25;CACC
4980;21.1;27.1;0.9;10;100;6;Successful;Effective;No;No;No;No;No;No;0.0;-6.0;0.25;-6.1;0.39;-6.18;0.47;-6.22;0.51;-6.25;0.54;-6.23;0.55;-6.23;0.55;-6.25;CACC
4981;21.1;27.1;0.9;5;80;7;Successful;Effective;No;No;No;No;No;No;0.0;-7.0;0.2;-7.11;0.32;-7.19;0.38;-7.24;0.41;-7.26;0.43;-7.23;0.44;-7.23;0.44;-7.25;CACC
4982;21.1;27.1;0.9;8;80;7;Successful;Effective;No;No;No;No;No;No;0.0;-7.0;0.2;-7.11;0.32;-7.19;0.38;-7.24;0.41;-7.26;0.43;-7.23;0.44;-7.23;0.44;-7.25;CACC
4983;21.1;27.1;0.9;10;80;7;Successful;Effective;No;No;No;No;No;No;0.0;-7.0;0.2;-7.11;0.32;-7.19;0.38;-7.24;0.41;-7.26;0.43;-7.23;0.44;-7.23;0.44;-7.25;CACC
4984;21.1;27.1;0.9;5;100;7;Successful;Effective;No;No;No;No;No;No;0.0;-7.0;0.25;-7.12;0.39;-7.2;0.47;-7.25;0.51;-7.27;0.54;-7.25;0.55;-7.25;0.55;-7.27;CACC
4985;21.1;27.1;0.9;8;100;7;Successful;Effective;No;No;No;No;No;No;0.0;-7.0;0.25;-7.12;0.39;-7.2;0.47;-7.25;0.51;-7.27;0.54;-7.25;0.55;-7.25;0.55;-7.27;CACC
4986;21.1;27.1;0.9;10;100;7;Successful;Effective;No;No;No;No;No;No;0.0;-7.0;0.25;-7.12;0.39;-7.2;0.47;-7.25;0.51;-7.27;0.54;-7.25;0.55;-7.25;0.55;-7.27;CACC
4987;21.1;27.1;0.9;5;80;8;Successful;Effective;No;No;No;No;No;No;0.0;-7.99;0.2;-8.13;0.32;-8.21;0.38;-8.26;0.41;-8.28;0.43;-8.25;0.44;-8.25;0.44;-8.27;CACC
4988;21.1;27.1;0.9;8;80;8;Successful;Effective;No;No;No;No;No;No;0.0;-7.99;0.2;-8.13;0.32;-8.21;0.38;-8.26;0.41;-8.28;0.43;-8.25;0.44;-8.25;0.44;-8.27;CACC
4989;21.1;27.1;0.9;10;80;8;Successful;Effective;No;No;No;No;No;No;0.0;-7.99;0.2;-8.13;0.32;-8.21;0.38;-8.26;0.41;-8.28;0.43;-8.25;0.44;-8.25;0.44;-8.27;CACC
4990;21.1;27.1;0.9;5;100;8;Successful;Effective;No;No;No;No;No;No;0.0;-8.0;0.25;-8.13;0.39;-8.22;0.47;-8.28;0.51;-8.3;0.54;-8.27;0.55;-8.27;0.55;-8.29;CACC
4991;21.1;27.1;0.9;8;100;8;Successful;Effective;No;No;No;No;No;No;0.0;-8.0;0.25;-8.13;0.39;-8.22;0.47;-8.28;0.51;-8.3;0.54;-8.27;0.55;-8.27;0.55;-8.29;CACC
4992;21.1;27.1;0.9;10;100;8;Successful;Effective;No;No;No;No;No;No;0.0;-8.0;0.25;-8.13;0.39;-8.22;0.47;-8.28;0.51;-8.3;0.54;-8.27;0.55;-8.27;0.55;-8.29;CACC
4993;21.2;27.2;0.6;5;80;5;Successful;Effective;No;No;No;No;No;No;0.0;-5.0;0.2;-5.08;0.32;-5.15;0.38;-5.19;0.41;-5.2;0.43;-5.19;0.44;-5.19;0.44;-5.2;CACC
4994;21.2;27.2;0.6;8;80;5;Successful;Effective;No;No;No;No;No;No;0.0;-5.0;0.2;-5.08;0.32;-5.15;0.38;-5.19;0.41;-5.2;0.43;-5.19;0.44;-5.19;0.44;-5.2;CACC
4995;21.2;27.2;0.6;10;80;5;Successful;Effective;No;No;No;No;No;No;0.0;-5.0;0.2;-5.08;0.32;-5.15;0.38;-5.19;0.41;-5.2;0.43;-5.19;0.44;-5.19;0.44;-5.2;CACC
4996;21.2;27.2;0.6;5;100;5;Successful;Effective;No;No;No;No;No;No;0.0;-5.0;0.25;-5.09;0.39;-5.16;0.47;-5.2;0.51;-5.22;0.54;-5.21;0.55;-5.21;0.55;-5.22;CACC
4997;21.2;27.2;0.6;8;100;5;Successful;Effective;No;No;No;No;No;No;0.0;-5.0;0.25;-5.09;0.39;-5.16;0.47;-5.2;0.51;-5.22;0.54;-5.21;0.55;-5.21;0.55;-5.22;CACC
4998;21.2;27.2;0.6;10;100;5;Successful;Effective;No;No;No;No;No;No;0.0;-5.0;0.25;-5.09;0.39;-5.16;0.47;-5.2;0.51;-5.22;0.54;-5.21;0.55;-5.21;0.55;-5.22;CACC
4999;21.2;27.2;0.6;5;80;6;Successful;Effective;No;No;No;No;No;No;0.0;-6.0;0.2;-6.1;0.32;-6.17;0.38;-6.21;0.41;-6.23;0.43;-6.21;0.44;-6.21;0.44;-6.22;CACC
5000;21.2;27.2;0.6;8;80;6;Successful;Effective;No;No;No;No;No;No;0.0;-6.0;0.2;-6.1;0.32;-6.17;0.38;-6.21;0.41;-6.23;0.43;-6.21;0.44;-6.21;0.44;-6.22;CACC
5001;21.2;27.2;0.6;10;80;6;Successful;Effective;No;No;No;No;No;No;0.0;-6.0;0.2;-6.1;0.32;-6.17;0.38;-6.21;0.41;-6.23;0.43;-6.21;0.44;-6.21;0.44;-6.22;CACC
5002;21.2;27.2;0.6;5;100;6;Successful;Effective;No;No;No;No;No;No;0.0;-6.0;0.25;-6.1;0.39;-6.18;0.47;-6.22;0.51;-6.25;0.54;-6.23;0.55;-6.23;0.55;-6.25;CACC
5003;21.2;27.2;0.6;8;100;6;Successful;Effective;No;No;No;No;No;No;0.0;-6.0;0.25;-6.1;0.39;-6.18;0.47;-6.22;0.51;-6.25;0.54;-6.23;0.55;-6.23;0.55;-6.25;CACC
5004;21.2;27.2;0.6;10;100;6;Successful;Effective;No;No;No;No;No;No;0.0;-6.0;0.25;-6.1;0.39;-6.18;0.47;-6.22;0.51;-6.25;0.54;-6.23;0.55;-6.23;0.55;-6.25;CACC
5005;21.2;27.2;0.6;5;80;7;Successful;Effective;No;No;No;No;No;No;0.0;-7.0;0.2;-7.11;0.32;-7.19;0.38;-7.24;0.41;-7.26;0.43;-7.23;0.44;-7.23;0.44;-7.25;CACC
5006;21.2;27.2;0.6;8;80;7;Successful;Effective;No;No;No;No;No;No;0.0;-7.0;0.2;-7.11;0.32;-7.19;0.38;-7.24;0.41;-7.26;0.43;-7.23;0.44;-7.23;0.44;-7.25;CACC
5007;21.2;27.2;0.6;10;80;7;Successful;Effective;No;No;No;No;No;No;0.0;-7.0;0.2;-7.11;0.32;-7.19;0.38;-7.24;0.41;-7.26;0.43;-7.23;0.44;-7.23;0.44;-7.25;CACC
5008;21.2;27.2;0.6;5;100;7;Successful;Effective;No;No;No;No;No;No;0.0;-7.0;0.25;-7.12;0.39;-7.2;0.47;-7.25;0.51;-7.27;0.54;-7.25;0.55;-7.25;0.55;-7.27;CACC
5009;21.2;27.2;0.6;8;100;7;Successful;Effective;No;No;No;No;No;No;0.0;-7.0;0.25;-7.12;0.39;-7.2;0.47;-7.25;0.51;-7.27;0.54;-7.25;0.55;-7.25;0.55;-7.27;CACC
5010;21.2;27.2;0.6;10;100;7;Successful;Effective;No;No;No;No;No;No;0.0;-7.0;0.25;-7.12;0.39;-7.2;0.47;-7.25;0.51;-7.27;0.54;-7.25;0.55;-7.25;0.55;-7.27;CACC
5011;21.2;27.2;0.6;5;80;8;Successful;Effective;No;No;No;No;No;No;0.0;-7.99;0.2;-8.13;0.32;-8.21;0.38;-8.26;0.41;-8.28;0.43;-8.25;0.44;-8.25;0.44;-8.27;CACC
5012;21.2;27.2;0.6;8;80;8;Successful;Effective;No;No;No;No;No;No;0.0;-7.99;0.2;-8.13;0.32;-8.21;0.38;-8.26;0.41;-8.28;0.43;-8.25;0.44;-8.25;0.44;-8.27;CACC
5013;21.2;27.2;0.6;10;80;8;Successful;Effective;No;No;No;No;No;No;0.0;-7.99;0.2;-8.13;0.32;-8.21;0.38;-8.26;0.41;-8.28;0.43;-8.25;0.44;-8.25;0.44;-8.27;CACC
5014;21.2;27.2;0.6;5;100;8;Successful;Effective;No;No;No;No;No;No;0.0;-8.0;0.25;-8.13;0.39;-8.22;0.47;-8.28;0.51;-8.3;0.54;-8.27;0.55;-8.27;0.55;-8.29;CACC
5015;21.2;27.2;0.6;8;100;8;Successful;Effective;No;No;No;No;No;No;0.0;-8.0;0.25;-8.13;0.39;-8.22;0.47;-8.28;0.51;-8.3;0.54;-8.27;0.55;-8.27;0.55;-8.29;CACC
5016;21.2;27.2;0.6;10;100;8;Successful;Effective;No;No;No;No;No;No;0.0;-8.0;0.25;-8.13;0.39;-8.22;0.47;-8.28;0.51;-8.3;0.54;-8.27;0.55;-8.27;0.55;-8.29;CACC
5017;21.2;27.2;0.7;5;80;5;Successful;Effective;No;No;No;No;No;No;0.0;-5.0;0.2;-5.08;0.32;-5.15;0.38;-5.19;0.41;-5.2;0.43;-5.19;0.44;-5.19;0.44;-5.2;CACC
5018;21.2;27.2;0.7;8;80;5;Successful;Effective;No;No;No;No;No;No;0.0;-5.0;0.2;-5.08;0.32;-5.15;0.38;-5.19;0.41;-5.2;0.43;-5.19;0.44;-5.19;0.44;-5.2;CACC
5019;21.2;27.2;0.7;10;80;5;Successful;Effective;No;No;No;No;No;No;0.0;-5.0;0.2;-5.08;0.32;-5.15;0.38;-5.19;0.41;-5.2;0.43;-5.19;0.44;-5.19;0.44;-5.2;CACC
5020;21.2;27.2;0.7;5;100;5;Successful;Effective;No;No;No;No;No;No;0.0;-5.0;0.25;-5.09;0.39;-5.16;0.47;-5.2;0.51;-5.22;0.54;-5.21;0.55;-5.21;0.55;-5.22;CACC
5021;21.2;27.2;0.7;8;100;5;Successful;Effective;No;No;No;No;No;No;0.0;-5.0;0.25;-5.09;0.39;-5.16;0.47;-5.2;0.51;-5.22;0.54;-5.21;0.55;-5.21;0.55;-5.22;CACC
5022;21.2;27.2;0.7;10;100;5;Successful;Effective;No;No;No;No;No;No;0.0;-5.0;0.25;-5.09;0.39;-5.16;0.47;-5.2;0.51;-5.22;0.54;-5.21;0.55;-5.21;0.55;-5.22;CACC
5023;21.2;27.2;0.7;5;80;6;Successful;Effective;No;No;No;No;No;No;0.0;-6.0;0.2;-6.1;0.32;-6.17;0.38;-6.21;0.41;-6.23;0.43;-6.21;0.44;-6.21;0.44;-6.22;CACC
5024;21.2;27.2;0.7;8;80;6;Successful;Effective;No;No;No;No;No;No;0.0;-6.0;0.2;-6.1;0.32;-6.17;0.38;-6.21;0.41;-6.23;0.43;-6.21;0.44;-6.21;0.44;-6.22;CACC
5025;21.2;27.2;0.7;10;80;6;Successful;Effective;No;No;No;No;No;No;0.0;-6.0;0.2;-6.1;0.32;-6.17;0.38;-6.21;0.41;-6.23;0.43;-6.21;0.44;-6.21;0.44;-6.22;CACC
5026;21.2;27.2;0.7;5;100;6;Successful;Effective;No;No;No;No;No;No;0.0;-6.0;0.25;-6.1;0.39;-6.18;0.47;-6.22;0.51;-6.25;0.54;-6.23;0.55;-6.23;0.55;-6.25;CACC
5027;21.2;27.2;0.7;8;100;6;Successful;Effective;No;No;No;No;No;No;0.0;-6.0;0.25;-6.1;0.39;-6.18;0.47;-6.22;0.51;-6.25;0.54;-6.23;0.55;-6.23;0.55;-6.25;CACC
5028;21.2;27.2;0.7;10;100;6;Successful;Effective;No;No;No;No;No;No;0.0;-6.0;0.25;-6.1;0.39;-6.18;0.47;-6.22;0.51;-6.25;0.54;-6.23;0.55;-6.23;0.55;-6.25;CACC
5029;21.2;27.2;0.7;5;80;7;Successful;Effective;No;No;No;No;No;No;0.0;-7.0;0.2;-7.11;0.32;-7.19;0.38;-7.24;0.41;-7.26;0.43;-7.23;0.44;-7.23;0.44;-7.25;CACC
5030;21.2;27.2;0.7;8;80;7;Successful;Effective;No;No;No;No;No;No;0.0;-7.0;0.2;-7.11;0.32;-7.19;0.38;-7.24;0.41;-7.26;0.43;-7.23;0.44;-7.23;0.44;-7.25;CACC
5031;21.2;27.2;0.7;10;80;7;Successful;Effective;No;No;No;No;No;No;0.0;-7.0;0.2;-7.11;0.32;-7.19;0.38;-7.24;0.41;-7.26;0.43;-7.23;0.44;-7.23;0.44;-7.25;CACC
5032;21.2;27.2;0.7;5;100;7;Successful;Effective;No;No;No;No;No;No;0.0;-7.0;0.25;-7.12;0.39;-7.2;0.47;-7.25;0.51;-7.27;0.54;-7.25;0.55;-7.25;0.55;-7.27;CACC
5033;21.2;27.2;0.7;8;100;7;Successful;Effective;No;No;No;No;No;No;0.0;-7.0;0.25;-7.12;0.39;-7.2;0.47;-7.25;0.51;-7.27;0.54;-7.25;0.55;-7.25;0.55;-7.27;CACC
5034;21.2;27.2;0.7;10;100;7;Successful;Effective;No;No;No;No;No;No;0.0;-7.0;0.25;-7.12;0.39;-7.2;0.47;-7.25;0.51;-7.27;0.54;-7.25;0.55;-7.25;0.55;-7.27;CACC
5035;21.2;27.2;0.7;5;80;8;Successful;Effective;No;No;No;No;No;No;0.0;-7.99;0.2;-8.13;0.32;-8.21;0.38;-8.26;0.41;-8.28;0.43;-8.25;0.44;-8.25;0.44;-8.27;CACC
5036;21.2;27.2;0.7;8;80;8;Successful;Effective;No;No;No;No;No;No;0.0;-7.99;0.2;-8.13;0.32;-8.21;0.38;-8.26;0.41;-8.28;0.43;-8.25;0.44;-8.25;0.44;-8.27;CACC
5037;21.2;27.2;0.7;10;80;8;Successful;Effective;No;No;No;No;No;No;0.0;-7.99;0.2;-8.13;0.32;-8.21;0.38;-8.26;0.41;-8.28;0.43;-8.25;0.44;-8.25;0.44;-8.27;CACC
5038;21.2;27.2;0.7;5;100;8;Successful;Effective;No;No;No;No;No;No;0.0;-8.0;0.25;-8.13;0.39;-8.22;0.47;-8.28;0.51;-8.3;0.54;-8.27;0.55;-8.27;0.55;-8.29;CACC
5039;21.2;27.2;0.7;8;100;8;Successful;Effective;No;No;No;No;No;No;0.0;-8.0;0.25;-8.13;0.39;-8.22;0.47;-8.28;0.51;-8.3;0.54;-8.27;0.55;-8.27;0.55;-8.29;CACC
5040;21.2;27.2;0.7;10;100;8;Successful;Effective;No;No;No;No;No;No;0.0;-8.0;0.25;-8.13;0.39;-8.22;0.47;-8.28;0.51;-8.3;0.54;-8.27;0.55;-8.27;0.55;-8.29;CACC
5041;21.2;27.2;0.8;5;80;5;Successful;Effective;No;No;No;No;No;No;0.0;-5.0;0.2;-5.08;0.32;-5.15;0.38;-5.19;0.41;-5.2;0.43;-5.19;0.44;-5.19;0.44;-5.2;CACC
5042;21.2;27.2;0.8;8;80;5;Successful;Effective;No;No;No;No;No;No;0.0;-5.0;0.2;-5.08;0.32;-5.15;0.38;-5.19;0.41;-5.2;0.43;-5.19;0.44;-5.19;0.44;-5.2;CACC
5043;21.2;27.2;0.8;10;80;5;Successful;Effective;No;No;No;No;No;No;0.0;-5.0;0.2;-5.08;0.32;-5.15;0.38;-5.19;0.41;-5.2;0.43;-5.19;0.44;-5.19;0.44;-5.2;CACC
5044;21.2;27.2;0.8;5;100;5;Successful;Effective;No;No;No;No;No;No;0.0;-5.0;0.25;-5.09;0.39;-5.16;0.47;-5.2;0.51;-5.22;0.54;-5.21;0.55;-5.21;0.55;-5.22;CACC
5045;21.2;27.2;0.8;8;100;5;Successful;Effective;No;No;No;No;No;No;0.0;-5.0;0.25;-5.09;0.39;-5.16;0.47;-5.2;0.51;-5.22;0.54;-5.21;0.55;-5.21;0.55;-5.22;CACC
5046;21.2;27.2;0.8;10;100;5;Successful;Effective;No;No;No;No;No;No;0.0;-5.0;0.25;-5.09;0.39;-5.16;0.47;-5.2;0.51;-5.22;0.54;-5.21;0.55;-5.21;0.55;-5.22;CACC
5047;21.2;27.2;0.8;5;80;6;Successful;Effective;No;No;No;No;No;No;0.0;-6.0;0.2;-6.1;0.32;-6.17;0.38;-6.21;0.41;-6.23;0.43;-6.21;0.44;-6.21;0.44;-6.22;CACC
5048;21.2;27.2;0.8;8;80;6;Successful;Effective;No;No;No;No;No;No;0.0;-6.0;0.2;-6.1;0.32;-6.17;0.38;-6.21;0.41;-6.23;0.43;-6.21;0.44;-6.21;0.44;-6.22;CACC
5049;21.2;27.2;0.8;10;80;6;Successful;Effective;No;No;No;No;No;No;0.0;-6.0;0.2;-6.1;0.32;-6.17;0.38;-6.21;0.41;-6.23;0.43;-6.21;0.44;-6.21;0.44;-6.22;CACC
5050;21.2;27.2;0.8;5;100;6;Successful;Effective;No;No;No;No;No;No;0.0;-6.0;0.25;-6.1;0.39;-6.18;0.47;-6.22;0.51;-6.25;0.54;-6.23;0.55;-6.23;0.55;-6.25;CACC
5051;21.2;27.2;0.8;8;100;6;Successful;Effective;No;No;No;No;No;No;0.0;-6.0;0.25;-6.1;0.39;-6.18;0.47;-6.22;0.51;-6.25;0.54;-6.23;0.55;-6.23;0.55;-6.25;CACC
5052;21.2;27.2;0.8;10;100;6;Successful;Effective;No;No;No;No;No;No;0.0;-6.0;0.25;-6.1;0.39;-6.18;0.47;-6.22;0.51;-6.25;0.54;-6.23;0.55;-6.23;0.55;-6.25;CACC
5053;21.2;27.2;0.8;5;80;7;Successful;Effective;No;No;No;No;No;No;0.0;-7.0;0.2;-7.11;0.32;-7.19;0.38;-7.24;0.41;-7.26;0.43;-7.23;0.44;-7.23;0.44;-7.25;CACC
5054;21.2;27.2;0.8;8;80;7;Successful;Effective;No;No;No;No;No;No;0.0;-7.0;0.2;-7.11;0.32;-7.19;0.38;-7.24;0.41;-7.26;0.43;-7.23;0.44;-7.23;0.44;-7.25;CACC
5055;21.2;27.2;0.8;10;80;7;Successful;Effective;No;No;No;No;No;No;0.0;-7.0;0.2;-7.11;0.32;-7.19;0.38;-7.24;0.41;-7.26;0.43;-7.23;0.44;-7.23;0.44;-7.25;CACC
5056;21.2;27.2;0.8;5;100;7;Successful;Effective;No;No;No;No;No;No;0.0;-7.0;0.25;-7.12;0.39;-7.2;0.47;-7.25;0.51;-7.27;0.54;-7.25;0.55;-7.25;0.55;-7.27;CACC
5057;21.2;27.2;0.8;8;100;7;Successful;Effective;No;No;No;No;No;No;0.0;-7.0;0.25;-7.12;0.39;-7.2;0.47;-7.25;0.51;-7.27;0.54;-7.25;0.55;-7.25;0.55;-7.27;CACC
5058;21.2;27.2;0.8;10;100;7;Successful;Effective;No;No;No;No;No;No;0.0;-7.0;0.25;-7.12;0.39;-7.2;0.47;-7.25;0.51;-7.27;0.54;-7.25;0.55;-7.25;0.55;-7.27;CACC
5059;21.2;27.2;0.8;5;80;8;Successful;Effective;No;No;No;No;No;No;0.0;-7.99;0.2;-8.13;0.32;-8.21;0.38;-8.26;0.41;-8.28;0.43;-8.25;0.44;-8.25;0.44;-8.27;CACC
5060;21.2;27.2;0.8;8;80;8;Successful;Effective;No;No;No;No;No;No;0.0;-7.99;0.2;-8.13;0.32;-8.21;0.38;-8.26;0.41;-8.28;0.43;-8.25;0.44;-8.25;0.44;-8.27;CACC
5061;21.2;27.2;0.8;10;80;8;Successful;Effective;No;No;No;No;No;No;0.0;-7.99;0.2;-8.13;0.32;-8.21;0.38;-8.26;0.41;-8.28;0.43;-8.25;0.44;-8.25;0.44;-8.27;CACC
5062;21.2;27.2;0.8;5;100;8;Successful;Effective;No;No;No;No;No;No;0.0;-8.0;0.25;-8.13;0.39;-8.22;0.47;-8.28;0.51;-8.3;0.54;-8.27;0.55;-8.27;0.55;-8.29;CACC
5063;21.2;27.2;0.8;8;100;8;Successful;Effective;No;No;No;No;No;No;0.0;-8.0;0.25;-8.13;0.39;-8.22;0.47;-8.28;0.51;-8.3;0.54;-8.27;0.55;-8.27;0.55;-8.29;CACC
5064;21.2;27.2;0.8;10;100;8;Successful;Effective;No;No;No;No;No;No;0.0;-8.0;0.25;-8.13;0.39;-8.22;0.47;-8.28;0.51;-8.3;0.54;-8.27;0.55;-8.27;0.55;-8.29;CACC
5065;21.2;27.2;0.9;5;80;5;Successful;Effective;No;No;No;No;No;No;0.0;-5.0;0.2;-5.08;0.32;-5.15;0.38;-5.19;0.41;-5.2;0.43;-5.19;0.44;-5.19;0.44;-5.2;CACC
5066;21.2;27.2;0.9;8;80;5;Successful;Effective;No;No;No;No;No;No;0.0;-5.0;0.2;-5.08;0.32;-5.15;0.38;-5.19;0.41;-5.2;0.43;-5.19;0.44;-5.19;0.44;-5.2;CACC
5067;21.2;27.2;0.9;10;80;5;Successful;Effective;No;No;No;No;No;No;0.0;-5.0;0.2;-5.08;0.32;-5.15;0.38;-5.19;0.41;-5.2;0.43;-5.19;0.44;-5.19;0.44;-5.2;CACC
5068;21.2;27.2;0.9;5;100;5;Successful;Effective;No;No;No;No;No;No;0.0;-5.0;0.25;-5.09;0.39;-5.16;0.47;-5.2;0.51;-5.22;0.54;-5.21;0.55;-5.21;0.55;-5.22;CACC
5069;21.2;27.2;0.9;8;100;5;Successful;Effective;No;No;No;No;No;No;0.0;-5.0;0.25;-5.09;0.39;-5.16;0.47;-5.2;0.51;-5.22;0.54;-5.21;0.55;-5.21;0.55;-5.22;CACC
5070;21.2;27.2;0.9;10;100;5;Successful;Effective;No;No;No;No;No;No;0.0;-5.0;0.25;-5.09;0.39;-5.16;0.47;-5.2;0.51;-5.22;0.54;-5.21;0.55;-5.21;0.55;-5.22;CACC
5071;21.2;27.2;0.9;5;80;6;Successful;Effective;No;No;No;No;No;No;0.0;-6.0;0.2;-6.1;0.32;-6.17;0.38;-6.21;0.41;-6.23;0.43;-6.21;0.44;-6.21;0.44;-6.22;CACC
5072;21.2;27.2;0.9;8;80;6;Successful;Effective;No;No;No;No;No;No;0.0;-6.0;0.2;-6.1;0.32;-6.17;0.38;-6.21;0.41;-6.23;0.43;-6.21;0.44;-6.21;0.44;-6.22;CACC
5073;21.2;27.2;0.9;10;80;6;Successful;Effective;No;No;No;No;No;No;0.0;-6.0;0.2;-6.1;0.32;-6.17;0.38;-6.21;0.41;-6.23;0.43;-6.21;0.44;-6.21;0.44;-6.22;CACC
5074;21.2;27.2;0.9;5;100;6;Successful;Effective;No;No;No;No;No;No;0.0;-6.0;0.25;-6.1;0.39;-6.18;0.47;-6.22;0.51;-6.25;0.54;-6.23;0.55;-6.23;0.55;-6.25;CACC
5075;21.2;27.2;0.9;8;100;6;Successful;Effective;No;No;No;No;No;No;0.0;-6.0;0.25;-6.1;0.39;-6.18;0.47;-6.22;0.51;-6.25;0.54;-6.23;0.55;-6.23;0.55;-6.25;CACC
5076;21.2;27.2;0.9;10;100;6;Successful;Effective;No;No;No;No;No;No;0.0;-6.0;0.25;-6.1;0.39;-6.18;0.47;-6.22;0.51;-6.25;0.54;-6.23;0.55;-6.23;0.55;-6.25;CACC
5077;21.2;27.2;0.9;5;80;7;Successful;Effective;No;No;No;No;No;No;0.0;-7.0;0.2;-7.11;0.32;-7.19;0.38;-7.24;0.41;-7.26;0.43;-7.23;0.44;-7.23;0.44;-7.25;CACC
5078;21.2;27.2;0.9;8;80;7;Successful;Effective;No;No;No;No;No;No;0.0;-7.0;0.2;-7.11;0.32;-7.19;0.38;-7.24;0.41;-7.26;0.43;-7.23;0.44;-7.23;0.44;-7.25;CACC
5079;21.2;27.2;0.9;10;80;7;Successful;Effective;No;No;No;No;No;No;0.0;-7.0;0.2;-7.11;0.32;-7.19;0.38;-7.24;0.41;-7.26;0.43;-7.23;0.44;-7.23;0.44;-7.25;CACC
5080;21.2;27.2;0.9;5;100;7;Successful;Effective;No;No;No;No;No;No;0.0;-7.0;0.25;-7.12;0.39;-7.2;0.47;-7.25;0.51;-7.27;0.54;-7.25;0.55;-7.25;0.55;-7.27;CACC
5081;21.2;27.2;0.9;8;100;7;Successful;Effective;No;No;No;No;No;No;0.0;-7.0;0.25;-7.12;0.39;-7.2;0.47;-7.25;0.51;-7.27;0.54;-7.25;0.55;-7.25;0.55;-7.27;CACC
5082;21.2;27.2;0.9;10;100;7;Successful;Effective;No;No;No;No;No;No;0.0;-7.0;0.25;-7.12;0.39;-7.2;0.47;-7.25;0.51;-7.27;0.54;-7.25;0.55;-7.25;0.55;-7.27;CACC
5083;21.2;27.2;0.9;5;80;8;Successful;Effective;No;No;No;No;No;No;0.0;-7.99;0.2;-8.13;0.32;-8.21;0.38;-8.26;0.41;-8.28;0.43;-8.25;0.44;-8.25;0.44;-8.27;CACC
5084;21.2;27.2;0.9;8;80;8;Successful;Effective;No;No;No;No;No;No;0.0;-7.99;0.2;-8.13;0.32;-8.21;0.38;-8.26;0.41;-8.28;0.43;-8.25;0.44;-8.25;0.44;-8.27;CACC
5085;21.2;27.2;0.9;10;80;8;Successful;Effective;No;No;No;No;No;No;0.0;-7.99;0.2;-8.13;0.32;-8.21;0.38;-8.26;0.41;-8.28;0.43;-8.25;0.44;-8.25;0.44;-8.27;CACC
5086;21.2;27.2;0.9;5;100;8;Successful;Effective;No;No;No;No;No;No;0.0;-8.0;0.25;-8.13;0.39;-8.22;0.47;-8.28;0.51;-8.3;0.54;-8.27;0.55;-8.27;0.55;-8.29;CACC
5087;21.2;27.2;0.9;8;100;8;Successful;Effective;No;No;No;No;No;No;0.0;-8.0;0.25;-8.13;0.39;-8.22;0.47;-8.28;0.51;-8.3;0.54;-8.27;0.55;-8.27;0.55;-8.29;CACC
5088;21.2;27.2;0.9;10;100;8;Successful;Effective;No;No;No;No;No;No;0.0;-8.0;0.25;-8.13;0.39;-8.22;0.47;-8.28;0.51;-8.3;0.54;-8.27;0.55;-8.27;0.55;-8.29;CACC
5089;21.3;27.3;0.6;5;80;5;Successful;Effective;No;No;No;No;No;No;0.0;-5.0;0.2;-5.08;0.32;-5.15;0.38;-5.19;0.41;-5.2;0.43;-5.19;0.44;-5.19;0.44;-5.2;CACC
5090;21.3;27.3;0.6;8;80;5;Successful;Effective;No;No;No;No;No;No;0.0;-5.0;0.2;-5.08;0.32;-5.15;0.38;-5.19;0.41;-5.2;0.43;-5.19;0.44;-5.19;0.44;-5.2;CACC
5091;21.3;27.3;0.6;10;80;5;Successful;Effective;No;No;No;No;No;No;0.0;-5.0;0.2;-5.08;0.32;-5.15;0.38;-5.19;0.41;-5.2;0.43;-5.19;0.44;-5.19;0.44;-5.2;CACC
5092;21.3;27.3;0.6;5;100;5;Successful;Effective;No;No;No;No;No;No;0.0;-5.0;0.25;-5.09;0.39;-5.16;0.47;-5.2;0.51;-5.22;0.54;-5.21;0.55;-5.21;0.55;-5.22;CACC
5093;21.3;27.3;0.6;8;100;5;Successful;Effective;No;No;No;No;No;No;0.0;-5.0;0.25;-5.09;0.39;-5.16;0.47;-5.2;0.51;-5.22;0.54;-5.21;0.55;-5.21;0.55;-5.22;CACC
5094;21.3;27.3;0.6;10;100;5;Successful;Effective;No;No;No;No;No;No;0.0;-5.0;0.25;-5.09;0.39;-5.16;0.47;-5.2;0.51;-5.22;0.54;-5.21;0.55;-5.21;0.55;-5.22;CACC
5095;21.3;27.3;0.6;5;80;6;Successful;Effective;No;No;No;No;No;No;0.0;-6.0;0.2;-6.1;0.32;-6.17;0.38;-6.21;0.41;-6.23;0.43;-6.21;0.44;-6.21;0.44;-6.22;CACC
5096;21.3;27.3;0.6;8;80;6;Successful;Effective;No;No;No;No;No;No;0.0;-6.0;0.2;-6.1;0.32;-6.17;0.38;-6.21;0.41;-6.23;0.43;-6.21;0.44;-6.21;0.44;-6.22;CACC
5097;21.3;27.3;0.6;10;80;6;Successful;Effective;No;No;No;No;No;No;0.0;-6.0;0.2;-6.1;0.32;-6.17;0.38;-6.21;0.41;-6.23;0.43;-6.21;0.44;-6.21;0.44;-6.22;CACC
5098;21.3;27.3;0.6;5;100;6;Successful;Effective;No;No;No;No;No;No;0.0;-6.0;0.25;-6.1;0.39;-6.18;0.47;-6.22;0.51;-6.25;0.54;-6.23;0.55;-6.23;0.55;-6.25;CACC
5099;21.3;27.3;0.6;8;100;6;Successful;Effective;No;No;No;No;No;No;0.0;-6.0;0.25;-6.1;0.39;-6.18;0.47;-6.22;0.51;-6.25;0.54;-6.23;0.55;-6.23;0.55;-6.25;CACC
5100;21.3;27.3;0.6;10;100;6;Successful;Effective;No;No;No;No;No;No;0.0;-6.0;0.25;-6.1;0.39;-6.18;0.47;-6.22;0.51;-6.25;0.54;-6.23;0.55;-6.23;0.55;-6.25;CACC
5101;21.3;27.3;0.6;5;80;7;Successful;Effective;No;No;No;No;No;No;0.0;-7.0;0.2;-7.11;0.32;-7.19;0.38;-7.24;0.41;-7.26;0.43;-7.23;0.44;-7.23;0.44;-7.25;CACC
5102;21.3;27.3;0.6;8;80;7;Successful;Effective;No;No;No;No;No;No;0.0;-7.0;0.2;-7.11;0.32;-7.19;0.38;-7.24;0.41;-7.26;0.43;-7.23;0.44;-7.23;0.44;-7.25;CACC
5103;21.3;27.3;0.6;10;80;7;Successful;Effective;No;No;No;No;No;No;0.0;-7.0;0.2;-7.11;0.32;-7.19;0.38;-7.24;0.41;-7.26;0.43;-7.23;0.44;-7.23;0.44;-7.25;CACC
5104;21.3;27.3;0.6;5;100;7;Successful;Effective;No;No;No;No;No;No;0.0;-7.0;0.25;-7.12;0.39;-7.2;0.47;-7.25;0.51;-7.27;0.54;-7.25;0.55;-7.25;0.55;-7.27;CACC
5105;21.3;27.3;0.6;8;100;7;Successful;Effective;No;No;No;No;No;No;0.0;-7.0;0.25;-7.12;0.39;-7.2;0.47;-7.25;0.51;-7.27;0.54;-7.25;0.55;-7.25;0.55;-7.27;CACC
5106;21.3;27.3;0.6;10;100;7;Successful;Effective;No;No;No;No;No;No;0.0;-7.0;0.25;-7.12;0.39;-7.2;0.47;-7.25;0.51;-7.27;0.54;-7.25;0.55;-7.25;0.55;-7.27;CACC
5107;21.3;27.3;0.6;5;80;8;Successful;Effective;No;No;No;No;No;No;0.0;-7.99;0.2;-8.13;0.32;-8.21;0.38;-8.26;0.41;-8.28;0.43;-8.25;0.44;-8.25;0.44;-8.27;CACC
5108;21.3;27.3;0.6;8;80;8;Successful;Effective;No;No;No;No;No;No;0.0;-7.99;0.2;-8.13;0.32;-8.21;0.38;-8.26;0.41;-8.28;0.43;-8.25;0.44;-8.25;0.44;-8.27;CACC
5109;21.3;27.3;0.6;10;80;8;Successful;Effective;No;No;No;No;No;No;0.0;-7.99;0.2;-8.13;0.32;-8.21;0.38;-8.26;0.41;-8.28;0.43;-8.25;0.44;-8.25;0.44;-8.27;CACC
5110;21.3;27.3;0.6;5;100;8;Successful;Effective;No;No;No;No;No;No;0.0;-8.0;0.25;-8.13;0.39;-8.22;0.47;-8.28;0.51;-8.3;0.54;-8.27;0.55;-8.27;0.55;-8.29;CACC
5111;21.3;27.3;0.6;8;100;8;Successful;Effective;No;No;No;No;No;No;0.0;-8.0;0.25;-8.13;0.39;-8.22;0.47;-8.28;0.51;-8.3;0.54;-8.27;0.55;-8.27;0.55;-8.29;CACC
5112;21.3;27.3;0.6;10;100;8;Successful;Effective;No;No;No;No;No;No;0.0;-8.0;0.25;-8.13;0.39;-8.22;0.47;-8.28;0.51;-8.3;0.54;-8.27;0.55;-8.27;0.55;-8.29;CACC
5113;21.3;27.3;0.7;5;80;5;Successful;Effective;No;No;No;No;No;No;0.0;-5.0;0.2;-5.08;0.32;-5.15;0.38;-5.19;0.41;-5.2;0.43;-5.19;0.44;-5.19;0.44;-5.2;CACC
5114;21.3;27.3;0.7;8;80;5;Successful;Effective;No;No;No;No;No;No;0.0;-5.0;0.2;-5.08;0.32;-5.15;0.38;-5.19;0.41;-5.2;0.43;-5.19;0.44;-5.19;0.44;-5.2;CACC
5115;21.3;27.3;0.7;10;80;5;Successful;Effective;No;No;No;No;No;No;0.0;-5.0;0.2;-5.08;0.32;-5.15;0.38;-5.19;0.41;-5.2;0.43;-5.19;0.44;-5.19;0.44;-5.2;CACC
5116;21.3;27.3;0.7;5;100;5;Successful;Effective;No;No;No;No;No;No;0.0;-5.0;0.25;-5.09;0.39;-5.16;0.47;-5.2;0.51;-5.22;0.54;-5.21;0.55;-5.21;0.55;-5.22;CACC
5117;21.3;27.3;0.7;8;100;5;Successful;Effective;No;No;No;No;No;No;0.0;-5.0;0.25;-5.09;0.39;-5.16;0.47;-5.2;0.51;-5.22;0.54;-5.21;0.55;-5.21;0.55;-5.22;CACC
5118;21.3;27.3;0.7;10;100;5;Successful;Effective;No;No;No;No;No;No;0.0;-5.0;0.25;-5.09;0.39;-5.16;0.47;-5.2;0.51;-5.22;0.54;-5.21;0.55;-5.21;0.55;-5.22;CACC
5119;21.3;27.3;0.7;5;80;6;Successful;Effective;No;No;No;No;No;No;0.0;-6.0;0.2;-6.1;0.32;-6.17;0.38;-6.21;0.41;-6.23;0.43;-6.21;0.44;-6.21;0.44;-6.22;CACC
5120;21.3;27.3;0.7;8;80;6;Successful;Effective;No;No;No;No;No;No;0.0;-6.0;0.2;-6.1;0.32;-6.17;0.38;-6.21;0.41;-6.23;0.43;-6.21;0.44;-6.21;0.44;-6.22;CACC
5121;21.3;27.3;0.7;10;80;6;Successful;Effective;No;No;No;No;No;No;0.0;-6.0;0.2;-6.1;0.32;-6.17;0.38;-6.21;0.41;-6.23;0.43;-6.21;0.44;-6.21;0.44;-6.22;CACC
5122;21.3;27.3;0.7;5;100;6;Successful;Effective;No;No;No;No;No;No;0.0;-6.0;0.25;-6.1;0.39;-6.18;0.47;-6.22;0.51;-6.25;0.54;-6.23;0.55;-6.23;0.55;-6.25;CACC
5123;21.3;27.3;0.7;8;100;6;Successful;Effective;No;No;No;No;No;No;0.0;-6.0;0.25;-6.1;0.39;-6.18;0.47;-6.22;0.51;-6.25;0.54;-6.23;0.55;-6.23;0.55;-6.25;CACC
5124;21.3;27.3;0.7;10;100;6;Successful;Effective;No;No;No;No;No;No;0.0;-6.0;0.25;-6.1;0.39;-6.18;0.47;-6.22;0.51;-6.25;0.54;-6.23;0.55;-6.23;0.55;-6.25;CACC
5125;21.3;27.3;0.7;5;80;7;Successful;Effective;No;No;No;No;No;No;0.0;-7.0;0.2;-7.11;0.32;-7.19;0.38;-7.24;0.41;-7.26;0.43;-7.23;0.44;-7.23;0.44;-7.25;CACC
5126;21.3;27.3;0.7;8;80;7;Successful;Effective;No;No;No;No;No;No;0.0;-7.0;0.2;-7.11;0.32;-7.19;0.38;-7.24;0.41;-7.26;0.43;-7.23;0.44;-7.23;0.44;-7.25;CACC
5127;21.3;27.3;0.7;10;80;7;Successful;Effective;No;No;No;No;No;No;0.0;-7.0;0.2;-7.11;0.32;-7.19;0.38;-7.24;0.41;-7.26;0.43;-7.23;0.44;-7.23;0.44;-7.25;CACC
5128;21.3;27.3;0.7;5;100;7;Successful;Effective;No;No;No;No;No;No;0.0;-7.0;0.25;-7.12;0.39;-7.2;0.47;-7.25;0.51;-7.27;0.54;-7.25;0.55;-7.25;0.55;-7.27;CACC
5129;21.3;27.3;0.7;8;100;7;Successful;Effective;No;No;No;No;No;No;0.0;-7.0;0.25;-7.12;0.39;-7.2;0.47;-7.25;0.51;-7.27;0.54;-7.25;0.55;-7.25;0.55;-7.27;CACC
5130;21.3;27.3;0.7;10;100;7;Successful;Effective;No;No;No;No;No;No;0.0;-7.0;0.25;-7.12;0.39;-7.2;0.47;-7.25;0.51;-7.27;0.54;-7.25;0.55;-7.25;0.55;-7.27;CACC
5131;21.3;27.3;0.7;5;80;8;Successful;Effective;No;No;No;No;No;No;0.0;-7.99;0.2;-8.13;0.32;-8.21;0.38;-8.26;0.41;-8.28;0.43;-8.25;0.44;-8.25;0.44;-8.27;CACC
5132;21.3;27.3;0.7;8;80;8;Successful;Effective;No;No;No;No;No;No;0.0;-7.99;0.2;-8.13;0.32;-8.21;0.38;-8.26;0.41;-8.28;0.43;-8.25;0.44;-8.25;0.44;-8.27;CACC
5133;21.3;27.3;0.7;10;80;8;Successful;Effective;No;No;No;No;No;No;0.0;-7.99;0.2;-8.13;0.32;-8.21;0.38;-8.26;0.41;-8.28;0.43;-8.25;0.44;-8.25;0.44;-8.27;CACC
5134;21.3;27.3;0.7;5;100;8;Successful;Effective;No;No;No;No;No;No;0.0;-8.0;0.25;-8.13;0.39;-8.22;0.47;-8.28;0.51;-8.3;0.54;-8.27;0.55;-8.27;0.55;-8.29;CACC
5135;21.3;27.3;0.7;8;100;8;Successful;Effective;No;No;No;No;No;No;0.0;-8.0;0.25;-8.13;0.39;-8.22;0.47;-8.28;0.51;-8.3;0.54;-8.27;0.55;-8.27;0.55;-8.29;CACC
5136;21.3;27.3;0.7;10;100;8;Successful;Effective;No;No;No;No;No;No;0.0;-8.0;0.25;-8.13;0.39;-8.22;0.47;-8.28;0.51;-8.3;0.54;-8.27;0.55;-8.27;0.55;-8.29;CACC
5137;21.3;27.3;0.8;5;80;5;Successful;Effective;No;No;No;No;No;No;0.0;-5.0;0.2;-5.08;0.32;-5.15;0.38;-5.19;0.41;-5.2;0.43;-5.19;0.44;-5.19;0.44;-5.2;CACC
5138;21.3;27.3;0.8;8;80;5;Successful;Effective;No;No;No;No;No;No;0.0;-5.0;0.2;-5.08;0.32;-5.15;0.38;-5.19;0.41;-5.2;0.43;-5.19;0.44;-5.19;0.44;-5.2;CACC
5139;21.3;27.3;0.8;10;80;5;Successful;Effective;No;No;No;No;No;No;0.0;-5.0;0.2;-5.08;0.32;-5.15;0.38;-5.19;0.41;-5.2;0.43;-5.19;0.44;-5.19;0.44;-5.2;CACC
5140;21.3;27.3;0.8;5;100;5;Successful;Effective;No;No;No;No;No;No;0.0;-5.0;0.25;-5.09;0.39;-5.16;0.47;-5.2;0.51;-5.22;0.54;-5.21;0.55;-5.21;0.55;-5.22;CACC
5141;21.3;27.3;0.8;8;100;5;Successful;Effective;No;No;No;No;No;No;0.0;-5.0;0.25;-5.09;0.39;-5.16;0.47;-5.2;0.51;-5.22;0.54;-5.21;0.55;-5.21;0.55;-5.22;CACC
5142;21.3;27.3;0.8;10;100;5;Successful;Effective;No;No;No;No;No;No;0.0;-5.0;0.25;-5.09;0.39;-5.16;0.47;-5.2;0.51;-5.22;0.54;-5.21;0.55;-5.21;0.55;-5.22;CACC
5143;21.3;27.3;0.8;5;80;6;Successful;Effective;No;No;No;No;No;No;0.0;-6.0;0.2;-6.1;0.32;-6.17;0.38;-6.21;0.41;-6.23;0.43;-6.21;0.44;-6.21;0.44;-6.22;CACC
5144;21.3;27.3;0.8;8;80;6;Successful;Effective;No;No;No;No;No;No;0.0;-6.0;0.2;-6.1;0.32;-6.17;0.38;-6.21;0.41;-6.23;0.43;-6.21;0.44;-6.21;0.44;-6.22;CACC
5145;21.3;27.3;0.8;10;80;6;Successful;Effective;No;No;No;No;No;No;0.0;-6.0;0.2;-6.1;0.32;-6.17;0.38;-6.21;0.41;-6.23;0.43;-6.21;0.44;-6.21;0.44;-6.22;CACC
5146;21.3;27.3;0.8;5;100;6;Successful;Effective;No;No;No;No;No;No;0.0;-6.0;0.25;-6.1;0.39;-6.18;0.47;-6.22;0.51;-6.25;0.54;-6.23;0.55;-6.23;0.55;-6.25;CACC
5147;21.3;27.3;0.8;8;100;6;Successful;Effective;No;No;No;No;No;No;0.0;-6.0;0.25;-6.1;0.39;-6.18;0.47;-6.22;0.51;-6.25;0.54;-6.23;0.55;-6.23;0.55;-6.25;CACC
5148;21.3;27.3;0.8;10;100;6;Successful;Effective;No;No;No;No;No;No;0.0;-6.0;0.25;-6.1;0.39;-6.18;0.47;-6.22;0.51;-6.25;0.54;-6.23;0.55;-6.23;0.55;-6.25;CACC
5149;21.3;27.3;0.8;5;80;7;Successful;Effective;No;No;No;No;No;No;0.0;-7.0;0.2;-7.11;0.32;-7.19;0.38;-7.24;0.41;-7.26;0.43;-7.23;0.44;-7.23;0.44;-7.25;CACC
5150;21.3;27.3;0.8;8;80;7;Successful;Effective;No;No;No;No;No;No;0.0;-7.0;0.2;-7.11;0.32;-7.19;0.38;-7.24;0.41;-7.26;0.43;-7.23;0.44;-7.23;0.44;-7.25;CACC
5151;21.3;27.3;0.8;10;80;7;Successful;Effective;No;No;No;No;No;No;0.0;-7.0;0.2;-7.11;0.32;-7.19;0.38;-7.24;0.41;-7.26;0.43;-7.23;0.44;-7.23;0.44;-7.25;CACC
5152;21.3;27.3;0.8;5;100;7;Successful;Effective;No;No;No;No;No;No;0.0;-7.0;0.25;-7.12;0.39;-7.2;0.47;-7.25;0.51;-7.27;0.54;-7.25;0.55;-7.25;0.55;-7.27;CACC
5153;21.3;27.3;0.8;8;100;7;Successful;Effective;No;No;No;No;No;No;0.0;-7.0;0.25;-7.12;0.39;-7.2;0.47;-7.25;0.51;-7.27;0.54;-7.25;0.55;-7.25;0.55;-7.27;CACC
5154;21.3;27.3;0.8;10;100;7;Successful;Effective;No;No;No;No;No;No;0.0;-7.0;0.25;-7.12;0.39;-7.2;0.47;-7.25;0.51;-7.27;0.54;-7.25;0.55;-7.25;0.55;-7.27;CACC
5155;21.3;27.3;0.8;5;80;8;Successful;Effective;No;No;No;No;No;No;0.0;-7.99;0.2;-8.13;0.32;-8.21;0.38;-8.26;0.41;-8.28;0.43;-8.25;0.44;-8.25;0.44;-8.27;CACC
5156;21.3;27.3;0.8;8;80;8;Successful;Effective;No;No;No;No;No;No;0.0;-7.99;0.2;-8.13;0.32;-8.21;0.38;-8.26;0.41;-8.28;0.43;-8.25;0.44;-8.25;0.44;-8.27;CACC
5157;21.3;27.3;0.8;10;80;8;Successful;Effective;No;No;No;No;No;No;0.0;-7.99;0.2;-8.13;0.32;-8.21;0.38;-8.26;0.41;-8.28;0.43;-8.25;0.44;-8.25;0.44;-8.27;CACC
5158;21.3;27.3;0.8;5;100;8;Successful;Effective;No;No;No;No;No;No;0.0;-8.0;0.25;-8.13;0.39;-8.22;0.47;-8.28;0.51;-8.3;0.54;-8.27;0.55;-8.27;0.55;-8.29;CACC
5159;21.3;27.3;0.8;8;100;8;Successful;Effective;No;No;No;No;No;No;0.0;-8.0;0.25;-8.13;0.39;-8.22;0.47;-8.28;0.51;-8.3;0.54;-8.27;0.55;-8.27;0.55;-8.29;CACC
5160;21.3;27.3;0.8;10;100;8;Successful;Effective;No;No;No;No;No;No;0.0;-8.0;0.25;-8.13;0.39;-8.22;0.47;-8.28;0.51;-8.3;0.54;-8.27;0.55;-8.27;0.55;-8.29;CACC
5161;21.3;27.3;0.9;5;80;5;Successful;Effective;No;No;No;No;No;No;0.0;-5.0;0.2;-5.08;0.32;-5.15;0.38;-5.19;0.41;-5.2;0.43;-5.19;0.44;-5.19;0.44;-5.2;CACC
5162;21.3;27.3;0.9;8;80;5;Successful;Effective;No;No;No;No;No;No;0.0;-5.0;0.2;-5.08;0.32;-5.15;0.38;-5.19;0.41;-5.2;0.43;-5.19;0.44;-5.19;0.44;-5.2;CACC
5163;21.3;27.3;0.9;10;80;5;Successful;Effective;No;No;No;No;No;No;0.0;-5.0;0.2;-5.08;0.32;-5.15;0.38;-5.19;0.41;-5.2;0.43;-5.19;0.44;-5.19;0.44;-5.2;CACC
5164;21.3;27.3;0.9;5;100;5;Successful;Effective;No;No;No;No;No;No;0.0;-5.0;0.25;-5.09;0.39;-5.16;0.47;-5.2;0.51;-5.22;0.54;-5.21;0.55;-5.21;0.55;-5.22;CACC
5165;21.3;27.3;0.9;8;100;5;Successful;Effective;No;No;No;No;No;No;0.0;-5.0;0.25;-5.09;0.39;-5.16;0.47;-5.2;0.51;-5.22;0.54;-5.21;0.55;-5.21;0.55;-5.22;CACC
5166;21.3;27.3;0.9;10;100;5;Successful;Effective;No;No;No;No;No;No;0.0;-5.0;0.25;-5.09;0.39;-5.16;0.47;-5.2;0.51;-5.22;0.54;-5.21;0.55;-5.21;0.55;-5.22;CACC
5167;21.3;27.3;0.9;5;80;6;Successful;Effective;No;No;No;No;No;No;0.0;-6.0;0.2;-6.1;0.32;-6.17;0.38;-6.21;0.41;-6.23;0.43;-6.21;0.44;-6.21;0.44;-6.22;CACC
5168;21.3;27.3;0.9;8;80;6;Successful;Effective;No;No;No;No;No;No;0.0;-6.0;0.2;-6.1;0.32;-6.17;0.38;-6.21;0.41;-6.23;0.43;-6.21;0.44;-6.21;0.44;-6.22;CACC
5169;21.3;27.3;0.9;10;80;6;Successful;Effective;No;No;No;No;No;No;0.0;-6.0;0.2;-6.1;0.32;-6.17;0.38;-6.21;0.41;-6.23;0.43;-6.21;0.44;-6.21;0.44;-6.22;CACC
5170;21.3;27.3;0.9;5;100;6;Successful;Effective;No;No;No;No;No;No;0.0;-6.0;0.25;-6.1;0.39;-6.18;0.47;-6.22;0.51;-6.25;0.54;-6.23;0.55;-6.23;0.55;-6.25;CACC
5171;21.3;27.3;0.9;8;100;6;Successful;Effective;No;No;No;No;No;No;0.0;-6.0;0.25;-6.1;0.39;-6.18;0.47;-6.22;0.51;-6.25;0.54;-6.23;0.55;-6.23;0.55;-6.25;CACC
5172;21.3;27.3;0.9;10;100;6;Successful;Effective;No;No;No;No;No;No;0.0;-6.0;0.25;-6.1;0.39;-6.18;0.47;-6.22;0.51;-6.25;0.54;-6.23;0.55;-6.23;0.55;-6.25;CACC
5173;21.3;27.3;0.9;5;80;7;Successful;Effective;No;No;No;No;No;No;0.0;-7.0;0.2;-7.11;0.32;-7.19;0.38;-7.24;0.41;-7.26;0.43;-7.23;0.44;-7.23;0.44;-7.25;CACC
5174;21.3;27.3;0.9;8;80;7;Successful;Effective;No;No;No;No;No;No;0.0;-7.0;0.2;-7.11;0.32;-7.19;0.38;-7.24;0.41;-7.26;0.43;-7.23;0.44;-7.23;0.44;-7.25;CACC
5175;21.3;27.3;0.9;10;80;7;Successful;Effective;No;No;No;No;No;No;0.0;-7.0;0.2;-7.11;0.32;-7.19;0.38;-7.24;0.41;-7.26;0.43;-7.23;0.44;-7.23;0.44;-7.25;CACC
5176;21.3;27.3;0.9;5;100;7;Successful;Effective;No;No;No;No;No;No;0.0;-7.0;0.25;-7.12;0.39;-7.2;0.47;-7.25;0.51;-7.27;0.54;-7.25;0.55;-7.25;0.55;-7.27;CACC
5177;21.3;27.3;0.9;8;100;7;Successful;Effective;No;No;No;No;No;No;0.0;-7.0;0.25;-7.12;0.39;-7.2;0.47;-7.25;0.51;-7.27;0.54;-7.25;0.55;-7.25;0.55;-7.27;CACC
5178;21.3;27.3;0.9;10;100;7;Successful;Effective;No;No;No;No;No;No;0.0;-7.0;0.25;-7.12;0.39;-7.2;0.47;-7.25;0.51;-7.27;0.54;-7.25;0.55;-7.25;0.55;-7.27;CACC
5179;21.3;27.3;0.9;5;80;8;Successful;Effective;No;No;No;No;No;No;0.0;-7.99;0.2;-8.13;0.32;-8.21;0.38;-8.26;0.41;-8.28;0.43;-8.25;0.44;-8.25;0.44;-8.27;CACC
5180;21.3;27.3;0.9;8;80;8;Successful;Effective;No;No;No;No;No;No;0.0;-7.99;0.2;-8.13;0.32;-8.21;0.38;-8.26;0.41;-8.28;0.43;-8.25;0.44;-8.25;0.44;-8.27;CACC
5181;21.3;27.3;0.9;10;80;8;Successful;Effective;No;No;No;No;No;No;0.0;-7.99;0.2;-8.13;0.32;-8.21;0.38;-8.26;0.41;-8.28;0.43;-8.25;0.44;-8.25;0.44;-8.27;CACC
5182;21.3;27.3;0.9;5;100;8;Successful;Effective;No;No;No;No;No;No;0.0;-8.0;0.25;-8.13;0.39;-8.22;0.47;-8.28;0.51;-8.3;0.54;-8.27;0.55;-8.27;0.55;-8.29;CACC
5183;21.3;27.3;0.9;8;100;8;Successful;Effective;No;No;No;No;No;No;0.0;-8.0;0.25;-8.13;0.39;-8.22;0.47;-8.28;0.51;-8.3;0.54;-8.27;0.55;-8.27;0.55;-8.29;CACC
5184;21.3;27.3;0.9;10;100;8;Successful;Effective;No;No;No;No;No;No;0.0;-8.0;0.25;-8.13;0.39;-8.22;0.47;-8.28;0.51;-8.3;0.54;-8.27;0.55;-8.27;0.55;-8.29;CACC
5185;21.4;27.4;0.6;5;80;5;Successful;Effective;No;No;No;No;No;No;0.0;-5.0;0.2;-5.08;0.32;-5.15;0.38;-5.19;0.41;-5.2;0.43;-5.19;0.44;-5.19;0.44;-5.2;CACC
5186;21.4;27.4;0.6;8;80;5;Successful;Effective;No;No;No;No;No;No;0.0;-5.0;0.2;-5.08;0.32;-5.15;0.38;-5.19;0.41;-5.2;0.43;-5.19;0.44;-5.19;0.44;-5.2;CACC
5187;21.4;27.4;0.6;10;80;5;Successful;Effective;No;No;No;No;No;No;0.0;-5.0;0.2;-5.08;0.32;-5.15;0.38;-5.19;0.41;-5.2;0.43;-5.19;0.44;-5.19;0.44;-5.2;CACC
5188;21.4;27.4;0.6;5;100;5;Successful;Effective;No;No;No;No;No;No;0.0;-5.0;0.25;-5.09;0.39;-5.16;0.47;-5.2;0.51;-5.22;0.54;-5.21;0.55;-5.21;0.55;-5.22;CACC
5189;21.4;27.4;0.6;8;100;5;Successful;Effective;No;No;No;No;No;No;0.0;-5.0;0.25;-5.09;0.39;-5.16;0.47;-5.2;0.51;-5.22;0.54;-5.21;0.55;-5.21;0.55;-5.22;CACC
5190;21.4;27.4;0.6;10;100;5;Successful;Effective;No;No;No;No;No;No;0.0;-5.0;0.25;-5.09;0.39;-5.16;0.47;-5.2;0.51;-5.22;0.54;-5.21;0.55;-5.21;0.55;-5.22;CACC
5191;21.4;27.4;0.6;5;80;6;Successful;Effective;No;No;No;No;No;No;0.0;-6.0;0.2;-6.1;0.32;-6.17;0.38;-6.21;0.41;-6.23;0.43;-6.21;0.44;-6.21;0.44;-6.22;CACC
5192;21.4;27.4;0.6;8;80;6;Successful;Effective;No;No;No;No;No;No;0.0;-6.0;0.2;-6.1;0.32;-6.17;0.38;-6.21;0.41;-6.23;0.43;-6.21;0.44;-6.21;0.44;-6.22;CACC
5193;21.4;27.4;0.6;10;80;6;Successful;Effective;No;No;No;No;No;No;0.0;-6.0;0.2;-6.1;0.32;-6.17;0.38;-6.21;0.41;-6.23;0.43;-6.21;0.44;-6.21;0.44;-6.22;CACC
5194;21.4;27.4;0.6;5;100;6;Successful;Effective;No;No;No;No;No;No;0.0;-6.0;0.25;-6.1;0.39;-6.18;0.47;-6.22;0.51;-6.25;0.54;-6.23;0.55;-6.23;0.55;-6.25;CACC
5195;21.4;27.4;0.6;8;100;6;Successful;Effective;No;No;No;No;No;No;0.0;-6.0;0.25;-6.1;0.39;-6.18;0.47;-6.22;0.51;-6.25;0.54;-6.23;0.55;-6.23;0.55;-6.25;CACC
5196;21.4;27.4;0.6;10;100;6;Successful;Effective;No;No;No;No;No;No;0.0;-6.0;0.25;-6.1;0.39;-6.18;0.47;-6.22;0.51;-6.25;0.54;-6.23;0.55;-6.23;0.55;-6.25;CACC
5197;21.4;27.4;0.6;5;80;7;Successful;Effective;No;No;No;No;No;No;0.0;-7.0;0.2;-7.11;0.32;-7.19;0.38;-7.24;0.41;-7.26;0.43;-7.23;0.44;-7.23;0.44;-7.25;CACC
5198;21.4;27.4;0.6;8;80;7;Successful;Effective;No;No;No;No;No;No;0.0;-7.0;0.2;-7.11;0.32;-7.19;0.38;-7.24;0.41;-7.26;0.43;-7.23;0.44;-7.23;0.44;-7.25;CACC
5199;21.4;27.4;0.6;10;80;7;Successful;Effective;No;No;No;No;No;No;0.0;-7.0;0.2;-7.11;0.32;-7.19;0.38;-7.24;0.41;-7.26;0.43;-7.23;0.44;-7.23;0.44;-7.25;CACC
5200;21.4;27.4;0.6;5;100;7;Successful;Effective;No;No;No;No;No;No;0.0;-7.0;0.25;-7.12;0.39;-7.2;0.47;-7.25;0.51;-7.27;0.54;-7.25;0.55;-7.25;0.55;-7.27;CACC
5201;21.4;27.4;0.6;8;100;7;Successful;Effective;No;No;No;No;No;No;0.0;-7.0;0.25;-7.12;0.39;-7.2;0.47;-7.25;0.51;-7.27;0.54;-7.25;0.55;-7.25;0.55;-7.27;CACC
5202;21.4;27.4;0.6;10;100;7;Successful;Effective;No;No;No;No;No;No;0.0;-7.0;0.25;-7.12;0.39;-7.2;0.47;-7.25;0.51;-7.27;0.54;-7.25;0.55;-7.25;0.55;-7.27;CACC
5203;21.4;27.4;0.6;5;80;8;Successful;Effective;No;No;No;No;No;No;0.0;-7.99;0.2;-8.13;0.32;-8.21;0.38;-8.26;0.41;-8.28;0.43;-8.25;0.44;-8.25;0.44;-8.27;CACC
5204;21.4;27.4;0.6;8;80;8;Successful;Effective;No;No;No;No;No;No;0.0;-7.99;0.2;-8.13;0.32;-8.21;0.38;-8.26;0.41;-8.28;0.43;-8.25;0.44;-8.25;0.44;-8.27;CACC
5205;21.4;27.4;0.6;10;80;8;Successful;Effective;No;No;No;No;No;No;0.0;-7.99;0.2;-8.13;0.32;-8.21;0.38;-8.26;0.41;-8.28;0.43;-8.25;0.44;-8.25;0.44;-8.27;CACC
5206;21.4;27.4;0.6;5;100;8;Successful;Effective;No;No;No;No;No;No;0.0;-8.0;0.25;-8.13;0.39;-8.22;0.47;-8.28;0.51;-8.3;0.54;-8.27;0.55;-8.27;0.55;-8.29;CACC
5207;21.4;27.4;0.6;8;100;8;Successful;Effective;No;No;No;No;No;No;0.0;-8.0;0.25;-8.13;0.39;-8.22;0.47;-8.28;0.51;-8.3;0.54;-8.27;0.55;-8.27;0.55;-8.29;CACC
5208;21.4;27.4;0.6;10;100;8;Successful;Effective;No;No;No;No;No;No;0.0;-8.0;0.25;-8.13;0.39;-8.22;0.47;-8.28;0.51;-8.3;0.54;-8.27;0.55;-8.27;0.55;-8.29;CACC
5209;21.4;27.4;0.7;5;80;5;Successful;Effective;No;No;No;No;No;No;0.0;-5.0;0.2;-5.08;0.32;-5.15;0.38;-5.19;0.41;-5.2;0.43;-5.19;0.44;-5.19;0.44;-5.2;CACC
5210;21.4;27.4;0.7;8;80;5;Successful;Effective;No;No;No;No;No;No;0.0;-5.0;0.2;-5.08;0.32;-5.15;0.38;-5.19;0.41;-5.2;0.43;-5.19;0.44;-5.19;0.44;-5.2;CACC
5211;21.4;27.4;0.7;10;80;5;Successful;Effective;No;No;No;No;No;No;0.0;-5.0;0.2;-5.08;0.32;-5.15;0.38;-5.19;0.41;-5.2;0.43;-5.19;0.44;-5.19;0.44;-5.2;CACC
5212;21.4;27.4;0.7;5;100;5;Successful;Effective;No;No;No;No;No;No;0.0;-5.0;0.25;-5.09;0.39;-5.16;0.47;-5.2;0.51;-5.22;0.54;-5.21;0.55;-5.21;0.55;-5.22;CACC
5213;21.4;27.4;0.7;8;100;5;Successful;Effective;No;No;No;No;No;No;0.0;-5.0;0.25;-5.09;0.39;-5.16;0.47;-5.2;0.51;-5.22;0.54;-5.21;0.55;-5.21;0.55;-5.22;CACC
5214;21.4;27.4;0.7;10;100;5;Successful;Effective;No;No;No;No;No;No;0.0;-5.0;0.25;-5.09;0.39;-5.16;0.47;-5.2;0.51;-5.22;0.54;-5.21;0.55;-5.21;0.55;-5.22;CACC
5215;21.4;27.4;0.7;5;80;6;Successful;Effective;No;No;No;No;No;No;0.0;-6.0;0.2;-6.1;0.32;-6.17;0.38;-6.21;0.41;-6.23;0.43;-6.21;0.44;-6.21;0.44;-6.22;CACC
5216;21.4;27.4;0.7;8;80;6;Successful;Effective;No;No;No;No;No;No;0.0;-6.0;0.2;-6.1;0.32;-6.17;0.38;-6.21;0.41;-6.23;0.43;-6.21;0.44;-6.21;0.44;-6.22;CACC
5217;21.4;27.4;0.7;10;80;6;Successful;Effective;No;No;No;No;No;No;0.0;-6.0;0.2;-6.1;0.32;-6.17;0.38;-6.21;0.41;-6.23;0.43;-6.21;0.44;-6.21;0.44;-6.22;CACC
5218;21.4;27.4;0.7;5;100;6;Successful;Effective;No;No;No;No;No;No;0.0;-6.0;0.25;-6.1;0.39;-6.18;0.47;-6.22;0.51;-6.25;0.54;-6.23;0.55;-6.23;0.55;-6.25;CACC
5219;21.4;27.4;0.7;8;100;6;Successful;Effective;No;No;No;No;No;No;0.0;-6.0;0.25;-6.1;0.39;-6.18;0.47;-6.22;0.51;-6.25;0.54;-6.23;0.55;-6.23;0.55;-6.25;CACC
5220;21.4;27.4;0.7;10;100;6;Successful;Effective;No;No;No;No;No;No;0.0;-6.0;0.25;-6.1;0.39;-6.18;0.47;-6.22;0.51;-6.25;0.54;-6.23;0.55;-6.23;0.55;-6.25;CACC
5221;21.4;27.4;0.7;5;80;7;Successful;Effective;No;No;No;No;No;No;0.0;-7.0;0.2;-7.11;0.32;-7.19;0.38;-7.24;0.41;-7.26;0.43;-7.23;0.44;-7.23;0.44;-7.25;CACC
5222;21.4;27.4;0.7;8;80;7;Successful;Effective;No;No;No;No;No;No;0.0;-7.0;0.2;-7.11;0.32;-7.19;0.38;-7.24;0.41;-7.26;0.43;-7.23;0.44;-7.23;0.44;-7.25;CACC
5223;21.4;27.4;0.7;10;80;7;Successful;Effective;No;No;No;No;No;No;0.0;-7.0;0.2;-7.11;0.32;-7.19;0.38;-7.24;0.41;-7.26;0.43;-7.23;0.44;-7.23;0.44;-7.25;CACC
5224;21.4;27.4;0.7;5;100;7;Successful;Effective;No;No;No;No;No;No;0.0;-7.0;0.25;-7.12;0.39;-7.2;0.47;-7.25;0.51;-7.27;0.54;-7.25;0.55;-7.25;0.55;-7.27;CACC
5225;21.4;27.4;0.7;8;100;7;Successful;Effective;No;No;No;No;No;No;0.0;-7.0;0.25;-7.12;0.39;-7.2;0.47;-7.25;0.51;-7.27;0.54;-7.25;0.55;-7.25;0.55;-7.27;CACC
5226;21.4;27.4;0.7;10;100;7;Successful;Effective;No;No;No;No;No;No;0.0;-7.0;0.25;-7.12;0.39;-7.2;0.47;-7.25;0.51;-7.27;0.54;-7.25;0.55;-7.25;0.55;-7.27;CACC
5227;21.4;27.4;0.7;5;80;8;Successful;Effective;No;No;No;No;No;No;0.0;-7.99;0.2;-8.13;0.32;-8.21;0.38;-8.26;0.41;-8.28;0.43;-8.25;0.44;-8.25;0.44;-8.27;CACC
5228;21.4;27.4;0.7;8;80;8;Successful;Effective;No;No;No;No;No;No;0.0;-7.99;0.2;-8.13;0.32;-8.21;0.38;-8.26;0.41;-8.28;0.43;-8.25;0.44;-8.25;0.44;-8.27;CACC
5229;21.4;27.4;0.7;10;80;8;Successful;Effective;No;No;No;No;No;No;0.0;-7.99;0.2;-8.13;0.32;-8.21;0.38;-8.26;0.41;-8.28;0.43;-8.25;0.44;-8.25;0.44;-8.27;CACC
5230;21.4;27.4;0.7;5;100;8;Successful;Effective;No;No;No;No;No;No;0.0;-8.0;0.25;-8.13;0.39;-8.22;0.47;-8.28;0.51;-8.3;0.54;-8.27;0.55;-8.27;0.55;-8.29;CACC
5231;21.4;27.4;0.7;8;100;8;Successful;Effective;No;No;No;No;No;No;0.0;-8.0;0.25;-8.13;0.39;-8.22;0.47;-8.28;0.51;-8.3;0.54;-8.27;0.55;-8.27;0.55;-8.29;CACC
5232;21.4;27.4;0.7;10;100;8;Successful;Effective;No;No;No;No;No;No;0.0;-8.0;0.25;-8.13;0.39;-8.22;0.47;-8.28;0.51;-8.3;0.54;-8.27;0.55;-8.27;0.55;-8.29;CACC
5233;21.4;27.4;0.8;5;80;5;Successful;Effective;No;No;No;No;No;No;0.0;-5.0;0.2;-5.08;0.32;-5.15;0.38;-5.19;0.41;-5.2;0.43;-5.19;0.44;-5.19;0.44;-5.2;CACC
5234;21.4;27.4;0.8;8;80;5;Successful;Effective;No;No;No;No;No;No;0.0;-5.0;0.2;-5.08;0.32;-5.15;0.38;-5.19;0.41;-5.2;0.43;-5.19;0.44;-5.19;0.44;-5.2;CACC
5235;21.4;27.4;0.8;10;80;5;Successful;Effective;No;No;No;No;No;No;0.0;-5.0;0.2;-5.08;0.32;-5.15;0.38;-5.19;0.41;-5.2;0.43;-5.19;0.44;-5.19;0.44;-5.2;CACC
5236;21.4;27.4;0.8;5;100;5;Successful;Effective;No;No;No;No;No;No;0.0;-5.0;0.25;-5.09;0.39;-5.16;0.47;-5.2;0.51;-5.22;0.54;-5.21;0.55;-5.21;0.55;-5.22;CACC
5237;21.4;27.4;0.8;8;100;5;Successful;Effective;No;No;No;No;No;No;0.0;-5.0;0.25;-5.09;0.39;-5.16;0.47;-5.2;0.51;-5.22;0.54;-5.21;0.55;-5.21;0.55;-5.22;CACC
5238;21.4;27.4;0.8;10;100;5;Successful;Effective;No;No;No;No;No;No;0.0;-5.0;0.25;-5.09;0.39;-5.16;0.47;-5.2;0.51;-5.22;0.54;-5.21;0.55;-5.21;0.55;-5.22;CACC
5239;21.4;27.4;0.8;5;80;6;Successful;Effective;No;No;No;No;No;No;0.0;-6.0;0.2;-6.1;0.32;-6.17;0.38;-6.21;0.41;-6.23;0.43;-6.21;0.44;-6.21;0.44;-6.22;CACC
5240;21.4;27.4;0.8;8;80;6;Successful;Effective;No;No;No;No;No;No;0.0;-6.0;0.2;-6.1;0.32;-6.17;0.38;-6.21;0.41;-6.23;0.43;-6.21;0.44;-6.21;0.44;-6.22;CACC
5241;21.4;27.4;0.8;10;80;6;Successful;Effective;No;No;No;No;No;No;0.0;-6.0;0.2;-6.1;0.32;-6.17;0.38;-6.21;0.41;-6.23;0.43;-6.21;0.44;-6.21;0.44;-6.22;CACC
5242;21.4;27.4;0.8;5;100;6;Successful;Effective;No;No;No;No;No;No;0.0;-6.0;0.25;-6.1;0.39;-6.18;0.47;-6.22;0.51;-6.25;0.54;-6.23;0.55;-6.23;0.55;-6.25;CACC
5243;21.4;27.4;0.8;8;100;6;Successful;Effective;No;No;No;No;No;No;0.0;-6.0;0.25;-6.1;0.39;-6.18;0.47;-6.22;0.51;-6.25;0.54;-6.23;0.55;-6.23;0.55;-6.25;CACC
5244;21.4;27.4;0.8;10;100;6;Successful;Effective;No;No;No;No;No;No;0.0;-6.0;0.25;-6.1;0.39;-6.18;0.47;-6.22;0.51;-6.25;0.54;-6.23;0.55;-6.23;0.55;-6.25;CACC
5245;21.4;27.4;0.8;5;80;7;Successful;Effective;No;No;No;No;No;No;0.0;-7.0;0.2;-7.11;0.32;-7.19;0.38;-7.24;0.41;-7.26;0.43;-7.23;0.44;-7.23;0.44;-7.25;CACC
5246;21.4;27.4;0.8;8;80;7;Successful;Effective;No;No;No;No;No;No;0.0;-7.0;0.2;-7.11;0.32;-7.19;0.38;-7.24;0.41;-7.26;0.43;-7.23;0.44;-7.23;0.44;-7.25;CACC
5247;21.4;27.4;0.8;10;80;7;Successful;Effective;No;No;No;No;No;No;0.0;-7.0;0.2;-7.11;0.32;-7.19;0.38;-7.24;0.41;-7.26;0.43;-7.23;0.44;-7.23;0.44;-7.25;CACC
5248;21.4;27.4;0.8;5;100;7;Successful;Effective;No;No;No;No;No;No;0.0;-7.0;0.25;-7.12;0.39;-7.2;0.47;-7.25;0.51;-7.27;0.54;-7.25;0.55;-7.25;0.55;-7.27;CACC
5249;21.4;27.4;0.8;8;100;7;Successful;Effective;No;No;No;No;No;No;0.0;-7.0;0.25;-7.12;0.39;-7.2;0.47;-7.25;0.51;-7.27;0.54;-7.25;0.55;-7.25;0.55;-7.27;CACC
5250;21.4;27.4;0.8;10;100;7;Successful;Effective;No;No;No;No;No;No;0.0;-7.0;0.25;-7.12;0.39;-7.2;0.47;-7.25;0.51;-7.27;0.54;-7.25;0.55;-7.25;0.55;-7.27;CACC
5251;21.4;27.4;0.8;5;80;8;Successful;Effective;No;No;No;No;No;No;0.0;-7.99;0.2;-8.13;0.32;-8.21;0.38;-8.26;0.41;-8.28;0.43;-8.25;0.44;-8.25;0.44;-8.27;CACC
5252;21.4;27.4;0.8;8;80;8;Successful;Effective;No;No;No;No;No;No;0.0;-7.99;0.2;-8.13;0.32;-8.21;0.38;-8.26;0.41;-8.28;0.43;-8.25;0.44;-8.25;0.44;-8.27;CACC
5253;21.4;27.4;0.8;10;80;8;Successful;Effective;No;No;No;No;No;No;0.0;-7.99;0.2;-8.13;0.32;-8.21;0.38;-8.26;0.41;-8.28;0.43;-8.25;0.44;-8.25;0.44;-8.27;CACC
5254;21.4;27.4;0.8;5;100;8;Successful;Effective;No;No;No;No;No;No;0.0;-8.0;0.25;-8.13;0.39;-8.22;0.47;-8.28;0.51;-8.3;0.54;-8.27;0.55;-8.27;0.55;-8.29;CACC
5255;21.4;27.4;0.8;8;100;8;Successful;Effective;No;No;No;No;No;No;0.0;-8.0;0.25;-8.13;0.39;-8.22;0.47;-8.28;0.51;-8.3;0.54;-8.27;0.55;-8.27;0.55;-8.29;CACC
5256;21.4;27.4;0.8;10;100;8;Successful;Effective;No;No;No;No;No;No;0.0;-8.0;0.25;-8.13;0.39;-8.22;0.47;-8.28;0.51;-8.3;0.54;-8.27;0.55;-8.27;0.55;-8.29;CACC
5257;21.4;27.4;0.9;5;80;5;Successful;Effective;No;No;No;No;No;No;0.0;-5.0;0.2;-5.08;0.32;-5.15;0.38;-5.19;0.41;-5.2;0.43;-5.19;0.44;-5.19;0.44;-5.2;CACC
5258;21.4;27.4;0.9;8;80;5;Successful;Effective;No;No;No;No;No;No;0.0;-5.0;0.2;-5.08;0.32;-5.15;0.38;-5.19;0.41;-5.2;0.43;-5.19;0.44;-5.19;0.44;-5.2;CACC
5259;21.4;27.4;0.9;10;80;5;Successful;Effective;No;No;No;No;No;No;0.0;-5.0;0.2;-5.08;0.32;-5.15;0.38;-5.19;0.41;-5.2;0.43;-5.19;0.44;-5.19;0.44;-5.2;CACC
5260;21.4;27.4;0.9;5;100;5;Successful;Effective;No;No;No;No;No;No;0.0;-5.0;0.25;-5.09;0.39;-5.16;0.47;-5.2;0.51;-5.22;0.54;-5.21;0.55;-5.21;0.55;-5.22;CACC
5261;21.4;27.4;0.9;8;100;5;Successful;Effective;No;No;No;No;No;No;0.0;-5.0;0.25;-5.09;0.39;-5.16;0.47;-5.2;0.51;-5.22;0.54;-5.21;0.55;-5.21;0.55;-5.22;CACC
5262;21.4;27.4;0.9;10;100;5;Successful;Effective;No;No;No;No;No;No;0.0;-5.0;0.25;-5.09;0.39;-5.16;0.47;-5.2;0.51;-5.22;0.54;-5.21;0.55;-5.21;0.55;-5.22;CACC
5263;21.4;27.4;0.9;5;80;6;Successful;Effective;No;No;No;No;No;No;0.0;-6.0;0.2;-6.1;0.32;-6.17;0.38;-6.21;0.41;-6.23;0.43;-6.21;0.44;-6.21;0.44;-6.22;CACC
5264;21.4;27.4;0.9;8;80;6;Successful;Effective;No;No;No;No;No;No;0.0;-6.0;0.2;-6.1;0.32;-6.17;0.38;-6.21;0.41;-6.23;0.43;-6.21;0.44;-6.21;0.44;-6.22;CACC
5265;21.4;27.4;0.9;10;80;6;Successful;Effective;No;No;No;No;No;No;0.0;-6.0;0.2;-6.1;0.32;-6.17;0.38;-6.21;0.41;-6.23;0.43;-6.21;0.44;-6.21;0.44;-6.22;CACC
5266;21.4;27.4;0.9;5;100;6;Successful;Effective;No;No;No;No;No;No;0.0;-6.0;0.25;-6.1;0.39;-6.18;0.47;-6.22;0.51;-6.25;0.54;-6.23;0.55;-6.23;0.55;-6.25;CACC
5267;21.4;27.4;0.9;8;100;6;Successful;Effective;No;No;No;No;No;No;0.0;-6.0;0.25;-6.1;0.39;-6.18;0.47;-6.22;0.51;-6.25;0.54;-6.23;0.55;-6.23;0.55;-6.25;CACC
5268;21.4;27.4;0.9;10;100;6;Successful;Effective;No;No;No;No;No;No;0.0;-6.0;0.25;-6.1;0.39;-6.18;0.47;-6.22;0.51;-6.25;0.54;-6.23;0.55;-6.23;0.55;-6.25;CACC
5269;21.4;27.4;0.9;5;80;7;Successful;Effective;No;No;No;No;No;No;0.0;-7.0;0.2;-7.11;0.32;-7.19;0.38;-7.24;0.41;-7.26;0.43;-7.23;0.44;-7.23;0.44;-7.25;CACC
5270;21.4;27.4;0.9;8;80;7;Successful;Effective;No;No;No;No;No;No;0.0;-7.0;0.2;-7.11;0.32;-7.19;0.38;-7.24;0.41;-7.26;0.43;-7.23;0.44;-7.23;0.44;-7.25;CACC
5271;21.4;27.4;0.9;10;80;7;Successful;Effective;No;No;No;No;No;No;0.0;-7.0;0.2;-7.11;0.32;-7.19;0.38;-7.24;0.41;-7.26;0.43;-7.23;0.44;-7.23;0.44;-7.25;CACC
5272;21.4;27.4;0.9;5;100;7;Successful;Effective;No;No;No;No;No;No;0.0;-7.0;0.25;-7.12;0.39;-7.2;0.47;-7.25;0.51;-7.27;0.54;-7.25;0.55;-7.25;0.55;-7.27;CACC
5273;21.4;27.4;0.9;8;100;7;Successful;Effective;No;No;No;No;No;No;0.0;-7.0;0.25;-7.12;0.39;-7.2;0.47;-7.25;0.51;-7.27;0.54;-7.25;0.55;-7.25;0.55;-7.27;CACC
5274;21.4;27.4;0.9;10;100;7;Successful;Effective;No;No;No;No;No;No;0.0;-7.0;0.25;-7.12;0.39;-7.2;0.47;-7.25;0.51;-7.27;0.54;-7.25;0.55;-7.25;0.55;-7.27;CACC
5275;21.4;27.4;0.9;5;80;8;Successful;Effective;No;No;No;No;No;No;0.0;-7.99;0.2;-8.13;0.32;-8.21;0.38;-8.26;0.41;-8.28;0.43;-8.25;0.44;-8.25;0.44;-8.27;CACC
5276;21.4;27.4;0.9;8;80;8;Successful;Effective;No;No;No;No;No;No;0.0;-7.99;0.2;-8.13;0.32;-8.21;0.38;-8.26;0.41;-8.28;0.43;-8.25;0.44;-8.25;0.44;-8.27;CACC
5277;21.4;27.4;0.9;10;80;8;Successful;Effective;No;No;No;No;No;No;0.0;-7.99;0.2;-8.13;0.32;-8.21;0.38;-8.26;0.41;-8.28;0.43;-8.25;0.44;-8.25;0.44;-8.27;CACC
5278;21.4;27.4;0.9;5;100;8;Successful;Effective;No;No;No;No;No;No;0.0;-8.0;0.25;-8.13;0.39;-8.22;0.47;-8.28;0.51;-8.3;0.54;-8.27;0.55;-8.27;0.55;-8.29;CACC
5279;21.4;27.4;0.9;8;100;8;Successful;Effective;No;No;No;No;No;No;0.0;-8.0;0.25;-8.13;0.39;-8.22;0.47;-8.28;0.51;-8.3;0.54;-8.27;0.55;-8.27;0.55;-8.29;CACC
5280;21.4;27.4;0.9;10;100;8;Successful;Effective;No;No;No;No;No;No;0.0;-8.0;0.25;-8.13;0.39;-8.22;0.47;-8.28;0.51;-8.3;0.54;-8.27;0.55;-8.27;0.55;-8.29;CACC
5281;21.5;27.5;0.6;5;80;5;Successful;Effective;No;No;No;No;No;No;0.0;-5.0;0.2;-5.08;0.32;-5.15;0.38;-5.19;0.41;-5.2;0.43;-5.19;0.44;-5.19;0.44;-5.2;CACC
5282;21.5;27.5;0.6;8;80;5;Successful;Effective;No;No;No;No;No;No;0.0;-5.0;0.2;-5.08;0.32;-5.15;0.38;-5.19;0.41;-5.2;0.43;-5.19;0.44;-5.19;0.44;-5.2;CACC
5283;21.5;27.5;0.6;10;80;5;Successful;Effective;No;No;No;No;No;No;0.0;-5.0;0.2;-5.08;0.32;-5.15;0.38;-5.19;0.41;-5.2;0.43;-5.19;0.44;-5.19;0.44;-5.2;CACC
5284;21.5;27.5;0.6;5;100;5;Successful;Effective;No;No;No;No;No;No;0.0;-5.0;0.25;-5.09;0.39;-5.16;0.47;-5.2;0.51;-5.22;0.54;-5.21;0.55;-5.21;0.55;-5.22;CACC
5285;21.5;27.5;0.6;8;100;5;Successful;Effective;No;No;No;No;No;No;0.0;-5.0;0.25;-5.09;0.39;-5.16;0.47;-5.2;0.51;-5.22;0.54;-5.21;0.55;-5.21;0.55;-5.22;CACC
5286;21.5;27.5;0.6;10;100;5;Successful;Effective;No;No;No;No;No;No;0.0;-5.0;0.25;-5.09;0.39;-5.16;0.47;-5.2;0.51;-5.22;0.54;-5.21;0.55;-5.21;0.55;-5.22;CACC
5287;21.5;27.5;0.6;5;80;6;Successful;Effective;No;No;No;No;No;No;0.0;-6.0;0.2;-6.1;0.32;-6.17;0.38;-6.21;0.41;-6.23;0.43;-6.21;0.44;-6.21;0.44;-6.22;CACC
5288;21.5;27.5;0.6;8;80;6;Successful;Effective;No;No;No;No;No;No;0.0;-6.0;0.2;-6.1;0.32;-6.17;0.38;-6.21;0.41;-6.23;0.43;-6.21;0.44;-6.21;0.44;-6.22;CACC
5289;21.5;27.5;0.6;10;80;6;Successful;Effective;No;No;No;No;No;No;0.0;-6.0;0.2;-6.1;0.32;-6.17;0.38;-6.21;0.41;-6.23;0.43;-6.21;0.44;-6.21;0.44;-6.22;CACC
5290;21.5;27.5;0.6;5;100;6;Successful;Effective;No;No;No;No;No;No;0.0;-6.0;0.25;-6.1;0.39;-6.18;0.47;-6.22;0.51;-6.25;0.54;-6.23;0.55;-6.23;0.55;-6.25;CACC
5291;21.5;27.5;0.6;8;100;6;Successful;Effective;No;No;No;No;No;No;0.0;-6.0;0.25;-6.1;0.39;-6.18;0.47;-6.22;0.51;-6.25;0.54;-6.23;0.55;-6.23;0.55;-6.25;CACC
5292;21.5;27.5;0.6;10;100;6;Successful;Effective;No;No;No;No;No;No;0.0;-6.0;0.25;-6.1;0.39;-6.18;0.47;-6.22;0.51;-6.25;0.54;-6.23;0.55;-6.23;0.55;-6.25;CACC
5293;21.5;27.5;0.6;5;80;7;Successful;Effective;No;No;No;No;No;No;0.0;-7.0;0.2;-7.11;0.32;-7.19;0.38;-7.24;0.41;-7.26;0.43;-7.23;0.44;-7.23;0.44;-7.25;CACC
5294;21.5;27.5;0.6;8;80;7;Successful;Effective;No;No;No;No;No;No;0.0;-7.0;0.2;-7.11;0.32;-7.19;0.38;-7.24;0.41;-7.26;0.43;-7.23;0.44;-7.23;0.44;-7.25;CACC
5295;21.5;27.5;0.6;10;80;7;Successful;Effective;No;No;No;No;No;No;0.0;-7.0;0.2;-7.11;0.32;-7.19;0.38;-7.24;0.41;-7.26;0.43;-7.23;0.44;-7.23;0.44;-7.25;CACC
5296;21.5;27.5;0.6;5;100;7;Successful;Effective;No;No;No;No;No;No;0.0;-7.0;0.25;-7.12;0.39;-7.2;0.47;-7.25;0.51;-7.27;0.54;-7.25;0.55;-7.25;0.55;-7.27;CACC
5297;21.5;27.5;0.6;8;100;7;Successful;Effective;No;No;No;No;No;No;0.0;-7.0;0.25;-7.12;0.39;-7.2;0.47;-7.25;0.51;-7.27;0.54;-7.25;0.55;-7.25;0.55;-7.27;CACC
5298;21.5;27.5;0.6;10;100;7;Successful;Effective;No;No;No;No;No;No;0.0;-7.0;0.25;-7.12;0.39;-7.2;0.47;-7.25;0.51;-7.27;0.54;-7.25;0.55;-7.25;0.55;-7.27;CACC
5299;21.5;27.5;0.6;5;80;8;Successful;Effective;No;No;No;No;No;No;0.0;-7.99;0.2;-8.13;0.32;-8.21;0.38;-8.26;0.41;-8.28;0.43;-8.25;0.44;-8.25;0.44;-8.27;CACC
5300;21.5;27.5;0.6;8;80;8;Successful;Effective;No;No;No;No;No;No;0.0;-7.99;0.2;-8.13;0.32;-8.21;0.38;-8.26;0.41;-8.28;0.43;-8.25;0.44;-8.25;0.44;-8.27;CACC
5301;21.5;27.5;0.6;10;80;8;Successful;Effective;No;No;No;No;No;No;0.0;-7.99;0.2;-8.13;0.32;-8.21;0.38;-8.26;0.41;-8.28;0.43;-8.25;0.44;-8.25;0.44;-8.27;CACC
5302;21.5;27.5;0.6;5;100;8;Successful;Effective;No;No;No;No;No;No;0.0;-8.0;0.25;-8.13;0.39;-8.22;0.47;-8.28;0.51;-8.3;0.54;-8.27;0.55;-8.27;0.55;-8.29;CACC
5303;21.5;27.5;0.6;8;100;8;Successful;Effective;No;No;No;No;No;No;0.0;-8.0;0.25;-8.13;0.39;-8.22;0.47;-8.28;0.51;-8.3;0.54;-8.27;0.55;-8.27;0.55;-8.29;CACC
5304;21.5;27.5;0.6;10;100;8;Successful;Effective;No;No;No;No;No;No;0.0;-8.0;0.25;-8.13;0.39;-8.22;0.47;-8.28;0.51;-8.3;0.54;-8.27;0.55;-8.27;0.55;-8.29;CACC
5305;21.5;27.5;0.7;5;80;5;Successful;Effective;No;No;No;No;No;No;0.0;-5.0;0.2;-5.08;0.32;-5.15;0.38;-5.19;0.41;-5.2;0.43;-5.19;0.44;-5.19;0.44;-5.2;CACC
5306;21.5;27.5;0.7;8;80;5;Successful;Effective;No;No;No;No;No;No;0.0;-5.0;0.2;-5.08;0.32;-5.15;0.38;-5.19;0.41;-5.2;0.43;-5.19;0.44;-5.19;0.44;-5.2;CACC
5307;21.5;27.5;0.7;10;80;5;Successful;Effective;No;No;No;No;No;No;0.0;-5.0;0.2;-5.08;0.32;-5.15;0.38;-5.19;0.41;-5.2;0.43;-5.19;0.44;-5.19;0.44;-5.2;CACC
5308;21.5;27.5;0.7;5;100;5;Successful;Effective;No;No;No;No;No;No;0.0;-5.0;0.25;-5.09;0.39;-5.16;0.47;-5.2;0.51;-5.22;0.54;-5.21;0.55;-5.21;0.55;-5.22;CACC
5309;21.5;27.5;0.7;8;100;5;Successful;Effective;No;No;No;No;No;No;0.0;-5.0;0.25;-5.09;0.39;-5.16;0.47;-5.2;0.51;-5.22;0.54;-5.21;0.55;-5.21;0.55;-5.22;CACC
5310;21.5;27.5;0.7;10;100;5;Successful;Effective;No;No;No;No;No;No;0.0;-5.0;0.25;-5.09;0.39;-5.16;0.47;-5.2;0.51;-5.22;0.54;-5.21;0.55;-5.21;0.55;-5.22;CACC
5311;21.5;27.5;0.7;5;80;6;Successful;Effective;No;No;No;No;No;No;0.0;-6.0;0.2;-6.1;0.32;-6.17;0.38;-6.21;0.41;-6.23;0.43;-6.21;0.44;-6.21;0.44;-6.22;CACC
5312;21.5;27.5;0.7;8;80;6;Successful;Effective;No;No;No;No;No;No;0.0;-6.0;0.2;-6.1;0.32;-6.17;0.38;-6.21;0.41;-6.23;0.43;-6.21;0.44;-6.21;0.44;-6.22;CACC
5313;21.5;27.5;0.7;10;80;6;Successful;Effective;No;No;No;No;No;No;0.0;-6.0;0.2;-6.1;0.32;-6.17;0.38;-6.21;0.41;-6.23;0.43;-6.21;0.44;-6.21;0.44;-6.22;CACC
5314;21.5;27.5;0.7;5;100;6;Successful;Effective;No;No;No;No;No;No;0.0;-6.0;0.25;-6.1;0.39;-6.18;0.47;-6.22;0.51;-6.25;0.54;-6.23;0.55;-6.23;0.55;-6.25;CACC
5315;21.5;27.5;0.7;8;100;6;Successful;Effective;No;No;No;No;No;No;0.0;-6.0;0.25;-6.1;0.39;-6.18;0.47;-6.22;0.51;-6.25;0.54;-6.23;0.55;-6.23;0.55;-6.25;CACC
5316;21.5;27.5;0.7;10;100;6;Successful;Effective;No;No;No;No;No;No;0.0;-6.0;0.25;-6.1;0.39;-6.18;0.47;-6.22;0.51;-6.25;0.54;-6.23;0.55;-6.23;0.55;-6.25;CACC
5317;21.5;27.5;0.7;5;80;7;Successful;Effective;No;No;No;No;No;No;0.0;-7.0;0.2;-7.11;0.32;-7.19;0.38;-7.24;0.41;-7.26;0.43;-7.23;0.44;-7.23;0.44;-7.25;CACC
5318;21.5;27.5;0.7;8;80;7;Successful;Effective;No;No;No;No;No;No;0.0;-7.0;0.2;-7.11;0.32;-7.19;0.38;-7.24;0.41;-7.26;0.43;-7.23;0.44;-7.23;0.44;-7.25;CACC
5319;21.5;27.5;0.7;10;80;7;Successful;Effective;No;No;No;No;No;No;0.0;-7.0;0.2;-7.11;0.32;-7.19;0.38;-7.24;0.41;-7.26;0.43;-7.23;0.44;-7.23;0.44;-7.25;CACC
5320;21.5;27.5;0.7;5;100;7;Successful;Effective;No;No;No;No;No;No;0.0;-7.0;0.25;-7.12;0.39;-7.2;0.47;-7.25;0.51;-7.27;0.54;-7.25;0.55;-7.25;0.55;-7.27;CACC
5321;21.5;27.5;0.7;8;100;7;Successful;Effective;No;No;No;No;No;No;0.0;-7.0;0.25;-7.12;0.39;-7.2;0.47;-7.25;0.51;-7.27;0.54;-7.25;0.55;-7.25;0.55;-7.27;CACC
5322;21.5;27.5;0.7;10;100;7;Successful;Effective;No;No;No;No;No;No;0.0;-7.0;0.25;-7.12;0.39;-7.2;0.47;-7.25;0.51;-7.27;0.54;-7.25;0.55;-7.25;0.55;-7.27;CACC
5323;21.5;27.5;0.7;5;80;8;Successful;Effective;No;No;No;No;No;No;0.0;-7.99;0.2;-8.13;0.32;-8.21;0.38;-8.26;0.41;-8.28;0.43;-8.25;0.44;-8.25;0.44;-8.27;CACC
5324;21.5;27.5;0.7;8;80;8;Successful;Effective;No;No;No;No;No;No;0.0;-7.99;0.2;-8.13;0.32;-8.21;0.38;-8.26;0.41;-8.28;0.43;-8.25;0.44;-8.25;0.44;-8.27;CACC
5325;21.5;27.5;0.7;10;80;8;Successful;Effective;No;No;No;No;No;No;0.0;-7.99;0.2;-8.13;0.32;-8.21;0.38;-8.26;0.41;-8.28;0.43;-8.25;0.44;-8.25;0.44;-8.27;CACC
5326;21.5;27.5;0.7;5;100;8;Successful;Effective;No;No;No;No;No;No;0.0;-8.0;0.25;-8.13;0.39;-8.22;0.47;-8.28;0.51;-8.3;0.54;-8.27;0.55;-8.27;0.55;-8.29;CACC
5327;21.5;27.5;0.7;8;100;8;Successful;Effective;No;No;No;No;No;No;0.0;-8.0;0.25;-8.13;0.39;-8.22;0.47;-8.28;0.51;-8.3;0.54;-8.27;0.55;-8.27;0.55;-8.29;CACC
5328;21.5;27.5;0.7;10;100;8;Successful;Effective;No;No;No;No;No;No;0.0;-8.0;0.25;-8.13;0.39;-8.22;0.47;-8.28;0.51;-8.3;0.54;-8.27;0.55;-8.27;0.55;-8.29;CACC
5329;21.5;27.5;0.8;5;80;5;Successful;Effective;No;No;No;No;No;No;0.0;-5.0;0.2;-5.08;0.32;-5.15;0.38;-5.19;0.41;-5.2;0.43;-5.19;0.44;-5.19;0.44;-5.2;CACC
5330;21.5;27.5;0.8;8;80;5;Successful;Effective;No;No;No;No;No;No;0.0;-5.0;0.2;-5.08;0.32;-5.15;0.38;-5.19;0.41;-5.2;0.43;-5.19;0.44;-5.19;0.44;-5.2;CACC
5331;21.5;27.5;0.8;10;80;5;Successful;Effective;No;No;No;No;No;No;0.0;-5.0;0.2;-5.08;0.32;-5.15;0.38;-5.19;0.41;-5.2;0.43;-5.19;0.44;-5.19;0.44;-5.2;CACC
5332;21.5;27.5;0.8;5;100;5;Successful;Effective;No;No;No;No;No;No;0.0;-5.0;0.25;-5.09;0.39;-5.16;0.47;-5.2;0.51;-5.22;0.54;-5.21;0.55;-5.21;0.55;-5.22;CACC
5333;21.5;27.5;0.8;8;100;5;Successful;Effective;No;No;No;No;No;No;0.0;-5.0;0.25;-5.09;0.39;-5.16;0.47;-5.2;0.51;-5.22;0.54;-5.21;0.55;-5.21;0.55;-5.22;CACC
5334;21.5;27.5;0.8;10;100;5;Successful;Effective;No;No;No;No;No;No;0.0;-5.0;0.25;-5.09;0.39;-5.16;0.47;-5.2;0.51;-5.22;0.54;-5.21;0.55;-5.21;0.55;-5.22;CACC
5335;21.5;27.5;0.8;5;80;6;Successful;Effective;No;No;No;No;No;No;0.0;-6.0;0.2;-6.1;0.32;-6.17;0.38;-6.21;0.41;-6.23;0.43;-6.21;0.44;-6.21;0.44;-6.22;CACC
5336;21.5;27.5;0.8;8;80;6;Successful;Effective;No;No;No;No;No;No;0.0;-6.0;0.2;-6.1;0.32;-6.17;0.38;-6.21;0.41;-6.23;0.43;-6.21;0.44;-6.21;0.44;-6.22;CACC
5337;21.5;27.5;0.8;10;80;6;Successful;Effective;No;No;No;No;No;No;0.0;-6.0;0.2;-6.1;0.32;-6.17;0.38;-6.21;0.41;-6.23;0.43;-6.21;0.44;-6.21;0.44;-6.22;CACC
5338;21.5;27.5;0.8;5;100;6;Successful;Effective;No;No;No;No;No;No;0.0;-6.0;0.25;-6.1;0.39;-6.18;0.47;-6.22;0.51;-6.25;0.54;-6.23;0.55;-6.23;0.55;-6.25;CACC
5339;21.5;27.5;0.8;8;100;6;Successful;Effective;No;No;No;No;No;No;0.0;-6.0;0.25;-6.1;0.39;-6.18;0.47;-6.22;0.51;-6.25;0.54;-6.23;0.55;-6.23;0.55;-6.25;CACC
5340;21.5;27.5;0.8;10;100;6;Successful;Effective;No;No;No;No;No;No;0.0;-6.0;0.25;-6.1;0.39;-6.18;0.47;-6.22;0.51;-6.25;0.54;-6.23;0.55;-6.23;0.55;-6.25;CACC
5341;21.5;27.5;0.8;5;80;7;Successful;Effective;No;No;No;No;No;No;0.0;-7.0;0.2;-7.11;0.32;-7.19;0.38;-7.24;0.41;-7.26;0.43;-7.23;0.44;-7.23;0.44;-7.25;CACC
5342;21.5;27.5;0.8;8;80;7;Successful;Effective;No;No;No;No;No;No;0.0;-7.0;0.2;-7.11;0.32;-7.19;0.38;-7.24;0.41;-7.26;0.43;-7.23;0.44;-7.23;0.44;-7.25;CACC
5343;21.5;27.5;0.8;10;80;7;Successful;Effective;No;No;No;No;No;No;0.0;-7.0;0.2;-7.11;0.32;-7.19;0.38;-7.24;0.41;-7.26;0.43;-7.23;0.44;-7.23;0.44;-7.25;CACC
5344;21.5;27.5;0.8;5;100;7;Successful;Effective;No;No;No;No;No;No;0.0;-7.0;0.25;-7.12;0.39;-7.2;0.47;-7.25;0.51;-7.27;0.54;-7.25;0.55;-7.25;0.55;-7.27;CACC
5345;21.5;27.5;0.8;8;100;7;Successful;Effective;No;No;No;No;No;No;0.0;-7.0;0.25;-7.12;0.39;-7.2;0.47;-7.25;0.51;-7.27;0.54;-7.25;0.55;-7.25;0.55;-7.27;CACC
5346;21.5;27.5;0.8;10;100;7;Successful;Effective;No;No;No;No;No;No;0.0;-7.0;0.25;-7.12;0.39;-7.2;0.47;-7.25;0.51;-7.27;0.54;-7.25;0.55;-7.25;0.55;-7.27;CACC
5347;21.5;27.5;0.8;5;80;8;Successful;Effective;No;No;No;No;No;No;0.0;-7.99;0.2;-8.13;0.32;-8.21;0.38;-8.26;0.41;-8.28;0.43;-8.25;0.44;-8.25;0.44;-8.27;CACC
5348;21.5;27.5;0.8;8;80;8;Successful;Effective;No;No;No;No;No;No;0.0;-7.99;0.2;-8.13;0.32;-8.21;0.38;-8.26;0.41;-8.28;0.43;-8.25;0.44;-8.25;0.44;-8.27;CACC
5349;21.5;27.5;0.8;10;80;8;Successful;Effective;No;No;No;No;No;No;0.0;-7.99;0.2;-8.13;0.32;-8.21;0.38;-8.26;0.41;-8.28;0.43;-8.25;0.44;-8.25;0.44;-8.27;CACC
5350;21.5;27.5;0.8;5;100;8;Successful;Effective;No;No;No;No;No;No;0.0;-8.0;0.25;-8.13;0.39;-8.22;0.47;-8.28;0.51;-8.3;0.54;-8.27;0.55;-8.27;0.55;-8.29;CACC
5351;21.5;27.5;0.8;8;100;8;Successful;Effective;No;No;No;No;No;No;0.0;-8.0;0.25;-8.13;0.39;-8.22;0.47;-8.28;0.51;-8.3;0.54;-8.27;0.55;-8.27;0.55;-8.29;CACC
5352;21.5;27.5;0.8;10;100;8;Successful;Effective;No;No;No;No;No;No;0.0;-8.0;0.25;-8.13;0.39;-8.22;0.47;-8.28;0.51;-8.3;0.54;-8.27;0.55;-8.27;0.55;-8.29;CACC
5353;21.5;27.5;0.9;5;80;5;Successful;Effective;No;No;No;No;No;No;0.0;-5.0;0.2;-5.08;0.32;-5.15;0.38;-5.19;0.41;-5.2;0.43;-5.19;0.44;-5.19;0.44;-5.2;CACC
5354;21.5;27.5;0.9;8;80;5;Successful;Effective;No;No;No;No;No;No;0.0;-5.0;0.2;-5.08;0.32;-5.15;0.38;-5.19;0.41;-5.2;0.43;-5.19;0.44;-5.19;0.44;-5.2;CACC
5355;21.5;27.5;0.9;10;80;5;Successful;Effective;No;No;No;No;No;No;0.0;-5.0;0.2;-5.08;0.32;-5.15;0.38;-5.19;0.41;-5.2;0.43;-5.19;0.44;-5.19;0.44;-5.2;CACC
5356;21.5;27.5;0.9;5;100;5;Successful;Effective;No;No;No;No;No;No;0.0;-5.0;0.25;-5.09;0.39;-5.16;0.47;-5.2;0.51;-5.22;0.54;-5.21;0.55;-5.21;0.55;-5.22;CACC
5357;21.5;27.5;0.9;8;100;5;Successful;Effective;No;No;No;No;No;No;0.0;-5.0;0.25;-5.09;0.39;-5.16;0.47;-5.2;0.51;-5.22;0.54;-5.21;0.55;-5.21;0.55;-5.22;CACC
5358;21.5;27.5;0.9;10;100;5;Successful;Effective;No;No;No;No;No;No;0.0;-5.0;0.25;-5.09;0.39;-5.16;0.47;-5.2;0.51;-5.22;0.54;-5.21;0.55;-5.21;0.55;-5.22;CACC
5359;21.5;27.5;0.9;5;80;6;Successful;Effective;No;No;No;No;No;No;0.0;-6.0;0.2;-6.1;0.32;-6.17;0.38;-6.21;0.41;-6.23;0.43;-6.21;0.44;-6.21;0.44;-6.22;CACC
5360;21.5;27.5;0.9;8;80;6;Successful;Effective;No;No;No;No;No;No;0.0;-6.0;0.2;-6.1;0.32;-6.17;0.38;-6.21;0.41;-6.23;0.43;-6.21;0.44;-6.21;0.44;-6.22;CACC
5361;21.5;27.5;0.9;10;80;6;Successful;Effective;No;No;No;No;No;No;0.0;-6.0;0.2;-6.1;0.32;-6.17;0.38;-6.21;0.41;-6.23;0.43;-6.21;0.44;-6.21;0.44;-6.22;CACC
5362;21.5;27.5;0.9;5;100;6;Successful;Effective;No;No;No;No;No;No;0.0;-6.0;0.25;-6.1;0.39;-6.18;0.47;-6.22;0.51;-6.25;0.54;-6.23;0.55;-6.23;0.55;-6.25;CACC
5363;21.5;27.5;0.9;8;100;6;Successful;Effective;No;No;No;No;No;No;0.0;-6.0;0.25;-6.1;0.39;-6.18;0.47;-6.22;0.51;-6.25;0.54;-6.23;0.55;-6.23;0.55;-6.25;CACC
5364;21.5;27.5;0.9;10;100;6;Successful;Effective;No;No;No;No;No;No;0.0;-6.0;0.25;-6.1;0.39;-6.18;0.47;-6.22;0.51;-6.25;0.54;-6.23;0.55;-6.23;0.55;-6.25;CACC
5365;21.5;27.5;0.9;5;80;7;Successful;Effective;No;No;No;No;No;No;0.0;-7.0;0.2;-7.11;0.32;-7.19;0.38;-7.24;0.41;-7.26;0.43;-7.23;0.44;-7.23;0.44;-7.25;CACC
5366;21.5;27.5;0.9;8;80;7;Successful;Effective;No;No;No;No;No;No;0.0;-7.0;0.2;-7.11;0.32;-7.19;0.38;-7.24;0.41;-7.26;0.43;-7.23;0.44;-7.23;0.44;-7.25;CACC
5367;21.5;27.5;0.9;10;80;7;Successful;Effective;No;No;No;No;No;No;0.0;-7.0;0.2;-7.11;0.32;-7.19;0.38;-7.24;0.41;-7.26;0.43;-7.23;0.44;-7.23;0.44;-7.25;CACC
5368;21.5;27.5;0.9;5;100;7;Successful;Effective;No;No;No;No;No;No;0.0;-7.0;0.25;-7.12;0.39;-7.2;0.47;-7.25;0.51;-7.27;0.54;-7.25;0.55;-7.25;0.55;-7.27;CACC
5369;21.5;27.5;0.9;8;100;7;Successful;Effective;No;No;No;No;No;No;0.0;-7.0;0.25;-7.12;0.39;-7.2;0.47;-7.25;0.51;-7.27;0.54;-7.25;0.55;-7.25;0.55;-7.27;CACC
5370;21.5;27.5;0.9;10;100;7;Successful;Effective;No;No;No;No;No;No;0.0;-7.0;0.25;-7.12;0.39;-7.2;0.47;-7.25;0.51;-7.27;0.54;-7.25;0.55;-7.25;0.55;-7.27;CACC
5371;21.5;27.5;0.9;5;80;8;Successful;Effective;No;No;No;No;No;No;0.0;-7.99;0.2;-8.13;0.32;-8.21;0.38;-8.26;0.41;-8.28;0.43;-8.25;0.44;-8.25;0.44;-8.27;CACC
5372;21.5;27.5;0.9;8;80;8;Successful;Effective;No;No;No;No;No;No;0.0;-7.99;0.2;-8.13;0.32;-8.21;0.38;-8.26;0.41;-8.28;0.43;-8.25;0.44;-8.25;0.44;-8.27;CACC
5373;21.5;27.5;0.9;10;80;8;Successful;Effective;No;No;No;No;No;No;0.0;-7.99;0.2;-8.13;0.32;-8.21;0.38;-8.26;0.41;-8.28;0.43;-8.25;0.44;-8.25;0.44;-8.27;CACC
5374;21.5;27.5;0.9;5;100;8;Successful;Effective;No;No;No;No;No;No;0.0;-8.0;0.25;-8.13;0.39;-8.22;0.47;-8.28;0.51;-8.3;0.54;-8.27;0.55;-8.27;0.55;-8.29;CACC
5375;21.5;27.5;0.9;8;100;8;Successful;Effective;No;No;No;No;No;No;0.0;-8.0;0.25;-8.13;0.39;-8.22;0.47;-8.28;0.51;-8.3;0.54;-8.27;0.55;-8.27;0.55;-8.29;CACC
5376;21.5;27.5;0.9;10;100;8;Successful;Effective;No;No;No;No;No;No;0.0;-8.0;0.25;-8.13;0.39;-8.22;0.47;-8.28;0.51;-8.3;0.54;-8.27;0.55;-8.27;0.55;-8.29;CACC
5377;21.6;27.6;0.6;5;80;5;Successful;Effective;No;No;No;No;No;No;0.0;-5.0;0.2;-5.08;0.32;-5.15;0.38;-5.19;0.41;-5.2;0.43;-5.19;0.44;-5.19;0.44;-5.2;CACC
5378;21.6;27.6;0.6;8;80;5;Successful;Effective;No;No;No;No;No;No;0.0;-5.0;0.2;-5.08;0.32;-5.15;0.38;-5.19;0.41;-5.2;0.43;-5.19;0.44;-5.19;0.44;-5.2;CACC
5379;21.6;27.6;0.6;10;80;5;Successful;Effective;No;No;No;No;No;No;0.0;-5.0;0.2;-5.08;0.32;-5.15;0.38;-5.19;0.41;-5.2;0.43;-5.19;0.44;-5.19;0.44;-5.2;CACC
5380;21.6;27.6;0.6;5;100;5;Successful;Effective;No;No;No;No;No;No;0.0;-5.0;0.25;-5.09;0.39;-5.16;0.47;-5.2;0.51;-5.22;0.54;-5.21;0.55;-5.21;0.55;-5.22;CACC
5381;21.6;27.6;0.6;8;100;5;Successful;Effective;No;No;No;No;No;No;0.0;-5.0;0.25;-5.09;0.39;-5.16;0.47;-5.2;0.51;-5.22;0.54;-5.21;0.55;-5.21;0.55;-5.22;CACC
5382;21.6;27.6;0.6;10;100;5;Successful;Effective;No;No;No;No;No;No;0.0;-5.0;0.25;-5.09;0.39;-5.16;0.47;-5.2;0.51;-5.22;0.54;-5.21;0.55;-5.21;0.55;-5.22;CACC
5383;21.6;27.6;0.6;5;80;6;Successful;Effective;No;No;No;No;No;No;0.0;-6.0;0.2;-6.1;0.32;-6.17;0.38;-6.21;0.41;-6.23;0.43;-6.21;0.44;-6.21;0.44;-6.22;CACC
5384;21.6;27.6;0.6;8;80;6;Successful;Effective;No;No;No;No;No;No;0.0;-6.0;0.2;-6.1;0.32;-6.17;0.38;-6.21;0.41;-6.23;0.43;-6.21;0.44;-6.21;0.44;-6.22;CACC
5385;21.6;27.6;0.6;10;80;6;Successful;Effective;No;No;No;No;No;No;0.0;-6.0;0.2;-6.1;0.32;-6.17;0.38;-6.21;0.41;-6.23;0.43;-6.21;0.44;-6.21;0.44;-6.22;CACC
5386;21.6;27.6;0.6;5;100;6;Successful;Effective;No;No;No;No;No;No;0.0;-6.0;0.25;-6.1;0.39;-6.18;0.47;-6.22;0.51;-6.25;0.54;-6.23;0.55;-6.23;0.55;-6.25;CACC
5387;21.6;27.6;0.6;8;100;6;Successful;Effective;No;No;No;No;No;No;0.0;-6.0;0.25;-6.1;0.39;-6.18;0.47;-6.22;0.51;-6.25;0.54;-6.23;0.55;-6.23;0.55;-6.25;CACC
5388;21.6;27.6;0.6;10;100;6;Successful;Effective;No;No;No;No;No;No;0.0;-6.0;0.25;-6.1;0.39;-6.18;0.47;-6.22;0.51;-6.25;0.54;-6.23;0.55;-6.23;0.55;-6.25;CACC
5389;21.6;27.6;0.6;5;80;7;Successful;Effective;No;No;No;No;No;No;0.0;-7.0;0.2;-7.11;0.32;-7.19;0.38;-7.24;0.41;-7.26;0.43;-7.23;0.44;-7.23;0.44;-7.25;CACC
5390;21.6;27.6;0.6;8;80;7;Successful;Effective;No;No;No;No;No;No;0.0;-7.0;0.2;-7.11;0.32;-7.19;0.38;-7.24;0.41;-7.26;0.43;-7.23;0.44;-7.23;0.44;-7.25;CACC
5391;21.6;27.6;0.6;10;80;7;Successful;Effective;No;No;No;No;No;No;0.0;-7.0;0.2;-7.11;0.32;-7.19;0.38;-7.24;0.41;-7.26;0.43;-7.23;0.44;-7.23;0.44;-7.25;CACC
5392;21.6;27.6;0.6;5;100;7;Successful;Effective;No;No;No;No;No;No;0.0;-7.0;0.25;-7.12;0.39;-7.2;0.47;-7.25;0.51;-7.27;0.54;-7.25;0.55;-7.25;0.55;-7.27;CACC
5393;21.6;27.6;0.6;8;100;7;Successful;Effective;No;No;No;No;No;No;0.0;-7.0;0.25;-7.12;0.39;-7.2;0.47;-7.25;0.51;-7.27;0.54;-7.25;0.55;-7.25;0.55;-7.27;CACC
5394;21.6;27.6;0.6;10;100;7;Successful;Effective;No;No;No;No;No;No;0.0;-7.0;0.25;-7.12;0.39;-7.2;0.47;-7.25;0.51;-7.27;0.54;-7.25;0.55;-7.25;0.55;-7.27;CACC
5395;21.6;27.6;0.6;5;80;8;Successful;Effective;No;No;No;No;No;No;0.0;-7.99;0.2;-8.13;0.32;-8.21;0.38;-8.26;0.41;-8.28;0.43;-8.25;0.44;-8.25;0.44;-8.27;CACC
5396;21.6;27.6;0.6;8;80;8;Successful;Effective;No;No;No;No;No;No;0.0;-7.99;0.2;-8.13;0.32;-8.21;0.38;-8.26;0.41;-8.28;0.43;-8.25;0.44;-8.25;0.44;-8.27;CACC
5397;21.6;27.6;0.6;10;80;8;Successful;Effective;No;No;No;No;No;No;0.0;-7.99;0.2;-8.13;0.32;-8.21;0.38;-8.26;0.41;-8.28;0.43;-8.25;0.44;-8.25;0.44;-8.27;CACC
5398;21.6;27.6;0.6;5;100;8;Successful;Effective;No;No;No;No;No;No;0.0;-8.0;0.25;-8.13;0.39;-8.22;0.47;-8.28;0.51;-8.3;0.54;-8.27;0.55;-8.27;0.55;-8.29;CACC
5399;21.6;27.6;0.6;8;100;8;Successful;Effective;No;No;No;No;No;No;0.0;-8.0;0.25;-8.13;0.39;-8.22;0.47;-8.28;0.51;-8.3;0.54;-8.27;0.55;-8.27;0.55;-8.29;CACC
5400;21.6;27.6;0.6;10;100;8;Successful;Effective;No;No;No;No;No;No;0.0;-8.0;0.25;-8.13;0.39;-8.22;0.47;-8.28;0.51;-8.3;0.54;-8.27;0.55;-8.27;0.55;-8.29;CACC
5401;21.6;27.6;0.7;5;80;5;Successful;Effective;No;No;No;No;No;No;0.0;-5.0;0.2;-5.08;0.32;-5.15;0.38;-5.19;0.41;-5.2;0.43;-5.19;0.44;-5.19;0.44;-5.2;CACC
5402;21.6;27.6;0.7;8;80;5;Successful;Effective;No;No;No;No;No;No;0.0;-5.0;0.2;-5.08;0.32;-5.15;0.38;-5.19;0.41;-5.2;0.43;-5.19;0.44;-5.19;0.44;-5.2;CACC
5403;21.6;27.6;0.7;10;80;5;Successful;Effective;No;No;No;No;No;No;0.0;-5.0;0.2;-5.08;0.32;-5.15;0.38;-5.19;0.41;-5.2;0.43;-5.19;0.44;-5.19;0.44;-5.2;CACC
5404;21.6;27.6;0.7;5;100;5;Successful;Effective;No;No;No;No;No;No;0.0;-5.0;0.25;-5.09;0.39;-5.16;0.47;-5.2;0.51;-5.22;0.54;-5.21;0.55;-5.21;0.55;-5.22;CACC
5405;21.6;27.6;0.7;8;100;5;Successful;Effective;No;No;No;No;No;No;0.0;-5.0;0.25;-5.09;0.39;-5.16;0.47;-5.2;0.51;-5.22;0.54;-5.21;0.55;-5.21;0.55;-5.22;CACC
5406;21.6;27.6;0.7;10;100;5;Successful;Effective;No;No;No;No;No;No;0.0;-5.0;0.25;-5.09;0.39;-5.16;0.47;-5.2;0.51;-5.22;0.54;-5.21;0.55;-5.21;0.55;-5.22;CACC
5407;21.6;27.6;0.7;5;80;6;Successful;Effective;No;No;No;No;No;No;0.0;-6.0;0.2;-6.1;0.32;-6.17;0.38;-6.21;0.41;-6.23;0.43;-6.21;0.44;-6.21;0.44;-6.22;CACC
5408;21.6;27.6;0.7;8;80;6;Successful;Effective;No;No;No;No;No;No;0.0;-6.0;0.2;-6.1;0.32;-6.17;0.38;-6.21;0.41;-6.23;0.43;-6.21;0.44;-6.21;0.44;-6.22;CACC
5409;21.6;27.6;0.7;10;80;6;Successful;Effective;No;No;No;No;No;No;0.0;-6.0;0.2;-6.1;0.32;-6.17;0.38;-6.21;0.41;-6.23;0.43;-6.21;0.44;-6.21;0.44;-6.22;CACC
5410;21.6;27.6;0.7;5;100;6;Successful;Effective;No;No;No;No;No;No;0.0;-6.0;0.25;-6.1;0.39;-6.18;0.47;-6.22;0.51;-6.25;0.54;-6.23;0.55;-6.23;0.55;-6.25;CACC
5411;21.6;27.6;0.7;8;100;6;Successful;Effective;No;No;No;No;No;No;0.0;-6.0;0.25;-6.1;0.39;-6.18;0.47;-6.22;0.51;-6.25;0.54;-6.23;0.55;-6.23;0.55;-6.25;CACC
5412;21.6;27.6;0.7;10;100;6;Successful;Effective;No;No;No;No;No;No;0.0;-6.0;0.25;-6.1;0.39;-6.18;0.47;-6.22;0.51;-6.25;0.54;-6.23;0.55;-6.23;0.55;-6.25;CACC
5413;21.6;27.6;0.7;5;80;7;Successful;Effective;No;No;No;No;No;No;0.0;-7.0;0.2;-7.11;0.32;-7.19;0.38;-7.24;0.41;-7.26;0.43;-7.23;0.44;-7.23;0.44;-7.25;CACC
5414;21.6;27.6;0.7;8;80;7;Successful;Effective;No;No;No;No;No;No;0.0;-7.0;0.2;-7.11;0.32;-7.19;0.38;-7.24;0.41;-7.26;0.43;-7.23;0.44;-7.23;0.44;-7.25;CACC
5415;21.6;27.6;0.7;10;80;7;Successful;Effective;No;No;No;No;No;No;0.0;-7.0;0.2;-7.11;0.32;-7.19;0.38;-7.24;0.41;-7.26;0.43;-7.23;0.44;-7.23;0.44;-7.25;CACC
5416;21.6;27.6;0.7;5;100;7;Successful;Effective;No;No;No;No;No;No;0.0;-7.0;0.25;-7.12;0.39;-7.2;0.47;-7.25;0.51;-7.27;0.54;-7.25;0.55;-7.25;0.55;-7.27;CACC
5417;21.6;27.6;0.7;8;100;7;Successful;Effective;No;No;No;No;No;No;0.0;-7.0;0.25;-7.12;0.39;-7.2;0.47;-7.25;0.51;-7.27;0.54;-7.25;0.55;-7.25;0.55;-7.27;CACC
5418;21.6;27.6;0.7;10;100;7;Successful;Effective;No;No;No;No;No;No;0.0;-7.0;0.25;-7.12;0.39;-7.2;0.47;-7.25;0.51;-7.27;0.54;-7.25;0.55;-7.25;0.55;-7.27;CACC
5419;21.6;27.6;0.7;5;80;8;Successful;Effective;No;No;No;No;No;No;0.0;-7.99;0.2;-8.13;0.32;-8.21;0.38;-8.26;0.41;-8.28;0.43;-8.25;0.44;-8.25;0.44;-8.27;CACC
5420;21.6;27.6;0.7;8;80;8;Successful;Effective;No;No;No;No;No;No;0.0;-7.99;0.2;-8.13;0.32;-8.21;0.38;-8.26;0.41;-8.28;0.43;-8.25;0.44;-8.25;0.44;-8.27;CACC
5421;21.6;27.6;0.7;10;80;8;Successful;Effective;No;No;No;No;No;No;0.0;-7.99;0.2;-8.13;0.32;-8.21;0.38;-8.26;0.41;-8.28;0.43;-8.25;0.44;-8.25;0.44;-8.27;CACC
5422;21.6;27.6;0.7;5;100;8;Successful;Effective;No;No;No;No;No;No;0.0;-8.0;0.25;-8.13;0.39;-8.22;0.47;-8.28;0.51;-8.3;0.54;-8.27;0.55;-8.27;0.55;-8.29;CACC
5423;21.6;27.6;0.7;8;100;8;Successful;Effective;No;No;No;No;No;No;0.0;-8.0;0.25;-8.13;0.39;-8.22;0.47;-8.28;0.51;-8.3;0.54;-8.27;0.55;-8.27;0.55;-8.29;CACC
5424;21.6;27.6;0.7;10;100;8;Successful;Effective;No;No;No;No;No;No;0.0;-8.0;0.25;-8.13;0.39;-8.22;0.47;-8.28;0.51;-8.3;0.54;-8.27;0.55;-8.27;0.55;-8.29;CACC
5425;21.6;27.6;0.8;5;80;5;Successful;Effective;No;No;No;No;No;No;0.0;-5.0;0.2;-5.08;0.32;-5.15;0.38;-5.19;0.41;-5.2;0.43;-5.19;0.44;-5.19;0.44;-5.2;CACC
5426;21.6;27.6;0.8;8;80;5;Successful;Effective;No;No;No;No;No;No;0.0;-5.0;0.2;-5.08;0.32;-5.15;0.38;-5.19;0.41;-5.2;0.43;-5.19;0.44;-5.19;0.44;-5.2;CACC
5427;21.6;27.6;0.8;10;80;5;Successful;Effective;No;No;No;No;No;No;0.0;-5.0;0.2;-5.08;0.32;-5.15;0.38;-5.19;0.41;-5.2;0.43;-5.19;0.44;-5.19;0.44;-5.2;CACC
5428;21.6;27.6;0.8;5;100;5;Successful;Effective;No;No;No;No;No;No;0.0;-5.0;0.25;-5.09;0.39;-5.16;0.47;-5.2;0.51;-5.22;0.54;-5.21;0.55;-5.21;0.55;-5.22;CACC
5429;21.6;27.6;0.8;8;100;5;Successful;Effective;No;No;No;No;No;No;0.0;-5.0;0.25;-5.09;0.39;-5.16;0.47;-5.2;0.51;-5.22;0.54;-5.21;0.55;-5.21;0.55;-5.22;CACC
5430;21.6;27.6;0.8;10;100;5;Successful;Effective;No;No;No;No;No;No;0.0;-5.0;0.25;-5.09;0.39;-5.16;0.47;-5.2;0.51;-5.22;0.54;-5.21;0.55;-5.21;0.55;-5.22;CACC
5431;21.6;27.6;0.8;5;80;6;Successful;Effective;No;No;No;No;No;No;0.0;-6.0;0.2;-6.1;0.32;-6.17;0.38;-6.21;0.41;-6.23;0.43;-6.21;0.44;-6.21;0.44;-6.22;CACC
5432;21.6;27.6;0.8;8;80;6;Successful;Effective;No;No;No;No;No;No;0.0;-6.0;0.2;-6.1;0.32;-6.17;0.38;-6.21;0.41;-6.23;0.43;-6.21;0.44;-6.21;0.44;-6.22;CACC
5433;21.6;27.6;0.8;10;80;6;Successful;Effective;No;No;No;No;No;No;0.0;-6.0;0.2;-6.1;0.32;-6.17;0.38;-6.21;0.41;-6.23;0.43;-6.21;0.44;-6.21;0.44;-6.22;CACC
5434;21.6;27.6;0.8;5;100;6;Successful;Effective;No;No;No;No;No;No;0.0;-6.0;0.25;-6.1;0.39;-6.18;0.47;-6.22;0.51;-6.25;0.54;-6.23;0.55;-6.23;0.55;-6.25;CACC
5435;21.6;27.6;0.8;8;100;6;Successful;Effective;No;No;No;No;No;No;0.0;-6.0;0.25;-6.1;0.39;-6.18;0.47;-6.22;0.51;-6.25;0.54;-6.23;0.55;-6.23;0.55;-6.25;CACC
5436;21.6;27.6;0.8;10;100;6;Successful;Effective;No;No;No;No;No;No;0.0;-6.0;0.25;-6.1;0.39;-6.18;0.47;-6.22;0.51;-6.25;0.54;-6.23;0.55;-6.23;0.55;-6.25;CACC
5437;21.6;27.6;0.8;5;80;7;Successful;Effective;No;No;No;No;No;No;0.0;-7.0;0.2;-7.11;0.32;-7.19;0.38;-7.24;0.41;-7.26;0.43;-7.23;0.44;-7.23;0.44;-7.25;CACC
5438;21.6;27.6;0.8;8;80;7;Successful;Effective;No;No;No;No;No;No;0.0;-7.0;0.2;-7.11;0.32;-7.19;0.38;-7.24;0.41;-7.26;0.43;-7.23;0.44;-7.23;0.44;-7.25;CACC
5439;21.6;27.6;0.8;10;80;7;Successful;Effective;No;No;No;No;No;No;0.0;-7.0;0.2;-7.11;0.32;-7.19;0.38;-7.24;0.41;-7.26;0.43;-7.23;0.44;-7.23;0.44;-7.25;CACC
5440;21.6;27.6;0.8;5;100;7;Successful;Effective;No;No;No;No;No;No;0.0;-7.0;0.25;-7.12;0.39;-7.2;0.47;-7.25;0.51;-7.27;0.54;-7.25;0.55;-7.25;0.55;-7.27;CACC
5441;21.6;27.6;0.8;8;100;7;Successful;Effective;No;No;No;No;No;No;0.0;-7.0;0.25;-7.12;0.39;-7.2;0.47;-7.25;0.51;-7.27;0.54;-7.25;0.55;-7.25;0.55;-7.27;CACC
5442;21.6;27.6;0.8;10;100;7;Successful;Effective;No;No;No;No;No;No;0.0;-7.0;0.25;-7.12;0.39;-7.2;0.47;-7.25;0.51;-7.27;0.54;-7.25;0.55;-7.25;0.55;-7.27;CACC
5443;21.6;27.6;0.8;5;80;8;Successful;Effective;No;No;No;No;No;No;0.0;-7.99;0.2;-8.13;0.32;-8.21;0.38;-8.26;0.41;-8.28;0.43;-8.25;0.44;-8.25;0.44;-8.27;CACC
5444;21.6;27.6;0.8;8;80;8;Successful;Effective;No;No;No;No;No;No;0.0;-7.99;0.2;-8.13;0.32;-8.21;0.38;-8.26;0.41;-8.28;0.43;-8.25;0.44;-8.25;0.44;-8.27;CACC
5445;21.6;27.6;0.8;10;80;8;Successful;Effective;No;No;No;No;No;No;0.0;-7.99;0.2;-8.13;0.32;-8.21;0.38;-8.26;0.41;-8.28;0.43;-8.25;0.44;-8.25;0.44;-8.27;CACC
5446;21.6;27.6;0.8;5;100;8;Successful;Effective;No;No;No;No;No;No;0.0;-8.0;0.25;-8.13;0.39;-8.22;0.47;-8.28;0.51;-8.3;0.54;-8.27;0.55;-8.27;0.55;-8.29;CACC
5447;21.6;27.6;0.8;8;100;8;Successful;Effective;No;No;No;No;No;No;0.0;-8.0;0.25;-8.13;0.39;-8.22;0.47;-8.28;0.51;-8.3;0.54;-8.27;0.55;-8.27;0.55;-8.29;CACC
5448;21.6;27.6;0.8;10;100;8;Successful;Effective;No;No;No;No;No;No;0.0;-8.0;0.25;-8.13;0.39;-8.22;0.47;-8.28;0.51;-8.3;0.54;-8.27;0.55;-8.27;0.55;-8.29;CACC
5449;21.6;27.6;0.9;5;80;5;Successful;Effective;No;No;No;No;No;No;0.0;-5.0;0.2;-5.08;0.32;-5.15;0.38;-5.19;0.41;-5.2;0.43;-5.19;0.44;-5.19;0.44;-5.2;CACC
5450;21.6;27.6;0.9;8;80;5;Successful;Effective;No;No;No;No;No;No;0.0;-5.0;0.2;-5.08;0.32;-5.15;0.38;-5.19;0.41;-5.2;0.43;-5.19;0.44;-5.19;0.44;-5.2;CACC
5451;21.6;27.6;0.9;10;80;5;Successful;Effective;No;No;No;No;No;No;0.0;-5.0;0.2;-5.08;0.32;-5.15;0.38;-5.19;0.41;-5.2;0.43;-5.19;0.44;-5.19;0.44;-5.2;CACC
5452;21.6;27.6;0.9;5;100;5;Successful;Effective;No;No;No;No;No;No;0.0;-5.0;0.25;-5.09;0.39;-5.16;0.47;-5.2;0.51;-5.22;0.54;-5.21;0.55;-5.21;0.55;-5.22;CACC
5453;21.6;27.6;0.9;8;100;5;Successful;Effective;No;No;No;No;No;No;0.0;-5.0;0.25;-5.09;0.39;-5.16;0.47;-5.2;0.51;-5.22;0.54;-5.21;0.55;-5.21;0.55;-5.22;CACC
5454;21.6;27.6;0.9;10;100;5;Successful;Effective;No;No;No;No;No;No;0.0;-5.0;0.25;-5.09;0.39;-5.16;0.47;-5.2;0.51;-5.22;0.54;-5.21;0.55;-5.21;0.55;-5.22;CACC
5455;21.6;27.6;0.9;5;80;6;Successful;Effective;No;No;No;No;No;No;0.0;-6.0;0.2;-6.1;0.32;-6.17;0.38;-6.21;0.41;-6.23;0.43;-6.21;0.44;-6.21;0.44;-6.22;CACC
5456;21.6;27.6;0.9;8;80;6;Successful;Effective;No;No;No;No;No;No;0.0;-6.0;0.2;-6.1;0.32;-6.17;0.38;-6.21;0.41;-6.23;0.43;-6.21;0.44;-6.21;0.44;-6.22;CACC
5457;21.6;27.6;0.9;10;80;6;Successful;Effective;No;No;No;No;No;No;0.0;-6.0;0.2;-6.1;0.32;-6.17;0.38;-6.21;0.41;-6.23;0.43;-6.21;0.44;-6.21;0.44;-6.22;CACC
5458;21.6;27.6;0.9;5;100;6;Successful;Effective;No;No;No;No;No;No;0.0;-6.0;0.25;-6.1;0.39;-6.18;0.47;-6.22;0.51;-6.25;0.54;-6.23;0.55;-6.23;0.55;-6.25;CACC
5459;21.6;27.6;0.9;8;100;6;Successful;Effective;No;No;No;No;No;No;0.0;-6.0;0.25;-6.1;0.39;-6.18;0.47;-6.22;0.51;-6.25;0.54;-6.23;0.55;-6.23;0.55;-6.25;CACC
5460;21.6;27.6;0.9;10;100;6;Successful;Effective;No;No;No;No;No;No;0.0;-6.0;0.25;-6.1;0.39;-6.18;0.47;-6.22;0.51;-6.25;0.54;-6.23;0.55;-6.23;0.55;-6.25;CACC
5461;21.6;27.6;0.9;5;80;7;Successful;Effective;No;No;No;No;No;No;0.0;-7.0;0.2;-7.11;0.32;-7.19;0.38;-7.24;0.41;-7.26;0.43;-7.23;0.44;-7.23;0.44;-7.25;CACC
5462;21.6;27.6;0.9;8;80;7;Successful;Effective;No;No;No;No;No;No;0.0;-7.0;0.2;-7.11;0.32;-7.19;0.38;-7.24;0.41;-7.26;0.43;-7.23;0.44;-7.23;0.44;-7.25;CACC
5463;21.6;27.6;0.9;10;80;7;Successful;Effective;No;No;No;No;No;No;0.0;-7.0;0.2;-7.11;0.32;-7.19;0.38;-7.24;0.41;-7.26;0.43;-7.23;0.44;-7.23;0.44;-7.25;CACC
5464;21.6;27.6;0.9;5;100;7;Successful;Effective;No;No;No;No;No;No;0.0;-7.0;0.25;-7.12;0.39;-7.2;0.47;-7.25;0.51;-7.27;0.54;-7.25;0.55;-7.25;0.55;-7.27;CACC
5465;21.6;27.6;0.9;8;100;7;Successful;Effective;No;No;No;No;No;No;0.0;-7.0;0.25;-7.12;0.39;-7.2;0.47;-7.25;0.51;-7.27;0.54;-7.25;0.55;-7.25;0.55;-7.27;CACC
5466;21.6;27.6;0.9;10;100;7;Successful;Effective;No;No;No;No;No;No;0.0;-7.0;0.25;-7.12;0.39;-7.2;0.47;-7.25;0.51;-7.27;0.54;-7.25;0.55;-7.25;0.55;-7.27;CACC
5467;21.6;27.6;0.9;5;80;8;Successful;Effective;No;No;No;No;No;No;0.0;-7.99;0.2;-8.13;0.32;-8.21;0.38;-8.26;0.41;-8.28;0.43;-8.25;0.44;-8.25;0.44;-8.27;CACC
5468;21.6;27.6;0.9;8;80;8;Successful;Effective;No;No;No;No;No;No;0.0;-7.99;0.2;-8.13;0.32;-8.21;0.38;-8.26;0.41;-8.28;0.43;-8.25;0.44;-8.25;0.44;-8.27;CACC
5469;21.6;27.6;0.9;10;80;8;Successful;Effective;No;No;No;No;No;No;0.0;-7.99;0.2;-8.13;0.32;-8.21;0.38;-8.26;0.41;-8.28;0.43;-8.25;0.44;-8.25;0.44;-8.27;CACC
5470;21.6;27.6;0.9;5;100;8;Successful;Effective;No;No;No;No;No;No;0.0;-8.0;0.25;-8.13;0.39;-8.22;0.47;-8.28;0.51;-8.3;0.54;-8.27;0.55;-8.27;0.55;-8.29;CACC
5471;21.6;27.6;0.9;8;100;8;Successful;Effective;No;No;No;No;No;No;0.0;-8.0;0.25;-8.13;0.39;-8.22;0.47;-8.28;0.51;-8.3;0.54;-8.27;0.55;-8.27;0.55;-8.29;CACC
5472;21.6;27.6;0.9;10;100;8;Successful;Effective;No;No;No;No;No;No;0.0;-8.0;0.25;-8.13;0.39;-8.22;0.47;-8.28;0.51;-8.3;0.54;-8.27;0.55;-8.27;0.55;-8.29;CACC
5473;21.7;27.7;0.6;5;80;5;Successful;Effective;No;No;No;No;No;No;0.0;-5.0;0.2;-5.08;0.32;-5.15;0.38;-5.19;0.41;-5.2;0.43;-5.19;0.44;-5.19;0.44;-5.2;CACC
5474;21.7;27.7;0.6;8;80;5;Successful;Effective;No;No;No;No;No;No;0.0;-5.0;0.2;-5.08;0.32;-5.15;0.38;-5.19;0.41;-5.2;0.43;-5.19;0.44;-5.19;0.44;-5.2;CACC
5475;21.7;27.7;0.6;10;80;5;Successful;Effective;No;No;No;No;No;No;0.0;-5.0;0.2;-5.08;0.32;-5.15;0.38;-5.19;0.41;-5.2;0.43;-5.19;0.44;-5.19;0.44;-5.2;CACC
5476;21.7;27.7;0.6;5;100;5;Successful;Effective;No;No;No;No;No;No;0.0;-5.0;0.25;-5.09;0.39;-5.16;0.47;-5.2;0.51;-5.22;0.54;-5.21;0.55;-5.21;0.55;-5.22;CACC
5477;21.7;27.7;0.6;8;100;5;Successful;Effective;No;No;No;No;No;No;0.0;-5.0;0.25;-5.09;0.39;-5.16;0.47;-5.2;0.51;-5.22;0.54;-5.21;0.55;-5.21;0.55;-5.22;CACC
5478;21.7;27.7;0.6;10;100;5;Successful;Effective;No;No;No;No;No;No;0.0;-5.0;0.25;-5.09;0.39;-5.16;0.47;-5.2;0.51;-5.22;0.54;-5.21;0.55;-5.21;0.55;-5.22;CACC
5479;21.7;27.7;0.6;5;80;6;Successful;Effective;No;No;No;No;No;No;0.0;-6.0;0.2;-6.1;0.32;-6.17;0.38;-6.21;0.41;-6.23;0.43;-6.21;0.44;-6.21;0.44;-6.22;CACC
5480;21.7;27.7;0.6;8;80;6;Successful;Effective;No;No;No;No;No;No;0.0;-6.0;0.2;-6.1;0.32;-6.17;0.38;-6.21;0.41;-6.23;0.43;-6.21;0.44;-6.21;0.44;-6.22;CACC
5481;21.7;27.7;0.6;10;80;6;Successful;Effective;No;No;No;No;No;No;0.0;-6.0;0.2;-6.1;0.32;-6.17;0.38;-6.21;0.41;-6.23;0.43;-6.21;0.44;-6.21;0.44;-6.22;CACC
5482;21.7;27.7;0.6;5;100;6;Successful;Effective;No;No;No;No;No;No;0.0;-6.0;0.25;-6.1;0.39;-6.18;0.47;-6.22;0.51;-6.25;0.54;-6.23;0.55;-6.23;0.55;-6.25;CACC
5483;21.7;27.7;0.6;8;100;6;Successful;Effective;No;No;No;No;No;No;0.0;-6.0;0.25;-6.1;0.39;-6.18;0.47;-6.22;0.51;-6.25;0.54;-6.23;0.55;-6.23;0.55;-6.25;CACC
5484;21.7;27.7;0.6;10;100;6;Successful;Effective;No;No;No;No;No;No;0.0;-6.0;0.25;-6.1;0.39;-6.18;0.47;-6.22;0.51;-6.25;0.54;-6.23;0.55;-6.23;0.55;-6.25;CACC
5485;21.7;27.7;0.6;5;80;7;Successful;Effective;No;No;No;No;No;No;0.0;-7.0;0.2;-7.11;0.32;-7.19;0.38;-7.24;0.41;-7.26;0.43;-7.23;0.44;-7.23;0.44;-7.25;CACC
5486;21.7;27.7;0.6;8;80;7;Successful;Effective;No;No;No;No;No;No;0.0;-7.0;0.2;-7.11;0.32;-7.19;0.38;-7.24;0.41;-7.26;0.43;-7.23;0.44;-7.23;0.44;-7.25;CACC
5487;21.7;27.7;0.6;10;80;7;Successful;Effective;No;No;No;No;No;No;0.0;-7.0;0.2;-7.11;0.32;-7.19;0.38;-7.24;0.41;-7.26;0.43;-7.23;0.44;-7.23;0.44;-7.25;CACC
5488;21.7;27.7;0.6;5;100;7;Successful;Effective;No;No;No;No;No;No;0.0;-7.0;0.25;-7.12;0.39;-7.2;0.47;-7.25;0.51;-7.27;0.54;-7.25;0.55;-7.25;0.55;-7.27;CACC
5489;21.7;27.7;0.6;8;100;7;Successful;Effective;No;No;No;No;No;No;0.0;-7.0;0.25;-7.12;0.39;-7.2;0.47;-7.25;0.51;-7.27;0.54;-7.25;0.55;-7.25;0.55;-7.27;CACC
5490;21.7;27.7;0.6;10;100;7;Successful;Effective;No;No;No;No;No;No;0.0;-7.0;0.25;-7.12;0.39;-7.2;0.47;-7.25;0.51;-7.27;0.54;-7.25;0.55;-7.25;0.55;-7.27;CACC
5491;21.7;27.7;0.6;5;80;8;Successful;Effective;No;No;No;No;No;No;0.0;-7.99;0.2;-8.13;0.32;-8.21;0.38;-8.26;0.41;-8.28;0.43;-8.25;0.44;-8.25;0.44;-8.27;CACC
5492;21.7;27.7;0.6;8;80;8;Successful;Effective;No;No;No;No;No;No;0.0;-7.99;0.2;-8.13;0.32;-8.21;0.38;-8.26;0.41;-8.28;0.43;-8.25;0.44;-8.25;0.44;-8.27;CACC
5493;21.7;27.7;0.6;10;80;8;Successful;Effective;No;No;No;No;No;No;0.0;-7.99;0.2;-8.13;0.32;-8.21;0.38;-8.26;0.41;-8.28;0.43;-8.25;0.44;-8.25;0.44;-8.27;CACC
5494;21.7;27.7;0.6;5;100;8;Successful;Effective;No;No;No;No;No;No;0.0;-8.0;0.25;-8.13;0.39;-8.22;0.47;-8.28;0.51;-8.3;0.54;-8.27;0.55;-8.27;0.55;-8.29;CACC
5495;21.7;27.7;0.6;8;100;8;Successful;Effective;No;No;No;No;No;No;0.0;-8.0;0.25;-8.13;0.39;-8.22;0.47;-8.28;0.51;-8.3;0.54;-8.27;0.55;-8.27;0.55;-8.29;CACC
5496;21.7;27.7;0.6;10;100;8;Successful;Effective;No;No;No;No;No;No;0.0;-8.0;0.25;-8.13;0.39;-8.22;0.47;-8.28;0.51;-8.3;0.54;-8.27;0.55;-8.27;0.55;-8.29;CACC
5497;21.7;27.7;0.7;5;80;5;Successful;Effective;No;No;No;No;No;No;0.0;-5.0;0.2;-5.08;0.32;-5.15;0.38;-5.19;0.41;-5.2;0.43;-5.19;0.44;-5.19;0.44;-5.2;CACC
5498;21.7;27.7;0.7;8;80;5;Successful;Effective;No;No;No;No;No;No;0.0;-5.0;0.2;-5.08;0.32;-5.15;0.38;-5.19;0.41;-5.2;0.43;-5.19;0.44;-5.19;0.44;-5.2;CACC
5499;21.7;27.7;0.7;10;80;5;Successful;Effective;No;No;No;No;No;No;0.0;-5.0;0.2;-5.08;0.32;-5.15;0.38;-5.19;0.41;-5.2;0.43;-5.19;0.44;-5.19;0.44;-5.2;CACC
5500;21.7;27.7;0.7;5;100;5;Successful;Effective;No;No;No;No;No;No;0.0;-5.0;0.25;-5.09;0.39;-5.16;0.47;-5.2;0.51;-5.22;0.54;-5.21;0.55;-5.21;0.55;-5.22;CACC
5501;21.7;27.7;0.7;8;100;5;Successful;Effective;No;No;No;No;No;No;0.0;-5.0;0.25;-5.09;0.39;-5.16;0.47;-5.2;0.51;-5.22;0.54;-5.21;0.55;-5.21;0.55;-5.22;CACC
5502;21.7;27.7;0.7;10;100;5;Successful;Effective;No;No;No;No;No;No;0.0;-5.0;0.25;-5.09;0.39;-5.16;0.47;-5.2;0.51;-5.22;0.54;-5.21;0.55;-5.21;0.55;-5.22;CACC
5503;21.7;27.7;0.7;5;80;6;Successful;Effective;No;No;No;No;No;No;0.0;-6.0;0.2;-6.1;0.32;-6.17;0.38;-6.21;0.41;-6.23;0.43;-6.21;0.44;-6.21;0.44;-6.22;CACC
5504;21.7;27.7;0.7;8;80;6;Successful;Effective;No;No;No;No;No;No;0.0;-6.0;0.2;-6.1;0.32;-6.17;0.38;-6.21;0.41;-6.23;0.43;-6.21;0.44;-6.21;0.44;-6.22;CACC
5505;21.7;27.7;0.7;10;80;6;Successful;Effective;No;No;No;No;No;No;0.0;-6.0;0.2;-6.1;0.32;-6.17;0.38;-6.21;0.41;-6.23;0.43;-6.21;0.44;-6.21;0.44;-6.22;CACC
5506;21.7;27.7;0.7;5;100;6;Successful;Effective;No;No;No;No;No;No;0.0;-6.0;0.25;-6.1;0.39;-6.18;0.47;-6.22;0.51;-6.25;0.54;-6.23;0.55;-6.23;0.55;-6.25;CACC
5507;21.7;27.7;0.7;8;100;6;Successful;Effective;No;No;No;No;No;No;0.0;-6.0;0.25;-6.1;0.39;-6.18;0.47;-6.22;0.51;-6.25;0.54;-6.23;0.55;-6.23;0.55;-6.25;CACC
5508;21.7;27.7;0.7;10;100;6;Successful;Effective;No;No;No;No;No;No;0.0;-6.0;0.25;-6.1;0.39;-6.18;0.47;-6.22;0.51;-6.25;0.54;-6.23;0.55;-6.23;0.55;-6.25;CACC
5509;21.7;27.7;0.7;5;80;7;Successful;Effective;No;No;No;No;No;No;0.0;-7.0;0.2;-7.11;0.32;-7.19;0.38;-7.24;0.41;-7.26;0.43;-7.23;0.44;-7.23;0.44;-7.25;CACC
5510;21.7;27.7;0.7;8;80;7;Successful;Effective;No;No;No;No;No;No;0.0;-7.0;0.2;-7.11;0.32;-7.19;0.38;-7.24;0.41;-7.26;0.43;-7.23;0.44;-7.23;0.44;-7.25;CACC
5511;21.7;27.7;0.7;10;80;7;Successful;Effective;No;No;No;No;No;No;0.0;-7.0;0.2;-7.11;0.32;-7.19;0.38;-7.24;0.41;-7.26;0.43;-7.23;0.44;-7.23;0.44;-7.25;CACC
5512;21.7;27.7;0.7;5;100;7;Successful;Effective;No;No;No;No;No;No;0.0;-7.0;0.25;-7.12;0.39;-7.2;0.47;-7.25;0.51;-7.27;0.54;-7.25;0.55;-7.25;0.55;-7.27;CACC
5513;21.7;27.7;0.7;8;100;7;Successful;Effective;No;No;No;No;No;No;0.0;-7.0;0.25;-7.12;0.39;-7.2;0.47;-7.25;0.51;-7.27;0.54;-7.25;0.55;-7.25;0.55;-7.27;CACC
5514;21.7;27.7;0.7;10;100;7;Successful;Effective;No;No;No;No;No;No;0.0;-7.0;0.25;-7.12;0.39;-7.2;0.47;-7.25;0.51;-7.27;0.54;-7.25;0.55;-7.25;0.55;-7.27;CACC
5515;21.7;27.7;0.7;5;80;8;Successful;Effective;No;No;No;No;No;No;0.0;-7.99;0.2;-8.13;0.32;-8.21;0.38;-8.26;0.41;-8.28;0.43;-8.25;0.44;-8.25;0.44;-8.27;CACC
5516;21.7;27.7;0.7;8;80;8;Successful;Effective;No;No;No;No;No;No;0.0;-7.99;0.2;-8.13;0.32;-8.21;0.38;-8.26;0.41;-8.28;0.43;-8.25;0.44;-8.25;0.44;-8.27;CACC
5517;21.7;27.7;0.7;10;80;8;Successful;Effective;No;No;No;No;No;No;0.0;-7.99;0.2;-8.13;0.32;-8.21;0.38;-8.26;0.41;-8.28;0.43;-8.25;0.44;-8.25;0.44;-8.27;CACC
5518;21.7;27.7;0.7;5;100;8;Successful;Effective;No;No;No;No;No;No;0.0;-8.0;0.25;-8.13;0.39;-8.22;0.47;-8.28;0.51;-8.3;0.54;-8.27;0.55;-8.27;0.55;-8.29;CACC
5519;21.7;27.7;0.7;8;100;8;Successful;Effective;No;No;No;No;No;No;0.0;-8.0;0.25;-8.13;0.39;-8.22;0.47;-8.28;0.51;-8.3;0.54;-8.27;0.55;-8.27;0.55;-8.29;CACC
5520;21.7;27.7;0.7;10;100;8;Successful;Effective;No;No;No;No;No;No;0.0;-8.0;0.25;-8.13;0.39;-8.22;0.47;-8.28;0.51;-8.3;0.54;-8.27;0.55;-8.27;0.55;-8.29;CACC
5521;21.7;27.7;0.8;5;80;5;Successful;Effective;No;No;No;No;No;No;0.0;-5.0;0.2;-5.08;0.32;-5.15;0.38;-5.19;0.41;-5.2;0.43;-5.19;0.44;-5.19;0.44;-5.2;CACC
5522;21.7;27.7;0.8;8;80;5;Successful;Effective;No;No;No;No;No;No;0.0;-5.0;0.2;-5.08;0.32;-5.15;0.38;-5.19;0.41;-5.2;0.43;-5.19;0.44;-5.19;0.44;-5.2;CACC
5523;21.7;27.7;0.8;10;80;5;Successful;Effective;No;No;No;No;No;No;0.0;-5.0;0.2;-5.08;0.32;-5.15;0.38;-5.19;0.41;-5.2;0.43;-5.19;0.44;-5.19;0.44;-5.2;CACC
5524;21.7;27.7;0.8;5;100;5;Successful;Effective;No;No;No;No;No;No;0.0;-5.0;0.25;-5.09;0.39;-5.16;0.47;-5.2;0.51;-5.22;0.54;-5.21;0.55;-5.21;0.55;-5.22;CACC
5525;21.7;27.7;0.8;8;100;5;Successful;Effective;No;No;No;No;No;No;0.0;-5.0;0.25;-5.09;0.39;-5.16;0.47;-5.2;0.51;-5.22;0.54;-5.21;0.55;-5.21;0.55;-5.22;CACC
5526;21.7;27.7;0.8;10;100;5;Successful;Effective;No;No;No;No;No;No;0.0;-5.0;0.25;-5.09;0.39;-5.16;0.47;-5.2;0.51;-5.22;0.54;-5.21;0.55;-5.21;0.55;-5.22;CACC
5527;21.7;27.7;0.8;5;80;6;Successful;Effective;No;No;No;No;No;No;0.0;-6.0;0.2;-6.1;0.32;-6.17;0.38;-6.21;0.41;-6.23;0.43;-6.21;0.44;-6.21;0.44;-6.22;CACC
5528;21.7;27.7;0.8;8;80;6;Successful;Effective;No;No;No;No;No;No;0.0;-6.0;0.2;-6.1;0.32;-6.17;0.38;-6.21;0.41;-6.23;0.43;-6.21;0.44;-6.21;0.44;-6.22;CACC
5529;21.7;27.7;0.8;10;80;6;Successful;Effective;No;No;No;No;No;No;0.0;-6.0;0.2;-6.1;0.32;-6.17;0.38;-6.21;0.41;-6.23;0.43;-6.21;0.44;-6.21;0.44;-6.22;CACC
5530;21.7;27.7;0.8;5;100;6;Successful;Effective;No;No;No;No;No;No;0.0;-6.0;0.25;-6.1;0.39;-6.18;0.47;-6.22;0.51;-6.25;0.54;-6.23;0.55;-6.23;0.55;-6.25;CACC
5531;21.7;27.7;0.8;8;100;6;Successful;Effective;No;No;No;No;No;No;0.0;-6.0;0.25;-6.1;0.39;-6.18;0.47;-6.22;0.51;-6.25;0.54;-6.23;0.55;-6.23;0.55;-6.25;CACC
5532;21.7;27.7;0.8;10;100;6;Successful;Effective;No;No;No;No;No;No;0.0;-6.0;0.25;-6.1;0.39;-6.18;0.47;-6.22;0.51;-6.25;0.54;-6.23;0.55;-6.23;0.55;-6.25;CACC
5533;21.7;27.7;0.8;5;80;7;Successful;Effective;No;No;No;No;No;No;0.0;-7.0;0.2;-7.11;0.32;-7.19;0.38;-7.24;0.41;-7.26;0.43;-7.23;0.44;-7.23;0.44;-7.25;CACC
5534;21.7;27.7;0.8;8;80;7;Successful;Effective;No;No;No;No;No;No;0.0;-7.0;0.2;-7.11;0.32;-7.19;0.38;-7.24;0.41;-7.26;0.43;-7.23;0.44;-7.23;0.44;-7.25;CACC
5535;21.7;27.7;0.8;10;80;7;Successful;Effective;No;No;No;No;No;No;0.0;-7.0;0.2;-7.11;0.32;-7.19;0.38;-7.24;0.41;-7.26;0.43;-7.23;0.44;-7.23;0.44;-7.25;CACC
5536;21.7;27.7;0.8;5;100;7;Successful;Effective;No;No;No;No;No;No;0.0;-7.0;0.25;-7.12;0.39;-7.2;0.47;-7.25;0.51;-7.27;0.54;-7.25;0.55;-7.25;0.55;-7.27;CACC
5537;21.7;27.7;0.8;8;100;7;Successful;Effective;No;No;No;No;No;No;0.0;-7.0;0.25;-7.12;0.39;-7.2;0.47;-7.25;0.51;-7.27;0.54;-7.25;0.55;-7.25;0.55;-7.27;CACC
5538;21.7;27.7;0.8;10;100;7;Successful;Effective;No;No;No;No;No;No;0.0;-7.0;0.25;-7.12;0.39;-7.2;0.47;-7.25;0.51;-7.27;0.54;-7.25;0.55;-7.25;0.55;-7.27;CACC
5539;21.7;27.7;0.8;5;80;8;Successful;Effective;No;No;No;No;No;No;0.0;-7.99;0.2;-8.13;0.32;-8.21;0.38;-8.26;0.41;-8.28;0.43;-8.25;0.44;-8.25;0.44;-8.27;CACC
5540;21.7;27.7;0.8;8;80;8;Successful;Effective;No;No;No;No;No;No;0.0;-7.99;0.2;-8.13;0.32;-8.21;0.38;-8.26;0.41;-8.28;0.43;-8.25;0.44;-8.25;0.44;-8.27;CACC
5541;21.7;27.7;0.8;10;80;8;Successful;Effective;No;No;No;No;No;No;0.0;-7.99;0.2;-8.13;0.32;-8.21;0.38;-8.26;0.41;-8.28;0.43;-8.25;0.44;-8.25;0.44;-8.27;CACC
5542;21.7;27.7;0.8;5;100;8;Successful;Effective;No;No;No;No;No;No;0.0;-8.0;0.25;-8.13;0.39;-8.22;0.47;-8.28;0.51;-8.3;0.54;-8.27;0.55;-8.27;0.55;-8.29;CACC
5543;21.7;27.7;0.8;8;100;8;Successful;Effective;No;No;No;No;No;No;0.0;-8.0;0.25;-8.13;0.39;-8.22;0.47;-8.28;0.51;-8.3;0.54;-8.27;0.55;-8.27;0.55;-8.29;CACC
5544;21.7;27.7;0.8;10;100;8;Successful;Effective;No;No;No;No;No;No;0.0;-8.0;0.25;-8.13;0.39;-8.22;0.47;-8.28;0.51;-8.3;0.54;-8.27;0.55;-8.27;0.55;-8.29;CACC
5545;21.7;27.7;0.9;5;80;5;Successful;Effective;No;No;No;No;No;No;0.0;-5.0;0.2;-5.08;0.32;-5.15;0.38;-5.19;0.41;-5.2;0.43;-5.19;0.44;-5.19;0.44;-5.2;CACC
5546;21.7;27.7;0.9;8;80;5;Successful;Effective;No;No;No;No;No;No;0.0;-5.0;0.2;-5.08;0.32;-5.15;0.38;-5.19;0.41;-5.2;0.43;-5.19;0.44;-5.19;0.44;-5.2;CACC
5547;21.7;27.7;0.9;10;80;5;Successful;Effective;No;No;No;No;No;No;0.0;-5.0;0.2;-5.08;0.32;-5.15;0.38;-5.19;0.41;-5.2;0.43;-5.19;0.44;-5.19;0.44;-5.2;CACC
5548;21.7;27.7;0.9;5;100;5;Successful;Effective;No;No;No;No;No;No;0.0;-5.0;0.25;-5.09;0.39;-5.16;0.47;-5.2;0.51;-5.22;0.54;-5.21;0.55;-5.21;0.55;-5.22;CACC
5549;21.7;27.7;0.9;8;100;5;Successful;Effective;No;No;No;No;No;No;0.0;-5.0;0.25;-5.09;0.39;-5.16;0.47;-5.2;0.51;-5.22;0.54;-5.21;0.55;-5.21;0.55;-5.22;CACC
5550;21.7;27.7;0.9;10;100;5;Successful;Effective;No;No;No;No;No;No;0.0;-5.0;0.25;-5.09;0.39;-5.16;0.47;-5.2;0.51;-5.22;0.54;-5.21;0.55;-5.21;0.55;-5.22;CACC
5551;21.7;27.7;0.9;5;80;6;Successful;Effective;No;No;No;No;No;No;0.0;-6.0;0.2;-6.1;0.32;-6.17;0.38;-6.21;0.41;-6.23;0.43;-6.21;0.44;-6.21;0.44;-6.22;CACC
5552;21.7;27.7;0.9;8;80;6;Successful;Effective;No;No;No;No;No;No;0.0;-6.0;0.2;-6.1;0.32;-6.17;0.38;-6.21;0.41;-6.23;0.43;-6.21;0.44;-6.21;0.44;-6.22;CACC
5553;21.7;27.7;0.9;10;80;6;Successful;Effective;No;No;No;No;No;No;0.0;-6.0;0.2;-6.1;0.32;-6.17;0.38;-6.21;0.41;-6.23;0.43;-6.21;0.44;-6.21;0.44;-6.22;CACC
5554;21.7;27.7;0.9;5;100;6;Successful;Effective;No;No;No;No;No;No;0.0;-6.0;0.25;-6.1;0.39;-6.18;0.47;-6.22;0.51;-6.25;0.54;-6.23;0.55;-6.23;0.55;-6.25;CACC
5555;21.7;27.7;0.9;8;100;6;Successful;Effective;No;No;No;No;No;No;0.0;-6.0;0.25;-6.1;0.39;-6.18;0.47;-6.22;0.51;-6.25;0.54;-6.23;0.55;-6.23;0.55;-6.25;CACC
5556;21.7;27.7;0.9;10;100;6;Successful;Effective;No;No;No;No;No;No;0.0;-6.0;0.25;-6.1;0.39;-6.18;0.47;-6.22;0.51;-6.25;0.54;-6.23;0.55;-6.23;0.55;-6.25;CACC
5557;21.7;27.7;0.9;5;80;7;Successful;Effective;No;No;No;No;No;No;0.0;-7.0;0.2;-7.11;0.32;-7.19;0.38;-7.24;0.41;-7.26;0.43;-7.23;0.44;-7.23;0.44;-7.25;CACC
5558;21.7;27.7;0.9;8;80;7;Successful;Effective;No;No;No;No;No;No;0.0;-7.0;0.2;-7.11;0.32;-7.19;0.38;-7.24;0.41;-7.26;0.43;-7.23;0.44;-7.23;0.44;-7.25;CACC
5559;21.7;27.7;0.9;10;80;7;Successful;Effective;No;No;No;No;No;No;0.0;-7.0;0.2;-7.11;0.32;-7.19;0.38;-7.24;0.41;-7.26;0.43;-7.23;0.44;-7.23;0.44;-7.25;CACC
5560;21.7;27.7;0.9;5;100;7;Successful;Effective;No;No;No;No;No;No;0.0;-7.0;0.25;-7.12;0.39;-7.2;0.47;-7.25;0.51;-7.27;0.54;-7.25;0.55;-7.25;0.55;-7.27;CACC
5561;21.7;27.7;0.9;8;100;7;Successful;Effective;No;No;No;No;No;No;0.0;-7.0;0.25;-7.12;0.39;-7.2;0.47;-7.25;0.51;-7.27;0.54;-7.25;0.55;-7.25;0.55;-7.27;CACC
5562;21.7;27.7;0.9;10;100;7;Successful;Effective;No;No;No;No;No;No;0.0;-7.0;0.25;-7.12;0.39;-7.2;0.47;-7.25;0.51;-7.27;0.54;-7.25;0.55;-7.25;0.55;-7.27;CACC
5563;21.7;27.7;0.9;5;80;8;Successful;Effective;No;No;No;No;No;No;0.0;-7.99;0.2;-8.13;0.32;-8.21;0.38;-8.26;0.41;-8.28;0.43;-8.25;0.44;-8.25;0.44;-8.27;CACC
5564;21.7;27.7;0.9;8;80;8;Successful;Effective;No;No;No;No;No;No;0.0;-7.99;0.2;-8.13;0.32;-8.21;0.38;-8.26;0.41;-8.28;0.43;-8.25;0.44;-8.25;0.44;-8.27;CACC
5565;21.7;27.7;0.9;10;80;8;Successful;Effective;No;No;No;No;No;No;0.0;-7.99;0.2;-8.13;0.32;-8.21;0.38;-8.26;0.41;-8.28;0.43;-8.25;0.44;-8.25;0.44;-8.27;CACC
5566;21.7;27.7;0.9;5;100;8;Successful;Effective;No;No;No;No;No;No;0.0;-8.0;0.25;-8.13;0.39;-8.22;0.47;-8.28;0.51;-8.3;0.54;-8.27;0.55;-8.27;0.55;-8.29;CACC
5567;21.7;27.7;0.9;8;100;8;Successful;Effective;No;No;No;No;No;No;0.0;-8.0;0.25;-8.13;0.39;-8.22;0.47;-8.28;0.51;-8.3;0.54;-8.27;0.55;-8.27;0.55;-8.29;CACC
5568;21.7;27.7;0.9;10;100;8;Successful;Effective;No;No;No;No;No;No;0.0;-8.0;0.25;-8.13;0.39;-8.22;0.47;-8.28;0.51;-8.3;0.54;-8.27;0.55;-8.27;0.55;-8.29;CACC
5569;21.8;27.8;0.6;5;80;5;Successful;Effective;No;No;No;No;No;No;0.0;-5.0;0.2;-5.08;0.32;-5.15;0.38;-5.19;0.41;-5.2;0.43;-5.19;0.44;-5.19;0.44;-5.2;CACC
5570;21.8;27.8;0.6;8;80;5;Successful;Effective;No;No;No;No;No;No;0.0;-5.0;0.2;-5.08;0.32;-5.15;0.38;-5.19;0.41;-5.2;0.43;-5.19;0.44;-5.19;0.44;-5.2;CACC
5571;21.8;27.8;0.6;10;80;5;Successful;Effective;No;No;No;No;No;No;0.0;-5.0;0.2;-5.08;0.32;-5.15;0.38;-5.19;0.41;-5.2;0.43;-5.19;0.44;-5.19;0.44;-5.2;CACC
5572;21.8;27.8;0.6;5;100;5;Successful;Effective;No;No;No;No;No;No;0.0;-5.0;0.25;-5.09;0.39;-5.16;0.47;-5.2;0.51;-5.22;0.54;-5.21;0.55;-5.21;0.55;-5.22;CACC
5573;21.8;27.8;0.6;8;100;5;Successful;Effective;No;No;No;No;No;No;0.0;-5.0;0.25;-5.09;0.39;-5.16;0.47;-5.2;0.51;-5.22;0.54;-5.21;0.55;-5.21;0.55;-5.22;CACC
5574;21.8;27.8;0.6;10;100;5;Successful;Effective;No;No;No;No;No;No;0.0;-5.0;0.25;-5.09;0.39;-5.16;0.47;-5.2;0.51;-5.22;0.54;-5.21;0.55;-5.21;0.55;-5.22;CACC
5575;21.8;27.8;0.6;5;80;6;Successful;Effective;No;No;No;No;No;No;0.0;-6.0;0.2;-6.1;0.32;-6.17;0.38;-6.21;0.41;-6.23;0.43;-6.21;0.44;-6.21;0.44;-6.22;CACC
5576;21.8;27.8;0.6;8;80;6;Successful;Effective;No;No;No;No;No;No;0.0;-6.0;0.2;-6.1;0.32;-6.17;0.38;-6.21;0.41;-6.23;0.43;-6.21;0.44;-6.21;0.44;-6.22;CACC
5577;21.8;27.8;0.6;10;80;6;Successful;Effective;No;No;No;No;No;No;0.0;-6.0;0.2;-6.1;0.32;-6.17;0.38;-6.21;0.41;-6.23;0.43;-6.21;0.44;-6.21;0.44;-6.22;CACC
5578;21.8;27.8;0.6;5;100;6;Successful;Effective;No;No;No;No;No;No;0.0;-6.0;0.25;-6.1;0.39;-6.18;0.47;-6.22;0.51;-6.25;0.54;-6.23;0.55;-6.23;0.55;-6.25;CACC
5579;21.8;27.8;0.6;8;100;6;Successful;Effective;No;No;No;No;No;No;0.0;-6.0;0.25;-6.1;0.39;-6.18;0.47;-6.22;0.51;-6.25;0.54;-6.23;0.55;-6.23;0.55;-6.25;CACC
5580;21.8;27.8;0.6;10;100;6;Successful;Effective;No;No;No;No;No;No;0.0;-6.0;0.25;-6.1;0.39;-6.18;0.47;-6.22;0.51;-6.25;0.54;-6.23;0.55;-6.23;0.55;-6.25;CACC
5581;21.8;27.8;0.6;5;80;7;Successful;Effective;No;No;No;No;No;No;0.0;-7.0;0.2;-7.11;0.32;-7.19;0.38;-7.24;0.41;-7.26;0.43;-7.23;0.44;-7.23;0.44;-7.25;CACC
5582;21.8;27.8;0.6;8;80;7;Successful;Effective;No;No;No;No;No;No;0.0;-7.0;0.2;-7.11;0.32;-7.19;0.38;-7.24;0.41;-7.26;0.43;-7.23;0.44;-7.23;0.44;-7.25;CACC
5583;21.8;27.8;0.6;10;80;7;Successful;Effective;No;No;No;No;No;No;0.0;-7.0;0.2;-7.11;0.32;-7.19;0.38;-7.24;0.41;-7.26;0.43;-7.23;0.44;-7.23;0.44;-7.25;CACC
5584;21.8;27.8;0.6;5;100;7;Successful;Effective;No;No;No;No;No;No;0.0;-7.0;0.25;-7.12;0.39;-7.2;0.47;-7.25;0.51;-7.27;0.54;-7.25;0.55;-7.25;0.55;-7.27;CACC
5585;21.8;27.8;0.6;8;100;7;Successful;Effective;No;No;No;No;No;No;0.0;-7.0;0.25;-7.12;0.39;-7.2;0.47;-7.25;0.51;-7.27;0.54;-7.25;0.55;-7.25;0.55;-7.27;CACC
5586;21.8;27.8;0.6;10;100;7;Successful;Effective;No;No;No;No;No;No;0.0;-7.0;0.25;-7.12;0.39;-7.2;0.47;-7.25;0.51;-7.27;0.54;-7.25;0.55;-7.25;0.55;-7.27;CACC
5587;21.8;27.8;0.6;5;80;8;Successful;Effective;No;No;No;No;No;No;0.0;-7.99;0.2;-8.13;0.32;-8.21;0.38;-8.26;0.41;-8.28;0.43;-8.25;0.44;-8.25;0.44;-8.27;CACC
5588;21.8;27.8;0.6;8;80;8;Successful;Effective;No;No;No;No;No;No;0.0;-7.99;0.2;-8.13;0.32;-8.21;0.38;-8.26;0.41;-8.28;0.43;-8.25;0.44;-8.25;0.44;-8.27;CACC
5589;21.8;27.8;0.6;10;80;8;Successful;Effective;No;No;No;No;No;No;0.0;-7.99;0.2;-8.13;0.32;-8.21;0.38;-8.26;0.41;-8.28;0.43;-8.25;0.44;-8.25;0.44;-8.27;CACC
5590;21.8;27.8;0.6;5;100;8;Successful;Effective;No;No;No;No;No;No;0.0;-8.0;0.25;-8.13;0.39;-8.22;0.47;-8.28;0.51;-8.3;0.54;-8.27;0.55;-8.27;0.55;-8.29;CACC
5591;21.8;27.8;0.6;8;100;8;Successful;Effective;No;No;No;No;No;No;0.0;-8.0;0.25;-8.13;0.39;-8.22;0.47;-8.28;0.51;-8.3;0.54;-8.27;0.55;-8.27;0.55;-8.29;CACC
5592;21.8;27.8;0.6;10;100;8;Successful;Effective;No;No;No;No;No;No;0.0;-8.0;0.25;-8.13;0.39;-8.22;0.47;-8.28;0.51;-8.3;0.54;-8.27;0.55;-8.27;0.55;-8.29;CACC
5593;21.8;27.8;0.7;5;80;5;Successful;Effective;No;No;No;No;No;No;0.0;-5.0;0.2;-5.08;0.32;-5.15;0.38;-5.19;0.41;-5.2;0.43;-5.19;0.44;-5.19;0.44;-5.2;CACC
5594;21.8;27.8;0.7;8;80;5;Successful;Effective;No;No;No;No;No;No;0.0;-5.0;0.2;-5.08;0.32;-5.15;0.38;-5.19;0.41;-5.2;0.43;-5.19;0.44;-5.19;0.44;-5.2;CACC
5595;21.8;27.8;0.7;10;80;5;Successful;Effective;No;No;No;No;No;No;0.0;-5.0;0.2;-5.08;0.32;-5.15;0.38;-5.19;0.41;-5.2;0.43;-5.19;0.44;-5.19;0.44;-5.2;CACC
5596;21.8;27.8;0.7;5;100;5;Successful;Effective;No;No;No;No;No;No;0.0;-5.0;0.25;-5.09;0.39;-5.16;0.47;-5.2;0.51;-5.22;0.54;-5.21;0.55;-5.21;0.55;-5.22;CACC
5597;21.8;27.8;0.7;8;100;5;Successful;Effective;No;No;No;No;No;No;0.0;-5.0;0.25;-5.09;0.39;-5.16;0.47;-5.2;0.51;-5.22;0.54;-5.21;0.55;-5.21;0.55;-5.22;CACC
5598;21.8;27.8;0.7;10;100;5;Successful;Effective;No;No;No;No;No;No;0.0;-5.0;0.25;-5.09;0.39;-5.16;0.47;-5.2;0.51;-5.22;0.54;-5.21;0.55;-5.21;0.55;-5.22;CACC
5599;21.8;27.8;0.7;5;80;6;Successful;Effective;No;No;No;No;No;No;0.0;-6.0;0.2;-6.1;0.32;-6.17;0.38;-6.21;0.41;-6.23;0.43;-6.21;0.44;-6.21;0.44;-6.22;CACC
5600;21.8;27.8;0.7;8;80;6;Successful;Effective;No;No;No;No;No;No;0.0;-6.0;0.2;-6.1;0.32;-6.17;0.38;-6.21;0.41;-6.23;0.43;-6.21;0.44;-6.21;0.44;-6.22;CACC
5601;21.8;27.8;0.7;10;80;6;Successful;Effective;No;No;No;No;No;No;0.0;-6.0;0.2;-6.1;0.32;-6.17;0.38;-6.21;0.41;-6.23;0.43;-6.21;0.44;-6.21;0.44;-6.22;CACC
5602;21.8;27.8;0.7;5;100;6;Successful;Effective;No;No;No;No;No;No;0.0;-6.0;0.25;-6.1;0.39;-6.18;0.47;-6.22;0.51;-6.25;0.54;-6.23;0.55;-6.23;0.55;-6.25;CACC
5603;21.8;27.8;0.7;8;100;6;Successful;Effective;No;No;No;No;No;No;0.0;-6.0;0.25;-6.1;0.39;-6.18;0.47;-6.22;0.51;-6.25;0.54;-6.23;0.55;-6.23;0.55;-6.25;CACC
5604;21.8;27.8;0.7;10;100;6;Successful;Effective;No;No;No;No;No;No;0.0;-6.0;0.25;-6.1;0.39;-6.18;0.47;-6.22;0.51;-6.25;0.54;-6.23;0.55;-6.23;0.55;-6.25;CACC
5605;21.8;27.8;0.7;5;80;7;Successful;Effective;No;No;No;No;No;No;0.0;-7.0;0.2;-7.11;0.32;-7.19;0.38;-7.24;0.41;-7.26;0.43;-7.23;0.44;-7.23;0.44;-7.25;CACC
5606;21.8;27.8;0.7;8;80;7;Successful;Effective;No;No;No;No;No;No;0.0;-7.0;0.2;-7.11;0.32;-7.19;0.38;-7.24;0.41;-7.26;0.43;-7.23;0.44;-7.23;0.44;-7.25;CACC
5607;21.8;27.8;0.7;10;80;7;Successful;Effective;No;No;No;No;No;No;0.0;-7.0;0.2;-7.11;0.32;-7.19;0.38;-7.24;0.41;-7.26;0.43;-7.23;0.44;-7.23;0.44;-7.25;CACC
5608;21.8;27.8;0.7;5;100;7;Successful;Effective;No;No;No;No;No;No;0.0;-7.0;0.25;-7.12;0.39;-7.2;0.47;-7.25;0.51;-7.27;0.54;-7.25;0.55;-7.25;0.55;-7.27;CACC
5609;21.8;27.8;0.7;8;100;7;Successful;Effective;No;No;No;No;No;No;0.0;-7.0;0.25;-7.12;0.39;-7.2;0.47;-7.25;0.51;-7.27;0.54;-7.25;0.55;-7.25;0.55;-7.27;CACC
5610;21.8;27.8;0.7;10;100;7;Successful;Effective;No;No;No;No;No;No;0.0;-7.0;0.25;-7.12;0.39;-7.2;0.47;-7.25;0.51;-7.27;0.54;-7.25;0.55;-7.25;0.55;-7.27;CACC
5611;21.8;27.8;0.7;5;80;8;Successful;Effective;No;No;No;No;No;No;0.0;-7.99;0.2;-8.13;0.32;-8.21;0.38;-8.26;0.41;-8.28;0.43;-8.25;0.44;-8.25;0.44;-8.27;CACC
5612;21.8;27.8;0.7;8;80;8;Successful;Effective;No;No;No;No;No;No;0.0;-7.99;0.2;-8.13;0.32;-8.21;0.38;-8.26;0.41;-8.28;0.43;-8.25;0.44;-8.25;0.44;-8.27;CACC
5613;21.8;27.8;0.7;10;80;8;Successful;Effective;No;No;No;No;No;No;0.0;-7.99;0.2;-8.13;0.32;-8.21;0.38;-8.26;0.41;-8.28;0.43;-8.25;0.44;-8.25;0.44;-8.27;CACC
5614;21.8;27.8;0.7;5;100;8;Successful;Effective;No;No;No;No;No;No;0.0;-8.0;0.25;-8.13;0.39;-8.22;0.47;-8.28;0.51;-8.3;0.54;-8.27;0.55;-8.27;0.55;-8.29;CACC
5615;21.8;27.8;0.7;8;100;8;Successful;Effective;No;No;No;No;No;No;0.0;-8.0;0.25;-8.13;0.39;-8.22;0.47;-8.28;0.51;-8.3;0.54;-8.27;0.55;-8.27;0.55;-8.29;CACC
5616;21.8;27.8;0.7;10;100;8;Successful;Effective;No;No;No;No;No;No;0.0;-8.0;0.25;-8.13;0.39;-8.22;0.47;-8.28;0.51;-8.3;0.54;-8.27;0.55;-8.27;0.55;-8.29;CACC
5617;21.8;27.8;0.8;5;80;5;Successful;Effective;No;No;No;No;No;No;0.0;-5.0;0.2;-5.08;0.32;-5.15;0.38;-5.19;0.41;-5.2;0.43;-5.19;0.44;-5.19;0.44;-5.2;CACC
5618;21.8;27.8;0.8;8;80;5;Successful;Effective;No;No;No;No;No;No;0.0;-5.0;0.2;-5.08;0.32;-5.15;0.38;-5.19;0.41;-5.2;0.43;-5.19;0.44;-5.19;0.44;-5.2;CACC
5619;21.8;27.8;0.8;10;80;5;Successful;Effective;No;No;No;No;No;No;0.0;-5.0;0.2;-5.08;0.32;-5.15;0.38;-5.19;0.41;-5.2;0.43;-5.19;0.44;-5.19;0.44;-5.2;CACC
5620;21.8;27.8;0.8;5;100;5;Successful;Effective;No;No;No;No;No;No;0.0;-5.0;0.25;-5.09;0.39;-5.16;0.47;-5.2;0.51;-5.22;0.54;-5.21;0.55;-5.21;0.55;-5.22;CACC
5621;21.8;27.8;0.8;8;100;5;Successful;Effective;No;No;No;No;No;No;0.0;-5.0;0.25;-5.09;0.39;-5.16;0.47;-5.2;0.51;-5.22;0.54;-5.21;0.55;-5.21;0.55;-5.22;CACC
5622;21.8;27.8;0.8;10;100;5;Successful;Effective;No;No;No;No;No;No;0.0;-5.0;0.25;-5.09;0.39;-5.16;0.47;-5.2;0.51;-5.22;0.54;-5.21;0.55;-5.21;0.55;-5.22;CACC
5623;21.8;27.8;0.8;5;80;6;Successful;Effective;No;No;No;No;No;No;0.0;-6.0;0.2;-6.1;0.32;-6.17;0.38;-6.21;0.41;-6.23;0.43;-6.21;0.44;-6.21;0.44;-6.22;CACC
5624;21.8;27.8;0.8;8;80;6;Successful;Effective;No;No;No;No;No;No;0.0;-6.0;0.2;-6.1;0.32;-6.17;0.38;-6.21;0.41;-6.23;0.43;-6.21;0.44;-6.21;0.44;-6.22;CACC
5625;21.8;27.8;0.8;10;80;6;Successful;Effective;No;No;No;No;No;No;0.0;-6.0;0.2;-6.1;0.32;-6.17;0.38;-6.21;0.41;-6.23;0.43;-6.21;0.44;-6.21;0.44;-6.22;CACC
5626;21.8;27.8;0.8;5;100;6;Successful;Effective;No;No;No;No;No;No;0.0;-6.0;0.25;-6.1;0.39;-6.18;0.47;-6.22;0.51;-6.25;0.54;-6.23;0.55;-6.23;0.55;-6.25;CACC
5627;21.8;27.8;0.8;8;100;6;Successful;Effective;No;No;No;No;No;No;0.0;-6.0;0.25;-6.1;0.39;-6.18;0.47;-6.22;0.51;-6.25;0.54;-6.23;0.55;-6.23;0.55;-6.25;CACC
5628;21.8;27.8;0.8;10;100;6;Successful;Effective;No;No;No;No;No;No;0.0;-6.0;0.25;-6.1;0.39;-6.18;0.47;-6.22;0.51;-6.25;0.54;-6.23;0.55;-6.23;0.55;-6.25;CACC
5629;21.8;27.8;0.8;5;80;7;Successful;Effective;No;No;No;No;No;No;0.0;-7.0;0.2;-7.11;0.32;-7.19;0.38;-7.24;0.41;-7.26;0.43;-7.23;0.44;-7.23;0.44;-7.25;CACC
5630;21.8;27.8;0.8;8;80;7;Successful;Effective;No;No;No;No;No;No;0.0;-7.0;0.2;-7.11;0.32;-7.19;0.38;-7.24;0.41;-7.26;0.43;-7.23;0.44;-7.23;0.44;-7.25;CACC
5631;21.8;27.8;0.8;10;80;7;Successful;Effective;No;No;No;No;No;No;0.0;-7.0;0.2;-7.11;0.32;-7.19;0.38;-7.24;0.41;-7.26;0.43;-7.23;0.44;-7.23;0.44;-7.25;CACC
5632;21.8;27.8;0.8;5;100;7;Successful;Effective;No;No;No;No;No;No;0.0;-7.0;0.25;-7.12;0.39;-7.2;0.47;-7.25;0.51;-7.27;0.54;-7.25;0.55;-7.25;0.55;-7.27;CACC
5633;21.8;27.8;0.8;8;100;7;Successful;Effective;No;No;No;No;No;No;0.0;-7.0;0.25;-7.12;0.39;-7.2;0.47;-7.25;0.51;-7.27;0.54;-7.25;0.55;-7.25;0.55;-7.27;CACC
5634;21.8;27.8;0.8;10;100;7;Successful;Effective;No;No;No;No;No;No;0.0;-7.0;0.25;-7.12;0.39;-7.2;0.47;-7.25;0.51;-7.27;0.54;-7.25;0.55;-7.25;0.55;-7.27;CACC
5635;21.8;27.8;0.8;5;80;8;Successful;Effective;No;No;No;No;No;No;0.0;-7.99;0.2;-8.13;0.32;-8.21;0.38;-8.26;0.41;-8.28;0.43;-8.25;0.44;-8.25;0.44;-8.27;CACC
5636;21.8;27.8;0.8;8;80;8;Successful;Effective;No;No;No;No;No;No;0.0;-7.99;0.2;-8.13;0.32;-8.21;0.38;-8.26;0.41;-8.28;0.43;-8.25;0.44;-8.25;0.44;-8.27;CACC
5637;21.8;27.8;0.8;10;80;8;Successful;Effective;No;No;No;No;No;No;0.0;-7.99;0.2;-8.13;0.32;-8.21;0.38;-8.26;0.41;-8.28;0.43;-8.25;0.44;-8.25;0.44;-8.27;CACC
5638;21.8;27.8;0.8;5;100;8;Successful;Effective;No;No;No;No;No;No;0.0;-8.0;0.25;-8.13;0.39;-8.22;0.47;-8.28;0.51;-8.3;0.54;-8.27;0.55;-8.27;0.55;-8.29;CACC
5639;21.8;27.8;0.8;8;100;8;Successful;Effective;No;No;No;No;No;No;0.0;-8.0;0.25;-8.13;0.39;-8.22;0.47;-8.28;0.51;-8.3;0.54;-8.27;0.55;-8.27;0.55;-8.29;CACC
5640;21.8;27.8;0.8;10;100;8;Successful;Effective;No;No;No;No;No;No;0.0;-8.0;0.25;-8.13;0.39;-8.22;0.47;-8.28;0.51;-8.3;0.54;-8.27;0.55;-8.27;0.55;-8.29;CACC
5641;21.8;27.8;0.9;5;80;5;Successful;Effective;No;No;No;No;No;No;0.0;-5.0;0.2;-5.08;0.32;-5.15;0.38;-5.19;0.41;-5.2;0.43;-5.19;0.44;-5.19;0.44;-5.2;CACC
5642;21.8;27.8;0.9;8;80;5;Successful;Effective;No;No;No;No;No;No;0.0;-5.0;0.2;-5.08;0.32;-5.15;0.38;-5.19;0.41;-5.2;0.43;-5.19;0.44;-5.19;0.44;-5.2;CACC
5643;21.8;27.8;0.9;10;80;5;Successful;Effective;No;No;No;No;No;No;0.0;-5.0;0.2;-5.08;0.32;-5.15;0.38;-5.19;0.41;-5.2;0.43;-5.19;0.44;-5.19;0.44;-5.2;CACC
5644;21.8;27.8;0.9;5;100;5;Successful;Effective;No;No;No;No;No;No;0.0;-5.0;0.25;-5.09;0.39;-5.16;0.47;-5.2;0.51;-5.22;0.54;-5.21;0.55;-5.21;0.55;-5.22;CACC
5645;21.8;27.8;0.9;8;100;5;Successful;Effective;No;No;No;No;No;No;0.0;-5.0;0.25;-5.09;0.39;-5.16;0.47;-5.2;0.51;-5.22;0.54;-5.21;0.55;-5.21;0.55;-5.22;CACC
5646;21.8;27.8;0.9;10;100;5;Successful;Effective;No;No;No;No;No;No;0.0;-5.0;0.25;-5.09;0.39;-5.16;0.47;-5.2;0.51;-5.22;0.54;-5.21;0.55;-5.21;0.55;-5.22;CACC
5647;21.8;27.8;0.9;5;80;6;Successful;Effective;No;No;No;No;No;No;0.0;-6.0;0.2;-6.1;0.32;-6.17;0.38;-6.21;0.41;-6.23;0.43;-6.21;0.44;-6.21;0.44;-6.22;CACC
5648;21.8;27.8;0.9;8;80;6;Successful;Effective;No;No;No;No;No;No;0.0;-6.0;0.2;-6.1;0.32;-6.17;0.38;-6.21;0.41;-6.23;0.43;-6.21;0.44;-6.21;0.44;-6.22;CACC
5649;21.8;27.8;0.9;10;80;6;Successful;Effective;No;No;No;No;No;No;0.0;-6.0;0.2;-6.1;0.32;-6.17;0.38;-6.21;0.41;-6.23;0.43;-6.21;0.44;-6.21;0.44;-6.22;CACC
5650;21.8;27.8;0.9;5;100;6;Successful;Effective;No;No;No;No;No;No;0.0;-6.0;0.25;-6.1;0.39;-6.18;0.47;-6.22;0.51;-6.25;0.54;-6.23;0.55;-6.23;0.55;-6.25;CACC
5651;21.8;27.8;0.9;8;100;6;Successful;Effective;No;No;No;No;No;No;0.0;-6.0;0.25;-6.1;0.39;-6.18;0.47;-6.22;0.51;-6.25;0.54;-6.23;0.55;-6.23;0.55;-6.25;CACC
5652;21.8;27.8;0.9;10;100;6;Successful;Effective;No;No;No;No;No;No;0.0;-6.0;0.25;-6.1;0.39;-6.18;0.47;-6.22;0.51;-6.25;0.54;-6.23;0.55;-6.23;0.55;-6.25;CACC
5653;21.8;27.8;0.9;5;80;7;Successful;Effective;No;No;No;No;No;No;0.0;-7.0;0.2;-7.11;0.32;-7.19;0.38;-7.24;0.41;-7.26;0.43;-7.23;0.44;-7.23;0.44;-7.25;CACC
5654;21.8;27.8;0.9;8;80;7;Successful;Effective;No;No;No;No;No;No;0.0;-7.0;0.2;-7.11;0.32;-7.19;0.38;-7.24;0.41;-7.26;0.43;-7.23;0.44;-7.23;0.44;-7.25;CACC
5655;21.8;27.8;0.9;10;80;7;Successful;Effective;No;No;No;No;No;No;0.0;-7.0;0.2;-7.11;0.32;-7.19;0.38;-7.24;0.41;-7.26;0.43;-7.23;0.44;-7.23;0.44;-7.25;CACC
5656;21.8;27.8;0.9;5;100;7;Successful;Effective;No;No;No;No;No;No;0.0;-7.0;0.25;-7.12;0.39;-7.2;0.47;-7.25;0.51;-7.27;0.54;-7.25;0.55;-7.25;0.55;-7.27;CACC
5657;21.8;27.8;0.9;8;100;7;Successful;Effective;No;No;No;No;No;No;0.0;-7.0;0.25;-7.12;0.39;-7.2;0.47;-7.25;0.51;-7.27;0.54;-7.25;0.55;-7.25;0.55;-7.27;CACC
5658;21.8;27.8;0.9;10;100;7;Successful;Effective;No;No;No;No;No;No;0.0;-7.0;0.25;-7.12;0.39;-7.2;0.47;-7.25;0.51;-7.27;0.54;-7.25;0.55;-7.25;0.55;-7.27;CACC
5659;21.8;27.8;0.9;5;80;8;Successful;Effective;No;No;No;No;No;No;0.0;-7.99;0.2;-8.13;0.32;-8.21;0.38;-8.26;0.41;-8.28;0.43;-8.25;0.44;-8.25;0.44;-8.27;CACC
5660;21.8;27.8;0.9;8;80;8;Successful;Effective;No;No;No;No;No;No;0.0;-7.99;0.2;-8.13;0.32;-8.21;0.38;-8.26;0.41;-8.28;0.43;-8.25;0.44;-8.25;0.44;-8.27;CACC
5661;21.8;27.8;0.9;10;80;8;Successful;Effective;No;No;No;No;No;No;0.0;-7.99;0.2;-8.13;0.32;-8.21;0.38;-8.26;0.41;-8.28;0.43;-8.25;0.44;-8.25;0.44;-8.27;CACC
5662;21.8;27.8;0.9;5;100;8;Successful;Effective;No;No;No;No;No;No;0.0;-8.0;0.25;-8.13;0.39;-8.22;0.47;-8.28;0.51;-8.3;0.54;-8.27;0.55;-8.27;0.55;-8.29;CACC
5663;21.8;27.8;0.9;8;100;8;Successful;Effective;No;No;No;No;No;No;0.0;-8.0;0.25;-8.13;0.39;-8.22;0.47;-8.28;0.51;-8.3;0.54;-8.27;0.55;-8.27;0.55;-8.29;CACC
5664;21.8;27.8;0.9;10;100;8;Successful;Effective;No;No;No;No;No;No;0.0;-8.0;0.25;-8.13;0.39;-8.22;0.47;-8.28;0.51;-8.3;0.54;-8.27;0.55;-8.27;0.55;-8.29;CACC
5665;21.9;27.9;0.6;5;80;5;Successful;Effective;No;No;No;No;No;No;0.0;-5.0;0.2;-5.08;0.32;-5.15;0.38;-5.19;0.41;-5.2;0.43;-5.19;0.44;-5.19;0.44;-5.2;CACC
5666;21.9;27.9;0.6;8;80;5;Successful;Effective;No;No;No;No;No;No;0.0;-5.0;0.2;-5.08;0.32;-5.15;0.38;-5.19;0.41;-5.2;0.43;-5.19;0.44;-5.19;0.44;-5.2;CACC
5667;21.9;27.9;0.6;10;80;5;Successful;Effective;No;No;No;No;No;No;0.0;-5.0;0.2;-5.08;0.32;-5.15;0.38;-5.19;0.41;-5.2;0.43;-5.19;0.44;-5.19;0.44;-5.2;CACC
5668;21.9;27.9;0.6;5;100;5;Successful;Effective;No;No;No;No;No;No;0.0;-5.0;0.25;-5.09;0.39;-5.16;0.47;-5.2;0.51;-5.22;0.54;-5.21;0.55;-5.21;0.55;-5.22;CACC
5669;21.9;27.9;0.6;8;100;5;Successful;Effective;No;No;No;No;No;No;0.0;-5.0;0.25;-5.09;0.39;-5.16;0.47;-5.2;0.51;-5.22;0.54;-5.21;0.55;-5.21;0.55;-5.22;CACC
5670;21.9;27.9;0.6;10;100;5;Successful;Effective;No;No;No;No;No;No;0.0;-5.0;0.25;-5.09;0.39;-5.16;0.47;-5.2;0.51;-5.22;0.54;-5.21;0.55;-5.21;0.55;-5.22;CACC
5671;21.9;27.9;0.6;5;80;6;Successful;Effective;No;No;No;No;No;No;0.0;-6.0;0.2;-6.1;0.32;-6.17;0.38;-6.21;0.41;-6.23;0.43;-6.21;0.44;-6.21;0.44;-6.22;CACC
5672;21.9;27.9;0.6;8;80;6;Successful;Effective;No;No;No;No;No;No;0.0;-6.0;0.2;-6.1;0.32;-6.17;0.38;-6.21;0.41;-6.23;0.43;-6.21;0.44;-6.21;0.44;-6.22;CACC
5673;21.9;27.9;0.6;10;80;6;Successful;Effective;No;No;No;No;No;No;0.0;-6.0;0.2;-6.1;0.32;-6.17;0.38;-6.21;0.41;-6.23;0.43;-6.21;0.44;-6.21;0.44;-6.22;CACC
5674;21.9;27.9;0.6;5;100;6;Successful;Effective;No;No;No;No;No;No;0.0;-6.0;0.25;-6.1;0.39;-6.18;0.47;-6.22;0.51;-6.25;0.54;-6.23;0.55;-6.23;0.55;-6.25;CACC
5675;21.9;27.9;0.6;8;100;6;Successful;Effective;No;No;No;No;No;No;0.0;-6.0;0.25;-6.1;0.39;-6.18;0.47;-6.22;0.51;-6.25;0.54;-6.23;0.55;-6.23;0.55;-6.25;CACC
5676;21.9;27.9;0.6;10;100;6;Successful;Effective;No;No;No;No;No;No;0.0;-6.0;0.25;-6.1;0.39;-6.18;0.47;-6.22;0.51;-6.25;0.54;-6.23;0.55;-6.23;0.55;-6.25;CACC
5677;21.9;27.9;0.6;5;80;7;Successful;Effective;No;No;No;No;No;No;0.0;-7.0;0.2;-7.11;0.32;-7.19;0.38;-7.24;0.41;-7.26;0.43;-7.23;0.44;-7.23;0.44;-7.25;CACC
5678;21.9;27.9;0.6;8;80;7;Successful;Effective;No;No;No;No;No;No;0.0;-7.0;0.2;-7.11;0.32;-7.19;0.38;-7.24;0.41;-7.26;0.43;-7.23;0.44;-7.23;0.44;-7.25;CACC
5679;21.9;27.9;0.6;10;80;7;Successful;Effective;No;No;No;No;No;No;0.0;-7.0;0.2;-7.11;0.32;-7.19;0.38;-7.24;0.41;-7.26;0.43;-7.23;0.44;-7.23;0.44;-7.25;CACC
5680;21.9;27.9;0.6;5;100;7;Successful;Effective;No;No;No;No;No;No;0.0;-7.0;0.25;-7.12;0.39;-7.2;0.47;-7.25;0.51;-7.27;0.54;-7.25;0.55;-7.25;0.55;-7.27;CACC
5681;21.9;27.9;0.6;8;100;7;Successful;Effective;No;No;No;No;No;No;0.0;-7.0;0.25;-7.12;0.39;-7.2;0.47;-7.25;0.51;-7.27;0.54;-7.25;0.55;-7.25;0.55;-7.27;CACC
5682;21.9;27.9;0.6;10;100;7;Successful;Effective;No;No;No;No;No;No;0.0;-7.0;0.25;-7.12;0.39;-7.2;0.47;-7.25;0.51;-7.27;0.54;-7.25;0.55;-7.25;0.55;-7.27;CACC
5683;21.9;27.9;0.6;5;80;8;Successful;Effective;No;No;No;No;No;No;0.0;-7.99;0.2;-8.13;0.32;-8.21;0.38;-8.26;0.41;-8.28;0.43;-8.25;0.44;-8.25;0.44;-8.27;CACC
5684;21.9;27.9;0.6;8;80;8;Successful;Effective;No;No;No;No;No;No;0.0;-7.99;0.2;-8.13;0.32;-8.21;0.38;-8.26;0.41;-8.28;0.43;-8.25;0.44;-8.25;0.44;-8.27;CACC
5685;21.9;27.9;0.6;10;80;8;Successful;Effective;No;No;No;No;No;No;0.0;-7.99;0.2;-8.13;0.32;-8.21;0.38;-8.26;0.41;-8.28;0.43;-8.25;0.44;-8.25;0.44;-8.27;CACC
5686;21.9;27.9;0.6;5;100;8;Successful;Effective;No;No;No;No;No;No;0.0;-8.0;0.25;-8.13;0.39;-8.22;0.47;-8.28;0.51;-8.3;0.54;-8.27;0.55;-8.27;0.55;-8.29;CACC
5687;21.9;27.9;0.6;8;100;8;Successful;Effective;No;No;No;No;No;No;0.0;-8.0;0.25;-8.13;0.39;-8.22;0.47;-8.28;0.51;-8.3;0.54;-8.27;0.55;-8.27;0.55;-8.29;CACC
5688;21.9;27.9;0.6;10;100;8;Successful;Effective;No;No;No;No;No;No;0.0;-8.0;0.25;-8.13;0.39;-8.22;0.47;-8.28;0.51;-8.3;0.54;-8.27;0.55;-8.27;0.55;-8.29;CACC
5689;21.9;27.9;0.7;5;80;5;Successful;Effective;No;No;No;No;No;No;0.0;-5.0;0.2;-5.08;0.32;-5.15;0.38;-5.19;0.41;-5.2;0.43;-5.19;0.44;-5.19;0.44;-5.2;CACC
5690;21.9;27.9;0.7;8;80;5;Successful;Effective;No;No;No;No;No;No;0.0;-5.0;0.2;-5.08;0.32;-5.15;0.38;-5.19;0.41;-5.2;0.43;-5.19;0.44;-5.19;0.44;-5.2;CACC
5691;21.9;27.9;0.7;10;80;5;Successful;Effective;No;No;No;No;No;No;0.0;-5.0;0.2;-5.08;0.32;-5.15;0.38;-5.19;0.41;-5.2;0.43;-5.19;0.44;-5.19;0.44;-5.2;CACC
5692;21.9;27.9;0.7;5;100;5;Successful;Effective;No;No;No;No;No;No;0.0;-5.0;0.25;-5.09;0.39;-5.16;0.47;-5.2;0.51;-5.22;0.54;-5.21;0.55;-5.21;0.55;-5.22;CACC
5693;21.9;27.9;0.7;8;100;5;Successful;Effective;No;No;No;No;No;No;0.0;-5.0;0.25;-5.09;0.39;-5.16;0.47;-5.2;0.51;-5.22;0.54;-5.21;0.55;-5.21;0.55;-5.22;CACC
5694;21.9;27.9;0.7;10;100;5;Successful;Effective;No;No;No;No;No;No;0.0;-5.0;0.25;-5.09;0.39;-5.16;0.47;-5.2;0.51;-5.22;0.54;-5.21;0.55;-5.21;0.55;-5.22;CACC
5695;21.9;27.9;0.7;5;80;6;Successful;Effective;No;No;No;No;No;No;0.0;-6.0;0.2;-6.1;0.32;-6.17;0.38;-6.21;0.41;-6.23;0.43;-6.21;0.44;-6.21;0.44;-6.22;CACC
5696;21.9;27.9;0.7;8;80;6;Successful;Effective;No;No;No;No;No;No;0.0;-6.0;0.2;-6.1;0.32;-6.17;0.38;-6.21;0.41;-6.23;0.43;-6.21;0.44;-6.21;0.44;-6.22;CACC
5697;21.9;27.9;0.7;10;80;6;Successful;Effective;No;No;No;No;No;No;0.0;-6.0;0.2;-6.1;0.32;-6.17;0.38;-6.21;0.41;-6.23;0.43;-6.21;0.44;-6.21;0.44;-6.22;CACC
5698;21.9;27.9;0.7;5;100;6;Successful;Effective;No;No;No;No;No;No;0.0;-6.0;0.25;-6.1;0.39;-6.18;0.47;-6.22;0.51;-6.25;0.54;-6.23;0.55;-6.23;0.55;-6.25;CACC
5699;21.9;27.9;0.7;8;100;6;Successful;Effective;No;No;No;No;No;No;0.0;-6.0;0.25;-6.1;0.39;-6.18;0.47;-6.22;0.51;-6.25;0.54;-6.23;0.55;-6.23;0.55;-6.25;CACC
5700;21.9;27.9;0.7;10;100;6;Successful;Effective;No;No;No;No;No;No;0.0;-6.0;0.25;-6.1;0.39;-6.18;0.47;-6.22;0.51;-6.25;0.54;-6.23;0.55;-6.23;0.55;-6.25;CACC
5701;21.9;27.9;0.7;5;80;7;Successful;Effective;No;No;No;No;No;No;0.0;-7.0;0.2;-7.11;0.32;-7.19;0.38;-7.24;0.41;-7.26;0.43;-7.23;0.44;-7.23;0.44;-7.25;CACC
5702;21.9;27.9;0.7;8;80;7;Successful;Effective;No;No;No;No;No;No;0.0;-7.0;0.2;-7.11;0.32;-7.19;0.38;-7.24;0.41;-7.26;0.43;-7.23;0.44;-7.23;0.44;-7.25;CACC
5703;21.9;27.9;0.7;10;80;7;Successful;Effective;No;No;No;No;No;No;0.0;-7.0;0.2;-7.11;0.32;-7.19;0.38;-7.24;0.41;-7.26;0.43;-7.23;0.44;-7.23;0.44;-7.25;CACC
5704;21.9;27.9;0.7;5;100;7;Successful;Effective;No;No;No;No;No;No;0.0;-7.0;0.25;-7.12;0.39;-7.2;0.47;-7.25;0.51;-7.27;0.54;-7.25;0.55;-7.25;0.55;-7.27;CACC
5705;21.9;27.9;0.7;8;100;7;Successful;Effective;No;No;No;No;No;No;0.0;-7.0;0.25;-7.12;0.39;-7.2;0.47;-7.25;0.51;-7.27;0.54;-7.25;0.55;-7.25;0.55;-7.27;CACC
5706;21.9;27.9;0.7;10;100;7;Successful;Effective;No;No;No;No;No;No;0.0;-7.0;0.25;-7.12;0.39;-7.2;0.47;-7.25;0.51;-7.27;0.54;-7.25;0.55;-7.25;0.55;-7.27;CACC
5707;21.9;27.9;0.7;5;80;8;Successful;Effective;No;No;No;No;No;No;0.0;-7.99;0.2;-8.13;0.32;-8.21;0.38;-8.26;0.41;-8.28;0.43;-8.25;0.44;-8.25;0.44;-8.27;CACC
5708;21.9;27.9;0.7;8;80;8;Successful;Effective;No;No;No;No;No;No;0.0;-7.99;0.2;-8.13;0.32;-8.21;0.38;-8.26;0.41;-8.28;0.43;-8.25;0.44;-8.25;0.44;-8.27;CACC
5709;21.9;27.9;0.7;10;80;8;Successful;Effective;No;No;No;No;No;No;0.0;-7.99;0.2;-8.13;0.32;-8.21;0.38;-8.26;0.41;-8.28;0.43;-8.25;0.44;-8.25;0.44;-8.27;CACC
5710;21.9;27.9;0.7;5;100;8;Successful;Effective;No;No;No;No;No;No;0.0;-8.0;0.25;-8.13;0.39;-8.22;0.47;-8.28;0.51;-8.3;0.54;-8.27;0.55;-8.27;0.55;-8.29;CACC
5711;21.9;27.9;0.7;8;100;8;Successful;Effective;No;No;No;No;No;No;0.0;-8.0;0.25;-8.13;0.39;-8.22;0.47;-8.28;0.51;-8.3;0.54;-8.27;0.55;-8.27;0.55;-8.29;CACC
5712;21.9;27.9;0.7;10;100;8;Successful;Effective;No;No;No;No;No;No;0.0;-8.0;0.25;-8.13;0.39;-8.22;0.47;-8.28;0.51;-8.3;0.54;-8.27;0.55;-8.27;0.55;-8.29;CACC
5713;21.9;27.9;0.8;5;80;5;Successful;Effective;No;No;No;No;No;No;0.0;-5.0;0.2;-5.08;0.32;-5.15;0.38;-5.19;0.41;-5.2;0.43;-5.19;0.44;-5.19;0.44;-5.2;CACC
5714;21.9;27.9;0.8;8;80;5;Successful;Effective;No;No;No;No;No;No;0.0;-5.0;0.2;-5.08;0.32;-5.15;0.38;-5.19;0.41;-5.2;0.43;-5.19;0.44;-5.19;0.44;-5.2;CACC
5715;21.9;27.9;0.8;10;80;5;Successful;Effective;No;No;No;No;No;No;0.0;-5.0;0.2;-5.08;0.32;-5.15;0.38;-5.19;0.41;-5.2;0.43;-5.19;0.44;-5.19;0.44;-5.2;CACC
5716;21.9;27.9;0.8;5;100;5;Successful;Effective;No;No;No;No;No;No;0.0;-5.0;0.25;-5.09;0.39;-5.16;0.47;-5.2;0.51;-5.22;0.54;-5.21;0.55;-5.21;0.55;-5.22;CACC
5717;21.9;27.9;0.8;8;100;5;Successful;Effective;No;No;No;No;No;No;0.0;-5.0;0.25;-5.09;0.39;-5.16;0.47;-5.2;0.51;-5.22;0.54;-5.21;0.55;-5.21;0.55;-5.22;CACC
5718;21.9;27.9;0.8;10;100;5;Successful;Effective;No;No;No;No;No;No;0.0;-5.0;0.25;-5.09;0.39;-5.16;0.47;-5.2;0.51;-5.22;0.54;-5.21;0.55;-5.21;0.55;-5.22;CACC
5719;21.9;27.9;0.8;5;80;6;Successful;Effective;No;No;No;No;No;No;0.0;-6.0;0.2;-6.1;0.32;-6.17;0.38;-6.21;0.41;-6.23;0.43;-6.21;0.44;-6.21;0.44;-6.22;CACC
5720;21.9;27.9;0.8;8;80;6;Successful;Effective;No;No;No;No;No;No;0.0;-6.0;0.2;-6.1;0.32;-6.17;0.38;-6.21;0.41;-6.23;0.43;-6.21;0.44;-6.21;0.44;-6.22;CACC
5721;21.9;27.9;0.8;10;80;6;Successful;Effective;No;No;No;No;No;No;0.0;-6.0;0.2;-6.1;0.32;-6.17;0.38;-6.21;0.41;-6.23;0.43;-6.21;0.44;-6.21;0.44;-6.22;CACC
5722;21.9;27.9;0.8;5;100;6;Successful;Effective;No;No;No;No;No;No;0.0;-6.0;0.25;-6.1;0.39;-6.18;0.47;-6.22;0.51;-6.25;0.54;-6.23;0.55;-6.23;0.55;-6.25;CACC
5723;21.9;27.9;0.8;8;100;6;Successful;Effective;No;No;No;No;No;No;0.0;-6.0;0.25;-6.1;0.39;-6.18;0.47;-6.22;0.51;-6.25;0.54;-6.23;0.55;-6.23;0.55;-6.25;CACC
5724;21.9;27.9;0.8;10;100;6;Successful;Effective;No;No;No;No;No;No;0.0;-6.0;0.25;-6.1;0.39;-6.18;0.47;-6.22;0.51;-6.25;0.54;-6.23;0.55;-6.23;0.55;-6.25;CACC
5725;21.9;27.9;0.8;5;80;7;Successful;Effective;No;No;No;No;No;No;0.0;-7.0;0.2;-7.11;0.32;-7.19;0.38;-7.24;0.41;-7.26;0.43;-7.23;0.44;-7.23;0.44;-7.25;CACC
5726;21.9;27.9;0.8;8;80;7;Successful;Effective;No;No;No;No;No;No;0.0;-7.0;0.2;-7.11;0.32;-7.19;0.38;-7.24;0.41;-7.26;0.43;-7.23;0.44;-7.23;0.44;-7.25;CACC
5727;21.9;27.9;0.8;10;80;7;Successful;Effective;No;No;No;No;No;No;0.0;-7.0;0.2;-7.11;0.32;-7.19;0.38;-7.24;0.41;-7.26;0.43;-7.23;0.44;-7.23;0.44;-7.25;CACC
5728;21.9;27.9;0.8;5;100;7;Successful;Effective;No;No;No;No;No;No;0.0;-7.0;0.25;-7.12;0.39;-7.2;0.47;-7.25;0.51;-7.27;0.54;-7.25;0.55;-7.25;0.55;-7.27;CACC
5729;21.9;27.9;0.8;8;100;7;Successful;Effective;No;No;No;No;No;No;0.0;-7.0;0.25;-7.12;0.39;-7.2;0.47;-7.25;0.51;-7.27;0.54;-7.25;0.55;-7.25;0.55;-7.27;CACC
5730;21.9;27.9;0.8;10;100;7;Successful;Effective;No;No;No;No;No;No;0.0;-7.0;0.25;-7.12;0.39;-7.2;0.47;-7.25;0.51;-7.27;0.54;-7.25;0.55;-7.25;0.55;-7.27;CACC
5731;21.9;27.9;0.8;5;80;8;Successful;Effective;No;No;No;No;No;No;0.0;-7.99;0.2;-8.13;0.32;-8.21;0.38;-8.26;0.41;-8.28;0.43;-8.25;0.44;-8.25;0.44;-8.27;CACC
5732;21.9;27.9;0.8;8;80;8;Successful;Effective;No;No;No;No;No;No;0.0;-7.99;0.2;-8.13;0.32;-8.21;0.38;-8.26;0.41;-8.28;0.43;-8.25;0.44;-8.25;0.44;-8.27;CACC
5733;21.9;27.9;0.8;10;80;8;Successful;Effective;No;No;No;No;No;No;0.0;-7.99;0.2;-8.13;0.32;-8.21;0.38;-8.26;0.41;-8.28;0.43;-8.25;0.44;-8.25;0.44;-8.27;CACC
5734;21.9;27.9;0.8;5;100;8;Successful;Effective;No;No;No;No;No;No;0.0;-8.0;0.25;-8.13;0.39;-8.22;0.47;-8.28;0.51;-8.3;0.54;-8.27;0.55;-8.27;0.55;-8.29;CACC
5735;21.9;27.9;0.8;8;100;8;Successful;Effective;No;No;No;No;No;No;0.0;-8.0;0.25;-8.13;0.39;-8.22;0.47;-8.28;0.51;-8.3;0.54;-8.27;0.55;-8.27;0.55;-8.29;CACC
5736;21.9;27.9;0.8;10;100;8;Successful;Effective;No;No;No;No;No;No;0.0;-8.0;0.25;-8.13;0.39;-8.22;0.47;-8.28;0.51;-8.3;0.54;-8.27;0.55;-8.27;0.55;-8.29;CACC
5737;21.9;27.9;0.9;5;80;5;Successful;Effective;No;No;No;No;No;No;0.0;-5.0;0.2;-5.08;0.32;-5.15;0.38;-5.19;0.41;-5.2;0.43;-5.19;0.44;-5.19;0.44;-5.2;CACC
5738;21.9;27.9;0.9;8;80;5;Successful;Effective;No;No;No;No;No;No;0.0;-5.0;0.2;-5.08;0.32;-5.15;0.38;-5.19;0.41;-5.2;0.43;-5.19;0.44;-5.19;0.44;-5.2;CACC
5739;21.9;27.9;0.9;10;80;5;Successful;Effective;No;No;No;No;No;No;0.0;-5.0;0.2;-5.08;0.32;-5.15;0.38;-5.19;0.41;-5.2;0.43;-5.19;0.44;-5.19;0.44;-5.2;CACC
5740;21.9;27.9;0.9;5;100;5;Successful;Effective;No;No;No;No;No;No;0.0;-5.0;0.25;-5.09;0.39;-5.16;0.47;-5.2;0.51;-5.22;0.54;-5.21;0.55;-5.21;0.55;-5.22;CACC
5741;21.9;27.9;0.9;8;100;5;Successful;Effective;No;No;No;No;No;No;0.0;-5.0;0.25;-5.09;0.39;-5.16;0.47;-5.2;0.51;-5.22;0.54;-5.21;0.55;-5.21;0.55;-5.22;CACC
5742;21.9;27.9;0.9;10;100;5;Successful;Effective;No;No;No;No;No;No;0.0;-5.0;0.25;-5.09;0.39;-5.16;0.47;-5.2;0.51;-5.22;0.54;-5.21;0.55;-5.21;0.55;-5.22;CACC
5743;21.9;27.9;0.9;5;80;6;Successful;Effective;No;No;No;No;No;No;0.0;-6.0;0.2;-6.1;0.32;-6.17;0.38;-6.21;0.41;-6.23;0.43;-6.21;0.44;-6.21;0.44;-6.22;CACC
5744;21.9;27.9;0.9;8;80;6;Successful;Effective;No;No;No;No;No;No;0.0;-6.0;0.2;-6.1;0.32;-6.17;0.38;-6.21;0.41;-6.23;0.43;-6.21;0.44;-6.21;0.44;-6.22;CACC
5745;21.9;27.9;0.9;10;80;6;Successful;Effective;No;No;No;No;No;No;0.0;-6.0;0.2;-6.1;0.32;-6.17;0.38;-6.21;0.41;-6.23;0.43;-6.21;0.44;-6.21;0.44;-6.22;CACC
5746;21.9;27.9;0.9;5;100;6;Successful;Effective;No;No;No;No;No;No;0.0;-6.0;0.25;-6.1;0.39;-6.18;0.47;-6.22;0.51;-6.25;0.54;-6.23;0.55;-6.23;0.55;-6.25;CACC
5747;21.9;27.9;0.9;8;100;6;Successful;Effective;No;No;No;No;No;No;0.0;-6.0;0.25;-6.1;0.39;-6.18;0.47;-6.22;0.51;-6.25;0.54;-6.23;0.55;-6.23;0.55;-6.25;CACC
5748;21.9;27.9;0.9;10;100;6;Successful;Effective;No;No;No;No;No;No;0.0;-6.0;0.25;-6.1;0.39;-6.18;0.47;-6.22;0.51;-6.25;0.54;-6.23;0.55;-6.23;0.55;-6.25;CACC
5749;21.9;27.9;0.9;5;80;7;Successful;Effective;No;No;No;No;No;No;0.0;-7.0;0.2;-7.11;0.32;-7.19;0.38;-7.24;0.41;-7.26;0.43;-7.23;0.44;-7.23;0.44;-7.25;CACC
5750;21.9;27.9;0.9;8;80;7;Successful;Effective;No;No;No;No;No;No;0.0;-7.0;0.2;-7.11;0.32;-7.19;0.38;-7.24;0.41;-7.26;0.43;-7.23;0.44;-7.23;0.44;-7.25;CACC
5751;21.9;27.9;0.9;10;80;7;Successful;Effective;No;No;No;No;No;No;0.0;-7.0;0.2;-7.11;0.32;-7.19;0.38;-7.24;0.41;-7.26;0.43;-7.23;0.44;-7.23;0.44;-7.25;CACC
5752;21.9;27.9;0.9;5;100;7;Successful;Effective;No;No;No;No;No;No;0.0;-7.0;0.25;-7.12;0.39;-7.2;0.47;-7.25;0.51;-7.27;0.54;-7.25;0.55;-7.25;0.55;-7.27;CACC
5753;21.9;27.9;0.9;8;100;7;Successful;Effective;No;No;No;No;No;No;0.0;-7.0;0.25;-7.12;0.39;-7.2;0.47;-7.25;0.51;-7.27;0.54;-7.25;0.55;-7.25;0.55;-7.27;CACC
5754;21.9;27.9;0.9;10;100;7;Successful;Effective;No;No;No;No;No;No;0.0;-7.0;0.25;-7.12;0.39;-7.2;0.47;-7.25;0.51;-7.27;0.54;-7.25;0.55;-7.25;0.55;-7.27;CACC
5755;21.9;27.9;0.9;5;80;8;Successful;Effective;No;No;No;No;No;No;0.0;-7.99;0.2;-8.13;0.32;-8.21;0.38;-8.26;0.41;-8.28;0.43;-8.25;0.44;-8.25;0.44;-8.27;CACC
5756;21.9;27.9;0.9;8;80;8;Successful;Effective;No;No;No;No;No;No;0.0;-7.99;0.2;-8.13;0.32;-8.21;0.38;-8.26;0.41;-8.28;0.43;-8.25;0.44;-8.25;0.44;-8.27;CACC
5757;21.9;27.9;0.9;10;80;8;Successful;Effective;No;No;No;No;No;No;0.0;-7.99;0.2;-8.13;0.32;-8.21;0.38;-8.26;0.41;-8.28;0.43;-8.25;0.44;-8.25;0.44;-8.27;CACC
5758;21.9;27.9;0.9;5;100;8;Successful;Effective;No;No;No;No;No;No;0.0;-8.0;0.25;-8.13;0.39;-8.22;0.47;-8.28;0.51;-8.3;0.54;-8.27;0.55;-8.27;0.55;-8.29;CACC
5759;21.9;27.9;0.9;8;100;8;Successful;Effective;No;No;No;No;No;No;0.0;-8.0;0.25;-8.13;0.39;-8.22;0.47;-8.28;0.51;-8.3;0.54;-8.27;0.55;-8.27;0.55;-8.29;CACC
5760;21.9;27.9;0.9;10;100;8;Successful;Effective;No;No;No;No;No;No;0.0;-8.0;0.25;-8.13;0.39;-8.22;0.47;-8.28;0.51;-8.3;0.54;-8.27;0.55;-8.27;0.55;-8.29;CACC
