Ex ID;Start_time;End_time;Injected_value;CACC_spacing;Run_status;Impact_status;Collision_state;Collision_time;collider;victim;Collision_pos;Collision_lane;Accel_0_max;Dcel_0_min;Accel_1_max;Dcel_1_min;Accel_2_max;Dcel_2_min;Accel_3_max;Dcel_3_min;Accel_4_max;Dcel_4_min;Accel_5_max;Dcel_5_min;Accel_6_max;Dcel_6_min;Accel_7_max;Dcel_7_min
1;16.0;22.0;0.5;5;Successful;Effective;collision;19.29;vtypeauto.1;vtypeauto.0;550.41;edge_0_0_0;0.0;-8.0;0.25;-9.0;0.39;-9.0;0.47;-9.0;;;;;;;;
2;16.0;22.0;0.5;8;Successful;Effective;collision;20.51;vtypeauto.1;vtypeauto.0;569.65;edge_0_0_0;0.0;-8.0;0.25;-9.0;0.39;-9.0;0.47;-9.0;;;;;;;;
3;16.0;22.0;0.5;10;Successful;Effective;No;No;No;No;No;No;0.0;-8.0;0.25;-9.0;0.39;-9.0;0.47;-9.0;;;;;;;;
4;16.0;22.0;0.6;5;Successful;Effective;collision;19.04;vtypeauto.1;vtypeauto.0;546.85;edge_0_0_0;0.0;-8.0;0.25;-9.0;0.39;-9.0;0.47;-9.0;;;;;;;;
5;16.0;22.0;0.6;8;Successful;Effective;collision;19.87;vtypeauto.1;vtypeauto.0;565.76;edge_0_0_0;0.0;-8.0;0.25;-9.0;0.39;-9.0;0.47;-9.0;;;;;;;;
6;16.0;22.0;0.6;10;Successful;Effective;collision;20.58;vtypeauto.1;vtypeauto.0;575.89;edge_0_0_0;0.0;-8.0;0.25;-9.0;0.39;-9.0;0.47;-9.0;;;;;;;;
7;16.0;22.0;0.7;5;Successful;Effective;collision;18.89;vtypeauto.1;vtypeauto.0;544.49;edge_0_0_0;0.0;-8.0;0.25;-9.0;0.39;-9.0;0.47;-9.0;;;;;;;;
8;16.0;22.0;0.7;8;Successful;Effective;collision;19.54;vtypeauto.1;vtypeauto.0;562.49;edge_0_0_0;0.0;-8.0;0.25;-9.0;0.39;-9.0;0.47;-9.0;;;;;;;;
9;16.0;22.0;0.7;10;Successful;Effective;collision;20.04;vtypeauto.1;vtypeauto.0;573.13;edge_0_0_0;0.0;-8.0;0.25;-9.0;0.39;-9.0;0.47;-9.0;;;;;;;;
10;16.0;22.0;0.8;5;Successful;Effective;collision;18.79;vtypeauto.1;vtypeauto.0;542.80;edge_0_0_0;0.0;-8.0;0.25;-9.0;0.39;-9.0;0.47;-9.0;;;;;;;;
11;16.0;22.0;0.8;8;Successful;Effective;collision;19.33;vtypeauto.1;vtypeauto.0;559.93;edge_0_0_0;0.0;-8.0;0.25;-9.0;0.39;-9.0;0.47;-9.0;;;;;;;;
12;16.0;22.0;0.8;10;Successful;Effective;collision;19.73;vtypeauto.1;vtypeauto.0;570.49;edge_0_0_0;0.0;-8.0;0.25;-9.0;0.39;-9.0;0.47;-9.0;;;;;;;;
13;16.0;22.0;0.9;5;Successful;Effective;collision;18.73;vtypeauto.1;vtypeauto.0;541.80;edge_0_0_0;0.0;-8.0;0.25;-9.0;0.39;-9.0;0.47;-9.0;;;;;;;;
14;16.0;22.0;0.9;8;Successful;Effective;collision;19.19;vtypeauto.1;vtypeauto.0;558.04;edge_0_0_0;0.0;-8.0;0.25;-9.0;0.39;-9.0;0.47;-9.0;;;;;;;;
15;16.0;22.0;0.9;10;Successful;Effective;collision;19.53;vtypeauto.1;vtypeauto.0;568.39;edge_0_0_0;0.0;-8.0;0.25;-9.0;0.39;-9.0;0.47;-9.0;;;;;;;;
16;16.0;22.0;1.0;5;Successful;Effective;collision;18.68;vtypeauto.1;vtypeauto.0;540.86;edge_0_0_0;0.0;-8.0;0.25;-9.0;0.39;-9.0;0.47;-9.0;;;;;;;;
17;16.0;22.0;1.0;8;Successful;Effective;collision;19.10;vtypeauto.1;vtypeauto.0;556.78;edge_0_0_0;0.0;-8.0;0.25;-9.0;0.39;-9.0;0.47;-9.0;;;;;;;;
18;16.0;22.0;1.0;10;Successful;Effective;collision;19.39;vtypeauto.1;vtypeauto.0;566.73;edge_0_0_0;0.0;-8.0;0.25;-9.0;0.39;-9.0;0.47;-9.0;;;;;;;;
19;16.0;22.0;1.1;5;Successful;Effective;collision;18.66;vtypeauto.1;vtypeauto.0;540.56;edge_0_0_0;0.0;-8.0;0.25;-9.0;0.39;-9.0;0.47;-9.0;;;;;;;;
20;16.0;22.0;1.1;8;Successful;Effective;collision;19.03;vtypeauto.1;vtypeauto.0;555.71;edge_0_0_0;0.0;-8.0;0.25;-9.0;0.39;-9.0;0.47;-9.0;;;;;;;;
21;16.0;22.0;1.1;10;Successful;Effective;collision;19.29;vtypeauto.1;vtypeauto.0;565.45;edge_0_0_0;0.0;-8.0;0.25;-9.0;0.39;-9.0;0.47;-9.0;;;;;;;;
22;16.1;22.1;0.5;5;Successful;Effective;collision;19.29;vtypeauto.1;vtypeauto.0;550.41;edge_0_0_0;0.0;-8.0;0.25;-9.0;0.39;-9.0;0.47;-9.0;;;;;;;;
23;16.1;22.1;0.5;8;Successful;Effective;collision;20.51;vtypeauto.1;vtypeauto.0;569.65;edge_0_0_0;0.0;-8.0;0.25;-9.0;0.39;-9.0;0.47;-9.0;;;;;;;;
24;16.1;22.1;0.5;10;Successful;Effective;No;No;No;No;No;No;0.0;-8.0;0.25;-9.0;0.39;-9.0;0.47;-9.0;;;;;;;;
25;16.1;22.1;0.6;5;Successful;Effective;collision;19.04;vtypeauto.1;vtypeauto.0;546.85;edge_0_0_0;0.0;-8.0;0.25;-9.0;0.39;-9.0;0.47;-9.0;;;;;;;;
26;16.1;22.1;0.6;8;Successful;Effective;collision;19.87;vtypeauto.1;vtypeauto.0;565.76;edge_0_0_0;0.0;-8.0;0.25;-9.0;0.39;-9.0;0.47;-9.0;;;;;;;;
27;16.1;22.1;0.6;10;Successful;Effective;collision;20.58;vtypeauto.1;vtypeauto.0;575.89;edge_0_0_0;0.0;-8.0;0.25;-9.0;0.39;-9.0;0.47;-9.0;;;;;;;;
28;16.1;22.1;0.7;5;Successful;Effective;collision;18.89;vtypeauto.1;vtypeauto.0;544.49;edge_0_0_0;0.0;-8.0;0.25;-9.0;0.39;-9.0;0.47;-9.0;;;;;;;;
29;16.1;22.1;0.7;8;Successful;Effective;collision;19.54;vtypeauto.1;vtypeauto.0;562.49;edge_0_0_0;0.0;-8.0;0.25;-9.0;0.39;-9.0;0.47;-9.0;;;;;;;;
30;16.1;22.1;0.7;10;Successful;Effective;collision;20.04;vtypeauto.1;vtypeauto.0;573.13;edge_0_0_0;0.0;-8.0;0.25;-9.0;0.39;-9.0;0.47;-9.0;;;;;;;;
31;16.1;22.1;0.8;5;Successful;Effective;collision;18.79;vtypeauto.1;vtypeauto.0;542.80;edge_0_0_0;0.0;-8.0;0.25;-9.0;0.39;-9.0;0.47;-9.0;;;;;;;;
32;16.1;22.1;0.8;8;Successful;Effective;collision;19.33;vtypeauto.1;vtypeauto.0;559.93;edge_0_0_0;0.0;-8.0;0.25;-9.0;0.39;-9.0;0.47;-9.0;;;;;;;;
33;16.1;22.1;0.8;10;Successful;Effective;collision;19.73;vtypeauto.1;vtypeauto.0;570.49;edge_0_0_0;0.0;-8.0;0.25;-9.0;0.39;-9.0;0.47;-9.0;;;;;;;;
34;16.1;22.1;0.9;5;Successful;Effective;collision;18.73;vtypeauto.1;vtypeauto.0;541.80;edge_0_0_0;0.0;-8.0;0.25;-9.0;0.39;-9.0;0.47;-9.0;;;;;;;;
35;16.1;22.1;0.9;8;Successful;Effective;collision;19.19;vtypeauto.1;vtypeauto.0;558.04;edge_0_0_0;0.0;-8.0;0.25;-9.0;0.39;-9.0;0.47;-9.0;;;;;;;;
36;16.1;22.1;0.9;10;Successful;Effective;collision;19.53;vtypeauto.1;vtypeauto.0;568.39;edge_0_0_0;0.0;-8.0;0.25;-9.0;0.39;-9.0;0.47;-9.0;;;;;;;;
37;16.1;22.1;1.0;5;Successful;Effective;collision;18.68;vtypeauto.1;vtypeauto.0;540.86;edge_0_0_0;0.0;-8.0;0.25;-9.0;0.39;-9.0;0.47;-9.0;;;;;;;;
38;16.1;22.1;1.0;8;Successful;Effective;collision;19.10;vtypeauto.1;vtypeauto.0;556.78;edge_0_0_0;0.0;-8.0;0.25;-9.0;0.39;-9.0;0.47;-9.0;;;;;;;;
39;16.1;22.1;1.0;10;Successful;Effective;collision;19.39;vtypeauto.1;vtypeauto.0;566.73;edge_0_0_0;0.0;-8.0;0.25;-9.0;0.39;-9.0;0.47;-9.0;;;;;;;;
40;16.1;22.1;1.1;5;Successful;Effective;collision;18.66;vtypeauto.1;vtypeauto.0;540.56;edge_0_0_0;0.0;-8.0;0.25;-9.0;0.39;-9.0;0.47;-9.0;;;;;;;;
41;16.1;22.1;1.1;8;Successful;Effective;collision;19.03;vtypeauto.1;vtypeauto.0;555.71;edge_0_0_0;0.0;-8.0;0.25;-9.0;0.39;-9.0;0.47;-9.0;;;;;;;;
42;16.1;22.1;1.1;10;Successful;Effective;collision;19.29;vtypeauto.1;vtypeauto.0;565.45;edge_0_0_0;0.0;-8.0;0.25;-9.0;0.39;-9.0;0.47;-9.0;;;;;;;;
43;16.2;22.2;0.5;5;Successful;Effective;collision;19.29;vtypeauto.1;vtypeauto.0;550.41;edge_0_0_0;0.0;-8.0;0.25;-9.0;0.39;-9.0;0.47;-9.0;;;;;;;;
44;16.2;22.2;0.5;8;Successful;Effective;collision;20.51;vtypeauto.1;vtypeauto.0;569.65;edge_0_0_0;0.0;-8.0;0.25;-9.0;0.39;-9.0;0.47;-9.0;;;;;;;;
45;16.2;22.2;0.5;10;Successful;Effective;No;No;No;No;No;No;0.0;-8.0;0.25;-9.0;0.39;-9.0;0.47;-9.0;;;;;;;;
46;16.2;22.2;0.6;5;Successful;Effective;collision;19.04;vtypeauto.1;vtypeauto.0;546.85;edge_0_0_0;0.0;-8.0;0.25;-9.0;0.39;-9.0;0.47;-9.0;;;;;;;;
47;16.2;22.2;0.6;8;Successful;Effective;collision;19.87;vtypeauto.1;vtypeauto.0;565.76;edge_0_0_0;0.0;-8.0;0.25;-9.0;0.39;-9.0;0.47;-9.0;;;;;;;;
48;16.2;22.2;0.6;10;Successful;Effective;collision;20.58;vtypeauto.1;vtypeauto.0;575.89;edge_0_0_0;0.0;-8.0;0.25;-9.0;0.39;-9.0;0.47;-9.0;;;;;;;;
49;16.2;22.2;0.7;5;Successful;Effective;collision;18.89;vtypeauto.1;vtypeauto.0;544.49;edge_0_0_0;0.0;-8.0;0.25;-9.0;0.39;-9.0;0.47;-9.0;;;;;;;;
50;16.2;22.2;0.7;8;Successful;Effective;collision;19.54;vtypeauto.1;vtypeauto.0;562.49;edge_0_0_0;0.0;-8.0;0.25;-9.0;0.39;-9.0;0.47;-9.0;;;;;;;;
51;16.2;22.2;0.7;10;Successful;Effective;collision;20.04;vtypeauto.1;vtypeauto.0;573.13;edge_0_0_0;0.0;-8.0;0.25;-9.0;0.39;-9.0;0.47;-9.0;;;;;;;;
52;16.2;22.2;0.8;5;Successful;Effective;collision;18.79;vtypeauto.1;vtypeauto.0;542.80;edge_0_0_0;0.0;-8.0;0.25;-9.0;0.39;-9.0;0.47;-9.0;;;;;;;;
53;16.2;22.2;0.8;8;Successful;Effective;collision;19.33;vtypeauto.1;vtypeauto.0;559.93;edge_0_0_0;0.0;-8.0;0.25;-9.0;0.39;-9.0;0.47;-9.0;;;;;;;;
54;16.2;22.2;0.8;10;Successful;Effective;collision;19.73;vtypeauto.1;vtypeauto.0;570.49;edge_0_0_0;0.0;-8.0;0.25;-9.0;0.39;-9.0;0.47;-9.0;;;;;;;;
55;16.2;22.2;0.9;5;Successful;Effective;collision;18.73;vtypeauto.1;vtypeauto.0;541.80;edge_0_0_0;0.0;-8.0;0.25;-9.0;0.39;-9.0;0.47;-9.0;;;;;;;;
56;16.2;22.2;0.9;8;Successful;Effective;collision;19.19;vtypeauto.1;vtypeauto.0;558.04;edge_0_0_0;0.0;-8.0;0.25;-9.0;0.39;-9.0;0.47;-9.0;;;;;;;;
57;16.2;22.2;0.9;10;Successful;Effective;collision;19.53;vtypeauto.1;vtypeauto.0;568.39;edge_0_0_0;0.0;-8.0;0.25;-9.0;0.39;-9.0;0.47;-9.0;;;;;;;;
58;16.2;22.2;1.0;5;Successful;Effective;collision;18.68;vtypeauto.1;vtypeauto.0;540.86;edge_0_0_0;0.0;-8.0;0.25;-9.0;0.39;-9.0;0.47;-9.0;;;;;;;;
59;16.2;22.2;1.0;8;Successful;Effective;collision;19.10;vtypeauto.1;vtypeauto.0;556.78;edge_0_0_0;0.0;-8.0;0.25;-9.0;0.39;-9.0;0.47;-9.0;;;;;;;;
60;16.2;22.2;1.0;10;Successful;Effective;collision;19.39;vtypeauto.1;vtypeauto.0;566.73;edge_0_0_0;0.0;-8.0;0.25;-9.0;0.39;-9.0;0.47;-9.0;;;;;;;;
61;16.2;22.2;1.1;5;Successful;Effective;collision;18.66;vtypeauto.1;vtypeauto.0;540.56;edge_0_0_0;0.0;-8.0;0.25;-9.0;0.39;-9.0;0.47;-9.0;;;;;;;;
62;16.2;22.2;1.1;8;Successful;Effective;collision;19.03;vtypeauto.1;vtypeauto.0;555.71;edge_0_0_0;0.0;-8.0;0.25;-9.0;0.39;-9.0;0.47;-9.0;;;;;;;;
63;16.2;22.2;1.1;10;Successful;Effective;collision;19.29;vtypeauto.1;vtypeauto.0;565.45;edge_0_0_0;0.0;-8.0;0.25;-9.0;0.39;-9.0;0.47;-9.0;;;;;;;;
64;16.3;22.3;0.5;5;Successful;Effective;collision;19.29;vtypeauto.1;vtypeauto.0;550.41;edge_0_0_0;0.0;-8.0;0.25;-9.0;0.39;-9.0;0.47;-9.0;;;;;;;;
65;16.3;22.3;0.5;8;Successful;Effective;collision;20.51;vtypeauto.1;vtypeauto.0;569.65;edge_0_0_0;0.0;-8.0;0.25;-9.0;0.39;-9.0;0.47;-9.0;;;;;;;;
66;16.3;22.3;0.5;10;Successful;Effective;No;No;No;No;No;No;0.0;-8.0;0.25;-9.0;0.39;-9.0;0.47;-9.0;;;;;;;;
67;16.3;22.3;0.6;5;Successful;Effective;collision;19.04;vtypeauto.1;vtypeauto.0;546.85;edge_0_0_0;0.0;-8.0;0.25;-9.0;0.39;-9.0;0.47;-9.0;;;;;;;;
68;16.3;22.3;0.6;8;Successful;Effective;collision;19.87;vtypeauto.1;vtypeauto.0;565.76;edge_0_0_0;0.0;-8.0;0.25;-9.0;0.39;-9.0;0.47;-9.0;;;;;;;;
69;16.3;22.3;0.6;10;Successful;Effective;collision;20.58;vtypeauto.1;vtypeauto.0;575.89;edge_0_0_0;0.0;-8.0;0.25;-9.0;0.39;-9.0;0.47;-9.0;;;;;;;;
70;16.3;22.3;0.7;5;Successful;Effective;collision;18.89;vtypeauto.1;vtypeauto.0;544.49;edge_0_0_0;0.0;-8.0;0.25;-9.0;0.39;-9.0;0.47;-9.0;;;;;;;;
71;16.3;22.3;0.7;8;Successful;Effective;collision;19.54;vtypeauto.1;vtypeauto.0;562.49;edge_0_0_0;0.0;-8.0;0.25;-9.0;0.39;-9.0;0.47;-9.0;;;;;;;;
72;16.3;22.3;0.7;10;Successful;Effective;collision;20.04;vtypeauto.1;vtypeauto.0;573.13;edge_0_0_0;0.0;-8.0;0.25;-9.0;0.39;-9.0;0.47;-9.0;;;;;;;;
73;16.3;22.3;0.8;5;Successful;Effective;collision;18.79;vtypeauto.1;vtypeauto.0;542.80;edge_0_0_0;0.0;-8.0;0.25;-9.0;0.39;-9.0;0.47;-9.0;;;;;;;;
74;16.3;22.3;0.8;8;Successful;Effective;collision;19.33;vtypeauto.1;vtypeauto.0;559.93;edge_0_0_0;0.0;-8.0;0.25;-9.0;0.39;-9.0;0.47;-9.0;;;;;;;;
75;16.3;22.3;0.8;10;Successful;Effective;collision;19.73;vtypeauto.1;vtypeauto.0;570.49;edge_0_0_0;0.0;-8.0;0.25;-9.0;0.39;-9.0;0.47;-9.0;;;;;;;;
76;16.3;22.3;0.9;5;Successful;Effective;collision;18.73;vtypeauto.1;vtypeauto.0;541.80;edge_0_0_0;0.0;-8.0;0.25;-9.0;0.39;-9.0;0.47;-9.0;;;;;;;;
77;16.3;22.3;0.9;8;Successful;Effective;collision;19.19;vtypeauto.1;vtypeauto.0;558.04;edge_0_0_0;0.0;-8.0;0.25;-9.0;0.39;-9.0;0.47;-9.0;;;;;;;;
78;16.3;22.3;0.9;10;Successful;Effective;collision;19.53;vtypeauto.1;vtypeauto.0;568.39;edge_0_0_0;0.0;-8.0;0.25;-9.0;0.39;-9.0;0.47;-9.0;;;;;;;;
79;16.3;22.3;1.0;5;Successful;Effective;collision;18.68;vtypeauto.1;vtypeauto.0;540.86;edge_0_0_0;0.0;-8.0;0.25;-9.0;0.39;-9.0;0.47;-9.0;;;;;;;;
80;16.3;22.3;1.0;8;Successful;Effective;collision;19.10;vtypeauto.1;vtypeauto.0;556.78;edge_0_0_0;0.0;-8.0;0.25;-9.0;0.39;-9.0;0.47;-9.0;;;;;;;;
81;16.3;22.3;1.0;10;Successful;Effective;collision;19.39;vtypeauto.1;vtypeauto.0;566.73;edge_0_0_0;0.0;-8.0;0.25;-9.0;0.39;-9.0;0.47;-9.0;;;;;;;;
82;16.3;22.3;1.1;5;Successful;Effective;collision;18.66;vtypeauto.1;vtypeauto.0;540.56;edge_0_0_0;0.0;-8.0;0.25;-9.0;0.39;-9.0;0.47;-9.0;;;;;;;;
83;16.3;22.3;1.1;8;Successful;Effective;collision;19.03;vtypeauto.1;vtypeauto.0;555.71;edge_0_0_0;0.0;-8.0;0.25;-9.0;0.39;-9.0;0.47;-9.0;;;;;;;;
84;16.3;22.3;1.1;10;Successful;Effective;collision;19.29;vtypeauto.1;vtypeauto.0;565.45;edge_0_0_0;0.0;-8.0;0.25;-9.0;0.39;-9.0;0.47;-9.0;;;;;;;;
85;16.4;22.4;0.5;5;Successful;Effective;collision;19.29;vtypeauto.1;vtypeauto.0;550.41;edge_0_0_0;0.0;-8.0;0.25;-9.0;0.39;-9.0;0.47;-9.0;;;;;;;;
86;16.4;22.4;0.5;8;Successful;Effective;collision;20.51;vtypeauto.1;vtypeauto.0;569.65;edge_0_0_0;0.0;-8.0;0.25;-9.0;0.39;-9.0;0.47;-9.0;;;;;;;;
87;16.4;22.4;0.5;10;Successful;Effective;No;No;No;No;No;No;0.0;-8.0;0.25;-9.0;0.39;-9.0;0.47;-9.0;;;;;;;;
88;16.4;22.4;0.6;5;Successful;Effective;collision;19.04;vtypeauto.1;vtypeauto.0;546.85;edge_0_0_0;0.0;-8.0;0.25;-9.0;0.39;-9.0;0.47;-9.0;;;;;;;;
89;16.4;22.4;0.6;8;Successful;Effective;collision;19.87;vtypeauto.1;vtypeauto.0;565.76;edge_0_0_0;0.0;-8.0;0.25;-9.0;0.39;-9.0;0.47;-9.0;;;;;;;;
90;16.4;22.4;0.6;10;Successful;Effective;collision;20.58;vtypeauto.1;vtypeauto.0;575.89;edge_0_0_0;0.0;-8.0;0.25;-9.0;0.39;-9.0;0.47;-9.0;;;;;;;;
91;16.4;22.4;0.7;5;Successful;Effective;collision;18.89;vtypeauto.1;vtypeauto.0;544.49;edge_0_0_0;0.0;-8.0;0.25;-9.0;0.39;-9.0;0.47;-9.0;;;;;;;;
92;16.4;22.4;0.7;8;Successful;Effective;collision;19.54;vtypeauto.1;vtypeauto.0;562.49;edge_0_0_0;0.0;-8.0;0.25;-9.0;0.39;-9.0;0.47;-9.0;;;;;;;;
93;16.4;22.4;0.7;10;Successful;Effective;collision;20.04;vtypeauto.1;vtypeauto.0;573.13;edge_0_0_0;0.0;-8.0;0.25;-9.0;0.39;-9.0;0.47;-9.0;;;;;;;;
94;16.4;22.4;0.8;5;Successful;Effective;collision;18.79;vtypeauto.1;vtypeauto.0;542.80;edge_0_0_0;0.0;-8.0;0.25;-9.0;0.39;-9.0;0.47;-9.0;;;;;;;;
95;16.4;22.4;0.8;8;Successful;Effective;collision;19.33;vtypeauto.1;vtypeauto.0;559.93;edge_0_0_0;0.0;-8.0;0.25;-9.0;0.39;-9.0;0.47;-9.0;;;;;;;;
96;16.4;22.4;0.8;10;Successful;Effective;collision;19.73;vtypeauto.1;vtypeauto.0;570.49;edge_0_0_0;0.0;-8.0;0.25;-9.0;0.39;-9.0;0.47;-9.0;;;;;;;;
97;16.4;22.4;0.9;5;Successful;Effective;collision;18.73;vtypeauto.1;vtypeauto.0;541.80;edge_0_0_0;0.0;-8.0;0.25;-9.0;0.39;-9.0;0.47;-9.0;;;;;;;;
98;16.4;22.4;0.9;8;Successful;Effective;collision;19.19;vtypeauto.1;vtypeauto.0;558.04;edge_0_0_0;0.0;-8.0;0.25;-9.0;0.39;-9.0;0.47;-9.0;;;;;;;;
99;16.4;22.4;0.9;10;Successful;Effective;collision;19.53;vtypeauto.1;vtypeauto.0;568.39;edge_0_0_0;0.0;-8.0;0.25;-9.0;0.39;-9.0;0.47;-9.0;;;;;;;;
100;16.4;22.4;1.0;5;Successful;Effective;collision;18.68;vtypeauto.1;vtypeauto.0;540.86;edge_0_0_0;0.0;-8.0;0.25;-9.0;0.39;-9.0;0.47;-9.0;;;;;;;;
101;16.4;22.4;1.0;8;Successful;Effective;collision;19.10;vtypeauto.1;vtypeauto.0;556.78;edge_0_0_0;0.0;-8.0;0.25;-9.0;0.39;-9.0;0.47;-9.0;;;;;;;;
102;16.4;22.4;1.0;10;Successful;Effective;collision;19.39;vtypeauto.1;vtypeauto.0;566.73;edge_0_0_0;0.0;-8.0;0.25;-9.0;0.39;-9.0;0.47;-9.0;;;;;;;;
103;16.4;22.4;1.1;5;Successful;Effective;collision;18.66;vtypeauto.1;vtypeauto.0;540.56;edge_0_0_0;0.0;-8.0;0.25;-9.0;0.39;-9.0;0.47;-9.0;;;;;;;;
104;16.4;22.4;1.1;8;Successful;Effective;collision;19.03;vtypeauto.1;vtypeauto.0;555.71;edge_0_0_0;0.0;-8.0;0.25;-9.0;0.39;-9.0;0.47;-9.0;;;;;;;;
105;16.4;22.4;1.1;10;Successful;Effective;collision;19.29;vtypeauto.1;vtypeauto.0;565.45;edge_0_0_0;0.0;-8.0;0.25;-9.0;0.39;-9.0;0.47;-9.0;;;;;;;;
106;16.5;22.5;0.5;5;Successful;Effective;collision;19.29;vtypeauto.1;vtypeauto.0;550.41;edge_0_0_0;0.0;-8.0;0.25;-9.0;0.39;-9.0;0.47;-9.0;;;;;;;;
107;16.5;22.5;0.5;8;Successful;Effective;collision;20.51;vtypeauto.1;vtypeauto.0;569.65;edge_0_0_0;0.0;-8.0;0.25;-9.0;0.39;-9.0;0.47;-9.0;;;;;;;;
108;16.5;22.5;0.5;10;Successful;Effective;No;No;No;No;No;No;0.0;-8.0;0.25;-9.0;0.39;-9.0;0.47;-9.0;;;;;;;;
109;16.5;22.5;0.6;5;Successful;Effective;collision;19.04;vtypeauto.1;vtypeauto.0;546.85;edge_0_0_0;0.0;-8.0;0.25;-9.0;0.39;-9.0;0.47;-9.0;;;;;;;;
110;16.5;22.5;0.6;8;Successful;Effective;collision;19.87;vtypeauto.1;vtypeauto.0;565.76;edge_0_0_0;0.0;-8.0;0.25;-9.0;0.39;-9.0;0.47;-9.0;;;;;;;;
111;16.5;22.5;0.6;10;Successful;Effective;collision;20.58;vtypeauto.1;vtypeauto.0;575.89;edge_0_0_0;0.0;-8.0;0.25;-9.0;0.39;-9.0;0.47;-9.0;;;;;;;;
112;16.5;22.5;0.7;5;Successful;Effective;collision;18.89;vtypeauto.1;vtypeauto.0;544.49;edge_0_0_0;0.0;-8.0;0.25;-9.0;0.39;-9.0;0.47;-9.0;;;;;;;;
113;16.5;22.5;0.7;8;Successful;Effective;collision;19.54;vtypeauto.1;vtypeauto.0;562.49;edge_0_0_0;0.0;-8.0;0.25;-9.0;0.39;-9.0;0.47;-9.0;;;;;;;;
114;16.5;22.5;0.7;10;Successful;Effective;collision;20.04;vtypeauto.1;vtypeauto.0;573.13;edge_0_0_0;0.0;-8.0;0.25;-9.0;0.39;-9.0;0.47;-9.0;;;;;;;;
115;16.5;22.5;0.8;5;Successful;Effective;collision;18.79;vtypeauto.1;vtypeauto.0;542.80;edge_0_0_0;0.0;-8.0;0.25;-9.0;0.39;-9.0;0.47;-9.0;;;;;;;;
116;16.5;22.5;0.8;8;Successful;Effective;collision;19.33;vtypeauto.1;vtypeauto.0;559.93;edge_0_0_0;0.0;-8.0;0.25;-9.0;0.39;-9.0;0.47;-9.0;;;;;;;;
117;16.5;22.5;0.8;10;Successful;Effective;collision;19.73;vtypeauto.1;vtypeauto.0;570.49;edge_0_0_0;0.0;-8.0;0.25;-9.0;0.39;-9.0;0.47;-9.0;;;;;;;;
118;16.5;22.5;0.9;5;Successful;Effective;collision;18.73;vtypeauto.1;vtypeauto.0;541.80;edge_0_0_0;0.0;-8.0;0.25;-9.0;0.39;-9.0;0.47;-9.0;;;;;;;;
119;16.5;22.5;0.9;8;Successful;Effective;collision;19.19;vtypeauto.1;vtypeauto.0;558.04;edge_0_0_0;0.0;-8.0;0.25;-9.0;0.39;-9.0;0.47;-9.0;;;;;;;;
120;16.5;22.5;0.9;10;Successful;Effective;collision;19.53;vtypeauto.1;vtypeauto.0;568.39;edge_0_0_0;0.0;-8.0;0.25;-9.0;0.39;-9.0;0.47;-9.0;;;;;;;;
121;16.5;22.5;1.0;5;Successful;Effective;collision;18.68;vtypeauto.1;vtypeauto.0;540.86;edge_0_0_0;0.0;-8.0;0.25;-9.0;0.39;-9.0;0.47;-9.0;;;;;;;;
122;16.5;22.5;1.0;8;Successful;Effective;collision;19.10;vtypeauto.1;vtypeauto.0;556.78;edge_0_0_0;0.0;-8.0;0.25;-9.0;0.39;-9.0;0.47;-9.0;;;;;;;;
123;16.5;22.5;1.0;10;Successful;Effective;collision;19.39;vtypeauto.1;vtypeauto.0;566.73;edge_0_0_0;0.0;-8.0;0.25;-9.0;0.39;-9.0;0.47;-9.0;;;;;;;;
124;16.5;22.5;1.1;5;Successful;Effective;collision;18.66;vtypeauto.1;vtypeauto.0;540.56;edge_0_0_0;0.0;-8.0;0.25;-9.0;0.39;-9.0;0.47;-9.0;;;;;;;;
125;16.5;22.5;1.1;8;Successful;Effective;collision;19.03;vtypeauto.1;vtypeauto.0;555.71;edge_0_0_0;0.0;-8.0;0.25;-9.0;0.39;-9.0;0.47;-9.0;;;;;;;;
126;16.5;22.5;1.1;10;Successful;Effective;collision;19.29;vtypeauto.1;vtypeauto.0;565.45;edge_0_0_0;0.0;-8.0;0.25;-9.0;0.39;-9.0;0.47;-9.0;;;;;;;;
127;16.6;22.6;0.5;5;Successful;Effective;collision;19.29;vtypeauto.1;vtypeauto.0;550.41;edge_0_0_0;0.0;-8.0;0.25;-9.0;0.39;-9.0;0.47;-9.0;;;;;;;;
128;16.6;22.6;0.5;8;Successful;Effective;collision;20.51;vtypeauto.1;vtypeauto.0;569.65;edge_0_0_0;0.0;-8.0;0.25;-9.0;0.39;-9.0;0.47;-9.0;;;;;;;;
129;16.6;22.6;0.5;10;Successful;Effective;No;No;No;No;No;No;0.0;-8.0;0.25;-9.0;0.39;-9.0;0.47;-9.0;;;;;;;;
130;16.6;22.6;0.6;5;Successful;Effective;collision;19.04;vtypeauto.1;vtypeauto.0;546.85;edge_0_0_0;0.0;-8.0;0.25;-9.0;0.39;-9.0;0.47;-9.0;;;;;;;;
131;16.6;22.6;0.6;8;Successful;Effective;collision;19.87;vtypeauto.1;vtypeauto.0;565.76;edge_0_0_0;0.0;-8.0;0.25;-9.0;0.39;-9.0;0.47;-9.0;;;;;;;;
132;16.6;22.6;0.6;10;Successful;Effective;collision;20.58;vtypeauto.1;vtypeauto.0;575.89;edge_0_0_0;0.0;-8.0;0.25;-9.0;0.39;-9.0;0.47;-9.0;;;;;;;;
133;16.6;22.6;0.7;5;Successful;Effective;collision;18.89;vtypeauto.1;vtypeauto.0;544.49;edge_0_0_0;0.0;-8.0;0.25;-9.0;0.39;-9.0;0.47;-9.0;;;;;;;;
134;16.6;22.6;0.7;8;Successful;Effective;collision;19.54;vtypeauto.1;vtypeauto.0;562.49;edge_0_0_0;0.0;-8.0;0.25;-9.0;0.39;-9.0;0.47;-9.0;;;;;;;;
135;16.6;22.6;0.7;10;Successful;Effective;collision;20.04;vtypeauto.1;vtypeauto.0;573.13;edge_0_0_0;0.0;-8.0;0.25;-9.0;0.39;-9.0;0.47;-9.0;;;;;;;;
136;16.6;22.6;0.8;5;Successful;Effective;collision;18.79;vtypeauto.1;vtypeauto.0;542.80;edge_0_0_0;0.0;-8.0;0.25;-9.0;0.39;-9.0;0.47;-9.0;;;;;;;;
137;16.6;22.6;0.8;8;Successful;Effective;collision;19.33;vtypeauto.1;vtypeauto.0;559.93;edge_0_0_0;0.0;-8.0;0.25;-9.0;0.39;-9.0;0.47;-9.0;;;;;;;;
138;16.6;22.6;0.8;10;Successful;Effective;collision;19.73;vtypeauto.1;vtypeauto.0;570.49;edge_0_0_0;0.0;-8.0;0.25;-9.0;0.39;-9.0;0.47;-9.0;;;;;;;;
139;16.6;22.6;0.9;5;Successful;Effective;collision;18.73;vtypeauto.1;vtypeauto.0;541.80;edge_0_0_0;0.0;-8.0;0.25;-9.0;0.39;-9.0;0.47;-9.0;;;;;;;;
140;16.6;22.6;0.9;8;Successful;Effective;collision;19.19;vtypeauto.1;vtypeauto.0;558.04;edge_0_0_0;0.0;-8.0;0.25;-9.0;0.39;-9.0;0.47;-9.0;;;;;;;;
141;16.6;22.6;0.9;10;Successful;Effective;collision;19.53;vtypeauto.1;vtypeauto.0;568.39;edge_0_0_0;0.0;-8.0;0.25;-9.0;0.39;-9.0;0.47;-9.0;;;;;;;;
142;16.6;22.6;1.0;5;Successful;Effective;collision;18.68;vtypeauto.1;vtypeauto.0;540.86;edge_0_0_0;0.0;-8.0;0.25;-9.0;0.39;-9.0;0.47;-9.0;;;;;;;;
143;16.6;22.6;1.0;8;Successful;Effective;collision;19.10;vtypeauto.1;vtypeauto.0;556.78;edge_0_0_0;0.0;-8.0;0.25;-9.0;0.39;-9.0;0.47;-9.0;;;;;;;;
144;16.6;22.6;1.0;10;Successful;Effective;collision;19.39;vtypeauto.1;vtypeauto.0;566.73;edge_0_0_0;0.0;-8.0;0.25;-9.0;0.39;-9.0;0.47;-9.0;;;;;;;;
145;16.6;22.6;1.1;5;Successful;Effective;collision;18.66;vtypeauto.1;vtypeauto.0;540.56;edge_0_0_0;0.0;-8.0;0.25;-9.0;0.39;-9.0;0.47;-9.0;;;;;;;;
146;16.6;22.6;1.1;8;Successful;Effective;collision;19.03;vtypeauto.1;vtypeauto.0;555.71;edge_0_0_0;0.0;-8.0;0.25;-9.0;0.39;-9.0;0.47;-9.0;;;;;;;;
147;16.6;22.6;1.1;10;Successful;Effective;collision;19.29;vtypeauto.1;vtypeauto.0;565.45;edge_0_0_0;0.0;-8.0;0.25;-9.0;0.39;-9.0;0.47;-9.0;;;;;;;;
148;16.7;22.7;0.5;5;Successful;Effective;collision;19.29;vtypeauto.1;vtypeauto.0;550.41;edge_0_0_0;0.0;-8.0;0.25;-9.0;0.39;-9.0;0.47;-9.0;;;;;;;;
149;16.7;22.7;0.5;8;Successful;Effective;collision;20.51;vtypeauto.1;vtypeauto.0;569.65;edge_0_0_0;0.0;-8.0;0.25;-9.0;0.39;-9.0;0.47;-9.0;;;;;;;;
150;16.7;22.7;0.5;10;Successful;Effective;No;No;No;No;No;No;0.0;-8.0;0.25;-9.0;0.39;-9.0;0.47;-9.0;;;;;;;;
151;16.7;22.7;0.6;5;Successful;Effective;collision;19.04;vtypeauto.1;vtypeauto.0;546.85;edge_0_0_0;0.0;-8.0;0.25;-9.0;0.39;-9.0;0.47;-9.0;;;;;;;;
152;16.7;22.7;0.6;8;Successful;Effective;collision;19.87;vtypeauto.1;vtypeauto.0;565.76;edge_0_0_0;0.0;-8.0;0.25;-9.0;0.39;-9.0;0.47;-9.0;;;;;;;;
153;16.7;22.7;0.6;10;Successful;Effective;collision;20.58;vtypeauto.1;vtypeauto.0;575.89;edge_0_0_0;0.0;-8.0;0.25;-9.0;0.39;-9.0;0.47;-9.0;;;;;;;;
154;16.7;22.7;0.7;5;Successful;Effective;collision;18.89;vtypeauto.1;vtypeauto.0;544.49;edge_0_0_0;0.0;-8.0;0.25;-9.0;0.39;-9.0;0.47;-9.0;;;;;;;;
155;16.7;22.7;0.7;8;Successful;Effective;collision;19.54;vtypeauto.1;vtypeauto.0;562.49;edge_0_0_0;0.0;-8.0;0.25;-9.0;0.39;-9.0;0.47;-9.0;;;;;;;;
156;16.7;22.7;0.7;10;Successful;Effective;collision;20.04;vtypeauto.1;vtypeauto.0;573.13;edge_0_0_0;0.0;-8.0;0.25;-9.0;0.39;-9.0;0.47;-9.0;;;;;;;;
157;16.7;22.7;0.8;5;Successful;Effective;collision;18.79;vtypeauto.1;vtypeauto.0;542.80;edge_0_0_0;0.0;-8.0;0.25;-9.0;0.39;-9.0;0.47;-9.0;;;;;;;;
158;16.7;22.7;0.8;8;Successful;Effective;collision;19.33;vtypeauto.1;vtypeauto.0;559.93;edge_0_0_0;0.0;-8.0;0.25;-9.0;0.39;-9.0;0.47;-9.0;;;;;;;;
159;16.7;22.7;0.8;10;Successful;Effective;collision;19.73;vtypeauto.1;vtypeauto.0;570.49;edge_0_0_0;0.0;-8.0;0.25;-9.0;0.39;-9.0;0.47;-9.0;;;;;;;;
160;16.7;22.7;0.9;5;Successful;Effective;collision;18.73;vtypeauto.1;vtypeauto.0;541.80;edge_0_0_0;0.0;-8.0;0.25;-9.0;0.39;-9.0;0.47;-9.0;;;;;;;;
161;16.7;22.7;0.9;8;Successful;Effective;collision;19.19;vtypeauto.1;vtypeauto.0;558.04;edge_0_0_0;0.0;-8.0;0.25;-9.0;0.39;-9.0;0.47;-9.0;;;;;;;;
162;16.7;22.7;0.9;10;Successful;Effective;collision;19.53;vtypeauto.1;vtypeauto.0;568.39;edge_0_0_0;0.0;-8.0;0.25;-9.0;0.39;-9.0;0.47;-9.0;;;;;;;;
163;16.7;22.7;1.0;5;Successful;Effective;collision;18.68;vtypeauto.1;vtypeauto.0;540.86;edge_0_0_0;0.0;-8.0;0.25;-9.0;0.39;-9.0;0.47;-9.0;;;;;;;;
164;16.7;22.7;1.0;8;Successful;Effective;collision;19.10;vtypeauto.1;vtypeauto.0;556.78;edge_0_0_0;0.0;-8.0;0.25;-9.0;0.39;-9.0;0.47;-9.0;;;;;;;;
165;16.7;22.7;1.0;10;Successful;Effective;collision;19.39;vtypeauto.1;vtypeauto.0;566.73;edge_0_0_0;0.0;-8.0;0.25;-9.0;0.39;-9.0;0.47;-9.0;;;;;;;;
166;16.7;22.7;1.1;5;Successful;Effective;collision;18.66;vtypeauto.1;vtypeauto.0;540.56;edge_0_0_0;0.0;-8.0;0.25;-9.0;0.39;-9.0;0.47;-9.0;;;;;;;;
167;16.7;22.7;1.1;8;Successful;Effective;collision;19.03;vtypeauto.1;vtypeauto.0;555.71;edge_0_0_0;0.0;-8.0;0.25;-9.0;0.39;-9.0;0.47;-9.0;;;;;;;;
168;16.7;22.7;1.1;10;Successful;Effective;collision;19.29;vtypeauto.1;vtypeauto.0;565.45;edge_0_0_0;0.0;-8.0;0.25;-9.0;0.39;-9.0;0.47;-9.0;;;;;;;;
169;16.8;22.8;0.5;5;Successful;Effective;collision;19.29;vtypeauto.1;vtypeauto.0;550.41;edge_0_0_0;0.0;-8.0;0.25;-9.0;0.39;-9.0;0.47;-9.0;;;;;;;;
170;16.8;22.8;0.5;8;Successful;Effective;collision;20.51;vtypeauto.1;vtypeauto.0;569.65;edge_0_0_0;0.0;-8.0;0.25;-9.0;0.39;-9.0;0.47;-9.0;;;;;;;;
171;16.8;22.8;0.5;10;Successful;Effective;No;No;No;No;No;No;0.0;-8.0;0.25;-9.0;0.39;-9.0;0.47;-9.0;;;;;;;;
172;16.8;22.8;0.6;5;Successful;Effective;collision;19.04;vtypeauto.1;vtypeauto.0;546.85;edge_0_0_0;0.0;-8.0;0.25;-9.0;0.39;-9.0;0.47;-9.0;;;;;;;;
173;16.8;22.8;0.6;8;Successful;Effective;collision;19.87;vtypeauto.1;vtypeauto.0;565.76;edge_0_0_0;0.0;-8.0;0.25;-9.0;0.39;-9.0;0.47;-9.0;;;;;;;;
174;16.8;22.8;0.6;10;Successful;Effective;collision;20.58;vtypeauto.1;vtypeauto.0;575.89;edge_0_0_0;0.0;-8.0;0.25;-9.0;0.39;-9.0;0.47;-9.0;;;;;;;;
175;16.8;22.8;0.7;5;Successful;Effective;collision;18.89;vtypeauto.1;vtypeauto.0;544.49;edge_0_0_0;0.0;-8.0;0.25;-9.0;0.39;-9.0;0.47;-9.0;;;;;;;;
176;16.8;22.8;0.7;8;Successful;Effective;collision;19.54;vtypeauto.1;vtypeauto.0;562.49;edge_0_0_0;0.0;-8.0;0.25;-9.0;0.39;-9.0;0.47;-9.0;;;;;;;;
177;16.8;22.8;0.7;10;Successful;Effective;collision;20.04;vtypeauto.1;vtypeauto.0;573.13;edge_0_0_0;0.0;-8.0;0.25;-9.0;0.39;-9.0;0.47;-9.0;;;;;;;;
178;16.8;22.8;0.8;5;Successful;Effective;collision;18.79;vtypeauto.1;vtypeauto.0;542.80;edge_0_0_0;0.0;-8.0;0.25;-9.0;0.39;-9.0;0.47;-9.0;;;;;;;;
179;16.8;22.8;0.8;8;Successful;Effective;collision;19.33;vtypeauto.1;vtypeauto.0;559.93;edge_0_0_0;0.0;-8.0;0.25;-9.0;0.39;-9.0;0.47;-9.0;;;;;;;;
180;16.8;22.8;0.8;10;Successful;Effective;collision;19.73;vtypeauto.1;vtypeauto.0;570.49;edge_0_0_0;0.0;-8.0;0.25;-9.0;0.39;-9.0;0.47;-9.0;;;;;;;;
181;16.8;22.8;0.9;5;Successful;Effective;collision;18.73;vtypeauto.1;vtypeauto.0;541.80;edge_0_0_0;0.0;-8.0;0.25;-9.0;0.39;-9.0;0.47;-9.0;;;;;;;;
182;16.8;22.8;0.9;8;Successful;Effective;collision;19.19;vtypeauto.1;vtypeauto.0;558.04;edge_0_0_0;0.0;-8.0;0.25;-9.0;0.39;-9.0;0.47;-9.0;;;;;;;;
183;16.8;22.8;0.9;10;Successful;Effective;collision;19.53;vtypeauto.1;vtypeauto.0;568.39;edge_0_0_0;0.0;-8.0;0.25;-9.0;0.39;-9.0;0.47;-9.0;;;;;;;;
184;16.8;22.8;1.0;5;Successful;Effective;collision;18.68;vtypeauto.1;vtypeauto.0;540.86;edge_0_0_0;0.0;-8.0;0.25;-9.0;0.39;-9.0;0.47;-9.0;;;;;;;;
185;16.8;22.8;1.0;8;Successful;Effective;collision;19.10;vtypeauto.1;vtypeauto.0;556.78;edge_0_0_0;0.0;-8.0;0.25;-9.0;0.39;-9.0;0.47;-9.0;;;;;;;;
186;16.8;22.8;1.0;10;Successful;Effective;collision;19.39;vtypeauto.1;vtypeauto.0;566.73;edge_0_0_0;0.0;-8.0;0.25;-9.0;0.39;-9.0;0.47;-9.0;;;;;;;;
187;16.8;22.8;1.1;5;Successful;Effective;collision;18.66;vtypeauto.1;vtypeauto.0;540.56;edge_0_0_0;0.0;-8.0;0.25;-9.0;0.39;-9.0;0.47;-9.0;;;;;;;;
188;16.8;22.8;1.1;8;Successful;Effective;collision;19.03;vtypeauto.1;vtypeauto.0;555.71;edge_0_0_0;0.0;-8.0;0.25;-9.0;0.39;-9.0;0.47;-9.0;;;;;;;;
189;16.8;22.8;1.1;10;Successful;Effective;collision;19.29;vtypeauto.1;vtypeauto.0;565.45;edge_0_0_0;0.0;-8.0;0.25;-9.0;0.39;-9.0;0.47;-9.0;;;;;;;;
190;16.9;22.9;0.5;5;Successful;Effective;collision;19.29;vtypeauto.1;vtypeauto.0;550.41;edge_0_0_0;0.0;-8.0;0.25;-9.0;0.39;-9.0;0.47;-9.0;;;;;;;;
191;16.9;22.9;0.5;8;Successful;Effective;collision;20.51;vtypeauto.1;vtypeauto.0;569.65;edge_0_0_0;0.0;-8.0;0.25;-9.0;0.39;-9.0;0.47;-9.0;;;;;;;;
192;16.9;22.9;0.5;10;Successful;Effective;No;No;No;No;No;No;0.0;-8.0;0.25;-9.0;0.39;-9.0;0.47;-9.0;;;;;;;;
193;16.9;22.9;0.6;5;Successful;Effective;collision;19.04;vtypeauto.1;vtypeauto.0;546.85;edge_0_0_0;0.0;-8.0;0.25;-9.0;0.39;-9.0;0.47;-9.0;;;;;;;;
194;16.9;22.9;0.6;8;Successful;Effective;collision;19.87;vtypeauto.1;vtypeauto.0;565.76;edge_0_0_0;0.0;-8.0;0.25;-9.0;0.39;-9.0;0.47;-9.0;;;;;;;;
195;16.9;22.9;0.6;10;Successful;Effective;collision;20.58;vtypeauto.1;vtypeauto.0;575.89;edge_0_0_0;0.0;-8.0;0.25;-9.0;0.39;-9.0;0.47;-9.0;;;;;;;;
196;16.9;22.9;0.7;5;Successful;Effective;collision;18.89;vtypeauto.1;vtypeauto.0;544.49;edge_0_0_0;0.0;-8.0;0.25;-9.0;0.39;-9.0;0.47;-9.0;;;;;;;;
197;16.9;22.9;0.7;8;Successful;Effective;collision;19.54;vtypeauto.1;vtypeauto.0;562.49;edge_0_0_0;0.0;-8.0;0.25;-9.0;0.39;-9.0;0.47;-9.0;;;;;;;;
198;16.9;22.9;0.7;10;Successful;Effective;collision;20.04;vtypeauto.1;vtypeauto.0;573.13;edge_0_0_0;0.0;-8.0;0.25;-9.0;0.39;-9.0;0.47;-9.0;;;;;;;;
199;16.9;22.9;0.8;5;Successful;Effective;collision;18.79;vtypeauto.1;vtypeauto.0;542.80;edge_0_0_0;0.0;-8.0;0.25;-9.0;0.39;-9.0;0.47;-9.0;;;;;;;;
200;16.9;22.9;0.8;8;Successful;Effective;collision;19.33;vtypeauto.1;vtypeauto.0;559.93;edge_0_0_0;0.0;-8.0;0.25;-9.0;0.39;-9.0;0.47;-9.0;;;;;;;;
201;16.9;22.9;0.8;10;Successful;Effective;collision;19.73;vtypeauto.1;vtypeauto.0;570.49;edge_0_0_0;0.0;-8.0;0.25;-9.0;0.39;-9.0;0.47;-9.0;;;;;;;;
202;16.9;22.9;0.9;5;Successful;Effective;collision;18.73;vtypeauto.1;vtypeauto.0;541.80;edge_0_0_0;0.0;-8.0;0.25;-9.0;0.39;-9.0;0.47;-9.0;;;;;;;;
203;16.9;22.9;0.9;8;Successful;Effective;collision;19.19;vtypeauto.1;vtypeauto.0;558.04;edge_0_0_0;0.0;-8.0;0.25;-9.0;0.39;-9.0;0.47;-9.0;;;;;;;;
204;16.9;22.9;0.9;10;Successful;Effective;collision;19.53;vtypeauto.1;vtypeauto.0;568.39;edge_0_0_0;0.0;-8.0;0.25;-9.0;0.39;-9.0;0.47;-9.0;;;;;;;;
205;16.9;22.9;1.0;5;Successful;Effective;collision;18.68;vtypeauto.1;vtypeauto.0;540.86;edge_0_0_0;0.0;-8.0;0.25;-9.0;0.39;-9.0;0.47;-9.0;;;;;;;;
206;16.9;22.9;1.0;8;Successful;Effective;collision;19.10;vtypeauto.1;vtypeauto.0;556.78;edge_0_0_0;0.0;-8.0;0.25;-9.0;0.39;-9.0;0.47;-9.0;;;;;;;;
207;16.9;22.9;1.0;10;Successful;Effective;collision;19.39;vtypeauto.1;vtypeauto.0;566.73;edge_0_0_0;0.0;-8.0;0.25;-9.0;0.39;-9.0;0.47;-9.0;;;;;;;;
208;16.9;22.9;1.1;5;Successful;Effective;collision;18.66;vtypeauto.1;vtypeauto.0;540.56;edge_0_0_0;0.0;-8.0;0.25;-9.0;0.39;-9.0;0.47;-9.0;;;;;;;;
209;16.9;22.9;1.1;8;Successful;Effective;collision;19.03;vtypeauto.1;vtypeauto.0;555.71;edge_0_0_0;0.0;-8.0;0.25;-9.0;0.39;-9.0;0.47;-9.0;;;;;;;;
210;16.9;22.9;1.1;10;Successful;Effective;collision;19.29;vtypeauto.1;vtypeauto.0;565.45;edge_0_0_0;0.0;-8.0;0.25;-9.0;0.39;-9.0;0.47;-9.0;;;;;;;;
211;17.0;23.0;0.5;5;Successful;Effective;collision;19.29;vtypeauto.1;vtypeauto.0;550.41;edge_0_0_0;0.0;-8.0;0.25;-9.0;0.39;-9.0;0.47;-9.0;;;;;;;;
212;17.0;23.0;0.5;8;Successful;Effective;collision;20.51;vtypeauto.1;vtypeauto.0;569.65;edge_0_0_0;0.0;-8.0;0.25;-9.0;0.39;-9.0;0.47;-9.0;;;;;;;;
213;17.0;23.0;0.5;10;Successful;Effective;No;No;No;No;No;No;0.0;-8.0;0.25;-9.0;0.39;-9.0;0.47;-9.0;;;;;;;;
214;17.0;23.0;0.6;5;Successful;Effective;collision;19.04;vtypeauto.1;vtypeauto.0;546.85;edge_0_0_0;0.0;-8.0;0.25;-9.0;0.39;-9.0;0.47;-9.0;;;;;;;;
215;17.0;23.0;0.6;8;Successful;Effective;collision;19.87;vtypeauto.1;vtypeauto.0;565.76;edge_0_0_0;0.0;-8.0;0.25;-9.0;0.39;-9.0;0.47;-9.0;;;;;;;;
216;17.0;23.0;0.6;10;Successful;Effective;collision;20.58;vtypeauto.1;vtypeauto.0;575.89;edge_0_0_0;0.0;-8.0;0.25;-9.0;0.39;-9.0;0.47;-9.0;;;;;;;;
217;17.0;23.0;0.7;5;Successful;Effective;collision;18.89;vtypeauto.1;vtypeauto.0;544.49;edge_0_0_0;0.0;-8.0;0.25;-9.0;0.39;-9.0;0.47;-9.0;;;;;;;;
218;17.0;23.0;0.7;8;Successful;Effective;collision;19.54;vtypeauto.1;vtypeauto.0;562.49;edge_0_0_0;0.0;-8.0;0.25;-9.0;0.39;-9.0;0.47;-9.0;;;;;;;;
219;17.0;23.0;0.7;10;Successful;Effective;collision;20.04;vtypeauto.1;vtypeauto.0;573.13;edge_0_0_0;0.0;-8.0;0.25;-9.0;0.39;-9.0;0.47;-9.0;;;;;;;;
220;17.0;23.0;0.8;5;Successful;Effective;collision;18.79;vtypeauto.1;vtypeauto.0;542.80;edge_0_0_0;0.0;-8.0;0.25;-9.0;0.39;-9.0;0.47;-9.0;;;;;;;;
221;17.0;23.0;0.8;8;Successful;Effective;collision;19.33;vtypeauto.1;vtypeauto.0;559.93;edge_0_0_0;0.0;-8.0;0.25;-9.0;0.39;-9.0;0.47;-9.0;;;;;;;;
222;17.0;23.0;0.8;10;Successful;Effective;collision;19.73;vtypeauto.1;vtypeauto.0;570.49;edge_0_0_0;0.0;-8.0;0.25;-9.0;0.39;-9.0;0.47;-9.0;;;;;;;;
223;17.0;23.0;0.9;5;Successful;Effective;collision;18.73;vtypeauto.1;vtypeauto.0;541.80;edge_0_0_0;0.0;-8.0;0.25;-9.0;0.39;-9.0;0.47;-9.0;;;;;;;;
224;17.0;23.0;0.9;8;Successful;Effective;collision;19.19;vtypeauto.1;vtypeauto.0;558.04;edge_0_0_0;0.0;-8.0;0.25;-9.0;0.39;-9.0;0.47;-9.0;;;;;;;;
225;17.0;23.0;0.9;10;Successful;Effective;collision;19.53;vtypeauto.1;vtypeauto.0;568.39;edge_0_0_0;0.0;-8.0;0.25;-9.0;0.39;-9.0;0.47;-9.0;;;;;;;;
226;17.0;23.0;1.0;5;Successful;Effective;collision;18.68;vtypeauto.1;vtypeauto.0;540.86;edge_0_0_0;0.0;-8.0;0.25;-9.0;0.39;-9.0;0.47;-9.0;;;;;;;;
227;17.0;23.0;1.0;8;Successful;Effective;collision;19.10;vtypeauto.1;vtypeauto.0;556.78;edge_0_0_0;0.0;-8.0;0.25;-9.0;0.39;-9.0;0.47;-9.0;;;;;;;;
228;17.0;23.0;1.0;10;Successful;Effective;collision;19.39;vtypeauto.1;vtypeauto.0;566.73;edge_0_0_0;0.0;-8.0;0.25;-9.0;0.39;-9.0;0.47;-9.0;;;;;;;;
229;17.0;23.0;1.1;5;Successful;Effective;collision;18.66;vtypeauto.1;vtypeauto.0;540.56;edge_0_0_0;0.0;-8.0;0.25;-9.0;0.39;-9.0;0.47;-9.0;;;;;;;;
230;17.0;23.0;1.1;8;Successful;Effective;collision;19.03;vtypeauto.1;vtypeauto.0;555.71;edge_0_0_0;0.0;-8.0;0.25;-9.0;0.39;-9.0;0.47;-9.0;;;;;;;;
231;17.0;23.0;1.1;10;Successful;Effective;collision;19.29;vtypeauto.1;vtypeauto.0;565.45;edge_0_0_0;0.0;-8.0;0.25;-9.0;0.39;-9.0;0.47;-9.0;;;;;;;;
232;17.1;23.1;0.5;5;Successful;Effective;No;No;No;No;No;No;0.0;-8.0;0.25;-8.23;0.39;-8.87;0.47;-9.0;;;;;;;;
233;17.1;23.1;0.5;8;Successful;Effective;No;No;No;No;No;No;0.0;-8.0;0.25;-8.23;0.39;-8.87;0.47;-9.0;;;;;;;;
234;17.1;23.1;0.5;10;Successful;Effective;No;No;No;No;No;No;0.0;-8.0;0.25;-8.23;0.39;-8.87;0.47;-9.0;;;;;;;;
235;17.1;23.1;0.6;5;Successful;Effective;No;No;No;No;No;No;0.0;-8.0;0.25;-8.27;0.39;-9.0;0.47;-9.0;;;;;;;;
236;17.1;23.1;0.6;8;Successful;Effective;No;No;No;No;No;No;0.0;-8.0;0.25;-8.27;0.39;-9.0;0.47;-9.0;;;;;;;;
237;17.1;23.1;0.6;10;Successful;Effective;No;No;No;No;No;No;0.0;-8.0;0.25;-8.27;0.39;-9.0;0.47;-9.0;;;;;;;;
238;17.1;23.1;0.7;5;Successful;Effective;collision;20.64;vtypeauto.2;vtypeauto.1;553.30;edge_0_0_0;0.0;-8.0;0.25;-8.31;0.39;-9.0;0.47;-9.0;;;;;;;;
239;17.1;23.1;0.7;8;Successful;Effective;No;No;No;No;No;No;0.0;-8.0;0.25;-8.31;0.39;-9.0;0.47;-9.0;;;;;;;;
240;17.1;23.1;0.7;10;Successful;Effective;No;No;No;No;No;No;0.0;-8.0;0.25;-8.31;0.39;-9.0;0.47;-9.0;;;;;;;;
241;17.1;23.1;0.8;5;Successful;Effective;collision;20.25;vtypeauto.2;vtypeauto.1;551.75;edge_0_0_0;0.0;-8.0;0.25;-8.36;0.39;-9.0;0.47;-9.0;;;;;;;;
242;17.1;23.1;0.8;8;Successful;Effective;No;No;No;No;No;No;0.0;-8.0;0.25;-8.36;0.39;-9.0;0.47;-9.0;;;;;;;;
243;17.1;23.1;0.8;10;Successful;Effective;No;No;No;No;No;No;0.0;-8.0;0.25;-8.36;0.39;-9.0;0.47;-9.0;;;;;;;;
244;17.1;23.1;0.9;5;Successful;Effective;collision;20.02;vtypeauto.2;vtypeauto.1;550.31;edge_0_0_0;0.0;-8.0;0.25;-8.42;0.39;-9.0;0.47;-9.0;;;;;;;;
245;17.1;23.1;0.9;8;Successful;Effective;No;No;No;No;No;No;0.0;-8.0;0.25;-8.42;0.39;-9.0;0.47;-9.0;;;;;;;;
246;17.1;23.1;0.9;10;Successful;Effective;No;No;No;No;No;No;0.0;-8.0;0.25;-8.42;0.39;-9.0;0.47;-9.0;;;;;;;;
247;17.1;23.1;1.0;5;Successful;Effective;collision;19.86;vtypeauto.2;vtypeauto.1;549.07;edge_0_0_0;0.0;-8.0;0.25;-8.48;0.39;-9.0;0.47;-9.0;;;;;;;;
248;17.1;23.1;1.0;8;Successful;Effective;collision;20.87;vtypeauto.2;vtypeauto.1;560.88;edge_0_0_0;0.0;-8.0;0.25;-8.48;0.39;-9.0;0.47;-9.0;;;;;;;;
249;17.1;23.1;1.0;10;Successful;Effective;No;No;No;No;No;No;0.0;-8.0;0.25;-8.48;0.39;-9.0;0.47;-9.0;;;;;;;;
250;17.1;23.1;1.1;5;Successful;Effective;collision;19.75;vtypeauto.2;vtypeauto.1;548.14;edge_0_0_0;0.0;-8.0;0.25;-8.55;0.39;-9.0;0.47;-9.0;;;;;;;;
251;17.1;23.1;1.1;8;Successful;Effective;collision;20.63;vtypeauto.2;vtypeauto.1;560.67;edge_0_0_0;0.0;-8.0;0.25;-8.55;0.39;-9.0;0.47;-9.0;;;;;;;;
252;17.1;23.1;1.1;10;Successful;Effective;No;No;No;No;No;No;0.0;-8.0;0.25;-8.55;0.39;-9.0;0.47;-9.0;;;;;;;;
253;17.2;23.2;0.5;5;Successful;Effective;No;No;No;No;No;No;0.0;-8.0;0.25;-8.21;0.39;-8.36;0.47;-8.66;;;;;;;;
254;17.2;23.2;0.5;8;Successful;Effective;No;No;No;No;No;No;0.0;-8.0;0.25;-8.21;0.39;-8.36;0.47;-8.66;;;;;;;;
255;17.2;23.2;0.5;10;Successful;Effective;No;No;No;No;No;No;0.0;-8.0;0.25;-8.21;0.39;-8.36;0.47;-8.66;;;;;;;;
256;17.2;23.2;0.6;5;Successful;Effective;No;No;No;No;No;No;0.0;-8.0;0.25;-8.24;0.39;-8.41;0.47;-8.74;;;;;;;;
257;17.2;23.2;0.6;8;Successful;Effective;No;No;No;No;No;No;0.0;-8.0;0.25;-8.24;0.39;-8.41;0.47;-8.74;;;;;;;;
258;17.2;23.2;0.6;10;Successful;Effective;No;No;No;No;No;No;0.0;-8.0;0.25;-8.24;0.39;-8.41;0.47;-8.74;;;;;;;;
259;17.2;23.2;0.7;5;Successful;Effective;No;No;No;No;No;No;0.0;-8.0;0.25;-8.27;0.39;-8.47;0.47;-8.82;;;;;;;;
260;17.2;23.2;0.7;8;Successful;Effective;No;No;No;No;No;No;0.0;-8.0;0.25;-8.27;0.39;-8.47;0.47;-8.82;;;;;;;;
261;17.2;23.2;0.7;10;Successful;Effective;No;No;No;No;No;No;0.0;-8.0;0.25;-8.27;0.39;-8.47;0.47;-8.82;;;;;;;;
262;17.2;23.2;0.8;5;Successful;Effective;No;No;No;No;No;No;0.0;-8.0;0.25;-8.32;0.39;-8.53;0.47;-8.88;;;;;;;;
263;17.2;23.2;0.8;8;Successful;Effective;No;No;No;No;No;No;0.0;-8.0;0.25;-8.32;0.39;-8.53;0.47;-8.88;;;;;;;;
264;17.2;23.2;0.8;10;Successful;Effective;No;No;No;No;No;No;0.0;-8.0;0.25;-8.32;0.39;-8.53;0.47;-8.88;;;;;;;;
265;17.2;23.2;0.9;5;Successful;Effective;No;No;No;No;No;No;0.0;-8.0;0.25;-8.36;0.39;-8.6;0.47;-8.91;;;;;;;;
266;17.2;23.2;0.9;8;Successful;Effective;No;No;No;No;No;No;0.0;-8.0;0.25;-8.36;0.39;-8.6;0.47;-8.91;;;;;;;;
267;17.2;23.2;0.9;10;Successful;Effective;No;No;No;No;No;No;0.0;-8.0;0.25;-8.36;0.39;-8.6;0.47;-8.91;;;;;;;;
268;17.2;23.2;1.0;5;Successful;Effective;No;No;No;No;No;No;0.0;-8.0;0.25;-8.41;0.39;-8.66;0.47;-8.89;;;;;;;;
269;17.2;23.2;1.0;8;Successful;Effective;No;No;No;No;No;No;0.0;-8.0;0.25;-8.41;0.39;-8.66;0.47;-8.89;;;;;;;;
270;17.2;23.2;1.0;10;Successful;Effective;No;No;No;No;No;No;0.0;-8.0;0.25;-8.41;0.39;-8.66;0.47;-8.89;;;;;;;;
271;17.2;23.2;1.1;5;Successful;Effective;No;No;No;No;No;No;0.0;-8.0;0.25;-8.47;0.39;-8.7;0.47;-8.82;;;;;;;;
272;17.2;23.2;1.1;8;Successful;Effective;No;No;No;No;No;No;0.0;-8.0;0.25;-8.47;0.39;-8.7;0.47;-8.82;;;;;;;;
273;17.2;23.2;1.1;10;Successful;Effective;No;No;No;No;No;No;0.0;-8.0;0.25;-8.47;0.39;-8.7;0.47;-8.82;;;;;;;;
274;17.3;23.3;0.5;5;Successful;Effective;No;No;No;No;No;No;0.0;-8.0;0.25;-8.19;0.39;-8.33;0.47;-8.41;;;;;;;;
275;17.3;23.3;0.5;8;Successful;Effective;No;No;No;No;No;No;0.0;-8.0;0.25;-8.19;0.39;-8.33;0.47;-8.41;;;;;;;;
276;17.3;23.3;0.5;10;Successful;Effective;No;No;No;No;No;No;0.0;-8.0;0.25;-8.19;0.39;-8.33;0.47;-8.41;;;;;;;;
277;17.3;23.3;0.6;5;Successful;Effective;No;No;No;No;No;No;0.0;-8.0;0.25;-8.22;0.39;-8.37;0.47;-8.45;;;;;;;;
278;17.3;23.3;0.6;8;Successful;Effective;No;No;No;No;No;No;0.0;-8.0;0.25;-8.22;0.39;-8.37;0.47;-8.45;;;;;;;;
279;17.3;23.3;0.6;10;Successful;Effective;No;No;No;No;No;No;0.0;-8.0;0.25;-8.22;0.39;-8.37;0.47;-8.45;;;;;;;;
280;17.3;23.3;0.7;5;Successful;Effective;No;No;No;No;No;No;0.0;-8.0;0.25;-8.24;0.39;-8.41;0.47;-8.48;;;;;;;;
281;17.3;23.3;0.7;8;Successful;Effective;No;No;No;No;No;No;0.0;-8.0;0.25;-8.24;0.39;-8.41;0.47;-8.48;;;;;;;;
282;17.3;23.3;0.7;10;Successful;Effective;No;No;No;No;No;No;0.0;-8.0;0.25;-8.24;0.39;-8.41;0.47;-8.48;;;;;;;;
283;17.3;23.3;0.8;5;Successful;Effective;No;No;No;No;No;No;0.0;-8.0;0.25;-8.28;0.39;-8.46;0.47;-8.48;;;;;;;;
284;17.3;23.3;0.8;8;Successful;Effective;No;No;No;No;No;No;0.0;-8.0;0.25;-8.28;0.39;-8.46;0.47;-8.48;;;;;;;;
285;17.3;23.3;0.8;10;Successful;Effective;No;No;No;No;No;No;0.0;-8.0;0.25;-8.28;0.39;-8.46;0.47;-8.48;;;;;;;;
286;17.3;23.3;0.9;5;Successful;Effective;No;No;No;No;No;No;0.0;-8.0;0.25;-8.31;0.39;-8.51;0.47;-8.45;;;;;;;;
287;17.3;23.3;0.9;8;Successful;Effective;No;No;No;No;No;No;0.0;-8.0;0.25;-8.31;0.39;-8.51;0.47;-8.45;;;;;;;;
288;17.3;23.3;0.9;10;Successful;Effective;No;No;No;No;No;No;0.0;-8.0;0.25;-8.31;0.39;-8.51;0.47;-8.45;;;;;;;;
289;17.3;23.3;1.0;5;Successful;Effective;No;No;No;No;No;No;0.0;-8.0;0.25;-8.35;0.39;-8.55;0.47;-8.38;;;;;;;;
290;17.3;23.3;1.0;8;Successful;Effective;No;No;No;No;No;No;0.0;-8.0;0.25;-8.35;0.39;-8.55;0.47;-8.38;;;;;;;;
291;17.3;23.3;1.0;10;Successful;Effective;No;No;No;No;No;No;0.0;-8.0;0.25;-8.35;0.39;-8.55;0.47;-8.38;;;;;;;;
292;17.3;23.3;1.1;5;Successful;Effective;No;No;No;No;No;No;0.0;-8.0;0.25;-8.4;0.39;-8.56;0.47;-8.28;;;;;;;;
293;17.3;23.3;1.1;8;Successful;Effective;No;No;No;No;No;No;0.0;-8.0;0.25;-8.4;0.39;-8.56;0.47;-8.28;;;;;;;;
294;17.3;23.3;1.1;10;Successful;Effective;No;No;No;No;No;No;0.0;-8.0;0.25;-8.4;0.39;-8.56;0.47;-8.28;;;;;;;;
295;17.4;23.4;0.5;5;Successful;Effective;No;No;No;No;No;No;0.0;-8.0;0.25;-8.18;0.39;-8.3;0.47;-8.37;;;;;;;;
296;17.4;23.4;0.5;8;Successful;Effective;No;No;No;No;No;No;0.0;-8.0;0.25;-8.18;0.39;-8.3;0.47;-8.37;;;;;;;;
297;17.4;23.4;0.5;10;Successful;Effective;No;No;No;No;No;No;0.0;-8.0;0.25;-8.18;0.39;-8.3;0.47;-8.37;;;;;;;;
298;17.4;23.4;0.6;5;Successful;Effective;No;No;No;No;No;No;0.0;-8.0;0.25;-8.2;0.39;-8.33;0.47;-8.41;;;;;;;;
299;17.4;23.4;0.6;8;Successful;Effective;No;No;No;No;No;No;0.0;-8.0;0.25;-8.2;0.39;-8.33;0.47;-8.41;;;;;;;;
300;17.4;23.4;0.6;10;Successful;Effective;No;No;No;No;No;No;0.0;-8.0;0.25;-8.2;0.39;-8.33;0.47;-8.41;;;;;;;;
301;17.4;23.4;0.7;5;Successful;Effective;No;No;No;No;No;No;0.0;-8.0;0.25;-8.22;0.39;-8.37;0.47;-8.42;;;;;;;;
302;17.4;23.4;0.7;8;Successful;Effective;No;No;No;No;No;No;0.0;-8.0;0.25;-8.22;0.39;-8.37;0.47;-8.42;;;;;;;;
303;17.4;23.4;0.7;10;Successful;Effective;No;No;No;No;No;No;0.0;-8.0;0.25;-8.22;0.39;-8.37;0.47;-8.42;;;;;;;;
304;17.4;23.4;0.8;5;Successful;Effective;No;No;No;No;No;No;0.0;-8.0;0.25;-8.25;0.39;-8.41;0.47;-8.42;;;;;;;;
305;17.4;23.4;0.8;8;Successful;Effective;No;No;No;No;No;No;0.0;-8.0;0.25;-8.25;0.39;-8.41;0.47;-8.42;;;;;;;;
306;17.4;23.4;0.8;10;Successful;Effective;No;No;No;No;No;No;0.0;-8.0;0.25;-8.25;0.39;-8.41;0.47;-8.42;;;;;;;;
307;17.4;23.4;0.9;5;Successful;Effective;No;No;No;No;No;No;0.0;-8.0;0.25;-8.27;0.39;-8.44;0.47;-8.37;;;;;;;;
308;17.4;23.4;0.9;8;Successful;Effective;No;No;No;No;No;No;0.0;-8.0;0.25;-8.27;0.39;-8.44;0.47;-8.37;;;;;;;;
309;17.4;23.4;0.9;10;Successful;Effective;No;No;No;No;No;No;0.0;-8.0;0.25;-8.27;0.39;-8.44;0.47;-8.37;;;;;;;;
310;17.4;23.4;1.0;5;Successful;Effective;No;No;No;No;No;No;0.0;-8.0;0.25;-8.31;0.39;-8.45;0.47;-8.3;;;;;;;;
311;17.4;23.4;1.0;8;Successful;Effective;No;No;No;No;No;No;0.0;-8.0;0.25;-8.31;0.39;-8.45;0.47;-8.3;;;;;;;;
312;17.4;23.4;1.0;10;Successful;Effective;No;No;No;No;No;No;0.0;-8.0;0.25;-8.31;0.39;-8.45;0.47;-8.3;;;;;;;;
313;17.4;23.4;1.1;5;Successful;Effective;No;No;No;No;No;No;0.0;-8.0;0.25;-8.34;0.39;-8.45;0.47;-8.23;;;;;;;;
314;17.4;23.4;1.1;8;Successful;Effective;No;No;No;No;No;No;0.0;-8.0;0.25;-8.34;0.39;-8.45;0.47;-8.23;;;;;;;;
315;17.4;23.4;1.1;10;Successful;Effective;No;No;No;No;No;No;0.0;-8.0;0.25;-8.34;0.39;-8.45;0.47;-8.23;;;;;;;;
316;17.5;23.5;0.5;5;Successful;Effective;No;No;No;No;No;No;0.0;-8.0;0.25;-8.17;0.39;-8.28;0.47;-8.35;;;;;;;;
317;17.5;23.5;0.5;8;Successful;Effective;No;No;No;No;No;No;0.0;-8.0;0.25;-8.17;0.39;-8.28;0.47;-8.35;;;;;;;;
318;17.5;23.5;0.5;10;Successful;Effective;No;No;No;No;No;No;0.0;-8.0;0.25;-8.17;0.39;-8.28;0.47;-8.35;;;;;;;;
319;17.5;23.5;0.6;5;Successful;Effective;No;No;No;No;No;No;0.0;-8.0;0.25;-8.18;0.39;-8.3;0.47;-8.37;;;;;;;;
320;17.5;23.5;0.6;8;Successful;Effective;No;No;No;No;No;No;0.0;-8.0;0.25;-8.18;0.39;-8.3;0.47;-8.37;;;;;;;;
321;17.5;23.5;0.6;10;Successful;Effective;No;No;No;No;No;No;0.0;-8.0;0.25;-8.18;0.39;-8.3;0.47;-8.37;;;;;;;;
322;17.5;23.5;0.7;5;Successful;Effective;No;No;No;No;No;No;0.0;-8.0;0.25;-8.2;0.39;-8.33;0.47;-8.38;;;;;;;;
323;17.5;23.5;0.7;8;Successful;Effective;No;No;No;No;No;No;0.0;-8.0;0.25;-8.2;0.39;-8.33;0.47;-8.38;;;;;;;;
324;17.5;23.5;0.7;10;Successful;Effective;No;No;No;No;No;No;0.0;-8.0;0.25;-8.2;0.39;-8.33;0.47;-8.38;;;;;;;;
325;17.5;23.5;0.8;5;Successful;Effective;No;No;No;No;No;No;0.0;-8.0;0.25;-8.22;0.39;-8.36;0.47;-8.36;;;;;;;;
326;17.5;23.5;0.8;8;Successful;Effective;No;No;No;No;No;No;0.0;-8.0;0.25;-8.22;0.39;-8.36;0.47;-8.36;;;;;;;;
327;17.5;23.5;0.8;10;Successful;Effective;No;No;No;No;No;No;0.0;-8.0;0.25;-8.22;0.39;-8.36;0.47;-8.36;;;;;;;;
328;17.5;23.5;0.9;5;Successful;Effective;No;No;No;No;No;No;0.0;-8.0;0.25;-8.24;0.39;-8.38;0.47;-8.32;;;;;;;;
329;17.5;23.5;0.9;8;Successful;Effective;No;No;No;No;No;No;0.0;-8.0;0.25;-8.24;0.39;-8.38;0.47;-8.32;;;;;;;;
330;17.5;23.5;0.9;10;Successful;Effective;No;No;No;No;No;No;0.0;-8.0;0.25;-8.24;0.39;-8.38;0.47;-8.32;;;;;;;;
331;17.5;23.5;1.0;5;Successful;Effective;No;No;No;No;No;No;0.0;-8.0;0.25;-8.27;0.39;-8.38;0.47;-8.26;;;;;;;;
332;17.5;23.5;1.0;8;Successful;Effective;No;No;No;No;No;No;0.0;-8.0;0.25;-8.27;0.39;-8.38;0.47;-8.26;;;;;;;;
333;17.5;23.5;1.0;10;Successful;Effective;No;No;No;No;No;No;0.0;-8.0;0.25;-8.27;0.39;-8.38;0.47;-8.26;;;;;;;;
334;17.5;23.5;1.1;5;Successful;Effective;No;No;No;No;No;No;0.0;-8.0;0.25;-8.3;0.39;-8.37;0.47;-8.2;;;;;;;;
335;17.5;23.5;1.1;8;Successful;Effective;No;No;No;No;No;No;0.0;-8.0;0.25;-8.3;0.39;-8.37;0.47;-8.2;;;;;;;;
336;17.5;23.5;1.1;10;Successful;Effective;No;No;No;No;No;No;0.0;-8.0;0.25;-8.3;0.39;-8.37;0.47;-8.2;;;;;;;;
337;17.6;23.6;0.5;5;Successful;Effective;No;No;No;No;No;No;0.0;-8.0;0.25;-8.16;0.39;-8.27;0.47;-8.33;;;;;;;;
338;17.6;23.6;0.5;8;Successful;Effective;No;No;No;No;No;No;0.0;-8.0;0.25;-8.16;0.39;-8.27;0.47;-8.33;;;;;;;;
339;17.6;23.6;0.5;10;Successful;Effective;No;No;No;No;No;No;0.0;-8.0;0.25;-8.16;0.39;-8.27;0.47;-8.33;;;;;;;;
340;17.6;23.6;0.6;5;Successful;Effective;No;No;No;No;No;No;0.0;-8.0;0.25;-8.17;0.39;-8.28;0.47;-8.34;;;;;;;;
341;17.6;23.6;0.6;8;Successful;Effective;No;No;No;No;No;No;0.0;-8.0;0.25;-8.17;0.39;-8.28;0.47;-8.34;;;;;;;;
342;17.6;23.6;0.6;10;Successful;Effective;No;No;No;No;No;No;0.0;-8.0;0.25;-8.17;0.39;-8.28;0.47;-8.34;;;;;;;;
343;17.6;23.6;0.7;5;Successful;Effective;No;No;No;No;No;No;0.0;-8.0;0.25;-8.18;0.39;-8.3;0.47;-8.34;;;;;;;;
344;17.6;23.6;0.7;8;Successful;Effective;No;No;No;No;No;No;0.0;-8.0;0.25;-8.18;0.39;-8.3;0.47;-8.34;;;;;;;;
345;17.6;23.6;0.7;10;Successful;Effective;No;No;No;No;No;No;0.0;-8.0;0.25;-8.18;0.39;-8.3;0.47;-8.34;;;;;;;;
346;17.6;23.6;0.8;5;Successful;Effective;No;No;No;No;No;No;0.0;-8.0;0.25;-8.2;0.39;-8.32;0.47;-8.32;;;;;;;;
347;17.6;23.6;0.8;8;Successful;Effective;No;No;No;No;No;No;0.0;-8.0;0.25;-8.2;0.39;-8.32;0.47;-8.32;;;;;;;;
348;17.6;23.6;0.8;10;Successful;Effective;No;No;No;No;No;No;0.0;-8.0;0.25;-8.2;0.39;-8.32;0.47;-8.32;;;;;;;;
349;17.6;23.6;0.9;5;Successful;Effective;No;No;No;No;No;No;0.0;-8.0;0.25;-8.22;0.39;-8.33;0.47;-8.28;;;;;;;;
350;17.6;23.6;0.9;8;Successful;Effective;No;No;No;No;No;No;0.0;-8.0;0.25;-8.22;0.39;-8.33;0.47;-8.28;;;;;;;;
351;17.6;23.6;0.9;10;Successful;Effective;No;No;No;No;No;No;0.0;-8.0;0.25;-8.22;0.39;-8.33;0.47;-8.28;;;;;;;;
352;17.6;23.6;1.0;5;Successful;Effective;No;No;No;No;No;No;0.0;-8.0;0.25;-8.24;0.39;-8.32;0.47;-8.23;;;;;;;;
353;17.6;23.6;1.0;8;Successful;Effective;No;No;No;No;No;No;0.0;-8.0;0.25;-8.24;0.39;-8.32;0.47;-8.23;;;;;;;;
354;17.6;23.6;1.0;10;Successful;Effective;No;No;No;No;No;No;0.0;-8.0;0.25;-8.24;0.39;-8.32;0.47;-8.23;;;;;;;;
355;17.6;23.6;1.1;5;Successful;Effective;No;No;No;No;No;No;0.0;-8.0;0.25;-8.26;0.39;-8.3;0.47;-8.2;;;;;;;;
356;17.6;23.6;1.1;8;Successful;Effective;No;No;No;No;No;No;0.0;-8.0;0.25;-8.26;0.39;-8.3;0.47;-8.2;;;;;;;;
357;17.6;23.6;1.1;10;Successful;Effective;No;No;No;No;No;No;0.0;-8.0;0.25;-8.26;0.39;-8.3;0.47;-8.2;;;;;;;;
358;17.7;23.7;0.5;5;Successful;Effective;No;No;No;No;No;No;0.0;-8.0;0.25;-8.15;0.39;-8.25;0.47;-8.31;;;;;;;;
359;17.7;23.7;0.5;8;Successful;Effective;No;No;No;No;No;No;0.0;-8.0;0.25;-8.15;0.39;-8.25;0.47;-8.31;;;;;;;;
360;17.7;23.7;0.5;10;Successful;Effective;No;No;No;No;No;No;0.0;-8.0;0.25;-8.15;0.39;-8.25;0.47;-8.31;;;;;;;;
361;17.7;23.7;0.6;5;Successful;Effective;No;No;No;No;No;No;0.0;-8.0;0.25;-8.16;0.39;-8.26;0.47;-8.32;;;;;;;;
362;17.7;23.7;0.6;8;Successful;Effective;No;No;No;No;No;No;0.0;-8.0;0.25;-8.16;0.39;-8.26;0.47;-8.32;;;;;;;;
363;17.7;23.7;0.6;10;Successful;Effective;No;No;No;No;No;No;0.0;-8.0;0.25;-8.16;0.39;-8.26;0.47;-8.32;;;;;;;;
364;17.7;23.7;0.7;5;Successful;Effective;No;No;No;No;No;No;0.0;-8.0;0.25;-8.17;0.39;-8.28;0.47;-8.32;;;;;;;;
365;17.7;23.7;0.7;8;Successful;Effective;No;No;No;No;No;No;0.0;-8.0;0.25;-8.17;0.39;-8.28;0.47;-8.32;;;;;;;;
366;17.7;23.7;0.7;10;Successful;Effective;No;No;No;No;No;No;0.0;-8.0;0.25;-8.17;0.39;-8.28;0.47;-8.32;;;;;;;;
367;17.7;23.7;0.8;5;Successful;Effective;No;No;No;No;No;No;0.0;-8.0;0.25;-8.18;0.39;-8.29;0.47;-8.29;;;;;;;;
368;17.7;23.7;0.8;8;Successful;Effective;No;No;No;No;No;No;0.0;-8.0;0.25;-8.18;0.39;-8.29;0.47;-8.29;;;;;;;;
369;17.7;23.7;0.8;10;Successful;Effective;No;No;No;No;No;No;0.0;-8.0;0.25;-8.18;0.39;-8.29;0.47;-8.29;;;;;;;;
370;17.7;23.7;0.9;5;Successful;Effective;No;No;No;No;No;No;0.0;-8.0;0.25;-8.19;0.39;-8.29;0.47;-8.26;;;;;;;;
371;17.7;23.7;0.9;8;Successful;Effective;No;No;No;No;No;No;0.0;-8.0;0.25;-8.19;0.39;-8.29;0.47;-8.26;;;;;;;;
372;17.7;23.7;0.9;10;Successful;Effective;No;No;No;No;No;No;0.0;-8.0;0.25;-8.19;0.39;-8.29;0.47;-8.26;;;;;;;;
373;17.7;23.7;1.0;5;Successful;Effective;No;No;No;No;No;No;0.0;-8.0;0.25;-8.21;0.39;-8.28;0.47;-8.22;;;;;;;;
374;17.7;23.7;1.0;8;Successful;Effective;No;No;No;No;No;No;0.0;-8.0;0.25;-8.21;0.39;-8.28;0.47;-8.22;;;;;;;;
375;17.7;23.7;1.0;10;Successful;Effective;No;No;No;No;No;No;0.0;-8.0;0.25;-8.21;0.39;-8.28;0.47;-8.22;;;;;;;;
376;17.7;23.7;1.1;5;Successful;Effective;No;No;No;No;No;No;0.0;-8.0;0.25;-8.23;0.39;-8.25;0.47;-8.21;;;;;;;;
377;17.7;23.7;1.1;8;Successful;Effective;No;No;No;No;No;No;0.0;-8.0;0.25;-8.23;0.39;-8.25;0.47;-8.21;;;;;;;;
378;17.7;23.7;1.1;10;Successful;Effective;No;No;No;No;No;No;0.0;-8.0;0.25;-8.23;0.39;-8.25;0.47;-8.21;;;;;;;;
379;17.8;23.8;0.5;5;Successful;Effective;No;No;No;No;No;No;0.0;-8.0;0.25;-8.14;0.39;-8.24;0.47;-8.3;;;;;;;;
380;17.8;23.8;0.5;8;Successful;Effective;No;No;No;No;No;No;0.0;-8.0;0.25;-8.14;0.39;-8.24;0.47;-8.3;;;;;;;;
381;17.8;23.8;0.5;10;Successful;Effective;No;No;No;No;No;No;0.0;-8.0;0.25;-8.14;0.39;-8.24;0.47;-8.3;;;;;;;;
382;17.8;23.8;0.6;5;Successful;Effective;No;No;No;No;No;No;0.0;-8.0;0.25;-8.15;0.39;-8.25;0.47;-8.3;;;;;;;;
383;17.8;23.8;0.6;8;Successful;Effective;No;No;No;No;No;No;0.0;-8.0;0.25;-8.15;0.39;-8.25;0.47;-8.3;;;;;;;;
384;17.8;23.8;0.6;10;Successful;Effective;No;No;No;No;No;No;0.0;-8.0;0.25;-8.15;0.39;-8.25;0.47;-8.3;;;;;;;;
385;17.8;23.8;0.7;5;Successful;Effective;No;No;No;No;No;No;0.0;-8.0;0.25;-8.16;0.39;-8.26;0.47;-8.29;;;;;;;;
386;17.8;23.8;0.7;8;Successful;Effective;No;No;No;No;No;No;0.0;-8.0;0.25;-8.16;0.39;-8.26;0.47;-8.29;;;;;;;;
387;17.8;23.8;0.7;10;Successful;Effective;No;No;No;No;No;No;0.0;-8.0;0.25;-8.16;0.39;-8.26;0.47;-8.29;;;;;;;;
388;17.8;23.8;0.8;5;Successful;Effective;No;No;No;No;No;No;0.0;-8.0;0.25;-8.16;0.39;-8.26;0.47;-8.27;;;;;;;;
389;17.8;23.8;0.8;8;Successful;Effective;No;No;No;No;No;No;0.0;-8.0;0.25;-8.16;0.39;-8.26;0.47;-8.27;;;;;;;;
390;17.8;23.8;0.8;10;Successful;Effective;No;No;No;No;No;No;0.0;-8.0;0.25;-8.16;0.39;-8.26;0.47;-8.27;;;;;;;;
391;17.8;23.8;0.9;5;Successful;Effective;No;No;No;No;No;No;0.0;-8.0;0.25;-8.17;0.39;-8.26;0.47;-8.24;;;;;;;;
392;17.8;23.8;0.9;8;Successful;Effective;No;No;No;No;No;No;0.0;-8.0;0.25;-8.17;0.39;-8.26;0.47;-8.24;;;;;;;;
393;17.8;23.8;0.9;10;Successful;Effective;No;No;No;No;No;No;0.0;-8.0;0.25;-8.17;0.39;-8.26;0.47;-8.24;;;;;;;;
394;17.8;23.8;1.0;5;Successful;Effective;No;No;No;No;No;No;0.0;-8.0;0.25;-8.19;0.39;-8.24;0.47;-8.21;;;;;;;;
395;17.8;23.8;1.0;8;Successful;Effective;No;No;No;No;No;No;0.0;-8.0;0.25;-8.19;0.39;-8.24;0.47;-8.21;;;;;;;;
396;17.8;23.8;1.0;10;Successful;Effective;No;No;No;No;No;No;0.0;-8.0;0.25;-8.19;0.39;-8.24;0.47;-8.21;;;;;;;;
397;17.8;23.8;1.1;5;Successful;Effective;No;No;No;No;No;No;0.0;-8.0;0.25;-8.2;0.39;-8.21;0.47;-8.21;;;;;;;;
398;17.8;23.8;1.1;8;Successful;Effective;No;No;No;No;No;No;0.0;-8.0;0.25;-8.2;0.39;-8.21;0.47;-8.21;;;;;;;;
399;17.8;23.8;1.1;10;Successful;Effective;No;No;No;No;No;No;0.0;-8.0;0.25;-8.2;0.39;-8.21;0.47;-8.21;;;;;;;;
400;17.9;23.9;0.5;5;Successful;Effective;No;No;No;No;No;No;0.0;-8.0;0.25;-8.14;0.39;-8.23;0.47;-8.29;;;;;;;;
401;17.9;23.9;0.5;8;Successful;Effective;No;No;No;No;No;No;0.0;-8.0;0.25;-8.14;0.39;-8.23;0.47;-8.29;;;;;;;;
402;17.9;23.9;0.5;10;Successful;Effective;No;No;No;No;No;No;0.0;-8.0;0.25;-8.14;0.39;-8.23;0.47;-8.29;;;;;;;;
403;17.9;23.9;0.6;5;Successful;Effective;No;No;No;No;No;No;0.0;-8.0;0.25;-8.14;0.39;-8.24;0.47;-8.29;;;;;;;;
404;17.9;23.9;0.6;8;Successful;Effective;No;No;No;No;No;No;0.0;-8.0;0.25;-8.14;0.39;-8.24;0.47;-8.29;;;;;;;;
405;17.9;23.9;0.6;10;Successful;Effective;No;No;No;No;No;No;0.0;-8.0;0.25;-8.14;0.39;-8.24;0.47;-8.29;;;;;;;;
406;17.9;23.9;0.7;5;Successful;Effective;No;No;No;No;No;No;0.0;-8.0;0.25;-8.15;0.39;-8.24;0.47;-8.28;;;;;;;;
407;17.9;23.9;0.7;8;Successful;Effective;No;No;No;No;No;No;0.0;-8.0;0.25;-8.15;0.39;-8.24;0.47;-8.28;;;;;;;;
408;17.9;23.9;0.7;10;Successful;Effective;No;No;No;No;No;No;0.0;-8.0;0.25;-8.15;0.39;-8.24;0.47;-8.28;;;;;;;;
409;17.9;23.9;0.8;5;Successful;Effective;No;No;No;No;No;No;0.0;-8.0;0.25;-8.15;0.39;-8.24;0.47;-8.26;;;;;;;;
410;17.9;23.9;0.8;8;Successful;Effective;No;No;No;No;No;No;0.0;-8.0;0.25;-8.15;0.39;-8.24;0.47;-8.26;;;;;;;;
411;17.9;23.9;0.8;10;Successful;Effective;No;No;No;No;No;No;0.0;-8.0;0.25;-8.15;0.39;-8.24;0.47;-8.26;;;;;;;;
412;17.9;23.9;0.9;5;Successful;Effective;No;No;No;No;No;No;0.0;-8.0;0.25;-8.16;0.39;-8.23;0.47;-8.23;;;;;;;;
413;17.9;23.9;0.9;8;Successful;Effective;No;No;No;No;No;No;0.0;-8.0;0.25;-8.16;0.39;-8.23;0.47;-8.23;;;;;;;;
414;17.9;23.9;0.9;10;Successful;Effective;No;No;No;No;No;No;0.0;-8.0;0.25;-8.16;0.39;-8.23;0.47;-8.23;;;;;;;;
415;17.9;23.9;1.0;5;Successful;Effective;No;No;No;No;No;No;0.0;-8.0;0.25;-8.17;0.39;-8.22;0.47;-8.22;;;;;;;;
416;17.9;23.9;1.0;8;Successful;Effective;No;No;No;No;No;No;0.0;-8.0;0.25;-8.17;0.39;-8.22;0.47;-8.22;;;;;;;;
417;17.9;23.9;1.0;10;Successful;Effective;No;No;No;No;No;No;0.0;-8.0;0.25;-8.17;0.39;-8.22;0.47;-8.22;;;;;;;;
418;17.9;23.9;1.1;5;Successful;Effective;No;No;No;No;No;No;0.0;-8.0;0.25;-8.18;0.39;-8.19;0.47;-8.21;;;;;;;;
419;17.9;23.9;1.1;8;Successful;Effective;No;No;No;No;No;No;0.0;-8.0;0.25;-8.18;0.39;-8.19;0.47;-8.21;;;;;;;;
420;17.9;23.9;1.1;10;Successful;Effective;No;No;No;No;No;No;0.0;-8.0;0.25;-8.18;0.39;-8.19;0.47;-8.21;;;;;;;;
421;18.0;24.0;0.5;5;Successful;Effective;No;No;No;No;No;No;0.0;-8.0;0.25;-8.13;0.39;-8.23;0.47;-8.28;;;;;;;;
422;18.0;24.0;0.5;8;Successful;Effective;No;No;No;No;No;No;0.0;-8.0;0.25;-8.13;0.39;-8.23;0.47;-8.28;;;;;;;;
423;18.0;24.0;0.5;10;Successful;Effective;No;No;No;No;No;No;0.0;-8.0;0.25;-8.13;0.39;-8.23;0.47;-8.28;;;;;;;;
424;18.0;24.0;0.6;5;Successful;Effective;No;No;No;No;No;No;0.0;-8.0;0.25;-8.14;0.39;-8.23;0.47;-8.28;;;;;;;;
425;18.0;24.0;0.6;8;Successful;Effective;No;No;No;No;No;No;0.0;-8.0;0.25;-8.14;0.39;-8.23;0.47;-8.28;;;;;;;;
426;18.0;24.0;0.6;10;Successful;Effective;No;No;No;No;No;No;0.0;-8.0;0.25;-8.14;0.39;-8.23;0.47;-8.28;;;;;;;;
427;18.0;24.0;0.7;5;Successful;Effective;No;No;No;No;No;No;0.0;-8.0;0.25;-8.14;0.39;-8.23;0.47;-8.27;;;;;;;;
428;18.0;24.0;0.7;8;Successful;Effective;No;No;No;No;No;No;0.0;-8.0;0.25;-8.14;0.39;-8.23;0.47;-8.27;;;;;;;;
429;18.0;24.0;0.7;10;Successful;Effective;No;No;No;No;No;No;0.0;-8.0;0.25;-8.14;0.39;-8.23;0.47;-8.27;;;;;;;;
430;18.0;24.0;0.8;5;Successful;Effective;No;No;No;No;No;No;0.0;-8.0;0.25;-8.14;0.39;-8.22;0.47;-8.25;;;;;;;;
431;18.0;24.0;0.8;8;Successful;Effective;No;No;No;No;No;No;0.0;-8.0;0.25;-8.14;0.39;-8.22;0.47;-8.25;;;;;;;;
432;18.0;24.0;0.8;10;Successful;Effective;No;No;No;No;No;No;0.0;-8.0;0.25;-8.14;0.39;-8.22;0.47;-8.25;;;;;;;;
433;18.0;24.0;0.9;5;Successful;Effective;No;No;No;No;No;No;0.0;-8.0;0.25;-8.15;0.39;-8.21;0.47;-8.23;;;;;;;;
434;18.0;24.0;0.9;8;Successful;Effective;No;No;No;No;No;No;0.0;-8.0;0.25;-8.15;0.39;-8.21;0.47;-8.23;;;;;;;;
435;18.0;24.0;0.9;10;Successful;Effective;No;No;No;No;No;No;0.0;-8.0;0.25;-8.15;0.39;-8.21;0.47;-8.23;;;;;;;;
436;18.0;24.0;1.0;5;Successful;Effective;No;No;No;No;No;No;0.0;-8.0;0.25;-8.15;0.39;-8.2;0.47;-8.22;;;;;;;;
437;18.0;24.0;1.0;8;Successful;Effective;No;No;No;No;No;No;0.0;-8.0;0.25;-8.15;0.39;-8.2;0.47;-8.22;;;;;;;;
438;18.0;24.0;1.0;10;Successful;Effective;No;No;No;No;No;No;0.0;-8.0;0.25;-8.15;0.39;-8.2;0.47;-8.22;;;;;;;;
439;18.0;24.0;1.1;5;Successful;Effective;No;No;No;No;No;No;0.0;-8.0;0.25;-8.16;0.39;-8.17;0.47;-8.21;;;;;;;;
440;18.0;24.0;1.1;8;Successful;Effective;No;No;No;No;No;No;0.0;-8.0;0.25;-8.16;0.39;-8.17;0.47;-8.21;;;;;;;;
441;18.0;24.0;1.1;10;Successful;Effective;No;No;No;No;No;No;0.0;-8.0;0.25;-8.16;0.39;-8.17;0.47;-8.21;;;;;;;;
442;18.1;24.1;0.5;5;Successful;Effective;No;No;No;No;No;No;0.0;-8.0;0.25;-8.13;0.39;-8.22;0.47;-8.27;;;;;;;;
443;18.1;24.1;0.5;8;Successful;Effective;No;No;No;No;No;No;0.0;-8.0;0.25;-8.13;0.39;-8.22;0.47;-8.27;;;;;;;;
444;18.1;24.1;0.5;10;Successful;Effective;No;No;No;No;No;No;0.0;-8.0;0.25;-8.13;0.39;-8.22;0.47;-8.27;;;;;;;;
445;18.1;24.1;0.6;5;Successful;Effective;No;No;No;No;No;No;0.0;-8.0;0.25;-8.13;0.39;-8.22;0.47;-8.27;;;;;;;;
446;18.1;24.1;0.6;8;Successful;Effective;No;No;No;No;No;No;0.0;-8.0;0.25;-8.13;0.39;-8.22;0.47;-8.27;;;;;;;;
447;18.1;24.1;0.6;10;Successful;Effective;No;No;No;No;No;No;0.0;-8.0;0.25;-8.13;0.39;-8.22;0.47;-8.27;;;;;;;;
448;18.1;24.1;0.7;5;Successful;Effective;No;No;No;No;No;No;0.0;-8.0;0.25;-8.13;0.39;-8.22;0.47;-8.26;;;;;;;;
449;18.1;24.1;0.7;8;Successful;Effective;No;No;No;No;No;No;0.0;-8.0;0.25;-8.13;0.39;-8.22;0.47;-8.26;;;;;;;;
450;18.1;24.1;0.7;10;Successful;Effective;No;No;No;No;No;No;0.0;-8.0;0.25;-8.13;0.39;-8.22;0.47;-8.26;;;;;;;;
451;18.1;24.1;0.8;5;Successful;Effective;No;No;No;No;No;No;0.0;-8.0;0.25;-8.13;0.39;-8.21;0.47;-8.24;;;;;;;;
452;18.1;24.1;0.8;8;Successful;Effective;No;No;No;No;No;No;0.0;-8.0;0.25;-8.13;0.39;-8.21;0.47;-8.24;;;;;;;;
453;18.1;24.1;0.8;10;Successful;Effective;No;No;No;No;No;No;0.0;-8.0;0.25;-8.13;0.39;-8.21;0.47;-8.24;;;;;;;;
454;18.1;24.1;0.9;5;Successful;Effective;No;No;No;No;No;No;0.0;-8.0;0.25;-8.14;0.39;-8.2;0.47;-8.23;;;;;;;;
455;18.1;24.1;0.9;8;Successful;Effective;No;No;No;No;No;No;0.0;-8.0;0.25;-8.14;0.39;-8.2;0.47;-8.23;;;;;;;;
456;18.1;24.1;0.9;10;Successful;Effective;No;No;No;No;No;No;0.0;-8.0;0.25;-8.14;0.39;-8.2;0.47;-8.23;;;;;;;;
457;18.1;24.1;1.0;5;Successful;Effective;No;No;No;No;No;No;0.0;-8.0;0.25;-8.14;0.39;-8.18;0.47;-8.23;;;;;;;;
458;18.1;24.1;1.0;8;Successful;Effective;No;No;No;No;No;No;0.0;-8.0;0.25;-8.14;0.39;-8.18;0.47;-8.23;;;;;;;;
459;18.1;24.1;1.0;10;Successful;Effective;No;No;No;No;No;No;0.0;-8.0;0.25;-8.14;0.39;-8.18;0.47;-8.23;;;;;;;;
460;18.1;24.1;1.1;5;Successful;Effective;No;No;No;No;No;No;0.0;-8.0;0.25;-8.14;0.39;-8.16;0.47;-8.21;;;;;;;;
461;18.1;24.1;1.1;8;Successful;Effective;No;No;No;No;No;No;0.0;-8.0;0.25;-8.14;0.39;-8.16;0.47;-8.21;;;;;;;;
462;18.1;24.1;1.1;10;Successful;Effective;No;No;No;No;No;No;0.0;-8.0;0.25;-8.14;0.39;-8.16;0.47;-8.21;;;;;;;;
463;18.2;24.2;0.5;5;Successful;Effective;No;No;No;No;No;No;0.0;-8.0;0.25;-8.13;0.39;-8.22;0.47;-8.27;;;;;;;;
464;18.2;24.2;0.5;8;Successful;Effective;No;No;No;No;No;No;0.0;-8.0;0.25;-8.13;0.39;-8.22;0.47;-8.27;;;;;;;;
465;18.2;24.2;0.5;10;Successful;Effective;No;No;No;No;No;No;0.0;-8.0;0.25;-8.13;0.39;-8.22;0.47;-8.27;;;;;;;;
466;18.2;24.2;0.6;5;Successful;Effective;No;No;No;No;No;No;0.0;-8.0;0.25;-8.13;0.39;-8.21;0.47;-8.26;;;;;;;;
467;18.2;24.2;0.6;8;Successful;Effective;No;No;No;No;No;No;0.0;-8.0;0.25;-8.13;0.39;-8.21;0.47;-8.26;;;;;;;;
468;18.2;24.2;0.6;10;Successful;Effective;No;No;No;No;No;No;0.0;-8.0;0.25;-8.13;0.39;-8.21;0.47;-8.26;;;;;;;;
469;18.2;24.2;0.7;5;Successful;Effective;No;No;No;No;No;No;0.0;-8.0;0.25;-8.13;0.39;-8.21;0.47;-8.25;;;;;;;;
470;18.2;24.2;0.7;8;Successful;Effective;No;No;No;No;No;No;0.0;-8.0;0.25;-8.13;0.39;-8.21;0.47;-8.25;;;;;;;;
471;18.2;24.2;0.7;10;Successful;Effective;No;No;No;No;No;No;0.0;-8.0;0.25;-8.13;0.39;-8.21;0.47;-8.25;;;;;;;;
472;18.2;24.2;0.8;5;Successful;Effective;No;No;No;No;No;No;0.0;-8.0;0.25;-8.13;0.39;-8.2;0.47;-8.24;;;;;;;;
473;18.2;24.2;0.8;8;Successful;Effective;No;No;No;No;No;No;0.0;-8.0;0.25;-8.13;0.39;-8.2;0.47;-8.24;;;;;;;;
474;18.2;24.2;0.8;10;Successful;Effective;No;No;No;No;No;No;0.0;-8.0;0.25;-8.13;0.39;-8.2;0.47;-8.24;;;;;;;;
475;18.2;24.2;0.9;5;Successful;Effective;No;No;No;No;No;No;0.0;-8.0;0.25;-8.13;0.39;-8.19;0.47;-8.24;;;;;;;;
476;18.2;24.2;0.9;8;Successful;Effective;No;No;No;No;No;No;0.0;-8.0;0.25;-8.13;0.39;-8.19;0.47;-8.24;;;;;;;;
477;18.2;24.2;0.9;10;Successful;Effective;No;No;No;No;No;No;0.0;-8.0;0.25;-8.13;0.39;-8.19;0.47;-8.24;;;;;;;;
478;18.2;24.2;1.0;5;Successful;Effective;No;No;No;No;No;No;0.0;-8.0;0.25;-8.13;0.39;-8.18;0.47;-8.23;;;;;;;;
479;18.2;24.2;1.0;8;Successful;Effective;No;No;No;No;No;No;0.0;-8.0;0.25;-8.13;0.39;-8.18;0.47;-8.23;;;;;;;;
480;18.2;24.2;1.0;10;Successful;Effective;No;No;No;No;No;No;0.0;-8.0;0.25;-8.13;0.39;-8.18;0.47;-8.23;;;;;;;;
481;18.2;24.2;1.1;5;Successful;Effective;No;No;No;No;No;No;0.0;-8.0;0.25;-8.13;0.39;-8.15;0.47;-8.22;;;;;;;;
482;18.2;24.2;1.1;8;Successful;Effective;No;No;No;No;No;No;0.0;-8.0;0.25;-8.13;0.39;-8.15;0.47;-8.22;;;;;;;;
483;18.2;24.2;1.1;10;Successful;Effective;No;No;No;No;No;No;0.0;-8.0;0.25;-8.13;0.39;-8.15;0.47;-8.22;;;;;;;;
484;18.3;24.3;0.5;5;Successful;Effective;No;No;No;No;No;No;0.0;-8.0;0.25;-8.13;0.39;-8.22;0.47;-8.27;;;;;;;;
485;18.3;24.3;0.5;8;Successful;Effective;No;No;No;No;No;No;0.0;-8.0;0.25;-8.13;0.39;-8.22;0.47;-8.27;;;;;;;;
486;18.3;24.3;0.5;10;Successful;Effective;No;No;No;No;No;No;0.0;-8.0;0.25;-8.13;0.39;-8.22;0.47;-8.27;;;;;;;;
487;18.3;24.3;0.6;5;Successful;Effective;No;No;No;No;No;No;0.0;-8.0;0.25;-8.12;0.39;-8.21;0.47;-8.26;;;;;;;;
488;18.3;24.3;0.6;8;Successful;Effective;No;No;No;No;No;No;0.0;-8.0;0.25;-8.12;0.39;-8.21;0.47;-8.26;;;;;;;;
489;18.3;24.3;0.6;10;Successful;Effective;No;No;No;No;No;No;0.0;-8.0;0.25;-8.12;0.39;-8.21;0.47;-8.26;;;;;;;;
490;18.3;24.3;0.7;5;Successful;Effective;No;No;No;No;No;No;0.0;-8.0;0.25;-8.12;0.39;-8.2;0.47;-8.25;;;;;;;;
491;18.3;24.3;0.7;8;Successful;Effective;No;No;No;No;No;No;0.0;-8.0;0.25;-8.12;0.39;-8.2;0.47;-8.25;;;;;;;;
492;18.3;24.3;0.7;10;Successful;Effective;No;No;No;No;No;No;0.0;-8.0;0.25;-8.12;0.39;-8.2;0.47;-8.25;;;;;;;;
493;18.3;24.3;0.8;5;Successful;Effective;No;No;No;No;No;No;0.0;-8.0;0.25;-8.12;0.39;-8.2;0.47;-8.25;;;;;;;;
494;18.3;24.3;0.8;8;Successful;Effective;No;No;No;No;No;No;0.0;-8.0;0.25;-8.12;0.39;-8.2;0.47;-8.25;;;;;;;;
495;18.3;24.3;0.8;10;Successful;Effective;No;No;No;No;No;No;0.0;-8.0;0.25;-8.12;0.39;-8.2;0.47;-8.25;;;;;;;;
496;18.3;24.3;0.9;5;Successful;Effective;No;No;No;No;No;No;0.0;-8.0;0.25;-8.12;0.39;-8.19;0.47;-8.24;;;;;;;;
497;18.3;24.3;0.9;8;Successful;Effective;No;No;No;No;No;No;0.0;-8.0;0.25;-8.12;0.39;-8.19;0.47;-8.24;;;;;;;;
498;18.3;24.3;0.9;10;Successful;Effective;No;No;No;No;No;No;0.0;-8.0;0.25;-8.12;0.39;-8.19;0.47;-8.24;;;;;;;;
499;18.3;24.3;1.0;5;Successful;Effective;No;No;No;No;No;No;0.0;-8.0;0.25;-8.12;0.39;-8.17;0.47;-8.23;;;;;;;;
500;18.3;24.3;1.0;8;Successful;Effective;No;No;No;No;No;No;0.0;-8.0;0.25;-8.12;0.39;-8.17;0.47;-8.23;;;;;;;;
501;18.3;24.3;1.0;10;Successful;Effective;No;No;No;No;No;No;0.0;-8.0;0.25;-8.12;0.39;-8.17;0.47;-8.23;;;;;;;;
502;18.3;24.3;1.1;5;Successful;Effective;No;No;No;No;No;No;0.0;-8.0;0.25;-8.12;0.39;-8.16;0.47;-8.22;;;;;;;;
503;18.3;24.3;1.1;8;Successful;Effective;No;No;No;No;No;No;0.0;-8.0;0.25;-8.12;0.39;-8.16;0.47;-8.22;;;;;;;;
504;18.3;24.3;1.1;10;Successful;Effective;No;No;No;No;No;No;0.0;-8.0;0.25;-8.12;0.39;-8.16;0.47;-8.22;;;;;;;;
505;18.4;24.4;0.5;5;Successful;Effective;No;No;No;No;No;No;0.0;-8.0;0.25;-8.12;0.39;-8.21;0.47;-8.27;;;;;;;;
506;18.4;24.4;0.5;8;Successful;Effective;No;No;No;No;No;No;0.0;-8.0;0.25;-8.12;0.39;-8.21;0.47;-8.27;;;;;;;;
507;18.4;24.4;0.5;10;Successful;Effective;No;No;No;No;No;No;0.0;-8.0;0.25;-8.12;0.39;-8.21;0.47;-8.27;;;;;;;;
508;18.4;24.4;0.6;5;Successful;Effective;No;No;No;No;No;No;0.0;-8.0;0.25;-8.12;0.39;-8.21;0.47;-8.26;;;;;;;;
509;18.4;24.4;0.6;8;Successful;Effective;No;No;No;No;No;No;0.0;-8.0;0.25;-8.12;0.39;-8.21;0.47;-8.26;;;;;;;;
510;18.4;24.4;0.6;10;Successful;Effective;No;No;No;No;No;No;0.0;-8.0;0.25;-8.12;0.39;-8.21;0.47;-8.26;;;;;;;;
511;18.4;24.4;0.7;5;Successful;Effective;No;No;No;No;No;No;0.0;-8.0;0.25;-8.12;0.39;-8.2;0.47;-8.26;;;;;;;;
512;18.4;24.4;0.7;8;Successful;Effective;No;No;No;No;No;No;0.0;-8.0;0.25;-8.12;0.39;-8.2;0.47;-8.26;;;;;;;;
513;18.4;24.4;0.7;10;Successful;Effective;No;No;No;No;No;No;0.0;-8.0;0.25;-8.12;0.39;-8.2;0.47;-8.26;;;;;;;;
514;18.4;24.4;0.8;5;Successful;Effective;No;No;No;No;No;No;0.0;-8.0;0.25;-8.12;0.39;-8.19;0.47;-8.25;;;;;;;;
515;18.4;24.4;0.8;8;Successful;Effective;No;No;No;No;No;No;0.0;-8.0;0.25;-8.12;0.39;-8.19;0.47;-8.25;;;;;;;;
516;18.4;24.4;0.8;10;Successful;Effective;No;No;No;No;No;No;0.0;-8.0;0.25;-8.12;0.39;-8.19;0.47;-8.25;;;;;;;;
517;18.4;24.4;0.9;5;Successful;Effective;No;No;No;No;No;No;0.0;-8.0;0.25;-8.12;0.39;-8.18;0.47;-8.24;;;;;;;;
518;18.4;24.4;0.9;8;Successful;Effective;No;No;No;No;No;No;0.0;-8.0;0.25;-8.12;0.39;-8.18;0.47;-8.24;;;;;;;;
519;18.4;24.4;0.9;10;Successful;Effective;No;No;No;No;No;No;0.0;-8.0;0.25;-8.12;0.39;-8.18;0.47;-8.24;;;;;;;;
520;18.4;24.4;1.0;5;Successful;Effective;No;No;No;No;No;No;0.0;-8.0;0.25;-8.11;0.39;-8.18;0.47;-8.24;;;;;;;;
521;18.4;24.4;1.0;8;Successful;Effective;No;No;No;No;No;No;0.0;-8.0;0.25;-8.11;0.39;-8.18;0.47;-8.24;;;;;;;;
522;18.4;24.4;1.0;10;Successful;Effective;No;No;No;No;No;No;0.0;-8.0;0.25;-8.11;0.39;-8.18;0.47;-8.24;;;;;;;;
523;18.4;24.4;1.1;5;Successful;Effective;No;No;No;No;No;No;0.0;-8.0;0.25;-8.11;0.39;-8.17;0.47;-8.23;;;;;;;;
524;18.4;24.4;1.1;8;Successful;Effective;No;No;No;No;No;No;0.0;-8.0;0.25;-8.11;0.39;-8.17;0.47;-8.23;;;;;;;;
525;18.4;24.4;1.1;10;Successful;Effective;No;No;No;No;No;No;0.0;-8.0;0.25;-8.11;0.39;-8.17;0.47;-8.23;;;;;;;;
526;18.5;24.5;0.5;5;Successful;Effective;No;No;No;No;No;No;0.0;-8.0;0.25;-8.12;0.39;-8.21;0.47;-8.27;;;;;;;;
527;18.5;24.5;0.5;8;Successful;Effective;No;No;No;No;No;No;0.0;-8.0;0.25;-8.12;0.39;-8.21;0.47;-8.27;;;;;;;;
528;18.5;24.5;0.5;10;Successful;Effective;No;No;No;No;No;No;0.0;-8.0;0.25;-8.12;0.39;-8.21;0.47;-8.27;;;;;;;;
529;18.5;24.5;0.6;5;Successful;Effective;No;No;No;No;No;No;0.0;-8.0;0.25;-8.12;0.39;-8.21;0.47;-8.27;;;;;;;;
530;18.5;24.5;0.6;8;Successful;Effective;No;No;No;No;No;No;0.0;-8.0;0.25;-8.12;0.39;-8.21;0.47;-8.27;;;;;;;;
531;18.5;24.5;0.6;10;Successful;Effective;No;No;No;No;No;No;0.0;-8.0;0.25;-8.12;0.39;-8.21;0.47;-8.27;;;;;;;;
532;18.5;24.5;0.7;5;Successful;Effective;No;No;No;No;No;No;0.0;-8.0;0.25;-8.12;0.39;-8.2;0.47;-8.26;;;;;;;;
533;18.5;24.5;0.7;8;Successful;Effective;No;No;No;No;No;No;0.0;-8.0;0.25;-8.12;0.39;-8.2;0.47;-8.26;;;;;;;;
534;18.5;24.5;0.7;10;Successful;Effective;No;No;No;No;No;No;0.0;-8.0;0.25;-8.12;0.39;-8.2;0.47;-8.26;;;;;;;;
535;18.5;24.5;0.8;5;Successful;Effective;No;No;No;No;No;No;0.0;-8.0;0.25;-8.11;0.39;-8.2;0.47;-8.25;;;;;;;;
536;18.5;24.5;0.8;8;Successful;Effective;No;No;No;No;No;No;0.0;-8.0;0.25;-8.11;0.39;-8.2;0.47;-8.25;;;;;;;;
537;18.5;24.5;0.8;10;Successful;Effective;No;No;No;No;No;No;0.0;-8.0;0.25;-8.11;0.39;-8.2;0.47;-8.25;;;;;;;;
538;18.5;24.5;0.9;5;Successful;Effective;No;No;No;No;No;No;0.0;-8.0;0.25;-8.11;0.39;-8.19;0.47;-8.25;;;;;;;;
539;18.5;24.5;0.9;8;Successful;Effective;No;No;No;No;No;No;0.0;-8.0;0.25;-8.11;0.39;-8.19;0.47;-8.25;;;;;;;;
540;18.5;24.5;0.9;10;Successful;Effective;No;No;No;No;No;No;0.0;-8.0;0.25;-8.11;0.39;-8.19;0.47;-8.25;;;;;;;;
541;18.5;24.5;1.0;5;Successful;Effective;No;No;No;No;No;No;0.0;-8.0;0.25;-8.11;0.39;-8.19;0.47;-8.24;;;;;;;;
542;18.5;24.5;1.0;8;Successful;Effective;No;No;No;No;No;No;0.0;-8.0;0.25;-8.11;0.39;-8.19;0.47;-8.24;;;;;;;;
543;18.5;24.5;1.0;10;Successful;Effective;No;No;No;No;No;No;0.0;-8.0;0.25;-8.11;0.39;-8.19;0.47;-8.24;;;;;;;;
544;18.5;24.5;1.1;5;Successful;Effective;No;No;No;No;No;No;0.0;-8.0;0.25;-8.11;0.39;-8.18;0.47;-8.24;;;;;;;;
545;18.5;24.5;1.1;8;Successful;Effective;No;No;No;No;No;No;0.0;-8.0;0.25;-8.11;0.39;-8.18;0.47;-8.24;;;;;;;;
546;18.5;24.5;1.1;10;Successful;Effective;No;No;No;No;No;No;0.0;-8.0;0.25;-8.11;0.39;-8.18;0.47;-8.24;;;;;;;;
547;18.6;24.6;0.5;5;Successful;Effective;No;No;No;No;No;No;0.0;-8.0;0.25;-8.12;0.39;-8.22;0.47;-8.27;;;;;;;;
548;18.6;24.6;0.5;8;Successful;Effective;No;No;No;No;No;No;0.0;-8.0;0.25;-8.12;0.39;-8.22;0.47;-8.27;;;;;;;;
549;18.6;24.6;0.5;10;Successful;Effective;No;No;No;No;No;No;0.0;-8.0;0.25;-8.12;0.39;-8.22;0.47;-8.27;;;;;;;;
550;18.6;24.6;0.6;5;Successful;Effective;No;No;No;No;No;No;0.0;-8.0;0.25;-8.12;0.39;-8.21;0.47;-8.27;;;;;;;;
551;18.6;24.6;0.6;8;Successful;Effective;No;No;No;No;No;No;0.0;-8.0;0.25;-8.12;0.39;-8.21;0.47;-8.27;;;;;;;;
552;18.6;24.6;0.6;10;Successful;Effective;No;No;No;No;No;No;0.0;-8.0;0.25;-8.12;0.39;-8.21;0.47;-8.27;;;;;;;;
553;18.6;24.6;0.7;5;Successful;Effective;No;No;No;No;No;No;0.0;-8.0;0.25;-8.12;0.39;-8.21;0.47;-8.27;;;;;;;;
554;18.6;24.6;0.7;8;Successful;Effective;No;No;No;No;No;No;0.0;-8.0;0.25;-8.12;0.39;-8.21;0.47;-8.27;;;;;;;;
555;18.6;24.6;0.7;10;Successful;Effective;No;No;No;No;No;No;0.0;-8.0;0.25;-8.12;0.39;-8.21;0.47;-8.27;;;;;;;;
556;18.6;24.6;0.8;5;Successful;Effective;No;No;No;No;No;No;0.0;-8.0;0.25;-8.11;0.39;-8.2;0.47;-8.26;;;;;;;;
557;18.6;24.6;0.8;8;Successful;Effective;No;No;No;No;No;No;0.0;-8.0;0.25;-8.11;0.39;-8.2;0.47;-8.26;;;;;;;;
558;18.6;24.6;0.8;10;Successful;Effective;No;No;No;No;No;No;0.0;-8.0;0.25;-8.11;0.39;-8.2;0.47;-8.26;;;;;;;;
559;18.6;24.6;0.9;5;Successful;Effective;No;No;No;No;No;No;0.0;-8.0;0.25;-8.11;0.39;-8.2;0.47;-8.26;;;;;;;;
560;18.6;24.6;0.9;8;Successful;Effective;No;No;No;No;No;No;0.0;-8.0;0.25;-8.11;0.39;-8.2;0.47;-8.26;;;;;;;;
561;18.6;24.6;0.9;10;Successful;Effective;No;No;No;No;No;No;0.0;-8.0;0.25;-8.11;0.39;-8.2;0.47;-8.26;;;;;;;;
562;18.6;24.6;1.0;5;Successful;Effective;No;No;No;No;No;No;0.0;-8.0;0.25;-8.11;0.39;-8.19;0.47;-8.25;;;;;;;;
563;18.6;24.6;1.0;8;Successful;Effective;No;No;No;No;No;No;0.0;-8.0;0.25;-8.11;0.39;-8.19;0.47;-8.25;;;;;;;;
564;18.6;24.6;1.0;10;Successful;Effective;No;No;No;No;No;No;0.0;-8.0;0.25;-8.11;0.39;-8.19;0.47;-8.25;;;;;;;;
565;18.6;24.6;1.1;5;Successful;Effective;No;No;No;No;No;No;0.0;-8.0;0.25;-8.1;0.39;-8.19;0.47;-8.25;;;;;;;;
566;18.6;24.6;1.1;8;Successful;Effective;No;No;No;No;No;No;0.0;-8.0;0.25;-8.1;0.39;-8.19;0.47;-8.25;;;;;;;;
567;18.6;24.6;1.1;10;Successful;Effective;No;No;No;No;No;No;0.0;-8.0;0.25;-8.1;0.39;-8.19;0.47;-8.25;;;;;;;;
568;18.7;24.7;0.5;5;Successful;Effective;No;No;No;No;No;No;0.0;-8.0;0.25;-8.12;0.39;-8.22;0.47;-8.28;;;;;;;;
569;18.7;24.7;0.5;8;Successful;Effective;No;No;No;No;No;No;0.0;-8.0;0.25;-8.12;0.39;-8.22;0.47;-8.28;;;;;;;;
570;18.7;24.7;0.5;10;Successful;Effective;No;No;No;No;No;No;0.0;-8.0;0.25;-8.12;0.39;-8.22;0.47;-8.28;;;;;;;;
571;18.7;24.7;0.6;5;Successful;Effective;No;No;No;No;No;No;0.0;-8.0;0.25;-8.12;0.39;-8.21;0.47;-8.27;;;;;;;;
572;18.7;24.7;0.6;8;Successful;Effective;No;No;No;No;No;No;0.0;-8.0;0.25;-8.12;0.39;-8.21;0.47;-8.27;;;;;;;;
573;18.7;24.7;0.6;10;Successful;Effective;No;No;No;No;No;No;0.0;-8.0;0.25;-8.12;0.39;-8.21;0.47;-8.27;;;;;;;;
574;18.7;24.7;0.7;5;Successful;Effective;No;No;No;No;No;No;0.0;-8.0;0.25;-8.12;0.39;-8.21;0.47;-8.27;;;;;;;;
575;18.7;24.7;0.7;8;Successful;Effective;No;No;No;No;No;No;0.0;-8.0;0.25;-8.12;0.39;-8.21;0.47;-8.27;;;;;;;;
576;18.7;24.7;0.7;10;Successful;Effective;No;No;No;No;No;No;0.0;-8.0;0.25;-8.12;0.39;-8.21;0.47;-8.27;;;;;;;;
577;18.7;24.7;0.8;5;Successful;Effective;No;No;No;No;No;No;0.0;-8.0;0.25;-8.11;0.39;-8.21;0.47;-8.27;;;;;;;;
578;18.7;24.7;0.8;8;Successful;Effective;No;No;No;No;No;No;0.0;-8.0;0.25;-8.11;0.39;-8.21;0.47;-8.27;;;;;;;;
579;18.7;24.7;0.8;10;Successful;Effective;No;No;No;No;No;No;0.0;-8.0;0.25;-8.11;0.39;-8.21;0.47;-8.27;;;;;;;;
580;18.7;24.7;0.9;5;Successful;Effective;No;No;No;No;No;No;0.0;-8.0;0.25;-8.11;0.39;-8.2;0.47;-8.26;;;;;;;;
581;18.7;24.7;0.9;8;Successful;Effective;No;No;No;No;No;No;0.0;-8.0;0.25;-8.11;0.39;-8.2;0.47;-8.26;;;;;;;;
582;18.7;24.7;0.9;10;Successful;Effective;No;No;No;No;No;No;0.0;-8.0;0.25;-8.11;0.39;-8.2;0.47;-8.26;;;;;;;;
583;18.7;24.7;1.0;5;Successful;Effective;No;No;No;No;No;No;0.0;-8.0;0.25;-8.1;0.39;-8.2;0.47;-8.26;;;;;;;;
584;18.7;24.7;1.0;8;Successful;Effective;No;No;No;No;No;No;0.0;-8.0;0.25;-8.1;0.39;-8.2;0.47;-8.26;;;;;;;;
585;18.7;24.7;1.0;10;Successful;Effective;No;No;No;No;No;No;0.0;-8.0;0.25;-8.1;0.39;-8.2;0.47;-8.26;;;;;;;;
586;18.7;24.7;1.1;5;Successful;Effective;No;No;No;No;No;No;0.0;-8.0;0.25;-8.1;0.39;-8.19;0.47;-8.26;;;;;;;;
587;18.7;24.7;1.1;8;Successful;Effective;No;No;No;No;No;No;0.0;-8.0;0.25;-8.1;0.39;-8.19;0.47;-8.26;;;;;;;;
588;18.7;24.7;1.1;10;Successful;Effective;No;No;No;No;No;No;0.0;-8.0;0.25;-8.1;0.39;-8.19;0.47;-8.26;;;;;;;;
589;18.8;24.8;0.5;5;Successful;Effective;No;No;No;No;No;No;0.0;-8.0;0.25;-8.12;0.39;-8.22;0.47;-8.28;;;;;;;;
590;18.8;24.8;0.5;8;Successful;Effective;No;No;No;No;No;No;0.0;-8.0;0.25;-8.12;0.39;-8.22;0.47;-8.28;;;;;;;;
591;18.8;24.8;0.5;10;Successful;Effective;No;No;No;No;No;No;0.0;-8.0;0.25;-8.12;0.39;-8.22;0.47;-8.28;;;;;;;;
592;18.8;24.8;0.6;5;Successful;Effective;No;No;No;No;No;No;0.0;-8.0;0.25;-8.12;0.39;-8.22;0.47;-8.28;;;;;;;;
593;18.8;24.8;0.6;8;Successful;Effective;No;No;No;No;No;No;0.0;-8.0;0.25;-8.12;0.39;-8.22;0.47;-8.28;;;;;;;;
594;18.8;24.8;0.6;10;Successful;Effective;No;No;No;No;No;No;0.0;-8.0;0.25;-8.12;0.39;-8.22;0.47;-8.28;;;;;;;;
595;18.8;24.8;0.7;5;Successful;Effective;No;No;No;No;No;No;0.0;-8.0;0.25;-8.11;0.39;-8.22;0.47;-8.27;;;;;;;;
596;18.8;24.8;0.7;8;Successful;Effective;No;No;No;No;No;No;0.0;-8.0;0.25;-8.11;0.39;-8.22;0.47;-8.27;;;;;;;;
597;18.8;24.8;0.7;10;Successful;Effective;No;No;No;No;No;No;0.0;-8.0;0.25;-8.11;0.39;-8.22;0.47;-8.27;;;;;;;;
598;18.8;24.8;0.8;5;Successful;Effective;No;No;No;No;No;No;0.0;-8.0;0.25;-8.11;0.39;-8.21;0.47;-8.27;;;;;;;;
599;18.8;24.8;0.8;8;Successful;Effective;No;No;No;No;No;No;0.0;-8.0;0.25;-8.11;0.39;-8.21;0.47;-8.27;;;;;;;;
600;18.8;24.8;0.8;10;Successful;Effective;No;No;No;No;No;No;0.0;-8.0;0.25;-8.11;0.39;-8.21;0.47;-8.27;;;;;;;;
601;18.8;24.8;0.9;5;Successful;Effective;No;No;No;No;No;No;0.0;-8.0;0.25;-8.11;0.39;-8.21;0.47;-8.27;;;;;;;;
602;18.8;24.8;0.9;8;Successful;Effective;No;No;No;No;No;No;0.0;-8.0;0.25;-8.11;0.39;-8.21;0.47;-8.27;;;;;;;;
603;18.8;24.8;0.9;10;Successful;Effective;No;No;No;No;No;No;0.0;-8.0;0.25;-8.11;0.39;-8.21;0.47;-8.27;;;;;;;;
604;18.8;24.8;1.0;5;Successful;Effective;No;No;No;No;No;No;0.0;-8.0;0.25;-8.1;0.39;-8.2;0.47;-8.26;;;;;;;;
605;18.8;24.8;1.0;8;Successful;Effective;No;No;No;No;No;No;0.0;-8.0;0.25;-8.1;0.39;-8.2;0.47;-8.26;;;;;;;;
606;18.8;24.8;1.0;10;Successful;Effective;No;No;No;No;No;No;0.0;-8.0;0.25;-8.1;0.39;-8.2;0.47;-8.26;;;;;;;;
607;18.8;24.8;1.1;5;Successful;Effective;No;No;No;No;No;No;0.0;-8.0;0.25;-8.1;0.39;-8.2;0.47;-8.26;;;;;;;;
608;18.8;24.8;1.1;8;Successful;Effective;No;No;No;No;No;No;0.0;-8.0;0.25;-8.1;0.39;-8.2;0.47;-8.26;;;;;;;;
609;18.8;24.8;1.1;10;Successful;Effective;No;No;No;No;No;No;0.0;-8.0;0.25;-8.1;0.39;-8.2;0.47;-8.26;;;;;;;;
610;18.9;24.9;0.5;5;Successful;Effective;No;No;No;No;No;No;0.0;-8.0;0.25;-8.12;0.39;-8.22;0.47;-8.28;;;;;;;;
611;18.9;24.9;0.5;8;Successful;Effective;No;No;No;No;No;No;0.0;-8.0;0.25;-8.12;0.39;-8.22;0.47;-8.28;;;;;;;;
612;18.9;24.9;0.5;10;Successful;Effective;No;No;No;No;No;No;0.0;-8.0;0.25;-8.12;0.39;-8.22;0.47;-8.28;;;;;;;;
613;18.9;24.9;0.6;5;Successful;Effective;No;No;No;No;No;No;0.0;-8.0;0.25;-8.12;0.39;-8.22;0.47;-8.28;;;;;;;;
614;18.9;24.9;0.6;8;Successful;Effective;No;No;No;No;No;No;0.0;-8.0;0.25;-8.12;0.39;-8.22;0.47;-8.28;;;;;;;;
615;18.9;24.9;0.6;10;Successful;Effective;No;No;No;No;No;No;0.0;-8.0;0.25;-8.12;0.39;-8.22;0.47;-8.28;;;;;;;;
616;18.9;24.9;0.7;5;Successful;Effective;No;No;No;No;No;No;0.0;-8.0;0.25;-8.12;0.39;-8.22;0.47;-8.28;;;;;;;;
617;18.9;24.9;0.7;8;Successful;Effective;No;No;No;No;No;No;0.0;-8.0;0.25;-8.12;0.39;-8.22;0.47;-8.28;;;;;;;;
618;18.9;24.9;0.7;10;Successful;Effective;No;No;No;No;No;No;0.0;-8.0;0.25;-8.12;0.39;-8.22;0.47;-8.28;;;;;;;;
619;18.9;24.9;0.8;5;Successful;Effective;No;No;No;No;No;No;0.0;-8.0;0.25;-8.11;0.39;-8.22;0.47;-8.28;;;;;;;;
620;18.9;24.9;0.8;8;Successful;Effective;No;No;No;No;No;No;0.0;-8.0;0.25;-8.11;0.39;-8.22;0.47;-8.28;;;;;;;;
621;18.9;24.9;0.8;10;Successful;Effective;No;No;No;No;No;No;0.0;-8.0;0.25;-8.11;0.39;-8.22;0.47;-8.28;;;;;;;;
622;18.9;24.9;0.9;5;Successful;Effective;No;No;No;No;No;No;0.0;-8.0;0.25;-8.11;0.39;-8.21;0.47;-8.27;;;;;;;;
623;18.9;24.9;0.9;8;Successful;Effective;No;No;No;No;No;No;0.0;-8.0;0.25;-8.11;0.39;-8.21;0.47;-8.27;;;;;;;;
624;18.9;24.9;0.9;10;Successful;Effective;No;No;No;No;No;No;0.0;-8.0;0.25;-8.11;0.39;-8.21;0.47;-8.27;;;;;;;;
625;18.9;24.9;1.0;5;Successful;Effective;No;No;No;No;No;No;0.0;-8.0;0.25;-8.11;0.39;-8.21;0.47;-8.27;;;;;;;;
626;18.9;24.9;1.0;8;Successful;Effective;No;No;No;No;No;No;0.0;-8.0;0.25;-8.11;0.39;-8.21;0.47;-8.27;;;;;;;;
627;18.9;24.9;1.0;10;Successful;Effective;No;No;No;No;No;No;0.0;-8.0;0.25;-8.11;0.39;-8.21;0.47;-8.27;;;;;;;;
628;18.9;24.9;1.1;5;Successful;Effective;No;No;No;No;No;No;0.0;-8.0;0.25;-8.11;0.39;-8.21;0.47;-8.26;;;;;;;;
629;18.9;24.9;1.1;8;Successful;Effective;No;No;No;No;No;No;0.0;-8.0;0.25;-8.11;0.39;-8.21;0.47;-8.26;;;;;;;;
630;18.9;24.9;1.1;10;Successful;Effective;No;No;No;No;No;No;0.0;-8.0;0.25;-8.11;0.39;-8.21;0.47;-8.26;;;;;;;;
631;19.0;25.0;0.5;5;Successful;Effective;No;No;No;No;No;No;0.0;-8.0;0.25;-8.12;0.39;-8.22;0.47;-8.28;;;;;;;;
632;19.0;25.0;0.5;8;Successful;Effective;No;No;No;No;No;No;0.0;-8.0;0.25;-8.12;0.39;-8.22;0.47;-8.28;;;;;;;;
633;19.0;25.0;0.5;10;Successful;Effective;No;No;No;No;No;No;0.0;-8.0;0.25;-8.12;0.39;-8.22;0.47;-8.28;;;;;;;;
634;19.0;25.0;0.6;5;Successful;Effective;No;No;No;No;No;No;0.0;-8.0;0.25;-8.12;0.39;-8.22;0.47;-8.28;;;;;;;;
635;19.0;25.0;0.6;8;Successful;Effective;No;No;No;No;No;No;0.0;-8.0;0.25;-8.12;0.39;-8.22;0.47;-8.28;;;;;;;;
636;19.0;25.0;0.6;10;Successful;Effective;No;No;No;No;No;No;0.0;-8.0;0.25;-8.12;0.39;-8.22;0.47;-8.28;;;;;;;;
637;19.0;25.0;0.7;5;Successful;Effective;No;No;No;No;No;No;0.0;-8.0;0.25;-8.12;0.39;-8.22;0.47;-8.28;;;;;;;;
638;19.0;25.0;0.7;8;Successful;Effective;No;No;No;No;No;No;0.0;-8.0;0.25;-8.12;0.39;-8.22;0.47;-8.28;;;;;;;;
639;19.0;25.0;0.7;10;Successful;Effective;No;No;No;No;No;No;0.0;-8.0;0.25;-8.12;0.39;-8.22;0.47;-8.28;;;;;;;;
640;19.0;25.0;0.8;5;Successful;Effective;No;No;No;No;No;No;0.0;-8.0;0.25;-8.12;0.39;-8.22;0.47;-8.28;;;;;;;;
641;19.0;25.0;0.8;8;Successful;Effective;No;No;No;No;No;No;0.0;-8.0;0.25;-8.12;0.39;-8.22;0.47;-8.28;;;;;;;;
642;19.0;25.0;0.8;10;Successful;Effective;No;No;No;No;No;No;0.0;-8.0;0.25;-8.12;0.39;-8.22;0.47;-8.28;;;;;;;;
643;19.0;25.0;0.9;5;Successful;Effective;No;No;No;No;No;No;0.0;-8.0;0.25;-8.12;0.39;-8.22;0.47;-8.27;;;;;;;;
644;19.0;25.0;0.9;8;Successful;Effective;No;No;No;No;No;No;0.0;-8.0;0.25;-8.12;0.39;-8.22;0.47;-8.27;;;;;;;;
645;19.0;25.0;0.9;10;Successful;Effective;No;No;No;No;No;No;0.0;-8.0;0.25;-8.12;0.39;-8.22;0.47;-8.27;;;;;;;;
646;19.0;25.0;1.0;5;Successful;Effective;No;No;No;No;No;No;0.0;-8.0;0.25;-8.12;0.39;-8.22;0.47;-8.27;;;;;;;;
647;19.0;25.0;1.0;8;Successful;Effective;No;No;No;No;No;No;0.0;-8.0;0.25;-8.12;0.39;-8.22;0.47;-8.27;;;;;;;;
648;19.0;25.0;1.0;10;Successful;Effective;No;No;No;No;No;No;0.0;-8.0;0.25;-8.12;0.39;-8.22;0.47;-8.27;;;;;;;;
649;19.0;25.0;1.1;5;Successful;Effective;No;No;No;No;No;No;0.0;-8.0;0.25;-8.12;0.39;-8.22;0.47;-8.27;;;;;;;;
650;19.0;25.0;1.1;8;Successful;Effective;No;No;No;No;No;No;0.0;-8.0;0.25;-8.12;0.39;-8.22;0.47;-8.27;;;;;;;;
651;19.0;25.0;1.1;10;Successful;Effective;No;No;No;No;No;No;0.0;-8.0;0.25;-8.12;0.39;-8.22;0.47;-8.27;;;;;;;;
652;19.1;25.1;0.5;5;Successful;Effective;No;No;No;No;No;No;0.0;-8.0;0.25;-8.12;0.39;-8.23;0.47;-8.28;;;;;;;;
653;19.1;25.1;0.5;8;Successful;Effective;No;No;No;No;No;No;0.0;-8.0;0.25;-8.12;0.39;-8.23;0.47;-8.28;;;;;;;;
654;19.1;25.1;0.5;10;Successful;Effective;No;No;No;No;No;No;0.0;-8.0;0.25;-8.12;0.39;-8.23;0.47;-8.28;;;;;;;;
655;19.1;25.1;0.6;5;Successful;Effective;No;No;No;No;No;No;0.0;-8.0;0.25;-8.12;0.39;-8.22;0.47;-8.28;;;;;;;;
656;19.1;25.1;0.6;8;Successful;Effective;No;No;No;No;No;No;0.0;-8.0;0.25;-8.12;0.39;-8.22;0.47;-8.28;;;;;;;;
657;19.1;25.1;0.6;10;Successful;Effective;No;No;No;No;No;No;0.0;-8.0;0.25;-8.12;0.39;-8.22;0.47;-8.28;;;;;;;;
658;19.1;25.1;0.7;5;Successful;Effective;No;No;No;No;No;No;0.0;-8.0;0.25;-8.12;0.39;-8.22;0.47;-8.28;;;;;;;;
659;19.1;25.1;0.7;8;Successful;Effective;No;No;No;No;No;No;0.0;-8.0;0.25;-8.12;0.39;-8.22;0.47;-8.28;;;;;;;;
660;19.1;25.1;0.7;10;Successful;Effective;No;No;No;No;No;No;0.0;-8.0;0.25;-8.12;0.39;-8.22;0.47;-8.28;;;;;;;;
661;19.1;25.1;0.8;5;Successful;Effective;No;No;No;No;No;No;0.0;-8.0;0.25;-8.12;0.39;-8.22;0.47;-8.28;;;;;;;;
662;19.1;25.1;0.8;8;Successful;Effective;No;No;No;No;No;No;0.0;-8.0;0.25;-8.12;0.39;-8.22;0.47;-8.28;;;;;;;;
663;19.1;25.1;0.8;10;Successful;Effective;No;No;No;No;No;No;0.0;-8.0;0.25;-8.12;0.39;-8.22;0.47;-8.28;;;;;;;;
664;19.1;25.1;0.9;5;Successful;Effective;No;No;No;No;No;No;0.0;-8.0;0.25;-8.12;0.39;-8.22;0.47;-8.28;;;;;;;;
665;19.1;25.1;0.9;8;Successful;Effective;No;No;No;No;No;No;0.0;-8.0;0.25;-8.12;0.39;-8.22;0.47;-8.28;;;;;;;;
666;19.1;25.1;0.9;10;Successful;Effective;No;No;No;No;No;No;0.0;-8.0;0.25;-8.12;0.39;-8.22;0.47;-8.28;;;;;;;;
667;19.1;25.1;1.0;5;Successful;Effective;No;No;No;No;No;No;0.0;-8.0;0.25;-8.12;0.39;-8.22;0.47;-8.28;;;;;;;;
668;19.1;25.1;1.0;8;Successful;Effective;No;No;No;No;No;No;0.0;-8.0;0.25;-8.12;0.39;-8.22;0.47;-8.28;;;;;;;;
669;19.1;25.1;1.0;10;Successful;Effective;No;No;No;No;No;No;0.0;-8.0;0.25;-8.12;0.39;-8.22;0.47;-8.28;;;;;;;;
670;19.1;25.1;1.1;5;Successful;Effective;No;No;No;No;No;No;0.0;-8.0;0.25;-8.12;0.39;-8.22;0.47;-8.28;;;;;;;;
671;19.1;25.1;1.1;8;Successful;Effective;No;No;No;No;No;No;0.0;-8.0;0.25;-8.12;0.39;-8.22;0.47;-8.28;;;;;;;;
672;19.1;25.1;1.1;10;Successful;Effective;No;No;No;No;No;No;0.0;-8.0;0.25;-8.12;0.39;-8.22;0.47;-8.28;;;;;;;;
673;19.2;25.2;0.5;5;Successful;Effective;No;No;No;No;No;No;0.0;-8.0;0.25;-8.12;0.39;-8.23;0.47;-8.28;;;;;;;;
674;19.2;25.2;0.5;8;Successful;Effective;No;No;No;No;No;No;0.0;-8.0;0.25;-8.12;0.39;-8.23;0.47;-8.28;;;;;;;;
675;19.2;25.2;0.5;10;Successful;Effective;No;No;No;No;No;No;0.0;-8.0;0.25;-8.12;0.39;-8.23;0.47;-8.28;;;;;;;;
676;19.2;25.2;0.6;5;Successful;Effective;No;No;No;No;No;No;0.0;-8.0;0.25;-8.12;0.39;-8.23;0.47;-8.28;;;;;;;;
677;19.2;25.2;0.6;8;Successful;Effective;No;No;No;No;No;No;0.0;-8.0;0.25;-8.12;0.39;-8.23;0.47;-8.28;;;;;;;;
678;19.2;25.2;0.6;10;Successful;Effective;No;No;No;No;No;No;0.0;-8.0;0.25;-8.12;0.39;-8.23;0.47;-8.28;;;;;;;;
679;19.2;25.2;0.7;5;Successful;Effective;No;No;No;No;No;No;0.0;-8.0;0.25;-8.12;0.39;-8.23;0.47;-8.28;;;;;;;;
680;19.2;25.2;0.7;8;Successful;Effective;No;No;No;No;No;No;0.0;-8.0;0.25;-8.12;0.39;-8.23;0.47;-8.28;;;;;;;;
681;19.2;25.2;0.7;10;Successful;Effective;No;No;No;No;No;No;0.0;-8.0;0.25;-8.12;0.39;-8.23;0.47;-8.28;;;;;;;;
682;19.2;25.2;0.8;5;Successful;Effective;No;No;No;No;No;No;0.0;-8.0;0.25;-8.12;0.39;-8.22;0.47;-8.28;;;;;;;;
683;19.2;25.2;0.8;8;Successful;Effective;No;No;No;No;No;No;0.0;-8.0;0.25;-8.12;0.39;-8.22;0.47;-8.28;;;;;;;;
684;19.2;25.2;0.8;10;Successful;Effective;No;No;No;No;No;No;0.0;-8.0;0.25;-8.12;0.39;-8.22;0.47;-8.28;;;;;;;;
685;19.2;25.2;0.9;5;Successful;Effective;No;No;No;No;No;No;0.0;-8.0;0.25;-8.12;0.39;-8.22;0.47;-8.28;;;;;;;;
686;19.2;25.2;0.9;8;Successful;Effective;No;No;No;No;No;No;0.0;-8.0;0.25;-8.12;0.39;-8.22;0.47;-8.28;;;;;;;;
687;19.2;25.2;0.9;10;Successful;Effective;No;No;No;No;No;No;0.0;-8.0;0.25;-8.12;0.39;-8.22;0.47;-8.28;;;;;;;;
688;19.2;25.2;1.0;5;Successful;Effective;No;No;No;No;No;No;0.0;-8.0;0.25;-8.12;0.39;-8.22;0.47;-8.28;;;;;;;;
689;19.2;25.2;1.0;8;Successful;Effective;No;No;No;No;No;No;0.0;-8.0;0.25;-8.12;0.39;-8.22;0.47;-8.28;;;;;;;;
690;19.2;25.2;1.0;10;Successful;Effective;No;No;No;No;No;No;0.0;-8.0;0.25;-8.12;0.39;-8.22;0.47;-8.28;;;;;;;;
691;19.2;25.2;1.1;5;Successful;Effective;No;No;No;No;No;No;0.0;-8.0;0.25;-8.12;0.39;-8.22;0.47;-8.28;;;;;;;;
692;19.2;25.2;1.1;8;Successful;Effective;No;No;No;No;No;No;0.0;-8.0;0.25;-8.12;0.39;-8.22;0.47;-8.28;;;;;;;;
693;19.2;25.2;1.1;10;Successful;Effective;No;No;No;No;No;No;0.0;-8.0;0.25;-8.12;0.39;-8.22;0.47;-8.28;;;;;;;;
694;19.3;25.3;0.5;5;Successful;Effective;No;No;No;No;No;No;0.0;-8.0;0.25;-8.13;0.39;-8.23;0.47;-8.28;;;;;;;;
695;19.3;25.3;0.5;8;Successful;Effective;No;No;No;No;No;No;0.0;-8.0;0.25;-8.13;0.39;-8.23;0.47;-8.28;;;;;;;;
696;19.3;25.3;0.5;10;Successful;Effective;No;No;No;No;No;No;0.0;-8.0;0.25;-8.13;0.39;-8.23;0.47;-8.28;;;;;;;;
697;19.3;25.3;0.6;5;Successful;Effective;No;No;No;No;No;No;0.0;-8.0;0.25;-8.13;0.39;-8.23;0.47;-8.28;;;;;;;;
698;19.3;25.3;0.6;8;Successful;Effective;No;No;No;No;No;No;0.0;-8.0;0.25;-8.13;0.39;-8.23;0.47;-8.28;;;;;;;;
699;19.3;25.3;0.6;10;Successful;Effective;No;No;No;No;No;No;0.0;-8.0;0.25;-8.13;0.39;-8.23;0.47;-8.28;;;;;;;;
700;19.3;25.3;0.7;5;Successful;Effective;No;No;No;No;No;No;0.0;-8.0;0.25;-8.13;0.39;-8.23;0.47;-8.28;;;;;;;;
701;19.3;25.3;0.7;8;Successful;Effective;No;No;No;No;No;No;0.0;-8.0;0.25;-8.13;0.39;-8.23;0.47;-8.28;;;;;;;;
702;19.3;25.3;0.7;10;Successful;Effective;No;No;No;No;No;No;0.0;-8.0;0.25;-8.13;0.39;-8.23;0.47;-8.28;;;;;;;;
703;19.3;25.3;0.8;5;Successful;Effective;No;No;No;No;No;No;0.0;-8.0;0.25;-8.13;0.39;-8.23;0.47;-8.28;;;;;;;;
704;19.3;25.3;0.8;8;Successful;Effective;No;No;No;No;No;No;0.0;-8.0;0.25;-8.13;0.39;-8.23;0.47;-8.28;;;;;;;;
705;19.3;25.3;0.8;10;Successful;Effective;No;No;No;No;No;No;0.0;-8.0;0.25;-8.13;0.39;-8.23;0.47;-8.28;;;;;;;;
706;19.3;25.3;0.9;5;Successful;Effective;No;No;No;No;No;No;0.0;-8.0;0.25;-8.13;0.39;-8.23;0.47;-8.28;;;;;;;;
707;19.3;25.3;0.9;8;Successful;Effective;No;No;No;No;No;No;0.0;-8.0;0.25;-8.13;0.39;-8.23;0.47;-8.28;;;;;;;;
708;19.3;25.3;0.9;10;Successful;Effective;No;No;No;No;No;No;0.0;-8.0;0.25;-8.13;0.39;-8.23;0.47;-8.28;;;;;;;;
709;19.3;25.3;1.0;5;Successful;Effective;No;No;No;No;No;No;0.0;-8.0;0.25;-8.13;0.39;-8.23;0.47;-8.28;;;;;;;;
710;19.3;25.3;1.0;8;Successful;Effective;No;No;No;No;No;No;0.0;-8.0;0.25;-8.13;0.39;-8.23;0.47;-8.28;;;;;;;;
711;19.3;25.3;1.0;10;Successful;Effective;No;No;No;No;No;No;0.0;-8.0;0.25;-8.13;0.39;-8.23;0.47;-8.28;;;;;;;;
712;19.3;25.3;1.1;5;Successful;Effective;No;No;No;No;No;No;0.0;-8.0;0.25;-8.13;0.39;-8.23;0.47;-8.28;;;;;;;;
713;19.3;25.3;1.1;8;Successful;Effective;No;No;No;No;No;No;0.0;-8.0;0.25;-8.13;0.39;-8.23;0.47;-8.28;;;;;;;;
714;19.3;25.3;1.1;10;Successful;Effective;No;No;No;No;No;No;0.0;-8.0;0.25;-8.13;0.39;-8.23;0.47;-8.28;;;;;;;;
715;19.4;25.4;0.5;5;Successful;Effective;No;No;No;No;No;No;0.0;-8.0;0.25;-8.13;0.39;-8.23;0.47;-8.28;;;;;;;;
716;19.4;25.4;0.5;8;Successful;Effective;No;No;No;No;No;No;0.0;-8.0;0.25;-8.13;0.39;-8.23;0.47;-8.28;;;;;;;;
717;19.4;25.4;0.5;10;Successful;Effective;No;No;No;No;No;No;0.0;-8.0;0.25;-8.13;0.39;-8.23;0.47;-8.28;;;;;;;;
718;19.4;25.4;0.6;5;Successful;Effective;No;No;No;No;No;No;0.0;-8.0;0.25;-8.13;0.39;-8.23;0.47;-8.28;;;;;;;;
719;19.4;25.4;0.6;8;Successful;Effective;No;No;No;No;No;No;0.0;-8.0;0.25;-8.13;0.39;-8.23;0.47;-8.28;;;;;;;;
720;19.4;25.4;0.6;10;Successful;Effective;No;No;No;No;No;No;0.0;-8.0;0.25;-8.13;0.39;-8.23;0.47;-8.28;;;;;;;;
721;19.4;25.4;0.7;5;Successful;Effective;No;No;No;No;No;No;0.0;-8.0;0.25;-8.13;0.39;-8.23;0.47;-8.28;;;;;;;;
722;19.4;25.4;0.7;8;Successful;Effective;No;No;No;No;No;No;0.0;-8.0;0.25;-8.13;0.39;-8.23;0.47;-8.28;;;;;;;;
723;19.4;25.4;0.7;10;Successful;Effective;No;No;No;No;No;No;0.0;-8.0;0.25;-8.13;0.39;-8.23;0.47;-8.28;;;;;;;;
724;19.4;25.4;0.8;5;Successful;Effective;No;No;No;No;No;No;0.0;-8.0;0.25;-8.13;0.39;-8.23;0.47;-8.28;;;;;;;;
725;19.4;25.4;0.8;8;Successful;Effective;No;No;No;No;No;No;0.0;-8.0;0.25;-8.13;0.39;-8.23;0.47;-8.28;;;;;;;;
726;19.4;25.4;0.8;10;Successful;Effective;No;No;No;No;No;No;0.0;-8.0;0.25;-8.13;0.39;-8.23;0.47;-8.28;;;;;;;;
727;19.4;25.4;0.9;5;Successful;Effective;No;No;No;No;No;No;0.0;-8.0;0.25;-8.13;0.39;-8.23;0.47;-8.28;;;;;;;;
728;19.4;25.4;0.9;8;Successful;Effective;No;No;No;No;No;No;0.0;-8.0;0.25;-8.13;0.39;-8.23;0.47;-8.28;;;;;;;;
729;19.4;25.4;0.9;10;Successful;Effective;No;No;No;No;No;No;0.0;-8.0;0.25;-8.13;0.39;-8.23;0.47;-8.28;;;;;;;;
730;19.4;25.4;1.0;5;Successful;Effective;No;No;No;No;No;No;0.0;-8.0;0.25;-8.13;0.39;-8.23;0.47;-8.28;;;;;;;;
731;19.4;25.4;1.0;8;Successful;Effective;No;No;No;No;No;No;0.0;-8.0;0.25;-8.13;0.39;-8.23;0.47;-8.28;;;;;;;;
732;19.4;25.4;1.0;10;Successful;Effective;No;No;No;No;No;No;0.0;-8.0;0.25;-8.13;0.39;-8.23;0.47;-8.28;;;;;;;;
733;19.4;25.4;1.1;5;Successful;Effective;No;No;No;No;No;No;0.0;-8.0;0.25;-8.13;0.39;-8.23;0.47;-8.28;;;;;;;;
734;19.4;25.4;1.1;8;Successful;Effective;No;No;No;No;No;No;0.0;-8.0;0.25;-8.13;0.39;-8.23;0.47;-8.28;;;;;;;;
735;19.4;25.4;1.1;10;Successful;Effective;No;No;No;No;No;No;0.0;-8.0;0.25;-8.13;0.39;-8.23;0.47;-8.28;;;;;;;;
736;19.5;25.5;0.5;5;Successful;Effective;No;No;No;No;No;No;0.0;-8.0;0.25;-8.13;0.39;-8.23;0.47;-8.28;;;;;;;;
737;19.5;25.5;0.5;8;Successful;Effective;No;No;No;No;No;No;0.0;-8.0;0.25;-8.13;0.39;-8.23;0.47;-8.28;;;;;;;;
738;19.5;25.5;0.5;10;Successful;Effective;No;No;No;No;No;No;0.0;-8.0;0.25;-8.13;0.39;-8.23;0.47;-8.28;;;;;;;;
739;19.5;25.5;0.6;5;Successful;Effective;No;No;No;No;No;No;0.0;-8.0;0.25;-8.13;0.39;-8.23;0.47;-8.28;;;;;;;;
740;19.5;25.5;0.6;8;Successful;Effective;No;No;No;No;No;No;0.0;-8.0;0.25;-8.13;0.39;-8.23;0.47;-8.28;;;;;;;;
741;19.5;25.5;0.6;10;Successful;Effective;No;No;No;No;No;No;0.0;-8.0;0.25;-8.13;0.39;-8.23;0.47;-8.28;;;;;;;;
742;19.5;25.5;0.7;5;Successful;Effective;No;No;No;No;No;No;0.0;-8.0;0.25;-8.13;0.39;-8.23;0.47;-8.28;;;;;;;;
743;19.5;25.5;0.7;8;Successful;Effective;No;No;No;No;No;No;0.0;-8.0;0.25;-8.13;0.39;-8.23;0.47;-8.28;;;;;;;;
744;19.5;25.5;0.7;10;Successful;Effective;No;No;No;No;No;No;0.0;-8.0;0.25;-8.13;0.39;-8.23;0.47;-8.28;;;;;;;;
745;19.5;25.5;0.8;5;Successful;Effective;No;No;No;No;No;No;0.0;-8.0;0.25;-8.13;0.39;-8.23;0.47;-8.28;;;;;;;;
746;19.5;25.5;0.8;8;Successful;Effective;No;No;No;No;No;No;0.0;-8.0;0.25;-8.13;0.39;-8.23;0.47;-8.28;;;;;;;;
747;19.5;25.5;0.8;10;Successful;Effective;No;No;No;No;No;No;0.0;-8.0;0.25;-8.13;0.39;-8.23;0.47;-8.28;;;;;;;;
748;19.5;25.5;0.9;5;Successful;Effective;No;No;No;No;No;No;0.0;-8.0;0.25;-8.13;0.39;-8.23;0.47;-8.28;;;;;;;;
749;19.5;25.5;0.9;8;Successful;Effective;No;No;No;No;No;No;0.0;-8.0;0.25;-8.13;0.39;-8.23;0.47;-8.28;;;;;;;;
750;19.5;25.5;0.9;10;Successful;Effective;No;No;No;No;No;No;0.0;-8.0;0.25;-8.13;0.39;-8.23;0.47;-8.28;;;;;;;;
751;19.5;25.5;1.0;5;Successful;Effective;No;No;No;No;No;No;0.0;-8.0;0.25;-8.13;0.39;-8.23;0.47;-8.28;;;;;;;;
752;19.5;25.5;1.0;8;Successful;Effective;No;No;No;No;No;No;0.0;-8.0;0.25;-8.13;0.39;-8.23;0.47;-8.28;;;;;;;;
753;19.5;25.5;1.0;10;Successful;Effective;No;No;No;No;No;No;0.0;-8.0;0.25;-8.13;0.39;-8.23;0.47;-8.28;;;;;;;;
754;19.5;25.5;1.1;5;Successful;Effective;No;No;No;No;No;No;0.0;-8.0;0.25;-8.13;0.39;-8.23;0.47;-8.28;;;;;;;;
755;19.5;25.5;1.1;8;Successful;Effective;No;No;No;No;No;No;0.0;-8.0;0.25;-8.13;0.39;-8.23;0.47;-8.28;;;;;;;;
756;19.5;25.5;1.1;10;Successful;Effective;No;No;No;No;No;No;0.0;-8.0;0.25;-8.13;0.39;-8.23;0.47;-8.28;;;;;;;;
757;19.6;25.6;0.5;5;Successful;Effective;No;No;No;No;No;No;0.0;-8.0;0.25;-8.13;0.39;-8.23;0.47;-8.28;;;;;;;;
758;19.6;25.6;0.5;8;Successful;Effective;No;No;No;No;No;No;0.0;-8.0;0.25;-8.13;0.39;-8.23;0.47;-8.28;;;;;;;;
759;19.6;25.6;0.5;10;Successful;Effective;No;No;No;No;No;No;0.0;-8.0;0.25;-8.13;0.39;-8.23;0.47;-8.28;;;;;;;;
760;19.6;25.6;0.6;5;Successful;Effective;No;No;No;No;No;No;0.0;-8.0;0.25;-8.13;0.39;-8.23;0.47;-8.28;;;;;;;;
761;19.6;25.6;0.6;8;Successful;Effective;No;No;No;No;No;No;0.0;-8.0;0.25;-8.13;0.39;-8.23;0.47;-8.28;;;;;;;;
762;19.6;25.6;0.6;10;Successful;Effective;No;No;No;No;No;No;0.0;-8.0;0.25;-8.13;0.39;-8.23;0.47;-8.28;;;;;;;;
763;19.6;25.6;0.7;5;Successful;Effective;No;No;No;No;No;No;0.0;-8.0;0.25;-8.13;0.39;-8.23;0.47;-8.28;;;;;;;;
764;19.6;25.6;0.7;8;Successful;Effective;No;No;No;No;No;No;0.0;-8.0;0.25;-8.13;0.39;-8.23;0.47;-8.28;;;;;;;;
765;19.6;25.6;0.7;10;Successful;Effective;No;No;No;No;No;No;0.0;-8.0;0.25;-8.13;0.39;-8.23;0.47;-8.28;;;;;;;;
766;19.6;25.6;0.8;5;Successful;Effective;No;No;No;No;No;No;0.0;-8.0;0.25;-8.13;0.39;-8.23;0.47;-8.28;;;;;;;;
767;19.6;25.6;0.8;8;Successful;Effective;No;No;No;No;No;No;0.0;-8.0;0.25;-8.13;0.39;-8.23;0.47;-8.28;;;;;;;;
768;19.6;25.6;0.8;10;Successful;Effective;No;No;No;No;No;No;0.0;-8.0;0.25;-8.13;0.39;-8.23;0.47;-8.28;;;;;;;;
769;19.6;25.6;0.9;5;Successful;Effective;No;No;No;No;No;No;0.0;-8.0;0.25;-8.13;0.39;-8.23;0.47;-8.28;;;;;;;;
770;19.6;25.6;0.9;8;Successful;Effective;No;No;No;No;No;No;0.0;-8.0;0.25;-8.13;0.39;-8.23;0.47;-8.28;;;;;;;;
771;19.6;25.6;0.9;10;Successful;Effective;No;No;No;No;No;No;0.0;-8.0;0.25;-8.13;0.39;-8.23;0.47;-8.28;;;;;;;;
772;19.6;25.6;1.0;5;Successful;Effective;No;No;No;No;No;No;0.0;-8.0;0.25;-8.13;0.39;-8.23;0.47;-8.28;;;;;;;;
773;19.6;25.6;1.0;8;Successful;Effective;No;No;No;No;No;No;0.0;-8.0;0.25;-8.13;0.39;-8.23;0.47;-8.28;;;;;;;;
774;19.6;25.6;1.0;10;Successful;Effective;No;No;No;No;No;No;0.0;-8.0;0.25;-8.13;0.39;-8.23;0.47;-8.28;;;;;;;;
775;19.6;25.6;1.1;5;Successful;Effective;No;No;No;No;No;No;0.0;-8.0;0.25;-8.13;0.39;-8.23;0.47;-8.28;;;;;;;;
776;19.6;25.6;1.1;8;Successful;Effective;No;No;No;No;No;No;0.0;-8.0;0.25;-8.13;0.39;-8.23;0.47;-8.28;;;;;;;;
777;19.6;25.6;1.1;10;Successful;Effective;No;No;No;No;No;No;0.0;-8.0;0.25;-8.13;0.39;-8.23;0.47;-8.28;;;;;;;;
778;19.7;25.7;0.5;5;Successful;Effective;No;No;No;No;No;No;0.0;-8.0;0.25;-8.13;0.39;-8.22;0.47;-8.28;;;;;;;;
779;19.7;25.7;0.5;8;Successful;Effective;No;No;No;No;No;No;0.0;-8.0;0.25;-8.13;0.39;-8.22;0.47;-8.28;;;;;;;;
780;19.7;25.7;0.5;10;Successful;Effective;No;No;No;No;No;No;0.0;-8.0;0.25;-8.13;0.39;-8.22;0.47;-8.28;;;;;;;;
781;19.7;25.7;0.6;5;Successful;Effective;No;No;No;No;No;No;0.0;-8.0;0.25;-8.13;0.39;-8.22;0.47;-8.28;;;;;;;;
782;19.7;25.7;0.6;8;Successful;Effective;No;No;No;No;No;No;0.0;-8.0;0.25;-8.13;0.39;-8.22;0.47;-8.28;;;;;;;;
783;19.7;25.7;0.6;10;Successful;Effective;No;No;No;No;No;No;0.0;-8.0;0.25;-8.13;0.39;-8.22;0.47;-8.28;;;;;;;;
784;19.7;25.7;0.7;5;Successful;Effective;No;No;No;No;No;No;0.0;-8.0;0.25;-8.13;0.39;-8.22;0.47;-8.28;;;;;;;;
785;19.7;25.7;0.7;8;Successful;Effective;No;No;No;No;No;No;0.0;-8.0;0.25;-8.13;0.39;-8.22;0.47;-8.28;;;;;;;;
786;19.7;25.7;0.7;10;Successful;Effective;No;No;No;No;No;No;0.0;-8.0;0.25;-8.13;0.39;-8.22;0.47;-8.28;;;;;;;;
787;19.7;25.7;0.8;5;Successful;Effective;No;No;No;No;No;No;0.0;-8.0;0.25;-8.13;0.39;-8.22;0.47;-8.28;;;;;;;;
788;19.7;25.7;0.8;8;Successful;Effective;No;No;No;No;No;No;0.0;-8.0;0.25;-8.13;0.39;-8.22;0.47;-8.28;;;;;;;;
789;19.7;25.7;0.8;10;Successful;Effective;No;No;No;No;No;No;0.0;-8.0;0.25;-8.13;0.39;-8.22;0.47;-8.28;;;;;;;;
790;19.7;25.7;0.9;5;Successful;Effective;No;No;No;No;No;No;0.0;-8.0;0.25;-8.13;0.39;-8.22;0.47;-8.28;;;;;;;;
791;19.7;25.7;0.9;8;Successful;Effective;No;No;No;No;No;No;0.0;-8.0;0.25;-8.13;0.39;-8.22;0.47;-8.28;;;;;;;;
792;19.7;25.7;0.9;10;Successful;Effective;No;No;No;No;No;No;0.0;-8.0;0.25;-8.13;0.39;-8.22;0.47;-8.28;;;;;;;;
793;19.7;25.7;1.0;5;Successful;Effective;No;No;No;No;No;No;0.0;-8.0;0.25;-8.13;0.39;-8.22;0.47;-8.28;;;;;;;;
794;19.7;25.7;1.0;8;Successful;Effective;No;No;No;No;No;No;0.0;-8.0;0.25;-8.13;0.39;-8.22;0.47;-8.28;;;;;;;;
795;19.7;25.7;1.0;10;Successful;Effective;No;No;No;No;No;No;0.0;-8.0;0.25;-8.13;0.39;-8.22;0.47;-8.28;;;;;;;;
796;19.7;25.7;1.1;5;Successful;Effective;No;No;No;No;No;No;0.0;-8.0;0.25;-8.13;0.39;-8.22;0.47;-8.28;;;;;;;;
797;19.7;25.7;1.1;8;Successful;Effective;No;No;No;No;No;No;0.0;-8.0;0.25;-8.13;0.39;-8.22;0.47;-8.28;;;;;;;;
798;19.7;25.7;1.1;10;Successful;Effective;No;No;No;No;No;No;0.0;-8.0;0.25;-8.13;0.39;-8.22;0.47;-8.28;;;;;;;;
799;19.8;25.8;0.5;5;Successful;Effective;No;No;No;No;No;No;0.0;-8.0;0.25;-8.13;0.39;-8.22;0.47;-8.28;;;;;;;;
800;19.8;25.8;0.5;8;Successful;Effective;No;No;No;No;No;No;0.0;-8.0;0.25;-8.13;0.39;-8.22;0.47;-8.28;;;;;;;;
801;19.8;25.8;0.5;10;Successful;Effective;No;No;No;No;No;No;0.0;-8.0;0.25;-8.13;0.39;-8.22;0.47;-8.28;;;;;;;;
802;19.8;25.8;0.6;5;Successful;Effective;No;No;No;No;No;No;0.0;-8.0;0.25;-8.13;0.39;-8.22;0.47;-8.28;;;;;;;;
803;19.8;25.8;0.6;8;Successful;Effective;No;No;No;No;No;No;0.0;-8.0;0.25;-8.13;0.39;-8.22;0.47;-8.28;;;;;;;;
804;19.8;25.8;0.6;10;Successful;Effective;No;No;No;No;No;No;0.0;-8.0;0.25;-8.13;0.39;-8.22;0.47;-8.28;;;;;;;;
805;19.8;25.8;0.7;5;Successful;Effective;No;No;No;No;No;No;0.0;-8.0;0.25;-8.13;0.39;-8.22;0.47;-8.28;;;;;;;;
806;19.8;25.8;0.7;8;Successful;Effective;No;No;No;No;No;No;0.0;-8.0;0.25;-8.13;0.39;-8.22;0.47;-8.28;;;;;;;;
807;19.8;25.8;0.7;10;Successful;Effective;No;No;No;No;No;No;0.0;-8.0;0.25;-8.13;0.39;-8.22;0.47;-8.28;;;;;;;;
808;19.8;25.8;0.8;5;Successful;Effective;No;No;No;No;No;No;0.0;-8.0;0.25;-8.13;0.39;-8.22;0.47;-8.28;;;;;;;;
809;19.8;25.8;0.8;8;Successful;Effective;No;No;No;No;No;No;0.0;-8.0;0.25;-8.13;0.39;-8.22;0.47;-8.28;;;;;;;;
810;19.8;25.8;0.8;10;Successful;Effective;No;No;No;No;No;No;0.0;-8.0;0.25;-8.13;0.39;-8.22;0.47;-8.28;;;;;;;;
811;19.8;25.8;0.9;5;Successful;Effective;No;No;No;No;No;No;0.0;-8.0;0.25;-8.13;0.39;-8.22;0.47;-8.28;;;;;;;;
812;19.8;25.8;0.9;8;Successful;Effective;No;No;No;No;No;No;0.0;-8.0;0.25;-8.13;0.39;-8.22;0.47;-8.28;;;;;;;;
813;19.8;25.8;0.9;10;Successful;Effective;No;No;No;No;No;No;0.0;-8.0;0.25;-8.13;0.39;-8.22;0.47;-8.28;;;;;;;;
814;19.8;25.8;1.0;5;Successful;Effective;No;No;No;No;No;No;0.0;-8.0;0.25;-8.13;0.39;-8.22;0.47;-8.28;;;;;;;;
815;19.8;25.8;1.0;8;Successful;Effective;No;No;No;No;No;No;0.0;-8.0;0.25;-8.13;0.39;-8.22;0.47;-8.28;;;;;;;;
816;19.8;25.8;1.0;10;Successful;Effective;No;No;No;No;No;No;0.0;-8.0;0.25;-8.13;0.39;-8.22;0.47;-8.28;;;;;;;;
817;19.8;25.8;1.1;5;Successful;Effective;No;No;No;No;No;No;0.0;-8.0;0.25;-8.13;0.39;-8.22;0.47;-8.28;;;;;;;;
818;19.8;25.8;1.1;8;Successful;Effective;No;No;No;No;No;No;0.0;-8.0;0.25;-8.13;0.39;-8.22;0.47;-8.28;;;;;;;;
819;19.8;25.8;1.1;10;Successful;Effective;No;No;No;No;No;No;0.0;-8.0;0.25;-8.13;0.39;-8.22;0.47;-8.28;;;;;;;;
820;19.9;25.9;0.5;5;Successful;Effective;No;No;No;No;No;No;0.0;-8.0;0.25;-8.13;0.39;-8.22;0.47;-8.28;;;;;;;;
821;19.9;25.9;0.5;8;Successful;Effective;No;No;No;No;No;No;0.0;-8.0;0.25;-8.13;0.39;-8.22;0.47;-8.28;;;;;;;;
822;19.9;25.9;0.5;10;Successful;Effective;No;No;No;No;No;No;0.0;-8.0;0.25;-8.13;0.39;-8.22;0.47;-8.28;;;;;;;;
823;19.9;25.9;0.6;5;Successful;Effective;No;No;No;No;No;No;0.0;-8.0;0.25;-8.13;0.39;-8.22;0.47;-8.28;;;;;;;;
824;19.9;25.9;0.6;8;Successful;Effective;No;No;No;No;No;No;0.0;-8.0;0.25;-8.13;0.39;-8.22;0.47;-8.28;;;;;;;;
825;19.9;25.9;0.6;10;Successful;Effective;No;No;No;No;No;No;0.0;-8.0;0.25;-8.13;0.39;-8.22;0.47;-8.28;;;;;;;;
826;19.9;25.9;0.7;5;Successful;Effective;No;No;No;No;No;No;0.0;-8.0;0.25;-8.13;0.39;-8.22;0.47;-8.28;;;;;;;;
827;19.9;25.9;0.7;8;Successful;Effective;No;No;No;No;No;No;0.0;-8.0;0.25;-8.13;0.39;-8.22;0.47;-8.28;;;;;;;;
828;19.9;25.9;0.7;10;Successful;Effective;No;No;No;No;No;No;0.0;-8.0;0.25;-8.13;0.39;-8.22;0.47;-8.28;;;;;;;;
829;19.9;25.9;0.8;5;Successful;Effective;No;No;No;No;No;No;0.0;-8.0;0.25;-8.13;0.39;-8.22;0.47;-8.28;;;;;;;;
830;19.9;25.9;0.8;8;Successful;Effective;No;No;No;No;No;No;0.0;-8.0;0.25;-8.13;0.39;-8.22;0.47;-8.28;;;;;;;;
831;19.9;25.9;0.8;10;Successful;Effective;No;No;No;No;No;No;0.0;-8.0;0.25;-8.13;0.39;-8.22;0.47;-8.28;;;;;;;;
832;19.9;25.9;0.9;5;Successful;Effective;No;No;No;No;No;No;0.0;-8.0;0.25;-8.13;0.39;-8.22;0.47;-8.28;;;;;;;;
833;19.9;25.9;0.9;8;Successful;Effective;No;No;No;No;No;No;0.0;-8.0;0.25;-8.13;0.39;-8.22;0.47;-8.28;;;;;;;;
834;19.9;25.9;0.9;10;Successful;Effective;No;No;No;No;No;No;0.0;-8.0;0.25;-8.13;0.39;-8.22;0.47;-8.28;;;;;;;;
835;19.9;25.9;1.0;5;Successful;Effective;No;No;No;No;No;No;0.0;-8.0;0.25;-8.13;0.39;-8.22;0.47;-8.28;;;;;;;;
836;19.9;25.9;1.0;8;Successful;Effective;No;No;No;No;No;No;0.0;-8.0;0.25;-8.13;0.39;-8.22;0.47;-8.28;;;;;;;;
837;19.9;25.9;1.0;10;Successful;Effective;No;No;No;No;No;No;0.0;-8.0;0.25;-8.13;0.39;-8.22;0.47;-8.28;;;;;;;;
838;19.9;25.9;1.1;5;Successful;Effective;No;No;No;No;No;No;0.0;-8.0;0.25;-8.13;0.39;-8.22;0.47;-8.28;;;;;;;;
839;19.9;25.9;1.1;8;Successful;Effective;No;No;No;No;No;No;0.0;-8.0;0.25;-8.13;0.39;-8.22;0.47;-8.28;;;;;;;;
840;19.9;25.9;1.1;10;Successful;Effective;No;No;No;No;No;No;0.0;-8.0;0.25;-8.13;0.39;-8.22;0.47;-8.28;;;;;;;;
841;20.0;26.0;0.5;5;Successful;Effective;No;No;No;No;No;No;0.0;-8.0;0.25;-8.13;0.39;-8.22;0.47;-8.28;;;;;;;;
842;20.0;26.0;0.5;8;Successful;Effective;No;No;No;No;No;No;0.0;-8.0;0.25;-8.13;0.39;-8.22;0.47;-8.28;;;;;;;;
843;20.0;26.0;0.5;10;Successful;Effective;No;No;No;No;No;No;0.0;-8.0;0.25;-8.13;0.39;-8.22;0.47;-8.28;;;;;;;;
844;20.0;26.0;0.6;5;Successful;Effective;No;No;No;No;No;No;0.0;-8.0;0.25;-8.13;0.39;-8.22;0.47;-8.28;;;;;;;;
845;20.0;26.0;0.6;8;Successful;Effective;No;No;No;No;No;No;0.0;-8.0;0.25;-8.13;0.39;-8.22;0.47;-8.28;;;;;;;;
846;20.0;26.0;0.6;10;Successful;Effective;No;No;No;No;No;No;0.0;-8.0;0.25;-8.13;0.39;-8.22;0.47;-8.28;;;;;;;;
847;20.0;26.0;0.7;5;Successful;Effective;No;No;No;No;No;No;0.0;-8.0;0.25;-8.13;0.39;-8.22;0.47;-8.28;;;;;;;;
848;20.0;26.0;0.7;8;Successful;Effective;No;No;No;No;No;No;0.0;-8.0;0.25;-8.13;0.39;-8.22;0.47;-8.28;;;;;;;;
849;20.0;26.0;0.7;10;Successful;Effective;No;No;No;No;No;No;0.0;-8.0;0.25;-8.13;0.39;-8.22;0.47;-8.28;;;;;;;;
850;20.0;26.0;0.8;5;Successful;Effective;No;No;No;No;No;No;0.0;-8.0;0.25;-8.13;0.39;-8.22;0.47;-8.28;;;;;;;;
851;20.0;26.0;0.8;8;Successful;Effective;No;No;No;No;No;No;0.0;-8.0;0.25;-8.13;0.39;-8.22;0.47;-8.28;;;;;;;;
852;20.0;26.0;0.8;10;Successful;Effective;No;No;No;No;No;No;0.0;-8.0;0.25;-8.13;0.39;-8.22;0.47;-8.28;;;;;;;;
853;20.0;26.0;0.9;5;Successful;Effective;No;No;No;No;No;No;0.0;-8.0;0.25;-8.13;0.39;-8.22;0.47;-8.28;;;;;;;;
854;20.0;26.0;0.9;8;Successful;Effective;No;No;No;No;No;No;0.0;-8.0;0.25;-8.13;0.39;-8.22;0.47;-8.28;;;;;;;;
855;20.0;26.0;0.9;10;Successful;Effective;No;No;No;No;No;No;0.0;-8.0;0.25;-8.13;0.39;-8.22;0.47;-8.28;;;;;;;;
856;20.0;26.0;1.0;5;Successful;Effective;No;No;No;No;No;No;0.0;-8.0;0.25;-8.13;0.39;-8.22;0.47;-8.28;;;;;;;;
857;20.0;26.0;1.0;8;Successful;Effective;No;No;No;No;No;No;0.0;-8.0;0.25;-8.13;0.39;-8.22;0.47;-8.28;;;;;;;;
858;20.0;26.0;1.0;10;Successful;Effective;No;No;No;No;No;No;0.0;-8.0;0.25;-8.13;0.39;-8.22;0.47;-8.28;;;;;;;;
859;20.0;26.0;1.1;5;Successful;Effective;No;No;No;No;No;No;0.0;-8.0;0.25;-8.13;0.39;-8.22;0.47;-8.28;;;;;;;;
860;20.0;26.0;1.1;8;Successful;Effective;No;No;No;No;No;No;0.0;-8.0;0.25;-8.13;0.39;-8.22;0.47;-8.28;;;;;;;;
861;20.0;26.0;1.1;10;Successful;Effective;No;No;No;No;No;No;0.0;-8.0;0.25;-8.13;0.39;-8.22;0.47;-8.28;;;;;;;;
862;20.1;26.1;0.5;5;Successful;Effective;No;No;No;No;No;No;0.0;-8.0;0.25;-8.13;0.39;-8.22;0.47;-8.28;;;;;;;;
863;20.1;26.1;0.5;8;Successful;Effective;No;No;No;No;No;No;0.0;-8.0;0.25;-8.13;0.39;-8.22;0.47;-8.28;;;;;;;;
864;20.1;26.1;0.5;10;Successful;Effective;No;No;No;No;No;No;0.0;-8.0;0.25;-8.13;0.39;-8.22;0.47;-8.28;;;;;;;;
865;20.1;26.1;0.6;5;Successful;Effective;No;No;No;No;No;No;0.0;-8.0;0.25;-8.13;0.39;-8.22;0.47;-8.28;;;;;;;;
866;20.1;26.1;0.6;8;Successful;Effective;No;No;No;No;No;No;0.0;-8.0;0.25;-8.13;0.39;-8.22;0.47;-8.28;;;;;;;;
867;20.1;26.1;0.6;10;Successful;Effective;No;No;No;No;No;No;0.0;-8.0;0.25;-8.13;0.39;-8.22;0.47;-8.28;;;;;;;;
868;20.1;26.1;0.7;5;Successful;Effective;No;No;No;No;No;No;0.0;-8.0;0.25;-8.13;0.39;-8.22;0.47;-8.28;;;;;;;;
869;20.1;26.1;0.7;8;Successful;Effective;No;No;No;No;No;No;0.0;-8.0;0.25;-8.13;0.39;-8.22;0.47;-8.28;;;;;;;;
870;20.1;26.1;0.7;10;Successful;Effective;No;No;No;No;No;No;0.0;-8.0;0.25;-8.13;0.39;-8.22;0.47;-8.28;;;;;;;;
871;20.1;26.1;0.8;5;Successful;Effective;No;No;No;No;No;No;0.0;-8.0;0.25;-8.13;0.39;-8.22;0.47;-8.28;;;;;;;;
872;20.1;26.1;0.8;8;Successful;Effective;No;No;No;No;No;No;0.0;-8.0;0.25;-8.13;0.39;-8.22;0.47;-8.28;;;;;;;;
873;20.1;26.1;0.8;10;Successful;Effective;No;No;No;No;No;No;0.0;-8.0;0.25;-8.13;0.39;-8.22;0.47;-8.28;;;;;;;;
874;20.1;26.1;0.9;5;Successful;Effective;No;No;No;No;No;No;0.0;-8.0;0.25;-8.13;0.39;-8.22;0.47;-8.28;;;;;;;;
875;20.1;26.1;0.9;8;Successful;Effective;No;No;No;No;No;No;0.0;-8.0;0.25;-8.13;0.39;-8.22;0.47;-8.28;;;;;;;;
876;20.1;26.1;0.9;10;Successful;Effective;No;No;No;No;No;No;0.0;-8.0;0.25;-8.13;0.39;-8.22;0.47;-8.28;;;;;;;;
877;20.1;26.1;1.0;5;Successful;Effective;No;No;No;No;No;No;0.0;-8.0;0.25;-8.13;0.39;-8.22;0.47;-8.28;;;;;;;;
878;20.1;26.1;1.0;8;Successful;Effective;No;No;No;No;No;No;0.0;-8.0;0.25;-8.13;0.39;-8.22;0.47;-8.28;;;;;;;;
879;20.1;26.1;1.0;10;Successful;Effective;No;No;No;No;No;No;0.0;-8.0;0.25;-8.13;0.39;-8.22;0.47;-8.28;;;;;;;;
880;20.1;26.1;1.1;5;Successful;Effective;No;No;No;No;No;No;0.0;-8.0;0.25;-8.13;0.39;-8.22;0.47;-8.28;;;;;;;;
881;20.1;26.1;1.1;8;Successful;Effective;No;No;No;No;No;No;0.0;-8.0;0.25;-8.13;0.39;-8.22;0.47;-8.28;;;;;;;;
882;20.1;26.1;1.1;10;Successful;Effective;No;No;No;No;No;No;0.0;-8.0;0.25;-8.13;0.39;-8.22;0.47;-8.28;;;;;;;;
883;20.2;26.2;0.5;5;Successful;Effective;No;No;No;No;No;No;0.0;-8.0;0.25;-8.13;0.39;-8.22;0.47;-8.28;;;;;;;;
884;20.2;26.2;0.5;8;Successful;Effective;No;No;No;No;No;No;0.0;-8.0;0.25;-8.13;0.39;-8.22;0.47;-8.28;;;;;;;;
885;20.2;26.2;0.5;10;Successful;Effective;No;No;No;No;No;No;0.0;-8.0;0.25;-8.13;0.39;-8.22;0.47;-8.28;;;;;;;;
886;20.2;26.2;0.6;5;Successful;Effective;No;No;No;No;No;No;0.0;-8.0;0.25;-8.13;0.39;-8.22;0.47;-8.28;;;;;;;;
887;20.2;26.2;0.6;8;Successful;Effective;No;No;No;No;No;No;0.0;-8.0;0.25;-8.13;0.39;-8.22;0.47;-8.28;;;;;;;;
888;20.2;26.2;0.6;10;Successful;Effective;No;No;No;No;No;No;0.0;-8.0;0.25;-8.13;0.39;-8.22;0.47;-8.28;;;;;;;;
889;20.2;26.2;0.7;5;Successful;Effective;No;No;No;No;No;No;0.0;-8.0;0.25;-8.13;0.39;-8.22;0.47;-8.28;;;;;;;;
890;20.2;26.2;0.7;8;Successful;Effective;No;No;No;No;No;No;0.0;-8.0;0.25;-8.13;0.39;-8.22;0.47;-8.28;;;;;;;;
891;20.2;26.2;0.7;10;Successful;Effective;No;No;No;No;No;No;0.0;-8.0;0.25;-8.13;0.39;-8.22;0.47;-8.28;;;;;;;;
892;20.2;26.2;0.8;5;Successful;Effective;No;No;No;No;No;No;0.0;-8.0;0.25;-8.13;0.39;-8.22;0.47;-8.28;;;;;;;;
893;20.2;26.2;0.8;8;Successful;Effective;No;No;No;No;No;No;0.0;-8.0;0.25;-8.13;0.39;-8.22;0.47;-8.28;;;;;;;;
894;20.2;26.2;0.8;10;Successful;Effective;No;No;No;No;No;No;0.0;-8.0;0.25;-8.13;0.39;-8.22;0.47;-8.28;;;;;;;;
895;20.2;26.2;0.9;5;Successful;Effective;No;No;No;No;No;No;0.0;-8.0;0.25;-8.13;0.39;-8.22;0.47;-8.28;;;;;;;;
896;20.2;26.2;0.9;8;Successful;Effective;No;No;No;No;No;No;0.0;-8.0;0.25;-8.13;0.39;-8.22;0.47;-8.28;;;;;;;;
897;20.2;26.2;0.9;10;Successful;Effective;No;No;No;No;No;No;0.0;-8.0;0.25;-8.13;0.39;-8.22;0.47;-8.28;;;;;;;;
898;20.2;26.2;1.0;5;Successful;Effective;No;No;No;No;No;No;0.0;-8.0;0.25;-8.13;0.39;-8.22;0.47;-8.28;;;;;;;;
899;20.2;26.2;1.0;8;Successful;Effective;No;No;No;No;No;No;0.0;-8.0;0.25;-8.13;0.39;-8.22;0.47;-8.28;;;;;;;;
900;20.2;26.2;1.0;10;Successful;Effective;No;No;No;No;No;No;0.0;-8.0;0.25;-8.13;0.39;-8.22;0.47;-8.28;;;;;;;;
901;20.2;26.2;1.1;5;Successful;Effective;No;No;No;No;No;No;0.0;-8.0;0.25;-8.13;0.39;-8.22;0.47;-8.28;;;;;;;;
902;20.2;26.2;1.1;8;Successful;Effective;No;No;No;No;No;No;0.0;-8.0;0.25;-8.13;0.39;-8.22;0.47;-8.28;;;;;;;;
903;20.2;26.2;1.1;10;Successful;Effective;No;No;No;No;No;No;0.0;-8.0;0.25;-8.13;0.39;-8.22;0.47;-8.28;;;;;;;;
904;20.3;26.3;0.5;5;Successful;Effective;No;No;No;No;No;No;0.0;-8.0;0.25;-8.13;0.39;-8.22;0.47;-8.28;;;;;;;;
905;20.3;26.3;0.5;8;Successful;Effective;No;No;No;No;No;No;0.0;-8.0;0.25;-8.13;0.39;-8.22;0.47;-8.28;;;;;;;;
906;20.3;26.3;0.5;10;Successful;Effective;No;No;No;No;No;No;0.0;-8.0;0.25;-8.13;0.39;-8.22;0.47;-8.28;;;;;;;;
907;20.3;26.3;0.6;5;Successful;Effective;No;No;No;No;No;No;0.0;-8.0;0.25;-8.13;0.39;-8.22;0.47;-8.28;;;;;;;;
908;20.3;26.3;0.6;8;Successful;Effective;No;No;No;No;No;No;0.0;-8.0;0.25;-8.13;0.39;-8.22;0.47;-8.28;;;;;;;;
909;20.3;26.3;0.6;10;Successful;Effective;No;No;No;No;No;No;0.0;-8.0;0.25;-8.13;0.39;-8.22;0.47;-8.28;;;;;;;;
910;20.3;26.3;0.7;5;Successful;Effective;No;No;No;No;No;No;0.0;-8.0;0.25;-8.13;0.39;-8.22;0.47;-8.28;;;;;;;;
911;20.3;26.3;0.7;8;Successful;Effective;No;No;No;No;No;No;0.0;-8.0;0.25;-8.13;0.39;-8.22;0.47;-8.28;;;;;;;;
912;20.3;26.3;0.7;10;Successful;Effective;No;No;No;No;No;No;0.0;-8.0;0.25;-8.13;0.39;-8.22;0.47;-8.28;;;;;;;;
913;20.3;26.3;0.8;5;Successful;Effective;No;No;No;No;No;No;0.0;-8.0;0.25;-8.13;0.39;-8.22;0.47;-8.28;;;;;;;;
914;20.3;26.3;0.8;8;Successful;Effective;No;No;No;No;No;No;0.0;-8.0;0.25;-8.13;0.39;-8.22;0.47;-8.28;;;;;;;;
915;20.3;26.3;0.8;10;Successful;Effective;No;No;No;No;No;No;0.0;-8.0;0.25;-8.13;0.39;-8.22;0.47;-8.28;;;;;;;;
916;20.3;26.3;0.9;5;Successful;Effective;No;No;No;No;No;No;0.0;-8.0;0.25;-8.13;0.39;-8.22;0.47;-8.28;;;;;;;;
917;20.3;26.3;0.9;8;Successful;Effective;No;No;No;No;No;No;0.0;-8.0;0.25;-8.13;0.39;-8.22;0.47;-8.28;;;;;;;;
918;20.3;26.3;0.9;10;Successful;Effective;No;No;No;No;No;No;0.0;-8.0;0.25;-8.13;0.39;-8.22;0.47;-8.28;;;;;;;;
919;20.3;26.3;1.0;5;Successful;Effective;No;No;No;No;No;No;0.0;-8.0;0.25;-8.13;0.39;-8.22;0.47;-8.28;;;;;;;;
920;20.3;26.3;1.0;8;Successful;Effective;No;No;No;No;No;No;0.0;-8.0;0.25;-8.13;0.39;-8.22;0.47;-8.28;;;;;;;;
921;20.3;26.3;1.0;10;Successful;Effective;No;No;No;No;No;No;0.0;-8.0;0.25;-8.13;0.39;-8.22;0.47;-8.28;;;;;;;;
922;20.3;26.3;1.1;5;Successful;Effective;No;No;No;No;No;No;0.0;-8.0;0.25;-8.13;0.39;-8.22;0.47;-8.28;;;;;;;;
923;20.3;26.3;1.1;8;Successful;Effective;No;No;No;No;No;No;0.0;-8.0;0.25;-8.13;0.39;-8.22;0.47;-8.28;;;;;;;;
924;20.3;26.3;1.1;10;Successful;Effective;No;No;No;No;No;No;0.0;-8.0;0.25;-8.13;0.39;-8.22;0.47;-8.28;;;;;;;;
925;20.4;26.4;0.5;5;Successful;Effective;No;No;No;No;No;No;0.0;-8.0;0.25;-8.13;0.39;-8.22;0.47;-8.28;;;;;;;;
926;20.4;26.4;0.5;8;Successful;Effective;No;No;No;No;No;No;0.0;-8.0;0.25;-8.13;0.39;-8.22;0.47;-8.28;;;;;;;;
927;20.4;26.4;0.5;10;Successful;Effective;No;No;No;No;No;No;0.0;-8.0;0.25;-8.13;0.39;-8.22;0.47;-8.28;;;;;;;;
928;20.4;26.4;0.6;5;Successful;Effective;No;No;No;No;No;No;0.0;-8.0;0.25;-8.13;0.39;-8.22;0.47;-8.28;;;;;;;;
929;20.4;26.4;0.6;8;Successful;Effective;No;No;No;No;No;No;0.0;-8.0;0.25;-8.13;0.39;-8.22;0.47;-8.28;;;;;;;;
930;20.4;26.4;0.6;10;Successful;Effective;No;No;No;No;No;No;0.0;-8.0;0.25;-8.13;0.39;-8.22;0.47;-8.28;;;;;;;;
931;20.4;26.4;0.7;5;Successful;Effective;No;No;No;No;No;No;0.0;-8.0;0.25;-8.13;0.39;-8.22;0.47;-8.28;;;;;;;;
932;20.4;26.4;0.7;8;Successful;Effective;No;No;No;No;No;No;0.0;-8.0;0.25;-8.13;0.39;-8.22;0.47;-8.28;;;;;;;;
933;20.4;26.4;0.7;10;Successful;Effective;No;No;No;No;No;No;0.0;-8.0;0.25;-8.13;0.39;-8.22;0.47;-8.28;;;;;;;;
934;20.4;26.4;0.8;5;Successful;Effective;No;No;No;No;No;No;0.0;-8.0;0.25;-8.13;0.39;-8.22;0.47;-8.28;;;;;;;;
935;20.4;26.4;0.8;8;Successful;Effective;No;No;No;No;No;No;0.0;-8.0;0.25;-8.13;0.39;-8.22;0.47;-8.28;;;;;;;;
936;20.4;26.4;0.8;10;Successful;Effective;No;No;No;No;No;No;0.0;-8.0;0.25;-8.13;0.39;-8.22;0.47;-8.28;;;;;;;;
937;20.4;26.4;0.9;5;Successful;Effective;No;No;No;No;No;No;0.0;-8.0;0.25;-8.13;0.39;-8.22;0.47;-8.28;;;;;;;;
938;20.4;26.4;0.9;8;Successful;Effective;No;No;No;No;No;No;0.0;-8.0;0.25;-8.13;0.39;-8.22;0.47;-8.28;;;;;;;;
939;20.4;26.4;0.9;10;Successful;Effective;No;No;No;No;No;No;0.0;-8.0;0.25;-8.13;0.39;-8.22;0.47;-8.28;;;;;;;;
940;20.4;26.4;1.0;5;Successful;Effective;No;No;No;No;No;No;0.0;-8.0;0.25;-8.13;0.39;-8.22;0.47;-8.28;;;;;;;;
941;20.4;26.4;1.0;8;Successful;Effective;No;No;No;No;No;No;0.0;-8.0;0.25;-8.13;0.39;-8.22;0.47;-8.28;;;;;;;;
942;20.4;26.4;1.0;10;Successful;Effective;No;No;No;No;No;No;0.0;-8.0;0.25;-8.13;0.39;-8.22;0.47;-8.28;;;;;;;;
943;20.4;26.4;1.1;5;Successful;Effective;No;No;No;No;No;No;0.0;-8.0;0.25;-8.13;0.39;-8.22;0.47;-8.28;;;;;;;;
944;20.4;26.4;1.1;8;Successful;Effective;No;No;No;No;No;No;0.0;-8.0;0.25;-8.13;0.39;-8.22;0.47;-8.28;;;;;;;;
945;20.4;26.4;1.1;10;Successful;Effective;No;No;No;No;No;No;0.0;-8.0;0.25;-8.13;0.39;-8.22;0.47;-8.28;;;;;;;;
946;20.5;26.5;0.5;5;Successful;Effective;No;No;No;No;No;No;0.0;-8.0;0.25;-8.13;0.39;-8.22;0.47;-8.28;;;;;;;;
947;20.5;26.5;0.5;8;Successful;Effective;No;No;No;No;No;No;0.0;-8.0;0.25;-8.13;0.39;-8.22;0.47;-8.28;;;;;;;;
948;20.5;26.5;0.5;10;Successful;Effective;No;No;No;No;No;No;0.0;-8.0;0.25;-8.13;0.39;-8.22;0.47;-8.28;;;;;;;;
949;20.5;26.5;0.6;5;Successful;Effective;No;No;No;No;No;No;0.0;-8.0;0.25;-8.13;0.39;-8.22;0.47;-8.28;;;;;;;;
950;20.5;26.5;0.6;8;Successful;Effective;No;No;No;No;No;No;0.0;-8.0;0.25;-8.13;0.39;-8.22;0.47;-8.28;;;;;;;;
951;20.5;26.5;0.6;10;Successful;Effective;No;No;No;No;No;No;0.0;-8.0;0.25;-8.13;0.39;-8.22;0.47;-8.28;;;;;;;;
952;20.5;26.5;0.7;5;Successful;Effective;No;No;No;No;No;No;0.0;-8.0;0.25;-8.13;0.39;-8.22;0.47;-8.28;;;;;;;;
953;20.5;26.5;0.7;8;Successful;Effective;No;No;No;No;No;No;0.0;-8.0;0.25;-8.13;0.39;-8.22;0.47;-8.28;;;;;;;;
954;20.5;26.5;0.7;10;Successful;Effective;No;No;No;No;No;No;0.0;-8.0;0.25;-8.13;0.39;-8.22;0.47;-8.28;;;;;;;;
955;20.5;26.5;0.8;5;Successful;Effective;No;No;No;No;No;No;0.0;-8.0;0.25;-8.13;0.39;-8.22;0.47;-8.28;;;;;;;;
956;20.5;26.5;0.8;8;Successful;Effective;No;No;No;No;No;No;0.0;-8.0;0.25;-8.13;0.39;-8.22;0.47;-8.28;;;;;;;;
957;20.5;26.5;0.8;10;Successful;Effective;No;No;No;No;No;No;0.0;-8.0;0.25;-8.13;0.39;-8.22;0.47;-8.28;;;;;;;;
958;20.5;26.5;0.9;5;Successful;Effective;No;No;No;No;No;No;0.0;-8.0;0.25;-8.13;0.39;-8.22;0.47;-8.28;;;;;;;;
959;20.5;26.5;0.9;8;Successful;Effective;No;No;No;No;No;No;0.0;-8.0;0.25;-8.13;0.39;-8.22;0.47;-8.28;;;;;;;;
960;20.5;26.5;0.9;10;Successful;Effective;No;No;No;No;No;No;0.0;-8.0;0.25;-8.13;0.39;-8.22;0.47;-8.28;;;;;;;;
961;20.5;26.5;1.0;5;Successful;Effective;No;No;No;No;No;No;0.0;-8.0;0.25;-8.13;0.39;-8.22;0.47;-8.28;;;;;;;;
962;20.5;26.5;1.0;8;Successful;Effective;No;No;No;No;No;No;0.0;-8.0;0.25;-8.13;0.39;-8.22;0.47;-8.28;;;;;;;;
963;20.5;26.5;1.0;10;Successful;Effective;No;No;No;No;No;No;0.0;-8.0;0.25;-8.13;0.39;-8.22;0.47;-8.28;;;;;;;;
964;20.5;26.5;1.1;5;Successful;Effective;No;No;No;No;No;No;0.0;-8.0;0.25;-8.13;0.39;-8.22;0.47;-8.28;;;;;;;;
965;20.5;26.5;1.1;8;Successful;Effective;No;No;No;No;No;No;0.0;-8.0;0.25;-8.13;0.39;-8.22;0.47;-8.28;;;;;;;;
966;20.5;26.5;1.1;10;Successful;Effective;No;No;No;No;No;No;0.0;-8.0;0.25;-8.13;0.39;-8.22;0.47;-8.28;;;;;;;;
967;20.6;26.6;0.5;5;Successful;Effective;No;No;No;No;No;No;0.0;-8.0;0.25;-8.13;0.39;-8.22;0.47;-8.28;;;;;;;;
968;20.6;26.6;0.5;8;Successful;Effective;No;No;No;No;No;No;0.0;-8.0;0.25;-8.13;0.39;-8.22;0.47;-8.28;;;;;;;;
969;20.6;26.6;0.5;10;Successful;Effective;No;No;No;No;No;No;0.0;-8.0;0.25;-8.13;0.39;-8.22;0.47;-8.28;;;;;;;;
970;20.6;26.6;0.6;5;Successful;Effective;No;No;No;No;No;No;0.0;-8.0;0.25;-8.13;0.39;-8.22;0.47;-8.28;;;;;;;;
971;20.6;26.6;0.6;8;Successful;Effective;No;No;No;No;No;No;0.0;-8.0;0.25;-8.13;0.39;-8.22;0.47;-8.28;;;;;;;;
972;20.6;26.6;0.6;10;Successful;Effective;No;No;No;No;No;No;0.0;-8.0;0.25;-8.13;0.39;-8.22;0.47;-8.28;;;;;;;;
973;20.6;26.6;0.7;5;Successful;Effective;No;No;No;No;No;No;0.0;-8.0;0.25;-8.13;0.39;-8.22;0.47;-8.28;;;;;;;;
974;20.6;26.6;0.7;8;Successful;Effective;No;No;No;No;No;No;0.0;-8.0;0.25;-8.13;0.39;-8.22;0.47;-8.28;;;;;;;;
975;20.6;26.6;0.7;10;Successful;Effective;No;No;No;No;No;No;0.0;-8.0;0.25;-8.13;0.39;-8.22;0.47;-8.28;;;;;;;;
976;20.6;26.6;0.8;5;Successful;Effective;No;No;No;No;No;No;0.0;-8.0;0.25;-8.13;0.39;-8.22;0.47;-8.28;;;;;;;;
977;20.6;26.6;0.8;8;Successful;Effective;No;No;No;No;No;No;0.0;-8.0;0.25;-8.13;0.39;-8.22;0.47;-8.28;;;;;;;;
978;20.6;26.6;0.8;10;Successful;Effective;No;No;No;No;No;No;0.0;-8.0;0.25;-8.13;0.39;-8.22;0.47;-8.28;;;;;;;;
979;20.6;26.6;0.9;5;Successful;Effective;No;No;No;No;No;No;0.0;-8.0;0.25;-8.13;0.39;-8.22;0.47;-8.28;;;;;;;;
980;20.6;26.6;0.9;8;Successful;Effective;No;No;No;No;No;No;0.0;-8.0;0.25;-8.13;0.39;-8.22;0.47;-8.28;;;;;;;;
981;20.6;26.6;0.9;10;Successful;Effective;No;No;No;No;No;No;0.0;-8.0;0.25;-8.13;0.39;-8.22;0.47;-8.28;;;;;;;;
982;20.6;26.6;1.0;5;Successful;Effective;No;No;No;No;No;No;0.0;-8.0;0.25;-8.13;0.39;-8.22;0.47;-8.28;;;;;;;;
983;20.6;26.6;1.0;8;Successful;Effective;No;No;No;No;No;No;0.0;-8.0;0.25;-8.13;0.39;-8.22;0.47;-8.28;;;;;;;;
984;20.6;26.6;1.0;10;Successful;Effective;No;No;No;No;No;No;0.0;-8.0;0.25;-8.13;0.39;-8.22;0.47;-8.28;;;;;;;;
985;20.6;26.6;1.1;5;Successful;Effective;No;No;No;No;No;No;0.0;-8.0;0.25;-8.13;0.39;-8.22;0.47;-8.28;;;;;;;;
986;20.6;26.6;1.1;8;Successful;Effective;No;No;No;No;No;No;0.0;-8.0;0.25;-8.13;0.39;-8.22;0.47;-8.28;;;;;;;;
987;20.6;26.6;1.1;10;Successful;Effective;No;No;No;No;No;No;0.0;-8.0;0.25;-8.13;0.39;-8.22;0.47;-8.28;;;;;;;;
988;20.7;26.7;0.5;5;Successful;Effective;No;No;No;No;No;No;0.0;-8.0;0.25;-8.13;0.39;-8.22;0.47;-8.28;;;;;;;;
989;20.7;26.7;0.5;8;Successful;Effective;No;No;No;No;No;No;0.0;-8.0;0.25;-8.13;0.39;-8.22;0.47;-8.28;;;;;;;;
990;20.7;26.7;0.5;10;Successful;Effective;No;No;No;No;No;No;0.0;-8.0;0.25;-8.13;0.39;-8.22;0.47;-8.28;;;;;;;;
991;20.7;26.7;0.6;5;Successful;Effective;No;No;No;No;No;No;0.0;-8.0;0.25;-8.13;0.39;-8.22;0.47;-8.28;;;;;;;;
992;20.7;26.7;0.6;8;Successful;Effective;No;No;No;No;No;No;0.0;-8.0;0.25;-8.13;0.39;-8.22;0.47;-8.28;;;;;;;;
993;20.7;26.7;0.6;10;Successful;Effective;No;No;No;No;No;No;0.0;-8.0;0.25;-8.13;0.39;-8.22;0.47;-8.28;;;;;;;;
994;20.7;26.7;0.7;5;Successful;Effective;No;No;No;No;No;No;0.0;-8.0;0.25;-8.13;0.39;-8.22;0.47;-8.28;;;;;;;;
995;20.7;26.7;0.7;8;Successful;Effective;No;No;No;No;No;No;0.0;-8.0;0.25;-8.13;0.39;-8.22;0.47;-8.28;;;;;;;;
996;20.7;26.7;0.7;10;Successful;Effective;No;No;No;No;No;No;0.0;-8.0;0.25;-8.13;0.39;-8.22;0.47;-8.28;;;;;;;;
997;20.7;26.7;0.8;5;Successful;Effective;No;No;No;No;No;No;0.0;-8.0;0.25;-8.13;0.39;-8.22;0.47;-8.28;;;;;;;;
998;20.7;26.7;0.8;8;Successful;Effective;No;No;No;No;No;No;0.0;-8.0;0.25;-8.13;0.39;-8.22;0.47;-8.28;;;;;;;;
999;20.7;26.7;0.8;10;Successful;Effective;No;No;No;No;No;No;0.0;-8.0;0.25;-8.13;0.39;-8.22;0.47;-8.28;;;;;;;;
1000;20.7;26.7;0.9;5;Successful;Effective;No;No;No;No;No;No;0.0;-8.0;0.25;-8.13;0.39;-8.22;0.47;-8.28;;;;;;;;
1001;20.7;26.7;0.9;8;Successful;Effective;No;No;No;No;No;No;0.0;-8.0;0.25;-8.13;0.39;-8.22;0.47;-8.28;;;;;;;;
1002;20.7;26.7;0.9;10;Successful;Effective;No;No;No;No;No;No;0.0;-8.0;0.25;-8.13;0.39;-8.22;0.47;-8.28;;;;;;;;
1003;20.7;26.7;1.0;5;Successful;Effective;No;No;No;No;No;No;0.0;-8.0;0.25;-8.13;0.39;-8.22;0.47;-8.28;;;;;;;;
1004;20.7;26.7;1.0;8;Successful;Effective;No;No;No;No;No;No;0.0;-8.0;0.25;-8.13;0.39;-8.22;0.47;-8.28;;;;;;;;
1005;20.7;26.7;1.0;10;Successful;Effective;No;No;No;No;No;No;0.0;-8.0;0.25;-8.13;0.39;-8.22;0.47;-8.28;;;;;;;;
1006;20.7;26.7;1.1;5;Successful;Effective;No;No;No;No;No;No;0.0;-8.0;0.25;-8.13;0.39;-8.22;0.47;-8.28;;;;;;;;
1007;20.7;26.7;1.1;8;Successful;Effective;No;No;No;No;No;No;0.0;-8.0;0.25;-8.13;0.39;-8.22;0.47;-8.28;;;;;;;;
1008;20.7;26.7;1.1;10;Successful;Effective;No;No;No;No;No;No;0.0;-8.0;0.25;-8.13;0.39;-8.22;0.47;-8.28;;;;;;;;
1009;20.8;26.8;0.5;5;Successful;Effective;No;No;No;No;No;No;0.0;-8.0;0.25;-8.13;0.39;-8.22;0.47;-8.28;;;;;;;;
1010;20.8;26.8;0.5;8;Successful;Effective;No;No;No;No;No;No;0.0;-8.0;0.25;-8.13;0.39;-8.22;0.47;-8.28;;;;;;;;
1011;20.8;26.8;0.5;10;Successful;Effective;No;No;No;No;No;No;0.0;-8.0;0.25;-8.13;0.39;-8.22;0.47;-8.28;;;;;;;;
1012;20.8;26.8;0.6;5;Successful;Effective;No;No;No;No;No;No;0.0;-8.0;0.25;-8.13;0.39;-8.22;0.47;-8.28;;;;;;;;
1013;20.8;26.8;0.6;8;Successful;Effective;No;No;No;No;No;No;0.0;-8.0;0.25;-8.13;0.39;-8.22;0.47;-8.28;;;;;;;;
1014;20.8;26.8;0.6;10;Successful;Effective;No;No;No;No;No;No;0.0;-8.0;0.25;-8.13;0.39;-8.22;0.47;-8.28;;;;;;;;
1015;20.8;26.8;0.7;5;Successful;Effective;No;No;No;No;No;No;0.0;-8.0;0.25;-8.13;0.39;-8.22;0.47;-8.28;;;;;;;;
1016;20.8;26.8;0.7;8;Successful;Effective;No;No;No;No;No;No;0.0;-8.0;0.25;-8.13;0.39;-8.22;0.47;-8.28;;;;;;;;
1017;20.8;26.8;0.7;10;Successful;Effective;No;No;No;No;No;No;0.0;-8.0;0.25;-8.13;0.39;-8.22;0.47;-8.28;;;;;;;;
1018;20.8;26.8;0.8;5;Successful;Effective;No;No;No;No;No;No;0.0;-8.0;0.25;-8.13;0.39;-8.22;0.47;-8.28;;;;;;;;
1019;20.8;26.8;0.8;8;Successful;Effective;No;No;No;No;No;No;0.0;-8.0;0.25;-8.13;0.39;-8.22;0.47;-8.28;;;;;;;;
1020;20.8;26.8;0.8;10;Successful;Effective;No;No;No;No;No;No;0.0;-8.0;0.25;-8.13;0.39;-8.22;0.47;-8.28;;;;;;;;
1021;20.8;26.8;0.9;5;Successful;Effective;No;No;No;No;No;No;0.0;-8.0;0.25;-8.13;0.39;-8.22;0.47;-8.28;;;;;;;;
1022;20.8;26.8;0.9;8;Successful;Effective;No;No;No;No;No;No;0.0;-8.0;0.25;-8.13;0.39;-8.22;0.47;-8.28;;;;;;;;
1023;20.8;26.8;0.9;10;Successful;Effective;No;No;No;No;No;No;0.0;-8.0;0.25;-8.13;0.39;-8.22;0.47;-8.28;;;;;;;;
1024;20.8;26.8;1.0;5;Successful;Effective;No;No;No;No;No;No;0.0;-8.0;0.25;-8.13;0.39;-8.22;0.47;-8.28;;;;;;;;
1025;20.8;26.8;1.0;8;Successful;Effective;No;No;No;No;No;No;0.0;-8.0;0.25;-8.13;0.39;-8.22;0.47;-8.28;;;;;;;;
1026;20.8;26.8;1.0;10;Successful;Effective;No;No;No;No;No;No;0.0;-8.0;0.25;-8.13;0.39;-8.22;0.47;-8.28;;;;;;;;
1027;20.8;26.8;1.1;5;Successful;Effective;No;No;No;No;No;No;0.0;-8.0;0.25;-8.13;0.39;-8.22;0.47;-8.28;;;;;;;;
1028;20.8;26.8;1.1;8;Successful;Effective;No;No;No;No;No;No;0.0;-8.0;0.25;-8.13;0.39;-8.22;0.47;-8.28;;;;;;;;
1029;20.8;26.8;1.1;10;Successful;Effective;No;No;No;No;No;No;0.0;-8.0;0.25;-8.13;0.39;-8.22;0.47;-8.28;;;;;;;;
1030;20.9;26.9;0.5;5;Successful;Effective;No;No;No;No;No;No;0.0;-8.0;0.25;-8.13;0.39;-8.22;0.47;-8.28;;;;;;;;
1031;20.9;26.9;0.5;8;Successful;Effective;No;No;No;No;No;No;0.0;-8.0;0.25;-8.13;0.39;-8.22;0.47;-8.28;;;;;;;;
1032;20.9;26.9;0.5;10;Successful;Effective;No;No;No;No;No;No;0.0;-8.0;0.25;-8.13;0.39;-8.22;0.47;-8.28;;;;;;;;
1033;20.9;26.9;0.6;5;Successful;Effective;No;No;No;No;No;No;0.0;-8.0;0.25;-8.13;0.39;-8.22;0.47;-8.28;;;;;;;;
1034;20.9;26.9;0.6;8;Successful;Effective;No;No;No;No;No;No;0.0;-8.0;0.25;-8.13;0.39;-8.22;0.47;-8.28;;;;;;;;
1035;20.9;26.9;0.6;10;Successful;Effective;No;No;No;No;No;No;0.0;-8.0;0.25;-8.13;0.39;-8.22;0.47;-8.28;;;;;;;;
1036;20.9;26.9;0.7;5;Successful;Effective;No;No;No;No;No;No;0.0;-8.0;0.25;-8.13;0.39;-8.22;0.47;-8.28;;;;;;;;
1037;20.9;26.9;0.7;8;Successful;Effective;No;No;No;No;No;No;0.0;-8.0;0.25;-8.13;0.39;-8.22;0.47;-8.28;;;;;;;;
1038;20.9;26.9;0.7;10;Successful;Effective;No;No;No;No;No;No;0.0;-8.0;0.25;-8.13;0.39;-8.22;0.47;-8.28;;;;;;;;
1039;20.9;26.9;0.8;5;Successful;Effective;No;No;No;No;No;No;0.0;-8.0;0.25;-8.13;0.39;-8.22;0.47;-8.28;;;;;;;;
1040;20.9;26.9;0.8;8;Successful;Effective;No;No;No;No;No;No;0.0;-8.0;0.25;-8.13;0.39;-8.22;0.47;-8.28;;;;;;;;
1041;20.9;26.9;0.8;10;Successful;Effective;No;No;No;No;No;No;0.0;-8.0;0.25;-8.13;0.39;-8.22;0.47;-8.28;;;;;;;;
1042;20.9;26.9;0.9;5;Successful;Effective;No;No;No;No;No;No;0.0;-8.0;0.25;-8.13;0.39;-8.22;0.47;-8.28;;;;;;;;
1043;20.9;26.9;0.9;8;Successful;Effective;No;No;No;No;No;No;0.0;-8.0;0.25;-8.13;0.39;-8.22;0.47;-8.28;;;;;;;;
1044;20.9;26.9;0.9;10;Successful;Effective;No;No;No;No;No;No;0.0;-8.0;0.25;-8.13;0.39;-8.22;0.47;-8.28;;;;;;;;
1045;20.9;26.9;1.0;5;Successful;Effective;No;No;No;No;No;No;0.0;-8.0;0.25;-8.13;0.39;-8.22;0.47;-8.28;;;;;;;;
1046;20.9;26.9;1.0;8;Successful;Effective;No;No;No;No;No;No;0.0;-8.0;0.25;-8.13;0.39;-8.22;0.47;-8.28;;;;;;;;
1047;20.9;26.9;1.0;10;Successful;Effective;No;No;No;No;No;No;0.0;-8.0;0.25;-8.13;0.39;-8.22;0.47;-8.28;;;;;;;;
1048;20.9;26.9;1.1;5;Successful;Effective;No;No;No;No;No;No;0.0;-8.0;0.25;-8.13;0.39;-8.22;0.47;-8.28;;;;;;;;
1049;20.9;26.9;1.1;8;Successful;Effective;No;No;No;No;No;No;0.0;-8.0;0.25;-8.13;0.39;-8.22;0.47;-8.28;;;;;;;;
1050;20.9;26.9;1.1;10;Successful;Effective;No;No;No;No;No;No;0.0;-8.0;0.25;-8.13;0.39;-8.22;0.47;-8.28;;;;;;;;
1051;21.0;27.0;0.5;5;Successful;Effective;No;No;No;No;No;No;0.0;-8.0;0.25;-8.13;0.39;-8.22;0.47;-8.28;;;;;;;;
1052;21.0;27.0;0.5;8;Successful;Effective;No;No;No;No;No;No;0.0;-8.0;0.25;-8.13;0.39;-8.22;0.47;-8.28;;;;;;;;
1053;21.0;27.0;0.5;10;Successful;Effective;No;No;No;No;No;No;0.0;-8.0;0.25;-8.13;0.39;-8.22;0.47;-8.28;;;;;;;;
1054;21.0;27.0;0.6;5;Successful;Effective;No;No;No;No;No;No;0.0;-8.0;0.25;-8.13;0.39;-8.22;0.47;-8.28;;;;;;;;
1055;21.0;27.0;0.6;8;Successful;Effective;No;No;No;No;No;No;0.0;-8.0;0.25;-8.13;0.39;-8.22;0.47;-8.28;;;;;;;;
1056;21.0;27.0;0.6;10;Successful;Effective;No;No;No;No;No;No;0.0;-8.0;0.25;-8.13;0.39;-8.22;0.47;-8.28;;;;;;;;
1057;21.0;27.0;0.7;5;Successful;Effective;No;No;No;No;No;No;0.0;-8.0;0.25;-8.13;0.39;-8.22;0.47;-8.28;;;;;;;;
1058;21.0;27.0;0.7;8;Successful;Effective;No;No;No;No;No;No;0.0;-8.0;0.25;-8.13;0.39;-8.22;0.47;-8.28;;;;;;;;
1059;21.0;27.0;0.7;10;Successful;Effective;No;No;No;No;No;No;0.0;-8.0;0.25;-8.13;0.39;-8.22;0.47;-8.28;;;;;;;;
1060;21.0;27.0;0.8;5;Successful;Effective;No;No;No;No;No;No;0.0;-8.0;0.25;-8.13;0.39;-8.22;0.47;-8.28;;;;;;;;
1061;21.0;27.0;0.8;8;Successful;Effective;No;No;No;No;No;No;0.0;-8.0;0.25;-8.13;0.39;-8.22;0.47;-8.28;;;;;;;;
1062;21.0;27.0;0.8;10;Successful;Effective;No;No;No;No;No;No;0.0;-8.0;0.25;-8.13;0.39;-8.22;0.47;-8.28;;;;;;;;
1063;21.0;27.0;0.9;5;Successful;Effective;No;No;No;No;No;No;0.0;-8.0;0.25;-8.13;0.39;-8.22;0.47;-8.28;;;;;;;;
1064;21.0;27.0;0.9;8;Successful;Effective;No;No;No;No;No;No;0.0;-8.0;0.25;-8.13;0.39;-8.22;0.47;-8.28;;;;;;;;
1065;21.0;27.0;0.9;10;Successful;Effective;No;No;No;No;No;No;0.0;-8.0;0.25;-8.13;0.39;-8.22;0.47;-8.28;;;;;;;;
1066;21.0;27.0;1.0;5;Successful;Effective;No;No;No;No;No;No;0.0;-8.0;0.25;-8.13;0.39;-8.22;0.47;-8.28;;;;;;;;
1067;21.0;27.0;1.0;8;Successful;Effective;No;No;No;No;No;No;0.0;-8.0;0.25;-8.13;0.39;-8.22;0.47;-8.28;;;;;;;;
1068;21.0;27.0;1.0;10;Successful;Effective;No;No;No;No;No;No;0.0;-8.0;0.25;-8.13;0.39;-8.22;0.47;-8.28;;;;;;;;
1069;21.0;27.0;1.1;5;Successful;Effective;No;No;No;No;No;No;0.0;-8.0;0.25;-8.13;0.39;-8.22;0.47;-8.28;;;;;;;;
1070;21.0;27.0;1.1;8;Successful;Effective;No;No;No;No;No;No;0.0;-8.0;0.25;-8.13;0.39;-8.22;0.47;-8.28;;;;;;;;
1071;21.0;27.0;1.1;10;Successful;Effective;No;No;No;No;No;No;0.0;-8.0;0.25;-8.13;0.39;-8.22;0.47;-8.28;;;;;;;;
1072;21.1;27.1;0.5;5;Successful;Effective;No;No;No;No;No;No;0.0;-8.0;0.25;-8.13;0.39;-8.22;0.47;-8.28;;;;;;;;
1073;21.1;27.1;0.5;8;Successful;Effective;No;No;No;No;No;No;0.0;-8.0;0.25;-8.13;0.39;-8.22;0.47;-8.28;;;;;;;;
1074;21.1;27.1;0.5;10;Successful;Effective;No;No;No;No;No;No;0.0;-8.0;0.25;-8.13;0.39;-8.22;0.47;-8.28;;;;;;;;
1075;21.1;27.1;0.6;5;Successful;Effective;No;No;No;No;No;No;0.0;-8.0;0.25;-8.13;0.39;-8.22;0.47;-8.28;;;;;;;;
1076;21.1;27.1;0.6;8;Successful;Effective;No;No;No;No;No;No;0.0;-8.0;0.25;-8.13;0.39;-8.22;0.47;-8.28;;;;;;;;
1077;21.1;27.1;0.6;10;Successful;Effective;No;No;No;No;No;No;0.0;-8.0;0.25;-8.13;0.39;-8.22;0.47;-8.28;;;;;;;;
1078;21.1;27.1;0.7;5;Successful;Effective;No;No;No;No;No;No;0.0;-8.0;0.25;-8.13;0.39;-8.22;0.47;-8.28;;;;;;;;
1079;21.1;27.1;0.7;8;Successful;Effective;No;No;No;No;No;No;0.0;-8.0;0.25;-8.13;0.39;-8.22;0.47;-8.28;;;;;;;;
1080;21.1;27.1;0.7;10;Successful;Effective;No;No;No;No;No;No;0.0;-8.0;0.25;-8.13;0.39;-8.22;0.47;-8.28;;;;;;;;
1081;21.1;27.1;0.8;5;Successful;Effective;No;No;No;No;No;No;0.0;-8.0;0.25;-8.13;0.39;-8.22;0.47;-8.28;;;;;;;;
1082;21.1;27.1;0.8;8;Successful;Effective;No;No;No;No;No;No;0.0;-8.0;0.25;-8.13;0.39;-8.22;0.47;-8.28;;;;;;;;
1083;21.1;27.1;0.8;10;Successful;Effective;No;No;No;No;No;No;0.0;-8.0;0.25;-8.13;0.39;-8.22;0.47;-8.28;;;;;;;;
1084;21.1;27.1;0.9;5;Successful;Effective;No;No;No;No;No;No;0.0;-8.0;0.25;-8.13;0.39;-8.22;0.47;-8.28;;;;;;;;
1085;21.1;27.1;0.9;8;Successful;Effective;No;No;No;No;No;No;0.0;-8.0;0.25;-8.13;0.39;-8.22;0.47;-8.28;;;;;;;;
1086;21.1;27.1;0.9;10;Successful;Effective;No;No;No;No;No;No;0.0;-8.0;0.25;-8.13;0.39;-8.22;0.47;-8.28;;;;;;;;
1087;21.1;27.1;1.0;5;Successful;Effective;No;No;No;No;No;No;0.0;-8.0;0.25;-8.13;0.39;-8.22;0.47;-8.28;;;;;;;;
1088;21.1;27.1;1.0;8;Successful;Effective;No;No;No;No;No;No;0.0;-8.0;0.25;-8.13;0.39;-8.22;0.47;-8.28;;;;;;;;
1089;21.1;27.1;1.0;10;Successful;Effective;No;No;No;No;No;No;0.0;-8.0;0.25;-8.13;0.39;-8.22;0.47;-8.28;;;;;;;;
1090;21.1;27.1;1.1;5;Successful;Effective;No;No;No;No;No;No;0.0;-8.0;0.25;-8.13;0.39;-8.22;0.47;-8.28;;;;;;;;
1091;21.1;27.1;1.1;8;Successful;Effective;No;No;No;No;No;No;0.0;-8.0;0.25;-8.13;0.39;-8.22;0.47;-8.28;;;;;;;;
1092;21.1;27.1;1.1;10;Successful;Effective;No;No;No;No;No;No;0.0;-8.0;0.25;-8.13;0.39;-8.22;0.47;-8.28;;;;;;;;
1093;21.2;27.2;0.5;5;Successful;Effective;No;No;No;No;No;No;0.0;-8.0;0.25;-8.13;0.39;-8.22;0.47;-8.28;;;;;;;;
1094;21.2;27.2;0.5;8;Successful;Effective;No;No;No;No;No;No;0.0;-8.0;0.25;-8.13;0.39;-8.22;0.47;-8.28;;;;;;;;
1095;21.2;27.2;0.5;10;Successful;Effective;No;No;No;No;No;No;0.0;-8.0;0.25;-8.13;0.39;-8.22;0.47;-8.28;;;;;;;;
1096;21.2;27.2;0.6;5;Successful;Effective;No;No;No;No;No;No;0.0;-8.0;0.25;-8.13;0.39;-8.22;0.47;-8.28;;;;;;;;
1097;21.2;27.2;0.6;8;Successful;Effective;No;No;No;No;No;No;0.0;-8.0;0.25;-8.13;0.39;-8.22;0.47;-8.28;;;;;;;;
1098;21.2;27.2;0.6;10;Successful;Effective;No;No;No;No;No;No;0.0;-8.0;0.25;-8.13;0.39;-8.22;0.47;-8.28;;;;;;;;
1099;21.2;27.2;0.7;5;Successful;Effective;No;No;No;No;No;No;0.0;-8.0;0.25;-8.13;0.39;-8.22;0.47;-8.28;;;;;;;;
1100;21.2;27.2;0.7;8;Successful;Effective;No;No;No;No;No;No;0.0;-8.0;0.25;-8.13;0.39;-8.22;0.47;-8.28;;;;;;;;
1101;21.2;27.2;0.7;10;Successful;Effective;No;No;No;No;No;No;0.0;-8.0;0.25;-8.13;0.39;-8.22;0.47;-8.28;;;;;;;;
1102;21.2;27.2;0.8;5;Successful;Effective;No;No;No;No;No;No;0.0;-8.0;0.25;-8.13;0.39;-8.22;0.47;-8.28;;;;;;;;
1103;21.2;27.2;0.8;8;Successful;Effective;No;No;No;No;No;No;0.0;-8.0;0.25;-8.13;0.39;-8.22;0.47;-8.28;;;;;;;;
1104;21.2;27.2;0.8;10;Successful;Effective;No;No;No;No;No;No;0.0;-8.0;0.25;-8.13;0.39;-8.22;0.47;-8.28;;;;;;;;
1105;21.2;27.2;0.9;5;Successful;Effective;No;No;No;No;No;No;0.0;-8.0;0.25;-8.13;0.39;-8.22;0.47;-8.28;;;;;;;;
1106;21.2;27.2;0.9;8;Successful;Effective;No;No;No;No;No;No;0.0;-8.0;0.25;-8.13;0.39;-8.22;0.47;-8.28;;;;;;;;
1107;21.2;27.2;0.9;10;Successful;Effective;No;No;No;No;No;No;0.0;-8.0;0.25;-8.13;0.39;-8.22;0.47;-8.28;;;;;;;;
1108;21.2;27.2;1.0;5;Successful;Effective;No;No;No;No;No;No;0.0;-8.0;0.25;-8.13;0.39;-8.22;0.47;-8.28;;;;;;;;
1109;21.2;27.2;1.0;8;Successful;Effective;No;No;No;No;No;No;0.0;-8.0;0.25;-8.13;0.39;-8.22;0.47;-8.28;;;;;;;;
1110;21.2;27.2;1.0;10;Successful;Effective;No;No;No;No;No;No;0.0;-8.0;0.25;-8.13;0.39;-8.22;0.47;-8.28;;;;;;;;
1111;21.2;27.2;1.1;5;Successful;Effective;No;No;No;No;No;No;0.0;-8.0;0.25;-8.13;0.39;-8.22;0.47;-8.28;;;;;;;;
1112;21.2;27.2;1.1;8;Successful;Effective;No;No;No;No;No;No;0.0;-8.0;0.25;-8.13;0.39;-8.22;0.47;-8.28;;;;;;;;
1113;21.2;27.2;1.1;10;Successful;Effective;No;No;No;No;No;No;0.0;-8.0;0.25;-8.13;0.39;-8.22;0.47;-8.28;;;;;;;;
1114;21.3;27.3;0.5;5;Successful;Effective;No;No;No;No;No;No;0.0;-8.0;0.25;-8.13;0.39;-8.22;0.47;-8.28;;;;;;;;
1115;21.3;27.3;0.5;8;Successful;Effective;No;No;No;No;No;No;0.0;-8.0;0.25;-8.13;0.39;-8.22;0.47;-8.28;;;;;;;;
1116;21.3;27.3;0.5;10;Successful;Effective;No;No;No;No;No;No;0.0;-8.0;0.25;-8.13;0.39;-8.22;0.47;-8.28;;;;;;;;
1117;21.3;27.3;0.6;5;Successful;Effective;No;No;No;No;No;No;0.0;-8.0;0.25;-8.13;0.39;-8.22;0.47;-8.28;;;;;;;;
1118;21.3;27.3;0.6;8;Successful;Effective;No;No;No;No;No;No;0.0;-8.0;0.25;-8.13;0.39;-8.22;0.47;-8.28;;;;;;;;
1119;21.3;27.3;0.6;10;Successful;Effective;No;No;No;No;No;No;0.0;-8.0;0.25;-8.13;0.39;-8.22;0.47;-8.28;;;;;;;;
1120;21.3;27.3;0.7;5;Successful;Effective;No;No;No;No;No;No;0.0;-8.0;0.25;-8.13;0.39;-8.22;0.47;-8.28;;;;;;;;
1121;21.3;27.3;0.7;8;Successful;Effective;No;No;No;No;No;No;0.0;-8.0;0.25;-8.13;0.39;-8.22;0.47;-8.28;;;;;;;;
1122;21.3;27.3;0.7;10;Successful;Effective;No;No;No;No;No;No;0.0;-8.0;0.25;-8.13;0.39;-8.22;0.47;-8.28;;;;;;;;
1123;21.3;27.3;0.8;5;Successful;Effective;No;No;No;No;No;No;0.0;-8.0;0.25;-8.13;0.39;-8.22;0.47;-8.28;;;;;;;;
1124;21.3;27.3;0.8;8;Successful;Effective;No;No;No;No;No;No;0.0;-8.0;0.25;-8.13;0.39;-8.22;0.47;-8.28;;;;;;;;
1125;21.3;27.3;0.8;10;Successful;Effective;No;No;No;No;No;No;0.0;-8.0;0.25;-8.13;0.39;-8.22;0.47;-8.28;;;;;;;;
1126;21.3;27.3;0.9;5;Successful;Effective;No;No;No;No;No;No;0.0;-8.0;0.25;-8.13;0.39;-8.22;0.47;-8.28;;;;;;;;
1127;21.3;27.3;0.9;8;Successful;Effective;No;No;No;No;No;No;0.0;-8.0;0.25;-8.13;0.39;-8.22;0.47;-8.28;;;;;;;;
1128;21.3;27.3;0.9;10;Successful;Effective;No;No;No;No;No;No;0.0;-8.0;0.25;-8.13;0.39;-8.22;0.47;-8.28;;;;;;;;
1129;21.3;27.3;1.0;5;Successful;Effective;No;No;No;No;No;No;0.0;-8.0;0.25;-8.13;0.39;-8.22;0.47;-8.28;;;;;;;;
1130;21.3;27.3;1.0;8;Successful;Effective;No;No;No;No;No;No;0.0;-8.0;0.25;-8.13;0.39;-8.22;0.47;-8.28;;;;;;;;
1131;21.3;27.3;1.0;10;Successful;Effective;No;No;No;No;No;No;0.0;-8.0;0.25;-8.13;0.39;-8.22;0.47;-8.28;;;;;;;;
1132;21.3;27.3;1.1;5;Successful;Effective;No;No;No;No;No;No;0.0;-8.0;0.25;-8.13;0.39;-8.22;0.47;-8.28;;;;;;;;
1133;21.3;27.3;1.1;8;Successful;Effective;No;No;No;No;No;No;0.0;-8.0;0.25;-8.13;0.39;-8.22;0.47;-8.28;;;;;;;;
1134;21.3;27.3;1.1;10;Successful;Effective;No;No;No;No;No;No;0.0;-8.0;0.25;-8.13;0.39;-8.22;0.47;-8.28;;;;;;;;
1135;21.4;27.4;0.5;5;Successful;Effective;No;No;No;No;No;No;0.0;-8.0;0.25;-8.13;0.39;-8.22;0.47;-8.28;;;;;;;;
1136;21.4;27.4;0.5;8;Successful;Effective;No;No;No;No;No;No;0.0;-8.0;0.25;-8.13;0.39;-8.22;0.47;-8.28;;;;;;;;
1137;21.4;27.4;0.5;10;Successful;Effective;No;No;No;No;No;No;0.0;-8.0;0.25;-8.13;0.39;-8.22;0.47;-8.28;;;;;;;;
1138;21.4;27.4;0.6;5;Successful;Effective;No;No;No;No;No;No;0.0;-8.0;0.25;-8.13;0.39;-8.22;0.47;-8.28;;;;;;;;
1139;21.4;27.4;0.6;8;Successful;Effective;No;No;No;No;No;No;0.0;-8.0;0.25;-8.13;0.39;-8.22;0.47;-8.28;;;;;;;;
1140;21.4;27.4;0.6;10;Successful;Effective;No;No;No;No;No;No;0.0;-8.0;0.25;-8.13;0.39;-8.22;0.47;-8.28;;;;;;;;
1141;21.4;27.4;0.7;5;Successful;Effective;No;No;No;No;No;No;0.0;-8.0;0.25;-8.13;0.39;-8.22;0.47;-8.28;;;;;;;;
1142;21.4;27.4;0.7;8;Successful;Effective;No;No;No;No;No;No;0.0;-8.0;0.25;-8.13;0.39;-8.22;0.47;-8.28;;;;;;;;
1143;21.4;27.4;0.7;10;Successful;Effective;No;No;No;No;No;No;0.0;-8.0;0.25;-8.13;0.39;-8.22;0.47;-8.28;;;;;;;;
1144;21.4;27.4;0.8;5;Successful;Effective;No;No;No;No;No;No;0.0;-8.0;0.25;-8.13;0.39;-8.22;0.47;-8.28;;;;;;;;
1145;21.4;27.4;0.8;8;Successful;Effective;No;No;No;No;No;No;0.0;-8.0;0.25;-8.13;0.39;-8.22;0.47;-8.28;;;;;;;;
1146;21.4;27.4;0.8;10;Successful;Effective;No;No;No;No;No;No;0.0;-8.0;0.25;-8.13;0.39;-8.22;0.47;-8.28;;;;;;;;
1147;21.4;27.4;0.9;5;Successful;Effective;No;No;No;No;No;No;0.0;-8.0;0.25;-8.13;0.39;-8.22;0.47;-8.28;;;;;;;;
1148;21.4;27.4;0.9;8;Successful;Effective;No;No;No;No;No;No;0.0;-8.0;0.25;-8.13;0.39;-8.22;0.47;-8.28;;;;;;;;
1149;21.4;27.4;0.9;10;Successful;Effective;No;No;No;No;No;No;0.0;-8.0;0.25;-8.13;0.39;-8.22;0.47;-8.28;;;;;;;;
1150;21.4;27.4;1.0;5;Successful;Effective;No;No;No;No;No;No;0.0;-8.0;0.25;-8.13;0.39;-8.22;0.47;-8.28;;;;;;;;
1151;21.4;27.4;1.0;8;Successful;Effective;No;No;No;No;No;No;0.0;-8.0;0.25;-8.13;0.39;-8.22;0.47;-8.28;;;;;;;;
1152;21.4;27.4;1.0;10;Successful;Effective;No;No;No;No;No;No;0.0;-8.0;0.25;-8.13;0.39;-8.22;0.47;-8.28;;;;;;;;
1153;21.4;27.4;1.1;5;Successful;Effective;No;No;No;No;No;No;0.0;-8.0;0.25;-8.13;0.39;-8.22;0.47;-8.28;;;;;;;;
1154;21.4;27.4;1.1;8;Successful;Effective;No;No;No;No;No;No;0.0;-8.0;0.25;-8.13;0.39;-8.22;0.47;-8.28;;;;;;;;
1155;21.4;27.4;1.1;10;Successful;Effective;No;No;No;No;No;No;0.0;-8.0;0.25;-8.13;0.39;-8.22;0.47;-8.28;;;;;;;;
1156;21.5;27.5;0.5;5;Successful;Effective;No;No;No;No;No;No;0.0;-8.0;0.25;-8.13;0.39;-8.22;0.47;-8.28;;;;;;;;
1157;21.5;27.5;0.5;8;Successful;Effective;No;No;No;No;No;No;0.0;-8.0;0.25;-8.13;0.39;-8.22;0.47;-8.28;;;;;;;;
1158;21.5;27.5;0.5;10;Successful;Effective;No;No;No;No;No;No;0.0;-8.0;0.25;-8.13;0.39;-8.22;0.47;-8.28;;;;;;;;
1159;21.5;27.5;0.6;5;Successful;Effective;No;No;No;No;No;No;0.0;-8.0;0.25;-8.13;0.39;-8.22;0.47;-8.28;;;;;;;;
1160;21.5;27.5;0.6;8;Successful;Effective;No;No;No;No;No;No;0.0;-8.0;0.25;-8.13;0.39;-8.22;0.47;-8.28;;;;;;;;
1161;21.5;27.5;0.6;10;Successful;Effective;No;No;No;No;No;No;0.0;-8.0;0.25;-8.13;0.39;-8.22;0.47;-8.28;;;;;;;;
1162;21.5;27.5;0.7;5;Successful;Effective;No;No;No;No;No;No;0.0;-8.0;0.25;-8.13;0.39;-8.22;0.47;-8.28;;;;;;;;
1163;21.5;27.5;0.7;8;Successful;Effective;No;No;No;No;No;No;0.0;-8.0;0.25;-8.13;0.39;-8.22;0.47;-8.28;;;;;;;;
1164;21.5;27.5;0.7;10;Successful;Effective;No;No;No;No;No;No;0.0;-8.0;0.25;-8.13;0.39;-8.22;0.47;-8.28;;;;;;;;
1165;21.5;27.5;0.8;5;Successful;Effective;No;No;No;No;No;No;0.0;-8.0;0.25;-8.13;0.39;-8.22;0.47;-8.28;;;;;;;;
1166;21.5;27.5;0.8;8;Successful;Effective;No;No;No;No;No;No;0.0;-8.0;0.25;-8.13;0.39;-8.22;0.47;-8.28;;;;;;;;
1167;21.5;27.5;0.8;10;Successful;Effective;No;No;No;No;No;No;0.0;-8.0;0.25;-8.13;0.39;-8.22;0.47;-8.28;;;;;;;;
1168;21.5;27.5;0.9;5;Successful;Effective;No;No;No;No;No;No;0.0;-8.0;0.25;-8.13;0.39;-8.22;0.47;-8.28;;;;;;;;
1169;21.5;27.5;0.9;8;Successful;Effective;No;No;No;No;No;No;0.0;-8.0;0.25;-8.13;0.39;-8.22;0.47;-8.28;;;;;;;;
1170;21.5;27.5;0.9;10;Successful;Effective;No;No;No;No;No;No;0.0;-8.0;0.25;-8.13;0.39;-8.22;0.47;-8.28;;;;;;;;
1171;21.5;27.5;1.0;5;Successful;Effective;No;No;No;No;No;No;0.0;-8.0;0.25;-8.13;0.39;-8.22;0.47;-8.28;;;;;;;;
1172;21.5;27.5;1.0;8;Successful;Effective;No;No;No;No;No;No;0.0;-8.0;0.25;-8.13;0.39;-8.22;0.47;-8.28;;;;;;;;
1173;21.5;27.5;1.0;10;Successful;Effective;No;No;No;No;No;No;0.0;-8.0;0.25;-8.13;0.39;-8.22;0.47;-8.28;;;;;;;;
1174;21.5;27.5;1.1;5;Successful;Effective;No;No;No;No;No;No;0.0;-8.0;0.25;-8.13;0.39;-8.22;0.47;-8.28;;;;;;;;
1175;21.5;27.5;1.1;8;Successful;Effective;No;No;No;No;No;No;0.0;-8.0;0.25;-8.13;0.39;-8.22;0.47;-8.28;;;;;;;;
1176;21.5;27.5;1.1;10;Successful;Effective;No;No;No;No;No;No;0.0;-8.0;0.25;-8.13;0.39;-8.22;0.47;-8.28;;;;;;;;
1177;21.6;27.6;0.5;5;Successful;Effective;No;No;No;No;No;No;0.0;-8.0;0.25;-8.13;0.39;-8.22;0.47;-8.28;;;;;;;;
1178;21.6;27.6;0.5;8;Successful;Effective;No;No;No;No;No;No;0.0;-8.0;0.25;-8.13;0.39;-8.22;0.47;-8.28;;;;;;;;
1179;21.6;27.6;0.5;10;Successful;Effective;No;No;No;No;No;No;0.0;-8.0;0.25;-8.13;0.39;-8.22;0.47;-8.28;;;;;;;;
1180;21.6;27.6;0.6;5;Successful;Effective;No;No;No;No;No;No;0.0;-8.0;0.25;-8.13;0.39;-8.22;0.47;-8.28;;;;;;;;
1181;21.6;27.6;0.6;8;Successful;Effective;No;No;No;No;No;No;0.0;-8.0;0.25;-8.13;0.39;-8.22;0.47;-8.28;;;;;;;;
1182;21.6;27.6;0.6;10;Successful;Effective;No;No;No;No;No;No;0.0;-8.0;0.25;-8.13;0.39;-8.22;0.47;-8.28;;;;;;;;
1183;21.6;27.6;0.7;5;Successful;Effective;No;No;No;No;No;No;0.0;-8.0;0.25;-8.13;0.39;-8.22;0.47;-8.28;;;;;;;;
1184;21.6;27.6;0.7;8;Successful;Effective;No;No;No;No;No;No;0.0;-8.0;0.25;-8.13;0.39;-8.22;0.47;-8.28;;;;;;;;
1185;21.6;27.6;0.7;10;Successful;Effective;No;No;No;No;No;No;0.0;-8.0;0.25;-8.13;0.39;-8.22;0.47;-8.28;;;;;;;;
1186;21.6;27.6;0.8;5;Successful;Effective;No;No;No;No;No;No;0.0;-8.0;0.25;-8.13;0.39;-8.22;0.47;-8.28;;;;;;;;
1187;21.6;27.6;0.8;8;Successful;Effective;No;No;No;No;No;No;0.0;-8.0;0.25;-8.13;0.39;-8.22;0.47;-8.28;;;;;;;;
1188;21.6;27.6;0.8;10;Successful;Effective;No;No;No;No;No;No;0.0;-8.0;0.25;-8.13;0.39;-8.22;0.47;-8.28;;;;;;;;
1189;21.6;27.6;0.9;5;Successful;Effective;No;No;No;No;No;No;0.0;-8.0;0.25;-8.13;0.39;-8.22;0.47;-8.28;;;;;;;;
1190;21.6;27.6;0.9;8;Successful;Effective;No;No;No;No;No;No;0.0;-8.0;0.25;-8.13;0.39;-8.22;0.47;-8.28;;;;;;;;
1191;21.6;27.6;0.9;10;Successful;Effective;No;No;No;No;No;No;0.0;-8.0;0.25;-8.13;0.39;-8.22;0.47;-8.28;;;;;;;;
1192;21.6;27.6;1.0;5;Successful;Effective;No;No;No;No;No;No;0.0;-8.0;0.25;-8.13;0.39;-8.22;0.47;-8.28;;;;;;;;
1193;21.6;27.6;1.0;8;Successful;Effective;No;No;No;No;No;No;0.0;-8.0;0.25;-8.13;0.39;-8.22;0.47;-8.28;;;;;;;;
1194;21.6;27.6;1.0;10;Successful;Effective;No;No;No;No;No;No;0.0;-8.0;0.25;-8.13;0.39;-8.22;0.47;-8.28;;;;;;;;
1195;21.6;27.6;1.1;5;Successful;Effective;No;No;No;No;No;No;0.0;-8.0;0.25;-8.13;0.39;-8.22;0.47;-8.28;;;;;;;;
1196;21.6;27.6;1.1;8;Successful;Effective;No;No;No;No;No;No;0.0;-8.0;0.25;-8.13;0.39;-8.22;0.47;-8.28;;;;;;;;
1197;21.6;27.6;1.1;10;Successful;Effective;No;No;No;No;No;No;0.0;-8.0;0.25;-8.13;0.39;-8.22;0.47;-8.28;;;;;;;;
1198;21.7;27.7;0.5;5;Successful;Effective;No;No;No;No;No;No;0.0;-8.0;0.25;-8.13;0.39;-8.22;0.47;-8.28;;;;;;;;
1199;21.7;27.7;0.5;8;Successful;Effective;No;No;No;No;No;No;0.0;-8.0;0.25;-8.13;0.39;-8.22;0.47;-8.28;;;;;;;;
1200;21.7;27.7;0.5;10;Successful;Effective;No;No;No;No;No;No;0.0;-8.0;0.25;-8.13;0.39;-8.22;0.47;-8.28;;;;;;;;
1201;21.7;27.7;0.6;5;Successful;Effective;No;No;No;No;No;No;0.0;-8.0;0.25;-8.13;0.39;-8.22;0.47;-8.28;;;;;;;;
1202;21.7;27.7;0.6;8;Successful;Effective;No;No;No;No;No;No;0.0;-8.0;0.25;-8.13;0.39;-8.22;0.47;-8.28;;;;;;;;
1203;21.7;27.7;0.6;10;Successful;Effective;No;No;No;No;No;No;0.0;-8.0;0.25;-8.13;0.39;-8.22;0.47;-8.28;;;;;;;;
1204;21.7;27.7;0.7;5;Successful;Effective;No;No;No;No;No;No;0.0;-8.0;0.25;-8.13;0.39;-8.22;0.47;-8.28;;;;;;;;
1205;21.7;27.7;0.7;8;Successful;Effective;No;No;No;No;No;No;0.0;-8.0;0.25;-8.13;0.39;-8.22;0.47;-8.28;;;;;;;;
1206;21.7;27.7;0.7;10;Successful;Effective;No;No;No;No;No;No;0.0;-8.0;0.25;-8.13;0.39;-8.22;0.47;-8.28;;;;;;;;
1207;21.7;27.7;0.8;5;Successful;Effective;No;No;No;No;No;No;0.0;-8.0;0.25;-8.13;0.39;-8.22;0.47;-8.28;;;;;;;;
1208;21.7;27.7;0.8;8;Successful;Effective;No;No;No;No;No;No;0.0;-8.0;0.25;-8.13;0.39;-8.22;0.47;-8.28;;;;;;;;
1209;21.7;27.7;0.8;10;Successful;Effective;No;No;No;No;No;No;0.0;-8.0;0.25;-8.13;0.39;-8.22;0.47;-8.28;;;;;;;;
1210;21.7;27.7;0.9;5;Successful;Effective;No;No;No;No;No;No;0.0;-8.0;0.25;-8.13;0.39;-8.22;0.47;-8.28;;;;;;;;
1211;21.7;27.7;0.9;8;Successful;Effective;No;No;No;No;No;No;0.0;-8.0;0.25;-8.13;0.39;-8.22;0.47;-8.28;;;;;;;;
1212;21.7;27.7;0.9;10;Successful;Effective;No;No;No;No;No;No;0.0;-8.0;0.25;-8.13;0.39;-8.22;0.47;-8.28;;;;;;;;
1213;21.7;27.7;1.0;5;Successful;Effective;No;No;No;No;No;No;0.0;-8.0;0.25;-8.13;0.39;-8.22;0.47;-8.28;;;;;;;;
1214;21.7;27.7;1.0;8;Successful;Effective;No;No;No;No;No;No;0.0;-8.0;0.25;-8.13;0.39;-8.22;0.47;-8.28;;;;;;;;
1215;21.7;27.7;1.0;10;Successful;Effective;No;No;No;No;No;No;0.0;-8.0;0.25;-8.13;0.39;-8.22;0.47;-8.28;;;;;;;;
1216;21.7;27.7;1.1;5;Successful;Effective;No;No;No;No;No;No;0.0;-8.0;0.25;-8.13;0.39;-8.22;0.47;-8.28;;;;;;;;
1217;21.7;27.7;1.1;8;Successful;Effective;No;No;No;No;No;No;0.0;-8.0;0.25;-8.13;0.39;-8.22;0.47;-8.28;;;;;;;;
1218;21.7;27.7;1.1;10;Successful;Effective;No;No;No;No;No;No;0.0;-8.0;0.25;-8.13;0.39;-8.22;0.47;-8.28;;;;;;;;
1219;21.8;27.8;0.5;5;Successful;Effective;No;No;No;No;No;No;0.0;-8.0;0.25;-8.13;0.39;-8.22;0.47;-8.28;;;;;;;;
1220;21.8;27.8;0.5;8;Successful;Effective;No;No;No;No;No;No;0.0;-8.0;0.25;-8.13;0.39;-8.22;0.47;-8.28;;;;;;;;
1221;21.8;27.8;0.5;10;Successful;Effective;No;No;No;No;No;No;0.0;-8.0;0.25;-8.13;0.39;-8.22;0.47;-8.28;;;;;;;;
1222;21.8;27.8;0.6;5;Successful;Effective;No;No;No;No;No;No;0.0;-8.0;0.25;-8.13;0.39;-8.22;0.47;-8.28;;;;;;;;
1223;21.8;27.8;0.6;8;Successful;Effective;No;No;No;No;No;No;0.0;-8.0;0.25;-8.13;0.39;-8.22;0.47;-8.28;;;;;;;;
1224;21.8;27.8;0.6;10;Successful;Effective;No;No;No;No;No;No;0.0;-8.0;0.25;-8.13;0.39;-8.22;0.47;-8.28;;;;;;;;
1225;21.8;27.8;0.7;5;Successful;Effective;No;No;No;No;No;No;0.0;-8.0;0.25;-8.13;0.39;-8.22;0.47;-8.28;;;;;;;;
1226;21.8;27.8;0.7;8;Successful;Effective;No;No;No;No;No;No;0.0;-8.0;0.25;-8.13;0.39;-8.22;0.47;-8.28;;;;;;;;
1227;21.8;27.8;0.7;10;Successful;Effective;No;No;No;No;No;No;0.0;-8.0;0.25;-8.13;0.39;-8.22;0.47;-8.28;;;;;;;;
1228;21.8;27.8;0.8;5;Successful;Effective;No;No;No;No;No;No;0.0;-8.0;0.25;-8.13;0.39;-8.22;0.47;-8.28;;;;;;;;
1229;21.8;27.8;0.8;8;Successful;Effective;No;No;No;No;No;No;0.0;-8.0;0.25;-8.13;0.39;-8.22;0.47;-8.28;;;;;;;;
1230;21.8;27.8;0.8;10;Successful;Effective;No;No;No;No;No;No;0.0;-8.0;0.25;-8.13;0.39;-8.22;0.47;-8.28;;;;;;;;
1231;21.8;27.8;0.9;5;Successful;Effective;No;No;No;No;No;No;0.0;-8.0;0.25;-8.13;0.39;-8.22;0.47;-8.28;;;;;;;;
1232;21.8;27.8;0.9;8;Successful;Effective;No;No;No;No;No;No;0.0;-8.0;0.25;-8.13;0.39;-8.22;0.47;-8.28;;;;;;;;
1233;21.8;27.8;0.9;10;Successful;Effective;No;No;No;No;No;No;0.0;-8.0;0.25;-8.13;0.39;-8.22;0.47;-8.28;;;;;;;;
1234;21.8;27.8;1.0;5;Successful;Effective;No;No;No;No;No;No;0.0;-8.0;0.25;-8.13;0.39;-8.22;0.47;-8.28;;;;;;;;
1235;21.8;27.8;1.0;8;Successful;Effective;No;No;No;No;No;No;0.0;-8.0;0.25;-8.13;0.39;-8.22;0.47;-8.28;;;;;;;;
1236;21.8;27.8;1.0;10;Successful;Effective;No;No;No;No;No;No;0.0;-8.0;0.25;-8.13;0.39;-8.22;0.47;-8.28;;;;;;;;
1237;21.8;27.8;1.1;5;Successful;Effective;No;No;No;No;No;No;0.0;-8.0;0.25;-8.13;0.39;-8.22;0.47;-8.28;;;;;;;;
1238;21.8;27.8;1.1;8;Successful;Effective;No;No;No;No;No;No;0.0;-8.0;0.25;-8.13;0.39;-8.22;0.47;-8.28;;;;;;;;
1239;21.8;27.8;1.1;10;Successful;Effective;No;No;No;No;No;No;0.0;-8.0;0.25;-8.13;0.39;-8.22;0.47;-8.28;;;;;;;;
1240;21.9;27.9;0.5;5;Successful;Effective;No;No;No;No;No;No;0.0;-8.0;0.25;-8.13;0.39;-8.22;0.47;-8.28;;;;;;;;
1241;21.9;27.9;0.5;8;Successful;Effective;No;No;No;No;No;No;0.0;-8.0;0.25;-8.13;0.39;-8.22;0.47;-8.28;;;;;;;;
1242;21.9;27.9;0.5;10;Successful;Effective;No;No;No;No;No;No;0.0;-8.0;0.25;-8.13;0.39;-8.22;0.47;-8.28;;;;;;;;
1243;21.9;27.9;0.6;5;Successful;Effective;No;No;No;No;No;No;0.0;-8.0;0.25;-8.13;0.39;-8.22;0.47;-8.28;;;;;;;;
1244;21.9;27.9;0.6;8;Successful;Effective;No;No;No;No;No;No;0.0;-8.0;0.25;-8.13;0.39;-8.22;0.47;-8.28;;;;;;;;
1245;21.9;27.9;0.6;10;Successful;Effective;No;No;No;No;No;No;0.0;-8.0;0.25;-8.13;0.39;-8.22;0.47;-8.28;;;;;;;;
1246;21.9;27.9;0.7;5;Successful;Effective;No;No;No;No;No;No;0.0;-8.0;0.25;-8.13;0.39;-8.22;0.47;-8.28;;;;;;;;
1247;21.9;27.9;0.7;8;Successful;Effective;No;No;No;No;No;No;0.0;-8.0;0.25;-8.13;0.39;-8.22;0.47;-8.28;;;;;;;;
1248;21.9;27.9;0.7;10;Successful;Effective;No;No;No;No;No;No;0.0;-8.0;0.25;-8.13;0.39;-8.22;0.47;-8.28;;;;;;;;
1249;21.9;27.9;0.8;5;Successful;Effective;No;No;No;No;No;No;0.0;-8.0;0.25;-8.13;0.39;-8.22;0.47;-8.28;;;;;;;;
1250;21.9;27.9;0.8;8;Successful;Effective;No;No;No;No;No;No;0.0;-8.0;0.25;-8.13;0.39;-8.22;0.47;-8.28;;;;;;;;
1251;21.9;27.9;0.8;10;Successful;Effective;No;No;No;No;No;No;0.0;-8.0;0.25;-8.13;0.39;-8.22;0.47;-8.28;;;;;;;;
1252;21.9;27.9;0.9;5;Successful;Effective;No;No;No;No;No;No;0.0;-8.0;0.25;-8.13;0.39;-8.22;0.47;-8.28;;;;;;;;
1253;21.9;27.9;0.9;8;Successful;Effective;No;No;No;No;No;No;0.0;-8.0;0.25;-8.13;0.39;-8.22;0.47;-8.28;;;;;;;;
1254;21.9;27.9;0.9;10;Successful;Effective;No;No;No;No;No;No;0.0;-8.0;0.25;-8.13;0.39;-8.22;0.47;-8.28;;;;;;;;
1255;21.9;27.9;1.0;5;Successful;Effective;No;No;No;No;No;No;0.0;-8.0;0.25;-8.13;0.39;-8.22;0.47;-8.28;;;;;;;;
1256;21.9;27.9;1.0;8;Successful;Effective;No;No;No;No;No;No;0.0;-8.0;0.25;-8.13;0.39;-8.22;0.47;-8.28;;;;;;;;
1257;21.9;27.9;1.0;10;Successful;Effective;No;No;No;No;No;No;0.0;-8.0;0.25;-8.13;0.39;-8.22;0.47;-8.28;;;;;;;;
1258;21.9;27.9;1.1;5;Successful;Effective;No;No;No;No;No;No;0.0;-8.0;0.25;-8.13;0.39;-8.22;0.47;-8.28;;;;;;;;
1259;21.9;27.9;1.1;8;Successful;Effective;No;No;No;No;No;No;0.0;-8.0;0.25;-8.13;0.39;-8.22;0.47;-8.28;;;;;;;;
1260;21.9;27.9;1.1;10;Successful;Effective;No;No;No;No;No;No;0.0;-8.0;0.25;-8.13;0.39;-8.22;0.47;-8.28;;;;;;;;
