Ex ID;Start_time;End_time;Injected_value;CACC_spacing;Leader_speed;Braking_deceleration;Run_status;Impact_status;Collision_state;Collision_time;collider;victim;Collision_pos;Collision_lane;Accel_0_max;Dcel_0_min;Accel_1_max;Dcel_1_min;Accel_2_max;Dcel_2_min;Accel_3_max;Dcel_3_min;Accel_4_max;Dcel_4_min;Accel_5_max;Dcel_5_min;Accel_6_max;Dcel_6_min;Accel_7_max;Dcel_7_min
1;16.0;22.0;0.5;5;80;5;Successful;Effective;collision;20.82;vtypeauto.1;vtypeauto.0;526.03;edge_0_0_0;0.0;-5.0;0.2;-5.8;0.32;-6.22;0.38;-6.37;0.41;-6.37;0.43;-6.26;0.44;-6.13;0.44;-6.0
2;16.0;22.0;0.5;8;80;5;Successful;Effective;No;No;No;No;No;No;0.0;-5.0;0.2;-5.8;0.32;-6.22;0.38;-6.37;0.41;-6.37;0.43;-6.26;0.44;-6.13;0.44;-6.0
3;16.0;22.0;0.5;10;80;5;Successful;Effective;No;No;No;No;No;No;0.0;-5.0;0.2;-5.8;0.32;-6.22;0.38;-6.37;0.41;-6.37;0.43;-6.26;0.44;-6.13;0.44;-6.0
4;16.0;22.0;0.5;5;100;5;Successful;Effective;collision;21.04;vtypeauto.1;vtypeauto.0;650.13;edge_0_0_0;0.0;-5.0;0.25;-5.8;0.39;-6.23;0.47;-6.39;0.51;-6.39;0.54;-6.28;0.55;-6.15;0.55;-6.02
5;16.0;22.0;0.5;8;100;5;Successful;Effective;No;No;No;No;No;No;0.0;-5.0;0.25;-5.8;0.39;-6.23;0.47;-6.39;0.51;-6.39;0.54;-6.28;0.55;-6.15;0.55;-6.02
6;16.0;22.0;0.5;10;100;5;Successful;Effective;No;No;No;No;No;No;0.0;-5.0;0.25;-5.8;0.39;-6.23;0.47;-6.39;0.51;-6.39;0.54;-6.28;0.55;-6.15;0.55;-6.02
7;16.0;22.0;0.5;5;80;6;Successful;Effective;collision;19.94;vtypeauto.1;vtypeauto.0;516.08;edge_0_0_0;0.0;-6.0;0.2;-6.95;0.32;-7.45;0.38;-7.64;0.41;-7.63;0.43;-7.5;0.44;-7.28;0.44;-7.11
8;16.0;22.0;0.5;8;80;6;Successful;Effective;No;No;No;No;No;No;0.0;-6.0;0.2;-6.95;0.32;-7.45;0.38;-7.64;0.41;-7.63;0.43;-7.5;0.44;-7.28;0.44;-7.11
9;16.0;22.0;0.5;10;80;6;Successful;Effective;No;No;No;No;No;No;0.0;-6.0;0.2;-6.95;0.32;-7.45;0.38;-7.64;0.41;-7.63;0.43;-7.5;0.44;-7.28;0.44;-7.11
10;16.0;22.0;0.5;5;100;6;Successful;Effective;collision;20.05;vtypeauto.1;vtypeauto.0;634.37;edge_0_0_0;0.0;-6.0;0.25;-6.96;0.39;-7.46;0.47;-7.65;0.51;-7.65;0.54;-7.52;0.55;-7.36;0.55;-7.21
11;16.0;22.0;0.5;8;100;6;Successful;Effective;No;No;No;No;No;No;0.0;-6.0;0.25;-6.96;0.39;-7.46;0.47;-7.65;0.51;-7.65;0.54;-7.52;0.55;-7.36;0.55;-7.21
12;16.0;22.0;0.5;10;100;6;Successful;Effective;No;No;No;No;No;No;0.0;-6.0;0.25;-6.96;0.39;-7.46;0.47;-7.65;0.51;-7.65;0.54;-7.52;0.55;-7.36;0.55;-7.21
13;16.0;22.0;0.5;5;80;7;Successful;Effective;collision;19.51;vtypeauto.1;vtypeauto.0;510.16;edge_0_0_0;0.0;-7.0;0.2;-8.11;0.32;-8.69;0.38;-8.9;0.41;-8.89;0.43;-8.62;0.44;-8.29;0.44;-8.11
14;16.0;22.0;0.5;8;80;7;Successful;Effective;No;No;No;No;No;No;0.0;-7.0;0.2;-8.11;0.32;-8.69;0.38;-8.9;0.41;-8.89;0.43;-8.62;0.44;-8.29;0.44;-8.11
15;16.0;22.0;0.5;10;80;7;Successful;Effective;No;No;No;No;No;No;0.0;-7.0;0.2;-8.11;0.32;-8.69;0.38;-8.9;0.41;-8.89;0.43;-8.62;0.44;-8.29;0.44;-8.11
16;16.0;22.0;0.5;5;100;7;Successful;Effective;collision;19.59;vtypeauto.1;vtypeauto.0;625.72;edge_0_0_0;0.0;-7.0;0.25;-8.11;0.39;-8.7;0.47;-8.92;0.51;-8.91;0.54;-8.75;0.55;-8.57;0.55;-8.38
17;16.0;22.0;0.5;8;100;7;Successful;Effective;No;No;No;No;No;No;0.0;-7.0;0.25;-8.11;0.39;-8.7;0.47;-8.92;0.51;-8.91;0.54;-8.75;0.55;-8.57;0.55;-8.38
18;16.0;22.0;0.5;10;100;7;Successful;Effective;No;No;No;No;No;No;0.0;-7.0;0.25;-8.11;0.39;-8.7;0.47;-8.92;0.51;-8.91;0.54;-8.75;0.55;-8.57;0.55;-8.38
19;16.0;22.0;0.5;5;80;8;Successful;Effective;collision;19.23;vtypeauto.1;vtypeauto.0;506.00;edge_0_0_0;0.0;-7.99;0.2;-9.0;0.32;-9.0;0.38;-9.0;0.41;-9.0;0.43;-9.0;0.44;-9.0;0.44;-9.0
20;16.0;22.0;0.5;8;80;8;Successful;Effective;No;No;No;No;No;No;0.0;-7.99;0.2;-9.0;0.32;-9.0;0.38;-9.0;0.41;-9.0;0.43;-9.0;0.44;-9.0;0.44;-9.0
21;16.0;22.0;0.5;10;80;8;Successful;Effective;No;No;No;No;No;No;0.0;-7.99;0.2;-9.0;0.32;-9.0;0.38;-9.0;0.41;-9.0;0.43;-9.0;0.44;-9.0;0.44;-9.0
22;16.0;22.0;0.5;5;100;8;Successful;Effective;collision;19.29;vtypeauto.1;vtypeauto.0;619.74;edge_0_0_0;0.0;-8.0;0.25;-9.0;0.39;-9.0;0.47;-9.0;0.51;-9.0;0.54;-9.0;0.55;-9.0;0.55;-9.0
23;16.0;22.0;0.5;8;100;8;Successful;Effective;collision;20.51;vtypeauto.1;vtypeauto.0;650.98;edge_0_0_0;0.0;-8.0;0.25;-9.0;0.39;-9.0;0.47;-9.0;0.51;-9.0;0.54;-9.0;0.55;-9.0;0.55;-9.0
24;16.0;22.0;0.5;10;100;8;Successful;Effective;No;No;No;No;No;No;0.0;-8.0;0.25;-9.0;0.39;-9.0;0.47;-9.0;0.51;-9.0;0.54;-9.0;0.55;-9.0;0.55;-9.0
25;16.1;22.1;0.5;5;80;5;Successful;Effective;collision;20.82;vtypeauto.1;vtypeauto.0;526.03;edge_0_0_0;0.0;-5.0;0.2;-5.8;0.32;-6.22;0.38;-6.37;0.41;-6.37;0.43;-6.26;0.44;-6.13;0.44;-6.01
26;16.1;22.1;0.5;8;80;5;Successful;Effective;No;No;No;No;No;No;0.0;-5.0;0.2;-5.8;0.32;-6.22;0.38;-6.37;0.41;-6.37;0.43;-6.26;0.44;-6.13;0.44;-6.01
27;16.1;22.1;0.5;10;80;5;Successful;Effective;No;No;No;No;No;No;0.0;-5.0;0.2;-5.8;0.32;-6.22;0.38;-6.37;0.41;-6.37;0.43;-6.26;0.44;-6.13;0.44;-6.01
28;16.1;22.1;0.5;5;100;5;Successful;Effective;collision;21.04;vtypeauto.1;vtypeauto.0;650.13;edge_0_0_0;0.0;-5.0;0.25;-5.8;0.39;-6.23;0.47;-6.39;0.51;-6.39;0.54;-6.28;0.55;-6.15;0.55;-6.03
29;16.1;22.1;0.5;8;100;5;Successful;Effective;No;No;No;No;No;No;0.0;-5.0;0.25;-5.8;0.39;-6.23;0.47;-6.39;0.51;-6.39;0.54;-6.28;0.55;-6.15;0.55;-6.03
30;16.1;22.1;0.5;10;100;5;Successful;Effective;No;No;No;No;No;No;0.0;-5.0;0.25;-5.8;0.39;-6.23;0.47;-6.39;0.51;-6.39;0.54;-6.28;0.55;-6.15;0.55;-6.03
31;16.1;22.1;0.5;5;80;6;Successful;Effective;collision;19.94;vtypeauto.1;vtypeauto.0;516.08;edge_0_0_0;0.0;-6.0;0.2;-6.95;0.32;-7.45;0.38;-7.64;0.41;-7.63;0.43;-7.5;0.44;-7.28;0.44;-7.11
32;16.1;22.1;0.5;8;80;6;Successful;Effective;No;No;No;No;No;No;0.0;-6.0;0.2;-6.95;0.32;-7.45;0.38;-7.64;0.41;-7.63;0.43;-7.5;0.44;-7.28;0.44;-7.11
33;16.1;22.1;0.5;10;80;6;Successful;Effective;No;No;No;No;No;No;0.0;-6.0;0.2;-6.95;0.32;-7.45;0.38;-7.64;0.41;-7.63;0.43;-7.5;0.44;-7.28;0.44;-7.11
34;16.1;22.1;0.5;5;100;6;Successful;Effective;collision;20.05;vtypeauto.1;vtypeauto.0;634.37;edge_0_0_0;0.0;-6.0;0.25;-6.96;0.39;-7.46;0.47;-7.65;0.51;-7.65;0.54;-7.52;0.55;-7.36;0.55;-7.21
35;16.1;22.1;0.5;8;100;6;Successful;Effective;No;No;No;No;No;No;0.0;-6.0;0.25;-6.96;0.39;-7.46;0.47;-7.65;0.51;-7.65;0.54;-7.52;0.55;-7.36;0.55;-7.21
36;16.1;22.1;0.5;10;100;6;Successful;Effective;No;No;No;No;No;No;0.0;-6.0;0.25;-6.96;0.39;-7.46;0.47;-7.65;0.51;-7.65;0.54;-7.52;0.55;-7.36;0.55;-7.21
37;16.1;22.1;0.5;5;80;7;Successful;Effective;collision;19.51;vtypeauto.1;vtypeauto.0;510.16;edge_0_0_0;0.0;-7.0;0.2;-8.11;0.32;-8.69;0.38;-8.9;0.41;-8.89;0.43;-8.62;0.44;-8.29;0.44;-8.11
38;16.1;22.1;0.5;8;80;7;Successful;Effective;No;No;No;No;No;No;0.0;-7.0;0.2;-8.11;0.32;-8.69;0.38;-8.9;0.41;-8.89;0.43;-8.62;0.44;-8.29;0.44;-8.11
39;16.1;22.1;0.5;10;80;7;Successful;Effective;No;No;No;No;No;No;0.0;-7.0;0.2;-8.11;0.32;-8.69;0.38;-8.9;0.41;-8.89;0.43;-8.62;0.44;-8.29;0.44;-8.11
40;16.1;22.1;0.5;5;100;7;Successful;Effective;collision;19.59;vtypeauto.1;vtypeauto.0;625.72;edge_0_0_0;0.0;-7.0;0.25;-8.11;0.39;-8.7;0.47;-8.92;0.51;-8.91;0.54;-8.75;0.55;-8.55;0.55;-8.36
41;16.1;22.1;0.5;8;100;7;Successful;Effective;No;No;No;No;No;No;0.0;-7.0;0.25;-8.11;0.39;-8.7;0.47;-8.92;0.51;-8.91;0.54;-8.75;0.55;-8.55;0.55;-8.36
42;16.1;22.1;0.5;10;100;7;Successful;Effective;No;No;No;No;No;No;0.0;-7.0;0.25;-8.11;0.39;-8.7;0.47;-8.92;0.51;-8.91;0.54;-8.75;0.55;-8.55;0.55;-8.36
43;16.1;22.1;0.5;5;80;8;Successful;Effective;collision;19.23;vtypeauto.1;vtypeauto.0;506.00;edge_0_0_0;0.0;-7.99;0.2;-9.0;0.32;-9.0;0.38;-9.0;0.41;-9.0;0.43;-9.0;0.44;-9.0;0.44;-9.0
44;16.1;22.1;0.5;8;80;8;Successful;Effective;No;No;No;No;No;No;0.0;-7.99;0.2;-9.0;0.32;-9.0;0.38;-9.0;0.41;-9.0;0.43;-9.0;0.44;-9.0;0.44;-9.0
45;16.1;22.1;0.5;10;80;8;Successful;Effective;No;No;No;No;No;No;0.0;-7.99;0.2;-9.0;0.32;-9.0;0.38;-9.0;0.41;-9.0;0.43;-9.0;0.44;-9.0;0.44;-9.0
46;16.1;22.1;0.5;5;100;8;Successful;Effective;collision;19.29;vtypeauto.1;vtypeauto.0;619.74;edge_0_0_0;0.0;-8.0;0.25;-9.0;0.39;-9.0;0.47;-9.0;0.51;-9.0;0.54;-9.0;0.55;-9.0;0.55;-9.0
47;16.1;22.1;0.5;8;100;8;Successful;Effective;collision;20.51;vtypeauto.1;vtypeauto.0;650.98;edge_0_0_0;0.0;-8.0;0.25;-9.0;0.39;-9.0;0.47;-9.0;0.51;-9.0;0.54;-9.0;0.55;-9.0;0.55;-9.0
48;16.1;22.1;0.5;10;100;8;Successful;Effective;No;No;No;No;No;No;0.0;-8.0;0.25;-9.0;0.39;-9.0;0.47;-9.0;0.51;-9.0;0.54;-9.0;0.55;-9.0;0.55;-9.0
49;16.2;22.2;0.5;5;80;5;Successful;Effective;collision;20.82;vtypeauto.1;vtypeauto.0;526.03;edge_0_0_0;0.0;-5.0;0.2;-5.8;0.32;-6.22;0.38;-6.37;0.41;-6.37;0.43;-6.26;0.44;-6.13;0.44;-6.01
50;16.2;22.2;0.5;8;80;5;Successful;Effective;No;No;No;No;No;No;0.0;-5.0;0.2;-5.8;0.32;-6.22;0.38;-6.37;0.41;-6.37;0.43;-6.26;0.44;-6.13;0.44;-6.01
51;16.2;22.2;0.5;10;80;5;Successful;Effective;No;No;No;No;No;No;0.0;-5.0;0.2;-5.8;0.32;-6.22;0.38;-6.37;0.41;-6.37;0.43;-6.26;0.44;-6.13;0.44;-6.01
52;16.2;22.2;0.5;5;100;5;Successful;Effective;collision;21.04;vtypeauto.1;vtypeauto.0;650.13;edge_0_0_0;0.0;-5.0;0.25;-5.8;0.39;-6.23;0.47;-6.39;0.51;-6.39;0.54;-6.28;0.55;-6.15;0.55;-6.03
53;16.2;22.2;0.5;8;100;5;Successful;Effective;No;No;No;No;No;No;0.0;-5.0;0.25;-5.8;0.39;-6.23;0.47;-6.39;0.51;-6.39;0.54;-6.28;0.55;-6.15;0.55;-6.03
54;16.2;22.2;0.5;10;100;5;Successful;Effective;No;No;No;No;No;No;0.0;-5.0;0.25;-5.8;0.39;-6.23;0.47;-6.39;0.51;-6.39;0.54;-6.28;0.55;-6.15;0.55;-6.03
55;16.2;22.2;0.5;5;80;6;Successful;Effective;collision;19.94;vtypeauto.1;vtypeauto.0;516.08;edge_0_0_0;0.0;-6.0;0.2;-6.95;0.32;-7.45;0.38;-7.64;0.41;-7.63;0.43;-7.5;0.44;-7.28;0.44;-7.11
56;16.2;22.2;0.5;8;80;6;Successful;Effective;No;No;No;No;No;No;0.0;-6.0;0.2;-6.95;0.32;-7.45;0.38;-7.64;0.41;-7.63;0.43;-7.5;0.44;-7.28;0.44;-7.11
57;16.2;22.2;0.5;10;80;6;Successful;Effective;No;No;No;No;No;No;0.0;-6.0;0.2;-6.95;0.32;-7.45;0.38;-7.64;0.41;-7.63;0.43;-7.5;0.44;-7.28;0.44;-7.11
58;16.2;22.2;0.5;5;100;6;Successful;Effective;collision;20.05;vtypeauto.1;vtypeauto.0;634.37;edge_0_0_0;0.0;-6.0;0.25;-6.96;0.39;-7.46;0.47;-7.65;0.51;-7.65;0.54;-7.52;0.55;-7.36;0.55;-7.22
59;16.2;22.2;0.5;8;100;6;Successful;Effective;No;No;No;No;No;No;0.0;-6.0;0.25;-6.96;0.39;-7.46;0.47;-7.65;0.51;-7.65;0.54;-7.52;0.55;-7.36;0.55;-7.22
60;16.2;22.2;0.5;10;100;6;Successful;Effective;No;No;No;No;No;No;0.0;-6.0;0.25;-6.96;0.39;-7.46;0.47;-7.65;0.51;-7.65;0.54;-7.52;0.55;-7.36;0.55;-7.22
61;16.2;22.2;0.5;5;80;7;Successful;Effective;collision;19.51;vtypeauto.1;vtypeauto.0;510.16;edge_0_0_0;0.0;-7.0;0.2;-8.11;0.32;-8.69;0.38;-8.9;0.41;-8.89;0.43;-8.62;0.44;-8.29;0.44;-8.11
62;16.2;22.2;0.5;8;80;7;Successful;Effective;No;No;No;No;No;No;0.0;-7.0;0.2;-8.11;0.32;-8.69;0.38;-8.9;0.41;-8.89;0.43;-8.62;0.44;-8.29;0.44;-8.11
63;16.2;22.2;0.5;10;80;7;Successful;Effective;No;No;No;No;No;No;0.0;-7.0;0.2;-8.11;0.32;-8.69;0.38;-8.9;0.41;-8.89;0.43;-8.62;0.44;-8.29;0.44;-8.11
64;16.2;22.2;0.5;5;100;7;Successful;Effective;collision;19.59;vtypeauto.1;vtypeauto.0;625.72;edge_0_0_0;0.0;-7.0;0.25;-8.11;0.39;-8.7;0.47;-8.92;0.51;-8.91;0.54;-8.75;0.55;-8.55;0.55;-8.36
65;16.2;22.2;0.5;8;100;7;Successful;Effective;No;No;No;No;No;No;0.0;-7.0;0.25;-8.11;0.39;-8.7;0.47;-8.92;0.51;-8.91;0.54;-8.75;0.55;-8.55;0.55;-8.36
66;16.2;22.2;0.5;10;100;7;Successful;Effective;No;No;No;No;No;No;0.0;-7.0;0.25;-8.11;0.39;-8.7;0.47;-8.92;0.51;-8.91;0.54;-8.75;0.55;-8.55;0.55;-8.36
67;16.2;22.2;0.5;5;80;8;Successful;Effective;collision;19.23;vtypeauto.1;vtypeauto.0;506.00;edge_0_0_0;0.0;-7.99;0.2;-9.0;0.32;-9.0;0.38;-9.0;0.41;-9.0;0.43;-9.0;0.44;-9.0;0.44;-9.0
68;16.2;22.2;0.5;8;80;8;Successful;Effective;No;No;No;No;No;No;0.0;-7.99;0.2;-9.0;0.32;-9.0;0.38;-9.0;0.41;-9.0;0.43;-9.0;0.44;-9.0;0.44;-9.0
69;16.2;22.2;0.5;10;80;8;Successful;Effective;No;No;No;No;No;No;0.0;-7.99;0.2;-9.0;0.32;-9.0;0.38;-9.0;0.41;-9.0;0.43;-9.0;0.44;-9.0;0.44;-9.0
70;16.2;22.2;0.5;5;100;8;Successful;Effective;collision;19.29;vtypeauto.1;vtypeauto.0;619.74;edge_0_0_0;0.0;-8.0;0.25;-9.0;0.39;-9.0;0.47;-9.0;0.51;-9.0;0.54;-9.0;0.55;-9.0;0.55;-9.0
71;16.2;22.2;0.5;8;100;8;Successful;Effective;collision;20.51;vtypeauto.1;vtypeauto.0;650.98;edge_0_0_0;0.0;-8.0;0.25;-9.0;0.39;-9.0;0.47;-9.0;0.51;-9.0;0.54;-9.0;0.55;-9.0;0.55;-9.0
72;16.2;22.2;0.5;10;100;8;Successful;Effective;No;No;No;No;No;No;0.0;-8.0;0.25;-9.0;0.39;-9.0;0.47;-9.0;0.51;-9.0;0.54;-9.0;0.55;-9.0;0.55;-9.0
73;16.3;22.3;0.5;5;80;5;Successful;Effective;collision;20.82;vtypeauto.1;vtypeauto.0;526.03;edge_0_0_0;0.0;-5.0;0.2;-5.8;0.32;-6.22;0.38;-6.37;0.41;-6.37;0.43;-6.26;0.44;-6.13;0.44;-6.02
74;16.3;22.3;0.5;8;80;5;Successful;Effective;No;No;No;No;No;No;0.0;-5.0;0.2;-5.8;0.32;-6.22;0.38;-6.37;0.41;-6.37;0.43;-6.26;0.44;-6.13;0.44;-6.02
75;16.3;22.3;0.5;10;80;5;Successful;Effective;No;No;No;No;No;No;0.0;-5.0;0.2;-5.8;0.32;-6.22;0.38;-6.37;0.41;-6.37;0.43;-6.26;0.44;-6.13;0.44;-6.02
76;16.3;22.3;0.5;5;100;5;Successful;Effective;collision;21.04;vtypeauto.1;vtypeauto.0;650.13;edge_0_0_0;0.0;-5.0;0.25;-5.8;0.39;-6.23;0.47;-6.39;0.51;-6.39;0.54;-6.28;0.55;-6.15;0.55;-6.04
77;16.3;22.3;0.5;8;100;5;Successful;Effective;No;No;No;No;No;No;0.0;-5.0;0.25;-5.8;0.39;-6.23;0.47;-6.39;0.51;-6.39;0.54;-6.28;0.55;-6.15;0.55;-6.04
78;16.3;22.3;0.5;10;100;5;Successful;Effective;No;No;No;No;No;No;0.0;-5.0;0.25;-5.8;0.39;-6.23;0.47;-6.39;0.51;-6.39;0.54;-6.28;0.55;-6.15;0.55;-6.04
79;16.3;22.3;0.5;5;80;6;Successful;Effective;collision;19.94;vtypeauto.1;vtypeauto.0;516.08;edge_0_0_0;0.0;-6.0;0.2;-6.95;0.32;-7.45;0.38;-7.64;0.41;-7.63;0.43;-7.5;0.44;-7.28;0.44;-7.11
80;16.3;22.3;0.5;8;80;6;Successful;Effective;No;No;No;No;No;No;0.0;-6.0;0.2;-6.95;0.32;-7.45;0.38;-7.64;0.41;-7.63;0.43;-7.5;0.44;-7.28;0.44;-7.11
81;16.3;22.3;0.5;10;80;6;Successful;Effective;No;No;No;No;No;No;0.0;-6.0;0.2;-6.95;0.32;-7.45;0.38;-7.64;0.41;-7.63;0.43;-7.5;0.44;-7.28;0.44;-7.11
82;16.3;22.3;0.5;5;100;6;Successful;Effective;collision;20.05;vtypeauto.1;vtypeauto.0;634.37;edge_0_0_0;0.0;-6.0;0.25;-6.96;0.39;-7.46;0.47;-7.65;0.51;-7.65;0.54;-7.52;0.55;-7.36;0.55;-7.22
83;16.3;22.3;0.5;8;100;6;Successful;Effective;No;No;No;No;No;No;0.0;-6.0;0.25;-6.96;0.39;-7.46;0.47;-7.65;0.51;-7.65;0.54;-7.52;0.55;-7.36;0.55;-7.22
84;16.3;22.3;0.5;10;100;6;Successful;Effective;No;No;No;No;No;No;0.0;-6.0;0.25;-6.96;0.39;-7.46;0.47;-7.65;0.51;-7.65;0.54;-7.52;0.55;-7.36;0.55;-7.22
85;16.3;22.3;0.5;5;80;7;Successful;Effective;collision;19.51;vtypeauto.1;vtypeauto.0;510.16;edge_0_0_0;0.0;-7.0;0.2;-8.11;0.32;-8.69;0.38;-8.9;0.41;-8.89;0.43;-8.62;0.44;-8.29;0.44;-8.11
86;16.3;22.3;0.5;8;80;7;Successful;Effective;No;No;No;No;No;No;0.0;-7.0;0.2;-8.11;0.32;-8.69;0.38;-8.9;0.41;-8.89;0.43;-8.62;0.44;-8.29;0.44;-8.11
87;16.3;22.3;0.5;10;80;7;Successful;Effective;No;No;No;No;No;No;0.0;-7.0;0.2;-8.11;0.32;-8.69;0.38;-8.9;0.41;-8.89;0.43;-8.62;0.44;-8.29;0.44;-8.11
88;16.3;22.3;0.5;5;100;7;Successful;Effective;collision;19.59;vtypeauto.1;vtypeauto.0;625.72;edge_0_0_0;0.0;-7.0;0.25;-8.11;0.39;-8.7;0.47;-8.92;0.51;-8.91;0.54;-8.75;0.55;-8.55;0.55;-8.36
89;16.3;22.3;0.5;8;100;7;Successful;Effective;No;No;No;No;No;No;0.0;-7.0;0.25;-8.11;0.39;-8.7;0.47;-8.92;0.51;-8.91;0.54;-8.75;0.55;-8.55;0.55;-8.36
90;16.3;22.3;0.5;10;100;7;Successful;Effective;No;No;No;No;No;No;0.0;-7.0;0.25;-8.11;0.39;-8.7;0.47;-8.92;0.51;-8.91;0.54;-8.75;0.55;-8.55;0.55;-8.36
91;16.3;22.3;0.5;5;80;8;Successful;Effective;collision;19.23;vtypeauto.1;vtypeauto.0;506.00;edge_0_0_0;0.0;-7.99;0.2;-9.0;0.32;-9.0;0.38;-9.0;0.41;-9.0;0.43;-9.0;0.44;-9.0;0.44;-9.0
92;16.3;22.3;0.5;8;80;8;Successful;Effective;No;No;No;No;No;No;0.0;-7.99;0.2;-9.0;0.32;-9.0;0.38;-9.0;0.41;-9.0;0.43;-9.0;0.44;-9.0;0.44;-9.0
93;16.3;22.3;0.5;10;80;8;Successful;Effective;No;No;No;No;No;No;0.0;-7.99;0.2;-9.0;0.32;-9.0;0.38;-9.0;0.41;-9.0;0.43;-9.0;0.44;-9.0;0.44;-9.0
94;16.3;22.3;0.5;5;100;8;Successful;Effective;collision;19.29;vtypeauto.1;vtypeauto.0;619.74;edge_0_0_0;0.0;-8.0;0.25;-9.0;0.39;-9.0;0.47;-9.0;0.51;-9.0;0.54;-9.0;0.55;-9.0;0.55;-9.0
95;16.3;22.3;0.5;8;100;8;Successful;Effective;collision;20.51;vtypeauto.1;vtypeauto.0;650.98;edge_0_0_0;0.0;-8.0;0.25;-9.0;0.39;-9.0;0.47;-9.0;0.51;-9.0;0.54;-9.0;0.55;-9.0;0.55;-9.0
96;16.3;22.3;0.5;10;100;8;Successful;Effective;No;No;No;No;No;No;0.0;-8.0;0.25;-9.0;0.39;-9.0;0.47;-9.0;0.51;-9.0;0.54;-9.0;0.55;-9.0;0.55;-9.0
97;16.4;22.4;0.5;5;80;5;Successful;Effective;collision;20.82;vtypeauto.1;vtypeauto.0;526.03;edge_0_0_0;0.0;-5.0;0.2;-5.8;0.32;-6.22;0.38;-6.37;0.41;-6.37;0.43;-6.26;0.44;-6.13;0.44;-6.02
98;16.4;22.4;0.5;8;80;5;Successful;Effective;No;No;No;No;No;No;0.0;-5.0;0.2;-5.8;0.32;-6.22;0.38;-6.37;0.41;-6.37;0.43;-6.26;0.44;-6.13;0.44;-6.02
99;16.4;22.4;0.5;10;80;5;Successful;Effective;No;No;No;No;No;No;0.0;-5.0;0.2;-5.8;0.32;-6.22;0.38;-6.37;0.41;-6.37;0.43;-6.26;0.44;-6.13;0.44;-6.02
100;16.4;22.4;0.5;5;100;5;Successful;Effective;collision;21.04;vtypeauto.1;vtypeauto.0;650.13;edge_0_0_0;0.0;-5.0;0.25;-5.8;0.39;-6.23;0.47;-6.39;0.51;-6.39;0.54;-6.28;0.55;-6.15;0.55;-6.04
101;16.4;22.4;0.5;8;100;5;Successful;Effective;No;No;No;No;No;No;0.0;-5.0;0.25;-5.8;0.39;-6.23;0.47;-6.39;0.51;-6.39;0.54;-6.28;0.55;-6.15;0.55;-6.04
102;16.4;22.4;0.5;10;100;5;Successful;Effective;No;No;No;No;No;No;0.0;-5.0;0.25;-5.8;0.39;-6.23;0.47;-6.39;0.51;-6.39;0.54;-6.28;0.55;-6.15;0.55;-6.04
103;16.4;22.4;0.5;5;80;6;Successful;Effective;collision;19.94;vtypeauto.1;vtypeauto.0;516.08;edge_0_0_0;0.0;-6.0;0.2;-6.95;0.32;-7.45;0.38;-7.64;0.41;-7.63;0.43;-7.5;0.44;-7.28;0.44;-7.11
104;16.4;22.4;0.5;8;80;6;Successful;Effective;No;No;No;No;No;No;0.0;-6.0;0.2;-6.95;0.32;-7.45;0.38;-7.64;0.41;-7.63;0.43;-7.5;0.44;-7.28;0.44;-7.11
105;16.4;22.4;0.5;10;80;6;Successful;Effective;No;No;No;No;No;No;0.0;-6.0;0.2;-6.95;0.32;-7.45;0.38;-7.64;0.41;-7.63;0.43;-7.5;0.44;-7.28;0.44;-7.11
106;16.4;22.4;0.5;5;100;6;Successful;Effective;collision;20.05;vtypeauto.1;vtypeauto.0;634.37;edge_0_0_0;0.0;-6.0;0.25;-6.96;0.39;-7.46;0.47;-7.65;0.51;-7.65;0.54;-7.52;0.55;-7.36;0.55;-7.22
107;16.4;22.4;0.5;8;100;6;Successful;Effective;No;No;No;No;No;No;0.0;-6.0;0.25;-6.96;0.39;-7.46;0.47;-7.65;0.51;-7.65;0.54;-7.52;0.55;-7.36;0.55;-7.22
108;16.4;22.4;0.5;10;100;6;Successful;Effective;No;No;No;No;No;No;0.0;-6.0;0.25;-6.96;0.39;-7.46;0.47;-7.65;0.51;-7.65;0.54;-7.52;0.55;-7.36;0.55;-7.22
109;16.4;22.4;0.5;5;80;7;Successful;Effective;collision;19.51;vtypeauto.1;vtypeauto.0;510.16;edge_0_0_0;0.0;-7.0;0.2;-8.11;0.32;-8.69;0.38;-8.9;0.41;-8.89;0.43;-8.62;0.44;-8.29;0.44;-8.11
110;16.4;22.4;0.5;8;80;7;Successful;Effective;No;No;No;No;No;No;0.0;-7.0;0.2;-8.11;0.32;-8.69;0.38;-8.9;0.41;-8.89;0.43;-8.62;0.44;-8.29;0.44;-8.11
111;16.4;22.4;0.5;10;80;7;Successful;Effective;No;No;No;No;No;No;0.0;-7.0;0.2;-8.11;0.32;-8.69;0.38;-8.9;0.41;-8.89;0.43;-8.62;0.44;-8.29;0.44;-8.11
112;16.4;22.4;0.5;5;100;7;Successful;Effective;collision;19.59;vtypeauto.1;vtypeauto.0;625.72;edge_0_0_0;0.0;-7.0;0.25;-8.11;0.39;-8.7;0.47;-8.92;0.51;-8.91;0.54;-8.76;0.55;-8.56;0.55;-8.36
113;16.4;22.4;0.5;8;100;7;Successful;Effective;No;No;No;No;No;No;0.0;-7.0;0.25;-8.11;0.39;-8.7;0.47;-8.92;0.51;-8.91;0.54;-8.76;0.55;-8.56;0.55;-8.36
114;16.4;22.4;0.5;10;100;7;Successful;Effective;No;No;No;No;No;No;0.0;-7.0;0.25;-8.11;0.39;-8.7;0.47;-8.92;0.51;-8.91;0.54;-8.76;0.55;-8.56;0.55;-8.36
115;16.4;22.4;0.5;5;80;8;Successful;Effective;collision;19.23;vtypeauto.1;vtypeauto.0;506.00;edge_0_0_0;0.0;-7.99;0.2;-9.0;0.32;-9.0;0.38;-9.0;0.41;-9.0;0.43;-9.0;0.44;-9.0;0.44;-9.0
116;16.4;22.4;0.5;8;80;8;Successful;Effective;No;No;No;No;No;No;0.0;-7.99;0.2;-9.0;0.32;-9.0;0.38;-9.0;0.41;-9.0;0.43;-9.0;0.44;-9.0;0.44;-9.0
117;16.4;22.4;0.5;10;80;8;Successful;Effective;No;No;No;No;No;No;0.0;-7.99;0.2;-9.0;0.32;-9.0;0.38;-9.0;0.41;-9.0;0.43;-9.0;0.44;-9.0;0.44;-9.0
118;16.4;22.4;0.5;5;100;8;Successful;Effective;collision;19.29;vtypeauto.1;vtypeauto.0;619.74;edge_0_0_0;0.0;-8.0;0.25;-9.0;0.39;-9.0;0.47;-9.0;0.51;-9.0;0.54;-9.0;0.55;-9.0;0.55;-9.0
119;16.4;22.4;0.5;8;100;8;Successful;Effective;collision;20.51;vtypeauto.1;vtypeauto.0;650.98;edge_0_0_0;0.0;-8.0;0.25;-9.0;0.39;-9.0;0.47;-9.0;0.51;-9.0;0.54;-9.0;0.55;-9.0;0.55;-9.0
120;16.4;22.4;0.5;10;100;8;Successful;Effective;No;No;No;No;No;No;0.0;-8.0;0.25;-9.0;0.39;-9.0;0.47;-9.0;0.51;-9.0;0.54;-9.0;0.55;-9.0;0.55;-9.0
121;16.5;22.5;0.5;5;80;5;Successful;Effective;collision;20.82;vtypeauto.1;vtypeauto.0;526.03;edge_0_0_0;0.0;-5.0;0.2;-5.8;0.32;-6.22;0.38;-6.37;0.41;-6.37;0.43;-6.26;0.44;-6.13;0.44;-6.01
122;16.5;22.5;0.5;8;80;5;Successful;Effective;No;No;No;No;No;No;0.0;-5.0;0.2;-5.8;0.32;-6.22;0.38;-6.37;0.41;-6.37;0.43;-6.26;0.44;-6.13;0.44;-6.01
123;16.5;22.5;0.5;10;80;5;Successful;Effective;No;No;No;No;No;No;0.0;-5.0;0.2;-5.8;0.32;-6.22;0.38;-6.37;0.41;-6.37;0.43;-6.26;0.44;-6.13;0.44;-6.01
124;16.5;22.5;0.5;5;100;5;Successful;Effective;collision;21.04;vtypeauto.1;vtypeauto.0;650.13;edge_0_0_0;0.0;-5.0;0.25;-5.8;0.39;-6.23;0.47;-6.39;0.51;-6.39;0.54;-6.28;0.55;-6.15;0.55;-6.04
125;16.5;22.5;0.5;8;100;5;Successful;Effective;No;No;No;No;No;No;0.0;-5.0;0.25;-5.8;0.39;-6.23;0.47;-6.39;0.51;-6.39;0.54;-6.28;0.55;-6.15;0.55;-6.04
126;16.5;22.5;0.5;10;100;5;Successful;Effective;No;No;No;No;No;No;0.0;-5.0;0.25;-5.8;0.39;-6.23;0.47;-6.39;0.51;-6.39;0.54;-6.28;0.55;-6.15;0.55;-6.04
127;16.5;22.5;0.5;5;80;6;Successful;Effective;collision;19.94;vtypeauto.1;vtypeauto.0;516.08;edge_0_0_0;0.0;-6.0;0.2;-6.95;0.32;-7.45;0.38;-7.64;0.41;-7.63;0.43;-7.5;0.44;-7.28;0.44;-7.11
128;16.5;22.5;0.5;8;80;6;Successful;Effective;No;No;No;No;No;No;0.0;-6.0;0.2;-6.95;0.32;-7.45;0.38;-7.64;0.41;-7.63;0.43;-7.5;0.44;-7.28;0.44;-7.11
129;16.5;22.5;0.5;10;80;6;Successful;Effective;No;No;No;No;No;No;0.0;-6.0;0.2;-6.95;0.32;-7.45;0.38;-7.64;0.41;-7.63;0.43;-7.5;0.44;-7.28;0.44;-7.11
130;16.5;22.5;0.5;5;100;6;Successful;Effective;collision;20.05;vtypeauto.1;vtypeauto.0;634.37;edge_0_0_0;0.0;-6.0;0.25;-6.96;0.39;-7.46;0.47;-7.65;0.51;-7.65;0.54;-7.52;0.55;-7.36;0.55;-7.22
131;16.5;22.5;0.5;8;100;6;Successful;Effective;No;No;No;No;No;No;0.0;-6.0;0.25;-6.96;0.39;-7.46;0.47;-7.65;0.51;-7.65;0.54;-7.52;0.55;-7.36;0.55;-7.22
132;16.5;22.5;0.5;10;100;6;Successful;Effective;No;No;No;No;No;No;0.0;-6.0;0.25;-6.96;0.39;-7.46;0.47;-7.65;0.51;-7.65;0.54;-7.52;0.55;-7.36;0.55;-7.22
133;16.5;22.5;0.5;5;80;7;Successful;Effective;collision;19.51;vtypeauto.1;vtypeauto.0;510.16;edge_0_0_0;0.0;-7.0;0.2;-8.11;0.32;-8.69;0.38;-8.9;0.41;-8.89;0.43;-8.62;0.44;-8.29;0.44;-8.11
134;16.5;22.5;0.5;8;80;7;Successful;Effective;No;No;No;No;No;No;0.0;-7.0;0.2;-8.11;0.32;-8.69;0.38;-8.9;0.41;-8.89;0.43;-8.62;0.44;-8.29;0.44;-8.11
135;16.5;22.5;0.5;10;80;7;Successful;Effective;No;No;No;No;No;No;0.0;-7.0;0.2;-8.11;0.32;-8.69;0.38;-8.9;0.41;-8.89;0.43;-8.62;0.44;-8.29;0.44;-8.11
136;16.5;22.5;0.5;5;100;7;Successful;Effective;collision;19.59;vtypeauto.1;vtypeauto.0;625.72;edge_0_0_0;0.0;-7.0;0.25;-8.11;0.39;-8.7;0.47;-8.92;0.51;-8.91;0.54;-8.76;0.55;-8.56;0.55;-8.36
137;16.5;22.5;0.5;8;100;7;Successful;Effective;No;No;No;No;No;No;0.0;-7.0;0.25;-8.11;0.39;-8.7;0.47;-8.92;0.51;-8.91;0.54;-8.76;0.55;-8.56;0.55;-8.36
138;16.5;22.5;0.5;10;100;7;Successful;Effective;No;No;No;No;No;No;0.0;-7.0;0.25;-8.11;0.39;-8.7;0.47;-8.92;0.51;-8.91;0.54;-8.76;0.55;-8.56;0.55;-8.36
139;16.5;22.5;0.5;5;80;8;Successful;Effective;collision;19.23;vtypeauto.1;vtypeauto.0;506.00;edge_0_0_0;0.0;-7.99;0.2;-9.0;0.32;-9.0;0.38;-9.0;0.41;-9.0;0.43;-9.0;0.44;-9.0;0.44;-9.0
140;16.5;22.5;0.5;8;80;8;Successful;Effective;No;No;No;No;No;No;0.0;-7.99;0.2;-9.0;0.32;-9.0;0.38;-9.0;0.41;-9.0;0.43;-9.0;0.44;-9.0;0.44;-9.0
141;16.5;22.5;0.5;10;80;8;Successful;Effective;No;No;No;No;No;No;0.0;-7.99;0.2;-9.0;0.32;-9.0;0.38;-9.0;0.41;-9.0;0.43;-9.0;0.44;-9.0;0.44;-9.0
142;16.5;22.5;0.5;5;100;8;Successful;Effective;collision;19.29;vtypeauto.1;vtypeauto.0;619.74;edge_0_0_0;0.0;-8.0;0.25;-9.0;0.39;-9.0;0.47;-9.0;0.51;-9.0;0.54;-9.0;0.55;-9.0;0.55;-9.0
143;16.5;22.5;0.5;8;100;8;Successful;Effective;collision;20.51;vtypeauto.1;vtypeauto.0;650.98;edge_0_0_0;0.0;-8.0;0.25;-9.0;0.39;-9.0;0.47;-9.0;0.51;-9.0;0.54;-9.0;0.55;-9.0;0.55;-9.0
144;16.5;22.5;0.5;10;100;8;Successful;Effective;No;No;No;No;No;No;0.0;-8.0;0.25;-9.0;0.39;-9.0;0.47;-9.0;0.51;-9.0;0.54;-9.0;0.55;-9.0;0.55;-9.0
145;16.6;22.6;0.5;5;80;5;Successful;Effective;collision;20.08;vtypeauto.1;vtypeauto.0;520.58;edge_0_0_0;0.0;-5.0;0.2;-5.93;0.32;-6.35;0.38;-6.49;0.41;-6.47;0.43;-6.35;0.44;-6.21;0.44;-6.07
146;16.6;22.6;0.5;8;80;5;Successful;Effective;No;No;No;No;No;No;0.0;-5.0;0.2;-5.93;0.32;-6.35;0.38;-6.49;0.41;-6.47;0.43;-6.35;0.44;-6.21;0.44;-6.07
147;16.6;22.6;0.5;10;80;5;Successful;Effective;No;No;No;No;No;No;0.0;-5.0;0.2;-5.93;0.32;-6.35;0.38;-6.49;0.41;-6.47;0.43;-6.35;0.44;-6.21;0.44;-6.07
148;16.6;22.6;0.5;5;100;5;Successful;Effective;collision;20.20;vtypeauto.1;vtypeauto.0;639.99;edge_0_0_0;0.0;-5.0;0.25;-5.94;0.39;-6.36;0.47;-6.51;0.51;-6.49;0.54;-6.37;0.55;-6.23;0.55;-6.1
149;16.6;22.6;0.5;8;100;5;Successful;Effective;No;No;No;No;No;No;0.0;-5.0;0.25;-5.94;0.39;-6.36;0.47;-6.51;0.51;-6.49;0.54;-6.37;0.55;-6.23;0.55;-6.1
150;16.6;22.6;0.5;10;100;5;Successful;Effective;No;No;No;No;No;No;0.0;-5.0;0.25;-5.94;0.39;-6.36;0.47;-6.51;0.51;-6.49;0.54;-6.37;0.55;-6.23;0.55;-6.1
151;16.6;22.6;0.5;5;80;6;Successful;Effective;collision;19.55;vtypeauto.1;vtypeauto.0;512.74;edge_0_0_0;0.0;-6.0;0.2;-7.12;0.32;-7.61;0.38;-7.78;0.41;-7.76;0.43;-7.6;0.44;-7.35;0.44;-7.16
152;16.6;22.6;0.5;8;80;6;Successful;Effective;No;No;No;No;No;No;0.0;-6.0;0.2;-7.12;0.32;-7.61;0.38;-7.78;0.41;-7.76;0.43;-7.6;0.44;-7.35;0.44;-7.16
153;16.6;22.6;0.5;10;80;6;Successful;Effective;No;No;No;No;No;No;0.0;-6.0;0.2;-7.12;0.32;-7.61;0.38;-7.78;0.41;-7.76;0.43;-7.6;0.44;-7.35;0.44;-7.16
154;16.6;22.6;0.5;5;100;6;Successful;Effective;collision;19.62;vtypeauto.1;vtypeauto.0;628.50;edge_0_0_0;0.0;-6.0;0.25;-7.12;0.39;-7.62;0.47;-7.79;0.51;-7.77;0.54;-7.62;0.55;-7.45;0.55;-7.3
155;16.6;22.6;0.5;8;100;6;Successful;Effective;No;No;No;No;No;No;0.0;-6.0;0.25;-7.12;0.39;-7.62;0.47;-7.79;0.51;-7.77;0.54;-7.62;0.55;-7.45;0.55;-7.3
156;16.6;22.6;0.5;10;100;6;Successful;Effective;No;No;No;No;No;No;0.0;-6.0;0.25;-7.12;0.39;-7.62;0.47;-7.79;0.51;-7.77;0.54;-7.62;0.55;-7.45;0.55;-7.3
157;16.6;22.6;0.5;5;80;7;Successful;Effective;collision;19.23;vtypeauto.1;vtypeauto.0;507.65;edge_0_0_0;0.0;-7.0;0.2;-8.3;0.32;-8.88;0.38;-9.0;0.41;-9.0;0.43;-8.71;0.44;-8.35;0.44;-8.17
158;16.6;22.6;0.5;8;80;7;Successful;Effective;collision;20.46;vtypeauto.1;vtypeauto.0;535.58;edge_0_0_0;0.0;-7.0;0.2;-8.3;0.32;-8.88;0.38;-9.0;0.41;-9.0;0.43;-8.71;0.44;-8.35;0.44;-8.17
159;16.6;22.6;0.5;10;80;7;Successful;Effective;No;No;No;No;No;No;0.0;-7.0;0.2;-8.3;0.32;-8.88;0.38;-9.0;0.41;-9.0;0.43;-8.71;0.44;-8.35;0.44;-8.17
160;16.6;22.6;0.5;5;100;7;Successful;Effective;collision;19.29;vtypeauto.1;vtypeauto.0;621.50;edge_0_0_0;0.0;-7.0;0.25;-8.3;0.39;-8.88;0.47;-9.0;0.51;-9.0;0.54;-8.87;0.55;-8.65;0.55;-8.44
161;16.6;22.6;0.5;8;100;7;Successful;Effective;collision;20.56;vtypeauto.1;vtypeauto.0;656.01;edge_0_0_0;0.0;-7.0;0.25;-8.3;0.39;-8.88;0.47;-9.0;0.51;-9.0;0.54;-8.87;0.55;-8.65;0.55;-8.44
162;16.6;22.6;0.5;10;100;7;Successful;Effective;No;No;No;No;No;No;0.0;-7.0;0.25;-8.3;0.39;-8.88;0.47;-9.0;0.51;-9.0;0.54;-8.87;0.55;-8.65;0.55;-8.44
163;16.6;22.6;0.5;5;80;8;Successful;Effective;collision;19.01;vtypeauto.1;vtypeauto.0;503.99;edge_0_0_0;0.0;-7.99;0.2;-9.0;0.32;-9.0;0.38;-9.0;0.41;-9.0;0.43;-9.0;0.44;-9.0;0.44;-9.0
164;16.6;22.6;0.5;8;80;8;Successful;Effective;collision;19.87;vtypeauto.1;vtypeauto.0;530.59;edge_0_0_0;0.0;-7.99;0.2;-9.0;0.32;-9.0;0.38;-9.0;0.41;-9.0;0.43;-9.0;0.44;-9.0;0.44;-9.0
165;16.6;22.6;0.5;10;80;8;Successful;Effective;No;No;No;No;No;No;0.0;-7.99;0.2;-9.0;0.32;-9.0;0.38;-9.0;0.41;-9.0;0.43;-9.0;0.44;-9.0;0.44;-9.0
166;16.6;22.6;0.5;5;100;8;Successful;Effective;collision;19.06;vtypeauto.1;vtypeauto.0;616.47;edge_0_0_0;0.0;-8.0;0.25;-9.0;0.39;-9.0;0.47;-9.0;0.51;-9.0;0.54;-9.0;0.55;-9.0;0.55;-9.0
167;16.6;22.6;0.5;8;100;8;Successful;Effective;collision;19.93;vtypeauto.1;vtypeauto.0;647.60;edge_0_0_0;0.0;-8.0;0.25;-9.0;0.39;-9.0;0.47;-9.0;0.51;-9.0;0.54;-9.0;0.55;-9.0;0.55;-9.0
168;16.6;22.6;0.5;10;100;8;Successful;Effective;collision;20.69;vtypeauto.1;vtypeauto.0;665.49;edge_0_0_0;0.0;-8.0;0.25;-9.0;0.39;-9.0;0.47;-9.0;0.51;-9.0;0.54;-9.0;0.55;-9.0;0.55;-9.0
169;16.7;22.7;0.5;5;80;5;Successful;Effective;collision;19.70;vtypeauto.1;vtypeauto.0;516.73;edge_0_0_0;0.0;-5.0;0.2;-6.07;0.32;-6.48;0.38;-6.61;0.41;-6.58;0.43;-6.44;0.44;-6.28;0.44;-6.13
170;16.7;22.7;0.5;8;80;5;Successful;Effective;No;No;No;No;No;No;0.0;-5.0;0.2;-6.07;0.32;-6.48;0.38;-6.61;0.41;-6.58;0.43;-6.44;0.44;-6.28;0.44;-6.13
171;16.7;22.7;0.5;10;80;5;Successful;Effective;No;No;No;No;No;No;0.0;-5.0;0.2;-6.07;0.32;-6.48;0.38;-6.61;0.41;-6.58;0.43;-6.44;0.44;-6.28;0.44;-6.13
172;16.7;22.7;0.5;5;100;5;Successful;Effective;collision;19.78;vtypeauto.1;vtypeauto.0;633.59;edge_0_0_0;0.0;-5.0;0.25;-6.08;0.39;-6.49;0.47;-6.63;0.51;-6.59;0.54;-6.46;0.55;-6.3;0.55;-6.17
173;16.7;22.7;0.5;8;100;5;Successful;Effective;No;No;No;No;No;No;0.0;-5.0;0.25;-6.08;0.39;-6.49;0.47;-6.63;0.51;-6.59;0.54;-6.46;0.55;-6.3;0.55;-6.17
174;16.7;22.7;0.5;10;100;5;Successful;Effective;No;No;No;No;No;No;0.0;-5.0;0.25;-6.08;0.39;-6.49;0.47;-6.63;0.51;-6.59;0.54;-6.46;0.55;-6.3;0.55;-6.17
175;16.7;22.7;0.5;5;80;6;Successful;Effective;collision;19.30;vtypeauto.1;vtypeauto.0;510.10;edge_0_0_0;0.0;-6.0;0.2;-7.29;0.32;-7.77;0.38;-7.93;0.41;-7.88;0.43;-7.69;0.44;-7.42;0.44;-7.22
176;16.7;22.7;0.5;8;80;6;Successful;Effective;collision;20.59;vtypeauto.1;vtypeauto.0;540.67;edge_0_0_0;0.0;-6.0;0.2;-7.29;0.32;-7.77;0.38;-7.93;0.41;-7.88;0.43;-7.69;0.44;-7.42;0.44;-7.22
177;16.7;22.7;0.5;10;80;6;Successful;Effective;No;No;No;No;No;No;0.0;-6.0;0.2;-7.29;0.32;-7.77;0.38;-7.93;0.41;-7.88;0.43;-7.69;0.44;-7.42;0.44;-7.22
178;16.7;22.7;0.5;5;100;6;Successful;Effective;collision;19.36;vtypeauto.1;vtypeauto.0;624.42;edge_0_0_0;0.0;-6.0;0.25;-7.29;0.39;-7.78;0.47;-7.94;0.51;-7.9;0.54;-7.73;0.55;-7.54;0.55;-7.38
179;16.7;22.7;0.5;8;100;6;Successful;Effective;collision;20.70;vtypeauto.1;vtypeauto.0;662.14;edge_0_0_0;0.0;-6.0;0.25;-7.29;0.39;-7.78;0.47;-7.94;0.51;-7.9;0.54;-7.73;0.55;-7.54;0.55;-7.38
180;16.7;22.7;0.5;10;100;6;Successful;Effective;No;No;No;No;No;No;0.0;-6.0;0.25;-7.29;0.39;-7.78;0.47;-7.94;0.51;-7.9;0.54;-7.73;0.55;-7.54;0.55;-7.38
181;16.7;22.7;0.5;5;80;7;Successful;Effective;collision;19.05;vtypeauto.1;vtypeauto.0;505.75;edge_0_0_0;0.0;-7.0;0.2;-8.5;0.32;-9.0;0.38;-9.0;0.41;-9.0;0.43;-8.78;0.44;-8.4;0.44;-8.22
182;16.7;22.7;0.5;8;80;7;Successful;Effective;collision;19.94;vtypeauto.1;vtypeauto.0;533.94;edge_0_0_0;0.0;-7.0;0.2;-8.5;0.32;-9.0;0.38;-9.0;0.41;-9.0;0.43;-8.78;0.44;-8.4;0.44;-8.22
183;16.7;22.7;0.5;10;80;7;Successful;Effective;No;No;No;No;No;No;0.0;-7.0;0.2;-8.5;0.32;-9.0;0.38;-9.0;0.41;-9.0;0.43;-8.78;0.44;-8.4;0.44;-8.22
184;16.7;22.7;0.5;5;100;7;Successful;Effective;collision;19.10;vtypeauto.1;vtypeauto.0;618.52;edge_0_0_0;0.0;-7.0;0.25;-8.5;0.39;-9.0;0.47;-9.0;0.51;-9.0;0.54;-8.97;0.55;-8.74;0.55;-8.51
185;16.7;22.7;0.5;8;100;7;Successful;Effective;collision;20.01;vtypeauto.1;vtypeauto.0;651.56;edge_0_0_0;0.0;-7.0;0.25;-8.5;0.39;-9.0;0.47;-9.0;0.51;-9.0;0.54;-8.97;0.55;-8.74;0.55;-8.51
186;16.7;22.7;0.5;10;100;7;Successful;Effective;collision;21.07;vtypeauto.1;vtypeauto.0;672.28;edge_0_0_0;0.0;-7.0;0.25;-8.5;0.39;-9.0;0.47;-9.0;0.51;-9.0;0.54;-8.97;0.55;-8.74;0.55;-8.51
187;16.7;22.7;0.5;5;80;8;Successful;Effective;collision;18.87;vtypeauto.1;vtypeauto.0;502.54;edge_0_0_0;0.0;-7.99;0.2;-9.0;0.32;-9.0;0.38;-9.0;0.41;-9.0;0.43;-9.0;0.44;-9.0;0.44;-9.0
188;16.7;22.7;0.5;8;80;8;Successful;Effective;collision;19.56;vtypeauto.1;vtypeauto.0;529.28;edge_0_0_0;0.0;-7.99;0.2;-9.0;0.32;-9.0;0.38;-9.0;0.41;-9.0;0.43;-9.0;0.44;-9.0;0.44;-9.0
189;16.7;22.7;0.5;10;80;8;Successful;Effective;collision;20.09;vtypeauto.1;vtypeauto.0;545.08;edge_0_0_0;0.0;-7.99;0.2;-9.0;0.32;-9.0;0.38;-9.0;0.41;-9.0;0.43;-9.0;0.44;-9.0;0.44;-9.0
190;16.7;22.7;0.5;5;100;8;Successful;Effective;collision;18.91;vtypeauto.1;vtypeauto.0;614.12;edge_0_0_0;0.0;-8.0;0.25;-9.0;0.39;-9.0;0.47;-9.0;0.51;-9.0;0.54;-9.0;0.55;-9.0;0.55;-9.0
191;16.7;22.7;0.5;8;100;8;Successful;Effective;collision;19.60;vtypeauto.1;vtypeauto.0;644.46;edge_0_0_0;0.0;-8.0;0.25;-9.0;0.39;-9.0;0.47;-9.0;0.51;-9.0;0.54;-9.0;0.55;-9.0;0.55;-9.0
192;16.7;22.7;0.5;10;100;8;Successful;Effective;collision;20.14;vtypeauto.1;vtypeauto.0;663.14;edge_0_0_0;0.0;-8.0;0.25;-9.0;0.39;-9.0;0.47;-9.0;0.51;-9.0;0.54;-9.0;0.55;-9.0;0.55;-9.0
193;16.8;22.8;0.5;5;80;5;Successful;Effective;collision;19.46;vtypeauto.1;vtypeauto.0;513.93;edge_0_0_0;0.0;-5.0;0.2;-6.22;0.32;-6.62;0.38;-6.74;0.41;-6.68;0.43;-6.53;0.44;-6.35;0.44;-6.19
194;16.8;22.8;0.5;8;80;5;Successful;Effective;collision;21.00;vtypeauto.1;vtypeauto.0;547.94;edge_0_0_0;0.0;-5.0;0.2;-6.22;0.32;-6.62;0.38;-6.74;0.41;-6.68;0.43;-6.53;0.44;-6.35;0.44;-6.19
195;16.8;22.8;0.5;10;80;5;Successful;Effective;No;No;No;No;No;No;0.0;-5.0;0.2;-6.22;0.32;-6.62;0.38;-6.74;0.41;-6.68;0.43;-6.53;0.44;-6.35;0.44;-6.19
196;16.8;22.8;0.5;5;100;5;Successful;Effective;collision;19.52;vtypeauto.1;vtypeauto.0;629.19;edge_0_0_0;0.0;-5.0;0.25;-6.22;0.39;-6.63;0.47;-6.75;0.51;-6.7;0.54;-6.55;0.55;-6.38;0.55;-6.23
197;16.8;22.8;0.5;8;100;5;Successful;Effective;collision;21.15;vtypeauto.1;vtypeauto.0;672.19;edge_0_0_0;0.0;-5.0;0.25;-6.22;0.39;-6.63;0.47;-6.75;0.51;-6.7;0.54;-6.55;0.55;-6.38;0.55;-6.23
198;16.8;22.8;0.5;10;100;5;Successful;Effective;No;No;No;No;No;No;0.0;-5.0;0.25;-6.22;0.39;-6.63;0.47;-6.75;0.51;-6.7;0.54;-6.55;0.55;-6.38;0.55;-6.23
199;16.8;22.8;0.5;5;80;6;Successful;Effective;collision;19.14;vtypeauto.1;vtypeauto.0;508.24;edge_0_0_0;0.0;-6.0;0.2;-7.46;0.32;-7.94;0.38;-8.07;0.41;-8.01;0.43;-7.79;0.44;-7.48;0.44;-7.28
200;16.8;22.8;0.5;8;80;6;Successful;Effective;collision;20.08;vtypeauto.1;vtypeauto.0;538.07;edge_0_0_0;0.0;-6.0;0.2;-7.46;0.32;-7.94;0.38;-8.07;0.41;-8.01;0.43;-7.79;0.44;-7.48;0.44;-7.28
201;16.8;22.8;0.5;10;80;6;Successful;Effective;collision;21.26;vtypeauto.1;vtypeauto.0;555.72;edge_0_0_0;0.0;-6.0;0.2;-7.46;0.32;-7.94;0.38;-8.07;0.41;-8.01;0.43;-7.79;0.44;-7.48;0.44;-7.28
202;16.8;22.8;0.5;5;100;6;Successful;Effective;collision;19.19;vtypeauto.1;vtypeauto.0;621.55;edge_0_0_0;0.0;-6.0;0.25;-7.46;0.39;-7.94;0.47;-8.08;0.51;-8.02;0.54;-7.84;0.55;-7.63;0.55;-7.45
203;16.8;22.8;0.5;8;100;6;Successful;Effective;collision;20.15;vtypeauto.1;vtypeauto.0;656.58;edge_0_0_0;0.0;-6.0;0.25;-7.46;0.39;-7.94;0.47;-8.08;0.51;-8.02;0.54;-7.84;0.55;-7.63;0.55;-7.45
204;16.8;22.8;0.5;10;100;6;Successful;Effective;collision;21.39;vtypeauto.1;vtypeauto.0;680.54;edge_0_0_0;0.0;-6.0;0.25;-7.46;0.39;-7.94;0.47;-8.08;0.51;-8.02;0.54;-7.84;0.55;-7.63;0.55;-7.45
205;16.8;22.8;0.5;5;80;7;Successful;Effective;collision;18.93;vtypeauto.1;vtypeauto.0;504.38;edge_0_0_0;0.0;-7.0;0.2;-8.7;0.32;-9.0;0.38;-9.0;0.41;-9.0;0.43;-8.85;0.44;-8.44;0.44;-8.28
206;16.8;22.8;0.5;8;80;7;Successful;Effective;collision;19.64;vtypeauto.1;vtypeauto.0;532.14;edge_0_0_0;0.0;-7.0;0.2;-8.7;0.32;-9.0;0.38;-9.0;0.41;-9.0;0.43;-8.85;0.44;-8.44;0.44;-8.28
207;16.8;22.8;0.5;10;80;7;Successful;Effective;collision;20.28;vtypeauto.1;vtypeauto.0;549.23;edge_0_0_0;0.0;-7.0;0.2;-8.7;0.32;-9.0;0.38;-9.0;0.41;-9.0;0.43;-8.85;0.44;-8.44;0.44;-8.28
208;16.8;22.8;0.5;5;100;7;Successful;Effective;collision;18.97;vtypeauto.1;vtypeauto.0;616.33;edge_0_0_0;0.0;-7.0;0.25;-8.7;0.39;-9.0;0.47;-9.0;0.51;-9.0;0.54;-9.0;0.55;-8.83;0.55;-8.59
209;16.8;22.8;0.5;8;100;7;Successful;Effective;collision;19.69;vtypeauto.1;vtypeauto.0;647.98;edge_0_0_0;0.0;-7.0;0.25;-8.7;0.39;-9.0;0.47;-9.0;0.51;-9.0;0.54;-9.0;0.55;-8.83;0.55;-8.59
210;16.8;22.8;0.5;10;100;7;Successful;Effective;collision;20.35;vtypeauto.1;vtypeauto.0;668.56;edge_0_0_0;0.0;-7.0;0.25;-8.7;0.39;-9.0;0.47;-9.0;0.51;-9.0;0.54;-9.0;0.55;-8.83;0.55;-8.59
211;16.8;22.8;0.5;5;80;8;Successful;Effective;collision;18.77;vtypeauto.1;vtypeauto.0;501.38;edge_0_0_0;0.0;-7.99;0.2;-9.0;0.32;-9.0;0.38;-9.0;0.41;-9.0;0.43;-9.0;0.44;-9.0;0.44;-9.0
212;16.8;22.8;0.5;8;80;8;Successful;Effective;collision;19.35;vtypeauto.1;vtypeauto.0;527.93;edge_0_0_0;0.0;-7.99;0.2;-9.0;0.32;-9.0;0.38;-9.0;0.41;-9.0;0.43;-9.0;0.44;-9.0;0.44;-9.0
213;16.8;22.8;0.5;10;80;8;Successful;Effective;collision;19.78;vtypeauto.1;vtypeauto.0;544.31;edge_0_0_0;0.0;-7.99;0.2;-9.0;0.32;-9.0;0.38;-9.0;0.41;-9.0;0.43;-9.0;0.44;-9.0;0.44;-9.0
214;16.8;22.8;0.5;5;100;8;Successful;Effective;collision;18.81;vtypeauto.1;vtypeauto.0;612.47;edge_0_0_0;0.0;-8.0;0.25;-9.0;0.39;-9.0;0.47;-9.0;0.51;-9.0;0.54;-9.0;0.55;-9.0;0.55;-9.0
215;16.8;22.8;0.5;8;100;8;Successful;Effective;collision;19.39;vtypeauto.1;vtypeauto.0;642.04;edge_0_0_0;0.0;-8.0;0.25;-9.0;0.39;-9.0;0.47;-9.0;0.51;-9.0;0.54;-9.0;0.55;-9.0;0.55;-9.0
216;16.8;22.8;0.5;10;100;8;Successful;Effective;collision;19.82;vtypeauto.1;vtypeauto.0;660.67;edge_0_0_0;0.0;-8.0;0.25;-9.0;0.39;-9.0;0.47;-9.0;0.51;-9.0;0.54;-9.0;0.55;-9.0;0.55;-9.0
217;16.9;22.9;0.5;5;80;5;Successful;Effective;collision;19.29;vtypeauto.1;vtypeauto.0;511.74;edge_0_0_0;0.0;-5.0;0.2;-6.37;0.32;-6.76;0.38;-6.86;0.41;-6.79;0.43;-6.62;0.44;-6.43;0.44;-6.25
218;16.9;22.9;0.5;8;80;5;Successful;Effective;collision;20.39;vtypeauto.1;vtypeauto.0;544.20;edge_0_0_0;0.0;-5.0;0.2;-6.37;0.32;-6.76;0.38;-6.86;0.41;-6.79;0.43;-6.62;0.44;-6.43;0.44;-6.25
219;16.9;22.9;0.5;10;80;5;Successful;Effective;No;No;No;No;No;No;0.0;-5.0;0.2;-6.37;0.32;-6.76;0.38;-6.86;0.41;-6.79;0.43;-6.62;0.44;-6.43;0.44;-6.25
220;16.9;22.9;0.5;5;100;5;Successful;Effective;collision;19.35;vtypeauto.1;vtypeauto.0;626.14;edge_0_0_0;0.0;-5.0;0.25;-6.37;0.39;-6.77;0.47;-6.87;0.51;-6.81;0.54;-6.64;0.55;-6.45;0.55;-6.3
221;16.9;22.9;0.5;8;100;5;Successful;Effective;collision;20.47;vtypeauto.1;vtypeauto.0;664.62;edge_0_0_0;0.0;-5.0;0.25;-6.37;0.39;-6.77;0.47;-6.87;0.51;-6.81;0.54;-6.64;0.55;-6.45;0.55;-6.3
222;16.9;22.9;0.5;10;100;5;Successful;Effective;No;No;No;No;No;No;0.0;-5.0;0.25;-6.37;0.39;-6.77;0.47;-6.87;0.51;-6.81;0.54;-6.64;0.55;-6.45;0.55;-6.3
223;16.9;22.9;0.5;5;80;6;Successful;Effective;collision;19.03;vtypeauto.1;vtypeauto.0;506.87;edge_0_0_0;0.0;-6.0;0.2;-7.64;0.32;-8.1;0.38;-8.22;0.41;-8.14;0.43;-7.88;0.44;-7.54;0.44;-7.33
224;16.9;22.9;0.5;8;80;6;Successful;Effective;collision;19.78;vtypeauto.1;vtypeauto.0;535.82;edge_0_0_0;0.0;-6.0;0.2;-7.64;0.32;-8.1;0.38;-8.22;0.41;-8.14;0.43;-7.88;0.44;-7.54;0.44;-7.33
225;16.9;22.9;0.5;10;80;6;Successful;Effective;collision;20.50;vtypeauto.1;vtypeauto.0;554.32;edge_0_0_0;0.0;-6.0;0.2;-7.64;0.32;-8.1;0.38;-8.22;0.41;-8.14;0.43;-7.88;0.44;-7.54;0.44;-7.33
226;16.9;22.9;0.5;5;100;6;Successful;Effective;collision;19.07;vtypeauto.1;vtypeauto.0;619.41;edge_0_0_0;0.0;-6.0;0.25;-7.64;0.39;-8.11;0.47;-8.23;0.51;-8.15;0.54;-7.95;0.55;-7.72;0.55;-7.52
227;16.9;22.9;0.5;8;100;6;Successful;Effective;collision;19.84;vtypeauto.1;vtypeauto.0;652.66;edge_0_0_0;0.0;-6.0;0.25;-7.64;0.39;-8.11;0.47;-8.23;0.51;-8.15;0.54;-7.95;0.55;-7.72;0.55;-7.52
228;16.9;22.9;0.5;10;100;6;Successful;Effective;collision;20.58;vtypeauto.1;vtypeauto.0;675.08;edge_0_0_0;0.0;-6.0;0.25;-7.64;0.39;-8.11;0.47;-8.23;0.51;-8.15;0.54;-7.95;0.55;-7.72;0.55;-7.52
229;16.9;22.9;0.5;5;80;7;Successful;Effective;collision;18.84;vtypeauto.1;vtypeauto.0;503.24;edge_0_0_0;0.0;-7.0;0.2;-8.91;0.32;-9.0;0.38;-9.0;0.41;-9.0;0.43;-8.91;0.44;-8.48;0.44;-8.36
230;16.9;22.9;0.5;8;80;7;Successful;Effective;collision;19.44;vtypeauto.1;vtypeauto.0;530.59;edge_0_0_0;0.0;-7.0;0.2;-8.91;0.32;-9.0;0.38;-9.0;0.41;-9.0;0.43;-8.91;0.44;-8.48;0.44;-8.36
231;16.9;22.9;0.5;10;80;7;Successful;Effective;collision;19.93;vtypeauto.1;vtypeauto.0;547.90;edge_0_0_0;0.0;-7.0;0.2;-8.91;0.32;-9.0;0.38;-9.0;0.41;-9.0;0.43;-8.91;0.44;-8.48;0.44;-8.36
232;16.9;22.9;0.5;5;100;7;Successful;Effective;collision;18.88;vtypeauto.1;vtypeauto.0;614.75;edge_0_0_0;0.0;-7.0;0.25;-8.91;0.39;-9.0;0.47;-9.0;0.51;-9.0;0.54;-9.0;0.55;-8.91;0.55;-8.66
233;16.9;22.9;0.5;8;100;7;Successful;Effective;collision;19.48;vtypeauto.1;vtypeauto.0;645.24;edge_0_0_0;0.0;-7.0;0.25;-8.91;0.39;-9.0;0.47;-9.0;0.51;-9.0;0.54;-9.0;0.55;-8.91;0.55;-8.66
234;16.9;22.9;0.5;10;100;7;Successful;Effective;collision;19.98;vtypeauto.1;vtypeauto.0;665.26;edge_0_0_0;0.0;-7.0;0.25;-8.91;0.39;-9.0;0.47;-9.0;0.51;-9.0;0.54;-9.0;0.55;-8.91;0.55;-8.66
235;16.9;22.9;0.5;5;80;8;Successful;Effective;collision;18.71;vtypeauto.1;vtypeauto.0;500.70;edge_0_0_0;0.0;-7.99;0.2;-9.0;0.32;-9.0;0.38;-9.0;0.41;-9.0;0.43;-9.0;0.44;-9.0;0.44;-9.0
236;16.9;22.9;0.5;8;80;8;Successful;Effective;collision;19.21;vtypeauto.1;vtypeauto.0;526.86;edge_0_0_0;0.0;-7.99;0.2;-9.0;0.32;-9.0;0.38;-9.0;0.41;-9.0;0.43;-9.0;0.44;-9.0;0.44;-9.0
237;16.9;22.9;0.5;10;80;8;Successful;Effective;collision;19.57;vtypeauto.1;vtypeauto.0;543.35;edge_0_0_0;0.0;-7.99;0.2;-9.0;0.32;-9.0;0.38;-9.0;0.41;-9.0;0.43;-9.0;0.44;-9.0;0.44;-9.0
238;16.9;22.9;0.5;5;100;8;Successful;Effective;collision;18.74;vtypeauto.1;vtypeauto.0;611.26;edge_0_0_0;0.0;-8.0;0.25;-9.0;0.39;-9.0;0.47;-9.0;0.51;-9.0;0.54;-9.0;0.55;-9.0;0.55;-9.0
239;16.9;22.9;0.5;8;100;8;Successful;Effective;collision;19.24;vtypeauto.1;vtypeauto.0;640.08;edge_0_0_0;0.0;-8.0;0.25;-9.0;0.39;-9.0;0.47;-9.0;0.51;-9.0;0.54;-9.0;0.55;-9.0;0.55;-9.0
240;16.9;22.9;0.5;10;100;8;Successful;Effective;collision;19.60;vtypeauto.1;vtypeauto.0;658.48;edge_0_0_0;0.0;-8.0;0.25;-9.0;0.39;-9.0;0.47;-9.0;0.51;-9.0;0.54;-9.0;0.55;-9.0;0.55;-9.0
241;17.0;23.0;0.5;5;80;5;Successful;Effective;collision;19.18;vtypeauto.1;vtypeauto.0;510.29;edge_0_0_0;0.0;-5.0;0.2;-6.52;0.32;-6.9;0.38;-6.98;0.41;-6.9;0.43;-6.71;0.44;-6.5;0.44;-6.31
242;17.0;23.0;0.5;8;80;5;Successful;Effective;collision;20.05;vtypeauto.1;vtypeauto.0;541.31;edge_0_0_0;0.0;-5.0;0.2;-6.52;0.32;-6.9;0.38;-6.98;0.41;-6.9;0.43;-6.71;0.44;-6.5;0.44;-6.31
243;17.0;23.0;0.5;10;80;5;Successful;Effective;collision;20.99;vtypeauto.1;vtypeauto.0;561.90;edge_0_0_0;0.0;-5.0;0.2;-6.52;0.32;-6.9;0.38;-6.98;0.41;-6.9;0.43;-6.71;0.44;-6.5;0.44;-6.31
244;17.0;23.0;0.5;5;100;5;Successful;Effective;collision;19.23;vtypeauto.1;vtypeauto.0;623.91;edge_0_0_0;0.0;-5.0;0.25;-6.52;0.39;-6.91;0.47;-6.99;0.51;-6.91;0.54;-6.73;0.55;-6.53;0.55;-6.36
245;17.0;23.0;0.5;8;100;5;Successful;Effective;collision;20.11;vtypeauto.1;vtypeauto.0;659.69;edge_0_0_0;0.0;-5.0;0.25;-6.52;0.39;-6.91;0.47;-6.99;0.51;-6.91;0.54;-6.73;0.55;-6.53;0.55;-6.36
246;17.0;23.0;0.5;10;100;5;Successful;Effective;collision;21.10;vtypeauto.1;vtypeauto.0;685.72;edge_0_0_0;0.0;-5.0;0.25;-6.52;0.39;-6.91;0.47;-6.99;0.51;-6.91;0.54;-6.73;0.55;-6.53;0.55;-6.36
247;17.0;23.0;0.5;5;80;6;Successful;Effective;collision;18.95;vtypeauto.1;vtypeauto.0;505.83;edge_0_0_0;0.0;-6.0;0.2;-7.82;0.32;-8.27;0.38;-8.37;0.41;-8.27;0.43;-7.96;0.44;-7.6;0.44;-7.39
248;17.0;23.0;0.5;8;80;6;Successful;Effective;collision;19.59;vtypeauto.1;vtypeauto.0;534.15;edge_0_0_0;0.0;-6.0;0.2;-7.82;0.32;-8.27;0.38;-8.37;0.41;-8.27;0.43;-7.96;0.44;-7.6;0.44;-7.39
249;17.0;23.0;0.5;10;80;6;Successful;Effective;collision;20.13;vtypeauto.1;vtypeauto.0;552.41;edge_0_0_0;0.0;-6.0;0.2;-7.82;0.32;-8.27;0.38;-8.37;0.41;-8.27;0.43;-7.96;0.44;-7.6;0.44;-7.39
250;17.0;23.0;0.5;5;100;6;Successful;Effective;collision;18.99;vtypeauto.1;vtypeauto.0;617.96;edge_0_0_0;0.0;-6.0;0.25;-7.82;0.39;-8.28;0.47;-8.38;0.51;-8.28;0.54;-8.06;0.55;-7.81;0.55;-7.6
251;17.0;23.0;0.5;8;100;6;Successful;Effective;collision;19.63;vtypeauto.1;vtypeauto.0;649.67;edge_0_0_0;0.0;-6.0;0.25;-7.82;0.39;-8.28;0.47;-8.38;0.51;-8.28;0.54;-8.06;0.55;-7.81;0.55;-7.6
252;17.0;23.0;0.5;10;100;6;Successful;Effective;collision;20.18;vtypeauto.1;vtypeauto.0;670.93;edge_0_0_0;0.0;-6.0;0.25;-7.82;0.39;-8.28;0.47;-8.38;0.51;-8.28;0.54;-8.06;0.55;-7.81;0.55;-7.6
253;17.0;23.0;0.5;5;80;7;Successful;Effective;collision;18.78;vtypeauto.1;vtypeauto.0;502.47;edge_0_0_0;0.0;-7.0;0.2;-9.0;0.32;-9.0;0.38;-9.0;0.41;-9.0;0.43;-8.95;0.44;-8.51;0.44;-8.43
254;17.0;23.0;0.5;8;80;7;Successful;Effective;collision;19.30;vtypeauto.1;vtypeauto.0;529.33;edge_0_0_0;0.0;-7.0;0.2;-9.0;0.32;-9.0;0.38;-9.0;0.41;-9.0;0.43;-8.95;0.44;-8.51;0.44;-8.43
255;17.0;23.0;0.5;10;80;7;Successful;Effective;collision;19.70;vtypeauto.1;vtypeauto.0;546.56;edge_0_0_0;0.0;-7.0;0.2;-9.0;0.32;-9.0;0.38;-9.0;0.41;-9.0;0.43;-8.95;0.44;-8.51;0.44;-8.43
256;17.0;23.0;0.5;5;100;7;Successful;Effective;collision;18.82;vtypeauto.1;vtypeauto.0;613.68;edge_0_0_0;0.0;-7.0;0.25;-9.0;0.39;-9.0;0.47;-9.0;0.51;-9.0;0.54;-9.0;0.55;-8.98;0.55;-8.73
257;17.0;23.0;0.5;8;100;7;Successful;Effective;collision;19.34;vtypeauto.1;vtypeauto.0;643.27;edge_0_0_0;0.0;-7.0;0.25;-9.0;0.39;-9.0;0.47;-9.0;0.51;-9.0;0.54;-9.0;0.55;-8.98;0.55;-8.73
258;17.0;23.0;0.5;10;100;7;Successful;Effective;collision;19.74;vtypeauto.1;vtypeauto.0;662.59;edge_0_0_0;0.0;-7.0;0.25;-9.0;0.39;-9.0;0.47;-9.0;0.51;-9.0;0.54;-9.0;0.55;-8.98;0.55;-8.73
259;17.0;23.0;0.5;5;80;8;Successful;Effective;collision;18.66;vtypeauto.1;vtypeauto.0;500.05;edge_0_0_0;0.0;-7.99;0.2;-9.0;0.32;-9.0;0.38;-9.0;0.41;-9.0;0.43;-9.0;0.44;-9.0;0.44;-9.0
260;17.0;23.0;0.5;8;80;8;Successful;Effective;collision;19.10;vtypeauto.1;vtypeauto.0;525.85;edge_0_0_0;0.0;-7.99;0.2;-9.0;0.32;-9.0;0.38;-9.0;0.41;-9.0;0.43;-9.0;0.44;-9.0;0.44;-9.0
261;17.0;23.0;0.5;10;80;8;Successful;Effective;collision;19.42;vtypeauto.1;vtypeauto.0;542.44;edge_0_0_0;0.0;-7.99;0.2;-9.0;0.32;-9.0;0.38;-9.0;0.41;-9.0;0.43;-9.0;0.44;-9.0;0.44;-9.0
262;17.0;23.0;0.5;5;100;8;Successful;Effective;collision;18.69;vtypeauto.1;vtypeauto.0;610.36;edge_0_0_0;0.0;-8.0;0.25;-9.0;0.39;-9.0;0.47;-9.0;0.51;-9.0;0.54;-9.0;0.55;-9.0;0.55;-9.0
263;17.0;23.0;0.5;8;100;8;Successful;Effective;collision;19.13;vtypeauto.1;vtypeauto.0;638.51;edge_0_0_0;0.0;-8.0;0.25;-9.0;0.39;-9.0;0.47;-9.0;0.51;-9.0;0.54;-9.0;0.55;-9.0;0.55;-9.0
264;17.0;23.0;0.5;10;100;8;Successful;Effective;collision;19.45;vtypeauto.1;vtypeauto.0;656.80;edge_0_0_0;0.0;-8.0;0.25;-9.0;0.39;-9.0;0.47;-9.0;0.51;-9.0;0.54;-9.0;0.55;-9.0;0.55;-9.0
265;17.1;23.1;0.5;5;80;5;Successful;Effective;No;No;No;No;No;No;0.0;-5.0;0.2;-5.22;0.32;-5.59;0.38;-5.78;0.41;-5.85;0.43;-5.73;0.44;-5.68;0.44;-5.64
266;17.1;23.1;0.5;8;80;5;Successful;Effective;No;No;No;No;No;No;0.0;-5.0;0.2;-5.22;0.32;-5.59;0.38;-5.78;0.41;-5.85;0.43;-5.73;0.44;-5.68;0.44;-5.64
267;17.1;23.1;0.5;10;80;5;Successful;Effective;No;No;No;No;No;No;0.0;-5.0;0.2;-5.22;0.32;-5.59;0.38;-5.78;0.41;-5.85;0.43;-5.73;0.44;-5.68;0.44;-5.64
268;17.1;23.1;0.5;5;100;5;Successful;Effective;No;No;No;No;No;No;0.0;-5.0;0.25;-5.23;0.39;-5.6;0.47;-5.8;0.51;-5.87;0.54;-5.75;0.55;-5.71;0.55;-5.67
269;17.1;23.1;0.5;8;100;5;Successful;Effective;No;No;No;No;No;No;0.0;-5.0;0.25;-5.23;0.39;-5.6;0.47;-5.8;0.51;-5.87;0.54;-5.75;0.55;-5.71;0.55;-5.67
270;17.1;23.1;0.5;10;100;5;Successful;Effective;No;No;No;No;No;No;0.0;-5.0;0.25;-5.23;0.39;-5.6;0.47;-5.8;0.51;-5.87;0.54;-5.75;0.55;-5.71;0.55;-5.67
271;17.1;23.1;0.5;5;80;6;Successful;Effective;No;No;No;No;No;No;0.0;-6.0;0.2;-6.26;0.32;-6.7;0.38;-6.93;0.41;-7.01;0.43;-6.86;0.44;-6.78;0.44;-6.71
272;17.1;23.1;0.5;8;80;6;Successful;Effective;No;No;No;No;No;No;0.0;-6.0;0.2;-6.26;0.32;-6.7;0.38;-6.93;0.41;-7.01;0.43;-6.86;0.44;-6.78;0.44;-6.71
273;17.1;23.1;0.5;10;80;6;Successful;Effective;No;No;No;No;No;No;0.0;-6.0;0.2;-6.26;0.32;-6.7;0.38;-6.93;0.41;-7.01;0.43;-6.86;0.44;-6.78;0.44;-6.71
274;17.1;23.1;0.5;5;100;6;Successful;Effective;No;No;No;No;No;No;0.0;-6.0;0.25;-6.27;0.39;-6.71;0.47;-6.94;0.51;-7.02;0.54;-6.88;0.55;-6.83;0.55;-6.78
275;17.1;23.1;0.5;8;100;6;Successful;Effective;No;No;No;No;No;No;0.0;-6.0;0.25;-6.27;0.39;-6.71;0.47;-6.94;0.51;-7.02;0.54;-6.88;0.55;-6.83;0.55;-6.78
276;17.1;23.1;0.5;10;100;6;Successful;Effective;No;No;No;No;No;No;0.0;-6.0;0.25;-6.27;0.39;-6.71;0.47;-6.94;0.51;-7.02;0.54;-6.88;0.55;-6.83;0.55;-6.78
277;17.1;23.1;0.5;5;80;7;Successful;Effective;No;No;No;No;No;No;0.0;-7.0;0.2;-7.3;0.32;-7.81;0.38;-8.08;0.41;-8.16;0.43;-7.92;0.44;-7.79;0.44;-7.73
278;17.1;23.1;0.5;8;80;7;Successful;Effective;No;No;No;No;No;No;0.0;-7.0;0.2;-7.3;0.32;-7.81;0.38;-8.08;0.41;-8.16;0.43;-7.92;0.44;-7.79;0.44;-7.73
279;17.1;23.1;0.5;10;80;7;Successful;Effective;No;No;No;No;No;No;0.0;-7.0;0.2;-7.3;0.32;-7.81;0.38;-8.08;0.41;-8.16;0.43;-7.92;0.44;-7.79;0.44;-7.73
280;17.1;23.1;0.5;5;100;7;Successful;Effective;No;No;No;No;No;No;0.0;-7.0;0.25;-7.31;0.39;-7.82;0.47;-8.09;0.51;-8.18;0.54;-8.01;0.55;-7.94;0.55;-7.87
281;17.1;23.1;0.5;8;100;7;Successful;Effective;No;No;No;No;No;No;0.0;-7.0;0.25;-7.31;0.39;-7.82;0.47;-8.09;0.51;-8.18;0.54;-8.01;0.55;-7.94;0.55;-7.87
282;17.1;23.1;0.5;10;100;7;Successful;Effective;No;No;No;No;No;No;0.0;-7.0;0.25;-7.31;0.39;-7.82;0.47;-8.09;0.51;-8.18;0.54;-8.01;0.55;-7.94;0.55;-7.87
283;17.1;23.1;0.5;5;80;8;Successful;Effective;No;No;No;No;No;No;0.0;-7.99;0.2;-8.35;0.32;-8.92;0.38;-9.0;0.41;-9.0;0.43;-8.89;0.44;-8.74;0.44;-8.68
284;17.1;23.1;0.5;8;80;8;Successful;Effective;No;No;No;No;No;No;0.0;-7.99;0.2;-8.35;0.32;-8.92;0.38;-9.0;0.41;-9.0;0.43;-8.89;0.44;-8.74;0.44;-8.68
285;17.1;23.1;0.5;10;80;8;Successful;Effective;No;No;No;No;No;No;0.0;-7.99;0.2;-8.35;0.32;-8.92;0.38;-9.0;0.41;-9.0;0.43;-8.89;0.44;-8.74;0.44;-8.68
286;17.1;23.1;0.5;5;100;8;Successful;Effective;No;No;No;No;No;No;0.0;-8.0;0.25;-8.35;0.39;-8.93;0.47;-9.0;0.51;-9.0;0.54;-9.0;0.55;-8.99;0.55;-8.91
287;17.1;23.1;0.5;8;100;8;Successful;Effective;No;No;No;No;No;No;0.0;-8.0;0.25;-8.35;0.39;-8.93;0.47;-9.0;0.51;-9.0;0.54;-9.0;0.55;-8.99;0.55;-8.91
288;17.1;23.1;0.5;10;100;8;Successful;Effective;No;No;No;No;No;No;0.0;-8.0;0.25;-8.35;0.39;-8.93;0.47;-9.0;0.51;-9.0;0.54;-9.0;0.55;-8.99;0.55;-8.91
289;17.2;23.2;0.5;5;80;5;Successful;Effective;No;No;No;No;No;No;0.0;-5.0;0.2;-5.2;0.32;-5.27;0.38;-5.44;0.41;-5.52;0.43;-5.49;0.44;-5.44;0.44;-5.38
290;17.2;23.2;0.5;8;80;5;Successful;Effective;No;No;No;No;No;No;0.0;-5.0;0.2;-5.2;0.32;-5.27;0.38;-5.44;0.41;-5.52;0.43;-5.49;0.44;-5.44;0.44;-5.38
291;17.2;23.2;0.5;10;80;5;Successful;Effective;No;No;No;No;No;No;0.0;-5.0;0.2;-5.2;0.32;-5.27;0.38;-5.44;0.41;-5.52;0.43;-5.49;0.44;-5.44;0.44;-5.38
292;17.2;23.2;0.5;5;100;5;Successful;Effective;No;No;No;No;No;No;0.0;-5.0;0.25;-5.2;0.39;-5.28;0.47;-5.45;0.51;-5.54;0.54;-5.5;0.55;-5.46;0.55;-5.41
293;17.2;23.2;0.5;8;100;5;Successful;Effective;No;No;No;No;No;No;0.0;-5.0;0.25;-5.2;0.39;-5.28;0.47;-5.45;0.51;-5.54;0.54;-5.5;0.55;-5.46;0.55;-5.41
294;17.2;23.2;0.5;10;100;5;Successful;Effective;No;No;No;No;No;No;0.0;-5.0;0.25;-5.2;0.39;-5.28;0.47;-5.45;0.51;-5.54;0.54;-5.5;0.55;-5.46;0.55;-5.41
295;17.2;23.2;0.5;5;80;6;Successful;Effective;No;No;No;No;No;No;0.0;-6.0;0.2;-6.23;0.32;-6.32;0.38;-6.51;0.41;-6.62;0.43;-6.57;0.44;-6.49;0.44;-6.4
296;17.2;23.2;0.5;8;80;6;Successful;Effective;No;No;No;No;No;No;0.0;-6.0;0.2;-6.23;0.32;-6.32;0.38;-6.51;0.41;-6.62;0.43;-6.57;0.44;-6.49;0.44;-6.4
297;17.2;23.2;0.5;10;80;6;Successful;Effective;No;No;No;No;No;No;0.0;-6.0;0.2;-6.23;0.32;-6.32;0.38;-6.51;0.41;-6.62;0.43;-6.57;0.44;-6.49;0.44;-6.4
298;17.2;23.2;0.5;5;100;6;Successful;Effective;No;No;No;No;No;No;0.0;-6.0;0.25;-6.24;0.39;-6.33;0.47;-6.53;0.51;-6.63;0.54;-6.59;0.55;-6.53;0.55;-6.47
299;17.2;23.2;0.5;8;100;6;Successful;Effective;No;No;No;No;No;No;0.0;-6.0;0.25;-6.24;0.39;-6.33;0.47;-6.53;0.51;-6.63;0.54;-6.59;0.55;-6.53;0.55;-6.47
300;17.2;23.2;0.5;10;100;6;Successful;Effective;No;No;No;No;No;No;0.0;-6.0;0.25;-6.24;0.39;-6.33;0.47;-6.53;0.51;-6.63;0.54;-6.59;0.55;-6.53;0.55;-6.47
301;17.2;23.2;0.5;5;80;7;Successful;Effective;No;No;No;No;No;No;0.0;-7.0;0.2;-7.27;0.32;-7.37;0.38;-7.59;0.41;-7.7;0.43;-7.6;0.44;-7.49;0.44;-7.37
302;17.2;23.2;0.5;8;80;7;Successful;Effective;No;No;No;No;No;No;0.0;-7.0;0.2;-7.27;0.32;-7.37;0.38;-7.59;0.41;-7.7;0.43;-7.6;0.44;-7.49;0.44;-7.37
303;17.2;23.2;0.5;10;80;7;Successful;Effective;No;No;No;No;No;No;0.0;-7.0;0.2;-7.27;0.32;-7.37;0.38;-7.59;0.41;-7.7;0.43;-7.6;0.44;-7.49;0.44;-7.37
304;17.2;23.2;0.5;5;100;7;Successful;Effective;No;No;No;No;No;No;0.0;-7.0;0.25;-7.27;0.39;-7.38;0.47;-7.6;0.51;-7.72;0.54;-7.67;0.55;-7.6;0.55;-7.49
305;17.2;23.2;0.5;8;100;7;Successful;Effective;No;No;No;No;No;No;0.0;-7.0;0.25;-7.27;0.39;-7.38;0.47;-7.6;0.51;-7.72;0.54;-7.67;0.55;-7.6;0.55;-7.49
306;17.2;23.2;0.5;10;100;7;Successful;Effective;No;No;No;No;No;No;0.0;-7.0;0.25;-7.27;0.39;-7.38;0.47;-7.6;0.51;-7.72;0.54;-7.67;0.55;-7.6;0.55;-7.49
307;17.2;23.2;0.5;5;80;8;Successful;Effective;No;No;No;No;No;No;0.0;-7.99;0.2;-8.3;0.32;-8.41;0.38;-8.64;0.41;-8.74;0.43;-8.59;0.44;-8.45;0.44;-8.28
308;17.2;23.2;0.5;8;80;8;Successful;Effective;No;No;No;No;No;No;0.0;-7.99;0.2;-8.3;0.32;-8.41;0.38;-8.64;0.41;-8.74;0.43;-8.59;0.44;-8.45;0.44;-8.28
309;17.2;23.2;0.5;10;80;8;Successful;Effective;No;No;No;No;No;No;0.0;-7.99;0.2;-8.3;0.32;-8.41;0.38;-8.64;0.41;-8.74;0.43;-8.59;0.44;-8.45;0.44;-8.28
310;17.2;23.2;0.5;5;100;8;Successful;Effective;No;No;No;No;No;No;0.0;-8.0;0.25;-8.31;0.39;-8.43;0.47;-8.68;0.51;-8.81;0.54;-8.73;0.55;-8.62;0.55;-8.49
311;17.2;23.2;0.5;8;100;8;Successful;Effective;No;No;No;No;No;No;0.0;-8.0;0.25;-8.31;0.39;-8.43;0.47;-8.68;0.51;-8.81;0.54;-8.73;0.55;-8.62;0.55;-8.49
312;17.2;23.2;0.5;10;100;8;Successful;Effective;No;No;No;No;No;No;0.0;-8.0;0.25;-8.31;0.39;-8.43;0.47;-8.68;0.51;-8.81;0.54;-8.73;0.55;-8.62;0.55;-8.49
313;17.3;23.3;0.5;5;80;5;Successful;Effective;No;No;No;No;No;No;0.0;-5.0;0.2;-5.17;0.32;-5.25;0.38;-5.29;0.41;-5.35;0.43;-5.34;0.44;-5.33;0.44;-5.31
314;17.3;23.3;0.5;8;80;5;Successful;Effective;No;No;No;No;No;No;0.0;-5.0;0.2;-5.17;0.32;-5.25;0.38;-5.29;0.41;-5.35;0.43;-5.34;0.44;-5.33;0.44;-5.31
315;17.3;23.3;0.5;10;80;5;Successful;Effective;No;No;No;No;No;No;0.0;-5.0;0.2;-5.17;0.32;-5.25;0.38;-5.29;0.41;-5.35;0.43;-5.34;0.44;-5.33;0.44;-5.31
316;17.3;23.3;0.5;5;100;5;Successful;Effective;No;No;No;No;No;No;0.0;-5.0;0.25;-5.18;0.39;-5.25;0.47;-5.3;0.51;-5.37;0.54;-5.36;0.55;-5.35;0.55;-5.33
317;17.3;23.3;0.5;8;100;5;Successful;Effective;No;No;No;No;No;No;0.0;-5.0;0.25;-5.18;0.39;-5.25;0.47;-5.3;0.51;-5.37;0.54;-5.36;0.55;-5.35;0.55;-5.33
318;17.3;23.3;0.5;10;100;5;Successful;Effective;No;No;No;No;No;No;0.0;-5.0;0.25;-5.18;0.39;-5.25;0.47;-5.3;0.51;-5.37;0.54;-5.36;0.55;-5.35;0.55;-5.33
319;17.3;23.3;0.5;5;80;6;Successful;Effective;No;No;No;No;No;No;0.0;-6.0;0.2;-6.21;0.32;-6.29;0.38;-6.33;0.41;-6.41;0.43;-6.39;0.44;-6.37;0.44;-6.34
320;17.3;23.3;0.5;8;80;6;Successful;Effective;No;No;No;No;No;No;0.0;-6.0;0.2;-6.21;0.32;-6.29;0.38;-6.33;0.41;-6.41;0.43;-6.39;0.44;-6.37;0.44;-6.34
321;17.3;23.3;0.5;10;80;6;Successful;Effective;No;No;No;No;No;No;0.0;-6.0;0.2;-6.21;0.32;-6.29;0.38;-6.33;0.41;-6.41;0.43;-6.39;0.44;-6.37;0.44;-6.34
322;17.3;23.3;0.5;5;100;6;Successful;Effective;No;No;No;No;No;No;0.0;-6.0;0.25;-6.21;0.39;-6.3;0.47;-6.34;0.51;-6.42;0.54;-6.41;0.55;-6.4;0.55;-6.38
323;17.3;23.3;0.5;8;100;6;Successful;Effective;No;No;No;No;No;No;0.0;-6.0;0.25;-6.21;0.39;-6.3;0.47;-6.34;0.51;-6.42;0.54;-6.41;0.55;-6.4;0.55;-6.38
324;17.3;23.3;0.5;10;100;6;Successful;Effective;No;No;No;No;No;No;0.0;-6.0;0.25;-6.21;0.39;-6.3;0.47;-6.34;0.51;-6.42;0.54;-6.41;0.55;-6.4;0.55;-6.38
325;17.3;23.3;0.5;5;80;7;Successful;Effective;No;No;No;No;No;No;0.0;-7.0;0.2;-7.24;0.32;-7.33;0.38;-7.37;0.41;-7.44;0.43;-7.4;0.44;-7.39;0.44;-7.34
326;17.3;23.3;0.5;8;80;7;Successful;Effective;No;No;No;No;No;No;0.0;-7.0;0.2;-7.24;0.32;-7.33;0.38;-7.37;0.41;-7.44;0.43;-7.4;0.44;-7.39;0.44;-7.34
327;17.3;23.3;0.5;10;80;7;Successful;Effective;No;No;No;No;No;No;0.0;-7.0;0.2;-7.24;0.32;-7.33;0.38;-7.37;0.41;-7.44;0.43;-7.4;0.44;-7.39;0.44;-7.34
328;17.3;23.3;0.5;5;100;7;Successful;Effective;No;No;No;No;No;No;0.0;-7.0;0.25;-7.24;0.39;-7.34;0.47;-7.39;0.51;-7.48;0.54;-7.47;0.55;-7.44;0.55;-7.41
329;17.3;23.3;0.5;8;100;7;Successful;Effective;No;No;No;No;No;No;0.0;-7.0;0.25;-7.24;0.39;-7.34;0.47;-7.39;0.51;-7.48;0.54;-7.47;0.55;-7.44;0.55;-7.41
330;17.3;23.3;0.5;10;100;7;Successful;Effective;No;No;No;No;No;No;0.0;-7.0;0.25;-7.24;0.39;-7.34;0.47;-7.39;0.51;-7.48;0.54;-7.47;0.55;-7.44;0.55;-7.41
331;17.3;23.3;0.5;5;80;8;Successful;Effective;No;No;No;No;No;No;0.0;-7.99;0.2;-8.27;0.32;-8.36;0.38;-8.36;0.41;-8.43;0.43;-8.4;0.44;-8.37;0.44;-8.3
332;17.3;23.3;0.5;8;80;8;Successful;Effective;No;No;No;No;No;No;0.0;-7.99;0.2;-8.27;0.32;-8.36;0.38;-8.36;0.41;-8.43;0.43;-8.4;0.44;-8.37;0.44;-8.3
333;17.3;23.3;0.5;10;80;8;Successful;Effective;No;No;No;No;No;No;0.0;-7.99;0.2;-8.27;0.32;-8.36;0.38;-8.36;0.41;-8.43;0.43;-8.4;0.44;-8.37;0.44;-8.3
334;17.3;23.3;0.5;5;100;8;Successful;Effective;No;No;No;No;No;No;0.0;-8.0;0.25;-8.27;0.39;-8.38;0.47;-8.44;0.51;-8.53;0.54;-8.5;0.55;-8.47;0.55;-8.43
335;17.3;23.3;0.5;8;100;8;Successful;Effective;No;No;No;No;No;No;0.0;-8.0;0.25;-8.27;0.39;-8.38;0.47;-8.44;0.51;-8.53;0.54;-8.5;0.55;-8.47;0.55;-8.43
336;17.3;23.3;0.5;10;100;8;Successful;Effective;No;No;No;No;No;No;0.0;-8.0;0.25;-8.27;0.39;-8.38;0.47;-8.44;0.51;-8.53;0.54;-8.5;0.55;-8.47;0.55;-8.43
337;17.4;23.4;0.5;5;80;5;Successful;Effective;No;No;No;No;No;No;0.0;-5.0;0.2;-5.16;0.32;-5.22;0.38;-5.26;0.41;-5.27;0.43;-5.26;0.44;-5.25;0.44;-5.25
338;17.4;23.4;0.5;8;80;5;Successful;Effective;No;No;No;No;No;No;0.0;-5.0;0.2;-5.16;0.32;-5.22;0.38;-5.26;0.41;-5.27;0.43;-5.26;0.44;-5.25;0.44;-5.25
339;17.4;23.4;0.5;10;80;5;Successful;Effective;No;No;No;No;No;No;0.0;-5.0;0.2;-5.16;0.32;-5.22;0.38;-5.26;0.41;-5.27;0.43;-5.26;0.44;-5.25;0.44;-5.25
340;17.4;23.4;0.5;5;100;5;Successful;Effective;No;No;No;No;No;No;0.0;-5.0;0.25;-5.16;0.39;-5.23;0.47;-5.27;0.51;-5.29;0.54;-5.28;0.55;-5.27;0.55;-5.28
341;17.4;23.4;0.5;8;100;5;Successful;Effective;No;No;No;No;No;No;0.0;-5.0;0.25;-5.16;0.39;-5.23;0.47;-5.27;0.51;-5.29;0.54;-5.28;0.55;-5.27;0.55;-5.28
342;17.4;23.4;0.5;10;100;5;Successful;Effective;No;No;No;No;No;No;0.0;-5.0;0.25;-5.16;0.39;-5.23;0.47;-5.27;0.51;-5.29;0.54;-5.28;0.55;-5.27;0.55;-5.28
343;17.4;23.4;0.5;5;80;6;Successful;Effective;No;No;No;No;No;No;0.0;-6.0;0.2;-6.18;0.32;-6.26;0.38;-6.3;0.41;-6.31;0.43;-6.28;0.44;-6.27;0.44;-6.29
344;17.4;23.4;0.5;8;80;6;Successful;Effective;No;No;No;No;No;No;0.0;-6.0;0.2;-6.18;0.32;-6.26;0.38;-6.3;0.41;-6.31;0.43;-6.28;0.44;-6.27;0.44;-6.29
345;17.4;23.4;0.5;10;80;6;Successful;Effective;No;No;No;No;No;No;0.0;-6.0;0.2;-6.18;0.32;-6.26;0.38;-6.3;0.41;-6.31;0.43;-6.28;0.44;-6.27;0.44;-6.29
346;17.4;23.4;0.5;5;100;6;Successful;Effective;No;No;No;No;No;No;0.0;-6.0;0.25;-6.19;0.39;-6.27;0.47;-6.31;0.51;-6.33;0.54;-6.31;0.55;-6.31;0.55;-6.31
347;17.4;23.4;0.5;8;100;6;Successful;Effective;No;No;No;No;No;No;0.0;-6.0;0.25;-6.19;0.39;-6.27;0.47;-6.31;0.51;-6.33;0.54;-6.31;0.55;-6.31;0.55;-6.31
348;17.4;23.4;0.5;10;100;6;Successful;Effective;No;No;No;No;No;No;0.0;-6.0;0.25;-6.19;0.39;-6.27;0.47;-6.31;0.51;-6.33;0.54;-6.31;0.55;-6.31;0.55;-6.31
349;17.4;23.4;0.5;5;80;7;Successful;Effective;No;No;No;No;No;No;0.0;-7.0;0.2;-7.21;0.32;-7.3;0.38;-7.33;0.41;-7.32;0.43;-7.27;0.44;-7.29;0.44;-7.3
350;17.4;23.4;0.5;8;80;7;Successful;Effective;No;No;No;No;No;No;0.0;-7.0;0.2;-7.21;0.32;-7.3;0.38;-7.33;0.41;-7.32;0.43;-7.27;0.44;-7.29;0.44;-7.3
351;17.4;23.4;0.5;10;80;7;Successful;Effective;No;No;No;No;No;No;0.0;-7.0;0.2;-7.21;0.32;-7.3;0.38;-7.33;0.41;-7.32;0.43;-7.27;0.44;-7.29;0.44;-7.3
352;17.4;23.4;0.5;5;100;7;Successful;Effective;No;No;No;No;No;No;0.0;-7.0;0.25;-7.22;0.39;-7.31;0.47;-7.36;0.51;-7.37;0.54;-7.34;0.55;-7.34;0.55;-7.34
353;17.4;23.4;0.5;8;100;7;Successful;Effective;No;No;No;No;No;No;0.0;-7.0;0.25;-7.22;0.39;-7.31;0.47;-7.36;0.51;-7.37;0.54;-7.34;0.55;-7.34;0.55;-7.34
354;17.4;23.4;0.5;10;100;7;Successful;Effective;No;No;No;No;No;No;0.0;-7.0;0.25;-7.22;0.39;-7.31;0.47;-7.36;0.51;-7.37;0.54;-7.34;0.55;-7.34;0.55;-7.34
355;17.4;23.4;0.5;5;80;8;Successful;Effective;No;No;No;No;No;No;0.0;-7.99;0.2;-8.24;0.32;-8.32;0.38;-8.32;0.41;-8.29;0.43;-8.26;0.44;-8.28;0.44;-8.29
356;17.4;23.4;0.5;8;80;8;Successful;Effective;No;No;No;No;No;No;0.0;-7.99;0.2;-8.24;0.32;-8.32;0.38;-8.32;0.41;-8.29;0.43;-8.26;0.44;-8.28;0.44;-8.29
357;17.4;23.4;0.5;10;80;8;Successful;Effective;No;No;No;No;No;No;0.0;-7.99;0.2;-8.24;0.32;-8.32;0.38;-8.32;0.41;-8.29;0.43;-8.26;0.44;-8.28;0.44;-8.29
358;17.4;23.4;0.5;5;100;8;Successful;Effective;No;No;No;No;No;No;0.0;-8.0;0.25;-8.24;0.39;-8.35;0.47;-8.4;0.51;-8.4;0.54;-8.34;0.55;-8.35;0.55;-8.37
359;17.4;23.4;0.5;8;100;8;Successful;Effective;No;No;No;No;No;No;0.0;-8.0;0.25;-8.24;0.39;-8.35;0.47;-8.4;0.51;-8.4;0.54;-8.34;0.55;-8.35;0.55;-8.37
360;17.4;23.4;0.5;10;100;8;Successful;Effective;No;No;No;No;No;No;0.0;-8.0;0.25;-8.24;0.39;-8.35;0.47;-8.4;0.51;-8.4;0.54;-8.34;0.55;-8.35;0.55;-8.37
361;17.5;23.5;0.5;5;80;5;Successful;Effective;No;No;No;No;No;No;0.0;-5.0;0.2;-5.14;0.32;-5.2;0.38;-5.24;0.41;-5.25;0.43;-5.24;0.44;-5.23;0.44;-5.23
362;17.5;23.5;0.5;8;80;5;Successful;Effective;No;No;No;No;No;No;0.0;-5.0;0.2;-5.14;0.32;-5.2;0.38;-5.24;0.41;-5.25;0.43;-5.24;0.44;-5.23;0.44;-5.23
363;17.5;23.5;0.5;10;80;5;Successful;Effective;No;No;No;No;No;No;0.0;-5.0;0.2;-5.14;0.32;-5.2;0.38;-5.24;0.41;-5.25;0.43;-5.24;0.44;-5.23;0.44;-5.23
364;17.5;23.5;0.5;5;100;5;Successful;Effective;No;No;No;No;No;No;0.0;-5.0;0.25;-5.15;0.39;-5.21;0.47;-5.25;0.51;-5.27;0.54;-5.26;0.55;-5.25;0.55;-5.25
365;17.5;23.5;0.5;8;100;5;Successful;Effective;No;No;No;No;No;No;0.0;-5.0;0.25;-5.15;0.39;-5.21;0.47;-5.25;0.51;-5.27;0.54;-5.26;0.55;-5.25;0.55;-5.25
366;17.5;23.5;0.5;10;100;5;Successful;Effective;No;No;No;No;No;No;0.0;-5.0;0.25;-5.15;0.39;-5.21;0.47;-5.25;0.51;-5.27;0.54;-5.26;0.55;-5.25;0.55;-5.25
367;17.5;23.5;0.5;5;80;6;Successful;Effective;No;No;No;No;No;No;0.0;-6.0;0.2;-6.17;0.32;-6.24;0.38;-6.28;0.41;-6.29;0.43;-6.26;0.44;-6.24;0.44;-6.25
368;17.5;23.5;0.5;8;80;6;Successful;Effective;No;No;No;No;No;No;0.0;-6.0;0.2;-6.17;0.32;-6.24;0.38;-6.28;0.41;-6.29;0.43;-6.26;0.44;-6.24;0.44;-6.25
369;17.5;23.5;0.5;10;80;6;Successful;Effective;No;No;No;No;No;No;0.0;-6.0;0.2;-6.17;0.32;-6.24;0.38;-6.28;0.41;-6.29;0.43;-6.26;0.44;-6.24;0.44;-6.25
370;17.5;23.5;0.5;5;100;6;Successful;Effective;No;No;No;No;No;No;0.0;-6.0;0.25;-6.17;0.39;-6.25;0.47;-6.29;0.51;-6.31;0.54;-6.29;0.55;-6.28;0.55;-6.28
371;17.5;23.5;0.5;8;100;6;Successful;Effective;No;No;No;No;No;No;0.0;-6.0;0.25;-6.17;0.39;-6.25;0.47;-6.29;0.51;-6.31;0.54;-6.29;0.55;-6.28;0.55;-6.28
372;17.5;23.5;0.5;10;100;6;Successful;Effective;No;No;No;No;No;No;0.0;-6.0;0.25;-6.17;0.39;-6.25;0.47;-6.29;0.51;-6.31;0.54;-6.29;0.55;-6.28;0.55;-6.28
373;17.5;23.5;0.5;5;80;7;Successful;Effective;No;No;No;No;No;No;0.0;-7.0;0.2;-7.19;0.32;-7.27;0.38;-7.3;0.41;-7.29;0.43;-7.25;0.44;-7.25;0.44;-7.26
374;17.5;23.5;0.5;8;80;7;Successful;Effective;No;No;No;No;No;No;0.0;-7.0;0.2;-7.19;0.32;-7.27;0.38;-7.3;0.41;-7.29;0.43;-7.25;0.44;-7.25;0.44;-7.26
375;17.5;23.5;0.5;10;80;7;Successful;Effective;No;No;No;No;No;No;0.0;-7.0;0.2;-7.19;0.32;-7.27;0.38;-7.3;0.41;-7.29;0.43;-7.25;0.44;-7.25;0.44;-7.26
376;17.5;23.5;0.5;5;100;7;Successful;Effective;No;No;No;No;No;No;0.0;-7.0;0.25;-7.2;0.39;-7.28;0.47;-7.33;0.51;-7.34;0.54;-7.32;0.55;-7.3;0.55;-7.31
377;17.5;23.5;0.5;8;100;7;Successful;Effective;No;No;No;No;No;No;0.0;-7.0;0.25;-7.2;0.39;-7.28;0.47;-7.33;0.51;-7.34;0.54;-7.32;0.55;-7.3;0.55;-7.31
378;17.5;23.5;0.5;10;100;7;Successful;Effective;No;No;No;No;No;No;0.0;-7.0;0.25;-7.2;0.39;-7.28;0.47;-7.33;0.51;-7.34;0.54;-7.32;0.55;-7.3;0.55;-7.31
379;17.5;23.5;0.5;5;80;8;Successful;Effective;No;No;No;No;No;No;0.0;-7.99;0.2;-8.22;0.32;-8.29;0.38;-8.29;0.41;-8.27;0.43;-8.25;0.44;-8.24;0.44;-8.25
380;17.5;23.5;0.5;8;80;8;Successful;Effective;No;No;No;No;No;No;0.0;-7.99;0.2;-8.22;0.32;-8.29;0.38;-8.29;0.41;-8.27;0.43;-8.25;0.44;-8.24;0.44;-8.25
381;17.5;23.5;0.5;10;80;8;Successful;Effective;No;No;No;No;No;No;0.0;-7.99;0.2;-8.22;0.32;-8.29;0.38;-8.29;0.41;-8.27;0.43;-8.25;0.44;-8.24;0.44;-8.25
382;17.5;23.5;0.5;5;100;8;Successful;Effective;No;No;No;No;No;No;0.0;-8.0;0.25;-8.22;0.39;-8.32;0.47;-8.36;0.51;-8.37;0.54;-8.32;0.55;-8.31;0.55;-8.32
383;17.5;23.5;0.5;8;100;8;Successful;Effective;No;No;No;No;No;No;0.0;-8.0;0.25;-8.22;0.39;-8.32;0.47;-8.36;0.51;-8.37;0.54;-8.32;0.55;-8.31;0.55;-8.32
384;17.5;23.5;0.5;10;100;8;Successful;Effective;No;No;No;No;No;No;0.0;-8.0;0.25;-8.22;0.39;-8.32;0.47;-8.36;0.51;-8.37;0.54;-8.32;0.55;-8.31;0.55;-8.32
385;17.6;23.6;0.5;5;80;5;Successful;Effective;No;No;No;No;No;No;0.0;-5.0;0.2;-5.13;0.32;-5.19;0.38;-5.22;0.41;-5.24;0.43;-5.22;0.44;-5.22;0.44;-5.22
386;17.6;23.6;0.5;8;80;5;Successful;Effective;No;No;No;No;No;No;0.0;-5.0;0.2;-5.13;0.32;-5.19;0.38;-5.22;0.41;-5.24;0.43;-5.22;0.44;-5.22;0.44;-5.22
387;17.6;23.6;0.5;10;80;5;Successful;Effective;No;No;No;No;No;No;0.0;-5.0;0.2;-5.13;0.32;-5.19;0.38;-5.22;0.41;-5.24;0.43;-5.22;0.44;-5.22;0.44;-5.22
388;17.6;23.6;0.5;5;100;5;Successful;Effective;No;No;No;No;No;No;0.0;-5.0;0.25;-5.13;0.39;-5.2;0.47;-5.23;0.51;-5.25;0.54;-5.24;0.55;-5.24;0.55;-5.24
389;17.6;23.6;0.5;8;100;5;Successful;Effective;No;No;No;No;No;No;0.0;-5.0;0.25;-5.13;0.39;-5.2;0.47;-5.23;0.51;-5.25;0.54;-5.24;0.55;-5.24;0.55;-5.24
390;17.6;23.6;0.5;10;100;5;Successful;Effective;No;No;No;No;No;No;0.0;-5.0;0.25;-5.13;0.39;-5.2;0.47;-5.23;0.51;-5.25;0.54;-5.24;0.55;-5.24;0.55;-5.24
391;17.6;23.6;0.5;5;80;6;Successful;Effective;No;No;No;No;No;No;0.0;-6.0;0.2;-6.15;0.32;-6.22;0.38;-6.26;0.41;-6.27;0.43;-6.24;0.44;-6.24;0.44;-6.24
392;17.6;23.6;0.5;8;80;6;Successful;Effective;No;No;No;No;No;No;0.0;-6.0;0.2;-6.15;0.32;-6.22;0.38;-6.26;0.41;-6.27;0.43;-6.24;0.44;-6.24;0.44;-6.24
393;17.6;23.6;0.5;10;80;6;Successful;Effective;No;No;No;No;No;No;0.0;-6.0;0.2;-6.15;0.32;-6.22;0.38;-6.26;0.41;-6.27;0.43;-6.24;0.44;-6.24;0.44;-6.24
394;17.6;23.6;0.5;5;100;6;Successful;Effective;No;No;No;No;No;No;0.0;-6.0;0.25;-6.16;0.39;-6.23;0.47;-6.27;0.51;-6.29;0.54;-6.27;0.55;-6.26;0.55;-6.27
395;17.6;23.6;0.5;8;100;6;Successful;Effective;No;No;No;No;No;No;0.0;-6.0;0.25;-6.16;0.39;-6.23;0.47;-6.27;0.51;-6.29;0.54;-6.27;0.55;-6.26;0.55;-6.27
396;17.6;23.6;0.5;10;100;6;Successful;Effective;No;No;No;No;No;No;0.0;-6.0;0.25;-6.16;0.39;-6.23;0.47;-6.27;0.51;-6.29;0.54;-6.27;0.55;-6.26;0.55;-6.27
397;17.6;23.6;0.5;5;80;7;Successful;Effective;No;No;No;No;No;No;0.0;-7.0;0.2;-7.17;0.32;-7.25;0.38;-7.28;0.41;-7.27;0.43;-7.25;0.44;-7.24;0.44;-7.25
398;17.6;23.6;0.5;8;80;7;Successful;Effective;No;No;No;No;No;No;0.0;-7.0;0.2;-7.17;0.32;-7.25;0.38;-7.28;0.41;-7.27;0.43;-7.25;0.44;-7.24;0.44;-7.25
399;17.6;23.6;0.5;10;80;7;Successful;Effective;No;No;No;No;No;No;0.0;-7.0;0.2;-7.17;0.32;-7.25;0.38;-7.28;0.41;-7.27;0.43;-7.25;0.44;-7.24;0.44;-7.25
400;17.6;23.6;0.5;5;100;7;Successful;Effective;No;No;No;No;No;No;0.0;-7.0;0.25;-7.18;0.39;-7.26;0.47;-7.3;0.51;-7.32;0.54;-7.3;0.55;-7.29;0.55;-7.29
401;17.6;23.6;0.5;8;100;7;Successful;Effective;No;No;No;No;No;No;0.0;-7.0;0.25;-7.18;0.39;-7.26;0.47;-7.3;0.51;-7.32;0.54;-7.3;0.55;-7.29;0.55;-7.29
402;17.6;23.6;0.5;10;100;7;Successful;Effective;No;No;No;No;No;No;0.0;-7.0;0.25;-7.18;0.39;-7.26;0.47;-7.3;0.51;-7.32;0.54;-7.3;0.55;-7.29;0.55;-7.29
403;17.6;23.6;0.5;5;80;8;Successful;Effective;No;No;No;No;No;No;0.0;-7.99;0.2;-8.2;0.32;-8.26;0.38;-8.27;0.41;-8.25;0.43;-8.24;0.44;-8.23;0.44;-8.24
404;17.6;23.6;0.5;8;80;8;Successful;Effective;No;No;No;No;No;No;0.0;-7.99;0.2;-8.2;0.32;-8.26;0.38;-8.27;0.41;-8.25;0.43;-8.24;0.44;-8.23;0.44;-8.24
405;17.6;23.6;0.5;10;80;8;Successful;Effective;No;No;No;No;No;No;0.0;-7.99;0.2;-8.2;0.32;-8.26;0.38;-8.27;0.41;-8.25;0.43;-8.24;0.44;-8.23;0.44;-8.24
406;17.6;23.6;0.5;5;100;8;Successful;Effective;No;No;No;No;No;No;0.0;-8.0;0.25;-8.2;0.39;-8.29;0.47;-8.34;0.51;-8.34;0.54;-8.3;0.55;-8.3;0.55;-8.31
407;17.6;23.6;0.5;8;100;8;Successful;Effective;No;No;No;No;No;No;0.0;-8.0;0.25;-8.2;0.39;-8.29;0.47;-8.34;0.51;-8.34;0.54;-8.3;0.55;-8.3;0.55;-8.31
408;17.6;23.6;0.5;10;100;8;Successful;Effective;No;No;No;No;No;No;0.0;-8.0;0.25;-8.2;0.39;-8.29;0.47;-8.34;0.51;-8.34;0.54;-8.3;0.55;-8.3;0.55;-8.31
409;17.7;23.7;0.5;5;80;5;Successful;Effective;No;No;No;No;No;No;0.0;-5.0;0.2;-5.12;0.32;-5.18;0.38;-5.21;0.41;-5.22;0.43;-5.21;0.44;-5.21;0.44;-5.21
410;17.7;23.7;0.5;8;80;5;Successful;Effective;No;No;No;No;No;No;0.0;-5.0;0.2;-5.12;0.32;-5.18;0.38;-5.21;0.41;-5.22;0.43;-5.21;0.44;-5.21;0.44;-5.21
411;17.7;23.7;0.5;10;80;5;Successful;Effective;No;No;No;No;No;No;0.0;-5.0;0.2;-5.12;0.32;-5.18;0.38;-5.21;0.41;-5.22;0.43;-5.21;0.44;-5.21;0.44;-5.21
412;17.7;23.7;0.5;5;100;5;Successful;Effective;No;No;No;No;No;No;0.0;-5.0;0.25;-5.12;0.39;-5.18;0.47;-5.22;0.51;-5.24;0.54;-5.23;0.55;-5.23;0.55;-5.23
413;17.7;23.7;0.5;8;100;5;Successful;Effective;No;No;No;No;No;No;0.0;-5.0;0.25;-5.12;0.39;-5.18;0.47;-5.22;0.51;-5.24;0.54;-5.23;0.55;-5.23;0.55;-5.23
414;17.7;23.7;0.5;10;100;5;Successful;Effective;No;No;No;No;No;No;0.0;-5.0;0.25;-5.12;0.39;-5.18;0.47;-5.22;0.51;-5.24;0.54;-5.23;0.55;-5.23;0.55;-5.23
415;17.7;23.7;0.5;5;80;6;Successful;Effective;No;No;No;No;No;No;0.0;-6.0;0.2;-6.14;0.32;-6.2;0.38;-6.24;0.41;-6.25;0.43;-6.23;0.44;-6.23;0.44;-6.23
416;17.7;23.7;0.5;8;80;6;Successful;Effective;No;No;No;No;No;No;0.0;-6.0;0.2;-6.14;0.32;-6.2;0.38;-6.24;0.41;-6.25;0.43;-6.23;0.44;-6.23;0.44;-6.23
417;17.7;23.7;0.5;10;80;6;Successful;Effective;No;No;No;No;No;No;0.0;-6.0;0.2;-6.14;0.32;-6.2;0.38;-6.24;0.41;-6.25;0.43;-6.23;0.44;-6.23;0.44;-6.23
418;17.7;23.7;0.5;5;100;6;Successful;Effective;No;No;No;No;No;No;0.0;-6.0;0.25;-6.14;0.39;-6.21;0.47;-6.25;0.51;-6.27;0.54;-6.26;0.55;-6.25;0.55;-6.26
419;17.7;23.7;0.5;8;100;6;Successful;Effective;No;No;No;No;No;No;0.0;-6.0;0.25;-6.14;0.39;-6.21;0.47;-6.25;0.51;-6.27;0.54;-6.26;0.55;-6.25;0.55;-6.26
420;17.7;23.7;0.5;10;100;6;Successful;Effective;No;No;No;No;No;No;0.0;-6.0;0.25;-6.14;0.39;-6.21;0.47;-6.25;0.51;-6.27;0.54;-6.26;0.55;-6.25;0.55;-6.26
421;17.7;23.7;0.5;5;80;7;Successful;Effective;No;No;No;No;No;No;0.0;-7.0;0.2;-7.16;0.32;-7.23;0.38;-7.26;0.41;-7.26;0.43;-7.24;0.44;-7.24;0.44;-7.24
422;17.7;23.7;0.5;8;80;7;Successful;Effective;No;No;No;No;No;No;0.0;-7.0;0.2;-7.16;0.32;-7.23;0.38;-7.26;0.41;-7.26;0.43;-7.24;0.44;-7.24;0.44;-7.24
423;17.7;23.7;0.5;10;80;7;Successful;Effective;No;No;No;No;No;No;0.0;-7.0;0.2;-7.16;0.32;-7.23;0.38;-7.26;0.41;-7.26;0.43;-7.24;0.44;-7.24;0.44;-7.24
424;17.7;23.7;0.5;5;100;7;Successful;Effective;No;No;No;No;No;No;0.0;-7.0;0.25;-7.16;0.39;-7.24;0.47;-7.28;0.51;-7.3;0.54;-7.28;0.55;-7.27;0.55;-7.28
425;17.7;23.7;0.5;8;100;7;Successful;Effective;No;No;No;No;No;No;0.0;-7.0;0.25;-7.16;0.39;-7.24;0.47;-7.28;0.51;-7.3;0.54;-7.28;0.55;-7.27;0.55;-7.28
426;17.7;23.7;0.5;10;100;7;Successful;Effective;No;No;No;No;No;No;0.0;-7.0;0.25;-7.16;0.39;-7.24;0.47;-7.28;0.51;-7.3;0.54;-7.28;0.55;-7.27;0.55;-7.28
427;17.7;23.7;0.5;5;80;8;Successful;Effective;No;No;No;No;No;No;0.0;-7.99;0.2;-8.18;0.32;-8.24;0.38;-8.25;0.41;-8.26;0.43;-8.24;0.44;-8.22;0.44;-8.24
428;17.7;23.7;0.5;8;80;8;Successful;Effective;No;No;No;No;No;No;0.0;-7.99;0.2;-8.18;0.32;-8.24;0.38;-8.25;0.41;-8.26;0.43;-8.24;0.44;-8.22;0.44;-8.24
429;17.7;23.7;0.5;10;80;8;Successful;Effective;No;No;No;No;No;No;0.0;-7.99;0.2;-8.18;0.32;-8.24;0.38;-8.25;0.41;-8.26;0.43;-8.24;0.44;-8.22;0.44;-8.24
430;17.7;23.7;0.5;5;100;8;Successful;Effective;No;No;No;No;No;No;0.0;-8.0;0.25;-8.18;0.39;-8.27;0.47;-8.31;0.51;-8.32;0.54;-8.29;0.55;-8.29;0.55;-8.3
431;17.7;23.7;0.5;8;100;8;Successful;Effective;No;No;No;No;No;No;0.0;-8.0;0.25;-8.18;0.39;-8.27;0.47;-8.31;0.51;-8.32;0.54;-8.29;0.55;-8.29;0.55;-8.3
432;17.7;23.7;0.5;10;100;8;Successful;Effective;No;No;No;No;No;No;0.0;-8.0;0.25;-8.18;0.39;-8.27;0.47;-8.31;0.51;-8.32;0.54;-8.29;0.55;-8.29;0.55;-8.3
433;17.8;23.8;0.5;5;80;5;Successful;Effective;No;No;No;No;No;No;0.0;-5.0;0.2;-5.11;0.32;-5.16;0.38;-5.2;0.41;-5.21;0.43;-5.2;0.44;-5.2;0.44;-5.21
434;17.8;23.8;0.5;8;80;5;Successful;Effective;No;No;No;No;No;No;0.0;-5.0;0.2;-5.11;0.32;-5.16;0.38;-5.2;0.41;-5.21;0.43;-5.2;0.44;-5.2;0.44;-5.21
435;17.8;23.8;0.5;10;80;5;Successful;Effective;No;No;No;No;No;No;0.0;-5.0;0.2;-5.11;0.32;-5.16;0.38;-5.2;0.41;-5.21;0.43;-5.2;0.44;-5.2;0.44;-5.21
436;17.8;23.8;0.5;5;100;5;Successful;Effective;No;No;No;No;No;No;0.0;-5.0;0.25;-5.11;0.39;-5.17;0.47;-5.21;0.51;-5.23;0.54;-5.22;0.55;-5.22;0.55;-5.23
437;17.8;23.8;0.5;8;100;5;Successful;Effective;No;No;No;No;No;No;0.0;-5.0;0.25;-5.11;0.39;-5.17;0.47;-5.21;0.51;-5.23;0.54;-5.22;0.55;-5.22;0.55;-5.23
438;17.8;23.8;0.5;10;100;5;Successful;Effective;No;No;No;No;No;No;0.0;-5.0;0.25;-5.11;0.39;-5.17;0.47;-5.21;0.51;-5.23;0.54;-5.22;0.55;-5.22;0.55;-5.23
439;17.8;23.8;0.5;5;80;6;Successful;Effective;No;No;No;No;No;No;0.0;-6.0;0.2;-6.13;0.32;-6.19;0.38;-6.23;0.41;-6.24;0.43;-6.22;0.44;-6.22;0.44;-6.23
440;17.8;23.8;0.5;8;80;6;Successful;Effective;No;No;No;No;No;No;0.0;-6.0;0.2;-6.13;0.32;-6.19;0.38;-6.23;0.41;-6.24;0.43;-6.22;0.44;-6.22;0.44;-6.23
441;17.8;23.8;0.5;10;80;6;Successful;Effective;No;No;No;No;No;No;0.0;-6.0;0.2;-6.13;0.32;-6.19;0.38;-6.23;0.41;-6.24;0.43;-6.22;0.44;-6.22;0.44;-6.23
442;17.8;23.8;0.5;5;100;6;Successful;Effective;No;No;No;No;No;No;0.0;-6.0;0.25;-6.13;0.39;-6.2;0.47;-6.24;0.51;-6.26;0.54;-6.25;0.55;-6.24;0.55;-6.25
443;17.8;23.8;0.5;8;100;6;Successful;Effective;No;No;No;No;No;No;0.0;-6.0;0.25;-6.13;0.39;-6.2;0.47;-6.24;0.51;-6.26;0.54;-6.25;0.55;-6.24;0.55;-6.25
444;17.8;23.8;0.5;10;100;6;Successful;Effective;No;No;No;No;No;No;0.0;-6.0;0.25;-6.13;0.39;-6.2;0.47;-6.24;0.51;-6.26;0.54;-6.25;0.55;-6.24;0.55;-6.25
445;17.8;23.8;0.5;5;80;7;Successful;Effective;No;No;No;No;No;No;0.0;-7.0;0.2;-7.15;0.32;-7.22;0.38;-7.25;0.41;-7.25;0.43;-7.24;0.44;-7.23;0.44;-7.24
446;17.8;23.8;0.5;8;80;7;Successful;Effective;No;No;No;No;No;No;0.0;-7.0;0.2;-7.15;0.32;-7.22;0.38;-7.25;0.41;-7.25;0.43;-7.24;0.44;-7.23;0.44;-7.24
447;17.8;23.8;0.5;10;80;7;Successful;Effective;No;No;No;No;No;No;0.0;-7.0;0.2;-7.15;0.32;-7.22;0.38;-7.25;0.41;-7.25;0.43;-7.24;0.44;-7.23;0.44;-7.24
448;17.8;23.8;0.5;5;100;7;Successful;Effective;No;No;No;No;No;No;0.0;-7.0;0.25;-7.15;0.39;-7.23;0.47;-7.27;0.51;-7.29;0.54;-7.27;0.55;-7.27;0.55;-7.28
449;17.8;23.8;0.5;8;100;7;Successful;Effective;No;No;No;No;No;No;0.0;-7.0;0.25;-7.15;0.39;-7.23;0.47;-7.27;0.51;-7.29;0.54;-7.27;0.55;-7.27;0.55;-7.28
450;17.8;23.8;0.5;10;100;7;Successful;Effective;No;No;No;No;No;No;0.0;-7.0;0.25;-7.15;0.39;-7.23;0.47;-7.27;0.51;-7.29;0.54;-7.27;0.55;-7.27;0.55;-7.28
451;17.8;23.8;0.5;5;80;8;Successful;Effective;No;No;No;No;No;No;0.0;-7.99;0.2;-8.16;0.32;-8.23;0.38;-8.24;0.41;-8.26;0.43;-8.24;0.44;-8.22;0.44;-8.24
452;17.8;23.8;0.5;8;80;8;Successful;Effective;No;No;No;No;No;No;0.0;-7.99;0.2;-8.16;0.32;-8.23;0.38;-8.24;0.41;-8.26;0.43;-8.24;0.44;-8.22;0.44;-8.24
453;17.8;23.8;0.5;10;80;8;Successful;Effective;No;No;No;No;No;No;0.0;-7.99;0.2;-8.16;0.32;-8.23;0.38;-8.24;0.41;-8.26;0.43;-8.24;0.44;-8.22;0.44;-8.24
454;17.8;23.8;0.5;5;100;8;Successful;Effective;No;No;No;No;No;No;0.0;-8.0;0.25;-8.17;0.39;-8.25;0.47;-8.3;0.51;-8.31;0.54;-8.29;0.55;-8.29;0.55;-8.29
455;17.8;23.8;0.5;8;100;8;Successful;Effective;No;No;No;No;No;No;0.0;-8.0;0.25;-8.17;0.39;-8.25;0.47;-8.3;0.51;-8.31;0.54;-8.29;0.55;-8.29;0.55;-8.29
456;17.8;23.8;0.5;10;100;8;Successful;Effective;No;No;No;No;No;No;0.0;-8.0;0.25;-8.17;0.39;-8.25;0.47;-8.3;0.51;-8.31;0.54;-8.29;0.55;-8.29;0.55;-8.29
457;17.9;23.9;0.5;5;80;5;Successful;Effective;No;No;No;No;No;No;0.0;-5.0;0.2;-5.1;0.32;-5.16;0.38;-5.19;0.41;-5.2;0.43;-5.2;0.44;-5.2;0.44;-5.2
458;17.9;23.9;0.5;8;80;5;Successful;Effective;No;No;No;No;No;No;0.0;-5.0;0.2;-5.1;0.32;-5.16;0.38;-5.19;0.41;-5.2;0.43;-5.2;0.44;-5.2;0.44;-5.2
459;17.9;23.9;0.5;10;80;5;Successful;Effective;No;No;No;No;No;No;0.0;-5.0;0.2;-5.1;0.32;-5.16;0.38;-5.19;0.41;-5.2;0.43;-5.2;0.44;-5.2;0.44;-5.2
460;17.9;23.9;0.5;5;100;5;Successful;Effective;No;No;No;No;No;No;0.0;-5.0;0.25;-5.11;0.39;-5.16;0.47;-5.2;0.51;-5.22;0.54;-5.22;0.55;-5.22;0.55;-5.22
461;17.9;23.9;0.5;8;100;5;Successful;Effective;No;No;No;No;No;No;0.0;-5.0;0.25;-5.11;0.39;-5.16;0.47;-5.2;0.51;-5.22;0.54;-5.22;0.55;-5.22;0.55;-5.22
462;17.9;23.9;0.5;10;100;5;Successful;Effective;No;No;No;No;No;No;0.0;-5.0;0.25;-5.11;0.39;-5.16;0.47;-5.2;0.51;-5.22;0.54;-5.22;0.55;-5.22;0.55;-5.22
463;17.9;23.9;0.5;5;80;6;Successful;Effective;No;No;No;No;No;No;0.0;-6.0;0.2;-6.12;0.32;-6.18;0.38;-6.22;0.41;-6.23;0.43;-6.22;0.44;-6.22;0.44;-6.22
464;17.9;23.9;0.5;8;80;6;Successful;Effective;No;No;No;No;No;No;0.0;-6.0;0.2;-6.12;0.32;-6.18;0.38;-6.22;0.41;-6.23;0.43;-6.22;0.44;-6.22;0.44;-6.22
465;17.9;23.9;0.5;10;80;6;Successful;Effective;No;No;No;No;No;No;0.0;-6.0;0.2;-6.12;0.32;-6.18;0.38;-6.22;0.41;-6.23;0.43;-6.22;0.44;-6.22;0.44;-6.22
466;17.9;23.9;0.5;5;100;6;Successful;Effective;No;No;No;No;No;No;0.0;-6.0;0.25;-6.12;0.39;-6.19;0.47;-6.23;0.51;-6.25;0.54;-6.24;0.55;-6.24;0.55;-6.25
467;17.9;23.9;0.5;8;100;6;Successful;Effective;No;No;No;No;No;No;0.0;-6.0;0.25;-6.12;0.39;-6.19;0.47;-6.23;0.51;-6.25;0.54;-6.24;0.55;-6.24;0.55;-6.25
468;17.9;23.9;0.5;10;100;6;Successful;Effective;No;No;No;No;No;No;0.0;-6.0;0.25;-6.12;0.39;-6.19;0.47;-6.23;0.51;-6.25;0.54;-6.24;0.55;-6.24;0.55;-6.25
469;17.9;23.9;0.5;5;80;7;Successful;Effective;No;No;No;No;No;No;0.0;-7.0;0.2;-7.14;0.32;-7.21;0.38;-7.24;0.41;-7.24;0.43;-7.24;0.44;-7.23;0.44;-7.24
470;17.9;23.9;0.5;8;80;7;Successful;Effective;No;No;No;No;No;No;0.0;-7.0;0.2;-7.14;0.32;-7.21;0.38;-7.24;0.41;-7.24;0.43;-7.24;0.44;-7.23;0.44;-7.24
471;17.9;23.9;0.5;10;80;7;Successful;Effective;No;No;No;No;No;No;0.0;-7.0;0.2;-7.14;0.32;-7.21;0.38;-7.24;0.41;-7.24;0.43;-7.24;0.44;-7.23;0.44;-7.24
472;17.9;23.9;0.5;5;100;7;Successful;Effective;No;No;No;No;No;No;0.0;-7.0;0.25;-7.14;0.39;-7.21;0.47;-7.26;0.51;-7.27;0.54;-7.26;0.55;-7.26;0.55;-7.27
473;17.9;23.9;0.5;8;100;7;Successful;Effective;No;No;No;No;No;No;0.0;-7.0;0.25;-7.14;0.39;-7.21;0.47;-7.26;0.51;-7.27;0.54;-7.26;0.55;-7.26;0.55;-7.27
474;17.9;23.9;0.5;10;100;7;Successful;Effective;No;No;No;No;No;No;0.0;-7.0;0.25;-7.14;0.39;-7.21;0.47;-7.26;0.51;-7.27;0.54;-7.26;0.55;-7.26;0.55;-7.27
475;17.9;23.9;0.5;5;80;8;Successful;Effective;No;No;No;No;No;No;0.0;-7.99;0.2;-8.15;0.32;-8.21;0.38;-8.23;0.41;-8.26;0.43;-8.24;0.44;-8.22;0.44;-8.24
476;17.9;23.9;0.5;8;80;8;Successful;Effective;No;No;No;No;No;No;0.0;-7.99;0.2;-8.15;0.32;-8.21;0.38;-8.23;0.41;-8.26;0.43;-8.24;0.44;-8.22;0.44;-8.24
477;17.9;23.9;0.5;10;80;8;Successful;Effective;No;No;No;No;No;No;0.0;-7.99;0.2;-8.15;0.32;-8.21;0.38;-8.23;0.41;-8.26;0.43;-8.24;0.44;-8.22;0.44;-8.24
478;17.9;23.9;0.5;5;100;8;Successful;Effective;No;No;No;No;No;No;0.0;-8.0;0.25;-8.16;0.39;-8.24;0.47;-8.28;0.51;-8.3;0.54;-8.28;0.55;-8.28;0.55;-8.29
479;17.9;23.9;0.5;8;100;8;Successful;Effective;No;No;No;No;No;No;0.0;-8.0;0.25;-8.16;0.39;-8.24;0.47;-8.28;0.51;-8.3;0.54;-8.28;0.55;-8.28;0.55;-8.29
480;17.9;23.9;0.5;10;100;8;Successful;Effective;No;No;No;No;No;No;0.0;-8.0;0.25;-8.16;0.39;-8.24;0.47;-8.28;0.51;-8.3;0.54;-8.28;0.55;-8.28;0.55;-8.29
481;18.0;24.0;0.5;5;80;5;Successful;Effective;No;No;No;No;No;No;0.0;-5.0;0.2;-5.1;0.32;-5.15;0.38;-5.18;0.41;-5.2;0.43;-5.19;0.44;-5.19;0.44;-5.2
482;18.0;24.0;0.5;8;80;5;Successful;Effective;No;No;No;No;No;No;0.0;-5.0;0.2;-5.1;0.32;-5.15;0.38;-5.18;0.41;-5.2;0.43;-5.19;0.44;-5.19;0.44;-5.2
483;18.0;24.0;0.5;10;80;5;Successful;Effective;No;No;No;No;No;No;0.0;-5.0;0.2;-5.1;0.32;-5.15;0.38;-5.18;0.41;-5.2;0.43;-5.19;0.44;-5.19;0.44;-5.2
484;18.0;24.0;0.5;5;100;5;Successful;Effective;No;No;No;No;No;No;0.0;-5.0;0.25;-5.1;0.39;-5.16;0.47;-5.19;0.51;-5.21;0.54;-5.21;0.55;-5.21;0.55;-5.22
485;18.0;24.0;0.5;8;100;5;Successful;Effective;No;No;No;No;No;No;0.0;-5.0;0.25;-5.1;0.39;-5.16;0.47;-5.19;0.51;-5.21;0.54;-5.21;0.55;-5.21;0.55;-5.22
486;18.0;24.0;0.5;10;100;5;Successful;Effective;No;No;No;No;No;No;0.0;-5.0;0.25;-5.1;0.39;-5.16;0.47;-5.19;0.51;-5.21;0.54;-5.21;0.55;-5.21;0.55;-5.22
487;18.0;24.0;0.5;5;80;6;Successful;Effective;No;No;No;No;No;No;0.0;-6.0;0.2;-6.11;0.32;-6.17;0.38;-6.21;0.41;-6.22;0.43;-6.22;0.44;-6.21;0.44;-6.22
488;18.0;24.0;0.5;8;80;6;Successful;Effective;No;No;No;No;No;No;0.0;-6.0;0.2;-6.11;0.32;-6.17;0.38;-6.21;0.41;-6.22;0.43;-6.22;0.44;-6.21;0.44;-6.22
489;18.0;24.0;0.5;10;80;6;Successful;Effective;No;No;No;No;No;No;0.0;-6.0;0.2;-6.11;0.32;-6.17;0.38;-6.21;0.41;-6.22;0.43;-6.22;0.44;-6.21;0.44;-6.22
490;18.0;24.0;0.5;5;100;6;Successful;Effective;No;No;No;No;No;No;0.0;-6.0;0.25;-6.12;0.39;-6.18;0.47;-6.22;0.51;-6.24;0.54;-6.23;0.55;-6.24;0.55;-6.24
491;18.0;24.0;0.5;8;100;6;Successful;Effective;No;No;No;No;No;No;0.0;-6.0;0.25;-6.12;0.39;-6.18;0.47;-6.22;0.51;-6.24;0.54;-6.23;0.55;-6.24;0.55;-6.24
492;18.0;24.0;0.5;10;100;6;Successful;Effective;No;No;No;No;No;No;0.0;-6.0;0.25;-6.12;0.39;-6.18;0.47;-6.22;0.51;-6.24;0.54;-6.23;0.55;-6.24;0.55;-6.24
493;18.0;24.0;0.5;5;80;7;Successful;Effective;No;No;No;No;No;No;0.0;-7.0;0.2;-7.13;0.32;-7.2;0.38;-7.23;0.41;-7.24;0.43;-7.23;0.44;-7.22;0.44;-7.23
494;18.0;24.0;0.5;8;80;7;Successful;Effective;No;No;No;No;No;No;0.0;-7.0;0.2;-7.13;0.32;-7.2;0.38;-7.23;0.41;-7.24;0.43;-7.23;0.44;-7.22;0.44;-7.23
495;18.0;24.0;0.5;10;80;7;Successful;Effective;No;No;No;No;No;No;0.0;-7.0;0.2;-7.13;0.32;-7.2;0.38;-7.23;0.41;-7.24;0.43;-7.23;0.44;-7.22;0.44;-7.23
496;18.0;24.0;0.5;5;100;7;Successful;Effective;No;No;No;No;No;No;0.0;-7.0;0.25;-7.13;0.39;-7.2;0.47;-7.25;0.51;-7.27;0.54;-7.26;0.55;-7.26;0.55;-7.26
497;18.0;24.0;0.5;8;100;7;Successful;Effective;No;No;No;No;No;No;0.0;-7.0;0.25;-7.13;0.39;-7.2;0.47;-7.25;0.51;-7.27;0.54;-7.26;0.55;-7.26;0.55;-7.26
498;18.0;24.0;0.5;10;100;7;Successful;Effective;No;No;No;No;No;No;0.0;-7.0;0.25;-7.13;0.39;-7.2;0.47;-7.25;0.51;-7.27;0.54;-7.26;0.55;-7.26;0.55;-7.26
499;18.0;24.0;0.5;5;80;8;Successful;Effective;No;No;No;No;No;No;0.0;-7.99;0.2;-8.14;0.32;-8.2;0.38;-8.23;0.41;-8.27;0.43;-8.24;0.44;-8.23;0.44;-8.24
500;18.0;24.0;0.5;8;80;8;Successful;Effective;No;No;No;No;No;No;0.0;-7.99;0.2;-8.14;0.32;-8.2;0.38;-8.23;0.41;-8.27;0.43;-8.24;0.44;-8.23;0.44;-8.24
501;18.0;24.0;0.5;10;80;8;Successful;Effective;No;No;No;No;No;No;0.0;-7.99;0.2;-8.14;0.32;-8.2;0.38;-8.23;0.41;-8.27;0.43;-8.24;0.44;-8.23;0.44;-8.24
502;18.0;24.0;0.5;5;100;8;Successful;Effective;No;No;No;No;No;No;0.0;-8.0;0.25;-8.15;0.39;-8.23;0.47;-8.27;0.51;-8.29;0.54;-8.28;0.55;-8.28;0.55;-8.28
503;18.0;24.0;0.5;8;100;8;Successful;Effective;No;No;No;No;No;No;0.0;-8.0;0.25;-8.15;0.39;-8.23;0.47;-8.27;0.51;-8.29;0.54;-8.28;0.55;-8.28;0.55;-8.28
504;18.0;24.0;0.5;10;100;8;Successful;Effective;No;No;No;No;No;No;0.0;-8.0;0.25;-8.15;0.39;-8.23;0.47;-8.27;0.51;-8.29;0.54;-8.28;0.55;-8.28;0.55;-8.28
505;18.1;24.1;0.5;5;80;5;Successful;Effective;No;No;No;No;No;No;0.0;-5.0;0.2;-5.09;0.32;-5.14;0.38;-5.18;0.41;-5.2;0.43;-5.19;0.44;-5.19;0.44;-5.2
506;18.1;24.1;0.5;8;80;5;Successful;Effective;No;No;No;No;No;No;0.0;-5.0;0.2;-5.09;0.32;-5.14;0.38;-5.18;0.41;-5.2;0.43;-5.19;0.44;-5.19;0.44;-5.2
507;18.1;24.1;0.5;10;80;5;Successful;Effective;No;No;No;No;No;No;0.0;-5.0;0.2;-5.09;0.32;-5.14;0.38;-5.18;0.41;-5.2;0.43;-5.19;0.44;-5.19;0.44;-5.2
508;18.1;24.1;0.5;5;100;5;Successful;Effective;No;No;No;No;No;No;0.0;-5.0;0.25;-5.1;0.39;-5.15;0.47;-5.19;0.51;-5.21;0.54;-5.21;0.55;-5.21;0.55;-5.22
509;18.1;24.1;0.5;8;100;5;Successful;Effective;No;No;No;No;No;No;0.0;-5.0;0.25;-5.1;0.39;-5.15;0.47;-5.19;0.51;-5.21;0.54;-5.21;0.55;-5.21;0.55;-5.22
510;18.1;24.1;0.5;10;100;5;Successful;Effective;No;No;No;No;No;No;0.0;-5.0;0.25;-5.1;0.39;-5.15;0.47;-5.19;0.51;-5.21;0.54;-5.21;0.55;-5.21;0.55;-5.22
511;18.1;24.1;0.5;5;80;6;Successful;Effective;No;No;No;No;No;No;0.0;-6.0;0.2;-6.11;0.32;-6.17;0.38;-6.2;0.41;-6.22;0.43;-6.21;0.44;-6.21;0.44;-6.22
512;18.1;24.1;0.5;8;80;6;Successful;Effective;No;No;No;No;No;No;0.0;-6.0;0.2;-6.11;0.32;-6.17;0.38;-6.2;0.41;-6.22;0.43;-6.21;0.44;-6.21;0.44;-6.22
513;18.1;24.1;0.5;10;80;6;Successful;Effective;No;No;No;No;No;No;0.0;-6.0;0.2;-6.11;0.32;-6.17;0.38;-6.2;0.41;-6.22;0.43;-6.21;0.44;-6.21;0.44;-6.22
514;18.1;24.1;0.5;5;100;6;Successful;Effective;No;No;No;No;No;No;0.0;-6.0;0.25;-6.11;0.39;-6.17;0.47;-6.21;0.51;-6.24;0.54;-6.23;0.55;-6.23;0.55;-6.24
515;18.1;24.1;0.5;8;100;6;Successful;Effective;No;No;No;No;No;No;0.0;-6.0;0.25;-6.11;0.39;-6.17;0.47;-6.21;0.51;-6.24;0.54;-6.23;0.55;-6.23;0.55;-6.24
516;18.1;24.1;0.5;10;100;6;Successful;Effective;No;No;No;No;No;No;0.0;-6.0;0.25;-6.11;0.39;-6.17;0.47;-6.21;0.51;-6.24;0.54;-6.23;0.55;-6.23;0.55;-6.24
517;18.1;24.1;0.5;5;80;7;Successful;Effective;No;No;No;No;No;No;0.0;-7.0;0.2;-7.12;0.32;-7.19;0.38;-7.22;0.41;-7.25;0.43;-7.23;0.44;-7.22;0.44;-7.23
518;18.1;24.1;0.5;8;80;7;Successful;Effective;No;No;No;No;No;No;0.0;-7.0;0.2;-7.12;0.32;-7.19;0.38;-7.22;0.41;-7.25;0.43;-7.23;0.44;-7.22;0.44;-7.23
519;18.1;24.1;0.5;10;80;7;Successful;Effective;No;No;No;No;No;No;0.0;-7.0;0.2;-7.12;0.32;-7.19;0.38;-7.22;0.41;-7.25;0.43;-7.23;0.44;-7.22;0.44;-7.23
520;18.1;24.1;0.5;5;100;7;Successful;Effective;No;No;No;No;No;No;0.0;-7.0;0.25;-7.13;0.39;-7.2;0.47;-7.24;0.51;-7.26;0.54;-7.26;0.55;-7.25;0.55;-7.26
521;18.1;24.1;0.5;8;100;7;Successful;Effective;No;No;No;No;No;No;0.0;-7.0;0.25;-7.13;0.39;-7.2;0.47;-7.24;0.51;-7.26;0.54;-7.26;0.55;-7.25;0.55;-7.26
522;18.1;24.1;0.5;10;100;7;Successful;Effective;No;No;No;No;No;No;0.0;-7.0;0.25;-7.13;0.39;-7.2;0.47;-7.24;0.51;-7.26;0.54;-7.26;0.55;-7.25;0.55;-7.26
523;18.1;24.1;0.5;5;80;8;Successful;Effective;No;No;No;No;No;No;0.0;-7.99;0.2;-8.13;0.32;-8.2;0.38;-8.23;0.41;-8.27;0.43;-8.24;0.44;-8.23;0.44;-8.24
524;18.1;24.1;0.5;8;80;8;Successful;Effective;No;No;No;No;No;No;0.0;-7.99;0.2;-8.13;0.32;-8.2;0.38;-8.23;0.41;-8.27;0.43;-8.24;0.44;-8.23;0.44;-8.24
525;18.1;24.1;0.5;10;80;8;Successful;Effective;No;No;No;No;No;No;0.0;-7.99;0.2;-8.13;0.32;-8.2;0.38;-8.23;0.41;-8.27;0.43;-8.24;0.44;-8.23;0.44;-8.24
526;18.1;24.1;0.5;5;100;8;Successful;Effective;No;No;No;No;No;No;0.0;-8.0;0.25;-8.14;0.39;-8.22;0.47;-8.26;0.51;-8.29;0.54;-8.28;0.55;-8.27;0.55;-8.28
527;18.1;24.1;0.5;8;100;8;Successful;Effective;No;No;No;No;No;No;0.0;-8.0;0.25;-8.14;0.39;-8.22;0.47;-8.26;0.51;-8.29;0.54;-8.28;0.55;-8.27;0.55;-8.28
528;18.1;24.1;0.5;10;100;8;Successful;Effective;No;No;No;No;No;No;0.0;-8.0;0.25;-8.14;0.39;-8.22;0.47;-8.26;0.51;-8.29;0.54;-8.28;0.55;-8.27;0.55;-8.28
529;18.2;24.2;0.5;5;80;5;Successful;Effective;No;No;No;No;No;No;0.0;-5.0;0.2;-5.09;0.32;-5.14;0.38;-5.17;0.41;-5.2;0.43;-5.19;0.44;-5.19;0.44;-5.19
530;18.2;24.2;0.5;8;80;5;Successful;Effective;No;No;No;No;No;No;0.0;-5.0;0.2;-5.09;0.32;-5.14;0.38;-5.17;0.41;-5.2;0.43;-5.19;0.44;-5.19;0.44;-5.19
531;18.2;24.2;0.5;10;80;5;Successful;Effective;No;No;No;No;No;No;0.0;-5.0;0.2;-5.09;0.32;-5.14;0.38;-5.17;0.41;-5.2;0.43;-5.19;0.44;-5.19;0.44;-5.19
532;18.2;24.2;0.5;5;100;5;Successful;Effective;No;No;No;No;No;No;0.0;-5.0;0.25;-5.09;0.39;-5.15;0.47;-5.18;0.51;-5.21;0.54;-5.21;0.55;-5.21;0.55;-5.22
533;18.2;24.2;0.5;8;100;5;Successful;Effective;No;No;No;No;No;No;0.0;-5.0;0.25;-5.09;0.39;-5.15;0.47;-5.18;0.51;-5.21;0.54;-5.21;0.55;-5.21;0.55;-5.22
534;18.2;24.2;0.5;10;100;5;Successful;Effective;No;No;No;No;No;No;0.0;-5.0;0.25;-5.09;0.39;-5.15;0.47;-5.18;0.51;-5.21;0.54;-5.21;0.55;-5.21;0.55;-5.22
535;18.2;24.2;0.5;5;80;6;Successful;Effective;No;No;No;No;No;No;0.0;-6.0;0.2;-6.1;0.32;-6.16;0.38;-6.2;0.41;-6.22;0.43;-6.21;0.44;-6.21;0.44;-6.22
536;18.2;24.2;0.5;8;80;6;Successful;Effective;No;No;No;No;No;No;0.0;-6.0;0.2;-6.1;0.32;-6.16;0.38;-6.2;0.41;-6.22;0.43;-6.21;0.44;-6.21;0.44;-6.22
537;18.2;24.2;0.5;10;80;6;Successful;Effective;No;No;No;No;No;No;0.0;-6.0;0.2;-6.1;0.32;-6.16;0.38;-6.2;0.41;-6.22;0.43;-6.21;0.44;-6.21;0.44;-6.22
538;18.2;24.2;0.5;5;100;6;Successful;Effective;No;No;No;No;No;No;0.0;-6.0;0.25;-6.11;0.39;-6.17;0.47;-6.21;0.51;-6.24;0.54;-6.23;0.55;-6.23;0.55;-6.24
539;18.2;24.2;0.5;8;100;6;Successful;Effective;No;No;No;No;No;No;0.0;-6.0;0.25;-6.11;0.39;-6.17;0.47;-6.21;0.51;-6.24;0.54;-6.23;0.55;-6.23;0.55;-6.24
540;18.2;24.2;0.5;10;100;6;Successful;Effective;No;No;No;No;No;No;0.0;-6.0;0.25;-6.11;0.39;-6.17;0.47;-6.21;0.51;-6.24;0.54;-6.23;0.55;-6.23;0.55;-6.24
541;18.2;24.2;0.5;5;80;7;Successful;Effective;No;No;No;No;No;No;0.0;-7.0;0.2;-7.12;0.32;-7.18;0.38;-7.22;0.41;-7.25;0.43;-7.23;0.44;-7.22;0.44;-7.23
542;18.2;24.2;0.5;8;80;7;Successful;Effective;No;No;No;No;No;No;0.0;-7.0;0.2;-7.12;0.32;-7.18;0.38;-7.22;0.41;-7.25;0.43;-7.23;0.44;-7.22;0.44;-7.23
543;18.2;24.2;0.5;10;80;7;Successful;Effective;No;No;No;No;No;No;0.0;-7.0;0.2;-7.12;0.32;-7.18;0.38;-7.22;0.41;-7.25;0.43;-7.23;0.44;-7.22;0.44;-7.23
544;18.2;24.2;0.5;5;100;7;Successful;Effective;No;No;No;No;No;No;0.0;-7.0;0.25;-7.12;0.39;-7.19;0.47;-7.23;0.51;-7.26;0.54;-7.25;0.55;-7.25;0.55;-7.26
545;18.2;24.2;0.5;8;100;7;Successful;Effective;No;No;No;No;No;No;0.0;-7.0;0.25;-7.12;0.39;-7.19;0.47;-7.23;0.51;-7.26;0.54;-7.25;0.55;-7.25;0.55;-7.26
546;18.2;24.2;0.5;10;100;7;Successful;Effective;No;No;No;No;No;No;0.0;-7.0;0.25;-7.12;0.39;-7.19;0.47;-7.23;0.51;-7.26;0.54;-7.25;0.55;-7.25;0.55;-7.26
547;18.2;24.2;0.5;5;80;8;Successful;Effective;No;No;No;No;No;No;0.0;-7.99;0.2;-8.13;0.32;-8.19;0.38;-8.24;0.41;-8.27;0.43;-8.24;0.44;-8.23;0.44;-8.24
548;18.2;24.2;0.5;8;80;8;Successful;Effective;No;No;No;No;No;No;0.0;-7.99;0.2;-8.13;0.32;-8.19;0.38;-8.24;0.41;-8.27;0.43;-8.24;0.44;-8.23;0.44;-8.24
549;18.2;24.2;0.5;10;80;8;Successful;Effective;No;No;No;No;No;No;0.0;-7.99;0.2;-8.13;0.32;-8.19;0.38;-8.24;0.41;-8.27;0.43;-8.24;0.44;-8.23;0.44;-8.24
550;18.2;24.2;0.5;5;100;8;Successful;Effective;No;No;No;No;No;No;0.0;-8.0;0.25;-8.13;0.39;-8.21;0.47;-8.26;0.51;-8.29;0.54;-8.28;0.55;-8.27;0.55;-8.28
551;18.2;24.2;0.5;8;100;8;Successful;Effective;No;No;No;No;No;No;0.0;-8.0;0.25;-8.13;0.39;-8.21;0.47;-8.26;0.51;-8.29;0.54;-8.28;0.55;-8.27;0.55;-8.28
552;18.2;24.2;0.5;10;100;8;Successful;Effective;No;No;No;No;No;No;0.0;-8.0;0.25;-8.13;0.39;-8.21;0.47;-8.26;0.51;-8.29;0.54;-8.28;0.55;-8.27;0.55;-8.28
553;18.3;24.3;0.5;5;80;5;Successful;Effective;No;No;No;No;No;No;0.0;-5.0;0.2;-5.08;0.32;-5.14;0.38;-5.17;0.41;-5.2;0.43;-5.19;0.44;-5.19;0.44;-5.19
554;18.3;24.3;0.5;8;80;5;Successful;Effective;No;No;No;No;No;No;0.0;-5.0;0.2;-5.08;0.32;-5.14;0.38;-5.17;0.41;-5.2;0.43;-5.19;0.44;-5.19;0.44;-5.19
555;18.3;24.3;0.5;10;80;5;Successful;Effective;No;No;No;No;No;No;0.0;-5.0;0.2;-5.08;0.32;-5.14;0.38;-5.17;0.41;-5.2;0.43;-5.19;0.44;-5.19;0.44;-5.19
556;18.3;24.3;0.5;5;100;5;Successful;Effective;No;No;No;No;No;No;0.0;-5.0;0.25;-5.09;0.39;-5.14;0.47;-5.19;0.51;-5.21;0.54;-5.21;0.55;-5.21;0.55;-5.22
557;18.3;24.3;0.5;8;100;5;Successful;Effective;No;No;No;No;No;No;0.0;-5.0;0.25;-5.09;0.39;-5.14;0.47;-5.19;0.51;-5.21;0.54;-5.21;0.55;-5.21;0.55;-5.22
558;18.3;24.3;0.5;10;100;5;Successful;Effective;No;No;No;No;No;No;0.0;-5.0;0.25;-5.09;0.39;-5.14;0.47;-5.19;0.51;-5.21;0.54;-5.21;0.55;-5.21;0.55;-5.22
559;18.3;24.3;0.5;5;80;6;Successful;Effective;No;No;No;No;No;No;0.0;-6.0;0.2;-6.1;0.32;-6.16;0.38;-6.2;0.41;-6.22;0.43;-6.21;0.44;-6.21;0.44;-6.21
560;18.3;24.3;0.5;8;80;6;Successful;Effective;No;No;No;No;No;No;0.0;-6.0;0.2;-6.1;0.32;-6.16;0.38;-6.2;0.41;-6.22;0.43;-6.21;0.44;-6.21;0.44;-6.21
561;18.3;24.3;0.5;10;80;6;Successful;Effective;No;No;No;No;No;No;0.0;-6.0;0.2;-6.1;0.32;-6.16;0.38;-6.2;0.41;-6.22;0.43;-6.21;0.44;-6.21;0.44;-6.21
562;18.3;24.3;0.5;5;100;6;Successful;Effective;No;No;No;No;No;No;0.0;-6.0;0.25;-6.1;0.39;-6.16;0.47;-6.21;0.51;-6.24;0.54;-6.23;0.55;-6.23;0.55;-6.24
563;18.3;24.3;0.5;8;100;6;Successful;Effective;No;No;No;No;No;No;0.0;-6.0;0.25;-6.1;0.39;-6.16;0.47;-6.21;0.51;-6.24;0.54;-6.23;0.55;-6.23;0.55;-6.24
564;18.3;24.3;0.5;10;100;6;Successful;Effective;No;No;No;No;No;No;0.0;-6.0;0.25;-6.1;0.39;-6.16;0.47;-6.21;0.51;-6.24;0.54;-6.23;0.55;-6.23;0.55;-6.24
565;18.3;24.3;0.5;5;80;7;Successful;Effective;No;No;No;No;No;No;0.0;-7.0;0.2;-7.11;0.32;-7.18;0.38;-7.22;0.41;-7.25;0.43;-7.23;0.44;-7.22;0.44;-7.23
566;18.3;24.3;0.5;8;80;7;Successful;Effective;No;No;No;No;No;No;0.0;-7.0;0.2;-7.11;0.32;-7.18;0.38;-7.22;0.41;-7.25;0.43;-7.23;0.44;-7.22;0.44;-7.23
567;18.3;24.3;0.5;10;80;7;Successful;Effective;No;No;No;No;No;No;0.0;-7.0;0.2;-7.11;0.32;-7.18;0.38;-7.22;0.41;-7.25;0.43;-7.23;0.44;-7.22;0.44;-7.23
568;18.3;24.3;0.5;5;100;7;Successful;Effective;No;No;No;No;No;No;0.0;-7.0;0.25;-7.12;0.39;-7.19;0.47;-7.23;0.51;-7.26;0.54;-7.25;0.55;-7.25;0.55;-7.26
569;18.3;24.3;0.5;8;100;7;Successful;Effective;No;No;No;No;No;No;0.0;-7.0;0.25;-7.12;0.39;-7.19;0.47;-7.23;0.51;-7.26;0.54;-7.25;0.55;-7.25;0.55;-7.26
570;18.3;24.3;0.5;10;100;7;Successful;Effective;No;No;No;No;No;No;0.0;-7.0;0.25;-7.12;0.39;-7.19;0.47;-7.23;0.51;-7.26;0.54;-7.25;0.55;-7.25;0.55;-7.26
571;18.3;24.3;0.5;5;80;8;Successful;Effective;No;No;No;No;No;No;0.0;-7.99;0.2;-8.12;0.32;-8.19;0.38;-8.24;0.41;-8.27;0.43;-8.24;0.44;-8.23;0.44;-8.25
572;18.3;24.3;0.5;8;80;8;Successful;Effective;No;No;No;No;No;No;0.0;-7.99;0.2;-8.12;0.32;-8.19;0.38;-8.24;0.41;-8.27;0.43;-8.24;0.44;-8.23;0.44;-8.25
573;18.3;24.3;0.5;10;80;8;Successful;Effective;No;No;No;No;No;No;0.0;-7.99;0.2;-8.12;0.32;-8.19;0.38;-8.24;0.41;-8.27;0.43;-8.24;0.44;-8.23;0.44;-8.25
574;18.3;24.3;0.5;5;100;8;Successful;Effective;No;No;No;No;No;No;0.0;-8.0;0.25;-8.13;0.39;-8.21;0.47;-8.26;0.51;-8.29;0.54;-8.28;0.55;-8.27;0.55;-8.28
575;18.3;24.3;0.5;8;100;8;Successful;Effective;No;No;No;No;No;No;0.0;-8.0;0.25;-8.13;0.39;-8.21;0.47;-8.26;0.51;-8.29;0.54;-8.28;0.55;-8.27;0.55;-8.28
576;18.3;24.3;0.5;10;100;8;Successful;Effective;No;No;No;No;No;No;0.0;-8.0;0.25;-8.13;0.39;-8.21;0.47;-8.26;0.51;-8.29;0.54;-8.28;0.55;-8.27;0.55;-8.28
577;18.4;24.4;0.5;5;80;5;Successful;Effective;No;No;No;No;No;No;0.0;-5.0;0.2;-5.08;0.32;-5.13;0.38;-5.18;0.41;-5.2;0.43;-5.19;0.44;-5.19;0.44;-5.19
578;18.4;24.4;0.5;8;80;5;Successful;Effective;No;No;No;No;No;No;0.0;-5.0;0.2;-5.08;0.32;-5.13;0.38;-5.18;0.41;-5.2;0.43;-5.19;0.44;-5.19;0.44;-5.19
579;18.4;24.4;0.5;10;80;5;Successful;Effective;No;No;No;No;No;No;0.0;-5.0;0.2;-5.08;0.32;-5.13;0.38;-5.18;0.41;-5.2;0.43;-5.19;0.44;-5.19;0.44;-5.19
580;18.4;24.4;0.5;5;100;5;Successful;Effective;No;No;No;No;No;No;0.0;-5.0;0.25;-5.09;0.39;-5.14;0.47;-5.19;0.51;-5.21;0.54;-5.21;0.55;-5.21;0.55;-5.21
581;18.4;24.4;0.5;8;100;5;Successful;Effective;No;No;No;No;No;No;0.0;-5.0;0.25;-5.09;0.39;-5.14;0.47;-5.19;0.51;-5.21;0.54;-5.21;0.55;-5.21;0.55;-5.21
582;18.4;24.4;0.5;10;100;5;Successful;Effective;No;No;No;No;No;No;0.0;-5.0;0.25;-5.09;0.39;-5.14;0.47;-5.19;0.51;-5.21;0.54;-5.21;0.55;-5.21;0.55;-5.21
583;18.4;24.4;0.5;5;80;6;Successful;Effective;No;No;No;No;No;No;0.0;-6.0;0.2;-6.09;0.32;-6.15;0.38;-6.2;0.41;-6.22;0.43;-6.21;0.44;-6.21;0.44;-6.21
584;18.4;24.4;0.5;8;80;6;Successful;Effective;No;No;No;No;No;No;0.0;-6.0;0.2;-6.09;0.32;-6.15;0.38;-6.2;0.41;-6.22;0.43;-6.21;0.44;-6.21;0.44;-6.21
585;18.4;24.4;0.5;10;80;6;Successful;Effective;No;No;No;No;No;No;0.0;-6.0;0.2;-6.09;0.32;-6.15;0.38;-6.2;0.41;-6.22;0.43;-6.21;0.44;-6.21;0.44;-6.21
586;18.4;24.4;0.5;5;100;6;Successful;Effective;No;No;No;No;No;No;0.0;-6.0;0.25;-6.1;0.39;-6.16;0.47;-6.21;0.51;-6.24;0.54;-6.23;0.55;-6.23;0.55;-6.24
587;18.4;24.4;0.5;8;100;6;Successful;Effective;No;No;No;No;No;No;0.0;-6.0;0.25;-6.1;0.39;-6.16;0.47;-6.21;0.51;-6.24;0.54;-6.23;0.55;-6.23;0.55;-6.24
588;18.4;24.4;0.5;10;100;6;Successful;Effective;No;No;No;No;No;No;0.0;-6.0;0.25;-6.1;0.39;-6.16;0.47;-6.21;0.51;-6.24;0.54;-6.23;0.55;-6.23;0.55;-6.24
589;18.4;24.4;0.5;5;80;7;Successful;Effective;No;No;No;No;No;No;0.0;-7.0;0.2;-7.11;0.32;-7.17;0.38;-7.22;0.41;-7.25;0.43;-7.23;0.44;-7.22;0.44;-7.23
590;18.4;24.4;0.5;8;80;7;Successful;Effective;No;No;No;No;No;No;0.0;-7.0;0.2;-7.11;0.32;-7.17;0.38;-7.22;0.41;-7.25;0.43;-7.23;0.44;-7.22;0.44;-7.23
591;18.4;24.4;0.5;10;80;7;Successful;Effective;No;No;No;No;No;No;0.0;-7.0;0.2;-7.11;0.32;-7.17;0.38;-7.22;0.41;-7.25;0.43;-7.23;0.44;-7.22;0.44;-7.23
592;18.4;24.4;0.5;5;100;7;Successful;Effective;No;No;No;No;No;No;0.0;-7.0;0.25;-7.11;0.39;-7.18;0.47;-7.24;0.51;-7.27;0.54;-7.25;0.55;-7.25;0.55;-7.26
593;18.4;24.4;0.5;8;100;7;Successful;Effective;No;No;No;No;No;No;0.0;-7.0;0.25;-7.11;0.39;-7.18;0.47;-7.24;0.51;-7.27;0.54;-7.25;0.55;-7.25;0.55;-7.26
594;18.4;24.4;0.5;10;100;7;Successful;Effective;No;No;No;No;No;No;0.0;-7.0;0.25;-7.11;0.39;-7.18;0.47;-7.24;0.51;-7.27;0.54;-7.25;0.55;-7.25;0.55;-7.26
595;18.4;24.4;0.5;5;80;8;Successful;Effective;No;No;No;No;No;No;0.0;-7.99;0.2;-8.12;0.32;-8.19;0.38;-8.25;0.41;-8.27;0.43;-8.24;0.44;-8.23;0.44;-8.25
596;18.4;24.4;0.5;8;80;8;Successful;Effective;No;No;No;No;No;No;0.0;-7.99;0.2;-8.12;0.32;-8.19;0.38;-8.25;0.41;-8.27;0.43;-8.24;0.44;-8.23;0.44;-8.25
597;18.4;24.4;0.5;10;80;8;Successful;Effective;No;No;No;No;No;No;0.0;-7.99;0.2;-8.12;0.32;-8.19;0.38;-8.25;0.41;-8.27;0.43;-8.24;0.44;-8.23;0.44;-8.25
598;18.4;24.4;0.5;5;100;8;Successful;Effective;No;No;No;No;No;No;0.0;-8.0;0.25;-8.12;0.39;-8.2;0.47;-8.26;0.51;-8.29;0.54;-8.27;0.55;-8.27;0.55;-8.28
599;18.4;24.4;0.5;8;100;8;Successful;Effective;No;No;No;No;No;No;0.0;-8.0;0.25;-8.12;0.39;-8.2;0.47;-8.26;0.51;-8.29;0.54;-8.27;0.55;-8.27;0.55;-8.28
600;18.4;24.4;0.5;10;100;8;Successful;Effective;No;No;No;No;No;No;0.0;-8.0;0.25;-8.12;0.39;-8.2;0.47;-8.26;0.51;-8.29;0.54;-8.27;0.55;-8.27;0.55;-8.28
601;18.5;24.5;0.5;5;80;5;Successful;Effective;No;No;No;No;No;No;0.0;-5.0;0.2;-5.08;0.32;-5.13;0.38;-5.18;0.41;-5.2;0.43;-5.19;0.44;-5.19;0.44;-5.19
602;18.5;24.5;0.5;8;80;5;Successful;Effective;No;No;No;No;No;No;0.0;-5.0;0.2;-5.08;0.32;-5.13;0.38;-5.18;0.41;-5.2;0.43;-5.19;0.44;-5.19;0.44;-5.19
603;18.5;24.5;0.5;10;80;5;Successful;Effective;No;No;No;No;No;No;0.0;-5.0;0.2;-5.08;0.32;-5.13;0.38;-5.18;0.41;-5.2;0.43;-5.19;0.44;-5.19;0.44;-5.19
604;18.5;24.5;0.5;5;100;5;Successful;Effective;No;No;No;No;No;No;0.0;-5.0;0.25;-5.08;0.39;-5.14;0.47;-5.19;0.51;-5.22;0.54;-5.21;0.55;-5.21;0.55;-5.22
605;18.5;24.5;0.5;8;100;5;Successful;Effective;No;No;No;No;No;No;0.0;-5.0;0.25;-5.08;0.39;-5.14;0.47;-5.19;0.51;-5.22;0.54;-5.21;0.55;-5.21;0.55;-5.22
606;18.5;24.5;0.5;10;100;5;Successful;Effective;No;No;No;No;No;No;0.0;-5.0;0.25;-5.08;0.39;-5.14;0.47;-5.19;0.51;-5.22;0.54;-5.21;0.55;-5.21;0.55;-5.22
607;18.5;24.5;0.5;5;80;6;Successful;Effective;No;No;No;No;No;No;0.0;-6.0;0.2;-6.09;0.32;-6.15;0.38;-6.2;0.41;-6.22;0.43;-6.21;0.44;-6.21;0.44;-6.21
608;18.5;24.5;0.5;8;80;6;Successful;Effective;No;No;No;No;No;No;0.0;-6.0;0.2;-6.09;0.32;-6.15;0.38;-6.2;0.41;-6.22;0.43;-6.21;0.44;-6.21;0.44;-6.21
609;18.5;24.5;0.5;10;80;6;Successful;Effective;No;No;No;No;No;No;0.0;-6.0;0.2;-6.09;0.32;-6.15;0.38;-6.2;0.41;-6.22;0.43;-6.21;0.44;-6.21;0.44;-6.21
610;18.5;24.5;0.5;5;100;6;Successful;Effective;No;No;No;No;No;No;0.0;-6.0;0.25;-6.1;0.39;-6.16;0.47;-6.22;0.51;-6.24;0.54;-6.23;0.55;-6.23;0.55;-6.24
611;18.5;24.5;0.5;8;100;6;Successful;Effective;No;No;No;No;No;No;0.0;-6.0;0.25;-6.1;0.39;-6.16;0.47;-6.22;0.51;-6.24;0.54;-6.23;0.55;-6.23;0.55;-6.24
612;18.5;24.5;0.5;10;100;6;Successful;Effective;No;No;No;No;No;No;0.0;-6.0;0.25;-6.1;0.39;-6.16;0.47;-6.22;0.51;-6.24;0.54;-6.23;0.55;-6.23;0.55;-6.24
613;18.5;24.5;0.5;5;80;7;Successful;Effective;No;No;No;No;No;No;0.0;-7.0;0.2;-7.1;0.32;-7.17;0.38;-7.23;0.41;-7.25;0.43;-7.23;0.44;-7.22;0.44;-7.23
614;18.5;24.5;0.5;8;80;7;Successful;Effective;No;No;No;No;No;No;0.0;-7.0;0.2;-7.1;0.32;-7.17;0.38;-7.23;0.41;-7.25;0.43;-7.23;0.44;-7.22;0.44;-7.23
615;18.5;24.5;0.5;10;80;7;Successful;Effective;No;No;No;No;No;No;0.0;-7.0;0.2;-7.1;0.32;-7.17;0.38;-7.23;0.41;-7.25;0.43;-7.23;0.44;-7.22;0.44;-7.23
616;18.5;24.5;0.5;5;100;7;Successful;Effective;No;No;No;No;No;No;0.0;-7.0;0.25;-7.11;0.39;-7.18;0.47;-7.24;0.51;-7.27;0.54;-7.25;0.55;-7.25;0.55;-7.26
617;18.5;24.5;0.5;8;100;7;Successful;Effective;No;No;No;No;No;No;0.0;-7.0;0.25;-7.11;0.39;-7.18;0.47;-7.24;0.51;-7.27;0.54;-7.25;0.55;-7.25;0.55;-7.26
618;18.5;24.5;0.5;10;100;7;Successful;Effective;No;No;No;No;No;No;0.0;-7.0;0.25;-7.11;0.39;-7.18;0.47;-7.24;0.51;-7.27;0.54;-7.25;0.55;-7.25;0.55;-7.26
619;18.5;24.5;0.5;5;80;8;Successful;Effective;No;No;No;No;No;No;0.0;-7.99;0.2;-8.12;0.32;-8.19;0.38;-8.25;0.41;-8.27;0.43;-8.25;0.44;-8.24;0.44;-8.25
620;18.5;24.5;0.5;8;80;8;Successful;Effective;No;No;No;No;No;No;0.0;-7.99;0.2;-8.12;0.32;-8.19;0.38;-8.25;0.41;-8.27;0.43;-8.25;0.44;-8.24;0.44;-8.25
621;18.5;24.5;0.5;10;80;8;Successful;Effective;No;No;No;No;No;No;0.0;-7.99;0.2;-8.12;0.32;-8.19;0.38;-8.25;0.41;-8.27;0.43;-8.25;0.44;-8.24;0.44;-8.25
622;18.5;24.5;0.5;5;100;8;Successful;Effective;No;No;No;No;No;No;0.0;-8.0;0.25;-8.12;0.39;-8.2;0.47;-8.27;0.51;-8.29;0.54;-8.27;0.55;-8.27;0.55;-8.28
623;18.5;24.5;0.5;8;100;8;Successful;Effective;No;No;No;No;No;No;0.0;-8.0;0.25;-8.12;0.39;-8.2;0.47;-8.27;0.51;-8.29;0.54;-8.27;0.55;-8.27;0.55;-8.28
624;18.5;24.5;0.5;10;100;8;Successful;Effective;No;No;No;No;No;No;0.0;-8.0;0.25;-8.12;0.39;-8.2;0.47;-8.27;0.51;-8.29;0.54;-8.27;0.55;-8.27;0.55;-8.28
625;18.6;24.6;0.5;5;80;5;Successful;Effective;No;No;No;No;No;No;0.0;-5.0;0.2;-5.08;0.32;-5.14;0.38;-5.18;0.41;-5.2;0.43;-5.19;0.44;-5.19;0.44;-5.19
626;18.6;24.6;0.5;8;80;5;Successful;Effective;No;No;No;No;No;No;0.0;-5.0;0.2;-5.08;0.32;-5.14;0.38;-5.18;0.41;-5.2;0.43;-5.19;0.44;-5.19;0.44;-5.19
627;18.6;24.6;0.5;10;80;5;Successful;Effective;No;No;No;No;No;No;0.0;-5.0;0.2;-5.08;0.32;-5.14;0.38;-5.18;0.41;-5.2;0.43;-5.19;0.44;-5.19;0.44;-5.19
628;18.6;24.6;0.5;5;100;5;Successful;Effective;No;No;No;No;No;No;0.0;-5.0;0.25;-5.08;0.39;-5.14;0.47;-5.19;0.51;-5.22;0.54;-5.21;0.55;-5.21;0.55;-5.22
629;18.6;24.6;0.5;8;100;5;Successful;Effective;No;No;No;No;No;No;0.0;-5.0;0.25;-5.08;0.39;-5.14;0.47;-5.19;0.51;-5.22;0.54;-5.21;0.55;-5.21;0.55;-5.22
630;18.6;24.6;0.5;10;100;5;Successful;Effective;No;No;No;No;No;No;0.0;-5.0;0.25;-5.08;0.39;-5.14;0.47;-5.19;0.51;-5.22;0.54;-5.21;0.55;-5.21;0.55;-5.22
631;18.6;24.6;0.5;5;80;6;Successful;Effective;No;No;No;No;No;No;0.0;-6.0;0.2;-6.09;0.32;-6.16;0.38;-6.2;0.41;-6.23;0.43;-6.21;0.44;-6.21;0.44;-6.21
632;18.6;24.6;0.5;8;80;6;Successful;Effective;No;No;No;No;No;No;0.0;-6.0;0.2;-6.09;0.32;-6.16;0.38;-6.2;0.41;-6.23;0.43;-6.21;0.44;-6.21;0.44;-6.21
633;18.6;24.6;0.5;10;80;6;Successful;Effective;No;No;No;No;No;No;0.0;-6.0;0.2;-6.09;0.32;-6.16;0.38;-6.2;0.41;-6.23;0.43;-6.21;0.44;-6.21;0.44;-6.21
634;18.6;24.6;0.5;5;100;6;Successful;Effective;No;No;No;No;No;No;0.0;-6.0;0.25;-6.09;0.39;-6.16;0.47;-6.22;0.51;-6.24;0.54;-6.23;0.55;-6.23;0.55;-6.24
635;18.6;24.6;0.5;8;100;6;Successful;Effective;No;No;No;No;No;No;0.0;-6.0;0.25;-6.09;0.39;-6.16;0.47;-6.22;0.51;-6.24;0.54;-6.23;0.55;-6.23;0.55;-6.24
636;18.6;24.6;0.5;10;100;6;Successful;Effective;No;No;No;No;No;No;0.0;-6.0;0.25;-6.09;0.39;-6.16;0.47;-6.22;0.51;-6.24;0.54;-6.23;0.55;-6.23;0.55;-6.24
637;18.6;24.6;0.5;5;80;7;Successful;Effective;No;No;No;No;No;No;0.0;-7.0;0.2;-7.1;0.32;-7.18;0.38;-7.23;0.41;-7.25;0.43;-7.23;0.44;-7.22;0.44;-7.24
638;18.6;24.6;0.5;8;80;7;Successful;Effective;No;No;No;No;No;No;0.0;-7.0;0.2;-7.1;0.32;-7.18;0.38;-7.23;0.41;-7.25;0.43;-7.23;0.44;-7.22;0.44;-7.24
639;18.6;24.6;0.5;10;80;7;Successful;Effective;No;No;No;No;No;No;0.0;-7.0;0.2;-7.1;0.32;-7.18;0.38;-7.23;0.41;-7.25;0.43;-7.23;0.44;-7.22;0.44;-7.24
640;18.6;24.6;0.5;5;100;7;Successful;Effective;No;No;No;No;No;No;0.0;-7.0;0.25;-7.11;0.39;-7.18;0.47;-7.24;0.51;-7.27;0.54;-7.25;0.55;-7.25;0.55;-7.26
641;18.6;24.6;0.5;8;100;7;Successful;Effective;No;No;No;No;No;No;0.0;-7.0;0.25;-7.11;0.39;-7.18;0.47;-7.24;0.51;-7.27;0.54;-7.25;0.55;-7.25;0.55;-7.26
642;18.6;24.6;0.5;10;100;7;Successful;Effective;No;No;No;No;No;No;0.0;-7.0;0.25;-7.11;0.39;-7.18;0.47;-7.24;0.51;-7.27;0.54;-7.25;0.55;-7.25;0.55;-7.26
643;18.6;24.6;0.5;5;80;8;Successful;Effective;No;No;No;No;No;No;0.0;-7.99;0.2;-8.11;0.32;-8.2;0.38;-8.26;0.41;-8.28;0.43;-8.25;0.44;-8.24;0.44;-8.26
644;18.6;24.6;0.5;8;80;8;Successful;Effective;No;No;No;No;No;No;0.0;-7.99;0.2;-8.11;0.32;-8.2;0.38;-8.26;0.41;-8.28;0.43;-8.25;0.44;-8.24;0.44;-8.26
645;18.6;24.6;0.5;10;80;8;Successful;Effective;No;No;No;No;No;No;0.0;-7.99;0.2;-8.11;0.32;-8.2;0.38;-8.26;0.41;-8.28;0.43;-8.25;0.44;-8.24;0.44;-8.26
646;18.6;24.6;0.5;5;100;8;Successful;Effective;No;No;No;No;No;No;0.0;-8.0;0.25;-8.12;0.39;-8.2;0.47;-8.27;0.51;-8.29;0.54;-8.28;0.55;-8.27;0.55;-8.28
647;18.6;24.6;0.5;8;100;8;Successful;Effective;No;No;No;No;No;No;0.0;-8.0;0.25;-8.12;0.39;-8.2;0.47;-8.27;0.51;-8.29;0.54;-8.28;0.55;-8.27;0.55;-8.28
648;18.6;24.6;0.5;10;100;8;Successful;Effective;No;No;No;No;No;No;0.0;-8.0;0.25;-8.12;0.39;-8.2;0.47;-8.27;0.51;-8.29;0.54;-8.28;0.55;-8.27;0.55;-8.28
649;18.7;24.7;0.5;5;80;5;Successful;Effective;No;No;No;No;No;No;0.0;-5.0;0.2;-5.08;0.32;-5.14;0.38;-5.18;0.41;-5.2;0.43;-5.19;0.44;-5.19;0.44;-5.19
650;18.7;24.7;0.5;8;80;5;Successful;Effective;No;No;No;No;No;No;0.0;-5.0;0.2;-5.08;0.32;-5.14;0.38;-5.18;0.41;-5.2;0.43;-5.19;0.44;-5.19;0.44;-5.19
651;18.7;24.7;0.5;10;80;5;Successful;Effective;No;No;No;No;No;No;0.0;-5.0;0.2;-5.08;0.32;-5.14;0.38;-5.18;0.41;-5.2;0.43;-5.19;0.44;-5.19;0.44;-5.19
652;18.7;24.7;0.5;5;100;5;Successful;Effective;No;No;No;No;No;No;0.0;-5.0;0.25;-5.08;0.39;-5.15;0.47;-5.2;0.51;-5.22;0.54;-5.21;0.55;-5.21;0.55;-5.22
653;18.7;24.7;0.5;8;100;5;Successful;Effective;No;No;No;No;No;No;0.0;-5.0;0.25;-5.08;0.39;-5.15;0.47;-5.2;0.51;-5.22;0.54;-5.21;0.55;-5.21;0.55;-5.22
654;18.7;24.7;0.5;10;100;5;Successful;Effective;No;No;No;No;No;No;0.0;-5.0;0.25;-5.08;0.39;-5.15;0.47;-5.2;0.51;-5.22;0.54;-5.21;0.55;-5.21;0.55;-5.22
655;18.7;24.7;0.5;5;80;6;Successful;Effective;No;No;No;No;No;No;0.0;-6.0;0.2;-6.09;0.32;-6.16;0.38;-6.21;0.41;-6.23;0.43;-6.21;0.44;-6.21;0.44;-6.22
656;18.7;24.7;0.5;8;80;6;Successful;Effective;No;No;No;No;No;No;0.0;-6.0;0.2;-6.09;0.32;-6.16;0.38;-6.21;0.41;-6.23;0.43;-6.21;0.44;-6.21;0.44;-6.22
657;18.7;24.7;0.5;10;80;6;Successful;Effective;No;No;No;No;No;No;0.0;-6.0;0.2;-6.09;0.32;-6.16;0.38;-6.21;0.41;-6.23;0.43;-6.21;0.44;-6.21;0.44;-6.22
658;18.7;24.7;0.5;5;100;6;Successful;Effective;No;No;No;No;No;No;0.0;-6.0;0.25;-6.09;0.39;-6.17;0.47;-6.22;0.51;-6.24;0.54;-6.23;0.55;-6.23;0.55;-6.24
659;18.7;24.7;0.5;8;100;6;Successful;Effective;No;No;No;No;No;No;0.0;-6.0;0.25;-6.09;0.39;-6.17;0.47;-6.22;0.51;-6.24;0.54;-6.23;0.55;-6.23;0.55;-6.24
660;18.7;24.7;0.5;10;100;6;Successful;Effective;No;No;No;No;No;No;0.0;-6.0;0.25;-6.09;0.39;-6.17;0.47;-6.22;0.51;-6.24;0.54;-6.23;0.55;-6.23;0.55;-6.24
661;18.7;24.7;0.5;5;80;7;Successful;Effective;No;No;No;No;No;No;0.0;-7.0;0.2;-7.1;0.32;-7.18;0.38;-7.23;0.41;-7.25;0.43;-7.23;0.44;-7.23;0.44;-7.24
662;18.7;24.7;0.5;8;80;7;Successful;Effective;No;No;No;No;No;No;0.0;-7.0;0.2;-7.1;0.32;-7.18;0.38;-7.23;0.41;-7.25;0.43;-7.23;0.44;-7.23;0.44;-7.24
663;18.7;24.7;0.5;10;80;7;Successful;Effective;No;No;No;No;No;No;0.0;-7.0;0.2;-7.1;0.32;-7.18;0.38;-7.23;0.41;-7.25;0.43;-7.23;0.44;-7.23;0.44;-7.24
664;18.7;24.7;0.5;5;100;7;Successful;Effective;No;No;No;No;No;No;0.0;-7.0;0.25;-7.1;0.39;-7.19;0.47;-7.25;0.51;-7.27;0.54;-7.25;0.55;-7.25;0.55;-7.26
665;18.7;24.7;0.5;8;100;7;Successful;Effective;No;No;No;No;No;No;0.0;-7.0;0.25;-7.1;0.39;-7.19;0.47;-7.25;0.51;-7.27;0.54;-7.25;0.55;-7.25;0.55;-7.26
666;18.7;24.7;0.5;10;100;7;Successful;Effective;No;No;No;No;No;No;0.0;-7.0;0.25;-7.1;0.39;-7.19;0.47;-7.25;0.51;-7.27;0.54;-7.25;0.55;-7.25;0.55;-7.26
667;18.7;24.7;0.5;5;80;8;Successful;Effective;No;No;No;No;No;No;0.0;-7.99;0.2;-8.11;0.32;-8.2;0.38;-8.26;0.41;-8.28;0.43;-8.25;0.44;-8.24;0.44;-8.26
668;18.7;24.7;0.5;8;80;8;Successful;Effective;No;No;No;No;No;No;0.0;-7.99;0.2;-8.11;0.32;-8.2;0.38;-8.26;0.41;-8.28;0.43;-8.25;0.44;-8.24;0.44;-8.26
669;18.7;24.7;0.5;10;80;8;Successful;Effective;No;No;No;No;No;No;0.0;-7.99;0.2;-8.11;0.32;-8.2;0.38;-8.26;0.41;-8.28;0.43;-8.25;0.44;-8.24;0.44;-8.26
670;18.7;24.7;0.5;5;100;8;Successful;Effective;No;No;No;No;No;No;0.0;-8.0;0.25;-8.12;0.39;-8.21;0.47;-8.27;0.51;-8.3;0.54;-8.28;0.55;-8.27;0.55;-8.28
671;18.7;24.7;0.5;8;100;8;Successful;Effective;No;No;No;No;No;No;0.0;-8.0;0.25;-8.12;0.39;-8.21;0.47;-8.27;0.51;-8.3;0.54;-8.28;0.55;-8.27;0.55;-8.28
672;18.7;24.7;0.5;10;100;8;Successful;Effective;No;No;No;No;No;No;0.0;-8.0;0.25;-8.12;0.39;-8.21;0.47;-8.27;0.51;-8.3;0.54;-8.28;0.55;-8.27;0.55;-8.28
673;18.8;24.8;0.5;5;80;5;Successful;Effective;No;No;No;No;No;No;0.0;-5.0;0.2;-5.08;0.32;-5.14;0.38;-5.18;0.41;-5.2;0.43;-5.19;0.44;-5.19;0.44;-5.2
674;18.8;24.8;0.5;8;80;5;Successful;Effective;No;No;No;No;No;No;0.0;-5.0;0.2;-5.08;0.32;-5.14;0.38;-5.18;0.41;-5.2;0.43;-5.19;0.44;-5.19;0.44;-5.2
675;18.8;24.8;0.5;10;80;5;Successful;Effective;No;No;No;No;No;No;0.0;-5.0;0.2;-5.08;0.32;-5.14;0.38;-5.18;0.41;-5.2;0.43;-5.19;0.44;-5.19;0.44;-5.2
676;18.8;24.8;0.5;5;100;5;Successful;Effective;No;No;No;No;No;No;0.0;-5.0;0.25;-5.08;0.39;-5.15;0.47;-5.2;0.51;-5.22;0.54;-5.21;0.55;-5.21;0.55;-5.22
677;18.8;24.8;0.5;8;100;5;Successful;Effective;No;No;No;No;No;No;0.0;-5.0;0.25;-5.08;0.39;-5.15;0.47;-5.2;0.51;-5.22;0.54;-5.21;0.55;-5.21;0.55;-5.22
678;18.8;24.8;0.5;10;100;5;Successful;Effective;No;No;No;No;No;No;0.0;-5.0;0.25;-5.08;0.39;-5.15;0.47;-5.2;0.51;-5.22;0.54;-5.21;0.55;-5.21;0.55;-5.22
679;18.8;24.8;0.5;5;80;6;Successful;Effective;No;No;No;No;No;No;0.0;-6.0;0.2;-6.09;0.32;-6.16;0.38;-6.21;0.41;-6.23;0.43;-6.21;0.44;-6.21;0.44;-6.22
680;18.8;24.8;0.5;8;80;6;Successful;Effective;No;No;No;No;No;No;0.0;-6.0;0.2;-6.09;0.32;-6.16;0.38;-6.21;0.41;-6.23;0.43;-6.21;0.44;-6.21;0.44;-6.22
681;18.8;24.8;0.5;10;80;6;Successful;Effective;No;No;No;No;No;No;0.0;-6.0;0.2;-6.09;0.32;-6.16;0.38;-6.21;0.41;-6.23;0.43;-6.21;0.44;-6.21;0.44;-6.22
682;18.8;24.8;0.5;5;100;6;Successful;Effective;No;No;No;No;No;No;0.0;-6.0;0.25;-6.09;0.39;-6.17;0.47;-6.22;0.51;-6.25;0.54;-6.23;0.55;-6.23;0.55;-6.24
683;18.8;24.8;0.5;8;100;6;Successful;Effective;No;No;No;No;No;No;0.0;-6.0;0.25;-6.09;0.39;-6.17;0.47;-6.22;0.51;-6.25;0.54;-6.23;0.55;-6.23;0.55;-6.24
684;18.8;24.8;0.5;10;100;6;Successful;Effective;No;No;No;No;No;No;0.0;-6.0;0.25;-6.09;0.39;-6.17;0.47;-6.22;0.51;-6.25;0.54;-6.23;0.55;-6.23;0.55;-6.24
685;18.8;24.8;0.5;5;80;7;Successful;Effective;No;No;No;No;No;No;0.0;-7.0;0.2;-7.1;0.32;-7.18;0.38;-7.24;0.41;-7.25;0.43;-7.24;0.44;-7.23;0.44;-7.24
686;18.8;24.8;0.5;8;80;7;Successful;Effective;No;No;No;No;No;No;0.0;-7.0;0.2;-7.1;0.32;-7.18;0.38;-7.24;0.41;-7.25;0.43;-7.24;0.44;-7.23;0.44;-7.24
687;18.8;24.8;0.5;10;80;7;Successful;Effective;No;No;No;No;No;No;0.0;-7.0;0.2;-7.1;0.32;-7.18;0.38;-7.24;0.41;-7.25;0.43;-7.24;0.44;-7.23;0.44;-7.24
688;18.8;24.8;0.5;5;100;7;Successful;Effective;No;No;No;No;No;No;0.0;-7.0;0.25;-7.1;0.39;-7.19;0.47;-7.25;0.51;-7.27;0.54;-7.26;0.55;-7.25;0.55;-7.26
689;18.8;24.8;0.5;8;100;7;Successful;Effective;No;No;No;No;No;No;0.0;-7.0;0.25;-7.1;0.39;-7.19;0.47;-7.25;0.51;-7.27;0.54;-7.26;0.55;-7.25;0.55;-7.26
690;18.8;24.8;0.5;10;100;7;Successful;Effective;No;No;No;No;No;No;0.0;-7.0;0.25;-7.1;0.39;-7.19;0.47;-7.25;0.51;-7.27;0.54;-7.26;0.55;-7.25;0.55;-7.26
691;18.8;24.8;0.5;5;80;8;Successful;Effective;No;No;No;No;No;No;0.0;-7.99;0.2;-8.11;0.32;-8.21;0.38;-8.26;0.41;-8.28;0.43;-8.25;0.44;-8.24;0.44;-8.26
692;18.8;24.8;0.5;8;80;8;Successful;Effective;No;No;No;No;No;No;0.0;-7.99;0.2;-8.11;0.32;-8.21;0.38;-8.26;0.41;-8.28;0.43;-8.25;0.44;-8.24;0.44;-8.26
693;18.8;24.8;0.5;10;80;8;Successful;Effective;No;No;No;No;No;No;0.0;-7.99;0.2;-8.11;0.32;-8.21;0.38;-8.26;0.41;-8.28;0.43;-8.25;0.44;-8.24;0.44;-8.26
694;18.8;24.8;0.5;5;100;8;Successful;Effective;No;No;No;No;No;No;0.0;-8.0;0.25;-8.12;0.39;-8.21;0.47;-8.28;0.51;-8.3;0.54;-8.28;0.55;-8.27;0.55;-8.28
695;18.8;24.8;0.5;8;100;8;Successful;Effective;No;No;No;No;No;No;0.0;-8.0;0.25;-8.12;0.39;-8.21;0.47;-8.28;0.51;-8.3;0.54;-8.28;0.55;-8.27;0.55;-8.28
696;18.8;24.8;0.5;10;100;8;Successful;Effective;No;No;No;No;No;No;0.0;-8.0;0.25;-8.12;0.39;-8.21;0.47;-8.28;0.51;-8.3;0.54;-8.28;0.55;-8.27;0.55;-8.28
697;18.9;24.9;0.5;5;80;5;Successful;Effective;No;No;No;No;No;No;0.0;-5.0;0.2;-5.07;0.32;-5.14;0.38;-5.19;0.41;-5.2;0.43;-5.19;0.44;-5.19;0.44;-5.2
698;18.9;24.9;0.5;8;80;5;Successful;Effective;No;No;No;No;No;No;0.0;-5.0;0.2;-5.07;0.32;-5.14;0.38;-5.19;0.41;-5.2;0.43;-5.19;0.44;-5.19;0.44;-5.2
699;18.9;24.9;0.5;10;80;5;Successful;Effective;No;No;No;No;No;No;0.0;-5.0;0.2;-5.07;0.32;-5.14;0.38;-5.19;0.41;-5.2;0.43;-5.19;0.44;-5.19;0.44;-5.2
700;18.9;24.9;0.5;5;100;5;Successful;Effective;No;No;No;No;No;No;0.0;-5.0;0.25;-5.08;0.39;-5.15;0.47;-5.2;0.51;-5.22;0.54;-5.21;0.55;-5.21;0.55;-5.22
701;18.9;24.9;0.5;8;100;5;Successful;Effective;No;No;No;No;No;No;0.0;-5.0;0.25;-5.08;0.39;-5.15;0.47;-5.2;0.51;-5.22;0.54;-5.21;0.55;-5.21;0.55;-5.22
702;18.9;24.9;0.5;10;100;5;Successful;Effective;No;No;No;No;No;No;0.0;-5.0;0.25;-5.08;0.39;-5.15;0.47;-5.2;0.51;-5.22;0.54;-5.21;0.55;-5.21;0.55;-5.22
703;18.9;24.9;0.5;5;80;6;Successful;Effective;No;No;No;No;No;No;0.0;-6.0;0.2;-6.09;0.32;-6.17;0.38;-6.21;0.41;-6.23;0.43;-6.21;0.44;-6.21;0.44;-6.22
704;18.9;24.9;0.5;8;80;6;Successful;Effective;No;No;No;No;No;No;0.0;-6.0;0.2;-6.09;0.32;-6.17;0.38;-6.21;0.41;-6.23;0.43;-6.21;0.44;-6.21;0.44;-6.22
705;18.9;24.9;0.5;10;80;6;Successful;Effective;No;No;No;No;No;No;0.0;-6.0;0.2;-6.09;0.32;-6.17;0.38;-6.21;0.41;-6.23;0.43;-6.21;0.44;-6.21;0.44;-6.22
706;18.9;24.9;0.5;5;100;6;Successful;Effective;No;No;No;No;No;No;0.0;-6.0;0.25;-6.09;0.39;-6.17;0.47;-6.22;0.51;-6.25;0.54;-6.23;0.55;-6.23;0.55;-6.24
707;18.9;24.9;0.5;8;100;6;Successful;Effective;No;No;No;No;No;No;0.0;-6.0;0.25;-6.09;0.39;-6.17;0.47;-6.22;0.51;-6.25;0.54;-6.23;0.55;-6.23;0.55;-6.24
708;18.9;24.9;0.5;10;100;6;Successful;Effective;No;No;No;No;No;No;0.0;-6.0;0.25;-6.09;0.39;-6.17;0.47;-6.22;0.51;-6.25;0.54;-6.23;0.55;-6.23;0.55;-6.24
709;18.9;24.9;0.5;5;80;7;Successful;Effective;No;No;No;No;No;No;0.0;-7.0;0.2;-7.1;0.32;-7.19;0.38;-7.24;0.41;-7.26;0.43;-7.24;0.44;-7.23;0.44;-7.24
710;18.9;24.9;0.5;8;80;7;Successful;Effective;No;No;No;No;No;No;0.0;-7.0;0.2;-7.1;0.32;-7.19;0.38;-7.24;0.41;-7.26;0.43;-7.24;0.44;-7.23;0.44;-7.24
711;18.9;24.9;0.5;10;80;7;Successful;Effective;No;No;No;No;No;No;0.0;-7.0;0.2;-7.1;0.32;-7.19;0.38;-7.24;0.41;-7.26;0.43;-7.24;0.44;-7.23;0.44;-7.24
712;18.9;24.9;0.5;5;100;7;Successful;Effective;No;No;No;No;No;No;0.0;-7.0;0.25;-7.1;0.39;-7.2;0.47;-7.25;0.51;-7.27;0.54;-7.26;0.55;-7.25;0.55;-7.26
713;18.9;24.9;0.5;8;100;7;Successful;Effective;No;No;No;No;No;No;0.0;-7.0;0.25;-7.1;0.39;-7.2;0.47;-7.25;0.51;-7.27;0.54;-7.26;0.55;-7.25;0.55;-7.26
714;18.9;24.9;0.5;10;100;7;Successful;Effective;No;No;No;No;No;No;0.0;-7.0;0.25;-7.1;0.39;-7.2;0.47;-7.25;0.51;-7.27;0.54;-7.26;0.55;-7.25;0.55;-7.26
715;18.9;24.9;0.5;5;80;8;Successful;Effective;No;No;No;No;No;No;0.0;-7.99;0.2;-8.11;0.32;-8.21;0.38;-8.26;0.41;-8.28;0.43;-8.26;0.44;-8.24;0.44;-8.26
716;18.9;24.9;0.5;8;80;8;Successful;Effective;No;No;No;No;No;No;0.0;-7.99;0.2;-8.11;0.32;-8.21;0.38;-8.26;0.41;-8.28;0.43;-8.26;0.44;-8.24;0.44;-8.26
717;18.9;24.9;0.5;10;80;8;Successful;Effective;No;No;No;No;No;No;0.0;-7.99;0.2;-8.11;0.32;-8.21;0.38;-8.26;0.41;-8.28;0.43;-8.26;0.44;-8.24;0.44;-8.26
718;18.9;24.9;0.5;5;100;8;Successful;Effective;No;No;No;No;No;No;0.0;-8.0;0.25;-8.11;0.39;-8.22;0.47;-8.28;0.51;-8.3;0.54;-8.28;0.55;-8.27;0.55;-8.28
719;18.9;24.9;0.5;8;100;8;Successful;Effective;No;No;No;No;No;No;0.0;-8.0;0.25;-8.11;0.39;-8.22;0.47;-8.28;0.51;-8.3;0.54;-8.28;0.55;-8.27;0.55;-8.28
720;18.9;24.9;0.5;10;100;8;Successful;Effective;No;No;No;No;No;No;0.0;-8.0;0.25;-8.11;0.39;-8.22;0.47;-8.28;0.51;-8.3;0.54;-8.28;0.55;-8.27;0.55;-8.28
721;19.0;25.0;0.5;5;80;5;Successful;Effective;No;No;No;No;No;No;0.0;-5.0;0.2;-5.08;0.32;-5.15;0.38;-5.19;0.41;-5.2;0.43;-5.19;0.44;-5.19;0.44;-5.2
722;19.0;25.0;0.5;8;80;5;Successful;Effective;No;No;No;No;No;No;0.0;-5.0;0.2;-5.08;0.32;-5.15;0.38;-5.19;0.41;-5.2;0.43;-5.19;0.44;-5.19;0.44;-5.2
723;19.0;25.0;0.5;10;80;5;Successful;Effective;No;No;No;No;No;No;0.0;-5.0;0.2;-5.08;0.32;-5.15;0.38;-5.19;0.41;-5.2;0.43;-5.19;0.44;-5.19;0.44;-5.2
724;19.0;25.0;0.5;5;100;5;Successful;Effective;No;No;No;No;No;No;0.0;-5.0;0.25;-5.08;0.39;-5.16;0.47;-5.2;0.51;-5.22;0.54;-5.21;0.55;-5.21;0.55;-5.22
725;19.0;25.0;0.5;8;100;5;Successful;Effective;No;No;No;No;No;No;0.0;-5.0;0.25;-5.08;0.39;-5.16;0.47;-5.2;0.51;-5.22;0.54;-5.21;0.55;-5.21;0.55;-5.22
726;19.0;25.0;0.5;10;100;5;Successful;Effective;No;No;No;No;No;No;0.0;-5.0;0.25;-5.08;0.39;-5.16;0.47;-5.2;0.51;-5.22;0.54;-5.21;0.55;-5.21;0.55;-5.22
727;19.0;25.0;0.5;5;80;6;Successful;Effective;No;No;No;No;No;No;0.0;-6.0;0.2;-6.09;0.32;-6.17;0.38;-6.21;0.41;-6.23;0.43;-6.21;0.44;-6.21;0.44;-6.22
728;19.0;25.0;0.5;8;80;6;Successful;Effective;No;No;No;No;No;No;0.0;-6.0;0.2;-6.09;0.32;-6.17;0.38;-6.21;0.41;-6.23;0.43;-6.21;0.44;-6.21;0.44;-6.22
729;19.0;25.0;0.5;10;80;6;Successful;Effective;No;No;No;No;No;No;0.0;-6.0;0.2;-6.09;0.32;-6.17;0.38;-6.21;0.41;-6.23;0.43;-6.21;0.44;-6.21;0.44;-6.22
730;19.0;25.0;0.5;5;100;6;Successful;Effective;No;No;No;No;No;No;0.0;-6.0;0.25;-6.09;0.39;-6.18;0.47;-6.23;0.51;-6.25;0.54;-6.23;0.55;-6.23;0.55;-6.24
731;19.0;25.0;0.5;8;100;6;Successful;Effective;No;No;No;No;No;No;0.0;-6.0;0.25;-6.09;0.39;-6.18;0.47;-6.23;0.51;-6.25;0.54;-6.23;0.55;-6.23;0.55;-6.24
732;19.0;25.0;0.5;10;100;6;Successful;Effective;No;No;No;No;No;No;0.0;-6.0;0.25;-6.09;0.39;-6.18;0.47;-6.23;0.51;-6.25;0.54;-6.23;0.55;-6.23;0.55;-6.24
733;19.0;25.0;0.5;5;80;7;Successful;Effective;No;No;No;No;No;No;0.0;-7.0;0.2;-7.1;0.32;-7.19;0.38;-7.24;0.41;-7.26;0.43;-7.24;0.44;-7.23;0.44;-7.24
734;19.0;25.0;0.5;8;80;7;Successful;Effective;No;No;No;No;No;No;0.0;-7.0;0.2;-7.1;0.32;-7.19;0.38;-7.24;0.41;-7.26;0.43;-7.24;0.44;-7.23;0.44;-7.24
735;19.0;25.0;0.5;10;80;7;Successful;Effective;No;No;No;No;No;No;0.0;-7.0;0.2;-7.1;0.32;-7.19;0.38;-7.24;0.41;-7.26;0.43;-7.24;0.44;-7.23;0.44;-7.24
736;19.0;25.0;0.5;5;100;7;Successful;Effective;No;No;No;No;No;No;0.0;-7.0;0.25;-7.1;0.39;-7.2;0.47;-7.25;0.51;-7.28;0.54;-7.26;0.55;-7.25;0.55;-7.26
737;19.0;25.0;0.5;8;100;7;Successful;Effective;No;No;No;No;No;No;0.0;-7.0;0.25;-7.1;0.39;-7.2;0.47;-7.25;0.51;-7.28;0.54;-7.26;0.55;-7.25;0.55;-7.26
738;19.0;25.0;0.5;10;100;7;Successful;Effective;No;No;No;No;No;No;0.0;-7.0;0.25;-7.1;0.39;-7.2;0.47;-7.25;0.51;-7.28;0.54;-7.26;0.55;-7.25;0.55;-7.26
739;19.0;25.0;0.5;5;80;8;Successful;Effective;No;No;No;No;No;No;0.0;-7.99;0.2;-8.11;0.32;-8.21;0.38;-8.27;0.41;-8.28;0.43;-8.26;0.44;-8.25;0.44;-8.26
740;19.0;25.0;0.5;8;80;8;Successful;Effective;No;No;No;No;No;No;0.0;-7.99;0.2;-8.11;0.32;-8.21;0.38;-8.27;0.41;-8.28;0.43;-8.26;0.44;-8.25;0.44;-8.26
741;19.0;25.0;0.5;10;80;8;Successful;Effective;No;No;No;No;No;No;0.0;-7.99;0.2;-8.11;0.32;-8.21;0.38;-8.27;0.41;-8.28;0.43;-8.26;0.44;-8.25;0.44;-8.26
742;19.0;25.0;0.5;5;100;8;Successful;Effective;No;No;No;No;No;No;0.0;-8.0;0.25;-8.12;0.39;-8.22;0.47;-8.28;0.51;-8.3;0.54;-8.28;0.55;-8.27;0.55;-8.29
743;19.0;25.0;0.5;8;100;8;Successful;Effective;No;No;No;No;No;No;0.0;-8.0;0.25;-8.12;0.39;-8.22;0.47;-8.28;0.51;-8.3;0.54;-8.28;0.55;-8.27;0.55;-8.29
744;19.0;25.0;0.5;10;100;8;Successful;Effective;No;No;No;No;No;No;0.0;-8.0;0.25;-8.12;0.39;-8.22;0.47;-8.28;0.51;-8.3;0.54;-8.28;0.55;-8.27;0.55;-8.29
745;19.1;25.1;0.5;5;80;5;Successful;Effective;No;No;No;No;No;No;0.0;-5.0;0.2;-5.08;0.32;-5.15;0.38;-5.19;0.41;-5.2;0.43;-5.19;0.44;-5.19;0.44;-5.2
746;19.1;25.1;0.5;8;80;5;Successful;Effective;No;No;No;No;No;No;0.0;-5.0;0.2;-5.08;0.32;-5.15;0.38;-5.19;0.41;-5.2;0.43;-5.19;0.44;-5.19;0.44;-5.2
747;19.1;25.1;0.5;10;80;5;Successful;Effective;No;No;No;No;No;No;0.0;-5.0;0.2;-5.08;0.32;-5.15;0.38;-5.19;0.41;-5.2;0.43;-5.19;0.44;-5.19;0.44;-5.2
748;19.1;25.1;0.5;5;100;5;Successful;Effective;No;No;No;No;No;No;0.0;-5.0;0.25;-5.08;0.39;-5.16;0.47;-5.2;0.51;-5.22;0.54;-5.21;0.55;-5.21;0.55;-5.22
749;19.1;25.1;0.5;8;100;5;Successful;Effective;No;No;No;No;No;No;0.0;-5.0;0.25;-5.08;0.39;-5.16;0.47;-5.2;0.51;-5.22;0.54;-5.21;0.55;-5.21;0.55;-5.22
750;19.1;25.1;0.5;10;100;5;Successful;Effective;No;No;No;No;No;No;0.0;-5.0;0.25;-5.08;0.39;-5.16;0.47;-5.2;0.51;-5.22;0.54;-5.21;0.55;-5.21;0.55;-5.22
751;19.1;25.1;0.5;5;80;6;Successful;Effective;No;No;No;No;No;No;0.0;-6.0;0.2;-6.09;0.32;-6.17;0.38;-6.21;0.41;-6.23;0.43;-6.22;0.44;-6.21;0.44;-6.22
752;19.1;25.1;0.5;8;80;6;Successful;Effective;No;No;No;No;No;No;0.0;-6.0;0.2;-6.09;0.32;-6.17;0.38;-6.21;0.41;-6.23;0.43;-6.22;0.44;-6.21;0.44;-6.22
753;19.1;25.1;0.5;10;80;6;Successful;Effective;No;No;No;No;No;No;0.0;-6.0;0.2;-6.09;0.32;-6.17;0.38;-6.21;0.41;-6.23;0.43;-6.22;0.44;-6.21;0.44;-6.22
754;19.1;25.1;0.5;5;100;6;Successful;Effective;No;No;No;No;No;No;0.0;-6.0;0.25;-6.1;0.39;-6.18;0.47;-6.23;0.51;-6.25;0.54;-6.24;0.55;-6.23;0.55;-6.24
755;19.1;25.1;0.5;8;100;6;Successful;Effective;No;No;No;No;No;No;0.0;-6.0;0.25;-6.1;0.39;-6.18;0.47;-6.23;0.51;-6.25;0.54;-6.24;0.55;-6.23;0.55;-6.24
756;19.1;25.1;0.5;10;100;6;Successful;Effective;No;No;No;No;No;No;0.0;-6.0;0.25;-6.1;0.39;-6.18;0.47;-6.23;0.51;-6.25;0.54;-6.24;0.55;-6.23;0.55;-6.24
757;19.1;25.1;0.5;5;80;7;Successful;Effective;No;No;No;No;No;No;0.0;-7.0;0.2;-7.1;0.32;-7.19;0.38;-7.24;0.41;-7.26;0.43;-7.24;0.44;-7.23;0.44;-7.24
758;19.1;25.1;0.5;8;80;7;Successful;Effective;No;No;No;No;No;No;0.0;-7.0;0.2;-7.1;0.32;-7.19;0.38;-7.24;0.41;-7.26;0.43;-7.24;0.44;-7.23;0.44;-7.24
759;19.1;25.1;0.5;10;80;7;Successful;Effective;No;No;No;No;No;No;0.0;-7.0;0.2;-7.1;0.32;-7.19;0.38;-7.24;0.41;-7.26;0.43;-7.24;0.44;-7.23;0.44;-7.24
760;19.1;25.1;0.5;5;100;7;Successful;Effective;No;No;No;No;No;No;0.0;-7.0;0.25;-7.11;0.39;-7.2;0.47;-7.25;0.51;-7.28;0.54;-7.26;0.55;-7.25;0.55;-7.27
761;19.1;25.1;0.5;8;100;7;Successful;Effective;No;No;No;No;No;No;0.0;-7.0;0.25;-7.11;0.39;-7.2;0.47;-7.25;0.51;-7.28;0.54;-7.26;0.55;-7.25;0.55;-7.27
762;19.1;25.1;0.5;10;100;7;Successful;Effective;No;No;No;No;No;No;0.0;-7.0;0.25;-7.11;0.39;-7.2;0.47;-7.25;0.51;-7.28;0.54;-7.26;0.55;-7.25;0.55;-7.27
763;19.1;25.1;0.5;5;80;8;Successful;Effective;No;No;No;No;No;No;0.0;-7.99;0.2;-8.12;0.32;-8.21;0.38;-8.27;0.41;-8.29;0.43;-8.26;0.44;-8.25;0.44;-8.27
764;19.1;25.1;0.5;8;80;8;Successful;Effective;No;No;No;No;No;No;0.0;-7.99;0.2;-8.12;0.32;-8.21;0.38;-8.27;0.41;-8.29;0.43;-8.26;0.44;-8.25;0.44;-8.27
765;19.1;25.1;0.5;10;80;8;Successful;Effective;No;No;No;No;No;No;0.0;-7.99;0.2;-8.12;0.32;-8.21;0.38;-8.27;0.41;-8.29;0.43;-8.26;0.44;-8.25;0.44;-8.27
766;19.1;25.1;0.5;5;100;8;Successful;Effective;No;No;No;No;No;No;0.0;-8.0;0.25;-8.12;0.39;-8.22;0.47;-8.28;0.51;-8.3;0.54;-8.28;0.55;-8.27;0.55;-8.29
767;19.1;25.1;0.5;8;100;8;Successful;Effective;No;No;No;No;No;No;0.0;-8.0;0.25;-8.12;0.39;-8.22;0.47;-8.28;0.51;-8.3;0.54;-8.28;0.55;-8.27;0.55;-8.29
768;19.1;25.1;0.5;10;100;8;Successful;Effective;No;No;No;No;No;No;0.0;-8.0;0.25;-8.12;0.39;-8.22;0.47;-8.28;0.51;-8.3;0.54;-8.28;0.55;-8.27;0.55;-8.29
769;19.2;25.2;0.5;5;80;5;Successful;Effective;No;No;No;No;No;No;0.0;-5.0;0.2;-5.08;0.32;-5.15;0.38;-5.19;0.41;-5.21;0.43;-5.19;0.44;-5.19;0.44;-5.2
770;19.2;25.2;0.5;8;80;5;Successful;Effective;No;No;No;No;No;No;0.0;-5.0;0.2;-5.08;0.32;-5.15;0.38;-5.19;0.41;-5.21;0.43;-5.19;0.44;-5.19;0.44;-5.2
771;19.2;25.2;0.5;10;80;5;Successful;Effective;No;No;No;No;No;No;0.0;-5.0;0.2;-5.08;0.32;-5.15;0.38;-5.19;0.41;-5.21;0.43;-5.19;0.44;-5.19;0.44;-5.2
772;19.2;25.2;0.5;5;100;5;Successful;Effective;No;No;No;No;No;No;0.0;-5.0;0.25;-5.08;0.39;-5.16;0.47;-5.2;0.51;-5.22;0.54;-5.21;0.55;-5.21;0.55;-5.22
773;19.2;25.2;0.5;8;100;5;Successful;Effective;No;No;No;No;No;No;0.0;-5.0;0.25;-5.08;0.39;-5.16;0.47;-5.2;0.51;-5.22;0.54;-5.21;0.55;-5.21;0.55;-5.22
774;19.2;25.2;0.5;10;100;5;Successful;Effective;No;No;No;No;No;No;0.0;-5.0;0.25;-5.08;0.39;-5.16;0.47;-5.2;0.51;-5.22;0.54;-5.21;0.55;-5.21;0.55;-5.22
775;19.2;25.2;0.5;5;80;6;Successful;Effective;No;No;No;No;No;No;0.0;-6.0;0.2;-6.09;0.32;-6.17;0.38;-6.22;0.41;-6.23;0.43;-6.22;0.44;-6.21;0.44;-6.22
776;19.2;25.2;0.5;8;80;6;Successful;Effective;No;No;No;No;No;No;0.0;-6.0;0.2;-6.09;0.32;-6.17;0.38;-6.22;0.41;-6.23;0.43;-6.22;0.44;-6.21;0.44;-6.22
777;19.2;25.2;0.5;10;80;6;Successful;Effective;No;No;No;No;No;No;0.0;-6.0;0.2;-6.09;0.32;-6.17;0.38;-6.22;0.41;-6.23;0.43;-6.22;0.44;-6.21;0.44;-6.22
778;19.2;25.2;0.5;5;100;6;Successful;Effective;No;No;No;No;No;No;0.0;-6.0;0.25;-6.1;0.39;-6.18;0.47;-6.23;0.51;-6.25;0.54;-6.24;0.55;-6.23;0.55;-6.24
779;19.2;25.2;0.5;8;100;6;Successful;Effective;No;No;No;No;No;No;0.0;-6.0;0.25;-6.1;0.39;-6.18;0.47;-6.23;0.51;-6.25;0.54;-6.24;0.55;-6.23;0.55;-6.24
780;19.2;25.2;0.5;10;100;6;Successful;Effective;No;No;No;No;No;No;0.0;-6.0;0.25;-6.1;0.39;-6.18;0.47;-6.23;0.51;-6.25;0.54;-6.24;0.55;-6.23;0.55;-6.24
781;19.2;25.2;0.5;5;80;7;Successful;Effective;No;No;No;No;No;No;0.0;-7.0;0.2;-7.11;0.32;-7.19;0.38;-7.24;0.41;-7.26;0.43;-7.24;0.44;-7.23;0.44;-7.24
782;19.2;25.2;0.5;8;80;7;Successful;Effective;No;No;No;No;No;No;0.0;-7.0;0.2;-7.11;0.32;-7.19;0.38;-7.24;0.41;-7.26;0.43;-7.24;0.44;-7.23;0.44;-7.24
783;19.2;25.2;0.5;10;80;7;Successful;Effective;No;No;No;No;No;No;0.0;-7.0;0.2;-7.11;0.32;-7.19;0.38;-7.24;0.41;-7.26;0.43;-7.24;0.44;-7.23;0.44;-7.24
784;19.2;25.2;0.5;5;100;7;Successful;Effective;No;No;No;No;No;No;0.0;-7.0;0.25;-7.11;0.39;-7.2;0.47;-7.26;0.51;-7.28;0.54;-7.26;0.55;-7.25;0.55;-7.27
785;19.2;25.2;0.5;8;100;7;Successful;Effective;No;No;No;No;No;No;0.0;-7.0;0.25;-7.11;0.39;-7.2;0.47;-7.26;0.51;-7.28;0.54;-7.26;0.55;-7.25;0.55;-7.27
786;19.2;25.2;0.5;10;100;7;Successful;Effective;No;No;No;No;No;No;0.0;-7.0;0.25;-7.11;0.39;-7.2;0.47;-7.26;0.51;-7.28;0.54;-7.26;0.55;-7.25;0.55;-7.27
787;19.2;25.2;0.5;5;80;8;Successful;Effective;No;No;No;No;No;No;0.0;-7.99;0.2;-8.12;0.32;-8.22;0.38;-8.27;0.41;-8.29;0.43;-8.26;0.44;-8.25;0.44;-8.27
788;19.2;25.2;0.5;8;80;8;Successful;Effective;No;No;No;No;No;No;0.0;-7.99;0.2;-8.12;0.32;-8.22;0.38;-8.27;0.41;-8.29;0.43;-8.26;0.44;-8.25;0.44;-8.27
789;19.2;25.2;0.5;10;80;8;Successful;Effective;No;No;No;No;No;No;0.0;-7.99;0.2;-8.12;0.32;-8.22;0.38;-8.27;0.41;-8.29;0.43;-8.26;0.44;-8.25;0.44;-8.27
790;19.2;25.2;0.5;5;100;8;Successful;Effective;No;No;No;No;No;No;0.0;-8.0;0.25;-8.12;0.39;-8.23;0.47;-8.28;0.51;-8.3;0.54;-8.28;0.55;-8.27;0.55;-8.29
791;19.2;25.2;0.5;8;100;8;Successful;Effective;No;No;No;No;No;No;0.0;-8.0;0.25;-8.12;0.39;-8.23;0.47;-8.28;0.51;-8.3;0.54;-8.28;0.55;-8.27;0.55;-8.29
792;19.2;25.2;0.5;10;100;8;Successful;Effective;No;No;No;No;No;No;0.0;-8.0;0.25;-8.12;0.39;-8.23;0.47;-8.28;0.51;-8.3;0.54;-8.28;0.55;-8.27;0.55;-8.29
793;19.3;25.3;0.5;5;80;5;Successful;Effective;No;No;No;No;No;No;0.0;-5.0;0.2;-5.08;0.32;-5.15;0.38;-5.19;0.41;-5.21;0.43;-5.19;0.44;-5.19;0.44;-5.2
794;19.3;25.3;0.5;8;80;5;Successful;Effective;No;No;No;No;No;No;0.0;-5.0;0.2;-5.08;0.32;-5.15;0.38;-5.19;0.41;-5.21;0.43;-5.19;0.44;-5.19;0.44;-5.2
795;19.3;25.3;0.5;10;80;5;Successful;Effective;No;No;No;No;No;No;0.0;-5.0;0.2;-5.08;0.32;-5.15;0.38;-5.19;0.41;-5.21;0.43;-5.19;0.44;-5.19;0.44;-5.2
796;19.3;25.3;0.5;5;100;5;Successful;Effective;No;No;No;No;No;No;0.0;-5.0;0.25;-5.09;0.39;-5.16;0.47;-5.2;0.51;-5.22;0.54;-5.21;0.55;-5.21;0.55;-5.22
797;19.3;25.3;0.5;8;100;5;Successful;Effective;No;No;No;No;No;No;0.0;-5.0;0.25;-5.09;0.39;-5.16;0.47;-5.2;0.51;-5.22;0.54;-5.21;0.55;-5.21;0.55;-5.22
798;19.3;25.3;0.5;10;100;5;Successful;Effective;No;No;No;No;No;No;0.0;-5.0;0.25;-5.09;0.39;-5.16;0.47;-5.2;0.51;-5.22;0.54;-5.21;0.55;-5.21;0.55;-5.22
799;19.3;25.3;0.5;5;80;6;Successful;Effective;No;No;No;No;No;No;0.0;-6.0;0.2;-6.1;0.32;-6.17;0.38;-6.22;0.41;-6.23;0.43;-6.22;0.44;-6.21;0.44;-6.22
800;19.3;25.3;0.5;8;80;6;Successful;Effective;No;No;No;No;No;No;0.0;-6.0;0.2;-6.1;0.32;-6.17;0.38;-6.22;0.41;-6.23;0.43;-6.22;0.44;-6.21;0.44;-6.22
801;19.3;25.3;0.5;10;80;6;Successful;Effective;No;No;No;No;No;No;0.0;-6.0;0.2;-6.1;0.32;-6.17;0.38;-6.22;0.41;-6.23;0.43;-6.22;0.44;-6.21;0.44;-6.22
802;19.3;25.3;0.5;5;100;6;Successful;Effective;No;No;No;No;No;No;0.0;-6.0;0.25;-6.1;0.39;-6.18;0.47;-6.23;0.51;-6.25;0.54;-6.24;0.55;-6.23;0.55;-6.25
803;19.3;25.3;0.5;8;100;6;Successful;Effective;No;No;No;No;No;No;0.0;-6.0;0.25;-6.1;0.39;-6.18;0.47;-6.23;0.51;-6.25;0.54;-6.24;0.55;-6.23;0.55;-6.25
804;19.3;25.3;0.5;10;100;6;Successful;Effective;No;No;No;No;No;No;0.0;-6.0;0.25;-6.1;0.39;-6.18;0.47;-6.23;0.51;-6.25;0.54;-6.24;0.55;-6.23;0.55;-6.25
805;19.3;25.3;0.5;5;80;7;Successful;Effective;No;No;No;No;No;No;0.0;-7.0;0.2;-7.11;0.32;-7.19;0.38;-7.24;0.41;-7.26;0.43;-7.24;0.44;-7.23;0.44;-7.25
806;19.3;25.3;0.5;8;80;7;Successful;Effective;No;No;No;No;No;No;0.0;-7.0;0.2;-7.11;0.32;-7.19;0.38;-7.24;0.41;-7.26;0.43;-7.24;0.44;-7.23;0.44;-7.25
807;19.3;25.3;0.5;10;80;7;Successful;Effective;No;No;No;No;No;No;0.0;-7.0;0.2;-7.11;0.32;-7.19;0.38;-7.24;0.41;-7.26;0.43;-7.24;0.44;-7.23;0.44;-7.25
808;19.3;25.3;0.5;5;100;7;Successful;Effective;No;No;No;No;No;No;0.0;-7.0;0.25;-7.11;0.39;-7.2;0.47;-7.26;0.51;-7.28;0.54;-7.26;0.55;-7.25;0.55;-7.27
809;19.3;25.3;0.5;8;100;7;Successful;Effective;No;No;No;No;No;No;0.0;-7.0;0.25;-7.11;0.39;-7.2;0.47;-7.26;0.51;-7.28;0.54;-7.26;0.55;-7.25;0.55;-7.27
810;19.3;25.3;0.5;10;100;7;Successful;Effective;No;No;No;No;No;No;0.0;-7.0;0.25;-7.11;0.39;-7.2;0.47;-7.26;0.51;-7.28;0.54;-7.26;0.55;-7.25;0.55;-7.27
811;19.3;25.3;0.5;5;80;8;Successful;Effective;No;No;No;No;No;No;0.0;-7.99;0.2;-8.12;0.32;-8.22;0.38;-8.27;0.41;-8.29;0.43;-8.26;0.44;-8.25;0.44;-8.27
812;19.3;25.3;0.5;8;80;8;Successful;Effective;No;No;No;No;No;No;0.0;-7.99;0.2;-8.12;0.32;-8.22;0.38;-8.27;0.41;-8.29;0.43;-8.26;0.44;-8.25;0.44;-8.27
813;19.3;25.3;0.5;10;80;8;Successful;Effective;No;No;No;No;No;No;0.0;-7.99;0.2;-8.12;0.32;-8.22;0.38;-8.27;0.41;-8.29;0.43;-8.26;0.44;-8.25;0.44;-8.27
814;19.3;25.3;0.5;5;100;8;Successful;Effective;No;No;No;No;No;No;0.0;-8.0;0.25;-8.13;0.39;-8.23;0.47;-8.28;0.51;-8.31;0.54;-8.28;0.55;-8.27;0.55;-8.29
815;19.3;25.3;0.5;8;100;8;Successful;Effective;No;No;No;No;No;No;0.0;-8.0;0.25;-8.13;0.39;-8.23;0.47;-8.28;0.51;-8.31;0.54;-8.28;0.55;-8.27;0.55;-8.29
816;19.3;25.3;0.5;10;100;8;Successful;Effective;No;No;No;No;No;No;0.0;-8.0;0.25;-8.13;0.39;-8.23;0.47;-8.28;0.51;-8.31;0.54;-8.28;0.55;-8.27;0.55;-8.29
817;19.4;25.4;0.5;5;80;5;Successful;Effective;No;No;No;No;No;No;0.0;-5.0;0.2;-5.08;0.32;-5.15;0.38;-5.19;0.41;-5.21;0.43;-5.19;0.44;-5.19;0.44;-5.2
818;19.4;25.4;0.5;8;80;5;Successful;Effective;No;No;No;No;No;No;0.0;-5.0;0.2;-5.08;0.32;-5.15;0.38;-5.19;0.41;-5.21;0.43;-5.19;0.44;-5.19;0.44;-5.2
819;19.4;25.4;0.5;10;80;5;Successful;Effective;No;No;No;No;No;No;0.0;-5.0;0.2;-5.08;0.32;-5.15;0.38;-5.19;0.41;-5.21;0.43;-5.19;0.44;-5.19;0.44;-5.2
820;19.4;25.4;0.5;5;100;5;Successful;Effective;No;No;No;No;No;No;0.0;-5.0;0.25;-5.09;0.39;-5.16;0.47;-5.2;0.51;-5.22;0.54;-5.21;0.55;-5.21;0.55;-5.22
821;19.4;25.4;0.5;8;100;5;Successful;Effective;No;No;No;No;No;No;0.0;-5.0;0.25;-5.09;0.39;-5.16;0.47;-5.2;0.51;-5.22;0.54;-5.21;0.55;-5.21;0.55;-5.22
822;19.4;25.4;0.5;10;100;5;Successful;Effective;No;No;No;No;No;No;0.0;-5.0;0.25;-5.09;0.39;-5.16;0.47;-5.2;0.51;-5.22;0.54;-5.21;0.55;-5.21;0.55;-5.22
823;19.4;25.4;0.5;5;80;6;Successful;Effective;No;No;No;No;No;No;0.0;-6.0;0.2;-6.1;0.32;-6.17;0.38;-6.22;0.41;-6.23;0.43;-6.22;0.44;-6.21;0.44;-6.22
824;19.4;25.4;0.5;8;80;6;Successful;Effective;No;No;No;No;No;No;0.0;-6.0;0.2;-6.1;0.32;-6.17;0.38;-6.22;0.41;-6.23;0.43;-6.22;0.44;-6.21;0.44;-6.22
825;19.4;25.4;0.5;10;80;6;Successful;Effective;No;No;No;No;No;No;0.0;-6.0;0.2;-6.1;0.32;-6.17;0.38;-6.22;0.41;-6.23;0.43;-6.22;0.44;-6.21;0.44;-6.22
826;19.4;25.4;0.5;5;100;6;Successful;Effective;No;No;No;No;No;No;0.0;-6.0;0.25;-6.1;0.39;-6.18;0.47;-6.23;0.51;-6.25;0.54;-6.24;0.55;-6.23;0.55;-6.25
827;19.4;25.4;0.5;8;100;6;Successful;Effective;No;No;No;No;No;No;0.0;-6.0;0.25;-6.1;0.39;-6.18;0.47;-6.23;0.51;-6.25;0.54;-6.24;0.55;-6.23;0.55;-6.25
828;19.4;25.4;0.5;10;100;6;Successful;Effective;No;No;No;No;No;No;0.0;-6.0;0.25;-6.1;0.39;-6.18;0.47;-6.23;0.51;-6.25;0.54;-6.24;0.55;-6.23;0.55;-6.25
829;19.4;25.4;0.5;5;80;7;Successful;Effective;No;No;No;No;No;No;0.0;-7.0;0.2;-7.11;0.32;-7.19;0.38;-7.24;0.41;-7.26;0.43;-7.24;0.44;-7.23;0.44;-7.25
830;19.4;25.4;0.5;8;80;7;Successful;Effective;No;No;No;No;No;No;0.0;-7.0;0.2;-7.11;0.32;-7.19;0.38;-7.24;0.41;-7.26;0.43;-7.24;0.44;-7.23;0.44;-7.25
831;19.4;25.4;0.5;10;80;7;Successful;Effective;No;No;No;No;No;No;0.0;-7.0;0.2;-7.11;0.32;-7.19;0.38;-7.24;0.41;-7.26;0.43;-7.24;0.44;-7.23;0.44;-7.25
832;19.4;25.4;0.5;5;100;7;Successful;Effective;No;No;No;No;No;No;0.0;-7.0;0.25;-7.11;0.39;-7.2;0.47;-7.26;0.51;-7.28;0.54;-7.26;0.55;-7.25;0.55;-7.27
833;19.4;25.4;0.5;8;100;7;Successful;Effective;No;No;No;No;No;No;0.0;-7.0;0.25;-7.11;0.39;-7.2;0.47;-7.26;0.51;-7.28;0.54;-7.26;0.55;-7.25;0.55;-7.27
834;19.4;25.4;0.5;10;100;7;Successful;Effective;No;No;No;No;No;No;0.0;-7.0;0.25;-7.11;0.39;-7.2;0.47;-7.26;0.51;-7.28;0.54;-7.26;0.55;-7.25;0.55;-7.27
835;19.4;25.4;0.5;5;80;8;Successful;Effective;No;No;No;No;No;No;0.0;-7.99;0.2;-8.12;0.32;-8.22;0.38;-8.27;0.41;-8.29;0.43;-8.26;0.44;-8.25;0.44;-8.27
836;19.4;25.4;0.5;8;80;8;Successful;Effective;No;No;No;No;No;No;0.0;-7.99;0.2;-8.12;0.32;-8.22;0.38;-8.27;0.41;-8.29;0.43;-8.26;0.44;-8.25;0.44;-8.27
837;19.4;25.4;0.5;10;80;8;Successful;Effective;No;No;No;No;No;No;0.0;-7.99;0.2;-8.12;0.32;-8.22;0.38;-8.27;0.41;-8.29;0.43;-8.26;0.44;-8.25;0.44;-8.27
838;19.4;25.4;0.5;5;100;8;Successful;Effective;No;No;No;No;No;No;0.0;-8.0;0.25;-8.13;0.39;-8.23;0.47;-8.28;0.51;-8.31;0.54;-8.28;0.55;-8.27;0.55;-8.29
839;19.4;25.4;0.5;8;100;8;Successful;Effective;No;No;No;No;No;No;0.0;-8.0;0.25;-8.13;0.39;-8.23;0.47;-8.28;0.51;-8.31;0.54;-8.28;0.55;-8.27;0.55;-8.29
840;19.4;25.4;0.5;10;100;8;Successful;Effective;No;No;No;No;No;No;0.0;-8.0;0.25;-8.13;0.39;-8.23;0.47;-8.28;0.51;-8.31;0.54;-8.28;0.55;-8.27;0.55;-8.29
841;19.5;25.5;0.5;5;80;5;Successful;Effective;No;No;No;No;No;No;0.0;-5.0;0.2;-5.08;0.32;-5.15;0.38;-5.19;0.41;-5.21;0.43;-5.19;0.44;-5.19;0.44;-5.2
842;19.5;25.5;0.5;8;80;5;Successful;Effective;No;No;No;No;No;No;0.0;-5.0;0.2;-5.08;0.32;-5.15;0.38;-5.19;0.41;-5.21;0.43;-5.19;0.44;-5.19;0.44;-5.2
843;19.5;25.5;0.5;10;80;5;Successful;Effective;No;No;No;No;No;No;0.0;-5.0;0.2;-5.08;0.32;-5.15;0.38;-5.19;0.41;-5.21;0.43;-5.19;0.44;-5.19;0.44;-5.2
844;19.5;25.5;0.5;5;100;5;Successful;Effective;No;No;No;No;No;No;0.0;-5.0;0.25;-5.09;0.39;-5.16;0.47;-5.2;0.51;-5.22;0.54;-5.21;0.55;-5.21;0.55;-5.22
845;19.5;25.5;0.5;8;100;5;Successful;Effective;No;No;No;No;No;No;0.0;-5.0;0.25;-5.09;0.39;-5.16;0.47;-5.2;0.51;-5.22;0.54;-5.21;0.55;-5.21;0.55;-5.22
846;19.5;25.5;0.5;10;100;5;Successful;Effective;No;No;No;No;No;No;0.0;-5.0;0.25;-5.09;0.39;-5.16;0.47;-5.2;0.51;-5.22;0.54;-5.21;0.55;-5.21;0.55;-5.22
847;19.5;25.5;0.5;5;80;6;Successful;Effective;No;No;No;No;No;No;0.0;-6.0;0.2;-6.1;0.32;-6.17;0.38;-6.22;0.41;-6.23;0.43;-6.22;0.44;-6.21;0.44;-6.22
848;19.5;25.5;0.5;8;80;6;Successful;Effective;No;No;No;No;No;No;0.0;-6.0;0.2;-6.1;0.32;-6.17;0.38;-6.22;0.41;-6.23;0.43;-6.22;0.44;-6.21;0.44;-6.22
849;19.5;25.5;0.5;10;80;6;Successful;Effective;No;No;No;No;No;No;0.0;-6.0;0.2;-6.1;0.32;-6.17;0.38;-6.22;0.41;-6.23;0.43;-6.22;0.44;-6.21;0.44;-6.22
850;19.5;25.5;0.5;5;100;6;Successful;Effective;No;No;No;No;No;No;0.0;-6.0;0.25;-6.1;0.39;-6.18;0.47;-6.23;0.51;-6.25;0.54;-6.24;0.55;-6.23;0.55;-6.25
851;19.5;25.5;0.5;8;100;6;Successful;Effective;No;No;No;No;No;No;0.0;-6.0;0.25;-6.1;0.39;-6.18;0.47;-6.23;0.51;-6.25;0.54;-6.24;0.55;-6.23;0.55;-6.25
852;19.5;25.5;0.5;10;100;6;Successful;Effective;No;No;No;No;No;No;0.0;-6.0;0.25;-6.1;0.39;-6.18;0.47;-6.23;0.51;-6.25;0.54;-6.24;0.55;-6.23;0.55;-6.25
853;19.5;25.5;0.5;5;80;7;Successful;Effective;No;No;No;No;No;No;0.0;-7.0;0.2;-7.11;0.32;-7.19;0.38;-7.24;0.41;-7.26;0.43;-7.24;0.44;-7.23;0.44;-7.25
854;19.5;25.5;0.5;8;80;7;Successful;Effective;No;No;No;No;No;No;0.0;-7.0;0.2;-7.11;0.32;-7.19;0.38;-7.24;0.41;-7.26;0.43;-7.24;0.44;-7.23;0.44;-7.25
855;19.5;25.5;0.5;10;80;7;Successful;Effective;No;No;No;No;No;No;0.0;-7.0;0.2;-7.11;0.32;-7.19;0.38;-7.24;0.41;-7.26;0.43;-7.24;0.44;-7.23;0.44;-7.25
856;19.5;25.5;0.5;5;100;7;Successful;Effective;No;No;No;No;No;No;0.0;-7.0;0.25;-7.11;0.39;-7.2;0.47;-7.26;0.51;-7.28;0.54;-7.26;0.55;-7.25;0.55;-7.27
857;19.5;25.5;0.5;8;100;7;Successful;Effective;No;No;No;No;No;No;0.0;-7.0;0.25;-7.11;0.39;-7.2;0.47;-7.26;0.51;-7.28;0.54;-7.26;0.55;-7.25;0.55;-7.27
858;19.5;25.5;0.5;10;100;7;Successful;Effective;No;No;No;No;No;No;0.0;-7.0;0.25;-7.11;0.39;-7.2;0.47;-7.26;0.51;-7.28;0.54;-7.26;0.55;-7.25;0.55;-7.27
859;19.5;25.5;0.5;5;80;8;Successful;Effective;No;No;No;No;No;No;0.0;-7.99;0.2;-8.12;0.32;-8.22;0.38;-8.27;0.41;-8.29;0.43;-8.26;0.44;-8.25;0.44;-8.27
860;19.5;25.5;0.5;8;80;8;Successful;Effective;No;No;No;No;No;No;0.0;-7.99;0.2;-8.12;0.32;-8.22;0.38;-8.27;0.41;-8.29;0.43;-8.26;0.44;-8.25;0.44;-8.27
861;19.5;25.5;0.5;10;80;8;Successful;Effective;No;No;No;No;No;No;0.0;-7.99;0.2;-8.12;0.32;-8.22;0.38;-8.27;0.41;-8.29;0.43;-8.26;0.44;-8.25;0.44;-8.27
862;19.5;25.5;0.5;5;100;8;Successful;Effective;No;No;No;No;No;No;0.0;-8.0;0.25;-8.13;0.39;-8.23;0.47;-8.28;0.51;-8.31;0.54;-8.28;0.55;-8.27;0.55;-8.29
863;19.5;25.5;0.5;8;100;8;Successful;Effective;No;No;No;No;No;No;0.0;-8.0;0.25;-8.13;0.39;-8.23;0.47;-8.28;0.51;-8.31;0.54;-8.28;0.55;-8.27;0.55;-8.29
864;19.5;25.5;0.5;10;100;8;Successful;Effective;No;No;No;No;No;No;0.0;-8.0;0.25;-8.13;0.39;-8.23;0.47;-8.28;0.51;-8.31;0.54;-8.28;0.55;-8.27;0.55;-8.29
865;19.6;25.6;0.5;5;80;5;Successful;Effective;No;No;No;No;No;No;0.0;-5.0;0.2;-5.08;0.32;-5.15;0.38;-5.19;0.41;-5.21;0.43;-5.19;0.44;-5.19;0.44;-5.2
866;19.6;25.6;0.5;8;80;5;Successful;Effective;No;No;No;No;No;No;0.0;-5.0;0.2;-5.08;0.32;-5.15;0.38;-5.19;0.41;-5.21;0.43;-5.19;0.44;-5.19;0.44;-5.2
867;19.6;25.6;0.5;10;80;5;Successful;Effective;No;No;No;No;No;No;0.0;-5.0;0.2;-5.08;0.32;-5.15;0.38;-5.19;0.41;-5.21;0.43;-5.19;0.44;-5.19;0.44;-5.2
868;19.6;25.6;0.5;5;100;5;Successful;Effective;No;No;No;No;No;No;0.0;-5.0;0.25;-5.09;0.39;-5.16;0.47;-5.2;0.51;-5.22;0.54;-5.21;0.55;-5.21;0.55;-5.22
869;19.6;25.6;0.5;8;100;5;Successful;Effective;No;No;No;No;No;No;0.0;-5.0;0.25;-5.09;0.39;-5.16;0.47;-5.2;0.51;-5.22;0.54;-5.21;0.55;-5.21;0.55;-5.22
870;19.6;25.6;0.5;10;100;5;Successful;Effective;No;No;No;No;No;No;0.0;-5.0;0.25;-5.09;0.39;-5.16;0.47;-5.2;0.51;-5.22;0.54;-5.21;0.55;-5.21;0.55;-5.22
871;19.6;25.6;0.5;5;80;6;Successful;Effective;No;No;No;No;No;No;0.0;-6.0;0.2;-6.1;0.32;-6.17;0.38;-6.21;0.41;-6.23;0.43;-6.22;0.44;-6.21;0.44;-6.22
872;19.6;25.6;0.5;8;80;6;Successful;Effective;No;No;No;No;No;No;0.0;-6.0;0.2;-6.1;0.32;-6.17;0.38;-6.21;0.41;-6.23;0.43;-6.22;0.44;-6.21;0.44;-6.22
873;19.6;25.6;0.5;10;80;6;Successful;Effective;No;No;No;No;No;No;0.0;-6.0;0.2;-6.1;0.32;-6.17;0.38;-6.21;0.41;-6.23;0.43;-6.22;0.44;-6.21;0.44;-6.22
874;19.6;25.6;0.5;5;100;6;Successful;Effective;No;No;No;No;No;No;0.0;-6.0;0.25;-6.1;0.39;-6.18;0.47;-6.23;0.51;-6.25;0.54;-6.24;0.55;-6.23;0.55;-6.25
875;19.6;25.6;0.5;8;100;6;Successful;Effective;No;No;No;No;No;No;0.0;-6.0;0.25;-6.1;0.39;-6.18;0.47;-6.23;0.51;-6.25;0.54;-6.24;0.55;-6.23;0.55;-6.25
876;19.6;25.6;0.5;10;100;6;Successful;Effective;No;No;No;No;No;No;0.0;-6.0;0.25;-6.1;0.39;-6.18;0.47;-6.23;0.51;-6.25;0.54;-6.24;0.55;-6.23;0.55;-6.25
877;19.6;25.6;0.5;5;80;7;Successful;Effective;No;No;No;No;No;No;0.0;-7.0;0.2;-7.11;0.32;-7.19;0.38;-7.24;0.41;-7.26;0.43;-7.24;0.44;-7.23;0.44;-7.25
878;19.6;25.6;0.5;8;80;7;Successful;Effective;No;No;No;No;No;No;0.0;-7.0;0.2;-7.11;0.32;-7.19;0.38;-7.24;0.41;-7.26;0.43;-7.24;0.44;-7.23;0.44;-7.25
879;19.6;25.6;0.5;10;80;7;Successful;Effective;No;No;No;No;No;No;0.0;-7.0;0.2;-7.11;0.32;-7.19;0.38;-7.24;0.41;-7.26;0.43;-7.24;0.44;-7.23;0.44;-7.25
880;19.6;25.6;0.5;5;100;7;Successful;Effective;No;No;No;No;No;No;0.0;-7.0;0.25;-7.12;0.39;-7.2;0.47;-7.26;0.51;-7.28;0.54;-7.26;0.55;-7.25;0.55;-7.27
881;19.6;25.6;0.5;8;100;7;Successful;Effective;No;No;No;No;No;No;0.0;-7.0;0.25;-7.12;0.39;-7.2;0.47;-7.26;0.51;-7.28;0.54;-7.26;0.55;-7.25;0.55;-7.27
882;19.6;25.6;0.5;10;100;7;Successful;Effective;No;No;No;No;No;No;0.0;-7.0;0.25;-7.12;0.39;-7.2;0.47;-7.26;0.51;-7.28;0.54;-7.26;0.55;-7.25;0.55;-7.27
883;19.6;25.6;0.5;5;80;8;Successful;Effective;No;No;No;No;No;No;0.0;-7.99;0.2;-8.12;0.32;-8.22;0.38;-8.27;0.41;-8.29;0.43;-8.26;0.44;-8.25;0.44;-8.27
884;19.6;25.6;0.5;8;80;8;Successful;Effective;No;No;No;No;No;No;0.0;-7.99;0.2;-8.12;0.32;-8.22;0.38;-8.27;0.41;-8.29;0.43;-8.26;0.44;-8.25;0.44;-8.27
885;19.6;25.6;0.5;10;80;8;Successful;Effective;No;No;No;No;No;No;0.0;-7.99;0.2;-8.12;0.32;-8.22;0.38;-8.27;0.41;-8.29;0.43;-8.26;0.44;-8.25;0.44;-8.27
886;19.6;25.6;0.5;5;100;8;Successful;Effective;No;No;No;No;No;No;0.0;-8.0;0.25;-8.13;0.39;-8.23;0.47;-8.28;0.51;-8.3;0.54;-8.28;0.55;-8.27;0.55;-8.29
887;19.6;25.6;0.5;8;100;8;Successful;Effective;No;No;No;No;No;No;0.0;-8.0;0.25;-8.13;0.39;-8.23;0.47;-8.28;0.51;-8.3;0.54;-8.28;0.55;-8.27;0.55;-8.29
888;19.6;25.6;0.5;10;100;8;Successful;Effective;No;No;No;No;No;No;0.0;-8.0;0.25;-8.13;0.39;-8.23;0.47;-8.28;0.51;-8.3;0.54;-8.28;0.55;-8.27;0.55;-8.29
889;19.7;25.7;0.5;5;80;5;Successful;Effective;No;No;No;No;No;No;0.0;-5.0;0.2;-5.08;0.32;-5.15;0.38;-5.19;0.41;-5.21;0.43;-5.19;0.44;-5.19;0.44;-5.2
890;19.7;25.7;0.5;8;80;5;Successful;Effective;No;No;No;No;No;No;0.0;-5.0;0.2;-5.08;0.32;-5.15;0.38;-5.19;0.41;-5.21;0.43;-5.19;0.44;-5.19;0.44;-5.2
891;19.7;25.7;0.5;10;80;5;Successful;Effective;No;No;No;No;No;No;0.0;-5.0;0.2;-5.08;0.32;-5.15;0.38;-5.19;0.41;-5.21;0.43;-5.19;0.44;-5.19;0.44;-5.2
892;19.7;25.7;0.5;5;100;5;Successful;Effective;No;No;No;No;No;No;0.0;-5.0;0.25;-5.09;0.39;-5.16;0.47;-5.2;0.51;-5.22;0.54;-5.21;0.55;-5.21;0.55;-5.22
893;19.7;25.7;0.5;8;100;5;Successful;Effective;No;No;No;No;No;No;0.0;-5.0;0.25;-5.09;0.39;-5.16;0.47;-5.2;0.51;-5.22;0.54;-5.21;0.55;-5.21;0.55;-5.22
894;19.7;25.7;0.5;10;100;5;Successful;Effective;No;No;No;No;No;No;0.0;-5.0;0.25;-5.09;0.39;-5.16;0.47;-5.2;0.51;-5.22;0.54;-5.21;0.55;-5.21;0.55;-5.22
895;19.7;25.7;0.5;5;80;6;Successful;Effective;No;No;No;No;No;No;0.0;-6.0;0.2;-6.1;0.32;-6.17;0.38;-6.21;0.41;-6.23;0.43;-6.22;0.44;-6.21;0.44;-6.22
896;19.7;25.7;0.5;8;80;6;Successful;Effective;No;No;No;No;No;No;0.0;-6.0;0.2;-6.1;0.32;-6.17;0.38;-6.21;0.41;-6.23;0.43;-6.22;0.44;-6.21;0.44;-6.22
897;19.7;25.7;0.5;10;80;6;Successful;Effective;No;No;No;No;No;No;0.0;-6.0;0.2;-6.1;0.32;-6.17;0.38;-6.21;0.41;-6.23;0.43;-6.22;0.44;-6.21;0.44;-6.22
898;19.7;25.7;0.5;5;100;6;Successful;Effective;No;No;No;No;No;No;0.0;-6.0;0.25;-6.1;0.39;-6.18;0.47;-6.23;0.51;-6.25;0.54;-6.24;0.55;-6.23;0.55;-6.25
899;19.7;25.7;0.5;8;100;6;Successful;Effective;No;No;No;No;No;No;0.0;-6.0;0.25;-6.1;0.39;-6.18;0.47;-6.23;0.51;-6.25;0.54;-6.24;0.55;-6.23;0.55;-6.25
900;19.7;25.7;0.5;10;100;6;Successful;Effective;No;No;No;No;No;No;0.0;-6.0;0.25;-6.1;0.39;-6.18;0.47;-6.23;0.51;-6.25;0.54;-6.24;0.55;-6.23;0.55;-6.25
901;19.7;25.7;0.5;5;80;7;Successful;Effective;No;No;No;No;No;No;0.0;-7.0;0.2;-7.11;0.32;-7.19;0.38;-7.24;0.41;-7.26;0.43;-7.24;0.44;-7.23;0.44;-7.25
902;19.7;25.7;0.5;8;80;7;Successful;Effective;No;No;No;No;No;No;0.0;-7.0;0.2;-7.11;0.32;-7.19;0.38;-7.24;0.41;-7.26;0.43;-7.24;0.44;-7.23;0.44;-7.25
903;19.7;25.7;0.5;10;80;7;Successful;Effective;No;No;No;No;No;No;0.0;-7.0;0.2;-7.11;0.32;-7.19;0.38;-7.24;0.41;-7.26;0.43;-7.24;0.44;-7.23;0.44;-7.25
904;19.7;25.7;0.5;5;100;7;Successful;Effective;No;No;No;No;No;No;0.0;-7.0;0.25;-7.12;0.39;-7.2;0.47;-7.25;0.51;-7.28;0.54;-7.26;0.55;-7.25;0.55;-7.27
905;19.7;25.7;0.5;8;100;7;Successful;Effective;No;No;No;No;No;No;0.0;-7.0;0.25;-7.12;0.39;-7.2;0.47;-7.25;0.51;-7.28;0.54;-7.26;0.55;-7.25;0.55;-7.27
906;19.7;25.7;0.5;10;100;7;Successful;Effective;No;No;No;No;No;No;0.0;-7.0;0.25;-7.12;0.39;-7.2;0.47;-7.25;0.51;-7.28;0.54;-7.26;0.55;-7.25;0.55;-7.27
907;19.7;25.7;0.5;5;80;8;Successful;Effective;No;No;No;No;No;No;0.0;-7.99;0.2;-8.13;0.32;-8.22;0.38;-8.27;0.41;-8.29;0.43;-8.26;0.44;-8.25;0.44;-8.27
908;19.7;25.7;0.5;8;80;8;Successful;Effective;No;No;No;No;No;No;0.0;-7.99;0.2;-8.13;0.32;-8.22;0.38;-8.27;0.41;-8.29;0.43;-8.26;0.44;-8.25;0.44;-8.27
909;19.7;25.7;0.5;10;80;8;Successful;Effective;No;No;No;No;No;No;0.0;-7.99;0.2;-8.13;0.32;-8.22;0.38;-8.27;0.41;-8.29;0.43;-8.26;0.44;-8.25;0.44;-8.27
910;19.7;25.7;0.5;5;100;8;Successful;Effective;No;No;No;No;No;No;0.0;-8.0;0.25;-8.13;0.39;-8.22;0.47;-8.28;0.51;-8.3;0.54;-8.28;0.55;-8.27;0.55;-8.29
911;19.7;25.7;0.5;8;100;8;Successful;Effective;No;No;No;No;No;No;0.0;-8.0;0.25;-8.13;0.39;-8.22;0.47;-8.28;0.51;-8.3;0.54;-8.28;0.55;-8.27;0.55;-8.29
912;19.7;25.7;0.5;10;100;8;Successful;Effective;No;No;No;No;No;No;0.0;-8.0;0.25;-8.13;0.39;-8.22;0.47;-8.28;0.51;-8.3;0.54;-8.28;0.55;-8.27;0.55;-8.29
913;19.8;25.8;0.5;5;80;5;Successful;Effective;No;No;No;No;No;No;0.0;-5.0;0.2;-5.08;0.32;-5.15;0.38;-5.19;0.41;-5.2;0.43;-5.19;0.44;-5.19;0.44;-5.2
914;19.8;25.8;0.5;8;80;5;Successful;Effective;No;No;No;No;No;No;0.0;-5.0;0.2;-5.08;0.32;-5.15;0.38;-5.19;0.41;-5.2;0.43;-5.19;0.44;-5.19;0.44;-5.2
915;19.8;25.8;0.5;10;80;5;Successful;Effective;No;No;No;No;No;No;0.0;-5.0;0.2;-5.08;0.32;-5.15;0.38;-5.19;0.41;-5.2;0.43;-5.19;0.44;-5.19;0.44;-5.2
916;19.8;25.8;0.5;5;100;5;Successful;Effective;No;No;No;No;No;No;0.0;-5.0;0.25;-5.09;0.39;-5.16;0.47;-5.2;0.51;-5.22;0.54;-5.21;0.55;-5.21;0.55;-5.22
917;19.8;25.8;0.5;8;100;5;Successful;Effective;No;No;No;No;No;No;0.0;-5.0;0.25;-5.09;0.39;-5.16;0.47;-5.2;0.51;-5.22;0.54;-5.21;0.55;-5.21;0.55;-5.22
918;19.8;25.8;0.5;10;100;5;Successful;Effective;No;No;No;No;No;No;0.0;-5.0;0.25;-5.09;0.39;-5.16;0.47;-5.2;0.51;-5.22;0.54;-5.21;0.55;-5.21;0.55;-5.22
919;19.8;25.8;0.5;5;80;6;Successful;Effective;No;No;No;No;No;No;0.0;-6.0;0.2;-6.1;0.32;-6.17;0.38;-6.21;0.41;-6.23;0.43;-6.21;0.44;-6.21;0.44;-6.22
920;19.8;25.8;0.5;8;80;6;Successful;Effective;No;No;No;No;No;No;0.0;-6.0;0.2;-6.1;0.32;-6.17;0.38;-6.21;0.41;-6.23;0.43;-6.21;0.44;-6.21;0.44;-6.22
921;19.8;25.8;0.5;10;80;6;Successful;Effective;No;No;No;No;No;No;0.0;-6.0;0.2;-6.1;0.32;-6.17;0.38;-6.21;0.41;-6.23;0.43;-6.21;0.44;-6.21;0.44;-6.22
922;19.8;25.8;0.5;5;100;6;Successful;Effective;No;No;No;No;No;No;0.0;-6.0;0.25;-6.1;0.39;-6.18;0.47;-6.23;0.51;-6.25;0.54;-6.23;0.55;-6.23;0.55;-6.25
923;19.8;25.8;0.5;8;100;6;Successful;Effective;No;No;No;No;No;No;0.0;-6.0;0.25;-6.1;0.39;-6.18;0.47;-6.23;0.51;-6.25;0.54;-6.23;0.55;-6.23;0.55;-6.25
924;19.8;25.8;0.5;10;100;6;Successful;Effective;No;No;No;No;No;No;0.0;-6.0;0.25;-6.1;0.39;-6.18;0.47;-6.23;0.51;-6.25;0.54;-6.23;0.55;-6.23;0.55;-6.25
925;19.8;25.8;0.5;5;80;7;Successful;Effective;No;No;No;No;No;No;0.0;-7.0;0.2;-7.11;0.32;-7.19;0.38;-7.24;0.41;-7.26;0.43;-7.24;0.44;-7.23;0.44;-7.25
926;19.8;25.8;0.5;8;80;7;Successful;Effective;No;No;No;No;No;No;0.0;-7.0;0.2;-7.11;0.32;-7.19;0.38;-7.24;0.41;-7.26;0.43;-7.24;0.44;-7.23;0.44;-7.25
927;19.8;25.8;0.5;10;80;7;Successful;Effective;No;No;No;No;No;No;0.0;-7.0;0.2;-7.11;0.32;-7.19;0.38;-7.24;0.41;-7.26;0.43;-7.24;0.44;-7.23;0.44;-7.25
928;19.8;25.8;0.5;5;100;7;Successful;Effective;No;No;No;No;No;No;0.0;-7.0;0.25;-7.12;0.39;-7.2;0.47;-7.25;0.51;-7.28;0.54;-7.26;0.55;-7.25;0.55;-7.27
929;19.8;25.8;0.5;8;100;7;Successful;Effective;No;No;No;No;No;No;0.0;-7.0;0.25;-7.12;0.39;-7.2;0.47;-7.25;0.51;-7.28;0.54;-7.26;0.55;-7.25;0.55;-7.27
930;19.8;25.8;0.5;10;100;7;Successful;Effective;No;No;No;No;No;No;0.0;-7.0;0.25;-7.12;0.39;-7.2;0.47;-7.25;0.51;-7.28;0.54;-7.26;0.55;-7.25;0.55;-7.27
931;19.8;25.8;0.5;5;80;8;Successful;Effective;No;No;No;No;No;No;0.0;-7.99;0.2;-8.13;0.32;-8.21;0.38;-8.27;0.41;-8.29;0.43;-8.26;0.44;-8.25;0.44;-8.27
932;19.8;25.8;0.5;8;80;8;Successful;Effective;No;No;No;No;No;No;0.0;-7.99;0.2;-8.13;0.32;-8.21;0.38;-8.27;0.41;-8.29;0.43;-8.26;0.44;-8.25;0.44;-8.27
933;19.8;25.8;0.5;10;80;8;Successful;Effective;No;No;No;No;No;No;0.0;-7.99;0.2;-8.13;0.32;-8.21;0.38;-8.27;0.41;-8.29;0.43;-8.26;0.44;-8.25;0.44;-8.27
934;19.8;25.8;0.5;5;100;8;Successful;Effective;No;No;No;No;No;No;0.0;-8.0;0.25;-8.13;0.39;-8.22;0.47;-8.28;0.51;-8.3;0.54;-8.28;0.55;-8.27;0.55;-8.29
935;19.8;25.8;0.5;8;100;8;Successful;Effective;No;No;No;No;No;No;0.0;-8.0;0.25;-8.13;0.39;-8.22;0.47;-8.28;0.51;-8.3;0.54;-8.28;0.55;-8.27;0.55;-8.29
936;19.8;25.8;0.5;10;100;8;Successful;Effective;No;No;No;No;No;No;0.0;-8.0;0.25;-8.13;0.39;-8.22;0.47;-8.28;0.51;-8.3;0.54;-8.28;0.55;-8.27;0.55;-8.29
937;19.9;25.9;0.5;5;80;5;Successful;Effective;No;No;No;No;No;No;0.0;-5.0;0.2;-5.08;0.32;-5.15;0.38;-5.19;0.41;-5.2;0.43;-5.19;0.44;-5.19;0.44;-5.2
938;19.9;25.9;0.5;8;80;5;Successful;Effective;No;No;No;No;No;No;0.0;-5.0;0.2;-5.08;0.32;-5.15;0.38;-5.19;0.41;-5.2;0.43;-5.19;0.44;-5.19;0.44;-5.2
939;19.9;25.9;0.5;10;80;5;Successful;Effective;No;No;No;No;No;No;0.0;-5.0;0.2;-5.08;0.32;-5.15;0.38;-5.19;0.41;-5.2;0.43;-5.19;0.44;-5.19;0.44;-5.2
940;19.9;25.9;0.5;5;100;5;Successful;Effective;No;No;No;No;No;No;0.0;-5.0;0.25;-5.09;0.39;-5.16;0.47;-5.2;0.51;-5.22;0.54;-5.21;0.55;-5.21;0.55;-5.22
941;19.9;25.9;0.5;8;100;5;Successful;Effective;No;No;No;No;No;No;0.0;-5.0;0.25;-5.09;0.39;-5.16;0.47;-5.2;0.51;-5.22;0.54;-5.21;0.55;-5.21;0.55;-5.22
942;19.9;25.9;0.5;10;100;5;Successful;Effective;No;No;No;No;No;No;0.0;-5.0;0.25;-5.09;0.39;-5.16;0.47;-5.2;0.51;-5.22;0.54;-5.21;0.55;-5.21;0.55;-5.22
943;19.9;25.9;0.5;5;80;6;Successful;Effective;No;No;No;No;No;No;0.0;-6.0;0.2;-6.1;0.32;-6.17;0.38;-6.21;0.41;-6.23;0.43;-6.21;0.44;-6.21;0.44;-6.22
944;19.9;25.9;0.5;8;80;6;Successful;Effective;No;No;No;No;No;No;0.0;-6.0;0.2;-6.1;0.32;-6.17;0.38;-6.21;0.41;-6.23;0.43;-6.21;0.44;-6.21;0.44;-6.22
945;19.9;25.9;0.5;10;80;6;Successful;Effective;No;No;No;No;No;No;0.0;-6.0;0.2;-6.1;0.32;-6.17;0.38;-6.21;0.41;-6.23;0.43;-6.21;0.44;-6.21;0.44;-6.22
946;19.9;25.9;0.5;5;100;6;Successful;Effective;No;No;No;No;No;No;0.0;-6.0;0.25;-6.1;0.39;-6.18;0.47;-6.23;0.51;-6.25;0.54;-6.23;0.55;-6.23;0.55;-6.25
947;19.9;25.9;0.5;8;100;6;Successful;Effective;No;No;No;No;No;No;0.0;-6.0;0.25;-6.1;0.39;-6.18;0.47;-6.23;0.51;-6.25;0.54;-6.23;0.55;-6.23;0.55;-6.25
948;19.9;25.9;0.5;10;100;6;Successful;Effective;No;No;No;No;No;No;0.0;-6.0;0.25;-6.1;0.39;-6.18;0.47;-6.23;0.51;-6.25;0.54;-6.23;0.55;-6.23;0.55;-6.25
949;19.9;25.9;0.5;5;80;7;Successful;Effective;No;No;No;No;No;No;0.0;-7.0;0.2;-7.11;0.32;-7.19;0.38;-7.24;0.41;-7.26;0.43;-7.24;0.44;-7.23;0.44;-7.25
950;19.9;25.9;0.5;8;80;7;Successful;Effective;No;No;No;No;No;No;0.0;-7.0;0.2;-7.11;0.32;-7.19;0.38;-7.24;0.41;-7.26;0.43;-7.24;0.44;-7.23;0.44;-7.25
951;19.9;25.9;0.5;10;80;7;Successful;Effective;No;No;No;No;No;No;0.0;-7.0;0.2;-7.11;0.32;-7.19;0.38;-7.24;0.41;-7.26;0.43;-7.24;0.44;-7.23;0.44;-7.25
952;19.9;25.9;0.5;5;100;7;Successful;Effective;No;No;No;No;No;No;0.0;-7.0;0.25;-7.12;0.39;-7.2;0.47;-7.25;0.51;-7.27;0.54;-7.26;0.55;-7.25;0.55;-7.27
953;19.9;25.9;0.5;8;100;7;Successful;Effective;No;No;No;No;No;No;0.0;-7.0;0.25;-7.12;0.39;-7.2;0.47;-7.25;0.51;-7.27;0.54;-7.26;0.55;-7.25;0.55;-7.27
954;19.9;25.9;0.5;10;100;7;Successful;Effective;No;No;No;No;No;No;0.0;-7.0;0.25;-7.12;0.39;-7.2;0.47;-7.25;0.51;-7.27;0.54;-7.26;0.55;-7.25;0.55;-7.27
955;19.9;25.9;0.5;5;80;8;Successful;Effective;No;No;No;No;No;No;0.0;-7.99;0.2;-8.13;0.32;-8.21;0.38;-8.26;0.41;-8.28;0.43;-8.26;0.44;-8.25;0.44;-8.27
956;19.9;25.9;0.5;8;80;8;Successful;Effective;No;No;No;No;No;No;0.0;-7.99;0.2;-8.13;0.32;-8.21;0.38;-8.26;0.41;-8.28;0.43;-8.26;0.44;-8.25;0.44;-8.27
957;19.9;25.9;0.5;10;80;8;Successful;Effective;No;No;No;No;No;No;0.0;-7.99;0.2;-8.13;0.32;-8.21;0.38;-8.26;0.41;-8.28;0.43;-8.26;0.44;-8.25;0.44;-8.27
958;19.9;25.9;0.5;5;100;8;Successful;Effective;No;No;No;No;No;No;0.0;-8.0;0.25;-8.13;0.39;-8.22;0.47;-8.28;0.51;-8.3;0.54;-8.28;0.55;-8.27;0.55;-8.29
959;19.9;25.9;0.5;8;100;8;Successful;Effective;No;No;No;No;No;No;0.0;-8.0;0.25;-8.13;0.39;-8.22;0.47;-8.28;0.51;-8.3;0.54;-8.28;0.55;-8.27;0.55;-8.29
960;19.9;25.9;0.5;10;100;8;Successful;Effective;No;No;No;No;No;No;0.0;-8.0;0.25;-8.13;0.39;-8.22;0.47;-8.28;0.51;-8.3;0.54;-8.28;0.55;-8.27;0.55;-8.29
961;20.0;26.0;0.5;5;80;5;Successful;Effective;No;No;No;No;No;No;0.0;-5.0;0.2;-5.08;0.32;-5.15;0.38;-5.19;0.41;-5.2;0.43;-5.19;0.44;-5.19;0.44;-5.2
962;20.0;26.0;0.5;8;80;5;Successful;Effective;No;No;No;No;No;No;0.0;-5.0;0.2;-5.08;0.32;-5.15;0.38;-5.19;0.41;-5.2;0.43;-5.19;0.44;-5.19;0.44;-5.2
963;20.0;26.0;0.5;10;80;5;Successful;Effective;No;No;No;No;No;No;0.0;-5.0;0.2;-5.08;0.32;-5.15;0.38;-5.19;0.41;-5.2;0.43;-5.19;0.44;-5.19;0.44;-5.2
964;20.0;26.0;0.5;5;100;5;Successful;Effective;No;No;No;No;No;No;0.0;-5.0;0.25;-5.09;0.39;-5.16;0.47;-5.2;0.51;-5.22;0.54;-5.21;0.55;-5.21;0.55;-5.22
965;20.0;26.0;0.5;8;100;5;Successful;Effective;No;No;No;No;No;No;0.0;-5.0;0.25;-5.09;0.39;-5.16;0.47;-5.2;0.51;-5.22;0.54;-5.21;0.55;-5.21;0.55;-5.22
966;20.0;26.0;0.5;10;100;5;Successful;Effective;No;No;No;No;No;No;0.0;-5.0;0.25;-5.09;0.39;-5.16;0.47;-5.2;0.51;-5.22;0.54;-5.21;0.55;-5.21;0.55;-5.22
967;20.0;26.0;0.5;5;80;6;Successful;Effective;No;No;No;No;No;No;0.0;-6.0;0.2;-6.1;0.32;-6.17;0.38;-6.21;0.41;-6.23;0.43;-6.21;0.44;-6.21;0.44;-6.22
968;20.0;26.0;0.5;8;80;6;Successful;Effective;No;No;No;No;No;No;0.0;-6.0;0.2;-6.1;0.32;-6.17;0.38;-6.21;0.41;-6.23;0.43;-6.21;0.44;-6.21;0.44;-6.22
969;20.0;26.0;0.5;10;80;6;Successful;Effective;No;No;No;No;No;No;0.0;-6.0;0.2;-6.1;0.32;-6.17;0.38;-6.21;0.41;-6.23;0.43;-6.21;0.44;-6.21;0.44;-6.22
970;20.0;26.0;0.5;5;100;6;Successful;Effective;No;No;No;No;No;No;0.0;-6.0;0.25;-6.1;0.39;-6.18;0.47;-6.22;0.51;-6.25;0.54;-6.23;0.55;-6.23;0.55;-6.25
971;20.0;26.0;0.5;8;100;6;Successful;Effective;No;No;No;No;No;No;0.0;-6.0;0.25;-6.1;0.39;-6.18;0.47;-6.22;0.51;-6.25;0.54;-6.23;0.55;-6.23;0.55;-6.25
972;20.0;26.0;0.5;10;100;6;Successful;Effective;No;No;No;No;No;No;0.0;-6.0;0.25;-6.1;0.39;-6.18;0.47;-6.22;0.51;-6.25;0.54;-6.23;0.55;-6.23;0.55;-6.25
973;20.0;26.0;0.5;5;80;7;Successful;Effective;No;No;No;No;No;No;0.0;-7.0;0.2;-7.11;0.32;-7.19;0.38;-7.24;0.41;-7.26;0.43;-7.24;0.44;-7.23;0.44;-7.25
974;20.0;26.0;0.5;8;80;7;Successful;Effective;No;No;No;No;No;No;0.0;-7.0;0.2;-7.11;0.32;-7.19;0.38;-7.24;0.41;-7.26;0.43;-7.24;0.44;-7.23;0.44;-7.25
975;20.0;26.0;0.5;10;80;7;Successful;Effective;No;No;No;No;No;No;0.0;-7.0;0.2;-7.11;0.32;-7.19;0.38;-7.24;0.41;-7.26;0.43;-7.24;0.44;-7.23;0.44;-7.25
976;20.0;26.0;0.5;5;100;7;Successful;Effective;No;No;No;No;No;No;0.0;-7.0;0.25;-7.12;0.39;-7.2;0.47;-7.25;0.51;-7.27;0.54;-7.26;0.55;-7.25;0.55;-7.27
977;20.0;26.0;0.5;8;100;7;Successful;Effective;No;No;No;No;No;No;0.0;-7.0;0.25;-7.12;0.39;-7.2;0.47;-7.25;0.51;-7.27;0.54;-7.26;0.55;-7.25;0.55;-7.27
978;20.0;26.0;0.5;10;100;7;Successful;Effective;No;No;No;No;No;No;0.0;-7.0;0.25;-7.12;0.39;-7.2;0.47;-7.25;0.51;-7.27;0.54;-7.26;0.55;-7.25;0.55;-7.27
979;20.0;26.0;0.5;5;80;8;Successful;Effective;No;No;No;No;No;No;0.0;-7.99;0.2;-8.13;0.32;-8.21;0.38;-8.26;0.41;-8.28;0.43;-8.26;0.44;-8.25;0.44;-8.27
980;20.0;26.0;0.5;8;80;8;Successful;Effective;No;No;No;No;No;No;0.0;-7.99;0.2;-8.13;0.32;-8.21;0.38;-8.26;0.41;-8.28;0.43;-8.26;0.44;-8.25;0.44;-8.27
981;20.0;26.0;0.5;10;80;8;Successful;Effective;No;No;No;No;No;No;0.0;-7.99;0.2;-8.13;0.32;-8.21;0.38;-8.26;0.41;-8.28;0.43;-8.26;0.44;-8.25;0.44;-8.27
982;20.0;26.0;0.5;5;100;8;Successful;Effective;No;No;No;No;No;No;0.0;-8.0;0.25;-8.13;0.39;-8.22;0.47;-8.28;0.51;-8.3;0.54;-8.28;0.55;-8.27;0.55;-8.29
983;20.0;26.0;0.5;8;100;8;Successful;Effective;No;No;No;No;No;No;0.0;-8.0;0.25;-8.13;0.39;-8.22;0.47;-8.28;0.51;-8.3;0.54;-8.28;0.55;-8.27;0.55;-8.29
984;20.0;26.0;0.5;10;100;8;Successful;Effective;No;No;No;No;No;No;0.0;-8.0;0.25;-8.13;0.39;-8.22;0.47;-8.28;0.51;-8.3;0.54;-8.28;0.55;-8.27;0.55;-8.29
985;20.1;26.1;0.5;5;80;5;Successful;Effective;No;No;No;No;No;No;0.0;-5.0;0.2;-5.08;0.32;-5.15;0.38;-5.19;0.41;-5.2;0.43;-5.19;0.44;-5.19;0.44;-5.2
986;20.1;26.1;0.5;8;80;5;Successful;Effective;No;No;No;No;No;No;0.0;-5.0;0.2;-5.08;0.32;-5.15;0.38;-5.19;0.41;-5.2;0.43;-5.19;0.44;-5.19;0.44;-5.2
987;20.1;26.1;0.5;10;80;5;Successful;Effective;No;No;No;No;No;No;0.0;-5.0;0.2;-5.08;0.32;-5.15;0.38;-5.19;0.41;-5.2;0.43;-5.19;0.44;-5.19;0.44;-5.2
988;20.1;26.1;0.5;5;100;5;Successful;Effective;No;No;No;No;No;No;0.0;-5.0;0.25;-5.09;0.39;-5.16;0.47;-5.2;0.51;-5.22;0.54;-5.21;0.55;-5.21;0.55;-5.22
989;20.1;26.1;0.5;8;100;5;Successful;Effective;No;No;No;No;No;No;0.0;-5.0;0.25;-5.09;0.39;-5.16;0.47;-5.2;0.51;-5.22;0.54;-5.21;0.55;-5.21;0.55;-5.22
990;20.1;26.1;0.5;10;100;5;Successful;Effective;No;No;No;No;No;No;0.0;-5.0;0.25;-5.09;0.39;-5.16;0.47;-5.2;0.51;-5.22;0.54;-5.21;0.55;-5.21;0.55;-5.22
991;20.1;26.1;0.5;5;80;6;Successful;Effective;No;No;No;No;No;No;0.0;-6.0;0.2;-6.1;0.32;-6.17;0.38;-6.21;0.41;-6.23;0.43;-6.21;0.44;-6.21;0.44;-6.22
992;20.1;26.1;0.5;8;80;6;Successful;Effective;No;No;No;No;No;No;0.0;-6.0;0.2;-6.1;0.32;-6.17;0.38;-6.21;0.41;-6.23;0.43;-6.21;0.44;-6.21;0.44;-6.22
993;20.1;26.1;0.5;10;80;6;Successful;Effective;No;No;No;No;No;No;0.0;-6.0;0.2;-6.1;0.32;-6.17;0.38;-6.21;0.41;-6.23;0.43;-6.21;0.44;-6.21;0.44;-6.22
994;20.1;26.1;0.5;5;100;6;Successful;Effective;No;No;No;No;No;No;0.0;-6.0;0.25;-6.1;0.39;-6.18;0.47;-6.22;0.51;-6.25;0.54;-6.23;0.55;-6.23;0.55;-6.25
995;20.1;26.1;0.5;8;100;6;Successful;Effective;No;No;No;No;No;No;0.0;-6.0;0.25;-6.1;0.39;-6.18;0.47;-6.22;0.51;-6.25;0.54;-6.23;0.55;-6.23;0.55;-6.25
996;20.1;26.1;0.5;10;100;6;Successful;Effective;No;No;No;No;No;No;0.0;-6.0;0.25;-6.1;0.39;-6.18;0.47;-6.22;0.51;-6.25;0.54;-6.23;0.55;-6.23;0.55;-6.25
997;20.1;26.1;0.5;5;80;7;Successful;Effective;No;No;No;No;No;No;0.0;-7.0;0.2;-7.11;0.32;-7.19;0.38;-7.24;0.41;-7.26;0.43;-7.23;0.44;-7.23;0.44;-7.25
998;20.1;26.1;0.5;8;80;7;Successful;Effective;No;No;No;No;No;No;0.0;-7.0;0.2;-7.11;0.32;-7.19;0.38;-7.24;0.41;-7.26;0.43;-7.23;0.44;-7.23;0.44;-7.25
999;20.1;26.1;0.5;10;80;7;Successful;Effective;No;No;No;No;No;No;0.0;-7.0;0.2;-7.11;0.32;-7.19;0.38;-7.24;0.41;-7.26;0.43;-7.23;0.44;-7.23;0.44;-7.25
1000;20.1;26.1;0.5;5;100;7;Successful;Effective;No;No;No;No;No;No;0.0;-7.0;0.25;-7.12;0.39;-7.2;0.47;-7.25;0.51;-7.27;0.54;-7.25;0.55;-7.25;0.55;-7.27
1001;20.1;26.1;0.5;8;100;7;Successful;Effective;No;No;No;No;No;No;0.0;-7.0;0.25;-7.12;0.39;-7.2;0.47;-7.25;0.51;-7.27;0.54;-7.25;0.55;-7.25;0.55;-7.27
1002;20.1;26.1;0.5;10;100;7;Successful;Effective;No;No;No;No;No;No;0.0;-7.0;0.25;-7.12;0.39;-7.2;0.47;-7.25;0.51;-7.27;0.54;-7.25;0.55;-7.25;0.55;-7.27
1003;20.1;26.1;0.5;5;80;8;Successful;Effective;No;No;No;No;No;No;0.0;-7.99;0.2;-8.13;0.32;-8.21;0.38;-8.26;0.41;-8.28;0.43;-8.26;0.44;-8.25;0.44;-8.27
1004;20.1;26.1;0.5;8;80;8;Successful;Effective;No;No;No;No;No;No;0.0;-7.99;0.2;-8.13;0.32;-8.21;0.38;-8.26;0.41;-8.28;0.43;-8.26;0.44;-8.25;0.44;-8.27
1005;20.1;26.1;0.5;10;80;8;Successful;Effective;No;No;No;No;No;No;0.0;-7.99;0.2;-8.13;0.32;-8.21;0.38;-8.26;0.41;-8.28;0.43;-8.26;0.44;-8.25;0.44;-8.27
1006;20.1;26.1;0.5;5;100;8;Successful;Effective;No;No;No;No;No;No;0.0;-8.0;0.25;-8.13;0.39;-8.22;0.47;-8.28;0.51;-8.3;0.54;-8.28;0.55;-8.27;0.55;-8.29
1007;20.1;26.1;0.5;8;100;8;Successful;Effective;No;No;No;No;No;No;0.0;-8.0;0.25;-8.13;0.39;-8.22;0.47;-8.28;0.51;-8.3;0.54;-8.28;0.55;-8.27;0.55;-8.29
1008;20.1;26.1;0.5;10;100;8;Successful;Effective;No;No;No;No;No;No;0.0;-8.0;0.25;-8.13;0.39;-8.22;0.47;-8.28;0.51;-8.3;0.54;-8.28;0.55;-8.27;0.55;-8.29
1009;20.2;26.2;0.5;5;80;5;Successful;Effective;No;No;No;No;No;No;0.0;-5.0;0.2;-5.08;0.32;-5.15;0.38;-5.19;0.41;-5.2;0.43;-5.19;0.44;-5.19;0.44;-5.2
1010;20.2;26.2;0.5;8;80;5;Successful;Effective;No;No;No;No;No;No;0.0;-5.0;0.2;-5.08;0.32;-5.15;0.38;-5.19;0.41;-5.2;0.43;-5.19;0.44;-5.19;0.44;-5.2
1011;20.2;26.2;0.5;10;80;5;Successful;Effective;No;No;No;No;No;No;0.0;-5.0;0.2;-5.08;0.32;-5.15;0.38;-5.19;0.41;-5.2;0.43;-5.19;0.44;-5.19;0.44;-5.2
1012;20.2;26.2;0.5;5;100;5;Successful;Effective;No;No;No;No;No;No;0.0;-5.0;0.25;-5.09;0.39;-5.16;0.47;-5.2;0.51;-5.22;0.54;-5.21;0.55;-5.21;0.55;-5.22
1013;20.2;26.2;0.5;8;100;5;Successful;Effective;No;No;No;No;No;No;0.0;-5.0;0.25;-5.09;0.39;-5.16;0.47;-5.2;0.51;-5.22;0.54;-5.21;0.55;-5.21;0.55;-5.22
1014;20.2;26.2;0.5;10;100;5;Successful;Effective;No;No;No;No;No;No;0.0;-5.0;0.25;-5.09;0.39;-5.16;0.47;-5.2;0.51;-5.22;0.54;-5.21;0.55;-5.21;0.55;-5.22
1015;20.2;26.2;0.5;5;80;6;Successful;Effective;No;No;No;No;No;No;0.0;-6.0;0.2;-6.1;0.32;-6.17;0.38;-6.21;0.41;-6.23;0.43;-6.21;0.44;-6.21;0.44;-6.22
1016;20.2;26.2;0.5;8;80;6;Successful;Effective;No;No;No;No;No;No;0.0;-6.0;0.2;-6.1;0.32;-6.17;0.38;-6.21;0.41;-6.23;0.43;-6.21;0.44;-6.21;0.44;-6.22
1017;20.2;26.2;0.5;10;80;6;Successful;Effective;No;No;No;No;No;No;0.0;-6.0;0.2;-6.1;0.32;-6.17;0.38;-6.21;0.41;-6.23;0.43;-6.21;0.44;-6.21;0.44;-6.22
1018;20.2;26.2;0.5;5;100;6;Successful;Effective;No;No;No;No;No;No;0.0;-6.0;0.25;-6.1;0.39;-6.18;0.47;-6.22;0.51;-6.25;0.54;-6.23;0.55;-6.23;0.55;-6.25
1019;20.2;26.2;0.5;8;100;6;Successful;Effective;No;No;No;No;No;No;0.0;-6.0;0.25;-6.1;0.39;-6.18;0.47;-6.22;0.51;-6.25;0.54;-6.23;0.55;-6.23;0.55;-6.25
1020;20.2;26.2;0.5;10;100;6;Successful;Effective;No;No;No;No;No;No;0.0;-6.0;0.25;-6.1;0.39;-6.18;0.47;-6.22;0.51;-6.25;0.54;-6.23;0.55;-6.23;0.55;-6.25
1021;20.2;26.2;0.5;5;80;7;Successful;Effective;No;No;No;No;No;No;0.0;-7.0;0.2;-7.11;0.32;-7.19;0.38;-7.24;0.41;-7.26;0.43;-7.23;0.44;-7.23;0.44;-7.25
1022;20.2;26.2;0.5;8;80;7;Successful;Effective;No;No;No;No;No;No;0.0;-7.0;0.2;-7.11;0.32;-7.19;0.38;-7.24;0.41;-7.26;0.43;-7.23;0.44;-7.23;0.44;-7.25
1023;20.2;26.2;0.5;10;80;7;Successful;Effective;No;No;No;No;No;No;0.0;-7.0;0.2;-7.11;0.32;-7.19;0.38;-7.24;0.41;-7.26;0.43;-7.23;0.44;-7.23;0.44;-7.25
1024;20.2;26.2;0.5;5;100;7;Successful;Effective;No;No;No;No;No;No;0.0;-7.0;0.25;-7.12;0.39;-7.2;0.47;-7.25;0.51;-7.27;0.54;-7.25;0.55;-7.25;0.55;-7.27
1025;20.2;26.2;0.5;8;100;7;Successful;Effective;No;No;No;No;No;No;0.0;-7.0;0.25;-7.12;0.39;-7.2;0.47;-7.25;0.51;-7.27;0.54;-7.25;0.55;-7.25;0.55;-7.27
1026;20.2;26.2;0.5;10;100;7;Successful;Effective;No;No;No;No;No;No;0.0;-7.0;0.25;-7.12;0.39;-7.2;0.47;-7.25;0.51;-7.27;0.54;-7.25;0.55;-7.25;0.55;-7.27
1027;20.2;26.2;0.5;5;80;8;Successful;Effective;No;No;No;No;No;No;0.0;-7.99;0.2;-8.13;0.32;-8.21;0.38;-8.26;0.41;-8.28;0.43;-8.25;0.44;-8.25;0.44;-8.27
1028;20.2;26.2;0.5;8;80;8;Successful;Effective;No;No;No;No;No;No;0.0;-7.99;0.2;-8.13;0.32;-8.21;0.38;-8.26;0.41;-8.28;0.43;-8.25;0.44;-8.25;0.44;-8.27
1029;20.2;26.2;0.5;10;80;8;Successful;Effective;No;No;No;No;No;No;0.0;-7.99;0.2;-8.13;0.32;-8.21;0.38;-8.26;0.41;-8.28;0.43;-8.25;0.44;-8.25;0.44;-8.27
1030;20.2;26.2;0.5;5;100;8;Successful;Effective;No;No;No;No;No;No;0.0;-8.0;0.25;-8.13;0.39;-8.22;0.47;-8.28;0.51;-8.3;0.54;-8.27;0.55;-8.27;0.55;-8.29
1031;20.2;26.2;0.5;8;100;8;Successful;Effective;No;No;No;No;No;No;0.0;-8.0;0.25;-8.13;0.39;-8.22;0.47;-8.28;0.51;-8.3;0.54;-8.27;0.55;-8.27;0.55;-8.29
1032;20.2;26.2;0.5;10;100;8;Successful;Effective;No;No;No;No;No;No;0.0;-8.0;0.25;-8.13;0.39;-8.22;0.47;-8.28;0.51;-8.3;0.54;-8.27;0.55;-8.27;0.55;-8.29
1033;20.3;26.3;0.5;5;80;5;Successful;Effective;No;No;No;No;No;No;0.0;-5.0;0.2;-5.08;0.32;-5.15;0.38;-5.19;0.41;-5.2;0.43;-5.19;0.44;-5.19;0.44;-5.2
1034;20.3;26.3;0.5;8;80;5;Successful;Effective;No;No;No;No;No;No;0.0;-5.0;0.2;-5.08;0.32;-5.15;0.38;-5.19;0.41;-5.2;0.43;-5.19;0.44;-5.19;0.44;-5.2
1035;20.3;26.3;0.5;10;80;5;Successful;Effective;No;No;No;No;No;No;0.0;-5.0;0.2;-5.08;0.32;-5.15;0.38;-5.19;0.41;-5.2;0.43;-5.19;0.44;-5.19;0.44;-5.2
1036;20.3;26.3;0.5;5;100;5;Successful;Effective;No;No;No;No;No;No;0.0;-5.0;0.25;-5.09;0.39;-5.16;0.47;-5.2;0.51;-5.22;0.54;-5.21;0.55;-5.21;0.55;-5.22
1037;20.3;26.3;0.5;8;100;5;Successful;Effective;No;No;No;No;No;No;0.0;-5.0;0.25;-5.09;0.39;-5.16;0.47;-5.2;0.51;-5.22;0.54;-5.21;0.55;-5.21;0.55;-5.22
1038;20.3;26.3;0.5;10;100;5;Successful;Effective;No;No;No;No;No;No;0.0;-5.0;0.25;-5.09;0.39;-5.16;0.47;-5.2;0.51;-5.22;0.54;-5.21;0.55;-5.21;0.55;-5.22
1039;20.3;26.3;0.5;5;80;6;Successful;Effective;No;No;No;No;No;No;0.0;-6.0;0.2;-6.1;0.32;-6.17;0.38;-6.21;0.41;-6.23;0.43;-6.21;0.44;-6.21;0.44;-6.22
1040;20.3;26.3;0.5;8;80;6;Successful;Effective;No;No;No;No;No;No;0.0;-6.0;0.2;-6.1;0.32;-6.17;0.38;-6.21;0.41;-6.23;0.43;-6.21;0.44;-6.21;0.44;-6.22
1041;20.3;26.3;0.5;10;80;6;Successful;Effective;No;No;No;No;No;No;0.0;-6.0;0.2;-6.1;0.32;-6.17;0.38;-6.21;0.41;-6.23;0.43;-6.21;0.44;-6.21;0.44;-6.22
1042;20.3;26.3;0.5;5;100;6;Successful;Effective;No;No;No;No;No;No;0.0;-6.0;0.25;-6.1;0.39;-6.18;0.47;-6.22;0.51;-6.25;0.54;-6.23;0.55;-6.23;0.55;-6.25
1043;20.3;26.3;0.5;8;100;6;Successful;Effective;No;No;No;No;No;No;0.0;-6.0;0.25;-6.1;0.39;-6.18;0.47;-6.22;0.51;-6.25;0.54;-6.23;0.55;-6.23;0.55;-6.25
1044;20.3;26.3;0.5;10;100;6;Successful;Effective;No;No;No;No;No;No;0.0;-6.0;0.25;-6.1;0.39;-6.18;0.47;-6.22;0.51;-6.25;0.54;-6.23;0.55;-6.23;0.55;-6.25
1045;20.3;26.3;0.5;5;80;7;Successful;Effective;No;No;No;No;No;No;0.0;-7.0;0.2;-7.11;0.32;-7.19;0.38;-7.24;0.41;-7.26;0.43;-7.23;0.44;-7.23;0.44;-7.25
1046;20.3;26.3;0.5;8;80;7;Successful;Effective;No;No;No;No;No;No;0.0;-7.0;0.2;-7.11;0.32;-7.19;0.38;-7.24;0.41;-7.26;0.43;-7.23;0.44;-7.23;0.44;-7.25
1047;20.3;26.3;0.5;10;80;7;Successful;Effective;No;No;No;No;No;No;0.0;-7.0;0.2;-7.11;0.32;-7.19;0.38;-7.24;0.41;-7.26;0.43;-7.23;0.44;-7.23;0.44;-7.25
1048;20.3;26.3;0.5;5;100;7;Successful;Effective;No;No;No;No;No;No;0.0;-7.0;0.25;-7.12;0.39;-7.2;0.47;-7.25;0.51;-7.27;0.54;-7.25;0.55;-7.25;0.55;-7.27
1049;20.3;26.3;0.5;8;100;7;Successful;Effective;No;No;No;No;No;No;0.0;-7.0;0.25;-7.12;0.39;-7.2;0.47;-7.25;0.51;-7.27;0.54;-7.25;0.55;-7.25;0.55;-7.27
1050;20.3;26.3;0.5;10;100;7;Successful;Effective;No;No;No;No;No;No;0.0;-7.0;0.25;-7.12;0.39;-7.2;0.47;-7.25;0.51;-7.27;0.54;-7.25;0.55;-7.25;0.55;-7.27
1051;20.3;26.3;0.5;5;80;8;Successful;Effective;No;No;No;No;No;No;0.0;-7.99;0.2;-8.13;0.32;-8.21;0.38;-8.26;0.41;-8.28;0.43;-8.25;0.44;-8.25;0.44;-8.27
1052;20.3;26.3;0.5;8;80;8;Successful;Effective;No;No;No;No;No;No;0.0;-7.99;0.2;-8.13;0.32;-8.21;0.38;-8.26;0.41;-8.28;0.43;-8.25;0.44;-8.25;0.44;-8.27
1053;20.3;26.3;0.5;10;80;8;Successful;Effective;No;No;No;No;No;No;0.0;-7.99;0.2;-8.13;0.32;-8.21;0.38;-8.26;0.41;-8.28;0.43;-8.25;0.44;-8.25;0.44;-8.27
1054;20.3;26.3;0.5;5;100;8;Successful;Effective;No;No;No;No;No;No;0.0;-8.0;0.25;-8.13;0.39;-8.22;0.47;-8.28;0.51;-8.3;0.54;-8.27;0.55;-8.27;0.55;-8.29
1055;20.3;26.3;0.5;8;100;8;Successful;Effective;No;No;No;No;No;No;0.0;-8.0;0.25;-8.13;0.39;-8.22;0.47;-8.28;0.51;-8.3;0.54;-8.27;0.55;-8.27;0.55;-8.29
1056;20.3;26.3;0.5;10;100;8;Successful;Effective;No;No;No;No;No;No;0.0;-8.0;0.25;-8.13;0.39;-8.22;0.47;-8.28;0.51;-8.3;0.54;-8.27;0.55;-8.27;0.55;-8.29
1057;20.4;26.4;0.5;5;80;5;Successful;Effective;No;No;No;No;No;No;0.0;-5.0;0.2;-5.08;0.32;-5.15;0.38;-5.19;0.41;-5.2;0.43;-5.19;0.44;-5.19;0.44;-5.2
1058;20.4;26.4;0.5;8;80;5;Successful;Effective;No;No;No;No;No;No;0.0;-5.0;0.2;-5.08;0.32;-5.15;0.38;-5.19;0.41;-5.2;0.43;-5.19;0.44;-5.19;0.44;-5.2
1059;20.4;26.4;0.5;10;80;5;Successful;Effective;No;No;No;No;No;No;0.0;-5.0;0.2;-5.08;0.32;-5.15;0.38;-5.19;0.41;-5.2;0.43;-5.19;0.44;-5.19;0.44;-5.2
1060;20.4;26.4;0.5;5;100;5;Successful;Effective;No;No;No;No;No;No;0.0;-5.0;0.25;-5.09;0.39;-5.16;0.47;-5.2;0.51;-5.22;0.54;-5.21;0.55;-5.21;0.55;-5.22
1061;20.4;26.4;0.5;8;100;5;Successful;Effective;No;No;No;No;No;No;0.0;-5.0;0.25;-5.09;0.39;-5.16;0.47;-5.2;0.51;-5.22;0.54;-5.21;0.55;-5.21;0.55;-5.22
1062;20.4;26.4;0.5;10;100;5;Successful;Effective;No;No;No;No;No;No;0.0;-5.0;0.25;-5.09;0.39;-5.16;0.47;-5.2;0.51;-5.22;0.54;-5.21;0.55;-5.21;0.55;-5.22
1063;20.4;26.4;0.5;5;80;6;Successful;Effective;No;No;No;No;No;No;0.0;-6.0;0.2;-6.1;0.32;-6.17;0.38;-6.21;0.41;-6.23;0.43;-6.21;0.44;-6.21;0.44;-6.22
1064;20.4;26.4;0.5;8;80;6;Successful;Effective;No;No;No;No;No;No;0.0;-6.0;0.2;-6.1;0.32;-6.17;0.38;-6.21;0.41;-6.23;0.43;-6.21;0.44;-6.21;0.44;-6.22
1065;20.4;26.4;0.5;10;80;6;Successful;Effective;No;No;No;No;No;No;0.0;-6.0;0.2;-6.1;0.32;-6.17;0.38;-6.21;0.41;-6.23;0.43;-6.21;0.44;-6.21;0.44;-6.22
1066;20.4;26.4;0.5;5;100;6;Successful;Effective;No;No;No;No;No;No;0.0;-6.0;0.25;-6.1;0.39;-6.18;0.47;-6.22;0.51;-6.25;0.54;-6.23;0.55;-6.23;0.55;-6.25
1067;20.4;26.4;0.5;8;100;6;Successful;Effective;No;No;No;No;No;No;0.0;-6.0;0.25;-6.1;0.39;-6.18;0.47;-6.22;0.51;-6.25;0.54;-6.23;0.55;-6.23;0.55;-6.25
1068;20.4;26.4;0.5;10;100;6;Successful;Effective;No;No;No;No;No;No;0.0;-6.0;0.25;-6.1;0.39;-6.18;0.47;-6.22;0.51;-6.25;0.54;-6.23;0.55;-6.23;0.55;-6.25
1069;20.4;26.4;0.5;5;80;7;Successful;Effective;No;No;No;No;No;No;0.0;-7.0;0.2;-7.11;0.32;-7.19;0.38;-7.24;0.41;-7.26;0.43;-7.23;0.44;-7.23;0.44;-7.25
1070;20.4;26.4;0.5;8;80;7;Successful;Effective;No;No;No;No;No;No;0.0;-7.0;0.2;-7.11;0.32;-7.19;0.38;-7.24;0.41;-7.26;0.43;-7.23;0.44;-7.23;0.44;-7.25
1071;20.4;26.4;0.5;10;80;7;Successful;Effective;No;No;No;No;No;No;0.0;-7.0;0.2;-7.11;0.32;-7.19;0.38;-7.24;0.41;-7.26;0.43;-7.23;0.44;-7.23;0.44;-7.25
1072;20.4;26.4;0.5;5;100;7;Successful;Effective;No;No;No;No;No;No;0.0;-7.0;0.25;-7.12;0.39;-7.2;0.47;-7.25;0.51;-7.27;0.54;-7.25;0.55;-7.25;0.55;-7.27
1073;20.4;26.4;0.5;8;100;7;Successful;Effective;No;No;No;No;No;No;0.0;-7.0;0.25;-7.12;0.39;-7.2;0.47;-7.25;0.51;-7.27;0.54;-7.25;0.55;-7.25;0.55;-7.27
1074;20.4;26.4;0.5;10;100;7;Successful;Effective;No;No;No;No;No;No;0.0;-7.0;0.25;-7.12;0.39;-7.2;0.47;-7.25;0.51;-7.27;0.54;-7.25;0.55;-7.25;0.55;-7.27
1075;20.4;26.4;0.5;5;80;8;Successful;Effective;No;No;No;No;No;No;0.0;-7.99;0.2;-8.13;0.32;-8.21;0.38;-8.26;0.41;-8.28;0.43;-8.25;0.44;-8.25;0.44;-8.27
1076;20.4;26.4;0.5;8;80;8;Successful;Effective;No;No;No;No;No;No;0.0;-7.99;0.2;-8.13;0.32;-8.21;0.38;-8.26;0.41;-8.28;0.43;-8.25;0.44;-8.25;0.44;-8.27
1077;20.4;26.4;0.5;10;80;8;Successful;Effective;No;No;No;No;No;No;0.0;-7.99;0.2;-8.13;0.32;-8.21;0.38;-8.26;0.41;-8.28;0.43;-8.25;0.44;-8.25;0.44;-8.27
1078;20.4;26.4;0.5;5;100;8;Successful;Effective;No;No;No;No;No;No;0.0;-8.0;0.25;-8.13;0.39;-8.22;0.47;-8.28;0.51;-8.3;0.54;-8.27;0.55;-8.27;0.55;-8.29
1079;20.4;26.4;0.5;8;100;8;Successful;Effective;No;No;No;No;No;No;0.0;-8.0;0.25;-8.13;0.39;-8.22;0.47;-8.28;0.51;-8.3;0.54;-8.27;0.55;-8.27;0.55;-8.29
1080;20.4;26.4;0.5;10;100;8;Successful;Effective;No;No;No;No;No;No;0.0;-8.0;0.25;-8.13;0.39;-8.22;0.47;-8.28;0.51;-8.3;0.54;-8.27;0.55;-8.27;0.55;-8.29
1081;20.5;26.5;0.5;5;80;5;Successful;Effective;No;No;No;No;No;No;0.0;-5.0;0.2;-5.08;0.32;-5.15;0.38;-5.19;0.41;-5.2;0.43;-5.19;0.44;-5.19;0.44;-5.2
1082;20.5;26.5;0.5;8;80;5;Successful;Effective;No;No;No;No;No;No;0.0;-5.0;0.2;-5.08;0.32;-5.15;0.38;-5.19;0.41;-5.2;0.43;-5.19;0.44;-5.19;0.44;-5.2
1083;20.5;26.5;0.5;10;80;5;Successful;Effective;No;No;No;No;No;No;0.0;-5.0;0.2;-5.08;0.32;-5.15;0.38;-5.19;0.41;-5.2;0.43;-5.19;0.44;-5.19;0.44;-5.2
1084;20.5;26.5;0.5;5;100;5;Successful;Effective;No;No;No;No;No;No;0.0;-5.0;0.25;-5.09;0.39;-5.16;0.47;-5.2;0.51;-5.22;0.54;-5.21;0.55;-5.21;0.55;-5.22
1085;20.5;26.5;0.5;8;100;5;Successful;Effective;No;No;No;No;No;No;0.0;-5.0;0.25;-5.09;0.39;-5.16;0.47;-5.2;0.51;-5.22;0.54;-5.21;0.55;-5.21;0.55;-5.22
1086;20.5;26.5;0.5;10;100;5;Successful;Effective;No;No;No;No;No;No;0.0;-5.0;0.25;-5.09;0.39;-5.16;0.47;-5.2;0.51;-5.22;0.54;-5.21;0.55;-5.21;0.55;-5.22
1087;20.5;26.5;0.5;5;80;6;Successful;Effective;No;No;No;No;No;No;0.0;-6.0;0.2;-6.1;0.32;-6.17;0.38;-6.21;0.41;-6.23;0.43;-6.21;0.44;-6.21;0.44;-6.22
1088;20.5;26.5;0.5;8;80;6;Successful;Effective;No;No;No;No;No;No;0.0;-6.0;0.2;-6.1;0.32;-6.17;0.38;-6.21;0.41;-6.23;0.43;-6.21;0.44;-6.21;0.44;-6.22
1089;20.5;26.5;0.5;10;80;6;Successful;Effective;No;No;No;No;No;No;0.0;-6.0;0.2;-6.1;0.32;-6.17;0.38;-6.21;0.41;-6.23;0.43;-6.21;0.44;-6.21;0.44;-6.22
1090;20.5;26.5;0.5;5;100;6;Successful;Effective;No;No;No;No;No;No;0.0;-6.0;0.25;-6.1;0.39;-6.18;0.47;-6.22;0.51;-6.25;0.54;-6.23;0.55;-6.23;0.55;-6.25
1091;20.5;26.5;0.5;8;100;6;Successful;Effective;No;No;No;No;No;No;0.0;-6.0;0.25;-6.1;0.39;-6.18;0.47;-6.22;0.51;-6.25;0.54;-6.23;0.55;-6.23;0.55;-6.25
1092;20.5;26.5;0.5;10;100;6;Successful;Effective;No;No;No;No;No;No;0.0;-6.0;0.25;-6.1;0.39;-6.18;0.47;-6.22;0.51;-6.25;0.54;-6.23;0.55;-6.23;0.55;-6.25
1093;20.5;26.5;0.5;5;80;7;Successful;Effective;No;No;No;No;No;No;0.0;-7.0;0.2;-7.11;0.32;-7.19;0.38;-7.24;0.41;-7.26;0.43;-7.23;0.44;-7.23;0.44;-7.25
1094;20.5;26.5;0.5;8;80;7;Successful;Effective;No;No;No;No;No;No;0.0;-7.0;0.2;-7.11;0.32;-7.19;0.38;-7.24;0.41;-7.26;0.43;-7.23;0.44;-7.23;0.44;-7.25
1095;20.5;26.5;0.5;10;80;7;Successful;Effective;No;No;No;No;No;No;0.0;-7.0;0.2;-7.11;0.32;-7.19;0.38;-7.24;0.41;-7.26;0.43;-7.23;0.44;-7.23;0.44;-7.25
1096;20.5;26.5;0.5;5;100;7;Successful;Effective;No;No;No;No;No;No;0.0;-7.0;0.25;-7.12;0.39;-7.2;0.47;-7.25;0.51;-7.27;0.54;-7.25;0.55;-7.25;0.55;-7.27
1097;20.5;26.5;0.5;8;100;7;Successful;Effective;No;No;No;No;No;No;0.0;-7.0;0.25;-7.12;0.39;-7.2;0.47;-7.25;0.51;-7.27;0.54;-7.25;0.55;-7.25;0.55;-7.27
1098;20.5;26.5;0.5;10;100;7;Successful;Effective;No;No;No;No;No;No;0.0;-7.0;0.25;-7.12;0.39;-7.2;0.47;-7.25;0.51;-7.27;0.54;-7.25;0.55;-7.25;0.55;-7.27
1099;20.5;26.5;0.5;5;80;8;Successful;Effective;No;No;No;No;No;No;0.0;-7.99;0.2;-8.13;0.32;-8.21;0.38;-8.26;0.41;-8.28;0.43;-8.25;0.44;-8.25;0.44;-8.27
1100;20.5;26.5;0.5;8;80;8;Successful;Effective;No;No;No;No;No;No;0.0;-7.99;0.2;-8.13;0.32;-8.21;0.38;-8.26;0.41;-8.28;0.43;-8.25;0.44;-8.25;0.44;-8.27
1101;20.5;26.5;0.5;10;80;8;Successful;Effective;No;No;No;No;No;No;0.0;-7.99;0.2;-8.13;0.32;-8.21;0.38;-8.26;0.41;-8.28;0.43;-8.25;0.44;-8.25;0.44;-8.27
1102;20.5;26.5;0.5;5;100;8;Successful;Effective;No;No;No;No;No;No;0.0;-8.0;0.25;-8.13;0.39;-8.22;0.47;-8.28;0.51;-8.3;0.54;-8.27;0.55;-8.27;0.55;-8.29
1103;20.5;26.5;0.5;8;100;8;Successful;Effective;No;No;No;No;No;No;0.0;-8.0;0.25;-8.13;0.39;-8.22;0.47;-8.28;0.51;-8.3;0.54;-8.27;0.55;-8.27;0.55;-8.29
1104;20.5;26.5;0.5;10;100;8;Successful;Effective;No;No;No;No;No;No;0.0;-8.0;0.25;-8.13;0.39;-8.22;0.47;-8.28;0.51;-8.3;0.54;-8.27;0.55;-8.27;0.55;-8.29
1105;20.6;26.6;0.5;5;80;5;Successful;Effective;No;No;No;No;No;No;0.0;-5.0;0.2;-5.08;0.32;-5.15;0.38;-5.19;0.41;-5.2;0.43;-5.19;0.44;-5.19;0.44;-5.2
1106;20.6;26.6;0.5;8;80;5;Successful;Effective;No;No;No;No;No;No;0.0;-5.0;0.2;-5.08;0.32;-5.15;0.38;-5.19;0.41;-5.2;0.43;-5.19;0.44;-5.19;0.44;-5.2
1107;20.6;26.6;0.5;10;80;5;Successful;Effective;No;No;No;No;No;No;0.0;-5.0;0.2;-5.08;0.32;-5.15;0.38;-5.19;0.41;-5.2;0.43;-5.19;0.44;-5.19;0.44;-5.2
1108;20.6;26.6;0.5;5;100;5;Successful;Effective;No;No;No;No;No;No;0.0;-5.0;0.25;-5.09;0.39;-5.16;0.47;-5.2;0.51;-5.22;0.54;-5.21;0.55;-5.21;0.55;-5.22
1109;20.6;26.6;0.5;8;100;5;Successful;Effective;No;No;No;No;No;No;0.0;-5.0;0.25;-5.09;0.39;-5.16;0.47;-5.2;0.51;-5.22;0.54;-5.21;0.55;-5.21;0.55;-5.22
1110;20.6;26.6;0.5;10;100;5;Successful;Effective;No;No;No;No;No;No;0.0;-5.0;0.25;-5.09;0.39;-5.16;0.47;-5.2;0.51;-5.22;0.54;-5.21;0.55;-5.21;0.55;-5.22
1111;20.6;26.6;0.5;5;80;6;Successful;Effective;No;No;No;No;No;No;0.0;-6.0;0.2;-6.1;0.32;-6.17;0.38;-6.21;0.41;-6.23;0.43;-6.21;0.44;-6.21;0.44;-6.22
1112;20.6;26.6;0.5;8;80;6;Successful;Effective;No;No;No;No;No;No;0.0;-6.0;0.2;-6.1;0.32;-6.17;0.38;-6.21;0.41;-6.23;0.43;-6.21;0.44;-6.21;0.44;-6.22
1113;20.6;26.6;0.5;10;80;6;Successful;Effective;No;No;No;No;No;No;0.0;-6.0;0.2;-6.1;0.32;-6.17;0.38;-6.21;0.41;-6.23;0.43;-6.21;0.44;-6.21;0.44;-6.22
1114;20.6;26.6;0.5;5;100;6;Successful;Effective;No;No;No;No;No;No;0.0;-6.0;0.25;-6.1;0.39;-6.18;0.47;-6.22;0.51;-6.25;0.54;-6.23;0.55;-6.23;0.55;-6.25
1115;20.6;26.6;0.5;8;100;6;Successful;Effective;No;No;No;No;No;No;0.0;-6.0;0.25;-6.1;0.39;-6.18;0.47;-6.22;0.51;-6.25;0.54;-6.23;0.55;-6.23;0.55;-6.25
1116;20.6;26.6;0.5;10;100;6;Successful;Effective;No;No;No;No;No;No;0.0;-6.0;0.25;-6.1;0.39;-6.18;0.47;-6.22;0.51;-6.25;0.54;-6.23;0.55;-6.23;0.55;-6.25
1117;20.6;26.6;0.5;5;80;7;Successful;Effective;No;No;No;No;No;No;0.0;-7.0;0.2;-7.11;0.32;-7.19;0.38;-7.24;0.41;-7.26;0.43;-7.23;0.44;-7.23;0.44;-7.25
1118;20.6;26.6;0.5;8;80;7;Successful;Effective;No;No;No;No;No;No;0.0;-7.0;0.2;-7.11;0.32;-7.19;0.38;-7.24;0.41;-7.26;0.43;-7.23;0.44;-7.23;0.44;-7.25
1119;20.6;26.6;0.5;10;80;7;Successful;Effective;No;No;No;No;No;No;0.0;-7.0;0.2;-7.11;0.32;-7.19;0.38;-7.24;0.41;-7.26;0.43;-7.23;0.44;-7.23;0.44;-7.25
1120;20.6;26.6;0.5;5;100;7;Successful;Effective;No;No;No;No;No;No;0.0;-7.0;0.25;-7.12;0.39;-7.2;0.47;-7.25;0.51;-7.27;0.54;-7.25;0.55;-7.25;0.55;-7.27
1121;20.6;26.6;0.5;8;100;7;Successful;Effective;No;No;No;No;No;No;0.0;-7.0;0.25;-7.12;0.39;-7.2;0.47;-7.25;0.51;-7.27;0.54;-7.25;0.55;-7.25;0.55;-7.27
1122;20.6;26.6;0.5;10;100;7;Successful;Effective;No;No;No;No;No;No;0.0;-7.0;0.25;-7.12;0.39;-7.2;0.47;-7.25;0.51;-7.27;0.54;-7.25;0.55;-7.25;0.55;-7.27
1123;20.6;26.6;0.5;5;80;8;Successful;Effective;No;No;No;No;No;No;0.0;-7.99;0.2;-8.13;0.32;-8.21;0.38;-8.26;0.41;-8.28;0.43;-8.25;0.44;-8.25;0.44;-8.27
1124;20.6;26.6;0.5;8;80;8;Successful;Effective;No;No;No;No;No;No;0.0;-7.99;0.2;-8.13;0.32;-8.21;0.38;-8.26;0.41;-8.28;0.43;-8.25;0.44;-8.25;0.44;-8.27
1125;20.6;26.6;0.5;10;80;8;Successful;Effective;No;No;No;No;No;No;0.0;-7.99;0.2;-8.13;0.32;-8.21;0.38;-8.26;0.41;-8.28;0.43;-8.25;0.44;-8.25;0.44;-8.27
1126;20.6;26.6;0.5;5;100;8;Successful;Effective;No;No;No;No;No;No;0.0;-8.0;0.25;-8.13;0.39;-8.22;0.47;-8.28;0.51;-8.3;0.54;-8.27;0.55;-8.27;0.55;-8.29
1127;20.6;26.6;0.5;8;100;8;Successful;Effective;No;No;No;No;No;No;0.0;-8.0;0.25;-8.13;0.39;-8.22;0.47;-8.28;0.51;-8.3;0.54;-8.27;0.55;-8.27;0.55;-8.29
1128;20.6;26.6;0.5;10;100;8;Successful;Effective;No;No;No;No;No;No;0.0;-8.0;0.25;-8.13;0.39;-8.22;0.47;-8.28;0.51;-8.3;0.54;-8.27;0.55;-8.27;0.55;-8.29
1129;20.7;26.7;0.5;5;80;5;Successful;Effective;No;No;No;No;No;No;0.0;-5.0;0.2;-5.08;0.32;-5.15;0.38;-5.19;0.41;-5.2;0.43;-5.19;0.44;-5.19;0.44;-5.2
1130;20.7;26.7;0.5;8;80;5;Successful;Effective;No;No;No;No;No;No;0.0;-5.0;0.2;-5.08;0.32;-5.15;0.38;-5.19;0.41;-5.2;0.43;-5.19;0.44;-5.19;0.44;-5.2
1131;20.7;26.7;0.5;10;80;5;Successful;Effective;No;No;No;No;No;No;0.0;-5.0;0.2;-5.08;0.32;-5.15;0.38;-5.19;0.41;-5.2;0.43;-5.19;0.44;-5.19;0.44;-5.2
1132;20.7;26.7;0.5;5;100;5;Successful;Effective;No;No;No;No;No;No;0.0;-5.0;0.25;-5.09;0.39;-5.16;0.47;-5.2;0.51;-5.22;0.54;-5.21;0.55;-5.21;0.55;-5.22
1133;20.7;26.7;0.5;8;100;5;Successful;Effective;No;No;No;No;No;No;0.0;-5.0;0.25;-5.09;0.39;-5.16;0.47;-5.2;0.51;-5.22;0.54;-5.21;0.55;-5.21;0.55;-5.22
1134;20.7;26.7;0.5;10;100;5;Successful;Effective;No;No;No;No;No;No;0.0;-5.0;0.25;-5.09;0.39;-5.16;0.47;-5.2;0.51;-5.22;0.54;-5.21;0.55;-5.21;0.55;-5.22
1135;20.7;26.7;0.5;5;80;6;Successful;Effective;No;No;No;No;No;No;0.0;-6.0;0.2;-6.1;0.32;-6.17;0.38;-6.21;0.41;-6.23;0.43;-6.21;0.44;-6.21;0.44;-6.22
1136;20.7;26.7;0.5;8;80;6;Successful;Effective;No;No;No;No;No;No;0.0;-6.0;0.2;-6.1;0.32;-6.17;0.38;-6.21;0.41;-6.23;0.43;-6.21;0.44;-6.21;0.44;-6.22
1137;20.7;26.7;0.5;10;80;6;Successful;Effective;No;No;No;No;No;No;0.0;-6.0;0.2;-6.1;0.32;-6.17;0.38;-6.21;0.41;-6.23;0.43;-6.21;0.44;-6.21;0.44;-6.22
1138;20.7;26.7;0.5;5;100;6;Successful;Effective;No;No;No;No;No;No;0.0;-6.0;0.25;-6.1;0.39;-6.18;0.47;-6.22;0.51;-6.25;0.54;-6.23;0.55;-6.23;0.55;-6.25
1139;20.7;26.7;0.5;8;100;6;Successful;Effective;No;No;No;No;No;No;0.0;-6.0;0.25;-6.1;0.39;-6.18;0.47;-6.22;0.51;-6.25;0.54;-6.23;0.55;-6.23;0.55;-6.25
1140;20.7;26.7;0.5;10;100;6;Successful;Effective;No;No;No;No;No;No;0.0;-6.0;0.25;-6.1;0.39;-6.18;0.47;-6.22;0.51;-6.25;0.54;-6.23;0.55;-6.23;0.55;-6.25
1141;20.7;26.7;0.5;5;80;7;Successful;Effective;No;No;No;No;No;No;0.0;-7.0;0.2;-7.11;0.32;-7.19;0.38;-7.24;0.41;-7.26;0.43;-7.23;0.44;-7.23;0.44;-7.25
1142;20.7;26.7;0.5;8;80;7;Successful;Effective;No;No;No;No;No;No;0.0;-7.0;0.2;-7.11;0.32;-7.19;0.38;-7.24;0.41;-7.26;0.43;-7.23;0.44;-7.23;0.44;-7.25
1143;20.7;26.7;0.5;10;80;7;Successful;Effective;No;No;No;No;No;No;0.0;-7.0;0.2;-7.11;0.32;-7.19;0.38;-7.24;0.41;-7.26;0.43;-7.23;0.44;-7.23;0.44;-7.25
1144;20.7;26.7;0.5;5;100;7;Successful;Effective;No;No;No;No;No;No;0.0;-7.0;0.25;-7.12;0.39;-7.2;0.47;-7.25;0.51;-7.27;0.54;-7.25;0.55;-7.25;0.55;-7.27
1145;20.7;26.7;0.5;8;100;7;Successful;Effective;No;No;No;No;No;No;0.0;-7.0;0.25;-7.12;0.39;-7.2;0.47;-7.25;0.51;-7.27;0.54;-7.25;0.55;-7.25;0.55;-7.27
1146;20.7;26.7;0.5;10;100;7;Successful;Effective;No;No;No;No;No;No;0.0;-7.0;0.25;-7.12;0.39;-7.2;0.47;-7.25;0.51;-7.27;0.54;-7.25;0.55;-7.25;0.55;-7.27
1147;20.7;26.7;0.5;5;80;8;Successful;Effective;No;No;No;No;No;No;0.0;-7.99;0.2;-8.13;0.32;-8.21;0.38;-8.26;0.41;-8.28;0.43;-8.25;0.44;-8.25;0.44;-8.27
1148;20.7;26.7;0.5;8;80;8;Successful;Effective;No;No;No;No;No;No;0.0;-7.99;0.2;-8.13;0.32;-8.21;0.38;-8.26;0.41;-8.28;0.43;-8.25;0.44;-8.25;0.44;-8.27
1149;20.7;26.7;0.5;10;80;8;Successful;Effective;No;No;No;No;No;No;0.0;-7.99;0.2;-8.13;0.32;-8.21;0.38;-8.26;0.41;-8.28;0.43;-8.25;0.44;-8.25;0.44;-8.27
1150;20.7;26.7;0.5;5;100;8;Successful;Effective;No;No;No;No;No;No;0.0;-8.0;0.25;-8.13;0.39;-8.22;0.47;-8.28;0.51;-8.3;0.54;-8.27;0.55;-8.27;0.55;-8.29
1151;20.7;26.7;0.5;8;100;8;Successful;Effective;No;No;No;No;No;No;0.0;-8.0;0.25;-8.13;0.39;-8.22;0.47;-8.28;0.51;-8.3;0.54;-8.27;0.55;-8.27;0.55;-8.29
1152;20.7;26.7;0.5;10;100;8;Successful;Effective;No;No;No;No;No;No;0.0;-8.0;0.25;-8.13;0.39;-8.22;0.47;-8.28;0.51;-8.3;0.54;-8.27;0.55;-8.27;0.55;-8.29
1153;20.8;26.8;0.5;5;80;5;Successful;Effective;No;No;No;No;No;No;0.0;-5.0;0.2;-5.08;0.32;-5.15;0.38;-5.19;0.41;-5.2;0.43;-5.19;0.44;-5.19;0.44;-5.2
1154;20.8;26.8;0.5;8;80;5;Successful;Effective;No;No;No;No;No;No;0.0;-5.0;0.2;-5.08;0.32;-5.15;0.38;-5.19;0.41;-5.2;0.43;-5.19;0.44;-5.19;0.44;-5.2
1155;20.8;26.8;0.5;10;80;5;Successful;Effective;No;No;No;No;No;No;0.0;-5.0;0.2;-5.08;0.32;-5.15;0.38;-5.19;0.41;-5.2;0.43;-5.19;0.44;-5.19;0.44;-5.2
1156;20.8;26.8;0.5;5;100;5;Successful;Effective;No;No;No;No;No;No;0.0;-5.0;0.25;-5.09;0.39;-5.16;0.47;-5.2;0.51;-5.22;0.54;-5.21;0.55;-5.21;0.55;-5.22
1157;20.8;26.8;0.5;8;100;5;Successful;Effective;No;No;No;No;No;No;0.0;-5.0;0.25;-5.09;0.39;-5.16;0.47;-5.2;0.51;-5.22;0.54;-5.21;0.55;-5.21;0.55;-5.22
1158;20.8;26.8;0.5;10;100;5;Successful;Effective;No;No;No;No;No;No;0.0;-5.0;0.25;-5.09;0.39;-5.16;0.47;-5.2;0.51;-5.22;0.54;-5.21;0.55;-5.21;0.55;-5.22
1159;20.8;26.8;0.5;5;80;6;Successful;Effective;No;No;No;No;No;No;0.0;-6.0;0.2;-6.1;0.32;-6.17;0.38;-6.21;0.41;-6.23;0.43;-6.21;0.44;-6.21;0.44;-6.22
1160;20.8;26.8;0.5;8;80;6;Successful;Effective;No;No;No;No;No;No;0.0;-6.0;0.2;-6.1;0.32;-6.17;0.38;-6.21;0.41;-6.23;0.43;-6.21;0.44;-6.21;0.44;-6.22
1161;20.8;26.8;0.5;10;80;6;Successful;Effective;No;No;No;No;No;No;0.0;-6.0;0.2;-6.1;0.32;-6.17;0.38;-6.21;0.41;-6.23;0.43;-6.21;0.44;-6.21;0.44;-6.22
1162;20.8;26.8;0.5;5;100;6;Successful;Effective;No;No;No;No;No;No;0.0;-6.0;0.25;-6.1;0.39;-6.18;0.47;-6.22;0.51;-6.25;0.54;-6.23;0.55;-6.23;0.55;-6.25
1163;20.8;26.8;0.5;8;100;6;Successful;Effective;No;No;No;No;No;No;0.0;-6.0;0.25;-6.1;0.39;-6.18;0.47;-6.22;0.51;-6.25;0.54;-6.23;0.55;-6.23;0.55;-6.25
1164;20.8;26.8;0.5;10;100;6;Successful;Effective;No;No;No;No;No;No;0.0;-6.0;0.25;-6.1;0.39;-6.18;0.47;-6.22;0.51;-6.25;0.54;-6.23;0.55;-6.23;0.55;-6.25
1165;20.8;26.8;0.5;5;80;7;Successful;Effective;No;No;No;No;No;No;0.0;-7.0;0.2;-7.11;0.32;-7.19;0.38;-7.24;0.41;-7.26;0.43;-7.23;0.44;-7.23;0.44;-7.25
1166;20.8;26.8;0.5;8;80;7;Successful;Effective;No;No;No;No;No;No;0.0;-7.0;0.2;-7.11;0.32;-7.19;0.38;-7.24;0.41;-7.26;0.43;-7.23;0.44;-7.23;0.44;-7.25
1167;20.8;26.8;0.5;10;80;7;Successful;Effective;No;No;No;No;No;No;0.0;-7.0;0.2;-7.11;0.32;-7.19;0.38;-7.24;0.41;-7.26;0.43;-7.23;0.44;-7.23;0.44;-7.25
1168;20.8;26.8;0.5;5;100;7;Successful;Effective;No;No;No;No;No;No;0.0;-7.0;0.25;-7.12;0.39;-7.2;0.47;-7.25;0.51;-7.27;0.54;-7.25;0.55;-7.25;0.55;-7.27
1169;20.8;26.8;0.5;8;100;7;Successful;Effective;No;No;No;No;No;No;0.0;-7.0;0.25;-7.12;0.39;-7.2;0.47;-7.25;0.51;-7.27;0.54;-7.25;0.55;-7.25;0.55;-7.27
1170;20.8;26.8;0.5;10;100;7;Successful;Effective;No;No;No;No;No;No;0.0;-7.0;0.25;-7.12;0.39;-7.2;0.47;-7.25;0.51;-7.27;0.54;-7.25;0.55;-7.25;0.55;-7.27
1171;20.8;26.8;0.5;5;80;8;Successful;Effective;No;No;No;No;No;No;0.0;-7.99;0.2;-8.13;0.32;-8.21;0.38;-8.26;0.41;-8.28;0.43;-8.25;0.44;-8.25;0.44;-8.27
1172;20.8;26.8;0.5;8;80;8;Successful;Effective;No;No;No;No;No;No;0.0;-7.99;0.2;-8.13;0.32;-8.21;0.38;-8.26;0.41;-8.28;0.43;-8.25;0.44;-8.25;0.44;-8.27
1173;20.8;26.8;0.5;10;80;8;Successful;Effective;No;No;No;No;No;No;0.0;-7.99;0.2;-8.13;0.32;-8.21;0.38;-8.26;0.41;-8.28;0.43;-8.25;0.44;-8.25;0.44;-8.27
1174;20.8;26.8;0.5;5;100;8;Successful;Effective;No;No;No;No;No;No;0.0;-8.0;0.25;-8.13;0.39;-8.22;0.47;-8.28;0.51;-8.3;0.54;-8.27;0.55;-8.27;0.55;-8.29
1175;20.8;26.8;0.5;8;100;8;Successful;Effective;No;No;No;No;No;No;0.0;-8.0;0.25;-8.13;0.39;-8.22;0.47;-8.28;0.51;-8.3;0.54;-8.27;0.55;-8.27;0.55;-8.29
1176;20.8;26.8;0.5;10;100;8;Successful;Effective;No;No;No;No;No;No;0.0;-8.0;0.25;-8.13;0.39;-8.22;0.47;-8.28;0.51;-8.3;0.54;-8.27;0.55;-8.27;0.55;-8.29
1177;20.9;26.9;0.5;5;80;5;Successful;Effective;No;No;No;No;No;No;0.0;-5.0;0.2;-5.08;0.32;-5.15;0.38;-5.19;0.41;-5.2;0.43;-5.19;0.44;-5.19;0.44;-5.2
1178;20.9;26.9;0.5;8;80;5;Successful;Effective;No;No;No;No;No;No;0.0;-5.0;0.2;-5.08;0.32;-5.15;0.38;-5.19;0.41;-5.2;0.43;-5.19;0.44;-5.19;0.44;-5.2
1179;20.9;26.9;0.5;10;80;5;Successful;Effective;No;No;No;No;No;No;0.0;-5.0;0.2;-5.08;0.32;-5.15;0.38;-5.19;0.41;-5.2;0.43;-5.19;0.44;-5.19;0.44;-5.2
1180;20.9;26.9;0.5;5;100;5;Successful;Effective;No;No;No;No;No;No;0.0;-5.0;0.25;-5.09;0.39;-5.16;0.47;-5.2;0.51;-5.22;0.54;-5.21;0.55;-5.21;0.55;-5.22
1181;20.9;26.9;0.5;8;100;5;Successful;Effective;No;No;No;No;No;No;0.0;-5.0;0.25;-5.09;0.39;-5.16;0.47;-5.2;0.51;-5.22;0.54;-5.21;0.55;-5.21;0.55;-5.22
1182;20.9;26.9;0.5;10;100;5;Successful;Effective;No;No;No;No;No;No;0.0;-5.0;0.25;-5.09;0.39;-5.16;0.47;-5.2;0.51;-5.22;0.54;-5.21;0.55;-5.21;0.55;-5.22
1183;20.9;26.9;0.5;5;80;6;Successful;Effective;No;No;No;No;No;No;0.0;-6.0;0.2;-6.1;0.32;-6.17;0.38;-6.21;0.41;-6.23;0.43;-6.21;0.44;-6.21;0.44;-6.22
1184;20.9;26.9;0.5;8;80;6;Successful;Effective;No;No;No;No;No;No;0.0;-6.0;0.2;-6.1;0.32;-6.17;0.38;-6.21;0.41;-6.23;0.43;-6.21;0.44;-6.21;0.44;-6.22
1185;20.9;26.9;0.5;10;80;6;Successful;Effective;No;No;No;No;No;No;0.0;-6.0;0.2;-6.1;0.32;-6.17;0.38;-6.21;0.41;-6.23;0.43;-6.21;0.44;-6.21;0.44;-6.22
1186;20.9;26.9;0.5;5;100;6;Successful;Effective;No;No;No;No;No;No;0.0;-6.0;0.25;-6.1;0.39;-6.18;0.47;-6.22;0.51;-6.25;0.54;-6.23;0.55;-6.23;0.55;-6.25
1187;20.9;26.9;0.5;8;100;6;Successful;Effective;No;No;No;No;No;No;0.0;-6.0;0.25;-6.1;0.39;-6.18;0.47;-6.22;0.51;-6.25;0.54;-6.23;0.55;-6.23;0.55;-6.25
1188;20.9;26.9;0.5;10;100;6;Successful;Effective;No;No;No;No;No;No;0.0;-6.0;0.25;-6.1;0.39;-6.18;0.47;-6.22;0.51;-6.25;0.54;-6.23;0.55;-6.23;0.55;-6.25
1189;20.9;26.9;0.5;5;80;7;Successful;Effective;No;No;No;No;No;No;0.0;-7.0;0.2;-7.11;0.32;-7.19;0.38;-7.24;0.41;-7.26;0.43;-7.23;0.44;-7.23;0.44;-7.25
1190;20.9;26.9;0.5;8;80;7;Successful;Effective;No;No;No;No;No;No;0.0;-7.0;0.2;-7.11;0.32;-7.19;0.38;-7.24;0.41;-7.26;0.43;-7.23;0.44;-7.23;0.44;-7.25
1191;20.9;26.9;0.5;10;80;7;Successful;Effective;No;No;No;No;No;No;0.0;-7.0;0.2;-7.11;0.32;-7.19;0.38;-7.24;0.41;-7.26;0.43;-7.23;0.44;-7.23;0.44;-7.25
1192;20.9;26.9;0.5;5;100;7;Successful;Effective;No;No;No;No;No;No;0.0;-7.0;0.25;-7.12;0.39;-7.2;0.47;-7.25;0.51;-7.27;0.54;-7.25;0.55;-7.25;0.55;-7.27
1193;20.9;26.9;0.5;8;100;7;Successful;Effective;No;No;No;No;No;No;0.0;-7.0;0.25;-7.12;0.39;-7.2;0.47;-7.25;0.51;-7.27;0.54;-7.25;0.55;-7.25;0.55;-7.27
1194;20.9;26.9;0.5;10;100;7;Successful;Effective;No;No;No;No;No;No;0.0;-7.0;0.25;-7.12;0.39;-7.2;0.47;-7.25;0.51;-7.27;0.54;-7.25;0.55;-7.25;0.55;-7.27
1195;20.9;26.9;0.5;5;80;8;Successful;Effective;No;No;No;No;No;No;0.0;-7.99;0.2;-8.13;0.32;-8.21;0.38;-8.26;0.41;-8.28;0.43;-8.25;0.44;-8.25;0.44;-8.27
1196;20.9;26.9;0.5;8;80;8;Successful;Effective;No;No;No;No;No;No;0.0;-7.99;0.2;-8.13;0.32;-8.21;0.38;-8.26;0.41;-8.28;0.43;-8.25;0.44;-8.25;0.44;-8.27
1197;20.9;26.9;0.5;10;80;8;Successful;Effective;No;No;No;No;No;No;0.0;-7.99;0.2;-8.13;0.32;-8.21;0.38;-8.26;0.41;-8.28;0.43;-8.25;0.44;-8.25;0.44;-8.27
1198;20.9;26.9;0.5;5;100;8;Successful;Effective;No;No;No;No;No;No;0.0;-8.0;0.25;-8.13;0.39;-8.22;0.47;-8.28;0.51;-8.3;0.54;-8.27;0.55;-8.27;0.55;-8.29
1199;20.9;26.9;0.5;8;100;8;Successful;Effective;No;No;No;No;No;No;0.0;-8.0;0.25;-8.13;0.39;-8.22;0.47;-8.28;0.51;-8.3;0.54;-8.27;0.55;-8.27;0.55;-8.29
1200;20.9;26.9;0.5;10;100;8;Successful;Effective;No;No;No;No;No;No;0.0;-8.0;0.25;-8.13;0.39;-8.22;0.47;-8.28;0.51;-8.3;0.54;-8.27;0.55;-8.27;0.55;-8.29
1201;21.0;27.0;0.5;5;80;5;Successful;Effective;No;No;No;No;No;No;0.0;-5.0;0.2;-5.08;0.32;-5.15;0.38;-5.19;0.41;-5.2;0.43;-5.19;0.44;-5.19;0.44;-5.2
1202;21.0;27.0;0.5;8;80;5;Successful;Effective;No;No;No;No;No;No;0.0;-5.0;0.2;-5.08;0.32;-5.15;0.38;-5.19;0.41;-5.2;0.43;-5.19;0.44;-5.19;0.44;-5.2
1203;21.0;27.0;0.5;10;80;5;Successful;Effective;No;No;No;No;No;No;0.0;-5.0;0.2;-5.08;0.32;-5.15;0.38;-5.19;0.41;-5.2;0.43;-5.19;0.44;-5.19;0.44;-5.2
1204;21.0;27.0;0.5;5;100;5;Successful;Effective;No;No;No;No;No;No;0.0;-5.0;0.25;-5.09;0.39;-5.16;0.47;-5.2;0.51;-5.22;0.54;-5.21;0.55;-5.21;0.55;-5.22
1205;21.0;27.0;0.5;8;100;5;Successful;Effective;No;No;No;No;No;No;0.0;-5.0;0.25;-5.09;0.39;-5.16;0.47;-5.2;0.51;-5.22;0.54;-5.21;0.55;-5.21;0.55;-5.22
1206;21.0;27.0;0.5;10;100;5;Successful;Effective;No;No;No;No;No;No;0.0;-5.0;0.25;-5.09;0.39;-5.16;0.47;-5.2;0.51;-5.22;0.54;-5.21;0.55;-5.21;0.55;-5.22
1207;21.0;27.0;0.5;5;80;6;Successful;Effective;No;No;No;No;No;No;0.0;-6.0;0.2;-6.1;0.32;-6.17;0.38;-6.21;0.41;-6.23;0.43;-6.21;0.44;-6.21;0.44;-6.22
1208;21.0;27.0;0.5;8;80;6;Successful;Effective;No;No;No;No;No;No;0.0;-6.0;0.2;-6.1;0.32;-6.17;0.38;-6.21;0.41;-6.23;0.43;-6.21;0.44;-6.21;0.44;-6.22
1209;21.0;27.0;0.5;10;80;6;Successful;Effective;No;No;No;No;No;No;0.0;-6.0;0.2;-6.1;0.32;-6.17;0.38;-6.21;0.41;-6.23;0.43;-6.21;0.44;-6.21;0.44;-6.22
1210;21.0;27.0;0.5;5;100;6;Successful;Effective;No;No;No;No;No;No;0.0;-6.0;0.25;-6.1;0.39;-6.18;0.47;-6.22;0.51;-6.25;0.54;-6.23;0.55;-6.23;0.55;-6.25
1211;21.0;27.0;0.5;8;100;6;Successful;Effective;No;No;No;No;No;No;0.0;-6.0;0.25;-6.1;0.39;-6.18;0.47;-6.22;0.51;-6.25;0.54;-6.23;0.55;-6.23;0.55;-6.25
1212;21.0;27.0;0.5;10;100;6;Successful;Effective;No;No;No;No;No;No;0.0;-6.0;0.25;-6.1;0.39;-6.18;0.47;-6.22;0.51;-6.25;0.54;-6.23;0.55;-6.23;0.55;-6.25
1213;21.0;27.0;0.5;5;80;7;Successful;Effective;No;No;No;No;No;No;0.0;-7.0;0.2;-7.11;0.32;-7.19;0.38;-7.24;0.41;-7.26;0.43;-7.23;0.44;-7.23;0.44;-7.25
1214;21.0;27.0;0.5;8;80;7;Successful;Effective;No;No;No;No;No;No;0.0;-7.0;0.2;-7.11;0.32;-7.19;0.38;-7.24;0.41;-7.26;0.43;-7.23;0.44;-7.23;0.44;-7.25
1215;21.0;27.0;0.5;10;80;7;Successful;Effective;No;No;No;No;No;No;0.0;-7.0;0.2;-7.11;0.32;-7.19;0.38;-7.24;0.41;-7.26;0.43;-7.23;0.44;-7.23;0.44;-7.25
1216;21.0;27.0;0.5;5;100;7;Successful;Effective;No;No;No;No;No;No;0.0;-7.0;0.25;-7.12;0.39;-7.2;0.47;-7.25;0.51;-7.27;0.54;-7.25;0.55;-7.25;0.55;-7.27
1217;21.0;27.0;0.5;8;100;7;Successful;Effective;No;No;No;No;No;No;0.0;-7.0;0.25;-7.12;0.39;-7.2;0.47;-7.25;0.51;-7.27;0.54;-7.25;0.55;-7.25;0.55;-7.27
1218;21.0;27.0;0.5;10;100;7;Successful;Effective;No;No;No;No;No;No;0.0;-7.0;0.25;-7.12;0.39;-7.2;0.47;-7.25;0.51;-7.27;0.54;-7.25;0.55;-7.25;0.55;-7.27
1219;21.0;27.0;0.5;5;80;8;Successful;Effective;No;No;No;No;No;No;0.0;-7.99;0.2;-8.13;0.32;-8.21;0.38;-8.26;0.41;-8.28;0.43;-8.25;0.44;-8.25;0.44;-8.27
1220;21.0;27.0;0.5;8;80;8;Successful;Effective;No;No;No;No;No;No;0.0;-7.99;0.2;-8.13;0.32;-8.21;0.38;-8.26;0.41;-8.28;0.43;-8.25;0.44;-8.25;0.44;-8.27
1221;21.0;27.0;0.5;10;80;8;Successful;Effective;No;No;No;No;No;No;0.0;-7.99;0.2;-8.13;0.32;-8.21;0.38;-8.26;0.41;-8.28;0.43;-8.25;0.44;-8.25;0.44;-8.27
1222;21.0;27.0;0.5;5;100;8;Successful;Effective;No;No;No;No;No;No;0.0;-8.0;0.25;-8.13;0.39;-8.22;0.47;-8.28;0.51;-8.3;0.54;-8.27;0.55;-8.27;0.55;-8.29
1223;21.0;27.0;0.5;8;100;8;Successful;Effective;No;No;No;No;No;No;0.0;-8.0;0.25;-8.13;0.39;-8.22;0.47;-8.28;0.51;-8.3;0.54;-8.27;0.55;-8.27;0.55;-8.29
1224;21.0;27.0;0.5;10;100;8;Successful;Effective;No;No;No;No;No;No;0.0;-8.0;0.25;-8.13;0.39;-8.22;0.47;-8.28;0.51;-8.3;0.54;-8.27;0.55;-8.27;0.55;-8.29
1225;21.1;27.1;0.5;5;80;5;Successful;Effective;No;No;No;No;No;No;0.0;-5.0;0.2;-5.08;0.32;-5.15;0.38;-5.19;0.41;-5.2;0.43;-5.19;0.44;-5.19;0.44;-5.2
1226;21.1;27.1;0.5;8;80;5;Successful;Effective;No;No;No;No;No;No;0.0;-5.0;0.2;-5.08;0.32;-5.15;0.38;-5.19;0.41;-5.2;0.43;-5.19;0.44;-5.19;0.44;-5.2
1227;21.1;27.1;0.5;10;80;5;Successful;Effective;No;No;No;No;No;No;0.0;-5.0;0.2;-5.08;0.32;-5.15;0.38;-5.19;0.41;-5.2;0.43;-5.19;0.44;-5.19;0.44;-5.2
1228;21.1;27.1;0.5;5;100;5;Successful;Effective;No;No;No;No;No;No;0.0;-5.0;0.25;-5.09;0.39;-5.16;0.47;-5.2;0.51;-5.22;0.54;-5.21;0.55;-5.21;0.55;-5.22
1229;21.1;27.1;0.5;8;100;5;Successful;Effective;No;No;No;No;No;No;0.0;-5.0;0.25;-5.09;0.39;-5.16;0.47;-5.2;0.51;-5.22;0.54;-5.21;0.55;-5.21;0.55;-5.22
1230;21.1;27.1;0.5;10;100;5;Successful;Effective;No;No;No;No;No;No;0.0;-5.0;0.25;-5.09;0.39;-5.16;0.47;-5.2;0.51;-5.22;0.54;-5.21;0.55;-5.21;0.55;-5.22
1231;21.1;27.1;0.5;5;80;6;Successful;Effective;No;No;No;No;No;No;0.0;-6.0;0.2;-6.1;0.32;-6.17;0.38;-6.21;0.41;-6.23;0.43;-6.21;0.44;-6.21;0.44;-6.22
1232;21.1;27.1;0.5;8;80;6;Successful;Effective;No;No;No;No;No;No;0.0;-6.0;0.2;-6.1;0.32;-6.17;0.38;-6.21;0.41;-6.23;0.43;-6.21;0.44;-6.21;0.44;-6.22
1233;21.1;27.1;0.5;10;80;6;Successful;Effective;No;No;No;No;No;No;0.0;-6.0;0.2;-6.1;0.32;-6.17;0.38;-6.21;0.41;-6.23;0.43;-6.21;0.44;-6.21;0.44;-6.22
1234;21.1;27.1;0.5;5;100;6;Successful;Effective;No;No;No;No;No;No;0.0;-6.0;0.25;-6.1;0.39;-6.18;0.47;-6.22;0.51;-6.25;0.54;-6.23;0.55;-6.23;0.55;-6.25
1235;21.1;27.1;0.5;8;100;6;Successful;Effective;No;No;No;No;No;No;0.0;-6.0;0.25;-6.1;0.39;-6.18;0.47;-6.22;0.51;-6.25;0.54;-6.23;0.55;-6.23;0.55;-6.25
1236;21.1;27.1;0.5;10;100;6;Successful;Effective;No;No;No;No;No;No;0.0;-6.0;0.25;-6.1;0.39;-6.18;0.47;-6.22;0.51;-6.25;0.54;-6.23;0.55;-6.23;0.55;-6.25
1237;21.1;27.1;0.5;5;80;7;Successful;Effective;No;No;No;No;No;No;0.0;-7.0;0.2;-7.11;0.32;-7.19;0.38;-7.24;0.41;-7.26;0.43;-7.23;0.44;-7.23;0.44;-7.25
1238;21.1;27.1;0.5;8;80;7;Successful;Effective;No;No;No;No;No;No;0.0;-7.0;0.2;-7.11;0.32;-7.19;0.38;-7.24;0.41;-7.26;0.43;-7.23;0.44;-7.23;0.44;-7.25
1239;21.1;27.1;0.5;10;80;7;Successful;Effective;No;No;No;No;No;No;0.0;-7.0;0.2;-7.11;0.32;-7.19;0.38;-7.24;0.41;-7.26;0.43;-7.23;0.44;-7.23;0.44;-7.25
1240;21.1;27.1;0.5;5;100;7;Successful;Effective;No;No;No;No;No;No;0.0;-7.0;0.25;-7.12;0.39;-7.2;0.47;-7.25;0.51;-7.27;0.54;-7.25;0.55;-7.25;0.55;-7.27
1241;21.1;27.1;0.5;8;100;7;Successful;Effective;No;No;No;No;No;No;0.0;-7.0;0.25;-7.12;0.39;-7.2;0.47;-7.25;0.51;-7.27;0.54;-7.25;0.55;-7.25;0.55;-7.27
1242;21.1;27.1;0.5;10;100;7;Successful;Effective;No;No;No;No;No;No;0.0;-7.0;0.25;-7.12;0.39;-7.2;0.47;-7.25;0.51;-7.27;0.54;-7.25;0.55;-7.25;0.55;-7.27
1243;21.1;27.1;0.5;5;80;8;Successful;Effective;No;No;No;No;No;No;0.0;-7.99;0.2;-8.13;0.32;-8.21;0.38;-8.26;0.41;-8.28;0.43;-8.25;0.44;-8.25;0.44;-8.27
1244;21.1;27.1;0.5;8;80;8;Successful;Effective;No;No;No;No;No;No;0.0;-7.99;0.2;-8.13;0.32;-8.21;0.38;-8.26;0.41;-8.28;0.43;-8.25;0.44;-8.25;0.44;-8.27
1245;21.1;27.1;0.5;10;80;8;Successful;Effective;No;No;No;No;No;No;0.0;-7.99;0.2;-8.13;0.32;-8.21;0.38;-8.26;0.41;-8.28;0.43;-8.25;0.44;-8.25;0.44;-8.27
1246;21.1;27.1;0.5;5;100;8;Successful;Effective;No;No;No;No;No;No;0.0;-8.0;0.25;-8.13;0.39;-8.22;0.47;-8.28;0.51;-8.3;0.54;-8.27;0.55;-8.27;0.55;-8.29
1247;21.1;27.1;0.5;8;100;8;Successful;Effective;No;No;No;No;No;No;0.0;-8.0;0.25;-8.13;0.39;-8.22;0.47;-8.28;0.51;-8.3;0.54;-8.27;0.55;-8.27;0.55;-8.29
1248;21.1;27.1;0.5;10;100;8;Successful;Effective;No;No;No;No;No;No;0.0;-8.0;0.25;-8.13;0.39;-8.22;0.47;-8.28;0.51;-8.3;0.54;-8.27;0.55;-8.27;0.55;-8.29
1249;21.2;27.2;0.5;5;80;5;Successful;Effective;No;No;No;No;No;No;0.0;-5.0;0.2;-5.08;0.32;-5.15;0.38;-5.19;0.41;-5.2;0.43;-5.19;0.44;-5.19;0.44;-5.2
1250;21.2;27.2;0.5;8;80;5;Successful;Effective;No;No;No;No;No;No;0.0;-5.0;0.2;-5.08;0.32;-5.15;0.38;-5.19;0.41;-5.2;0.43;-5.19;0.44;-5.19;0.44;-5.2
1251;21.2;27.2;0.5;10;80;5;Successful;Effective;No;No;No;No;No;No;0.0;-5.0;0.2;-5.08;0.32;-5.15;0.38;-5.19;0.41;-5.2;0.43;-5.19;0.44;-5.19;0.44;-5.2
1252;21.2;27.2;0.5;5;100;5;Successful;Effective;No;No;No;No;No;No;0.0;-5.0;0.25;-5.09;0.39;-5.16;0.47;-5.2;0.51;-5.22;0.54;-5.21;0.55;-5.21;0.55;-5.22
1253;21.2;27.2;0.5;8;100;5;Successful;Effective;No;No;No;No;No;No;0.0;-5.0;0.25;-5.09;0.39;-5.16;0.47;-5.2;0.51;-5.22;0.54;-5.21;0.55;-5.21;0.55;-5.22
1254;21.2;27.2;0.5;10;100;5;Successful;Effective;No;No;No;No;No;No;0.0;-5.0;0.25;-5.09;0.39;-5.16;0.47;-5.2;0.51;-5.22;0.54;-5.21;0.55;-5.21;0.55;-5.22
1255;21.2;27.2;0.5;5;80;6;Successful;Effective;No;No;No;No;No;No;0.0;-6.0;0.2;-6.1;0.32;-6.17;0.38;-6.21;0.41;-6.23;0.43;-6.21;0.44;-6.21;0.44;-6.22
1256;21.2;27.2;0.5;8;80;6;Successful;Effective;No;No;No;No;No;No;0.0;-6.0;0.2;-6.1;0.32;-6.17;0.38;-6.21;0.41;-6.23;0.43;-6.21;0.44;-6.21;0.44;-6.22
1257;21.2;27.2;0.5;10;80;6;Successful;Effective;No;No;No;No;No;No;0.0;-6.0;0.2;-6.1;0.32;-6.17;0.38;-6.21;0.41;-6.23;0.43;-6.21;0.44;-6.21;0.44;-6.22
1258;21.2;27.2;0.5;5;100;6;Successful;Effective;No;No;No;No;No;No;0.0;-6.0;0.25;-6.1;0.39;-6.18;0.47;-6.22;0.51;-6.25;0.54;-6.23;0.55;-6.23;0.55;-6.25
1259;21.2;27.2;0.5;8;100;6;Successful;Effective;No;No;No;No;No;No;0.0;-6.0;0.25;-6.1;0.39;-6.18;0.47;-6.22;0.51;-6.25;0.54;-6.23;0.55;-6.23;0.55;-6.25
1260;21.2;27.2;0.5;10;100;6;Successful;Effective;No;No;No;No;No;No;0.0;-6.0;0.25;-6.1;0.39;-6.18;0.47;-6.22;0.51;-6.25;0.54;-6.23;0.55;-6.23;0.55;-6.25
1261;21.2;27.2;0.5;5;80;7;Successful;Effective;No;No;No;No;No;No;0.0;-7.0;0.2;-7.11;0.32;-7.19;0.38;-7.24;0.41;-7.26;0.43;-7.23;0.44;-7.23;0.44;-7.25
1262;21.2;27.2;0.5;8;80;7;Successful;Effective;No;No;No;No;No;No;0.0;-7.0;0.2;-7.11;0.32;-7.19;0.38;-7.24;0.41;-7.26;0.43;-7.23;0.44;-7.23;0.44;-7.25
1263;21.2;27.2;0.5;10;80;7;Successful;Effective;No;No;No;No;No;No;0.0;-7.0;0.2;-7.11;0.32;-7.19;0.38;-7.24;0.41;-7.26;0.43;-7.23;0.44;-7.23;0.44;-7.25
1264;21.2;27.2;0.5;5;100;7;Successful;Effective;No;No;No;No;No;No;0.0;-7.0;0.25;-7.12;0.39;-7.2;0.47;-7.25;0.51;-7.27;0.54;-7.25;0.55;-7.25;0.55;-7.27
1265;21.2;27.2;0.5;8;100;7;Successful;Effective;No;No;No;No;No;No;0.0;-7.0;0.25;-7.12;0.39;-7.2;0.47;-7.25;0.51;-7.27;0.54;-7.25;0.55;-7.25;0.55;-7.27
1266;21.2;27.2;0.5;10;100;7;Successful;Effective;No;No;No;No;No;No;0.0;-7.0;0.25;-7.12;0.39;-7.2;0.47;-7.25;0.51;-7.27;0.54;-7.25;0.55;-7.25;0.55;-7.27
1267;21.2;27.2;0.5;5;80;8;Successful;Effective;No;No;No;No;No;No;0.0;-7.99;0.2;-8.13;0.32;-8.21;0.38;-8.26;0.41;-8.28;0.43;-8.25;0.44;-8.25;0.44;-8.27
1268;21.2;27.2;0.5;8;80;8;Successful;Effective;No;No;No;No;No;No;0.0;-7.99;0.2;-8.13;0.32;-8.21;0.38;-8.26;0.41;-8.28;0.43;-8.25;0.44;-8.25;0.44;-8.27
1269;21.2;27.2;0.5;10;80;8;Successful;Effective;No;No;No;No;No;No;0.0;-7.99;0.2;-8.13;0.32;-8.21;0.38;-8.26;0.41;-8.28;0.43;-8.25;0.44;-8.25;0.44;-8.27
1270;21.2;27.2;0.5;5;100;8;Successful;Effective;No;No;No;No;No;No;0.0;-8.0;0.25;-8.13;0.39;-8.22;0.47;-8.28;0.51;-8.3;0.54;-8.27;0.55;-8.27;0.55;-8.29
1271;21.2;27.2;0.5;8;100;8;Successful;Effective;No;No;No;No;No;No;0.0;-8.0;0.25;-8.13;0.39;-8.22;0.47;-8.28;0.51;-8.3;0.54;-8.27;0.55;-8.27;0.55;-8.29
1272;21.2;27.2;0.5;10;100;8;Successful;Effective;No;No;No;No;No;No;0.0;-8.0;0.25;-8.13;0.39;-8.22;0.47;-8.28;0.51;-8.3;0.54;-8.27;0.55;-8.27;0.55;-8.29
1273;21.3;27.3;0.5;5;80;5;Successful;Effective;No;No;No;No;No;No;0.0;-5.0;0.2;-5.08;0.32;-5.15;0.38;-5.19;0.41;-5.2;0.43;-5.19;0.44;-5.19;0.44;-5.2
1274;21.3;27.3;0.5;8;80;5;Successful;Effective;No;No;No;No;No;No;0.0;-5.0;0.2;-5.08;0.32;-5.15;0.38;-5.19;0.41;-5.2;0.43;-5.19;0.44;-5.19;0.44;-5.2
1275;21.3;27.3;0.5;10;80;5;Successful;Effective;No;No;No;No;No;No;0.0;-5.0;0.2;-5.08;0.32;-5.15;0.38;-5.19;0.41;-5.2;0.43;-5.19;0.44;-5.19;0.44;-5.2
1276;21.3;27.3;0.5;5;100;5;Successful;Effective;No;No;No;No;No;No;0.0;-5.0;0.25;-5.09;0.39;-5.16;0.47;-5.2;0.51;-5.22;0.54;-5.21;0.55;-5.21;0.55;-5.22
1277;21.3;27.3;0.5;8;100;5;Successful;Effective;No;No;No;No;No;No;0.0;-5.0;0.25;-5.09;0.39;-5.16;0.47;-5.2;0.51;-5.22;0.54;-5.21;0.55;-5.21;0.55;-5.22
1278;21.3;27.3;0.5;10;100;5;Successful;Effective;No;No;No;No;No;No;0.0;-5.0;0.25;-5.09;0.39;-5.16;0.47;-5.2;0.51;-5.22;0.54;-5.21;0.55;-5.21;0.55;-5.22
1279;21.3;27.3;0.5;5;80;6;Successful;Effective;No;No;No;No;No;No;0.0;-6.0;0.2;-6.1;0.32;-6.17;0.38;-6.21;0.41;-6.23;0.43;-6.21;0.44;-6.21;0.44;-6.22
1280;21.3;27.3;0.5;8;80;6;Successful;Effective;No;No;No;No;No;No;0.0;-6.0;0.2;-6.1;0.32;-6.17;0.38;-6.21;0.41;-6.23;0.43;-6.21;0.44;-6.21;0.44;-6.22
1281;21.3;27.3;0.5;10;80;6;Successful;Effective;No;No;No;No;No;No;0.0;-6.0;0.2;-6.1;0.32;-6.17;0.38;-6.21;0.41;-6.23;0.43;-6.21;0.44;-6.21;0.44;-6.22
1282;21.3;27.3;0.5;5;100;6;Successful;Effective;No;No;No;No;No;No;0.0;-6.0;0.25;-6.1;0.39;-6.18;0.47;-6.22;0.51;-6.25;0.54;-6.23;0.55;-6.23;0.55;-6.25
1283;21.3;27.3;0.5;8;100;6;Successful;Effective;No;No;No;No;No;No;0.0;-6.0;0.25;-6.1;0.39;-6.18;0.47;-6.22;0.51;-6.25;0.54;-6.23;0.55;-6.23;0.55;-6.25
1284;21.3;27.3;0.5;10;100;6;Successful;Effective;No;No;No;No;No;No;0.0;-6.0;0.25;-6.1;0.39;-6.18;0.47;-6.22;0.51;-6.25;0.54;-6.23;0.55;-6.23;0.55;-6.25
1285;21.3;27.3;0.5;5;80;7;Successful;Effective;No;No;No;No;No;No;0.0;-7.0;0.2;-7.11;0.32;-7.19;0.38;-7.24;0.41;-7.26;0.43;-7.23;0.44;-7.23;0.44;-7.25
1286;21.3;27.3;0.5;8;80;7;Successful;Effective;No;No;No;No;No;No;0.0;-7.0;0.2;-7.11;0.32;-7.19;0.38;-7.24;0.41;-7.26;0.43;-7.23;0.44;-7.23;0.44;-7.25
1287;21.3;27.3;0.5;10;80;7;Successful;Effective;No;No;No;No;No;No;0.0;-7.0;0.2;-7.11;0.32;-7.19;0.38;-7.24;0.41;-7.26;0.43;-7.23;0.44;-7.23;0.44;-7.25
1288;21.3;27.3;0.5;5;100;7;Successful;Effective;No;No;No;No;No;No;0.0;-7.0;0.25;-7.12;0.39;-7.2;0.47;-7.25;0.51;-7.27;0.54;-7.25;0.55;-7.25;0.55;-7.27
1289;21.3;27.3;0.5;8;100;7;Successful;Effective;No;No;No;No;No;No;0.0;-7.0;0.25;-7.12;0.39;-7.2;0.47;-7.25;0.51;-7.27;0.54;-7.25;0.55;-7.25;0.55;-7.27
1290;21.3;27.3;0.5;10;100;7;Successful;Effective;No;No;No;No;No;No;0.0;-7.0;0.25;-7.12;0.39;-7.2;0.47;-7.25;0.51;-7.27;0.54;-7.25;0.55;-7.25;0.55;-7.27
1291;21.3;27.3;0.5;5;80;8;Successful;Effective;No;No;No;No;No;No;0.0;-7.99;0.2;-8.13;0.32;-8.21;0.38;-8.26;0.41;-8.28;0.43;-8.25;0.44;-8.25;0.44;-8.27
1292;21.3;27.3;0.5;8;80;8;Successful;Effective;No;No;No;No;No;No;0.0;-7.99;0.2;-8.13;0.32;-8.21;0.38;-8.26;0.41;-8.28;0.43;-8.25;0.44;-8.25;0.44;-8.27
1293;21.3;27.3;0.5;10;80;8;Successful;Effective;No;No;No;No;No;No;0.0;-7.99;0.2;-8.13;0.32;-8.21;0.38;-8.26;0.41;-8.28;0.43;-8.25;0.44;-8.25;0.44;-8.27
1294;21.3;27.3;0.5;5;100;8;Successful;Effective;No;No;No;No;No;No;0.0;-8.0;0.25;-8.13;0.39;-8.22;0.47;-8.28;0.51;-8.3;0.54;-8.27;0.55;-8.27;0.55;-8.29
1295;21.3;27.3;0.5;8;100;8;Successful;Effective;No;No;No;No;No;No;0.0;-8.0;0.25;-8.13;0.39;-8.22;0.47;-8.28;0.51;-8.3;0.54;-8.27;0.55;-8.27;0.55;-8.29
1296;21.3;27.3;0.5;10;100;8;Successful;Effective;No;No;No;No;No;No;0.0;-8.0;0.25;-8.13;0.39;-8.22;0.47;-8.28;0.51;-8.3;0.54;-8.27;0.55;-8.27;0.55;-8.29
1297;21.4;27.4;0.5;5;80;5;Successful;Effective;No;No;No;No;No;No;0.0;-5.0;0.2;-5.08;0.32;-5.15;0.38;-5.19;0.41;-5.2;0.43;-5.19;0.44;-5.19;0.44;-5.2
1298;21.4;27.4;0.5;8;80;5;Successful;Effective;No;No;No;No;No;No;0.0;-5.0;0.2;-5.08;0.32;-5.15;0.38;-5.19;0.41;-5.2;0.43;-5.19;0.44;-5.19;0.44;-5.2
1299;21.4;27.4;0.5;10;80;5;Successful;Effective;No;No;No;No;No;No;0.0;-5.0;0.2;-5.08;0.32;-5.15;0.38;-5.19;0.41;-5.2;0.43;-5.19;0.44;-5.19;0.44;-5.2
1300;21.4;27.4;0.5;5;100;5;Successful;Effective;No;No;No;No;No;No;0.0;-5.0;0.25;-5.09;0.39;-5.16;0.47;-5.2;0.51;-5.22;0.54;-5.21;0.55;-5.21;0.55;-5.22
1301;21.4;27.4;0.5;8;100;5;Successful;Effective;No;No;No;No;No;No;0.0;-5.0;0.25;-5.09;0.39;-5.16;0.47;-5.2;0.51;-5.22;0.54;-5.21;0.55;-5.21;0.55;-5.22
1302;21.4;27.4;0.5;10;100;5;Successful;Effective;No;No;No;No;No;No;0.0;-5.0;0.25;-5.09;0.39;-5.16;0.47;-5.2;0.51;-5.22;0.54;-5.21;0.55;-5.21;0.55;-5.22
1303;21.4;27.4;0.5;5;80;6;Successful;Effective;No;No;No;No;No;No;0.0;-6.0;0.2;-6.1;0.32;-6.17;0.38;-6.21;0.41;-6.23;0.43;-6.21;0.44;-6.21;0.44;-6.22
1304;21.4;27.4;0.5;8;80;6;Successful;Effective;No;No;No;No;No;No;0.0;-6.0;0.2;-6.1;0.32;-6.17;0.38;-6.21;0.41;-6.23;0.43;-6.21;0.44;-6.21;0.44;-6.22
1305;21.4;27.4;0.5;10;80;6;Successful;Effective;No;No;No;No;No;No;0.0;-6.0;0.2;-6.1;0.32;-6.17;0.38;-6.21;0.41;-6.23;0.43;-6.21;0.44;-6.21;0.44;-6.22
1306;21.4;27.4;0.5;5;100;6;Successful;Effective;No;No;No;No;No;No;0.0;-6.0;0.25;-6.1;0.39;-6.18;0.47;-6.22;0.51;-6.25;0.54;-6.23;0.55;-6.23;0.55;-6.25
1307;21.4;27.4;0.5;8;100;6;Successful;Effective;No;No;No;No;No;No;0.0;-6.0;0.25;-6.1;0.39;-6.18;0.47;-6.22;0.51;-6.25;0.54;-6.23;0.55;-6.23;0.55;-6.25
1308;21.4;27.4;0.5;10;100;6;Successful;Effective;No;No;No;No;No;No;0.0;-6.0;0.25;-6.1;0.39;-6.18;0.47;-6.22;0.51;-6.25;0.54;-6.23;0.55;-6.23;0.55;-6.25
1309;21.4;27.4;0.5;5;80;7;Successful;Effective;No;No;No;No;No;No;0.0;-7.0;0.2;-7.11;0.32;-7.19;0.38;-7.24;0.41;-7.26;0.43;-7.23;0.44;-7.23;0.44;-7.25
1310;21.4;27.4;0.5;8;80;7;Successful;Effective;No;No;No;No;No;No;0.0;-7.0;0.2;-7.11;0.32;-7.19;0.38;-7.24;0.41;-7.26;0.43;-7.23;0.44;-7.23;0.44;-7.25
1311;21.4;27.4;0.5;10;80;7;Successful;Effective;No;No;No;No;No;No;0.0;-7.0;0.2;-7.11;0.32;-7.19;0.38;-7.24;0.41;-7.26;0.43;-7.23;0.44;-7.23;0.44;-7.25
1312;21.4;27.4;0.5;5;100;7;Successful;Effective;No;No;No;No;No;No;0.0;-7.0;0.25;-7.12;0.39;-7.2;0.47;-7.25;0.51;-7.27;0.54;-7.25;0.55;-7.25;0.55;-7.27
1313;21.4;27.4;0.5;8;100;7;Successful;Effective;No;No;No;No;No;No;0.0;-7.0;0.25;-7.12;0.39;-7.2;0.47;-7.25;0.51;-7.27;0.54;-7.25;0.55;-7.25;0.55;-7.27
1314;21.4;27.4;0.5;10;100;7;Successful;Effective;No;No;No;No;No;No;0.0;-7.0;0.25;-7.12;0.39;-7.2;0.47;-7.25;0.51;-7.27;0.54;-7.25;0.55;-7.25;0.55;-7.27
1315;21.4;27.4;0.5;5;80;8;Successful;Effective;No;No;No;No;No;No;0.0;-7.99;0.2;-8.13;0.32;-8.21;0.38;-8.26;0.41;-8.28;0.43;-8.25;0.44;-8.25;0.44;-8.27
1316;21.4;27.4;0.5;8;80;8;Successful;Effective;No;No;No;No;No;No;0.0;-7.99;0.2;-8.13;0.32;-8.21;0.38;-8.26;0.41;-8.28;0.43;-8.25;0.44;-8.25;0.44;-8.27
1317;21.4;27.4;0.5;10;80;8;Successful;Effective;No;No;No;No;No;No;0.0;-7.99;0.2;-8.13;0.32;-8.21;0.38;-8.26;0.41;-8.28;0.43;-8.25;0.44;-8.25;0.44;-8.27
1318;21.4;27.4;0.5;5;100;8;Successful;Effective;No;No;No;No;No;No;0.0;-8.0;0.25;-8.13;0.39;-8.22;0.47;-8.28;0.51;-8.3;0.54;-8.27;0.55;-8.27;0.55;-8.29
1319;21.4;27.4;0.5;8;100;8;Successful;Effective;No;No;No;No;No;No;0.0;-8.0;0.25;-8.13;0.39;-8.22;0.47;-8.28;0.51;-8.3;0.54;-8.27;0.55;-8.27;0.55;-8.29
1320;21.4;27.4;0.5;10;100;8;Successful;Effective;No;No;No;No;No;No;0.0;-8.0;0.25;-8.13;0.39;-8.22;0.47;-8.28;0.51;-8.3;0.54;-8.27;0.55;-8.27;0.55;-8.29
1321;21.5;27.5;0.5;5;80;5;Successful;Effective;No;No;No;No;No;No;0.0;-5.0;0.2;-5.08;0.32;-5.15;0.38;-5.19;0.41;-5.2;0.43;-5.19;0.44;-5.19;0.44;-5.2
1322;21.5;27.5;0.5;8;80;5;Successful;Effective;No;No;No;No;No;No;0.0;-5.0;0.2;-5.08;0.32;-5.15;0.38;-5.19;0.41;-5.2;0.43;-5.19;0.44;-5.19;0.44;-5.2
1323;21.5;27.5;0.5;10;80;5;Successful;Effective;No;No;No;No;No;No;0.0;-5.0;0.2;-5.08;0.32;-5.15;0.38;-5.19;0.41;-5.2;0.43;-5.19;0.44;-5.19;0.44;-5.2
1324;21.5;27.5;0.5;5;100;5;Successful;Effective;No;No;No;No;No;No;0.0;-5.0;0.25;-5.09;0.39;-5.16;0.47;-5.2;0.51;-5.22;0.54;-5.21;0.55;-5.21;0.55;-5.22
1325;21.5;27.5;0.5;8;100;5;Successful;Effective;No;No;No;No;No;No;0.0;-5.0;0.25;-5.09;0.39;-5.16;0.47;-5.2;0.51;-5.22;0.54;-5.21;0.55;-5.21;0.55;-5.22
1326;21.5;27.5;0.5;10;100;5;Successful;Effective;No;No;No;No;No;No;0.0;-5.0;0.25;-5.09;0.39;-5.16;0.47;-5.2;0.51;-5.22;0.54;-5.21;0.55;-5.21;0.55;-5.22
1327;21.5;27.5;0.5;5;80;6;Successful;Effective;No;No;No;No;No;No;0.0;-6.0;0.2;-6.1;0.32;-6.17;0.38;-6.21;0.41;-6.23;0.43;-6.21;0.44;-6.21;0.44;-6.22
1328;21.5;27.5;0.5;8;80;6;Successful;Effective;No;No;No;No;No;No;0.0;-6.0;0.2;-6.1;0.32;-6.17;0.38;-6.21;0.41;-6.23;0.43;-6.21;0.44;-6.21;0.44;-6.22
1329;21.5;27.5;0.5;10;80;6;Successful;Effective;No;No;No;No;No;No;0.0;-6.0;0.2;-6.1;0.32;-6.17;0.38;-6.21;0.41;-6.23;0.43;-6.21;0.44;-6.21;0.44;-6.22
1330;21.5;27.5;0.5;5;100;6;Successful;Effective;No;No;No;No;No;No;0.0;-6.0;0.25;-6.1;0.39;-6.18;0.47;-6.22;0.51;-6.25;0.54;-6.23;0.55;-6.23;0.55;-6.25
1331;21.5;27.5;0.5;8;100;6;Successful;Effective;No;No;No;No;No;No;0.0;-6.0;0.25;-6.1;0.39;-6.18;0.47;-6.22;0.51;-6.25;0.54;-6.23;0.55;-6.23;0.55;-6.25
1332;21.5;27.5;0.5;10;100;6;Successful;Effective;No;No;No;No;No;No;0.0;-6.0;0.25;-6.1;0.39;-6.18;0.47;-6.22;0.51;-6.25;0.54;-6.23;0.55;-6.23;0.55;-6.25
1333;21.5;27.5;0.5;5;80;7;Successful;Effective;No;No;No;No;No;No;0.0;-7.0;0.2;-7.11;0.32;-7.19;0.38;-7.24;0.41;-7.26;0.43;-7.23;0.44;-7.23;0.44;-7.25
1334;21.5;27.5;0.5;8;80;7;Successful;Effective;No;No;No;No;No;No;0.0;-7.0;0.2;-7.11;0.32;-7.19;0.38;-7.24;0.41;-7.26;0.43;-7.23;0.44;-7.23;0.44;-7.25
1335;21.5;27.5;0.5;10;80;7;Successful;Effective;No;No;No;No;No;No;0.0;-7.0;0.2;-7.11;0.32;-7.19;0.38;-7.24;0.41;-7.26;0.43;-7.23;0.44;-7.23;0.44;-7.25
1336;21.5;27.5;0.5;5;100;7;Successful;Effective;No;No;No;No;No;No;0.0;-7.0;0.25;-7.12;0.39;-7.2;0.47;-7.25;0.51;-7.27;0.54;-7.25;0.55;-7.25;0.55;-7.27
1337;21.5;27.5;0.5;8;100;7;Successful;Effective;No;No;No;No;No;No;0.0;-7.0;0.25;-7.12;0.39;-7.2;0.47;-7.25;0.51;-7.27;0.54;-7.25;0.55;-7.25;0.55;-7.27
1338;21.5;27.5;0.5;10;100;7;Successful;Effective;No;No;No;No;No;No;0.0;-7.0;0.25;-7.12;0.39;-7.2;0.47;-7.25;0.51;-7.27;0.54;-7.25;0.55;-7.25;0.55;-7.27
1339;21.5;27.5;0.5;5;80;8;Successful;Effective;No;No;No;No;No;No;0.0;-7.99;0.2;-8.13;0.32;-8.21;0.38;-8.26;0.41;-8.28;0.43;-8.25;0.44;-8.25;0.44;-8.27
1340;21.5;27.5;0.5;8;80;8;Successful;Effective;No;No;No;No;No;No;0.0;-7.99;0.2;-8.13;0.32;-8.21;0.38;-8.26;0.41;-8.28;0.43;-8.25;0.44;-8.25;0.44;-8.27
1341;21.5;27.5;0.5;10;80;8;Successful;Effective;No;No;No;No;No;No;0.0;-7.99;0.2;-8.13;0.32;-8.21;0.38;-8.26;0.41;-8.28;0.43;-8.25;0.44;-8.25;0.44;-8.27
1342;21.5;27.5;0.5;5;100;8;Successful;Effective;No;No;No;No;No;No;0.0;-8.0;0.25;-8.13;0.39;-8.22;0.47;-8.28;0.51;-8.3;0.54;-8.27;0.55;-8.27;0.55;-8.29
1343;21.5;27.5;0.5;8;100;8;Successful;Effective;No;No;No;No;No;No;0.0;-8.0;0.25;-8.13;0.39;-8.22;0.47;-8.28;0.51;-8.3;0.54;-8.27;0.55;-8.27;0.55;-8.29
1344;21.5;27.5;0.5;10;100;8;Successful;Effective;No;No;No;No;No;No;0.0;-8.0;0.25;-8.13;0.39;-8.22;0.47;-8.28;0.51;-8.3;0.54;-8.27;0.55;-8.27;0.55;-8.29
1345;21.6;27.6;0.5;5;80;5;Successful;Effective;No;No;No;No;No;No;0.0;-5.0;0.2;-5.08;0.32;-5.15;0.38;-5.19;0.41;-5.2;0.43;-5.19;0.44;-5.19;0.44;-5.2
1346;21.6;27.6;0.5;8;80;5;Successful;Effective;No;No;No;No;No;No;0.0;-5.0;0.2;-5.08;0.32;-5.15;0.38;-5.19;0.41;-5.2;0.43;-5.19;0.44;-5.19;0.44;-5.2
1347;21.6;27.6;0.5;10;80;5;Successful;Effective;No;No;No;No;No;No;0.0;-5.0;0.2;-5.08;0.32;-5.15;0.38;-5.19;0.41;-5.2;0.43;-5.19;0.44;-5.19;0.44;-5.2
1348;21.6;27.6;0.5;5;100;5;Successful;Effective;No;No;No;No;No;No;0.0;-5.0;0.25;-5.09;0.39;-5.16;0.47;-5.2;0.51;-5.22;0.54;-5.21;0.55;-5.21;0.55;-5.22
1349;21.6;27.6;0.5;8;100;5;Successful;Effective;No;No;No;No;No;No;0.0;-5.0;0.25;-5.09;0.39;-5.16;0.47;-5.2;0.51;-5.22;0.54;-5.21;0.55;-5.21;0.55;-5.22
1350;21.6;27.6;0.5;10;100;5;Successful;Effective;No;No;No;No;No;No;0.0;-5.0;0.25;-5.09;0.39;-5.16;0.47;-5.2;0.51;-5.22;0.54;-5.21;0.55;-5.21;0.55;-5.22
1351;21.6;27.6;0.5;5;80;6;Successful;Effective;No;No;No;No;No;No;0.0;-6.0;0.2;-6.1;0.32;-6.17;0.38;-6.21;0.41;-6.23;0.43;-6.21;0.44;-6.21;0.44;-6.22
1352;21.6;27.6;0.5;8;80;6;Successful;Effective;No;No;No;No;No;No;0.0;-6.0;0.2;-6.1;0.32;-6.17;0.38;-6.21;0.41;-6.23;0.43;-6.21;0.44;-6.21;0.44;-6.22
1353;21.6;27.6;0.5;10;80;6;Successful;Effective;No;No;No;No;No;No;0.0;-6.0;0.2;-6.1;0.32;-6.17;0.38;-6.21;0.41;-6.23;0.43;-6.21;0.44;-6.21;0.44;-6.22
1354;21.6;27.6;0.5;5;100;6;Successful;Effective;No;No;No;No;No;No;0.0;-6.0;0.25;-6.1;0.39;-6.18;0.47;-6.22;0.51;-6.25;0.54;-6.23;0.55;-6.23;0.55;-6.25
1355;21.6;27.6;0.5;8;100;6;Successful;Effective;No;No;No;No;No;No;0.0;-6.0;0.25;-6.1;0.39;-6.18;0.47;-6.22;0.51;-6.25;0.54;-6.23;0.55;-6.23;0.55;-6.25
1356;21.6;27.6;0.5;10;100;6;Successful;Effective;No;No;No;No;No;No;0.0;-6.0;0.25;-6.1;0.39;-6.18;0.47;-6.22;0.51;-6.25;0.54;-6.23;0.55;-6.23;0.55;-6.25
1357;21.6;27.6;0.5;5;80;7;Successful;Effective;No;No;No;No;No;No;0.0;-7.0;0.2;-7.11;0.32;-7.19;0.38;-7.24;0.41;-7.26;0.43;-7.23;0.44;-7.23;0.44;-7.25
1358;21.6;27.6;0.5;8;80;7;Successful;Effective;No;No;No;No;No;No;0.0;-7.0;0.2;-7.11;0.32;-7.19;0.38;-7.24;0.41;-7.26;0.43;-7.23;0.44;-7.23;0.44;-7.25
1359;21.6;27.6;0.5;10;80;7;Successful;Effective;No;No;No;No;No;No;0.0;-7.0;0.2;-7.11;0.32;-7.19;0.38;-7.24;0.41;-7.26;0.43;-7.23;0.44;-7.23;0.44;-7.25
1360;21.6;27.6;0.5;5;100;7;Successful;Effective;No;No;No;No;No;No;0.0;-7.0;0.25;-7.12;0.39;-7.2;0.47;-7.25;0.51;-7.27;0.54;-7.25;0.55;-7.25;0.55;-7.27
1361;21.6;27.6;0.5;8;100;7;Successful;Effective;No;No;No;No;No;No;0.0;-7.0;0.25;-7.12;0.39;-7.2;0.47;-7.25;0.51;-7.27;0.54;-7.25;0.55;-7.25;0.55;-7.27
1362;21.6;27.6;0.5;10;100;7;Successful;Effective;No;No;No;No;No;No;0.0;-7.0;0.25;-7.12;0.39;-7.2;0.47;-7.25;0.51;-7.27;0.54;-7.25;0.55;-7.25;0.55;-7.27
1363;21.6;27.6;0.5;5;80;8;Successful;Effective;No;No;No;No;No;No;0.0;-7.99;0.2;-8.13;0.32;-8.21;0.38;-8.26;0.41;-8.28;0.43;-8.25;0.44;-8.25;0.44;-8.27
1364;21.6;27.6;0.5;8;80;8;Successful;Effective;No;No;No;No;No;No;0.0;-7.99;0.2;-8.13;0.32;-8.21;0.38;-8.26;0.41;-8.28;0.43;-8.25;0.44;-8.25;0.44;-8.27
1365;21.6;27.6;0.5;10;80;8;Successful;Effective;No;No;No;No;No;No;0.0;-7.99;0.2;-8.13;0.32;-8.21;0.38;-8.26;0.41;-8.28;0.43;-8.25;0.44;-8.25;0.44;-8.27
1366;21.6;27.6;0.5;5;100;8;Successful;Effective;No;No;No;No;No;No;0.0;-8.0;0.25;-8.13;0.39;-8.22;0.47;-8.28;0.51;-8.3;0.54;-8.27;0.55;-8.27;0.55;-8.29
1367;21.6;27.6;0.5;8;100;8;Successful;Effective;No;No;No;No;No;No;0.0;-8.0;0.25;-8.13;0.39;-8.22;0.47;-8.28;0.51;-8.3;0.54;-8.27;0.55;-8.27;0.55;-8.29
1368;21.6;27.6;0.5;10;100;8;Successful;Effective;No;No;No;No;No;No;0.0;-8.0;0.25;-8.13;0.39;-8.22;0.47;-8.28;0.51;-8.3;0.54;-8.27;0.55;-8.27;0.55;-8.29
1369;21.7;27.7;0.5;5;80;5;Successful;Effective;No;No;No;No;No;No;0.0;-5.0;0.2;-5.08;0.32;-5.15;0.38;-5.19;0.41;-5.2;0.43;-5.19;0.44;-5.19;0.44;-5.2
1370;21.7;27.7;0.5;8;80;5;Successful;Effective;No;No;No;No;No;No;0.0;-5.0;0.2;-5.08;0.32;-5.15;0.38;-5.19;0.41;-5.2;0.43;-5.19;0.44;-5.19;0.44;-5.2
1371;21.7;27.7;0.5;10;80;5;Successful;Effective;No;No;No;No;No;No;0.0;-5.0;0.2;-5.08;0.32;-5.15;0.38;-5.19;0.41;-5.2;0.43;-5.19;0.44;-5.19;0.44;-5.2
1372;21.7;27.7;0.5;5;100;5;Successful;Effective;No;No;No;No;No;No;0.0;-5.0;0.25;-5.09;0.39;-5.16;0.47;-5.2;0.51;-5.22;0.54;-5.21;0.55;-5.21;0.55;-5.22
1373;21.7;27.7;0.5;8;100;5;Successful;Effective;No;No;No;No;No;No;0.0;-5.0;0.25;-5.09;0.39;-5.16;0.47;-5.2;0.51;-5.22;0.54;-5.21;0.55;-5.21;0.55;-5.22
1374;21.7;27.7;0.5;10;100;5;Successful;Effective;No;No;No;No;No;No;0.0;-5.0;0.25;-5.09;0.39;-5.16;0.47;-5.2;0.51;-5.22;0.54;-5.21;0.55;-5.21;0.55;-5.22
1375;21.7;27.7;0.5;5;80;6;Successful;Effective;No;No;No;No;No;No;0.0;-6.0;0.2;-6.1;0.32;-6.17;0.38;-6.21;0.41;-6.23;0.43;-6.21;0.44;-6.21;0.44;-6.22
1376;21.7;27.7;0.5;8;80;6;Successful;Effective;No;No;No;No;No;No;0.0;-6.0;0.2;-6.1;0.32;-6.17;0.38;-6.21;0.41;-6.23;0.43;-6.21;0.44;-6.21;0.44;-6.22
1377;21.7;27.7;0.5;10;80;6;Successful;Effective;No;No;No;No;No;No;0.0;-6.0;0.2;-6.1;0.32;-6.17;0.38;-6.21;0.41;-6.23;0.43;-6.21;0.44;-6.21;0.44;-6.22
1378;21.7;27.7;0.5;5;100;6;Successful;Effective;No;No;No;No;No;No;0.0;-6.0;0.25;-6.1;0.39;-6.18;0.47;-6.22;0.51;-6.25;0.54;-6.23;0.55;-6.23;0.55;-6.25
1379;21.7;27.7;0.5;8;100;6;Successful;Effective;No;No;No;No;No;No;0.0;-6.0;0.25;-6.1;0.39;-6.18;0.47;-6.22;0.51;-6.25;0.54;-6.23;0.55;-6.23;0.55;-6.25
1380;21.7;27.7;0.5;10;100;6;Successful;Effective;No;No;No;No;No;No;0.0;-6.0;0.25;-6.1;0.39;-6.18;0.47;-6.22;0.51;-6.25;0.54;-6.23;0.55;-6.23;0.55;-6.25
1381;21.7;27.7;0.5;5;80;7;Successful;Effective;No;No;No;No;No;No;0.0;-7.0;0.2;-7.11;0.32;-7.19;0.38;-7.24;0.41;-7.26;0.43;-7.23;0.44;-7.23;0.44;-7.25
1382;21.7;27.7;0.5;8;80;7;Successful;Effective;No;No;No;No;No;No;0.0;-7.0;0.2;-7.11;0.32;-7.19;0.38;-7.24;0.41;-7.26;0.43;-7.23;0.44;-7.23;0.44;-7.25
1383;21.7;27.7;0.5;10;80;7;Successful;Effective;No;No;No;No;No;No;0.0;-7.0;0.2;-7.11;0.32;-7.19;0.38;-7.24;0.41;-7.26;0.43;-7.23;0.44;-7.23;0.44;-7.25
1384;21.7;27.7;0.5;5;100;7;Successful;Effective;No;No;No;No;No;No;0.0;-7.0;0.25;-7.12;0.39;-7.2;0.47;-7.25;0.51;-7.27;0.54;-7.25;0.55;-7.25;0.55;-7.27
1385;21.7;27.7;0.5;8;100;7;Successful;Effective;No;No;No;No;No;No;0.0;-7.0;0.25;-7.12;0.39;-7.2;0.47;-7.25;0.51;-7.27;0.54;-7.25;0.55;-7.25;0.55;-7.27
1386;21.7;27.7;0.5;10;100;7;Successful;Effective;No;No;No;No;No;No;0.0;-7.0;0.25;-7.12;0.39;-7.2;0.47;-7.25;0.51;-7.27;0.54;-7.25;0.55;-7.25;0.55;-7.27
1387;21.7;27.7;0.5;5;80;8;Successful;Effective;No;No;No;No;No;No;0.0;-7.99;0.2;-8.13;0.32;-8.21;0.38;-8.26;0.41;-8.28;0.43;-8.25;0.44;-8.25;0.44;-8.27
1388;21.7;27.7;0.5;8;80;8;Successful;Effective;No;No;No;No;No;No;0.0;-7.99;0.2;-8.13;0.32;-8.21;0.38;-8.26;0.41;-8.28;0.43;-8.25;0.44;-8.25;0.44;-8.27
1389;21.7;27.7;0.5;10;80;8;Successful;Effective;No;No;No;No;No;No;0.0;-7.99;0.2;-8.13;0.32;-8.21;0.38;-8.26;0.41;-8.28;0.43;-8.25;0.44;-8.25;0.44;-8.27
1390;21.7;27.7;0.5;5;100;8;Successful;Effective;No;No;No;No;No;No;0.0;-8.0;0.25;-8.13;0.39;-8.22;0.47;-8.28;0.51;-8.3;0.54;-8.27;0.55;-8.27;0.55;-8.29
1391;21.7;27.7;0.5;8;100;8;Successful;Effective;No;No;No;No;No;No;0.0;-8.0;0.25;-8.13;0.39;-8.22;0.47;-8.28;0.51;-8.3;0.54;-8.27;0.55;-8.27;0.55;-8.29
1392;21.7;27.7;0.5;10;100;8;Successful;Effective;No;No;No;No;No;No;0.0;-8.0;0.25;-8.13;0.39;-8.22;0.47;-8.28;0.51;-8.3;0.54;-8.27;0.55;-8.27;0.55;-8.29
1393;21.8;27.8;0.5;5;80;5;Successful;Effective;No;No;No;No;No;No;0.0;-5.0;0.2;-5.08;0.32;-5.15;0.38;-5.19;0.41;-5.2;0.43;-5.19;0.44;-5.19;0.44;-5.2
1394;21.8;27.8;0.5;8;80;5;Successful;Effective;No;No;No;No;No;No;0.0;-5.0;0.2;-5.08;0.32;-5.15;0.38;-5.19;0.41;-5.2;0.43;-5.19;0.44;-5.19;0.44;-5.2
1395;21.8;27.8;0.5;10;80;5;Successful;Effective;No;No;No;No;No;No;0.0;-5.0;0.2;-5.08;0.32;-5.15;0.38;-5.19;0.41;-5.2;0.43;-5.19;0.44;-5.19;0.44;-5.2
1396;21.8;27.8;0.5;5;100;5;Successful;Effective;No;No;No;No;No;No;0.0;-5.0;0.25;-5.09;0.39;-5.16;0.47;-5.2;0.51;-5.22;0.54;-5.21;0.55;-5.21;0.55;-5.22
1397;21.8;27.8;0.5;8;100;5;Successful;Effective;No;No;No;No;No;No;0.0;-5.0;0.25;-5.09;0.39;-5.16;0.47;-5.2;0.51;-5.22;0.54;-5.21;0.55;-5.21;0.55;-5.22
1398;21.8;27.8;0.5;10;100;5;Successful;Effective;No;No;No;No;No;No;0.0;-5.0;0.25;-5.09;0.39;-5.16;0.47;-5.2;0.51;-5.22;0.54;-5.21;0.55;-5.21;0.55;-5.22
1399;21.8;27.8;0.5;5;80;6;Successful;Effective;No;No;No;No;No;No;0.0;-6.0;0.2;-6.1;0.32;-6.17;0.38;-6.21;0.41;-6.23;0.43;-6.21;0.44;-6.21;0.44;-6.22
1400;21.8;27.8;0.5;8;80;6;Successful;Effective;No;No;No;No;No;No;0.0;-6.0;0.2;-6.1;0.32;-6.17;0.38;-6.21;0.41;-6.23;0.43;-6.21;0.44;-6.21;0.44;-6.22
1401;21.8;27.8;0.5;10;80;6;Successful;Effective;No;No;No;No;No;No;0.0;-6.0;0.2;-6.1;0.32;-6.17;0.38;-6.21;0.41;-6.23;0.43;-6.21;0.44;-6.21;0.44;-6.22
1402;21.8;27.8;0.5;5;100;6;Successful;Effective;No;No;No;No;No;No;0.0;-6.0;0.25;-6.1;0.39;-6.18;0.47;-6.22;0.51;-6.25;0.54;-6.23;0.55;-6.23;0.55;-6.25
1403;21.8;27.8;0.5;8;100;6;Successful;Effective;No;No;No;No;No;No;0.0;-6.0;0.25;-6.1;0.39;-6.18;0.47;-6.22;0.51;-6.25;0.54;-6.23;0.55;-6.23;0.55;-6.25
1404;21.8;27.8;0.5;10;100;6;Successful;Effective;No;No;No;No;No;No;0.0;-6.0;0.25;-6.1;0.39;-6.18;0.47;-6.22;0.51;-6.25;0.54;-6.23;0.55;-6.23;0.55;-6.25
1405;21.8;27.8;0.5;5;80;7;Successful;Effective;No;No;No;No;No;No;0.0;-7.0;0.2;-7.11;0.32;-7.19;0.38;-7.24;0.41;-7.26;0.43;-7.23;0.44;-7.23;0.44;-7.25
1406;21.8;27.8;0.5;8;80;7;Successful;Effective;No;No;No;No;No;No;0.0;-7.0;0.2;-7.11;0.32;-7.19;0.38;-7.24;0.41;-7.26;0.43;-7.23;0.44;-7.23;0.44;-7.25
1407;21.8;27.8;0.5;10;80;7;Successful;Effective;No;No;No;No;No;No;0.0;-7.0;0.2;-7.11;0.32;-7.19;0.38;-7.24;0.41;-7.26;0.43;-7.23;0.44;-7.23;0.44;-7.25
1408;21.8;27.8;0.5;5;100;7;Successful;Effective;No;No;No;No;No;No;0.0;-7.0;0.25;-7.12;0.39;-7.2;0.47;-7.25;0.51;-7.27;0.54;-7.25;0.55;-7.25;0.55;-7.27
1409;21.8;27.8;0.5;8;100;7;Successful;Effective;No;No;No;No;No;No;0.0;-7.0;0.25;-7.12;0.39;-7.2;0.47;-7.25;0.51;-7.27;0.54;-7.25;0.55;-7.25;0.55;-7.27
1410;21.8;27.8;0.5;10;100;7;Successful;Effective;No;No;No;No;No;No;0.0;-7.0;0.25;-7.12;0.39;-7.2;0.47;-7.25;0.51;-7.27;0.54;-7.25;0.55;-7.25;0.55;-7.27
1411;21.8;27.8;0.5;5;80;8;Successful;Effective;No;No;No;No;No;No;0.0;-7.99;0.2;-8.13;0.32;-8.21;0.38;-8.26;0.41;-8.28;0.43;-8.25;0.44;-8.25;0.44;-8.27
1412;21.8;27.8;0.5;8;80;8;Successful;Effective;No;No;No;No;No;No;0.0;-7.99;0.2;-8.13;0.32;-8.21;0.38;-8.26;0.41;-8.28;0.43;-8.25;0.44;-8.25;0.44;-8.27
1413;21.8;27.8;0.5;10;80;8;Successful;Effective;No;No;No;No;No;No;0.0;-7.99;0.2;-8.13;0.32;-8.21;0.38;-8.26;0.41;-8.28;0.43;-8.25;0.44;-8.25;0.44;-8.27
1414;21.8;27.8;0.5;5;100;8;Successful;Effective;No;No;No;No;No;No;0.0;-8.0;0.25;-8.13;0.39;-8.22;0.47;-8.28;0.51;-8.3;0.54;-8.27;0.55;-8.27;0.55;-8.29
1415;21.8;27.8;0.5;8;100;8;Successful;Effective;No;No;No;No;No;No;0.0;-8.0;0.25;-8.13;0.39;-8.22;0.47;-8.28;0.51;-8.3;0.54;-8.27;0.55;-8.27;0.55;-8.29
1416;21.8;27.8;0.5;10;100;8;Successful;Effective;No;No;No;No;No;No;0.0;-8.0;0.25;-8.13;0.39;-8.22;0.47;-8.28;0.51;-8.3;0.54;-8.27;0.55;-8.27;0.55;-8.29
1417;21.9;27.9;0.5;5;80;5;Successful;Effective;No;No;No;No;No;No;0.0;-5.0;0.2;-5.08;0.32;-5.15;0.38;-5.19;0.41;-5.2;0.43;-5.19;0.44;-5.19;0.44;-5.2
1418;21.9;27.9;0.5;8;80;5;Successful;Effective;No;No;No;No;No;No;0.0;-5.0;0.2;-5.08;0.32;-5.15;0.38;-5.19;0.41;-5.2;0.43;-5.19;0.44;-5.19;0.44;-5.2
1419;21.9;27.9;0.5;10;80;5;Successful;Effective;No;No;No;No;No;No;0.0;-5.0;0.2;-5.08;0.32;-5.15;0.38;-5.19;0.41;-5.2;0.43;-5.19;0.44;-5.19;0.44;-5.2
1420;21.9;27.9;0.5;5;100;5;Successful;Effective;No;No;No;No;No;No;0.0;-5.0;0.25;-5.09;0.39;-5.16;0.47;-5.2;0.51;-5.22;0.54;-5.21;0.55;-5.21;0.55;-5.22
1421;21.9;27.9;0.5;8;100;5;Successful;Effective;No;No;No;No;No;No;0.0;-5.0;0.25;-5.09;0.39;-5.16;0.47;-5.2;0.51;-5.22;0.54;-5.21;0.55;-5.21;0.55;-5.22
1422;21.9;27.9;0.5;10;100;5;Successful;Effective;No;No;No;No;No;No;0.0;-5.0;0.25;-5.09;0.39;-5.16;0.47;-5.2;0.51;-5.22;0.54;-5.21;0.55;-5.21;0.55;-5.22
1423;21.9;27.9;0.5;5;80;6;Successful;Effective;No;No;No;No;No;No;0.0;-6.0;0.2;-6.1;0.32;-6.17;0.38;-6.21;0.41;-6.23;0.43;-6.21;0.44;-6.21;0.44;-6.22
1424;21.9;27.9;0.5;8;80;6;Successful;Effective;No;No;No;No;No;No;0.0;-6.0;0.2;-6.1;0.32;-6.17;0.38;-6.21;0.41;-6.23;0.43;-6.21;0.44;-6.21;0.44;-6.22
1425;21.9;27.9;0.5;10;80;6;Successful;Effective;No;No;No;No;No;No;0.0;-6.0;0.2;-6.1;0.32;-6.17;0.38;-6.21;0.41;-6.23;0.43;-6.21;0.44;-6.21;0.44;-6.22
1426;21.9;27.9;0.5;5;100;6;Successful;Effective;No;No;No;No;No;No;0.0;-6.0;0.25;-6.1;0.39;-6.18;0.47;-6.22;0.51;-6.25;0.54;-6.23;0.55;-6.23;0.55;-6.25
1427;21.9;27.9;0.5;8;100;6;Successful;Effective;No;No;No;No;No;No;0.0;-6.0;0.25;-6.1;0.39;-6.18;0.47;-6.22;0.51;-6.25;0.54;-6.23;0.55;-6.23;0.55;-6.25
1428;21.9;27.9;0.5;10;100;6;Successful;Effective;No;No;No;No;No;No;0.0;-6.0;0.25;-6.1;0.39;-6.18;0.47;-6.22;0.51;-6.25;0.54;-6.23;0.55;-6.23;0.55;-6.25
1429;21.9;27.9;0.5;5;80;7;Successful;Effective;No;No;No;No;No;No;0.0;-7.0;0.2;-7.11;0.32;-7.19;0.38;-7.24;0.41;-7.26;0.43;-7.23;0.44;-7.23;0.44;-7.25
1430;21.9;27.9;0.5;8;80;7;Successful;Effective;No;No;No;No;No;No;0.0;-7.0;0.2;-7.11;0.32;-7.19;0.38;-7.24;0.41;-7.26;0.43;-7.23;0.44;-7.23;0.44;-7.25
1431;21.9;27.9;0.5;10;80;7;Successful;Effective;No;No;No;No;No;No;0.0;-7.0;0.2;-7.11;0.32;-7.19;0.38;-7.24;0.41;-7.26;0.43;-7.23;0.44;-7.23;0.44;-7.25
1432;21.9;27.9;0.5;5;100;7;Successful;Effective;No;No;No;No;No;No;0.0;-7.0;0.25;-7.12;0.39;-7.2;0.47;-7.25;0.51;-7.27;0.54;-7.25;0.55;-7.25;0.55;-7.27
1433;21.9;27.9;0.5;8;100;7;Successful;Effective;No;No;No;No;No;No;0.0;-7.0;0.25;-7.12;0.39;-7.2;0.47;-7.25;0.51;-7.27;0.54;-7.25;0.55;-7.25;0.55;-7.27
1434;21.9;27.9;0.5;10;100;7;Successful;Effective;No;No;No;No;No;No;0.0;-7.0;0.25;-7.12;0.39;-7.2;0.47;-7.25;0.51;-7.27;0.54;-7.25;0.55;-7.25;0.55;-7.27
1435;21.9;27.9;0.5;5;80;8;Successful;Effective;No;No;No;No;No;No;0.0;-7.99;0.2;-8.13;0.32;-8.21;0.38;-8.26;0.41;-8.28;0.43;-8.25;0.44;-8.25;0.44;-8.27
1436;21.9;27.9;0.5;8;80;8;Successful;Effective;No;No;No;No;No;No;0.0;-7.99;0.2;-8.13;0.32;-8.21;0.38;-8.26;0.41;-8.28;0.43;-8.25;0.44;-8.25;0.44;-8.27
1437;21.9;27.9;0.5;10;80;8;Successful;Effective;No;No;No;No;No;No;0.0;-7.99;0.2;-8.13;0.32;-8.21;0.38;-8.26;0.41;-8.28;0.43;-8.25;0.44;-8.25;0.44;-8.27
1438;21.9;27.9;0.5;5;100;8;Successful;Effective;No;No;No;No;No;No;0.0;-8.0;0.25;-8.13;0.39;-8.22;0.47;-8.28;0.51;-8.3;0.54;-8.27;0.55;-8.27;0.55;-8.29
1439;21.9;27.9;0.5;8;100;8;Successful;Effective;No;No;No;No;No;No;0.0;-8.0;0.25;-8.13;0.39;-8.22;0.47;-8.28;0.51;-8.3;0.54;-8.27;0.55;-8.27;0.55;-8.29
1440;21.9;27.9;0.5;10;100;8;Successful;Effective;No;No;No;No;No;No;0.0;-8.0;0.25;-8.13;0.39;-8.22;0.47;-8.28;0.51;-8.3;0.54;-8.27;0.55;-8.27;0.55;-8.29
