Ex ID;Start_time;End_time;Injected_value;CACC_spacing;Leader_speed;Braking_deceleration;Run_status;Impact_status;Collision_state;Collision_time;collider;victim;Collision_pos;Collision_lane;Accel_0_max;Dcel_0_min;Accel_1_max;Dcel_1_min;Accel_2_max;Dcel_2_min;Accel_3_max;Dcel_3_min;Accel_4_max;Dcel_4_min;Accel_5_max;Dcel_5_min;Accel_6_max;Dcel_6_min;Accel_7_max;Dcel_7_min
1;16.0;22.0;0.5;5;80;5;Successful;Effective;collision;20.82;vtypeauto.1;vtypeauto.0;479.03;edge_0_0_0;0.0;-5.0;0.2;-5.8;0.32;-6.22;0.38;-6.37;0.41;-6.37;;;;;;
2;16.0;22.0;0.5;8;80;5;Successful;Effective;No;No;No;No;No;No;0.0;-5.0;0.2;-5.8;0.32;-6.22;0.38;-6.37;0.41;-6.37;;;;;;
3;16.0;22.0;0.5;10;80;5;Successful;Effective;No;No;No;No;No;No;0.0;-5.0;0.2;-5.8;0.32;-6.22;0.38;-6.37;0.41;-6.37;;;;;;
4;16.0;22.0;0.5;5;100;5;Successful;Effective;collision;21.04;vtypeauto.1;vtypeauto.0;598.13;edge_0_0_0;0.0;-5.0;0.25;-5.8;0.39;-6.23;0.47;-6.39;0.51;-6.39;;;;;;
5;16.0;22.0;0.5;8;100;5;Successful;Effective;No;No;No;No;No;No;0.0;-5.0;0.25;-5.8;0.39;-6.23;0.47;-6.39;0.51;-6.39;;;;;;
6;16.0;22.0;0.5;10;100;5;Successful;Effective;No;No;No;No;No;No;0.0;-5.0;0.25;-5.8;0.39;-6.23;0.47;-6.39;0.51;-6.39;;;;;;
7;16.0;22.0;0.5;5;80;6;Successful;Effective;collision;19.94;vtypeauto.1;vtypeauto.0;469.08;edge_0_0_0;0.0;-6.0;0.2;-6.95;0.32;-7.45;0.38;-7.64;0.41;-7.63;;;;;;
8;16.0;22.0;0.5;8;80;6;Successful;Effective;No;No;No;No;No;No;0.0;-6.0;0.2;-6.95;0.32;-7.45;0.38;-7.64;0.41;-7.63;;;;;;
9;16.0;22.0;0.5;10;80;6;Successful;Effective;No;No;No;No;No;No;0.0;-6.0;0.2;-6.95;0.32;-7.45;0.38;-7.64;0.41;-7.63;;;;;;
10;16.0;22.0;0.5;5;100;6;Successful;Effective;collision;20.05;vtypeauto.1;vtypeauto.0;582.37;edge_0_0_0;0.0;-6.0;0.25;-6.96;0.39;-7.46;0.47;-7.65;0.51;-7.65;;;;;;
11;16.0;22.0;0.5;8;100;6;Successful;Effective;No;No;No;No;No;No;0.0;-6.0;0.25;-6.96;0.39;-7.46;0.47;-7.65;0.51;-7.65;;;;;;
12;16.0;22.0;0.5;10;100;6;Successful;Effective;No;No;No;No;No;No;0.0;-6.0;0.25;-6.96;0.39;-7.46;0.47;-7.65;0.51;-7.65;;;;;;
13;16.0;22.0;0.5;5;80;7;Successful;Effective;collision;19.51;vtypeauto.1;vtypeauto.0;463.16;edge_0_0_0;0.0;-7.0;0.2;-8.11;0.32;-8.69;0.38;-8.9;0.41;-8.89;;;;;;
14;16.0;22.0;0.5;8;80;7;Successful;Effective;No;No;No;No;No;No;0.0;-7.0;0.2;-8.11;0.32;-8.69;0.38;-8.9;0.41;-8.89;;;;;;
15;16.0;22.0;0.5;10;80;7;Successful;Effective;No;No;No;No;No;No;0.0;-7.0;0.2;-8.11;0.32;-8.69;0.38;-8.9;0.41;-8.89;;;;;;
16;16.0;22.0;0.5;5;100;7;Successful;Effective;collision;19.59;vtypeauto.1;vtypeauto.0;573.72;edge_0_0_0;0.0;-7.0;0.25;-8.11;0.39;-8.7;0.47;-8.92;0.51;-8.91;;;;;;
17;16.0;22.0;0.5;8;100;7;Successful;Effective;No;No;No;No;No;No;0.0;-7.0;0.25;-8.11;0.39;-8.7;0.47;-8.92;0.51;-8.91;;;;;;
18;16.0;22.0;0.5;10;100;7;Successful;Effective;No;No;No;No;No;No;0.0;-7.0;0.25;-8.11;0.39;-8.7;0.47;-8.92;0.51;-8.91;;;;;;
19;16.0;22.0;0.5;5;80;8;Successful;Effective;collision;19.23;vtypeauto.1;vtypeauto.0;459.00;edge_0_0_0;0.0;-7.99;0.2;-9.0;0.32;-9.0;0.38;-9.0;0.41;-9.0;;;;;;
20;16.0;22.0;0.5;8;80;8;Successful;Effective;No;No;No;No;No;No;0.0;-7.99;0.2;-9.0;0.32;-9.0;0.38;-9.0;0.41;-9.0;;;;;;
21;16.0;22.0;0.5;10;80;8;Successful;Effective;No;No;No;No;No;No;0.0;-7.99;0.2;-9.0;0.32;-9.0;0.38;-9.0;0.41;-9.0;;;;;;
22;16.0;22.0;0.5;5;100;8;Successful;Effective;collision;19.29;vtypeauto.1;vtypeauto.0;567.74;edge_0_0_0;0.0;-8.0;0.25;-9.0;0.39;-9.0;0.47;-9.0;0.51;-9.0;;;;;;
23;16.0;22.0;0.5;8;100;8;Successful;Effective;collision;20.51;vtypeauto.1;vtypeauto.0;589.98;edge_0_0_0;0.0;-8.0;0.25;-9.0;0.39;-9.0;0.47;-9.0;0.51;-9.0;;;;;;
24;16.0;22.0;0.5;10;100;8;Successful;Effective;No;No;No;No;No;No;0.0;-8.0;0.25;-9.0;0.39;-9.0;0.47;-9.0;0.51;-9.0;;;;;;
25;16.1;22.1;0.5;5;80;5;Successful;Effective;collision;20.82;vtypeauto.1;vtypeauto.0;479.03;edge_0_0_0;0.0;-5.0;0.2;-5.8;0.32;-6.22;0.38;-6.37;0.41;-6.37;;;;;;
26;16.1;22.1;0.5;8;80;5;Successful;Effective;No;No;No;No;No;No;0.0;-5.0;0.2;-5.8;0.32;-6.22;0.38;-6.37;0.41;-6.37;;;;;;
27;16.1;22.1;0.5;10;80;5;Successful;Effective;No;No;No;No;No;No;0.0;-5.0;0.2;-5.8;0.32;-6.22;0.38;-6.37;0.41;-6.37;;;;;;
28;16.1;22.1;0.5;5;100;5;Successful;Effective;collision;21.04;vtypeauto.1;vtypeauto.0;598.13;edge_0_0_0;0.0;-5.0;0.25;-5.8;0.39;-6.23;0.47;-6.39;0.51;-6.39;;;;;;
29;16.1;22.1;0.5;8;100;5;Successful;Effective;No;No;No;No;No;No;0.0;-5.0;0.25;-5.8;0.39;-6.23;0.47;-6.39;0.51;-6.39;;;;;;
30;16.1;22.1;0.5;10;100;5;Successful;Effective;No;No;No;No;No;No;0.0;-5.0;0.25;-5.8;0.39;-6.23;0.47;-6.39;0.51;-6.39;;;;;;
31;16.1;22.1;0.5;5;80;6;Successful;Effective;collision;19.94;vtypeauto.1;vtypeauto.0;469.08;edge_0_0_0;0.0;-6.0;0.2;-6.95;0.32;-7.45;0.38;-7.64;0.41;-7.63;;;;;;
32;16.1;22.1;0.5;8;80;6;Successful;Effective;No;No;No;No;No;No;0.0;-6.0;0.2;-6.95;0.32;-7.45;0.38;-7.64;0.41;-7.63;;;;;;
33;16.1;22.1;0.5;10;80;6;Successful;Effective;No;No;No;No;No;No;0.0;-6.0;0.2;-6.95;0.32;-7.45;0.38;-7.64;0.41;-7.63;;;;;;
34;16.1;22.1;0.5;5;100;6;Successful;Effective;collision;20.05;vtypeauto.1;vtypeauto.0;582.37;edge_0_0_0;0.0;-6.0;0.25;-6.96;0.39;-7.46;0.47;-7.65;0.51;-7.65;;;;;;
35;16.1;22.1;0.5;8;100;6;Successful;Effective;No;No;No;No;No;No;0.0;-6.0;0.25;-6.96;0.39;-7.46;0.47;-7.65;0.51;-7.65;;;;;;
36;16.1;22.1;0.5;10;100;6;Successful;Effective;No;No;No;No;No;No;0.0;-6.0;0.25;-6.96;0.39;-7.46;0.47;-7.65;0.51;-7.65;;;;;;
37;16.1;22.1;0.5;5;80;7;Successful;Effective;collision;19.51;vtypeauto.1;vtypeauto.0;463.16;edge_0_0_0;0.0;-7.0;0.2;-8.11;0.32;-8.69;0.38;-8.9;0.41;-8.89;;;;;;
38;16.1;22.1;0.5;8;80;7;Successful;Effective;No;No;No;No;No;No;0.0;-7.0;0.2;-8.11;0.32;-8.69;0.38;-8.9;0.41;-8.89;;;;;;
39;16.1;22.1;0.5;10;80;7;Successful;Effective;No;No;No;No;No;No;0.0;-7.0;0.2;-8.11;0.32;-8.69;0.38;-8.9;0.41;-8.89;;;;;;
40;16.1;22.1;0.5;5;100;7;Successful;Effective;collision;19.59;vtypeauto.1;vtypeauto.0;573.72;edge_0_0_0;0.0;-7.0;0.25;-8.11;0.39;-8.7;0.47;-8.92;0.51;-8.91;;;;;;
41;16.1;22.1;0.5;8;100;7;Successful;Effective;No;No;No;No;No;No;0.0;-7.0;0.25;-8.11;0.39;-8.7;0.47;-8.92;0.51;-8.91;;;;;;
42;16.1;22.1;0.5;10;100;7;Successful;Effective;No;No;No;No;No;No;0.0;-7.0;0.25;-8.11;0.39;-8.7;0.47;-8.92;0.51;-8.91;;;;;;
43;16.1;22.1;0.5;5;80;8;Successful;Effective;collision;19.23;vtypeauto.1;vtypeauto.0;459.00;edge_0_0_0;0.0;-7.99;0.2;-9.0;0.32;-9.0;0.38;-9.0;0.41;-9.0;;;;;;
44;16.1;22.1;0.5;8;80;8;Successful;Effective;No;No;No;No;No;No;0.0;-7.99;0.2;-9.0;0.32;-9.0;0.38;-9.0;0.41;-9.0;;;;;;
45;16.1;22.1;0.5;10;80;8;Successful;Effective;No;No;No;No;No;No;0.0;-7.99;0.2;-9.0;0.32;-9.0;0.38;-9.0;0.41;-9.0;;;;;;
46;16.1;22.1;0.5;5;100;8;Successful;Effective;collision;19.29;vtypeauto.1;vtypeauto.0;567.74;edge_0_0_0;0.0;-8.0;0.25;-9.0;0.39;-9.0;0.47;-9.0;0.51;-9.0;;;;;;
47;16.1;22.1;0.5;8;100;8;Successful;Effective;collision;20.51;vtypeauto.1;vtypeauto.0;589.98;edge_0_0_0;0.0;-8.0;0.25;-9.0;0.39;-9.0;0.47;-9.0;0.51;-9.0;;;;;;
48;16.1;22.1;0.5;10;100;8;Successful;Effective;No;No;No;No;No;No;0.0;-8.0;0.25;-9.0;0.39;-9.0;0.47;-9.0;0.51;-9.0;;;;;;
49;16.2;22.2;0.5;5;80;5;Successful;Effective;collision;20.82;vtypeauto.1;vtypeauto.0;479.03;edge_0_0_0;0.0;-5.0;0.2;-5.8;0.32;-6.22;0.38;-6.37;0.41;-6.37;;;;;;
50;16.2;22.2;0.5;8;80;5;Successful;Effective;No;No;No;No;No;No;0.0;-5.0;0.2;-5.8;0.32;-6.22;0.38;-6.37;0.41;-6.37;;;;;;
51;16.2;22.2;0.5;10;80;5;Successful;Effective;No;No;No;No;No;No;0.0;-5.0;0.2;-5.8;0.32;-6.22;0.38;-6.37;0.41;-6.37;;;;;;
52;16.2;22.2;0.5;5;100;5;Successful;Effective;collision;21.04;vtypeauto.1;vtypeauto.0;598.13;edge_0_0_0;0.0;-5.0;0.25;-5.8;0.39;-6.23;0.47;-6.39;0.51;-6.39;;;;;;
53;16.2;22.2;0.5;8;100;5;Successful;Effective;No;No;No;No;No;No;0.0;-5.0;0.25;-5.8;0.39;-6.23;0.47;-6.39;0.51;-6.39;;;;;;
54;16.2;22.2;0.5;10;100;5;Successful;Effective;No;No;No;No;No;No;0.0;-5.0;0.25;-5.8;0.39;-6.23;0.47;-6.39;0.51;-6.39;;;;;;
55;16.2;22.2;0.5;5;80;6;Successful;Effective;collision;19.94;vtypeauto.1;vtypeauto.0;469.08;edge_0_0_0;0.0;-6.0;0.2;-6.95;0.32;-7.45;0.38;-7.64;0.41;-7.63;;;;;;
56;16.2;22.2;0.5;8;80;6;Successful;Effective;No;No;No;No;No;No;0.0;-6.0;0.2;-6.95;0.32;-7.45;0.38;-7.64;0.41;-7.63;;;;;;
57;16.2;22.2;0.5;10;80;6;Successful;Effective;No;No;No;No;No;No;0.0;-6.0;0.2;-6.95;0.32;-7.45;0.38;-7.64;0.41;-7.63;;;;;;
58;16.2;22.2;0.5;5;100;6;Successful;Effective;collision;20.05;vtypeauto.1;vtypeauto.0;582.37;edge_0_0_0;0.0;-6.0;0.25;-6.96;0.39;-7.46;0.47;-7.65;0.51;-7.65;;;;;;
59;16.2;22.2;0.5;8;100;6;Successful;Effective;No;No;No;No;No;No;0.0;-6.0;0.25;-6.96;0.39;-7.46;0.47;-7.65;0.51;-7.65;;;;;;
60;16.2;22.2;0.5;10;100;6;Successful;Effective;No;No;No;No;No;No;0.0;-6.0;0.25;-6.96;0.39;-7.46;0.47;-7.65;0.51;-7.65;;;;;;
61;16.2;22.2;0.5;5;80;7;Successful;Effective;collision;19.51;vtypeauto.1;vtypeauto.0;463.16;edge_0_0_0;0.0;-7.0;0.2;-8.11;0.32;-8.69;0.38;-8.9;0.41;-8.89;;;;;;
62;16.2;22.2;0.5;8;80;7;Successful;Effective;No;No;No;No;No;No;0.0;-7.0;0.2;-8.11;0.32;-8.69;0.38;-8.9;0.41;-8.89;;;;;;
63;16.2;22.2;0.5;10;80;7;Successful;Effective;No;No;No;No;No;No;0.0;-7.0;0.2;-8.11;0.32;-8.69;0.38;-8.9;0.41;-8.89;;;;;;
64;16.2;22.2;0.5;5;100;7;Successful;Effective;collision;19.59;vtypeauto.1;vtypeauto.0;573.72;edge_0_0_0;0.0;-7.0;0.25;-8.11;0.39;-8.7;0.47;-8.92;0.51;-8.91;;;;;;
65;16.2;22.2;0.5;8;100;7;Successful;Effective;No;No;No;No;No;No;0.0;-7.0;0.25;-8.11;0.39;-8.7;0.47;-8.92;0.51;-8.91;;;;;;
66;16.2;22.2;0.5;10;100;7;Successful;Effective;No;No;No;No;No;No;0.0;-7.0;0.25;-8.11;0.39;-8.7;0.47;-8.92;0.51;-8.91;;;;;;
67;16.2;22.2;0.5;5;80;8;Successful;Effective;collision;19.23;vtypeauto.1;vtypeauto.0;459.00;edge_0_0_0;0.0;-7.99;0.2;-9.0;0.32;-9.0;0.38;-9.0;0.41;-9.0;;;;;;
68;16.2;22.2;0.5;8;80;8;Successful;Effective;No;No;No;No;No;No;0.0;-7.99;0.2;-9.0;0.32;-9.0;0.38;-9.0;0.41;-9.0;;;;;;
69;16.2;22.2;0.5;10;80;8;Successful;Effective;No;No;No;No;No;No;0.0;-7.99;0.2;-9.0;0.32;-9.0;0.38;-9.0;0.41;-9.0;;;;;;
70;16.2;22.2;0.5;5;100;8;Successful;Effective;collision;19.29;vtypeauto.1;vtypeauto.0;567.74;edge_0_0_0;0.0;-8.0;0.25;-9.0;0.39;-9.0;0.47;-9.0;0.51;-9.0;;;;;;
71;16.2;22.2;0.5;8;100;8;Successful;Effective;collision;20.51;vtypeauto.1;vtypeauto.0;589.98;edge_0_0_0;0.0;-8.0;0.25;-9.0;0.39;-9.0;0.47;-9.0;0.51;-9.0;;;;;;
72;16.2;22.2;0.5;10;100;8;Successful;Effective;No;No;No;No;No;No;0.0;-8.0;0.25;-9.0;0.39;-9.0;0.47;-9.0;0.51;-9.0;;;;;;
73;16.3;22.3;0.5;5;80;5;Successful;Effective;collision;20.82;vtypeauto.1;vtypeauto.0;479.03;edge_0_0_0;0.0;-5.0;0.2;-5.8;0.32;-6.22;0.38;-6.37;0.41;-6.37;;;;;;
74;16.3;22.3;0.5;8;80;5;Successful;Effective;No;No;No;No;No;No;0.0;-5.0;0.2;-5.8;0.32;-6.22;0.38;-6.37;0.41;-6.37;;;;;;
75;16.3;22.3;0.5;10;80;5;Successful;Effective;No;No;No;No;No;No;0.0;-5.0;0.2;-5.8;0.32;-6.22;0.38;-6.37;0.41;-6.37;;;;;;
76;16.3;22.3;0.5;5;100;5;Successful;Effective;collision;21.04;vtypeauto.1;vtypeauto.0;598.13;edge_0_0_0;0.0;-5.0;0.25;-5.8;0.39;-6.23;0.47;-6.39;0.51;-6.39;;;;;;
77;16.3;22.3;0.5;8;100;5;Successful;Effective;No;No;No;No;No;No;0.0;-5.0;0.25;-5.8;0.39;-6.23;0.47;-6.39;0.51;-6.39;;;;;;
78;16.3;22.3;0.5;10;100;5;Successful;Effective;No;No;No;No;No;No;0.0;-5.0;0.25;-5.8;0.39;-6.23;0.47;-6.39;0.51;-6.39;;;;;;
79;16.3;22.3;0.5;5;80;6;Successful;Effective;collision;19.94;vtypeauto.1;vtypeauto.0;469.08;edge_0_0_0;0.0;-6.0;0.2;-6.95;0.32;-7.45;0.38;-7.64;0.41;-7.63;;;;;;
80;16.3;22.3;0.5;8;80;6;Successful;Effective;No;No;No;No;No;No;0.0;-6.0;0.2;-6.95;0.32;-7.45;0.38;-7.64;0.41;-7.63;;;;;;
81;16.3;22.3;0.5;10;80;6;Successful;Effective;No;No;No;No;No;No;0.0;-6.0;0.2;-6.95;0.32;-7.45;0.38;-7.64;0.41;-7.63;;;;;;
82;16.3;22.3;0.5;5;100;6;Successful;Effective;collision;20.05;vtypeauto.1;vtypeauto.0;582.37;edge_0_0_0;0.0;-6.0;0.25;-6.96;0.39;-7.46;0.47;-7.65;0.51;-7.65;;;;;;
83;16.3;22.3;0.5;8;100;6;Successful;Effective;No;No;No;No;No;No;0.0;-6.0;0.25;-6.96;0.39;-7.46;0.47;-7.65;0.51;-7.65;;;;;;
84;16.3;22.3;0.5;10;100;6;Successful;Effective;No;No;No;No;No;No;0.0;-6.0;0.25;-6.96;0.39;-7.46;0.47;-7.65;0.51;-7.65;;;;;;
85;16.3;22.3;0.5;5;80;7;Successful;Effective;collision;19.51;vtypeauto.1;vtypeauto.0;463.16;edge_0_0_0;0.0;-7.0;0.2;-8.11;0.32;-8.69;0.38;-8.9;0.41;-8.89;;;;;;
86;16.3;22.3;0.5;8;80;7;Successful;Effective;No;No;No;No;No;No;0.0;-7.0;0.2;-8.11;0.32;-8.69;0.38;-8.9;0.41;-8.89;;;;;;
87;16.3;22.3;0.5;10;80;7;Successful;Effective;No;No;No;No;No;No;0.0;-7.0;0.2;-8.11;0.32;-8.69;0.38;-8.9;0.41;-8.89;;;;;;
88;16.3;22.3;0.5;5;100;7;Successful;Effective;collision;19.59;vtypeauto.1;vtypeauto.0;573.72;edge_0_0_0;0.0;-7.0;0.25;-8.11;0.39;-8.7;0.47;-8.92;0.51;-8.91;;;;;;
89;16.3;22.3;0.5;8;100;7;Successful;Effective;No;No;No;No;No;No;0.0;-7.0;0.25;-8.11;0.39;-8.7;0.47;-8.92;0.51;-8.91;;;;;;
90;16.3;22.3;0.5;10;100;7;Successful;Effective;No;No;No;No;No;No;0.0;-7.0;0.25;-8.11;0.39;-8.7;0.47;-8.92;0.51;-8.91;;;;;;
91;16.3;22.3;0.5;5;80;8;Successful;Effective;collision;19.23;vtypeauto.1;vtypeauto.0;459.00;edge_0_0_0;0.0;-7.99;0.2;-9.0;0.32;-9.0;0.38;-9.0;0.41;-9.0;;;;;;
92;16.3;22.3;0.5;8;80;8;Successful;Effective;No;No;No;No;No;No;0.0;-7.99;0.2;-9.0;0.32;-9.0;0.38;-9.0;0.41;-9.0;;;;;;
93;16.3;22.3;0.5;10;80;8;Successful;Effective;No;No;No;No;No;No;0.0;-7.99;0.2;-9.0;0.32;-9.0;0.38;-9.0;0.41;-9.0;;;;;;
94;16.3;22.3;0.5;5;100;8;Successful;Effective;collision;19.29;vtypeauto.1;vtypeauto.0;567.74;edge_0_0_0;0.0;-8.0;0.25;-9.0;0.39;-9.0;0.47;-9.0;0.51;-9.0;;;;;;
95;16.3;22.3;0.5;8;100;8;Successful;Effective;collision;20.51;vtypeauto.1;vtypeauto.0;589.98;edge_0_0_0;0.0;-8.0;0.25;-9.0;0.39;-9.0;0.47;-9.0;0.51;-9.0;;;;;;
96;16.3;22.3;0.5;10;100;8;Successful;Effective;No;No;No;No;No;No;0.0;-8.0;0.25;-9.0;0.39;-9.0;0.47;-9.0;0.51;-9.0;;;;;;
97;16.4;22.4;0.5;5;80;5;Successful;Effective;collision;20.82;vtypeauto.1;vtypeauto.0;479.03;edge_0_0_0;0.0;-5.0;0.2;-5.8;0.32;-6.22;0.38;-6.37;0.41;-6.37;;;;;;
98;16.4;22.4;0.5;8;80;5;Successful;Effective;No;No;No;No;No;No;0.0;-5.0;0.2;-5.8;0.32;-6.22;0.38;-6.37;0.41;-6.37;;;;;;
99;16.4;22.4;0.5;10;80;5;Successful;Effective;No;No;No;No;No;No;0.0;-5.0;0.2;-5.8;0.32;-6.22;0.38;-6.37;0.41;-6.37;;;;;;
100;16.4;22.4;0.5;5;100;5;Successful;Effective;collision;21.04;vtypeauto.1;vtypeauto.0;598.13;edge_0_0_0;0.0;-5.0;0.25;-5.8;0.39;-6.23;0.47;-6.39;0.51;-6.39;;;;;;
101;16.4;22.4;0.5;8;100;5;Successful;Effective;No;No;No;No;No;No;0.0;-5.0;0.25;-5.8;0.39;-6.23;0.47;-6.39;0.51;-6.39;;;;;;
102;16.4;22.4;0.5;10;100;5;Successful;Effective;No;No;No;No;No;No;0.0;-5.0;0.25;-5.8;0.39;-6.23;0.47;-6.39;0.51;-6.39;;;;;;
103;16.4;22.4;0.5;5;80;6;Successful;Effective;collision;19.94;vtypeauto.1;vtypeauto.0;469.08;edge_0_0_0;0.0;-6.0;0.2;-6.95;0.32;-7.45;0.38;-7.64;0.41;-7.63;;;;;;
104;16.4;22.4;0.5;8;80;6;Successful;Effective;No;No;No;No;No;No;0.0;-6.0;0.2;-6.95;0.32;-7.45;0.38;-7.64;0.41;-7.63;;;;;;
105;16.4;22.4;0.5;10;80;6;Successful;Effective;No;No;No;No;No;No;0.0;-6.0;0.2;-6.95;0.32;-7.45;0.38;-7.64;0.41;-7.63;;;;;;
106;16.4;22.4;0.5;5;100;6;Successful;Effective;collision;20.05;vtypeauto.1;vtypeauto.0;582.37;edge_0_0_0;0.0;-6.0;0.25;-6.96;0.39;-7.46;0.47;-7.65;0.51;-7.65;;;;;;
107;16.4;22.4;0.5;8;100;6;Successful;Effective;No;No;No;No;No;No;0.0;-6.0;0.25;-6.96;0.39;-7.46;0.47;-7.65;0.51;-7.65;;;;;;
108;16.4;22.4;0.5;10;100;6;Successful;Effective;No;No;No;No;No;No;0.0;-6.0;0.25;-6.96;0.39;-7.46;0.47;-7.65;0.51;-7.65;;;;;;
109;16.4;22.4;0.5;5;80;7;Successful;Effective;collision;19.51;vtypeauto.1;vtypeauto.0;463.16;edge_0_0_0;0.0;-7.0;0.2;-8.11;0.32;-8.69;0.38;-8.9;0.41;-8.89;;;;;;
110;16.4;22.4;0.5;8;80;7;Successful;Effective;No;No;No;No;No;No;0.0;-7.0;0.2;-8.11;0.32;-8.69;0.38;-8.9;0.41;-8.89;;;;;;
111;16.4;22.4;0.5;10;80;7;Successful;Effective;No;No;No;No;No;No;0.0;-7.0;0.2;-8.11;0.32;-8.69;0.38;-8.9;0.41;-8.89;;;;;;
112;16.4;22.4;0.5;5;100;7;Successful;Effective;collision;19.59;vtypeauto.1;vtypeauto.0;573.72;edge_0_0_0;0.0;-7.0;0.25;-8.11;0.39;-8.7;0.47;-8.92;0.51;-8.91;;;;;;
113;16.4;22.4;0.5;8;100;7;Successful;Effective;No;No;No;No;No;No;0.0;-7.0;0.25;-8.11;0.39;-8.7;0.47;-8.92;0.51;-8.91;;;;;;
114;16.4;22.4;0.5;10;100;7;Successful;Effective;No;No;No;No;No;No;0.0;-7.0;0.25;-8.11;0.39;-8.7;0.47;-8.92;0.51;-8.91;;;;;;
115;16.4;22.4;0.5;5;80;8;Successful;Effective;collision;19.23;vtypeauto.1;vtypeauto.0;459.00;edge_0_0_0;0.0;-7.99;0.2;-9.0;0.32;-9.0;0.38;-9.0;0.41;-9.0;;;;;;
116;16.4;22.4;0.5;8;80;8;Successful;Effective;No;No;No;No;No;No;0.0;-7.99;0.2;-9.0;0.32;-9.0;0.38;-9.0;0.41;-9.0;;;;;;
117;16.4;22.4;0.5;10;80;8;Successful;Effective;No;No;No;No;No;No;0.0;-7.99;0.2;-9.0;0.32;-9.0;0.38;-9.0;0.41;-9.0;;;;;;
118;16.4;22.4;0.5;5;100;8;Successful;Effective;collision;19.29;vtypeauto.1;vtypeauto.0;567.74;edge_0_0_0;0.0;-8.0;0.25;-9.0;0.39;-9.0;0.47;-9.0;0.51;-9.0;;;;;;
119;16.4;22.4;0.5;8;100;8;Successful;Effective;collision;20.51;vtypeauto.1;vtypeauto.0;589.98;edge_0_0_0;0.0;-8.0;0.25;-9.0;0.39;-9.0;0.47;-9.0;0.51;-9.0;;;;;;
120;16.4;22.4;0.5;10;100;8;Successful;Effective;No;No;No;No;No;No;0.0;-8.0;0.25;-9.0;0.39;-9.0;0.47;-9.0;0.51;-9.0;;;;;;
121;16.5;22.5;0.5;5;80;5;Successful;Effective;collision;20.82;vtypeauto.1;vtypeauto.0;479.03;edge_0_0_0;0.0;-5.0;0.2;-5.8;0.32;-6.22;0.38;-6.37;0.41;-6.37;;;;;;
122;16.5;22.5;0.5;8;80;5;Successful;Effective;No;No;No;No;No;No;0.0;-5.0;0.2;-5.8;0.32;-6.22;0.38;-6.37;0.41;-6.37;;;;;;
123;16.5;22.5;0.5;10;80;5;Successful;Effective;No;No;No;No;No;No;0.0;-5.0;0.2;-5.8;0.32;-6.22;0.38;-6.37;0.41;-6.37;;;;;;
124;16.5;22.5;0.5;5;100;5;Successful;Effective;collision;21.04;vtypeauto.1;vtypeauto.0;598.13;edge_0_0_0;0.0;-5.0;0.25;-5.8;0.39;-6.23;0.47;-6.39;0.51;-6.39;;;;;;
125;16.5;22.5;0.5;8;100;5;Successful;Effective;No;No;No;No;No;No;0.0;-5.0;0.25;-5.8;0.39;-6.23;0.47;-6.39;0.51;-6.39;;;;;;
126;16.5;22.5;0.5;10;100;5;Successful;Effective;No;No;No;No;No;No;0.0;-5.0;0.25;-5.8;0.39;-6.23;0.47;-6.39;0.51;-6.39;;;;;;
127;16.5;22.5;0.5;5;80;6;Successful;Effective;collision;19.94;vtypeauto.1;vtypeauto.0;469.08;edge_0_0_0;0.0;-6.0;0.2;-6.95;0.32;-7.45;0.38;-7.64;0.41;-7.63;;;;;;
128;16.5;22.5;0.5;8;80;6;Successful;Effective;No;No;No;No;No;No;0.0;-6.0;0.2;-6.95;0.32;-7.45;0.38;-7.64;0.41;-7.63;;;;;;
129;16.5;22.5;0.5;10;80;6;Successful;Effective;No;No;No;No;No;No;0.0;-6.0;0.2;-6.95;0.32;-7.45;0.38;-7.64;0.41;-7.63;;;;;;
130;16.5;22.5;0.5;5;100;6;Successful;Effective;collision;20.05;vtypeauto.1;vtypeauto.0;582.37;edge_0_0_0;0.0;-6.0;0.25;-6.96;0.39;-7.46;0.47;-7.65;0.51;-7.65;;;;;;
131;16.5;22.5;0.5;8;100;6;Successful;Effective;No;No;No;No;No;No;0.0;-6.0;0.25;-6.96;0.39;-7.46;0.47;-7.65;0.51;-7.65;;;;;;
132;16.5;22.5;0.5;10;100;6;Successful;Effective;No;No;No;No;No;No;0.0;-6.0;0.25;-6.96;0.39;-7.46;0.47;-7.65;0.51;-7.65;;;;;;
133;16.5;22.5;0.5;5;80;7;Successful;Effective;collision;19.51;vtypeauto.1;vtypeauto.0;463.16;edge_0_0_0;0.0;-7.0;0.2;-8.11;0.32;-8.69;0.38;-8.9;0.41;-8.89;;;;;;
134;16.5;22.5;0.5;8;80;7;Successful;Effective;No;No;No;No;No;No;0.0;-7.0;0.2;-8.11;0.32;-8.69;0.38;-8.9;0.41;-8.89;;;;;;
135;16.5;22.5;0.5;10;80;7;Successful;Effective;No;No;No;No;No;No;0.0;-7.0;0.2;-8.11;0.32;-8.69;0.38;-8.9;0.41;-8.89;;;;;;
136;16.5;22.5;0.5;5;100;7;Successful;Effective;collision;19.59;vtypeauto.1;vtypeauto.0;573.72;edge_0_0_0;0.0;-7.0;0.25;-8.11;0.39;-8.7;0.47;-8.92;0.51;-8.91;;;;;;
137;16.5;22.5;0.5;8;100;7;Successful;Effective;No;No;No;No;No;No;0.0;-7.0;0.25;-8.11;0.39;-8.7;0.47;-8.92;0.51;-8.91;;;;;;
138;16.5;22.5;0.5;10;100;7;Successful;Effective;No;No;No;No;No;No;0.0;-7.0;0.25;-8.11;0.39;-8.7;0.47;-8.92;0.51;-8.91;;;;;;
139;16.5;22.5;0.5;5;80;8;Successful;Effective;collision;19.23;vtypeauto.1;vtypeauto.0;459.00;edge_0_0_0;0.0;-7.99;0.2;-9.0;0.32;-9.0;0.38;-9.0;0.41;-9.0;;;;;;
140;16.5;22.5;0.5;8;80;8;Successful;Effective;No;No;No;No;No;No;0.0;-7.99;0.2;-9.0;0.32;-9.0;0.38;-9.0;0.41;-9.0;;;;;;
141;16.5;22.5;0.5;10;80;8;Successful;Effective;No;No;No;No;No;No;0.0;-7.99;0.2;-9.0;0.32;-9.0;0.38;-9.0;0.41;-9.0;;;;;;
142;16.5;22.5;0.5;5;100;8;Successful;Effective;collision;19.29;vtypeauto.1;vtypeauto.0;567.74;edge_0_0_0;0.0;-8.0;0.25;-9.0;0.39;-9.0;0.47;-9.0;0.51;-9.0;;;;;;
143;16.5;22.5;0.5;8;100;8;Successful;Effective;collision;20.51;vtypeauto.1;vtypeauto.0;589.98;edge_0_0_0;0.0;-8.0;0.25;-9.0;0.39;-9.0;0.47;-9.0;0.51;-9.0;;;;;;
144;16.5;22.5;0.5;10;100;8;Successful;Effective;No;No;No;No;No;No;0.0;-8.0;0.25;-9.0;0.39;-9.0;0.47;-9.0;0.51;-9.0;;;;;;
145;16.6;22.6;0.5;5;80;5;Successful;Effective;collision;20.82;vtypeauto.1;vtypeauto.0;479.03;edge_0_0_0;0.0;-5.0;0.2;-5.8;0.32;-6.22;0.38;-6.37;0.41;-6.37;;;;;;
146;16.6;22.6;0.5;8;80;5;Successful;Effective;No;No;No;No;No;No;0.0;-5.0;0.2;-5.8;0.32;-6.22;0.38;-6.37;0.41;-6.37;;;;;;
147;16.6;22.6;0.5;10;80;5;Successful;Effective;No;No;No;No;No;No;0.0;-5.0;0.2;-5.8;0.32;-6.22;0.38;-6.37;0.41;-6.37;;;;;;
148;16.6;22.6;0.5;5;100;5;Successful;Effective;collision;21.04;vtypeauto.1;vtypeauto.0;598.13;edge_0_0_0;0.0;-5.0;0.25;-5.8;0.39;-6.23;0.47;-6.39;0.51;-6.39;;;;;;
149;16.6;22.6;0.5;8;100;5;Successful;Effective;No;No;No;No;No;No;0.0;-5.0;0.25;-5.8;0.39;-6.23;0.47;-6.39;0.51;-6.39;;;;;;
150;16.6;22.6;0.5;10;100;5;Successful;Effective;No;No;No;No;No;No;0.0;-5.0;0.25;-5.8;0.39;-6.23;0.47;-6.39;0.51;-6.39;;;;;;
151;16.6;22.6;0.5;5;80;6;Successful;Effective;collision;19.94;vtypeauto.1;vtypeauto.0;469.08;edge_0_0_0;0.0;-6.0;0.2;-6.95;0.32;-7.45;0.38;-7.64;0.41;-7.63;;;;;;
152;16.6;22.6;0.5;8;80;6;Successful;Effective;No;No;No;No;No;No;0.0;-6.0;0.2;-6.95;0.32;-7.45;0.38;-7.64;0.41;-7.63;;;;;;
153;16.6;22.6;0.5;10;80;6;Successful;Effective;No;No;No;No;No;No;0.0;-6.0;0.2;-6.95;0.32;-7.45;0.38;-7.64;0.41;-7.63;;;;;;
154;16.6;22.6;0.5;5;100;6;Successful;Effective;collision;20.05;vtypeauto.1;vtypeauto.0;582.37;edge_0_0_0;0.0;-6.0;0.25;-6.96;0.39;-7.46;0.47;-7.65;0.51;-7.65;;;;;;
155;16.6;22.6;0.5;8;100;6;Successful;Effective;No;No;No;No;No;No;0.0;-6.0;0.25;-6.96;0.39;-7.46;0.47;-7.65;0.51;-7.65;;;;;;
156;16.6;22.6;0.5;10;100;6;Successful;Effective;No;No;No;No;No;No;0.0;-6.0;0.25;-6.96;0.39;-7.46;0.47;-7.65;0.51;-7.65;;;;;;
157;16.6;22.6;0.5;5;80;7;Successful;Effective;collision;19.51;vtypeauto.1;vtypeauto.0;463.16;edge_0_0_0;0.0;-7.0;0.2;-8.11;0.32;-8.69;0.38;-8.9;0.41;-8.89;;;;;;
158;16.6;22.6;0.5;8;80;7;Successful;Effective;No;No;No;No;No;No;0.0;-7.0;0.2;-8.11;0.32;-8.69;0.38;-8.9;0.41;-8.89;;;;;;
159;16.6;22.6;0.5;10;80;7;Successful;Effective;No;No;No;No;No;No;0.0;-7.0;0.2;-8.11;0.32;-8.69;0.38;-8.9;0.41;-8.89;;;;;;
160;16.6;22.6;0.5;5;100;7;Successful;Effective;collision;19.59;vtypeauto.1;vtypeauto.0;573.72;edge_0_0_0;0.0;-7.0;0.25;-8.11;0.39;-8.7;0.47;-8.92;0.51;-8.91;;;;;;
161;16.6;22.6;0.5;8;100;7;Successful;Effective;No;No;No;No;No;No;0.0;-7.0;0.25;-8.11;0.39;-8.7;0.47;-8.92;0.51;-8.91;;;;;;
162;16.6;22.6;0.5;10;100;7;Successful;Effective;No;No;No;No;No;No;0.0;-7.0;0.25;-8.11;0.39;-8.7;0.47;-8.92;0.51;-8.91;;;;;;
163;16.6;22.6;0.5;5;80;8;Successful;Effective;collision;19.23;vtypeauto.1;vtypeauto.0;459.00;edge_0_0_0;0.0;-7.99;0.2;-9.0;0.32;-9.0;0.38;-9.0;0.41;-9.0;;;;;;
164;16.6;22.6;0.5;8;80;8;Successful;Effective;No;No;No;No;No;No;0.0;-7.99;0.2;-9.0;0.32;-9.0;0.38;-9.0;0.41;-9.0;;;;;;
165;16.6;22.6;0.5;10;80;8;Successful;Effective;No;No;No;No;No;No;0.0;-7.99;0.2;-9.0;0.32;-9.0;0.38;-9.0;0.41;-9.0;;;;;;
166;16.6;22.6;0.5;5;100;8;Successful;Effective;collision;19.29;vtypeauto.1;vtypeauto.0;567.74;edge_0_0_0;0.0;-8.0;0.25;-9.0;0.39;-9.0;0.47;-9.0;0.51;-9.0;;;;;;
167;16.6;22.6;0.5;8;100;8;Successful;Effective;collision;20.51;vtypeauto.1;vtypeauto.0;589.98;edge_0_0_0;0.0;-8.0;0.25;-9.0;0.39;-9.0;0.47;-9.0;0.51;-9.0;;;;;;
168;16.6;22.6;0.5;10;100;8;Successful;Effective;No;No;No;No;No;No;0.0;-8.0;0.25;-9.0;0.39;-9.0;0.47;-9.0;0.51;-9.0;;;;;;
169;16.7;22.7;0.5;5;80;5;Successful;Effective;collision;20.82;vtypeauto.1;vtypeauto.0;479.03;edge_0_0_0;0.0;-5.0;0.2;-5.8;0.32;-6.22;0.38;-6.37;0.41;-6.37;;;;;;
170;16.7;22.7;0.5;8;80;5;Successful;Effective;No;No;No;No;No;No;0.0;-5.0;0.2;-5.8;0.32;-6.22;0.38;-6.37;0.41;-6.37;;;;;;
171;16.7;22.7;0.5;10;80;5;Successful;Effective;No;No;No;No;No;No;0.0;-5.0;0.2;-5.8;0.32;-6.22;0.38;-6.37;0.41;-6.37;;;;;;
172;16.7;22.7;0.5;5;100;5;Successful;Effective;collision;21.04;vtypeauto.1;vtypeauto.0;598.13;edge_0_0_0;0.0;-5.0;0.25;-5.8;0.39;-6.23;0.47;-6.39;0.51;-6.39;;;;;;
173;16.7;22.7;0.5;8;100;5;Successful;Effective;No;No;No;No;No;No;0.0;-5.0;0.25;-5.8;0.39;-6.23;0.47;-6.39;0.51;-6.39;;;;;;
174;16.7;22.7;0.5;10;100;5;Successful;Effective;No;No;No;No;No;No;0.0;-5.0;0.25;-5.8;0.39;-6.23;0.47;-6.39;0.51;-6.39;;;;;;
175;16.7;22.7;0.5;5;80;6;Successful;Effective;collision;19.94;vtypeauto.1;vtypeauto.0;469.08;edge_0_0_0;0.0;-6.0;0.2;-6.95;0.32;-7.45;0.38;-7.64;0.41;-7.63;;;;;;
176;16.7;22.7;0.5;8;80;6;Successful;Effective;No;No;No;No;No;No;0.0;-6.0;0.2;-6.95;0.32;-7.45;0.38;-7.64;0.41;-7.63;;;;;;
177;16.7;22.7;0.5;10;80;6;Successful;Effective;No;No;No;No;No;No;0.0;-6.0;0.2;-6.95;0.32;-7.45;0.38;-7.64;0.41;-7.63;;;;;;
178;16.7;22.7;0.5;5;100;6;Successful;Effective;collision;20.05;vtypeauto.1;vtypeauto.0;582.37;edge_0_0_0;0.0;-6.0;0.25;-6.96;0.39;-7.46;0.47;-7.65;0.51;-7.65;;;;;;
179;16.7;22.7;0.5;8;100;6;Successful;Effective;No;No;No;No;No;No;0.0;-6.0;0.25;-6.96;0.39;-7.46;0.47;-7.65;0.51;-7.65;;;;;;
180;16.7;22.7;0.5;10;100;6;Successful;Effective;No;No;No;No;No;No;0.0;-6.0;0.25;-6.96;0.39;-7.46;0.47;-7.65;0.51;-7.65;;;;;;
181;16.7;22.7;0.5;5;80;7;Successful;Effective;collision;19.51;vtypeauto.1;vtypeauto.0;463.16;edge_0_0_0;0.0;-7.0;0.2;-8.11;0.32;-8.69;0.38;-8.9;0.41;-8.89;;;;;;
182;16.7;22.7;0.5;8;80;7;Successful;Effective;No;No;No;No;No;No;0.0;-7.0;0.2;-8.11;0.32;-8.69;0.38;-8.9;0.41;-8.89;;;;;;
183;16.7;22.7;0.5;10;80;7;Successful;Effective;No;No;No;No;No;No;0.0;-7.0;0.2;-8.11;0.32;-8.69;0.38;-8.9;0.41;-8.89;;;;;;
184;16.7;22.7;0.5;5;100;7;Successful;Effective;collision;19.59;vtypeauto.1;vtypeauto.0;573.72;edge_0_0_0;0.0;-7.0;0.25;-8.11;0.39;-8.7;0.47;-8.92;0.51;-8.91;;;;;;
185;16.7;22.7;0.5;8;100;7;Successful;Effective;No;No;No;No;No;No;0.0;-7.0;0.25;-8.11;0.39;-8.7;0.47;-8.92;0.51;-8.91;;;;;;
186;16.7;22.7;0.5;10;100;7;Successful;Effective;No;No;No;No;No;No;0.0;-7.0;0.25;-8.11;0.39;-8.7;0.47;-8.92;0.51;-8.91;;;;;;
187;16.7;22.7;0.5;5;80;8;Successful;Effective;collision;19.23;vtypeauto.1;vtypeauto.0;459.00;edge_0_0_0;0.0;-7.99;0.2;-9.0;0.32;-9.0;0.38;-9.0;0.41;-9.0;;;;;;
188;16.7;22.7;0.5;8;80;8;Successful;Effective;No;No;No;No;No;No;0.0;-7.99;0.2;-9.0;0.32;-9.0;0.38;-9.0;0.41;-9.0;;;;;;
189;16.7;22.7;0.5;10;80;8;Successful;Effective;No;No;No;No;No;No;0.0;-7.99;0.2;-9.0;0.32;-9.0;0.38;-9.0;0.41;-9.0;;;;;;
190;16.7;22.7;0.5;5;100;8;Successful;Effective;collision;19.29;vtypeauto.1;vtypeauto.0;567.74;edge_0_0_0;0.0;-8.0;0.25;-9.0;0.39;-9.0;0.47;-9.0;0.51;-9.0;;;;;;
191;16.7;22.7;0.5;8;100;8;Successful;Effective;collision;20.51;vtypeauto.1;vtypeauto.0;589.98;edge_0_0_0;0.0;-8.0;0.25;-9.0;0.39;-9.0;0.47;-9.0;0.51;-9.0;;;;;;
192;16.7;22.7;0.5;10;100;8;Successful;Effective;No;No;No;No;No;No;0.0;-8.0;0.25;-9.0;0.39;-9.0;0.47;-9.0;0.51;-9.0;;;;;;
193;16.8;22.8;0.5;5;80;5;Successful;Effective;collision;20.82;vtypeauto.1;vtypeauto.0;479.03;edge_0_0_0;0.0;-5.0;0.2;-5.8;0.32;-6.22;0.38;-6.37;0.41;-6.37;;;;;;
194;16.8;22.8;0.5;8;80;5;Successful;Effective;No;No;No;No;No;No;0.0;-5.0;0.2;-5.8;0.32;-6.22;0.38;-6.37;0.41;-6.37;;;;;;
195;16.8;22.8;0.5;10;80;5;Successful;Effective;No;No;No;No;No;No;0.0;-5.0;0.2;-5.8;0.32;-6.22;0.38;-6.37;0.41;-6.37;;;;;;
196;16.8;22.8;0.5;5;100;5;Successful;Effective;collision;21.04;vtypeauto.1;vtypeauto.0;598.13;edge_0_0_0;0.0;-5.0;0.25;-5.8;0.39;-6.23;0.47;-6.39;0.51;-6.39;;;;;;
197;16.8;22.8;0.5;8;100;5;Successful;Effective;No;No;No;No;No;No;0.0;-5.0;0.25;-5.8;0.39;-6.23;0.47;-6.39;0.51;-6.39;;;;;;
198;16.8;22.8;0.5;10;100;5;Successful;Effective;No;No;No;No;No;No;0.0;-5.0;0.25;-5.8;0.39;-6.23;0.47;-6.39;0.51;-6.39;;;;;;
199;16.8;22.8;0.5;5;80;6;Successful;Effective;collision;19.94;vtypeauto.1;vtypeauto.0;469.08;edge_0_0_0;0.0;-6.0;0.2;-6.95;0.32;-7.46;0.38;-7.64;0.41;-7.63;;;;;;
200;16.8;22.8;0.5;8;80;6;Successful;Effective;No;No;No;No;No;No;0.0;-6.0;0.2;-6.95;0.32;-7.46;0.38;-7.64;0.41;-7.63;;;;;;
201;16.8;22.8;0.5;10;80;6;Successful;Effective;No;No;No;No;No;No;0.0;-6.0;0.2;-6.95;0.32;-7.46;0.38;-7.64;0.41;-7.63;;;;;;
202;16.8;22.8;0.5;5;100;6;Successful;Effective;collision;20.05;vtypeauto.1;vtypeauto.0;582.37;edge_0_0_0;0.0;-6.0;0.25;-6.96;0.39;-7.46;0.47;-7.65;0.51;-7.65;;;;;;
203;16.8;22.8;0.5;8;100;6;Successful;Effective;No;No;No;No;No;No;0.0;-6.0;0.25;-6.96;0.39;-7.46;0.47;-7.65;0.51;-7.65;;;;;;
204;16.8;22.8;0.5;10;100;6;Successful;Effective;No;No;No;No;No;No;0.0;-6.0;0.25;-6.96;0.39;-7.46;0.47;-7.65;0.51;-7.65;;;;;;
205;16.8;22.8;0.5;5;80;7;Successful;Effective;collision;19.51;vtypeauto.1;vtypeauto.0;463.16;edge_0_0_0;0.0;-7.0;0.2;-8.11;0.32;-8.69;0.38;-8.9;0.41;-8.89;;;;;;
206;16.8;22.8;0.5;8;80;7;Successful;Effective;No;No;No;No;No;No;0.0;-7.0;0.2;-8.11;0.32;-8.69;0.38;-8.9;0.41;-8.89;;;;;;
207;16.8;22.8;0.5;10;80;7;Successful;Effective;No;No;No;No;No;No;0.0;-7.0;0.2;-8.11;0.32;-8.69;0.38;-8.9;0.41;-8.89;;;;;;
208;16.8;22.8;0.5;5;100;7;Successful;Effective;collision;19.59;vtypeauto.1;vtypeauto.0;573.72;edge_0_0_0;0.0;-7.0;0.25;-8.11;0.39;-8.7;0.47;-8.92;0.51;-8.91;;;;;;
209;16.8;22.8;0.5;8;100;7;Successful;Effective;No;No;No;No;No;No;0.0;-7.0;0.25;-8.11;0.39;-8.7;0.47;-8.92;0.51;-8.91;;;;;;
210;16.8;22.8;0.5;10;100;7;Successful;Effective;No;No;No;No;No;No;0.0;-7.0;0.25;-8.11;0.39;-8.7;0.47;-8.92;0.51;-8.91;;;;;;
211;16.8;22.8;0.5;5;80;8;Successful;Effective;collision;19.23;vtypeauto.1;vtypeauto.0;459.00;edge_0_0_0;0.0;-7.99;0.2;-9.0;0.32;-9.0;0.38;-9.0;0.41;-9.0;;;;;;
212;16.8;22.8;0.5;8;80;8;Successful;Effective;No;No;No;No;No;No;0.0;-7.99;0.2;-9.0;0.32;-9.0;0.38;-9.0;0.41;-9.0;;;;;;
213;16.8;22.8;0.5;10;80;8;Successful;Effective;No;No;No;No;No;No;0.0;-7.99;0.2;-9.0;0.32;-9.0;0.38;-9.0;0.41;-9.0;;;;;;
214;16.8;22.8;0.5;5;100;8;Successful;Effective;collision;19.29;vtypeauto.1;vtypeauto.0;567.74;edge_0_0_0;0.0;-8.0;0.25;-9.0;0.39;-9.0;0.47;-9.0;0.51;-9.0;;;;;;
215;16.8;22.8;0.5;8;100;8;Successful;Effective;collision;20.51;vtypeauto.1;vtypeauto.0;589.98;edge_0_0_0;0.0;-8.0;0.25;-9.0;0.39;-9.0;0.47;-9.0;0.51;-9.0;;;;;;
216;16.8;22.8;0.5;10;100;8;Successful;Effective;No;No;No;No;No;No;0.0;-8.0;0.25;-9.0;0.39;-9.0;0.47;-9.0;0.51;-9.0;;;;;;
217;16.9;22.9;0.5;5;80;5;Successful;Effective;collision;20.82;vtypeauto.1;vtypeauto.0;479.03;edge_0_0_0;0.0;-5.0;0.2;-5.8;0.32;-6.22;0.38;-6.37;0.41;-6.37;;;;;;
218;16.9;22.9;0.5;8;80;5;Successful;Effective;No;No;No;No;No;No;0.0;-5.0;0.2;-5.8;0.32;-6.22;0.38;-6.37;0.41;-6.37;;;;;;
219;16.9;22.9;0.5;10;80;5;Successful;Effective;No;No;No;No;No;No;0.0;-5.0;0.2;-5.8;0.32;-6.22;0.38;-6.37;0.41;-6.37;;;;;;
220;16.9;22.9;0.5;5;100;5;Successful;Effective;collision;21.04;vtypeauto.1;vtypeauto.0;598.13;edge_0_0_0;0.0;-5.0;0.25;-5.8;0.39;-6.23;0.47;-6.39;0.51;-6.39;;;;;;
221;16.9;22.9;0.5;8;100;5;Successful;Effective;No;No;No;No;No;No;0.0;-5.0;0.25;-5.8;0.39;-6.23;0.47;-6.39;0.51;-6.39;;;;;;
222;16.9;22.9;0.5;10;100;5;Successful;Effective;No;No;No;No;No;No;0.0;-5.0;0.25;-5.8;0.39;-6.23;0.47;-6.39;0.51;-6.39;;;;;;
223;16.9;22.9;0.5;5;80;6;Successful;Effective;collision;19.94;vtypeauto.1;vtypeauto.0;469.08;edge_0_0_0;0.0;-6.0;0.2;-6.95;0.32;-7.46;0.38;-7.64;0.41;-7.63;;;;;;
224;16.9;22.9;0.5;8;80;6;Successful;Effective;No;No;No;No;No;No;0.0;-6.0;0.2;-6.95;0.32;-7.46;0.38;-7.64;0.41;-7.63;;;;;;
225;16.9;22.9;0.5;10;80;6;Successful;Effective;No;No;No;No;No;No;0.0;-6.0;0.2;-6.95;0.32;-7.46;0.38;-7.64;0.41;-7.63;;;;;;
226;16.9;22.9;0.5;5;100;6;Successful;Effective;collision;20.05;vtypeauto.1;vtypeauto.0;582.37;edge_0_0_0;0.0;-6.0;0.25;-6.96;0.39;-7.46;0.47;-7.65;0.51;-7.65;;;;;;
227;16.9;22.9;0.5;8;100;6;Successful;Effective;No;No;No;No;No;No;0.0;-6.0;0.25;-6.96;0.39;-7.46;0.47;-7.65;0.51;-7.65;;;;;;
228;16.9;22.9;0.5;10;100;6;Successful;Effective;No;No;No;No;No;No;0.0;-6.0;0.25;-6.96;0.39;-7.46;0.47;-7.65;0.51;-7.65;;;;;;
229;16.9;22.9;0.5;5;80;7;Successful;Effective;collision;19.51;vtypeauto.1;vtypeauto.0;463.16;edge_0_0_0;0.0;-7.0;0.2;-8.11;0.32;-8.69;0.38;-8.9;0.41;-8.89;;;;;;
230;16.9;22.9;0.5;8;80;7;Successful;Effective;No;No;No;No;No;No;0.0;-7.0;0.2;-8.11;0.32;-8.69;0.38;-8.9;0.41;-8.89;;;;;;
231;16.9;22.9;0.5;10;80;7;Successful;Effective;No;No;No;No;No;No;0.0;-7.0;0.2;-8.11;0.32;-8.69;0.38;-8.9;0.41;-8.89;;;;;;
232;16.9;22.9;0.5;5;100;7;Successful;Effective;collision;19.59;vtypeauto.1;vtypeauto.0;573.72;edge_0_0_0;0.0;-7.0;0.25;-8.11;0.39;-8.7;0.47;-8.92;0.51;-8.91;;;;;;
233;16.9;22.9;0.5;8;100;7;Successful;Effective;No;No;No;No;No;No;0.0;-7.0;0.25;-8.11;0.39;-8.7;0.47;-8.92;0.51;-8.91;;;;;;
234;16.9;22.9;0.5;10;100;7;Successful;Effective;No;No;No;No;No;No;0.0;-7.0;0.25;-8.11;0.39;-8.7;0.47;-8.92;0.51;-8.91;;;;;;
235;16.9;22.9;0.5;5;80;8;Successful;Effective;collision;19.23;vtypeauto.1;vtypeauto.0;459.00;edge_0_0_0;0.0;-7.99;0.2;-9.0;0.32;-9.0;0.38;-9.0;0.41;-9.0;;;;;;
236;16.9;22.9;0.5;8;80;8;Successful;Effective;No;No;No;No;No;No;0.0;-7.99;0.2;-9.0;0.32;-9.0;0.38;-9.0;0.41;-9.0;;;;;;
237;16.9;22.9;0.5;10;80;8;Successful;Effective;No;No;No;No;No;No;0.0;-7.99;0.2;-9.0;0.32;-9.0;0.38;-9.0;0.41;-9.0;;;;;;
238;16.9;22.9;0.5;5;100;8;Successful;Effective;collision;19.29;vtypeauto.1;vtypeauto.0;567.74;edge_0_0_0;0.0;-8.0;0.25;-9.0;0.39;-9.0;0.47;-9.0;0.51;-9.0;;;;;;
239;16.9;22.9;0.5;8;100;8;Successful;Effective;collision;20.51;vtypeauto.1;vtypeauto.0;589.98;edge_0_0_0;0.0;-8.0;0.25;-9.0;0.39;-9.0;0.47;-9.0;0.51;-9.0;;;;;;
240;16.9;22.9;0.5;10;100;8;Successful;Effective;No;No;No;No;No;No;0.0;-8.0;0.25;-9.0;0.39;-9.0;0.47;-9.0;0.51;-9.0;;;;;;
241;17.0;23.0;0.5;5;80;5;Successful;Effective;collision;20.82;vtypeauto.1;vtypeauto.0;479.03;edge_0_0_0;0.0;-5.0;0.2;-5.8;0.32;-6.22;0.38;-6.37;0.41;-6.37;;;;;;
242;17.0;23.0;0.5;8;80;5;Successful;Effective;No;No;No;No;No;No;0.0;-5.0;0.2;-5.8;0.32;-6.22;0.38;-6.37;0.41;-6.37;;;;;;
243;17.0;23.0;0.5;10;80;5;Successful;Effective;No;No;No;No;No;No;0.0;-5.0;0.2;-5.8;0.32;-6.22;0.38;-6.37;0.41;-6.37;;;;;;
244;17.0;23.0;0.5;5;100;5;Successful;Effective;collision;21.04;vtypeauto.1;vtypeauto.0;598.13;edge_0_0_0;0.0;-5.0;0.25;-5.8;0.39;-6.23;0.47;-6.39;0.51;-6.39;;;;;;
245;17.0;23.0;0.5;8;100;5;Successful;Effective;No;No;No;No;No;No;0.0;-5.0;0.25;-5.8;0.39;-6.23;0.47;-6.39;0.51;-6.39;;;;;;
246;17.0;23.0;0.5;10;100;5;Successful;Effective;No;No;No;No;No;No;0.0;-5.0;0.25;-5.8;0.39;-6.23;0.47;-6.39;0.51;-6.39;;;;;;
247;17.0;23.0;0.5;5;80;6;Successful;Effective;collision;19.94;vtypeauto.1;vtypeauto.0;469.08;edge_0_0_0;0.0;-6.0;0.2;-6.95;0.32;-7.46;0.38;-7.64;0.41;-7.63;;;;;;
248;17.0;23.0;0.5;8;80;6;Successful;Effective;No;No;No;No;No;No;0.0;-6.0;0.2;-6.95;0.32;-7.46;0.38;-7.64;0.41;-7.63;;;;;;
249;17.0;23.0;0.5;10;80;6;Successful;Effective;No;No;No;No;No;No;0.0;-6.0;0.2;-6.95;0.32;-7.46;0.38;-7.64;0.41;-7.63;;;;;;
250;17.0;23.0;0.5;5;100;6;Successful;Effective;collision;20.05;vtypeauto.1;vtypeauto.0;582.37;edge_0_0_0;0.0;-6.0;0.25;-6.96;0.39;-7.46;0.47;-7.65;0.51;-7.65;;;;;;
251;17.0;23.0;0.5;8;100;6;Successful;Effective;No;No;No;No;No;No;0.0;-6.0;0.25;-6.96;0.39;-7.46;0.47;-7.65;0.51;-7.65;;;;;;
252;17.0;23.0;0.5;10;100;6;Successful;Effective;No;No;No;No;No;No;0.0;-6.0;0.25;-6.96;0.39;-7.46;0.47;-7.65;0.51;-7.65;;;;;;
253;17.0;23.0;0.5;5;80;7;Successful;Effective;collision;19.51;vtypeauto.1;vtypeauto.0;463.16;edge_0_0_0;0.0;-7.0;0.2;-8.11;0.32;-8.69;0.38;-8.9;0.41;-8.89;;;;;;
254;17.0;23.0;0.5;8;80;7;Successful;Effective;No;No;No;No;No;No;0.0;-7.0;0.2;-8.11;0.32;-8.69;0.38;-8.9;0.41;-8.89;;;;;;
255;17.0;23.0;0.5;10;80;7;Successful;Effective;No;No;No;No;No;No;0.0;-7.0;0.2;-8.11;0.32;-8.69;0.38;-8.9;0.41;-8.89;;;;;;
256;17.0;23.0;0.5;5;100;7;Successful;Effective;collision;19.59;vtypeauto.1;vtypeauto.0;573.72;edge_0_0_0;0.0;-7.0;0.25;-8.11;0.39;-8.7;0.47;-8.92;0.51;-8.91;;;;;;
257;17.0;23.0;0.5;8;100;7;Successful;Effective;No;No;No;No;No;No;0.0;-7.0;0.25;-8.11;0.39;-8.7;0.47;-8.92;0.51;-8.91;;;;;;
258;17.0;23.0;0.5;10;100;7;Successful;Effective;No;No;No;No;No;No;0.0;-7.0;0.25;-8.11;0.39;-8.7;0.47;-8.92;0.51;-8.91;;;;;;
259;17.0;23.0;0.5;5;80;8;Successful;Effective;collision;19.23;vtypeauto.1;vtypeauto.0;459.00;edge_0_0_0;0.0;-7.99;0.2;-9.0;0.32;-9.0;0.38;-9.0;0.41;-9.0;;;;;;
260;17.0;23.0;0.5;8;80;8;Successful;Effective;No;No;No;No;No;No;0.0;-7.99;0.2;-9.0;0.32;-9.0;0.38;-9.0;0.41;-9.0;;;;;;
261;17.0;23.0;0.5;10;80;8;Successful;Effective;No;No;No;No;No;No;0.0;-7.99;0.2;-9.0;0.32;-9.0;0.38;-9.0;0.41;-9.0;;;;;;
262;17.0;23.0;0.5;5;100;8;Successful;Effective;collision;19.29;vtypeauto.1;vtypeauto.0;567.74;edge_0_0_0;0.0;-8.0;0.25;-9.0;0.39;-9.0;0.47;-9.0;0.51;-9.0;;;;;;
263;17.0;23.0;0.5;8;100;8;Successful;Effective;collision;20.51;vtypeauto.1;vtypeauto.0;589.98;edge_0_0_0;0.0;-8.0;0.25;-9.0;0.39;-9.0;0.47;-9.0;0.51;-9.0;;;;;;
264;17.0;23.0;0.5;10;100;8;Successful;Effective;No;No;No;No;No;No;0.0;-8.0;0.25;-9.0;0.39;-9.0;0.47;-9.0;0.51;-9.0;;;;;;
265;17.1;23.1;0.5;5;80;5;Successful;Effective;No;No;No;No;No;No;0.0;-5.0;0.2;-5.15;0.32;-5.55;0.38;-5.77;0.41;-5.84;;;;;;
266;17.1;23.1;0.5;8;80;5;Successful;Effective;No;No;No;No;No;No;0.0;-5.0;0.2;-5.15;0.32;-5.55;0.38;-5.77;0.41;-5.84;;;;;;
267;17.1;23.1;0.5;10;80;5;Successful;Effective;No;No;No;No;No;No;0.0;-5.0;0.2;-5.15;0.32;-5.55;0.38;-5.77;0.41;-5.84;;;;;;
268;17.1;23.1;0.5;5;100;5;Successful;Effective;No;No;No;No;No;No;0.0;-5.0;0.25;-5.15;0.39;-5.56;0.47;-5.78;0.51;-5.86;;;;;;
269;17.1;23.1;0.5;8;100;5;Successful;Effective;No;No;No;No;No;No;0.0;-5.0;0.25;-5.15;0.39;-5.56;0.47;-5.78;0.51;-5.86;;;;;;
270;17.1;23.1;0.5;10;100;5;Successful;Effective;No;No;No;No;No;No;0.0;-5.0;0.25;-5.15;0.39;-5.56;0.47;-5.78;0.51;-5.86;;;;;;
271;17.1;23.1;0.5;5;80;6;Successful;Effective;No;No;No;No;No;No;0.0;-6.0;0.2;-6.17;0.32;-6.65;0.38;-6.91;0.41;-7.0;;;;;;
272;17.1;23.1;0.5;8;80;6;Successful;Effective;No;No;No;No;No;No;0.0;-6.0;0.2;-6.17;0.32;-6.65;0.38;-6.91;0.41;-7.0;;;;;;
273;17.1;23.1;0.5;10;80;6;Successful;Effective;No;No;No;No;No;No;0.0;-6.0;0.2;-6.17;0.32;-6.65;0.38;-6.91;0.41;-7.0;;;;;;
274;17.1;23.1;0.5;5;100;6;Successful;Effective;No;No;No;No;No;No;0.0;-6.0;0.25;-6.18;0.39;-6.66;0.47;-6.92;0.51;-7.01;;;;;;
275;17.1;23.1;0.5;8;100;6;Successful;Effective;No;No;No;No;No;No;0.0;-6.0;0.25;-6.18;0.39;-6.66;0.47;-6.92;0.51;-7.01;;;;;;
276;17.1;23.1;0.5;10;100;6;Successful;Effective;No;No;No;No;No;No;0.0;-6.0;0.25;-6.18;0.39;-6.66;0.47;-6.92;0.51;-7.01;;;;;;
277;17.1;23.1;0.5;5;80;7;Successful;Effective;No;No;No;No;No;No;0.0;-7.0;0.2;-7.2;0.32;-7.76;0.38;-8.05;0.41;-8.15;;;;;;
278;17.1;23.1;0.5;8;80;7;Successful;Effective;No;No;No;No;No;No;0.0;-7.0;0.2;-7.2;0.32;-7.76;0.38;-8.05;0.41;-8.15;;;;;;
279;17.1;23.1;0.5;10;80;7;Successful;Effective;No;No;No;No;No;No;0.0;-7.0;0.2;-7.2;0.32;-7.76;0.38;-8.05;0.41;-8.15;;;;;;
280;17.1;23.1;0.5;5;100;7;Successful;Effective;No;No;No;No;No;No;0.0;-7.0;0.25;-7.2;0.39;-7.77;0.47;-8.07;0.51;-8.17;;;;;;
281;17.1;23.1;0.5;8;100;7;Successful;Effective;No;No;No;No;No;No;0.0;-7.0;0.25;-7.2;0.39;-7.77;0.47;-8.07;0.51;-8.17;;;;;;
282;17.1;23.1;0.5;10;100;7;Successful;Effective;No;No;No;No;No;No;0.0;-7.0;0.25;-7.2;0.39;-7.77;0.47;-8.07;0.51;-8.17;;;;;;
283;17.1;23.1;0.5;5;80;8;Successful;Effective;No;No;No;No;No;No;0.0;-7.99;0.2;-8.22;0.32;-8.86;0.38;-9.0;0.41;-9.0;;;;;;
284;17.1;23.1;0.5;8;80;8;Successful;Effective;No;No;No;No;No;No;0.0;-7.99;0.2;-8.22;0.32;-8.86;0.38;-9.0;0.41;-9.0;;;;;;
285;17.1;23.1;0.5;10;80;8;Successful;Effective;No;No;No;No;No;No;0.0;-7.99;0.2;-8.22;0.32;-8.86;0.38;-9.0;0.41;-9.0;;;;;;
286;17.1;23.1;0.5;5;100;8;Successful;Effective;No;No;No;No;No;No;0.0;-8.0;0.25;-8.23;0.39;-8.87;0.47;-9.0;0.51;-9.0;;;;;;
287;17.1;23.1;0.5;8;100;8;Successful;Effective;No;No;No;No;No;No;0.0;-8.0;0.25;-8.23;0.39;-8.87;0.47;-9.0;0.51;-9.0;;;;;;
288;17.1;23.1;0.5;10;100;8;Successful;Effective;No;No;No;No;No;No;0.0;-8.0;0.25;-8.23;0.39;-8.87;0.47;-9.0;0.51;-9.0;;;;;;
289;17.2;23.2;0.5;5;80;5;Successful;Effective;No;No;No;No;No;No;0.0;-5.0;0.2;-5.13;0.32;-5.23;0.38;-5.42;0.41;-5.52;;;;;;
290;17.2;23.2;0.5;8;80;5;Successful;Effective;No;No;No;No;No;No;0.0;-5.0;0.2;-5.13;0.32;-5.23;0.38;-5.42;0.41;-5.52;;;;;;
291;17.2;23.2;0.5;10;80;5;Successful;Effective;No;No;No;No;No;No;0.0;-5.0;0.2;-5.13;0.32;-5.23;0.38;-5.42;0.41;-5.52;;;;;;
292;17.2;23.2;0.5;5;100;5;Successful;Effective;No;No;No;No;No;No;0.0;-5.0;0.25;-5.14;0.39;-5.24;0.47;-5.43;0.51;-5.54;;;;;;
293;17.2;23.2;0.5;8;100;5;Successful;Effective;No;No;No;No;No;No;0.0;-5.0;0.25;-5.14;0.39;-5.24;0.47;-5.43;0.51;-5.54;;;;;;
294;17.2;23.2;0.5;10;100;5;Successful;Effective;No;No;No;No;No;No;0.0;-5.0;0.25;-5.14;0.39;-5.24;0.47;-5.43;0.51;-5.54;;;;;;
295;17.2;23.2;0.5;5;80;6;Successful;Effective;No;No;No;No;No;No;0.0;-6.0;0.2;-6.16;0.32;-6.27;0.38;-6.5;0.41;-6.61;;;;;;
296;17.2;23.2;0.5;8;80;6;Successful;Effective;No;No;No;No;No;No;0.0;-6.0;0.2;-6.16;0.32;-6.27;0.38;-6.5;0.41;-6.61;;;;;;
297;17.2;23.2;0.5;10;80;6;Successful;Effective;No;No;No;No;No;No;0.0;-6.0;0.2;-6.16;0.32;-6.27;0.38;-6.5;0.41;-6.61;;;;;;
298;17.2;23.2;0.5;5;100;6;Successful;Effective;No;No;No;No;No;No;0.0;-6.0;0.25;-6.16;0.39;-6.28;0.47;-6.51;0.51;-6.63;;;;;;
299;17.2;23.2;0.5;8;100;6;Successful;Effective;No;No;No;No;No;No;0.0;-6.0;0.25;-6.16;0.39;-6.28;0.47;-6.51;0.51;-6.63;;;;;;
300;17.2;23.2;0.5;10;100;6;Successful;Effective;No;No;No;No;No;No;0.0;-6.0;0.25;-6.16;0.39;-6.28;0.47;-6.51;0.51;-6.63;;;;;;
301;17.2;23.2;0.5;5;80;7;Successful;Effective;No;No;No;No;No;No;0.0;-7.0;0.2;-7.18;0.32;-7.31;0.38;-7.57;0.41;-7.71;;;;;;
302;17.2;23.2;0.5;8;80;7;Successful;Effective;No;No;No;No;No;No;0.0;-7.0;0.2;-7.18;0.32;-7.31;0.38;-7.57;0.41;-7.71;;;;;;
303;17.2;23.2;0.5;10;80;7;Successful;Effective;No;No;No;No;No;No;0.0;-7.0;0.2;-7.18;0.32;-7.31;0.38;-7.57;0.41;-7.71;;;;;;
304;17.2;23.2;0.5;5;100;7;Successful;Effective;No;No;No;No;No;No;0.0;-7.0;0.25;-7.19;0.39;-7.32;0.47;-7.58;0.51;-7.72;;;;;;
305;17.2;23.2;0.5;8;100;7;Successful;Effective;No;No;No;No;No;No;0.0;-7.0;0.25;-7.19;0.39;-7.32;0.47;-7.58;0.51;-7.72;;;;;;
306;17.2;23.2;0.5;10;100;7;Successful;Effective;No;No;No;No;No;No;0.0;-7.0;0.25;-7.19;0.39;-7.32;0.47;-7.58;0.51;-7.72;;;;;;
307;17.2;23.2;0.5;5;80;8;Successful;Effective;No;No;No;No;No;No;0.0;-7.99;0.2;-8.2;0.32;-8.35;0.38;-8.64;0.41;-8.78;;;;;;
308;17.2;23.2;0.5;8;80;8;Successful;Effective;No;No;No;No;No;No;0.0;-7.99;0.2;-8.2;0.32;-8.35;0.38;-8.64;0.41;-8.78;;;;;;
309;17.2;23.2;0.5;10;80;8;Successful;Effective;No;No;No;No;No;No;0.0;-7.99;0.2;-8.2;0.32;-8.35;0.38;-8.64;0.41;-8.78;;;;;;
310;17.2;23.2;0.5;5;100;8;Successful;Effective;No;No;No;No;No;No;0.0;-8.0;0.25;-8.21;0.39;-8.36;0.47;-8.66;0.51;-8.81;;;;;;
311;17.2;23.2;0.5;8;100;8;Successful;Effective;No;No;No;No;No;No;0.0;-8.0;0.25;-8.21;0.39;-8.36;0.47;-8.66;0.51;-8.81;;;;;;
312;17.2;23.2;0.5;10;100;8;Successful;Effective;No;No;No;No;No;No;0.0;-8.0;0.25;-8.21;0.39;-8.36;0.47;-8.66;0.51;-8.81;;;;;;
313;17.3;23.3;0.5;5;80;5;Successful;Effective;No;No;No;No;No;No;0.0;-5.0;0.2;-5.12;0.32;-5.21;0.38;-5.26;0.41;-5.35;;;;;;
314;17.3;23.3;0.5;8;80;5;Successful;Effective;No;No;No;No;No;No;0.0;-5.0;0.2;-5.12;0.32;-5.21;0.38;-5.26;0.41;-5.35;;;;;;
315;17.3;23.3;0.5;10;80;5;Successful;Effective;No;No;No;No;No;No;0.0;-5.0;0.2;-5.12;0.32;-5.21;0.38;-5.26;0.41;-5.35;;;;;;
316;17.3;23.3;0.5;5;100;5;Successful;Effective;No;No;No;No;No;No;0.0;-5.0;0.25;-5.13;0.39;-5.22;0.47;-5.28;0.51;-5.36;;;;;;
317;17.3;23.3;0.5;8;100;5;Successful;Effective;No;No;No;No;No;No;0.0;-5.0;0.25;-5.13;0.39;-5.22;0.47;-5.28;0.51;-5.36;;;;;;
318;17.3;23.3;0.5;10;100;5;Successful;Effective;No;No;No;No;No;No;0.0;-5.0;0.25;-5.13;0.39;-5.22;0.47;-5.28;0.51;-5.36;;;;;;
319;17.3;23.3;0.5;5;80;6;Successful;Effective;No;No;No;No;No;No;0.0;-6.0;0.2;-6.15;0.32;-6.25;0.38;-6.31;0.41;-6.4;;;;;;
320;17.3;23.3;0.5;8;80;6;Successful;Effective;No;No;No;No;No;No;0.0;-6.0;0.2;-6.15;0.32;-6.25;0.38;-6.31;0.41;-6.4;;;;;;
321;17.3;23.3;0.5;10;80;6;Successful;Effective;No;No;No;No;No;No;0.0;-6.0;0.2;-6.15;0.32;-6.25;0.38;-6.31;0.41;-6.4;;;;;;
322;17.3;23.3;0.5;5;100;6;Successful;Effective;No;No;No;No;No;No;0.0;-6.0;0.25;-6.15;0.39;-6.26;0.47;-6.32;0.51;-6.42;;;;;;
323;17.3;23.3;0.5;8;100;6;Successful;Effective;No;No;No;No;No;No;0.0;-6.0;0.25;-6.15;0.39;-6.26;0.47;-6.32;0.51;-6.42;;;;;;
324;17.3;23.3;0.5;10;100;6;Successful;Effective;No;No;No;No;No;No;0.0;-6.0;0.25;-6.15;0.39;-6.26;0.47;-6.32;0.51;-6.42;;;;;;
325;17.3;23.3;0.5;5;80;7;Successful;Effective;No;No;No;No;No;No;0.0;-7.0;0.2;-7.17;0.32;-7.28;0.38;-7.35;0.41;-7.45;;;;;;
326;17.3;23.3;0.5;8;80;7;Successful;Effective;No;No;No;No;No;No;0.0;-7.0;0.2;-7.17;0.32;-7.28;0.38;-7.35;0.41;-7.45;;;;;;
327;17.3;23.3;0.5;10;80;7;Successful;Effective;No;No;No;No;No;No;0.0;-7.0;0.2;-7.17;0.32;-7.28;0.38;-7.35;0.41;-7.45;;;;;;
328;17.3;23.3;0.5;5;100;7;Successful;Effective;No;No;No;No;No;No;0.0;-7.0;0.25;-7.17;0.39;-7.29;0.47;-7.36;0.51;-7.47;;;;;;
329;17.3;23.3;0.5;8;100;7;Successful;Effective;No;No;No;No;No;No;0.0;-7.0;0.25;-7.17;0.39;-7.29;0.47;-7.36;0.51;-7.47;;;;;;
330;17.3;23.3;0.5;10;100;7;Successful;Effective;No;No;No;No;No;No;0.0;-7.0;0.25;-7.17;0.39;-7.29;0.47;-7.36;0.51;-7.47;;;;;;
331;17.3;23.3;0.5;5;80;8;Successful;Effective;No;No;No;No;No;No;0.0;-7.99;0.2;-8.19;0.32;-8.32;0.38;-8.37;0.41;-8.48;;;;;;
332;17.3;23.3;0.5;8;80;8;Successful;Effective;No;No;No;No;No;No;0.0;-7.99;0.2;-8.19;0.32;-8.32;0.38;-8.37;0.41;-8.48;;;;;;
333;17.3;23.3;0.5;10;80;8;Successful;Effective;No;No;No;No;No;No;0.0;-7.99;0.2;-8.19;0.32;-8.32;0.38;-8.37;0.41;-8.48;;;;;;
334;17.3;23.3;0.5;5;100;8;Successful;Effective;No;No;No;No;No;No;0.0;-8.0;0.25;-8.19;0.39;-8.33;0.47;-8.41;0.51;-8.53;;;;;;
335;17.3;23.3;0.5;8;100;8;Successful;Effective;No;No;No;No;No;No;0.0;-8.0;0.25;-8.19;0.39;-8.33;0.47;-8.41;0.51;-8.53;;;;;;
336;17.3;23.3;0.5;10;100;8;Successful;Effective;No;No;No;No;No;No;0.0;-8.0;0.25;-8.19;0.39;-8.33;0.47;-8.41;0.51;-8.53;;;;;;
337;17.4;23.4;0.5;5;80;5;Successful;Effective;No;No;No;No;No;No;0.0;-5.0;0.2;-5.11;0.32;-5.2;0.38;-5.25;0.41;-5.27;;;;;;
338;17.4;23.4;0.5;8;80;5;Successful;Effective;No;No;No;No;No;No;0.0;-5.0;0.2;-5.11;0.32;-5.2;0.38;-5.25;0.41;-5.27;;;;;;
339;17.4;23.4;0.5;10;80;5;Successful;Effective;No;No;No;No;No;No;0.0;-5.0;0.2;-5.11;0.32;-5.2;0.38;-5.25;0.41;-5.27;;;;;;
340;17.4;23.4;0.5;5;100;5;Successful;Effective;No;No;No;No;No;No;0.0;-5.0;0.25;-5.12;0.39;-5.21;0.47;-5.26;0.51;-5.28;;;;;;
341;17.4;23.4;0.5;8;100;5;Successful;Effective;No;No;No;No;No;No;0.0;-5.0;0.25;-5.12;0.39;-5.21;0.47;-5.26;0.51;-5.28;;;;;;
342;17.4;23.4;0.5;10;100;5;Successful;Effective;No;No;No;No;No;No;0.0;-5.0;0.25;-5.12;0.39;-5.21;0.47;-5.26;0.51;-5.28;;;;;;
343;17.4;23.4;0.5;5;80;6;Successful;Effective;No;No;No;No;No;No;0.0;-6.0;0.2;-6.13;0.32;-6.23;0.38;-6.28;0.41;-6.31;;;;;;
344;17.4;23.4;0.5;8;80;6;Successful;Effective;No;No;No;No;No;No;0.0;-6.0;0.2;-6.13;0.32;-6.23;0.38;-6.28;0.41;-6.31;;;;;;
345;17.4;23.4;0.5;10;80;6;Successful;Effective;No;No;No;No;No;No;0.0;-6.0;0.2;-6.13;0.32;-6.23;0.38;-6.28;0.41;-6.31;;;;;;
346;17.4;23.4;0.5;5;100;6;Successful;Effective;No;No;No;No;No;No;0.0;-6.0;0.25;-6.14;0.39;-6.24;0.47;-6.3;0.51;-6.32;;;;;;
347;17.4;23.4;0.5;8;100;6;Successful;Effective;No;No;No;No;No;No;0.0;-6.0;0.25;-6.14;0.39;-6.24;0.47;-6.3;0.51;-6.32;;;;;;
348;17.4;23.4;0.5;10;100;6;Successful;Effective;No;No;No;No;No;No;0.0;-6.0;0.25;-6.14;0.39;-6.24;0.47;-6.3;0.51;-6.32;;;;;;
349;17.4;23.4;0.5;5;80;7;Successful;Effective;No;No;No;No;No;No;0.0;-7.0;0.2;-7.15;0.32;-7.26;0.38;-7.32;0.41;-7.33;;;;;;
350;17.4;23.4;0.5;8;80;7;Successful;Effective;No;No;No;No;No;No;0.0;-7.0;0.2;-7.15;0.32;-7.26;0.38;-7.32;0.41;-7.33;;;;;;
351;17.4;23.4;0.5;10;80;7;Successful;Effective;No;No;No;No;No;No;0.0;-7.0;0.2;-7.15;0.32;-7.26;0.38;-7.32;0.41;-7.33;;;;;;
352;17.4;23.4;0.5;5;100;7;Successful;Effective;No;No;No;No;No;No;0.0;-7.0;0.25;-7.16;0.39;-7.27;0.47;-7.34;0.51;-7.36;;;;;;
353;17.4;23.4;0.5;8;100;7;Successful;Effective;No;No;No;No;No;No;0.0;-7.0;0.25;-7.16;0.39;-7.27;0.47;-7.34;0.51;-7.36;;;;;;
354;17.4;23.4;0.5;10;100;7;Successful;Effective;No;No;No;No;No;No;0.0;-7.0;0.25;-7.16;0.39;-7.27;0.47;-7.34;0.51;-7.36;;;;;;
355;17.4;23.4;0.5;5;80;8;Successful;Effective;No;No;No;No;No;No;0.0;-7.99;0.2;-8.17;0.32;-8.29;0.38;-8.34;0.41;-8.33;;;;;;
356;17.4;23.4;0.5;8;80;8;Successful;Effective;No;No;No;No;No;No;0.0;-7.99;0.2;-8.17;0.32;-8.29;0.38;-8.34;0.41;-8.33;;;;;;
357;17.4;23.4;0.5;10;80;8;Successful;Effective;No;No;No;No;No;No;0.0;-7.99;0.2;-8.17;0.32;-8.29;0.38;-8.34;0.41;-8.33;;;;;;
358;17.4;23.4;0.5;5;100;8;Successful;Effective;No;No;No;No;No;No;0.0;-8.0;0.25;-8.18;0.39;-8.3;0.47;-8.37;0.51;-8.4;;;;;;
359;17.4;23.4;0.5;8;100;8;Successful;Effective;No;No;No;No;No;No;0.0;-8.0;0.25;-8.18;0.39;-8.3;0.47;-8.37;0.51;-8.4;;;;;;
360;17.4;23.4;0.5;10;100;8;Successful;Effective;No;No;No;No;No;No;0.0;-8.0;0.25;-8.18;0.39;-8.3;0.47;-8.37;0.51;-8.4;;;;;;
361;17.5;23.5;0.5;5;80;5;Successful;Effective;No;No;No;No;No;No;0.0;-5.0;0.2;-5.11;0.32;-5.18;0.38;-5.23;0.41;-5.25;;;;;;
362;17.5;23.5;0.5;8;80;5;Successful;Effective;No;No;No;No;No;No;0.0;-5.0;0.2;-5.11;0.32;-5.18;0.38;-5.23;0.41;-5.25;;;;;;
363;17.5;23.5;0.5;10;80;5;Successful;Effective;No;No;No;No;No;No;0.0;-5.0;0.2;-5.11;0.32;-5.18;0.38;-5.23;0.41;-5.25;;;;;;
364;17.5;23.5;0.5;5;100;5;Successful;Effective;No;No;No;No;No;No;0.0;-5.0;0.25;-5.11;0.39;-5.19;0.47;-5.24;0.51;-5.27;;;;;;
365;17.5;23.5;0.5;8;100;5;Successful;Effective;No;No;No;No;No;No;0.0;-5.0;0.25;-5.11;0.39;-5.19;0.47;-5.24;0.51;-5.27;;;;;;
366;17.5;23.5;0.5;10;100;5;Successful;Effective;No;No;No;No;No;No;0.0;-5.0;0.25;-5.11;0.39;-5.19;0.47;-5.24;0.51;-5.27;;;;;;
367;17.5;23.5;0.5;5;80;6;Successful;Effective;No;No;No;No;No;No;0.0;-6.0;0.2;-6.13;0.32;-6.21;0.38;-6.27;0.41;-6.29;;;;;;
368;17.5;23.5;0.5;8;80;6;Successful;Effective;No;No;No;No;No;No;0.0;-6.0;0.2;-6.13;0.32;-6.21;0.38;-6.27;0.41;-6.29;;;;;;
369;17.5;23.5;0.5;10;80;6;Successful;Effective;No;No;No;No;No;No;0.0;-6.0;0.2;-6.13;0.32;-6.21;0.38;-6.27;0.41;-6.29;;;;;;
370;17.5;23.5;0.5;5;100;6;Successful;Effective;No;No;No;No;No;No;0.0;-6.0;0.25;-6.13;0.39;-6.22;0.47;-6.28;0.51;-6.3;;;;;;
371;17.5;23.5;0.5;8;100;6;Successful;Effective;No;No;No;No;No;No;0.0;-6.0;0.25;-6.13;0.39;-6.22;0.47;-6.28;0.51;-6.3;;;;;;
372;17.5;23.5;0.5;10;100;6;Successful;Effective;No;No;No;No;No;No;0.0;-6.0;0.25;-6.13;0.39;-6.22;0.47;-6.28;0.51;-6.3;;;;;;
373;17.5;23.5;0.5;5;80;7;Successful;Effective;No;No;No;No;No;No;0.0;-7.0;0.2;-7.14;0.32;-7.24;0.38;-7.3;0.41;-7.31;;;;;;
374;17.5;23.5;0.5;8;80;7;Successful;Effective;No;No;No;No;No;No;0.0;-7.0;0.2;-7.14;0.32;-7.24;0.38;-7.3;0.41;-7.31;;;;;;
375;17.5;23.5;0.5;10;80;7;Successful;Effective;No;No;No;No;No;No;0.0;-7.0;0.2;-7.14;0.32;-7.24;0.38;-7.3;0.41;-7.31;;;;;;
376;17.5;23.5;0.5;5;100;7;Successful;Effective;No;No;No;No;No;No;0.0;-7.0;0.25;-7.15;0.39;-7.25;0.47;-7.31;0.51;-7.34;;;;;;
377;17.5;23.5;0.5;8;100;7;Successful;Effective;No;No;No;No;No;No;0.0;-7.0;0.25;-7.15;0.39;-7.25;0.47;-7.31;0.51;-7.34;;;;;;
378;17.5;23.5;0.5;10;100;7;Successful;Effective;No;No;No;No;No;No;0.0;-7.0;0.25;-7.15;0.39;-7.25;0.47;-7.31;0.51;-7.34;;;;;;
379;17.5;23.5;0.5;5;80;8;Successful;Effective;No;No;No;No;No;No;0.0;-7.99;0.2;-8.16;0.32;-8.27;0.38;-8.31;0.41;-8.31;;;;;;
380;17.5;23.5;0.5;8;80;8;Successful;Effective;No;No;No;No;No;No;0.0;-7.99;0.2;-8.16;0.32;-8.27;0.38;-8.31;0.41;-8.31;;;;;;
381;17.5;23.5;0.5;10;80;8;Successful;Effective;No;No;No;No;No;No;0.0;-7.99;0.2;-8.16;0.32;-8.27;0.38;-8.31;0.41;-8.31;;;;;;
382;17.5;23.5;0.5;5;100;8;Successful;Effective;No;No;No;No;No;No;0.0;-8.0;0.25;-8.17;0.39;-8.28;0.47;-8.35;0.51;-8.37;;;;;;
383;17.5;23.5;0.5;8;100;8;Successful;Effective;No;No;No;No;No;No;0.0;-8.0;0.25;-8.17;0.39;-8.28;0.47;-8.35;0.51;-8.37;;;;;;
384;17.5;23.5;0.5;10;100;8;Successful;Effective;No;No;No;No;No;No;0.0;-8.0;0.25;-8.17;0.39;-8.28;0.47;-8.35;0.51;-8.37;;;;;;
385;17.6;23.6;0.5;5;80;5;Successful;Effective;No;No;No;No;No;No;0.0;-5.0;0.2;-5.1;0.32;-5.17;0.38;-5.22;0.41;-5.24;;;;;;
386;17.6;23.6;0.5;8;80;5;Successful;Effective;No;No;No;No;No;No;0.0;-5.0;0.2;-5.1;0.32;-5.17;0.38;-5.22;0.41;-5.24;;;;;;
387;17.6;23.6;0.5;10;80;5;Successful;Effective;No;No;No;No;No;No;0.0;-5.0;0.2;-5.1;0.32;-5.17;0.38;-5.22;0.41;-5.24;;;;;;
388;17.6;23.6;0.5;5;100;5;Successful;Effective;No;No;No;No;No;No;0.0;-5.0;0.25;-5.11;0.39;-5.18;0.47;-5.23;0.51;-5.25;;;;;;
389;17.6;23.6;0.5;8;100;5;Successful;Effective;No;No;No;No;No;No;0.0;-5.0;0.25;-5.11;0.39;-5.18;0.47;-5.23;0.51;-5.25;;;;;;
390;17.6;23.6;0.5;10;100;5;Successful;Effective;No;No;No;No;No;No;0.0;-5.0;0.25;-5.11;0.39;-5.18;0.47;-5.23;0.51;-5.25;;;;;;
391;17.6;23.6;0.5;5;80;6;Successful;Effective;No;No;No;No;No;No;0.0;-6.0;0.2;-6.12;0.32;-6.2;0.38;-6.25;0.41;-6.27;;;;;;
392;17.6;23.6;0.5;8;80;6;Successful;Effective;No;No;No;No;No;No;0.0;-6.0;0.2;-6.12;0.32;-6.2;0.38;-6.25;0.41;-6.27;;;;;;
393;17.6;23.6;0.5;10;80;6;Successful;Effective;No;No;No;No;No;No;0.0;-6.0;0.2;-6.12;0.32;-6.2;0.38;-6.25;0.41;-6.27;;;;;;
394;17.6;23.6;0.5;5;100;6;Successful;Effective;No;No;No;No;No;No;0.0;-6.0;0.25;-6.12;0.39;-6.21;0.47;-6.26;0.51;-6.29;;;;;;
395;17.6;23.6;0.5;8;100;6;Successful;Effective;No;No;No;No;No;No;0.0;-6.0;0.25;-6.12;0.39;-6.21;0.47;-6.26;0.51;-6.29;;;;;;
396;17.6;23.6;0.5;10;100;6;Successful;Effective;No;No;No;No;No;No;0.0;-6.0;0.25;-6.12;0.39;-6.21;0.47;-6.26;0.51;-6.29;;;;;;
397;17.6;23.6;0.5;5;80;7;Successful;Effective;No;No;No;No;No;No;0.0;-7.0;0.2;-7.14;0.32;-7.23;0.38;-7.28;0.41;-7.29;;;;;;
398;17.6;23.6;0.5;8;80;7;Successful;Effective;No;No;No;No;No;No;0.0;-7.0;0.2;-7.14;0.32;-7.23;0.38;-7.28;0.41;-7.29;;;;;;
399;17.6;23.6;0.5;10;80;7;Successful;Effective;No;No;No;No;No;No;0.0;-7.0;0.2;-7.14;0.32;-7.23;0.38;-7.28;0.41;-7.29;;;;;;
400;17.6;23.6;0.5;5;100;7;Successful;Effective;No;No;No;No;No;No;0.0;-7.0;0.25;-7.14;0.39;-7.24;0.47;-7.3;0.51;-7.32;;;;;;
401;17.6;23.6;0.5;8;100;7;Successful;Effective;No;No;No;No;No;No;0.0;-7.0;0.25;-7.14;0.39;-7.24;0.47;-7.3;0.51;-7.32;;;;;;
402;17.6;23.6;0.5;10;100;7;Successful;Effective;No;No;No;No;No;No;0.0;-7.0;0.25;-7.14;0.39;-7.24;0.47;-7.3;0.51;-7.32;;;;;;
403;17.6;23.6;0.5;5;80;8;Successful;Effective;No;No;No;No;No;No;0.0;-7.99;0.2;-8.15;0.32;-8.25;0.38;-8.3;0.41;-8.29;;;;;;
404;17.6;23.6;0.5;8;80;8;Successful;Effective;No;No;No;No;No;No;0.0;-7.99;0.2;-8.15;0.32;-8.25;0.38;-8.3;0.41;-8.29;;;;;;
405;17.6;23.6;0.5;10;80;8;Successful;Effective;No;No;No;No;No;No;0.0;-7.99;0.2;-8.15;0.32;-8.25;0.38;-8.3;0.41;-8.29;;;;;;
406;17.6;23.6;0.5;5;100;8;Successful;Effective;No;No;No;No;No;No;0.0;-8.0;0.25;-8.16;0.39;-8.27;0.47;-8.33;0.51;-8.35;;;;;;
407;17.6;23.6;0.5;8;100;8;Successful;Effective;No;No;No;No;No;No;0.0;-8.0;0.25;-8.16;0.39;-8.27;0.47;-8.33;0.51;-8.35;;;;;;
408;17.6;23.6;0.5;10;100;8;Successful;Effective;No;No;No;No;No;No;0.0;-8.0;0.25;-8.16;0.39;-8.27;0.47;-8.33;0.51;-8.35;;;;;;
409;17.7;23.7;0.5;5;80;5;Successful;Effective;No;No;No;No;No;No;0.0;-5.0;0.2;-5.1;0.32;-5.17;0.38;-5.21;0.41;-5.22;;;;;;
410;17.7;23.7;0.5;8;80;5;Successful;Effective;No;No;No;No;No;No;0.0;-5.0;0.2;-5.1;0.32;-5.17;0.38;-5.21;0.41;-5.22;;;;;;
411;17.7;23.7;0.5;10;80;5;Successful;Effective;No;No;No;No;No;No;0.0;-5.0;0.2;-5.1;0.32;-5.17;0.38;-5.21;0.41;-5.22;;;;;;
412;17.7;23.7;0.5;5;100;5;Successful;Effective;No;No;No;No;No;No;0.0;-5.0;0.25;-5.1;0.39;-5.17;0.47;-5.22;0.51;-5.24;;;;;;
413;17.7;23.7;0.5;8;100;5;Successful;Effective;No;No;No;No;No;No;0.0;-5.0;0.25;-5.1;0.39;-5.17;0.47;-5.22;0.51;-5.24;;;;;;
414;17.7;23.7;0.5;10;100;5;Successful;Effective;No;No;No;No;No;No;0.0;-5.0;0.25;-5.1;0.39;-5.17;0.47;-5.22;0.51;-5.24;;;;;;
415;17.7;23.7;0.5;5;80;6;Successful;Effective;No;No;No;No;No;No;0.0;-6.0;0.2;-6.11;0.32;-6.19;0.38;-6.24;0.41;-6.26;;;;;;
416;17.7;23.7;0.5;8;80;6;Successful;Effective;No;No;No;No;No;No;0.0;-6.0;0.2;-6.11;0.32;-6.19;0.38;-6.24;0.41;-6.26;;;;;;
417;17.7;23.7;0.5;10;80;6;Successful;Effective;No;No;No;No;No;No;0.0;-6.0;0.2;-6.11;0.32;-6.19;0.38;-6.24;0.41;-6.26;;;;;;
418;17.7;23.7;0.5;5;100;6;Successful;Effective;No;No;No;No;No;No;0.0;-6.0;0.25;-6.12;0.39;-6.2;0.47;-6.25;0.51;-6.27;;;;;;
419;17.7;23.7;0.5;8;100;6;Successful;Effective;No;No;No;No;No;No;0.0;-6.0;0.25;-6.12;0.39;-6.2;0.47;-6.25;0.51;-6.27;;;;;;
420;17.7;23.7;0.5;10;100;6;Successful;Effective;No;No;No;No;No;No;0.0;-6.0;0.25;-6.12;0.39;-6.2;0.47;-6.25;0.51;-6.27;;;;;;
421;17.7;23.7;0.5;5;80;7;Successful;Effective;No;No;No;No;No;No;0.0;-7.0;0.2;-7.13;0.32;-7.22;0.38;-7.27;0.41;-7.28;;;;;;
422;17.7;23.7;0.5;8;80;7;Successful;Effective;No;No;No;No;No;No;0.0;-7.0;0.2;-7.13;0.32;-7.22;0.38;-7.27;0.41;-7.28;;;;;;
423;17.7;23.7;0.5;10;80;7;Successful;Effective;No;No;No;No;No;No;0.0;-7.0;0.2;-7.13;0.32;-7.22;0.38;-7.27;0.41;-7.28;;;;;;
424;17.7;23.7;0.5;5;100;7;Successful;Effective;No;No;No;No;No;No;0.0;-7.0;0.25;-7.13;0.39;-7.23;0.47;-7.28;0.51;-7.3;;;;;;
425;17.7;23.7;0.5;8;100;7;Successful;Effective;No;No;No;No;No;No;0.0;-7.0;0.25;-7.13;0.39;-7.23;0.47;-7.28;0.51;-7.3;;;;;;
426;17.7;23.7;0.5;10;100;7;Successful;Effective;No;No;No;No;No;No;0.0;-7.0;0.25;-7.13;0.39;-7.23;0.47;-7.28;0.51;-7.3;;;;;;
427;17.7;23.7;0.5;5;80;8;Successful;Effective;No;No;No;No;No;No;0.0;-7.99;0.2;-8.15;0.32;-8.24;0.38;-8.28;0.41;-8.28;;;;;;
428;17.7;23.7;0.5;8;80;8;Successful;Effective;No;No;No;No;No;No;0.0;-7.99;0.2;-8.15;0.32;-8.24;0.38;-8.28;0.41;-8.28;;;;;;
429;17.7;23.7;0.5;10;80;8;Successful;Effective;No;No;No;No;No;No;0.0;-7.99;0.2;-8.15;0.32;-8.24;0.38;-8.28;0.41;-8.28;;;;;;
430;17.7;23.7;0.5;5;100;8;Successful;Effective;No;No;No;No;No;No;0.0;-8.0;0.25;-8.15;0.39;-8.25;0.47;-8.31;0.51;-8.34;;;;;;
431;17.7;23.7;0.5;8;100;8;Successful;Effective;No;No;No;No;No;No;0.0;-8.0;0.25;-8.15;0.39;-8.25;0.47;-8.31;0.51;-8.34;;;;;;
432;17.7;23.7;0.5;10;100;8;Successful;Effective;No;No;No;No;No;No;0.0;-8.0;0.25;-8.15;0.39;-8.25;0.47;-8.31;0.51;-8.34;;;;;;
433;17.8;23.8;0.5;5;80;5;Successful;Effective;No;No;No;No;No;No;0.0;-5.0;0.2;-5.09;0.32;-5.16;0.38;-5.2;0.41;-5.22;;;;;;
434;17.8;23.8;0.5;8;80;5;Successful;Effective;No;No;No;No;No;No;0.0;-5.0;0.2;-5.09;0.32;-5.16;0.38;-5.2;0.41;-5.22;;;;;;
435;17.8;23.8;0.5;10;80;5;Successful;Effective;No;No;No;No;No;No;0.0;-5.0;0.2;-5.09;0.32;-5.16;0.38;-5.2;0.41;-5.22;;;;;;
436;17.8;23.8;0.5;5;100;5;Successful;Effective;No;No;No;No;No;No;0.0;-5.0;0.25;-5.1;0.39;-5.17;0.47;-5.21;0.51;-5.23;;;;;;
437;17.8;23.8;0.5;8;100;5;Successful;Effective;No;No;No;No;No;No;0.0;-5.0;0.25;-5.1;0.39;-5.17;0.47;-5.21;0.51;-5.23;;;;;;
438;17.8;23.8;0.5;10;100;5;Successful;Effective;No;No;No;No;No;No;0.0;-5.0;0.25;-5.1;0.39;-5.17;0.47;-5.21;0.51;-5.23;;;;;;
439;17.8;23.8;0.5;5;80;6;Successful;Effective;No;No;No;No;No;No;0.0;-6.0;0.2;-6.11;0.32;-6.18;0.38;-6.23;0.41;-6.25;;;;;;
440;17.8;23.8;0.5;8;80;6;Successful;Effective;No;No;No;No;No;No;0.0;-6.0;0.2;-6.11;0.32;-6.18;0.38;-6.23;0.41;-6.25;;;;;;
441;17.8;23.8;0.5;10;80;6;Successful;Effective;No;No;No;No;No;No;0.0;-6.0;0.2;-6.11;0.32;-6.18;0.38;-6.23;0.41;-6.25;;;;;;
442;17.8;23.8;0.5;5;100;6;Successful;Effective;No;No;No;No;No;No;0.0;-6.0;0.25;-6.11;0.39;-6.19;0.47;-6.24;0.51;-6.26;;;;;;
443;17.8;23.8;0.5;8;100;6;Successful;Effective;No;No;No;No;No;No;0.0;-6.0;0.25;-6.11;0.39;-6.19;0.47;-6.24;0.51;-6.26;;;;;;
444;17.8;23.8;0.5;10;100;6;Successful;Effective;No;No;No;No;No;No;0.0;-6.0;0.25;-6.11;0.39;-6.19;0.47;-6.24;0.51;-6.26;;;;;;
445;17.8;23.8;0.5;5;80;7;Successful;Effective;No;No;No;No;No;No;0.0;-7.0;0.2;-7.12;0.32;-7.21;0.38;-7.26;0.41;-7.27;;;;;;
446;17.8;23.8;0.5;8;80;7;Successful;Effective;No;No;No;No;No;No;0.0;-7.0;0.2;-7.12;0.32;-7.21;0.38;-7.26;0.41;-7.27;;;;;;
447;17.8;23.8;0.5;10;80;7;Successful;Effective;No;No;No;No;No;No;0.0;-7.0;0.2;-7.12;0.32;-7.21;0.38;-7.26;0.41;-7.27;;;;;;
448;17.8;23.8;0.5;5;100;7;Successful;Effective;No;No;No;No;No;No;0.0;-7.0;0.25;-7.13;0.39;-7.22;0.47;-7.27;0.51;-7.29;;;;;;
449;17.8;23.8;0.5;8;100;7;Successful;Effective;No;No;No;No;No;No;0.0;-7.0;0.25;-7.13;0.39;-7.22;0.47;-7.27;0.51;-7.29;;;;;;
450;17.8;23.8;0.5;10;100;7;Successful;Effective;No;No;No;No;No;No;0.0;-7.0;0.25;-7.13;0.39;-7.22;0.47;-7.27;0.51;-7.29;;;;;;
451;17.8;23.8;0.5;5;80;8;Successful;Effective;No;No;No;No;No;No;0.0;-7.99;0.2;-8.14;0.32;-8.23;0.38;-8.27;0.41;-8.28;;;;;;
452;17.8;23.8;0.5;8;80;8;Successful;Effective;No;No;No;No;No;No;0.0;-7.99;0.2;-8.14;0.32;-8.23;0.38;-8.27;0.41;-8.28;;;;;;
453;17.8;23.8;0.5;10;80;8;Successful;Effective;No;No;No;No;No;No;0.0;-7.99;0.2;-8.14;0.32;-8.23;0.38;-8.27;0.41;-8.28;;;;;;
454;17.8;23.8;0.5;5;100;8;Successful;Effective;No;No;No;No;No;No;0.0;-8.0;0.25;-8.14;0.39;-8.24;0.47;-8.3;0.51;-8.32;;;;;;
455;17.8;23.8;0.5;8;100;8;Successful;Effective;No;No;No;No;No;No;0.0;-8.0;0.25;-8.14;0.39;-8.24;0.47;-8.3;0.51;-8.32;;;;;;
456;17.8;23.8;0.5;10;100;8;Successful;Effective;No;No;No;No;No;No;0.0;-8.0;0.25;-8.14;0.39;-8.24;0.47;-8.3;0.51;-8.32;;;;;;
457;17.9;23.9;0.5;5;80;5;Successful;Effective;No;No;No;No;No;No;0.0;-5.0;0.2;-5.09;0.32;-5.15;0.38;-5.19;0.41;-5.21;;;;;;
458;17.9;23.9;0.5;8;80;5;Successful;Effective;No;No;No;No;No;No;0.0;-5.0;0.2;-5.09;0.32;-5.15;0.38;-5.19;0.41;-5.21;;;;;;
459;17.9;23.9;0.5;10;80;5;Successful;Effective;No;No;No;No;No;No;0.0;-5.0;0.2;-5.09;0.32;-5.15;0.38;-5.19;0.41;-5.21;;;;;;
460;17.9;23.9;0.5;5;100;5;Successful;Effective;No;No;No;No;No;No;0.0;-5.0;0.25;-5.09;0.39;-5.16;0.47;-5.2;0.51;-5.23;;;;;;
461;17.9;23.9;0.5;8;100;5;Successful;Effective;No;No;No;No;No;No;0.0;-5.0;0.25;-5.09;0.39;-5.16;0.47;-5.2;0.51;-5.23;;;;;;
462;17.9;23.9;0.5;10;100;5;Successful;Effective;No;No;No;No;No;No;0.0;-5.0;0.25;-5.09;0.39;-5.16;0.47;-5.2;0.51;-5.23;;;;;;
463;17.9;23.9;0.5;5;80;6;Successful;Effective;No;No;No;No;No;No;0.0;-6.0;0.2;-6.1;0.32;-6.18;0.38;-6.22;0.41;-6.24;;;;;;
464;17.9;23.9;0.5;8;80;6;Successful;Effective;No;No;No;No;No;No;0.0;-6.0;0.2;-6.1;0.32;-6.18;0.38;-6.22;0.41;-6.24;;;;;;
465;17.9;23.9;0.5;10;80;6;Successful;Effective;No;No;No;No;No;No;0.0;-6.0;0.2;-6.1;0.32;-6.18;0.38;-6.22;0.41;-6.24;;;;;;
466;17.9;23.9;0.5;5;100;6;Successful;Effective;No;No;No;No;No;No;0.0;-6.0;0.25;-6.11;0.39;-6.19;0.47;-6.23;0.51;-6.25;;;;;;
467;17.9;23.9;0.5;8;100;6;Successful;Effective;No;No;No;No;No;No;0.0;-6.0;0.25;-6.11;0.39;-6.19;0.47;-6.23;0.51;-6.25;;;;;;
468;17.9;23.9;0.5;10;100;6;Successful;Effective;No;No;No;No;No;No;0.0;-6.0;0.25;-6.11;0.39;-6.19;0.47;-6.23;0.51;-6.25;;;;;;
469;17.9;23.9;0.5;5;80;7;Successful;Effective;No;No;No;No;No;No;0.0;-7.0;0.2;-7.12;0.32;-7.2;0.38;-7.25;0.41;-7.26;;;;;;
470;17.9;23.9;0.5;8;80;7;Successful;Effective;No;No;No;No;No;No;0.0;-7.0;0.2;-7.12;0.32;-7.2;0.38;-7.25;0.41;-7.26;;;;;;
471;17.9;23.9;0.5;10;80;7;Successful;Effective;No;No;No;No;No;No;0.0;-7.0;0.2;-7.12;0.32;-7.2;0.38;-7.25;0.41;-7.26;;;;;;
472;17.9;23.9;0.5;5;100;7;Successful;Effective;No;No;No;No;No;No;0.0;-7.0;0.25;-7.12;0.39;-7.21;0.47;-7.26;0.51;-7.28;;;;;;
473;17.9;23.9;0.5;8;100;7;Successful;Effective;No;No;No;No;No;No;0.0;-7.0;0.25;-7.12;0.39;-7.21;0.47;-7.26;0.51;-7.28;;;;;;
474;17.9;23.9;0.5;10;100;7;Successful;Effective;No;No;No;No;No;No;0.0;-7.0;0.25;-7.12;0.39;-7.21;0.47;-7.26;0.51;-7.28;;;;;;
475;17.9;23.9;0.5;5;80;8;Successful;Effective;No;No;No;No;No;No;0.0;-7.99;0.2;-8.13;0.32;-8.22;0.38;-8.26;0.41;-8.27;;;;;;
476;17.9;23.9;0.5;8;80;8;Successful;Effective;No;No;No;No;No;No;0.0;-7.99;0.2;-8.13;0.32;-8.22;0.38;-8.26;0.41;-8.27;;;;;;
477;17.9;23.9;0.5;10;80;8;Successful;Effective;No;No;No;No;No;No;0.0;-7.99;0.2;-8.13;0.32;-8.22;0.38;-8.26;0.41;-8.27;;;;;;
478;17.9;23.9;0.5;5;100;8;Successful;Effective;No;No;No;No;No;No;0.0;-8.0;0.25;-8.14;0.39;-8.23;0.47;-8.29;0.51;-8.31;;;;;;
479;17.9;23.9;0.5;8;100;8;Successful;Effective;No;No;No;No;No;No;0.0;-8.0;0.25;-8.14;0.39;-8.23;0.47;-8.29;0.51;-8.31;;;;;;
480;17.9;23.9;0.5;10;100;8;Successful;Effective;No;No;No;No;No;No;0.0;-8.0;0.25;-8.14;0.39;-8.23;0.47;-8.29;0.51;-8.31;;;;;;
481;18.0;24.0;0.5;5;80;5;Successful;Effective;No;No;No;No;No;No;0.0;-5.0;0.2;-5.09;0.32;-5.15;0.38;-5.19;0.41;-5.2;;;;;;
482;18.0;24.0;0.5;8;80;5;Successful;Effective;No;No;No;No;No;No;0.0;-5.0;0.2;-5.09;0.32;-5.15;0.38;-5.19;0.41;-5.2;;;;;;
483;18.0;24.0;0.5;10;80;5;Successful;Effective;No;No;No;No;No;No;0.0;-5.0;0.2;-5.09;0.32;-5.15;0.38;-5.19;0.41;-5.2;;;;;;
484;18.0;24.0;0.5;5;100;5;Successful;Effective;No;No;No;No;No;No;0.0;-5.0;0.25;-5.09;0.39;-5.16;0.47;-5.2;0.51;-5.22;;;;;;
485;18.0;24.0;0.5;8;100;5;Successful;Effective;No;No;No;No;No;No;0.0;-5.0;0.25;-5.09;0.39;-5.16;0.47;-5.2;0.51;-5.22;;;;;;
486;18.0;24.0;0.5;10;100;5;Successful;Effective;No;No;No;No;No;No;0.0;-5.0;0.25;-5.09;0.39;-5.16;0.47;-5.2;0.51;-5.22;;;;;;
487;18.0;24.0;0.5;5;80;6;Successful;Effective;No;No;No;No;No;No;0.0;-6.0;0.2;-6.1;0.32;-6.17;0.38;-6.21;0.41;-6.23;;;;;;
488;18.0;24.0;0.5;8;80;6;Successful;Effective;No;No;No;No;No;No;0.0;-6.0;0.2;-6.1;0.32;-6.17;0.38;-6.21;0.41;-6.23;;;;;;
489;18.0;24.0;0.5;10;80;6;Successful;Effective;No;No;No;No;No;No;0.0;-6.0;0.2;-6.1;0.32;-6.17;0.38;-6.21;0.41;-6.23;;;;;;
490;18.0;24.0;0.5;5;100;6;Successful;Effective;No;No;No;No;No;No;0.0;-6.0;0.25;-6.11;0.39;-6.18;0.47;-6.23;0.51;-6.25;;;;;;
491;18.0;24.0;0.5;8;100;6;Successful;Effective;No;No;No;No;No;No;0.0;-6.0;0.25;-6.11;0.39;-6.18;0.47;-6.23;0.51;-6.25;;;;;;
492;18.0;24.0;0.5;10;100;6;Successful;Effective;No;No;No;No;No;No;0.0;-6.0;0.25;-6.11;0.39;-6.18;0.47;-6.23;0.51;-6.25;;;;;;
493;18.0;24.0;0.5;5;80;7;Successful;Effective;No;No;No;No;No;No;0.0;-7.0;0.2;-7.12;0.32;-7.2;0.38;-7.24;0.41;-7.26;;;;;;
494;18.0;24.0;0.5;8;80;7;Successful;Effective;No;No;No;No;No;No;0.0;-7.0;0.2;-7.12;0.32;-7.2;0.38;-7.24;0.41;-7.26;;;;;;
495;18.0;24.0;0.5;10;80;7;Successful;Effective;No;No;No;No;No;No;0.0;-7.0;0.2;-7.12;0.32;-7.2;0.38;-7.24;0.41;-7.26;;;;;;
496;18.0;24.0;0.5;5;100;7;Successful;Effective;No;No;No;No;No;No;0.0;-7.0;0.25;-7.12;0.39;-7.2;0.47;-7.25;0.51;-7.28;;;;;;
497;18.0;24.0;0.5;8;100;7;Successful;Effective;No;No;No;No;No;No;0.0;-7.0;0.25;-7.12;0.39;-7.2;0.47;-7.25;0.51;-7.28;;;;;;
498;18.0;24.0;0.5;10;100;7;Successful;Effective;No;No;No;No;No;No;0.0;-7.0;0.25;-7.12;0.39;-7.2;0.47;-7.25;0.51;-7.28;;;;;;
499;18.0;24.0;0.5;5;80;8;Successful;Effective;No;No;No;No;No;No;0.0;-7.99;0.2;-8.13;0.32;-8.22;0.38;-8.26;0.41;-8.27;;;;;;
500;18.0;24.0;0.5;8;80;8;Successful;Effective;No;No;No;No;No;No;0.0;-7.99;0.2;-8.13;0.32;-8.22;0.38;-8.26;0.41;-8.27;;;;;;
501;18.0;24.0;0.5;10;80;8;Successful;Effective;No;No;No;No;No;No;0.0;-7.99;0.2;-8.13;0.32;-8.22;0.38;-8.26;0.41;-8.27;;;;;;
502;18.0;24.0;0.5;5;100;8;Successful;Effective;No;No;No;No;No;No;0.0;-8.0;0.25;-8.13;0.39;-8.23;0.47;-8.28;0.51;-8.3;;;;;;
503;18.0;24.0;0.5;8;100;8;Successful;Effective;No;No;No;No;No;No;0.0;-8.0;0.25;-8.13;0.39;-8.23;0.47;-8.28;0.51;-8.3;;;;;;
504;18.0;24.0;0.5;10;100;8;Successful;Effective;No;No;No;No;No;No;0.0;-8.0;0.25;-8.13;0.39;-8.23;0.47;-8.28;0.51;-8.3;;;;;;
505;18.1;24.1;0.5;5;80;5;Successful;Effective;No;No;No;No;No;No;0.0;-5.0;0.2;-5.09;0.32;-5.15;0.38;-5.18;0.41;-5.2;;;;;;
506;18.1;24.1;0.5;8;80;5;Successful;Effective;No;No;No;No;No;No;0.0;-5.0;0.2;-5.09;0.32;-5.15;0.38;-5.18;0.41;-5.2;;;;;;
507;18.1;24.1;0.5;10;80;5;Successful;Effective;No;No;No;No;No;No;0.0;-5.0;0.2;-5.09;0.32;-5.15;0.38;-5.18;0.41;-5.2;;;;;;
508;18.1;24.1;0.5;5;100;5;Successful;Effective;No;No;No;No;No;No;0.0;-5.0;0.25;-5.09;0.39;-5.15;0.47;-5.2;0.51;-5.22;;;;;;
509;18.1;24.1;0.5;8;100;5;Successful;Effective;No;No;No;No;No;No;0.0;-5.0;0.25;-5.09;0.39;-5.15;0.47;-5.2;0.51;-5.22;;;;;;
510;18.1;24.1;0.5;10;100;5;Successful;Effective;No;No;No;No;No;No;0.0;-5.0;0.25;-5.09;0.39;-5.15;0.47;-5.2;0.51;-5.22;;;;;;
511;18.1;24.1;0.5;5;80;6;Successful;Effective;No;No;No;No;No;No;0.0;-6.0;0.2;-6.1;0.32;-6.17;0.38;-6.21;0.41;-6.23;;;;;;
512;18.1;24.1;0.5;8;80;6;Successful;Effective;No;No;No;No;No;No;0.0;-6.0;0.2;-6.1;0.32;-6.17;0.38;-6.21;0.41;-6.23;;;;;;
513;18.1;24.1;0.5;10;80;6;Successful;Effective;No;No;No;No;No;No;0.0;-6.0;0.2;-6.1;0.32;-6.17;0.38;-6.21;0.41;-6.23;;;;;;
514;18.1;24.1;0.5;5;100;6;Successful;Effective;No;No;No;No;No;No;0.0;-6.0;0.25;-6.1;0.39;-6.18;0.47;-6.22;0.51;-6.24;;;;;;
515;18.1;24.1;0.5;8;100;6;Successful;Effective;No;No;No;No;No;No;0.0;-6.0;0.25;-6.1;0.39;-6.18;0.47;-6.22;0.51;-6.24;;;;;;
516;18.1;24.1;0.5;10;100;6;Successful;Effective;No;No;No;No;No;No;0.0;-6.0;0.25;-6.1;0.39;-6.18;0.47;-6.22;0.51;-6.24;;;;;;
517;18.1;24.1;0.5;5;80;7;Successful;Effective;No;No;No;No;No;No;0.0;-7.0;0.2;-7.11;0.32;-7.19;0.38;-7.24;0.41;-7.25;;;;;;
518;18.1;24.1;0.5;8;80;7;Successful;Effective;No;No;No;No;No;No;0.0;-7.0;0.2;-7.11;0.32;-7.19;0.38;-7.24;0.41;-7.25;;;;;;
519;18.1;24.1;0.5;10;80;7;Successful;Effective;No;No;No;No;No;No;0.0;-7.0;0.2;-7.11;0.32;-7.19;0.38;-7.24;0.41;-7.25;;;;;;
520;18.1;24.1;0.5;5;100;7;Successful;Effective;No;No;No;No;No;No;0.0;-7.0;0.25;-7.12;0.39;-7.2;0.47;-7.25;0.51;-7.27;;;;;;
521;18.1;24.1;0.5;8;100;7;Successful;Effective;No;No;No;No;No;No;0.0;-7.0;0.25;-7.12;0.39;-7.2;0.47;-7.25;0.51;-7.27;;;;;;
522;18.1;24.1;0.5;10;100;7;Successful;Effective;No;No;No;No;No;No;0.0;-7.0;0.25;-7.12;0.39;-7.2;0.47;-7.25;0.51;-7.27;;;;;;
523;18.1;24.1;0.5;5;80;8;Successful;Effective;No;No;No;No;No;No;0.0;-7.99;0.2;-8.13;0.32;-8.21;0.38;-8.26;0.41;-8.27;;;;;;
524;18.1;24.1;0.5;8;80;8;Successful;Effective;No;No;No;No;No;No;0.0;-7.99;0.2;-8.13;0.32;-8.21;0.38;-8.26;0.41;-8.27;;;;;;
525;18.1;24.1;0.5;10;80;8;Successful;Effective;No;No;No;No;No;No;0.0;-7.99;0.2;-8.13;0.32;-8.21;0.38;-8.26;0.41;-8.27;;;;;;
526;18.1;24.1;0.5;5;100;8;Successful;Effective;No;No;No;No;No;No;0.0;-8.0;0.25;-8.13;0.39;-8.22;0.47;-8.27;0.51;-8.3;;;;;;
527;18.1;24.1;0.5;8;100;8;Successful;Effective;No;No;No;No;No;No;0.0;-8.0;0.25;-8.13;0.39;-8.22;0.47;-8.27;0.51;-8.3;;;;;;
528;18.1;24.1;0.5;10;100;8;Successful;Effective;No;No;No;No;No;No;0.0;-8.0;0.25;-8.13;0.39;-8.22;0.47;-8.27;0.51;-8.3;;;;;;
529;18.2;24.2;0.5;5;80;5;Successful;Effective;No;No;No;No;No;No;0.0;-5.0;0.2;-5.08;0.32;-5.14;0.38;-5.18;0.41;-5.2;;;;;;
530;18.2;24.2;0.5;8;80;5;Successful;Effective;No;No;No;No;No;No;0.0;-5.0;0.2;-5.08;0.32;-5.14;0.38;-5.18;0.41;-5.2;;;;;;
531;18.2;24.2;0.5;10;80;5;Successful;Effective;No;No;No;No;No;No;0.0;-5.0;0.2;-5.08;0.32;-5.14;0.38;-5.18;0.41;-5.2;;;;;;
532;18.2;24.2;0.5;5;100;5;Successful;Effective;No;No;No;No;No;No;0.0;-5.0;0.25;-5.09;0.39;-5.15;0.47;-5.19;0.51;-5.22;;;;;;
533;18.2;24.2;0.5;8;100;5;Successful;Effective;No;No;No;No;No;No;0.0;-5.0;0.25;-5.09;0.39;-5.15;0.47;-5.19;0.51;-5.22;;;;;;
534;18.2;24.2;0.5;10;100;5;Successful;Effective;No;No;No;No;No;No;0.0;-5.0;0.25;-5.09;0.39;-5.15;0.47;-5.19;0.51;-5.22;;;;;;
535;18.2;24.2;0.5;5;80;6;Successful;Effective;No;No;No;No;No;No;0.0;-6.0;0.2;-6.1;0.32;-6.17;0.38;-6.21;0.41;-6.23;;;;;;
536;18.2;24.2;0.5;8;80;6;Successful;Effective;No;No;No;No;No;No;0.0;-6.0;0.2;-6.1;0.32;-6.17;0.38;-6.21;0.41;-6.23;;;;;;
537;18.2;24.2;0.5;10;80;6;Successful;Effective;No;No;No;No;No;No;0.0;-6.0;0.2;-6.1;0.32;-6.17;0.38;-6.21;0.41;-6.23;;;;;;
538;18.2;24.2;0.5;5;100;6;Successful;Effective;No;No;No;No;No;No;0.0;-6.0;0.25;-6.1;0.39;-6.17;0.47;-6.22;0.51;-6.24;;;;;;
539;18.2;24.2;0.5;8;100;6;Successful;Effective;No;No;No;No;No;No;0.0;-6.0;0.25;-6.1;0.39;-6.17;0.47;-6.22;0.51;-6.24;;;;;;
540;18.2;24.2;0.5;10;100;6;Successful;Effective;No;No;No;No;No;No;0.0;-6.0;0.25;-6.1;0.39;-6.17;0.47;-6.22;0.51;-6.24;;;;;;
541;18.2;24.2;0.5;5;80;7;Successful;Effective;No;No;No;No;No;No;0.0;-7.0;0.2;-7.11;0.32;-7.19;0.38;-7.23;0.41;-7.25;;;;;;
542;18.2;24.2;0.5;8;80;7;Successful;Effective;No;No;No;No;No;No;0.0;-7.0;0.2;-7.11;0.32;-7.19;0.38;-7.23;0.41;-7.25;;;;;;
543;18.2;24.2;0.5;10;80;7;Successful;Effective;No;No;No;No;No;No;0.0;-7.0;0.2;-7.11;0.32;-7.19;0.38;-7.23;0.41;-7.25;;;;;;
544;18.2;24.2;0.5;5;100;7;Successful;Effective;No;No;No;No;No;No;0.0;-7.0;0.25;-7.11;0.39;-7.2;0.47;-7.25;0.51;-7.27;;;;;;
545;18.2;24.2;0.5;8;100;7;Successful;Effective;No;No;No;No;No;No;0.0;-7.0;0.25;-7.11;0.39;-7.2;0.47;-7.25;0.51;-7.27;;;;;;
546;18.2;24.2;0.5;10;100;7;Successful;Effective;No;No;No;No;No;No;0.0;-7.0;0.25;-7.11;0.39;-7.2;0.47;-7.25;0.51;-7.27;;;;;;
547;18.2;24.2;0.5;5;80;8;Successful;Effective;No;No;No;No;No;No;0.0;-7.99;0.2;-8.12;0.32;-8.21;0.38;-8.26;0.41;-8.27;;;;;;
548;18.2;24.2;0.5;8;80;8;Successful;Effective;No;No;No;No;No;No;0.0;-7.99;0.2;-8.12;0.32;-8.21;0.38;-8.26;0.41;-8.27;;;;;;
549;18.2;24.2;0.5;10;80;8;Successful;Effective;No;No;No;No;No;No;0.0;-7.99;0.2;-8.12;0.32;-8.21;0.38;-8.26;0.41;-8.27;;;;;;
550;18.2;24.2;0.5;5;100;8;Successful;Effective;No;No;No;No;No;No;0.0;-8.0;0.25;-8.13;0.39;-8.22;0.47;-8.27;0.51;-8.3;;;;;;
551;18.2;24.2;0.5;8;100;8;Successful;Effective;No;No;No;No;No;No;0.0;-8.0;0.25;-8.13;0.39;-8.22;0.47;-8.27;0.51;-8.3;;;;;;
552;18.2;24.2;0.5;10;100;8;Successful;Effective;No;No;No;No;No;No;0.0;-8.0;0.25;-8.13;0.39;-8.22;0.47;-8.27;0.51;-8.3;;;;;;
553;18.3;24.3;0.5;5;80;5;Successful;Effective;No;No;No;No;No;No;0.0;-5.0;0.2;-5.08;0.32;-5.14;0.38;-5.18;0.41;-5.2;;;;;;
554;18.3;24.3;0.5;8;80;5;Successful;Effective;No;No;No;No;No;No;0.0;-5.0;0.2;-5.08;0.32;-5.14;0.38;-5.18;0.41;-5.2;;;;;;
555;18.3;24.3;0.5;10;80;5;Successful;Effective;No;No;No;No;No;No;0.0;-5.0;0.2;-5.08;0.32;-5.14;0.38;-5.18;0.41;-5.2;;;;;;
556;18.3;24.3;0.5;5;100;5;Successful;Effective;No;No;No;No;No;No;0.0;-5.0;0.25;-5.09;0.39;-5.15;0.47;-5.19;0.51;-5.22;;;;;;
557;18.3;24.3;0.5;8;100;5;Successful;Effective;No;No;No;No;No;No;0.0;-5.0;0.25;-5.09;0.39;-5.15;0.47;-5.19;0.51;-5.22;;;;;;
558;18.3;24.3;0.5;10;100;5;Successful;Effective;No;No;No;No;No;No;0.0;-5.0;0.25;-5.09;0.39;-5.15;0.47;-5.19;0.51;-5.22;;;;;;
559;18.3;24.3;0.5;5;80;6;Successful;Effective;No;No;No;No;No;No;0.0;-6.0;0.2;-6.1;0.32;-6.16;0.38;-6.21;0.41;-6.23;;;;;;
560;18.3;24.3;0.5;8;80;6;Successful;Effective;No;No;No;No;No;No;0.0;-6.0;0.2;-6.1;0.32;-6.16;0.38;-6.21;0.41;-6.23;;;;;;
561;18.3;24.3;0.5;10;80;6;Successful;Effective;No;No;No;No;No;No;0.0;-6.0;0.2;-6.1;0.32;-6.16;0.38;-6.21;0.41;-6.23;;;;;;
562;18.3;24.3;0.5;5;100;6;Successful;Effective;No;No;No;No;No;No;0.0;-6.0;0.25;-6.1;0.39;-6.17;0.47;-6.22;0.51;-6.24;;;;;;
563;18.3;24.3;0.5;8;100;6;Successful;Effective;No;No;No;No;No;No;0.0;-6.0;0.25;-6.1;0.39;-6.17;0.47;-6.22;0.51;-6.24;;;;;;
564;18.3;24.3;0.5;10;100;6;Successful;Effective;No;No;No;No;No;No;0.0;-6.0;0.25;-6.1;0.39;-6.17;0.47;-6.22;0.51;-6.24;;;;;;
565;18.3;24.3;0.5;5;80;7;Successful;Effective;No;No;No;No;No;No;0.0;-7.0;0.2;-7.11;0.32;-7.19;0.38;-7.23;0.41;-7.25;;;;;;
566;18.3;24.3;0.5;8;80;7;Successful;Effective;No;No;No;No;No;No;0.0;-7.0;0.2;-7.11;0.32;-7.19;0.38;-7.23;0.41;-7.25;;;;;;
567;18.3;24.3;0.5;10;80;7;Successful;Effective;No;No;No;No;No;No;0.0;-7.0;0.2;-7.11;0.32;-7.19;0.38;-7.23;0.41;-7.25;;;;;;
568;18.3;24.3;0.5;5;100;7;Successful;Effective;No;No;No;No;No;No;0.0;-7.0;0.25;-7.11;0.39;-7.19;0.47;-7.24;0.51;-7.27;;;;;;
569;18.3;24.3;0.5;8;100;7;Successful;Effective;No;No;No;No;No;No;0.0;-7.0;0.25;-7.11;0.39;-7.19;0.47;-7.24;0.51;-7.27;;;;;;
570;18.3;24.3;0.5;10;100;7;Successful;Effective;No;No;No;No;No;No;0.0;-7.0;0.25;-7.11;0.39;-7.19;0.47;-7.24;0.51;-7.27;;;;;;
571;18.3;24.3;0.5;5;80;8;Successful;Effective;No;No;No;No;No;No;0.0;-7.99;0.2;-8.12;0.32;-8.21;0.38;-8.26;0.41;-8.28;;;;;;
572;18.3;24.3;0.5;8;80;8;Successful;Effective;No;No;No;No;No;No;0.0;-7.99;0.2;-8.12;0.32;-8.21;0.38;-8.26;0.41;-8.28;;;;;;
573;18.3;24.3;0.5;10;80;8;Successful;Effective;No;No;No;No;No;No;0.0;-7.99;0.2;-8.12;0.32;-8.21;0.38;-8.26;0.41;-8.28;;;;;;
574;18.3;24.3;0.5;5;100;8;Successful;Effective;No;No;No;No;No;No;0.0;-8.0;0.25;-8.13;0.39;-8.22;0.47;-8.27;0.51;-8.3;;;;;;
575;18.3;24.3;0.5;8;100;8;Successful;Effective;No;No;No;No;No;No;0.0;-8.0;0.25;-8.13;0.39;-8.22;0.47;-8.27;0.51;-8.3;;;;;;
576;18.3;24.3;0.5;10;100;8;Successful;Effective;No;No;No;No;No;No;0.0;-8.0;0.25;-8.13;0.39;-8.22;0.47;-8.27;0.51;-8.3;;;;;;
577;18.4;24.4;0.5;5;80;5;Successful;Effective;No;No;No;No;No;No;0.0;-5.0;0.2;-5.08;0.32;-5.14;0.38;-5.18;0.41;-5.2;;;;;;
578;18.4;24.4;0.5;8;80;5;Successful;Effective;No;No;No;No;No;No;0.0;-5.0;0.2;-5.08;0.32;-5.14;0.38;-5.18;0.41;-5.2;;;;;;
579;18.4;24.4;0.5;10;80;5;Successful;Effective;No;No;No;No;No;No;0.0;-5.0;0.2;-5.08;0.32;-5.14;0.38;-5.18;0.41;-5.2;;;;;;
580;18.4;24.4;0.5;5;100;5;Successful;Effective;No;No;No;No;No;No;0.0;-5.0;0.25;-5.09;0.39;-5.15;0.47;-5.19;0.51;-5.22;;;;;;
581;18.4;24.4;0.5;8;100;5;Successful;Effective;No;No;No;No;No;No;0.0;-5.0;0.25;-5.09;0.39;-5.15;0.47;-5.19;0.51;-5.22;;;;;;
582;18.4;24.4;0.5;10;100;5;Successful;Effective;No;No;No;No;No;No;0.0;-5.0;0.25;-5.09;0.39;-5.15;0.47;-5.19;0.51;-5.22;;;;;;
583;18.4;24.4;0.5;5;80;6;Successful;Effective;No;No;No;No;No;No;0.0;-6.0;0.2;-6.09;0.32;-6.16;0.38;-6.21;0.41;-6.23;;;;;;
584;18.4;24.4;0.5;8;80;6;Successful;Effective;No;No;No;No;No;No;0.0;-6.0;0.2;-6.09;0.32;-6.16;0.38;-6.21;0.41;-6.23;;;;;;
585;18.4;24.4;0.5;10;80;6;Successful;Effective;No;No;No;No;No;No;0.0;-6.0;0.2;-6.09;0.32;-6.16;0.38;-6.21;0.41;-6.23;;;;;;
586;18.4;24.4;0.5;5;100;6;Successful;Effective;No;No;No;No;No;No;0.0;-6.0;0.25;-6.1;0.39;-6.17;0.47;-6.22;0.51;-6.24;;;;;;
587;18.4;24.4;0.5;8;100;6;Successful;Effective;No;No;No;No;No;No;0.0;-6.0;0.25;-6.1;0.39;-6.17;0.47;-6.22;0.51;-6.24;;;;;;
588;18.4;24.4;0.5;10;100;6;Successful;Effective;No;No;No;No;No;No;0.0;-6.0;0.25;-6.1;0.39;-6.17;0.47;-6.22;0.51;-6.24;;;;;;
589;18.4;24.4;0.5;5;80;7;Successful;Effective;No;No;No;No;No;No;0.0;-7.0;0.2;-7.11;0.32;-7.18;0.38;-7.23;0.41;-7.25;;;;;;
590;18.4;24.4;0.5;8;80;7;Successful;Effective;No;No;No;No;No;No;0.0;-7.0;0.2;-7.11;0.32;-7.18;0.38;-7.23;0.41;-7.25;;;;;;
591;18.4;24.4;0.5;10;80;7;Successful;Effective;No;No;No;No;No;No;0.0;-7.0;0.2;-7.11;0.32;-7.18;0.38;-7.23;0.41;-7.25;;;;;;
592;18.4;24.4;0.5;5;100;7;Successful;Effective;No;No;No;No;No;No;0.0;-7.0;0.25;-7.11;0.39;-7.19;0.47;-7.24;0.51;-7.27;;;;;;
593;18.4;24.4;0.5;8;100;7;Successful;Effective;No;No;No;No;No;No;0.0;-7.0;0.25;-7.11;0.39;-7.19;0.47;-7.24;0.51;-7.27;;;;;;
594;18.4;24.4;0.5;10;100;7;Successful;Effective;No;No;No;No;No;No;0.0;-7.0;0.25;-7.11;0.39;-7.19;0.47;-7.24;0.51;-7.27;;;;;;
595;18.4;24.4;0.5;5;80;8;Successful;Effective;No;No;No;No;No;No;0.0;-7.99;0.2;-8.12;0.32;-8.21;0.38;-8.26;0.41;-8.28;;;;;;
596;18.4;24.4;0.5;8;80;8;Successful;Effective;No;No;No;No;No;No;0.0;-7.99;0.2;-8.12;0.32;-8.21;0.38;-8.26;0.41;-8.28;;;;;;
597;18.4;24.4;0.5;10;80;8;Successful;Effective;No;No;No;No;No;No;0.0;-7.99;0.2;-8.12;0.32;-8.21;0.38;-8.26;0.41;-8.28;;;;;;
598;18.4;24.4;0.5;5;100;8;Successful;Effective;No;No;No;No;No;No;0.0;-8.0;0.25;-8.12;0.39;-8.21;0.47;-8.27;0.51;-8.3;;;;;;
599;18.4;24.4;0.5;8;100;8;Successful;Effective;No;No;No;No;No;No;0.0;-8.0;0.25;-8.12;0.39;-8.21;0.47;-8.27;0.51;-8.3;;;;;;
600;18.4;24.4;0.5;10;100;8;Successful;Effective;No;No;No;No;No;No;0.0;-8.0;0.25;-8.12;0.39;-8.21;0.47;-8.27;0.51;-8.3;;;;;;
601;18.5;24.5;0.5;5;80;5;Successful;Effective;No;No;No;No;No;No;0.0;-5.0;0.2;-5.08;0.32;-5.14;0.38;-5.18;0.41;-5.2;;;;;;
602;18.5;24.5;0.5;8;80;5;Successful;Effective;No;No;No;No;No;No;0.0;-5.0;0.2;-5.08;0.32;-5.14;0.38;-5.18;0.41;-5.2;;;;;;
603;18.5;24.5;0.5;10;80;5;Successful;Effective;No;No;No;No;No;No;0.0;-5.0;0.2;-5.08;0.32;-5.14;0.38;-5.18;0.41;-5.2;;;;;;
604;18.5;24.5;0.5;5;100;5;Successful;Effective;No;No;No;No;No;No;0.0;-5.0;0.25;-5.08;0.39;-5.15;0.47;-5.2;0.51;-5.22;;;;;;
605;18.5;24.5;0.5;8;100;5;Successful;Effective;No;No;No;No;No;No;0.0;-5.0;0.25;-5.08;0.39;-5.15;0.47;-5.2;0.51;-5.22;;;;;;
606;18.5;24.5;0.5;10;100;5;Successful;Effective;No;No;No;No;No;No;0.0;-5.0;0.25;-5.08;0.39;-5.15;0.47;-5.2;0.51;-5.22;;;;;;
607;18.5;24.5;0.5;5;80;6;Successful;Effective;No;No;No;No;No;No;0.0;-6.0;0.2;-6.09;0.32;-6.16;0.38;-6.21;0.41;-6.23;;;;;;
608;18.5;24.5;0.5;8;80;6;Successful;Effective;No;No;No;No;No;No;0.0;-6.0;0.2;-6.09;0.32;-6.16;0.38;-6.21;0.41;-6.23;;;;;;
609;18.5;24.5;0.5;10;80;6;Successful;Effective;No;No;No;No;No;No;0.0;-6.0;0.2;-6.09;0.32;-6.16;0.38;-6.21;0.41;-6.23;;;;;;
610;18.5;24.5;0.5;5;100;6;Successful;Effective;No;No;No;No;No;No;0.0;-6.0;0.25;-6.1;0.39;-6.17;0.47;-6.22;0.51;-6.24;;;;;;
611;18.5;24.5;0.5;8;100;6;Successful;Effective;No;No;No;No;No;No;0.0;-6.0;0.25;-6.1;0.39;-6.17;0.47;-6.22;0.51;-6.24;;;;;;
612;18.5;24.5;0.5;10;100;6;Successful;Effective;No;No;No;No;No;No;0.0;-6.0;0.25;-6.1;0.39;-6.17;0.47;-6.22;0.51;-6.24;;;;;;
613;18.5;24.5;0.5;5;80;7;Successful;Effective;No;No;No;No;No;No;0.0;-7.0;0.2;-7.11;0.32;-7.18;0.38;-7.23;0.41;-7.25;;;;;;
614;18.5;24.5;0.5;8;80;7;Successful;Effective;No;No;No;No;No;No;0.0;-7.0;0.2;-7.11;0.32;-7.18;0.38;-7.23;0.41;-7.25;;;;;;
615;18.5;24.5;0.5;10;80;7;Successful;Effective;No;No;No;No;No;No;0.0;-7.0;0.2;-7.11;0.32;-7.18;0.38;-7.23;0.41;-7.25;;;;;;
616;18.5;24.5;0.5;5;100;7;Successful;Effective;No;No;No;No;No;No;0.0;-7.0;0.25;-7.11;0.39;-7.19;0.47;-7.25;0.51;-7.27;;;;;;
617;18.5;24.5;0.5;8;100;7;Successful;Effective;No;No;No;No;No;No;0.0;-7.0;0.25;-7.11;0.39;-7.19;0.47;-7.25;0.51;-7.27;;;;;;
618;18.5;24.5;0.5;10;100;7;Successful;Effective;No;No;No;No;No;No;0.0;-7.0;0.25;-7.11;0.39;-7.19;0.47;-7.25;0.51;-7.27;;;;;;
619;18.5;24.5;0.5;5;80;8;Successful;Effective;No;No;No;No;No;No;0.0;-7.99;0.2;-8.12;0.32;-8.21;0.38;-8.26;0.41;-8.28;;;;;;
620;18.5;24.5;0.5;8;80;8;Successful;Effective;No;No;No;No;No;No;0.0;-7.99;0.2;-8.12;0.32;-8.21;0.38;-8.26;0.41;-8.28;;;;;;
621;18.5;24.5;0.5;10;80;8;Successful;Effective;No;No;No;No;No;No;0.0;-7.99;0.2;-8.12;0.32;-8.21;0.38;-8.26;0.41;-8.28;;;;;;
622;18.5;24.5;0.5;5;100;8;Successful;Effective;No;No;No;No;No;No;0.0;-8.0;0.25;-8.12;0.39;-8.21;0.47;-8.27;0.51;-8.3;;;;;;
623;18.5;24.5;0.5;8;100;8;Successful;Effective;No;No;No;No;No;No;0.0;-8.0;0.25;-8.12;0.39;-8.21;0.47;-8.27;0.51;-8.3;;;;;;
624;18.5;24.5;0.5;10;100;8;Successful;Effective;No;No;No;No;No;No;0.0;-8.0;0.25;-8.12;0.39;-8.21;0.47;-8.27;0.51;-8.3;;;;;;
625;18.6;24.6;0.5;5;80;5;Successful;Effective;No;No;No;No;No;No;0.0;-5.0;0.2;-5.08;0.32;-5.14;0.38;-5.18;0.41;-5.2;;;;;;
626;18.6;24.6;0.5;8;80;5;Successful;Effective;No;No;No;No;No;No;0.0;-5.0;0.2;-5.08;0.32;-5.14;0.38;-5.18;0.41;-5.2;;;;;;
627;18.6;24.6;0.5;10;80;5;Successful;Effective;No;No;No;No;No;No;0.0;-5.0;0.2;-5.08;0.32;-5.14;0.38;-5.18;0.41;-5.2;;;;;;
628;18.6;24.6;0.5;5;100;5;Successful;Effective;No;No;No;No;No;No;0.0;-5.0;0.25;-5.08;0.39;-5.15;0.47;-5.2;0.51;-5.22;;;;;;
629;18.6;24.6;0.5;8;100;5;Successful;Effective;No;No;No;No;No;No;0.0;-5.0;0.25;-5.08;0.39;-5.15;0.47;-5.2;0.51;-5.22;;;;;;
630;18.6;24.6;0.5;10;100;5;Successful;Effective;No;No;No;No;No;No;0.0;-5.0;0.25;-5.08;0.39;-5.15;0.47;-5.2;0.51;-5.22;;;;;;
631;18.6;24.6;0.5;5;80;6;Successful;Effective;No;No;No;No;No;No;0.0;-6.0;0.2;-6.09;0.32;-6.16;0.38;-6.21;0.41;-6.23;;;;;;
632;18.6;24.6;0.5;8;80;6;Successful;Effective;No;No;No;No;No;No;0.0;-6.0;0.2;-6.09;0.32;-6.16;0.38;-6.21;0.41;-6.23;;;;;;
633;18.6;24.6;0.5;10;80;6;Successful;Effective;No;No;No;No;No;No;0.0;-6.0;0.2;-6.09;0.32;-6.16;0.38;-6.21;0.41;-6.23;;;;;;
634;18.6;24.6;0.5;5;100;6;Successful;Effective;No;No;No;No;No;No;0.0;-6.0;0.25;-6.1;0.39;-6.17;0.47;-6.22;0.51;-6.25;;;;;;
635;18.6;24.6;0.5;8;100;6;Successful;Effective;No;No;No;No;No;No;0.0;-6.0;0.25;-6.1;0.39;-6.17;0.47;-6.22;0.51;-6.25;;;;;;
636;18.6;24.6;0.5;10;100;6;Successful;Effective;No;No;No;No;No;No;0.0;-6.0;0.25;-6.1;0.39;-6.17;0.47;-6.22;0.51;-6.25;;;;;;
637;18.6;24.6;0.5;5;80;7;Successful;Effective;No;No;No;No;No;No;0.0;-7.0;0.2;-7.11;0.32;-7.19;0.38;-7.24;0.41;-7.25;;;;;;
638;18.6;24.6;0.5;8;80;7;Successful;Effective;No;No;No;No;No;No;0.0;-7.0;0.2;-7.11;0.32;-7.19;0.38;-7.24;0.41;-7.25;;;;;;
639;18.6;24.6;0.5;10;80;7;Successful;Effective;No;No;No;No;No;No;0.0;-7.0;0.2;-7.11;0.32;-7.19;0.38;-7.24;0.41;-7.25;;;;;;
640;18.6;24.6;0.5;5;100;7;Successful;Effective;No;No;No;No;No;No;0.0;-7.0;0.25;-7.11;0.39;-7.19;0.47;-7.25;0.51;-7.27;;;;;;
641;18.6;24.6;0.5;8;100;7;Successful;Effective;No;No;No;No;No;No;0.0;-7.0;0.25;-7.11;0.39;-7.19;0.47;-7.25;0.51;-7.27;;;;;;
642;18.6;24.6;0.5;10;100;7;Successful;Effective;No;No;No;No;No;No;0.0;-7.0;0.25;-7.11;0.39;-7.19;0.47;-7.25;0.51;-7.27;;;;;;
643;18.6;24.6;0.5;5;80;8;Successful;Effective;No;No;No;No;No;No;0.0;-7.99;0.2;-8.12;0.32;-8.21;0.38;-8.26;0.41;-8.28;;;;;;
644;18.6;24.6;0.5;8;80;8;Successful;Effective;No;No;No;No;No;No;0.0;-7.99;0.2;-8.12;0.32;-8.21;0.38;-8.26;0.41;-8.28;;;;;;
645;18.6;24.6;0.5;10;80;8;Successful;Effective;No;No;No;No;No;No;0.0;-7.99;0.2;-8.12;0.32;-8.21;0.38;-8.26;0.41;-8.28;;;;;;
646;18.6;24.6;0.5;5;100;8;Successful;Effective;No;No;No;No;No;No;0.0;-8.0;0.25;-8.12;0.39;-8.22;0.47;-8.27;0.51;-8.3;;;;;;
647;18.6;24.6;0.5;8;100;8;Successful;Effective;No;No;No;No;No;No;0.0;-8.0;0.25;-8.12;0.39;-8.22;0.47;-8.27;0.51;-8.3;;;;;;
648;18.6;24.6;0.5;10;100;8;Successful;Effective;No;No;No;No;No;No;0.0;-8.0;0.25;-8.12;0.39;-8.22;0.47;-8.27;0.51;-8.3;;;;;;
649;18.7;24.7;0.5;5;80;5;Successful;Effective;No;No;No;No;No;No;0.0;-5.0;0.2;-5.08;0.32;-5.14;0.38;-5.19;0.41;-5.2;;;;;;
650;18.7;24.7;0.5;8;80;5;Successful;Effective;No;No;No;No;No;No;0.0;-5.0;0.2;-5.08;0.32;-5.14;0.38;-5.19;0.41;-5.2;;;;;;
651;18.7;24.7;0.5;10;80;5;Successful;Effective;No;No;No;No;No;No;0.0;-5.0;0.2;-5.08;0.32;-5.14;0.38;-5.19;0.41;-5.2;;;;;;
652;18.7;24.7;0.5;5;100;5;Successful;Effective;No;No;No;No;No;No;0.0;-5.0;0.25;-5.08;0.39;-5.15;0.47;-5.2;0.51;-5.22;;;;;;
653;18.7;24.7;0.5;8;100;5;Successful;Effective;No;No;No;No;No;No;0.0;-5.0;0.25;-5.08;0.39;-5.15;0.47;-5.2;0.51;-5.22;;;;;;
654;18.7;24.7;0.5;10;100;5;Successful;Effective;No;No;No;No;No;No;0.0;-5.0;0.25;-5.08;0.39;-5.15;0.47;-5.2;0.51;-5.22;;;;;;
655;18.7;24.7;0.5;5;80;6;Successful;Effective;No;No;No;No;No;No;0.0;-6.0;0.2;-6.09;0.32;-6.16;0.38;-6.21;0.41;-6.23;;;;;;
656;18.7;24.7;0.5;8;80;6;Successful;Effective;No;No;No;No;No;No;0.0;-6.0;0.2;-6.09;0.32;-6.16;0.38;-6.21;0.41;-6.23;;;;;;
657;18.7;24.7;0.5;10;80;6;Successful;Effective;No;No;No;No;No;No;0.0;-6.0;0.2;-6.09;0.32;-6.16;0.38;-6.21;0.41;-6.23;;;;;;
658;18.7;24.7;0.5;5;100;6;Successful;Effective;No;No;No;No;No;No;0.0;-6.0;0.25;-6.1;0.39;-6.17;0.47;-6.22;0.51;-6.25;;;;;;
659;18.7;24.7;0.5;8;100;6;Successful;Effective;No;No;No;No;No;No;0.0;-6.0;0.25;-6.1;0.39;-6.17;0.47;-6.22;0.51;-6.25;;;;;;
660;18.7;24.7;0.5;10;100;6;Successful;Effective;No;No;No;No;No;No;0.0;-6.0;0.25;-6.1;0.39;-6.17;0.47;-6.22;0.51;-6.25;;;;;;
661;18.7;24.7;0.5;5;80;7;Successful;Effective;No;No;No;No;No;No;0.0;-7.0;0.2;-7.11;0.32;-7.19;0.38;-7.24;0.41;-7.26;;;;;;
662;18.7;24.7;0.5;8;80;7;Successful;Effective;No;No;No;No;No;No;0.0;-7.0;0.2;-7.11;0.32;-7.19;0.38;-7.24;0.41;-7.26;;;;;;
663;18.7;24.7;0.5;10;80;7;Successful;Effective;No;No;No;No;No;No;0.0;-7.0;0.2;-7.11;0.32;-7.19;0.38;-7.24;0.41;-7.26;;;;;;
664;18.7;24.7;0.5;5;100;7;Successful;Effective;No;No;No;No;No;No;0.0;-7.0;0.25;-7.11;0.39;-7.2;0.47;-7.25;0.51;-7.27;;;;;;
665;18.7;24.7;0.5;8;100;7;Successful;Effective;No;No;No;No;No;No;0.0;-7.0;0.25;-7.11;0.39;-7.2;0.47;-7.25;0.51;-7.27;;;;;;
666;18.7;24.7;0.5;10;100;7;Successful;Effective;No;No;No;No;No;No;0.0;-7.0;0.25;-7.11;0.39;-7.2;0.47;-7.25;0.51;-7.27;;;;;;
667;18.7;24.7;0.5;5;80;8;Successful;Effective;No;No;No;No;No;No;0.0;-7.99;0.2;-8.12;0.32;-8.21;0.38;-8.26;0.41;-8.28;;;;;;
668;18.7;24.7;0.5;8;80;8;Successful;Effective;No;No;No;No;No;No;0.0;-7.99;0.2;-8.12;0.32;-8.21;0.38;-8.26;0.41;-8.28;;;;;;
669;18.7;24.7;0.5;10;80;8;Successful;Effective;No;No;No;No;No;No;0.0;-7.99;0.2;-8.12;0.32;-8.21;0.38;-8.26;0.41;-8.28;;;;;;
670;18.7;24.7;0.5;5;100;8;Successful;Effective;No;No;No;No;No;No;0.0;-8.0;0.25;-8.12;0.39;-8.22;0.47;-8.28;0.51;-8.3;;;;;;
671;18.7;24.7;0.5;8;100;8;Successful;Effective;No;No;No;No;No;No;0.0;-8.0;0.25;-8.12;0.39;-8.22;0.47;-8.28;0.51;-8.3;;;;;;
672;18.7;24.7;0.5;10;100;8;Successful;Effective;No;No;No;No;No;No;0.0;-8.0;0.25;-8.12;0.39;-8.22;0.47;-8.28;0.51;-8.3;;;;;;
673;18.8;24.8;0.5;5;80;5;Successful;Effective;No;No;No;No;No;No;0.0;-5.0;0.2;-5.08;0.32;-5.14;0.38;-5.19;0.41;-5.2;;;;;;
674;18.8;24.8;0.5;8;80;5;Successful;Effective;No;No;No;No;No;No;0.0;-5.0;0.2;-5.08;0.32;-5.14;0.38;-5.19;0.41;-5.2;;;;;;
675;18.8;24.8;0.5;10;80;5;Successful;Effective;No;No;No;No;No;No;0.0;-5.0;0.2;-5.08;0.32;-5.14;0.38;-5.19;0.41;-5.2;;;;;;
676;18.8;24.8;0.5;5;100;5;Successful;Effective;No;No;No;No;No;No;0.0;-5.0;0.25;-5.08;0.39;-5.15;0.47;-5.2;0.51;-5.22;;;;;;
677;18.8;24.8;0.5;8;100;5;Successful;Effective;No;No;No;No;No;No;0.0;-5.0;0.25;-5.08;0.39;-5.15;0.47;-5.2;0.51;-5.22;;;;;;
678;18.8;24.8;0.5;10;100;5;Successful;Effective;No;No;No;No;No;No;0.0;-5.0;0.25;-5.08;0.39;-5.15;0.47;-5.2;0.51;-5.22;;;;;;
679;18.8;24.8;0.5;5;80;6;Successful;Effective;No;No;No;No;No;No;0.0;-6.0;0.2;-6.09;0.32;-6.17;0.38;-6.21;0.41;-6.23;;;;;;
680;18.8;24.8;0.5;8;80;6;Successful;Effective;No;No;No;No;No;No;0.0;-6.0;0.2;-6.09;0.32;-6.17;0.38;-6.21;0.41;-6.23;;;;;;
681;18.8;24.8;0.5;10;80;6;Successful;Effective;No;No;No;No;No;No;0.0;-6.0;0.2;-6.09;0.32;-6.17;0.38;-6.21;0.41;-6.23;;;;;;
682;18.8;24.8;0.5;5;100;6;Successful;Effective;No;No;No;No;No;No;0.0;-6.0;0.25;-6.1;0.39;-6.18;0.47;-6.23;0.51;-6.25;;;;;;
683;18.8;24.8;0.5;8;100;6;Successful;Effective;No;No;No;No;No;No;0.0;-6.0;0.25;-6.1;0.39;-6.18;0.47;-6.23;0.51;-6.25;;;;;;
684;18.8;24.8;0.5;10;100;6;Successful;Effective;No;No;No;No;No;No;0.0;-6.0;0.25;-6.1;0.39;-6.18;0.47;-6.23;0.51;-6.25;;;;;;
685;18.8;24.8;0.5;5;80;7;Successful;Effective;No;No;No;No;No;No;0.0;-7.0;0.2;-7.11;0.32;-7.19;0.38;-7.24;0.41;-7.26;;;;;;
686;18.8;24.8;0.5;8;80;7;Successful;Effective;No;No;No;No;No;No;0.0;-7.0;0.2;-7.11;0.32;-7.19;0.38;-7.24;0.41;-7.26;;;;;;
687;18.8;24.8;0.5;10;80;7;Successful;Effective;No;No;No;No;No;No;0.0;-7.0;0.2;-7.11;0.32;-7.19;0.38;-7.24;0.41;-7.26;;;;;;
688;18.8;24.8;0.5;5;100;7;Successful;Effective;No;No;No;No;No;No;0.0;-7.0;0.25;-7.11;0.39;-7.2;0.47;-7.25;0.51;-7.28;;;;;;
689;18.8;24.8;0.5;8;100;7;Successful;Effective;No;No;No;No;No;No;0.0;-7.0;0.25;-7.11;0.39;-7.2;0.47;-7.25;0.51;-7.28;;;;;;
690;18.8;24.8;0.5;10;100;7;Successful;Effective;No;No;No;No;No;No;0.0;-7.0;0.25;-7.11;0.39;-7.2;0.47;-7.25;0.51;-7.28;;;;;;
691;18.8;24.8;0.5;5;80;8;Successful;Effective;No;No;No;No;No;No;0.0;-7.99;0.2;-8.12;0.32;-8.21;0.38;-8.27;0.41;-8.28;;;;;;
692;18.8;24.8;0.5;8;80;8;Successful;Effective;No;No;No;No;No;No;0.0;-7.99;0.2;-8.12;0.32;-8.21;0.38;-8.27;0.41;-8.28;;;;;;
693;18.8;24.8;0.5;10;80;8;Successful;Effective;No;No;No;No;No;No;0.0;-7.99;0.2;-8.12;0.32;-8.21;0.38;-8.27;0.41;-8.28;;;;;;
694;18.8;24.8;0.5;5;100;8;Successful;Effective;No;No;No;No;No;No;0.0;-8.0;0.25;-8.12;0.39;-8.22;0.47;-8.28;0.51;-8.3;;;;;;
695;18.8;24.8;0.5;8;100;8;Successful;Effective;No;No;No;No;No;No;0.0;-8.0;0.25;-8.12;0.39;-8.22;0.47;-8.28;0.51;-8.3;;;;;;
696;18.8;24.8;0.5;10;100;8;Successful;Effective;No;No;No;No;No;No;0.0;-8.0;0.25;-8.12;0.39;-8.22;0.47;-8.28;0.51;-8.3;;;;;;
697;18.9;24.9;0.5;5;80;5;Successful;Effective;No;No;No;No;No;No;0.0;-5.0;0.2;-5.08;0.32;-5.15;0.38;-5.19;0.41;-5.21;;;;;;
698;18.9;24.9;0.5;8;80;5;Successful;Effective;No;No;No;No;No;No;0.0;-5.0;0.2;-5.08;0.32;-5.15;0.38;-5.19;0.41;-5.21;;;;;;
699;18.9;24.9;0.5;10;80;5;Successful;Effective;No;No;No;No;No;No;0.0;-5.0;0.2;-5.08;0.32;-5.15;0.38;-5.19;0.41;-5.21;;;;;;
700;18.9;24.9;0.5;5;100;5;Successful;Effective;No;No;No;No;No;No;0.0;-5.0;0.25;-5.08;0.39;-5.16;0.47;-5.2;0.51;-5.22;;;;;;
701;18.9;24.9;0.5;8;100;5;Successful;Effective;No;No;No;No;No;No;0.0;-5.0;0.25;-5.08;0.39;-5.16;0.47;-5.2;0.51;-5.22;;;;;;
702;18.9;24.9;0.5;10;100;5;Successful;Effective;No;No;No;No;No;No;0.0;-5.0;0.25;-5.08;0.39;-5.16;0.47;-5.2;0.51;-5.22;;;;;;
703;18.9;24.9;0.5;5;80;6;Successful;Effective;No;No;No;No;No;No;0.0;-6.0;0.2;-6.09;0.32;-6.17;0.38;-6.21;0.41;-6.23;;;;;;
704;18.9;24.9;0.5;8;80;6;Successful;Effective;No;No;No;No;No;No;0.0;-6.0;0.2;-6.09;0.32;-6.17;0.38;-6.21;0.41;-6.23;;;;;;
705;18.9;24.9;0.5;10;80;6;Successful;Effective;No;No;No;No;No;No;0.0;-6.0;0.2;-6.09;0.32;-6.17;0.38;-6.21;0.41;-6.23;;;;;;
706;18.9;24.9;0.5;5;100;6;Successful;Effective;No;No;No;No;No;No;0.0;-6.0;0.25;-6.1;0.39;-6.18;0.47;-6.23;0.51;-6.25;;;;;;
707;18.9;24.9;0.5;8;100;6;Successful;Effective;No;No;No;No;No;No;0.0;-6.0;0.25;-6.1;0.39;-6.18;0.47;-6.23;0.51;-6.25;;;;;;
708;18.9;24.9;0.5;10;100;6;Successful;Effective;No;No;No;No;No;No;0.0;-6.0;0.25;-6.1;0.39;-6.18;0.47;-6.23;0.51;-6.25;;;;;;
709;18.9;24.9;0.5;5;80;7;Successful;Effective;No;No;No;No;No;No;0.0;-7.0;0.2;-7.11;0.32;-7.19;0.38;-7.24;0.41;-7.26;;;;;;
710;18.9;24.9;0.5;8;80;7;Successful;Effective;No;No;No;No;No;No;0.0;-7.0;0.2;-7.11;0.32;-7.19;0.38;-7.24;0.41;-7.26;;;;;;
711;18.9;24.9;0.5;10;80;7;Successful;Effective;No;No;No;No;No;No;0.0;-7.0;0.2;-7.11;0.32;-7.19;0.38;-7.24;0.41;-7.26;;;;;;
712;18.9;24.9;0.5;5;100;7;Successful;Effective;No;No;No;No;No;No;0.0;-7.0;0.25;-7.11;0.39;-7.2;0.47;-7.25;0.51;-7.28;;;;;;
713;18.9;24.9;0.5;8;100;7;Successful;Effective;No;No;No;No;No;No;0.0;-7.0;0.25;-7.11;0.39;-7.2;0.47;-7.25;0.51;-7.28;;;;;;
714;18.9;24.9;0.5;10;100;7;Successful;Effective;No;No;No;No;No;No;0.0;-7.0;0.25;-7.11;0.39;-7.2;0.47;-7.25;0.51;-7.28;;;;;;
715;18.9;24.9;0.5;5;80;8;Successful;Effective;No;No;No;No;No;No;0.0;-7.99;0.2;-8.12;0.32;-8.21;0.38;-8.27;0.41;-8.29;;;;;;
716;18.9;24.9;0.5;8;80;8;Successful;Effective;No;No;No;No;No;No;0.0;-7.99;0.2;-8.12;0.32;-8.21;0.38;-8.27;0.41;-8.29;;;;;;
717;18.9;24.9;0.5;10;80;8;Successful;Effective;No;No;No;No;No;No;0.0;-7.99;0.2;-8.12;0.32;-8.21;0.38;-8.27;0.41;-8.29;;;;;;
718;18.9;24.9;0.5;5;100;8;Successful;Effective;No;No;No;No;No;No;0.0;-8.0;0.25;-8.12;0.39;-8.22;0.47;-8.28;0.51;-8.3;;;;;;
719;18.9;24.9;0.5;8;100;8;Successful;Effective;No;No;No;No;No;No;0.0;-8.0;0.25;-8.12;0.39;-8.22;0.47;-8.28;0.51;-8.3;;;;;;
720;18.9;24.9;0.5;10;100;8;Successful;Effective;No;No;No;No;No;No;0.0;-8.0;0.25;-8.12;0.39;-8.22;0.47;-8.28;0.51;-8.3;;;;;;
721;19.0;25.0;0.5;5;80;5;Successful;Effective;No;No;No;No;No;No;0.0;-5.0;0.2;-5.08;0.32;-5.15;0.38;-5.19;0.41;-5.21;;;;;;
722;19.0;25.0;0.5;8;80;5;Successful;Effective;No;No;No;No;No;No;0.0;-5.0;0.2;-5.08;0.32;-5.15;0.38;-5.19;0.41;-5.21;;;;;;
723;19.0;25.0;0.5;10;80;5;Successful;Effective;No;No;No;No;No;No;0.0;-5.0;0.2;-5.08;0.32;-5.15;0.38;-5.19;0.41;-5.21;;;;;;
724;19.0;25.0;0.5;5;100;5;Successful;Effective;No;No;No;No;No;No;0.0;-5.0;0.25;-5.08;0.39;-5.16;0.47;-5.2;0.51;-5.22;;;;;;
725;19.0;25.0;0.5;8;100;5;Successful;Effective;No;No;No;No;No;No;0.0;-5.0;0.25;-5.08;0.39;-5.16;0.47;-5.2;0.51;-5.22;;;;;;
726;19.0;25.0;0.5;10;100;5;Successful;Effective;No;No;No;No;No;No;0.0;-5.0;0.25;-5.08;0.39;-5.16;0.47;-5.2;0.51;-5.22;;;;;;
727;19.0;25.0;0.5;5;80;6;Successful;Effective;No;No;No;No;No;No;0.0;-6.0;0.2;-6.09;0.32;-6.17;0.38;-6.21;0.41;-6.23;;;;;;
728;19.0;25.0;0.5;8;80;6;Successful;Effective;No;No;No;No;No;No;0.0;-6.0;0.2;-6.09;0.32;-6.17;0.38;-6.21;0.41;-6.23;;;;;;
729;19.0;25.0;0.5;10;80;6;Successful;Effective;No;No;No;No;No;No;0.0;-6.0;0.2;-6.09;0.32;-6.17;0.38;-6.21;0.41;-6.23;;;;;;
730;19.0;25.0;0.5;5;100;6;Successful;Effective;No;No;No;No;No;No;0.0;-6.0;0.25;-6.1;0.39;-6.18;0.47;-6.23;0.51;-6.25;;;;;;
731;19.0;25.0;0.5;8;100;6;Successful;Effective;No;No;No;No;No;No;0.0;-6.0;0.25;-6.1;0.39;-6.18;0.47;-6.23;0.51;-6.25;;;;;;
732;19.0;25.0;0.5;10;100;6;Successful;Effective;No;No;No;No;No;No;0.0;-6.0;0.25;-6.1;0.39;-6.18;0.47;-6.23;0.51;-6.25;;;;;;
733;19.0;25.0;0.5;5;80;7;Successful;Effective;No;No;No;No;No;No;0.0;-7.0;0.2;-7.11;0.32;-7.19;0.38;-7.24;0.41;-7.26;;;;;;
734;19.0;25.0;0.5;8;80;7;Successful;Effective;No;No;No;No;No;No;0.0;-7.0;0.2;-7.11;0.32;-7.19;0.38;-7.24;0.41;-7.26;;;;;;
735;19.0;25.0;0.5;10;80;7;Successful;Effective;No;No;No;No;No;No;0.0;-7.0;0.2;-7.11;0.32;-7.19;0.38;-7.24;0.41;-7.26;;;;;;
736;19.0;25.0;0.5;5;100;7;Successful;Effective;No;No;No;No;No;No;0.0;-7.0;0.25;-7.11;0.39;-7.2;0.47;-7.26;0.51;-7.28;;;;;;
737;19.0;25.0;0.5;8;100;7;Successful;Effective;No;No;No;No;No;No;0.0;-7.0;0.25;-7.11;0.39;-7.2;0.47;-7.26;0.51;-7.28;;;;;;
738;19.0;25.0;0.5;10;100;7;Successful;Effective;No;No;No;No;No;No;0.0;-7.0;0.25;-7.11;0.39;-7.2;0.47;-7.26;0.51;-7.28;;;;;;
739;19.0;25.0;0.5;5;80;8;Successful;Effective;No;No;No;No;No;No;0.0;-7.99;0.2;-8.12;0.32;-8.21;0.38;-8.27;0.41;-8.29;;;;;;
740;19.0;25.0;0.5;8;80;8;Successful;Effective;No;No;No;No;No;No;0.0;-7.99;0.2;-8.12;0.32;-8.21;0.38;-8.27;0.41;-8.29;;;;;;
741;19.0;25.0;0.5;10;80;8;Successful;Effective;No;No;No;No;No;No;0.0;-7.99;0.2;-8.12;0.32;-8.21;0.38;-8.27;0.41;-8.29;;;;;;
742;19.0;25.0;0.5;5;100;8;Successful;Effective;No;No;No;No;No;No;0.0;-8.0;0.25;-8.12;0.39;-8.22;0.47;-8.28;0.51;-8.3;;;;;;
743;19.0;25.0;0.5;8;100;8;Successful;Effective;No;No;No;No;No;No;0.0;-8.0;0.25;-8.12;0.39;-8.22;0.47;-8.28;0.51;-8.3;;;;;;
744;19.0;25.0;0.5;10;100;8;Successful;Effective;No;No;No;No;No;No;0.0;-8.0;0.25;-8.12;0.39;-8.22;0.47;-8.28;0.51;-8.3;;;;;;
745;19.1;25.1;0.5;5;80;5;Successful;Effective;No;No;No;No;No;No;0.0;-5.0;0.2;-5.08;0.32;-5.15;0.38;-5.19;0.41;-5.21;;;;;;
746;19.1;25.1;0.5;8;80;5;Successful;Effective;No;No;No;No;No;No;0.0;-5.0;0.2;-5.08;0.32;-5.15;0.38;-5.19;0.41;-5.21;;;;;;
747;19.1;25.1;0.5;10;80;5;Successful;Effective;No;No;No;No;No;No;0.0;-5.0;0.2;-5.08;0.32;-5.15;0.38;-5.19;0.41;-5.21;;;;;;
748;19.1;25.1;0.5;5;100;5;Successful;Effective;No;No;No;No;No;No;0.0;-5.0;0.25;-5.09;0.39;-5.16;0.47;-5.2;0.51;-5.22;;;;;;
749;19.1;25.1;0.5;8;100;5;Successful;Effective;No;No;No;No;No;No;0.0;-5.0;0.25;-5.09;0.39;-5.16;0.47;-5.2;0.51;-5.22;;;;;;
750;19.1;25.1;0.5;10;100;5;Successful;Effective;No;No;No;No;No;No;0.0;-5.0;0.25;-5.09;0.39;-5.16;0.47;-5.2;0.51;-5.22;;;;;;
751;19.1;25.1;0.5;5;80;6;Successful;Effective;No;No;No;No;No;No;0.0;-6.0;0.2;-6.09;0.32;-6.17;0.38;-6.22;0.41;-6.23;;;;;;
752;19.1;25.1;0.5;8;80;6;Successful;Effective;No;No;No;No;No;No;0.0;-6.0;0.2;-6.09;0.32;-6.17;0.38;-6.22;0.41;-6.23;;;;;;
753;19.1;25.1;0.5;10;80;6;Successful;Effective;No;No;No;No;No;No;0.0;-6.0;0.2;-6.09;0.32;-6.17;0.38;-6.22;0.41;-6.23;;;;;;
754;19.1;25.1;0.5;5;100;6;Successful;Effective;No;No;No;No;No;No;0.0;-6.0;0.25;-6.1;0.39;-6.18;0.47;-6.23;0.51;-6.25;;;;;;
755;19.1;25.1;0.5;8;100;6;Successful;Effective;No;No;No;No;No;No;0.0;-6.0;0.25;-6.1;0.39;-6.18;0.47;-6.23;0.51;-6.25;;;;;;
756;19.1;25.1;0.5;10;100;6;Successful;Effective;No;No;No;No;No;No;0.0;-6.0;0.25;-6.1;0.39;-6.18;0.47;-6.23;0.51;-6.25;;;;;;
757;19.1;25.1;0.5;5;80;7;Successful;Effective;No;No;No;No;No;No;0.0;-7.0;0.2;-7.11;0.32;-7.19;0.38;-7.24;0.41;-7.26;;;;;;
758;19.1;25.1;0.5;8;80;7;Successful;Effective;No;No;No;No;No;No;0.0;-7.0;0.2;-7.11;0.32;-7.19;0.38;-7.24;0.41;-7.26;;;;;;
759;19.1;25.1;0.5;10;80;7;Successful;Effective;No;No;No;No;No;No;0.0;-7.0;0.2;-7.11;0.32;-7.19;0.38;-7.24;0.41;-7.26;;;;;;
760;19.1;25.1;0.5;5;100;7;Successful;Effective;No;No;No;No;No;No;0.0;-7.0;0.25;-7.11;0.39;-7.2;0.47;-7.26;0.51;-7.28;;;;;;
761;19.1;25.1;0.5;8;100;7;Successful;Effective;No;No;No;No;No;No;0.0;-7.0;0.25;-7.11;0.39;-7.2;0.47;-7.26;0.51;-7.28;;;;;;
762;19.1;25.1;0.5;10;100;7;Successful;Effective;No;No;No;No;No;No;0.0;-7.0;0.25;-7.11;0.39;-7.2;0.47;-7.26;0.51;-7.28;;;;;;
763;19.1;25.1;0.5;5;80;8;Successful;Effective;No;No;No;No;No;No;0.0;-7.99;0.2;-8.12;0.32;-8.22;0.38;-8.27;0.41;-8.29;;;;;;
764;19.1;25.1;0.5;8;80;8;Successful;Effective;No;No;No;No;No;No;0.0;-7.99;0.2;-8.12;0.32;-8.22;0.38;-8.27;0.41;-8.29;;;;;;
765;19.1;25.1;0.5;10;80;8;Successful;Effective;No;No;No;No;No;No;0.0;-7.99;0.2;-8.12;0.32;-8.22;0.38;-8.27;0.41;-8.29;;;;;;
766;19.1;25.1;0.5;5;100;8;Successful;Effective;No;No;No;No;No;No;0.0;-8.0;0.25;-8.12;0.39;-8.23;0.47;-8.28;0.51;-8.31;;;;;;
767;19.1;25.1;0.5;8;100;8;Successful;Effective;No;No;No;No;No;No;0.0;-8.0;0.25;-8.12;0.39;-8.23;0.47;-8.28;0.51;-8.31;;;;;;
768;19.1;25.1;0.5;10;100;8;Successful;Effective;No;No;No;No;No;No;0.0;-8.0;0.25;-8.12;0.39;-8.23;0.47;-8.28;0.51;-8.31;;;;;;
769;19.2;25.2;0.5;5;80;5;Successful;Effective;No;No;No;No;No;No;0.0;-5.0;0.2;-5.08;0.32;-5.15;0.38;-5.19;0.41;-5.21;;;;;;
770;19.2;25.2;0.5;8;80;5;Successful;Effective;No;No;No;No;No;No;0.0;-5.0;0.2;-5.08;0.32;-5.15;0.38;-5.19;0.41;-5.21;;;;;;
771;19.2;25.2;0.5;10;80;5;Successful;Effective;No;No;No;No;No;No;0.0;-5.0;0.2;-5.08;0.32;-5.15;0.38;-5.19;0.41;-5.21;;;;;;
772;19.2;25.2;0.5;5;100;5;Successful;Effective;No;No;No;No;No;No;0.0;-5.0;0.25;-5.09;0.39;-5.16;0.47;-5.2;0.51;-5.22;;;;;;
773;19.2;25.2;0.5;8;100;5;Successful;Effective;No;No;No;No;No;No;0.0;-5.0;0.25;-5.09;0.39;-5.16;0.47;-5.2;0.51;-5.22;;;;;;
774;19.2;25.2;0.5;10;100;5;Successful;Effective;No;No;No;No;No;No;0.0;-5.0;0.25;-5.09;0.39;-5.16;0.47;-5.2;0.51;-5.22;;;;;;
775;19.2;25.2;0.5;5;80;6;Successful;Effective;No;No;No;No;No;No;0.0;-6.0;0.2;-6.09;0.32;-6.17;0.38;-6.22;0.41;-6.23;;;;;;
776;19.2;25.2;0.5;8;80;6;Successful;Effective;No;No;No;No;No;No;0.0;-6.0;0.2;-6.09;0.32;-6.17;0.38;-6.22;0.41;-6.23;;;;;;
777;19.2;25.2;0.5;10;80;6;Successful;Effective;No;No;No;No;No;No;0.0;-6.0;0.2;-6.09;0.32;-6.17;0.38;-6.22;0.41;-6.23;;;;;;
778;19.2;25.2;0.5;5;100;6;Successful;Effective;No;No;No;No;No;No;0.0;-6.0;0.25;-6.1;0.39;-6.18;0.47;-6.23;0.51;-6.25;;;;;;
779;19.2;25.2;0.5;8;100;6;Successful;Effective;No;No;No;No;No;No;0.0;-6.0;0.25;-6.1;0.39;-6.18;0.47;-6.23;0.51;-6.25;;;;;;
780;19.2;25.2;0.5;10;100;6;Successful;Effective;No;No;No;No;No;No;0.0;-6.0;0.25;-6.1;0.39;-6.18;0.47;-6.23;0.51;-6.25;;;;;;
781;19.2;25.2;0.5;5;80;7;Successful;Effective;No;No;No;No;No;No;0.0;-7.0;0.2;-7.11;0.32;-7.19;0.38;-7.24;0.41;-7.26;;;;;;
782;19.2;25.2;0.5;8;80;7;Successful;Effective;No;No;No;No;No;No;0.0;-7.0;0.2;-7.11;0.32;-7.19;0.38;-7.24;0.41;-7.26;;;;;;
783;19.2;25.2;0.5;10;80;7;Successful;Effective;No;No;No;No;No;No;0.0;-7.0;0.2;-7.11;0.32;-7.19;0.38;-7.24;0.41;-7.26;;;;;;
784;19.2;25.2;0.5;5;100;7;Successful;Effective;No;No;No;No;No;No;0.0;-7.0;0.25;-7.11;0.39;-7.2;0.47;-7.26;0.51;-7.28;;;;;;
785;19.2;25.2;0.5;8;100;7;Successful;Effective;No;No;No;No;No;No;0.0;-7.0;0.25;-7.11;0.39;-7.2;0.47;-7.26;0.51;-7.28;;;;;;
786;19.2;25.2;0.5;10;100;7;Successful;Effective;No;No;No;No;No;No;0.0;-7.0;0.25;-7.11;0.39;-7.2;0.47;-7.26;0.51;-7.28;;;;;;
787;19.2;25.2;0.5;5;80;8;Successful;Effective;No;No;No;No;No;No;0.0;-7.99;0.2;-8.12;0.32;-8.22;0.38;-8.27;0.41;-8.29;;;;;;
788;19.2;25.2;0.5;8;80;8;Successful;Effective;No;No;No;No;No;No;0.0;-7.99;0.2;-8.12;0.32;-8.22;0.38;-8.27;0.41;-8.29;;;;;;
789;19.2;25.2;0.5;10;80;8;Successful;Effective;No;No;No;No;No;No;0.0;-7.99;0.2;-8.12;0.32;-8.22;0.38;-8.27;0.41;-8.29;;;;;;
790;19.2;25.2;0.5;5;100;8;Successful;Effective;No;No;No;No;No;No;0.0;-8.0;0.25;-8.12;0.39;-8.23;0.47;-8.28;0.51;-8.31;;;;;;
791;19.2;25.2;0.5;8;100;8;Successful;Effective;No;No;No;No;No;No;0.0;-8.0;0.25;-8.12;0.39;-8.23;0.47;-8.28;0.51;-8.31;;;;;;
792;19.2;25.2;0.5;10;100;8;Successful;Effective;No;No;No;No;No;No;0.0;-8.0;0.25;-8.12;0.39;-8.23;0.47;-8.28;0.51;-8.31;;;;;;
793;19.3;25.3;0.5;5;80;5;Successful;Effective;No;No;No;No;No;No;0.0;-5.0;0.2;-5.08;0.32;-5.15;0.38;-5.19;0.41;-5.21;;;;;;
794;19.3;25.3;0.5;8;80;5;Successful;Effective;No;No;No;No;No;No;0.0;-5.0;0.2;-5.08;0.32;-5.15;0.38;-5.19;0.41;-5.21;;;;;;
795;19.3;25.3;0.5;10;80;5;Successful;Effective;No;No;No;No;No;No;0.0;-5.0;0.2;-5.08;0.32;-5.15;0.38;-5.19;0.41;-5.21;;;;;;
796;19.3;25.3;0.5;5;100;5;Successful;Effective;No;No;No;No;No;No;0.0;-5.0;0.25;-5.09;0.39;-5.16;0.47;-5.2;0.51;-5.22;;;;;;
797;19.3;25.3;0.5;8;100;5;Successful;Effective;No;No;No;No;No;No;0.0;-5.0;0.25;-5.09;0.39;-5.16;0.47;-5.2;0.51;-5.22;;;;;;
798;19.3;25.3;0.5;10;100;5;Successful;Effective;No;No;No;No;No;No;0.0;-5.0;0.25;-5.09;0.39;-5.16;0.47;-5.2;0.51;-5.22;;;;;;
799;19.3;25.3;0.5;5;80;6;Successful;Effective;No;No;No;No;No;No;0.0;-6.0;0.2;-6.1;0.32;-6.17;0.38;-6.22;0.41;-6.23;;;;;;
800;19.3;25.3;0.5;8;80;6;Successful;Effective;No;No;No;No;No;No;0.0;-6.0;0.2;-6.1;0.32;-6.17;0.38;-6.22;0.41;-6.23;;;;;;
801;19.3;25.3;0.5;10;80;6;Successful;Effective;No;No;No;No;No;No;0.0;-6.0;0.2;-6.1;0.32;-6.17;0.38;-6.22;0.41;-6.23;;;;;;
802;19.3;25.3;0.5;5;100;6;Successful;Effective;No;No;No;No;No;No;0.0;-6.0;0.25;-6.1;0.39;-6.18;0.47;-6.23;0.51;-6.25;;;;;;
803;19.3;25.3;0.5;8;100;6;Successful;Effective;No;No;No;No;No;No;0.0;-6.0;0.25;-6.1;0.39;-6.18;0.47;-6.23;0.51;-6.25;;;;;;
804;19.3;25.3;0.5;10;100;6;Successful;Effective;No;No;No;No;No;No;0.0;-6.0;0.25;-6.1;0.39;-6.18;0.47;-6.23;0.51;-6.25;;;;;;
805;19.3;25.3;0.5;5;80;7;Successful;Effective;No;No;No;No;No;No;0.0;-7.0;0.2;-7.11;0.32;-7.19;0.38;-7.24;0.41;-7.26;;;;;;
806;19.3;25.3;0.5;8;80;7;Successful;Effective;No;No;No;No;No;No;0.0;-7.0;0.2;-7.11;0.32;-7.19;0.38;-7.24;0.41;-7.26;;;;;;
807;19.3;25.3;0.5;10;80;7;Successful;Effective;No;No;No;No;No;No;0.0;-7.0;0.2;-7.11;0.32;-7.19;0.38;-7.24;0.41;-7.26;;;;;;
808;19.3;25.3;0.5;5;100;7;Successful;Effective;No;No;No;No;No;No;0.0;-7.0;0.25;-7.11;0.39;-7.2;0.47;-7.26;0.51;-7.28;;;;;;
809;19.3;25.3;0.5;8;100;7;Successful;Effective;No;No;No;No;No;No;0.0;-7.0;0.25;-7.11;0.39;-7.2;0.47;-7.26;0.51;-7.28;;;;;;
810;19.3;25.3;0.5;10;100;7;Successful;Effective;No;No;No;No;No;No;0.0;-7.0;0.25;-7.11;0.39;-7.2;0.47;-7.26;0.51;-7.28;;;;;;
811;19.3;25.3;0.5;5;80;8;Successful;Effective;No;No;No;No;No;No;0.0;-7.99;0.2;-8.12;0.32;-8.22;0.38;-8.27;0.41;-8.29;;;;;;
812;19.3;25.3;0.5;8;80;8;Successful;Effective;No;No;No;No;No;No;0.0;-7.99;0.2;-8.12;0.32;-8.22;0.38;-8.27;0.41;-8.29;;;;;;
813;19.3;25.3;0.5;10;80;8;Successful;Effective;No;No;No;No;No;No;0.0;-7.99;0.2;-8.12;0.32;-8.22;0.38;-8.27;0.41;-8.29;;;;;;
814;19.3;25.3;0.5;5;100;8;Successful;Effective;No;No;No;No;No;No;0.0;-8.0;0.25;-8.13;0.39;-8.23;0.47;-8.28;0.51;-8.31;;;;;;
815;19.3;25.3;0.5;8;100;8;Successful;Effective;No;No;No;No;No;No;0.0;-8.0;0.25;-8.13;0.39;-8.23;0.47;-8.28;0.51;-8.31;;;;;;
816;19.3;25.3;0.5;10;100;8;Successful;Effective;No;No;No;No;No;No;0.0;-8.0;0.25;-8.13;0.39;-8.23;0.47;-8.28;0.51;-8.31;;;;;;
817;19.4;25.4;0.5;5;80;5;Successful;Effective;No;No;No;No;No;No;0.0;-5.0;0.2;-5.08;0.32;-5.15;0.38;-5.19;0.41;-5.21;;;;;;
818;19.4;25.4;0.5;8;80;5;Successful;Effective;No;No;No;No;No;No;0.0;-5.0;0.2;-5.08;0.32;-5.15;0.38;-5.19;0.41;-5.21;;;;;;
819;19.4;25.4;0.5;10;80;5;Successful;Effective;No;No;No;No;No;No;0.0;-5.0;0.2;-5.08;0.32;-5.15;0.38;-5.19;0.41;-5.21;;;;;;
820;19.4;25.4;0.5;5;100;5;Successful;Effective;No;No;No;No;No;No;0.0;-5.0;0.25;-5.09;0.39;-5.16;0.47;-5.2;0.51;-5.22;;;;;;
821;19.4;25.4;0.5;8;100;5;Successful;Effective;No;No;No;No;No;No;0.0;-5.0;0.25;-5.09;0.39;-5.16;0.47;-5.2;0.51;-5.22;;;;;;
822;19.4;25.4;0.5;10;100;5;Successful;Effective;No;No;No;No;No;No;0.0;-5.0;0.25;-5.09;0.39;-5.16;0.47;-5.2;0.51;-5.22;;;;;;
823;19.4;25.4;0.5;5;80;6;Successful;Effective;No;No;No;No;No;No;0.0;-6.0;0.2;-6.1;0.32;-6.17;0.38;-6.22;0.41;-6.23;;;;;;
824;19.4;25.4;0.5;8;80;6;Successful;Effective;No;No;No;No;No;No;0.0;-6.0;0.2;-6.1;0.32;-6.17;0.38;-6.22;0.41;-6.23;;;;;;
825;19.4;25.4;0.5;10;80;6;Successful;Effective;No;No;No;No;No;No;0.0;-6.0;0.2;-6.1;0.32;-6.17;0.38;-6.22;0.41;-6.23;;;;;;
826;19.4;25.4;0.5;5;100;6;Successful;Effective;No;No;No;No;No;No;0.0;-6.0;0.25;-6.1;0.39;-6.18;0.47;-6.23;0.51;-6.25;;;;;;
827;19.4;25.4;0.5;8;100;6;Successful;Effective;No;No;No;No;No;No;0.0;-6.0;0.25;-6.1;0.39;-6.18;0.47;-6.23;0.51;-6.25;;;;;;
828;19.4;25.4;0.5;10;100;6;Successful;Effective;No;No;No;No;No;No;0.0;-6.0;0.25;-6.1;0.39;-6.18;0.47;-6.23;0.51;-6.25;;;;;;
829;19.4;25.4;0.5;5;80;7;Successful;Effective;No;No;No;No;No;No;0.0;-7.0;0.2;-7.11;0.32;-7.19;0.38;-7.24;0.41;-7.26;;;;;;
830;19.4;25.4;0.5;8;80;7;Successful;Effective;No;No;No;No;No;No;0.0;-7.0;0.2;-7.11;0.32;-7.19;0.38;-7.24;0.41;-7.26;;;;;;
831;19.4;25.4;0.5;10;80;7;Successful;Effective;No;No;No;No;No;No;0.0;-7.0;0.2;-7.11;0.32;-7.19;0.38;-7.24;0.41;-7.26;;;;;;
832;19.4;25.4;0.5;5;100;7;Successful;Effective;No;No;No;No;No;No;0.0;-7.0;0.25;-7.11;0.39;-7.2;0.47;-7.26;0.51;-7.28;;;;;;
833;19.4;25.4;0.5;8;100;7;Successful;Effective;No;No;No;No;No;No;0.0;-7.0;0.25;-7.11;0.39;-7.2;0.47;-7.26;0.51;-7.28;;;;;;
834;19.4;25.4;0.5;10;100;7;Successful;Effective;No;No;No;No;No;No;0.0;-7.0;0.25;-7.11;0.39;-7.2;0.47;-7.26;0.51;-7.28;;;;;;
835;19.4;25.4;0.5;5;80;8;Successful;Effective;No;No;No;No;No;No;0.0;-7.99;0.2;-8.12;0.32;-8.22;0.38;-8.27;0.41;-8.29;;;;;;
836;19.4;25.4;0.5;8;80;8;Successful;Effective;No;No;No;No;No;No;0.0;-7.99;0.2;-8.12;0.32;-8.22;0.38;-8.27;0.41;-8.29;;;;;;
837;19.4;25.4;0.5;10;80;8;Successful;Effective;No;No;No;No;No;No;0.0;-7.99;0.2;-8.12;0.32;-8.22;0.38;-8.27;0.41;-8.29;;;;;;
838;19.4;25.4;0.5;5;100;8;Successful;Effective;No;No;No;No;No;No;0.0;-8.0;0.25;-8.13;0.39;-8.23;0.47;-8.28;0.51;-8.31;;;;;;
839;19.4;25.4;0.5;8;100;8;Successful;Effective;No;No;No;No;No;No;0.0;-8.0;0.25;-8.13;0.39;-8.23;0.47;-8.28;0.51;-8.31;;;;;;
840;19.4;25.4;0.5;10;100;8;Successful;Effective;No;No;No;No;No;No;0.0;-8.0;0.25;-8.13;0.39;-8.23;0.47;-8.28;0.51;-8.31;;;;;;
841;19.5;25.5;0.5;5;80;5;Successful;Effective;No;No;No;No;No;No;0.0;-5.0;0.2;-5.08;0.32;-5.15;0.38;-5.19;0.41;-5.21;;;;;;
842;19.5;25.5;0.5;8;80;5;Successful;Effective;No;No;No;No;No;No;0.0;-5.0;0.2;-5.08;0.32;-5.15;0.38;-5.19;0.41;-5.21;;;;;;
843;19.5;25.5;0.5;10;80;5;Successful;Effective;No;No;No;No;No;No;0.0;-5.0;0.2;-5.08;0.32;-5.15;0.38;-5.19;0.41;-5.21;;;;;;
844;19.5;25.5;0.5;5;100;5;Successful;Effective;No;No;No;No;No;No;0.0;-5.0;0.25;-5.09;0.39;-5.16;0.47;-5.2;0.51;-5.22;;;;;;
845;19.5;25.5;0.5;8;100;5;Successful;Effective;No;No;No;No;No;No;0.0;-5.0;0.25;-5.09;0.39;-5.16;0.47;-5.2;0.51;-5.22;;;;;;
846;19.5;25.5;0.5;10;100;5;Successful;Effective;No;No;No;No;No;No;0.0;-5.0;0.25;-5.09;0.39;-5.16;0.47;-5.2;0.51;-5.22;;;;;;
847;19.5;25.5;0.5;5;80;6;Successful;Effective;No;No;No;No;No;No;0.0;-6.0;0.2;-6.1;0.32;-6.17;0.38;-6.22;0.41;-6.23;;;;;;
848;19.5;25.5;0.5;8;80;6;Successful;Effective;No;No;No;No;No;No;0.0;-6.0;0.2;-6.1;0.32;-6.17;0.38;-6.22;0.41;-6.23;;;;;;
849;19.5;25.5;0.5;10;80;6;Successful;Effective;No;No;No;No;No;No;0.0;-6.0;0.2;-6.1;0.32;-6.17;0.38;-6.22;0.41;-6.23;;;;;;
850;19.5;25.5;0.5;5;100;6;Successful;Effective;No;No;No;No;No;No;0.0;-6.0;0.25;-6.1;0.39;-6.18;0.47;-6.23;0.51;-6.25;;;;;;
851;19.5;25.5;0.5;8;100;6;Successful;Effective;No;No;No;No;No;No;0.0;-6.0;0.25;-6.1;0.39;-6.18;0.47;-6.23;0.51;-6.25;;;;;;
852;19.5;25.5;0.5;10;100;6;Successful;Effective;No;No;No;No;No;No;0.0;-6.0;0.25;-6.1;0.39;-6.18;0.47;-6.23;0.51;-6.25;;;;;;
853;19.5;25.5;0.5;5;80;7;Successful;Effective;No;No;No;No;No;No;0.0;-7.0;0.2;-7.11;0.32;-7.19;0.38;-7.24;0.41;-7.26;;;;;;
854;19.5;25.5;0.5;8;80;7;Successful;Effective;No;No;No;No;No;No;0.0;-7.0;0.2;-7.11;0.32;-7.19;0.38;-7.24;0.41;-7.26;;;;;;
855;19.5;25.5;0.5;10;80;7;Successful;Effective;No;No;No;No;No;No;0.0;-7.0;0.2;-7.11;0.32;-7.19;0.38;-7.24;0.41;-7.26;;;;;;
856;19.5;25.5;0.5;5;100;7;Successful;Effective;No;No;No;No;No;No;0.0;-7.0;0.25;-7.11;0.39;-7.2;0.47;-7.26;0.51;-7.28;;;;;;
857;19.5;25.5;0.5;8;100;7;Successful;Effective;No;No;No;No;No;No;0.0;-7.0;0.25;-7.11;0.39;-7.2;0.47;-7.26;0.51;-7.28;;;;;;
858;19.5;25.5;0.5;10;100;7;Successful;Effective;No;No;No;No;No;No;0.0;-7.0;0.25;-7.11;0.39;-7.2;0.47;-7.26;0.51;-7.28;;;;;;
859;19.5;25.5;0.5;5;80;8;Successful;Effective;No;No;No;No;No;No;0.0;-7.99;0.2;-8.12;0.32;-8.22;0.38;-8.27;0.41;-8.29;;;;;;
860;19.5;25.5;0.5;8;80;8;Successful;Effective;No;No;No;No;No;No;0.0;-7.99;0.2;-8.12;0.32;-8.22;0.38;-8.27;0.41;-8.29;;;;;;
861;19.5;25.5;0.5;10;80;8;Successful;Effective;No;No;No;No;No;No;0.0;-7.99;0.2;-8.12;0.32;-8.22;0.38;-8.27;0.41;-8.29;;;;;;
862;19.5;25.5;0.5;5;100;8;Successful;Effective;No;No;No;No;No;No;0.0;-8.0;0.25;-8.13;0.39;-8.23;0.47;-8.28;0.51;-8.31;;;;;;
863;19.5;25.5;0.5;8;100;8;Successful;Effective;No;No;No;No;No;No;0.0;-8.0;0.25;-8.13;0.39;-8.23;0.47;-8.28;0.51;-8.31;;;;;;
864;19.5;25.5;0.5;10;100;8;Successful;Effective;No;No;No;No;No;No;0.0;-8.0;0.25;-8.13;0.39;-8.23;0.47;-8.28;0.51;-8.31;;;;;;
865;19.6;25.6;0.5;5;80;5;Successful;Effective;No;No;No;No;No;No;0.0;-5.0;0.2;-5.08;0.32;-5.15;0.38;-5.19;0.41;-5.21;;;;;;
866;19.6;25.6;0.5;8;80;5;Successful;Effective;No;No;No;No;No;No;0.0;-5.0;0.2;-5.08;0.32;-5.15;0.38;-5.19;0.41;-5.21;;;;;;
867;19.6;25.6;0.5;10;80;5;Successful;Effective;No;No;No;No;No;No;0.0;-5.0;0.2;-5.08;0.32;-5.15;0.38;-5.19;0.41;-5.21;;;;;;
868;19.6;25.6;0.5;5;100;5;Successful;Effective;No;No;No;No;No;No;0.0;-5.0;0.25;-5.09;0.39;-5.16;0.47;-5.2;0.51;-5.22;;;;;;
869;19.6;25.6;0.5;8;100;5;Successful;Effective;No;No;No;No;No;No;0.0;-5.0;0.25;-5.09;0.39;-5.16;0.47;-5.2;0.51;-5.22;;;;;;
870;19.6;25.6;0.5;10;100;5;Successful;Effective;No;No;No;No;No;No;0.0;-5.0;0.25;-5.09;0.39;-5.16;0.47;-5.2;0.51;-5.22;;;;;;
871;19.6;25.6;0.5;5;80;6;Successful;Effective;No;No;No;No;No;No;0.0;-6.0;0.2;-6.1;0.32;-6.17;0.38;-6.21;0.41;-6.23;;;;;;
872;19.6;25.6;0.5;8;80;6;Successful;Effective;No;No;No;No;No;No;0.0;-6.0;0.2;-6.1;0.32;-6.17;0.38;-6.21;0.41;-6.23;;;;;;
873;19.6;25.6;0.5;10;80;6;Successful;Effective;No;No;No;No;No;No;0.0;-6.0;0.2;-6.1;0.32;-6.17;0.38;-6.21;0.41;-6.23;;;;;;
874;19.6;25.6;0.5;5;100;6;Successful;Effective;No;No;No;No;No;No;0.0;-6.0;0.25;-6.1;0.39;-6.18;0.47;-6.23;0.51;-6.25;;;;;;
875;19.6;25.6;0.5;8;100;6;Successful;Effective;No;No;No;No;No;No;0.0;-6.0;0.25;-6.1;0.39;-6.18;0.47;-6.23;0.51;-6.25;;;;;;
876;19.6;25.6;0.5;10;100;6;Successful;Effective;No;No;No;No;No;No;0.0;-6.0;0.25;-6.1;0.39;-6.18;0.47;-6.23;0.51;-6.25;;;;;;
877;19.6;25.6;0.5;5;80;7;Successful;Effective;No;No;No;No;No;No;0.0;-7.0;0.2;-7.11;0.32;-7.19;0.38;-7.24;0.41;-7.26;;;;;;
878;19.6;25.6;0.5;8;80;7;Successful;Effective;No;No;No;No;No;No;0.0;-7.0;0.2;-7.11;0.32;-7.19;0.38;-7.24;0.41;-7.26;;;;;;
879;19.6;25.6;0.5;10;80;7;Successful;Effective;No;No;No;No;No;No;0.0;-7.0;0.2;-7.11;0.32;-7.19;0.38;-7.24;0.41;-7.26;;;;;;
880;19.6;25.6;0.5;5;100;7;Successful;Effective;No;No;No;No;No;No;0.0;-7.0;0.25;-7.12;0.39;-7.2;0.47;-7.26;0.51;-7.28;;;;;;
881;19.6;25.6;0.5;8;100;7;Successful;Effective;No;No;No;No;No;No;0.0;-7.0;0.25;-7.12;0.39;-7.2;0.47;-7.26;0.51;-7.28;;;;;;
882;19.6;25.6;0.5;10;100;7;Successful;Effective;No;No;No;No;No;No;0.0;-7.0;0.25;-7.12;0.39;-7.2;0.47;-7.26;0.51;-7.28;;;;;;
883;19.6;25.6;0.5;5;80;8;Successful;Effective;No;No;No;No;No;No;0.0;-7.99;0.2;-8.12;0.32;-8.22;0.38;-8.27;0.41;-8.29;;;;;;
884;19.6;25.6;0.5;8;80;8;Successful;Effective;No;No;No;No;No;No;0.0;-7.99;0.2;-8.12;0.32;-8.22;0.38;-8.27;0.41;-8.29;;;;;;
885;19.6;25.6;0.5;10;80;8;Successful;Effective;No;No;No;No;No;No;0.0;-7.99;0.2;-8.12;0.32;-8.22;0.38;-8.27;0.41;-8.29;;;;;;
886;19.6;25.6;0.5;5;100;8;Successful;Effective;No;No;No;No;No;No;0.0;-8.0;0.25;-8.13;0.39;-8.23;0.47;-8.28;0.51;-8.31;;;;;;
887;19.6;25.6;0.5;8;100;8;Successful;Effective;No;No;No;No;No;No;0.0;-8.0;0.25;-8.13;0.39;-8.23;0.47;-8.28;0.51;-8.31;;;;;;
888;19.6;25.6;0.5;10;100;8;Successful;Effective;No;No;No;No;No;No;0.0;-8.0;0.25;-8.13;0.39;-8.23;0.47;-8.28;0.51;-8.31;;;;;;
889;19.7;25.7;0.5;5;80;5;Successful;Effective;No;No;No;No;No;No;0.0;-5.0;0.2;-5.08;0.32;-5.15;0.38;-5.19;0.41;-5.21;;;;;;
890;19.7;25.7;0.5;8;80;5;Successful;Effective;No;No;No;No;No;No;0.0;-5.0;0.2;-5.08;0.32;-5.15;0.38;-5.19;0.41;-5.21;;;;;;
891;19.7;25.7;0.5;10;80;5;Successful;Effective;No;No;No;No;No;No;0.0;-5.0;0.2;-5.08;0.32;-5.15;0.38;-5.19;0.41;-5.21;;;;;;
892;19.7;25.7;0.5;5;100;5;Successful;Effective;No;No;No;No;No;No;0.0;-5.0;0.25;-5.09;0.39;-5.16;0.47;-5.2;0.51;-5.22;;;;;;
893;19.7;25.7;0.5;8;100;5;Successful;Effective;No;No;No;No;No;No;0.0;-5.0;0.25;-5.09;0.39;-5.16;0.47;-5.2;0.51;-5.22;;;;;;
894;19.7;25.7;0.5;10;100;5;Successful;Effective;No;No;No;No;No;No;0.0;-5.0;0.25;-5.09;0.39;-5.16;0.47;-5.2;0.51;-5.22;;;;;;
895;19.7;25.7;0.5;5;80;6;Successful;Effective;No;No;No;No;No;No;0.0;-6.0;0.2;-6.1;0.32;-6.17;0.38;-6.21;0.41;-6.23;;;;;;
896;19.7;25.7;0.5;8;80;6;Successful;Effective;No;No;No;No;No;No;0.0;-6.0;0.2;-6.1;0.32;-6.17;0.38;-6.21;0.41;-6.23;;;;;;
897;19.7;25.7;0.5;10;80;6;Successful;Effective;No;No;No;No;No;No;0.0;-6.0;0.2;-6.1;0.32;-6.17;0.38;-6.21;0.41;-6.23;;;;;;
898;19.7;25.7;0.5;5;100;6;Successful;Effective;No;No;No;No;No;No;0.0;-6.0;0.25;-6.1;0.39;-6.18;0.47;-6.23;0.51;-6.25;;;;;;
899;19.7;25.7;0.5;8;100;6;Successful;Effective;No;No;No;No;No;No;0.0;-6.0;0.25;-6.1;0.39;-6.18;0.47;-6.23;0.51;-6.25;;;;;;
900;19.7;25.7;0.5;10;100;6;Successful;Effective;No;No;No;No;No;No;0.0;-6.0;0.25;-6.1;0.39;-6.18;0.47;-6.23;0.51;-6.25;;;;;;
901;19.7;25.7;0.5;5;80;7;Successful;Effective;No;No;No;No;No;No;0.0;-7.0;0.2;-7.11;0.32;-7.19;0.38;-7.24;0.41;-7.26;;;;;;
902;19.7;25.7;0.5;8;80;7;Successful;Effective;No;No;No;No;No;No;0.0;-7.0;0.2;-7.11;0.32;-7.19;0.38;-7.24;0.41;-7.26;;;;;;
903;19.7;25.7;0.5;10;80;7;Successful;Effective;No;No;No;No;No;No;0.0;-7.0;0.2;-7.11;0.32;-7.19;0.38;-7.24;0.41;-7.26;;;;;;
904;19.7;25.7;0.5;5;100;7;Successful;Effective;No;No;No;No;No;No;0.0;-7.0;0.25;-7.12;0.39;-7.2;0.47;-7.25;0.51;-7.28;;;;;;
905;19.7;25.7;0.5;8;100;7;Successful;Effective;No;No;No;No;No;No;0.0;-7.0;0.25;-7.12;0.39;-7.2;0.47;-7.25;0.51;-7.28;;;;;;
906;19.7;25.7;0.5;10;100;7;Successful;Effective;No;No;No;No;No;No;0.0;-7.0;0.25;-7.12;0.39;-7.2;0.47;-7.25;0.51;-7.28;;;;;;
907;19.7;25.7;0.5;5;80;8;Successful;Effective;No;No;No;No;No;No;0.0;-7.99;0.2;-8.13;0.32;-8.22;0.38;-8.27;0.41;-8.29;;;;;;
908;19.7;25.7;0.5;8;80;8;Successful;Effective;No;No;No;No;No;No;0.0;-7.99;0.2;-8.13;0.32;-8.22;0.38;-8.27;0.41;-8.29;;;;;;
909;19.7;25.7;0.5;10;80;8;Successful;Effective;No;No;No;No;No;No;0.0;-7.99;0.2;-8.13;0.32;-8.22;0.38;-8.27;0.41;-8.29;;;;;;
910;19.7;25.7;0.5;5;100;8;Successful;Effective;No;No;No;No;No;No;0.0;-8.0;0.25;-8.13;0.39;-8.22;0.47;-8.28;0.51;-8.3;;;;;;
911;19.7;25.7;0.5;8;100;8;Successful;Effective;No;No;No;No;No;No;0.0;-8.0;0.25;-8.13;0.39;-8.22;0.47;-8.28;0.51;-8.3;;;;;;
912;19.7;25.7;0.5;10;100;8;Successful;Effective;No;No;No;No;No;No;0.0;-8.0;0.25;-8.13;0.39;-8.22;0.47;-8.28;0.51;-8.3;;;;;;
913;19.8;25.8;0.5;5;80;5;Successful;Effective;No;No;No;No;No;No;0.0;-5.0;0.2;-5.08;0.32;-5.15;0.38;-5.19;0.41;-5.2;;;;;;
914;19.8;25.8;0.5;8;80;5;Successful;Effective;No;No;No;No;No;No;0.0;-5.0;0.2;-5.08;0.32;-5.15;0.38;-5.19;0.41;-5.2;;;;;;
915;19.8;25.8;0.5;10;80;5;Successful;Effective;No;No;No;No;No;No;0.0;-5.0;0.2;-5.08;0.32;-5.15;0.38;-5.19;0.41;-5.2;;;;;;
916;19.8;25.8;0.5;5;100;5;Successful;Effective;No;No;No;No;No;No;0.0;-5.0;0.25;-5.09;0.39;-5.16;0.47;-5.2;0.51;-5.22;;;;;;
917;19.8;25.8;0.5;8;100;5;Successful;Effective;No;No;No;No;No;No;0.0;-5.0;0.25;-5.09;0.39;-5.16;0.47;-5.2;0.51;-5.22;;;;;;
918;19.8;25.8;0.5;10;100;5;Successful;Effective;No;No;No;No;No;No;0.0;-5.0;0.25;-5.09;0.39;-5.16;0.47;-5.2;0.51;-5.22;;;;;;
919;19.8;25.8;0.5;5;80;6;Successful;Effective;No;No;No;No;No;No;0.0;-6.0;0.2;-6.1;0.32;-6.17;0.38;-6.21;0.41;-6.23;;;;;;
920;19.8;25.8;0.5;8;80;6;Successful;Effective;No;No;No;No;No;No;0.0;-6.0;0.2;-6.1;0.32;-6.17;0.38;-6.21;0.41;-6.23;;;;;;
921;19.8;25.8;0.5;10;80;6;Successful;Effective;No;No;No;No;No;No;0.0;-6.0;0.2;-6.1;0.32;-6.17;0.38;-6.21;0.41;-6.23;;;;;;
922;19.8;25.8;0.5;5;100;6;Successful;Effective;No;No;No;No;No;No;0.0;-6.0;0.25;-6.1;0.39;-6.18;0.47;-6.23;0.51;-6.25;;;;;;
923;19.8;25.8;0.5;8;100;6;Successful;Effective;No;No;No;No;No;No;0.0;-6.0;0.25;-6.1;0.39;-6.18;0.47;-6.23;0.51;-6.25;;;;;;
924;19.8;25.8;0.5;10;100;6;Successful;Effective;No;No;No;No;No;No;0.0;-6.0;0.25;-6.1;0.39;-6.18;0.47;-6.23;0.51;-6.25;;;;;;
925;19.8;25.8;0.5;5;80;7;Successful;Effective;No;No;No;No;No;No;0.0;-7.0;0.2;-7.11;0.32;-7.19;0.38;-7.24;0.41;-7.26;;;;;;
926;19.8;25.8;0.5;8;80;7;Successful;Effective;No;No;No;No;No;No;0.0;-7.0;0.2;-7.11;0.32;-7.19;0.38;-7.24;0.41;-7.26;;;;;;
927;19.8;25.8;0.5;10;80;7;Successful;Effective;No;No;No;No;No;No;0.0;-7.0;0.2;-7.11;0.32;-7.19;0.38;-7.24;0.41;-7.26;;;;;;
928;19.8;25.8;0.5;5;100;7;Successful;Effective;No;No;No;No;No;No;0.0;-7.0;0.25;-7.12;0.39;-7.2;0.47;-7.25;0.51;-7.28;;;;;;
929;19.8;25.8;0.5;8;100;7;Successful;Effective;No;No;No;No;No;No;0.0;-7.0;0.25;-7.12;0.39;-7.2;0.47;-7.25;0.51;-7.28;;;;;;
930;19.8;25.8;0.5;10;100;7;Successful;Effective;No;No;No;No;No;No;0.0;-7.0;0.25;-7.12;0.39;-7.2;0.47;-7.25;0.51;-7.28;;;;;;
931;19.8;25.8;0.5;5;80;8;Successful;Effective;No;No;No;No;No;No;0.0;-7.99;0.2;-8.13;0.32;-8.21;0.38;-8.27;0.41;-8.29;;;;;;
932;19.8;25.8;0.5;8;80;8;Successful;Effective;No;No;No;No;No;No;0.0;-7.99;0.2;-8.13;0.32;-8.21;0.38;-8.27;0.41;-8.29;;;;;;
933;19.8;25.8;0.5;10;80;8;Successful;Effective;No;No;No;No;No;No;0.0;-7.99;0.2;-8.13;0.32;-8.21;0.38;-8.27;0.41;-8.29;;;;;;
934;19.8;25.8;0.5;5;100;8;Successful;Effective;No;No;No;No;No;No;0.0;-8.0;0.25;-8.13;0.39;-8.22;0.47;-8.28;0.51;-8.3;;;;;;
935;19.8;25.8;0.5;8;100;8;Successful;Effective;No;No;No;No;No;No;0.0;-8.0;0.25;-8.13;0.39;-8.22;0.47;-8.28;0.51;-8.3;;;;;;
936;19.8;25.8;0.5;10;100;8;Successful;Effective;No;No;No;No;No;No;0.0;-8.0;0.25;-8.13;0.39;-8.22;0.47;-8.28;0.51;-8.3;;;;;;
937;19.9;25.9;0.5;5;80;5;Successful;Effective;No;No;No;No;No;No;0.0;-5.0;0.2;-5.08;0.32;-5.15;0.38;-5.19;0.41;-5.2;;;;;;
938;19.9;25.9;0.5;8;80;5;Successful;Effective;No;No;No;No;No;No;0.0;-5.0;0.2;-5.08;0.32;-5.15;0.38;-5.19;0.41;-5.2;;;;;;
939;19.9;25.9;0.5;10;80;5;Successful;Effective;No;No;No;No;No;No;0.0;-5.0;0.2;-5.08;0.32;-5.15;0.38;-5.19;0.41;-5.2;;;;;;
940;19.9;25.9;0.5;5;100;5;Successful;Effective;No;No;No;No;No;No;0.0;-5.0;0.25;-5.09;0.39;-5.16;0.47;-5.2;0.51;-5.22;;;;;;
941;19.9;25.9;0.5;8;100;5;Successful;Effective;No;No;No;No;No;No;0.0;-5.0;0.25;-5.09;0.39;-5.16;0.47;-5.2;0.51;-5.22;;;;;;
942;19.9;25.9;0.5;10;100;5;Successful;Effective;No;No;No;No;No;No;0.0;-5.0;0.25;-5.09;0.39;-5.16;0.47;-5.2;0.51;-5.22;;;;;;
943;19.9;25.9;0.5;5;80;6;Successful;Effective;No;No;No;No;No;No;0.0;-6.0;0.2;-6.1;0.32;-6.17;0.38;-6.21;0.41;-6.23;;;;;;
944;19.9;25.9;0.5;8;80;6;Successful;Effective;No;No;No;No;No;No;0.0;-6.0;0.2;-6.1;0.32;-6.17;0.38;-6.21;0.41;-6.23;;;;;;
945;19.9;25.9;0.5;10;80;6;Successful;Effective;No;No;No;No;No;No;0.0;-6.0;0.2;-6.1;0.32;-6.17;0.38;-6.21;0.41;-6.23;;;;;;
946;19.9;25.9;0.5;5;100;6;Successful;Effective;No;No;No;No;No;No;0.0;-6.0;0.25;-6.1;0.39;-6.18;0.47;-6.23;0.51;-6.25;;;;;;
947;19.9;25.9;0.5;8;100;6;Successful;Effective;No;No;No;No;No;No;0.0;-6.0;0.25;-6.1;0.39;-6.18;0.47;-6.23;0.51;-6.25;;;;;;
948;19.9;25.9;0.5;10;100;6;Successful;Effective;No;No;No;No;No;No;0.0;-6.0;0.25;-6.1;0.39;-6.18;0.47;-6.23;0.51;-6.25;;;;;;
949;19.9;25.9;0.5;5;80;7;Successful;Effective;No;No;No;No;No;No;0.0;-7.0;0.2;-7.11;0.32;-7.19;0.38;-7.24;0.41;-7.26;;;;;;
950;19.9;25.9;0.5;8;80;7;Successful;Effective;No;No;No;No;No;No;0.0;-7.0;0.2;-7.11;0.32;-7.19;0.38;-7.24;0.41;-7.26;;;;;;
951;19.9;25.9;0.5;10;80;7;Successful;Effective;No;No;No;No;No;No;0.0;-7.0;0.2;-7.11;0.32;-7.19;0.38;-7.24;0.41;-7.26;;;;;;
952;19.9;25.9;0.5;5;100;7;Successful;Effective;No;No;No;No;No;No;0.0;-7.0;0.25;-7.12;0.39;-7.2;0.47;-7.25;0.51;-7.27;;;;;;
953;19.9;25.9;0.5;8;100;7;Successful;Effective;No;No;No;No;No;No;0.0;-7.0;0.25;-7.12;0.39;-7.2;0.47;-7.25;0.51;-7.27;;;;;;
954;19.9;25.9;0.5;10;100;7;Successful;Effective;No;No;No;No;No;No;0.0;-7.0;0.25;-7.12;0.39;-7.2;0.47;-7.25;0.51;-7.27;;;;;;
955;19.9;25.9;0.5;5;80;8;Successful;Effective;No;No;No;No;No;No;0.0;-7.99;0.2;-8.13;0.32;-8.21;0.38;-8.26;0.41;-8.28;;;;;;
956;19.9;25.9;0.5;8;80;8;Successful;Effective;No;No;No;No;No;No;0.0;-7.99;0.2;-8.13;0.32;-8.21;0.38;-8.26;0.41;-8.28;;;;;;
957;19.9;25.9;0.5;10;80;8;Successful;Effective;No;No;No;No;No;No;0.0;-7.99;0.2;-8.13;0.32;-8.21;0.38;-8.26;0.41;-8.28;;;;;;
958;19.9;25.9;0.5;5;100;8;Successful;Effective;No;No;No;No;No;No;0.0;-8.0;0.25;-8.13;0.39;-8.22;0.47;-8.28;0.51;-8.3;;;;;;
959;19.9;25.9;0.5;8;100;8;Successful;Effective;No;No;No;No;No;No;0.0;-8.0;0.25;-8.13;0.39;-8.22;0.47;-8.28;0.51;-8.3;;;;;;
960;19.9;25.9;0.5;10;100;8;Successful;Effective;No;No;No;No;No;No;0.0;-8.0;0.25;-8.13;0.39;-8.22;0.47;-8.28;0.51;-8.3;;;;;;
961;20.0;26.0;0.5;5;80;5;Successful;Effective;No;No;No;No;No;No;0.0;-5.0;0.2;-5.08;0.32;-5.15;0.38;-5.19;0.41;-5.2;;;;;;
962;20.0;26.0;0.5;8;80;5;Successful;Effective;No;No;No;No;No;No;0.0;-5.0;0.2;-5.08;0.32;-5.15;0.38;-5.19;0.41;-5.2;;;;;;
963;20.0;26.0;0.5;10;80;5;Successful;Effective;No;No;No;No;No;No;0.0;-5.0;0.2;-5.08;0.32;-5.15;0.38;-5.19;0.41;-5.2;;;;;;
964;20.0;26.0;0.5;5;100;5;Successful;Effective;No;No;No;No;No;No;0.0;-5.0;0.25;-5.09;0.39;-5.16;0.47;-5.2;0.51;-5.22;;;;;;
965;20.0;26.0;0.5;8;100;5;Successful;Effective;No;No;No;No;No;No;0.0;-5.0;0.25;-5.09;0.39;-5.16;0.47;-5.2;0.51;-5.22;;;;;;
966;20.0;26.0;0.5;10;100;5;Successful;Effective;No;No;No;No;No;No;0.0;-5.0;0.25;-5.09;0.39;-5.16;0.47;-5.2;0.51;-5.22;;;;;;
967;20.0;26.0;0.5;5;80;6;Successful;Effective;No;No;No;No;No;No;0.0;-6.0;0.2;-6.1;0.32;-6.17;0.38;-6.21;0.41;-6.23;;;;;;
968;20.0;26.0;0.5;8;80;6;Successful;Effective;No;No;No;No;No;No;0.0;-6.0;0.2;-6.1;0.32;-6.17;0.38;-6.21;0.41;-6.23;;;;;;
969;20.0;26.0;0.5;10;80;6;Successful;Effective;No;No;No;No;No;No;0.0;-6.0;0.2;-6.1;0.32;-6.17;0.38;-6.21;0.41;-6.23;;;;;;
970;20.0;26.0;0.5;5;100;6;Successful;Effective;No;No;No;No;No;No;0.0;-6.0;0.25;-6.1;0.39;-6.18;0.47;-6.22;0.51;-6.25;;;;;;
971;20.0;26.0;0.5;8;100;6;Successful;Effective;No;No;No;No;No;No;0.0;-6.0;0.25;-6.1;0.39;-6.18;0.47;-6.22;0.51;-6.25;;;;;;
972;20.0;26.0;0.5;10;100;6;Successful;Effective;No;No;No;No;No;No;0.0;-6.0;0.25;-6.1;0.39;-6.18;0.47;-6.22;0.51;-6.25;;;;;;
973;20.0;26.0;0.5;5;80;7;Successful;Effective;No;No;No;No;No;No;0.0;-7.0;0.2;-7.11;0.32;-7.19;0.38;-7.24;0.41;-7.26;;;;;;
974;20.0;26.0;0.5;8;80;7;Successful;Effective;No;No;No;No;No;No;0.0;-7.0;0.2;-7.11;0.32;-7.19;0.38;-7.24;0.41;-7.26;;;;;;
975;20.0;26.0;0.5;10;80;7;Successful;Effective;No;No;No;No;No;No;0.0;-7.0;0.2;-7.11;0.32;-7.19;0.38;-7.24;0.41;-7.26;;;;;;
976;20.0;26.0;0.5;5;100;7;Successful;Effective;No;No;No;No;No;No;0.0;-7.0;0.25;-7.12;0.39;-7.2;0.47;-7.25;0.51;-7.27;;;;;;
977;20.0;26.0;0.5;8;100;7;Successful;Effective;No;No;No;No;No;No;0.0;-7.0;0.25;-7.12;0.39;-7.2;0.47;-7.25;0.51;-7.27;;;;;;
978;20.0;26.0;0.5;10;100;7;Successful;Effective;No;No;No;No;No;No;0.0;-7.0;0.25;-7.12;0.39;-7.2;0.47;-7.25;0.51;-7.27;;;;;;
979;20.0;26.0;0.5;5;80;8;Successful;Effective;No;No;No;No;No;No;0.0;-7.99;0.2;-8.13;0.32;-8.21;0.38;-8.26;0.41;-8.28;;;;;;
980;20.0;26.0;0.5;8;80;8;Successful;Effective;No;No;No;No;No;No;0.0;-7.99;0.2;-8.13;0.32;-8.21;0.38;-8.26;0.41;-8.28;;;;;;
981;20.0;26.0;0.5;10;80;8;Successful;Effective;No;No;No;No;No;No;0.0;-7.99;0.2;-8.13;0.32;-8.21;0.38;-8.26;0.41;-8.28;;;;;;
982;20.0;26.0;0.5;5;100;8;Successful;Effective;No;No;No;No;No;No;0.0;-8.0;0.25;-8.13;0.39;-8.22;0.47;-8.28;0.51;-8.3;;;;;;
983;20.0;26.0;0.5;8;100;8;Successful;Effective;No;No;No;No;No;No;0.0;-8.0;0.25;-8.13;0.39;-8.22;0.47;-8.28;0.51;-8.3;;;;;;
984;20.0;26.0;0.5;10;100;8;Successful;Effective;No;No;No;No;No;No;0.0;-8.0;0.25;-8.13;0.39;-8.22;0.47;-8.28;0.51;-8.3;;;;;;
985;20.1;26.1;0.5;5;80;5;Successful;Effective;No;No;No;No;No;No;0.0;-5.0;0.2;-5.08;0.32;-5.15;0.38;-5.19;0.41;-5.2;;;;;;
986;20.1;26.1;0.5;8;80;5;Successful;Effective;No;No;No;No;No;No;0.0;-5.0;0.2;-5.08;0.32;-5.15;0.38;-5.19;0.41;-5.2;;;;;;
987;20.1;26.1;0.5;10;80;5;Successful;Effective;No;No;No;No;No;No;0.0;-5.0;0.2;-5.08;0.32;-5.15;0.38;-5.19;0.41;-5.2;;;;;;
988;20.1;26.1;0.5;5;100;5;Successful;Effective;No;No;No;No;No;No;0.0;-5.0;0.25;-5.09;0.39;-5.16;0.47;-5.2;0.51;-5.22;;;;;;
989;20.1;26.1;0.5;8;100;5;Successful;Effective;No;No;No;No;No;No;0.0;-5.0;0.25;-5.09;0.39;-5.16;0.47;-5.2;0.51;-5.22;;;;;;
990;20.1;26.1;0.5;10;100;5;Successful;Effective;No;No;No;No;No;No;0.0;-5.0;0.25;-5.09;0.39;-5.16;0.47;-5.2;0.51;-5.22;;;;;;
991;20.1;26.1;0.5;5;80;6;Successful;Effective;No;No;No;No;No;No;0.0;-6.0;0.2;-6.1;0.32;-6.17;0.38;-6.21;0.41;-6.23;;;;;;
992;20.1;26.1;0.5;8;80;6;Successful;Effective;No;No;No;No;No;No;0.0;-6.0;0.2;-6.1;0.32;-6.17;0.38;-6.21;0.41;-6.23;;;;;;
993;20.1;26.1;0.5;10;80;6;Successful;Effective;No;No;No;No;No;No;0.0;-6.0;0.2;-6.1;0.32;-6.17;0.38;-6.21;0.41;-6.23;;;;;;
994;20.1;26.1;0.5;5;100;6;Successful;Effective;No;No;No;No;No;No;0.0;-6.0;0.25;-6.1;0.39;-6.18;0.47;-6.22;0.51;-6.25;;;;;;
995;20.1;26.1;0.5;8;100;6;Successful;Effective;No;No;No;No;No;No;0.0;-6.0;0.25;-6.1;0.39;-6.18;0.47;-6.22;0.51;-6.25;;;;;;
996;20.1;26.1;0.5;10;100;6;Successful;Effective;No;No;No;No;No;No;0.0;-6.0;0.25;-6.1;0.39;-6.18;0.47;-6.22;0.51;-6.25;;;;;;
997;20.1;26.1;0.5;5;80;7;Successful;Effective;No;No;No;No;No;No;0.0;-7.0;0.2;-7.11;0.32;-7.19;0.38;-7.24;0.41;-7.26;;;;;;
998;20.1;26.1;0.5;8;80;7;Successful;Effective;No;No;No;No;No;No;0.0;-7.0;0.2;-7.11;0.32;-7.19;0.38;-7.24;0.41;-7.26;;;;;;
999;20.1;26.1;0.5;10;80;7;Successful;Effective;No;No;No;No;No;No;0.0;-7.0;0.2;-7.11;0.32;-7.19;0.38;-7.24;0.41;-7.26;;;;;;
1000;20.1;26.1;0.5;5;100;7;Successful;Effective;No;No;No;No;No;No;0.0;-7.0;0.25;-7.12;0.39;-7.2;0.47;-7.25;0.51;-7.27;;;;;;
1001;20.1;26.1;0.5;8;100;7;Successful;Effective;No;No;No;No;No;No;0.0;-7.0;0.25;-7.12;0.39;-7.2;0.47;-7.25;0.51;-7.27;;;;;;
1002;20.1;26.1;0.5;10;100;7;Successful;Effective;No;No;No;No;No;No;0.0;-7.0;0.25;-7.12;0.39;-7.2;0.47;-7.25;0.51;-7.27;;;;;;
1003;20.1;26.1;0.5;5;80;8;Successful;Effective;No;No;No;No;No;No;0.0;-7.99;0.2;-8.13;0.32;-8.21;0.38;-8.26;0.41;-8.28;;;;;;
1004;20.1;26.1;0.5;8;80;8;Successful;Effective;No;No;No;No;No;No;0.0;-7.99;0.2;-8.13;0.32;-8.21;0.38;-8.26;0.41;-8.28;;;;;;
1005;20.1;26.1;0.5;10;80;8;Successful;Effective;No;No;No;No;No;No;0.0;-7.99;0.2;-8.13;0.32;-8.21;0.38;-8.26;0.41;-8.28;;;;;;
1006;20.1;26.1;0.5;5;100;8;Successful;Effective;No;No;No;No;No;No;0.0;-8.0;0.25;-8.13;0.39;-8.22;0.47;-8.28;0.51;-8.3;;;;;;
1007;20.1;26.1;0.5;8;100;8;Successful;Effective;No;No;No;No;No;No;0.0;-8.0;0.25;-8.13;0.39;-8.22;0.47;-8.28;0.51;-8.3;;;;;;
1008;20.1;26.1;0.5;10;100;8;Successful;Effective;No;No;No;No;No;No;0.0;-8.0;0.25;-8.13;0.39;-8.22;0.47;-8.28;0.51;-8.3;;;;;;
1009;20.2;26.2;0.5;5;80;5;Successful;Effective;No;No;No;No;No;No;0.0;-5.0;0.2;-5.08;0.32;-5.15;0.38;-5.19;0.41;-5.2;;;;;;
1010;20.2;26.2;0.5;8;80;5;Successful;Effective;No;No;No;No;No;No;0.0;-5.0;0.2;-5.08;0.32;-5.15;0.38;-5.19;0.41;-5.2;;;;;;
1011;20.2;26.2;0.5;10;80;5;Successful;Effective;No;No;No;No;No;No;0.0;-5.0;0.2;-5.08;0.32;-5.15;0.38;-5.19;0.41;-5.2;;;;;;
1012;20.2;26.2;0.5;5;100;5;Successful;Effective;No;No;No;No;No;No;0.0;-5.0;0.25;-5.09;0.39;-5.16;0.47;-5.2;0.51;-5.22;;;;;;
1013;20.2;26.2;0.5;8;100;5;Successful;Effective;No;No;No;No;No;No;0.0;-5.0;0.25;-5.09;0.39;-5.16;0.47;-5.2;0.51;-5.22;;;;;;
1014;20.2;26.2;0.5;10;100;5;Successful;Effective;No;No;No;No;No;No;0.0;-5.0;0.25;-5.09;0.39;-5.16;0.47;-5.2;0.51;-5.22;;;;;;
1015;20.2;26.2;0.5;5;80;6;Successful;Effective;No;No;No;No;No;No;0.0;-6.0;0.2;-6.1;0.32;-6.17;0.38;-6.21;0.41;-6.23;;;;;;
1016;20.2;26.2;0.5;8;80;6;Successful;Effective;No;No;No;No;No;No;0.0;-6.0;0.2;-6.1;0.32;-6.17;0.38;-6.21;0.41;-6.23;;;;;;
1017;20.2;26.2;0.5;10;80;6;Successful;Effective;No;No;No;No;No;No;0.0;-6.0;0.2;-6.1;0.32;-6.17;0.38;-6.21;0.41;-6.23;;;;;;
1018;20.2;26.2;0.5;5;100;6;Successful;Effective;No;No;No;No;No;No;0.0;-6.0;0.25;-6.1;0.39;-6.18;0.47;-6.22;0.51;-6.25;;;;;;
1019;20.2;26.2;0.5;8;100;6;Successful;Effective;No;No;No;No;No;No;0.0;-6.0;0.25;-6.1;0.39;-6.18;0.47;-6.22;0.51;-6.25;;;;;;
1020;20.2;26.2;0.5;10;100;6;Successful;Effective;No;No;No;No;No;No;0.0;-6.0;0.25;-6.1;0.39;-6.18;0.47;-6.22;0.51;-6.25;;;;;;
1021;20.2;26.2;0.5;5;80;7;Successful;Effective;No;No;No;No;No;No;0.0;-7.0;0.2;-7.11;0.32;-7.19;0.38;-7.24;0.41;-7.26;;;;;;
1022;20.2;26.2;0.5;8;80;7;Successful;Effective;No;No;No;No;No;No;0.0;-7.0;0.2;-7.11;0.32;-7.19;0.38;-7.24;0.41;-7.26;;;;;;
1023;20.2;26.2;0.5;10;80;7;Successful;Effective;No;No;No;No;No;No;0.0;-7.0;0.2;-7.11;0.32;-7.19;0.38;-7.24;0.41;-7.26;;;;;;
1024;20.2;26.2;0.5;5;100;7;Successful;Effective;No;No;No;No;No;No;0.0;-7.0;0.25;-7.12;0.39;-7.2;0.47;-7.25;0.51;-7.27;;;;;;
1025;20.2;26.2;0.5;8;100;7;Successful;Effective;No;No;No;No;No;No;0.0;-7.0;0.25;-7.12;0.39;-7.2;0.47;-7.25;0.51;-7.27;;;;;;
1026;20.2;26.2;0.5;10;100;7;Successful;Effective;No;No;No;No;No;No;0.0;-7.0;0.25;-7.12;0.39;-7.2;0.47;-7.25;0.51;-7.27;;;;;;
1027;20.2;26.2;0.5;5;80;8;Successful;Effective;No;No;No;No;No;No;0.0;-7.99;0.2;-8.13;0.32;-8.21;0.38;-8.26;0.41;-8.28;;;;;;
1028;20.2;26.2;0.5;8;80;8;Successful;Effective;No;No;No;No;No;No;0.0;-7.99;0.2;-8.13;0.32;-8.21;0.38;-8.26;0.41;-8.28;;;;;;
1029;20.2;26.2;0.5;10;80;8;Successful;Effective;No;No;No;No;No;No;0.0;-7.99;0.2;-8.13;0.32;-8.21;0.38;-8.26;0.41;-8.28;;;;;;
1030;20.2;26.2;0.5;5;100;8;Successful;Effective;No;No;No;No;No;No;0.0;-8.0;0.25;-8.13;0.39;-8.22;0.47;-8.28;0.51;-8.3;;;;;;
1031;20.2;26.2;0.5;8;100;8;Successful;Effective;No;No;No;No;No;No;0.0;-8.0;0.25;-8.13;0.39;-8.22;0.47;-8.28;0.51;-8.3;;;;;;
1032;20.2;26.2;0.5;10;100;8;Successful;Effective;No;No;No;No;No;No;0.0;-8.0;0.25;-8.13;0.39;-8.22;0.47;-8.28;0.51;-8.3;;;;;;
1033;20.3;26.3;0.5;5;80;5;Successful;Effective;No;No;No;No;No;No;0.0;-5.0;0.2;-5.08;0.32;-5.15;0.38;-5.19;0.41;-5.2;;;;;;
1034;20.3;26.3;0.5;8;80;5;Successful;Effective;No;No;No;No;No;No;0.0;-5.0;0.2;-5.08;0.32;-5.15;0.38;-5.19;0.41;-5.2;;;;;;
1035;20.3;26.3;0.5;10;80;5;Successful;Effective;No;No;No;No;No;No;0.0;-5.0;0.2;-5.08;0.32;-5.15;0.38;-5.19;0.41;-5.2;;;;;;
1036;20.3;26.3;0.5;5;100;5;Successful;Effective;No;No;No;No;No;No;0.0;-5.0;0.25;-5.09;0.39;-5.16;0.47;-5.2;0.51;-5.22;;;;;;
1037;20.3;26.3;0.5;8;100;5;Successful;Effective;No;No;No;No;No;No;0.0;-5.0;0.25;-5.09;0.39;-5.16;0.47;-5.2;0.51;-5.22;;;;;;
1038;20.3;26.3;0.5;10;100;5;Successful;Effective;No;No;No;No;No;No;0.0;-5.0;0.25;-5.09;0.39;-5.16;0.47;-5.2;0.51;-5.22;;;;;;
1039;20.3;26.3;0.5;5;80;6;Successful;Effective;No;No;No;No;No;No;0.0;-6.0;0.2;-6.1;0.32;-6.17;0.38;-6.21;0.41;-6.23;;;;;;
1040;20.3;26.3;0.5;8;80;6;Successful;Effective;No;No;No;No;No;No;0.0;-6.0;0.2;-6.1;0.32;-6.17;0.38;-6.21;0.41;-6.23;;;;;;
1041;20.3;26.3;0.5;10;80;6;Successful;Effective;No;No;No;No;No;No;0.0;-6.0;0.2;-6.1;0.32;-6.17;0.38;-6.21;0.41;-6.23;;;;;;
1042;20.3;26.3;0.5;5;100;6;Successful;Effective;No;No;No;No;No;No;0.0;-6.0;0.25;-6.1;0.39;-6.18;0.47;-6.22;0.51;-6.25;;;;;;
1043;20.3;26.3;0.5;8;100;6;Successful;Effective;No;No;No;No;No;No;0.0;-6.0;0.25;-6.1;0.39;-6.18;0.47;-6.22;0.51;-6.25;;;;;;
1044;20.3;26.3;0.5;10;100;6;Successful;Effective;No;No;No;No;No;No;0.0;-6.0;0.25;-6.1;0.39;-6.18;0.47;-6.22;0.51;-6.25;;;;;;
1045;20.3;26.3;0.5;5;80;7;Successful;Effective;No;No;No;No;No;No;0.0;-7.0;0.2;-7.11;0.32;-7.19;0.38;-7.24;0.41;-7.26;;;;;;
1046;20.3;26.3;0.5;8;80;7;Successful;Effective;No;No;No;No;No;No;0.0;-7.0;0.2;-7.11;0.32;-7.19;0.38;-7.24;0.41;-7.26;;;;;;
1047;20.3;26.3;0.5;10;80;7;Successful;Effective;No;No;No;No;No;No;0.0;-7.0;0.2;-7.11;0.32;-7.19;0.38;-7.24;0.41;-7.26;;;;;;
1048;20.3;26.3;0.5;5;100;7;Successful;Effective;No;No;No;No;No;No;0.0;-7.0;0.25;-7.12;0.39;-7.2;0.47;-7.25;0.51;-7.27;;;;;;
1049;20.3;26.3;0.5;8;100;7;Successful;Effective;No;No;No;No;No;No;0.0;-7.0;0.25;-7.12;0.39;-7.2;0.47;-7.25;0.51;-7.27;;;;;;
1050;20.3;26.3;0.5;10;100;7;Successful;Effective;No;No;No;No;No;No;0.0;-7.0;0.25;-7.12;0.39;-7.2;0.47;-7.25;0.51;-7.27;;;;;;
1051;20.3;26.3;0.5;5;80;8;Successful;Effective;No;No;No;No;No;No;0.0;-7.99;0.2;-8.13;0.32;-8.21;0.38;-8.26;0.41;-8.28;;;;;;
1052;20.3;26.3;0.5;8;80;8;Successful;Effective;No;No;No;No;No;No;0.0;-7.99;0.2;-8.13;0.32;-8.21;0.38;-8.26;0.41;-8.28;;;;;;
1053;20.3;26.3;0.5;10;80;8;Successful;Effective;No;No;No;No;No;No;0.0;-7.99;0.2;-8.13;0.32;-8.21;0.38;-8.26;0.41;-8.28;;;;;;
1054;20.3;26.3;0.5;5;100;8;Successful;Effective;No;No;No;No;No;No;0.0;-8.0;0.25;-8.13;0.39;-8.22;0.47;-8.28;0.51;-8.3;;;;;;
1055;20.3;26.3;0.5;8;100;8;Successful;Effective;No;No;No;No;No;No;0.0;-8.0;0.25;-8.13;0.39;-8.22;0.47;-8.28;0.51;-8.3;;;;;;
1056;20.3;26.3;0.5;10;100;8;Successful;Effective;No;No;No;No;No;No;0.0;-8.0;0.25;-8.13;0.39;-8.22;0.47;-8.28;0.51;-8.3;;;;;;
1057;20.4;26.4;0.5;5;80;5;Successful;Effective;No;No;No;No;No;No;0.0;-5.0;0.2;-5.08;0.32;-5.15;0.38;-5.19;0.41;-5.2;;;;;;
1058;20.4;26.4;0.5;8;80;5;Successful;Effective;No;No;No;No;No;No;0.0;-5.0;0.2;-5.08;0.32;-5.15;0.38;-5.19;0.41;-5.2;;;;;;
1059;20.4;26.4;0.5;10;80;5;Successful;Effective;No;No;No;No;No;No;0.0;-5.0;0.2;-5.08;0.32;-5.15;0.38;-5.19;0.41;-5.2;;;;;;
1060;20.4;26.4;0.5;5;100;5;Successful;Effective;No;No;No;No;No;No;0.0;-5.0;0.25;-5.09;0.39;-5.16;0.47;-5.2;0.51;-5.22;;;;;;
1061;20.4;26.4;0.5;8;100;5;Successful;Effective;No;No;No;No;No;No;0.0;-5.0;0.25;-5.09;0.39;-5.16;0.47;-5.2;0.51;-5.22;;;;;;
1062;20.4;26.4;0.5;10;100;5;Successful;Effective;No;No;No;No;No;No;0.0;-5.0;0.25;-5.09;0.39;-5.16;0.47;-5.2;0.51;-5.22;;;;;;
1063;20.4;26.4;0.5;5;80;6;Successful;Effective;No;No;No;No;No;No;0.0;-6.0;0.2;-6.1;0.32;-6.17;0.38;-6.21;0.41;-6.23;;;;;;
1064;20.4;26.4;0.5;8;80;6;Successful;Effective;No;No;No;No;No;No;0.0;-6.0;0.2;-6.1;0.32;-6.17;0.38;-6.21;0.41;-6.23;;;;;;
1065;20.4;26.4;0.5;10;80;6;Successful;Effective;No;No;No;No;No;No;0.0;-6.0;0.2;-6.1;0.32;-6.17;0.38;-6.21;0.41;-6.23;;;;;;
1066;20.4;26.4;0.5;5;100;6;Successful;Effective;No;No;No;No;No;No;0.0;-6.0;0.25;-6.1;0.39;-6.18;0.47;-6.22;0.51;-6.25;;;;;;
1067;20.4;26.4;0.5;8;100;6;Successful;Effective;No;No;No;No;No;No;0.0;-6.0;0.25;-6.1;0.39;-6.18;0.47;-6.22;0.51;-6.25;;;;;;
1068;20.4;26.4;0.5;10;100;6;Successful;Effective;No;No;No;No;No;No;0.0;-6.0;0.25;-6.1;0.39;-6.18;0.47;-6.22;0.51;-6.25;;;;;;
1069;20.4;26.4;0.5;5;80;7;Successful;Effective;No;No;No;No;No;No;0.0;-7.0;0.2;-7.11;0.32;-7.19;0.38;-7.24;0.41;-7.26;;;;;;
1070;20.4;26.4;0.5;8;80;7;Successful;Effective;No;No;No;No;No;No;0.0;-7.0;0.2;-7.11;0.32;-7.19;0.38;-7.24;0.41;-7.26;;;;;;
1071;20.4;26.4;0.5;10;80;7;Successful;Effective;No;No;No;No;No;No;0.0;-7.0;0.2;-7.11;0.32;-7.19;0.38;-7.24;0.41;-7.26;;;;;;
1072;20.4;26.4;0.5;5;100;7;Successful;Effective;No;No;No;No;No;No;0.0;-7.0;0.25;-7.12;0.39;-7.2;0.47;-7.25;0.51;-7.27;;;;;;
1073;20.4;26.4;0.5;8;100;7;Successful;Effective;No;No;No;No;No;No;0.0;-7.0;0.25;-7.12;0.39;-7.2;0.47;-7.25;0.51;-7.27;;;;;;
1074;20.4;26.4;0.5;10;100;7;Successful;Effective;No;No;No;No;No;No;0.0;-7.0;0.25;-7.12;0.39;-7.2;0.47;-7.25;0.51;-7.27;;;;;;
1075;20.4;26.4;0.5;5;80;8;Successful;Effective;No;No;No;No;No;No;0.0;-7.99;0.2;-8.13;0.32;-8.21;0.38;-8.26;0.41;-8.28;;;;;;
1076;20.4;26.4;0.5;8;80;8;Successful;Effective;No;No;No;No;No;No;0.0;-7.99;0.2;-8.13;0.32;-8.21;0.38;-8.26;0.41;-8.28;;;;;;
1077;20.4;26.4;0.5;10;80;8;Successful;Effective;No;No;No;No;No;No;0.0;-7.99;0.2;-8.13;0.32;-8.21;0.38;-8.26;0.41;-8.28;;;;;;
1078;20.4;26.4;0.5;5;100;8;Successful;Effective;No;No;No;No;No;No;0.0;-8.0;0.25;-8.13;0.39;-8.22;0.47;-8.28;0.51;-8.3;;;;;;
1079;20.4;26.4;0.5;8;100;8;Successful;Effective;No;No;No;No;No;No;0.0;-8.0;0.25;-8.13;0.39;-8.22;0.47;-8.28;0.51;-8.3;;;;;;
1080;20.4;26.4;0.5;10;100;8;Successful;Effective;No;No;No;No;No;No;0.0;-8.0;0.25;-8.13;0.39;-8.22;0.47;-8.28;0.51;-8.3;;;;;;
1081;20.5;26.5;0.5;5;80;5;Successful;Effective;No;No;No;No;No;No;0.0;-5.0;0.2;-5.08;0.32;-5.15;0.38;-5.19;0.41;-5.2;;;;;;
1082;20.5;26.5;0.5;8;80;5;Successful;Effective;No;No;No;No;No;No;0.0;-5.0;0.2;-5.08;0.32;-5.15;0.38;-5.19;0.41;-5.2;;;;;;
1083;20.5;26.5;0.5;10;80;5;Successful;Effective;No;No;No;No;No;No;0.0;-5.0;0.2;-5.08;0.32;-5.15;0.38;-5.19;0.41;-5.2;;;;;;
1084;20.5;26.5;0.5;5;100;5;Successful;Effective;No;No;No;No;No;No;0.0;-5.0;0.25;-5.09;0.39;-5.16;0.47;-5.2;0.51;-5.22;;;;;;
1085;20.5;26.5;0.5;8;100;5;Successful;Effective;No;No;No;No;No;No;0.0;-5.0;0.25;-5.09;0.39;-5.16;0.47;-5.2;0.51;-5.22;;;;;;
1086;20.5;26.5;0.5;10;100;5;Successful;Effective;No;No;No;No;No;No;0.0;-5.0;0.25;-5.09;0.39;-5.16;0.47;-5.2;0.51;-5.22;;;;;;
1087;20.5;26.5;0.5;5;80;6;Successful;Effective;No;No;No;No;No;No;0.0;-6.0;0.2;-6.1;0.32;-6.17;0.38;-6.21;0.41;-6.23;;;;;;
1088;20.5;26.5;0.5;8;80;6;Successful;Effective;No;No;No;No;No;No;0.0;-6.0;0.2;-6.1;0.32;-6.17;0.38;-6.21;0.41;-6.23;;;;;;
1089;20.5;26.5;0.5;10;80;6;Successful;Effective;No;No;No;No;No;No;0.0;-6.0;0.2;-6.1;0.32;-6.17;0.38;-6.21;0.41;-6.23;;;;;;
1090;20.5;26.5;0.5;5;100;6;Successful;Effective;No;No;No;No;No;No;0.0;-6.0;0.25;-6.1;0.39;-6.18;0.47;-6.22;0.51;-6.25;;;;;;
1091;20.5;26.5;0.5;8;100;6;Successful;Effective;No;No;No;No;No;No;0.0;-6.0;0.25;-6.1;0.39;-6.18;0.47;-6.22;0.51;-6.25;;;;;;
1092;20.5;26.5;0.5;10;100;6;Successful;Effective;No;No;No;No;No;No;0.0;-6.0;0.25;-6.1;0.39;-6.18;0.47;-6.22;0.51;-6.25;;;;;;
1093;20.5;26.5;0.5;5;80;7;Successful;Effective;No;No;No;No;No;No;0.0;-7.0;0.2;-7.11;0.32;-7.19;0.38;-7.24;0.41;-7.26;;;;;;
1094;20.5;26.5;0.5;8;80;7;Successful;Effective;No;No;No;No;No;No;0.0;-7.0;0.2;-7.11;0.32;-7.19;0.38;-7.24;0.41;-7.26;;;;;;
1095;20.5;26.5;0.5;10;80;7;Successful;Effective;No;No;No;No;No;No;0.0;-7.0;0.2;-7.11;0.32;-7.19;0.38;-7.24;0.41;-7.26;;;;;;
1096;20.5;26.5;0.5;5;100;7;Successful;Effective;No;No;No;No;No;No;0.0;-7.0;0.25;-7.12;0.39;-7.2;0.47;-7.25;0.51;-7.27;;;;;;
1097;20.5;26.5;0.5;8;100;7;Successful;Effective;No;No;No;No;No;No;0.0;-7.0;0.25;-7.12;0.39;-7.2;0.47;-7.25;0.51;-7.27;;;;;;
1098;20.5;26.5;0.5;10;100;7;Successful;Effective;No;No;No;No;No;No;0.0;-7.0;0.25;-7.12;0.39;-7.2;0.47;-7.25;0.51;-7.27;;;;;;
1099;20.5;26.5;0.5;5;80;8;Successful;Effective;No;No;No;No;No;No;0.0;-7.99;0.2;-8.13;0.32;-8.21;0.38;-8.26;0.41;-8.28;;;;;;
1100;20.5;26.5;0.5;8;80;8;Successful;Effective;No;No;No;No;No;No;0.0;-7.99;0.2;-8.13;0.32;-8.21;0.38;-8.26;0.41;-8.28;;;;;;
1101;20.5;26.5;0.5;10;80;8;Successful;Effective;No;No;No;No;No;No;0.0;-7.99;0.2;-8.13;0.32;-8.21;0.38;-8.26;0.41;-8.28;;;;;;
1102;20.5;26.5;0.5;5;100;8;Successful;Effective;No;No;No;No;No;No;0.0;-8.0;0.25;-8.13;0.39;-8.22;0.47;-8.28;0.51;-8.3;;;;;;
1103;20.5;26.5;0.5;8;100;8;Successful;Effective;No;No;No;No;No;No;0.0;-8.0;0.25;-8.13;0.39;-8.22;0.47;-8.28;0.51;-8.3;;;;;;
1104;20.5;26.5;0.5;10;100;8;Successful;Effective;No;No;No;No;No;No;0.0;-8.0;0.25;-8.13;0.39;-8.22;0.47;-8.28;0.51;-8.3;;;;;;
1105;20.6;26.6;0.5;5;80;5;Successful;Effective;No;No;No;No;No;No;0.0;-5.0;0.2;-5.08;0.32;-5.15;0.38;-5.19;0.41;-5.2;;;;;;
1106;20.6;26.6;0.5;8;80;5;Successful;Effective;No;No;No;No;No;No;0.0;-5.0;0.2;-5.08;0.32;-5.15;0.38;-5.19;0.41;-5.2;;;;;;
1107;20.6;26.6;0.5;10;80;5;Successful;Effective;No;No;No;No;No;No;0.0;-5.0;0.2;-5.08;0.32;-5.15;0.38;-5.19;0.41;-5.2;;;;;;
1108;20.6;26.6;0.5;5;100;5;Successful;Effective;No;No;No;No;No;No;0.0;-5.0;0.25;-5.09;0.39;-5.16;0.47;-5.2;0.51;-5.22;;;;;;
1109;20.6;26.6;0.5;8;100;5;Successful;Effective;No;No;No;No;No;No;0.0;-5.0;0.25;-5.09;0.39;-5.16;0.47;-5.2;0.51;-5.22;;;;;;
1110;20.6;26.6;0.5;10;100;5;Successful;Effective;No;No;No;No;No;No;0.0;-5.0;0.25;-5.09;0.39;-5.16;0.47;-5.2;0.51;-5.22;;;;;;
1111;20.6;26.6;0.5;5;80;6;Successful;Effective;No;No;No;No;No;No;0.0;-6.0;0.2;-6.1;0.32;-6.17;0.38;-6.21;0.41;-6.23;;;;;;
1112;20.6;26.6;0.5;8;80;6;Successful;Effective;No;No;No;No;No;No;0.0;-6.0;0.2;-6.1;0.32;-6.17;0.38;-6.21;0.41;-6.23;;;;;;
1113;20.6;26.6;0.5;10;80;6;Successful;Effective;No;No;No;No;No;No;0.0;-6.0;0.2;-6.1;0.32;-6.17;0.38;-6.21;0.41;-6.23;;;;;;
1114;20.6;26.6;0.5;5;100;6;Successful;Effective;No;No;No;No;No;No;0.0;-6.0;0.25;-6.1;0.39;-6.18;0.47;-6.22;0.51;-6.25;;;;;;
1115;20.6;26.6;0.5;8;100;6;Successful;Effective;No;No;No;No;No;No;0.0;-6.0;0.25;-6.1;0.39;-6.18;0.47;-6.22;0.51;-6.25;;;;;;
1116;20.6;26.6;0.5;10;100;6;Successful;Effective;No;No;No;No;No;No;0.0;-6.0;0.25;-6.1;0.39;-6.18;0.47;-6.22;0.51;-6.25;;;;;;
1117;20.6;26.6;0.5;5;80;7;Successful;Effective;No;No;No;No;No;No;0.0;-7.0;0.2;-7.11;0.32;-7.19;0.38;-7.24;0.41;-7.26;;;;;;
1118;20.6;26.6;0.5;8;80;7;Successful;Effective;No;No;No;No;No;No;0.0;-7.0;0.2;-7.11;0.32;-7.19;0.38;-7.24;0.41;-7.26;;;;;;
1119;20.6;26.6;0.5;10;80;7;Successful;Effective;No;No;No;No;No;No;0.0;-7.0;0.2;-7.11;0.32;-7.19;0.38;-7.24;0.41;-7.26;;;;;;
1120;20.6;26.6;0.5;5;100;7;Successful;Effective;No;No;No;No;No;No;0.0;-7.0;0.25;-7.12;0.39;-7.2;0.47;-7.25;0.51;-7.27;;;;;;
1121;20.6;26.6;0.5;8;100;7;Successful;Effective;No;No;No;No;No;No;0.0;-7.0;0.25;-7.12;0.39;-7.2;0.47;-7.25;0.51;-7.27;;;;;;
1122;20.6;26.6;0.5;10;100;7;Successful;Effective;No;No;No;No;No;No;0.0;-7.0;0.25;-7.12;0.39;-7.2;0.47;-7.25;0.51;-7.27;;;;;;
1123;20.6;26.6;0.5;5;80;8;Successful;Effective;No;No;No;No;No;No;0.0;-7.99;0.2;-8.13;0.32;-8.21;0.38;-8.26;0.41;-8.28;;;;;;
1124;20.6;26.6;0.5;8;80;8;Successful;Effective;No;No;No;No;No;No;0.0;-7.99;0.2;-8.13;0.32;-8.21;0.38;-8.26;0.41;-8.28;;;;;;
1125;20.6;26.6;0.5;10;80;8;Successful;Effective;No;No;No;No;No;No;0.0;-7.99;0.2;-8.13;0.32;-8.21;0.38;-8.26;0.41;-8.28;;;;;;
1126;20.6;26.6;0.5;5;100;8;Successful;Effective;No;No;No;No;No;No;0.0;-8.0;0.25;-8.13;0.39;-8.22;0.47;-8.28;0.51;-8.3;;;;;;
1127;20.6;26.6;0.5;8;100;8;Successful;Effective;No;No;No;No;No;No;0.0;-8.0;0.25;-8.13;0.39;-8.22;0.47;-8.28;0.51;-8.3;;;;;;
1128;20.6;26.6;0.5;10;100;8;Successful;Effective;No;No;No;No;No;No;0.0;-8.0;0.25;-8.13;0.39;-8.22;0.47;-8.28;0.51;-8.3;;;;;;
1129;20.7;26.7;0.5;5;80;5;Successful;Effective;No;No;No;No;No;No;0.0;-5.0;0.2;-5.08;0.32;-5.15;0.38;-5.19;0.41;-5.2;;;;;;
1130;20.7;26.7;0.5;8;80;5;Successful;Effective;No;No;No;No;No;No;0.0;-5.0;0.2;-5.08;0.32;-5.15;0.38;-5.19;0.41;-5.2;;;;;;
1131;20.7;26.7;0.5;10;80;5;Successful;Effective;No;No;No;No;No;No;0.0;-5.0;0.2;-5.08;0.32;-5.15;0.38;-5.19;0.41;-5.2;;;;;;
1132;20.7;26.7;0.5;5;100;5;Successful;Effective;No;No;No;No;No;No;0.0;-5.0;0.25;-5.09;0.39;-5.16;0.47;-5.2;0.51;-5.22;;;;;;
1133;20.7;26.7;0.5;8;100;5;Successful;Effective;No;No;No;No;No;No;0.0;-5.0;0.25;-5.09;0.39;-5.16;0.47;-5.2;0.51;-5.22;;;;;;
1134;20.7;26.7;0.5;10;100;5;Successful;Effective;No;No;No;No;No;No;0.0;-5.0;0.25;-5.09;0.39;-5.16;0.47;-5.2;0.51;-5.22;;;;;;
1135;20.7;26.7;0.5;5;80;6;Successful;Effective;No;No;No;No;No;No;0.0;-6.0;0.2;-6.1;0.32;-6.17;0.38;-6.21;0.41;-6.23;;;;;;
1136;20.7;26.7;0.5;8;80;6;Successful;Effective;No;No;No;No;No;No;0.0;-6.0;0.2;-6.1;0.32;-6.17;0.38;-6.21;0.41;-6.23;;;;;;
1137;20.7;26.7;0.5;10;80;6;Successful;Effective;No;No;No;No;No;No;0.0;-6.0;0.2;-6.1;0.32;-6.17;0.38;-6.21;0.41;-6.23;;;;;;
1138;20.7;26.7;0.5;5;100;6;Successful;Effective;No;No;No;No;No;No;0.0;-6.0;0.25;-6.1;0.39;-6.18;0.47;-6.22;0.51;-6.25;;;;;;
1139;20.7;26.7;0.5;8;100;6;Successful;Effective;No;No;No;No;No;No;0.0;-6.0;0.25;-6.1;0.39;-6.18;0.47;-6.22;0.51;-6.25;;;;;;
1140;20.7;26.7;0.5;10;100;6;Successful;Effective;No;No;No;No;No;No;0.0;-6.0;0.25;-6.1;0.39;-6.18;0.47;-6.22;0.51;-6.25;;;;;;
1141;20.7;26.7;0.5;5;80;7;Successful;Effective;No;No;No;No;No;No;0.0;-7.0;0.2;-7.11;0.32;-7.19;0.38;-7.24;0.41;-7.26;;;;;;
1142;20.7;26.7;0.5;8;80;7;Successful;Effective;No;No;No;No;No;No;0.0;-7.0;0.2;-7.11;0.32;-7.19;0.38;-7.24;0.41;-7.26;;;;;;
1143;20.7;26.7;0.5;10;80;7;Successful;Effective;No;No;No;No;No;No;0.0;-7.0;0.2;-7.11;0.32;-7.19;0.38;-7.24;0.41;-7.26;;;;;;
1144;20.7;26.7;0.5;5;100;7;Successful;Effective;No;No;No;No;No;No;0.0;-7.0;0.25;-7.12;0.39;-7.2;0.47;-7.25;0.51;-7.27;;;;;;
1145;20.7;26.7;0.5;8;100;7;Successful;Effective;No;No;No;No;No;No;0.0;-7.0;0.25;-7.12;0.39;-7.2;0.47;-7.25;0.51;-7.27;;;;;;
1146;20.7;26.7;0.5;10;100;7;Successful;Effective;No;No;No;No;No;No;0.0;-7.0;0.25;-7.12;0.39;-7.2;0.47;-7.25;0.51;-7.27;;;;;;
1147;20.7;26.7;0.5;5;80;8;Successful;Effective;No;No;No;No;No;No;0.0;-7.99;0.2;-8.13;0.32;-8.21;0.38;-8.26;0.41;-8.28;;;;;;
1148;20.7;26.7;0.5;8;80;8;Successful;Effective;No;No;No;No;No;No;0.0;-7.99;0.2;-8.13;0.32;-8.21;0.38;-8.26;0.41;-8.28;;;;;;
1149;20.7;26.7;0.5;10;80;8;Successful;Effective;No;No;No;No;No;No;0.0;-7.99;0.2;-8.13;0.32;-8.21;0.38;-8.26;0.41;-8.28;;;;;;
1150;20.7;26.7;0.5;5;100;8;Successful;Effective;No;No;No;No;No;No;0.0;-8.0;0.25;-8.13;0.39;-8.22;0.47;-8.28;0.51;-8.3;;;;;;
1151;20.7;26.7;0.5;8;100;8;Successful;Effective;No;No;No;No;No;No;0.0;-8.0;0.25;-8.13;0.39;-8.22;0.47;-8.28;0.51;-8.3;;;;;;
1152;20.7;26.7;0.5;10;100;8;Successful;Effective;No;No;No;No;No;No;0.0;-8.0;0.25;-8.13;0.39;-8.22;0.47;-8.28;0.51;-8.3;;;;;;
1153;20.8;26.8;0.5;5;80;5;Successful;Effective;No;No;No;No;No;No;0.0;-5.0;0.2;-5.08;0.32;-5.15;0.38;-5.19;0.41;-5.2;;;;;;
1154;20.8;26.8;0.5;8;80;5;Successful;Effective;No;No;No;No;No;No;0.0;-5.0;0.2;-5.08;0.32;-5.15;0.38;-5.19;0.41;-5.2;;;;;;
1155;20.8;26.8;0.5;10;80;5;Successful;Effective;No;No;No;No;No;No;0.0;-5.0;0.2;-5.08;0.32;-5.15;0.38;-5.19;0.41;-5.2;;;;;;
1156;20.8;26.8;0.5;5;100;5;Successful;Effective;No;No;No;No;No;No;0.0;-5.0;0.25;-5.09;0.39;-5.16;0.47;-5.2;0.51;-5.22;;;;;;
1157;20.8;26.8;0.5;8;100;5;Successful;Effective;No;No;No;No;No;No;0.0;-5.0;0.25;-5.09;0.39;-5.16;0.47;-5.2;0.51;-5.22;;;;;;
1158;20.8;26.8;0.5;10;100;5;Successful;Effective;No;No;No;No;No;No;0.0;-5.0;0.25;-5.09;0.39;-5.16;0.47;-5.2;0.51;-5.22;;;;;;
1159;20.8;26.8;0.5;5;80;6;Successful;Effective;No;No;No;No;No;No;0.0;-6.0;0.2;-6.1;0.32;-6.17;0.38;-6.21;0.41;-6.23;;;;;;
1160;20.8;26.8;0.5;8;80;6;Successful;Effective;No;No;No;No;No;No;0.0;-6.0;0.2;-6.1;0.32;-6.17;0.38;-6.21;0.41;-6.23;;;;;;
1161;20.8;26.8;0.5;10;80;6;Successful;Effective;No;No;No;No;No;No;0.0;-6.0;0.2;-6.1;0.32;-6.17;0.38;-6.21;0.41;-6.23;;;;;;
1162;20.8;26.8;0.5;5;100;6;Successful;Effective;No;No;No;No;No;No;0.0;-6.0;0.25;-6.1;0.39;-6.18;0.47;-6.22;0.51;-6.25;;;;;;
1163;20.8;26.8;0.5;8;100;6;Successful;Effective;No;No;No;No;No;No;0.0;-6.0;0.25;-6.1;0.39;-6.18;0.47;-6.22;0.51;-6.25;;;;;;
1164;20.8;26.8;0.5;10;100;6;Successful;Effective;No;No;No;No;No;No;0.0;-6.0;0.25;-6.1;0.39;-6.18;0.47;-6.22;0.51;-6.25;;;;;;
1165;20.8;26.8;0.5;5;80;7;Successful;Effective;No;No;No;No;No;No;0.0;-7.0;0.2;-7.11;0.32;-7.19;0.38;-7.24;0.41;-7.26;;;;;;
1166;20.8;26.8;0.5;8;80;7;Successful;Effective;No;No;No;No;No;No;0.0;-7.0;0.2;-7.11;0.32;-7.19;0.38;-7.24;0.41;-7.26;;;;;;
1167;20.8;26.8;0.5;10;80;7;Successful;Effective;No;No;No;No;No;No;0.0;-7.0;0.2;-7.11;0.32;-7.19;0.38;-7.24;0.41;-7.26;;;;;;
1168;20.8;26.8;0.5;5;100;7;Successful;Effective;No;No;No;No;No;No;0.0;-7.0;0.25;-7.12;0.39;-7.2;0.47;-7.25;0.51;-7.27;;;;;;
1169;20.8;26.8;0.5;8;100;7;Successful;Effective;No;No;No;No;No;No;0.0;-7.0;0.25;-7.12;0.39;-7.2;0.47;-7.25;0.51;-7.27;;;;;;
1170;20.8;26.8;0.5;10;100;7;Successful;Effective;No;No;No;No;No;No;0.0;-7.0;0.25;-7.12;0.39;-7.2;0.47;-7.25;0.51;-7.27;;;;;;
1171;20.8;26.8;0.5;5;80;8;Successful;Effective;No;No;No;No;No;No;0.0;-7.99;0.2;-8.13;0.32;-8.21;0.38;-8.26;0.41;-8.28;;;;;;
1172;20.8;26.8;0.5;8;80;8;Successful;Effective;No;No;No;No;No;No;0.0;-7.99;0.2;-8.13;0.32;-8.21;0.38;-8.26;0.41;-8.28;;;;;;
1173;20.8;26.8;0.5;10;80;8;Successful;Effective;No;No;No;No;No;No;0.0;-7.99;0.2;-8.13;0.32;-8.21;0.38;-8.26;0.41;-8.28;;;;;;
1174;20.8;26.8;0.5;5;100;8;Successful;Effective;No;No;No;No;No;No;0.0;-8.0;0.25;-8.13;0.39;-8.22;0.47;-8.28;0.51;-8.3;;;;;;
1175;20.8;26.8;0.5;8;100;8;Successful;Effective;No;No;No;No;No;No;0.0;-8.0;0.25;-8.13;0.39;-8.22;0.47;-8.28;0.51;-8.3;;;;;;
1176;20.8;26.8;0.5;10;100;8;Successful;Effective;No;No;No;No;No;No;0.0;-8.0;0.25;-8.13;0.39;-8.22;0.47;-8.28;0.51;-8.3;;;;;;
1177;20.9;26.9;0.5;5;80;5;Successful;Effective;No;No;No;No;No;No;0.0;-5.0;0.2;-5.08;0.32;-5.15;0.38;-5.19;0.41;-5.2;;;;;;
1178;20.9;26.9;0.5;8;80;5;Successful;Effective;No;No;No;No;No;No;0.0;-5.0;0.2;-5.08;0.32;-5.15;0.38;-5.19;0.41;-5.2;;;;;;
1179;20.9;26.9;0.5;10;80;5;Successful;Effective;No;No;No;No;No;No;0.0;-5.0;0.2;-5.08;0.32;-5.15;0.38;-5.19;0.41;-5.2;;;;;;
1180;20.9;26.9;0.5;5;100;5;Successful;Effective;No;No;No;No;No;No;0.0;-5.0;0.25;-5.09;0.39;-5.16;0.47;-5.2;0.51;-5.22;;;;;;
1181;20.9;26.9;0.5;8;100;5;Successful;Effective;No;No;No;No;No;No;0.0;-5.0;0.25;-5.09;0.39;-5.16;0.47;-5.2;0.51;-5.22;;;;;;
1182;20.9;26.9;0.5;10;100;5;Successful;Effective;No;No;No;No;No;No;0.0;-5.0;0.25;-5.09;0.39;-5.16;0.47;-5.2;0.51;-5.22;;;;;;
1183;20.9;26.9;0.5;5;80;6;Successful;Effective;No;No;No;No;No;No;0.0;-6.0;0.2;-6.1;0.32;-6.17;0.38;-6.21;0.41;-6.23;;;;;;
1184;20.9;26.9;0.5;8;80;6;Successful;Effective;No;No;No;No;No;No;0.0;-6.0;0.2;-6.1;0.32;-6.17;0.38;-6.21;0.41;-6.23;;;;;;
1185;20.9;26.9;0.5;10;80;6;Successful;Effective;No;No;No;No;No;No;0.0;-6.0;0.2;-6.1;0.32;-6.17;0.38;-6.21;0.41;-6.23;;;;;;
1186;20.9;26.9;0.5;5;100;6;Successful;Effective;No;No;No;No;No;No;0.0;-6.0;0.25;-6.1;0.39;-6.18;0.47;-6.22;0.51;-6.25;;;;;;
1187;20.9;26.9;0.5;8;100;6;Successful;Effective;No;No;No;No;No;No;0.0;-6.0;0.25;-6.1;0.39;-6.18;0.47;-6.22;0.51;-6.25;;;;;;
1188;20.9;26.9;0.5;10;100;6;Successful;Effective;No;No;No;No;No;No;0.0;-6.0;0.25;-6.1;0.39;-6.18;0.47;-6.22;0.51;-6.25;;;;;;
1189;20.9;26.9;0.5;5;80;7;Successful;Effective;No;No;No;No;No;No;0.0;-7.0;0.2;-7.11;0.32;-7.19;0.38;-7.24;0.41;-7.26;;;;;;
1190;20.9;26.9;0.5;8;80;7;Successful;Effective;No;No;No;No;No;No;0.0;-7.0;0.2;-7.11;0.32;-7.19;0.38;-7.24;0.41;-7.26;;;;;;
1191;20.9;26.9;0.5;10;80;7;Successful;Effective;No;No;No;No;No;No;0.0;-7.0;0.2;-7.11;0.32;-7.19;0.38;-7.24;0.41;-7.26;;;;;;
1192;20.9;26.9;0.5;5;100;7;Successful;Effective;No;No;No;No;No;No;0.0;-7.0;0.25;-7.12;0.39;-7.2;0.47;-7.25;0.51;-7.27;;;;;;
1193;20.9;26.9;0.5;8;100;7;Successful;Effective;No;No;No;No;No;No;0.0;-7.0;0.25;-7.12;0.39;-7.2;0.47;-7.25;0.51;-7.27;;;;;;
1194;20.9;26.9;0.5;10;100;7;Successful;Effective;No;No;No;No;No;No;0.0;-7.0;0.25;-7.12;0.39;-7.2;0.47;-7.25;0.51;-7.27;;;;;;
1195;20.9;26.9;0.5;5;80;8;Successful;Effective;No;No;No;No;No;No;0.0;-7.99;0.2;-8.13;0.32;-8.21;0.38;-8.26;0.41;-8.28;;;;;;
1196;20.9;26.9;0.5;8;80;8;Successful;Effective;No;No;No;No;No;No;0.0;-7.99;0.2;-8.13;0.32;-8.21;0.38;-8.26;0.41;-8.28;;;;;;
1197;20.9;26.9;0.5;10;80;8;Successful;Effective;No;No;No;No;No;No;0.0;-7.99;0.2;-8.13;0.32;-8.21;0.38;-8.26;0.41;-8.28;;;;;;
1198;20.9;26.9;0.5;5;100;8;Successful;Effective;No;No;No;No;No;No;0.0;-8.0;0.25;-8.13;0.39;-8.22;0.47;-8.28;0.51;-8.3;;;;;;
1199;20.9;26.9;0.5;8;100;8;Successful;Effective;No;No;No;No;No;No;0.0;-8.0;0.25;-8.13;0.39;-8.22;0.47;-8.28;0.51;-8.3;;;;;;
1200;20.9;26.9;0.5;10;100;8;Successful;Effective;No;No;No;No;No;No;0.0;-8.0;0.25;-8.13;0.39;-8.22;0.47;-8.28;0.51;-8.3;;;;;;
1201;21.0;27.0;0.5;5;80;5;Successful;Effective;No;No;No;No;No;No;0.0;-5.0;0.2;-5.08;0.32;-5.15;0.38;-5.19;0.41;-5.2;;;;;;
1202;21.0;27.0;0.5;8;80;5;Successful;Effective;No;No;No;No;No;No;0.0;-5.0;0.2;-5.08;0.32;-5.15;0.38;-5.19;0.41;-5.2;;;;;;
1203;21.0;27.0;0.5;10;80;5;Successful;Effective;No;No;No;No;No;No;0.0;-5.0;0.2;-5.08;0.32;-5.15;0.38;-5.19;0.41;-5.2;;;;;;
1204;21.0;27.0;0.5;5;100;5;Successful;Effective;No;No;No;No;No;No;0.0;-5.0;0.25;-5.09;0.39;-5.16;0.47;-5.2;0.51;-5.22;;;;;;
1205;21.0;27.0;0.5;8;100;5;Successful;Effective;No;No;No;No;No;No;0.0;-5.0;0.25;-5.09;0.39;-5.16;0.47;-5.2;0.51;-5.22;;;;;;
1206;21.0;27.0;0.5;10;100;5;Successful;Effective;No;No;No;No;No;No;0.0;-5.0;0.25;-5.09;0.39;-5.16;0.47;-5.2;0.51;-5.22;;;;;;
1207;21.0;27.0;0.5;5;80;6;Successful;Effective;No;No;No;No;No;No;0.0;-6.0;0.2;-6.1;0.32;-6.17;0.38;-6.21;0.41;-6.23;;;;;;
1208;21.0;27.0;0.5;8;80;6;Successful;Effective;No;No;No;No;No;No;0.0;-6.0;0.2;-6.1;0.32;-6.17;0.38;-6.21;0.41;-6.23;;;;;;
1209;21.0;27.0;0.5;10;80;6;Successful;Effective;No;No;No;No;No;No;0.0;-6.0;0.2;-6.1;0.32;-6.17;0.38;-6.21;0.41;-6.23;;;;;;
1210;21.0;27.0;0.5;5;100;6;Successful;Effective;No;No;No;No;No;No;0.0;-6.0;0.25;-6.1;0.39;-6.18;0.47;-6.22;0.51;-6.25;;;;;;
1211;21.0;27.0;0.5;8;100;6;Successful;Effective;No;No;No;No;No;No;0.0;-6.0;0.25;-6.1;0.39;-6.18;0.47;-6.22;0.51;-6.25;;;;;;
1212;21.0;27.0;0.5;10;100;6;Successful;Effective;No;No;No;No;No;No;0.0;-6.0;0.25;-6.1;0.39;-6.18;0.47;-6.22;0.51;-6.25;;;;;;
1213;21.0;27.0;0.5;5;80;7;Successful;Effective;No;No;No;No;No;No;0.0;-7.0;0.2;-7.11;0.32;-7.19;0.38;-7.24;0.41;-7.26;;;;;;
1214;21.0;27.0;0.5;8;80;7;Successful;Effective;No;No;No;No;No;No;0.0;-7.0;0.2;-7.11;0.32;-7.19;0.38;-7.24;0.41;-7.26;;;;;;
1215;21.0;27.0;0.5;10;80;7;Successful;Effective;No;No;No;No;No;No;0.0;-7.0;0.2;-7.11;0.32;-7.19;0.38;-7.24;0.41;-7.26;;;;;;
1216;21.0;27.0;0.5;5;100;7;Successful;Effective;No;No;No;No;No;No;0.0;-7.0;0.25;-7.12;0.39;-7.2;0.47;-7.25;0.51;-7.27;;;;;;
1217;21.0;27.0;0.5;8;100;7;Successful;Effective;No;No;No;No;No;No;0.0;-7.0;0.25;-7.12;0.39;-7.2;0.47;-7.25;0.51;-7.27;;;;;;
1218;21.0;27.0;0.5;10;100;7;Successful;Effective;No;No;No;No;No;No;0.0;-7.0;0.25;-7.12;0.39;-7.2;0.47;-7.25;0.51;-7.27;;;;;;
1219;21.0;27.0;0.5;5;80;8;Successful;Effective;No;No;No;No;No;No;0.0;-7.99;0.2;-8.13;0.32;-8.21;0.38;-8.26;0.41;-8.28;;;;;;
1220;21.0;27.0;0.5;8;80;8;Successful;Effective;No;No;No;No;No;No;0.0;-7.99;0.2;-8.13;0.32;-8.21;0.38;-8.26;0.41;-8.28;;;;;;
1221;21.0;27.0;0.5;10;80;8;Successful;Effective;No;No;No;No;No;No;0.0;-7.99;0.2;-8.13;0.32;-8.21;0.38;-8.26;0.41;-8.28;;;;;;
1222;21.0;27.0;0.5;5;100;8;Successful;Effective;No;No;No;No;No;No;0.0;-8.0;0.25;-8.13;0.39;-8.22;0.47;-8.28;0.51;-8.3;;;;;;
1223;21.0;27.0;0.5;8;100;8;Successful;Effective;No;No;No;No;No;No;0.0;-8.0;0.25;-8.13;0.39;-8.22;0.47;-8.28;0.51;-8.3;;;;;;
1224;21.0;27.0;0.5;10;100;8;Successful;Effective;No;No;No;No;No;No;0.0;-8.0;0.25;-8.13;0.39;-8.22;0.47;-8.28;0.51;-8.3;;;;;;
1225;21.1;27.1;0.5;5;80;5;Successful;Effective;No;No;No;No;No;No;0.0;-5.0;0.2;-5.08;0.32;-5.15;0.38;-5.19;0.41;-5.2;;;;;;
1226;21.1;27.1;0.5;8;80;5;Successful;Effective;No;No;No;No;No;No;0.0;-5.0;0.2;-5.08;0.32;-5.15;0.38;-5.19;0.41;-5.2;;;;;;
1227;21.1;27.1;0.5;10;80;5;Successful;Effective;No;No;No;No;No;No;0.0;-5.0;0.2;-5.08;0.32;-5.15;0.38;-5.19;0.41;-5.2;;;;;;
1228;21.1;27.1;0.5;5;100;5;Successful;Effective;No;No;No;No;No;No;0.0;-5.0;0.25;-5.09;0.39;-5.16;0.47;-5.2;0.51;-5.22;;;;;;
1229;21.1;27.1;0.5;8;100;5;Successful;Effective;No;No;No;No;No;No;0.0;-5.0;0.25;-5.09;0.39;-5.16;0.47;-5.2;0.51;-5.22;;;;;;
1230;21.1;27.1;0.5;10;100;5;Successful;Effective;No;No;No;No;No;No;0.0;-5.0;0.25;-5.09;0.39;-5.16;0.47;-5.2;0.51;-5.22;;;;;;
1231;21.1;27.1;0.5;5;80;6;Successful;Effective;No;No;No;No;No;No;0.0;-6.0;0.2;-6.1;0.32;-6.17;0.38;-6.21;0.41;-6.23;;;;;;
1232;21.1;27.1;0.5;8;80;6;Successful;Effective;No;No;No;No;No;No;0.0;-6.0;0.2;-6.1;0.32;-6.17;0.38;-6.21;0.41;-6.23;;;;;;
1233;21.1;27.1;0.5;10;80;6;Successful;Effective;No;No;No;No;No;No;0.0;-6.0;0.2;-6.1;0.32;-6.17;0.38;-6.21;0.41;-6.23;;;;;;
1234;21.1;27.1;0.5;5;100;6;Successful;Effective;No;No;No;No;No;No;0.0;-6.0;0.25;-6.1;0.39;-6.18;0.47;-6.22;0.51;-6.25;;;;;;
1235;21.1;27.1;0.5;8;100;6;Successful;Effective;No;No;No;No;No;No;0.0;-6.0;0.25;-6.1;0.39;-6.18;0.47;-6.22;0.51;-6.25;;;;;;
1236;21.1;27.1;0.5;10;100;6;Successful;Effective;No;No;No;No;No;No;0.0;-6.0;0.25;-6.1;0.39;-6.18;0.47;-6.22;0.51;-6.25;;;;;;
1237;21.1;27.1;0.5;5;80;7;Successful;Effective;No;No;No;No;No;No;0.0;-7.0;0.2;-7.11;0.32;-7.19;0.38;-7.24;0.41;-7.26;;;;;;
1238;21.1;27.1;0.5;8;80;7;Successful;Effective;No;No;No;No;No;No;0.0;-7.0;0.2;-7.11;0.32;-7.19;0.38;-7.24;0.41;-7.26;;;;;;
1239;21.1;27.1;0.5;10;80;7;Successful;Effective;No;No;No;No;No;No;0.0;-7.0;0.2;-7.11;0.32;-7.19;0.38;-7.24;0.41;-7.26;;;;;;
1240;21.1;27.1;0.5;5;100;7;Successful;Effective;No;No;No;No;No;No;0.0;-7.0;0.25;-7.12;0.39;-7.2;0.47;-7.25;0.51;-7.27;;;;;;
1241;21.1;27.1;0.5;8;100;7;Successful;Effective;No;No;No;No;No;No;0.0;-7.0;0.25;-7.12;0.39;-7.2;0.47;-7.25;0.51;-7.27;;;;;;
1242;21.1;27.1;0.5;10;100;7;Successful;Effective;No;No;No;No;No;No;0.0;-7.0;0.25;-7.12;0.39;-7.2;0.47;-7.25;0.51;-7.27;;;;;;
1243;21.1;27.1;0.5;5;80;8;Successful;Effective;No;No;No;No;No;No;0.0;-7.99;0.2;-8.13;0.32;-8.21;0.38;-8.26;0.41;-8.28;;;;;;
1244;21.1;27.1;0.5;8;80;8;Successful;Effective;No;No;No;No;No;No;0.0;-7.99;0.2;-8.13;0.32;-8.21;0.38;-8.26;0.41;-8.28;;;;;;
1245;21.1;27.1;0.5;10;80;8;Successful;Effective;No;No;No;No;No;No;0.0;-7.99;0.2;-8.13;0.32;-8.21;0.38;-8.26;0.41;-8.28;;;;;;
1246;21.1;27.1;0.5;5;100;8;Successful;Effective;No;No;No;No;No;No;0.0;-8.0;0.25;-8.13;0.39;-8.22;0.47;-8.28;0.51;-8.3;;;;;;
1247;21.1;27.1;0.5;8;100;8;Successful;Effective;No;No;No;No;No;No;0.0;-8.0;0.25;-8.13;0.39;-8.22;0.47;-8.28;0.51;-8.3;;;;;;
1248;21.1;27.1;0.5;10;100;8;Successful;Effective;No;No;No;No;No;No;0.0;-8.0;0.25;-8.13;0.39;-8.22;0.47;-8.28;0.51;-8.3;;;;;;
1249;21.2;27.2;0.5;5;80;5;Successful;Effective;No;No;No;No;No;No;0.0;-5.0;0.2;-5.08;0.32;-5.15;0.38;-5.19;0.41;-5.2;;;;;;
1250;21.2;27.2;0.5;8;80;5;Successful;Effective;No;No;No;No;No;No;0.0;-5.0;0.2;-5.08;0.32;-5.15;0.38;-5.19;0.41;-5.2;;;;;;
1251;21.2;27.2;0.5;10;80;5;Successful;Effective;No;No;No;No;No;No;0.0;-5.0;0.2;-5.08;0.32;-5.15;0.38;-5.19;0.41;-5.2;;;;;;
1252;21.2;27.2;0.5;5;100;5;Successful;Effective;No;No;No;No;No;No;0.0;-5.0;0.25;-5.09;0.39;-5.16;0.47;-5.2;0.51;-5.22;;;;;;
1253;21.2;27.2;0.5;8;100;5;Successful;Effective;No;No;No;No;No;No;0.0;-5.0;0.25;-5.09;0.39;-5.16;0.47;-5.2;0.51;-5.22;;;;;;
1254;21.2;27.2;0.5;10;100;5;Successful;Effective;No;No;No;No;No;No;0.0;-5.0;0.25;-5.09;0.39;-5.16;0.47;-5.2;0.51;-5.22;;;;;;
1255;21.2;27.2;0.5;5;80;6;Successful;Effective;No;No;No;No;No;No;0.0;-6.0;0.2;-6.1;0.32;-6.17;0.38;-6.21;0.41;-6.23;;;;;;
1256;21.2;27.2;0.5;8;80;6;Successful;Effective;No;No;No;No;No;No;0.0;-6.0;0.2;-6.1;0.32;-6.17;0.38;-6.21;0.41;-6.23;;;;;;
1257;21.2;27.2;0.5;10;80;6;Successful;Effective;No;No;No;No;No;No;0.0;-6.0;0.2;-6.1;0.32;-6.17;0.38;-6.21;0.41;-6.23;;;;;;
1258;21.2;27.2;0.5;5;100;6;Successful;Effective;No;No;No;No;No;No;0.0;-6.0;0.25;-6.1;0.39;-6.18;0.47;-6.22;0.51;-6.25;;;;;;
1259;21.2;27.2;0.5;8;100;6;Successful;Effective;No;No;No;No;No;No;0.0;-6.0;0.25;-6.1;0.39;-6.18;0.47;-6.22;0.51;-6.25;;;;;;
1260;21.2;27.2;0.5;10;100;6;Successful;Effective;No;No;No;No;No;No;0.0;-6.0;0.25;-6.1;0.39;-6.18;0.47;-6.22;0.51;-6.25;;;;;;
1261;21.2;27.2;0.5;5;80;7;Successful;Effective;No;No;No;No;No;No;0.0;-7.0;0.2;-7.11;0.32;-7.19;0.38;-7.24;0.41;-7.26;;;;;;
1262;21.2;27.2;0.5;8;80;7;Successful;Effective;No;No;No;No;No;No;0.0;-7.0;0.2;-7.11;0.32;-7.19;0.38;-7.24;0.41;-7.26;;;;;;
1263;21.2;27.2;0.5;10;80;7;Successful;Effective;No;No;No;No;No;No;0.0;-7.0;0.2;-7.11;0.32;-7.19;0.38;-7.24;0.41;-7.26;;;;;;
1264;21.2;27.2;0.5;5;100;7;Successful;Effective;No;No;No;No;No;No;0.0;-7.0;0.25;-7.12;0.39;-7.2;0.47;-7.25;0.51;-7.27;;;;;;
1265;21.2;27.2;0.5;8;100;7;Successful;Effective;No;No;No;No;No;No;0.0;-7.0;0.25;-7.12;0.39;-7.2;0.47;-7.25;0.51;-7.27;;;;;;
1266;21.2;27.2;0.5;10;100;7;Successful;Effective;No;No;No;No;No;No;0.0;-7.0;0.25;-7.12;0.39;-7.2;0.47;-7.25;0.51;-7.27;;;;;;
1267;21.2;27.2;0.5;5;80;8;Successful;Effective;No;No;No;No;No;No;0.0;-7.99;0.2;-8.13;0.32;-8.21;0.38;-8.26;0.41;-8.28;;;;;;
1268;21.2;27.2;0.5;8;80;8;Successful;Effective;No;No;No;No;No;No;0.0;-7.99;0.2;-8.13;0.32;-8.21;0.38;-8.26;0.41;-8.28;;;;;;
1269;21.2;27.2;0.5;10;80;8;Successful;Effective;No;No;No;No;No;No;0.0;-7.99;0.2;-8.13;0.32;-8.21;0.38;-8.26;0.41;-8.28;;;;;;
1270;21.2;27.2;0.5;5;100;8;Successful;Effective;No;No;No;No;No;No;0.0;-8.0;0.25;-8.13;0.39;-8.22;0.47;-8.28;0.51;-8.3;;;;;;
1271;21.2;27.2;0.5;8;100;8;Successful;Effective;No;No;No;No;No;No;0.0;-8.0;0.25;-8.13;0.39;-8.22;0.47;-8.28;0.51;-8.3;;;;;;
1272;21.2;27.2;0.5;10;100;8;Successful;Effective;No;No;No;No;No;No;0.0;-8.0;0.25;-8.13;0.39;-8.22;0.47;-8.28;0.51;-8.3;;;;;;
1273;21.3;27.3;0.5;5;80;5;Successful;Effective;No;No;No;No;No;No;0.0;-5.0;0.2;-5.08;0.32;-5.15;0.38;-5.19;0.41;-5.2;;;;;;
1274;21.3;27.3;0.5;8;80;5;Successful;Effective;No;No;No;No;No;No;0.0;-5.0;0.2;-5.08;0.32;-5.15;0.38;-5.19;0.41;-5.2;;;;;;
1275;21.3;27.3;0.5;10;80;5;Successful;Effective;No;No;No;No;No;No;0.0;-5.0;0.2;-5.08;0.32;-5.15;0.38;-5.19;0.41;-5.2;;;;;;
1276;21.3;27.3;0.5;5;100;5;Successful;Effective;No;No;No;No;No;No;0.0;-5.0;0.25;-5.09;0.39;-5.16;0.47;-5.2;0.51;-5.22;;;;;;
1277;21.3;27.3;0.5;8;100;5;Successful;Effective;No;No;No;No;No;No;0.0;-5.0;0.25;-5.09;0.39;-5.16;0.47;-5.2;0.51;-5.22;;;;;;
1278;21.3;27.3;0.5;10;100;5;Successful;Effective;No;No;No;No;No;No;0.0;-5.0;0.25;-5.09;0.39;-5.16;0.47;-5.2;0.51;-5.22;;;;;;
1279;21.3;27.3;0.5;5;80;6;Successful;Effective;No;No;No;No;No;No;0.0;-6.0;0.2;-6.1;0.32;-6.17;0.38;-6.21;0.41;-6.23;;;;;;
1280;21.3;27.3;0.5;8;80;6;Successful;Effective;No;No;No;No;No;No;0.0;-6.0;0.2;-6.1;0.32;-6.17;0.38;-6.21;0.41;-6.23;;;;;;
1281;21.3;27.3;0.5;10;80;6;Successful;Effective;No;No;No;No;No;No;0.0;-6.0;0.2;-6.1;0.32;-6.17;0.38;-6.21;0.41;-6.23;;;;;;
1282;21.3;27.3;0.5;5;100;6;Successful;Effective;No;No;No;No;No;No;0.0;-6.0;0.25;-6.1;0.39;-6.18;0.47;-6.22;0.51;-6.25;;;;;;
1283;21.3;27.3;0.5;8;100;6;Successful;Effective;No;No;No;No;No;No;0.0;-6.0;0.25;-6.1;0.39;-6.18;0.47;-6.22;0.51;-6.25;;;;;;
1284;21.3;27.3;0.5;10;100;6;Successful;Effective;No;No;No;No;No;No;0.0;-6.0;0.25;-6.1;0.39;-6.18;0.47;-6.22;0.51;-6.25;;;;;;
1285;21.3;27.3;0.5;5;80;7;Successful;Effective;No;No;No;No;No;No;0.0;-7.0;0.2;-7.11;0.32;-7.19;0.38;-7.24;0.41;-7.26;;;;;;
1286;21.3;27.3;0.5;8;80;7;Successful;Effective;No;No;No;No;No;No;0.0;-7.0;0.2;-7.11;0.32;-7.19;0.38;-7.24;0.41;-7.26;;;;;;
1287;21.3;27.3;0.5;10;80;7;Successful;Effective;No;No;No;No;No;No;0.0;-7.0;0.2;-7.11;0.32;-7.19;0.38;-7.24;0.41;-7.26;;;;;;
1288;21.3;27.3;0.5;5;100;7;Successful;Effective;No;No;No;No;No;No;0.0;-7.0;0.25;-7.12;0.39;-7.2;0.47;-7.25;0.51;-7.27;;;;;;
1289;21.3;27.3;0.5;8;100;7;Successful;Effective;No;No;No;No;No;No;0.0;-7.0;0.25;-7.12;0.39;-7.2;0.47;-7.25;0.51;-7.27;;;;;;
1290;21.3;27.3;0.5;10;100;7;Successful;Effective;No;No;No;No;No;No;0.0;-7.0;0.25;-7.12;0.39;-7.2;0.47;-7.25;0.51;-7.27;;;;;;
1291;21.3;27.3;0.5;5;80;8;Successful;Effective;No;No;No;No;No;No;0.0;-7.99;0.2;-8.13;0.32;-8.21;0.38;-8.26;0.41;-8.28;;;;;;
1292;21.3;27.3;0.5;8;80;8;Successful;Effective;No;No;No;No;No;No;0.0;-7.99;0.2;-8.13;0.32;-8.21;0.38;-8.26;0.41;-8.28;;;;;;
1293;21.3;27.3;0.5;10;80;8;Successful;Effective;No;No;No;No;No;No;0.0;-7.99;0.2;-8.13;0.32;-8.21;0.38;-8.26;0.41;-8.28;;;;;;
1294;21.3;27.3;0.5;5;100;8;Successful;Effective;No;No;No;No;No;No;0.0;-8.0;0.25;-8.13;0.39;-8.22;0.47;-8.28;0.51;-8.3;;;;;;
1295;21.3;27.3;0.5;8;100;8;Successful;Effective;No;No;No;No;No;No;0.0;-8.0;0.25;-8.13;0.39;-8.22;0.47;-8.28;0.51;-8.3;;;;;;
1296;21.3;27.3;0.5;10;100;8;Successful;Effective;No;No;No;No;No;No;0.0;-8.0;0.25;-8.13;0.39;-8.22;0.47;-8.28;0.51;-8.3;;;;;;
1297;21.4;27.4;0.5;5;80;5;Successful;Effective;No;No;No;No;No;No;0.0;-5.0;0.2;-5.08;0.32;-5.15;0.38;-5.19;0.41;-5.2;;;;;;
1298;21.4;27.4;0.5;8;80;5;Successful;Effective;No;No;No;No;No;No;0.0;-5.0;0.2;-5.08;0.32;-5.15;0.38;-5.19;0.41;-5.2;;;;;;
1299;21.4;27.4;0.5;10;80;5;Successful;Effective;No;No;No;No;No;No;0.0;-5.0;0.2;-5.08;0.32;-5.15;0.38;-5.19;0.41;-5.2;;;;;;
1300;21.4;27.4;0.5;5;100;5;Successful;Effective;No;No;No;No;No;No;0.0;-5.0;0.25;-5.09;0.39;-5.16;0.47;-5.2;0.51;-5.22;;;;;;
1301;21.4;27.4;0.5;8;100;5;Successful;Effective;No;No;No;No;No;No;0.0;-5.0;0.25;-5.09;0.39;-5.16;0.47;-5.2;0.51;-5.22;;;;;;
1302;21.4;27.4;0.5;10;100;5;Successful;Effective;No;No;No;No;No;No;0.0;-5.0;0.25;-5.09;0.39;-5.16;0.47;-5.2;0.51;-5.22;;;;;;
1303;21.4;27.4;0.5;5;80;6;Successful;Effective;No;No;No;No;No;No;0.0;-6.0;0.2;-6.1;0.32;-6.17;0.38;-6.21;0.41;-6.23;;;;;;
1304;21.4;27.4;0.5;8;80;6;Successful;Effective;No;No;No;No;No;No;0.0;-6.0;0.2;-6.1;0.32;-6.17;0.38;-6.21;0.41;-6.23;;;;;;
1305;21.4;27.4;0.5;10;80;6;Successful;Effective;No;No;No;No;No;No;0.0;-6.0;0.2;-6.1;0.32;-6.17;0.38;-6.21;0.41;-6.23;;;;;;
1306;21.4;27.4;0.5;5;100;6;Successful;Effective;No;No;No;No;No;No;0.0;-6.0;0.25;-6.1;0.39;-6.18;0.47;-6.22;0.51;-6.25;;;;;;
1307;21.4;27.4;0.5;8;100;6;Successful;Effective;No;No;No;No;No;No;0.0;-6.0;0.25;-6.1;0.39;-6.18;0.47;-6.22;0.51;-6.25;;;;;;
1308;21.4;27.4;0.5;10;100;6;Successful;Effective;No;No;No;No;No;No;0.0;-6.0;0.25;-6.1;0.39;-6.18;0.47;-6.22;0.51;-6.25;;;;;;
1309;21.4;27.4;0.5;5;80;7;Successful;Effective;No;No;No;No;No;No;0.0;-7.0;0.2;-7.11;0.32;-7.19;0.38;-7.24;0.41;-7.26;;;;;;
1310;21.4;27.4;0.5;8;80;7;Successful;Effective;No;No;No;No;No;No;0.0;-7.0;0.2;-7.11;0.32;-7.19;0.38;-7.24;0.41;-7.26;;;;;;
1311;21.4;27.4;0.5;10;80;7;Successful;Effective;No;No;No;No;No;No;0.0;-7.0;0.2;-7.11;0.32;-7.19;0.38;-7.24;0.41;-7.26;;;;;;
1312;21.4;27.4;0.5;5;100;7;Successful;Effective;No;No;No;No;No;No;0.0;-7.0;0.25;-7.12;0.39;-7.2;0.47;-7.25;0.51;-7.27;;;;;;
1313;21.4;27.4;0.5;8;100;7;Successful;Effective;No;No;No;No;No;No;0.0;-7.0;0.25;-7.12;0.39;-7.2;0.47;-7.25;0.51;-7.27;;;;;;
1314;21.4;27.4;0.5;10;100;7;Successful;Effective;No;No;No;No;No;No;0.0;-7.0;0.25;-7.12;0.39;-7.2;0.47;-7.25;0.51;-7.27;;;;;;
1315;21.4;27.4;0.5;5;80;8;Successful;Effective;No;No;No;No;No;No;0.0;-7.99;0.2;-8.13;0.32;-8.21;0.38;-8.26;0.41;-8.28;;;;;;
1316;21.4;27.4;0.5;8;80;8;Successful;Effective;No;No;No;No;No;No;0.0;-7.99;0.2;-8.13;0.32;-8.21;0.38;-8.26;0.41;-8.28;;;;;;
1317;21.4;27.4;0.5;10;80;8;Successful;Effective;No;No;No;No;No;No;0.0;-7.99;0.2;-8.13;0.32;-8.21;0.38;-8.26;0.41;-8.28;;;;;;
1318;21.4;27.4;0.5;5;100;8;Successful;Effective;No;No;No;No;No;No;0.0;-8.0;0.25;-8.13;0.39;-8.22;0.47;-8.28;0.51;-8.3;;;;;;
1319;21.4;27.4;0.5;8;100;8;Successful;Effective;No;No;No;No;No;No;0.0;-8.0;0.25;-8.13;0.39;-8.22;0.47;-8.28;0.51;-8.3;;;;;;
1320;21.4;27.4;0.5;10;100;8;Successful;Effective;No;No;No;No;No;No;0.0;-8.0;0.25;-8.13;0.39;-8.22;0.47;-8.28;0.51;-8.3;;;;;;
1321;21.5;27.5;0.5;5;80;5;Successful;Effective;No;No;No;No;No;No;0.0;-5.0;0.2;-5.08;0.32;-5.15;0.38;-5.19;0.41;-5.2;;;;;;
1322;21.5;27.5;0.5;8;80;5;Successful;Effective;No;No;No;No;No;No;0.0;-5.0;0.2;-5.08;0.32;-5.15;0.38;-5.19;0.41;-5.2;;;;;;
1323;21.5;27.5;0.5;10;80;5;Successful;Effective;No;No;No;No;No;No;0.0;-5.0;0.2;-5.08;0.32;-5.15;0.38;-5.19;0.41;-5.2;;;;;;
1324;21.5;27.5;0.5;5;100;5;Successful;Effective;No;No;No;No;No;No;0.0;-5.0;0.25;-5.09;0.39;-5.16;0.47;-5.2;0.51;-5.22;;;;;;
1325;21.5;27.5;0.5;8;100;5;Successful;Effective;No;No;No;No;No;No;0.0;-5.0;0.25;-5.09;0.39;-5.16;0.47;-5.2;0.51;-5.22;;;;;;
1326;21.5;27.5;0.5;10;100;5;Successful;Effective;No;No;No;No;No;No;0.0;-5.0;0.25;-5.09;0.39;-5.16;0.47;-5.2;0.51;-5.22;;;;;;
1327;21.5;27.5;0.5;5;80;6;Successful;Effective;No;No;No;No;No;No;0.0;-6.0;0.2;-6.1;0.32;-6.17;0.38;-6.21;0.41;-6.23;;;;;;
1328;21.5;27.5;0.5;8;80;6;Successful;Effective;No;No;No;No;No;No;0.0;-6.0;0.2;-6.1;0.32;-6.17;0.38;-6.21;0.41;-6.23;;;;;;
1329;21.5;27.5;0.5;10;80;6;Successful;Effective;No;No;No;No;No;No;0.0;-6.0;0.2;-6.1;0.32;-6.17;0.38;-6.21;0.41;-6.23;;;;;;
1330;21.5;27.5;0.5;5;100;6;Successful;Effective;No;No;No;No;No;No;0.0;-6.0;0.25;-6.1;0.39;-6.18;0.47;-6.22;0.51;-6.25;;;;;;
1331;21.5;27.5;0.5;8;100;6;Successful;Effective;No;No;No;No;No;No;0.0;-6.0;0.25;-6.1;0.39;-6.18;0.47;-6.22;0.51;-6.25;;;;;;
1332;21.5;27.5;0.5;10;100;6;Successful;Effective;No;No;No;No;No;No;0.0;-6.0;0.25;-6.1;0.39;-6.18;0.47;-6.22;0.51;-6.25;;;;;;
1333;21.5;27.5;0.5;5;80;7;Successful;Effective;No;No;No;No;No;No;0.0;-7.0;0.2;-7.11;0.32;-7.19;0.38;-7.24;0.41;-7.26;;;;;;
1334;21.5;27.5;0.5;8;80;7;Successful;Effective;No;No;No;No;No;No;0.0;-7.0;0.2;-7.11;0.32;-7.19;0.38;-7.24;0.41;-7.26;;;;;;
1335;21.5;27.5;0.5;10;80;7;Successful;Effective;No;No;No;No;No;No;0.0;-7.0;0.2;-7.11;0.32;-7.19;0.38;-7.24;0.41;-7.26;;;;;;
1336;21.5;27.5;0.5;5;100;7;Successful;Effective;No;No;No;No;No;No;0.0;-7.0;0.25;-7.12;0.39;-7.2;0.47;-7.25;0.51;-7.27;;;;;;
1337;21.5;27.5;0.5;8;100;7;Successful;Effective;No;No;No;No;No;No;0.0;-7.0;0.25;-7.12;0.39;-7.2;0.47;-7.25;0.51;-7.27;;;;;;
1338;21.5;27.5;0.5;10;100;7;Successful;Effective;No;No;No;No;No;No;0.0;-7.0;0.25;-7.12;0.39;-7.2;0.47;-7.25;0.51;-7.27;;;;;;
1339;21.5;27.5;0.5;5;80;8;Successful;Effective;No;No;No;No;No;No;0.0;-7.99;0.2;-8.13;0.32;-8.21;0.38;-8.26;0.41;-8.28;;;;;;
1340;21.5;27.5;0.5;8;80;8;Successful;Effective;No;No;No;No;No;No;0.0;-7.99;0.2;-8.13;0.32;-8.21;0.38;-8.26;0.41;-8.28;;;;;;
1341;21.5;27.5;0.5;10;80;8;Successful;Effective;No;No;No;No;No;No;0.0;-7.99;0.2;-8.13;0.32;-8.21;0.38;-8.26;0.41;-8.28;;;;;;
1342;21.5;27.5;0.5;5;100;8;Successful;Effective;No;No;No;No;No;No;0.0;-8.0;0.25;-8.13;0.39;-8.22;0.47;-8.28;0.51;-8.3;;;;;;
1343;21.5;27.5;0.5;8;100;8;Successful;Effective;No;No;No;No;No;No;0.0;-8.0;0.25;-8.13;0.39;-8.22;0.47;-8.28;0.51;-8.3;;;;;;
1344;21.5;27.5;0.5;10;100;8;Successful;Effective;No;No;No;No;No;No;0.0;-8.0;0.25;-8.13;0.39;-8.22;0.47;-8.28;0.51;-8.3;;;;;;
1345;21.6;27.6;0.5;5;80;5;Successful;Effective;No;No;No;No;No;No;0.0;-5.0;0.2;-5.08;0.32;-5.15;0.38;-5.19;0.41;-5.2;;;;;;
1346;21.6;27.6;0.5;8;80;5;Successful;Effective;No;No;No;No;No;No;0.0;-5.0;0.2;-5.08;0.32;-5.15;0.38;-5.19;0.41;-5.2;;;;;;
1347;21.6;27.6;0.5;10;80;5;Successful;Effective;No;No;No;No;No;No;0.0;-5.0;0.2;-5.08;0.32;-5.15;0.38;-5.19;0.41;-5.2;;;;;;
1348;21.6;27.6;0.5;5;100;5;Successful;Effective;No;No;No;No;No;No;0.0;-5.0;0.25;-5.09;0.39;-5.16;0.47;-5.2;0.51;-5.22;;;;;;
1349;21.6;27.6;0.5;8;100;5;Successful;Effective;No;No;No;No;No;No;0.0;-5.0;0.25;-5.09;0.39;-5.16;0.47;-5.2;0.51;-5.22;;;;;;
1350;21.6;27.6;0.5;10;100;5;Successful;Effective;No;No;No;No;No;No;0.0;-5.0;0.25;-5.09;0.39;-5.16;0.47;-5.2;0.51;-5.22;;;;;;
1351;21.6;27.6;0.5;5;80;6;Successful;Effective;No;No;No;No;No;No;0.0;-6.0;0.2;-6.1;0.32;-6.17;0.38;-6.21;0.41;-6.23;;;;;;
1352;21.6;27.6;0.5;8;80;6;Successful;Effective;No;No;No;No;No;No;0.0;-6.0;0.2;-6.1;0.32;-6.17;0.38;-6.21;0.41;-6.23;;;;;;
1353;21.6;27.6;0.5;10;80;6;Successful;Effective;No;No;No;No;No;No;0.0;-6.0;0.2;-6.1;0.32;-6.17;0.38;-6.21;0.41;-6.23;;;;;;
1354;21.6;27.6;0.5;5;100;6;Successful;Effective;No;No;No;No;No;No;0.0;-6.0;0.25;-6.1;0.39;-6.18;0.47;-6.22;0.51;-6.25;;;;;;
1355;21.6;27.6;0.5;8;100;6;Successful;Effective;No;No;No;No;No;No;0.0;-6.0;0.25;-6.1;0.39;-6.18;0.47;-6.22;0.51;-6.25;;;;;;
1356;21.6;27.6;0.5;10;100;6;Successful;Effective;No;No;No;No;No;No;0.0;-6.0;0.25;-6.1;0.39;-6.18;0.47;-6.22;0.51;-6.25;;;;;;
1357;21.6;27.6;0.5;5;80;7;Successful;Effective;No;No;No;No;No;No;0.0;-7.0;0.2;-7.11;0.32;-7.19;0.38;-7.24;0.41;-7.26;;;;;;
1358;21.6;27.6;0.5;8;80;7;Successful;Effective;No;No;No;No;No;No;0.0;-7.0;0.2;-7.11;0.32;-7.19;0.38;-7.24;0.41;-7.26;;;;;;
1359;21.6;27.6;0.5;10;80;7;Successful;Effective;No;No;No;No;No;No;0.0;-7.0;0.2;-7.11;0.32;-7.19;0.38;-7.24;0.41;-7.26;;;;;;
1360;21.6;27.6;0.5;5;100;7;Successful;Effective;No;No;No;No;No;No;0.0;-7.0;0.25;-7.12;0.39;-7.2;0.47;-7.25;0.51;-7.27;;;;;;
1361;21.6;27.6;0.5;8;100;7;Successful;Effective;No;No;No;No;No;No;0.0;-7.0;0.25;-7.12;0.39;-7.2;0.47;-7.25;0.51;-7.27;;;;;;
1362;21.6;27.6;0.5;10;100;7;Successful;Effective;No;No;No;No;No;No;0.0;-7.0;0.25;-7.12;0.39;-7.2;0.47;-7.25;0.51;-7.27;;;;;;
1363;21.6;27.6;0.5;5;80;8;Successful;Effective;No;No;No;No;No;No;0.0;-7.99;0.2;-8.13;0.32;-8.21;0.38;-8.26;0.41;-8.28;;;;;;
1364;21.6;27.6;0.5;8;80;8;Successful;Effective;No;No;No;No;No;No;0.0;-7.99;0.2;-8.13;0.32;-8.21;0.38;-8.26;0.41;-8.28;;;;;;
1365;21.6;27.6;0.5;10;80;8;Successful;Effective;No;No;No;No;No;No;0.0;-7.99;0.2;-8.13;0.32;-8.21;0.38;-8.26;0.41;-8.28;;;;;;
1366;21.6;27.6;0.5;5;100;8;Successful;Effective;No;No;No;No;No;No;0.0;-8.0;0.25;-8.13;0.39;-8.22;0.47;-8.28;0.51;-8.3;;;;;;
1367;21.6;27.6;0.5;8;100;8;Successful;Effective;No;No;No;No;No;No;0.0;-8.0;0.25;-8.13;0.39;-8.22;0.47;-8.28;0.51;-8.3;;;;;;
1368;21.6;27.6;0.5;10;100;8;Successful;Effective;No;No;No;No;No;No;0.0;-8.0;0.25;-8.13;0.39;-8.22;0.47;-8.28;0.51;-8.3;;;;;;
1369;21.7;27.7;0.5;5;80;5;Successful;Effective;No;No;No;No;No;No;0.0;-5.0;0.2;-5.08;0.32;-5.15;0.38;-5.19;0.41;-5.2;;;;;;
1370;21.7;27.7;0.5;8;80;5;Successful;Effective;No;No;No;No;No;No;0.0;-5.0;0.2;-5.08;0.32;-5.15;0.38;-5.19;0.41;-5.2;;;;;;
1371;21.7;27.7;0.5;10;80;5;Successful;Effective;No;No;No;No;No;No;0.0;-5.0;0.2;-5.08;0.32;-5.15;0.38;-5.19;0.41;-5.2;;;;;;
1372;21.7;27.7;0.5;5;100;5;Successful;Effective;No;No;No;No;No;No;0.0;-5.0;0.25;-5.09;0.39;-5.16;0.47;-5.2;0.51;-5.22;;;;;;
1373;21.7;27.7;0.5;8;100;5;Successful;Effective;No;No;No;No;No;No;0.0;-5.0;0.25;-5.09;0.39;-5.16;0.47;-5.2;0.51;-5.22;;;;;;
1374;21.7;27.7;0.5;10;100;5;Successful;Effective;No;No;No;No;No;No;0.0;-5.0;0.25;-5.09;0.39;-5.16;0.47;-5.2;0.51;-5.22;;;;;;
1375;21.7;27.7;0.5;5;80;6;Successful;Effective;No;No;No;No;No;No;0.0;-6.0;0.2;-6.1;0.32;-6.17;0.38;-6.21;0.41;-6.23;;;;;;
1376;21.7;27.7;0.5;8;80;6;Successful;Effective;No;No;No;No;No;No;0.0;-6.0;0.2;-6.1;0.32;-6.17;0.38;-6.21;0.41;-6.23;;;;;;
1377;21.7;27.7;0.5;10;80;6;Successful;Effective;No;No;No;No;No;No;0.0;-6.0;0.2;-6.1;0.32;-6.17;0.38;-6.21;0.41;-6.23;;;;;;
1378;21.7;27.7;0.5;5;100;6;Successful;Effective;No;No;No;No;No;No;0.0;-6.0;0.25;-6.1;0.39;-6.18;0.47;-6.22;0.51;-6.25;;;;;;
1379;21.7;27.7;0.5;8;100;6;Successful;Effective;No;No;No;No;No;No;0.0;-6.0;0.25;-6.1;0.39;-6.18;0.47;-6.22;0.51;-6.25;;;;;;
1380;21.7;27.7;0.5;10;100;6;Successful;Effective;No;No;No;No;No;No;0.0;-6.0;0.25;-6.1;0.39;-6.18;0.47;-6.22;0.51;-6.25;;;;;;
1381;21.7;27.7;0.5;5;80;7;Successful;Effective;No;No;No;No;No;No;0.0;-7.0;0.2;-7.11;0.32;-7.19;0.38;-7.24;0.41;-7.26;;;;;;
1382;21.7;27.7;0.5;8;80;7;Successful;Effective;No;No;No;No;No;No;0.0;-7.0;0.2;-7.11;0.32;-7.19;0.38;-7.24;0.41;-7.26;;;;;;
1383;21.7;27.7;0.5;10;80;7;Successful;Effective;No;No;No;No;No;No;0.0;-7.0;0.2;-7.11;0.32;-7.19;0.38;-7.24;0.41;-7.26;;;;;;
1384;21.7;27.7;0.5;5;100;7;Successful;Effective;No;No;No;No;No;No;0.0;-7.0;0.25;-7.12;0.39;-7.2;0.47;-7.25;0.51;-7.27;;;;;;
1385;21.7;27.7;0.5;8;100;7;Successful;Effective;No;No;No;No;No;No;0.0;-7.0;0.25;-7.12;0.39;-7.2;0.47;-7.25;0.51;-7.27;;;;;;
1386;21.7;27.7;0.5;10;100;7;Successful;Effective;No;No;No;No;No;No;0.0;-7.0;0.25;-7.12;0.39;-7.2;0.47;-7.25;0.51;-7.27;;;;;;
1387;21.7;27.7;0.5;5;80;8;Successful;Effective;No;No;No;No;No;No;0.0;-7.99;0.2;-8.13;0.32;-8.21;0.38;-8.26;0.41;-8.28;;;;;;
1388;21.7;27.7;0.5;8;80;8;Successful;Effective;No;No;No;No;No;No;0.0;-7.99;0.2;-8.13;0.32;-8.21;0.38;-8.26;0.41;-8.28;;;;;;
1389;21.7;27.7;0.5;10;80;8;Successful;Effective;No;No;No;No;No;No;0.0;-7.99;0.2;-8.13;0.32;-8.21;0.38;-8.26;0.41;-8.28;;;;;;
1390;21.7;27.7;0.5;5;100;8;Successful;Effective;No;No;No;No;No;No;0.0;-8.0;0.25;-8.13;0.39;-8.22;0.47;-8.28;0.51;-8.3;;;;;;
1391;21.7;27.7;0.5;8;100;8;Successful;Effective;No;No;No;No;No;No;0.0;-8.0;0.25;-8.13;0.39;-8.22;0.47;-8.28;0.51;-8.3;;;;;;
1392;21.7;27.7;0.5;10;100;8;Successful;Effective;No;No;No;No;No;No;0.0;-8.0;0.25;-8.13;0.39;-8.22;0.47;-8.28;0.51;-8.3;;;;;;
1393;21.8;27.8;0.5;5;80;5;Successful;Effective;No;No;No;No;No;No;0.0;-5.0;0.2;-5.08;0.32;-5.15;0.38;-5.19;0.41;-5.2;;;;;;
1394;21.8;27.8;0.5;8;80;5;Successful;Effective;No;No;No;No;No;No;0.0;-5.0;0.2;-5.08;0.32;-5.15;0.38;-5.19;0.41;-5.2;;;;;;
1395;21.8;27.8;0.5;10;80;5;Successful;Effective;No;No;No;No;No;No;0.0;-5.0;0.2;-5.08;0.32;-5.15;0.38;-5.19;0.41;-5.2;;;;;;
1396;21.8;27.8;0.5;5;100;5;Successful;Effective;No;No;No;No;No;No;0.0;-5.0;0.25;-5.09;0.39;-5.16;0.47;-5.2;0.51;-5.22;;;;;;
1397;21.8;27.8;0.5;8;100;5;Successful;Effective;No;No;No;No;No;No;0.0;-5.0;0.25;-5.09;0.39;-5.16;0.47;-5.2;0.51;-5.22;;;;;;
1398;21.8;27.8;0.5;10;100;5;Successful;Effective;No;No;No;No;No;No;0.0;-5.0;0.25;-5.09;0.39;-5.16;0.47;-5.2;0.51;-5.22;;;;;;
1399;21.8;27.8;0.5;5;80;6;Successful;Effective;No;No;No;No;No;No;0.0;-6.0;0.2;-6.1;0.32;-6.17;0.38;-6.21;0.41;-6.23;;;;;;
1400;21.8;27.8;0.5;8;80;6;Successful;Effective;No;No;No;No;No;No;0.0;-6.0;0.2;-6.1;0.32;-6.17;0.38;-6.21;0.41;-6.23;;;;;;
1401;21.8;27.8;0.5;10;80;6;Successful;Effective;No;No;No;No;No;No;0.0;-6.0;0.2;-6.1;0.32;-6.17;0.38;-6.21;0.41;-6.23;;;;;;
1402;21.8;27.8;0.5;5;100;6;Successful;Effective;No;No;No;No;No;No;0.0;-6.0;0.25;-6.1;0.39;-6.18;0.47;-6.22;0.51;-6.25;;;;;;
1403;21.8;27.8;0.5;8;100;6;Successful;Effective;No;No;No;No;No;No;0.0;-6.0;0.25;-6.1;0.39;-6.18;0.47;-6.22;0.51;-6.25;;;;;;
1404;21.8;27.8;0.5;10;100;6;Successful;Effective;No;No;No;No;No;No;0.0;-6.0;0.25;-6.1;0.39;-6.18;0.47;-6.22;0.51;-6.25;;;;;;
1405;21.8;27.8;0.5;5;80;7;Successful;Effective;No;No;No;No;No;No;0.0;-7.0;0.2;-7.11;0.32;-7.19;0.38;-7.24;0.41;-7.26;;;;;;
1406;21.8;27.8;0.5;8;80;7;Successful;Effective;No;No;No;No;No;No;0.0;-7.0;0.2;-7.11;0.32;-7.19;0.38;-7.24;0.41;-7.26;;;;;;
1407;21.8;27.8;0.5;10;80;7;Successful;Effective;No;No;No;No;No;No;0.0;-7.0;0.2;-7.11;0.32;-7.19;0.38;-7.24;0.41;-7.26;;;;;;
1408;21.8;27.8;0.5;5;100;7;Successful;Effective;No;No;No;No;No;No;0.0;-7.0;0.25;-7.12;0.39;-7.2;0.47;-7.25;0.51;-7.27;;;;;;
1409;21.8;27.8;0.5;8;100;7;Successful;Effective;No;No;No;No;No;No;0.0;-7.0;0.25;-7.12;0.39;-7.2;0.47;-7.25;0.51;-7.27;;;;;;
1410;21.8;27.8;0.5;10;100;7;Successful;Effective;No;No;No;No;No;No;0.0;-7.0;0.25;-7.12;0.39;-7.2;0.47;-7.25;0.51;-7.27;;;;;;
1411;21.8;27.8;0.5;5;80;8;Successful;Effective;No;No;No;No;No;No;0.0;-7.99;0.2;-8.13;0.32;-8.21;0.38;-8.26;0.41;-8.28;;;;;;
1412;21.8;27.8;0.5;8;80;8;Successful;Effective;No;No;No;No;No;No;0.0;-7.99;0.2;-8.13;0.32;-8.21;0.38;-8.26;0.41;-8.28;;;;;;
1413;21.8;27.8;0.5;10;80;8;Successful;Effective;No;No;No;No;No;No;0.0;-7.99;0.2;-8.13;0.32;-8.21;0.38;-8.26;0.41;-8.28;;;;;;
1414;21.8;27.8;0.5;5;100;8;Successful;Effective;No;No;No;No;No;No;0.0;-8.0;0.25;-8.13;0.39;-8.22;0.47;-8.28;0.51;-8.3;;;;;;
1415;21.8;27.8;0.5;8;100;8;Successful;Effective;No;No;No;No;No;No;0.0;-8.0;0.25;-8.13;0.39;-8.22;0.47;-8.28;0.51;-8.3;;;;;;
1416;21.8;27.8;0.5;10;100;8;Successful;Effective;No;No;No;No;No;No;0.0;-8.0;0.25;-8.13;0.39;-8.22;0.47;-8.28;0.51;-8.3;;;;;;
1417;21.9;27.9;0.5;5;80;5;Successful;Effective;No;No;No;No;No;No;0.0;-5.0;0.2;-5.08;0.32;-5.15;0.38;-5.19;0.41;-5.2;;;;;;
1418;21.9;27.9;0.5;8;80;5;Successful;Effective;No;No;No;No;No;No;0.0;-5.0;0.2;-5.08;0.32;-5.15;0.38;-5.19;0.41;-5.2;;;;;;
1419;21.9;27.9;0.5;10;80;5;Successful;Effective;No;No;No;No;No;No;0.0;-5.0;0.2;-5.08;0.32;-5.15;0.38;-5.19;0.41;-5.2;;;;;;
1420;21.9;27.9;0.5;5;100;5;Successful;Effective;No;No;No;No;No;No;0.0;-5.0;0.25;-5.09;0.39;-5.16;0.47;-5.2;0.51;-5.22;;;;;;
1421;21.9;27.9;0.5;8;100;5;Successful;Effective;No;No;No;No;No;No;0.0;-5.0;0.25;-5.09;0.39;-5.16;0.47;-5.2;0.51;-5.22;;;;;;
1422;21.9;27.9;0.5;10;100;5;Successful;Effective;No;No;No;No;No;No;0.0;-5.0;0.25;-5.09;0.39;-5.16;0.47;-5.2;0.51;-5.22;;;;;;
1423;21.9;27.9;0.5;5;80;6;Successful;Effective;No;No;No;No;No;No;0.0;-6.0;0.2;-6.1;0.32;-6.17;0.38;-6.21;0.41;-6.23;;;;;;
1424;21.9;27.9;0.5;8;80;6;Successful;Effective;No;No;No;No;No;No;0.0;-6.0;0.2;-6.1;0.32;-6.17;0.38;-6.21;0.41;-6.23;;;;;;
1425;21.9;27.9;0.5;10;80;6;Successful;Effective;No;No;No;No;No;No;0.0;-6.0;0.2;-6.1;0.32;-6.17;0.38;-6.21;0.41;-6.23;;;;;;
1426;21.9;27.9;0.5;5;100;6;Successful;Effective;No;No;No;No;No;No;0.0;-6.0;0.25;-6.1;0.39;-6.18;0.47;-6.22;0.51;-6.25;;;;;;
1427;21.9;27.9;0.5;8;100;6;Successful;Effective;No;No;No;No;No;No;0.0;-6.0;0.25;-6.1;0.39;-6.18;0.47;-6.22;0.51;-6.25;;;;;;
1428;21.9;27.9;0.5;10;100;6;Successful;Effective;No;No;No;No;No;No;0.0;-6.0;0.25;-6.1;0.39;-6.18;0.47;-6.22;0.51;-6.25;;;;;;
1429;21.9;27.9;0.5;5;80;7;Successful;Effective;No;No;No;No;No;No;0.0;-7.0;0.2;-7.11;0.32;-7.19;0.38;-7.24;0.41;-7.26;;;;;;
1430;21.9;27.9;0.5;8;80;7;Successful;Effective;No;No;No;No;No;No;0.0;-7.0;0.2;-7.11;0.32;-7.19;0.38;-7.24;0.41;-7.26;;;;;;
1431;21.9;27.9;0.5;10;80;7;Successful;Effective;No;No;No;No;No;No;0.0;-7.0;0.2;-7.11;0.32;-7.19;0.38;-7.24;0.41;-7.26;;;;;;
1432;21.9;27.9;0.5;5;100;7;Successful;Effective;No;No;No;No;No;No;0.0;-7.0;0.25;-7.12;0.39;-7.2;0.47;-7.25;0.51;-7.27;;;;;;
1433;21.9;27.9;0.5;8;100;7;Successful;Effective;No;No;No;No;No;No;0.0;-7.0;0.25;-7.12;0.39;-7.2;0.47;-7.25;0.51;-7.27;;;;;;
1434;21.9;27.9;0.5;10;100;7;Successful;Effective;No;No;No;No;No;No;0.0;-7.0;0.25;-7.12;0.39;-7.2;0.47;-7.25;0.51;-7.27;;;;;;
1435;21.9;27.9;0.5;5;80;8;Successful;Effective;No;No;No;No;No;No;0.0;-7.99;0.2;-8.13;0.32;-8.21;0.38;-8.26;0.41;-8.28;;;;;;
1436;21.9;27.9;0.5;8;80;8;Successful;Effective;No;No;No;No;No;No;0.0;-7.99;0.2;-8.13;0.32;-8.21;0.38;-8.26;0.41;-8.28;;;;;;
1437;21.9;27.9;0.5;10;80;8;Successful;Effective;No;No;No;No;No;No;0.0;-7.99;0.2;-8.13;0.32;-8.21;0.38;-8.26;0.41;-8.28;;;;;;
1438;21.9;27.9;0.5;5;100;8;Successful;Effective;No;No;No;No;No;No;0.0;-8.0;0.25;-8.13;0.39;-8.22;0.47;-8.28;0.51;-8.3;;;;;;
1439;21.9;27.9;0.5;8;100;8;Successful;Effective;No;No;No;No;No;No;0.0;-8.0;0.25;-8.13;0.39;-8.22;0.47;-8.28;0.51;-8.3;;;;;;
1440;21.9;27.9;0.5;10;100;8;Successful;Effective;No;No;No;No;No;No;0.0;-8.0;0.25;-8.13;0.39;-8.22;0.47;-8.28;0.51;-8.3;;;;;;
